{"type":"FeatureCollection","features":[{"type":"Feature","properties":{"c":"forest","n":"Taprobane"},"geometry":{"type":"Polygon","coordinates":[[[80.42543,5.96805],[80.42551,5.96818],[80.42563,5.96826],[80.42582,5.96815],[80.42606,5.96812],[80.42616,5.96791],[80.42613,5.96772],[80.42594,5.96755],[80.42569,5.96754],[80.42553,5.96773],[80.42543,5.96805]]]}},{"type":"Feature","properties":{"c":"quarry"},"geometry":{"type":"Polygon","coordinates":[[[80.43377,5.99383],[80.4338,5.99399],[80.43391,5.99414],[80.43405,5.99422],[80.43425,5.99424],[80.4346,5.99413],[80.43499,5.99393],[80.43501,5.99376],[80.43464,5.99363],[80.43411,5.99356],[80.4339,5.99359],[80.4338,5.99369],[80.43377,5.99383]]]}},{"type":"Feature","properties":{"c":"grass","n":"Sanath Jayasooriya Ground"},"geometry":{"type":"Polygon","coordinates":[[[80.54806,5.94351],[80.54809,5.94416],[80.54857,5.94441],[80.54885,5.94435],[80.54896,5.94424],[80.54903,5.94414],[80.54903,5.94401],[80.54887,5.94351],[80.54877,5.94339],[80.54806,5.94351]]]}},{"type":"Feature","properties":{"c":"park","n":"Beach Park"},"geometry":{"type":"Polygon","coordinates":[[[80.54678,5.94306],[80.54686,5.94319],[80.54757,5.9432],[80.54923,5.9428],[80.54929,5.94311],[80.54974,5.94303],[80.55062,5.94297],[80.55065,5.94293],[80.55149,5.94287],[80.55152,5.9429],[80.55181,5.94286],[80.55184,5.94282],[80.55329,5.94273],[80.55333,5.94267],[80.55375,5.94262],[80.55379,5.94266],[80.55399,5.94264],[80.55401,5.94259],[80.55426,5.94255],[80.55432,5.94259],[80.55516,5.94242],[80.55521,5.94246],[80.55677,5.9422],[80.55684,5.94223],[80.558,5.94209],[80.55801,5.94199],[80.55831,5.94192],[80.55826,5.94163],[80.56007,5.94122],[80.56026,5.94112],[80.56031,5.94094],[80.55907,5.94126],[80.55807,5.94144],[80.55431,5.94197],[80.55205,5.94238],[80.55035,5.94256],[80.54977,5.94251],[80.54926,5.94234],[80.5491,5.94233],[80.54885,5.94268],[80.54843,5.9429],[80.54752,5.94306],[80.54678,5.94306]]]}},{"type":"Feature","properties":{"c":"recreation_ground","n":"Hakmana"},"geometry":{"type":"Polygon","coordinates":[[[80.64344,6.08175],[80.64412,6.08259],[80.64433,6.08243],[80.6445,6.08212],[80.64451,6.08192],[80.6444,6.08156],[80.64417,6.08131],[80.64344,6.08175]]]}},{"type":"Feature","properties":{"c":"residential"},"geometry":{"type":"Polygon","coordinates":[[[80.46796,5.94511],[80.46803,5.94543],[80.4684,5.94567],[80.46865,5.94567],[80.46891,5.94607],[80.46917,5.94637],[80.46954,5.94597],[80.46944,5.94587],[80.4696,5.94506],[80.46976,5.94494],[80.46962,5.94377],[80.46805,5.94381],[80.46809,5.94498],[80.46796,5.94511]]]}},{"type":"Feature","properties":{"c":"farmland"},"geometry":{"type":"Polygon","coordinates":[[[80.48949,6.02109],[80.48979,6.0214],[80.48995,6.0215],[80.49021,6.02156],[80.49119,6.02111],[80.4918,6.02108],[80.49236,6.02101],[80.49248,6.02095],[80.4926,6.02038],[80.49159,6.02028],[80.49092,6.02009],[80.49053,6.02005],[80.49033,6.01989],[80.49016,6.01989],[80.48986,6.02052],[80.4895,6.021],[80.48949,6.02109]]]}},{"type":"Feature","properties":{"c":"farmland"},"geometry":{"type":"Polygon","coordinates":[[[80.468,6.01073],[80.4683,6.01098],[80.46836,6.01089],[80.46885,6.01115],[80.46884,6.01128],[80.47046,6.01188],[80.47053,6.01116],[80.47038,6.01122],[80.47016,6.01107],[80.46925,6.01084],[80.46805,6.01066],[80.468,6.01073]]]}},{"type":"Feature","properties":{"c":"farmland"},"geometry":{"type":"Polygon","coordinates":[[[80.4705,6.01192],[80.4714,6.0124],[80.47145,6.0123],[80.47169,6.01231],[80.47192,6.01224],[80.47241,6.01232],[80.4727,6.01247],[80.47275,6.01256],[80.47273,6.01265],[80.47282,6.01256],[80.47302,6.01196],[80.47244,6.01196],[80.47225,6.01189],[80.47133,6.01196],[80.4708,6.01157],[80.47068,6.01119],[80.4706,6.01134],[80.4705,6.01192]]]}},{"type":"Feature","properties":{"c":"farmland"},"geometry":{"type":"Polygon","coordinates":[[[80.47282,6.01274],[80.47306,6.01273],[80.47323,6.01266],[80.47323,6.01239],[80.47358,6.01239],[80.47358,6.01258],[80.47416,6.0131],[80.4742,6.01338],[80.47439,6.0136],[80.47491,6.01327],[80.47497,6.0131],[80.47466,6.01247],[80.47466,6.01234],[80.47485,6.01235],[80.47534,6.01219],[80.47554,6.01236],[80.47591,6.01253],[80.47594,6.01237],[80.47578,6.01229],[80.47579,6.01212],[80.4761,6.012],[80.47642,6.01207],[80.47631,6.01165],[80.47423,6.01216],[80.47393,6.01211],[80.47323,6.01174],[80.47282,6.01274]]]}},{"type":"Feature","properties":{"c":"farmland"},"geometry":{"type":"Polygon","coordinates":[[[80.4925,6.02128],[80.49305,6.0213],[80.49325,6.02123],[80.49344,6.02145],[80.49394,6.02186],[80.49396,6.02204],[80.49378,6.02227],[80.49409,6.02244],[80.49429,6.0222],[80.49448,6.02223],[80.49463,6.02241],[80.49467,6.02255],[80.4948,6.02258],[80.49495,6.02255],[80.4952,6.02278],[80.49537,6.02281],[80.49543,6.02293],[80.4954,6.02307],[80.49556,6.02326],[80.4959,6.02307],[80.49613,6.0233],[80.49645,6.02345],[80.49718,6.0232],[80.49718,6.02307],[80.49691,6.02264],[80.49683,6.02242],[80.49633,6.02203],[80.49608,6.02174],[80.49599,6.02131],[80.49561,6.02098],[80.49557,6.02058],[80.4955,6.02048],[80.4952,6.02048],[80.49478,6.02038],[80.49449,6.02046],[80.49424,6.02043],[80.49331,6.02017],[80.49299,6.02019],[80.49269,6.0204],[80.4925,6.02128]]]}},{"type":"Feature","properties":{"c":"commercial","n":"Rehcome Service Station"},"geometry":{"type":"Polygon","coordinates":[[[80.51966,5.94276],[80.51977,5.94304],[80.51994,5.94297],[80.51984,5.94273],[80.51966,5.94276]]]}},{"type":"Feature","properties":{"c":"grass"},"geometry":{"type":"Polygon","coordinates":[[[80.53881,5.94392],[80.53885,5.94418],[80.53897,5.94425],[80.53909,5.94444],[80.53899,5.94451],[80.53906,5.94469],[80.53937,5.94494],[80.53951,5.94496],[80.53959,5.94502],[80.53964,5.94498],[80.53963,5.94472],[80.53951,5.94435],[80.53949,5.9441],[80.53944,5.94402],[80.53932,5.9441],[80.53902,5.94388],[80.53881,5.94392]]]}},{"type":"Feature","properties":{"c":"scrub"},"geometry":{"type":"Polygon","coordinates":[[[80.71924,5.96103],[80.71947,5.96127],[80.71979,5.96142],[80.72006,5.96135],[80.72019,5.96114],[80.72057,5.96103],[80.72066,5.96091],[80.7209,5.96104],[80.72106,5.96102],[80.72121,5.96094],[80.72128,5.96081],[80.72126,5.96064],[80.72101,5.96023],[80.72044,5.96016],[80.72036,5.96033],[80.72026,5.96032],[80.71996,5.96042],[80.71983,5.96049],[80.71961,5.96072],[80.71941,5.96078],[80.71925,5.96094],[80.71924,5.96103]]]}},{"type":"Feature","properties":{"c":"farmland"},"geometry":{"type":"Polygon","coordinates":[[[80.68586,5.96995],[80.68638,5.97051],[80.68648,5.97055],[80.68711,5.97011],[80.68714,5.97005],[80.68708,5.96993],[80.6882,5.96922],[80.68818,5.96911],[80.68872,5.96906],[80.68938,5.9691],[80.68949,5.96884],[80.68945,5.96862],[80.68936,5.96845],[80.68882,5.96829],[80.68847,5.96831],[80.68808,5.96846],[80.68771,5.96835],[80.68759,5.96836],[80.68694,5.96886],[80.68676,5.96914],[80.68672,5.96928],[80.68689,5.96946],[80.68674,5.96957],[80.68665,5.96951],[80.68586,5.96995]]]}},{"type":"Feature","properties":{"c":"farmland"},"geometry":{"type":"Polygon","coordinates":[[[80.68253,5.97263],[80.68278,5.97442],[80.68297,5.97445],[80.6833,5.97465],[80.6833,5.9748],[80.68324,5.97482],[80.68341,5.97497],[80.68352,5.97485],[80.68405,5.97462],[80.68418,5.97469],[80.68604,5.97328],[80.68568,5.97299],[80.68559,5.97279],[80.6856,5.97268],[80.686,5.97182],[80.68597,5.97173],[80.68606,5.97148],[80.68615,5.97076],[80.68645,5.97058],[80.68582,5.96999],[80.68542,5.97005],[80.68522,5.97019],[80.6851,5.97019],[80.68504,5.97013],[80.68491,5.97017],[80.68484,5.97022],[80.68476,5.9704],[80.68464,5.97043],[80.68453,5.97043],[80.68447,5.97033],[80.68442,5.97034],[80.68418,5.97013],[80.68413,5.97013],[80.68405,5.97026],[80.68381,5.97026],[80.6838,5.97043],[80.68366,5.97043],[80.68366,5.97033],[80.6836,5.97029],[80.68328,5.97036],[80.68324,5.97048],[80.68293,5.97064],[80.68291,5.97081],[80.68299,5.97097],[80.68325,5.97109],[80.68345,5.97105],[80.6837,5.97108],[80.68377,5.97103],[80.68413,5.97107],[80.68435,5.97124],[80.68449,5.97155],[80.68451,5.9716],[80.6844,5.97177],[80.68446,5.97184],[80.68444,5.9719],[80.68436,5.97193],[80.68432,5.97204],[80.68406,5.97224],[80.68395,5.97221],[80.68386,5.97229],[80.68352,5.9723],[80.68319,5.97221],[80.68293,5.97235],[80.68291,5.97244],[80.68253,5.97263]]]}},{"type":"Feature","properties":{"c":"farmland"},"geometry":{"type":"Polygon","coordinates":[[[80.68294,5.9768],[80.68304,5.97731],[80.6831,5.97737],[80.6831,5.97765],[80.68323,5.97771],[80.68336,5.97768],[80.68349,5.97775],[80.68357,5.97784],[80.68353,5.97805],[80.68397,5.97786],[80.68414,5.97772],[80.68444,5.97728],[80.68472,5.9767],[80.68547,5.97627],[80.68582,5.97616],[80.68635,5.97626],[80.68666,5.97658],[80.68765,5.97627],[80.68778,5.97616],[80.68778,5.97602],[80.68785,5.97593],[80.68819,5.97573],[80.68817,5.97561],[80.68831,5.97554],[80.68843,5.97539],[80.68842,5.97508],[80.68838,5.97499],[80.68813,5.97482],[80.68774,5.97476],[80.68748,5.9745],[80.6875,5.97447],[80.68736,5.97425],[80.68715,5.97403],[80.68676,5.97305],[80.68595,5.9734],[80.68417,5.97477],[80.68423,5.97489],[80.68409,5.97506],[80.68413,5.9751],[80.68413,5.97522],[80.68398,5.97527],[80.68367,5.97572],[80.68346,5.97586],[80.683,5.97657],[80.68294,5.9768]]]}},{"type":"Feature","properties":{"c":"farmland"},"geometry":{"type":"Polygon","coordinates":[[[80.68174,5.98176],[80.68255,5.98196],[80.68289,5.98122],[80.68286,5.98118],[80.68306,5.9808],[80.68318,5.98068],[80.68335,5.9806],[80.68345,5.98065],[80.68352,5.9806],[80.68384,5.98074],[80.68453,5.98078],[80.68554,5.98065],[80.68616,5.98076],[80.68635,5.9807],[80.68648,5.98046],[80.68648,5.98011],[80.68658,5.97996],[80.6866,5.97984],[80.68645,5.97935],[80.68636,5.97928],[80.68642,5.97908],[80.68655,5.97898],[80.68661,5.979],[80.6867,5.97907],[80.68677,5.97934],[80.68682,5.97939],[80.68711,5.97934],[80.68715,5.97926],[80.68724,5.97926],[80.68792,5.97887],[80.68808,5.97881],[80.68837,5.97851],[80.68834,5.97847],[80.68841,5.97818],[80.68829,5.97781],[80.68801,5.97741],[80.68778,5.97729],[80.68762,5.97694],[80.68764,5.9766],[80.68774,5.97625],[80.68671,5.9766],[80.68685,5.97688],[80.68693,5.9777],[80.68685,5.97778],[80.68669,5.97782],[80.68667,5.97787],[80.68597,5.97807],[80.68575,5.97821],[80.68563,5.9784],[80.68529,5.97865],[80.68529,5.97885],[80.68505,5.97915],[80.6851,5.97919],[80.68506,5.97923],[80.68528,5.97946],[80.68527,5.97977],[80.68486,5.98005],[80.68462,5.97994],[80.68401,5.98003],[80.6837,5.97994],[80.6836,5.97976],[80.68347,5.97979],[80.68332,5.97966],[80.68295,5.97966],[80.68277,5.97983],[80.68278,5.9799],[80.68233,5.98049],[80.6822,5.98059],[80.68211,5.98097],[80.68174,5.98176]]]}},{"type":"Feature","properties":{"c":"quarry"},"geometry":{"type":"Polygon","coordinates":[[[80.67404,5.97785],[80.67413,5.97832],[80.67432,5.97833],[80.67463,5.97863],[80.67487,5.97878],[80.67506,5.97879],[80.67528,5.97871],[80.67571,5.9784],[80.67583,5.97815],[80.67586,5.97793],[80.67578,5.9777],[80.67551,5.9774],[80.67531,5.97736],[80.6751,5.97739],[80.67446,5.97727],[80.67433,5.97739],[80.67409,5.97744],[80.67413,5.97757],[80.67404,5.97785]]]}},{"type":"Feature","properties":{"c":"farmland","n":"Paddy Field"},"geometry":{"type":"Polygon","coordinates":[[[80.57205,6.18655],[80.57208,6.1869],[80.57244,6.18703],[80.5726,6.18732],[80.57302,6.18709],[80.57355,6.18669],[80.57397,6.18657],[80.57421,6.18667],[80.57395,6.18715],[80.57278,6.18796],[80.57266,6.18826],[80.57421,6.18806],[80.57456,6.18785],[80.57448,6.18761],[80.57451,6.18726],[80.5749,6.18709],[80.5751,6.18688],[80.57514,6.18591],[80.57578,6.1854],[80.57539,6.18533],[80.57463,6.1856],[80.57363,6.18617],[80.57317,6.18592],[80.57316,6.1865],[80.57253,6.18695],[80.57249,6.18634],[80.57205,6.18655]]]}},{"type":"Feature","properties":{"c":"forest"},"geometry":{"type":"Polygon","coordinates":[[[80.57758,6.04287],[80.57788,6.04353],[80.57894,6.0449],[80.58061,6.04733],[80.58364,6.05234],[80.58528,6.05477],[80.58904,6.05404],[80.59083,6.05546],[80.59251,6.05658],[80.59555,6.05633],[80.59568,6.05753],[80.59656,6.05952],[80.59729,6.06141],[80.60054,6.06098],[80.60134,6.06275],[80.60619,6.06105],[80.60747,6.05858],[80.6069,6.05634],[80.60791,6.05361],[80.60747,6.05147],[80.60492,6.05078],[80.60382,6.04922],[80.60378,6.04722],[80.60105,6.04461],[80.599,6.0429],[80.59561,6.04109],[80.59411,6.04058],[80.59411,6.03782],[80.59346,6.03637],[80.59324,6.03368],[80.59229,6.03249],[80.58757,6.03251],[80.58727,6.03271],[80.58701,6.03297],[80.58711,6.03318],[80.58695,6.03335],[80.58601,6.03319],[80.58592,6.03378],[80.58565,6.03389],[80.58583,6.03509],[80.5857,6.03518],[80.58565,6.03537],[80.58511,6.03646],[80.5849,6.03657],[80.58482,6.03667],[80.58346,6.03685],[80.58258,6.03675],[80.58234,6.03529],[80.58085,6.03578],[80.5794,6.03494],[80.57947,6.03623],[80.57906,6.03636],[80.57791,6.04029],[80.57758,6.04287]]]}},{"type":"Feature","properties":{"c":"farmland","n":"Rice"},"geometry":{"type":"Polygon","coordinates":[[[80.54887,5.97198],[80.54954,5.9759],[80.54981,5.97649],[80.54946,5.97664],[80.5496,5.97792],[80.54967,5.97959],[80.54986,5.98002],[80.55032,5.98041],[80.55123,5.98089],[80.5524,5.9816],[80.55399,5.98371],[80.55648,5.98232],[80.55658,5.98173],[80.55547,5.98055],[80.5554,5.97979],[80.5565,5.97862],[80.55648,5.97761],[80.55767,5.97588],[80.55775,5.97533],[80.55701,5.97423],[80.55505,5.97377],[80.55379,5.97292],[80.55253,5.97339],[80.5506,5.97385],[80.54969,5.97341],[80.54967,5.97203],[80.54887,5.97198]]]}},{"type":"Feature","properties":{"c":"forest"},"geometry":{"type":"Polygon","coordinates":[[[80.46076,6.03562],[80.46174,6.03871],[80.46388,6.03907],[80.46661,6.03891],[80.46817,6.03938],[80.47196,6.04167],[80.4734,6.04129],[80.47317,6.03994],[80.47196,6.03816],[80.46975,6.0374],[80.46663,6.03675],[80.46452,6.0361],[80.4639,6.03441],[80.46152,6.03421],[80.46076,6.03562]]]}},{"type":"Feature","properties":{"c":"farmland"},"geometry":{"type":"Polygon","coordinates":[[[80.46072,6.02624],[80.46154,6.02704],[80.46216,6.02845],[80.46446,6.02934],[80.46678,6.02942],[80.46884,6.03029],[80.47055,6.02951],[80.47311,6.02805],[80.47634,6.02805],[80.47816,6.02945],[80.48041,6.02923],[80.48137,6.02824],[80.48362,6.02782],[80.48544,6.0266],[80.48712,6.02433],[80.48761,6.02279],[80.48608,6.02239],[80.48479,6.02315],[80.4828,6.02259],[80.48234,6.02192],[80.48139,6.02116],[80.47922,6.02083],[80.47776,6.01907],[80.47736,6.01786],[80.47619,6.01713],[80.47431,6.0168],[80.47322,6.01717],[80.47214,6.01909],[80.47139,6.02092],[80.46997,6.02018],[80.46798,6.02054],[80.46574,6.02105],[80.46422,6.02241],[80.46212,6.02308],[80.46198,6.02426],[80.4611,6.0255],[80.46072,6.02624]]]}},{"type":"Feature","properties":{"c":"farmland"},"geometry":{"type":"Polygon","coordinates":[[[80.41697,6.0207],[80.41707,6.02152],[80.41716,6.0218],[80.41752,6.02176],[80.41796,6.02136],[80.4187,6.02111],[80.41926,6.02115],[80.41985,6.02107],[80.42016,6.02133],[80.42023,6.02198],[80.41998,6.02312],[80.41939,6.02364],[80.41837,6.02419],[80.41765,6.0245],[80.41779,6.02478],[80.4186,6.02507],[80.42021,6.02385],[80.42104,6.0224],[80.42152,6.02145],[80.42185,6.02122],[80.42321,6.02063],[80.42386,6.02014],[80.42392,6.01957],[80.42387,6.01897],[80.42366,6.0185],[80.42341,6.01832],[80.42305,6.01857],[80.42189,6.019],[80.42069,6.01869],[80.41997,6.01896],[80.41952,6.01847],[80.41894,6.01868],[80.41867,6.01931],[80.41834,6.02029],[80.4177,6.02073],[80.41697,6.0207]]]}},{"type":"Feature","properties":{"c":"farmland"},"geometry":{"type":"Polygon","coordinates":[[[80.41967,6.02478],[80.42005,6.02476],[80.42088,6.02457],[80.42153,6.02403],[80.42215,6.02384],[80.4227,6.02386],[80.42342,6.02376],[80.42396,6.02375],[80.42436,6.02404],[80.42611,6.02374],[80.42644,6.02333],[80.42612,6.02303],[80.42635,6.02265],[80.42689,6.02249],[80.42735,6.0227],[80.42747,6.02336],[80.42785,6.02335],[80.43005,6.023],[80.4286,6.02249],[80.42833,6.02223],[80.4285,6.02172],[80.42841,6.02103],[80.42779,6.02121],[80.42742,6.02104],[80.4277,6.02059],[80.42775,6.02028],[80.42756,6.02004],[80.42686,6.02045],[80.42644,6.021],[80.42588,6.02128],[80.42532,6.02095],[80.42537,6.02036],[80.42572,6.01987],[80.4256,6.01951],[80.42506,6.01977],[80.42438,6.01989],[80.42426,6.0204],[80.42371,6.02081],[80.42193,6.02157],[80.42152,6.02219],[80.42109,6.02322],[80.42064,6.02398],[80.41967,6.02478]]]}},{"type":"Feature","properties":{"c":"farmland"},"geometry":{"type":"Polygon","coordinates":[[[80.42422,6.01714],[80.42458,6.01827],[80.42526,6.01815],[80.42594,6.01793],[80.42655,6.01779],[80.42683,6.01762],[80.42664,6.01767],[80.42634,6.0174],[80.42606,6.01727],[80.42585,6.01701],[80.42644,6.01628],[80.42677,6.01604],[80.42709,6.01616],[80.4273,6.01668],[80.42734,6.01736],[80.42767,6.01766],[80.42812,6.01741],[80.4283,6.01721],[80.4286,6.01715],[80.42901,6.01742],[80.42917,6.0173],[80.43032,6.01736],[80.43072,6.01771],[80.43109,6.01834],[80.43151,6.01856],[80.432,6.01896],[80.43206,6.01921],[80.43287,6.01935],[80.4335,6.01765],[80.4333,6.01715],[80.4333,6.01632],[80.43321,6.01533],[80.43305,6.01457],[80.4328,6.01416],[80.43221,6.01336],[80.43223,6.01258],[80.43251,6.01207],[80.43303,6.01185],[80.43342,6.01239],[80.4339,6.0132],[80.43442,6.01331],[80.43525,6.01312],[80.43585,6.01287],[80.43682,6.01218],[80.43729,6.01155],[80.43713,6.01125],[80.43671,6.0091],[80.43592,6.00899],[80.43561,6.00851],[80.43548,6.00783],[80.43469,6.00764],[80.4339,6.00774],[80.43271,6.00828],[80.43182,6.00874],[80.43098,6.00959],[80.42986,6.01116],[80.42876,6.01202],[80.4279,6.01245],[80.42705,6.01261],[80.42688,6.01288],[80.42668,6.01354],[80.42673,6.01444],[80.42656,6.01514],[80.42623,6.0157],[80.42495,6.01621],[80.42427,6.0166],[80.42422,6.01714]]]}},{"type":"Feature","properties":{"c":"farmland"},"geometry":{"type":"Polygon","coordinates":[[[80.41538,6.00926],[80.41653,6.01008],[80.41741,6.01027],[80.41732,6.01073],[80.41687,6.01152],[80.41714,6.01295],[80.41782,6.01307],[80.41881,6.01372],[80.42023,6.01361],[80.42103,6.01503],[80.42165,6.01536],[80.42144,6.01703],[80.42109,6.01734],[80.42122,6.01779],[80.42245,6.01752],[80.42283,6.01722],[80.42287,6.01696],[80.4237,6.01663],[80.42389,6.01613],[80.42482,6.01593],[80.42581,6.01551],[80.42617,6.01518],[80.42642,6.01453],[80.42633,6.01386],[80.42635,6.01316],[80.42663,6.0124],[80.42762,6.01216],[80.42867,6.01165],[80.42967,6.01076],[80.43026,6.00964],[80.43112,6.00885],[80.43148,6.00833],[80.43107,6.0078],[80.43138,6.00708],[80.43134,6.00617],[80.43169,6.0049],[80.43129,6.00471],[80.43055,6.0045],[80.43026,6.00418],[80.43037,6.00295],[80.43035,6.00204],[80.43084,6.0014],[80.43195,6.00146],[80.43227,6.00126],[80.43207,6.00076],[80.43107,6.00055],[80.43056,6.00033],[80.4304,5.99966],[80.43087,5.99897],[80.4313,5.99869],[80.43146,5.99838],[80.43123,5.99799],[80.43114,5.9977],[80.43098,5.99766],[80.43079,5.99777],[80.43072,5.99812],[80.43024,5.99836],[80.42991,5.99835],[80.42935,5.99853],[80.42812,5.9988],[80.42625,5.99974],[80.42567,5.99983],[80.42492,6.00009],[80.42337,5.99953],[80.42257,5.99937],[80.42173,5.9993],[80.42091,5.99939],[80.42013,5.99927],[80.41948,5.99911],[80.41698,5.99879],[80.41631,5.99837],[80.41555,5.99999],[80.41615,6.00044],[80.41608,6.00084],[80.4158,6.00139],[80.41572,6.00171],[80.41664,6.0025],[80.41722,6.00202],[80.41764,6.00219],[80.41791,6.0027],[80.41782,6.0032],[80.41791,6.00342],[80.41891,6.00347],[80.41988,6.0038],[80.41998,6.00525],[80.42064,6.00668],[80.42124,6.00688],[80.42056,6.00754],[80.42028,6.00804],[80.41976,6.00853],[80.41917,6.00848],[80.41851,6.0085],[80.41793,6.00896],[80.41662,6.00872],[80.41564,6.00898],[80.41538,6.00926]]]}},{"type":"Feature","properties":{"c":"forest"},"geometry":{"type":"Polygon","coordinates":[[[80.41199,6.03683],[80.41269,6.03777],[80.41506,6.03819],[80.41814,6.03792],[80.41993,6.03794],[80.42364,6.03841],[80.42599,6.03975],[80.42964,6.04059],[80.43079,6.04006],[80.43006,6.03875],[80.42853,6.03818],[80.42725,6.03748],[80.42634,6.03683],[80.42539,6.0355],[80.42403,6.03431],[80.4224,6.03324],[80.41783,6.03215],[80.41594,6.03266],[80.41459,6.03345],[80.41313,6.03498],[80.41199,6.03683]]]}},{"type":"Feature","properties":{"c":"forest"},"geometry":{"type":"Polygon","coordinates":[[[80.39462,6.07674],[80.40017,6.07841],[80.40368,6.07843],[80.40461,6.08051],[80.40949,6.08267],[80.41279,6.08315],[80.41473,6.08136],[80.41764,6.07805],[80.42192,6.07402],[80.42334,6.07207],[80.42438,6.06909],[80.42391,6.06722],[80.42265,6.06694],[80.41968,6.06529],[80.41571,6.06573],[80.41245,6.0647],[80.40967,6.06257],[80.40572,6.06121],[80.40025,6.06042],[80.39565,6.06193],[80.39604,6.06365],[80.39803,6.06642],[80.39658,6.07086],[80.39584,6.07415],[80.39462,6.07674]]]}},{"type":"Feature","properties":{"c":"farmland"},"geometry":{"type":"Polygon","coordinates":[[[80.46547,5.99583],[80.46653,5.9968],[80.46648,5.99829],[80.46658,6.00024],[80.46645,6.00273],[80.46793,6.00319],[80.46818,6.00358],[80.48322,5.99878],[80.48306,5.99791],[80.48291,5.99545],[80.48269,5.99498],[80.47853,5.99447],[80.47502,5.99352],[80.47329,5.9939],[80.47306,5.99539],[80.47131,5.99688],[80.46904,5.99621],[80.46808,5.99526],[80.46599,5.99544],[80.46547,5.99583]]]}},{"type":"Feature","properties":{"c":"forest"},"geometry":{"type":"Polygon","coordinates":[[[80.42457,6.07998],[80.4249,6.08284],[80.4288,6.08433],[80.43063,6.08586],[80.43055,6.0893],[80.4318,6.09108],[80.43333,6.09275],[80.43508,6.09867],[80.43734,6.10092],[80.44311,6.10269],[80.44555,6.10164],[80.44636,6.09932],[80.44541,6.09805],[80.44453,6.09649],[80.4461,6.0938],[80.4486,6.09376],[80.44957,6.09442],[80.45234,6.09395],[80.45417,6.0929],[80.45679,6.09152],[80.46008,6.08923],[80.46012,6.08665],[80.46033,6.08401],[80.4619,6.08114],[80.46103,6.07776],[80.45855,6.07054],[80.45946,6.06757],[80.45919,6.06503],[80.45917,6.06067],[80.45737,6.06016],[80.45135,6.06059],[80.44831,6.06187],[80.44143,6.06441],[80.43669,6.06528],[80.42961,6.06691],[80.4265,6.06815],[80.42607,6.07112],[80.42764,6.07475],[80.42599,6.0778],[80.42457,6.07998]]]}},{"type":"Feature","properties":{"c":"quarry"},"geometry":{"type":"Polygon","coordinates":[[[80.554,5.96621],[80.55414,5.96667],[80.55479,5.96685],[80.55527,5.96717],[80.55547,5.9674],[80.55647,5.96764],[80.55705,5.96764],[80.5578,5.96703],[80.55797,5.96699],[80.55842,5.96727],[80.55868,5.96734],[80.55898,5.96719],[80.5592,5.9669],[80.55893,5.96632],[80.56,5.96456],[80.55996,5.96381],[80.55974,5.96325],[80.55946,5.96318],[80.559,5.96328],[80.55834,5.96367],[80.55622,5.96509],[80.55586,5.96512],[80.55454,5.96575],[80.55415,5.96599],[80.554,5.96621]]]}},{"type":"Feature","properties":{"c":"farmland","n":"Paddy"},"geometry":{"type":"Polygon","coordinates":[[[80.49656,5.95665],[80.4966,5.95681],[80.49809,5.95688],[80.49844,5.95679],[80.49853,5.95659],[80.49843,5.95637],[80.49802,5.95647],[80.49752,5.9565],[80.49666,5.95641],[80.49656,5.95665]]]}},{"type":"Feature","properties":{"c":"residential"},"geometry":{"type":"Polygon","coordinates":[[[80.50789,5.9775],[80.50796,5.97776],[80.50823,5.97797],[80.50882,5.97931],[80.50932,5.9798],[80.50962,5.97955],[80.51022,5.97922],[80.51052,5.97895],[80.51132,5.97859],[80.51166,5.97815],[80.51208,5.97781],[80.51316,5.97671],[80.5134,5.97639],[80.51347,5.97597],[80.5134,5.97558],[80.51258,5.97506],[80.51233,5.97499],[80.51202,5.97513],[80.5119,5.97532],[80.51163,5.97556],[80.51161,5.97578],[80.51208,5.97623],[80.51207,5.97638],[80.51188,5.97661],[80.51157,5.97716],[80.51107,5.97712],[80.51079,5.97674],[80.51066,5.97638],[80.51077,5.97596],[80.51078,5.97575],[80.51061,5.97561],[80.51043,5.97558],[80.5102,5.97571],[80.51008,5.97597],[80.50994,5.97671],[80.50976,5.97686],[80.50923,5.97685],[80.50914,5.97711],[80.5091,5.97756],[80.50898,5.9776],[80.50868,5.97703],[80.50835,5.97703],[80.50802,5.9772],[80.50789,5.9775]]]}},{"type":"Feature","properties":{"c":"residential"},"geometry":{"type":"Polygon","coordinates":[[[80.50504,5.97715],[80.50519,5.97748],[80.50544,5.97766],[80.50577,5.97769],[80.50627,5.97755],[80.50631,5.97739],[80.50606,5.97675],[80.50588,5.97667],[80.50571,5.97667],[80.50518,5.97684],[80.50504,5.97715]]]}},{"type":"Feature","properties":{"c":"residential"},"geometry":{"type":"Polygon","coordinates":[[[80.50534,5.9754],[80.50568,5.97575],[80.50589,5.97578],[80.50606,5.97571],[80.50619,5.97542],[80.50635,5.97534],[80.50673,5.97474],[80.50674,5.97418],[80.50664,5.97404],[80.50641,5.97398],[80.50615,5.97403],[80.50606,5.97417],[80.5057,5.97449],[80.50569,5.97476],[80.50551,5.97499],[80.50534,5.9754]]]}},{"type":"Feature","properties":{"c":"residential"},"geometry":{"type":"Polygon","coordinates":[[[80.50749,5.97552],[80.50763,5.97592],[80.50793,5.97611],[80.50809,5.97639],[80.50826,5.97644],[80.50874,5.97618],[80.50909,5.9759],[80.50926,5.97565],[80.50946,5.97547],[80.50972,5.97534],[80.5097,5.9751],[80.50997,5.97484],[80.50941,5.97457],[80.50881,5.97453],[80.50824,5.9746],[80.50781,5.9748],[80.50761,5.97506],[80.50749,5.97552]]]}},{"type":"Feature","properties":{"c":"residential"},"geometry":{"type":"Polygon","coordinates":[[[80.509,5.97229],[80.50934,5.97273],[80.50958,5.9728],[80.50993,5.9726],[80.51019,5.97255],[80.51035,5.97283],[80.51034,5.97325],[80.5105,5.97366],[80.51084,5.97395],[80.51102,5.97425],[80.51133,5.97455],[80.51166,5.97466],[80.51212,5.97449],[80.51216,5.97422],[80.51201,5.97397],[80.51204,5.97369],[80.51221,5.9736],[80.51228,5.97359],[80.51268,5.97374],[80.5129,5.97406],[80.51315,5.97414],[80.5135,5.97407],[80.51369,5.97386],[80.51338,5.97353],[80.51331,5.97332],[80.51332,5.97287],[80.51322,5.97247],[80.51301,5.97206],[80.51251,5.97141],[80.51211,5.97105],[80.5116,5.9707],[80.51092,5.97061],[80.51027,5.97068],[80.50976,5.97094],[80.50923,5.97149],[80.509,5.97229]]]}},{"type":"Feature","properties":{"c":"residential"},"geometry":{"type":"Polygon","coordinates":[[[80.51945,5.95878],[80.51949,5.95895],[80.51969,5.95916],[80.52006,5.95911],[80.52044,5.95892],[80.52074,5.9585],[80.52064,5.95835],[80.52045,5.95825],[80.52004,5.95821],[80.51963,5.95841],[80.51945,5.95878]]]}},{"type":"Feature","properties":{"c":"residential"},"geometry":{"type":"Polygon","coordinates":[[[80.51803,5.96374],[80.51814,5.96417],[80.51827,5.96445],[80.51856,5.96474],[80.51867,5.96475],[80.51887,5.96463],[80.51896,5.96447],[80.5191,5.96397],[80.51904,5.96342],[80.51879,5.96322],[80.51849,5.96314],[80.51826,5.96322],[80.51811,5.96341],[80.51803,5.96374]]]}},{"type":"Feature","properties":{"c":"farmland"},"geometry":{"type":"Polygon","coordinates":[[[80.50931,5.96245],[80.50936,5.96262],[80.50958,5.96264],[80.50969,5.9626],[80.50973,5.96248],[80.51001,5.96228],[80.51052,5.96201],[80.51102,5.96196],[80.51101,5.96182],[80.51068,5.96165],[80.51038,5.96165],[80.51011,5.96174],[80.50956,5.96214],[80.50931,5.96245]]]}},{"type":"Feature","properties":{"c":"residential"},"geometry":{"type":"Polygon","coordinates":[[[80.50035,5.97479],[80.50045,5.97513],[80.5004,5.9755],[80.50046,5.97568],[80.50068,5.97578],[80.50131,5.97554],[80.50164,5.97534],[80.50222,5.97524],[80.50256,5.97509],[80.50283,5.97483],[80.50299,5.97452],[80.50301,5.97435],[80.50293,5.97418],[80.50259,5.97406],[80.502,5.97406],[80.50168,5.97427],[80.5015,5.97425],[80.50117,5.97406],[80.50081,5.97398],[80.50049,5.97417],[80.5004,5.97439],[80.50035,5.97479]]]}},{"type":"Feature","properties":{"c":"residential"},"geometry":{"type":"Polygon","coordinates":[[[80.48055,5.97859],[80.48057,5.97872],[80.48072,5.97889],[80.48124,5.97912],[80.48162,5.97905],[80.48179,5.97887],[80.4819,5.97864],[80.48191,5.97851],[80.48179,5.97829],[80.48167,5.97821],[80.48113,5.97816],[80.48072,5.97826],[80.48062,5.97833],[80.48055,5.97859]]]}},{"type":"Feature","properties":{"c":"orchard","n":"Coconut Cultivation"},"geometry":{"type":"Polygon","coordinates":[[[80.50174,5.95522],[80.50237,5.95536],[80.50257,5.95585],[80.50247,5.95668],[80.50368,5.95627],[80.5044,5.95766],[80.50505,5.95794],[80.5061,5.95681],[80.50616,5.95665],[80.50527,5.95606],[80.50498,5.95535],[80.50452,5.95499],[80.50435,5.95499],[80.50412,5.95471],[80.50391,5.95472],[80.50369,5.9546],[80.50328,5.95453],[80.50358,5.95386],[80.5035,5.95342],[80.50312,5.95327],[80.50276,5.95341],[80.50201,5.95458],[80.50191,5.95493],[80.50174,5.95522]]]}},{"type":"Feature","properties":{"c":"orchard","n":"Coconut Cultivation"},"geometry":{"type":"Polygon","coordinates":[[[80.49366,5.95355],[80.4937,5.95462],[80.49398,5.95592],[80.49392,5.95612],[80.49413,5.9564],[80.49441,5.95648],[80.49499,5.95642],[80.49533,5.95617],[80.4956,5.95585],[80.49607,5.95565],[80.49633,5.95544],[80.49649,5.95498],[80.49655,5.95432],[80.49695,5.95422],[80.49712,5.95426],[80.49704,5.95518],[80.49684,5.95574],[80.49722,5.95572],[80.49743,5.95566],[80.49785,5.95531],[80.49785,5.95405],[80.4988,5.95352],[80.49941,5.95177],[80.499,5.95134],[80.49914,5.9512],[80.4995,5.95116],[80.49987,5.95096],[80.50033,5.95096],[80.50121,5.95105],[80.50167,5.95121],[80.50193,5.95124],[80.50212,5.95112],[80.50219,5.95088],[80.50204,5.95057],[80.50175,5.95033],[80.50153,5.95006],[80.50097,5.94927],[80.50046,5.94901],[80.4999,5.94892],[80.49923,5.94927],[80.49877,5.95018],[80.49756,5.95057],[80.49693,5.95116],[80.49676,5.95158],[80.49586,5.95157],[80.49533,5.95161],[80.49498,5.95204],[80.49478,5.95211],[80.49475,5.95253],[80.49454,5.95289],[80.49372,5.95287],[80.49366,5.95355]]]}},{"type":"Feature","properties":{"c":"orchard"},"geometry":{"type":"Polygon","coordinates":[[[80.48099,5.958],[80.48122,5.95841],[80.48142,5.95893],[80.48154,5.95976],[80.48204,5.96038],[80.48286,5.96027],[80.48361,5.96067],[80.48409,5.96105],[80.48483,5.96132],[80.48487,5.96164],[80.48395,5.96169],[80.48392,5.96219],[80.48288,5.96267],[80.48284,5.96321],[80.48298,5.96348],[80.48345,5.96352],[80.48397,5.96346],[80.48438,5.96372],[80.48543,5.96328],[80.48599,5.9636],[80.48664,5.9633],[80.48711,5.96326],[80.4873,5.96363],[80.48772,5.96352],[80.48811,5.96301],[80.49016,5.96186],[80.49054,5.96171],[80.49098,5.9617],[80.49135,5.96157],[80.49192,5.96113],[80.49244,5.96086],[80.49242,5.96071],[80.49225,5.96046],[80.49217,5.96011],[80.49228,5.95945],[80.49244,5.95888],[80.49291,5.95785],[80.49304,5.95713],[80.49259,5.95715],[80.49234,5.95692],[80.49183,5.95696],[80.49151,5.95705],[80.49115,5.95727],[80.49115,5.95756],[80.49102,5.9577],[80.49076,5.95744],[80.48944,5.957],[80.48876,5.95708],[80.48853,5.95718],[80.48848,5.95743],[80.48815,5.95749],[80.48786,5.95719],[80.48686,5.95689],[80.48633,5.95701],[80.48597,5.95725],[80.48582,5.95768],[80.48592,5.95809],[80.4865,5.95896],[80.48709,5.95964],[80.48708,5.96019],[80.48695,5.96112],[80.4871,5.96165],[80.48701,5.96178],[80.48687,5.96169],[80.48677,5.96141],[80.48671,5.96105],[80.48676,5.96074],[80.48675,5.96032],[80.48667,5.95999],[80.48646,5.95956],[80.48621,5.95932],[80.48554,5.95926],[80.48529,5.95914],[80.48437,5.95859],[80.48401,5.95825],[80.48359,5.95797],[80.48337,5.95804],[80.48344,5.95837],[80.48343,5.95879],[80.48318,5.95895],[80.48276,5.95818],[80.48222,5.95786],[80.48211,5.95755],[80.48169,5.95727],[80.48133,5.9573],[80.481,5.95768],[80.48099,5.958]]]}},{"type":"Feature","properties":{"c":"residential"},"geometry":{"type":"Polygon","coordinates":[[[80.48566,5.955],[80.48595,5.95512],[80.48652,5.95487],[80.48684,5.95532],[80.48717,5.95558],[80.4875,5.9556],[80.48808,5.95492],[80.48814,5.95513],[80.48778,5.95586],[80.48793,5.95614],[80.48876,5.956],[80.4893,5.95584],[80.48955,5.95542],[80.48983,5.95536],[80.49081,5.95595],[80.49083,5.95626],[80.49116,5.9565],[80.4917,5.95657],[80.4922,5.95651],[80.49288,5.95633],[80.4932,5.95618],[80.49355,5.95626],[80.49392,5.95612],[80.49398,5.95592],[80.4937,5.95462],[80.49366,5.95355],[80.49372,5.95287],[80.49454,5.95289],[80.49475,5.95253],[80.49478,5.95211],[80.49498,5.95204],[80.49533,5.95161],[80.49586,5.95157],[80.49676,5.95158],[80.49693,5.95116],[80.49756,5.95057],[80.49877,5.95018],[80.49923,5.94927],[80.4999,5.94892],[80.49983,5.94878],[80.50005,5.94879],[80.50058,5.94866],[80.50122,5.94472],[80.49753,5.94358],[80.49683,5.94355],[80.49232,5.94408],[80.4923,5.94436],[80.4929,5.94468],[80.49315,5.94534],[80.49301,5.94538],[80.49294,5.9456],[80.49337,5.94603],[80.49348,5.94597],[80.49381,5.9453],[80.49332,5.94522],[80.4934,5.94507],[80.49365,5.94498],[80.49381,5.9448],[80.49404,5.94481],[80.49403,5.945],[80.49418,5.94526],[80.49441,5.94528],[80.49459,5.94541],[80.49452,5.94559],[80.4943,5.9457],[80.49439,5.94613],[80.49428,5.94626],[80.49405,5.94628],[80.49386,5.94644],[80.49393,5.94692],[80.49424,5.94708],[80.4944,5.94694],[80.49441,5.94629],[80.49467,5.94619],[80.49484,5.94625],[80.49466,5.94655],[80.49464,5.94672],[80.49521,5.94703],[80.49501,5.94715],[80.49482,5.94713],[80.49458,5.94726],[80.49445,5.94776],[80.49432,5.94806],[80.49407,5.94835],[80.49373,5.94847],[80.49334,5.94852],[80.49319,5.94859],[80.49282,5.94899],[80.49277,5.94913],[80.49216,5.94976],[80.49156,5.95011],[80.49105,5.95069],[80.49108,5.95101],[80.49152,5.95131],[80.49162,5.95174],[80.49137,5.95206],[80.49089,5.95214],[80.49072,5.952],[80.49082,5.95154],[80.49049,5.95117],[80.49019,5.95139],[80.48966,5.95192],[80.48878,5.95215],[80.48819,5.95314],[80.48786,5.95329],[80.48733,5.95363],[80.48674,5.9538],[80.48643,5.95376],[80.48599,5.95396],[80.48569,5.95452],[80.48566,5.955]]]}},{"type":"Feature","properties":{"c":"residential"},"geometry":{"type":"Polygon","coordinates":[[[80.5358,5.98566],[80.53587,5.98597],[80.53581,5.98675],[80.536,5.98709],[80.53649,5.98717],[80.53689,5.9866],[80.53723,5.98576],[80.53682,5.98468],[80.53662,5.98469],[80.53652,5.98475],[80.5358,5.98566]]]}},{"type":"Feature","properties":{"c":"residential"},"geometry":{"type":"Polygon","coordinates":[[[80.53902,5.98843],[80.53915,5.98906],[80.53932,5.98925],[80.5396,5.9894],[80.53989,5.98909],[80.53993,5.98894],[80.53987,5.98881],[80.53951,5.98826],[80.53921,5.98829],[80.53902,5.98843]]]}},{"type":"Feature","properties":{"c":"residential"},"geometry":{"type":"Polygon","coordinates":[[[80.53337,5.98719],[80.53352,5.98754],[80.5341,5.9877],[80.5346,5.98761],[80.53481,5.98723],[80.53468,5.98698],[80.53452,5.98681],[80.53446,5.98658],[80.53378,5.98637],[80.53343,5.9865],[80.5334,5.98666],[80.53348,5.98683],[80.53337,5.98719]]]}},{"type":"Feature","properties":{"c":"residential"},"geometry":{"type":"Polygon","coordinates":[[[80.52412,5.9768],[80.52443,5.9773],[80.52473,5.97744],[80.52503,5.97746],[80.52527,5.97732],[80.52543,5.97712],[80.5258,5.97614],[80.52594,5.97538],[80.52563,5.97483],[80.52573,5.97459],[80.5257,5.97441],[80.52547,5.9743],[80.5251,5.97427],[80.52501,5.97454],[80.52478,5.97459],[80.52443,5.9751],[80.52412,5.9768]]]}},{"type":"Feature","properties":{"c":"residential"},"geometry":{"type":"Polygon","coordinates":[[[80.53746,5.98678],[80.53787,5.98752],[80.53809,5.98776],[80.53891,5.9877],[80.53968,5.98753],[80.53985,5.9872],[80.53951,5.98683],[80.53903,5.98576],[80.53873,5.98556],[80.53785,5.98553],[80.5375,5.98615],[80.53746,5.98678]]]}},{"type":"Feature","properties":{"c":"residential"},"geometry":{"type":"Polygon","coordinates":[[[80.53389,5.98143],[80.53443,5.98161],[80.53498,5.98109],[80.53529,5.98061],[80.5353,5.98012],[80.53445,5.98019],[80.534,5.9805],[80.53389,5.98143]]]}},{"type":"Feature","properties":{"c":"meadow"},"geometry":{"type":"Polygon","coordinates":[[[80.53368,5.96515],[80.53372,5.96629],[80.5341,5.967],[80.536,5.96665],[80.53687,5.96707],[80.53743,5.9674],[80.53875,5.96775],[80.5402,5.96783],[80.54132,5.96743],[80.54251,5.96716],[80.54323,5.96675],[80.54343,5.96558],[80.54295,5.96514],[80.54223,5.96494],[80.54146,5.96496],[80.53883,5.96527],[80.53721,5.96478],[80.5366,5.96469],[80.53646,5.965],[80.53621,5.96495],[80.53622,5.96464],[80.53572,5.9646],[80.53549,5.9654],[80.53536,5.96543],[80.53498,5.96529],[80.53497,5.96554],[80.53511,5.9656],[80.53517,5.96577],[80.53506,5.96588],[80.53495,5.96583],[80.53494,5.96572],[80.53469,5.96576],[80.53395,5.96453],[80.53379,5.96468],[80.53368,5.96515]]]}},{"type":"Feature","properties":{"c":"residential"},"geometry":{"type":"Polygon","coordinates":[[[80.50074,6.00282],[80.50121,6.00395],[80.50143,6.00413],[80.50168,6.00404],[80.50181,6.00381],[80.502,6.00302],[80.50249,6.00147],[80.50252,6.00121],[80.5024,6.00097],[80.50191,6.00116],[80.50169,6.00132],[80.50081,6.00231],[80.50074,6.00282]]]}},{"type":"Feature","properties":{"c":"residential"},"geometry":{"type":"Polygon","coordinates":[[[80.50782,5.99528],[80.50786,5.99545],[80.50806,5.99562],[80.50825,5.99557],[80.5084,5.99544],[80.50881,5.9948],[80.50873,5.99463],[80.50855,5.99458],[80.50819,5.99467],[80.50804,5.99479],[80.50782,5.99528]]]}},{"type":"Feature","properties":{"c":"residential"},"geometry":{"type":"Polygon","coordinates":[[[80.50806,5.9823],[80.5081,5.98257],[80.50822,5.98281],[80.50844,5.98299],[80.50956,5.98293],[80.50978,5.98278],[80.50996,5.98227],[80.50991,5.98174],[80.50965,5.98172],[80.50913,5.98188],[80.50862,5.98176],[80.50837,5.98186],[80.50806,5.9823]]]}},{"type":"Feature","properties":{"c":"residential"},"geometry":{"type":"Polygon","coordinates":[[[80.51698,5.98408],[80.51708,5.98418],[80.51735,5.98419],[80.51788,5.98404],[80.51812,5.98391],[80.51819,5.98365],[80.51808,5.98341],[80.51801,5.98302],[80.51791,5.98292],[80.51778,5.9829],[80.51767,5.98296],[80.51747,5.98345],[80.51698,5.98408]]]}},{"type":"Feature","properties":{"c":"residential"},"geometry":{"type":"Polygon","coordinates":[[[80.50989,5.98471],[80.5099,5.98497],[80.5105,5.98524],[80.5107,5.98525],[80.51124,5.98509],[80.51157,5.98484],[80.51155,5.98454],[80.51137,5.98406],[80.51116,5.98398],[80.51078,5.98411],[80.51052,5.9846],[80.51009,5.98462],[80.50989,5.98471]]]}},{"type":"Feature","properties":{"c":"residential"},"geometry":{"type":"Polygon","coordinates":[[[80.51445,5.97712],[80.51468,5.97751],[80.51475,5.97785],[80.51507,5.97814],[80.51529,5.97817],[80.51561,5.97791],[80.51597,5.97798],[80.51621,5.97809],[80.51648,5.97829],[80.5165,5.97855],[80.51661,5.97871],[80.51697,5.97896],[80.51713,5.97901],[80.51741,5.97906],[80.5179,5.97903],[80.51822,5.97885],[80.5182,5.97866],[80.51808,5.97851],[80.51769,5.97826],[80.51722,5.97809],[80.51716,5.97792],[80.51719,5.97773],[80.5174,5.9774],[80.51728,5.97701],[80.51659,5.97648],[80.51641,5.97648],[80.51607,5.97662],[80.51566,5.97698],[80.51547,5.977],[80.51533,5.97688],[80.51517,5.97653],[80.515,5.97647],[80.51477,5.97656],[80.51448,5.97696],[80.51445,5.97712]]]}},{"type":"Feature","properties":{"c":"residential"},"geometry":{"type":"Polygon","coordinates":[[[80.51864,5.98859],[80.5187,5.98908],[80.51878,5.98936],[80.51895,5.98956],[80.51918,5.98969],[80.5197,5.9897],[80.51982,5.98946],[80.52039,5.9894],[80.52059,5.98958],[80.52054,5.98984],[80.52029,5.99031],[80.52024,5.99058],[80.52033,5.99088],[80.52119,5.99116],[80.52147,5.99108],[80.52158,5.99083],[80.52158,5.98987],[80.52139,5.98967],[80.52099,5.98959],[80.52095,5.98946],[80.52098,5.98933],[80.52121,5.98901],[80.52154,5.98835],[80.52157,5.98809],[80.52153,5.98782],[80.52157,5.98768],[80.52172,5.98745],[80.5222,5.98722],[80.52309,5.9872],[80.52324,5.9871],[80.52343,5.98672],[80.52344,5.98592],[80.52435,5.98547],[80.52498,5.98506],[80.52498,5.98447],[80.52534,5.98443],[80.52592,5.98472],[80.52605,5.98555],[80.52699,5.98539],[80.52755,5.98492],[80.52761,5.98437],[80.52748,5.9839],[80.52738,5.98381],[80.52726,5.98379],[80.52659,5.98416],[80.52635,5.98416],[80.52629,5.98392],[80.52612,5.98389],[80.52608,5.98374],[80.525,5.98361],[80.52476,5.98339],[80.52452,5.98336],[80.52415,5.98369],[80.524,5.98318],[80.52337,5.98278],[80.52284,5.98295],[80.52252,5.98293],[80.52254,5.9832],[80.52189,5.98327],[80.52121,5.98352],[80.52114,5.98341],[80.52094,5.9835],[80.52053,5.98246],[80.52076,5.98237],[80.52075,5.98185],[80.52063,5.98155],[80.52024,5.98159],[80.52008,5.98205],[80.51986,5.98209],[80.51972,5.98229],[80.51936,5.98252],[80.51933,5.98271],[80.51937,5.98289],[80.51952,5.983],[80.51958,5.98339],[80.51988,5.98363],[80.52022,5.98358],[80.52035,5.98347],[80.52061,5.9834],[80.52084,5.98394],[80.52079,5.98423],[80.52065,5.98436],[80.52024,5.98426],[80.51995,5.98434],[80.51991,5.98443],[80.51994,5.98465],[80.51985,5.9849],[80.51988,5.98503],[80.51997,5.98514],[80.52068,5.98509],[80.52079,5.98517],[80.52082,5.98531],[80.52074,5.98543],[80.52062,5.98551],[80.52022,5.98567],[80.51966,5.98633],[80.51915,5.98657],[80.51888,5.98688],[80.51869,5.98733],[80.51864,5.98859]]]}},{"type":"Feature","properties":{"c":"residential"},"geometry":{"type":"Polygon","coordinates":[[[80.52234,5.9973],[80.52316,5.99788],[80.52364,5.99853],[80.52407,5.99876],[80.52518,5.99857],[80.52533,5.99844],[80.5254,5.99824],[80.5257,5.99798],[80.52604,5.99785],[80.52621,5.99797],[80.52622,5.99846],[80.52629,5.99855],[80.52653,5.99868],[80.52702,5.99876],[80.52723,5.99907],[80.52697,5.99925],[80.5266,5.99935],[80.52651,5.9995],[80.52648,5.99969],[80.52613,5.9998],[80.52603,5.99995],[80.5255,6.00017],[80.52472,5.99995],[80.52448,6.00034],[80.5247,6.00063],[80.52548,6.00086],[80.52581,6.00103],[80.52589,6.0012],[80.52605,6.00132],[80.52623,6.00138],[80.52643,6.00138],[80.52681,6.00128],[80.52711,6.00101],[80.5273,6.00098],[80.52784,6.00106],[80.52802,6.00096],[80.52815,6.00081],[80.52795,6.00049],[80.52735,6.00045],[80.52723,6.00029],[80.52734,6.00012],[80.52753,6.00009],[80.52769,6.00017],[80.52808,6.00009],[80.52831,6.0001],[80.52841,6.00029],[80.5286,6.00033],[80.52879,6.00028],[80.52895,6.00016],[80.52914,5.99982],[80.52934,5.99985],[80.52957,6.00016],[80.52986,6.00044],[80.53007,6.00044],[80.53022,6.00032],[80.53064,5.99983],[80.53098,5.99961],[80.53117,5.99966],[80.53122,5.99985],[80.53117,6.00004],[80.53098,6.00035],[80.53103,6.00053],[80.53146,6.00052],[80.53166,6.00059],[80.53139,6.00084],[80.53098,6.00096],[80.52992,6.00097],[80.52974,6.00102],[80.5294,6.00122],[80.52924,6.00151],[80.52954,6.00195],[80.52927,6.00211],[80.52888,6.00214],[80.52854,6.00234],[80.52844,6.0025],[80.52847,6.00269],[80.52861,6.00281],[80.52901,6.00276],[80.52938,6.0029],[80.52953,6.00301],[80.52972,6.00299],[80.5299,6.00289],[80.53028,6.00279],[80.53045,6.00265],[80.53006,6.00254],[80.52997,6.00237],[80.53014,6.00227],[80.53116,6.00238],[80.53192,6.00269],[80.5335,6.00297],[80.5336,6.00281],[80.53367,6.00242],[80.53375,6.00224],[80.53393,6.00215],[80.53406,6.0023],[80.53422,6.00286],[80.53439,6.00296],[80.53458,6.00294],[80.53472,6.0028],[80.53472,6.0024],[80.53499,6.00218],[80.53556,6.00219],[80.53542,6.00259],[80.53518,6.00257],[80.53513,6.00276],[80.53517,6.00287],[80.53549,6.00304],[80.53571,6.00335],[80.53574,6.00372],[80.53557,6.00398],[80.53517,6.00478],[80.53489,6.00504],[80.5347,6.00554],[80.53479,6.00645],[80.53559,6.00658],[80.5358,6.00624],[80.53685,6.00574],[80.53696,6.00556],[80.53692,6.00537],[80.53677,6.00527],[80.53637,6.00522],[80.53622,6.0051],[80.53623,6.0049],[80.53682,6.00472],[80.53698,6.0046],[80.537,6.00441],[80.53687,6.00427],[80.53641,6.00402],[80.5365,6.00381],[80.53684,6.00383],[80.53724,6.00373],[80.53746,6.00348],[80.53746,6.00336],[80.53716,6.00337],[80.53693,6.00306],[80.53691,6.00287],[80.53697,6.0026],[80.53713,6.00239],[80.53742,6.00227],[80.53751,6.00257],[80.53781,6.00255],[80.53796,6.00236],[80.53847,6.00243],[80.53906,6.00211],[80.53929,6.00218],[80.53957,6.00245],[80.53959,6.00286],[80.53973,6.00298],[80.54009,6.00292],[80.5402,6.00283],[80.54026,6.00264],[80.5401,6.00236],[80.54012,6.00222],[80.54119,6.00197],[80.54148,6.00171],[80.54238,6.00126],[80.54258,6.00089],[80.54266,6.00041],[80.5428,6.00026],[80.54306,5.99952],[80.54296,5.99935],[80.54278,5.99936],[80.54261,5.99944],[80.54258,5.99962],[80.54205,5.99984],[80.54185,5.99987],[80.54148,5.99979],[80.5413,5.99984],[80.54116,5.99997],[80.54099,6.00005],[80.54079,6.00004],[80.54104,5.99953],[80.54168,5.99917],[80.54185,5.99903],[80.54194,5.99885],[80.5419,5.99846],[80.54176,5.99833],[80.54158,5.99828],[80.5412,5.99831],[80.54088,5.99856],[80.54077,5.9988],[80.54038,5.99838],[80.54035,5.9982],[80.54022,5.99803],[80.53961,5.99788],[80.53948,5.99757],[80.53939,5.99713],[80.53885,5.99664],[80.5381,5.99645],[80.53754,5.99669],[80.53749,5.99682],[80.53773,5.99753],[80.5376,5.99775],[80.53734,5.99781],[80.53652,5.9983],[80.53613,5.99863],[80.53584,5.99908],[80.53577,5.99954],[80.53463,5.99985],[80.53409,5.99981],[80.53401,5.9997],[80.53411,5.9996],[80.53473,5.99941],[80.53497,5.99925],[80.53506,5.99913],[80.53505,5.99885],[80.53489,5.99861],[80.53466,5.99846],[80.53439,5.99841],[80.53378,5.99872],[80.53365,5.99876],[80.53352,5.99871],[80.5334,5.99863],[80.53324,5.9984],[80.53316,5.99786],[80.53308,5.99776],[80.53294,5.99772],[80.53278,5.99773],[80.53242,5.99817],[80.53248,5.99856],[80.53238,5.99896],[80.53246,5.99921],[80.53243,5.99935],[80.53232,5.99942],[80.53201,5.99914],[80.53187,5.99874],[80.53186,5.99859],[80.53205,5.99817],[80.53203,5.99788],[80.53228,5.99724],[80.53222,5.99697],[80.53211,5.9969],[80.53197,5.99691],[80.5317,5.99702],[80.53159,5.99726],[80.53128,5.99753],[80.53127,5.9978],[80.5312,5.99793],[80.53101,5.99813],[80.53055,5.99843],[80.53042,5.99842],[80.53024,5.99821],[80.5302,5.99808],[80.53028,5.99783],[80.53021,5.99765],[80.52987,5.99741],[80.52975,5.99727],[80.52965,5.99685],[80.52937,5.99635],[80.52848,5.99601],[80.52807,5.99608],[80.52757,5.99601],[80.52735,5.99567],[80.52726,5.99514],[80.52695,5.99482],[80.52666,5.99488],[80.52649,5.99509],[80.52642,5.9956],[80.5263,5.99599],[80.52636,5.99654],[80.5263,5.99667],[80.5262,5.99675],[80.52608,5.99667],[80.52581,5.99613],[80.52573,5.99569],[80.52541,5.99537],[80.52489,5.9954],[80.52456,5.99555],[80.52405,5.99596],[80.52376,5.99629],[80.52378,5.99643],[80.52399,5.99661],[80.52461,5.99681],[80.52445,5.9969],[80.52368,5.99694],[80.52311,5.99672],[80.52243,5.9969],[80.52234,5.9973]]]}},{"type":"Feature","properties":{"c":"meadow"},"geometry":{"type":"Polygon","coordinates":[[[80.54976,5.98086],[80.54981,5.98161],[80.54989,5.98174],[80.55066,5.98183],[80.55072,5.98235],[80.55128,5.98338],[80.55199,5.98385],[80.55248,5.98385],[80.55284,5.98427],[80.55294,5.98432],[80.55339,5.98406],[80.55359,5.98383],[80.55192,5.98173],[80.55136,5.98136],[80.55038,5.98115],[80.54976,5.98086]]]}},{"type":"Feature","properties":{"c":"residential"},"geometry":{"type":"Polygon","coordinates":[[[80.50565,5.98401],[80.50634,5.9842],[80.50678,5.98395],[80.50692,5.98349],[80.50691,5.98289],[80.50673,5.98285],[80.50624,5.98345],[80.50565,5.98401]]]}},{"type":"Feature","properties":{"c":"residential"},"geometry":{"type":"Polygon","coordinates":[[[80.54114,5.98602],[80.54126,5.9862],[80.54166,5.98642],[80.54234,5.98656],[80.5428,5.9865],[80.54297,5.98671],[80.54311,5.98701],[80.54341,5.98723],[80.54376,5.98729],[80.54403,5.98708],[80.54396,5.98673],[80.544,5.98637],[80.54435,5.98627],[80.54466,5.98611],[80.54491,5.98643],[80.5456,5.98568],[80.54622,5.98483],[80.54702,5.98496],[80.54763,5.98525],[80.54794,5.98559],[80.54815,5.98603],[80.54854,5.98617],[80.54889,5.9856],[80.54927,5.98522],[80.54915,5.98493],[80.54876,5.98457],[80.54913,5.98426],[80.5497,5.98438],[80.55018,5.98422],[80.55022,5.98479],[80.5503,5.98496],[80.55066,5.98518],[80.55121,5.98495],[80.55246,5.98474],[80.55284,5.98427],[80.55248,5.98385],[80.55199,5.98385],[80.55128,5.98338],[80.55072,5.98235],[80.55066,5.98183],[80.54989,5.98174],[80.54981,5.98161],[80.54976,5.98086],[80.54942,5.97997],[80.54932,5.97878],[80.54888,5.97886],[80.54924,5.98174],[80.54735,5.98171],[80.54606,5.98188],[80.54525,5.98146],[80.54489,5.98073],[80.54536,5.97993],[80.54616,5.9788],[80.54577,5.97765],[80.54456,5.97783],[80.54378,5.97785],[80.54381,5.97637],[80.54301,5.97465],[80.54225,5.97441],[80.54188,5.97496],[80.54159,5.97514],[80.54198,5.97568],[80.54171,5.97638],[80.54174,5.97678],[80.54166,5.97704],[80.54171,5.97725],[80.54189,5.97741],[80.54202,5.97892],[80.54181,5.9796],[80.54165,5.98044],[80.54168,5.981],[80.54226,5.98129],[80.5427,5.98177],[80.54293,5.98245],[80.54333,5.98293],[80.54335,5.98335],[80.54318,5.98365],[80.54368,5.98439],[80.544,5.98461],[80.54404,5.98499],[80.54379,5.98532],[80.5435,5.98542],[80.54315,5.98527],[80.54291,5.98507],[80.54289,5.98425],[80.54261,5.98395],[80.54224,5.98393],[80.54197,5.98432],[80.54173,5.98491],[80.54147,5.98536],[80.54116,5.98551],[80.54114,5.98602]]]}},{"type":"Feature","properties":{"c":"residential"},"geometry":{"type":"Polygon","coordinates":[[[80.53054,5.99148],[80.53085,5.9931],[80.53161,5.99367],[80.53215,5.99429],[80.53269,5.99447],[80.53334,5.99479],[80.5339,5.99479],[80.53432,5.99466],[80.53459,5.99465],[80.5354,5.99503],[80.53597,5.99505],[80.53642,5.99498],[80.5374,5.99505],[80.53765,5.995],[80.53791,5.99511],[80.53832,5.99515],[80.5389,5.99489],[80.53931,5.99491],[80.53956,5.99504],[80.54042,5.9952],[80.54105,5.99507],[80.54132,5.99506],[80.54122,5.99548],[80.5417,5.99564],[80.54232,5.99536],[80.54293,5.99531],[80.54305,5.99523],[80.54325,5.99486],[80.54335,5.99478],[80.54348,5.99475],[80.54372,5.99487],[80.54378,5.99501],[80.54376,5.99531],[80.54381,5.99545],[80.54449,5.99577],[80.54477,5.99568],[80.54491,5.99569],[80.54517,5.99603],[80.54546,5.99605],[80.54586,5.99587],[80.54593,5.99576],[80.54598,5.99534],[80.54592,5.99522],[80.5458,5.99515],[80.54501,5.99514],[80.54472,5.99466],[80.54472,5.99452],[80.54481,5.9944],[80.54517,5.99428],[80.54528,5.99417],[80.54534,5.99405],[80.54532,5.99378],[80.54542,5.99367],[80.54555,5.99366],[80.5457,5.99374],[80.54615,5.9941],[80.54655,5.99354],[80.54655,5.99325],[80.54641,5.99297],[80.54588,5.99235],[80.54585,5.99207],[80.54599,5.99182],[80.54618,5.99162],[80.54666,5.99136],[80.54678,5.99057],[80.54653,5.99045],[80.54655,5.99017],[80.54672,5.98998],[80.5472,5.98967],[80.54737,5.98946],[80.54733,5.98919],[80.54711,5.98866],[80.54706,5.98839],[80.54712,5.98813],[80.54682,5.98773],[80.54617,5.98732],[80.54538,5.98767],[80.54497,5.98775],[80.54464,5.98796],[80.54443,5.98836],[80.54412,5.98872],[80.54369,5.98876],[80.54343,5.98902],[80.54263,5.98869],[80.54185,5.98922],[80.54166,5.98897],[80.54174,5.98874],[80.54227,5.98849],[80.54245,5.9882],[80.54205,5.98792],[80.54132,5.98772],[80.54074,5.98811],[80.54076,5.9885],[80.54088,5.98873],[80.54123,5.98898],[80.54152,5.98908],[80.54245,5.99039],[80.54264,5.99079],[80.54247,5.99094],[80.54215,5.99042],[80.54192,5.9903],[80.54166,5.99043],[80.54141,5.99048],[80.54134,5.9904],[80.54124,5.99004],[80.54139,5.98982],[80.54134,5.98967],[80.54124,5.9896],[80.54108,5.98969],[80.54105,5.98978],[80.54092,5.98975],[80.54063,5.98989],[80.53977,5.98991],[80.53957,5.98976],[80.53916,5.98973],[80.53887,5.98985],[80.53847,5.99019],[80.5382,5.99014],[80.53804,5.98988],[80.53809,5.98934],[80.53789,5.98908],[80.53765,5.98885],[80.53723,5.98898],[80.53696,5.98912],[80.53702,5.98953],[80.53685,5.98988],[80.5366,5.98977],[80.53656,5.98937],[80.53637,5.98939],[80.53625,5.98985],[80.53624,5.99023],[80.53632,5.99062],[80.53654,5.99086],[80.53642,5.99107],[80.53623,5.99116],[80.53588,5.99109],[80.53557,5.9906],[80.53493,5.99028],[80.535,5.98972],[80.53468,5.98955],[80.53441,5.98947],[80.53383,5.98909],[80.53315,5.9892],[80.5328,5.98918],[80.53259,5.98914],[80.53204,5.98891],[80.5316,5.98894],[80.53147,5.98918],[80.53143,5.98969],[80.53067,5.99008],[80.53054,5.99148]]]}},{"type":"Feature","properties":{"c":"residential"},"geometry":{"type":"Polygon","coordinates":[[[80.51696,5.98946],[80.51698,5.98964],[80.51718,5.98996],[80.51722,5.99014],[80.51715,5.99032],[80.51717,5.99051],[80.51726,5.99068],[80.5173,5.99105],[80.51759,5.99116],[80.51773,5.9913],[80.51811,5.99128],[80.51835,5.99104],[80.51788,5.98947],[80.51745,5.98926],[80.51708,5.98933],[80.51696,5.98946]]]}},{"type":"Feature","properties":{"c":"residential"},"geometry":{"type":"Polygon","coordinates":[[[80.49822,5.99897],[80.49825,5.99936],[80.49841,5.99966],[80.49889,5.99996],[80.49929,5.99996],[80.49979,5.99977],[80.50046,5.99927],[80.50057,5.99911],[80.5005,5.99894],[80.50089,5.99826],[80.50076,5.99806],[80.50034,5.99805],[80.50003,5.99817],[80.49925,5.99825],[80.49889,5.99834],[80.49855,5.99853],[80.49828,5.9988],[80.49822,5.99897]]]}},{"type":"Feature","properties":{"c":"residential"},"geometry":{"type":"Polygon","coordinates":[[[80.5222,5.98863],[80.52236,5.98901],[80.52249,5.98904],[80.52304,5.98887],[80.52373,5.98855],[80.52398,5.98836],[80.52407,5.98807],[80.52458,5.98776],[80.52491,5.98773],[80.52483,5.98725],[80.52433,5.98683],[80.52419,5.98674],[80.52406,5.98673],[80.5238,5.98698],[80.52385,5.98707],[80.5235,5.98739],[80.52303,5.98763],[80.52248,5.98782],[80.52225,5.9882],[80.5222,5.98863]]]}},{"type":"Feature","properties":{"c":"residential"},"geometry":{"type":"Polygon","coordinates":[[[80.51785,5.994],[80.51836,5.99491],[80.51861,5.99501],[80.51874,5.99516],[80.51909,5.99528],[80.51936,5.99522],[80.51972,5.99471],[80.5199,5.99465],[80.52004,5.99425],[80.52014,5.99313],[80.51859,5.99289],[80.51852,5.99314],[80.51839,5.9933],[80.51807,5.99333],[80.51787,5.99367],[80.51785,5.994]]]}},{"type":"Feature","properties":{"c":"residential"},"geometry":{"type":"Polygon","coordinates":[[[80.51517,5.99419],[80.51524,5.99439],[80.5157,5.99481],[80.51583,5.99487],[80.5161,5.99484],[80.5164,5.99461],[80.51655,5.99408],[80.51668,5.99394],[80.51687,5.99392],[80.51703,5.9938],[80.51678,5.99352],[80.51678,5.99332],[80.51664,5.99319],[80.51645,5.99314],[80.51623,5.99262],[80.51606,5.99259],[80.5159,5.99271],[80.51565,5.99361],[80.51537,5.99386],[80.51517,5.99419]]]}},{"type":"Feature","properties":{"c":"residential"},"geometry":{"type":"Polygon","coordinates":[[[80.51475,5.99224],[80.51498,5.99254],[80.51513,5.99266],[80.51532,5.99267],[80.51548,5.99257],[80.51594,5.99197],[80.51659,5.99197],[80.51663,5.99235],[80.51701,5.99256],[80.5172,5.99242],[80.51745,5.99204],[80.51744,5.99162],[80.51688,5.99075],[80.51634,5.9903],[80.51609,5.99028],[80.51567,5.99054],[80.51568,5.9907],[80.51585,5.99088],[80.51614,5.99103],[80.51625,5.99113],[80.51616,5.99149],[80.51608,5.99158],[80.516,5.99157],[80.51589,5.99141],[80.51567,5.99132],[80.51543,5.99127],[80.51525,5.99132],[80.51517,5.99164],[80.51521,5.9918],[80.51482,5.99202],[80.51475,5.99224]]]}},{"type":"Feature","properties":{"c":"residential"},"geometry":{"type":"Polygon","coordinates":[[[80.52463,5.98966],[80.52516,5.99065],[80.5252,5.99122],[80.52534,5.99145],[80.52547,5.99149],[80.52626,5.99137],[80.52651,5.99147],[80.52657,5.99159],[80.52652,5.99186],[80.52635,5.99208],[80.52587,5.99233],[80.52627,5.99267],[80.527,5.99242],[80.52756,5.99244],[80.52766,5.99253],[80.52764,5.99281],[80.52769,5.9931],[80.52876,5.9933],[80.52928,5.99316],[80.5295,5.99293],[80.52951,5.99139],[80.52936,5.9899],[80.52922,5.98954],[80.52879,5.98904],[80.52858,5.98848],[80.52811,5.98847],[80.52767,5.98817],[80.52712,5.98742],[80.52674,5.98725],[80.52629,5.98733],[80.52608,5.98772],[80.52576,5.9881],[80.52581,5.98856],[80.52607,5.98873],[80.5266,5.98866],[80.52641,5.98952],[80.52607,5.98945],[80.52582,5.98934],[80.52547,5.9889],[80.52505,5.98904],[80.52478,5.98929],[80.52463,5.98966]]]}},{"type":"Feature","properties":{"c":"cemetery","n":"Matara cemetery"},"geometry":{"type":"Polygon","coordinates":[[[80.54428,5.95592],[80.54488,5.95596],[80.54551,5.95607],[80.54536,5.95409],[80.54548,5.95355],[80.54582,5.95353],[80.54583,5.95321],[80.54456,5.95317],[80.54446,5.95504],[80.54437,5.95521],[80.54428,5.95592]]]}},{"type":"Feature","properties":{"c":"orchard","n":"Coconut Cultivation"},"geometry":{"type":"Polygon","coordinates":[[[80.47193,5.96483],[80.47198,5.96573],[80.47304,5.96652],[80.47406,5.96668],[80.47538,5.96736],[80.47587,5.96751],[80.47596,5.96725],[80.47583,5.96704],[80.47581,5.96657],[80.47618,5.96621],[80.4761,5.96597],[80.47561,5.96615],[80.47541,5.96598],[80.47553,5.96573],[80.47577,5.96561],[80.47594,5.9651],[80.47613,5.96488],[80.47663,5.96476],[80.47689,5.96409],[80.47718,5.96296],[80.477,5.96242],[80.47647,5.96158],[80.47598,5.96146],[80.4758,5.96156],[80.47556,5.96184],[80.47495,5.96304],[80.4744,5.96289],[80.47419,5.9631],[80.47372,5.96336],[80.47361,5.96389],[80.47325,5.9641],[80.47276,5.96401],[80.47206,5.96424],[80.47193,5.96483]]]}},{"type":"Feature","properties":{"c":"farmland"},"geometry":{"type":"Polygon","coordinates":[[[80.4751,5.96119],[80.47647,5.96158],[80.477,5.96242],[80.47718,5.96296],[80.47689,5.96409],[80.47663,5.96476],[80.47613,5.96488],[80.47594,5.9651],[80.47577,5.96561],[80.47553,5.96573],[80.47541,5.96598],[80.47561,5.96615],[80.4761,5.96597],[80.47618,5.96621],[80.47581,5.96657],[80.47583,5.96704],[80.47596,5.96725],[80.47614,5.96702],[80.4762,5.96655],[80.47629,5.96635],[80.4766,5.9667],[80.47699,5.96692],[80.47737,5.96695],[80.47766,5.96665],[80.47793,5.9666],[80.47825,5.9664],[80.47835,5.96624],[80.4777,5.96524],[80.47753,5.96476],[80.47745,5.96426],[80.47749,5.96363],[80.47768,5.96287],[80.47764,5.96222],[80.47708,5.96129],[80.47713,5.96086],[80.47737,5.96054],[80.47774,5.96038],[80.47797,5.96001],[80.47816,5.9599],[80.47835,5.95987],[80.47853,5.96001],[80.47874,5.96068],[80.47898,5.96089],[80.479,5.96129],[80.47939,5.96174],[80.47921,5.96273],[80.47926,5.96329],[80.47953,5.96361],[80.47969,5.9641],[80.47975,5.96454],[80.47987,5.96483],[80.48033,5.96505],[80.48061,5.96498],[80.48014,5.96475],[80.48006,5.96416],[80.48009,5.96365],[80.47991,5.96313],[80.47972,5.96311],[80.4796,5.96277],[80.47971,5.96206],[80.4798,5.9619],[80.48007,5.96166],[80.4806,5.96148],[80.48113,5.96148],[80.48163,5.96132],[80.4818,5.96138],[80.48202,5.96158],[80.48251,5.96245],[80.48274,5.96381],[80.4828,5.96384],[80.48286,5.96372],[80.48302,5.96364],[80.48357,5.96371],[80.48365,5.96363],[80.48361,5.96353],[80.48295,5.96352],[80.48286,5.96339],[80.48277,5.96309],[80.48278,5.96245],[80.48267,5.96211],[80.4827,5.9619],[80.48317,5.96173],[80.48368,5.96176],[80.48397,5.96145],[80.48374,5.96127],[80.48311,5.96131],[80.48251,5.96144],[80.48231,5.96133],[80.4819,5.96086],[80.48143,5.96096],[80.48056,5.96088],[80.48047,5.9607],[80.4797,5.96057],[80.47949,5.96004],[80.47951,5.95945],[80.47976,5.95913],[80.48008,5.95899],[80.48043,5.9592],[80.48127,5.95994],[80.48154,5.95976],[80.48142,5.95893],[80.48122,5.95841],[80.48099,5.958],[80.481,5.95768],[80.48133,5.9573],[80.48169,5.95727],[80.48211,5.95755],[80.48222,5.95786],[80.48276,5.95818],[80.48318,5.95895],[80.48343,5.95879],[80.48344,5.95837],[80.48337,5.95804],[80.48359,5.95797],[80.48401,5.95825],[80.48437,5.95859],[80.48529,5.95914],[80.48554,5.95926],[80.48621,5.95932],[80.48646,5.95956],[80.48667,5.95999],[80.48675,5.96032],[80.48676,5.96074],[80.48671,5.96105],[80.48677,5.96141],[80.48687,5.96169],[80.48701,5.96178],[80.4871,5.96165],[80.48695,5.96112],[80.48708,5.96019],[80.48709,5.95964],[80.4865,5.95896],[80.48592,5.95809],[80.48582,5.95768],[80.48597,5.95725],[80.48633,5.95701],[80.48686,5.95689],[80.48786,5.95719],[80.48815,5.95749],[80.48848,5.95743],[80.48853,5.95718],[80.48876,5.95708],[80.48944,5.957],[80.49076,5.95744],[80.49102,5.9577],[80.49115,5.95756],[80.49115,5.95727],[80.49151,5.95705],[80.49183,5.95696],[80.49234,5.95692],[80.49259,5.95715],[80.49304,5.95713],[80.49337,5.95697],[80.4936,5.95697],[80.49427,5.95727],[80.49452,5.9573],[80.49542,5.95723],[80.49568,5.95714],[80.49585,5.95698],[80.49641,5.95597],[80.49657,5.95596],[80.49671,5.95575],[80.49684,5.95574],[80.49704,5.95518],[80.49712,5.95426],[80.49695,5.95422],[80.49655,5.95432],[80.49649,5.95498],[80.49633,5.95544],[80.49607,5.95565],[80.4956,5.95585],[80.49533,5.95617],[80.49499,5.95642],[80.49441,5.95648],[80.49413,5.9564],[80.49392,5.95612],[80.49355,5.95626],[80.4932,5.95618],[80.49288,5.95633],[80.4922,5.95651],[80.4917,5.95657],[80.49116,5.9565],[80.49083,5.95626],[80.49081,5.95595],[80.48983,5.95536],[80.48955,5.95542],[80.4893,5.95584],[80.48876,5.956],[80.48793,5.95614],[80.48778,5.95586],[80.48814,5.95513],[80.48808,5.95492],[80.4875,5.9556],[80.48717,5.95558],[80.48684,5.95532],[80.48652,5.95487],[80.48595,5.95512],[80.48566,5.955],[80.48569,5.95452],[80.48599,5.95396],[80.48643,5.95376],[80.48674,5.9538],[80.48733,5.95363],[80.48786,5.95329],[80.48819,5.95314],[80.48878,5.95215],[80.48966,5.95192],[80.49019,5.95139],[80.49049,5.95117],[80.49082,5.95154],[80.49072,5.952],[80.49089,5.95214],[80.49137,5.95206],[80.49162,5.95174],[80.49152,5.95131],[80.49108,5.95101],[80.49105,5.95069],[80.49156,5.95011],[80.49216,5.94976],[80.49277,5.94913],[80.49282,5.94899],[80.49319,5.94859],[80.49334,5.94852],[80.49373,5.94847],[80.49407,5.94835],[80.49432,5.94806],[80.49445,5.94776],[80.49458,5.94726],[80.49482,5.94713],[80.49501,5.94715],[80.49521,5.94703],[80.49464,5.94672],[80.49466,5.94655],[80.49484,5.94625],[80.49467,5.94619],[80.49441,5.94629],[80.4944,5.94694],[80.49424,5.94708],[80.49393,5.94692],[80.49386,5.94644],[80.49405,5.94628],[80.49428,5.94626],[80.49439,5.94613],[80.4943,5.9457],[80.49452,5.94559],[80.49459,5.94541],[80.49441,5.94528],[80.49418,5.94526],[80.49403,5.945],[80.49404,5.94481],[80.49381,5.9448],[80.49365,5.94498],[80.4934,5.94507],[80.49332,5.94522],[80.49381,5.9453],[80.49348,5.94597],[80.49337,5.94603],[80.49349,5.94659],[80.49335,5.94682],[80.49309,5.94697],[80.49313,5.94721],[80.49303,5.94736],[80.4929,5.94738],[80.49266,5.94712],[80.49249,5.94705],[80.49199,5.94712],[80.49136,5.94732],[80.49071,5.94793],[80.49041,5.94845],[80.49028,5.94882],[80.49027,5.94915],[80.49008,5.9495],[80.48976,5.94967],[80.4894,5.94971],[80.48843,5.94964],[80.48794,5.94946],[80.48715,5.94823],[80.4872,5.94791],[80.48747,5.94759],[80.48784,5.94743],[80.48818,5.94755],[80.48866,5.94752],[80.48878,5.94737],[80.4888,5.94718],[80.48836,5.94708],[80.48769,5.94701],[80.48733,5.94673],[80.48735,5.94644],[80.48675,5.94638],[80.48654,5.9462],[80.48565,5.94654],[80.48488,5.94718],[80.48479,5.94749],[80.48519,5.94819],[80.48583,5.94865],[80.48586,5.94904],[80.48581,5.94932],[80.48611,5.94971],[80.4867,5.95002],[80.48705,5.95054],[80.48722,5.9515],[80.4872,5.95188],[80.48677,5.95224],[80.48609,5.95248],[80.4856,5.9528],[80.4854,5.95336],[80.48502,5.9537],[80.48472,5.95368],[80.48459,5.95343],[80.48438,5.95332],[80.48419,5.95343],[80.48401,5.95371],[80.48383,5.95421],[80.48356,5.95464],[80.48295,5.95471],[80.48223,5.95469],[80.48197,5.95477],[80.48198,5.95516],[80.48176,5.95546],[80.48125,5.95575],[80.48046,5.95605],[80.4789,5.95625],[80.47845,5.95655],[80.47855,5.95721],[80.47872,5.95771],[80.47867,5.95804],[80.47837,5.95834],[80.47758,5.95848],[80.47682,5.95807],[80.47694,5.95867],[80.4768,5.95944],[80.4763,5.96001],[80.47567,5.96028],[80.47532,5.96069],[80.4751,5.96119]]]}},{"type":"Feature","properties":{"c":"orchard","n":"Coconut Cultivation"},"geometry":{"type":"Polygon","coordinates":[[[80.4796,5.96277],[80.47972,5.96311],[80.47991,5.96313],[80.48009,5.96365],[80.48006,5.96416],[80.48014,5.96475],[80.48061,5.96498],[80.48035,5.96473],[80.48035,5.96454],[80.48148,5.96387],[80.48234,5.96374],[80.48274,5.96381],[80.48251,5.96245],[80.48202,5.96158],[80.4818,5.96138],[80.48163,5.96132],[80.48113,5.96148],[80.4806,5.96148],[80.48007,5.96166],[80.4798,5.9619],[80.47971,5.96206],[80.4796,5.96277]]]}},{"type":"Feature","properties":{"c":"orchard","n":"Coconut Cultivation"},"geometry":{"type":"Polygon","coordinates":[[[80.47708,5.96129],[80.47764,5.96222],[80.47768,5.96287],[80.47749,5.96363],[80.47745,5.96426],[80.47753,5.96476],[80.4777,5.96524],[80.47835,5.96624],[80.47874,5.96634],[80.47949,5.96672],[80.4808,5.96655],[80.48069,5.96621],[80.48087,5.96565],[80.48061,5.96498],[80.48033,5.96505],[80.47987,5.96483],[80.47975,5.96454],[80.47969,5.9641],[80.47953,5.96361],[80.47926,5.96329],[80.47921,5.96273],[80.47939,5.96174],[80.479,5.96129],[80.47898,5.96089],[80.47874,5.96068],[80.47853,5.96001],[80.47835,5.95987],[80.47816,5.9599],[80.47797,5.96001],[80.47774,5.96038],[80.47737,5.96054],[80.47713,5.96086],[80.47708,5.96129]]]}},{"type":"Feature","properties":{"c":"farmland"},"geometry":{"type":"Polygon","coordinates":[[[80.50214,5.96223],[80.50224,5.96231],[80.50246,5.96182],[80.50287,5.96156],[80.50345,5.96136],[80.50395,5.96138],[80.50462,5.96161],[80.50503,5.96126],[80.505,5.96112],[80.5048,5.96108],[80.50462,5.9613],[80.50443,5.96133],[80.50394,5.96115],[80.50348,5.96118],[80.50274,5.96137],[80.50231,5.96159],[80.50214,5.96223]]]}},{"type":"Feature","properties":{"c":"orchard","n":"Coconut Cultivation"},"geometry":{"type":"Polygon","coordinates":[[[80.50224,5.96231],[80.50286,5.96255],[80.50416,5.96246],[80.50461,5.96238],[80.50508,5.96259],[80.50541,5.96257],[80.50575,5.96239],[80.50596,5.96257],[80.50657,5.9622],[80.50704,5.96212],[80.50768,5.9623],[80.50804,5.96218],[80.50795,5.96171],[80.50745,5.96143],[80.5073,5.96111],[80.50745,5.96082],[80.50769,5.96077],[80.5078,5.9604],[80.50783,5.96006],[80.50803,5.95949],[80.50683,5.96033],[80.50629,5.96044],[80.50596,5.96043],[80.50522,5.9608],[80.505,5.96112],[80.50503,5.96126],[80.50462,5.96161],[80.50395,5.96138],[80.50345,5.96136],[80.50287,5.96156],[80.50246,5.96182],[80.50224,5.96231]]]}},{"type":"Feature","properties":{"c":"farmland","n":"paddy"},"geometry":{"type":"Polygon","coordinates":[[[80.595,6.24033],[80.59513,6.24047],[80.59535,6.2405],[80.59546,6.24068],[80.59544,6.24127],[80.59554,6.24148],[80.59569,6.24151],[80.59595,6.24144],[80.59627,6.24168],[80.59684,6.24184],[80.59732,6.24233],[80.59772,6.24249],[80.59843,6.24304],[80.59849,6.24339],[80.59864,6.24358],[80.59859,6.24374],[80.59802,6.24372],[80.59771,6.24362],[80.59758,6.24366],[80.59748,6.24388],[80.59707,6.24405],[80.59718,6.24426],[80.5974,6.24423],[80.59767,6.24407],[80.59797,6.24405],[80.5985,6.24415],[80.59882,6.24435],[80.59928,6.24484],[80.59938,6.24526],[80.59956,6.24539],[80.59964,6.24566],[80.59963,6.24591],[80.59944,6.24613],[80.59904,6.24607],[80.59847,6.24579],[80.59821,6.24575],[80.59809,6.24592],[80.59789,6.2461],[80.59762,6.24626],[80.5976,6.24645],[80.59795,6.24674],[80.59795,6.24693],[80.5976,6.24715],[80.59723,6.24731],[80.59691,6.24735],[80.5967,6.24749],[80.5966,6.24775],[80.59666,6.24789],[80.59699,6.24795],[80.59719,6.2479],[80.59754,6.24768],[80.59776,6.2477],[80.59797,6.24763],[80.59816,6.2474],[80.5983,6.24707],[80.59833,6.24674],[80.59846,6.24631],[80.59873,6.24619],[80.59918,6.24626],[80.59995,6.24662],[80.60004,6.24681],[80.60019,6.248],[80.60017,6.24833],[80.60008,6.24862],[80.60014,6.24872],[80.60028,6.24871],[80.60059,6.24829],[80.60056,6.24796],[80.60062,6.24739],[80.60077,6.24714],[80.60093,6.24704],[80.60137,6.24707],[80.60191,6.24729],[80.60215,6.24769],[80.60223,6.24809],[80.60213,6.24854],[80.60154,6.24892],[80.60156,6.24904],[80.60176,6.24912],[80.602,6.24912],[80.60284,6.24888],[80.60303,6.24862],[80.60312,6.24814],[80.60328,6.24776],[80.60353,6.24774],[80.60383,6.24781],[80.60465,6.24727],[80.60515,6.24729],[80.60534,6.24753],[80.60537,6.24778],[80.60522,6.2481],[80.60544,6.24813],[80.6057,6.24792],[80.60647,6.24746],[80.60651,6.24698],[80.60635,6.24683],[80.60614,6.24684],[80.60585,6.24713],[80.60566,6.24721],[80.60548,6.24705],[80.6054,6.24669],[80.60548,6.24636],[80.60585,6.24614],[80.60609,6.24606],[80.60647,6.24617],[80.60659,6.24644],[80.60707,6.24609],[80.60741,6.24559],[80.60846,6.24531],[80.60881,6.24483],[80.609,6.24474],[80.60942,6.24477],[80.60963,6.24473],[80.60997,6.24456],[80.61079,6.24455],[80.61137,6.24443],[80.61214,6.24415],[80.61245,6.24399],[80.61255,6.24384],[80.61345,6.24376],[80.61359,6.24388],[80.61385,6.24393],[80.61401,6.2439],[80.61434,6.24356],[80.61457,6.2432],[80.6134,6.24332],[80.61306,6.24324],[80.61272,6.24336],[80.6118,6.24349],[80.61102,6.24384],[80.61072,6.24371],[80.6106,6.24351],[80.61059,6.24338],[80.61072,6.24317],[80.61105,6.24297],[80.61114,6.24287],[80.61111,6.24275],[80.61096,6.24267],[80.61084,6.2427],[80.61072,6.2429],[80.61039,6.24321],[80.61006,6.2433],[80.6097,6.24309],[80.6096,6.24296],[80.60955,6.2426],[80.60973,6.24229],[80.60976,6.24212],[80.60963,6.24202],[80.60946,6.24208],[80.60938,6.24239],[80.60922,6.24247],[80.60905,6.24246],[80.60885,6.24218],[80.60879,6.24184],[80.60879,6.24147],[80.60874,6.2413],[80.60861,6.24118],[80.60809,6.24109],[80.60776,6.24097],[80.60735,6.24065],[80.60717,6.24064],[80.60714,6.2408],[80.60699,6.24088],[80.60682,6.24083],[80.60669,6.2407],[80.60653,6.24063],[80.60638,6.24071],[80.60663,6.24096],[80.60687,6.24111],[80.60704,6.24115],[80.6074,6.24114],[80.60823,6.24146],[80.60842,6.24176],[80.60868,6.2424],[80.60914,6.24266],[80.60939,6.24291],[80.60946,6.24308],[80.6095,6.24344],[80.60926,6.24385],[80.60908,6.24402],[80.60894,6.24406],[80.60845,6.24399],[80.60783,6.2437],[80.60746,6.24373],[80.60735,6.24379],[80.60729,6.24389],[80.60729,6.24401],[80.60718,6.24423],[80.60691,6.24446],[80.60666,6.24452],[80.60654,6.24449],[80.60628,6.24391],[80.60607,6.24377],[80.60591,6.24359],[80.60585,6.24336],[80.60562,6.24342],[80.60558,6.24353],[80.60586,6.24376],[80.60588,6.24401],[80.60634,6.24444],[80.60638,6.24467],[80.60645,6.24477],[80.60669,6.24485],[80.60679,6.24478],[80.60703,6.24489],[80.60707,6.24517],[80.60701,6.24544],[80.60663,6.24541],[80.60644,6.24555],[80.60594,6.24538],[80.60552,6.2453],[80.60524,6.24509],[80.60507,6.24477],[80.60463,6.24479],[80.60438,6.24469],[80.60394,6.24431],[80.60357,6.2441],[80.60351,6.24384],[80.60325,6.24385],[80.6031,6.24406],[80.60313,6.24442],[80.6032,6.24447],[80.60364,6.2445],[80.60381,6.24455],[80.60402,6.24468],[80.60429,6.24497],[80.60462,6.24503],[80.60512,6.24528],[80.60558,6.24558],[80.60567,6.24584],[80.60525,6.24614],[80.60477,6.24659],[80.6044,6.24673],[80.60402,6.24723],[80.60368,6.24725],[80.60321,6.24741],[80.60298,6.24742],[80.6027,6.24719],[80.60265,6.24709],[80.6023,6.24697],[80.60217,6.24678],[80.60189,6.2466],[80.60161,6.24656],[80.60134,6.24621],[80.60065,6.2458],[80.60052,6.24567],[80.60022,6.24556],[80.60004,6.2454],[80.59985,6.24512],[80.59979,6.24484],[80.59985,6.2445],[80.60005,6.24432],[80.6004,6.2443],[80.6007,6.24439],[80.60083,6.24449],[80.60082,6.24473],[80.60056,6.24501],[80.60051,6.24514],[80.60063,6.24515],[80.60106,6.24471],[80.60127,6.24464],[80.60135,6.24454],[80.60135,6.24434],[80.60124,6.24417],[80.60095,6.24414],[80.60081,6.24401],[80.60081,6.24384],[80.60111,6.24331],[80.60128,6.24314],[80.60147,6.24261],[80.60135,6.24242],[80.60118,6.24247],[80.60107,6.24238],[80.60109,6.24212],[80.60076,6.24202],[80.60061,6.24206],[80.60062,6.24213],[80.601,6.2424],[80.60105,6.24253],[80.60103,6.24273],[80.60099,6.24288],[80.60081,6.24311],[80.60039,6.24351],[80.60029,6.24385],[80.59942,6.24418],[80.59926,6.24412],[80.59916,6.24398],[80.59915,6.24376],[80.59892,6.24333],[80.5989,6.24309],[80.59882,6.24294],[80.59868,6.24274],[80.59824,6.24235],[80.59819,6.24222],[80.59818,6.24206],[80.59833,6.24192],[80.59854,6.24184],[80.59926,6.24179],[80.59937,6.24173],[80.5993,6.24164],[80.59871,6.24156],[80.59828,6.24168],[80.59777,6.24196],[80.5975,6.24184],[80.59735,6.24167],[80.59728,6.24143],[80.59736,6.2412],[80.59735,6.2409],[80.59725,6.24055],[80.59691,6.24051],[80.59685,6.24065],[80.59682,6.2411],[80.59676,6.24125],[80.59655,6.24132],[80.5963,6.24129],[80.59585,6.24079],[80.59584,6.24056],[80.59567,6.24037],[80.59564,6.24006],[80.59555,6.23996],[80.5954,6.23998],[80.59505,6.24018],[80.595,6.24033]]]}},{"type":"Feature","properties":{"c":"military","n":"Matara Army Camp"},"geometry":{"type":"Polygon","coordinates":[[[80.54698,5.94507],[80.54704,5.94565],[80.54732,5.94575],[80.54783,5.94571],[80.54806,5.94559],[80.54819,5.94564],[80.54842,5.94553],[80.54861,5.94552],[80.54866,5.94532],[80.54849,5.94506],[80.54833,5.945],[80.54698,5.94507]]]}},{"type":"Feature","properties":{"c":"farmland"},"geometry":{"type":"Polygon","coordinates":[[[80.47604,5.97142],[80.47606,5.97155],[80.47659,5.97159],[80.4771,5.97184],[80.47771,5.97238],[80.47821,5.9726],[80.47916,5.97328],[80.47937,5.97348],[80.4795,5.97374],[80.47938,5.97427],[80.47887,5.97448],[80.47774,5.97438],[80.47693,5.97412],[80.47665,5.97416],[80.47656,5.97424],[80.47649,5.97436],[80.47658,5.97459],[80.47683,5.97467],[80.47768,5.97456],[80.47844,5.97465],[80.47877,5.97494],[80.47885,5.97519],[80.47882,5.97559],[80.47888,5.9757],[80.47901,5.97573],[80.47918,5.97554],[80.47918,5.9754],[80.47905,5.97519],[80.4791,5.97476],[80.47936,5.97453],[80.47977,5.97454],[80.48082,5.97489],[80.4814,5.97521],[80.48156,5.97551],[80.48155,5.97594],[80.48091,5.97673],[80.4807,5.97713],[80.48036,5.97746],[80.4799,5.9777],[80.47914,5.9775],[80.47865,5.97753],[80.47827,5.97766],[80.47773,5.97809],[80.47754,5.97834],[80.47764,5.97842],[80.47886,5.97827],[80.47942,5.97828],[80.48016,5.97838],[80.48031,5.97851],[80.48033,5.97879],[80.48014,5.97919],[80.47988,5.97954],[80.47886,5.97977],[80.4782,5.97975],[80.47825,5.98],[80.47889,5.9802],[80.47935,5.98008],[80.47973,5.98011],[80.48007,5.98026],[80.48018,5.9801],[80.48013,5.97993],[80.48017,5.97975],[80.4808,5.97936],[80.48136,5.97951],[80.48139,5.97968],[80.48099,5.98034],[80.48159,5.9803],[80.48217,5.98015],[80.48193,5.97995],[80.48231,5.9792],[80.48258,5.97907],[80.48297,5.97907],[80.48352,5.97942],[80.48368,5.98065],[80.48387,5.98104],[80.48422,5.98121],[80.4845,5.98123],[80.48503,5.98073],[80.4853,5.98058],[80.48584,5.98042],[80.48622,5.98038],[80.48719,5.98038],[80.48769,5.98053],[80.4879,5.98109],[80.48842,5.9813],[80.48873,5.98167],[80.48882,5.98161],[80.48873,5.98124],[80.48882,5.98063],[80.48976,5.98016],[80.49059,5.98016],[80.49111,5.98056],[80.49097,5.98112],[80.49063,5.98144],[80.49062,5.98174],[80.49035,5.98205],[80.48964,5.9821],[80.48956,5.98249],[80.49024,5.98281],[80.49042,5.98263],[80.49035,5.98247],[80.49072,5.98219],[80.49082,5.98234],[80.49101,5.98218],[80.49109,5.98196],[80.49192,5.9819],[80.49242,5.982],[80.49314,5.98268],[80.49359,5.98265],[80.49378,5.9825],[80.49386,5.98254],[80.49383,5.98273],[80.49499,5.98354],[80.49548,5.98362],[80.49579,5.98391],[80.49632,5.98372],[80.49683,5.98365],[80.49763,5.98368],[80.49822,5.9836],[80.4989,5.984],[80.49935,5.98417],[80.49944,5.98399],[80.49893,5.98354],[80.49827,5.98334],[80.49769,5.98323],[80.49592,5.98329],[80.49551,5.98319],[80.49488,5.98274],[80.49445,5.98251],[80.49402,5.9819],[80.49389,5.98072],[80.49409,5.9807],[80.49432,5.98079],[80.49527,5.97978],[80.49587,5.97988],[80.49633,5.98048],[80.49639,5.98066],[80.49629,5.98158],[80.49637,5.98175],[80.49656,5.98178],[80.49678,5.98149],[80.49711,5.98131],[80.4972,5.98114],[80.49667,5.98099],[80.49656,5.98084],[80.49649,5.9799],[80.49734,5.97954],[80.49754,5.97953],[80.49769,5.97963],[80.49753,5.98036],[80.49764,5.9805],[80.49819,5.98068],[80.49838,5.98067],[80.49804,5.9801],[80.49809,5.97968],[80.49844,5.97941],[80.499,5.97924],[80.49961,5.97913],[80.49978,5.97896],[80.49991,5.97854],[80.50014,5.97833],[80.50054,5.97815],[80.50099,5.97824],[80.50116,5.97812],[80.50071,5.97762],[80.5009,5.977],[80.50183,5.97692],[80.50198,5.97714],[80.50194,5.97744],[80.50203,5.97754],[80.50214,5.97806],[80.50225,5.97813],[80.50239,5.97814],[80.50287,5.97787],[80.50328,5.97789],[80.50332,5.97802],[80.50323,5.97826],[80.50303,5.97861],[80.50265,5.97895],[80.50258,5.97906],[80.50265,5.97918],[80.5029,5.97917],[80.50332,5.97885],[80.50373,5.97891],[80.50381,5.97881],[80.50389,5.97854],[80.50403,5.97832],[80.50416,5.97834],[80.50426,5.9786],[80.50442,5.9788],[80.50481,5.97912],[80.50498,5.97963],[80.50488,5.97986],[80.50486,5.98012],[80.50471,5.98032],[80.50431,5.98041],[80.50423,5.9805],[80.50417,5.98061],[80.50417,5.98074],[80.50422,5.98086],[80.50435,5.98091],[80.505,5.98073],[80.50525,5.98042],[80.50537,5.98037],[80.50565,5.98037],[80.5058,5.98016],[80.50617,5.97997],[80.50625,5.97986],[80.50624,5.97973],[80.50615,5.97963],[80.50585,5.97966],[80.50574,5.97975],[80.50546,5.97978],[80.50526,5.97961],[80.50557,5.97909],[80.50593,5.97871],[80.50615,5.97869],[80.50625,5.97845],[80.50617,5.97827],[80.50612,5.97793],[80.50632,5.97765],[80.5065,5.97759],[80.50679,5.97762],[80.50694,5.97773],[80.50699,5.97794],[80.5069,5.97819],[80.50746,5.97998],[80.50746,5.98038],[80.50737,5.98084],[80.50709,5.98113],[80.50673,5.98119],[80.50639,5.98118],[80.50631,5.98136],[80.50655,5.98183],[80.5067,5.98194],[80.50782,5.98086],[80.50858,5.98024],[80.50932,5.9798],[80.50882,5.97931],[80.50823,5.97797],[80.50796,5.97776],[80.50789,5.9775],[80.50802,5.9772],[80.50835,5.97703],[80.50868,5.97703],[80.50898,5.9776],[80.5091,5.97756],[80.50914,5.97711],[80.50923,5.97685],[80.50976,5.97686],[80.50994,5.97671],[80.51008,5.97597],[80.5102,5.97571],[80.51043,5.97558],[80.51061,5.97561],[80.51078,5.97575],[80.51077,5.97596],[80.51066,5.97638],[80.51079,5.97674],[80.51107,5.97712],[80.51157,5.97716],[80.51188,5.97661],[80.51207,5.97638],[80.51208,5.97623],[80.51161,5.97578],[80.51163,5.97556],[80.5119,5.97532],[80.51202,5.97513],[80.51233,5.97499],[80.51258,5.97506],[80.5134,5.97558],[80.51347,5.97597],[80.5134,5.97639],[80.51401,5.97605],[80.51459,5.9758],[80.5156,5.97566],[80.51624,5.97572],[80.51649,5.97494],[80.51706,5.97444],[80.517,5.97401],[80.5164,5.97351],[80.51632,5.97317],[80.51625,5.97254],[80.51613,5.97218],[80.51594,5.97208],[80.51566,5.97228],[80.51537,5.97274],[80.51494,5.97279],[80.51483,5.97264],[80.5148,5.97228],[80.5147,5.97185],[80.51461,5.97077],[80.51479,5.97049],[80.51539,5.97048],[80.51547,5.97029],[80.51541,5.96994],[80.51483,5.9696],[80.5149,5.96914],[80.51515,5.96879],[80.51553,5.96848],[80.5159,5.9685],[80.51647,5.96872],[80.51684,5.96902],[80.51729,5.96891],[80.51737,5.96868],[80.518,5.96856],[80.51864,5.96852],[80.51911,5.96782],[80.51953,5.96759],[80.51963,5.96734],[80.5197,5.9666],[80.51937,5.96642],[80.51902,5.96648],[80.51865,5.96631],[80.51843,5.96577],[80.51837,5.96527],[80.51851,5.96509],[80.51906,5.96497],[80.51947,5.96468],[80.51964,5.9643],[80.51948,5.964],[80.51947,5.9636],[80.51973,5.96332],[80.52007,5.9631],[80.52058,5.96322],[80.52095,5.96314],[80.52098,5.96295],[80.52059,5.96274],[80.52049,5.96237],[80.52053,5.96202],[80.52071,5.96172],[80.52085,5.96132],[80.52078,5.96086],[80.52047,5.96033],[80.52039,5.95989],[80.52058,5.95952],[80.52101,5.95933],[80.52139,5.95933],[80.52154,5.95922],[80.52179,5.95856],[80.52206,5.95855],[80.52231,5.95881],[80.52241,5.95929],[80.52332,5.95951],[80.52261,5.96073],[80.52177,5.96016],[80.52166,5.96026],[80.52142,5.96084],[80.52163,5.96146],[80.52231,5.96196],[80.52299,5.96203],[80.52336,5.96188],[80.52328,5.9615],[80.52385,5.96097],[80.52456,5.96136],[80.52568,5.961],[80.52589,5.96026],[80.52567,5.95979],[80.52506,5.95981],[80.5247,5.95956],[80.52455,5.95915],[80.52451,5.95865],[80.52432,5.95846],[80.52402,5.9585],[80.52376,5.95831],[80.52395,5.95783],[80.52376,5.95765],[80.52322,5.95745],[80.52305,5.95673],[80.52264,5.9564],[80.52254,5.95616],[80.52214,5.95591],[80.52177,5.95595],[80.52138,5.95644],[80.52102,5.95644],[80.52079,5.95612],[80.52032,5.95607],[80.5195,5.95631],[80.51897,5.95613],[80.51862,5.95656],[80.51803,5.95671],[80.51796,5.95696],[80.51766,5.95742],[80.51733,5.95775],[80.51693,5.95786],[80.51642,5.95785],[80.51625,5.95775],[80.51603,5.9578],[80.51529,5.95779],[80.51495,5.95772],[80.5148,5.95788],[80.51469,5.95819],[80.51436,5.95841],[80.51435,5.95858],[80.51454,5.95869],[80.51526,5.95852],[80.51591,5.95853],[80.516,5.9587],[80.51603,5.95912],[80.51598,5.95942],[80.51501,5.9597],[80.51465,5.96011],[80.51425,5.96039],[80.51371,5.96048],[80.51354,5.96016],[80.51309,5.96021],[80.51278,5.95999],[80.51225,5.96001],[80.5121,5.96023],[80.51282,5.96034],[80.51337,5.96071],[80.514,5.96084],[80.51447,5.96082],[80.51459,5.96106],[80.51438,5.96149],[80.51482,5.96145],[80.51506,5.96122],[80.51509,5.9603],[80.51544,5.96001],[80.51579,5.95993],[80.51622,5.96008],[80.5164,5.9601],[80.5165,5.96001],[80.51653,5.95981],[80.51689,5.9589],[80.51716,5.95838],[80.51733,5.95828],[80.51747,5.95804],[80.51759,5.95798],[80.51809,5.95796],[80.51854,5.95771],[80.51889,5.95762],[80.51916,5.9578],[80.51933,5.95832],[80.51932,5.95886],[80.51915,5.95951],[80.51923,5.95966],[80.51955,5.95981],[80.51965,5.96008],[80.51958,5.96042],[80.51886,5.96111],[80.51891,5.96126],[80.51908,5.96122],[80.51957,5.96067],[80.51996,5.96045],[80.52027,5.96059],[80.52029,5.96096],[80.51999,5.96179],[80.51977,5.9621],[80.51935,5.9625],[80.51828,5.96277],[80.51785,5.96296],[80.51742,5.96388],[80.5171,5.96441],[80.51664,5.96558],[80.51636,5.96587],[80.51595,5.96595],[80.51571,5.96571],[80.51581,5.96484],[80.51559,5.96457],[80.51515,5.96463],[80.51473,5.96493],[80.51472,5.96522],[80.51479,5.96544],[80.5147,5.96576],[80.51456,5.96598],[80.51453,5.96633],[80.51441,5.96666],[80.51414,5.9668],[80.51379,5.96674],[80.51351,5.96652],[80.51348,5.96626],[80.51355,5.966],[80.51285,5.96583],[80.51266,5.96544],[80.51266,5.96505],[80.5128,5.9648],[80.5132,5.96479],[80.51334,5.96436],[80.51328,5.96408],[80.51311,5.96408],[80.51291,5.96389],[80.51291,5.96335],[80.51307,5.96296],[80.51286,5.96299],[80.51269,5.96314],[80.51247,5.9632],[80.5124,5.96346],[80.51247,5.96379],[80.51221,5.96409],[80.5118,5.96421],[80.51131,5.96414],[80.5113,5.96393],[80.51175,5.96327],[80.51179,5.963],[80.51141,5.96296],[80.51119,5.96282],[80.51091,5.96312],[80.51071,5.96343],[80.51056,5.96322],[80.51026,5.96298],[80.51021,5.96324],[80.51043,5.96352],[80.51046,5.96403],[80.51033,5.96454],[80.51063,5.96499],[80.51038,5.96536],[80.50971,5.96552],[80.50929,5.96488],[80.50872,5.96471],[80.50827,5.96485],[80.50769,5.96516],[80.50747,5.96517],[80.50761,5.9647],[80.50738,5.96437],[80.5071,5.96435],[80.50686,5.96411],[80.50667,5.96419],[80.50663,5.96444],[80.50675,5.9647],[80.50676,5.96508],[80.50657,5.96532],[80.50623,5.96545],[80.50577,5.96533],[80.50568,5.96502],[80.50536,5.96483],[80.50508,5.96457],[80.50481,5.96445],[80.50412,5.96469],[80.50345,5.9642],[80.50314,5.96332],[80.50251,5.96333],[80.50238,5.96326],[80.50224,5.96288],[80.5021,5.96283],[80.50199,5.96292],[80.50189,5.96324],[80.50125,5.96333],[80.5009,5.96325],[80.50071,5.9631],[80.50017,5.96316],[80.49947,5.96277],[80.49872,5.96279],[80.49859,5.96258],[80.49838,5.96258],[80.4979,5.96284],[80.49757,5.96267],[80.49706,5.96264],[80.49629,5.96282],[80.49607,5.96294],[80.4952,5.96273],[80.49501,5.96249],[80.49443,5.96249],[80.49434,5.96263],[80.49436,5.96293],[80.49464,5.96318],[80.49499,5.96314],[80.49541,5.96369],[80.49552,5.96404],[80.49579,5.96358],[80.49613,5.96325],[80.49748,5.96307],[80.49774,5.96317],[80.4985,5.96304],[80.49901,5.96321],[80.49937,5.96362],[80.49967,5.96446],[80.5001,5.96503],[80.50049,5.96521],[80.50101,5.96567],[80.50154,5.96558],[80.50164,5.96502],[80.50213,5.96447],[80.50265,5.96429],[80.50275,5.96431],[80.50284,5.96449],[80.50273,5.96484],[80.50274,5.96518],[80.50327,5.96579],[80.50321,5.96607],[80.50275,5.96666],[80.50164,5.96744],[80.50125,5.96745],[80.50034,5.96796],[80.50035,5.96809],[80.50051,5.96832],[80.50075,5.9684],[80.50088,5.9684],[80.50098,5.96833],[80.50119,5.968],[80.50143,5.96786],[80.50309,5.96744],[80.50385,5.9669],[80.50396,5.96647],[80.50415,5.96625],[80.50617,5.9667],[80.50654,5.96655],[80.50719,5.96669],[80.50744,5.96683],[80.50843,5.96637],[80.50913,5.9668],[80.50938,5.96681],[80.50971,5.96668],[80.5102,5.96667],[80.51072,5.96654],[80.51131,5.96669],[80.5118,5.96703],[80.51194,5.96717],[80.51196,5.9673],[80.51169,5.96743],[80.51112,5.96741],[80.51095,5.96759],[80.51056,5.96766],[80.51031,5.96753],[80.51012,5.96722],[80.51004,5.96716],[80.50983,5.96715],[80.50956,5.96724],[80.50948,5.9675],[80.50931,5.96768],[80.5088,5.96766],[80.50864,5.96757],[80.5082,5.96757],[80.50811,5.96761],[80.50806,5.96779],[80.50811,5.96796],[80.50841,5.96799],[80.50878,5.96793],[80.50913,5.96808],[80.50937,5.96835],[80.50941,5.96864],[80.50924,5.96897],[80.50933,5.96929],[80.50919,5.96958],[80.50887,5.96986],[80.50856,5.97001],[80.5083,5.97008],[80.50809,5.96996],[80.50792,5.96972],[80.50774,5.96965],[80.50764,5.96965],[80.50736,5.96978],[80.50708,5.97],[80.50668,5.97006],[80.5063,5.96976],[80.50569,5.96975],[80.50565,5.96983],[80.50574,5.96999],[80.5062,5.97015],[80.50634,5.97053],[80.50611,5.97071],[80.50565,5.9707],[80.50541,5.97086],[80.50523,5.9709],[80.50512,5.97088],[80.50498,5.97075],[80.50476,5.97002],[80.50466,5.96986],[80.50406,5.96969],[80.50334,5.96937],[80.50274,5.96921],[80.50236,5.96923],[80.50219,5.96931],[80.50213,5.96949],[80.50194,5.96957],[80.50177,5.96948],[80.50165,5.96894],[80.50148,5.96885],[80.50129,5.96885],[80.5012,5.96901],[80.50132,5.96955],[80.50141,5.96972],[80.5018,5.97009],[80.50201,5.97039],[80.50205,5.97058],[80.50202,5.97097],[80.50189,5.9711],[80.50155,5.97129],[80.50099,5.97206],[80.50039,5.97186],[80.49996,5.97196],[80.49957,5.97195],[80.49953,5.97213],[80.49967,5.97225],[80.50005,5.97228],[80.5003,5.97252],[80.50031,5.97288],[80.5002,5.97305],[80.50001,5.97312],[80.49981,5.97312],[80.49948,5.97295],[80.49871,5.97291],[80.49841,5.97269],[80.49766,5.97238],[80.49733,5.97216],[80.49709,5.97185],[80.49688,5.97134],[80.49652,5.97127],[80.49622,5.97139],[80.49512,5.97203],[80.49271,5.9721],[80.49118,5.97238],[80.48986,5.97443],[80.48968,5.97509],[80.48906,5.97556],[80.48823,5.97546],[80.48751,5.97516],[80.48696,5.97516],[80.48544,5.9766],[80.48504,5.97671],[80.48414,5.97655],[80.48349,5.97618],[80.48304,5.97578],[80.48277,5.97565],[80.48209,5.97505],[80.48113,5.97445],[80.4804,5.97381],[80.48001,5.97371],[80.47961,5.97324],[80.47934,5.97279],[80.47843,5.9724],[80.47791,5.972],[80.4776,5.97151],[80.47755,5.97095],[80.47745,5.97087],[80.47735,5.97095],[80.47716,5.97135],[80.47704,5.9714],[80.47604,5.97142]],[[80.48055,5.97859],[80.48062,5.97833],[80.48072,5.97826],[80.48113,5.97816],[80.48167,5.97821],[80.48179,5.97829],[80.48191,5.97851],[80.4819,5.97864],[80.48179,5.97887],[80.48162,5.97905],[80.48124,5.97912],[80.48072,5.97889],[80.48057,5.97872],[80.48055,5.97859]],[[80.50035,5.97479],[80.5004,5.97439],[80.50049,5.97417],[80.50081,5.97398],[80.50117,5.97406],[80.5015,5.97425],[80.50168,5.97427],[80.502,5.97406],[80.50259,5.97406],[80.50293,5.97418],[80.50301,5.97435],[80.50299,5.97452],[80.50283,5.97483],[80.50256,5.97509],[80.50222,5.97524],[80.50164,5.97534],[80.50131,5.97554],[80.50068,5.97578],[80.50046,5.97568],[80.5004,5.9755],[80.50045,5.97513],[80.50035,5.97479]],[[80.50504,5.97715],[80.50518,5.97684],[80.50571,5.97667],[80.50588,5.97667],[80.50606,5.97675],[80.50631,5.97739],[80.50627,5.97755],[80.50577,5.97769],[80.50544,5.97766],[80.50519,5.97748],[80.50504,5.97715]],[[80.50534,5.9754],[80.50551,5.97499],[80.50569,5.97476],[80.5057,5.97449],[80.50606,5.97417],[80.50615,5.97403],[80.50641,5.97398],[80.50664,5.97404],[80.50674,5.97418],[80.50673,5.97474],[80.50635,5.97534],[80.50619,5.97542],[80.50606,5.97571],[80.50589,5.97578],[80.50568,5.97575],[80.50534,5.9754]],[[80.50749,5.97552],[80.50761,5.97506],[80.50781,5.9748],[80.50824,5.9746],[80.50881,5.97453],[80.50941,5.97457],[80.50997,5.97484],[80.5097,5.9751],[80.50972,5.97534],[80.50946,5.97547],[80.50926,5.97565],[80.50909,5.9759],[80.50874,5.97618],[80.50826,5.97644],[80.50809,5.97639],[80.50793,5.97611],[80.50763,5.97592],[80.50749,5.97552]],[[80.509,5.97229],[80.50923,5.97149],[80.50976,5.97094],[80.51027,5.97068],[80.51092,5.97061],[80.5116,5.9707],[80.51211,5.97105],[80.51251,5.97141],[80.51301,5.97206],[80.51322,5.97247],[80.51332,5.97287],[80.51331,5.97332],[80.51338,5.97353],[80.51369,5.97386],[80.5135,5.97407],[80.51315,5.97414],[80.5129,5.97406],[80.51268,5.97374],[80.51228,5.97359],[80.51221,5.9736],[80.51204,5.97369],[80.51201,5.97397],[80.51216,5.97422],[80.51212,5.97449],[80.51166,5.97466],[80.51133,5.97455],[80.51102,5.97425],[80.51084,5.97395],[80.5105,5.97366],[80.51034,5.97325],[80.51035,5.97283],[80.51019,5.97255],[80.50993,5.9726],[80.50958,5.9728],[80.50934,5.97273],[80.509,5.97229]],[[80.51803,5.96374],[80.51811,5.96341],[80.51826,5.96322],[80.51849,5.96314],[80.51879,5.96322],[80.51904,5.96342],[80.5191,5.96397],[80.51896,5.96447],[80.51887,5.96463],[80.51867,5.96475],[80.51856,5.96474],[80.51827,5.96445],[80.51814,5.96417],[80.51803,5.96374]],[[80.51945,5.95878],[80.51963,5.95841],[80.52004,5.95821],[80.52045,5.95825],[80.52064,5.95835],[80.52074,5.9585],[80.52044,5.95892],[80.52006,5.95911],[80.51969,5.95916],[80.51949,5.95895],[80.51945,5.95878]]]}},{"type":"Feature","properties":{"c":"meadow"},"geometry":{"type":"Polygon","coordinates":[[[80.46823,5.94817],[80.46824,5.94831],[80.46842,5.94849],[80.46864,5.94855],[80.4691,5.9485],[80.46957,5.94834],[80.47005,5.9483],[80.47075,5.94844],[80.47171,5.94874],[80.47291,5.94866],[80.47314,5.94874],[80.47344,5.94897],[80.47392,5.9491],[80.47416,5.94909],[80.47487,5.94884],[80.47556,5.94851],[80.47652,5.94863],[80.47754,5.94895],[80.47824,5.94901],[80.47896,5.94898],[80.47931,5.94917],[80.4795,5.94933],[80.47996,5.94947],[80.48056,5.94949],[80.48079,5.94922],[80.48078,5.94911],[80.48029,5.94889],[80.47997,5.94845],[80.47922,5.9487],[80.47775,5.94842],[80.47686,5.94834],[80.47671,5.94822],[80.47651,5.94816],[80.47634,5.94785],[80.47598,5.94757],[80.47582,5.94728],[80.47567,5.94723],[80.47515,5.94735],[80.47461,5.9473],[80.47424,5.94733],[80.47307,5.94766],[80.47208,5.94767],[80.47107,5.94793],[80.47079,5.94791],[80.47068,5.94832],[80.47063,5.94832],[80.47067,5.94797],[80.47027,5.94803],[80.47015,5.94798],[80.47064,5.94781],[80.47108,5.94784],[80.47139,5.94774],[80.47253,5.94755],[80.4729,5.9476],[80.47424,5.94726],[80.47472,5.94718],[80.47515,5.94722],[80.47565,5.94706],[80.47606,5.94646],[80.4767,5.94594],[80.47713,5.94518],[80.47737,5.94489],[80.47721,5.94477],[80.47707,5.94476],[80.47601,5.94523],[80.47512,5.9454],[80.47461,5.94541],[80.47411,5.94534],[80.47373,5.94547],[80.4734,5.94599],[80.47328,5.94606],[80.47289,5.94613],[80.47239,5.94575],[80.47234,5.94564],[80.47247,5.94518],[80.47253,5.9447],[80.47249,5.94458],[80.47218,5.94438],[80.4721,5.94416],[80.47198,5.94417],[80.47166,5.94399],[80.47113,5.94398],[80.47081,5.94361],[80.47078,5.9435],[80.46992,5.94267],[80.46962,5.94241],[80.46925,5.94234],[80.46913,5.9424],[80.46909,5.94252],[80.46912,5.94289],[80.46969,5.9437],[80.46986,5.94431],[80.46989,5.94493],[80.46967,5.9457],[80.4697,5.94631],[80.4696,5.9464],[80.46937,5.9465],[80.46922,5.9467],[80.46933,5.94694],[80.46972,5.94741],[80.46974,5.94757],[80.46965,5.94768],[80.46953,5.94772],[80.4688,5.94783],[80.46823,5.94817]]]}},{"type":"Feature","properties":{"c":"scrub"},"geometry":{"type":"Polygon","coordinates":[[[80.65087,6.12021],[80.6509,6.12036],[80.6513,6.1206],[80.65148,6.121],[80.65185,6.12137],[80.65225,6.12154],[80.65286,6.12202],[80.6535,6.12244],[80.65431,6.1226],[80.65475,6.1228],[80.65504,6.12281],[80.65542,6.12306],[80.656,6.12324],[80.65632,6.12329],[80.65656,6.12344],[80.6572,6.12345],[80.65749,6.12355],[80.65777,6.12367],[80.6579,6.12395],[80.65833,6.12411],[80.65866,6.12439],[80.65901,6.12445],[80.65932,6.1244],[80.65963,6.12447],[80.66017,6.12473],[80.66076,6.12491],[80.66103,6.12505],[80.66134,6.12499],[80.66148,6.12491],[80.66163,6.1249],[80.66192,6.12497],[80.66269,6.12546],[80.66297,6.12545],[80.66318,6.12567],[80.66342,6.12582],[80.66391,6.12594],[80.66398,6.12622],[80.66446,6.12625],[80.66458,6.1263],[80.66484,6.12624],[80.66539,6.12622],[80.66566,6.12638],[80.66591,6.12661],[80.66604,6.12668],[80.66652,6.12674],[80.6667,6.12697],[80.66729,6.12726],[80.66777,6.12727],[80.6684,6.12713],[80.66858,6.12689],[80.66866,6.1263],[80.66876,6.12617],[80.6688,6.12589],[80.66845,6.12543],[80.6682,6.12528],[80.66804,6.12527],[80.66719,6.12482],[80.66656,6.12438],[80.66591,6.12403],[80.66528,6.12342],[80.6643,6.12321],[80.66396,6.12295],[80.66339,6.12269],[80.66323,6.12264],[80.662,6.12262],[80.66157,6.12247],[80.66125,6.12247],[80.66097,6.12239],[80.66029,6.12197],[80.6596,6.12201],[80.6592,6.12188],[80.65875,6.1218],[80.65862,6.12172],[80.65835,6.12136],[80.65813,6.12117],[80.65726,6.1206],[80.65712,6.12056],[80.65553,6.12057],[80.65509,6.12052],[80.65375,6.11993],[80.65359,6.11989],[80.65272,6.11993],[80.65215,6.1197],[80.65198,6.11968],[80.65164,6.11971],[80.6511,6.11987],[80.65097,6.11996],[80.65087,6.12021]]]}},{"type":"Feature","properties":{"c":"farmland","n":"paddy"},"geometry":{"type":"Polygon","coordinates":[[[80.6514,6.12317],[80.65143,6.12331],[80.65166,6.12324],[80.65181,6.12329],[80.65188,6.12343],[80.652,6.12351],[80.65212,6.12385],[80.65222,6.12395],[80.65244,6.12395],[80.65305,6.12362],[80.65334,6.1236],[80.65348,6.12353],[80.65403,6.12346],[80.65449,6.12352],[80.6547,6.12361],[80.65525,6.12389],[80.65574,6.12421],[80.65578,6.1245],[80.65565,6.1249],[80.65565,6.12512],[80.65573,6.12523],[80.65581,6.12523],[80.65584,6.12517],[80.65593,6.12457],[80.65605,6.12438],[80.65642,6.12433],[80.65661,6.12423],[80.6569,6.12431],[80.65794,6.12427],[80.65849,6.12438],[80.65894,6.12464],[80.65932,6.1246],[80.65955,6.12462],[80.66009,6.12493],[80.66077,6.12508],[80.66165,6.12565],[80.66204,6.12571],[80.66225,6.1258],[80.66255,6.12608],[80.66282,6.12613],[80.66322,6.12631],[80.66358,6.1264],[80.66366,6.12647],[80.66376,6.12672],[80.66409,6.12697],[80.66418,6.1271],[80.6642,6.1272],[80.66404,6.12738],[80.66344,6.12738],[80.66293,6.12743],[80.66242,6.12759],[80.66225,6.12769],[80.66204,6.12791],[80.66185,6.12796],[80.66144,6.12795],[80.66119,6.12779],[80.66079,6.12777],[80.66051,6.12763],[80.66031,6.12767],[80.66031,6.12777],[80.66063,6.12804],[80.66071,6.12824],[80.66081,6.12828],[80.66179,6.12819],[80.66227,6.12793],[80.6625,6.12769],[80.66293,6.12756],[80.66392,6.12759],[80.66424,6.12783],[80.66448,6.12827],[80.66441,6.12877],[80.66428,6.12914],[80.66428,6.12935],[80.66384,6.13005],[80.66323,6.13072],[80.66295,6.13082],[80.66181,6.13088],[80.66067,6.13106],[80.66036,6.13106],[80.66016,6.13101],[80.65999,6.13089],[80.65974,6.13056],[80.65958,6.13043],[80.65942,6.13019],[80.6594,6.12987],[80.65964,6.12927],[80.65956,6.12921],[80.65946,6.12923],[80.65929,6.12948],[80.65912,6.12987],[80.65909,6.13019],[80.65914,6.1304],[80.65942,6.13081],[80.65986,6.13112],[80.66008,6.13134],[80.66164,6.13133],[80.66191,6.13146],[80.66202,6.13144],[80.66242,6.1312],[80.66296,6.1312],[80.66334,6.13148],[80.66353,6.13181],[80.66377,6.13268],[80.66392,6.13288],[80.66403,6.13285],[80.66407,6.13263],[80.66423,6.13244],[80.66399,6.13232],[80.66391,6.13219],[80.6639,6.13186],[80.66397,6.13163],[80.6641,6.13144],[80.66392,6.13083],[80.66404,6.13056],[80.66427,6.1304],[80.66435,6.13019],[80.66441,6.12959],[80.6646,6.12933],[80.66467,6.12909],[80.66464,6.1289],[80.66473,6.12877],[80.66492,6.12827],[80.66496,6.12787],[80.66511,6.12775],[80.66556,6.12763],[80.66583,6.12746],[80.66588,6.12737],[80.66583,6.12727],[80.66573,6.12721],[80.66554,6.12722],[80.66525,6.12742],[80.66513,6.12756],[80.66472,6.12771],[80.66447,6.12751],[80.6645,6.12718],[80.66431,6.12678],[80.66392,6.12668],[80.66366,6.12624],[80.66285,6.12599],[80.66221,6.1256],[80.6618,6.12552],[80.66143,6.12528],[80.66118,6.12522],[80.66103,6.12505],[80.66076,6.12491],[80.66017,6.12473],[80.65977,6.12452],[80.65932,6.1244],[80.65901,6.12445],[80.65866,6.12439],[80.65833,6.12411],[80.6579,6.12395],[80.65782,6.12395],[80.65762,6.12405],[80.65719,6.12408],[80.65705,6.12407],[80.65686,6.12397],[80.65665,6.12397],[80.65609,6.12416],[80.65556,6.12389],[80.65489,6.12345],[80.65428,6.1232],[80.65391,6.12314],[80.65309,6.12313],[80.65288,6.12308],[80.65274,6.12309],[80.65256,6.12319],[80.65218,6.1232],[80.65204,6.12318],[80.65173,6.123],[80.65146,6.12305],[80.6514,6.12317]]]}},{"type":"Feature","properties":{"c":"scrub"},"geometry":{"type":"Polygon","coordinates":[[[80.65011,6.1453],[80.6504,6.14515],[80.65089,6.14513],[80.65141,6.14584],[80.65182,6.14698],[80.65276,6.14764],[80.65356,6.14776],[80.654,6.14754],[80.65441,6.14687],[80.65545,6.14593],[80.65608,6.14563],[80.65673,6.14563],[80.65688,6.14567],[80.65708,6.14545],[80.65714,6.14522],[80.65713,6.145],[80.65679,6.1447],[80.65637,6.14459],[80.65612,6.14419],[80.65591,6.14401],[80.6558,6.14385],[80.65564,6.14348],[80.65542,6.14344],[80.65515,6.14351],[80.65497,6.14361],[80.65461,6.14392],[80.65433,6.14407],[80.65409,6.14414],[80.65374,6.14411],[80.65333,6.14417],[80.65316,6.14437],[80.65265,6.14475],[80.6525,6.14507],[80.65197,6.145],[80.65194,6.14477],[80.65212,6.14439],[80.65228,6.14385],[80.6523,6.14352],[80.65206,6.1434],[80.65165,6.14355],[80.65149,6.14373],[80.65107,6.14453],[80.65046,6.14487],[80.65011,6.1453]]]}},{"type":"Feature","properties":{"c":"scrub"},"geometry":{"type":"Polygon","coordinates":[[[80.65015,6.1322],[80.65017,6.13235],[80.65023,6.1324],[80.65062,6.13242],[80.65076,6.1325],[80.65113,6.13292],[80.6512,6.13304],[80.65122,6.13319],[80.65168,6.13314],[80.65167,6.13277],[80.65172,6.13273],[80.65232,6.13285],[80.65251,6.13298],[80.65274,6.13304],[80.65305,6.13305],[80.65324,6.13256],[80.65353,6.13243],[80.65391,6.13249],[80.65416,6.13267],[80.6542,6.13281],[80.65431,6.13291],[80.65471,6.13291],[80.65549,6.13277],[80.65564,6.1327],[80.65565,6.13248],[80.6555,6.13232],[80.65572,6.13211],[80.65568,6.13181],[80.65572,6.13149],[80.65569,6.13143],[80.6555,6.13133],[80.65498,6.13123],[80.65483,6.13107],[80.65466,6.13074],[80.65436,6.13069],[80.65401,6.13106],[80.65371,6.13163],[80.65383,6.13178],[80.65409,6.13195],[80.65409,6.13211],[80.6539,6.13222],[80.65368,6.13223],[80.65354,6.13217],[80.65358,6.13175],[80.65333,6.1315],[80.65322,6.13131],[80.65323,6.131],[80.65338,6.13061],[80.65421,6.13036],[80.65432,6.1299],[80.65468,6.12973],[80.65464,6.12967],[80.65428,6.12977],[80.6539,6.12997],[80.65338,6.13004],[80.65317,6.13014],[80.65308,6.13025],[80.65272,6.1304],[80.65269,6.13063],[80.65257,6.13093],[80.65257,6.1313],[80.65254,6.13137],[80.65221,6.13151],[80.65179,6.13164],[80.65165,6.13163],[80.6513,6.13138],[80.65108,6.1313],[80.65084,6.13111],[80.65063,6.13111],[80.65043,6.1312],[80.65035,6.13131],[80.65037,6.13183],[80.65015,6.1322]]]}},{"type":"Feature","properties":{"c":"farmland","n":"Paddy"},"geometry":{"type":"Polygon","coordinates":[[[80.65596,6.17015],[80.65614,6.17037],[80.65608,6.17079],[80.65629,6.17108],[80.65641,6.17173],[80.65687,6.17248],[80.65703,6.17255],[80.65722,6.17255],[80.65749,6.1724],[80.65781,6.17233],[80.65799,6.17233],[80.65817,6.1724],[80.65841,6.17265],[80.65852,6.17294],[80.65856,6.17323],[80.65868,6.17337],[80.65884,6.17344],[80.65896,6.17364],[80.65923,6.17358],[80.65964,6.17362],[80.65993,6.17376],[80.66011,6.1741],[80.66003,6.17441],[80.66011,6.17454],[80.66028,6.17449],[80.6605,6.1743],[80.66061,6.1741],[80.66052,6.1739],[80.66009,6.17343],[80.65991,6.17334],[80.65978,6.17334],[80.65945,6.17348],[80.65903,6.17331],[80.65876,6.17301],[80.65856,6.17246],[80.65837,6.17232],[80.65799,6.1721],[80.65759,6.17209],[80.65713,6.1722],[80.65679,6.172],[80.65661,6.1717],[80.65656,6.17111],[80.6564,6.17094],[80.65625,6.17062],[80.65634,6.17032],[80.65631,6.17009],[80.65635,6.1699],[80.65669,6.16939],[80.65661,6.16906],[80.65669,6.16898],[80.65701,6.1689],[80.65704,6.16879],[80.65695,6.16871],[80.65673,6.1686],[80.65662,6.16861],[80.65628,6.16886],[80.65625,6.16897],[80.65639,6.16936],[80.6564,6.1696],[80.65633,6.16974],[80.65602,6.17],[80.65596,6.17015]]]}},{"type":"Feature","properties":{"c":"farmland","n":"Paddy"},"geometry":{"type":"Polygon","coordinates":[[[80.65272,6.17237],[80.65275,6.17253],[80.65281,6.17256],[80.65291,6.17249],[80.65323,6.17217],[80.65359,6.17157],[80.65363,6.17141],[80.65356,6.17101],[80.65364,6.17015],[80.65352,6.16907],[80.65389,6.16907],[80.65433,6.16919],[80.65484,6.16912],[80.65524,6.16899],[80.65543,6.16887],[80.65544,6.16882],[80.65528,6.16874],[80.65447,6.16881],[80.65386,6.16849],[80.65378,6.16832],[80.65411,6.16788],[80.65416,6.16761],[80.65407,6.16666],[80.65434,6.1665],[80.65438,6.16631],[80.65412,6.16612],[80.6538,6.16659],[80.65382,6.16678],[80.65397,6.16716],[80.65395,6.16752],[80.65385,6.16768],[80.65361,6.16787],[80.65334,6.16835],[80.65322,6.16895],[80.65326,6.16925],[80.65315,6.16939],[80.65304,6.16983],[80.65307,6.17013],[80.65295,6.17041],[80.65309,6.17092],[80.65308,6.1716],[80.65285,6.17196],[80.65272,6.17237]]]}},{"type":"Feature","properties":{"c":"farmland","n":"Paddy"},"geometry":{"type":"Polygon","coordinates":[[[80.6427,6.16026],[80.6427,6.16034],[80.64295,6.16041],[80.64301,6.16047],[80.64303,6.16064],[80.64293,6.16084],[80.64295,6.16092],[80.64302,6.16095],[80.64318,6.16077],[80.64346,6.16057],[80.6433,6.16024],[80.6436,6.16005],[80.64348,6.1596],[80.64349,6.15942],[80.64361,6.15923],[80.64379,6.15917],[80.64411,6.15932],[80.64444,6.15979],[80.64476,6.15994],[80.64485,6.16021],[80.64501,6.16038],[80.64523,6.16043],[80.64548,6.16036],[80.64577,6.16046],[80.64601,6.16036],[80.64618,6.16038],[80.64627,6.16045],[80.64639,6.16071],[80.64652,6.16084],[80.64714,6.1608],[80.64765,6.16116],[80.64766,6.16147],[80.64773,6.16171],[80.64768,6.16203],[80.64728,6.16228],[80.64721,6.16287],[80.64711,6.16298],[80.64699,6.1633],[80.64682,6.16348],[80.64678,6.16373],[80.64673,6.16379],[80.6465,6.16386],[80.64622,6.16403],[80.64607,6.1642],[80.6461,6.16428],[80.64652,6.16414],[80.64682,6.16398],[80.64696,6.16385],[80.6471,6.16344],[80.64723,6.16332],[80.64741,6.16299],[80.64764,6.16268],[80.64758,6.16246],[80.64777,6.16219],[80.64789,6.16191],[80.64804,6.1619],[80.64819,6.16215],[80.64829,6.16222],[80.64856,6.16231],[80.64911,6.16237],[80.64941,6.16276],[80.64948,6.16353],[80.64986,6.16397],[80.64986,6.16429],[80.64994,6.16477],[80.64982,6.16521],[80.64983,6.16538],[80.64999,6.16588],[80.65018,6.16625],[80.65011,6.16647],[80.64947,6.16736],[80.64917,6.16762],[80.64865,6.16771],[80.64831,6.16794],[80.64802,6.1679],[80.64756,6.16806],[80.64705,6.16808],[80.64689,6.16813],[80.64719,6.16823],[80.64761,6.16826],[80.64785,6.16819],[80.64803,6.16803],[80.6482,6.16811],[80.64845,6.1681],[80.64869,6.16789],[80.64905,6.16784],[80.64923,6.16777],[80.64961,6.16741],[80.64972,6.16714],[80.65001,6.16703],[80.6503,6.16678],[80.65043,6.16645],[80.65034,6.16614],[80.65009,6.16561],[80.65009,6.1651],[80.65024,6.16471],[80.65016,6.16438],[80.65016,6.16404],[80.64996,6.16367],[80.64997,6.16354],[80.65014,6.16338],[80.65027,6.16338],[80.65045,6.16344],[80.65064,6.16361],[80.65076,6.16362],[80.6508,6.16356],[80.65076,6.16346],[80.65005,6.1632],[80.64999,6.16303],[80.64981,6.16287],[80.64968,6.16256],[80.64943,6.16232],[80.64928,6.16227],[80.64915,6.16196],[80.6489,6.16179],[80.64891,6.16154],[80.64883,6.16139],[80.6487,6.16132],[80.64828,6.16133],[80.64785,6.16082],[80.64771,6.16072],[80.64754,6.16069],[80.64717,6.16053],[80.6466,6.16048],[80.64647,6.16038],[80.64637,6.16012],[80.64623,6.16006],[80.64599,6.16008],[80.6457,6.16023],[80.6452,6.16018],[80.64505,6.16011],[80.64493,6.15992],[80.64484,6.15953],[80.64437,6.15937],[80.64435,6.15921],[80.64443,6.15903],[80.64465,6.15887],[80.64513,6.15885],[80.6453,6.15876],[80.64543,6.15855],[80.64543,6.15838],[80.64535,6.15823],[80.64512,6.15821],[80.64496,6.15826],[80.64465,6.15851],[80.64405,6.15879],[80.6438,6.15875],[80.64373,6.15878],[80.64351,6.15903],[80.64332,6.15939],[80.64327,6.15956],[80.64331,6.15989],[80.6432,6.16001],[80.64283,6.16016],[80.6427,6.16026]]]}},{"type":"Feature","properties":{"c":"grass"},"geometry":{"type":"Polygon","coordinates":[[[80.64004,6.17367],[80.64018,6.17453],[80.64025,6.17401],[80.64058,6.17343],[80.64164,6.17285],[80.64204,6.17252],[80.64214,6.17227],[80.64209,6.17191],[80.64211,6.1718],[80.64218,6.1718],[80.64231,6.17198],[80.64253,6.17193],[80.64314,6.17132],[80.64359,6.17119],[80.64377,6.17104],[80.64387,6.17072],[80.64353,6.17011],[80.64367,6.16938],[80.6436,6.16904],[80.64362,6.16894],[80.64356,6.16887],[80.64356,6.16878],[80.64366,6.1687],[80.64375,6.16871],[80.64406,6.16895],[80.64444,6.16892],[80.64455,6.16887],[80.64469,6.16869],[80.6449,6.16868],[80.64519,6.16849],[80.6452,6.16841],[80.64506,6.16815],[80.64439,6.16791],[80.64432,6.16778],[80.64451,6.16754],[80.64468,6.16752],[80.64516,6.16727],[80.64526,6.16713],[80.64535,6.16681],[80.6455,6.16672],[80.64577,6.16669],[80.64592,6.16681],[80.64644,6.16696],[80.64672,6.16713],[80.64685,6.16728],[80.64695,6.16759],[80.64702,6.16764],[80.64715,6.16753],[80.64729,6.16725],[80.64707,6.167],[80.64707,6.16674],[80.64715,6.16658],[80.6475,6.16648],[80.64755,6.1664],[80.64758,6.16577],[80.64751,6.16514],[80.64729,6.16481],[80.64725,6.16439],[80.647,6.16428],[80.64676,6.16428],[80.64653,6.16435],[80.64579,6.16442],[80.64557,6.1645],[80.64505,6.16487],[80.64453,6.16488],[80.64389,6.16519],[80.64365,6.16551],[80.64355,6.16572],[80.64337,6.16588],[80.64295,6.166],[80.64246,6.16574],[80.64241,6.16568],[80.64239,6.16518],[80.64235,6.16511],[80.64215,6.16504],[80.64193,6.16528],[80.64164,6.16546],[80.64132,6.16557],[80.64085,6.16562],[80.64057,6.16586],[80.64059,6.16598],[80.64069,6.16606],[80.64133,6.16615],[80.64155,6.16626],[80.64166,6.16649],[80.64168,6.16699],[80.6421,6.16725],[80.64223,6.16755],[80.64224,6.16772],[80.64196,6.16828],[80.64196,6.16837],[80.64171,6.16871],[80.64168,6.16913],[80.64144,6.16936],[80.64092,6.17053],[80.64099,6.1707],[80.64128,6.17097],[80.64132,6.17121],[80.64117,6.17128],[80.64084,6.17129],[80.64075,6.17139],[80.64048,6.17151],[80.64038,6.17162],[80.6404,6.17181],[80.64073,6.17206],[80.64078,6.17218],[80.64055,6.1724],[80.6404,6.17285],[80.64009,6.17326],[80.64004,6.17367]]]}},{"type":"Feature","properties":{"c":"farmland","n":"Paddy"},"geometry":{"type":"Polygon","coordinates":[[[80.64356,6.16884],[80.6437,6.16898],[80.64429,6.16912],[80.64435,6.16923],[80.64468,6.16893],[80.64481,6.16885],[80.645,6.16884],[80.64538,6.1686],[80.64542,6.16852],[80.64534,6.16825],[80.64538,6.16818],[80.64557,6.16804],[80.64575,6.168],[80.64574,6.16836],[80.64602,6.16903],[80.64619,6.16919],[80.64634,6.16951],[80.64643,6.16951],[80.64643,6.16911],[80.64618,6.16894],[80.646,6.16872],[80.64593,6.16855],[80.64593,6.16837],[80.64608,6.168],[80.64634,6.1679],[80.64649,6.1679],[80.64652,6.16783],[80.64631,6.16771],[80.64618,6.16779],[80.64589,6.16785],[80.64549,6.16779],[80.6453,6.1679],[80.64505,6.16794],[80.64486,6.16787],[80.64448,6.16784],[80.64434,6.16775],[80.64432,6.16782],[80.64439,6.16791],[80.64506,6.16815],[80.6452,6.16841],[80.64519,6.16849],[80.6449,6.16868],[80.64469,6.16869],[80.64455,6.16887],[80.64444,6.16892],[80.64406,6.16895],[80.64375,6.16871],[80.64366,6.1687],[80.64356,6.16884]]]}},{"type":"Feature","properties":{"c":"scrub"},"geometry":{"type":"Polygon","coordinates":[[[80.64018,6.17453],[80.64046,6.17437],[80.64062,6.17433],[80.64078,6.17435],[80.64082,6.17457],[80.6407,6.17479],[80.64071,6.17491],[80.64107,6.1751],[80.64129,6.17531],[80.64145,6.17571],[80.64169,6.17589],[80.64168,6.17606],[80.64151,6.17624],[80.64169,6.1766],[80.64168,6.17707],[80.6418,6.17732],[80.64198,6.17736],[80.64206,6.17744],[80.64216,6.1778],[80.64238,6.17822],[80.64259,6.17794],[80.64266,6.17759],[80.64282,6.17754],[80.64306,6.17754],[80.64336,6.17737],[80.64373,6.17728],[80.64376,6.177],[80.64373,6.17682],[80.64337,6.1761],[80.64337,6.17598],[80.64349,6.17587],[80.64383,6.17587],[80.64391,6.17579],[80.64398,6.17559],[80.64419,6.17551],[80.6443,6.17557],[80.64428,6.17568],[80.6441,6.17584],[80.64402,6.17602],[80.6439,6.17606],[80.64381,6.17616],[80.64381,6.17629],[80.64398,6.17668],[80.64401,6.17721],[80.64383,6.17802],[80.64384,6.17814],[80.64399,6.17839],[80.64448,6.17856],[80.64472,6.17858],[80.64503,6.17841],[80.64501,6.17832],[80.64484,6.17817],[80.64451,6.17797],[80.64444,6.17772],[80.64454,6.17759],[80.64453,6.17743],[80.6448,6.17732],[80.64514,6.17735],[80.64548,6.17719],[80.64568,6.17726],[80.64598,6.17809],[80.64631,6.17807],[80.64671,6.17787],[80.64689,6.1774],[80.64704,6.17724],[80.64681,6.1766],[80.64677,6.17628],[80.6467,6.17612],[80.64652,6.17594],[80.64645,6.1757],[80.64652,6.17501],[80.64677,6.17409],[80.6467,6.17405],[80.64663,6.17409],[80.64597,6.17461],[80.6458,6.17461],[80.64545,6.17453],[80.64518,6.17435],[80.64528,6.17424],[80.6455,6.17434],[80.64583,6.17437],[80.64654,6.17385],[80.64669,6.17381],[80.64686,6.17383],[80.64672,6.17321],[80.64658,6.17299],[80.64606,6.17296],[80.64531,6.17284],[80.64517,6.17279],[80.64513,6.1727],[80.64527,6.17249],[80.64531,6.17231],[80.64528,6.17216],[80.64517,6.17204],[80.64503,6.17174],[80.64511,6.17123],[80.6452,6.17109],[80.64561,6.17075],[80.64559,6.17042],[80.64526,6.16998],[80.64527,6.16963],[80.64548,6.16935],[80.64602,6.16903],[80.64574,6.16836],[80.64575,6.168],[80.64557,6.16804],[80.64538,6.16818],[80.64534,6.16825],[80.64542,6.16852],[80.64538,6.1686],[80.645,6.16884],[80.64481,6.16885],[80.64468,6.16893],[80.64435,6.16923],[80.64431,6.16958],[80.64424,6.1698],[80.64414,6.16993],[80.64424,6.1702],[80.64418,6.17049],[80.64429,6.17076],[80.64428,6.17087],[80.64372,6.17135],[80.64319,6.17153],[80.64278,6.17198],[80.64276,6.17233],[80.64295,6.1726],[80.64296,6.17277],[80.6427,6.17327],[80.64254,6.17347],[80.64249,6.1735],[80.64247,6.17334],[80.64275,6.17291],[80.64279,6.17268],[80.64266,6.17248],[80.64243,6.17242],[80.64232,6.17248],[80.64218,6.17268],[80.6419,6.17292],[80.64163,6.17308],[80.64132,6.17319],[80.64076,6.17359],[80.64059,6.17376],[80.64041,6.17378],[80.64025,6.17401],[80.64018,6.17453]]]}},{"type":"Feature","properties":{"c":"residential"},"geometry":{"type":"Polygon","coordinates":[[[80.49217,5.96011],[80.49225,5.96046],[80.49242,5.96071],[80.49244,5.96086],[80.4935,5.96092],[80.49389,5.96089],[80.49402,5.96144],[80.49436,5.96215],[80.49443,5.96249],[80.49501,5.96249],[80.4952,5.96273],[80.49607,5.96294],[80.49629,5.96282],[80.49706,5.96264],[80.49757,5.96267],[80.4979,5.96284],[80.49838,5.96258],[80.49859,5.96258],[80.49872,5.96279],[80.49947,5.96277],[80.50017,5.96316],[80.50071,5.9631],[80.5009,5.96325],[80.50125,5.96333],[80.50189,5.96324],[80.50199,5.96292],[80.5021,5.96283],[80.50217,5.96253],[80.50214,5.96223],[80.50231,5.96159],[80.50274,5.96137],[80.50348,5.96118],[80.50394,5.96115],[80.50443,5.96133],[80.50462,5.9613],[80.5048,5.96108],[80.505,5.96112],[80.50522,5.9608],[80.50596,5.96043],[80.50629,5.96044],[80.50683,5.96033],[80.50803,5.95949],[80.50913,5.95652],[80.50951,5.95608],[80.50949,5.95575],[80.50958,5.95543],[80.50928,5.95438],[80.50927,5.95414],[80.50972,5.95401],[80.50982,5.95393],[80.50988,5.95337],[80.50997,5.95316],[80.51026,5.95302],[80.51049,5.95283],[80.51046,5.95262],[80.51031,5.95258],[80.50973,5.95265],[80.50971,5.95248],[80.50958,5.95237],[80.50949,5.95236],[80.50942,5.95262],[80.50927,5.95271],[80.50884,5.95274],[80.5083,5.95268],[80.50819,5.95273],[80.50813,5.95286],[80.50811,5.95311],[80.50793,5.95314],[80.50763,5.95302],[80.50701,5.95308],[80.50663,5.9532],[80.50649,5.95305],[80.50645,5.95222],[80.5064,5.95203],[80.50649,5.95184],[80.50673,5.95159],[80.50676,5.9514],[80.50669,5.95124],[80.50653,5.95122],[80.50642,5.95132],[80.50586,5.95249],[80.50571,5.9527],[80.5055,5.95337],[80.50532,5.95341],[80.50517,5.95335],[80.50526,5.95311],[80.50527,5.95284],[80.50521,5.9527],[80.50509,5.95261],[80.50495,5.95259],[80.50421,5.95317],[80.50403,5.95369],[80.5044,5.95452],[80.50452,5.95499],[80.50498,5.95535],[80.50527,5.95606],[80.50616,5.95665],[80.5061,5.95681],[80.50505,5.95794],[80.5044,5.95766],[80.50368,5.95627],[80.50247,5.95668],[80.50257,5.95585],[80.50237,5.95536],[80.50174,5.95522],[80.50136,5.95557],[80.50114,5.9556],[80.50077,5.95597],[80.50071,5.95616],[80.50073,5.95655],[80.5006,5.95665],[80.50054,5.95688],[80.50055,5.9571],[80.50048,5.95716],[80.50041,5.95689],[80.5005,5.95641],[80.5004,5.95617],[80.50045,5.95593],[80.50078,5.95554],[80.50123,5.95537],[80.50146,5.95504],[80.50174,5.95437],[80.50187,5.95419],[80.50179,5.954],[80.50146,5.9538],[80.50001,5.95334],[80.50005,5.9533],[80.50075,5.95345],[80.50183,5.95377],[80.50216,5.95349],[80.50231,5.95322],[80.50259,5.953],[80.50298,5.95291],[80.50323,5.95272],[80.50332,5.95228],[80.50328,5.95208],[80.50309,5.95185],[80.50227,5.95149],[80.50173,5.95152],[80.50158,5.95138],[80.50139,5.95129],[80.50031,5.95112],[80.49926,5.95137],[80.499,5.95134],[80.49941,5.95177],[80.4988,5.95352],[80.49785,5.95405],[80.49785,5.95531],[80.49743,5.95566],[80.49722,5.95572],[80.49671,5.95575],[80.49657,5.95596],[80.49641,5.95597],[80.49585,5.95698],[80.49568,5.95714],[80.49542,5.95723],[80.49452,5.9573],[80.49427,5.95727],[80.4936,5.95697],[80.49337,5.95697],[80.49304,5.95713],[80.49291,5.95785],[80.49244,5.95888],[80.49228,5.95945],[80.49217,5.96011]]]}},{"type":"Feature","properties":{"c":"farmland"},"geometry":{"type":"Polygon","coordinates":[[[80.499,5.95134],[80.49926,5.95137],[80.50031,5.95112],[80.50139,5.95129],[80.50158,5.95138],[80.50173,5.95152],[80.50227,5.95149],[80.50309,5.95185],[80.50328,5.95208],[80.50332,5.95228],[80.50323,5.95272],[80.50298,5.95291],[80.50259,5.953],[80.50231,5.95322],[80.50216,5.95349],[80.50183,5.95377],[80.50075,5.95345],[80.50005,5.9533],[80.50001,5.95334],[80.50146,5.9538],[80.50179,5.954],[80.50187,5.95419],[80.50174,5.95437],[80.50146,5.95504],[80.50123,5.95537],[80.50078,5.95554],[80.50045,5.95593],[80.5004,5.95617],[80.5005,5.95641],[80.50041,5.95689],[80.50048,5.95716],[80.50055,5.9571],[80.50054,5.95688],[80.5006,5.95665],[80.50073,5.95655],[80.50071,5.95616],[80.50077,5.95597],[80.50114,5.9556],[80.50136,5.95557],[80.50174,5.95522],[80.50191,5.95493],[80.50201,5.95458],[80.50276,5.95341],[80.50312,5.95327],[80.5035,5.95342],[80.50358,5.95386],[80.50328,5.95453],[80.50369,5.9546],[80.50391,5.95472],[80.50412,5.95471],[80.50435,5.95499],[80.50452,5.95499],[80.5044,5.95452],[80.50403,5.95369],[80.50421,5.95317],[80.50495,5.95259],[80.50509,5.95261],[80.50521,5.9527],[80.50527,5.95284],[80.50526,5.95311],[80.50517,5.95335],[80.50532,5.95341],[80.5055,5.95337],[80.50571,5.9527],[80.50586,5.95249],[80.50642,5.95132],[80.50653,5.95122],[80.50669,5.95124],[80.50676,5.9514],[80.50673,5.95159],[80.50649,5.95184],[80.5064,5.95203],[80.50645,5.95222],[80.50649,5.95305],[80.50663,5.9532],[80.50701,5.95308],[80.50763,5.95302],[80.50793,5.95314],[80.50811,5.95311],[80.50813,5.95286],[80.50819,5.95273],[80.5083,5.95268],[80.50884,5.95274],[80.50927,5.95271],[80.50942,5.95262],[80.50949,5.95236],[80.50958,5.95237],[80.50971,5.95248],[80.50973,5.95265],[80.51031,5.95258],[80.51046,5.95262],[80.51049,5.95283],[80.51026,5.95302],[80.50997,5.95316],[80.50988,5.95337],[80.50982,5.95393],[80.50972,5.95401],[80.50927,5.95414],[80.50928,5.95438],[80.50958,5.95543],[80.50949,5.95575],[80.50951,5.95608],[80.50974,5.95589],[80.51009,5.95539],[80.51031,5.95506],[80.51044,5.95473],[80.51035,5.95445],[80.51033,5.95415],[80.51033,5.9537],[80.51042,5.95341],[80.51064,5.95332],[80.51079,5.95361],[80.51134,5.95403],[80.51185,5.95402],[80.51214,5.95388],[80.51228,5.9536],[80.51212,5.95304],[80.51206,5.9526],[80.51229,5.95246],[80.51268,5.95259],[80.51323,5.95302],[80.51351,5.9535],[80.51379,5.95452],[80.51408,5.95501],[80.51398,5.95538],[80.51365,5.9556],[80.51331,5.9555],[80.51223,5.95487],[80.5117,5.95546],[80.51176,5.95562],[80.51198,5.95562],[80.5121,5.95552],[80.51234,5.95548],[80.51254,5.95557],[80.51282,5.95587],[80.51321,5.95615],[80.51356,5.95619],[80.51414,5.95606],[80.51437,5.95594],[80.51462,5.95565],[80.51477,5.9551],[80.51494,5.95498],[80.51516,5.95491],[80.51536,5.95492],[80.51552,5.95514],[80.5156,5.95537],[80.51587,5.95568],[80.51629,5.95587],[80.51648,5.95591],[80.5167,5.95581],[80.51668,5.95568],[80.51607,5.95537],[80.51596,5.95519],[80.51588,5.95491],[80.51541,5.95446],[80.51527,5.95412],[80.51526,5.95372],[80.51552,5.95337],[80.51543,5.95295],[80.51505,5.9527],[80.51456,5.95228],[80.51383,5.95227],[80.51366,5.95188],[80.51326,5.95182],[80.51295,5.95168],[80.51287,5.95156],[80.51281,5.95101],[80.51271,5.95092],[80.51258,5.95096],[80.5125,5.95107],[80.5123,5.95105],[80.512,5.95089],[80.51184,5.95096],[80.51182,5.95114],[80.5119,5.95136],[80.51186,5.95144],[80.51162,5.95145],[80.5113,5.95137],[80.51114,5.95126],[80.51101,5.95107],[80.51097,5.95093],[80.51118,5.95055],[80.51159,5.95062],[80.51166,5.95053],[80.51158,5.94986],[80.51149,5.94984],[80.51113,5.95008],[80.51081,5.9501],[80.51054,5.95005],[80.51015,5.94969],[80.50998,5.94967],[80.51013,5.95022],[80.51017,5.95056],[80.51004,5.95073],[80.51016,5.95144],[80.51006,5.95173],[80.5098,5.95199],[80.50955,5.95211],[80.50934,5.95207],[80.50867,5.95162],[80.50837,5.95091],[80.50818,5.95089],[80.50778,5.95104],[80.50753,5.95105],[80.50736,5.95087],[80.50727,5.95058],[80.50732,5.95025],[80.50648,5.94976],[80.50638,5.94957],[80.50693,5.9489],[80.50667,5.94867],[80.506,5.94895],[80.50574,5.94915],[80.50546,5.94964],[80.50534,5.95016],[80.50507,5.95033],[80.50472,5.95039],[80.50461,5.95079],[80.50465,5.95109],[80.50454,5.95136],[80.50446,5.9514],[80.50424,5.95181],[80.50391,5.95202],[80.50262,5.95128],[80.50252,5.95095],[80.50259,5.95066],[80.50191,5.95015],[80.5016,5.94942],[80.50141,5.94922],[80.50087,5.94889],[80.50075,5.94872],[80.50058,5.94866],[80.50005,5.94879],[80.49983,5.94878],[80.4999,5.94892],[80.50046,5.94901],[80.50097,5.94927],[80.50153,5.95006],[80.50175,5.95033],[80.50204,5.95057],[80.50219,5.95088],[80.50212,5.95112],[80.50193,5.95124],[80.50167,5.95121],[80.50121,5.95105],[80.50033,5.95096],[80.49987,5.95096],[80.4995,5.95116],[80.49914,5.9512],[80.499,5.95134]]]}},{"type":"Feature","properties":{"c":"scrub"},"geometry":{"type":"Polygon","coordinates":[[[80.62376,6.17623],[80.62376,6.17641],[80.62394,6.17664],[80.62446,6.17675],[80.62469,6.17692],[80.62525,6.17721],[80.62537,6.17735],[80.62539,6.17746],[80.62528,6.17775],[80.62517,6.17792],[80.62466,6.17828],[80.62457,6.17844],[80.62454,6.17902],[80.62443,6.17946],[80.62454,6.17992],[80.62493,6.18017],[80.62504,6.18034],[80.62548,6.18072],[80.62578,6.18064],[80.62595,6.18053],[80.62625,6.1806],[80.62639,6.18075],[80.62649,6.18114],[80.62675,6.18128],[80.62727,6.18131],[80.6278,6.18101],[80.62788,6.18082],[80.62786,6.18042],[80.6279,6.18034],[80.62865,6.17939],[80.62865,6.17919],[80.6287,6.1791],[80.6294,6.17867],[80.62944,6.17847],[80.6293,6.17822],[80.62988,6.17791],[80.63027,6.17788],[80.63044,6.17779],[80.631,6.17766],[80.63123,6.1773],[80.63141,6.17721],[80.63173,6.17722],[80.63198,6.17758],[80.63206,6.17785],[80.63191,6.17832],[80.63202,6.17922],[80.63177,6.17942],[80.63124,6.17957],[80.63103,6.17975],[80.63063,6.17981],[80.63029,6.18006],[80.63024,6.18022],[80.63026,6.18089],[80.63011,6.18111],[80.62988,6.18124],[80.62983,6.18151],[80.62955,6.18198],[80.62956,6.18213],[80.62976,6.18247],[80.62998,6.18263],[80.63021,6.18299],[80.63033,6.18348],[80.63029,6.18376],[80.63017,6.18382],[80.62976,6.18381],[80.6294,6.18362],[80.6289,6.1832],[80.62863,6.18311],[80.6284,6.18295],[80.62815,6.18284],[80.62774,6.18273],[80.62692,6.18277],[80.62629,6.18252],[80.62603,6.18246],[80.62575,6.18247],[80.62542,6.18266],[80.62521,6.18299],[80.62488,6.18321],[80.62479,6.18334],[80.6247,6.18416],[80.62483,6.1844],[80.62503,6.1846],[80.62531,6.18513],[80.62561,6.18547],[80.6259,6.1855],[80.62642,6.18522],[80.62669,6.18525],[80.6269,6.18542],[80.62701,6.18567],[80.62707,6.18647],[80.62737,6.18696],[80.62738,6.18762],[80.62746,6.18789],[80.62773,6.18818],[80.62818,6.18817],[80.62839,6.18797],[80.62854,6.18772],[80.62865,6.18762],[80.62895,6.18753],[80.62972,6.1878],[80.62993,6.18821],[80.62999,6.18848],[80.62989,6.18874],[80.62942,6.18907],[80.62901,6.18912],[80.62869,6.1897],[80.62866,6.18999],[80.629,6.19023],[80.62943,6.19076],[80.62937,6.19144],[80.62953,6.1917],[80.62987,6.19195],[80.6299,6.19271],[80.62994,6.1928],[80.63022,6.19295],[80.63042,6.19344],[80.63058,6.1936],[80.63157,6.19371],[80.63223,6.19354],[80.6329,6.19347],[80.63357,6.1931],[80.63348,6.19271],[80.63293,6.19185],[80.63287,6.19166],[80.63284,6.19145],[80.6331,6.19107],[80.63287,6.19022],[80.63258,6.18993],[80.63236,6.18959],[80.63205,6.18932],[80.632,6.18907],[80.63292,6.18847],[80.63323,6.1884],[80.63376,6.18837],[80.63448,6.18795],[80.63472,6.18769],[80.63522,6.18766],[80.63558,6.18747],[80.63596,6.18712],[80.63589,6.18674],[80.63591,6.18644],[80.63595,6.18635],[80.63613,6.18624],[80.63643,6.18617],[80.63652,6.1861],[80.63605,6.18605],[80.63594,6.18599],[80.63594,6.18582],[80.63609,6.18572],[80.63624,6.18541],[80.6363,6.18512],[80.63654,6.18492],[80.63607,6.18465],[80.63573,6.18418],[80.63548,6.18407],[80.63501,6.18398],[80.63482,6.18389],[80.63439,6.18335],[80.63444,6.18316],[80.63461,6.18304],[80.63567,6.18303],[80.63598,6.18284],[80.63664,6.18259],[80.63716,6.1822],[80.63783,6.18203],[80.63796,6.18188],[80.63817,6.1814],[80.63831,6.18132],[80.6382,6.18117],[80.63819,6.18106],[80.63846,6.1805],[80.63843,6.1804],[80.63819,6.18009],[80.63773,6.17982],[80.63736,6.17969],[80.6369,6.17919],[80.63652,6.17893],[80.63638,6.17857],[80.63617,6.17835],[80.6357,6.17827],[80.63535,6.1784],[80.63501,6.17864],[80.63457,6.17872],[80.63408,6.17847],[80.63378,6.17804],[80.63347,6.17777],[80.63333,6.17752],[80.63323,6.17719],[80.63337,6.17664],[80.63319,6.17597],[80.63309,6.17581],[80.63278,6.17561],[80.63265,6.17546],[80.63229,6.17526],[80.63204,6.17486],[80.63189,6.17474],[80.63168,6.17442],[80.6315,6.17431],[80.631,6.17431],[80.63081,6.17438],[80.63065,6.17451],[80.63037,6.17489],[80.63005,6.17497],[80.62962,6.17527],[80.62942,6.1758],[80.62892,6.17635],[80.62844,6.17657],[80.62818,6.17642],[80.62812,6.17609],[80.62796,6.17586],[80.62781,6.17577],[80.62695,6.17556],[80.62658,6.17528],[80.62619,6.17529],[80.62589,6.17525],[80.62567,6.1751],[80.62531,6.17494],[80.62499,6.17497],[80.62448,6.17523],[80.62432,6.17545],[80.62409,6.17566],[80.62399,6.17593],[80.62376,6.17623]],[[80.63378,6.18049],[80.63386,6.18012],[80.63419,6.18007],[80.6344,6.18028],[80.63467,6.18043],[80.63476,6.18071],[80.63517,6.1811],[80.6352,6.18149],[80.63483,6.1817],[80.63454,6.1817],[80.63427,6.18159],[80.634,6.18129],[80.63378,6.18049]]]}},{"type":"Feature","properties":{"c":"forest"},"geometry":{"type":"Polygon","coordinates":[[[80.64431,6.15053],[80.64453,6.15116],[80.64549,6.15244],[80.64552,6.15293],[80.64534,6.15376],[80.646,6.15515],[80.64587,6.15575],[80.64507,6.15586],[80.64488,6.15609],[80.64483,6.15691],[80.64513,6.15767],[80.64543,6.15774],[80.64615,6.15748],[80.64689,6.15758],[80.64728,6.15732],[80.64786,6.15722],[80.64816,6.15675],[80.64855,6.15655],[80.64888,6.15683],[80.65001,6.15687],[80.65063,6.15661],[80.65138,6.15615],[80.65135,6.1557],[80.65105,6.15501],[80.65129,6.15463],[80.65115,6.15424],[80.65146,6.15394],[80.65163,6.15393],[80.65179,6.15417],[80.65209,6.15428],[80.65257,6.1542],[80.65277,6.15399],[80.65305,6.15392],[80.65335,6.15507],[80.65394,6.15551],[80.65393,6.15595],[80.65365,6.15609],[80.65316,6.1561],[80.65301,6.15636],[80.65344,6.15833],[80.65431,6.15946],[80.65609,6.16051],[80.65638,6.16143],[80.6561,6.16284],[80.65581,6.16323],[80.65536,6.16337],[80.65477,6.16394],[80.65454,6.16475],[80.65407,6.16517],[80.65402,6.1658],[80.65412,6.16612],[80.65438,6.16631],[80.65434,6.1665],[80.65407,6.16666],[80.65416,6.16761],[80.65448,6.16788],[80.65454,6.16821],[80.65466,6.16836],[80.65479,6.16867],[80.65525,6.16864],[80.65614,6.16877],[80.65616,6.16805],[80.65686,6.16729],[80.65738,6.16586],[80.65851,6.16471],[80.65977,6.16385],[80.66007,6.16339],[80.66034,6.16326],[80.66049,6.16325],[80.66097,6.1636],[80.6613,6.16363],[80.66211,6.16457],[80.66237,6.16533],[80.66271,6.16733],[80.66272,6.16809],[80.66215,6.1687],[80.6617,6.16955],[80.66151,6.17056],[80.66153,6.17105],[80.66142,6.1715],[80.66104,6.17209],[80.66079,6.17224],[80.66053,6.17271],[80.65991,6.17334],[80.66009,6.17343],[80.66052,6.1739],[80.66061,6.1741],[80.6605,6.1743],[80.66028,6.17449],[80.66011,6.17454],[80.66003,6.17441],[80.66011,6.1741],[80.65993,6.17376],[80.65964,6.17362],[80.65923,6.17358],[80.65896,6.17364],[80.65868,6.17409],[80.65813,6.17421],[80.65674,6.17383],[80.65653,6.17361],[80.6563,6.17302],[80.65583,6.17257],[80.65566,6.17256],[80.655,6.17278],[80.65493,6.17325],[80.65512,6.17352],[80.65506,6.17372],[80.65448,6.17398],[80.65388,6.17398],[80.65379,6.17394],[80.65368,6.17378],[80.65322,6.17379],[80.65296,6.17398],[80.65276,6.17403],[80.65264,6.17415],[80.65223,6.1742],[80.65223,6.1745],[80.65191,6.17456],[80.65191,6.17482],[80.65173,6.17493],[80.65148,6.1753],[80.65132,6.1754],[80.65118,6.17559],[80.65117,6.17574],[80.65156,6.17593],[80.6517,6.17582],[80.65167,6.1757],[80.65172,6.17552],[80.65193,6.17552],[80.65215,6.17561],[80.65236,6.17524],[80.65263,6.17507],[80.65294,6.17503],[80.65322,6.17511],[80.65356,6.1754],[80.65352,6.17564],[80.65374,6.17573],[80.65409,6.1761],[80.65415,6.17639],[80.65427,6.1765],[80.65448,6.17659],[80.6546,6.17686],[80.65491,6.17698],[80.65496,6.1772],[80.65525,6.17735],[80.6553,6.17743],[80.65516,6.17759],[80.65503,6.17761],[80.6549,6.17756],[80.65482,6.17745],[80.65478,6.17711],[80.6545,6.17709],[80.65429,6.17686],[80.65397,6.17675],[80.65374,6.17651],[80.65369,6.17635],[80.65389,6.17616],[80.65368,6.17599],[80.65345,6.17598],[80.65336,6.17587],[80.65334,6.17547],[80.65325,6.17532],[80.65306,6.17541],[80.65272,6.17532],[80.65255,6.17538],[80.65212,6.17582],[80.65208,6.17608],[80.65188,6.1762],[80.65169,6.17654],[80.65174,6.17678],[80.65164,6.17691],[80.65151,6.17692],[80.65137,6.17678],[80.65126,6.17705],[80.65123,6.17734],[80.65125,6.17772],[80.65136,6.17789],[80.6523,6.17813],[80.65262,6.17855],[80.65198,6.17823],[80.6513,6.17808],[80.65095,6.17835],[80.65078,6.17881],[80.65058,6.17885],[80.65046,6.17855],[80.65035,6.1788],[80.65022,6.17896],[80.65035,6.17926],[80.65058,6.1795],[80.65067,6.17985],[80.65053,6.18001],[80.65058,6.1805],[80.65039,6.18073],[80.65035,6.18088],[80.65036,6.181],[80.65062,6.18127],[80.65073,6.18161],[80.65069,6.18179],[80.65058,6.18198],[80.65027,6.18209],[80.65029,6.18237],[80.65023,6.18258],[80.65003,6.18284],[80.64999,6.1831],[80.65033,6.1831],[80.65042,6.18292],[80.65087,6.18258],[80.65106,6.18252],[80.65166,6.18253],[80.65181,6.18244],[80.65194,6.18211],[80.65207,6.18198],[80.65247,6.18185],[80.65261,6.18188],[80.6527,6.18199],[80.65277,6.18212],[80.65275,6.18227],[80.65268,6.18241],[80.65251,6.18246],[80.65232,6.18241],[80.652,6.18268],[80.65198,6.18275],[80.65205,6.18284],[80.65252,6.18313],[80.65237,6.18314],[80.65177,6.18279],[80.65129,6.18263],[80.65105,6.1827],[80.65093,6.1828],[80.65084,6.18294],[80.65073,6.18297],[80.65054,6.18324],[80.65026,6.1833],[80.65019,6.18345],[80.64998,6.18366],[80.64996,6.18376],[80.65004,6.18411],[80.65025,6.18462],[80.6503,6.18491],[80.65027,6.18518],[80.6501,6.1855],[80.64989,6.18568],[80.64991,6.18579],[80.65022,6.18603],[80.65032,6.18607],[80.65043,6.18603],[80.65046,6.18573],[80.65059,6.18544],[80.65074,6.18534],[80.65091,6.18535],[80.65128,6.18527],[80.65174,6.18509],[80.65201,6.18476],[80.65212,6.18477],[80.65215,6.18484],[80.65175,6.18535],[80.65175,6.18549],[80.65179,6.18557],[80.65189,6.18562],[80.65247,6.18572],[80.65246,6.18589],[80.65235,6.18593],[80.65216,6.18586],[80.65203,6.18599],[80.65241,6.18634],[80.65218,6.18629],[80.65201,6.18617],[80.65158,6.18561],[80.6514,6.18549],[80.651,6.18552],[80.65078,6.18565],[80.65066,6.18584],[80.65062,6.18622],[80.65074,6.18644],[80.65088,6.18659],[80.65102,6.18698],[80.65117,6.18724],[80.65186,6.18766],[80.65201,6.18771],[80.65238,6.18797],[80.65245,6.18808],[80.65246,6.18822],[80.6524,6.18844],[80.6524,6.18868],[80.65264,6.18892],[80.65282,6.18957],[80.65289,6.18961],[80.65316,6.18945],[80.65355,6.18943],[80.65307,6.18973],[80.65298,6.18997],[80.65281,6.19021],[80.65282,6.1907],[80.65311,6.19161],[80.65321,6.19165],[80.65339,6.19156],[80.6536,6.19154],[80.65435,6.19163],[80.65492,6.19184],[80.6551,6.19201],[80.65596,6.19213],[80.65669,6.1921],[80.65711,6.19191],[80.6573,6.19176],[80.65731,6.19124],[80.65743,6.19112],[80.6575,6.19072],[80.65769,6.19054],[80.65776,6.18993],[80.65794,6.18995],[80.65808,6.19007],[80.65812,6.19107],[80.65791,6.19105],[80.65777,6.19127],[80.65775,6.19142],[80.65779,6.1916],[80.65811,6.19221],[80.65849,6.19226],[80.66047,6.19138],[80.66061,6.19124],[80.66057,6.19104],[80.66043,6.19073],[80.66051,6.19059],[80.66069,6.19061],[80.66126,6.19109],[80.66149,6.1912],[80.66171,6.19112],[80.66186,6.19103],[80.66193,6.19079],[80.66192,6.19055],[80.66176,6.19031],[80.66176,6.19021],[80.66181,6.19012],[80.66201,6.18996],[80.6625,6.18968],[80.66284,6.18911],[80.66309,6.18779],[80.66345,6.18774],[80.66371,6.1881],[80.66395,6.1882],[80.66411,6.18794],[80.66409,6.18759],[80.66426,6.18701],[80.66429,6.1866],[80.66404,6.18584],[80.66394,6.18517],[80.6642,6.18478],[80.66407,6.18416],[80.66375,6.18383],[80.66366,6.18338],[80.6634,6.18321],[80.66358,6.18265],[80.6641,6.18221],[80.66447,6.18136],[80.66595,6.18008],[80.66638,6.17931],[80.66707,6.17906],[80.66768,6.17818],[80.66892,6.17747],[80.66905,6.17709],[80.66899,6.17695],[80.6685,6.17694],[80.66763,6.17727],[80.667,6.17716],[80.66663,6.17669],[80.66585,6.17665],[80.6656,6.17625],[80.66498,6.17611],[80.66457,6.17562],[80.66433,6.17491],[80.6644,6.17479],[80.66412,6.17431],[80.66454,6.17354],[80.66602,6.17334],[80.66656,6.17313],[80.66705,6.17225],[80.66757,6.17165],[80.66748,6.17138],[80.66675,6.1708],[80.66657,6.16995],[80.66664,6.16925],[80.66742,6.16792],[80.66778,6.16757],[80.66804,6.16659],[80.66953,6.1664],[80.67038,6.16584],[80.67055,6.16544],[80.67069,6.16409],[80.67111,6.16337],[80.67155,6.16292],[80.67167,6.16247],[80.67223,6.16199],[80.67271,6.16133],[80.6727,6.16118],[80.67239,6.16103],[80.6713,6.1614],[80.67111,6.16116],[80.67105,6.15999],[80.67079,6.15982],[80.67078,6.15966],[80.6712,6.1592],[80.67135,6.15848],[80.671,6.1584],[80.67076,6.15817],[80.6705,6.15751],[80.66973,6.15764],[80.66945,6.15784],[80.66897,6.15782],[80.66796,6.15692],[80.66766,6.15681],[80.66768,6.15691],[80.66761,6.157],[80.66749,6.15702],[80.66725,6.15687],[80.66684,6.15687],[80.66652,6.15657],[80.66638,6.15664],[80.66625,6.15689],[80.6663,6.15716],[80.66629,6.15755],[80.6662,6.15787],[80.6661,6.15793],[80.66599,6.15791],[80.6659,6.15765],[80.66596,6.15759],[80.66602,6.15715],[80.66628,6.1565],[80.66649,6.1562],[80.66651,6.15605],[80.66624,6.15531],[80.66618,6.1547],[80.66607,6.15428],[80.66606,6.15397],[80.66602,6.15388],[80.66578,6.15414],[80.66526,6.15449],[80.66517,6.15487],[80.66493,6.15531],[80.6649,6.15564],[80.66515,6.15613],[80.66519,6.15668],[80.66514,6.1567],[80.6649,6.15642],[80.66488,6.15593],[80.66464,6.15557],[80.66461,6.15524],[80.66439,6.15519],[80.66411,6.15528],[80.66388,6.15529],[80.6631,6.15512],[80.66314,6.15498],[80.66342,6.15492],[80.66358,6.15494],[80.6637,6.15504],[80.66403,6.1551],[80.66481,6.15496],[80.66504,6.15419],[80.6652,6.15406],[80.66482,6.15376],[80.66404,6.15355],[80.66373,6.15435],[80.66327,6.1543],[80.66317,6.15387],[80.66357,6.15333],[80.66357,6.15294],[80.66404,6.15195],[80.66399,6.15135],[80.66347,6.15101],[80.66353,6.15056],[80.66342,6.15044],[80.6628,6.15029],[80.66202,6.15043],[80.66179,6.1502],[80.66148,6.15013],[80.66134,6.14996],[80.66138,6.14916],[80.6612,6.14879],[80.66088,6.14854],[80.66013,6.14839],[80.65931,6.14763],[80.65887,6.14744],[80.65839,6.14764],[80.65789,6.1476],[80.65772,6.1474],[80.65763,6.14692],[80.65688,6.14567],[80.65673,6.14563],[80.65608,6.14563],[80.65545,6.14593],[80.65441,6.14687],[80.654,6.14754],[80.65356,6.14776],[80.65276,6.14764],[80.65182,6.14698],[80.65141,6.14584],[80.65089,6.14513],[80.6504,6.14515],[80.65011,6.1453],[80.64926,6.14599],[80.64926,6.14615],[80.64938,6.1466],[80.64986,6.14715],[80.6502,6.14799],[80.65044,6.14817],[80.65171,6.14854],[80.6521,6.14902],[80.6521,6.14935],[80.65125,6.14956],[80.65077,6.1503],[80.64973,6.15105],[80.64941,6.15107],[80.64918,6.15087],[80.64925,6.14986],[80.6492,6.14953],[80.64893,6.14916],[80.64771,6.14883],[80.64722,6.14885],[80.64682,6.14914],[80.64686,6.14959],[80.6475,6.15023],[80.64742,6.15071],[80.64708,6.15105],[80.64657,6.15101],[80.6454,6.14992],[80.6446,6.14986],[80.64439,6.15007],[80.64431,6.15053]]]}},{"type":"Feature","properties":{"c":"scrub","n":"abondand farm lands(\"Hean\")"},"geometry":{"type":"Polygon","coordinates":[[[80.60814,6.19952],[80.60814,6.19977],[80.60827,6.20011],[80.60834,6.20155],[80.60856,6.20219],[80.60923,6.20367],[80.60963,6.20435],[80.60975,6.20481],[80.6098,6.20569],[80.60993,6.20605],[80.61064,6.20689],[80.611,6.20749],[80.61119,6.20792],[80.61121,6.20843],[80.61129,6.20853],[80.61139,6.20856],[80.61174,6.20852],[80.61203,6.20872],[80.61229,6.20925],[80.6129,6.20997],[80.61319,6.21065],[80.6132,6.21141],[80.61358,6.21144],[80.61407,6.21139],[80.61417,6.21143],[80.61436,6.2116],[80.61461,6.21203],[80.61498,6.21231],[80.61501,6.21243],[80.61482,6.21268],[80.61442,6.21269],[80.6142,6.21283],[80.61411,6.21306],[80.61417,6.21316],[80.61484,6.21352],[80.61531,6.21366],[80.61645,6.21427],[80.61685,6.21473],[80.61701,6.21579],[80.6171,6.21615],[80.61723,6.2164],[80.61742,6.21656],[80.61783,6.2168],[80.61813,6.21748],[80.61845,6.21785],[80.61865,6.21796],[80.61911,6.21781],[80.61927,6.21766],[80.61927,6.21742],[80.61967,6.21736],[80.61996,6.21755],[80.62011,6.21774],[80.6202,6.21811],[80.62023,6.21901],[80.62048,6.21929],[80.62066,6.21944],[80.62111,6.21967],[80.62118,6.21977],[80.62125,6.22001],[80.62117,6.22058],[80.62123,6.22068],[80.62271,6.22185],[80.62297,6.22213],[80.62316,6.22244],[80.62375,6.22281],[80.62382,6.22291],[80.62391,6.22271],[80.62379,6.22163],[80.62341,6.22145],[80.62317,6.22102],[80.62274,6.22072],[80.62261,6.22058],[80.6224,6.22022],[80.62247,6.21975],[80.62225,6.2193],[80.62205,6.21911],[80.62218,6.21864],[80.62206,6.21825],[80.6221,6.21774],[80.62216,6.21756],[80.62231,6.21744],[80.62215,6.2172],[80.62212,6.21669],[80.62212,6.21608],[80.62218,6.21573],[80.62229,6.21561],[80.62229,6.21543],[80.62216,6.21522],[80.62211,6.21497],[80.6219,6.21475],[80.6219,6.21449],[80.62175,6.214],[80.62143,6.21388],[80.62114,6.21366],[80.62082,6.21314],[80.62081,6.21298],[80.62095,6.21264],[80.62097,6.21226],[80.62102,6.21207],[80.62131,6.21186],[80.62149,6.21181],[80.62157,6.21166],[80.62167,6.21119],[80.62155,6.21095],[80.62152,6.21059],[80.6215,6.21053],[80.62107,6.21034],[80.62075,6.21002],[80.62059,6.20942],[80.62042,6.20925],[80.61984,6.20917],[80.61915,6.20929],[80.61883,6.20918],[80.61874,6.2088],[80.61924,6.20841],[80.61946,6.20807],[80.61918,6.20755],[80.61881,6.20725],[80.61877,6.20714],[80.61874,6.20652],[80.61859,6.20605],[80.61845,6.20587],[80.61799,6.20574],[80.6174,6.20587],[80.6171,6.20587],[80.61695,6.20596],[80.61652,6.20589],[80.6163,6.20553],[80.61616,6.20492],[80.61625,6.20457],[80.61625,6.20431],[80.61615,6.20397],[80.61576,6.20362],[80.61548,6.20319],[80.6149,6.20257],[80.61426,6.2022],[80.61381,6.20219],[80.61302,6.20233],[80.6126,6.20215],[80.61209,6.2021],[80.61171,6.20225],[80.6113,6.20228],[80.61079,6.20246],[80.61037,6.20233],[80.6102,6.20213],[80.61022,6.20175],[80.61029,6.20157],[80.61069,6.20119],[80.61106,6.20102],[80.61113,6.20095],[80.61121,6.20078],[80.61116,6.20043],[80.61086,6.2002],[80.60968,6.20022],[80.60952,6.20016],[80.60916,6.1998],[80.60917,6.19954],[80.60931,6.19942],[80.60933,6.19934],[80.60926,6.19918],[80.60927,6.19892],[80.60946,6.19847],[80.61028,6.19812],[80.6105,6.19793],[80.61042,6.19722],[80.61037,6.19714],[80.61008,6.19693],[80.60998,6.19678],[80.60993,6.19671],[80.60991,6.19635],[80.60928,6.19706],[80.60868,6.19794],[80.60838,6.19864],[80.60814,6.19952]]]}},{"type":"Feature","properties":{"c":"forest"},"geometry":{"type":"Polygon","coordinates":[[[80.59726,6.20338],[80.59749,6.20401],[80.59776,6.20411],[80.59792,6.20453],[80.5981,6.20481],[80.59808,6.20553],[80.59798,6.20599],[80.59811,6.20611],[80.59828,6.20661],[80.59847,6.20678],[80.59871,6.20689],[80.59879,6.20704],[80.59894,6.20717],[80.59927,6.20732],[80.59942,6.20762],[80.59933,6.20822],[80.59972,6.20879],[80.5997,6.2094],[80.59943,6.21007],[80.59953,6.21027],[80.59953,6.21043],[80.59958,6.21052],[80.60016,6.21083],[80.60046,6.21087],[80.60066,6.21125],[80.60066,6.21134],[80.60025,6.21169],[80.60011,6.21189],[80.60014,6.21205],[80.60028,6.21226],[80.60042,6.21237],[80.60124,6.21264],[80.60206,6.21244],[80.60251,6.21209],[80.60295,6.21193],[80.60301,6.21184],[80.60303,6.21166],[80.60284,6.211],[80.60284,6.21045],[80.60346,6.20996],[80.60391,6.20882],[80.60414,6.2087],[80.60422,6.20873],[80.60436,6.20893],[80.60444,6.20919],[80.60447,6.20965],[80.60474,6.21001],[80.60466,6.21049],[80.60455,6.2106],[80.60465,6.21114],[80.60461,6.21147],[80.60431,6.21186],[80.60419,6.21211],[80.60419,6.21239],[80.60427,6.21265],[80.60462,6.21259],[80.60509,6.2126],[80.60536,6.21273],[80.60565,6.21294],[80.60609,6.21297],[80.60616,6.21302],[80.60624,6.21319],[80.60655,6.21341],[80.60669,6.21359],[80.60684,6.21418],[80.60703,6.21452],[80.60704,6.21489],[80.60679,6.21512],[80.6066,6.21519],[80.60622,6.21514],[80.60577,6.21483],[80.60523,6.21477],[80.60421,6.21481],[80.60373,6.21503],[80.60364,6.21517],[80.60349,6.21558],[80.60315,6.21599],[80.60317,6.21608],[80.60328,6.21623],[80.60336,6.21667],[80.60332,6.21683],[80.60334,6.21699],[80.6035,6.21718],[80.60453,6.21744],[80.60569,6.21722],[80.60616,6.21723],[80.60646,6.21736],[80.60629,6.21769],[80.60634,6.21814],[80.6065,6.21845],[80.60641,6.2187],[80.60639,6.21897],[80.60656,6.21938],[80.60655,6.21973],[80.60632,6.21999],[80.60632,6.22007],[80.60645,6.22039],[80.60643,6.22073],[80.60617,6.22106],[80.60574,6.22109],[80.60517,6.22143],[80.60494,6.2218],[80.60464,6.2221],[80.60447,6.22275],[80.60438,6.22291],[80.60422,6.22297],[80.60413,6.22311],[80.6041,6.22327],[80.60418,6.22382],[80.60428,6.22395],[80.60452,6.22406],[80.60492,6.22404],[80.60545,6.22484],[80.60603,6.22509],[80.60618,6.22529],[80.6065,6.22542],[80.60675,6.22533],[80.60684,6.22534],[80.60691,6.2255],[80.6072,6.22551],[80.60743,6.22563],[80.60752,6.22578],[80.60762,6.22618],[80.60778,6.22629],[80.60834,6.22636],[80.60884,6.22632],[80.60894,6.22646],[80.60936,6.22681],[80.6097,6.22682],[80.60979,6.22685],[80.60992,6.22703],[80.61017,6.22707],[80.61028,6.22719],[80.61066,6.227],[80.61102,6.22693],[80.61128,6.22681],[80.61185,6.22686],[80.61194,6.22692],[80.61201,6.22707],[80.61201,6.22715],[80.61186,6.22743],[80.61169,6.22762],[80.61168,6.22771],[80.61179,6.22791],[80.61183,6.22817],[80.61214,6.2287],[80.61219,6.22908],[80.61209,6.22915],[80.61209,6.22949],[80.61194,6.22972],[80.61191,6.22988],[80.61165,6.2301],[80.61148,6.23014],[80.61126,6.23028],[80.61107,6.23024],[80.61087,6.23007],[80.61045,6.23006],[80.61038,6.23012],[80.6103,6.23049],[80.61069,6.23072],[80.61082,6.23085],[80.61083,6.23122],[80.6111,6.23175],[80.61105,6.232],[80.6109,6.23212],[80.61074,6.23213],[80.61064,6.23199],[80.61033,6.23114],[80.61011,6.23099],[80.60983,6.23101],[80.60959,6.23137],[80.60949,6.23189],[80.60942,6.23203],[80.60893,6.23219],[80.60867,6.23244],[80.60853,6.23266],[80.60853,6.23283],[80.60861,6.23301],[80.6086,6.23334],[80.60878,6.23354],[80.60875,6.2337],[80.60823,6.23367],[80.60769,6.23403],[80.60764,6.23436],[80.60753,6.23458],[80.6076,6.23492],[80.60757,6.23499],[80.60739,6.23516],[80.60715,6.23521],[80.60702,6.2354],[80.60731,6.2356],[80.60755,6.23571],[80.60765,6.23585],[80.60797,6.23712],[80.60828,6.23734],[80.60853,6.2376],[80.60885,6.23808],[80.60931,6.23831],[80.6097,6.2386],[80.6098,6.23882],[80.60984,6.23917],[80.61023,6.23915],[80.61105,6.23882],[80.61145,6.23877],[80.61201,6.23847],[80.61221,6.23829],[80.61262,6.23818],[80.61286,6.23789],[80.6134,6.23739],[80.61392,6.23667],[80.61419,6.23663],[80.61442,6.2365],[80.61479,6.23595],[80.61527,6.23585],[80.61582,6.23613],[80.61597,6.23634],[80.61605,6.2371],[80.61612,6.23721],[80.61664,6.23757],[80.61679,6.23778],[80.61686,6.23844],[80.61656,6.23879],[80.61663,6.23925],[80.61637,6.23968],[80.61618,6.23987],[80.61586,6.24002],[80.61578,6.24012],[80.6155,6.24096],[80.61551,6.24135],[80.6156,6.24159],[80.61581,6.24174],[80.61642,6.24182],[80.61675,6.24202],[80.61686,6.24198],[80.61697,6.24187],[80.61705,6.24151],[80.61726,6.24135],[80.61749,6.24147],[80.61799,6.24157],[80.61807,6.24168],[80.61887,6.24175],[80.61966,6.24214],[80.62029,6.24214],[80.62054,6.24208],[80.62078,6.24194],[80.62106,6.24195],[80.62114,6.24202],[80.62114,6.24287],[80.62086,6.24346],[80.62091,6.24435],[80.62057,6.24473],[80.62032,6.2447],[80.62013,6.24458],[80.61967,6.24443],[80.61916,6.24439],[80.61882,6.24418],[80.61792,6.24406],[80.61732,6.24411],[80.61699,6.24422],[80.61686,6.2444],[80.61669,6.24484],[80.61675,6.24507],[80.61691,6.24528],[80.61705,6.24561],[80.61758,6.24628],[80.61794,6.24642],[80.61891,6.2472],[80.61891,6.24745],[80.6188,6.24779],[80.61855,6.24805],[80.61835,6.24818],[80.61832,6.24829],[80.61835,6.24909],[80.61863,6.24962],[80.61948,6.25017],[80.61949,6.25061],[80.61966,6.2508],[80.6197,6.25142],[80.61985,6.25185],[80.61983,6.25258],[80.61971,6.25277],[80.61973,6.25304],[80.61995,6.25333],[80.62038,6.25357],[80.62053,6.25387],[80.62051,6.25434],[80.62045,6.25443],[80.62017,6.25461],[80.61959,6.25481],[80.61941,6.25516],[80.61971,6.25616],[80.61968,6.25677],[80.62003,6.25748],[80.61988,6.25765],[80.61984,6.25776],[80.61985,6.25812],[80.61993,6.25845],[80.62006,6.25865],[80.62055,6.25909],[80.62081,6.25956],[80.62094,6.25992],[80.62092,6.26038],[80.62096,6.26061],[80.62112,6.2611],[80.62141,6.26136],[80.62164,6.26148],[80.6219,6.26148],[80.62211,6.26136],[80.62218,6.26112],[80.62254,6.26076],[80.62304,6.26007],[80.62333,6.25982],[80.62344,6.2596],[80.62349,6.25936],[80.62354,6.25885],[80.62385,6.25843],[80.62401,6.25809],[80.6241,6.25799],[80.62452,6.25776],[80.62482,6.25753],[80.62511,6.25696],[80.62587,6.25692],[80.6264,6.25667],[80.62686,6.25658],[80.62697,6.25652],[80.62711,6.25631],[80.62722,6.25626],[80.62805,6.25612],[80.62866,6.25584],[80.62883,6.2555],[80.62964,6.2555],[80.62996,6.25585],[80.63022,6.25593],[80.63058,6.25615],[80.63067,6.25625],[80.63094,6.25694],[80.63121,6.25732],[80.63136,6.25766],[80.63143,6.25803],[80.63162,6.25823],[80.63188,6.25827],[80.63248,6.25803],[80.63286,6.25803],[80.63307,6.25838],[80.63332,6.25906],[80.63376,6.25934],[80.63389,6.25979],[80.63426,6.26012],[80.63432,6.26024],[80.63436,6.26073],[80.6342,6.26113],[80.6342,6.26125],[80.63435,6.26144],[80.63445,6.2618],[80.63452,6.26265],[80.63482,6.26287],[80.63508,6.26288],[80.63523,6.26283],[80.63536,6.26244],[80.63558,6.26226],[80.63636,6.26223],[80.63663,6.26229],[80.63678,6.26248],[80.63702,6.26251],[80.63723,6.26265],[80.63761,6.2628],[80.63789,6.26277],[80.63798,6.2627],[80.63826,6.26215],[80.63859,6.26191],[80.63928,6.26186],[80.63977,6.26161],[80.64017,6.26159],[80.64034,6.26141],[80.64066,6.26135],[80.64128,6.26103],[80.64144,6.26086],[80.64158,6.2608],[80.64198,6.26068],[80.64249,6.26069],[80.64274,6.26062],[80.64286,6.26056],[80.64309,6.26025],[80.64366,6.25997],[80.64392,6.25996],[80.64404,6.26002],[80.64417,6.26002],[80.64513,6.25994],[80.6454,6.25967],[80.64577,6.25957],[80.64611,6.25934],[80.64678,6.25907],[80.64693,6.25885],[80.64735,6.25855],[80.64796,6.25772],[80.64796,6.25747],[80.64812,6.25648],[80.64845,6.25594],[80.6485,6.25556],[80.64873,6.25513],[80.64892,6.25453],[80.64895,6.25438],[80.64877,6.25364],[80.64879,6.25347],[80.64897,6.25293],[80.64919,6.25245],[80.6492,6.25211],[80.64914,6.25196],[80.64868,6.25178],[80.6482,6.25169],[80.64773,6.2515],[80.64691,6.25152],[80.64659,6.25144],[80.64635,6.25118],[80.64602,6.25048],[80.64552,6.24999],[80.64535,6.24968],[80.64543,6.24913],[80.64569,6.24847],[80.64576,6.24793],[80.64528,6.24721],[80.64498,6.24705],[80.64417,6.24675],[80.64254,6.24661],[80.64193,6.24621],[80.64179,6.24605],[80.64166,6.24557],[80.64129,6.24491],[80.64045,6.24413],[80.6401,6.24341],[80.63894,6.24254],[80.63857,6.24212],[80.6382,6.24182],[80.63776,6.24122],[80.63753,6.24112],[80.63692,6.24099],[80.63655,6.24056],[80.63642,6.24033],[80.63641,6.24021],[80.63645,6.23995],[80.63659,6.23957],[80.63653,6.23932],[80.63638,6.23911],[80.63611,6.23888],[80.6356,6.23858],[80.6354,6.23841],[80.63477,6.23722],[80.63474,6.23711],[80.63476,6.23687],[80.63496,6.23639],[80.63497,6.23625],[80.63496,6.2359],[80.63481,6.23557],[80.63455,6.23533],[80.63377,6.23493],[80.6333,6.23441],[80.63271,6.23423],[80.6325,6.23409],[80.63234,6.23389],[80.63215,6.23339],[80.63184,6.23298],[80.63099,6.23273],[80.63069,6.23231],[80.6305,6.23213],[80.63045,6.23201],[80.63042,6.23137],[80.63024,6.23107],[80.63029,6.23084],[80.63056,6.23079],[80.6308,6.23084],[80.63102,6.23094],[80.6313,6.23119],[80.63163,6.23137],[80.63193,6.2316],[80.63231,6.23208],[80.63244,6.23211],[80.63268,6.23202],[80.63278,6.2319],[80.6328,6.23128],[80.63318,6.23093],[80.6332,6.23066],[80.63316,6.23056],[80.63272,6.23034],[80.63185,6.22953],[80.63159,6.22911],[80.63129,6.22892],[80.63098,6.22855],[80.63079,6.2284],[80.63047,6.22825],[80.63012,6.22791],[80.62986,6.2274],[80.62931,6.22664],[80.62906,6.22616],[80.62917,6.22565],[80.62917,6.22528],[80.62904,6.22496],[80.62888,6.22487],[80.62851,6.2248],[80.62794,6.22454],[80.62767,6.22402],[80.62749,6.22399],[80.6273,6.22381],[80.62706,6.22374],[80.62654,6.22374],[80.6263,6.22381],[80.62623,6.22395],[80.62624,6.22512],[80.6262,6.22529],[80.62608,6.22541],[80.62546,6.22575],[80.62528,6.22606],[80.62521,6.22631],[80.62521,6.22678],[80.62548,6.22731],[80.62547,6.22756],[80.62539,6.22765],[80.62527,6.22769],[80.62488,6.22755],[80.62445,6.22708],[80.62395,6.22675],[80.62384,6.22656],[80.62391,6.22624],[80.62417,6.2258],[80.62419,6.22567],[80.62396,6.22426],[80.62412,6.22355],[80.62396,6.22339],[80.62382,6.22291],[80.62375,6.22281],[80.62316,6.22244],[80.62297,6.22213],[80.62271,6.22185],[80.62123,6.22068],[80.62117,6.22058],[80.62125,6.22001],[80.62118,6.21977],[80.62111,6.21967],[80.62066,6.21944],[80.62048,6.21929],[80.62023,6.21901],[80.6202,6.21811],[80.62011,6.21774],[80.61996,6.21755],[80.61967,6.21736],[80.61927,6.21742],[80.61927,6.21766],[80.61911,6.21781],[80.61865,6.21796],[80.61845,6.21785],[80.61813,6.21748],[80.61783,6.2168],[80.61742,6.21656],[80.61723,6.2164],[80.6171,6.21615],[80.61701,6.21579],[80.61685,6.21473],[80.61645,6.21427],[80.61531,6.21366],[80.61484,6.21352],[80.61417,6.21316],[80.61411,6.21306],[80.6142,6.21283],[80.61442,6.21269],[80.61482,6.21268],[80.61501,6.21243],[80.61498,6.21231],[80.61461,6.21203],[80.61436,6.2116],[80.61417,6.21143],[80.61407,6.21139],[80.61358,6.21144],[80.6132,6.21141],[80.61319,6.21065],[80.6129,6.20997],[80.61229,6.20925],[80.61203,6.20872],[80.61174,6.20852],[80.61139,6.20856],[80.61129,6.20853],[80.61121,6.20843],[80.61119,6.20792],[80.611,6.20749],[80.61064,6.20689],[80.60993,6.20605],[80.6098,6.20569],[80.60975,6.20481],[80.60963,6.20435],[80.60923,6.20367],[80.60856,6.20219],[80.60834,6.20155],[80.60827,6.20011],[80.60814,6.19977],[80.60814,6.19952],[80.60838,6.19864],[80.60868,6.19794],[80.60928,6.19706],[80.60991,6.19635],[80.61012,6.19592],[80.61011,6.19565],[80.60997,6.19547],[80.60931,6.19527],[80.60896,6.1952],[80.60847,6.19518],[80.60802,6.19481],[80.60788,6.19474],[80.60764,6.19475],[80.60706,6.19506],[80.60678,6.19527],[80.60657,6.19528],[80.60636,6.19537],[80.60622,6.19561],[80.60596,6.19564],[80.60561,6.19564],[80.60518,6.19534],[80.60487,6.19534],[80.60444,6.19526],[80.6044,6.1954],[80.60446,6.19569],[80.6044,6.19573],[80.60391,6.19578],[80.60381,6.19588],[80.60377,6.19599],[80.6038,6.1961],[80.60404,6.19637],[80.60376,6.19675],[80.60374,6.19684],[80.6038,6.197],[80.60375,6.19704],[80.60342,6.19689],[80.6033,6.19678],[80.60308,6.19644],[80.60167,6.19501],[80.60156,6.19497],[80.6013,6.19499],[80.60102,6.19509],[80.60068,6.19509],[80.60033,6.19542],[80.60023,6.19544],[80.6001,6.19535],[80.6,6.19535],[80.59998,6.19545],[80.60005,6.19578],[80.60003,6.19597],[80.59996,6.19604],[80.60031,6.19632],[80.60044,6.1967],[80.60036,6.19696],[80.60042,6.19707],[80.60036,6.19739],[80.60041,6.19775],[80.60086,6.19805],[80.6008,6.1984],[80.60099,6.19874],[80.60102,6.1989],[80.60089,6.199],[80.6004,6.199],[80.60015,6.19907],[80.60005,6.1992],[80.59978,6.1993],[80.5996,6.1996],[80.5996,6.19992],[80.59968,6.20005],[80.59969,6.2003],[80.59982,6.20061],[80.59979,6.20094],[80.59995,6.20125],[80.60024,6.20133],[80.6003,6.2014],[80.60027,6.20166],[80.60009,6.20183],[80.6,6.20204],[80.59992,6.20207],[80.59942,6.20191],[80.59909,6.20191],[80.59837,6.20214],[80.59823,6.20226],[80.59769,6.20241],[80.5975,6.20259],[80.59739,6.20291],[80.59727,6.20304],[80.59726,6.20338]]]}},{"type":"Feature","properties":{"c":"farmland","n":"Paddy"},"geometry":{"type":"Polygon","coordinates":[[[80.65747,6.25626],[80.6575,6.25632],[80.65789,6.25636],[80.65814,6.25656],[80.65849,6.25668],[80.65896,6.25676],[80.65913,6.25673],[80.66001,6.25702],[80.66018,6.25738],[80.66076,6.25774],[80.66082,6.25807],[80.66092,6.25824],[80.66153,6.25846],[80.66166,6.25865],[80.66167,6.25883],[80.66151,6.25909],[80.66132,6.25921],[80.6613,6.2593],[80.6613,6.25935],[80.66149,6.25946],[80.66186,6.25952],[80.66195,6.25974],[80.6619,6.25983],[80.66178,6.25988],[80.66125,6.25981],[80.66076,6.25959],[80.66052,6.25963],[80.66026,6.25991],[80.66011,6.25993],[80.65987,6.25985],[80.65974,6.25963],[80.6595,6.25956],[80.65909,6.25961],[80.65879,6.25955],[80.65823,6.25958],[80.6577,6.25951],[80.65767,6.25955],[80.65826,6.25983],[80.65854,6.2598],[80.65882,6.26008],[80.65912,6.26025],[80.65939,6.26024],[80.65946,6.26052],[80.65962,6.26069],[80.6596,6.26082],[80.65933,6.26087],[80.65888,6.26079],[80.65879,6.26096],[80.65877,6.26114],[80.65885,6.26114],[80.65909,6.261],[80.65948,6.26106],[80.65948,6.26134],[80.65964,6.26147],[80.65979,6.26142],[80.66,6.2612],[80.66001,6.26097],[80.65993,6.26081],[80.65993,6.26073],[80.66096,6.26022],[80.66129,6.26],[80.66144,6.26],[80.66154,6.26008],[80.6616,6.2603],[80.66172,6.2605],[80.66174,6.26066],[80.66154,6.26078],[80.66149,6.26116],[80.66129,6.26128],[80.66088,6.26125],[80.6607,6.26143],[80.66059,6.26176],[80.66111,6.2629],[80.66118,6.26334],[80.6613,6.26365],[80.66137,6.26355],[80.66131,6.26308],[80.66135,6.26259],[80.66127,6.26237],[80.66108,6.26218],[80.66102,6.26204],[80.66103,6.26173],[80.66117,6.26154],[80.6613,6.26148],[80.66154,6.26144],[80.66164,6.26151],[80.66169,6.26124],[80.66166,6.26101],[80.66201,6.26072],[80.66202,6.26053],[80.66192,6.26034],[80.6619,6.26016],[80.66209,6.25987],[80.66214,6.25952],[80.6619,6.25935],[80.66186,6.25923],[80.66193,6.25905],[80.66224,6.2588],[80.66228,6.25871],[80.66218,6.25841],[80.66208,6.25838],[80.66189,6.25847],[80.66175,6.25848],[80.66141,6.25827],[80.66128,6.25813],[80.6611,6.25805],[80.66096,6.25772],[80.66065,6.25752],[80.66048,6.25725],[80.66028,6.25711],[80.66023,6.25696],[80.66013,6.25686],[80.66014,6.25676],[80.66007,6.25658],[80.65987,6.25647],[80.65967,6.25644],[80.65949,6.25628],[80.65931,6.25576],[80.65921,6.25562],[80.65903,6.25549],[80.659,6.25557],[80.6592,6.25589],[80.65934,6.25643],[80.65947,6.2566],[80.65944,6.25668],[80.65907,6.25661],[80.65874,6.25663],[80.65801,6.25621],[80.65747,6.25626]]]}},{"type":"Feature","properties":{"c":"scrub"},"geometry":{"type":"Polygon","coordinates":[[[80.64573,6.29264],[80.64599,6.29343],[80.6461,6.29447],[80.64623,6.29482],[80.6462,6.29507],[80.64584,6.29561],[80.64586,6.29586],[80.64605,6.29614],[80.64745,6.29702],[80.64777,6.29732],[80.64804,6.29772],[80.64818,6.29815],[80.64822,6.29889],[80.64802,6.29896],[80.64785,6.29908],[80.64773,6.29926],[80.64763,6.29945],[80.64767,6.29977],[80.64793,6.30006],[80.64812,6.30017],[80.64875,6.30106],[80.64936,6.30131],[80.64961,6.30137],[80.65053,6.30229],[80.65085,6.30244],[80.65117,6.30278],[80.65236,6.30345],[80.65289,6.30346],[80.65321,6.30333],[80.65363,6.3025],[80.65382,6.30232],[80.65468,6.3023],[80.65524,6.30241],[80.65557,6.30262],[80.65579,6.30297],[80.65605,6.30315],[80.65646,6.30365],[80.65676,6.30421],[80.65734,6.30455],[80.65752,6.30474],[80.65819,6.30506],[80.65844,6.30536],[80.65875,6.30547],[80.65898,6.30568],[80.65926,6.30584],[80.65938,6.30622],[80.65962,6.30666],[80.65936,6.30707],[80.65932,6.30722],[80.65934,6.30738],[80.65999,6.30797],[80.66041,6.30821],[80.6609,6.30811],[80.66143,6.30811],[80.66187,6.30826],[80.66225,6.30846],[80.66252,6.30867],[80.66351,6.30913],[80.66361,6.30925],[80.66363,6.30941],[80.66409,6.30982],[80.66513,6.30969],[80.66584,6.30948],[80.66656,6.30907],[80.6668,6.3091],[80.66725,6.30893],[80.66759,6.30889],[80.66818,6.30867],[80.66848,6.30845],[80.66859,6.30832],[80.66943,6.30814],[80.66994,6.30813],[80.67013,6.30819],[80.67018,6.30835],[80.67085,6.30884],[80.6709,6.30899],[80.6715,6.30926],[80.67182,6.30933],[80.67238,6.30934],[80.67266,6.30917],[80.6735,6.30892],[80.6743,6.30899],[80.67455,6.30893],[80.67491,6.30873],[80.67545,6.30865],[80.67568,6.30854],[80.67623,6.30809],[80.67712,6.3081],[80.67733,6.3082],[80.67767,6.30813],[80.67812,6.30811],[80.67831,6.30792],[80.67871,6.30734],[80.67896,6.30725],[80.6791,6.30704],[80.67916,6.30687],[80.67953,6.30653],[80.67982,6.30618],[80.68006,6.30564],[80.6802,6.3055],[80.68076,6.30547],[80.68084,6.30539],[80.68078,6.30506],[80.68001,6.30454],[80.67986,6.30435],[80.67946,6.30413],[80.67894,6.30401],[80.67883,6.30395],[80.67854,6.3036],[80.67817,6.30343],[80.67772,6.30336],[80.67745,6.30324],[80.67699,6.30314],[80.67673,6.30286],[80.67666,6.30264],[80.67638,6.30243],[80.67583,6.30227],[80.67494,6.3022],[80.67461,6.30212],[80.674,6.30158],[80.67363,6.301],[80.67325,6.30075],[80.67232,6.30053],[80.67207,6.30042],[80.67122,6.30029],[80.67082,6.30034],[80.67059,6.30047],[80.67013,6.3006],[80.67016,6.30063],[80.66938,6.30071],[80.66916,6.30063],[80.66883,6.30063],[80.66852,6.3007],[80.66839,6.3008],[80.66811,6.30118],[80.66781,6.30144],[80.66743,6.30153],[80.66709,6.30168],[80.66623,6.30225],[80.66593,6.3023],[80.66565,6.30243],[80.66481,6.30251],[80.66344,6.30253],[80.66294,6.30227],[80.66222,6.30222],[80.66142,6.30195],[80.66041,6.3017],[80.65956,6.30109],[80.65907,6.30096],[80.65879,6.3008],[80.65844,6.30079],[80.65837,6.30066],[80.65837,6.30037],[80.65806,6.29987],[80.65778,6.29977],[80.6574,6.29947],[80.65693,6.29934],[80.65674,6.29921],[80.65614,6.29909],[80.65598,6.29914],[80.65579,6.2993],[80.65561,6.29959],[80.65541,6.29979],[80.65499,6.29994],[80.65473,6.29981],[80.65436,6.29958],[80.65421,6.29926],[80.65405,6.29906],[80.65395,6.2988],[80.65396,6.29862],[80.65411,6.29813],[80.65496,6.2977],[80.65518,6.29737],[80.65519,6.29719],[80.65468,6.29655],[80.65364,6.29643],[80.65332,6.29651],[80.65286,6.29651],[80.65242,6.29644],[80.65215,6.29631],[80.65211,6.29622],[80.65173,6.29589],[80.65134,6.29566],[80.65095,6.29493],[80.65092,6.29478],[80.65051,6.2942],[80.65052,6.29358],[80.65026,6.29317],[80.65021,6.29301],[80.65021,6.29284],[80.6503,6.29267],[80.65053,6.29238],[80.65113,6.29206],[80.65164,6.29196],[80.65247,6.2919],[80.65326,6.29173],[80.65345,6.29155],[80.65359,6.29123],[80.65389,6.29098],[80.65406,6.29073],[80.65409,6.29044],[80.65444,6.28962],[80.6544,6.28898],[80.65429,6.28878],[80.65374,6.28855],[80.6533,6.28828],[80.65326,6.28884],[80.65277,6.28933],[80.65223,6.28961],[80.65167,6.29014],[80.65155,6.29042],[80.65132,6.29062],[80.65059,6.29112],[80.64971,6.29222],[80.64935,6.29258],[80.64898,6.29283],[80.64869,6.29283],[80.64795,6.2927],[80.64766,6.29255],[80.64755,6.29227],[80.64717,6.29183],[80.64691,6.29167],[80.6465,6.29104],[80.64616,6.29216],[80.64577,6.29254],[80.64573,6.29264]]]}},{"type":"Feature","properties":{"c":"farmland","n":"Paddy"},"geometry":{"type":"Polygon","coordinates":[[[80.65853,6.28056],[80.6586,6.28078],[80.6589,6.28101],[80.6593,6.28147],[80.65942,6.28209],[80.65956,6.28241],[80.65984,6.28283],[80.66023,6.28325],[80.66075,6.28349],[80.66083,6.28316],[80.66049,6.28313],[80.66028,6.28306],[80.6602,6.28297],[80.65988,6.28169],[80.65953,6.28112],[80.65924,6.28095],[80.65881,6.28059],[80.65853,6.28056]]]}},{"type":"Feature","properties":{"c":"farmland","n":"paddy"},"geometry":{"type":"Polygon","coordinates":[[[80.69066,6.07844],[80.69081,6.07916],[80.69093,6.07936],[80.69124,6.07963],[80.69128,6.07978],[80.69128,6.0802],[80.69146,6.08047],[80.69153,6.0807],[80.69153,6.081],[80.69145,6.08125],[80.69121,6.08163],[80.69123,6.08186],[80.69163,6.08222],[80.69173,6.0821],[80.69182,6.08212],[80.69195,6.08239],[80.69244,6.08253],[80.69275,6.08276],[80.69276,6.08286],[80.69269,6.08294],[80.69208,6.08287],[80.69202,6.08296],[80.69205,6.08305],[80.69244,6.08305],[80.69264,6.08311],[80.69317,6.08307],[80.69333,6.08282],[80.6933,6.08263],[80.69314,6.08237],[80.6931,6.08218],[80.6931,6.08089],[80.69299,6.08039],[80.693,6.08021],[80.6927,6.07993],[80.69193,6.07857],[80.69193,6.07838],[80.69202,6.07834],[80.69221,6.07836],[80.69261,6.07866],[80.69275,6.07881],[80.69283,6.079],[80.69299,6.07913],[80.69347,6.07932],[80.69376,6.07928],[80.69389,6.07914],[80.69384,6.07904],[80.69344,6.07894],[80.69326,6.07882],[80.69313,6.07867],[80.69319,6.07808],[80.69316,6.07799],[80.69297,6.07793],[80.69224,6.07792],[80.69183,6.07779],[80.69104,6.07769],[80.69089,6.07777],[80.69087,6.07802],[80.69074,6.07821],[80.69066,6.07844]],[[80.69099,6.07909],[80.69102,6.07889],[80.69115,6.07875],[80.69126,6.07874],[80.69143,6.07885],[80.69159,6.0792],[80.69189,6.07948],[80.69199,6.07976],[80.69217,6.07985],[80.69243,6.08016],[80.69241,6.08047],[80.69229,6.08072],[80.69229,6.08124],[80.69216,6.08151],[80.69196,6.08145],[80.69192,6.08136],[80.69173,6.08048],[80.69153,6.08013],[80.69153,6.07968],[80.69136,6.07943],[80.69099,6.07909]]]}},{"type":"Feature","properties":{"c":"forest"},"geometry":{"type":"Polygon","coordinates":[[[80.63966,6.03738],[80.63994,6.03913],[80.64046,6.04052],[80.64142,6.04211],[80.64262,6.04307],[80.64573,6.0447],[80.64653,6.04482],[80.64801,6.04426],[80.64849,6.04347],[80.65029,6.04327],[80.65077,6.04378],[80.65017,6.04526],[80.65073,6.04625],[80.65077,6.04717],[80.65066,6.04827],[80.65292,6.04838],[80.65496,6.04945],[80.65744,6.04855],[80.65812,6.04708],[80.65829,6.04641],[80.65629,6.04394],[80.65621,6.04311],[80.65713,6.04215],[80.65921,6.04124],[80.65905,6.04017],[80.65853,6.03913],[80.65925,6.03555],[80.65917,6.03476],[80.65821,6.03352],[80.65613,6.03324],[80.65481,6.03277],[80.65369,6.03249],[80.65289,6.03181],[80.65217,6.03078],[80.65117,6.03018],[80.64993,6.02994],[80.64853,6.03026],[80.64793,6.02931],[80.64793,6.02867],[80.64761,6.02827],[80.64642,6.02841],[80.64637,6.02907],[80.64589,6.02994],[80.64513,6.03078],[80.64453,6.03269],[80.64346,6.03352],[80.64186,6.03384],[80.64034,6.03527],[80.63966,6.03738]]]}},{"type":"Feature","properties":{"c":"scrub"},"geometry":{"type":"Polygon","coordinates":[[[80.65621,6.04311],[80.65629,6.04394],[80.65829,6.04641],[80.65812,6.04708],[80.65744,6.04855],[80.65736,6.04889],[80.65732,6.04966],[80.65725,6.04998],[80.65726,6.05029],[80.65732,6.05043],[80.65756,6.05065],[80.65788,6.05074],[80.65804,6.0507],[80.65829,6.05012],[80.65825,6.04949],[80.65802,6.04888],[80.65822,6.04845],[80.65835,6.04834],[80.65892,6.0484],[80.65934,6.04873],[80.6595,6.04878],[80.65965,6.04871],[80.65974,6.04857],[80.66008,6.04769],[80.6605,6.04747],[80.6611,6.04758],[80.66156,6.0475],[80.66204,6.04756],[80.66251,6.04751],[80.66262,6.04738],[80.66264,6.04723],[80.66262,6.04708],[80.66248,6.04679],[80.66247,6.0463],[80.66283,6.04605],[80.66305,6.0458],[80.66333,6.04595],[80.66349,6.04591],[80.66376,6.0457],[80.66408,6.04555],[80.66424,6.04556],[80.66448,6.04576],[80.66465,6.04578],[80.6648,6.04575],[80.66507,6.04557],[80.66544,6.04523],[80.66551,6.04508],[80.66562,6.0446],[80.66554,6.04412],[80.66557,6.0438],[80.66593,6.04349],[80.66633,6.04321],[80.66648,6.04315],[80.6668,6.04317],[80.66689,6.0433],[80.66677,6.04374],[80.66678,6.0439],[80.6668,6.04405],[80.66695,6.04415],[80.66729,6.04415],[80.6676,6.04427],[80.66776,6.04427],[80.6684,6.04417],[80.66873,6.04424],[80.66908,6.04424],[80.66923,6.04419],[80.66933,6.04407],[80.6696,6.04327],[80.6696,6.04311],[80.66953,6.04296],[80.66924,6.04284],[80.66909,6.04283],[80.66863,6.04286],[80.66818,6.04286],[80.66801,6.04281],[80.66741,6.04231],[80.66741,6.04215],[80.66754,6.04186],[80.66766,6.04175],[80.6678,6.0417],[80.66832,6.04162],[80.66847,6.04155],[80.66895,6.04154],[80.66942,6.04139],[80.66991,6.04132],[80.67008,6.04104],[80.67017,6.04072],[80.66995,6.04051],[80.66988,6.04019],[80.66994,6.04005],[80.67006,6.03992],[80.67023,6.03989],[80.67052,6.04002],[80.67085,6.04002],[80.67145,6.03973],[80.67144,6.03958],[80.67129,6.03933],[80.67126,6.03901],[80.67145,6.03858],[80.67169,6.03835],[80.67185,6.03806],[80.67187,6.03762],[80.67196,6.03731],[80.67228,6.03673],[80.67222,6.03644],[80.67165,6.03573],[80.67151,6.03587],[80.67134,6.03585],[80.67085,6.03616],[80.67052,6.03624],[80.67023,6.03642],[80.67012,6.03642],[80.66975,6.03499],[80.66974,6.03454],[80.66961,6.03398],[80.66948,6.03381],[80.66925,6.03373],[80.66892,6.03374],[80.66883,6.03378],[80.66859,6.03405],[80.66824,6.03466],[80.66825,6.03507],[80.66817,6.03526],[80.66733,6.03558],[80.66669,6.03569],[80.66626,6.03569],[80.66608,6.03556],[80.66586,6.03516],[80.66586,6.03471],[80.66598,6.03425],[80.66622,6.03418],[80.6664,6.03431],[80.66651,6.03451],[80.66686,6.03483],[80.6671,6.03487],[80.66749,6.03463],[80.66756,6.03441],[80.66723,6.03388],[80.66692,6.03354],[80.66693,6.03333],[80.66713,6.03323],[80.6673,6.03307],[80.66734,6.03283],[80.6672,6.03264],[80.66607,6.03227],[80.66578,6.03225],[80.66546,6.03234],[80.6645,6.03337],[80.66421,6.03389],[80.66406,6.03433],[80.66403,6.03478],[80.66384,6.0355],[80.66368,6.03549],[80.66341,6.03562],[80.66299,6.03569],[80.66277,6.03575],[80.6626,6.03589],[80.66239,6.03592],[80.66219,6.03581],[80.66176,6.0358],[80.66142,6.03548],[80.66124,6.03559],[80.66115,6.0358],[80.661,6.03595],[80.66097,6.03617],[80.66107,6.03637],[80.66124,6.03651],[80.66191,6.03639],[80.6621,6.03652],[80.66215,6.03674],[80.66254,6.0373],[80.66249,6.03774],[80.66234,6.03789],[80.66214,6.03798],[80.66178,6.03824],[80.66166,6.03841],[80.66161,6.03862],[80.66173,6.03951],[80.66189,6.04002],[80.66181,6.04039],[80.66133,6.04063],[80.66088,6.04058],[80.6602,6.0404],[80.65968,6.04045],[80.65905,6.04017],[80.65921,6.04124],[80.65713,6.04215],[80.65621,6.04311]]]}},{"type":"Feature","properties":{"c":"scrub","n":"Wawulgala Kanda"},"geometry":{"type":"Polygon","coordinates":[[[80.68072,6.00901],[80.68078,6.00919],[80.68109,6.00961],[80.68148,6.00998],[80.68197,6.01016],[80.68269,6.01018],[80.68303,6.0101],[80.68365,6.00988],[80.68431,6.00956],[80.68526,6.00956],[80.68562,6.00963],[80.68595,6.00961],[80.6878,6.01011],[80.68988,6.01009],[80.69025,6.01014],[80.69094,6.01037],[80.69125,6.01052],[80.69171,6.01091],[80.69297,6.01128],[80.69437,6.01198],[80.69453,6.01204],[80.69531,6.01209],[80.69564,6.01223],[80.69587,6.01254],[80.69584,6.013],[80.69686,6.0135],[80.6971,6.0141],[80.69755,6.01465],[80.69768,6.01537],[80.69777,6.01555],[80.69798,6.0158],[80.6981,6.01612],[80.69832,6.01641],[80.69898,6.01675],[80.6992,6.017],[80.69937,6.01705],[80.70018,6.01775],[80.70036,6.01781],[80.70142,6.01775],[80.70264,6.0172],[80.70324,6.01703],[80.70358,6.01722],[80.70375,6.01752],[80.7041,6.01763],[80.70431,6.01791],[80.70487,6.01839],[80.70489,6.01856],[80.70484,6.01873],[80.70446,6.01913],[80.70433,6.01922],[80.70352,6.01951],[80.70324,6.01971],[80.70317,6.01987],[80.70319,6.02004],[80.70328,6.02017],[80.70377,6.02042],[80.70432,6.02036],[80.70467,6.02021],[80.70557,6.01958],[80.70584,6.0187],[80.70606,6.01842],[80.70612,6.01826],[80.7062,6.01754],[80.70626,6.01736],[80.70639,6.01724],[80.70673,6.01715],[80.70691,6.01733],[80.70716,6.0174],[80.70869,6.01733],[80.70905,6.01721],[80.70934,6.01693],[80.7097,6.0168],[80.7098,6.01671],[80.7099,6.01647],[80.70987,6.01622],[80.71002,6.01582],[80.71003,6.01557],[80.71013,6.01534],[80.71017,6.01507],[80.7101,6.01497],[80.70976,6.01482],[80.7097,6.01467],[80.70947,6.01458],[80.70896,6.0142],[80.70885,6.01414],[80.70832,6.01414],[80.70813,6.01404],[80.70803,6.01383],[80.70806,6.01347],[80.70824,6.01328],[80.70837,6.01325],[80.70849,6.01327],[80.70885,6.01361],[80.70897,6.01367],[80.70936,6.01371],[80.70973,6.01359],[80.70977,6.01348],[80.70997,6.01332],[80.71013,6.01299],[80.71011,6.01281],[80.70969,6.01248],[80.70988,6.01222],[80.71006,6.01219],[80.7104,6.01236],[80.71076,6.01231],[80.71088,6.01217],[80.71118,6.01151],[80.71117,6.0108],[80.71111,6.01064],[80.71096,6.01058],[80.71063,6.01066],[80.70913,6.01158],[80.70897,6.01165],[80.7088,6.01158],[80.70883,6.01141],[80.7093,6.01085],[80.70983,6.01067],[80.70991,6.01051],[80.70991,6.01033],[80.7098,6.01018],[80.70946,6.01012],[80.70919,6.00987],[80.70873,6.00962],[80.70847,6.0094],[80.70817,6.00858],[80.70787,6.00843],[80.70722,6.00824],[80.70698,6.008],[80.70681,6.00792],[80.7058,6.00768],[80.70532,6.00729],[80.70502,6.00711],[80.7047,6.00648],[80.70457,6.00636],[80.70421,6.00622],[80.70404,6.00622],[80.7039,6.00629],[80.70356,6.00668],[80.70318,6.00674],[80.70289,6.00654],[80.70273,6.00648],[80.70256,6.0065],[80.7023,6.00671],[80.70153,6.00705],[80.70129,6.0073],[80.70121,6.00746],[80.70119,6.00814],[80.701,6.00862],[80.70101,6.00879],[80.70114,6.0089],[80.70133,6.00938],[80.70146,6.00951],[80.70214,6.00978],[80.70239,6.01004],[80.70236,6.01021],[80.70219,6.01052],[80.70217,6.01069],[80.70234,6.01126],[80.70261,6.01151],[80.70259,6.01167],[80.70232,6.01189],[80.70227,6.01205],[80.70231,6.01239],[80.70251,6.01268],[80.70293,6.01302],[80.70334,6.01363],[80.70389,6.01402],[80.70412,6.01429],[80.70395,6.01488],[80.70347,6.01506],[80.70307,6.01503],[80.703,6.01493],[80.70286,6.01444],[80.70231,6.0142],[80.70187,6.01391],[80.70116,6.01384],[80.70089,6.01326],[80.70053,6.01275],[80.70044,6.01251],[80.70046,6.01239],[80.70064,6.01191],[80.70101,6.01171],[80.70138,6.01171],[80.70151,6.01167],[80.70164,6.01146],[80.70165,6.01134],[80.70153,6.01105],[80.70119,6.01064],[80.70098,6.01019],[80.70079,6.01004],[80.70053,6.01003],[80.69997,6.01027],[80.69956,6.01059],[80.69926,6.0107],[80.69878,6.01071],[80.69866,6.01067],[80.69857,6.01058],[80.69848,6.01021],[80.69821,6.00993],[80.6982,6.00969],[80.69824,6.00957],[80.69862,6.00953],[80.69909,6.00913],[80.69937,6.00906],[80.70001,6.00908],[80.7,6.00831],[80.70009,6.00759],[80.7,6.00727],[80.69974,6.00701],[80.69865,6.0069],[80.69837,6.00671],[80.6983,6.00656],[80.69832,6.00638],[80.69847,6.00606],[80.69849,6.00589],[80.69843,6.00535],[80.69836,6.00518],[80.69823,6.00505],[80.69807,6.00499],[80.6979,6.00501],[80.69757,6.00514],[80.69716,6.0057],[80.69689,6.00592],[80.69657,6.00607],[80.69588,6.00622],[80.69558,6.00665],[80.69508,6.00685],[80.69436,6.00691],[80.69383,6.00681],[80.69343,6.00649],[80.69339,6.00631],[80.69345,6.00596],[80.69366,6.00546],[80.6935,6.00514],[80.69337,6.00504],[80.69319,6.00501],[80.69286,6.0051],[80.69256,6.00527],[80.69244,6.00539],[80.692,6.00555],[80.69168,6.00598],[80.6914,6.00619],[80.69105,6.00625],[80.69095,6.0061],[80.69091,6.00522],[80.6908,6.00506],[80.69062,6.00508],[80.69017,6.0053],[80.68977,6.00531],[80.68944,6.00538],[80.68915,6.00554],[80.68815,6.00566],[80.68784,6.00581],[80.68743,6.00656],[80.68707,6.00697],[80.68687,6.00743],[80.68642,6.00741],[80.68607,6.00701],[80.68592,6.00693],[80.68575,6.00694],[80.68479,6.00732],[80.68393,6.00738],[80.68326,6.00758],[80.68239,6.00755],[80.68222,6.00749],[80.68187,6.00747],[80.68173,6.00756],[80.6815,6.00802],[80.6811,6.00838],[80.68076,6.00884],[80.68072,6.00901]]]}},{"type":"Feature","properties":{"c":"farmland","n":"Paddy"},"geometry":{"type":"Polygon","coordinates":[[[80.68639,6.00583],[80.68655,6.00671],[80.68661,6.00676],[80.68668,6.00673],[80.68676,6.00661],[80.68667,6.00615],[80.68669,6.00588],[80.68683,6.00545],[80.68701,6.00523],[80.68739,6.00498],[80.68798,6.00473],[80.68855,6.00472],[80.68948,6.00451],[80.68968,6.00442],[80.69045,6.00384],[80.69062,6.00349],[80.69134,6.00312],[80.69146,6.00284],[80.69132,6.00283],[80.69111,6.00295],[80.69081,6.00302],[80.69033,6.00307],[80.68978,6.00369],[80.68963,6.00395],[80.68925,6.00424],[80.68778,6.00455],[80.6867,6.00498],[80.68653,6.00515],[80.68639,6.00552],[80.68639,6.00583]]]}},{"type":"Feature","properties":{"c":"scrub"},"geometry":{"type":"Polygon","coordinates":[[[80.54646,6.36834],[80.54673,6.36903],[80.54744,6.36919],[80.54791,6.36922],[80.54801,6.36914],[80.54815,6.36912],[80.54902,6.36912],[80.54941,6.36925],[80.54981,6.36947],[80.55054,6.36948],[80.55098,6.36943],[80.55146,6.36915],[80.55166,6.36897],[80.55249,6.36875],[80.55273,6.3686],[80.55295,6.36823],[80.55306,6.36751],[80.55303,6.36738],[80.55276,6.36706],[80.55226,6.36679],[80.55191,6.3665],[80.55067,6.3665],[80.55038,6.36645],[80.55002,6.36629],[80.54993,6.36619],[80.5499,6.36606],[80.54967,6.36593],[80.54913,6.36592],[80.54795,6.36633],[80.54727,6.36645],[80.54686,6.36666],[80.54673,6.3669],[80.54675,6.36759],[80.54671,6.36784],[80.54646,6.36834]]]}},{"type":"Feature","properties":{"c":"scrub"},"geometry":{"type":"Polygon","coordinates":[[[80.54803,6.37183],[80.54827,6.37211],[80.5484,6.37284],[80.54863,6.37283],[80.54881,6.37291],[80.54897,6.3729],[80.5491,6.37326],[80.54855,6.37383],[80.54861,6.37458],[80.54874,6.37493],[80.54913,6.37508],[80.55017,6.37467],[80.55123,6.37498],[80.55198,6.37577],[80.55237,6.37684],[80.55303,6.37726],[80.55342,6.37728],[80.55379,6.37709],[80.55399,6.37638],[80.5546,6.37597],[80.55479,6.3748],[80.55477,6.37405],[80.55493,6.37372],[80.5553,6.37355],[80.55672,6.37366],[80.55783,6.37359],[80.55848,6.37392],[80.55933,6.37467],[80.56006,6.37486],[80.56084,6.37531],[80.5627,6.37498],[80.56287,6.37457],[80.56281,6.37454],[80.56279,6.37422],[80.5625,6.37398],[80.56215,6.37379],[80.56137,6.37363],[80.56078,6.37293],[80.56067,6.37256],[80.56005,6.37234],[80.55929,6.37223],[80.55743,6.37145],[80.55713,6.37075],[80.55674,6.37062],[80.55628,6.37062],[80.55514,6.37104],[80.55438,6.37115],[80.55415,6.37103],[80.55372,6.3704],[80.55331,6.37046],[80.55219,6.37249],[80.55062,6.3724],[80.54973,6.37165],[80.54861,6.37135],[80.54822,6.37148],[80.54803,6.37183]]]}},{"type":"Feature","properties":{"c":"scrub"},"geometry":{"type":"Polygon","coordinates":[[[80.59552,6.37508],[80.59554,6.37532],[80.59613,6.3768],[80.59632,6.37789],[80.59664,6.37835],[80.59719,6.37833],[80.59762,6.37799],[80.59781,6.3775],[80.59779,6.37695],[80.59761,6.37647],[80.59761,6.3762],[80.59778,6.37597],[80.59848,6.37585],[80.59891,6.37615],[80.59942,6.37625],[80.59981,6.37592],[80.60167,6.37481],[80.60359,6.37468],[80.60498,6.37494],[80.60752,6.37493],[80.60859,6.37475],[80.60963,6.37437],[80.60925,6.37316],[80.60884,6.37267],[80.60837,6.37251],[80.60787,6.37189],[80.6074,6.37156],[80.60656,6.37158],[80.60557,6.37142],[80.60481,6.37148],[80.6038,6.37173],[80.60294,6.37256],[80.60168,6.37263],[80.60147,6.37248],[80.60119,6.37203],[80.60013,6.37202],[80.59937,6.3718],[80.59825,6.37071],[80.59776,6.37064],[80.59724,6.37079],[80.59685,6.37113],[80.59653,6.37153],[80.59648,6.37178],[80.59669,6.37275],[80.59632,6.37362],[80.59567,6.37459],[80.59552,6.37508]]]}},{"type":"Feature","properties":{"c":"residential"},"geometry":{"type":"Polygon","coordinates":[[[80.49145,5.94072],[80.49188,5.94075],[80.49185,5.9402],[80.49155,5.94019],[80.49145,5.94048],[80.49145,5.94072]]]}},{"type":"Feature","properties":{"c":"farmland","n":"Paddy"},"geometry":{"type":"Polygon","coordinates":[[[80.56517,6.34849],[80.56536,6.34872],[80.56558,6.34883],[80.56605,6.34892],[80.56612,6.34907],[80.56605,6.34944],[80.56608,6.34957],[80.56636,6.34993],[80.56634,6.35017],[80.56593,6.35033],[80.56583,6.35056],[80.56585,6.35071],[80.56618,6.35076],[80.56675,6.35058],[80.56777,6.35105],[80.56778,6.35119],[80.56767,6.35147],[80.5673,6.35198],[80.56727,6.35209],[80.56733,6.35224],[80.56749,6.3522],[80.56767,6.35177],[80.5681,6.35141],[80.5684,6.35187],[80.56847,6.35234],[80.56855,6.35254],[80.56883,6.35297],[80.56899,6.35311],[80.56946,6.35328],[80.56967,6.35321],[80.56979,6.35323],[80.57025,6.35346],[80.57055,6.35383],[80.57102,6.35401],[80.5713,6.35431],[80.57155,6.35432],[80.57175,6.35418],[80.57173,6.35403],[80.57157,6.3539],[80.57123,6.35381],[80.57094,6.35362],[80.57091,6.35355],[80.57096,6.35316],[80.57116,6.35281],[80.57112,6.35274],[80.57087,6.3527],[80.57082,6.35264],[80.5708,6.35248],[80.57091,6.35226],[80.57091,6.35218],[80.57082,6.3521],[80.57031,6.3521],[80.57012,6.35194],[80.56997,6.35189],[80.56949,6.35208],[80.56931,6.35209],[80.56923,6.35204],[80.56913,6.35183],[80.56911,6.35167],[80.56925,6.35139],[80.56928,6.35123],[80.56924,6.35116],[80.56895,6.35122],[80.56881,6.35114],[80.56877,6.35098],[80.56878,6.35049],[80.56866,6.35028],[80.56866,6.3502],[80.5689,6.34983],[80.56892,6.34951],[80.56886,6.34946],[80.56846,6.3496],[80.56828,6.34958],[80.56801,6.34925],[80.56784,6.34919],[80.56771,6.34907],[80.56731,6.34924],[80.56707,6.3492],[80.5668,6.34899],[80.56657,6.34855],[80.56642,6.34848],[80.56616,6.34847],[80.56565,6.34857],[80.56525,6.34845],[80.56517,6.34849]],[[80.56957,6.35253],[80.56969,6.35233],[80.56984,6.35226],[80.56996,6.35225],[80.57033,6.35241],[80.57067,6.35283],[80.57074,6.35316],[80.57059,6.35325],[80.57041,6.35326],[80.56965,6.35275],[80.56957,6.35265],[80.56957,6.35253]]]}},{"type":"Feature","properties":{"c":"forest"},"geometry":{"type":"Polygon","coordinates":[[[80.57937,6.365],[80.57956,6.36497],[80.57965,6.36491],[80.5797,6.36459],[80.57979,6.36448],[80.58031,6.36421],[80.58051,6.36417],[80.58069,6.36422],[80.58087,6.36439],[80.58122,6.36438],[80.58137,6.36443],[80.58166,6.36473],[80.58174,6.36474],[80.58208,6.36447],[80.58238,6.36441],[80.58256,6.36447],[80.58268,6.36465],[80.58275,6.36498],[80.58287,6.36513],[80.58366,6.36543],[80.58384,6.36552],[80.58389,6.36559],[80.58375,6.36595],[80.58371,6.36617],[80.58376,6.36655],[80.58388,6.36658],[80.58419,6.36654],[80.58461,6.36674],[80.58477,6.36675],[80.58503,6.36656],[80.58539,6.36643],[80.58544,6.36636],[80.58547,6.36616],[80.58561,6.36599],[80.58622,6.36584],[80.58636,6.36584],[80.58663,6.36604],[80.58725,6.36617],[80.58774,6.36639],[80.58823,6.36641],[80.58869,6.36658],[80.58912,6.36652],[80.58947,6.36659],[80.5897,6.36657],[80.59008,6.36643],[80.59038,6.36625],[80.59091,6.36645],[80.59123,6.36636],[80.59143,6.36635],[80.59183,6.36662],[80.59199,6.36617],[80.59181,6.36515],[80.59159,6.36512],[80.59092,6.3652],[80.59061,6.3651],[80.59037,6.3651],[80.59013,6.36517],[80.58976,6.36545],[80.58945,6.36556],[80.58934,6.36556],[80.58875,6.36519],[80.58819,6.36519],[80.58804,6.36463],[80.58802,6.36429],[80.5879,6.36374],[80.58792,6.36309],[80.58784,6.36294],[80.5874,6.36279],[80.58726,6.36271],[80.5872,6.36256],[80.58728,6.36207],[80.5874,6.36175],[80.58733,6.3611],[80.58706,6.36091],[80.58675,6.36082],[80.58617,6.36051],[80.58599,6.36051],[80.58567,6.3606],[80.58461,6.36112],[80.58381,6.36126],[80.58351,6.36113],[80.5834,6.36102],[80.58327,6.36073],[80.58314,6.36064],[80.58298,6.3606],[80.58174,6.36099],[80.58133,6.36137],[80.58064,6.36221],[80.58066,6.36243],[80.58088,6.36283],[80.58089,6.36317],[80.58083,6.36331],[80.58032,6.36359],[80.58002,6.36395],[80.57967,6.36424],[80.57948,6.36453],[80.57937,6.365]]]}},{"type":"Feature","properties":{"c":"orchard","n":"Tea"},"geometry":{"type":"Polygon","coordinates":[[[80.57562,6.35555],[80.57592,6.35575],[80.57605,6.35579],[80.57678,6.35581],[80.57693,6.35575],[80.577,6.3556],[80.57699,6.35495],[80.57718,6.35448],[80.57751,6.3541],[80.57781,6.35395],[80.57814,6.35391],[80.57829,6.35392],[80.57842,6.35401],[80.57863,6.35426],[80.57883,6.35507],[80.57903,6.35537],[80.5796,6.35573],[80.58066,6.35573],[80.58128,6.35554],[80.58186,6.35552],[80.58209,6.35556],[80.5827,6.35582],[80.58294,6.35606],[80.58303,6.35656],[80.58336,6.35733],[80.58338,6.35813],[80.5833,6.35878],[80.58337,6.35892],[80.58366,6.35907],[80.58393,6.35885],[80.58442,6.35868],[80.58457,6.35873],[80.58468,6.35903],[80.58458,6.35916],[80.58425,6.35928],[80.58322,6.35922],[80.58258,6.35928],[80.58243,6.35958],[80.58239,6.35991],[80.58255,6.36019],[80.58298,6.3606],[80.58314,6.36064],[80.58327,6.36073],[80.5834,6.36102],[80.58351,6.36113],[80.58381,6.36126],[80.58461,6.36112],[80.58567,6.3606],[80.58599,6.36051],[80.58617,6.36051],[80.58675,6.36082],[80.58706,6.36091],[80.58733,6.3611],[80.5874,6.36175],[80.58728,6.36207],[80.5872,6.36256],[80.58726,6.36271],[80.5874,6.36279],[80.58784,6.36294],[80.58792,6.36309],[80.5879,6.36374],[80.58798,6.36365],[80.58819,6.36355],[80.58865,6.36355],[80.58875,6.36351],[80.58909,6.3632],[80.58964,6.36301],[80.5897,6.36291],[80.58973,6.36268],[80.58995,6.36241],[80.58997,6.3623],[80.58988,6.36222],[80.58941,6.36228],[80.58916,6.36227],[80.58895,6.36213],[80.58879,6.36194],[80.58879,6.3617],[80.58861,6.36126],[80.58873,6.36039],[80.58882,6.36018],[80.5889,6.36011],[80.58914,6.36009],[80.58924,6.36015],[80.58932,6.3604],[80.58917,6.36096],[80.58917,6.36108],[80.58924,6.36118],[80.58961,6.36145],[80.59067,6.36191],[80.59081,6.36167],[80.59097,6.36153],[80.59108,6.36155],[80.59126,6.36173],[80.59127,6.36196],[80.5914,6.3623],[80.59151,6.36232],[80.59228,6.36154],[80.59309,6.36107],[80.59321,6.36085],[80.59325,6.36052],[80.5934,6.36005],[80.5934,6.35987],[80.59302,6.35931],[80.5927,6.35921],[80.59226,6.35896],[80.59157,6.35838],[80.59151,6.35806],[80.59156,6.35684],[80.59169,6.35605],[80.59169,6.35589],[80.59161,6.35574],[80.59129,6.3556],[80.59113,6.35542],[80.59099,6.35533],[80.59084,6.35527],[80.59051,6.35526],[80.58984,6.35487],[80.58989,6.35385],[80.58979,6.35336],[80.58991,6.35307],[80.59003,6.35295],[80.59032,6.3528],[80.59043,6.35268],[80.59048,6.35253],[80.59048,6.35237],[80.59036,6.35207],[80.59032,6.35182],[80.59008,6.35206],[80.58992,6.3521],[80.5893,6.352],[80.58889,6.35209],[80.58789,6.35269],[80.5876,6.35271],[80.58723,6.35261],[80.58691,6.3527],[80.58658,6.35268],[80.5862,6.35227],[80.58586,6.35138],[80.58527,6.35126],[80.58484,6.35097],[80.58427,6.35083],[80.58387,6.35089],[80.58366,6.35105],[80.58352,6.35124],[80.58361,6.35173],[80.58357,6.35213],[80.58341,6.35243],[80.58247,6.35322],[80.58227,6.3533],[80.58202,6.35326],[80.58188,6.3533],[80.58156,6.35358],[80.58117,6.35384],[80.58099,6.35383],[80.58044,6.35362],[80.57911,6.35273],[80.57844,6.35219],[80.57791,6.35182],[80.5777,6.35178],[80.57733,6.35184],[80.57678,6.3521],[80.57593,6.35259],[80.57582,6.3527],[80.57582,6.35296],[80.57604,6.35394],[80.5759,6.35458],[80.57588,6.35506],[80.57576,6.35542],[80.57562,6.35555]]]}},{"type":"Feature","properties":{"c":"orchard","n":"Tea"},"geometry":{"type":"Polygon","coordinates":[[[80.55362,6.35546],[80.55378,6.35558],[80.55392,6.35598],[80.55411,6.35611],[80.55455,6.3561],[80.55471,6.35615],[80.55475,6.35622],[80.55492,6.35624],[80.55537,6.35602],[80.55565,6.3558],[80.55573,6.35578],[80.55584,6.35593],[80.55589,6.35609],[80.55633,6.35652],[80.55649,6.35648],[80.55679,6.35628],[80.55704,6.35621],[80.55719,6.35632],[80.55726,6.35656],[80.5574,6.35664],[80.55749,6.35663],[80.5576,6.3565],[80.55768,6.35617],[80.55788,6.35602],[80.55819,6.35562],[80.55844,6.35556],[80.55897,6.35554],[80.55897,6.35535],[80.55859,6.35492],[80.55864,6.35476],[80.55884,6.35448],[80.55903,6.35434],[80.55907,6.35422],[80.55903,6.35405],[80.55875,6.35403],[80.55858,6.35419],[80.55849,6.35445],[80.55841,6.35452],[80.55831,6.35473],[80.55812,6.35486],[80.557,6.35523],[80.55646,6.35527],[80.5564,6.35522],[80.5564,6.35503],[80.55649,6.35483],[80.55667,6.35471],[80.55707,6.35464],[80.55721,6.35452],[80.5572,6.35417],[80.55752,6.35357],[80.55771,6.35354],[80.55781,6.3536],[80.55779,6.35393],[80.55797,6.35386],[80.55827,6.3539],[80.55864,6.35387],[80.55871,6.35377],[80.55882,6.35373],[80.55899,6.35377],[80.55924,6.35372],[80.55942,6.35373],[80.55955,6.35384],[80.55974,6.35431],[80.56007,6.3548],[80.5603,6.35476],[80.56053,6.35465],[80.56064,6.35451],[80.56062,6.35418],[80.56023,6.35361],[80.55995,6.35266],[80.56002,6.35257],[80.56041,6.35231],[80.56056,6.35204],[80.56056,6.35186],[80.56053,6.35175],[80.56038,6.35165],[80.56019,6.35135],[80.55979,6.35061],[80.55971,6.35037],[80.5594,6.35016],[80.55897,6.35002],[80.55852,6.34962],[80.55837,6.34955],[80.55812,6.34954],[80.55801,6.34963],[80.55769,6.34971],[80.55756,6.34993],[80.55734,6.35011],[80.55728,6.35032],[80.55728,6.35061],[80.55714,6.35088],[80.55712,6.35112],[80.55654,6.35166],[80.55614,6.35176],[80.55606,6.35182],[80.55598,6.35218],[80.55603,6.35247],[80.55599,6.35251],[80.55593,6.3525],[80.55558,6.35196],[80.55551,6.35192],[80.55544,6.35198],[80.55536,6.35217],[80.55531,6.35276],[80.55536,6.35286],[80.55562,6.35304],[80.55576,6.35354],[80.55565,6.35381],[80.55562,6.35409],[80.55532,6.35424],[80.55513,6.35444],[80.55496,6.35483],[80.55469,6.35506],[80.55425,6.35513],[80.55399,6.35536],[80.55362,6.35546]]]}},{"type":"Feature","properties":{"c":"farmland","n":"Paddy"},"geometry":{"type":"Polygon","coordinates":[[[80.51303,6.34038],[80.51315,6.34052],[80.51318,6.34062],[80.51395,6.34062],[80.51402,6.34093],[80.51419,6.34116],[80.51428,6.34115],[80.51416,6.3409],[80.51416,6.34051],[80.51374,6.34038],[80.51365,6.34025],[80.51364,6.34013],[80.51383,6.33985],[80.51393,6.33936],[80.51423,6.33903],[80.51456,6.33891],[80.51485,6.33905],[80.51507,6.33899],[80.51509,6.33894],[80.51474,6.33877],[80.51467,6.33867],[80.51465,6.33841],[80.51447,6.33826],[80.51443,6.33815],[80.51441,6.33798],[80.51446,6.33785],[80.51478,6.33734],[80.51491,6.337],[80.51485,6.33679],[80.51475,6.33681],[80.51462,6.33726],[80.51434,6.33781],[80.51387,6.33805],[80.51364,6.33839],[80.51341,6.33853],[80.5133,6.33867],[80.51324,6.33889],[80.51329,6.33898],[80.51351,6.33913],[80.51351,6.33936],[80.51335,6.33973],[80.51316,6.33987],[80.51306,6.34006],[80.51303,6.34038]]]}},{"type":"Feature","properties":{"c":"orchard","n":"Tea"},"geometry":{"type":"Polygon","coordinates":[[[80.51187,6.34377],[80.51191,6.34444],[80.51241,6.34506],[80.51273,6.34521],[80.51309,6.3452],[80.51321,6.34516],[80.51326,6.34506],[80.51324,6.34495],[80.5131,6.34478],[80.51324,6.34375],[80.51359,6.34327],[80.51397,6.34288],[80.51407,6.34267],[80.51407,6.34245],[80.51431,6.34232],[80.51447,6.34216],[80.51471,6.34217],[80.51514,6.342],[80.51524,6.34193],[80.51544,6.34165],[80.51562,6.34166],[80.51572,6.34186],[80.51591,6.34201],[80.51614,6.34199],[80.51619,6.34188],[80.51606,6.34158],[80.51607,6.34147],[80.51638,6.34114],[80.51659,6.34108],[80.5168,6.34111],[80.51688,6.34119],[80.5169,6.34129],[80.51671,6.34157],[80.5163,6.34196],[80.51629,6.34217],[80.5167,6.34226],[80.51714,6.34217],[80.51722,6.34224],[80.5174,6.3428],[80.51759,6.34292],[80.5177,6.34289],[80.51774,6.34279],[80.51784,6.3422],[80.5178,6.34198],[80.51763,6.34157],[80.51773,6.34124],[80.51787,6.34105],[80.51843,6.34085],[80.51892,6.34084],[80.51913,6.34092],[80.51948,6.34095],[80.51961,6.34112],[80.5197,6.34144],[80.51979,6.34152],[80.5199,6.34153],[80.51997,6.34144],[80.52,6.34134],[80.51991,6.34054],[80.52003,6.34018],[80.51963,6.33953],[80.51954,6.33948],[80.51893,6.33948],[80.51856,6.33957],[80.51828,6.33973],[80.51813,6.34001],[80.51779,6.34004],[80.51767,6.34],[80.5177,6.33933],[80.51782,6.33904],[80.51791,6.33861],[80.51798,6.33853],[80.51819,6.33845],[80.51839,6.33816],[80.51841,6.33804],[80.51822,6.3374],[80.51825,6.33718],[80.51843,6.33688],[80.51844,6.33677],[80.51843,6.33646],[80.51836,6.33624],[80.5184,6.33578],[80.5181,6.33532],[80.51805,6.33514],[80.51824,6.33448],[80.51854,6.33387],[80.5185,6.33366],[80.51842,6.33359],[80.51782,6.33336],[80.51771,6.33337],[80.51752,6.33346],[80.51747,6.33368],[80.51728,6.3338],[80.51698,6.33392],[80.51676,6.33394],[80.51658,6.33381],[80.516,6.3336],[80.51566,6.33331],[80.51512,6.3334],[80.51469,6.33356],[80.51464,6.33365],[80.51467,6.33376],[80.51502,6.33415],[80.51516,6.33422],[80.51538,6.33442],[80.51545,6.33462],[80.51573,6.33479],[80.5158,6.33518],[80.51591,6.33536],[80.51589,6.33581],[80.51583,6.33591],[80.51546,6.33614],[80.51541,6.33623],[80.51541,6.3369],[80.51579,6.33715],[80.51594,6.33732],[80.51622,6.33768],[80.51625,6.33786],[80.51609,6.33814],[80.51589,6.33826],[80.51558,6.33824],[80.51551,6.3382],[80.51552,6.33808],[80.51544,6.33806],[80.51537,6.3381],[80.51531,6.33825],[80.51506,6.33856],[80.51518,6.33893],[80.51512,6.33908],[80.51512,6.3393],[80.51499,6.33937],[80.51451,6.3394],[80.51441,6.33962],[80.51424,6.3398],[80.51368,6.34002],[80.51365,6.34025],[80.51374,6.34038],[80.51416,6.34051],[80.51416,6.3409],[80.51428,6.34115],[80.51419,6.34116],[80.51379,6.34146],[80.51369,6.34148],[80.5133,6.3422],[80.51326,6.34242],[80.51331,6.34274],[80.51318,6.34304],[80.51269,6.34333],[80.51212,6.34341],[80.51202,6.34347],[80.51187,6.34377]]]}},{"type":"Feature","properties":{"c":"farmland","n":"Paddy"},"geometry":{"type":"Polygon","coordinates":[[[80.51819,6.34534],[80.51825,6.34542],[80.51871,6.34543],[80.51906,6.34538],[80.51941,6.34526],[80.52027,6.34469],[80.52064,6.34434],[80.52105,6.34408],[80.52223,6.34353],[80.52227,6.34331],[80.52221,6.34309],[80.52214,6.34299],[80.52192,6.34299],[80.52057,6.3439],[80.52026,6.34425],[80.52005,6.34435],[80.51972,6.34441],[80.5194,6.34434],[80.51921,6.34422],[80.51911,6.34388],[80.51919,6.34332],[80.51918,6.34308],[80.51909,6.34301],[80.51898,6.34305],[80.5189,6.34322],[80.51881,6.34365],[80.51856,6.34429],[80.51845,6.34486],[80.51821,6.34523],[80.51819,6.34534]]]}},{"type":"Feature","properties":{"c":"farmland"},"geometry":{"type":"Polygon","coordinates":[[[80.54523,6.34395],[80.54526,6.34411],[80.54567,6.34431],[80.54598,6.34435],[80.54604,6.34398],[80.54651,6.34346],[80.54669,6.34286],[80.54685,6.34287],[80.54685,6.34279],[80.54653,6.34273],[80.5465,6.34266],[80.5466,6.34236],[80.54678,6.34222],[80.54693,6.34219],[80.54702,6.34231],[80.54713,6.34268],[80.54749,6.34298],[80.54767,6.34333],[80.54757,6.34365],[80.54752,6.34371],[80.54738,6.34375],[80.54704,6.3443],[80.54707,6.34444],[80.5473,6.34445],[80.54754,6.34423],[80.54785,6.34424],[80.54843,6.34447],[80.54865,6.3447],[80.54879,6.34476],[80.54909,6.34478],[80.54936,6.34461],[80.54941,6.34438],[80.54937,6.34431],[80.54929,6.34429],[80.5491,6.34443],[80.54884,6.34448],[80.5486,6.34443],[80.54847,6.34434],[80.54845,6.34419],[80.5486,6.34385],[80.54857,6.34378],[80.54828,6.34364],[80.5482,6.34349],[80.5482,6.34331],[80.54827,6.34318],[80.54857,6.34321],[80.54884,6.34307],[80.54939,6.34297],[80.54999,6.34267],[80.55031,6.34266],[80.55046,6.34272],[80.55066,6.34298],[80.55097,6.34322],[80.55117,6.34353],[80.55152,6.34374],[80.55167,6.34391],[80.55191,6.34394],[80.55198,6.34392],[80.55199,6.34366],[80.55153,6.34322],[80.55142,6.34299],[80.55141,6.34283],[80.55158,6.34259],[80.55177,6.34246],[80.55198,6.34223],[80.55226,6.34206],[80.55242,6.34206],[80.55271,6.34219],[80.55302,6.34224],[80.55318,6.34224],[80.55332,6.34213],[80.55363,6.34211],[80.55419,6.34229],[80.55441,6.34208],[80.55479,6.3421],[80.5549,6.34221],[80.55493,6.34236],[80.55476,6.34274],[80.55471,6.34304],[80.55476,6.34327],[80.55475,6.34359],[80.55482,6.34359],[80.55487,6.34353],[80.55494,6.34282],[80.555,6.34268],[80.55512,6.34258],[80.55527,6.34257],[80.55549,6.34279],[80.55586,6.34292],[80.556,6.34285],[80.55603,6.34277],[80.556,6.34254],[80.55612,6.34238],[80.55681,6.34224],[80.55698,6.34225],[80.55729,6.34237],[80.55749,6.34218],[80.55793,6.34214],[80.55808,6.34221],[80.5582,6.34241],[80.55821,6.34279],[80.55795,6.34292],[80.55812,6.3433],[80.55841,6.34331],[80.55858,6.3436],[80.55874,6.34375],[80.55901,6.34387],[80.55915,6.34388],[80.55943,6.34367],[80.55946,6.34345],[80.55888,6.34283],[80.55886,6.34261],[80.55908,6.34202],[80.55941,6.34181],[80.55941,6.34153],[80.55931,6.34151],[80.55912,6.34165],[80.55896,6.34182],[80.55882,6.34213],[80.55858,6.34215],[80.55837,6.34186],[80.55812,6.34171],[80.55806,6.34162],[80.55806,6.34144],[80.55821,6.34119],[80.5584,6.34106],[80.55874,6.34097],[80.55878,6.34088],[80.55874,6.34085],[80.55847,6.34075],[80.55828,6.34074],[80.55801,6.34082],[80.55759,6.34107],[80.55715,6.34104],[80.5569,6.34118],[80.55682,6.34112],[80.55679,6.34079],[80.5567,6.34073],[80.55659,6.34073],[80.55634,6.34088],[80.55626,6.3411],[80.55635,6.34124],[80.55665,6.34148],[80.55671,6.34169],[80.55655,6.34185],[80.55632,6.34189],[80.55609,6.34186],[80.55605,6.34182],[80.55602,6.34166],[80.55592,6.34151],[80.5559,6.34135],[80.55584,6.34125],[80.55561,6.34121],[80.55539,6.34127],[80.55521,6.34126],[80.55495,6.34108],[80.55487,6.3409],[80.55481,6.3409],[80.5547,6.341],[80.55469,6.34151],[80.55458,6.3417],[80.55443,6.34181],[80.55406,6.34189],[80.55395,6.34185],[80.55388,6.34176],[80.55391,6.3416],[80.55419,6.34123],[80.55419,6.34112],[80.5541,6.34107],[80.55377,6.34119],[80.55372,6.34135],[80.55376,6.34169],[80.5535,6.34188],[80.55303,6.34196],[80.55272,6.34189],[80.55248,6.34175],[80.55237,6.34161],[80.55231,6.34139],[80.55233,6.34112],[80.55241,6.34098],[80.55289,6.34082],[80.55307,6.34067],[80.55322,6.34045],[80.55358,6.34026],[80.55368,6.3398],[80.55365,6.33975],[80.55354,6.33973],[80.55335,6.33986],[80.55305,6.34036],[80.5528,6.34053],[80.55226,6.34068],[80.55219,6.34054],[80.55226,6.34009],[80.55226,6.34004],[80.5522,6.34002],[80.55202,6.34017],[80.55186,6.34024],[80.55182,6.34052],[80.55166,6.34069],[80.55137,6.34076],[80.55121,6.34069],[80.5511,6.34055],[80.55103,6.34055],[80.55064,6.34088],[80.55025,6.34097],[80.5501,6.34114],[80.55019,6.34152],[80.55006,6.34171],[80.54957,6.34188],[80.54863,6.34255],[80.54835,6.34267],[80.54803,6.34269],[80.54794,6.34256],[80.54793,6.34241],[80.54803,6.34228],[80.54856,6.34196],[80.54852,6.34159],[80.54843,6.34139],[80.54849,6.34108],[80.54846,6.34101],[80.54838,6.341],[80.54824,6.34108],[80.54811,6.34154],[80.54803,6.34157],[80.54785,6.34155],[80.54773,6.34143],[80.54758,6.34137],[80.54701,6.34173],[80.54684,6.34173],[80.54663,6.34161],[80.54632,6.34172],[80.54615,6.342],[80.54612,6.34215],[80.5461,6.34236],[80.54619,6.34265],[80.54608,6.34329],[80.54556,6.34374],[80.54534,6.34383],[80.54523,6.34395]]]}},{"type":"Feature","properties":{"c":"farmland","n":"Paddy"},"geometry":{"type":"Polygon","coordinates":[[[80.54286,6.34215],[80.54315,6.34218],[80.54327,6.34227],[80.5435,6.34272],[80.54385,6.34289],[80.54398,6.34318],[80.54409,6.34328],[80.54458,6.34346],[80.54488,6.34342],[80.54485,6.34297],[80.54479,6.34291],[80.54434,6.34286],[80.54406,6.34274],[80.54386,6.34259],[80.54372,6.3423],[80.54349,6.34233],[80.54342,6.34228],[80.54337,6.34204],[80.5435,6.34177],[80.54384,6.34133],[80.54432,6.34107],[80.54519,6.34107],[80.54541,6.3411],[80.54569,6.34123],[80.54584,6.34123],[80.54585,6.34108],[80.54566,6.34092],[80.54567,6.34062],[80.54562,6.34056],[80.54546,6.34059],[80.54534,6.34088],[80.5446,6.34088],[80.54428,6.3408],[80.54405,6.34081],[80.54368,6.34063],[80.54337,6.34026],[80.54305,6.34035],[80.54287,6.34062],[80.54288,6.34124],[80.54305,6.3415],[80.54307,6.34164],[80.54302,6.34167],[80.54299,6.34189],[80.54286,6.34215]]]}},{"type":"Feature","properties":{"c":"farmland","n":"Paddy"},"geometry":{"type":"Polygon","coordinates":[[[80.54963,6.34558],[80.54967,6.34565],[80.55007,6.34565],[80.55018,6.3457],[80.55034,6.34568],[80.55045,6.34573],[80.55064,6.34568],[80.55081,6.34589],[80.55108,6.3459],[80.55123,6.34575],[80.55135,6.34515],[80.55156,6.34514],[80.55196,6.34522],[80.55244,6.34517],[80.55259,6.3452],[80.55273,6.34544],[80.55292,6.34558],[80.55327,6.34571],[80.55344,6.34585],[80.55366,6.3459],[80.55407,6.34583],[80.55462,6.34561],[80.55484,6.34561],[80.55495,6.34566],[80.55509,6.34586],[80.55512,6.34626],[80.55522,6.34641],[80.55538,6.34648],[80.55544,6.34647],[80.55554,6.34633],[80.55562,6.346],[80.55579,6.34577],[80.55596,6.34577],[80.55621,6.3459],[80.55645,6.34597],[80.55663,6.34594],[80.5567,6.34586],[80.55659,6.34548],[80.55632,6.34555],[80.55598,6.34552],[80.55598,6.34501],[80.55625,6.34417],[80.55594,6.34412],[80.55562,6.34419],[80.55566,6.34464],[80.55561,6.3448],[80.55553,6.34488],[80.55531,6.34495],[80.55506,6.34497],[80.55495,6.34494],[80.55484,6.34483],[80.5544,6.34485],[80.55364,6.3451],[80.55337,6.34503],[80.55328,6.34491],[80.55319,6.34464],[80.5531,6.34458],[80.55282,6.34454],[80.55242,6.3446],[80.55221,6.34449],[80.55191,6.34447],[80.5518,6.34427],[80.5516,6.34419],[80.55099,6.34423],[80.55092,6.34429],[80.55119,6.34441],[80.55129,6.34461],[80.55132,6.34485],[80.55124,6.345],[80.55102,6.34511],[80.55064,6.34517],[80.55013,6.34512],[80.54992,6.34524],[80.54963,6.34558]]]}},{"type":"Feature","properties":{"c":"orchard","n":"Tea"},"geometry":{"type":"Polygon","coordinates":[[[80.59998,6.3334],[80.60009,6.33361],[80.60032,6.33384],[80.60056,6.33385],[80.60103,6.33371],[80.6015,6.33389],[80.60168,6.33406],[80.60204,6.33426],[80.6024,6.33467],[80.60242,6.3349],[80.60229,6.33495],[80.60215,6.3349],[80.60184,6.33492],[80.60175,6.33513],[80.60161,6.3352],[80.60187,6.33538],[80.60192,6.33561],[80.60201,6.33575],[80.6025,6.33572],[80.60282,6.33583],[80.60338,6.33648],[80.60398,6.33689],[80.60423,6.3369],[80.60456,6.33682],[80.60481,6.3364],[80.60497,6.33635],[80.60555,6.33633],[80.60561,6.33627],[80.60542,6.33592],[80.60524,6.33576],[80.60505,6.33544],[80.60518,6.33522],[80.60518,6.3349],[80.60499,6.33455],[80.60494,6.33407],[80.60481,6.33397],[80.60427,6.33399],[80.60411,6.33393],[80.60419,6.3337],[80.60451,6.33362],[80.60456,6.33356],[80.60455,6.3334],[80.6043,6.33322],[80.60398,6.33316],[80.60348,6.33295],[80.60341,6.33281],[80.60324,6.33264],[80.60323,6.33249],[80.60336,6.33196],[80.60357,6.33183],[80.60373,6.33163],[80.60371,6.33156],[80.60337,6.33137],[80.60323,6.33118],[80.60308,6.33112],[80.6027,6.33126],[80.60246,6.33122],[80.60231,6.33125],[80.60202,6.33141],[80.60156,6.33134],[80.6011,6.33141],[80.60066,6.33156],[80.60049,6.3318],[80.60024,6.33198],[80.60023,6.33229],[80.60012,6.33249],[80.60008,6.33272],[80.60008,6.3332],[80.59998,6.3334]]]}},{"type":"Feature","properties":{"c":"orchard","n":"Tea"},"geometry":{"type":"Polygon","coordinates":[[[80.59557,6.33587],[80.59574,6.33624],[80.59575,6.33639],[80.59587,6.3365],[80.59618,6.33651],[80.59637,6.33626],[80.59669,6.33614],[80.59706,6.33619],[80.59742,6.33644],[80.59765,6.33653],[80.59786,6.33678],[80.59808,6.33689],[80.59825,6.33704],[80.59894,6.33731],[80.59939,6.33722],[80.6001,6.33721],[80.6004,6.33714],[80.60082,6.33666],[80.60119,6.3365],[80.60135,6.33616],[80.60131,6.33609],[80.6011,6.33596],[80.60061,6.33579],[80.60035,6.33548],[80.60021,6.33538],[80.60005,6.33538],[80.59973,6.33547],[80.59941,6.33544],[80.59918,6.33548],[80.59898,6.33535],[80.5988,6.33507],[80.59873,6.33521],[80.59851,6.33528],[80.59821,6.33527],[80.59816,6.33521],[80.59816,6.33491],[80.598,6.33491],[80.59795,6.33484],[80.59803,6.3347],[80.5982,6.33466],[80.59842,6.33444],[80.59855,6.33409],[80.59834,6.334],[80.59834,6.33385],[80.59829,6.33379],[80.59812,6.33378],[80.59807,6.33371],[80.59811,6.33364],[80.59825,6.33355],[80.59866,6.33357],[80.59874,6.3336],[80.59883,6.33382],[80.59894,6.33393],[80.59924,6.33377],[80.59927,6.33369],[80.59921,6.3334],[80.59927,6.33326],[80.59938,6.33266],[80.59947,6.33253],[80.5997,6.33245],[80.59994,6.33221],[80.59993,6.332],[80.59981,6.3318],[80.59894,6.3314],[80.59886,6.33127],[80.59886,6.33112],[80.59893,6.33106],[80.59909,6.33105],[80.59939,6.33117],[80.59951,6.33127],[80.59962,6.33148],[80.59997,6.33172],[80.60014,6.33166],[80.60031,6.33139],[80.60045,6.33145],[80.60083,6.33131],[80.60107,6.33134],[80.6011,6.33141],[80.60156,6.33134],[80.60157,6.33111],[80.6015,6.33085],[80.60136,6.33074],[80.60102,6.33085],[80.60077,6.33086],[80.60046,6.33073],[80.60025,6.3305],[80.59908,6.33059],[80.59864,6.33036],[80.59848,6.33016],[80.5982,6.33],[80.59814,6.32993],[80.5981,6.32968],[80.59782,6.32949],[80.59756,6.32946],[80.59732,6.32952],[80.59691,6.32981],[80.59681,6.33004],[80.59674,6.33067],[80.59666,6.33082],[80.59642,6.33105],[80.59638,6.3312],[80.59671,6.33189],[80.59672,6.33213],[80.59661,6.33234],[80.59661,6.33252],[80.59682,6.33264],[80.59689,6.33279],[80.59689,6.33287],[80.59673,6.33304],[80.59672,6.33312],[80.59679,6.33326],[80.5968,6.33341],[80.59636,6.3338],[80.59605,6.33446],[80.59577,6.3345],[80.59568,6.33464],[80.59568,6.3348],[80.59585,6.33506],[80.59582,6.33514],[80.59561,6.33528],[80.59563,6.33563],[80.59557,6.33587]]]}},{"type":"Feature","properties":{"c":"farmland","n":"Paddy"},"geometry":{"type":"Polygon","coordinates":[[[80.59795,6.33484],[80.598,6.33491],[80.59816,6.33491],[80.59816,6.33521],[80.59821,6.33527],[80.59851,6.33528],[80.59879,6.33515],[80.59873,6.33484],[80.59878,6.33469],[80.59903,6.33439],[80.59931,6.33425],[80.59954,6.33382],[80.59947,6.33343],[80.5995,6.33328],[80.5996,6.3329],[80.59975,6.33273],[80.59983,6.33286],[80.59975,6.33341],[80.59996,6.33391],[80.6002,6.33412],[80.60022,6.33459],[80.60038,6.3346],[80.60074,6.33445],[80.60089,6.33444],[80.60104,6.3345],[80.60124,6.33463],[80.60135,6.33509],[80.60145,6.3352],[80.60169,6.33518],[80.60184,6.33492],[80.60215,6.3349],[80.60229,6.33495],[80.60242,6.3349],[80.6024,6.33467],[80.60229,6.33453],[80.60204,6.33426],[80.60168,6.33406],[80.6015,6.33389],[80.60103,6.33371],[80.60056,6.33385],[80.60032,6.33384],[80.60009,6.33361],[80.59998,6.3334],[80.60008,6.3332],[80.60008,6.33272],[80.60012,6.33249],[80.60023,6.33229],[80.60024,6.33198],[80.60049,6.3318],[80.60066,6.33156],[80.6011,6.33141],[80.60107,6.33134],[80.60083,6.33131],[80.60053,6.33145],[80.60031,6.33139],[80.60014,6.33166],[80.59997,6.33172],[80.59962,6.33148],[80.59951,6.33127],[80.59939,6.33117],[80.59909,6.33105],[80.59893,6.33106],[80.59886,6.33112],[80.59886,6.33127],[80.59894,6.3314],[80.59981,6.3318],[80.59993,6.332],[80.59994,6.33221],[80.5997,6.33245],[80.59947,6.33253],[80.59938,6.33266],[80.59927,6.33326],[80.59921,6.3334],[80.59927,6.33369],[80.59924,6.33377],[80.59894,6.33393],[80.59883,6.33382],[80.59874,6.3336],[80.59866,6.33357],[80.59825,6.33355],[80.59811,6.33364],[80.59807,6.33371],[80.59812,6.33378],[80.59829,6.33379],[80.59834,6.33385],[80.59834,6.334],[80.59855,6.33409],[80.59842,6.33444],[80.5982,6.33466],[80.59803,6.3347],[80.59795,6.33484]]]}},{"type":"Feature","properties":{"c":"forest"},"geometry":{"type":"Polygon","coordinates":[[[80.57744,6.33901],[80.57748,6.3395],[80.57758,6.33962],[80.57772,6.33969],[80.57871,6.33995],[80.57972,6.34001],[80.58007,6.34007],[80.58038,6.34038],[80.58026,6.34068],[80.58031,6.34115],[80.58025,6.34166],[80.5809,6.34291],[80.58121,6.34327],[80.58162,6.34352],[80.58211,6.34353],[80.58316,6.34305],[80.58334,6.3429],[80.58399,6.34215],[80.58417,6.34201],[80.5844,6.34195],[80.58466,6.34197],[80.58489,6.34207],[80.58463,6.34268],[80.58473,6.34315],[80.58484,6.34329],[80.58499,6.34338],[80.58564,6.34367],[80.58594,6.34412],[80.58608,6.34478],[80.58623,6.34506],[80.58636,6.3452],[80.58684,6.34545],[80.58735,6.34546],[80.58836,6.34524],[80.58937,6.3447],[80.58994,6.34433],[80.59012,6.34427],[80.59077,6.34423],[80.59127,6.34402],[80.59176,6.34399],[80.59214,6.34435],[80.59248,6.34445],[80.59335,6.34445],[80.5939,6.34432],[80.59472,6.34433],[80.59496,6.34439],[80.59539,6.34463],[80.59571,6.34467],[80.59586,6.34474],[80.59628,6.34473],[80.59684,6.34498],[80.59708,6.34534],[80.59733,6.3455],[80.59777,6.34564],[80.59786,6.34585],[80.59835,6.3459],[80.59877,6.34611],[80.59901,6.3461],[80.59916,6.34597],[80.59956,6.34579],[80.59971,6.34562],[80.59991,6.3455],[80.6004,6.34547],[80.60082,6.34562],[80.60144,6.34597],[80.60199,6.34658],[80.60221,6.34667],[80.60268,6.34677],[80.60386,6.34681],[80.6045,6.34713],[80.60566,6.34736],[80.60621,6.34739],[80.60737,6.34787],[80.60815,6.34798],[80.60884,6.34816],[80.61017,6.34812],[80.61132,6.34716],[80.61237,6.34716],[80.61316,6.34703],[80.61409,6.34719],[80.61536,6.34755],[80.61631,6.34772],[80.61735,6.34803],[80.6181,6.34835],[80.61894,6.34838],[80.61987,6.34871],[80.6209,6.34872],[80.62245,6.34894],[80.6232,6.34921],[80.62373,6.34952],[80.62404,6.3496],[80.62436,6.3496],[80.62508,6.34915],[80.62537,6.34904],[80.62551,6.34903],[80.6259,6.34927],[80.6274,6.34961],[80.62821,6.35009],[80.62844,6.35029],[80.62887,6.35054],[80.62925,6.35087],[80.62939,6.35144],[80.62947,6.3516],[80.62967,6.35183],[80.62996,6.35197],[80.63045,6.35209],[80.63127,6.3522],[80.63422,6.35222],[80.63534,6.35296],[80.63583,6.35311],[80.63607,6.35334],[80.63615,6.35367],[80.63616,6.35415],[80.63639,6.35477],[80.63699,6.355],[80.63712,6.3551],[80.63754,6.35578],[80.63829,6.35607],[80.63905,6.35625],[80.63933,6.3563],[80.64001,6.3563],[80.6416,6.35656],[80.64224,6.35673],[80.64258,6.35671],[80.64345,6.35647],[80.64399,6.35643],[80.64426,6.35657],[80.64545,6.35687],[80.64631,6.35684],[80.64688,6.35716],[80.64718,6.35722],[80.64749,6.35722],[80.64774,6.35705],[80.6479,6.35674],[80.64831,6.35615],[80.6487,6.35593],[80.64933,6.35569],[80.64933,6.35537],[80.64924,6.35524],[80.64895,6.35503],[80.64847,6.35486],[80.64835,6.35475],[80.6483,6.35459],[80.64833,6.35429],[80.64844,6.35417],[80.64889,6.35395],[80.64984,6.35382],[80.65033,6.35383],[80.6508,6.35395],[80.65193,6.35391],[80.6526,6.35401],[80.65277,6.35412],[80.65332,6.35432],[80.65412,6.35447],[80.65491,6.35445],[80.65592,6.35427],[80.65626,6.35427],[80.65719,6.35473],[80.65764,6.35523],[80.65779,6.35555],[80.65787,6.3559],[80.65807,6.35615],[80.65902,6.35651],[80.65966,6.35661],[80.66014,6.35692],[80.66108,6.35687],[80.66154,6.35705],[80.66176,6.35744],[80.66187,6.35791],[80.66233,6.35847],[80.66285,6.35889],[80.6633,6.35903],[80.6641,6.35971],[80.6644,6.3598],[80.66489,6.35978],[80.66545,6.35943],[80.66581,6.35932],[80.66644,6.35931],[80.6669,6.35917],[80.66778,6.35915],[80.66878,6.35901],[80.66902,6.35884],[80.66908,6.35834],[80.6692,6.35803],[80.66938,6.35773],[80.66989,6.35732],[80.67004,6.3573],[80.6713,6.3575],[80.67203,6.3575],[80.67286,6.3574],[80.67317,6.35728],[80.67391,6.35716],[80.67449,6.35676],[80.67486,6.35642],[80.67525,6.35625],[80.67584,6.35611],[80.67631,6.35565],[80.67697,6.35422],[80.67706,6.3541],[80.67761,6.35378],[80.67761,6.35288],[80.67784,6.35227],[80.67789,6.35196],[80.67789,6.35138],[80.67771,6.35008],[80.67782,6.34923],[80.67735,6.34881],[80.67719,6.34881],[80.67684,6.34893],[80.6757,6.3495],[80.6752,6.34961],[80.67449,6.34948],[80.6736,6.3496],[80.67328,6.3496],[80.6729,6.34952],[80.67261,6.34938],[80.67246,6.34925],[80.6722,6.34884],[80.67184,6.34868],[80.67171,6.34858],[80.67079,6.34852],[80.66951,6.34862],[80.66932,6.34857],[80.66891,6.34825],[80.66838,6.34824],[80.66792,6.34807],[80.66745,6.34772],[80.66682,6.34742],[80.66669,6.3473],[80.66659,6.34683],[80.6665,6.34669],[80.66573,6.34608],[80.66557,6.34604],[80.66539,6.34611],[80.66449,6.34669],[80.66426,6.34696],[80.66397,6.34716],[80.66201,6.34746],[80.66167,6.3474],[80.66099,6.34693],[80.66068,6.34681],[80.65966,6.34678],[80.65919,6.34707],[80.65931,6.34756],[80.65979,6.3483],[80.65996,6.35007],[80.65995,6.35087],[80.65967,6.35113],[80.65936,6.35127],[80.65902,6.35128],[80.65861,6.35103],[80.65734,6.35061],[80.65489,6.35059],[80.65363,6.35038],[80.65331,6.35026],[80.6531,6.35],[80.65305,6.3497],[80.65314,6.34938],[80.65343,6.34881],[80.65348,6.34847],[80.65338,6.34816],[80.65302,6.34763],[80.65288,6.34699],[80.65288,6.34669],[80.65299,6.34663],[80.65299,6.34631],[80.6532,6.34542],[80.65316,6.3451],[80.65297,6.34481],[80.65268,6.34463],[80.65208,6.34438],[80.65176,6.34431],[80.65115,6.344],[80.65083,6.34397],[80.64979,6.34404],[80.64944,6.34392],[80.64928,6.34483],[80.6494,6.34534],[80.6494,6.34571],[80.64925,6.34636],[80.64887,6.34674],[80.6485,6.34676],[80.6475,6.34616],[80.64708,6.3455],[80.64683,6.34527],[80.6462,6.34522],[80.64563,6.34559],[80.6453,6.34574],[80.64513,6.34579],[80.64429,6.34583],[80.64398,6.34597],[80.64387,6.34608],[80.64302,6.34634],[80.64212,6.34635],[80.64181,6.34641],[80.6406,6.34649],[80.64012,6.34645],[80.63996,6.3464],[80.63978,6.34642],[80.63946,6.34656],[80.63878,6.34661],[80.63821,6.34691],[80.63805,6.34695],[80.63773,6.34694],[80.63757,6.34699],[80.63744,6.3471],[80.63731,6.34708],[80.6372,6.34698],[80.63716,6.34682],[80.63716,6.34666],[80.63724,6.34653],[80.63735,6.34641],[80.63776,6.34615],[80.63821,6.34599],[80.63846,6.34555],[80.63859,6.34494],[80.63872,6.34399],[80.63886,6.34371],[80.63889,6.34341],[80.63903,6.34297],[80.63935,6.34213],[80.63935,6.34198],[80.63886,6.34126],[80.6382,6.34105],[80.63783,6.34103],[80.63733,6.34093],[80.63716,6.34087],[80.63705,6.34076],[80.63706,6.3406],[80.63744,6.34028],[80.63754,6.34016],[80.63757,6.34],[80.6375,6.33985],[80.63722,6.33961],[80.63713,6.33947],[80.63713,6.33932],[80.63732,6.33885],[80.63745,6.33876],[80.63776,6.33867],[80.63801,6.33826],[80.63814,6.33816],[80.63859,6.33804],[80.6389,6.33802],[80.63873,6.33741],[80.63834,6.33688],[80.63817,6.33642],[80.63783,6.33587],[80.63711,6.33534],[80.63681,6.33525],[80.63599,6.33523],[80.63584,6.3352],[80.63558,6.33501],[80.63541,6.33501],[80.63528,6.3351],[80.63525,6.33542],[80.63509,6.33544],[80.63493,6.33538],[80.63483,6.33526],[80.6348,6.3351],[80.63483,6.33463],[80.63477,6.33444],[80.63454,6.33437],[80.6343,6.33443],[80.63426,6.33465],[80.63437,6.33495],[80.63433,6.33502],[80.63412,6.33487],[80.63405,6.33473],[80.63401,6.33442],[80.63383,6.33428],[80.63227,6.3338],[80.63201,6.3338],[80.63158,6.3337],[80.63109,6.33347],[80.63072,6.33317],[80.63019,6.33298],[80.63011,6.33298],[80.62876,6.33388],[80.62877,6.33442],[80.62872,6.3349],[80.62879,6.33505],[80.629,6.33518],[80.62941,6.33521],[80.6298,6.33548],[80.62992,6.33613],[80.62999,6.33622],[80.63021,6.33632],[80.63039,6.33645],[80.63055,6.33676],[80.63084,6.33692],[80.63189,6.33721],[80.63217,6.33756],[80.63277,6.33786],[80.63304,6.33821],[80.63332,6.33838],[80.63402,6.33914],[80.63411,6.33933],[80.63407,6.33962],[80.6343,6.34005],[80.63435,6.34035],[80.6342,6.34046],[80.63404,6.34047],[80.63372,6.34041],[80.63343,6.34024],[80.63325,6.34027],[80.63293,6.34057],[80.63288,6.34103],[80.6328,6.34118],[80.63258,6.34125],[80.63226,6.34126],[80.63172,6.3409],[80.63142,6.34081],[80.63049,6.34114],[80.6301,6.34147],[80.6296,6.34158],[80.62948,6.34169],[80.62937,6.34199],[80.62942,6.34233],[80.63007,6.34296],[80.63012,6.34311],[80.63012,6.34326],[80.63001,6.34341],[80.6295,6.34385],[80.62945,6.344],[80.62946,6.34419],[80.62966,6.3446],[80.62971,6.34546],[80.62988,6.34571],[80.63037,6.34613],[80.63064,6.34628],[80.63079,6.34631],[80.63044,6.34643],[80.63012,6.3464],[80.62936,6.34589],[80.62891,6.34587],[80.62829,6.34617],[80.62795,6.34627],[80.62724,6.34629],[80.6262,6.34658],[80.6257,6.34656],[80.62528,6.34642],[80.62459,6.34599],[80.62431,6.34575],[80.62402,6.34537],[80.62367,6.34502],[80.62347,6.34493],[80.62316,6.34499],[80.62307,6.34506],[80.62259,6.34599],[80.62217,6.34645],[80.62186,6.34655],[80.62116,6.34654],[80.62062,6.34634],[80.61999,6.34579],[80.61976,6.34572],[80.6186,6.34571],[80.61791,6.34556],[80.61747,6.34537],[80.61733,6.3452],[80.61723,6.3444],[80.61714,6.3442],[80.61657,6.34373],[80.61643,6.34351],[80.61643,6.34278],[80.61649,6.34233],[80.61693,6.34199],[80.61742,6.34186],[80.6179,6.34166],[80.61851,6.34122],[80.61884,6.3409],[80.61909,6.34056],[80.61939,6.34047],[80.61953,6.34053],[80.62002,6.34094],[80.62037,6.34147],[80.62059,6.34169],[80.62073,6.34175],[80.62088,6.34171],[80.62094,6.34157],[80.62094,6.34112],[80.62103,6.3408],[80.62141,6.34025],[80.62141,6.33993],[80.62151,6.33963],[80.62166,6.33948],[80.62181,6.33943],[80.62197,6.33944],[80.62202,6.33959],[80.62202,6.34],[80.62215,6.34011],[80.62253,6.34018],[80.62277,6.34001],[80.62285,6.33987],[80.62288,6.33963],[80.62257,6.33885],[80.62257,6.33862],[80.62273,6.33835],[80.6231,6.33819],[80.62316,6.33805],[80.62308,6.33778],[80.62293,6.33752],[80.62291,6.33736],[80.62303,6.33716],[80.62318,6.33666],[80.62345,6.33621],[80.62396,6.33562],[80.62439,6.33543],[80.62481,6.33496],[80.62492,6.33432],[80.62492,6.33402],[80.62461,6.33361],[80.62429,6.33295],[80.62453,6.33254],[80.62459,6.33225],[80.6245,6.33212],[80.62423,6.33194],[80.62406,6.33168],[80.62377,6.33102],[80.62377,6.33086],[80.62347,6.33073],[80.62339,6.3306],[80.62324,6.33014],[80.62266,6.32919],[80.62241,6.32897],[80.6221,6.32886],[80.62194,6.32888],[80.62163,6.32902],[80.62096,6.32893],[80.62063,6.32858],[80.62055,6.32812],[80.62044,6.328],[80.62028,6.32796],[80.62014,6.32804],[80.61982,6.32842],[80.61956,6.32862],[80.61924,6.32876],[80.61859,6.32931],[80.61838,6.32958],[80.6182,6.33003],[80.61799,6.33028],[80.61793,6.33058],[80.61824,6.3313],[80.6189,6.33221],[80.61884,6.33248],[80.61836,6.33252],[80.61728,6.33275],[80.6168,6.33276],[80.6164,6.33259],[80.61617,6.33256],[80.61437,6.33262],[80.61308,6.33261],[80.61225,6.33254],[80.61135,6.33227],[80.61087,6.33227],[80.6106,6.33231],[80.60988,6.33292],[80.60976,6.33312],[80.60962,6.33354],[80.60968,6.33376],[80.61002,6.33415],[80.6107,6.33449],[80.61202,6.33487],[80.61224,6.33488],[80.6125,6.33584],[80.61294,6.3364],[80.61312,6.33682],[80.61332,6.33699],[80.61401,6.33702],[80.61418,6.33718],[80.61416,6.33746],[80.61371,6.33787],[80.61325,6.33791],[80.61308,6.33779],[80.61288,6.33776],[80.6124,6.33787],[80.61194,6.3381],[80.61178,6.33825],[80.61109,6.33917],[80.6104,6.33972],[80.60972,6.33952],[80.60903,6.3389],[80.60859,6.33893],[80.60759,6.33873],[80.60662,6.33866],[80.60546,6.33842],[80.6053,6.33833],[80.60521,6.33819],[80.60501,6.33724],[80.60487,6.33715],[80.60472,6.33715],[80.60419,6.33724],[80.60386,6.33744],[80.60376,6.33757],[80.60351,6.33822],[80.6034,6.33874],[80.60339,6.33907],[80.60314,6.33946],[80.60299,6.33951],[80.60284,6.33947],[80.60261,6.33927],[80.60231,6.33931],[80.60119,6.33956],[80.6005,6.33984],[80.60015,6.33977],[80.59994,6.33966],[80.59951,6.3392],[80.59898,6.33878],[80.59869,6.33843],[80.59849,6.33834],[80.59784,6.33839],[80.59669,6.33834],[80.59646,6.33824],[80.59618,6.33788],[80.59601,6.33774],[80.5958,6.33765],[80.59532,6.33753],[80.59495,6.33726],[80.59456,6.33707],[80.59434,6.33708],[80.59412,6.33711],[80.59378,6.33733],[80.59357,6.33739],[80.59292,6.33748],[80.5927,6.33757],[80.59256,6.33776],[80.59238,6.33815],[80.59235,6.33838],[80.59255,6.33904],[80.59256,6.33928],[80.59241,6.33944],[80.59195,6.33958],[80.59198,6.3398],[80.59215,6.33995],[80.5924,6.34033],[80.59239,6.34057],[80.59232,6.34078],[80.592,6.34096],[80.59179,6.341],[80.59161,6.34096],[80.59146,6.34081],[80.59137,6.34059],[80.59135,6.33994],[80.59118,6.33952],[80.59102,6.33933],[80.59045,6.33893],[80.59013,6.33863],[80.58952,6.33785],[80.58931,6.33745],[80.58889,6.33616],[80.58857,6.33581],[80.5882,6.33552],[80.58781,6.3353],[80.58716,6.33528],[80.58609,6.33556],[80.58587,6.33558],[80.585,6.33511],[80.58479,6.33503],[80.58435,6.33505],[80.58412,6.33513],[80.58378,6.33542],[80.58327,6.33559],[80.58281,6.33561],[80.58235,6.33558],[80.58212,6.33551],[80.58192,6.33544],[80.58154,6.33519],[80.58108,6.33502],[80.58061,6.33505],[80.58039,6.33514],[80.58021,6.33526],[80.58012,6.33546],[80.57953,6.33628],[80.57943,6.33657],[80.57915,6.33699],[80.57862,6.33734],[80.57838,6.3376],[80.57789,6.33791],[80.57758,6.33853],[80.57744,6.33901]]]}},{"type":"Feature","properties":{"c":"scrub"},"geometry":{"type":"Polygon","coordinates":[[[80.63892,6.33588],[80.63923,6.33639],[80.63924,6.33672],[80.63917,6.33716],[80.6392,6.33728],[80.63973,6.33816],[80.63996,6.33839],[80.64087,6.33873],[80.64126,6.33894],[80.64147,6.33893],[80.64167,6.33882],[80.64224,6.33827],[80.64291,6.33814],[80.6431,6.33806],[80.64336,6.33785],[80.6435,6.33754],[80.64378,6.33728],[80.64416,6.33712],[80.64411,6.33682],[80.64376,6.33633],[80.64376,6.33582],[80.64372,6.33567],[80.64343,6.33557],[80.64325,6.33558],[80.6429,6.33569],[80.64255,6.33561],[80.64184,6.33566],[80.64139,6.33578],[80.64119,6.33576],[80.64058,6.33544],[80.63944,6.33538],[80.63913,6.33548],[80.63904,6.33561],[80.63898,6.33583],[80.63892,6.33588]]]}},{"type":"Feature","properties":{"c":"farmland","n":"paddy"},"geometry":{"type":"Polygon","coordinates":[[[80.48095,6.09335],[80.48112,6.0936],[80.48161,6.09383],[80.48191,6.0934],[80.48185,6.09297],[80.4815,6.09281],[80.48095,6.09335]]]}},{"type":"Feature","properties":{"c":"scrub","n":"suduwella - natural scrub"},"geometry":{"type":"Polygon","coordinates":[[[80.63921,5.94435],[80.63923,5.94461],[80.63932,5.9447],[80.63926,5.9448],[80.63928,5.94494],[80.63942,5.94512],[80.63982,5.94546],[80.63992,5.94563],[80.63988,5.94575],[80.64011,5.94577],[80.64006,5.94551],[80.64012,5.94548],[80.64017,5.9456],[80.64043,5.94562],[80.64055,5.94554],[80.64099,5.94547],[80.64116,5.94562],[80.64132,5.94563],[80.64137,5.94583],[80.64066,5.94598],[80.64097,5.94626],[80.64104,5.9464],[80.64168,5.94579],[80.64169,5.94562],[80.6413,5.94521],[80.64082,5.94519],[80.64083,5.94513],[80.64069,5.94505],[80.64059,5.9449],[80.63964,5.94452],[80.63959,5.94431],[80.63952,5.94434],[80.63939,5.94427],[80.63921,5.94435]]]}},{"type":"Feature","properties":{"c":"farmland","n":"Paddy"},"geometry":{"type":"Polygon","coordinates":[[[80.65089,6.34019],[80.65094,6.34039],[80.65118,6.34055],[80.65125,6.34071],[80.65118,6.34111],[80.65118,6.34139],[80.65122,6.34143],[80.65132,6.34136],[80.65151,6.34108],[80.65159,6.34077],[80.65155,6.34036],[80.65135,6.34015],[80.65135,6.34006],[80.6517,6.33994],[80.65182,6.33983],[80.65193,6.33983],[80.65209,6.33997],[80.65215,6.34064],[80.65228,6.34088],[80.65254,6.34097],[80.65265,6.34094],[80.65271,6.34085],[80.6527,6.34074],[80.65228,6.34053],[80.65235,6.34019],[80.65226,6.34004],[80.65225,6.33988],[80.65238,6.3398],[80.65269,6.33992],[80.65285,6.33992],[80.65294,6.33981],[80.65248,6.33972],[80.65221,6.33962],[80.65217,6.33941],[80.65218,6.33924],[80.65244,6.33907],[80.65253,6.33887],[80.65243,6.33885],[80.65232,6.33898],[80.65203,6.33895],[80.65171,6.33906],[80.65168,6.33922],[80.65195,6.33943],[80.65197,6.33959],[80.65169,6.33966],[80.65147,6.33963],[80.65138,6.33977],[80.65102,6.33994],[80.65089,6.34019]]]}},{"type":"Feature","properties":{"c":"farmland","n":"Paddy"},"geometry":{"type":"Polygon","coordinates":[[[80.64652,6.33574],[80.64661,6.33588],[80.64704,6.3359],[80.64769,6.33623],[80.64822,6.33638],[80.64838,6.33639],[80.64917,6.3361],[80.64938,6.3361],[80.64945,6.33629],[80.6494,6.3365],[80.64918,6.33655],[80.64898,6.33649],[80.64868,6.33664],[80.64891,6.33722],[80.64906,6.33724],[80.6492,6.33702],[80.64957,6.33693],[80.64973,6.33697],[80.65005,6.33718],[80.65008,6.33734],[80.65004,6.33745],[80.64981,6.3377],[80.64957,6.33809],[80.64936,6.33817],[80.6493,6.33851],[80.64905,6.33886],[80.64896,6.33912],[80.64869,6.33911],[80.64859,6.33898],[80.64818,6.33898],[80.64823,6.33929],[80.64802,6.33948],[80.64801,6.33964],[80.6481,6.33978],[80.6482,6.33977],[80.6485,6.33936],[80.64893,6.33934],[80.64909,6.33929],[80.64931,6.33911],[80.64941,6.33898],[80.64952,6.33867],[80.64954,6.33833],[80.64974,6.33824],[80.64984,6.33829],[80.64988,6.33839],[80.64982,6.33866],[80.64992,6.33907],[80.64978,6.33931],[80.64965,6.34],[80.64976,6.34001],[80.64994,6.33991],[80.65008,6.33974],[80.65019,6.3391],[80.65011,6.33882],[80.65013,6.33855],[80.65038,6.33825],[80.65082,6.33848],[80.65087,6.33849],[80.65088,6.33844],[80.65048,6.33767],[80.65047,6.33718],[80.65056,6.33705],[80.65101,6.337],[80.6514,6.33718],[80.65206,6.3371],[80.65222,6.33712],[80.6525,6.33737],[80.65266,6.33779],[80.65281,6.33787],[80.65284,6.33771],[80.65276,6.3375],[80.65275,6.33734],[80.65289,6.33726],[80.653,6.33737],[80.65325,6.33789],[80.65348,6.33821],[80.65396,6.3385],[80.65413,6.33866],[80.65462,6.33882],[80.65481,6.33883],[80.65502,6.33877],[80.65521,6.33901],[80.65563,6.33891],[80.65594,6.33904],[80.65606,6.33922],[80.65626,6.3393],[80.6563,6.33926],[80.65631,6.3391],[80.65613,6.33881],[80.65603,6.33873],[80.65565,6.33866],[80.65529,6.3384],[80.65508,6.33845],[80.65485,6.33866],[80.65475,6.33869],[80.65436,6.33866],[80.65421,6.33849],[80.65363,6.33814],[80.6535,6.33801],[80.65334,6.33754],[80.65338,6.33739],[80.65349,6.3374],[80.65369,6.33759],[80.65379,6.33763],[80.65473,6.33774],[80.65528,6.33774],[80.656,6.33761],[80.65608,6.33755],[80.656,6.33741],[80.65554,6.3374],[80.65512,6.33759],[80.65473,6.33751],[80.65397,6.33745],[80.65378,6.33735],[80.65357,6.33686],[80.6533,6.33667],[80.6526,6.33653],[80.65222,6.33667],[80.65182,6.33672],[80.65162,6.33681],[80.65145,6.3368],[80.65117,6.3367],[80.65094,6.33668],[80.65071,6.33652],[80.65027,6.33644],[80.64989,6.33624],[80.64986,6.33613],[80.64988,6.33597],[80.65008,6.33587],[80.65068,6.33584],[80.65105,6.33594],[80.65164,6.33643],[80.65212,6.33648],[80.6525,6.33638],[80.65277,6.33625],[80.65295,6.33605],[80.65294,6.3359],[80.65284,6.33593],[80.65244,6.33625],[80.65189,6.33634],[80.65148,6.33614],[80.65098,6.33572],[80.65041,6.33574],[80.65018,6.33568],[80.65011,6.3356],[80.65012,6.33544],[80.65003,6.33538],[80.64994,6.33543],[80.64983,6.33569],[80.64956,6.33586],[80.64857,6.33604],[80.64798,6.33606],[80.64741,6.33584],[80.64716,6.33569],[80.64655,6.33558],[80.64652,6.33574]]]}},{"type":"Feature","properties":{"c":"orchard","n":"Tea"},"geometry":{"type":"Polygon","coordinates":[[[80.65157,6.34247],[80.65161,6.34275],[80.6517,6.3429],[80.65167,6.34318],[80.65172,6.3434],[80.65197,6.34352],[80.65213,6.34354],[80.65247,6.34416],[80.65267,6.34427],[80.65302,6.34429],[80.65311,6.34424],[80.65312,6.34382],[80.65321,6.34355],[80.65338,6.3433],[80.65356,6.34316],[80.65383,6.34304],[80.65412,6.3431],[80.65423,6.34307],[80.65428,6.34303],[80.65435,6.34263],[80.65472,6.34238],[80.65485,6.34218],[80.65485,6.34206],[80.65465,6.34179],[80.6547,6.34163],[80.65487,6.34148],[80.65492,6.34117],[80.65483,6.34073],[80.6548,6.33992],[80.65483,6.33981],[80.65515,6.33975],[80.65515,6.33965],[80.655,6.33956],[80.65484,6.33933],[80.65487,6.33916],[80.65477,6.33891],[80.65462,6.33882],[80.65413,6.33866],[80.65396,6.3385],[80.65348,6.33821],[80.65325,6.33789],[80.65278,6.33794],[80.65267,6.33799],[80.65254,6.33825],[80.65244,6.33831],[80.6525,6.33857],[80.65286,6.33919],[80.65278,6.33976],[80.65294,6.33981],[80.65294,6.33986],[80.65285,6.33992],[80.65269,6.33992],[80.65238,6.3398],[80.65225,6.33988],[80.65226,6.34004],[80.65235,6.34019],[80.65228,6.34053],[80.6527,6.34074],[80.65271,6.34085],[80.6526,6.34097],[80.65228,6.34088],[80.6522,6.3412],[80.6522,6.3417],[80.65207,6.34181],[80.65167,6.34192],[80.65165,6.34225],[80.65157,6.34247]]]}},{"type":"Feature","properties":{"c":"farmland","n":"Paddy"},"geometry":{"type":"Polygon","coordinates":[[[80.65653,6.3245],[80.65664,6.32453],[80.65683,6.32446],[80.65724,6.32409],[80.65749,6.32374],[80.65768,6.32364],[80.65789,6.32364],[80.65826,6.32388],[80.65846,6.32396],[80.65854,6.32404],[80.65855,6.32425],[80.6583,6.32476],[80.65831,6.32486],[80.65845,6.32503],[80.65842,6.32547],[80.65851,6.32566],[80.6586,6.3256],[80.6586,6.32538],[80.65871,6.32506],[80.65871,6.32452],[80.65894,6.32391],[80.65903,6.32385],[80.65935,6.32386],[80.6597,6.32411],[80.65992,6.32408],[80.66021,6.32377],[80.66024,6.32365],[80.66102,6.32324],[80.66123,6.32324],[80.66159,6.32351],[80.662,6.32365],[80.66208,6.32373],[80.66199,6.32405],[80.66205,6.32415],[80.66232,6.32435],[80.66253,6.32433],[80.6626,6.3244],[80.66266,6.32462],[80.66278,6.32479],[80.66279,6.32502],[80.66293,6.32519],[80.66301,6.32512],[80.66293,6.32491],[80.66294,6.32436],[80.66289,6.32427],[80.6625,6.32402],[80.66227,6.32374],[80.66217,6.32342],[80.66222,6.32321],[80.66242,6.32319],[80.66296,6.32356],[80.66383,6.32368],[80.6643,6.32369],[80.66455,6.32361],[80.66506,6.32368],[80.66521,6.32362],[80.66542,6.32364],[80.66557,6.32358],[80.66635,6.32363],[80.66666,6.32357],[80.66718,6.32392],[80.66736,6.32413],[80.66753,6.32414],[80.66762,6.32408],[80.66762,6.32402],[80.66733,6.32382],[80.6672,6.32351],[80.66685,6.32318],[80.66683,6.32286],[80.66614,6.32257],[80.66603,6.3226],[80.66581,6.32281],[80.66539,6.32291],[80.66492,6.32318],[80.66458,6.32321],[80.66384,6.32342],[80.66367,6.32339],[80.66315,6.32315],[80.663,6.32307],[80.66279,6.32283],[80.66263,6.32277],[80.66241,6.32273],[80.66183,6.32279],[80.66164,6.32289],[80.66145,6.32286],[80.66111,6.32265],[80.66096,6.32241],[80.66082,6.3219],[80.66089,6.32169],[80.66112,6.32145],[80.66119,6.32124],[80.66137,6.32095],[80.66125,6.32072],[80.66128,6.32066],[80.66138,6.32066],[80.66161,6.32084],[80.66184,6.32088],[80.66197,6.32077],[80.662,6.32066],[80.66196,6.32062],[80.66154,6.32064],[80.6615,6.3206],[80.6615,6.32054],[80.66155,6.32053],[80.66152,6.32039],[80.66124,6.31998],[80.66094,6.31988],[80.66052,6.31986],[80.66034,6.31972],[80.66032,6.31954],[80.66071,6.31913],[80.6608,6.31892],[80.66079,6.31881],[80.66067,6.3188],[80.66029,6.31928],[80.66019,6.31934],[80.66008,6.31935],[80.65983,6.31916],[80.6598,6.31897],[80.65987,6.31875],[80.65983,6.31865],[80.65962,6.31855],[80.65934,6.31831],[80.65882,6.31801],[80.65871,6.318],[80.65866,6.31803],[80.65868,6.31813],[80.6592,6.31831],[80.65957,6.31856],[80.65959,6.31916],[80.65938,6.31965],[80.65939,6.32],[80.65933,6.3201],[80.65923,6.32017],[80.65884,6.32024],[80.65869,6.32015],[80.65858,6.31989],[80.65828,6.3199],[80.65809,6.31981],[80.65806,6.31992],[80.65819,6.3201],[80.65851,6.32024],[80.65873,6.32041],[80.65938,6.32037],[80.65947,6.32031],[80.65953,6.32016],[80.65952,6.31965],[80.65962,6.31944],[80.65972,6.31941],[80.65987,6.31967],[80.65987,6.31989],[80.65994,6.32004],[80.6599,6.32025],[80.65994,6.32065],[80.66019,6.32077],[80.66023,6.32063],[80.66016,6.32015],[80.66021,6.32005],[80.66072,6.32006],[80.66087,6.32013],[80.66092,6.32041],[80.66084,6.32055],[80.66082,6.32088],[80.66071,6.32126],[80.66056,6.32142],[80.6603,6.32148],[80.66021,6.32162],[80.66029,6.32191],[80.66039,6.32196],[80.66056,6.32194],[80.66061,6.32215],[80.66072,6.32227],[80.66071,6.32313],[80.66066,6.32323],[80.66056,6.32329],[80.66017,6.32342],[80.65994,6.32356],[80.65956,6.32345],[80.65928,6.32349],[80.65907,6.32342],[80.65881,6.32351],[80.65832,6.32351],[80.65801,6.32338],[80.65768,6.32335],[80.65749,6.32324],[80.65732,6.32325],[80.65688,6.32343],[80.657,6.32355],[80.65702,6.32366],[80.65699,6.324],[80.65662,6.3243],[80.65653,6.3245]]]}},{"type":"Feature","properties":{"c":"farmland","n":"Paddy"},"geometry":{"type":"Polygon","coordinates":[[[80.66086,6.31185],[80.66086,6.31207],[80.6615,6.31251],[80.66185,6.31294],[80.66221,6.31319],[80.66255,6.31396],[80.66254,6.31418],[80.66265,6.3145],[80.6626,6.31472],[80.66237,6.31498],[80.66202,6.31508],[80.6616,6.31534],[80.66089,6.31666],[80.66088,6.31678],[80.66101,6.31707],[80.66094,6.31751],[80.66127,6.31779],[80.66125,6.31812],[80.66187,6.3183],[80.66208,6.3183],[80.66211,6.31819],[80.66201,6.31813],[80.66169,6.31803],[80.66154,6.31717],[80.66149,6.31707],[80.66131,6.31695],[80.66129,6.31672],[80.6613,6.31652],[80.6615,6.31625],[80.66183,6.31568],[80.66198,6.31552],[80.66293,6.31532],[80.66337,6.31537],[80.66346,6.31542],[80.66355,6.31584],[80.66363,6.31592],[80.66374,6.31594],[80.66382,6.31586],[80.66379,6.31543],[80.66388,6.31536],[80.66429,6.3153],[80.66494,6.31509],[80.66547,6.31498],[80.66595,6.31543],[80.66605,6.31561],[80.66624,6.31573],[80.66634,6.31572],[80.66654,6.31561],[80.66655,6.31551],[80.66649,6.31542],[80.66597,6.31517],[80.66583,6.31498],[80.66576,6.31477],[80.66583,6.31457],[80.66609,6.31425],[80.6663,6.3142],[80.66663,6.31421],[80.66789,6.31465],[80.66882,6.31453],[80.66923,6.31439],[80.66955,6.31442],[80.66994,6.31462],[80.67005,6.31461],[80.6701,6.31451],[80.66994,6.31437],[80.66962,6.31425],[80.66958,6.31415],[80.66968,6.31396],[80.67083,6.3138],[80.67148,6.31387],[80.67182,6.31406],[80.67204,6.31445],[80.67213,6.31451],[80.67224,6.3145],[80.67227,6.31374],[80.67218,6.31366],[80.67161,6.31358],[80.67079,6.31356],[80.67034,6.31366],[80.66966,6.31364],[80.66935,6.31379],[80.66914,6.31405],[80.66897,6.31418],[80.66856,6.31433],[80.66797,6.31434],[80.66766,6.31417],[80.66715,6.3141],[80.66702,6.31392],[80.66738,6.31369],[80.6674,6.31359],[80.66735,6.31349],[80.66686,6.31302],[80.66635,6.31278],[80.66602,6.31272],[80.66565,6.31365],[80.66509,6.31423],[80.66503,6.31445],[80.66495,6.31453],[80.66464,6.31468],[80.66405,6.31472],[80.66349,6.31493],[80.66315,6.31492],[80.66303,6.31474],[80.66302,6.31453],[80.66307,6.31444],[80.66334,6.31425],[80.66376,6.31417],[80.66395,6.31406],[80.66395,6.31396],[80.66378,6.3138],[80.66376,6.31369],[80.66403,6.3135],[80.66415,6.31321],[80.66436,6.31295],[80.66459,6.31254],[80.66471,6.31223],[80.66466,6.31202],[80.66444,6.31211],[80.66363,6.31299],[80.66319,6.31327],[80.66296,6.31328],[80.66212,6.31282],[80.66163,6.31221],[80.66129,6.3119],[80.66119,6.31184],[80.66097,6.31181],[80.66086,6.31185]]]}},{"type":"Feature","properties":{"c":"orchard","n":"Tea"},"geometry":{"type":"Polygon","coordinates":[[[80.61136,6.31585],[80.61139,6.31644],[80.61197,6.31675],[80.61289,6.31767],[80.61286,6.31815],[80.61223,6.31849],[80.61204,6.31835],[80.61176,6.31891],[80.61195,6.31913],[80.61284,6.31965],[80.61348,6.31996],[80.61362,6.31986],[80.61388,6.31989],[80.61443,6.32056],[80.61458,6.3206],[80.61479,6.3205],[80.61492,6.31984],[80.61511,6.31965],[80.61547,6.31966],[80.61587,6.32035],[80.61583,6.32165],[80.61548,6.32173],[80.61504,6.32165],[80.61479,6.32192],[80.61453,6.32247],[80.61489,6.32304],[80.61506,6.32321],[80.61538,6.32337],[80.61589,6.32346],[80.61594,6.32363],[80.61591,6.32383],[80.61596,6.32392],[80.61615,6.32406],[80.61637,6.32457],[80.61663,6.32488],[80.6169,6.32477],[80.61725,6.32473],[80.61749,6.32456],[80.61761,6.32456],[80.61778,6.3252],[80.61813,6.32567],[80.61842,6.32593],[80.61879,6.32586],[80.61891,6.32591],[80.61918,6.32624],[80.61945,6.32642],[80.6196,6.32641],[80.61971,6.32638],[80.61987,6.32608],[80.62009,6.3258],[80.62032,6.32605],[80.62032,6.32648],[80.62037,6.32659],[80.62045,6.32668],[80.62066,6.32675],[80.62091,6.32675],[80.62111,6.32653],[80.62133,6.32652],[80.62155,6.32643],[80.6217,6.32615],[80.62192,6.3261],[80.62202,6.32603],[80.62205,6.32592],[80.62189,6.32539],[80.62191,6.32528],[80.62207,6.32505],[80.6224,6.32503],[80.62287,6.32471],[80.62309,6.32463],[80.62362,6.32503],[80.62394,6.3255],[80.62417,6.32547],[80.62463,6.32515],[80.62484,6.32487],[80.62508,6.32478],[80.62528,6.32436],[80.6255,6.32411],[80.62568,6.32398],[80.62591,6.32357],[80.62622,6.32337],[80.62627,6.32327],[80.62621,6.32318],[80.62602,6.32308],[80.62591,6.32306],[80.6255,6.32311],[80.62529,6.32288],[80.62496,6.32292],[80.62486,6.32285],[80.62517,6.32269],[80.62528,6.3225],[80.62537,6.32243],[80.6256,6.32247],[80.62569,6.32241],[80.62557,6.32223],[80.6255,6.3219],[80.62554,6.32158],[80.62565,6.32157],[80.62574,6.32163],[80.62598,6.32188],[80.62619,6.3219],[80.62629,6.32183],[80.62629,6.3215],[80.6259,6.32131],[80.62565,6.32113],[80.62465,6.32106],[80.62436,6.32092],[80.62437,6.3207],[80.62445,6.32048],[80.62444,6.32037],[80.62436,6.3203],[80.62403,6.32032],[80.62393,6.32038],[80.62384,6.32058],[80.62378,6.32114],[80.62366,6.32131],[80.62328,6.32132],[80.62284,6.32072],[80.62284,6.32049],[80.62312,6.32032],[80.62302,6.31976],[80.62291,6.31956],[80.62291,6.31933],[80.623,6.31926],[80.62324,6.31926],[80.62336,6.3193],[80.62362,6.31953],[80.62373,6.31956],[80.62383,6.31952],[80.62394,6.31932],[80.62395,6.3192],[80.62385,6.31888],[80.62309,6.31893],[80.62287,6.31898],[80.62272,6.31913],[80.62252,6.31954],[80.6223,6.31954],[80.6222,6.31948],[80.62202,6.31924],[80.62191,6.31922],[80.62169,6.31926],[80.62149,6.31953],[80.62139,6.31958],[80.62127,6.31957],[80.62106,6.31946],[80.62126,6.31905],[80.62123,6.31872],[80.62108,6.31856],[80.62085,6.31858],[80.62031,6.31898],[80.62035,6.31971],[80.62065,6.32098],[80.62085,6.32099],[80.62105,6.32072],[80.62123,6.32058],[80.62159,6.32063],[80.62167,6.32071],[80.62169,6.32092],[80.6216,6.32111],[80.62122,6.32148],[80.62116,6.32169],[80.62097,6.3218],[80.62092,6.32189],[80.62076,6.32278],[80.62095,6.32317],[80.62095,6.32352],[80.62109,6.32395],[80.62146,6.32439],[80.62148,6.32451],[80.62177,6.32488],[80.62177,6.32499],[80.6217,6.32508],[80.62148,6.32508],[80.62121,6.3249],[80.62104,6.32462],[80.62085,6.32452],[80.62044,6.32464],[80.62039,6.32474],[80.62043,6.32495],[80.62071,6.32532],[80.62089,6.32547],[80.62119,6.32562],[80.62106,6.32591],[80.62077,6.3259],[80.62048,6.32576],[80.61992,6.32505],[80.61966,6.3243],[80.61894,6.32396],[80.61887,6.32388],[80.61885,6.32366],[80.61876,6.32345],[80.6184,6.32317],[80.61837,6.32307],[80.6184,6.32297],[80.61855,6.3228],[80.61902,6.32279],[80.61917,6.32295],[80.61931,6.32339],[80.61951,6.32348],[80.61975,6.32346],[80.61982,6.32337],[80.61975,6.32294],[80.61978,6.32284],[80.62012,6.32288],[80.62022,6.32284],[80.62027,6.32274],[80.62008,6.32257],[80.61984,6.32195],[80.61977,6.32187],[80.61945,6.32178],[80.61926,6.32152],[80.61914,6.32089],[80.61918,6.32078],[80.6194,6.32052],[80.6194,6.32042],[80.61928,6.32021],[80.61887,6.32005],[80.61879,6.31964],[80.6188,6.3191],[80.61866,6.31826],[80.61868,6.31799],[80.61861,6.3178],[80.61845,6.31798],[80.61803,6.31803],[80.61789,6.31777],[80.61767,6.31771],[80.61749,6.31786],[80.61747,6.31812],[80.61711,6.31824],[80.61671,6.31825],[80.61626,6.31845],[80.6161,6.31836],[80.61603,6.31822],[80.61599,6.31801],[80.61509,6.31763],[80.61502,6.31736],[80.61507,6.31713],[80.61501,6.31694],[80.61487,6.31684],[80.61473,6.31619],[80.61432,6.3159],[80.61408,6.31532],[80.61345,6.31561],[80.61221,6.31529],[80.61185,6.31537],[80.61146,6.31556],[80.61136,6.31585]]]}},{"type":"Feature","properties":{"c":"farmland","n":"Paddy"},"geometry":{"type":"Polygon","coordinates":[[[80.59334,6.31789],[80.5934,6.31799],[80.59366,6.31814],[80.59373,6.31823],[80.59416,6.31825],[80.59437,6.31844],[80.59452,6.31837],[80.59498,6.31787],[80.5952,6.31786],[80.59531,6.31798],[80.59536,6.31809],[80.59531,6.31824],[80.59534,6.31831],[80.59526,6.31851],[80.59503,6.31874],[80.59484,6.31883],[80.59468,6.31898],[80.59468,6.3192],[80.59475,6.31942],[80.5946,6.31985],[80.5948,6.31997],[80.5949,6.32017],[80.59509,6.32031],[80.5952,6.32034],[80.59554,6.3203],[80.59586,6.32042],[80.59615,6.32063],[80.59619,6.32093],[80.596,6.32119],[80.59621,6.32125],[80.59627,6.32135],[80.59623,6.32145],[80.59627,6.32157],[80.59661,6.32154],[80.59677,6.3218],[80.59705,6.32183],[80.59767,6.32213],[80.59796,6.32211],[80.59799,6.32194],[80.59795,6.32184],[80.5973,6.32152],[80.59727,6.32134],[80.59728,6.32126],[80.59749,6.32109],[80.59774,6.32097],[80.59785,6.32097],[80.598,6.32101],[80.59851,6.32141],[80.59853,6.32163],[80.59829,6.32179],[80.59824,6.32189],[80.59828,6.322],[80.59842,6.3221],[80.5986,6.32213],[80.5988,6.32202],[80.59886,6.32186],[80.59882,6.32164],[80.59889,6.32147],[80.59901,6.32137],[80.59938,6.32121],[80.59959,6.3212],[80.5998,6.32127],[80.60006,6.32146],[80.6003,6.32183],[80.6006,6.32202],[80.60054,6.32238],[80.60034,6.32279],[80.60044,6.32298],[80.60056,6.32298],[80.60079,6.32244],[80.60103,6.32218],[80.60128,6.32234],[80.6014,6.32233],[80.60167,6.32272],[80.60219,6.32294],[80.60221,6.32305],[80.60204,6.32358],[80.60206,6.32368],[80.6024,6.32414],[80.60279,6.32439],[80.60292,6.32457],[80.6031,6.32471],[80.60324,6.32502],[80.60334,6.32505],[80.60346,6.32502],[80.60349,6.32492],[80.60362,6.32425],[80.6036,6.3238],[80.60335,6.32319],[80.60327,6.32307],[80.60304,6.32293],[80.60298,6.32269],[80.60273,6.3227],[80.60218,6.32241],[80.60174,6.32197],[80.60147,6.32148],[80.60157,6.32131],[80.60169,6.3212],[80.60211,6.32116],[80.60245,6.32138],[80.60272,6.32146],[80.60293,6.32151],[80.60315,6.32144],[80.60337,6.32148],[80.60366,6.32146],[80.60391,6.32159],[80.604,6.32173],[80.60382,6.32251],[80.60386,6.32267],[80.6043,6.32258],[80.60448,6.3227],[80.6048,6.32257],[80.60498,6.32256],[80.60504,6.32257],[80.60515,6.3227],[80.60532,6.32268],[80.60556,6.32309],[80.60541,6.32345],[80.60545,6.32378],[80.60586,6.3241],[80.60598,6.32413],[80.60624,6.32436],[80.60658,6.32438],[80.60669,6.32456],[80.60662,6.32498],[80.60666,6.32525],[80.60656,6.32546],[80.60574,6.32559],[80.60567,6.3258],[80.60574,6.32595],[80.60595,6.32604],[80.60625,6.32605],[80.6065,6.32588],[80.60672,6.32563],[80.60685,6.32559],[80.60703,6.3256],[80.60736,6.32573],[80.60784,6.32625],[80.60807,6.32644],[80.60832,6.32681],[80.60881,6.32705],[80.60894,6.32718],[80.60904,6.32745],[80.60897,6.32803],[80.60905,6.32836],[80.60914,6.32842],[80.60931,6.32842],[80.60966,6.32827],[80.60976,6.32829],[80.60992,6.32836],[80.6101,6.32855],[80.61025,6.32861],[80.61034,6.32876],[80.61058,6.32893],[80.61065,6.32903],[80.61079,6.32933],[80.61081,6.32955],[80.61093,6.32981],[80.61104,6.32986],[80.61116,6.32985],[80.61123,6.32958],[80.61146,6.32937],[80.61155,6.32917],[80.61185,6.32915],[80.61195,6.32919],[80.61184,6.32951],[80.61198,6.32975],[80.61192,6.32997],[80.61194,6.33015],[80.61204,6.33029],[80.61222,6.33043],[80.61228,6.3307],[80.61254,6.3306],[80.61279,6.3304],[80.61274,6.33024],[80.61256,6.3301],[80.61258,6.33],[80.61271,6.3299],[80.61316,6.32988],[80.61336,6.33],[80.61349,6.33018],[80.61347,6.33029],[80.61334,6.33053],[80.61334,6.33075],[80.61346,6.33088],[80.61361,6.33118],[80.61401,6.33112],[80.61422,6.33098],[80.61431,6.33084],[80.61442,6.3308],[80.6145,6.33085],[80.61443,6.33113],[80.61452,6.33133],[80.61493,6.33144],[80.61515,6.33139],[80.61524,6.3313],[80.61519,6.33093],[80.61529,6.33066],[80.61522,6.33034],[80.61504,6.33022],[80.61486,6.33024],[80.61466,6.33034],[80.6145,6.33031],[80.61437,6.33022],[80.61429,6.33007],[80.61437,6.32979],[80.61429,6.32949],[80.61432,6.32926],[80.61444,6.32913],[80.6146,6.32909],[80.61471,6.32921],[80.61476,6.32948],[80.61487,6.32968],[80.61509,6.32973],[80.61546,6.32995],[80.61561,6.33024],[80.61582,6.33024],[80.61602,6.33012],[80.6163,6.33016],[80.61644,6.33042],[80.61641,6.33052],[80.6162,6.33061],[80.61614,6.33069],[80.61625,6.33125],[80.61638,6.33147],[80.61647,6.33152],[80.61665,6.33152],[80.61681,6.33137],[80.61678,6.33128],[80.61664,6.33119],[80.61655,6.33105],[80.61662,6.33056],[80.61657,6.3304],[80.61658,6.32995],[80.61665,6.32974],[80.61689,6.32957],[80.61724,6.32959],[80.61751,6.32932],[80.61773,6.32921],[80.61787,6.32903],[80.61808,6.32893],[80.61816,6.32884],[80.61817,6.32879],[80.61811,6.32876],[80.61777,6.32876],[80.61742,6.32892],[80.617,6.32901],[80.61673,6.329],[80.61652,6.32892],[80.61642,6.32872],[80.61627,6.32867],[80.61622,6.32839],[80.61598,6.32812],[80.61591,6.32793],[80.61616,6.32769],[80.61614,6.32739],[80.6163,6.32708],[80.61626,6.32693],[80.61616,6.32689],[80.61599,6.32702],[80.6159,6.3273],[80.61589,6.32754],[80.61575,6.32771],[80.61571,6.32787],[80.61588,6.32849],[80.61618,6.32888],[80.61619,6.32899],[80.61611,6.32908],[80.61588,6.32923],[80.61554,6.32917],[80.61498,6.32916],[80.61489,6.3291],[80.61474,6.32885],[80.61458,6.32882],[80.61437,6.32901],[80.614,6.32922],[80.61332,6.32924],[80.61298,6.32933],[80.61288,6.3293],[80.61232,6.32895],[80.61222,6.32875],[80.61195,6.32862],[80.61172,6.32856],[80.61128,6.32857],[80.61096,6.32848],[80.61079,6.32832],[80.61084,6.3281],[80.61029,6.32774],[80.6102,6.32735],[80.61031,6.32715],[80.61063,6.32705],[80.61192,6.3271],[80.61196,6.32699],[80.6118,6.32674],[80.61179,6.32662],[80.61188,6.32629],[80.61208,6.32615],[80.61241,6.32601],[80.6127,6.3258],[80.61312,6.32533],[80.61317,6.32512],[80.61307,6.32508],[80.61298,6.32513],[80.61274,6.32535],[80.61262,6.32553],[80.61231,6.32567],[80.61211,6.32594],[80.61179,6.32606],[80.61063,6.32677],[80.60965,6.32656],[80.60941,6.32679],[80.6093,6.32683],[80.6091,6.32672],[80.6087,6.32608],[80.60841,6.32599],[80.60813,6.32578],[80.60811,6.32555],[80.60791,6.32536],[80.60785,6.32518],[80.60787,6.3248],[80.60803,6.32464],[80.60801,6.32448],[80.60783,6.32443],[80.60761,6.32447],[80.60728,6.32444],[80.60706,6.32425],[80.60695,6.32399],[80.60668,6.3239],[80.6065,6.32378],[80.60615,6.32375],[80.6059,6.32365],[80.60606,6.32329],[80.60601,6.32301],[80.60616,6.32271],[80.6063,6.32267],[80.6064,6.32271],[80.60654,6.32283],[80.60672,6.32315],[80.60682,6.32319],[80.6068,6.32302],[80.60663,6.32257],[80.60673,6.32244],[80.6066,6.32224],[80.60661,6.32197],[80.60673,6.32177],[80.60705,6.32146],[80.60706,6.32136],[80.6069,6.321],[80.60691,6.32083],[80.607,6.32068],[80.60725,6.32053],[80.60742,6.32051],[80.60801,6.32064],[80.60831,6.32086],[80.6086,6.32079],[80.60883,6.32082],[80.6091,6.32073],[80.60958,6.32074],[80.60977,6.32054],[80.61007,6.32049],[80.61013,6.32028],[80.61018,6.32024],[80.61031,6.32035],[80.61066,6.32039],[80.611,6.3206],[80.61122,6.32064],[80.61126,6.32085],[80.61164,6.32119],[80.61183,6.32147],[80.61192,6.32153],[80.61198,6.32152],[80.612,6.32147],[80.61193,6.32133],[80.61197,6.32117],[80.61229,6.32084],[80.61227,6.32074],[80.61178,6.32074],[80.61142,6.32055],[80.61094,6.32042],[80.61073,6.32022],[80.61061,6.32003],[80.61044,6.32003],[80.61035,6.31998],[80.61033,6.31963],[80.61026,6.31954],[80.61011,6.31958],[80.61009,6.31963],[80.61016,6.31984],[80.61002,6.32013],[80.60946,6.32059],[80.60914,6.32059],[80.60879,6.3207],[80.60841,6.32067],[80.60808,6.32045],[80.60774,6.32031],[80.60771,6.3202],[80.60774,6.31995],[80.6079,6.31979],[80.6081,6.31925],[80.60863,6.31874],[80.60891,6.31867],[80.60897,6.31858],[80.60873,6.31827],[80.60839,6.31807],[80.60834,6.31789],[80.60841,6.31754],[80.60834,6.31739],[80.60819,6.31738],[80.60812,6.31764],[80.60799,6.31772],[80.60777,6.31747],[80.60784,6.31738],[80.60785,6.31726],[80.60724,6.31686],[80.60714,6.3166],[80.60718,6.31649],[80.60744,6.31624],[80.60747,6.31607],[80.60738,6.31593],[80.60717,6.31589],[80.60703,6.31599],[80.60702,6.31621],[80.60693,6.31634],[80.60691,6.31668],[80.60712,6.3171],[80.60734,6.31728],[80.60755,6.31759],[80.60771,6.31826],[80.60784,6.31845],[80.60799,6.31853],[80.60799,6.31863],[80.60763,6.31878],[80.60755,6.31885],[80.60734,6.31936],[80.60714,6.31946],[80.60683,6.31977],[80.60662,6.31978],[80.60653,6.31972],[80.60645,6.31952],[80.60661,6.31909],[80.60653,6.31865],[80.60637,6.31824],[80.60629,6.31816],[80.60619,6.31815],[80.60623,6.31836],[80.60621,6.31869],[80.60632,6.3189],[80.60631,6.31901],[80.60615,6.3193],[80.60616,6.31941],[80.60646,6.32],[80.60653,6.32087],[80.60646,6.32109],[80.60558,6.32171],[80.60516,6.32191],[80.60493,6.32191],[80.60483,6.32187],[80.60463,6.32146],[80.60444,6.32134],[80.60404,6.32095],[80.60394,6.32091],[80.60332,6.32083],[80.60321,6.32065],[80.60324,6.3201],[80.60308,6.31995],[80.60298,6.31994],[80.60258,6.32018],[80.60241,6.32017],[80.60203,6.31999],[80.60141,6.31928],[80.60137,6.31911],[80.6014,6.31871],[80.60134,6.31863],[80.60124,6.31865],[80.60106,6.31887],[80.60106,6.3191],[80.60143,6.31976],[80.60155,6.32013],[80.6014,6.32048],[80.60149,6.32062],[80.60147,6.32073],[80.60141,6.32083],[80.6012,6.32087],[80.60102,6.32083],[80.60087,6.32054],[80.60068,6.3204],[80.60005,6.32028],[80.5997,6.32027],[80.59967,6.32004],[80.59973,6.31995],[80.60032,6.31966],[80.59999,6.3194],[80.59984,6.31942],[80.59907,6.31989],[80.5989,6.31993],[80.59736,6.31979],[80.59721,6.31988],[80.59688,6.31994],[80.59673,6.3199],[80.59651,6.31973],[80.59632,6.31968],[80.59637,6.3195],[80.59667,6.31917],[80.59686,6.31905],[80.59677,6.31876],[80.59663,6.31872],[80.5963,6.31893],[80.59604,6.31888],[80.59577,6.31861],[80.59574,6.31835],[80.596,6.31825],[80.5962,6.31828],[80.59654,6.31855],[80.59668,6.31859],[80.59675,6.31854],[80.59664,6.3183],[80.59648,6.31814],[80.59611,6.31802],[80.59578,6.31768],[80.59561,6.31757],[80.59514,6.31742],[80.59474,6.31754],[80.59424,6.31743],[80.59418,6.31753],[80.59418,6.31769],[80.59426,6.31777],[80.59448,6.31787],[80.59455,6.31796],[80.59452,6.31806],[80.5939,6.3181],[80.5935,6.31789],[80.59334,6.31789]],[[80.5955,6.31953],[80.5956,6.3194],[80.59575,6.31933],[80.59602,6.31934],[80.59607,6.31944],[80.59609,6.31967],[80.59604,6.32005],[80.59598,6.32014],[80.59586,6.32014],[80.59557,6.31996],[80.5955,6.31953]]]}},{"type":"Feature","properties":{"c":"farmland","n":"Paddy"},"geometry":{"type":"Polygon","coordinates":[[[80.58587,6.3147],[80.58603,6.31489],[80.58649,6.31509],[80.58671,6.31509],[80.58691,6.31519],[80.58701,6.31526],[80.58719,6.31556],[80.58729,6.31556],[80.5873,6.31545],[80.5871,6.31511],[80.58708,6.31495],[80.58716,6.31481],[80.58748,6.31458],[80.5877,6.3139],[80.58784,6.3138],[80.588,6.31379],[80.5884,6.31407],[80.58849,6.31421],[80.58852,6.31467],[80.58858,6.31489],[80.58856,6.31506],[80.58816,6.31539],[80.58801,6.3157],[80.58772,6.31584],[80.58765,6.31591],[80.58809,6.31629],[80.58825,6.31648],[80.58835,6.31652],[80.58847,6.31652],[80.58852,6.31642],[80.58862,6.31638],[80.58886,6.31634],[80.58906,6.31605],[80.5894,6.31599],[80.58962,6.31603],[80.58981,6.31615],[80.58993,6.31657],[80.59004,6.31655],[80.59014,6.31647],[80.59025,6.31628],[80.59022,6.31606],[80.59016,6.31596],[80.58929,6.31549],[80.58901,6.31501],[80.58901,6.31461],[80.58892,6.31422],[80.58923,6.31389],[80.58955,6.31369],[80.58972,6.31367],[80.59039,6.31368],[80.59119,6.31384],[80.59185,6.31388],[80.59234,6.31406],[80.59241,6.31436],[80.59236,6.31504],[80.59211,6.31527],[80.59207,6.31538],[80.59212,6.31581],[80.59259,6.31632],[80.59273,6.31663],[80.59283,6.31667],[80.5933,6.31658],[80.59352,6.31648],[80.59353,6.31636],[80.59327,6.31565],[80.5931,6.31549],[80.59286,6.31511],[80.59309,6.31504],[80.59398,6.315],[80.59445,6.31505],[80.59529,6.31487],[80.5956,6.3147],[80.59562,6.31459],[80.59552,6.31458],[80.59537,6.31475],[80.59495,6.31486],[80.59472,6.31485],[80.59383,6.31464],[80.59328,6.31434],[80.59321,6.31424],[80.59321,6.31402],[80.59316,6.31393],[80.59213,6.31357],[80.5918,6.3136],[80.59172,6.31353],[80.59175,6.31332],[80.59194,6.31321],[80.59217,6.31324],[80.59256,6.31307],[80.59315,6.31296],[80.59345,6.31261],[80.59366,6.31251],[80.59404,6.31247],[80.59437,6.31261],[80.59459,6.31256],[80.59471,6.31237],[80.59464,6.31228],[80.59415,6.31225],[80.59396,6.31212],[80.59398,6.31201],[80.59409,6.31182],[80.5942,6.31178],[80.59491,6.31181],[80.59503,6.31162],[80.59511,6.3113],[80.59512,6.31106],[80.59505,6.31085],[80.59487,6.31074],[80.59463,6.31073],[80.59454,6.31079],[80.59441,6.3111],[80.5941,6.31109],[80.5939,6.31096],[80.59394,6.31053],[80.59385,6.31048],[80.59374,6.31048],[80.59354,6.31062],[80.59342,6.31081],[80.59357,6.31133],[80.5937,6.3115],[80.59368,6.31162],[80.59339,6.31193],[80.59329,6.31195],[80.59317,6.31192],[80.59307,6.31173],[80.59305,6.31117],[80.593,6.31106],[80.59279,6.31101],[80.59259,6.31109],[80.59251,6.31152],[80.59241,6.31158],[80.59209,6.31163],[80.59195,6.3118],[80.59204,6.31212],[80.59212,6.3122],[80.59274,6.3121],[80.59289,6.31214],[80.59301,6.31227],[80.59301,6.31246],[80.59291,6.31267],[80.59261,6.31282],[80.59215,6.3128],[80.59196,6.31268],[80.5918,6.31268],[80.59102,6.313],[80.59083,6.31292],[80.59052,6.31308],[80.59018,6.31307],[80.5898,6.31319],[80.58963,6.31314],[80.58945,6.31316],[80.58912,6.31306],[80.589,6.31306],[80.58863,6.31356],[80.58844,6.31359],[80.58814,6.3135],[80.58789,6.31335],[80.58772,6.31335],[80.58748,6.31352],[80.58725,6.31348],[80.5871,6.31331],[80.58698,6.31305],[80.58686,6.31263],[80.58673,6.31253],[80.58657,6.31276],[80.58653,6.31297],[80.58642,6.31311],[80.58635,6.31349],[80.58621,6.31364],[80.58608,6.3139],[80.58599,6.31417],[80.586,6.31439],[80.58587,6.3147]]]}},{"type":"Feature","properties":{"c":"farmland","n":"Paddy"},"geometry":{"type":"Polygon","coordinates":[[[80.5764,6.31616],[80.5764,6.31626],[80.57649,6.31634],[80.57718,6.31619],[80.57751,6.31623],[80.57788,6.31652],[80.57812,6.31685],[80.57837,6.31696],[80.57842,6.31706],[80.57842,6.31722],[80.57827,6.31739],[80.5782,6.31773],[80.57798,6.31798],[80.57761,6.31817],[80.57753,6.31833],[80.5775,6.31881],[80.57753,6.31959],[80.57725,6.32016],[80.57727,6.32038],[80.57734,6.32053],[80.5775,6.32049],[80.57761,6.32035],[80.57759,6.32008],[80.57775,6.31965],[80.5778,6.31927],[80.57805,6.3189],[80.57815,6.31885],[80.57863,6.31884],[80.57879,6.31869],[80.57902,6.31861],[80.57907,6.31871],[80.57897,6.31913],[80.579,6.31923],[80.5792,6.31933],[80.57967,6.31936],[80.57978,6.31931],[80.58006,6.31845],[80.58014,6.31839],[80.58037,6.31833],[80.58045,6.31824],[80.58028,6.31809],[80.58013,6.31779],[80.58015,6.31736],[80.5804,6.31714],[80.58038,6.31704],[80.58017,6.31676],[80.57991,6.31655],[80.5791,6.31658],[80.57847,6.31631],[80.57803,6.3163],[80.57765,6.31607],[80.57726,6.31568],[80.57694,6.31558],[80.57672,6.31559],[80.57662,6.31566],[80.5764,6.31616]]]}},{"type":"Feature","properties":{"c":"orchard"},"geometry":{"type":"Polygon","coordinates":[[[80.58625,6.3244],[80.5863,6.32485],[80.58662,6.3253],[80.58687,6.32591],[80.58684,6.3263],[80.58673,6.32649],[80.58674,6.32662],[80.58686,6.32682],[80.58701,6.32728],[80.58744,6.32723],[80.58798,6.32742],[80.58842,6.32793],[80.58907,6.32835],[80.58978,6.32852],[80.5915,6.32854],[80.5916,6.32852],[80.5919,6.32829],[80.59216,6.3282],[80.59309,6.3277],[80.59339,6.32749],[80.59345,6.3274],[80.59348,6.32692],[80.59344,6.32682],[80.59299,6.32657],[80.59305,6.32567],[80.59295,6.32544],[80.5925,6.32483],[80.59225,6.32439],[80.59222,6.32406],[80.59207,6.32373],[80.59176,6.3233],[80.59159,6.32315],[80.59096,6.32307],[80.59076,6.32294],[80.59044,6.32259],[80.59032,6.32237],[80.59033,6.32215],[80.59093,6.32182],[80.59151,6.32173],[80.5918,6.32151],[80.59194,6.32131],[80.592,6.32122],[80.59203,6.32078],[80.59187,6.32048],[80.59174,6.32037],[80.59092,6.32017],[80.59075,6.32024],[80.59048,6.32047],[80.59038,6.32074],[80.59015,6.32081],[80.58992,6.32066],[80.58977,6.32034],[80.58961,6.32023],[80.58932,6.32016],[80.58897,6.32023],[80.58866,6.32008],[80.58834,6.32005],[80.58767,6.32035],[80.58744,6.32054],[80.58721,6.32061],[80.58722,6.321],[80.5874,6.32127],[80.58745,6.3215],[80.58725,6.32191],[80.5873,6.32226],[80.58793,6.32265],[80.58827,6.32274],[80.58837,6.32281],[80.58849,6.32313],[80.58851,6.32336],[80.58833,6.32367],[80.588,6.3238],[80.58778,6.32355],[80.58774,6.32331],[80.58758,6.32313],[80.58736,6.32303],[80.58702,6.32305],[80.58662,6.32337],[80.58635,6.32388],[80.58625,6.3244]]]}},{"type":"Feature","properties":{"c":"scrub"},"geometry":{"type":"Polygon","coordinates":[[[80.55564,6.31994],[80.55564,6.32005],[80.55578,6.32035],[80.55594,6.32053],[80.55642,6.32084],[80.55688,6.3209],[80.55735,6.32107],[80.55755,6.3212],[80.55773,6.32146],[80.55784,6.32191],[80.55817,6.3225],[80.55813,6.32271],[80.55787,6.32292],[80.55732,6.32292],[80.55674,6.32257],[80.55643,6.32267],[80.55619,6.32291],[80.55632,6.3232],[80.5569,6.32354],[80.55683,6.32386],[80.55666,6.32401],[80.55633,6.3241],[80.55624,6.32416],[80.55619,6.32427],[80.55621,6.32437],[80.55643,6.32465],[80.55636,6.32502],[80.55639,6.32536],[80.5567,6.32587],[80.55683,6.32633],[80.55723,6.32675],[80.55734,6.32697],[80.5575,6.32697],[80.55759,6.32691],[80.55771,6.32647],[80.55792,6.32639],[80.55803,6.32643],[80.55837,6.32691],[80.55848,6.32693],[80.55881,6.32686],[80.55903,6.3269],[80.55925,6.32699],[80.55951,6.32722],[80.55973,6.32721],[80.56005,6.32703],[80.56015,6.3266],[80.56024,6.32641],[80.56032,6.32632],[80.56077,6.32614],[80.56093,6.32572],[80.56115,6.32561],[80.56122,6.32553],[80.56135,6.32521],[80.56174,6.32495],[80.56186,6.32475],[80.56191,6.32453],[80.56181,6.3242],[80.56127,6.32394],[80.56119,6.32386],[80.56118,6.32363],[80.56131,6.32343],[80.56173,6.32323],[80.56178,6.32313],[80.56179,6.32278],[80.56186,6.32256],[80.56206,6.32242],[80.56255,6.32243],[80.56282,6.32238],[80.56287,6.32228],[80.56277,6.32198],[80.56249,6.32179],[80.56237,6.32178],[80.56206,6.32155],[80.56195,6.32159],[80.56177,6.32188],[80.56135,6.322],[80.56124,6.32206],[80.56113,6.32226],[80.56103,6.32229],[80.56092,6.32226],[80.56045,6.32187],[80.56036,6.32129],[80.56018,6.32103],[80.56018,6.3208],[80.56028,6.32034],[80.56076,6.31968],[80.56076,6.31944],[80.56071,6.31934],[80.56061,6.31929],[80.56037,6.31929],[80.5599,6.31938],[80.55908,6.31936],[80.55884,6.31948],[80.5588,6.31958],[80.55882,6.3198],[80.559,6.3201],[80.55902,6.32032],[80.55874,6.32081],[80.55874,6.32104],[80.55882,6.32113],[80.55916,6.32127],[80.55923,6.32135],[80.5592,6.32146],[80.55898,6.32157],[80.55865,6.32153],[80.55857,6.32146],[80.55839,6.32103],[80.55833,6.3207],[80.5581,6.32038],[80.55788,6.32031],[80.55678,6.32028],[80.55595,6.31976],[80.55574,6.31974],[80.55564,6.31994]]]}},{"type":"Feature","properties":{"c":"scrub"},"geometry":{"type":"Polygon","coordinates":[[[80.56126,6.3181],[80.56136,6.31829],[80.56157,6.31838],[80.562,6.31848],[80.56216,6.31865],[80.56221,6.3189],[80.56235,6.31909],[80.56281,6.31943],[80.56338,6.31957],[80.56385,6.31959],[80.56449,6.31939],[80.56458,6.31931],[80.56474,6.31875],[80.56467,6.31842],[80.56447,6.31814],[80.56424,6.31805],[80.56403,6.31812],[80.5638,6.31809],[80.56376,6.31798],[80.56405,6.31733],[80.56419,6.31714],[80.56438,6.31703],[80.56468,6.31643],[80.56507,6.31609],[80.56537,6.31557],[80.56546,6.31512],[80.56568,6.31447],[80.56569,6.31425],[80.56562,6.31402],[80.56511,6.3135],[80.56503,6.31331],[80.56488,6.31315],[80.56448,6.31293],[80.56406,6.31287],[80.56363,6.31293],[80.56344,6.31306],[80.56299,6.31409],[80.56296,6.3143],[80.56309,6.31474],[80.56283,6.31509],[80.56233,6.31552],[80.56211,6.31588],[80.56213,6.31604],[80.56244,6.31678],[80.56212,6.31709],[80.56195,6.31752],[80.56182,6.3177],[80.56144,6.31791],[80.56126,6.3181]]]}},{"type":"Feature","properties":{"c":"farmland","n":"Paddy"},"geometry":{"type":"Polygon","coordinates":[[[80.52024,6.32316],[80.52108,6.32354],[80.52132,6.32395],[80.52178,6.32562],[80.52198,6.32609],[80.52243,6.32646],[80.52256,6.3264],[80.52261,6.32625],[80.52244,6.32603],[80.52249,6.3257],[80.52209,6.32549],[80.52203,6.32534],[80.52207,6.32518],[80.52183,6.32476],[80.52186,6.3242],[80.52194,6.32396],[80.5219,6.32381],[80.52159,6.32368],[80.52147,6.32331],[80.52093,6.32311],[80.52074,6.32298],[80.52058,6.32299],[80.52024,6.32316]]]}},{"type":"Feature","properties":{"c":"farmland","n":"Paddy"},"geometry":{"type":"Polygon","coordinates":[[[80.51603,6.327],[80.51616,6.32719],[80.51618,6.3273],[80.51641,6.32742],[80.5167,6.32732],[80.51694,6.32741],[80.51731,6.3274],[80.51743,6.32746],[80.51745,6.32764],[80.51779,6.32791],[80.51795,6.32796],[80.51805,6.32809],[80.51802,6.32836],[80.51786,6.32872],[80.51752,6.32895],[80.51747,6.32905],[80.51758,6.3295],[80.51772,6.32967],[80.51784,6.32967],[80.51788,6.32963],[80.51796,6.32915],[80.51817,6.32904],[80.51845,6.32906],[80.51889,6.32949],[80.51904,6.32954],[80.51917,6.32937],[80.5191,6.3291],[80.51895,6.32903],[80.5188,6.32884],[80.51881,6.32864],[80.51909,6.32854],[80.51921,6.32855],[80.51931,6.32874],[80.5194,6.32878],[80.51938,6.32846],[80.51951,6.32834],[80.51962,6.32833],[80.51973,6.32837],[80.51991,6.32857],[80.51991,6.32897],[80.51983,6.32911],[80.51981,6.32951],[80.51961,6.32964],[80.51937,6.32967],[80.51929,6.33007],[80.51899,6.33054],[80.51875,6.33116],[80.51867,6.33118],[80.51848,6.33102],[80.51832,6.33049],[80.51813,6.33023],[80.51802,6.32994],[80.51796,6.33],[80.51793,6.33076],[80.51799,6.33097],[80.51786,6.33123],[80.51786,6.33157],[80.51801,6.33195],[80.51817,6.33222],[80.51814,6.3326],[80.51822,6.33283],[80.51832,6.33296],[80.51865,6.33317],[80.51875,6.3333],[80.51877,6.33401],[80.51861,6.3349],[80.51853,6.33506],[80.51852,6.33514],[80.51859,6.33529],[80.51851,6.33566],[80.51911,6.33639],[80.51931,6.33654],[80.51937,6.33676],[80.51931,6.33722],[80.51905,6.33743],[80.51891,6.33763],[80.51891,6.33779],[80.51898,6.33784],[80.51923,6.33784],[80.51945,6.33776],[80.52005,6.3373],[80.5202,6.33732],[80.52027,6.33719],[80.52025,6.33681],[80.52046,6.3367],[80.52084,6.33679],[80.52118,6.33723],[80.52147,6.33735],[80.52152,6.33729],[80.52147,6.33721],[80.5211,6.3369],[80.52109,6.33674],[80.52116,6.3366],[80.52129,6.33653],[80.52175,6.33659],[80.52194,6.33658],[80.52197,6.33651],[80.52193,6.33644],[80.52171,6.33633],[80.52167,6.33619],[80.52183,6.33602],[80.52198,6.33599],[80.52211,6.33606],[80.52215,6.33645],[80.5225,6.33745],[80.5225,6.33761],[80.5224,6.33783],[80.52243,6.33807],[80.52258,6.3381],[80.52264,6.33805],[80.52341,6.33715],[80.5238,6.33689],[80.52415,6.3368],[80.52431,6.33688],[80.52505,6.3377],[80.52537,6.33784],[80.52553,6.33786],[80.52586,6.33766],[80.52609,6.33766],[80.52621,6.33794],[80.5261,6.33833],[80.52614,6.33848],[80.52621,6.33852],[80.52635,6.33853],[80.52655,6.3383],[80.52676,6.33821],[80.52707,6.33822],[80.52729,6.33831],[80.52746,6.33847],[80.52753,6.33869],[80.52754,6.33877],[80.52737,6.33914],[80.52753,6.33912],[80.52776,6.3389],[80.52797,6.33879],[80.52811,6.33881],[80.5282,6.33902],[80.52818,6.3392],[80.52805,6.33942],[80.52802,6.33957],[80.52811,6.33969],[80.52826,6.33971],[80.52834,6.33969],[80.52838,6.33962],[80.52867,6.3387],[80.52917,6.33833],[80.5294,6.3383],[80.52969,6.33818],[80.52983,6.33819],[80.53015,6.33842],[80.53063,6.33845],[80.53064,6.33853],[80.53055,6.33875],[80.53033,6.33886],[80.53025,6.33909],[80.53011,6.3393],[80.53008,6.33945],[80.53038,6.34001],[80.53053,6.34005],[80.5306,6.33991],[80.53068,6.33936],[80.53088,6.33886],[80.53093,6.3385],[80.5309,6.33811],[80.53096,6.33789],[80.53096,6.33758],[80.53066,6.33753],[80.53054,6.33743],[80.53029,6.33735],[80.52986,6.33735],[80.52953,6.33709],[80.52944,6.33696],[80.52934,6.33657],[80.52934,6.33624],[80.52947,6.33606],[80.5297,6.33599],[80.52987,6.33599],[80.53023,6.33613],[80.5304,6.3363],[80.5305,6.33659],[80.53071,6.33669],[80.53078,6.33655],[80.53079,6.33601],[80.53086,6.33579],[80.53133,6.3356],[80.53158,6.33566],[80.53189,6.33585],[80.53209,6.33638],[80.53235,6.33648],[80.53247,6.33638],[80.53263,6.33638],[80.53276,6.33681],[80.53276,6.3373],[80.53288,6.33776],[80.53282,6.3379],[80.53282,6.33805],[80.53254,6.33823],[80.53252,6.33831],[80.53258,6.33837],[80.53273,6.33835],[80.53295,6.33813],[80.53324,6.33822],[80.53351,6.33807],[80.53413,6.33801],[80.53446,6.33802],[80.53494,6.33819],[80.53516,6.3382],[80.53543,6.3378],[80.5356,6.33783],[80.53581,6.33764],[80.53613,6.33751],[80.53607,6.33741],[80.5359,6.33739],[80.53573,6.3373],[80.53546,6.33696],[80.5354,6.33685],[80.53546,6.33657],[80.53538,6.33645],[80.53515,6.33631],[80.5349,6.3363],[80.53471,6.33614],[80.53448,6.33606],[80.53444,6.33621],[80.53454,6.33635],[80.5348,6.33655],[80.53517,6.33672],[80.53519,6.33692],[80.53513,6.33716],[80.53487,6.33734],[80.53471,6.33733],[80.53398,6.33766],[80.53352,6.33769],[80.5333,6.3376],[80.53317,6.33749],[80.53308,6.33727],[80.53307,6.33694],[80.53313,6.33661],[80.53327,6.33642],[80.53371,6.3361],[80.53393,6.33605],[80.53415,6.33609],[80.53421,6.33604],[80.53422,6.33588],[80.53396,6.33558],[80.53391,6.33533],[80.53381,6.33512],[80.5334,6.33504],[80.53333,6.33505],[80.53323,6.33517],[80.53325,6.33525],[80.53351,6.33547],[80.53359,6.33569],[80.53357,6.33593],[80.5333,6.33608],[80.53306,6.33599],[80.5328,6.33578],[80.53265,6.33572],[80.53248,6.3357],[80.53243,6.33576],[80.53227,6.33575],[80.53201,6.33554],[80.53176,6.33513],[80.53161,6.33506],[80.53139,6.33499],[80.53098,6.33509],[80.53047,6.33482],[80.53024,6.33492],[80.53001,6.33491],[80.52981,6.33466],[80.52967,6.33428],[80.52918,6.33401],[80.52894,6.33432],[80.52852,6.33431],[80.52838,6.3345],[80.52822,6.33448],[80.52793,6.33433],[80.52769,6.334],[80.5274,6.33317],[80.52725,6.33312],[80.5271,6.33317],[80.52694,6.3331],[80.52688,6.33304],[80.52683,6.33273],[80.52661,6.33262],[80.52652,6.33264],[80.52649,6.3327],[80.52663,6.33315],[80.52642,6.33325],[80.52646,6.33333],[80.52722,6.33375],[80.52732,6.33388],[80.52735,6.33417],[80.5273,6.33432],[80.52678,6.33454],[80.52665,6.33465],[80.52672,6.33504],[80.52698,6.33522],[80.52728,6.33529],[80.52768,6.33552],[80.52786,6.33576],[80.5278,6.336],[80.52762,6.33616],[80.52738,6.33619],[80.52707,6.33605],[80.5269,6.33622],[80.52685,6.33637],[80.5266,6.33638],[80.52656,6.33645],[80.52659,6.33653],[80.52697,6.33663],[80.52706,6.33675],[80.52705,6.33698],[80.52677,6.33713],[80.5267,6.3376],[80.52664,6.33764],[80.52648,6.33761],[80.52614,6.33723],[80.52582,6.33698],[80.52541,6.33628],[80.52498,6.33602],[80.52441,6.33602],[80.52422,6.33589],[80.52421,6.33556],[80.52435,6.33502],[80.52457,6.33501],[80.52502,6.33483],[80.52532,6.33481],[80.52528,6.33474],[80.52498,6.33464],[80.52489,6.33451],[80.52491,6.33439],[80.52501,6.33427],[80.52512,6.33382],[80.52508,6.33372],[80.5247,6.3335],[80.52415,6.33335],[80.52401,6.33326],[80.52391,6.3333],[80.52401,6.33356],[80.52387,6.3338],[80.52391,6.33384],[80.5242,6.33377],[80.52445,6.33395],[80.5245,6.33409],[80.52445,6.3344],[80.52449,6.33475],[80.5244,6.33487],[80.52387,6.33527],[80.52348,6.33541],[80.52334,6.33561],[80.52303,6.33588],[80.5228,6.33592],[80.52264,6.33587],[80.52241,6.33544],[80.52248,6.3351],[80.52269,6.33469],[80.52289,6.33399],[80.52268,6.33384],[80.52268,6.33346],[80.52261,6.33343],[80.5225,6.33353],[80.52244,6.33415],[80.52223,6.33426],[80.52199,6.33427],[80.52191,6.33414],[80.52182,6.33367],[80.5219,6.33354],[80.52217,6.33336],[80.52269,6.33324],[80.52284,6.33304],[80.52314,6.33285],[80.52372,6.33277],[80.52378,6.33272],[80.52386,6.33217],[80.52352,6.33193],[80.52336,6.33174],[80.5228,6.33154],[80.52272,6.33154],[80.52258,6.33164],[80.52258,6.33204],[80.5223,6.33234],[80.52211,6.33234],[80.52196,6.3324],[80.5218,6.3322],[80.52156,6.33214],[80.52142,6.33186],[80.52132,6.3313],[80.52144,6.33039],[80.52137,6.33035],[80.5213,6.33039],[80.52109,6.33065],[80.52063,6.33082],[80.52049,6.33077],[80.52036,6.33056],[80.52022,6.33049],[80.52021,6.33026],[80.52051,6.32951],[80.52057,6.32905],[80.52067,6.32892],[80.5209,6.32891],[80.52125,6.3291],[80.52147,6.32934],[80.52167,6.32978],[80.52187,6.32981],[80.52209,6.32971],[80.52247,6.32967],[80.52298,6.33005],[80.5237,6.33026],[80.52393,6.33048],[80.52415,6.3308],[80.52422,6.33082],[80.52474,6.33044],[80.52518,6.33023],[80.5256,6.33017],[80.52592,6.33021],[80.52642,6.33072],[80.52639,6.33095],[80.52601,6.33113],[80.5259,6.33125],[80.52602,6.33153],[80.52623,6.33155],[80.52632,6.33162],[80.52635,6.33189],[80.52703,6.33201],[80.52717,6.33193],[80.52755,6.33186],[80.52782,6.33157],[80.52858,6.33119],[80.52866,6.33112],[80.52868,6.33101],[80.52852,6.33094],[80.52833,6.33091],[80.52789,6.33111],[80.52749,6.33114],[80.52739,6.33101],[80.52733,6.33101],[80.52706,6.33067],[80.52711,6.33017],[80.52701,6.33011],[80.52666,6.33009],[80.52646,6.3297],[80.52603,6.32952],[80.52568,6.32954],[80.5254,6.32926],[80.52484,6.32943],[80.52467,6.32939],[80.52371,6.32934],[80.52357,6.32942],[80.52348,6.32955],[80.52337,6.32958],[80.52332,6.32973],[80.52316,6.32975],[80.52308,6.32962],[80.52316,6.32939],[80.52312,6.32923],[80.52302,6.32911],[80.52287,6.32907],[80.52294,6.32877],[80.52291,6.32853],[80.5227,6.32828],[80.52172,6.32833],[80.52166,6.32864],[80.52158,6.32878],[80.52134,6.32885],[80.52113,6.32872],[80.521,6.32852],[80.52096,6.32821],[80.521,6.32806],[80.52094,6.32777],[80.52104,6.32757],[80.52113,6.3275],[80.52134,6.32746],[80.5215,6.32722],[80.52136,6.32683],[80.52092,6.32643],[80.52086,6.32628],[80.52093,6.32567],[80.52089,6.32512],[80.52077,6.32461],[80.52051,6.32405],[80.52072,6.32395],[80.52099,6.32402],[80.521,6.32391],[80.52075,6.32368],[80.52045,6.32351],[80.52031,6.32348],[80.52008,6.32362],[80.51974,6.32352],[80.51973,6.32338],[80.51982,6.32317],[80.51916,6.3229],[80.51907,6.32282],[80.51896,6.32259],[80.51896,6.32245],[80.51858,6.323],[80.51867,6.32318],[80.51859,6.32325],[80.51848,6.32322],[80.51823,6.32333],[80.51802,6.32335],[80.51778,6.32365],[80.51773,6.32383],[80.51778,6.32402],[80.51798,6.32435],[80.51811,6.32505],[80.51799,6.32551],[80.51783,6.32566],[80.51763,6.32573],[80.51744,6.32571],[80.5172,6.32556],[80.5171,6.32557],[80.51705,6.32564],[80.51706,6.32574],[80.51725,6.32594],[80.51725,6.32714],[80.51686,6.32724],[80.51674,6.32723],[80.51639,6.32702],[80.51627,6.32686],[80.51617,6.32684],[80.51609,6.32686],[80.51603,6.327]],[[80.51785,6.32731],[80.51794,6.32709],[80.51803,6.32661],[80.51814,6.32643],[80.51835,6.32642],[80.51854,6.32654],[80.51857,6.32671],[80.51852,6.32688],[80.51844,6.32704],[80.51831,6.32716],[80.51824,6.32743],[80.51795,6.32746],[80.51787,6.32742],[80.51785,6.32731]],[[80.51864,6.32472],[80.51871,6.32463],[80.51881,6.32462],[80.51898,6.32476],[80.51923,6.32524],[80.51942,6.32576],[80.51944,6.32608],[80.51925,6.3264],[80.51891,6.32641],[80.51878,6.32623],[80.51878,6.32547],[80.51864,6.32472]],[[80.51885,6.32362],[80.51888,6.32337],[80.51899,6.3233],[80.51939,6.32336],[80.51939,6.32353],[80.51917,6.32373],[80.51892,6.3237],[80.51885,6.32362]],[[80.51906,6.33362],[80.51913,6.33341],[80.5193,6.33312],[80.51921,6.33293],[80.5192,6.33261],[80.51933,6.33242],[80.51942,6.33235],[80.51999,6.33247],[80.52007,6.33239],[80.52002,6.3323],[80.51961,6.3321],[80.51954,6.33201],[80.51958,6.33179],[80.51964,6.33169],[80.51974,6.33163],[80.52008,6.33162],[80.52036,6.33142],[80.52059,6.33145],[80.52071,6.33176],[80.5207,6.33187],[80.52046,6.33237],[80.52045,6.3326],[80.52074,6.33278],[80.52083,6.3327],[80.52076,6.3326],[80.52075,6.33239],[80.52079,6.33229],[80.5209,6.33223],[80.52112,6.33227],[80.5215,6.33253],[80.52155,6.33263],[80.52153,6.33284],[80.52145,6.33291],[80.52113,6.33287],[80.52104,6.33294],[80.521,6.33304],[80.52138,6.33345],[80.52149,6.33376],[80.52104,6.33492],[80.52084,6.33492],[80.52023,6.33445],[80.52011,6.33427],[80.52002,6.33371],[80.51994,6.33361],[80.51985,6.33368],[80.51983,6.33379],[80.51989,6.33433],[80.51985,6.33476],[80.51966,6.33486],[80.51944,6.33484],[80.51926,6.33473],[80.51915,6.33452],[80.51906,6.33362]],[[80.51929,6.32457],[80.51934,6.32442],[80.51951,6.32437],[80.51949,6.3241],[80.51935,6.32399],[80.51932,6.32389],[80.51937,6.32374],[80.51945,6.32365],[80.51996,6.3238],[80.52017,6.32399],[80.52024,6.32456],[80.52046,6.32534],[80.52043,6.32545],[80.52048,6.32568],[80.52044,6.32608],[80.52038,6.32618],[80.52017,6.32621],[80.51992,6.32611],[80.51965,6.32562],[80.51954,6.32519],[80.51965,6.32477],[80.51957,6.32469],[80.51936,6.32464],[80.51929,6.32457]],[[80.51945,6.32667],[80.5196,6.32637],[80.51976,6.32639],[80.52007,6.32653],[80.52027,6.32672],[80.52062,6.32742],[80.52067,6.32786],[80.52057,6.32812],[80.52037,6.32842],[80.52024,6.32851],[80.52016,6.32853],[80.52,6.32844],[80.51987,6.3282],[80.51954,6.32803],[80.51956,6.32748],[80.51951,6.32743],[80.51945,6.32667]]]}},{"type":"Feature","properties":{"c":"farmland","n":"Paddy"},"geometry":{"type":"Polygon","coordinates":[[[80.51242,6.31542],[80.51237,6.31605],[80.51254,6.31618],[80.51341,6.31616],[80.51398,6.31624],[80.51474,6.31624],[80.51481,6.31639],[80.51495,6.31648],[80.51513,6.31695],[80.51533,6.3179],[80.51529,6.31813],[80.51503,6.31851],[80.51518,6.31866],[80.51506,6.31871],[80.51476,6.31873],[80.51464,6.31891],[80.51464,6.31917],[80.5147,6.31933],[80.51488,6.31967],[80.51496,6.31974],[80.51544,6.3198],[80.51572,6.31976],[80.51587,6.31948],[80.51602,6.31929],[80.5162,6.31878],[80.51629,6.31866],[80.5164,6.31865],[80.51661,6.31884],[80.51673,6.31884],[80.51677,6.3188],[80.51672,6.31831],[80.5168,6.31815],[80.51692,6.31804],[80.51731,6.31797],[80.51785,6.31805],[80.51816,6.31819],[80.51832,6.31832],[80.51869,6.31876],[80.51886,6.31912],[80.5188,6.31949],[80.51903,6.3198],[80.51933,6.32059],[80.51947,6.32067],[80.51956,6.3208],[80.51977,6.32085],[80.51994,6.32063],[80.52026,6.32061],[80.5203,6.32039],[80.52025,6.31994],[80.52037,6.31976],[80.52038,6.3196],[80.52058,6.31941],[80.52069,6.31919],[80.5207,6.31897],[80.52092,6.31866],[80.52097,6.31851],[80.52091,6.31816],[80.52058,6.31807],[80.52041,6.31785],[80.52044,6.31757],[80.52033,6.31733],[80.52047,6.3171],[80.52037,6.31705],[80.52007,6.3171],[80.52,6.31703],[80.52009,6.31665],[80.51997,6.3164],[80.52019,6.31615],[80.5204,6.31566],[80.52051,6.31554],[80.52054,6.31538],[80.51984,6.31522],[80.51975,6.31526],[80.51971,6.31542],[80.51963,6.31551],[80.51946,6.31551],[80.51939,6.31541],[80.51937,6.31507],[80.51926,6.31487],[80.51926,6.31462],[80.51936,6.31419],[80.51947,6.31407],[80.51958,6.31402],[80.52009,6.31403],[80.52028,6.31393],[80.51968,6.31369],[80.51935,6.31337],[80.51914,6.31327],[80.51903,6.31329],[80.51902,6.31334],[80.51905,6.31367],[80.51902,6.31389],[80.51885,6.31392],[80.51864,6.31384],[80.51836,6.31387],[80.5179,6.31382],[80.5177,6.31371],[80.51764,6.31361],[80.51771,6.31343],[80.51824,6.31337],[80.5187,6.31319],[80.51848,6.31314],[80.51823,6.31291],[80.51822,6.3128],[80.51841,6.31252],[80.51839,6.31236],[80.51823,6.31233],[80.51797,6.31245],[80.51777,6.31233],[80.51766,6.31232],[80.51742,6.31274],[80.51738,6.3129],[80.51707,6.31307],[80.51702,6.31341],[80.51721,6.31383],[80.5174,6.31412],[80.51746,6.31449],[80.51734,6.31482],[80.51686,6.31523],[80.51716,6.31575],[80.51721,6.31596],[80.51671,6.31673],[80.51662,6.31702],[80.51645,6.31718],[80.51622,6.31726],[80.51559,6.31678],[80.51546,6.31626],[80.51548,6.31586],[80.51557,6.31572],[80.51611,6.31527],[80.51661,6.31513],[80.51665,6.31498],[80.51652,6.31488],[80.51647,6.31466],[80.51631,6.3146],[80.51595,6.31479],[80.51561,6.31521],[80.51518,6.31547],[80.51495,6.31545],[80.5146,6.31526],[80.51451,6.31532],[80.51462,6.31561],[80.51462,6.31572],[80.51447,6.31581],[80.51434,6.31579],[80.51424,6.31573],[80.51413,6.31553],[80.51368,6.31506],[80.51384,6.31481],[80.51443,6.31462],[80.51441,6.31451],[80.51418,6.31444],[80.51407,6.31426],[80.51416,6.3138],[80.51438,6.31363],[80.51439,6.31358],[80.51379,6.31358],[80.51362,6.31322],[80.51345,6.31325],[80.51322,6.31372],[80.51323,6.31402],[80.51311,6.31451],[80.51298,6.31464],[80.51265,6.31475],[80.51256,6.31482],[80.51242,6.31542]],[[80.51756,6.31701],[80.51769,6.31683],[80.5179,6.31683],[80.51857,6.31721],[80.51871,6.31736],[80.51876,6.31757],[80.51872,6.31767],[80.51839,6.31777],[80.51828,6.31774],[80.51808,6.3176],[80.51787,6.31756],[80.51757,6.31722],[80.51756,6.31701]],[[80.51768,6.3144],[80.51778,6.3142],[80.51794,6.31412],[80.51817,6.31411],[80.51828,6.31421],[80.51818,6.31469],[80.51792,6.3147],[80.5177,6.31453],[80.51768,6.3144]],[[80.51876,6.31818],[80.5189,6.31788],[80.51901,6.31776],[80.51923,6.31773],[80.51933,6.31777],[80.5194,6.31803],[80.51935,6.31825],[80.51919,6.31849],[80.51897,6.31851],[80.51886,6.31843],[80.51876,6.31818]],[[80.51883,6.3167],[80.51896,6.3164],[80.5191,6.31629],[80.51926,6.31627],[80.51941,6.31634],[80.51953,6.31653],[80.51956,6.3169],[80.51952,6.31701],[80.51942,6.31706],[80.51931,6.31705],[80.51916,6.31694],[80.51888,6.31686],[80.51883,6.3167]]]}},{"type":"Feature","properties":{"c":"scrub"},"geometry":{"type":"Polygon","coordinates":[[[80.50434,6.31496],[80.50442,6.31518],[80.50461,6.31529],[80.50621,6.31551],[80.50681,6.31588],[80.50723,6.31603],[80.50768,6.31593],[80.50795,6.31558],[80.508,6.31468],[80.50817,6.31453],[80.50862,6.31443],[80.50971,6.31458],[80.51022,6.31456],[80.51085,6.31426],[80.5113,6.31414],[80.51208,6.31362],[80.51252,6.31346],[80.51292,6.31319],[80.51301,6.31298],[80.51303,6.31229],[80.51355,6.31141],[80.51351,6.31074],[80.51318,6.31046],[80.51213,6.31009],[80.51166,6.31003],[80.51107,6.30958],[80.51017,6.30956],[80.50989,6.30921],[80.50949,6.30903],[80.50906,6.30905],[80.50841,6.30919],[80.50743,6.3097],[80.50679,6.30988],[80.50663,6.31003],[80.50572,6.31052],[80.50493,6.31138],[80.5048,6.3118],[80.50484,6.31248],[80.50463,6.31287],[80.50461,6.31311],[80.50468,6.31332],[80.50506,6.31357],[80.50512,6.31378],[80.50438,6.31462],[80.50434,6.31496]]]}},{"type":"Feature","properties":{"c":"scrub"},"geometry":{"type":"Polygon","coordinates":[[[80.49295,6.32454],[80.49301,6.325],[80.49315,6.32518],[80.49409,6.32562],[80.49459,6.32608],[80.49514,6.32632],[80.49537,6.32668],[80.49507,6.327],[80.49505,6.32722],[80.49577,6.32794],[80.49609,6.32808],[80.49654,6.32803],[80.49662,6.32811],[80.49681,6.32864],[80.49699,6.32897],[80.49708,6.32906],[80.49732,6.32915],[80.49743,6.32912],[80.49771,6.32873],[80.49794,6.32863],[80.49874,6.32885],[80.49933,6.32874],[80.50016,6.3287],[80.50039,6.32871],[80.5008,6.32891],[80.50105,6.32891],[80.50128,6.32882],[80.50149,6.32867],[80.50163,6.32848],[80.50168,6.32837],[80.50161,6.32782],[80.50184,6.32763],[80.50191,6.3273],[80.50206,6.32698],[80.50233,6.32673],[80.50245,6.32627],[80.50239,6.32594],[80.5022,6.32581],[80.50177,6.32591],[80.50141,6.32588],[80.50118,6.32594],[80.501,6.32606],[80.50095,6.32666],[80.50079,6.32683],[80.5,6.32675],[80.49968,6.32662],[80.49957,6.32644],[80.49986,6.32582],[80.49987,6.3256],[80.49983,6.32549],[80.49966,6.32534],[80.49932,6.32527],[80.49879,6.32501],[80.49867,6.32505],[80.4984,6.32526],[80.49773,6.32545],[80.49742,6.32563],[80.49698,6.32563],[80.49655,6.32541],[80.49557,6.32524],[80.4954,6.32482],[80.49543,6.32391],[80.4954,6.32369],[80.49535,6.32347],[80.49499,6.32287],[80.49496,6.32265],[80.49501,6.32195],[80.4949,6.32176],[80.4947,6.32167],[80.49427,6.32167],[80.49408,6.3218],[80.49353,6.32251],[80.49332,6.32315],[80.49295,6.32454]]]}},{"type":"Feature","properties":{"c":"farmland","n":"Paddy"},"geometry":{"type":"Polygon","coordinates":[[[80.4987,6.29995],[80.49893,6.30013],[80.49908,6.30042],[80.49924,6.30039],[80.49957,6.30018],[80.50007,6.30023],[80.50042,6.30041],[80.50082,6.30103],[80.50105,6.30121],[80.5012,6.30151],[80.50136,6.30159],[80.50159,6.30158],[80.50169,6.30153],[80.50185,6.30122],[80.50182,6.301],[80.50186,6.30083],[80.50199,6.3007],[80.50221,6.30061],[80.50233,6.30062],[80.50243,6.30077],[80.50254,6.30077],[80.50282,6.30055],[80.50306,6.30048],[80.50331,6.30058],[80.5034,6.30095],[80.50363,6.30101],[80.50404,6.30097],[80.50431,6.30049],[80.50431,6.30037],[80.50423,6.30032],[80.50385,6.30046],[80.50374,6.30046],[80.50367,6.30025],[80.50371,6.29997],[80.5039,6.29975],[80.50434,6.2995],[80.5047,6.2989],[80.50502,6.29869],[80.50545,6.29849],[80.50549,6.29844],[80.50538,6.29818],[80.50549,6.29812],[80.50569,6.29808],[80.50591,6.29834],[80.50607,6.29838],[80.50617,6.29833],[80.50622,6.29806],[80.50632,6.29794],[80.50718,6.29772],[80.50731,6.29781],[80.50745,6.29821],[80.50748,6.29844],[80.50745,6.29856],[80.50725,6.29882],[80.50679,6.29901],[80.50663,6.29909],[80.50662,6.29915],[80.50677,6.2992],[80.5073,6.29918],[80.50746,6.29911],[80.50775,6.29861],[80.50788,6.29825],[80.50786,6.29798],[80.50776,6.29771],[80.50799,6.29745],[80.50829,6.29738],[80.50854,6.29739],[80.50898,6.29757],[80.50946,6.29756],[80.50957,6.2976],[80.51003,6.29798],[80.51014,6.29818],[80.51019,6.29866],[80.51026,6.29876],[80.51043,6.29883],[80.51067,6.29882],[80.51086,6.29869],[80.51094,6.29847],[80.5111,6.29831],[80.51163,6.29834],[80.51171,6.29826],[80.51168,6.29809],[80.51159,6.29803],[80.51142,6.29803],[80.51101,6.2982],[80.51084,6.29819],[80.51074,6.29806],[80.51075,6.2979],[80.51104,6.29769],[80.51103,6.29758],[80.51045,6.29753],[80.51016,6.29744],[80.51008,6.29736],[80.51012,6.29709],[80.51026,6.29691],[80.5106,6.29666],[80.51119,6.29655],[80.51129,6.29647],[80.51155,6.29599],[80.51173,6.29584],[80.51195,6.29583],[80.51224,6.29602],[80.51352,6.29597],[80.51412,6.29605],[80.51462,6.29632],[80.51487,6.29634],[80.51502,6.29629],[80.51536,6.29638],[80.51582,6.2963],[80.51609,6.29608],[80.51623,6.29586],[80.51626,6.29575],[80.51621,6.29564],[80.51557,6.29565],[80.51509,6.29547],[80.51492,6.29531],[80.51438,6.29518],[80.51406,6.29472],[80.51395,6.2947],[80.51386,6.29476],[80.51381,6.29499],[80.51373,6.29507],[80.51362,6.29507],[80.5134,6.2948],[80.51312,6.29461],[80.51305,6.29418],[80.5128,6.29381],[80.51277,6.29348],[80.51264,6.29332],[80.51241,6.29334],[80.51234,6.29343],[80.51238,6.29376],[80.51235,6.29387],[80.5123,6.29398],[80.512,6.29413],[80.51193,6.29422],[80.51189,6.29455],[80.51179,6.29462],[80.51157,6.29461],[80.51138,6.2945],[80.51133,6.29407],[80.51124,6.29375],[80.51117,6.29368],[80.51107,6.29371],[80.51094,6.29389],[80.51057,6.29412],[80.51035,6.2941],[80.51027,6.29403],[80.50983,6.29392],[80.50986,6.29359],[80.50965,6.2935],[80.50954,6.29306],[80.50943,6.29287],[80.50939,6.29292],[80.50931,6.29285],[80.50921,6.29264],[80.5092,6.29211],[80.50836,6.2916],[80.50793,6.29143],[80.50781,6.29157],[80.50753,6.29174],[80.50714,6.29166],[80.50659,6.29168],[80.5064,6.29178],[80.50637,6.29194],[80.50646,6.29208],[80.50661,6.29215],[80.50668,6.29231],[80.50684,6.29237],[80.50697,6.29264],[80.507,6.29281],[80.50686,6.29299],[80.50615,6.29345],[80.5061,6.29355],[80.50574,6.29394],[80.50572,6.29427],[80.50567,6.2944],[80.50576,6.29468],[80.50622,6.29516],[80.50632,6.29535],[80.5062,6.29547],[80.50604,6.29549],[80.50595,6.29557],[80.50586,6.29589],[80.50586,6.2964],[80.50567,6.29667],[80.50552,6.29673],[80.50502,6.29651],[80.50447,6.29686],[80.50423,6.29711],[80.50425,6.2974],[80.50418,6.29788],[80.50401,6.29838],[80.50388,6.29847],[80.50352,6.29845],[80.50324,6.29873],[80.50314,6.29895],[80.50316,6.29922],[80.50311,6.29932],[80.50301,6.29935],[80.50275,6.29928],[80.50256,6.29937],[80.50229,6.29973],[80.50201,6.29998],[80.50184,6.29999],[80.5016,6.2999],[80.5009,6.2995],[80.50076,6.29931],[80.50069,6.2991],[80.50076,6.29871],[80.50067,6.29857],[80.50073,6.29826],[80.50061,6.29801],[80.50058,6.29797],[80.50031,6.29793],[80.49996,6.29756],[80.49975,6.29753],[80.4997,6.29755],[80.49966,6.29783],[80.49989,6.29816],[80.50009,6.29835],[80.50008,6.29851],[80.49992,6.29879],[80.49996,6.29906],[80.49993,6.29922],[80.49977,6.29941],[80.49935,6.2996],[80.49887,6.2997],[80.4987,6.29995]]]}},{"type":"Feature","properties":{"c":"farmland","n":"Paddy"},"geometry":{"type":"Polygon","coordinates":[[[80.48451,6.30331],[80.48452,6.30353],[80.48467,6.30383],[80.48477,6.30387],[80.48539,6.30383],[80.4856,6.30388],[80.48593,6.30384],[80.48605,6.30388],[80.48622,6.30401],[80.48639,6.30444],[80.48637,6.30469],[80.48594,6.30512],[80.48585,6.30518],[80.48548,6.3052],[80.48527,6.3053],[80.48521,6.3054],[80.48521,6.30561],[80.48534,6.30565],[80.48579,6.30563],[80.48641,6.30547],[80.48676,6.30522],[80.48723,6.30446],[80.48749,6.30427],[80.48792,6.3042],[80.48802,6.30426],[80.48804,6.30457],[80.48794,6.30477],[80.48776,6.30492],[80.48772,6.30503],[80.48783,6.30505],[80.48822,6.30484],[80.48856,6.3044],[80.48873,6.30425],[80.48928,6.30422],[80.48949,6.30416],[80.49043,6.30312],[80.4909,6.30285],[80.49115,6.30262],[80.49127,6.30244],[80.49138,6.30212],[80.49152,6.30195],[80.49191,6.30172],[80.49249,6.30112],[80.4934,6.3006],[80.49384,6.30023],[80.49504,6.29951],[80.496,6.29932],[80.49633,6.2992],[80.49659,6.299],[80.49666,6.29892],[80.49666,6.29881],[80.49657,6.29874],[80.49632,6.29875],[80.49542,6.29891],[80.49398,6.29968],[80.49366,6.29961],[80.49364,6.29951],[80.49379,6.29921],[80.49513,6.29767],[80.49566,6.29725],[80.49621,6.29709],[80.49672,6.29685],[80.49696,6.29661],[80.49741,6.29594],[80.49779,6.29574],[80.49832,6.29569],[80.49859,6.29588],[80.4988,6.29595],[80.49889,6.29615],[80.49885,6.29649],[80.4988,6.29659],[80.49852,6.29681],[80.498,6.2971],[80.49774,6.29732],[80.49742,6.29748],[80.49714,6.29786],[80.49711,6.29797],[80.49732,6.298],[80.49742,6.29794],[80.49768,6.29769],[80.49842,6.2972],[80.49862,6.29714],[80.49893,6.29718],[80.49914,6.29713],[80.49946,6.29681],[80.49949,6.29646],[80.49955,6.29635],[80.49999,6.29603],[80.50011,6.29585],[80.5003,6.29577],[80.50042,6.29578],[80.5005,6.29586],[80.50051,6.29608],[80.5003,6.29637],[80.50016,6.29668],[80.49997,6.29681],[80.49983,6.29698],[80.49977,6.29709],[80.49984,6.29729],[80.50003,6.29736],[80.50044,6.29698],[80.50077,6.29698],[80.50098,6.29693],[80.50114,6.29676],[80.50123,6.29634],[80.50143,6.29623],[80.50165,6.29624],[80.50184,6.29638],[80.502,6.29667],[80.50218,6.29722],[80.50213,6.29744],[80.50216,6.29755],[80.50249,6.29783],[80.50259,6.29781],[80.50265,6.2976],[80.50268,6.29715],[80.50285,6.29674],[80.50326,6.29637],[80.504,6.29586],[80.50404,6.29576],[80.50385,6.29549],[80.5039,6.29529],[80.50435,6.29517],[80.50489,6.2952],[80.505,6.29539],[80.50507,6.29585],[80.50536,6.296],[80.50546,6.29597],[80.50552,6.29588],[80.50562,6.29557],[80.50542,6.29517],[80.50534,6.29483],[80.50552,6.29446],[80.50549,6.29434],[80.5052,6.29416],[80.50512,6.29363],[80.50503,6.29354],[80.50479,6.29353],[80.50468,6.29357],[80.50447,6.29348],[80.50434,6.29282],[80.50433,6.29249],[80.50426,6.29227],[80.50427,6.29194],[80.50418,6.29127],[80.50398,6.29116],[80.50387,6.29116],[80.50355,6.29135],[80.50333,6.29139],[80.50325,6.29148],[80.50325,6.29159],[80.50331,6.29168],[80.50348,6.29182],[80.50351,6.29203],[80.50345,6.29213],[80.50327,6.29227],[80.50302,6.29266],[80.50298,6.29299],[80.50299,6.29342],[80.50287,6.29361],[80.50264,6.29366],[80.50253,6.29364],[80.50239,6.29345],[80.50228,6.29341],[80.50182,6.29338],[80.50158,6.29314],[80.50116,6.2929],[80.501,6.29274],[80.50079,6.29268],[80.50072,6.29277],[80.50071,6.29299],[80.50103,6.29358],[80.50096,6.2938],[80.50086,6.29386],[80.50053,6.29388],[80.5003,6.2936],[80.50019,6.29362],[80.49999,6.29374],[80.49984,6.29391],[80.49949,6.29393],[80.4992,6.29423],[80.499,6.29464],[80.49889,6.2947],[80.4983,6.29487],[80.49809,6.29482],[80.4978,6.29464],[80.4977,6.29469],[80.49752,6.29499],[80.49718,6.29508],[80.49685,6.29533],[80.49666,6.2956],[80.49664,6.29571],[80.49669,6.29603],[80.49647,6.29643],[80.49614,6.29645],[80.49604,6.2965],[80.49588,6.29679],[80.49565,6.29682],[80.49543,6.29678],[80.49523,6.29665],[80.4951,6.29644],[80.49476,6.29643],[80.49468,6.29652],[80.49466,6.29663],[80.49478,6.29696],[80.49475,6.29719],[80.49456,6.29731],[80.49433,6.29731],[80.49402,6.29718],[80.49393,6.29725],[80.49368,6.29763],[80.49337,6.29788],[80.49315,6.29792],[80.49297,6.29804],[80.49294,6.29815],[80.49301,6.29838],[80.49297,6.29848],[80.49288,6.29855],[80.49255,6.29863],[80.49248,6.29885],[80.49249,6.29907],[80.49221,6.29926],[80.49196,6.29977],[80.49143,6.30003],[80.49109,6.3],[80.491,6.30006],[80.491,6.30027],[80.49109,6.30059],[80.491,6.30066],[80.49068,6.30074],[80.49063,6.30096],[80.49075,6.30099],[80.49098,6.30096],[80.49132,6.30067],[80.49162,6.30051],[80.4919,6.30051],[80.49199,6.30056],[80.49204,6.30078],[80.49171,6.30136],[80.49105,6.30185],[80.49078,6.30252],[80.49055,6.30279],[80.49032,6.30286],[80.49009,6.30286],[80.48982,6.30261],[80.4897,6.30263],[80.48952,6.30282],[80.48933,6.30336],[80.48911,6.30363],[80.48889,6.30372],[80.48814,6.30385],[80.48792,6.30377],[80.48785,6.30355],[80.48785,6.30332],[80.48797,6.303],[80.48824,6.30251],[80.48842,6.30236],[80.48903,6.30215],[80.48931,6.30148],[80.4891,6.30143],[80.48888,6.30149],[80.48866,6.30175],[80.48832,6.30178],[80.48751,6.30224],[80.48681,6.30268],[80.48651,6.30304],[80.48641,6.30309],[80.48606,6.30309],[80.48598,6.30317],[80.48604,6.30339],[80.48592,6.30343],[80.48581,6.30341],[80.48571,6.30278],[80.48561,6.30258],[80.4855,6.30262],[80.48547,6.30272],[80.4853,6.30286],[80.48519,6.30286],[80.48499,6.30276],[80.48477,6.30281],[80.4846,6.30296],[80.48451,6.30331]]]}},{"type":"Feature","properties":{"c":"farmland","n":"Paddy"},"geometry":{"type":"Polygon","coordinates":[[[80.50956,6.30399],[80.5096,6.30423],[80.5097,6.30429],[80.50983,6.30427],[80.50997,6.30407],[80.51002,6.30383],[80.51026,6.30377],[80.51038,6.3038],[80.51044,6.30391],[80.51065,6.30405],[80.51075,6.30429],[80.51086,6.30435],[80.51099,6.30434],[80.51106,6.30424],[80.51109,6.30406],[80.51128,6.30391],[80.51165,6.30381],[80.51213,6.3036],[80.51238,6.30356],[80.51264,6.30363],[80.51275,6.30381],[80.51278,6.30405],[80.51269,6.30448],[80.51274,6.30465],[80.5128,6.30466],[80.51291,6.3046],[80.51297,6.30448],[80.51294,6.30424],[80.51315,6.30412],[80.51363,6.30435],[80.51388,6.30433],[80.51416,6.30416],[80.51436,6.30421],[80.51439,6.30432],[80.51424,6.30452],[80.51425,6.30465],[80.51437,6.30464],[80.51454,6.30437],[80.51468,6.30425],[80.51464,6.30413],[80.51428,6.30383],[80.51418,6.30368],[80.51401,6.30367],[80.51394,6.30377],[80.51371,6.30392],[80.51358,6.30392],[80.51349,6.30382],[80.51349,6.3037],[80.5136,6.30335],[80.5135,6.30332],[80.51312,6.30361],[80.51289,6.3036],[80.51279,6.30352],[80.51271,6.30318],[80.51265,6.30308],[80.51243,6.30299],[80.51226,6.30284],[80.51228,6.30272],[80.5125,6.30241],[80.51286,6.3023],[80.51295,6.30223],[80.51302,6.30199],[80.51331,6.30181],[80.51338,6.3017],[80.51353,6.30121],[80.51343,6.30085],[80.51357,6.30051],[80.51355,6.30039],[80.51344,6.30033],[80.51321,6.30039],[80.5128,6.30114],[80.5127,6.30111],[80.51242,6.30088],[80.51231,6.30093],[80.51237,6.30116],[80.51256,6.30149],[80.51251,6.30173],[80.51233,6.30188],[80.51175,6.30205],[80.51148,6.30229],[80.51136,6.30231],[80.51113,6.30222],[80.51092,6.30193],[80.5108,6.30192],[80.51071,6.30199],[80.51065,6.30209],[80.51058,6.30253],[80.51038,6.30296],[80.51022,6.30315],[80.50989,6.30332],[80.50956,6.30399]]]}},{"type":"Feature","properties":{"c":"orchard","n":"Tea"},"geometry":{"type":"Polygon","coordinates":[[[80.54482,6.30975],[80.5452,6.31003],[80.54555,6.31013],[80.54579,6.31012],[80.546,6.31002],[80.54644,6.30962],[80.54655,6.30957],[80.54667,6.30962],[80.54668,6.30974],[80.5463,6.31007],[80.54629,6.3102],[80.54635,6.31029],[80.54648,6.31033],[80.5476,6.31035],[80.54775,6.31025],[80.54791,6.30995],[80.5481,6.30991],[80.54835,6.30994],[80.54839,6.30989],[80.54839,6.30978],[80.54824,6.30958],[80.54817,6.30917],[80.54792,6.30899],[80.54787,6.30862],[80.54789,6.30844],[80.548,6.30821],[80.5483,6.30821],[80.54841,6.30813],[80.54872,6.30765],[80.54874,6.30753],[80.54855,6.30738],[80.5485,6.30724],[80.54851,6.30712],[80.54875,6.30693],[80.54941,6.30667],[80.54968,6.30651],[80.54991,6.30616],[80.54998,6.30592],[80.54989,6.30584],[80.54976,6.30582],[80.54927,6.30589],[80.5489,6.30602],[80.54839,6.30597],[80.54826,6.30602],[80.54809,6.30619],[80.54803,6.30609],[80.54817,6.30584],[80.54857,6.30567],[80.54896,6.30559],[80.54961,6.30561],[80.5499,6.30549],[80.55005,6.30537],[80.55016,6.30508],[80.55015,6.30501],[80.55002,6.30488],[80.55001,6.30477],[80.55006,6.30465],[80.55026,6.30451],[80.55045,6.30426],[80.55031,6.3038],[80.55032,6.30324],[80.55027,6.30312],[80.54979,6.30295],[80.54925,6.30304],[80.54912,6.30317],[80.54912,6.30377],[80.54896,6.30397],[80.54878,6.30393],[80.54867,6.30377],[80.54863,6.30358],[80.54787,6.30369],[80.5476,6.30381],[80.54751,6.30391],[80.54747,6.30402],[80.54759,6.30423],[80.54765,6.30447],[80.54795,6.30469],[80.54797,6.30475],[80.54787,6.30481],[80.54759,6.3047],[80.5475,6.30462],[80.54736,6.30436],[80.54713,6.30489],[80.547,6.30505],[80.54694,6.30523],[80.54697,6.30546],[80.5471,6.30582],[80.54693,6.30617],[80.54688,6.3062],[80.5467,6.30611],[80.54658,6.3061],[80.54649,6.3064],[80.54622,6.30646],[80.54591,6.30641],[80.54578,6.3065],[80.54572,6.30664],[80.54572,6.30713],[80.54585,6.30747],[80.54583,6.30784],[80.54589,6.30795],[80.54617,6.30818],[80.54618,6.30842],[80.54613,6.30853],[80.54593,6.30871],[80.54582,6.30918],[80.54574,6.3093],[80.54538,6.30935],[80.54515,6.30947],[80.54491,6.30952],[80.54482,6.30975]]]}},{"type":"Feature","properties":{"c":"farmland","n":"Paddy"},"geometry":{"type":"Polygon","coordinates":[[[80.54718,6.3007],[80.54725,6.30093],[80.54731,6.30093],[80.54742,6.30066],[80.54759,6.30055],[80.54791,6.30113],[80.54798,6.30148],[80.54846,6.3015],[80.54882,6.30132],[80.54907,6.30129],[80.5493,6.30119],[80.5496,6.30089],[80.54967,6.30066],[80.54989,6.30029],[80.55047,6.2999],[80.55055,6.29961],[80.55038,6.29955],[80.5502,6.29959],[80.55003,6.29974],[80.54953,6.30004],[80.54928,6.30032],[80.54915,6.3006],[80.54888,6.3009],[80.54848,6.30102],[80.5483,6.301],[80.5482,6.30094],[80.54814,6.30083],[80.54828,6.30063],[80.54826,6.30052],[80.54799,6.30036],[80.54762,6.30032],[80.54725,6.30042],[80.54718,6.3007]]]}},{"type":"Feature","properties":{"c":"farmland","n":"Paddy"},"geometry":{"type":"Polygon","coordinates":[[[80.54583,6.30371],[80.54587,6.30383],[80.5464,6.30432],[80.54675,6.30457],[80.54695,6.30454],[80.54686,6.30438],[80.54692,6.30405],[80.54698,6.30394],[80.54709,6.30396],[80.54736,6.3043],[80.5475,6.30462],[80.54776,6.30478],[80.54793,6.3048],[80.54795,6.30469],[80.54765,6.30447],[80.54759,6.30423],[80.54747,6.30402],[80.54751,6.30391],[80.5476,6.30381],[80.54787,6.30369],[80.54863,6.30358],[80.54869,6.30334],[80.54863,6.30324],[80.5485,6.30326],[80.54835,6.30339],[80.54821,6.30343],[80.54803,6.30339],[80.54789,6.30322],[80.54781,6.3028],[80.54769,6.30278],[80.54764,6.30283],[80.54762,6.30309],[80.54754,6.30328],[80.5473,6.3035],[80.54688,6.3036],[80.54649,6.30328],[80.54637,6.30332],[80.54636,6.30338],[80.54644,6.30354],[80.5464,6.30371],[80.54627,6.30372],[80.54602,6.30361],[80.5459,6.3036],[80.54583,6.30371]]]}},{"type":"Feature","properties":{"c":"farmland","n":"Paddy"},"geometry":{"type":"Polygon","coordinates":[[[80.55129,6.30874],[80.55131,6.30879],[80.55149,6.30878],[80.55186,6.30855],[80.55197,6.30855],[80.55211,6.30867],[80.55214,6.30884],[80.5521,6.30934],[80.552,6.30967],[80.55188,6.30997],[80.55171,6.30999],[80.55164,6.3101],[80.55167,6.31027],[80.55182,6.31036],[80.55192,6.31028],[80.55224,6.3095],[80.55226,6.30894],[80.55254,6.30853],[80.55293,6.30841],[80.55296,6.30829],[80.55281,6.30818],[80.55278,6.30795],[80.55295,6.30761],[80.55342,6.30713],[80.55365,6.30674],[80.55384,6.30626],[80.5539,6.30597],[80.55398,6.30588],[80.5542,6.30579],[80.55421,6.30561],[80.55415,6.30551],[80.5539,6.30544],[80.55358,6.30552],[80.55348,6.30544],[80.5534,6.30529],[80.55334,6.30528],[80.55307,6.30552],[80.55301,6.3055],[80.553,6.30532],[80.55282,6.30529],[80.55259,6.30558],[80.55249,6.30565],[80.55237,6.30567],[80.55229,6.30558],[80.5523,6.30552],[80.55237,6.3053],[80.55262,6.30503],[80.55265,6.30485],[80.55259,6.30484],[80.55246,6.30506],[80.55226,6.30523],[80.55198,6.30563],[80.55196,6.30574],[80.55214,6.30592],[80.55236,6.30596],[80.55269,6.30562],[80.5529,6.30555],[80.55301,6.30561],[80.55322,6.30591],[80.55344,6.30612],[80.55349,6.30628],[80.5533,6.30662],[80.55321,6.30705],[80.5531,6.30728],[80.55299,6.30733],[80.55255,6.30739],[80.55234,6.30767],[80.55219,6.3082],[80.55202,6.30837],[80.55139,6.3085],[80.55129,6.30874]]]}},{"type":"Feature","properties":{"c":"farmland","n":"Paddy"},"geometry":{"type":"Polygon","coordinates":[[[80.55319,6.30162],[80.55339,6.30183],[80.55345,6.30199],[80.55368,6.30209],[80.55374,6.30232],[80.55393,6.30245],[80.55403,6.30287],[80.55388,6.30335],[80.55389,6.30347],[80.55394,6.3035],[80.5541,6.30318],[80.55415,6.30315],[80.55429,6.30327],[80.55441,6.30326],[80.55458,6.30299],[80.55496,6.30267],[80.55529,6.30252],[80.55533,6.30241],[80.55535,6.30198],[80.55523,6.30178],[80.55523,6.30154],[80.55509,6.30128],[80.55524,6.30089],[80.5552,6.30079],[80.55493,6.30103],[80.55476,6.30086],[80.55465,6.30088],[80.55466,6.30118],[80.55455,6.30123],[80.55444,6.30121],[80.55442,6.30127],[80.55452,6.30141],[80.55452,6.30153],[80.55441,6.3016],[80.55434,6.30183],[80.55421,6.30184],[80.55415,6.30175],[80.55424,6.3016],[80.55428,6.3012],[80.55393,6.30115],[80.55386,6.30094],[80.55396,6.30052],[80.55388,6.30043],[80.55369,6.30046],[80.5536,6.30055],[80.5536,6.30062],[80.55374,6.30082],[80.55375,6.30094],[80.55352,6.30119],[80.5534,6.30141],[80.5532,6.30156],[80.55319,6.30162]]]}},{"type":"Feature","properties":{"c":"orchard","n":"Tea"},"geometry":{"type":"Polygon","coordinates":[[[80.55115,6.29483],[80.55121,6.29566],[80.55128,6.29575],[80.55229,6.29572],[80.55241,6.29559],[80.55283,6.29535],[80.55328,6.29528],[80.55339,6.29521],[80.55347,6.29512],[80.55377,6.29444],[80.55396,6.29427],[80.55409,6.29405],[80.55419,6.29399],[80.55444,6.29399],[80.55463,6.2939],[80.55488,6.29349],[80.55485,6.29337],[80.55478,6.29328],[80.55456,6.29318],[80.55424,6.29283],[80.55403,6.29272],[80.55378,6.29268],[80.55351,6.29245],[80.55315,6.29242],[80.55295,6.29255],[80.55261,6.29246],[80.5525,6.29248],[80.55225,6.29275],[80.55221,6.29286],[80.55225,6.29297],[80.55234,6.29305],[80.55238,6.29328],[80.55235,6.29351],[80.55206,6.29388],[80.5521,6.29399],[80.5524,6.29421],[80.55245,6.29451],[80.55234,6.29456],[80.55222,6.29452],[80.55209,6.29438],[80.5518,6.29438],[80.55154,6.29415],[80.55148,6.29415],[80.5514,6.29423],[80.55146,6.2944],[80.55143,6.29469],[80.55132,6.29484],[80.55115,6.29483]]]}},{"type":"Feature","properties":{"c":"farmland","n":"Paddy"},"geometry":{"type":"Polygon","coordinates":[[[80.54884,6.29419],[80.54885,6.29437],[80.54901,6.29443],[80.54926,6.29416],[80.5495,6.29403],[80.54974,6.29396],[80.55019,6.29396],[80.55034,6.29405],[80.55038,6.29428],[80.55055,6.29468],[80.55054,6.29486],[80.55066,6.29518],[80.55062,6.29541],[80.55068,6.29552],[80.55054,6.29577],[80.55056,6.29622],[80.55046,6.29637],[80.55013,6.29655],[80.55004,6.29672],[80.54968,6.29667],[80.54965,6.29685],[80.54976,6.297],[80.55001,6.29696],[80.55013,6.29684],[80.5504,6.29671],[80.55053,6.29675],[80.5507,6.29667],[80.55102,6.29665],[80.55114,6.29659],[80.55128,6.29625],[80.55145,6.29622],[80.55155,6.29627],[80.55189,6.2967],[80.55198,6.29712],[80.55192,6.2973],[80.55152,6.29754],[80.55151,6.2976],[80.55165,6.2978],[80.55164,6.29805],[80.55172,6.29814],[80.55174,6.29826],[80.55156,6.29831],[80.55141,6.2981],[80.55119,6.29808],[80.55116,6.2982],[80.55145,6.29835],[80.55156,6.29859],[80.55153,6.29866],[80.55096,6.29892],[80.5508,6.29912],[80.5508,6.29923],[80.55103,6.29929],[80.55126,6.29919],[80.5515,6.29917],[80.5517,6.29902],[80.55201,6.29901],[80.55222,6.29914],[80.55252,6.29967],[80.5528,6.29977],[80.55285,6.29975],[80.5527,6.29943],[80.5528,6.29938],[80.55306,6.29951],[80.55315,6.29943],[80.55313,6.29914],[80.55329,6.29827],[80.55319,6.2982],[80.55275,6.29821],[80.55255,6.29803],[80.55251,6.29773],[80.55237,6.29733],[80.55242,6.29685],[80.55233,6.29645],[80.55224,6.2963],[80.55241,6.29615],[80.5527,6.29621],[80.553,6.29614],[80.55339,6.29599],[80.55347,6.2959],[80.55345,6.29584],[80.55282,6.29587],[80.55248,6.29572],[80.55128,6.29575],[80.55121,6.29566],[80.55115,6.29483],[80.55094,6.29439],[80.55095,6.29416],[80.55107,6.29395],[80.55117,6.29365],[80.55113,6.29341],[80.55104,6.29334],[80.55078,6.29353],[80.54951,6.2936],[80.54918,6.29379],[80.54913,6.29399],[80.5489,6.29409],[80.54884,6.29419]],[[80.55202,6.29793],[80.55212,6.29788],[80.55242,6.29819],[80.55283,6.29835],[80.55299,6.2986],[80.55287,6.29888],[80.55256,6.29891],[80.55228,6.29872],[80.55221,6.29862],[80.5522,6.29844],[80.55204,6.2981],[80.55202,6.29793]]]}},{"type":"Feature","properties":{"c":"farmland","n":"Paddy"},"geometry":{"type":"Polygon","coordinates":[[[80.58727,6.29814],[80.58733,6.29837],[80.58753,6.2988],[80.58772,6.29896],[80.58803,6.29904],[80.58813,6.29912],[80.58833,6.29908],[80.5885,6.29881],[80.58862,6.29877],[80.58913,6.29884],[80.58925,6.29897],[80.5894,6.29937],[80.58957,6.2997],[80.58955,6.29981],[80.58914,6.29992],[80.58846,6.30021],[80.58803,6.30056],[80.58796,6.30067],[80.58799,6.30071],[80.58856,6.30064],[80.58913,6.30038],[80.58925,6.30038],[80.5893,6.30049],[80.58959,6.30071],[80.59031,6.30094],[80.59027,6.30122],[80.59068,6.30168],[80.59071,6.30228],[80.59089,6.30259],[80.59113,6.30255],[80.59135,6.30245],[80.59154,6.30229],[80.59203,6.30214],[80.59278,6.3022],[80.59323,6.30243],[80.59396,6.30292],[80.59434,6.30326],[80.59476,6.30353],[80.59487,6.30358],[80.59549,6.30351],[80.59553,6.30362],[80.59537,6.3038],[80.59541,6.30392],[80.59553,6.30393],[80.59568,6.30373],[80.59579,6.30378],[80.59596,6.30398],[80.59623,6.30395],[80.59625,6.30369],[80.59622,6.30358],[80.59527,6.3028],[80.59512,6.30237],[80.59491,6.30224],[80.59455,6.30219],[80.59421,6.30183],[80.59409,6.30161],[80.5942,6.30128],[80.59418,6.30104],[80.59384,6.30106],[80.59307,6.30134],[80.59267,6.30134],[80.59181,6.30089],[80.59175,6.30054],[80.59109,6.30056],[80.59066,6.30022],[80.59054,6.2999],[80.59019,6.29937],[80.58984,6.29906],[80.58977,6.29895],[80.58973,6.29871],[80.58985,6.29834],[80.58965,6.29805],[80.58965,6.29792],[80.58988,6.29764],[80.59,6.29758],[80.59038,6.29757],[80.59062,6.29746],[80.59058,6.29711],[80.59086,6.29673],[80.59084,6.29661],[80.59072,6.29658],[80.59061,6.29661],[80.59041,6.29684],[80.59021,6.29697],[80.58996,6.29698],[80.58943,6.29686],[80.58883,6.29606],[80.58867,6.29587],[80.58855,6.29584],[80.58855,6.29596],[80.58867,6.29619],[80.58896,6.29664],[80.58922,6.29693],[80.58914,6.29717],[80.58875,6.29757],[80.58839,6.29782],[80.58817,6.29789],[80.58763,6.29785],[80.58739,6.29792],[80.58727,6.29814]],[[80.59109,6.30131],[80.5911,6.30114],[80.5912,6.30106],[80.59187,6.30117],[80.59195,6.30126],[80.59198,6.30164],[80.59195,6.30177],[80.59185,6.30182],[80.59153,6.30182],[80.59122,6.30153],[80.59109,6.30131]]]}},{"type":"Feature","properties":{"c":"scrub"},"geometry":{"type":"Polygon","coordinates":[[[80.57858,6.29438],[80.57861,6.29462],[80.57889,6.29491],[80.57899,6.29508],[80.5793,6.29526],[80.57966,6.29533],[80.58015,6.29523],[80.58038,6.29523],[80.58155,6.29572],[80.58225,6.29586],[80.58289,6.29589],[80.58351,6.29627],[80.58368,6.29647],[80.58388,6.2966],[80.58468,6.29733],[80.58465,6.29745],[80.58453,6.2975],[80.58429,6.29749],[80.58384,6.29724],[80.5836,6.29723],[80.58347,6.29717],[80.58337,6.29709],[80.58317,6.29678],[80.58272,6.29639],[80.58239,6.29622],[80.5821,6.29615],[80.58197,6.29618],[80.58177,6.29633],[80.58147,6.29692],[80.58148,6.29703],[80.58171,6.29732],[80.5818,6.29754],[80.58223,6.29778],[80.58245,6.29801],[80.58246,6.29863],[80.58276,6.29901],[80.58327,6.29895],[80.58352,6.29897],[80.58401,6.29887],[80.58495,6.29891],[80.58506,6.29886],[80.58511,6.29875],[80.58509,6.29863],[80.58471,6.29831],[80.58471,6.29808],[80.58488,6.29793],[80.58586,6.29772],[80.58592,6.29762],[80.58585,6.29752],[80.58564,6.29739],[80.58541,6.29683],[80.58546,6.2966],[80.58586,6.29598],[80.58588,6.29587],[80.58607,6.29567],[80.58566,6.29539],[80.58556,6.29524],[80.58541,6.29518],[80.58472,6.29523],[80.58457,6.29516],[80.58442,6.29502],[80.58422,6.29468],[80.58418,6.29444],[80.58408,6.29425],[80.58381,6.29415],[80.58356,6.29398],[80.58306,6.29389],[80.5827,6.29387],[80.58171,6.29396],[80.58139,6.2939],[80.58114,6.29377],[80.58093,6.29381],[80.58078,6.29402],[80.58064,6.29406],[80.58004,6.29391],[80.57964,6.29387],[80.57877,6.29407],[80.57858,6.29438]]]}},{"type":"Feature","properties":{"c":"orchard","n":"Tea"},"geometry":{"type":"Polygon","coordinates":[[[80.60882,6.30505],[80.60897,6.30529],[80.60904,6.30577],[80.60923,6.30592],[80.60935,6.30593],[80.60978,6.30567],[80.61003,6.30538],[80.61046,6.30513],[80.61084,6.30509],[80.61106,6.30514],[80.6115,6.30589],[80.61147,6.30624],[80.6115,6.30636],[80.61189,6.30686],[80.61204,6.30721],[80.61229,6.30748],[80.61255,6.30817],[80.61255,6.30874],[80.61262,6.30898],[80.61268,6.30973],[80.61244,6.31001],[80.61208,6.31012],[80.612,6.31021],[80.612,6.31033],[80.61231,6.31104],[80.61221,6.31127],[80.6122,6.31152],[80.61235,6.31198],[80.61253,6.31228],[80.61281,6.31255],[80.61326,6.31276],[80.61363,6.31281],[80.61376,6.31292],[80.61389,6.31293],[80.61417,6.3128],[80.61454,6.31275],[80.61473,6.31254],[80.61489,6.3117],[80.61501,6.31147],[80.61509,6.31138],[80.61549,6.31126],[80.61582,6.31136],[80.61645,6.31136],[80.61669,6.31143],[80.61691,6.31156],[80.61804,6.31189],[80.61859,6.31187],[80.61872,6.31183],[80.6189,6.31167],[80.61955,6.31155],[80.6199,6.31178],[80.62049,6.31191],[80.62079,6.31213],[80.62122,6.31314],[80.62144,6.31344],[80.62178,6.31379],[80.622,6.31395],[80.6224,6.3141],[80.62283,6.31416],[80.62405,6.31406],[80.62436,6.3138],[80.62472,6.31367],[80.62515,6.31323],[80.62536,6.31273],[80.62533,6.31213],[80.62561,6.31158],[80.62613,6.3111],[80.62635,6.31097],[80.62682,6.31087],[80.62712,6.31066],[80.62736,6.30996],[80.62751,6.30911],[80.62763,6.30878],[80.62784,6.30844],[80.62814,6.30822],[80.62827,6.30776],[80.62847,6.30746],[80.62846,6.3067],[80.62813,6.30633],[80.62795,6.30587],[80.62754,6.30578],[80.62715,6.30585],[80.62697,6.30569],[80.62691,6.30543],[80.62715,6.30473],[80.62714,6.30461],[80.62706,6.30452],[80.62577,6.30453],[80.62488,6.30459],[80.624,6.30448],[80.62309,6.30453],[80.6229,6.30443],[80.62289,6.30407],[80.62313,6.30346],[80.62299,6.30275],[80.62308,6.3024],[80.62305,6.30228],[80.62277,6.30186],[80.62288,6.30157],[80.62298,6.30148],[80.62343,6.30133],[80.62349,6.30097],[80.62368,6.30064],[80.62379,6.30058],[80.62438,6.30051],[80.62443,6.3003],[80.62442,6.29992],[80.62466,6.29947],[80.62466,6.29935],[80.62454,6.29937],[80.62431,6.29966],[80.62401,6.29988],[80.62363,6.29997],[80.62353,6.30004],[80.62326,6.30033],[80.62198,6.30031],[80.62186,6.30026],[80.62177,6.29978],[80.62157,6.29946],[80.62053,6.299],[80.62031,6.2987],[80.62008,6.29861],[80.62001,6.29851],[80.6197,6.29849],[80.6196,6.29842],[80.61934,6.29841],[80.61897,6.29857],[80.61881,6.29875],[80.61882,6.29886],[80.61905,6.29919],[80.6192,6.29966],[80.6191,6.30016],[80.61885,6.3006],[80.61874,6.30067],[80.61861,6.30067],[80.61828,6.30046],[80.61816,6.30043],[80.61804,6.30049],[80.61805,6.30073],[80.61838,6.30156],[80.61878,6.30228],[80.61882,6.3027],[80.61872,6.30277],[80.61845,6.3028],[80.61809,6.30269],[80.61733,6.3029],[80.6172,6.30289],[80.6166,6.30261],[80.61531,6.30257],[80.61435,6.30231],[80.61366,6.30226],[80.61317,6.30211],[80.6114,6.302],[80.61088,6.30207],[80.6107,6.30224],[80.61061,6.30248],[80.6106,6.30284],[80.61071,6.30309],[80.61016,6.30361],[80.60988,6.30419],[80.60979,6.30428],[80.6092,6.30454],[80.60882,6.30505]]]}},{"type":"Feature","properties":{"c":"farmland","n":"Paddy"},"geometry":{"type":"Polygon","coordinates":[[[80.63576,6.3003],[80.6358,6.3004],[80.63605,6.30039],[80.63617,6.30027],[80.63684,6.30022],[80.63712,6.30029],[80.63718,6.30039],[80.6372,6.30058],[80.63711,6.30094],[80.63724,6.30147],[80.63709,6.30157],[80.6372,6.302],[80.63714,6.30248],[80.63738,6.30262],[80.63762,6.30305],[80.6377,6.30333],[80.63762,6.30376],[80.63744,6.30412],[80.63749,6.30442],[80.63816,6.3048],[80.63832,6.30505],[80.63867,6.30515],[80.63897,6.30534],[80.63918,6.30573],[80.63962,6.30611],[80.63982,6.30655],[80.64048,6.30711],[80.64077,6.30749],[80.64082,6.3079],[80.64107,6.30828],[80.64125,6.30869],[80.64149,6.30909],[80.64154,6.30946],[80.64135,6.30993],[80.64125,6.31],[80.64115,6.31029],[80.64093,6.31042],[80.64056,6.31049],[80.64049,6.31059],[80.64049,6.31071],[80.64057,6.31081],[80.64096,6.31112],[80.64094,6.31148],[80.64071,6.31194],[80.64075,6.31217],[80.64083,6.31226],[80.64094,6.31227],[80.64101,6.31217],[80.64102,6.31193],[80.64116,6.31159],[80.64115,6.31064],[80.64135,6.31034],[80.64174,6.31009],[80.64191,6.31012],[80.64201,6.31019],[80.6422,6.3102],[80.64251,6.31004],[80.64269,6.30988],[80.64277,6.30972],[80.64259,6.3095],[80.64266,6.30934],[80.64271,6.30933],[80.64298,6.30946],[80.64306,6.30956],[80.64349,6.30974],[80.64419,6.31043],[80.64454,6.31121],[80.64487,6.31173],[80.64511,6.31201],[80.64531,6.31239],[80.64531,6.31277],[80.64509,6.31321],[80.64507,6.31333],[80.64511,6.31345],[80.6456,6.31398],[80.64538,6.31454],[80.64503,6.31504],[80.64492,6.3154],[80.645,6.31548],[80.64511,6.31543],[80.64559,6.31475],[80.64579,6.31461],[80.64589,6.31465],[80.64609,6.31479],[80.64631,6.31507],[80.64636,6.31518],[80.64632,6.31541],[80.64604,6.31582],[80.64615,6.31585],[80.64639,6.31571],[80.64662,6.31573],[80.6469,6.31597],[80.64693,6.31609],[80.64676,6.31641],[80.64689,6.31643],[80.6471,6.31636],[80.64754,6.31654],[80.64773,6.31669],[80.64795,6.31675],[80.6482,6.31671],[80.64822,6.31659],[80.64812,6.31651],[80.64767,6.31633],[80.64721,6.31591],[80.64697,6.31563],[80.64668,6.31508],[80.64677,6.315],[80.64705,6.31503],[80.64737,6.31518],[80.64778,6.31547],[80.64827,6.31553],[80.64833,6.3157],[80.64841,6.31579],[80.64858,6.31579],[80.64862,6.31555],[80.64834,6.31504],[80.64816,6.31487],[80.64797,6.31488],[80.64772,6.31499],[80.6476,6.31499],[80.64748,6.31494],[80.64694,6.31448],[80.64656,6.31405],[80.64628,6.3139],[80.64613,6.31376],[80.64599,6.31353],[80.64568,6.31272],[80.64564,6.31244],[80.64571,6.31208],[80.64543,6.31192],[80.64536,6.31175],[80.64515,6.31152],[80.64504,6.31095],[80.64468,6.31068],[80.64415,6.30999],[80.64377,6.30972],[80.64336,6.30953],[80.64314,6.30918],[80.6428,6.30908],[80.64246,6.30905],[80.6422,6.3087],[80.64168,6.30843],[80.64147,6.30827],[80.64131,6.30793],[80.64121,6.30745],[80.64121,6.30694],[80.6411,6.30666],[80.64065,6.30632],[80.64015,6.30584],[80.63985,6.30543],[80.63957,6.30518],[80.63912,6.30439],[80.63901,6.30392],[80.63891,6.30366],[80.63863,6.30342],[80.63841,6.30312],[80.63812,6.30232],[80.63802,6.30224],[80.63766,6.30222],[80.63756,6.30215],[80.63743,6.30195],[80.63739,6.30173],[80.6375,6.30152],[80.63758,6.30144],[80.63865,6.30135],[80.63911,6.30152],[80.6394,6.30174],[80.63963,6.30202],[80.63982,6.30259],[80.64002,6.30296],[80.64035,6.30315],[80.64071,6.30326],[80.64103,6.30342],[80.64114,6.30364],[80.64121,6.30413],[80.64142,6.30464],[80.64156,6.30483],[80.64203,6.30522],[80.64235,6.3059],[80.64267,6.30638],[80.64275,6.30629],[80.64275,6.30594],[80.64239,6.30561],[80.64226,6.30527],[80.64229,6.30492],[80.64221,6.30482],[80.64163,6.30459],[80.64148,6.30438],[80.64136,6.30391],[80.64135,6.3036],[80.64141,6.30337],[80.64137,6.30325],[80.64128,6.30318],[80.64092,6.30309],[80.64031,6.30278],[80.64009,6.30247],[80.64009,6.3023],[80.64016,6.30218],[80.64008,6.3017],[80.63992,6.3016],[80.63964,6.3016],[80.63918,6.30126],[80.63884,6.30094],[80.63865,6.30069],[80.63848,6.30028],[80.63839,6.30019],[80.63817,6.30017],[80.63799,6.30001],[80.6375,6.30005],[80.63734,6.29996],[80.63665,6.29979],[80.63646,6.29965],[80.63622,6.29967],[80.63581,6.29982],[80.63576,6.3003]]]}},{"type":"Feature","properties":{"c":"farmland","n":"Paddy"},"geometry":{"type":"Polygon","coordinates":[[[80.61945,6.29094],[80.61948,6.29106],[80.61978,6.29125],[80.62037,6.29147],[80.62082,6.29171],[80.62087,6.29217],[80.62095,6.29231],[80.62106,6.29237],[80.62129,6.29236],[80.62168,6.29196],[80.62204,6.29175],[80.62276,6.29164],[80.62314,6.29169],[80.62343,6.29181],[80.62387,6.29207],[80.62435,6.29219],[80.62456,6.29235],[80.6245,6.29259],[80.62472,6.29278],[80.62486,6.293],[80.62513,6.29313],[80.62526,6.29314],[80.62537,6.29307],[80.6256,6.29311],[80.62599,6.2937],[80.62633,6.29408],[80.6265,6.29434],[80.62672,6.29447],[80.62702,6.29447],[80.62715,6.29453],[80.6273,6.29471],[80.6272,6.29552],[80.62693,6.296],[80.62696,6.29629],[80.62677,6.29644],[80.62676,6.29653],[80.62679,6.29689],[80.62676,6.29719],[80.62684,6.29749],[80.62668,6.29782],[80.62654,6.29796],[80.62636,6.29807],[80.62617,6.29812],[80.62592,6.29812],[80.62591,6.29816],[80.62605,6.29843],[80.62612,6.29868],[80.62613,6.29911],[80.62618,6.2993],[80.62624,6.29933],[80.62635,6.29931],[80.62655,6.29916],[80.62652,6.29879],[80.62662,6.29856],[80.62681,6.29842],[80.62714,6.29829],[80.62726,6.29828],[80.62737,6.29835],[80.62751,6.29854],[80.62775,6.29859],[80.62798,6.29852],[80.62804,6.29841],[80.62801,6.2983],[80.62765,6.29814],[80.62754,6.29792],[80.62751,6.29755],[80.62763,6.29736],[80.62769,6.29712],[80.62757,6.29624],[80.62788,6.29549],[80.62799,6.29543],[80.62813,6.29516],[80.62834,6.295],[80.62849,6.29481],[80.62869,6.29467],[80.62981,6.29464],[80.63043,6.295],[80.6309,6.29539],[80.63104,6.2956],[80.63135,6.2958],[80.63145,6.29615],[80.63144,6.29663],[80.63091,6.2974],[80.63094,6.29745],[80.63107,6.29745],[80.63121,6.29732],[80.63156,6.29719],[80.63166,6.29708],[80.63166,6.29668],[80.63175,6.29645],[80.63168,6.29615],[80.63175,6.29598],[80.63186,6.29584],[80.63189,6.29563],[80.63161,6.2953],[80.63149,6.29526],[80.63136,6.29514],[80.63118,6.29512],[80.63078,6.29467],[80.63023,6.29451],[80.63006,6.29417],[80.63007,6.29395],[80.63016,6.29365],[80.63012,6.2934],[80.63004,6.29331],[80.62992,6.29326],[80.6298,6.29329],[80.62941,6.29396],[80.62922,6.29408],[80.62865,6.29419],[80.6282,6.29417],[80.62767,6.29385],[80.6275,6.29368],[80.62679,6.29357],[80.62638,6.29322],[80.62616,6.29309],[80.62557,6.2925],[80.62533,6.29242],[80.62502,6.29238],[80.62495,6.29233],[80.62509,6.29202],[80.62574,6.29159],[80.62662,6.29154],[80.62706,6.29163],[80.62733,6.29161],[80.62785,6.29133],[80.62823,6.29107],[80.62834,6.29086],[80.62827,6.2907],[80.62747,6.29057],[80.62701,6.2906],[80.62662,6.29075],[80.62631,6.29111],[80.6262,6.29116],[80.62566,6.29117],[80.62531,6.29133],[80.62481,6.2914],[80.62462,6.29123],[80.62458,6.291],[80.62488,6.29067],[80.62545,6.29048],[80.62564,6.29035],[80.62579,6.29002],[80.62579,6.28989],[80.62577,6.28977],[80.6257,6.28967],[80.62556,6.28963],[80.62544,6.28965],[80.62523,6.28979],[80.62498,6.28983],[80.62474,6.29011],[80.62483,6.29059],[80.62473,6.29068],[80.62436,6.29074],[80.62386,6.29068],[80.62382,6.29094],[80.62363,6.29127],[80.62353,6.29135],[80.62339,6.29137],[80.62309,6.29117],[80.6227,6.29115],[80.62254,6.29096],[80.6219,6.29056],[80.6218,6.29018],[80.62183,6.28995],[80.62191,6.28985],[80.62231,6.28959],[80.62255,6.28918],[80.62285,6.28896],[80.62299,6.28864],[80.62304,6.28846],[80.62302,6.28821],[80.62296,6.28817],[80.62262,6.28816],[80.62235,6.28842],[80.62227,6.28912],[80.62212,6.2894],[80.62201,6.28946],[80.62155,6.28957],[80.62116,6.28956],[80.62083,6.28939],[80.62047,6.28929],[80.62021,6.28929],[80.62017,6.28941],[80.62057,6.28964],[80.62123,6.29028],[80.62129,6.29039],[80.62138,6.29062],[80.62138,6.29086],[80.62116,6.29116],[80.62105,6.29124],[80.62066,6.29125],[80.62015,6.2909],[80.61978,6.29082],[80.61953,6.29085],[80.61945,6.29094]]]}},{"type":"Feature","properties":{"c":"farmland","n":"Paddy"},"geometry":{"type":"Polygon","coordinates":[[[80.63144,6.30553],[80.6319,6.30591],[80.63227,6.30605],[80.6325,6.30599],[80.63278,6.30613],[80.63302,6.30655],[80.63342,6.30667],[80.63373,6.3072],[80.63408,6.30764],[80.6342,6.30765],[80.63437,6.30739],[80.63451,6.30725],[80.63473,6.30714],[80.6348,6.30703],[80.63481,6.30692],[80.63469,6.30679],[80.63464,6.30661],[80.6345,6.3066],[80.63425,6.30678],[80.63393,6.30679],[80.63376,6.30674],[80.63341,6.30639],[80.63342,6.30619],[80.63381,6.30568],[80.6339,6.30542],[80.63377,6.30541],[80.63324,6.30567],[80.633,6.30541],[80.63304,6.30511],[80.63298,6.30481],[80.63311,6.30456],[80.633,6.30442],[80.63295,6.30409],[80.63263,6.30369],[80.63214,6.3034],[80.63172,6.30284],[80.63149,6.30275],[80.63148,6.30288],[80.63197,6.30369],[80.63205,6.30395],[80.632,6.3045],[80.63207,6.30459],[80.63245,6.30471],[80.63259,6.30491],[80.63262,6.30503],[80.63253,6.30527],[80.63228,6.30546],[80.63216,6.30563],[80.63204,6.30567],[80.63193,6.30561],[80.63169,6.30525],[80.63151,6.3053],[80.63144,6.30541],[80.63144,6.30553]]]}},{"type":"Feature","properties":{"c":"scrub"},"geometry":{"type":"Polygon","coordinates":[[[80.62096,6.29406],[80.62096,6.29419],[80.62115,6.29449],[80.6212,6.29479],[80.62107,6.29513],[80.62104,6.29539],[80.62125,6.29611],[80.62121,6.29648],[80.62128,6.29672],[80.62145,6.29689],[80.62168,6.29699],[80.62181,6.297],[80.62229,6.29687],[80.62255,6.29687],[80.62279,6.29695],[80.62285,6.29706],[80.62309,6.2972],[80.62347,6.29712],[80.62365,6.29696],[80.62388,6.29665],[80.62404,6.29633],[80.62409,6.29586],[80.62429,6.29559],[80.62467,6.29552],[80.62505,6.29551],[80.62516,6.29558],[80.62518,6.2957],[80.62569,6.29614],[80.62607,6.29614],[80.62641,6.29597],[80.62646,6.29573],[80.62641,6.29548],[80.62634,6.29538],[80.626,6.29507],[80.62566,6.29495],[80.62557,6.29486],[80.62553,6.29462],[80.62575,6.29433],[80.62587,6.29429],[80.62549,6.29397],[80.625,6.29399],[80.62489,6.29377],[80.62485,6.2934],[80.62478,6.2933],[80.62456,6.29319],[80.62423,6.29295],[80.6239,6.2926],[80.62344,6.29244],[80.62323,6.2923],[80.62265,6.29214],[80.62208,6.29229],[80.62153,6.29276],[80.62122,6.2934],[80.62096,6.29406]]]}},{"type":"Feature","properties":{"c":"orchard","n":"Tea"},"geometry":{"type":"Polygon","coordinates":[[[80.63573,6.29622],[80.63577,6.2964],[80.63586,6.29648],[80.6367,6.2968],[80.63703,6.29707],[80.63715,6.29728],[80.63725,6.29735],[80.6375,6.29742],[80.6379,6.29763],[80.63815,6.29762],[80.63828,6.29769],[80.63873,6.29773],[80.63892,6.29804],[80.63891,6.29819],[80.63882,6.29828],[80.63858,6.29836],[80.63805,6.2988],[80.6377,6.29892],[80.63758,6.29888],[80.63754,6.29877],[80.63782,6.29845],[80.63786,6.29838],[80.63782,6.2983],[80.63746,6.29818],[80.63728,6.29793],[80.63708,6.29789],[80.63654,6.29794],[80.63623,6.29786],[80.63592,6.2979],[80.63582,6.29797],[80.63582,6.29804],[80.63595,6.29824],[80.63632,6.29834],[80.63656,6.29834],[80.63659,6.29886],[80.63667,6.29913],[80.6368,6.29925],[80.63722,6.2994],[80.63741,6.29939],[80.63782,6.29921],[80.63827,6.29916],[80.63856,6.29895],[80.63866,6.2988],[80.63894,6.29867],[80.63903,6.2985],[80.63926,6.29839],[80.63945,6.29843],[80.63954,6.29878],[80.63963,6.29886],[80.63994,6.29898],[80.64017,6.29889],[80.64008,6.29853],[80.63998,6.29843],[80.63975,6.29824],[80.63937,6.29812],[80.63925,6.29804],[80.63916,6.29788],[80.63921,6.29771],[80.63938,6.29751],[80.63981,6.29727],[80.64006,6.29724],[80.64013,6.29713],[80.64012,6.29703],[80.63992,6.29674],[80.63984,6.29636],[80.63972,6.29615],[80.63968,6.29591],[80.63961,6.29582],[80.63937,6.29584],[80.63927,6.29606],[80.63895,6.29642],[80.63871,6.29643],[80.6386,6.29647],[80.63853,6.29656],[80.63841,6.29654],[80.63834,6.29644],[80.63829,6.29607],[80.63789,6.29588],[80.63753,6.29582],[80.63714,6.29581],[80.63645,6.2957],[80.63599,6.2957],[80.63581,6.29574],[80.63578,6.2958],[80.63573,6.29622]]]}},{"type":"Feature","properties":{"c":"farmland","n":"Paddy"},"geometry":{"type":"Polygon","coordinates":[[[80.63842,6.29347],[80.63862,6.2938],[80.63864,6.29409],[80.63854,6.29473],[80.63863,6.2951],[80.63859,6.29526],[80.63862,6.29555],[80.63865,6.2956],[80.63907,6.29577],[80.63954,6.29574],[80.63959,6.29569],[80.63958,6.29558],[80.63893,6.29528],[80.63878,6.29487],[80.63877,6.29446],[80.63898,6.29423],[80.63926,6.29408],[80.63955,6.29371],[80.64008,6.29326],[80.64086,6.29329],[80.64114,6.29339],[80.64161,6.29379],[80.64306,6.29599],[80.64293,6.29619],[80.64293,6.29625],[80.64302,6.29633],[80.64297,6.29644],[80.64298,6.29656],[80.64306,6.29665],[80.64318,6.2967],[80.64341,6.29727],[80.64338,6.29732],[80.64312,6.29746],[80.64306,6.29756],[80.64317,6.29767],[80.64356,6.29763],[80.64388,6.2977],[80.64404,6.29781],[80.64423,6.29805],[80.64451,6.2982],[80.64517,6.29924],[80.64533,6.29963],[80.6457,6.30014],[80.64568,6.30038],[80.64547,6.30069],[80.64525,6.3008],[80.64477,6.30081],[80.64416,6.30046],[80.64405,6.30049],[80.6441,6.30072],[80.64404,6.30149],[80.6446,6.30207],[80.64476,6.30249],[80.645,6.30267],[80.64513,6.3029],[80.64523,6.30332],[80.64536,6.30334],[80.64551,6.30323],[80.64571,6.30321],[80.64618,6.30332],[80.64635,6.30327],[80.64639,6.30316],[80.64635,6.30311],[80.64617,6.30307],[80.64588,6.30273],[80.64533,6.30254],[80.64511,6.30241],[80.64475,6.30198],[80.64454,6.30155],[80.64457,6.30124],[80.64466,6.30115],[80.64545,6.30094],[80.6459,6.30059],[80.64597,6.30042],[80.64597,6.30018],[80.64584,6.29983],[80.64592,6.29962],[80.64636,6.29952],[80.64655,6.29954],[80.64658,6.29946],[80.64651,6.29936],[80.64608,6.29912],[80.646,6.29902],[80.64591,6.29879],[80.64557,6.29836],[80.64526,6.29766],[80.64501,6.29747],[80.64497,6.29722],[80.64476,6.2971],[80.64456,6.29709],[80.64446,6.29704],[80.64454,6.29674],[80.64447,6.29657],[80.64386,6.29641],[80.64365,6.29628],[80.64344,6.296],[80.64342,6.29576],[80.64325,6.29559],[80.64324,6.29529],[80.64309,6.29514],[80.64309,6.2949],[80.64317,6.29481],[80.64322,6.29457],[80.64344,6.29423],[80.64384,6.29412],[80.64389,6.29401],[80.64385,6.29396],[80.6435,6.29404],[80.64271,6.29403],[80.64239,6.29376],[80.64226,6.29348],[80.64213,6.29338],[80.6421,6.2932],[80.64206,6.29316],[80.64188,6.29313],[80.6417,6.29317],[80.6413,6.29296],[80.6411,6.29268],[80.64095,6.29258],[80.64073,6.29199],[80.64065,6.29188],[80.64026,6.29187],[80.64007,6.29166],[80.63986,6.29114],[80.63984,6.29085],[80.63951,6.29044],[80.63951,6.29019],[80.63946,6.29009],[80.63934,6.29009],[80.63927,6.29018],[80.63929,6.29049],[80.63944,6.29081],[80.63944,6.29092],[80.63925,6.29111],[80.63919,6.29129],[80.63925,6.29157],[80.63958,6.29202],[80.63952,6.29226],[80.63954,6.29251],[80.63935,6.29283],[80.63939,6.29294],[80.63956,6.29309],[80.63956,6.29331],[80.63949,6.29339],[80.63931,6.29334],[80.63922,6.29327],[80.63915,6.29336],[80.63885,6.29339],[80.63848,6.29337],[80.63842,6.29347]]]}},{"type":"Feature","properties":{"c":"grass"},"geometry":{"type":"Polygon","coordinates":[[[80.63572,6.29526],[80.63571,6.29562],[80.63581,6.29574],[80.63645,6.2957],[80.63727,6.29582],[80.63744,6.29528],[80.63747,6.29482],[80.63727,6.29483],[80.63719,6.29468],[80.63703,6.29465],[80.63689,6.29493],[80.63672,6.2949],[80.63643,6.29474],[80.63652,6.29453],[80.63629,6.29433],[80.63612,6.2943],[80.63572,6.29526]]]}},{"type":"Feature","properties":{"c":"residential","n":"Urubokka"},"geometry":{"type":"Polygon","coordinates":[[[80.62754,6.30578],[80.62795,6.30587],[80.62813,6.30633],[80.62846,6.3067],[80.62847,6.30746],[80.62872,6.30788],[80.62875,6.30844],[80.62909,6.30895],[80.6291,6.30934],[80.62874,6.30967],[80.62869,6.30978],[80.6287,6.31014],[80.62878,6.31037],[80.62909,6.31061],[80.62965,6.31068],[80.63016,6.31049],[80.63092,6.31048],[80.6317,6.31028],[80.63259,6.3106],[80.63297,6.31058],[80.63322,6.31051],[80.63342,6.31036],[80.63362,6.3099],[80.63378,6.30971],[80.63398,6.30955],[80.63438,6.30935],[80.63473,6.30955],[80.63526,6.30998],[80.63563,6.31014],[80.63589,6.31014],[80.63643,6.30998],[80.63711,6.3099],[80.63732,6.3093],[80.63731,6.30892],[80.63718,6.30871],[80.63694,6.30859],[80.63658,6.30855],[80.63611,6.30866],[80.63566,6.30849],[80.63513,6.30841],[80.63475,6.30843],[80.63441,6.30833],[80.63427,6.30794],[80.63483,6.30743],[80.6354,6.30659],[80.63574,6.30556],[80.63596,6.30544],[80.63705,6.30564],[80.63729,6.30593],[80.63741,6.30601],[80.63754,6.306],[80.63778,6.3059],[80.63797,6.30572],[80.63805,6.30549],[80.63803,6.30526],[80.63793,6.30503],[80.63741,6.30451],[80.6373,6.30428],[80.63733,6.30392],[80.63754,6.3036],[80.63756,6.30347],[80.63747,6.30313],[80.63726,6.30284],[80.63683,6.30257],[80.63581,6.30075],[80.63551,6.29946],[80.63539,6.29727],[80.6351,6.29623],[80.63497,6.29601],[80.63461,6.29584],[80.6344,6.29595],[80.63435,6.29606],[80.63438,6.29654],[80.63393,6.2967],[80.63369,6.29708],[80.63374,6.29756],[80.63399,6.29826],[80.63393,6.29877],[80.63398,6.2995],[80.63415,6.3003],[80.63428,6.3005],[80.63441,6.3012],[80.63456,6.30168],[80.63458,6.30191],[80.63436,6.30235],[80.63418,6.30254],[80.63396,6.30264],[80.63345,6.30264],[80.63299,6.30246],[80.63263,6.30215],[80.63239,6.30205],[80.63184,6.30206],[80.6315,6.30239],[80.6313,6.30251],[80.63058,6.30275],[80.63015,6.30298],[80.62891,6.30342],[80.62857,6.3038],[80.6281,6.304],[80.62791,6.30415],[80.62777,6.30433],[80.62767,6.30455],[80.62754,6.30578]],[[80.63144,6.30553],[80.63144,6.30541],[80.63151,6.3053],[80.63169,6.30525],[80.63193,6.30561],[80.63204,6.30567],[80.63216,6.30563],[80.63228,6.30546],[80.63253,6.30527],[80.63262,6.30503],[80.63259,6.30491],[80.63245,6.30471],[80.63207,6.30459],[80.632,6.3045],[80.63205,6.30395],[80.63197,6.30369],[80.63148,6.30288],[80.63149,6.30275],[80.63172,6.30284],[80.63214,6.3034],[80.63263,6.30369],[80.63295,6.30409],[80.633,6.30442],[80.63311,6.30456],[80.63298,6.30481],[80.63304,6.30511],[80.633,6.30541],[80.63324,6.30567],[80.63377,6.30541],[80.6339,6.30542],[80.63381,6.30568],[80.63342,6.30619],[80.63341,6.30639],[80.63376,6.30674],[80.63393,6.30679],[80.63425,6.30678],[80.6345,6.3066],[80.63464,6.30661],[80.63469,6.30679],[80.63481,6.30692],[80.6348,6.30703],[80.63473,6.30714],[80.63451,6.30725],[80.63437,6.30739],[80.6342,6.30765],[80.63408,6.30764],[80.63373,6.3072],[80.63342,6.30667],[80.63302,6.30655],[80.63278,6.30613],[80.6325,6.30599],[80.63227,6.30605],[80.6319,6.30591],[80.63144,6.30553]]]}},{"type":"Feature","properties":{"c":"scrub"},"geometry":{"type":"Polygon","coordinates":[[[80.63998,6.3043],[80.64009,6.30452],[80.64025,6.3047],[80.64025,6.30483],[80.64015,6.30491],[80.64013,6.30503],[80.64018,6.30516],[80.64079,6.30573],[80.64081,6.30584],[80.64095,6.30595],[80.64112,6.30598],[80.64124,6.30584],[80.64158,6.30569],[80.6419,6.30541],[80.64203,6.30522],[80.64156,6.30483],[80.64142,6.30464],[80.64121,6.30413],[80.64073,6.30382],[80.64036,6.30378],[80.64009,6.30384],[80.64,6.30393],[80.63998,6.3043]]]}},{"type":"Feature","properties":{"c":"orchard","n":"Tea"},"geometry":{"type":"Polygon","coordinates":[[[80.64339,6.30655],[80.64349,6.30678],[80.64424,6.30741],[80.64446,6.30782],[80.64509,6.30823],[80.64531,6.30852],[80.64544,6.30875],[80.64556,6.30921],[80.64572,6.30941],[80.64582,6.30946],[80.64592,6.30938],[80.646,6.30914],[80.64615,6.30913],[80.64689,6.30982],[80.6471,6.30996],[80.64746,6.3099],[80.64792,6.30964],[80.64851,6.30884],[80.64862,6.30837],[80.64901,6.30771],[80.64946,6.30733],[80.64917,6.30709],[80.64831,6.30709],[80.64768,6.30673],[80.6471,6.30628],[80.64681,6.30592],[80.6467,6.30569],[80.64652,6.3051],[80.64655,6.30485],[80.64682,6.30476],[80.64693,6.30482],[80.6474,6.30579],[80.64774,6.30616],[80.64875,6.30646],[80.64904,6.30665],[80.64954,6.30681],[80.64976,6.30694],[80.65,6.30695],[80.65001,6.30683],[80.64953,6.30606],[80.64974,6.30528],[80.64972,6.30502],[80.64951,6.30471],[80.6495,6.30459],[80.6497,6.304],[80.64967,6.30349],[80.64941,6.30324],[80.64926,6.30291],[80.64905,6.30279],[80.64879,6.30276],[80.6484,6.30294],[80.64815,6.30295],[80.64792,6.30287],[80.64749,6.30261],[80.64721,6.30255],[80.64671,6.30281],[80.6465,6.30316],[80.64644,6.30339],[80.64616,6.30377],[80.64589,6.30384],[80.64579,6.30379],[80.64567,6.30379],[80.64518,6.304],[80.6448,6.30438],[80.64458,6.3045],[80.64449,6.30485],[80.64466,6.3051],[80.6447,6.30523],[80.64457,6.30539],[80.64446,6.30546],[80.64428,6.30551],[80.64404,6.30549],[80.64397,6.30556],[80.64379,6.30601],[80.64339,6.30655]]]}},{"type":"Feature","properties":{"c":"farmland","n":"Paddy"},"geometry":{"type":"Polygon","coordinates":[[[80.63471,6.28077],[80.63481,6.28083],[80.63554,6.28093],[80.63608,6.28065],[80.63632,6.28062],[80.63653,6.28074],[80.63687,6.28108],[80.6371,6.28107],[80.63711,6.28094],[80.63706,6.28083],[80.63627,6.28036],[80.63619,6.28015],[80.63587,6.27977],[80.63574,6.27939],[80.63582,6.2793],[80.63585,6.27917],[80.63583,6.27892],[80.63593,6.27885],[80.63629,6.27881],[80.63638,6.27872],[80.63641,6.2786],[80.63639,6.27848],[80.63608,6.27827],[80.63602,6.27812],[80.63606,6.27743],[80.6364,6.27738],[80.63669,6.27718],[80.63692,6.27721],[80.63716,6.27773],[80.63751,6.27783],[80.63758,6.27792],[80.63762,6.27803],[80.63758,6.27841],[80.63765,6.27852],[80.63784,6.27867],[80.63802,6.2786],[80.63808,6.27849],[80.63801,6.27788],[80.63786,6.27768],[80.63784,6.27756],[80.63794,6.27735],[80.63824,6.27696],[80.63852,6.27675],[80.63902,6.27675],[80.63911,6.27668],[80.63916,6.27657],[80.6394,6.27653],[80.63944,6.27618],[80.63986,6.27593],[80.63987,6.27581],[80.63963,6.27583],[80.63922,6.2761],[80.63884,6.27608],[80.63873,6.27602],[80.63868,6.27591],[80.63869,6.27579],[80.63885,6.27559],[80.63884,6.27546],[80.63877,6.27537],[80.63862,6.27538],[80.63853,6.27546],[80.6383,6.27619],[80.63819,6.27625],[80.63804,6.27606],[80.63792,6.27604],[80.63781,6.2761],[80.63758,6.27652],[80.63756,6.27664],[80.63736,6.27678],[80.63724,6.27678],[80.63713,6.27671],[80.63706,6.27661],[80.63705,6.27646],[80.63678,6.27628],[80.63677,6.2761],[80.63648,6.27595],[80.63648,6.27583],[80.63662,6.27556],[80.63663,6.27532],[80.63658,6.27523],[80.63646,6.27522],[80.63639,6.27532],[80.63642,6.27568],[80.63631,6.27574],[80.6358,6.27579],[80.63576,6.27608],[80.63586,6.27615],[80.63656,6.27633],[80.63676,6.27647],[80.63683,6.27656],[80.63685,6.27668],[80.6365,6.27715],[80.63627,6.27724],[80.63591,6.27721],[80.63578,6.27742],[80.63565,6.27741],[80.63543,6.2773],[80.63538,6.27719],[80.63543,6.27682],[80.63534,6.27675],[80.63521,6.27675],[80.63514,6.27685],[80.63513,6.27708],[80.63523,6.27731],[80.63567,6.27752],[80.63583,6.27769],[80.6358,6.27804],[80.63605,6.27858],[80.63601,6.27869],[80.63576,6.27874],[80.63534,6.27903],[80.63532,6.27915],[80.63554,6.27938],[80.63575,6.27984],[80.63565,6.28004],[80.63475,6.28065],[80.63471,6.28077]]]}},{"type":"Feature","properties":{"c":"farmland","n":"Paddy"},"geometry":{"type":"Polygon","coordinates":[[[80.62501,6.28374],[80.62506,6.28391],[80.62549,6.28401],[80.62562,6.28422],[80.62564,6.28482],[80.62544,6.28545],[80.62544,6.28624],[80.62549,6.28636],[80.62567,6.2865],[80.62648,6.28607],[80.62673,6.28572],[80.62698,6.285],[80.62734,6.28456],[80.62755,6.28444],[80.62795,6.28437],[80.62815,6.28422],[80.62862,6.28371],[80.62921,6.28333],[80.62944,6.28313],[80.62983,6.28338],[80.62986,6.28356],[80.6298,6.28374],[80.62993,6.28392],[80.63041,6.28431],[80.63062,6.28472],[80.63058,6.2849],[80.63034,6.28511],[80.6302,6.28533],[80.63013,6.28571],[80.62982,6.28613],[80.62989,6.28622],[80.63007,6.28627],[80.63033,6.28593],[80.63038,6.28545],[80.63042,6.28535],[80.63072,6.28516],[80.63088,6.28491],[80.63088,6.28472],[80.63075,6.28406],[80.63062,6.28386],[80.63033,6.28361],[80.63029,6.28349],[80.63039,6.28293],[80.63047,6.28283],[80.63079,6.28257],[80.63098,6.28278],[80.63127,6.28287],[80.63207,6.28282],[80.63276,6.28284],[80.63287,6.2829],[80.63263,6.28266],[80.63232,6.28256],[80.63182,6.28247],[80.63153,6.28234],[80.63139,6.28215],[80.63112,6.28198],[80.63096,6.28165],[80.63094,6.28141],[80.63122,6.28079],[80.63129,6.28033],[80.63119,6.27961],[80.63082,6.27935],[80.63015,6.27919],[80.62999,6.27907],[80.62993,6.27884],[80.63002,6.27837],[80.62987,6.27828],[80.62961,6.27848],[80.62931,6.27853],[80.62921,6.2786],[80.62909,6.27877],[80.62904,6.27935],[80.62888,6.27982],[80.62845,6.28048],[80.62812,6.28083],[80.62801,6.28106],[80.62779,6.28114],[80.62773,6.28135],[80.62727,6.28155],[80.62711,6.28158],[80.62699,6.28154],[80.62674,6.28162],[80.62661,6.28161],[80.62628,6.28134],[80.62559,6.28131],[80.62544,6.28136],[80.62593,6.28163],[80.62645,6.28183],[80.62661,6.28185],[80.62705,6.28178],[80.6275,6.28195],[80.62798,6.28176],[80.62849,6.28136],[80.62854,6.28077],[80.62905,6.27998],[80.62939,6.27982],[80.6298,6.27989],[80.6299,6.27999],[80.62991,6.2801],[80.63006,6.28039],[80.63032,6.28077],[80.63028,6.28096],[80.62996,6.28175],[80.62944,6.28226],[80.6292,6.28264],[80.6287,6.28301],[80.62838,6.28319],[80.62765,6.28337],[80.62672,6.28383],[80.6264,6.28384],[80.6262,6.28392],[80.62608,6.28392],[80.62594,6.28379],[80.6257,6.28369],[80.62539,6.28373],[80.6252,6.28361],[80.62507,6.28363],[80.62501,6.28374]]]}},{"type":"Feature","properties":{"c":"farmland","n":"Paddy"},"geometry":{"type":"Polygon","coordinates":[[[80.63248,6.29234],[80.63252,6.29252],[80.63272,6.29275],[80.63295,6.29292],[80.63378,6.29337],[80.63405,6.29377],[80.63415,6.29433],[80.63389,6.29465],[80.63383,6.29501],[80.63385,6.29518],[80.63396,6.29523],[80.63427,6.29517],[80.63445,6.29519],[80.63482,6.29553],[80.63501,6.2959],[80.6351,6.29597],[80.63521,6.29595],[80.63512,6.29554],[80.63529,6.29529],[80.6354,6.29524],[80.63579,6.29427],[80.63561,6.29419],[80.63563,6.29398],[80.63572,6.29382],[80.63595,6.29375],[80.63626,6.29321],[80.6362,6.29311],[80.63621,6.29276],[80.6363,6.29267],[80.63641,6.29263],[80.63665,6.29266],[80.63686,6.29256],[80.63753,6.29188],[80.63765,6.29154],[80.63749,6.29065],[80.63729,6.29032],[80.63703,6.29006],[80.63679,6.28973],[80.63661,6.289],[80.63658,6.28877],[80.63663,6.28852],[80.63679,6.28809],[80.63702,6.28782],[80.63701,6.28746],[80.63654,6.2868],[80.63637,6.28648],[80.63638,6.28601],[80.63675,6.28551],[80.63707,6.28534],[80.63734,6.28528],[80.63784,6.28531],[80.63818,6.28521],[80.6383,6.28521],[80.6391,6.28574],[80.63918,6.28584],[80.63929,6.28588],[80.6394,6.28583],[80.6394,6.28535],[80.63965,6.28493],[80.63992,6.28469],[80.63995,6.28456],[80.63984,6.28451],[80.63972,6.28453],[80.63939,6.28473],[80.63907,6.28508],[80.63883,6.28508],[80.63866,6.28491],[80.63854,6.28486],[80.63848,6.28475],[80.63852,6.28464],[80.63883,6.28444],[80.63898,6.28424],[80.63902,6.28413],[80.63893,6.28405],[80.63881,6.28405],[80.63871,6.28412],[80.63846,6.28439],[80.63775,6.28467],[80.63728,6.28463],[80.63716,6.28441],[80.63706,6.28435],[80.63693,6.28435],[80.6366,6.28455],[80.63612,6.28469],[80.63558,6.28471],[80.63507,6.28462],[80.63484,6.28469],[80.6348,6.2848],[80.63499,6.28511],[80.63498,6.28524],[80.63464,6.28569],[80.63457,6.28593],[80.63456,6.28617],[80.63478,6.28646],[80.635,6.28656],[80.63508,6.28664],[80.6351,6.28676],[80.63498,6.28712],[80.63505,6.28722],[80.63543,6.28724],[80.63554,6.28728],[80.63567,6.28746],[80.63589,6.28838],[80.63587,6.28873],[80.63563,6.28969],[80.63553,6.29043],[80.6357,6.29142],[80.63604,6.29193],[80.63602,6.29217],[80.63589,6.29245],[80.6359,6.29273],[80.63577,6.29286],[80.63559,6.29283],[80.63489,6.29183],[80.63428,6.29141],[80.63399,6.29116],[80.63396,6.29104],[80.63401,6.2908],[80.63388,6.29054],[80.63347,6.29007],[80.63335,6.29003],[80.63329,6.28991],[80.63318,6.28987],[80.63309,6.28994],[80.63313,6.29032],[80.63325,6.29055],[80.6335,6.29083],[80.63358,6.29106],[80.63302,6.29174],[80.63253,6.29216],[80.63248,6.29234]],[[80.63594,6.2908],[80.63609,6.29046],[80.63619,6.29039],[80.63656,6.29036],[80.63681,6.29042],[80.63715,6.29077],[80.63718,6.29107],[80.63709,6.29137],[80.63697,6.29151],[80.6368,6.29158],[80.63642,6.29158],[80.6363,6.29154],[80.63609,6.29138],[80.63597,6.29117],[80.63594,6.2908]]]}},{"type":"Feature","properties":{"c":"farmland","n":"Paddy"},"geometry":{"type":"Polygon","coordinates":[[[80.61923,6.27747],[80.61932,6.27756],[80.61969,6.27757],[80.61973,6.27769],[80.61969,6.27781],[80.61946,6.27795],[80.6194,6.27806],[80.61944,6.27817],[80.61955,6.27823],[80.62028,6.27819],[80.62075,6.27833],[80.621,6.27823],[80.62138,6.27796],[80.62233,6.27779],[80.62242,6.27771],[80.62244,6.27759],[80.62234,6.27736],[80.62209,6.2771],[80.62187,6.27677],[80.62148,6.27684],[80.62135,6.27683],[80.62121,6.27666],[80.62118,6.27654],[80.62082,6.27647],[80.62043,6.27679],[80.62037,6.27703],[80.62025,6.27707],[80.61964,6.27695],[80.61945,6.27695],[80.6194,6.27729],[80.61923,6.27747]]]}},{"type":"Feature","properties":{"c":"residential"},"geometry":{"type":"Polygon","coordinates":[[[80.6292,6.28816],[80.62924,6.28839],[80.62958,6.28873],[80.62999,6.28897],[80.63053,6.289],[80.63068,6.28927],[80.63081,6.28924],[80.63144,6.28835],[80.632,6.28734],[80.63293,6.28706],[80.63333,6.28614],[80.63371,6.2859],[80.63391,6.28603],[80.63403,6.28624],[80.63405,6.28673],[80.63422,6.28718],[80.6345,6.28758],[80.63489,6.28849],[80.63522,6.28881],[80.63544,6.28888],[80.63587,6.28873],[80.63589,6.28838],[80.63567,6.28746],[80.63554,6.28728],[80.63543,6.28724],[80.63505,6.28722],[80.63498,6.28712],[80.6351,6.28676],[80.63508,6.28664],[80.635,6.28656],[80.63478,6.28646],[80.63456,6.28617],[80.63457,6.28593],[80.63464,6.28569],[80.63498,6.28524],[80.63499,6.28511],[80.6348,6.2848],[80.63484,6.28469],[80.63507,6.28462],[80.63558,6.28471],[80.63612,6.28469],[80.6366,6.28455],[80.63693,6.28435],[80.63706,6.28435],[80.63716,6.28441],[80.63728,6.28463],[80.63775,6.28467],[80.63846,6.28439],[80.63871,6.28412],[80.63881,6.28405],[80.63893,6.28405],[80.63902,6.28413],[80.63898,6.28424],[80.63883,6.28444],[80.63852,6.28464],[80.63848,6.28475],[80.63854,6.28486],[80.63866,6.28491],[80.63883,6.28508],[80.63907,6.28508],[80.63939,6.28473],[80.63972,6.28453],[80.63984,6.28451],[80.63978,6.28405],[80.63966,6.28401],[80.63957,6.28392],[80.63948,6.28334],[80.63942,6.28324],[80.63902,6.28304],[80.63896,6.28293],[80.63877,6.28278],[80.63805,6.28257],[80.63797,6.28222],[80.63779,6.28206],[80.63728,6.28215],[80.63721,6.28207],[80.63673,6.28197],[80.63657,6.28215],[80.63653,6.28239],[80.63662,6.28274],[80.63664,6.2831],[80.63652,6.28333],[80.6364,6.28338],[80.63628,6.28338],[80.63606,6.28327],[80.636,6.28316],[80.636,6.28278],[80.63595,6.28266],[80.6358,6.28246],[80.63567,6.28244],[80.6351,6.28264],[80.63458,6.28271],[80.63421,6.28261],[80.63344,6.2822],[80.63296,6.28212],[80.63257,6.2823],[80.63256,6.28241],[80.63279,6.28269],[80.63287,6.2829],[80.63276,6.28284],[80.63207,6.28282],[80.63127,6.28287],[80.63098,6.28278],[80.63079,6.28257],[80.63039,6.28293],[80.63029,6.28349],[80.63033,6.28361],[80.63062,6.28386],[80.63075,6.28406],[80.63088,6.28472],[80.63088,6.28491],[80.63072,6.28516],[80.63042,6.28535],[80.63038,6.28545],[80.63033,6.28593],[80.63007,6.28627],[80.6301,6.28642],[80.62977,6.28679],[80.62939,6.28745],[80.6292,6.28816]]]}},{"type":"Feature","properties":{"c":"scrub"},"geometry":{"type":"Polygon","coordinates":[[[80.63255,6.28095],[80.63256,6.28112],[80.63275,6.28143],[80.63267,6.28159],[80.63269,6.28171],[80.63296,6.28212],[80.63344,6.2822],[80.63421,6.28261],[80.63458,6.28271],[80.6351,6.28264],[80.63567,6.28244],[80.6358,6.28246],[80.636,6.28278],[80.636,6.28316],[80.63606,6.28327],[80.63628,6.28338],[80.63652,6.28333],[80.63664,6.2831],[80.63662,6.28274],[80.63653,6.28239],[80.63657,6.28215],[80.63673,6.28197],[80.63593,6.28183],[80.63532,6.2815],[80.63513,6.28151],[80.63462,6.28173],[80.63391,6.28145],[80.63383,6.28116],[80.6339,6.28072],[80.63394,6.28064],[80.63419,6.28049],[80.63417,6.28023],[80.63398,6.28006],[80.63375,6.27998],[80.63325,6.28015],[80.63279,6.28039],[80.63278,6.28056],[80.63294,6.28066],[80.63296,6.28077],[80.63281,6.28088],[80.63255,6.28095]]]}},{"type":"Feature","properties":{"c":"orchard","n":"Tea"},"geometry":{"type":"Polygon","coordinates":[[[80.62015,6.28749],[80.62024,6.28773],[80.62052,6.28797],[80.62075,6.28807],[80.62138,6.28819],[80.62162,6.28816],[80.62243,6.28752],[80.62258,6.28731],[80.62301,6.28693],[80.62313,6.28688],[80.62351,6.28701],[80.62364,6.287],[80.62375,6.28693],[80.62384,6.28683],[80.6239,6.28635],[80.624,6.28618],[80.62453,6.28626],[80.62511,6.28622],[80.62529,6.28596],[80.62542,6.28592],[80.62544,6.28545],[80.62555,6.28501],[80.62523,6.28495],[80.62487,6.28516],[80.62453,6.28511],[80.62372,6.28438],[80.62369,6.28414],[80.62387,6.28367],[80.62382,6.28342],[80.62357,6.28342],[80.6231,6.28358],[80.62273,6.28359],[80.62235,6.28348],[80.62189,6.28323],[80.62166,6.28327],[80.62138,6.28352],[80.62127,6.28374],[80.62117,6.28414],[80.62093,6.28475],[80.62087,6.28514],[80.62091,6.2854],[80.62116,6.28582],[80.62118,6.28632],[80.62108,6.28654],[80.6209,6.2867],[80.62033,6.287],[80.62015,6.28749]]]}},{"type":"Feature","properties":{"c":"orchard"},"geometry":{"type":"Polygon","coordinates":[[[80.63686,6.28639],[80.63726,6.28725],[80.63726,6.2875],[80.63713,6.28825],[80.63716,6.28913],[80.6376,6.29028],[80.63778,6.29046],[80.6379,6.29047],[80.6383,6.29015],[80.63869,6.29002],[80.63892,6.28988],[80.639,6.28979],[80.63911,6.28956],[80.6391,6.28918],[80.63928,6.28881],[80.63936,6.28833],[80.63956,6.28817],[80.6398,6.2881],[80.63988,6.28801],[80.63987,6.28765],[80.63959,6.28741],[80.63961,6.28727],[80.63967,6.28715],[80.6399,6.28702],[80.64041,6.28682],[80.64053,6.28661],[80.64048,6.28649],[80.64028,6.28638],[80.6394,6.28642],[80.63927,6.28648],[80.6392,6.28658],[80.63913,6.28694],[80.63893,6.28706],[80.63867,6.28707],[80.63856,6.28686],[80.63862,6.28636],[80.63797,6.28562],[80.63778,6.2855],[80.63743,6.28553],[80.63722,6.28565],[80.63696,6.28605],[80.63686,6.28639]]]}},{"type":"Feature","properties":{"c":"orchard","n":"Rubber"},"geometry":{"type":"Polygon","coordinates":[[[80.60882,6.2855],[80.60895,6.2857],[80.6092,6.28575],[80.60975,6.2861],[80.61018,6.28621],[80.61064,6.28645],[80.61082,6.28662],[80.61107,6.28667],[80.61147,6.28636],[80.61191,6.28571],[80.61217,6.28525],[80.61247,6.28452],[80.61277,6.28408],[80.61304,6.28379],[80.6131,6.28356],[80.61304,6.28346],[80.61265,6.28338],[80.61218,6.28311],[80.61145,6.28296],[80.61101,6.28269],[80.6109,6.28268],[80.61079,6.28272],[80.61031,6.28311],[80.61019,6.28334],[80.61015,6.28382],[80.61025,6.28453],[80.61014,6.28473],[80.6094,6.28481],[80.60918,6.28488],[80.60882,6.2855]]]}},{"type":"Feature","properties":{"c":"scrub"},"geometry":{"type":"Polygon","coordinates":[[[80.60796,6.28106],[80.6081,6.28142],[80.60896,6.28186],[80.60941,6.28202],[80.60982,6.2825],[80.6102,6.2826],[80.61064,6.2826],[80.61101,6.28269],[80.61145,6.28296],[80.61218,6.28311],[80.61265,6.28338],[80.61304,6.28346],[80.6131,6.28356],[80.61304,6.28379],[80.61277,6.28408],[80.61247,6.28452],[80.61217,6.28525],[80.61147,6.28636],[80.61227,6.28621],[80.61317,6.28621],[80.6134,6.28632],[80.61391,6.28687],[80.61397,6.28698],[80.61396,6.28729],[80.61424,6.28806],[80.61426,6.28829],[80.61437,6.28842],[80.61391,6.28906],[80.61369,6.28947],[80.61369,6.29024],[80.61381,6.29045],[80.61405,6.29054],[80.61434,6.29054],[80.61522,6.29008],[80.61536,6.28986],[80.61524,6.28952],[80.61511,6.28931],[80.61511,6.28906],[80.61526,6.28868],[80.6157,6.28839],[80.61619,6.28836],[80.61673,6.28786],[80.61715,6.28766],[80.61729,6.28766],[80.61753,6.2878],[80.61776,6.28813],[80.61795,6.28831],[80.61807,6.28835],[80.61833,6.28835],[80.61853,6.28818],[80.61866,6.28782],[80.61864,6.28756],[80.61843,6.28716],[80.61823,6.28644],[80.61819,6.28597],[80.61803,6.28551],[80.61786,6.28536],[80.61722,6.28503],[80.61703,6.28429],[80.61697,6.28344],[80.6167,6.28262],[80.61666,6.28109],[80.61652,6.28059],[80.61641,6.28037],[80.61625,6.28019],[80.61551,6.28001],[80.61473,6.27964],[80.61449,6.27961],[80.61405,6.27984],[80.61352,6.28023],[80.61276,6.28021],[80.61196,6.27985],[80.61146,6.27981],[80.61115,6.28022],[80.61092,6.2803],[80.61074,6.28045],[80.6104,6.28061],[80.60992,6.28061],[80.60957,6.28052],[80.60878,6.28018],[80.60852,6.28022],[80.60836,6.2804],[80.60796,6.28106]]]}},{"type":"Feature","properties":{"c":"farmland","n":"Paddy"},"geometry":{"type":"Polygon","coordinates":[[[80.56468,6.27782],[80.56487,6.27867],[80.56533,6.27939],[80.56541,6.28011],[80.56551,6.28033],[80.56543,6.28077],[80.56557,6.28106],[80.56569,6.28109],[80.56573,6.28097],[80.56569,6.2806],[80.56556,6.28023],[80.56558,6.28005],[80.56583,6.27966],[80.56602,6.27965],[80.56618,6.27974],[80.56614,6.28004],[80.56617,6.28016],[80.56631,6.28027],[80.56636,6.28043],[80.56658,6.28054],[80.56668,6.28101],[80.5669,6.2812],[80.56691,6.28138],[80.56672,6.28165],[80.56671,6.28177],[80.56695,6.28178],[80.56717,6.28146],[80.56737,6.28148],[80.56745,6.28157],[80.56746,6.28183],[80.56714,6.28245],[80.56714,6.28262],[80.56722,6.28272],[80.56742,6.28269],[80.56769,6.28253],[80.56781,6.28253],[80.56811,6.28265],[80.56836,6.2826],[80.5684,6.28255],[80.56835,6.28245],[80.56778,6.28236],[80.56763,6.28227],[80.56758,6.28217],[80.56761,6.28199],[80.56777,6.28174],[80.56813,6.28162],[80.56831,6.28144],[80.56873,6.28145],[80.56924,6.28162],[80.56947,6.28164],[80.56952,6.28159],[80.56953,6.28145],[80.56996,6.28128],[80.56993,6.28111],[80.56974,6.28095],[80.56915,6.28091],[80.56897,6.28084],[80.56881,6.28066],[80.56863,6.28068],[80.56859,6.28072],[80.5686,6.28084],[80.56877,6.28093],[80.56878,6.28099],[80.56874,6.28111],[80.56865,6.28119],[80.56846,6.28117],[80.56819,6.28101],[80.5682,6.28084],[80.56833,6.2806],[80.56888,6.28014],[80.56885,6.28003],[80.56875,6.27996],[80.56849,6.27997],[80.56821,6.28005],[80.56811,6.28014],[80.56804,6.28032],[80.56793,6.28038],[80.56745,6.28023],[80.56709,6.27999],[80.5667,6.28008],[80.56659,6.27986],[80.56663,6.27951],[80.56654,6.27916],[80.56636,6.27901],[80.56624,6.27898],[80.56592,6.27896],[80.5657,6.27908],[80.56558,6.27908],[80.56548,6.27886],[80.56564,6.27853],[80.56563,6.27841],[80.56554,6.27833],[80.56507,6.2783],[80.56509,6.27794],[80.56497,6.2776],[80.56486,6.27754],[80.56475,6.27759],[80.56468,6.27782]]]}},{"type":"Feature","properties":{"c":"farmland","n":"Paddy"},"geometry":{"type":"Polygon","coordinates":[[[80.57518,6.28518],[80.57554,6.28522],[80.57614,6.28504],[80.5765,6.28499],[80.57724,6.2846],[80.57733,6.28452],[80.57739,6.28412],[80.57758,6.28395],[80.57769,6.28362],[80.57788,6.28346],[80.57799,6.28345],[80.57846,6.28361],[80.5785,6.28377],[80.57845,6.28382],[80.57851,6.28393],[80.57875,6.28398],[80.57886,6.28393],[80.57895,6.28386],[80.579,6.28349],[80.57907,6.28338],[80.57933,6.28322],[80.57934,6.2831],[80.57905,6.28286],[80.57828,6.28302],[80.57819,6.28295],[80.57814,6.28279],[80.57785,6.28314],[80.57766,6.28317],[80.57722,6.28315],[80.57705,6.28331],[80.57689,6.28377],[80.57623,6.28376],[80.57601,6.28381],[80.57566,6.28397],[80.57544,6.28426],[80.57524,6.2847],[80.57518,6.28518]]]}},{"type":"Feature","properties":{"c":"orchard","n":"Tea"},"geometry":{"type":"Polygon","coordinates":[[[80.56377,6.28764],[80.56413,6.28841],[80.56447,6.28876],[80.56467,6.28921],[80.56486,6.28937],[80.56502,6.29031],[80.5651,6.29054],[80.56518,6.29062],[80.5656,6.29092],[80.56613,6.2912],[80.56653,6.29123],[80.56713,6.29148],[80.5675,6.29158],[80.56801,6.29156],[80.56869,6.29129],[80.5692,6.29132],[80.56964,6.2916],[80.56991,6.2916],[80.57041,6.29147],[80.57074,6.29131],[80.57095,6.29142],[80.57129,6.29129],[80.57154,6.29129],[80.57245,6.29173],[80.57295,6.29188],[80.57318,6.2919],[80.57392,6.29179],[80.57519,6.29175],[80.5757,6.29164],[80.57648,6.29162],[80.5767,6.29154],[80.57751,6.29152],[80.57759,6.29163],[80.57776,6.2917],[80.57893,6.29181],[80.57906,6.29185],[80.57929,6.29202],[80.58005,6.2921],[80.58081,6.29224],[80.58106,6.29248],[80.58165,6.29277],[80.58222,6.29327],[80.58242,6.29339],[80.58307,6.29334],[80.58344,6.2934],[80.58369,6.29349],[80.58386,6.29365],[80.58413,6.29379],[80.58439,6.29378],[80.58461,6.29367],[80.58486,6.29368],[80.58507,6.29384],[80.58568,6.29388],[80.58583,6.29407],[80.58623,6.29436],[80.58637,6.29451],[80.58662,6.29459],[80.58714,6.29459],[80.58751,6.29467],[80.5876,6.29475],[80.58778,6.29511],[80.58786,6.29496],[80.58821,6.2947],[80.58837,6.29475],[80.58876,6.29504],[80.58898,6.29482],[80.58924,6.29435],[80.58927,6.29411],[80.5892,6.29388],[80.58923,6.29364],[80.58931,6.2934],[80.5895,6.29308],[80.58951,6.29273],[80.58934,6.29231],[80.58916,6.29212],[80.58893,6.29202],[80.58886,6.29192],[80.58897,6.29158],[80.58897,6.29125],[80.58881,6.29093],[80.58864,6.29079],[80.58858,6.2906],[80.58855,6.2903],[80.58862,6.28988],[80.5885,6.28945],[80.58842,6.28885],[80.58847,6.28849],[80.58826,6.28804],[80.58839,6.28707],[80.58809,6.28688],[80.58801,6.28675],[80.58762,6.28719],[80.58762,6.28742],[80.58755,6.28752],[80.58734,6.2876],[80.58724,6.28755],[80.58707,6.28736],[80.58686,6.28692],[80.58654,6.28675],[80.58648,6.28651],[80.58637,6.28657],[80.58614,6.28655],[80.58592,6.28643],[80.58588,6.28632],[80.58606,6.286],[80.58601,6.28576],[80.58591,6.2857],[80.58579,6.28569],[80.58549,6.28586],[80.58525,6.28628],[80.58513,6.28635],[80.58513,6.28603],[80.58495,6.28595],[80.5847,6.28551],[80.58277,6.28552],[80.58266,6.28548],[80.58231,6.28526],[80.58206,6.2852],[80.58195,6.28498],[80.5818,6.28481],[80.58155,6.28477],[80.58118,6.28487],[80.58105,6.28486],[80.58045,6.28467],[80.58017,6.28442],[80.57994,6.28431],[80.57956,6.28373],[80.57931,6.28364],[80.57906,6.28367],[80.579,6.28413],[80.57886,6.28446],[80.57861,6.28447],[80.57766,6.28471],[80.57754,6.28471],[80.57733,6.28452],[80.57724,6.2846],[80.5765,6.28499],[80.57614,6.28504],[80.57554,6.28522],[80.57518,6.28518],[80.57494,6.28524],[80.57456,6.28526],[80.57437,6.28539],[80.574,6.28556],[80.57278,6.28572],[80.57257,6.28584],[80.57233,6.2861],[80.57224,6.28636],[80.57222,6.2866],[80.57228,6.28708],[80.57224,6.28719],[80.57165,6.2878],[80.57154,6.28784],[80.57123,6.28765],[80.57103,6.28735],[80.57098,6.28712],[80.57097,6.28674],[80.57089,6.28665],[80.57049,6.28654],[80.57014,6.28666],[80.56973,6.28666],[80.56902,6.28713],[80.56867,6.28713],[80.56857,6.28721],[80.56869,6.28742],[80.56849,6.28815],[80.56831,6.2883],[80.56807,6.28834],[80.56774,6.2882],[80.56756,6.28802],[80.56752,6.28772],[80.56765,6.28738],[80.56767,6.28714],[80.56726,6.28668],[80.56656,6.28679],[80.56621,6.28667],[80.56612,6.28672],[80.56601,6.28706],[80.56568,6.28719],[80.56554,6.28739],[80.56533,6.28752],[80.56511,6.28742],[80.56505,6.28731],[80.56493,6.28658],[80.56483,6.28652],[80.5647,6.28652],[80.56433,6.28659],[80.56412,6.28673],[80.56406,6.28683],[80.56379,6.2874],[80.56377,6.28764]]]}},{"type":"Feature","properties":{"c":"forest"},"geometry":{"type":"Polygon","coordinates":[[[80.58801,6.28675],[80.58809,6.28688],[80.58839,6.28707],[80.58826,6.28804],[80.58847,6.28849],[80.58842,6.28885],[80.5885,6.28945],[80.58862,6.28988],[80.58855,6.2903],[80.58864,6.29079],[80.58881,6.29093],[80.5889,6.29108],[80.58945,6.29108],[80.58983,6.29115],[80.59075,6.29105],[80.59096,6.29092],[80.59103,6.29081],[80.59101,6.29068],[80.5909,6.29045],[80.59091,6.29022],[80.591,6.29],[80.59093,6.28935],[80.59072,6.28906],[80.59092,6.2886],[80.5909,6.28809],[80.59105,6.28705],[80.59095,6.28616],[80.59136,6.28554],[80.59142,6.28531],[80.5914,6.28506],[80.59133,6.28496],[80.59083,6.28482],[80.59026,6.28526],[80.58988,6.28524],[80.5894,6.28506],[80.58923,6.28507],[80.58905,6.28551],[80.58905,6.28583],[80.58898,6.28606],[80.5888,6.28613],[80.58864,6.28606],[80.5885,6.28586],[80.58811,6.28633],[80.58801,6.28675]]]}},{"type":"Feature","properties":{"c":"farmland","n":"Paddy"},"geometry":{"type":"Polygon","coordinates":[[[80.5847,6.28551],[80.58495,6.28595],[80.58513,6.28603],[80.58513,6.28635],[80.58525,6.28628],[80.58549,6.28586],[80.58558,6.28578],[80.58579,6.28569],[80.58601,6.28576],[80.58606,6.286],[80.58588,6.28632],[80.58592,6.28643],[80.58614,6.28655],[80.58637,6.28657],[80.58648,6.28651],[80.58648,6.28639],[80.58623,6.28611],[80.58613,6.28577],[80.58613,6.28552],[80.5863,6.28521],[80.58656,6.28492],[80.58668,6.28472],[80.58714,6.28452],[80.58725,6.28457],[80.5875,6.28499],[80.58767,6.28518],[80.58767,6.28579],[80.58781,6.28612],[80.58784,6.2867],[80.58794,6.28678],[80.58801,6.28675],[80.58811,6.28633],[80.5885,6.28586],[80.58843,6.28569],[80.58818,6.28552],[80.58816,6.28534],[80.58822,6.28509],[80.58781,6.28418],[80.58772,6.2841],[80.58749,6.2844],[80.58736,6.28442],[80.58718,6.28427],[80.58695,6.28417],[80.58692,6.28394],[80.58708,6.28361],[80.58718,6.28355],[80.5873,6.28357],[80.58758,6.28378],[80.5877,6.28381],[80.58782,6.28376],[80.58786,6.28365],[80.58775,6.28342],[80.58754,6.28323],[80.58709,6.28309],[80.58695,6.28347],[80.58656,6.28399],[80.58655,6.28447],[80.58626,6.28469],[80.58635,6.28473],[80.58639,6.28488],[80.58618,6.28503],[80.58603,6.2853],[80.58594,6.28538],[80.58579,6.28536],[80.58544,6.28517],[80.58518,6.28516],[80.58506,6.2851],[80.58493,6.2851],[80.58475,6.28528],[80.5847,6.28551]]]}},{"type":"Feature","properties":{"c":"farmland","n":"Paddy"},"geometry":{"type":"Polygon","coordinates":[[[80.54969,6.2899],[80.55004,6.29031],[80.55007,6.29055],[80.55023,6.29087],[80.55028,6.29122],[80.5505,6.29167],[80.5506,6.29174],[80.55082,6.29171],[80.55097,6.29153],[80.55108,6.29151],[80.55128,6.29164],[80.55131,6.29175],[80.55156,6.29193],[80.55167,6.29196],[80.55177,6.2919],[80.55171,6.29173],[80.55175,6.29156],[80.55199,6.29151],[80.55315,6.29203],[80.55334,6.29203],[80.55351,6.29197],[80.55363,6.29177],[80.55375,6.2918],[80.55385,6.29199],[80.5539,6.29235],[80.55399,6.29252],[80.55441,6.29279],[80.55454,6.293],[80.55466,6.29298],[80.55474,6.29281],[80.55493,6.29263],[80.5551,6.2926],[80.55546,6.29273],[80.55566,6.29295],[80.55578,6.29296],[80.55605,6.29281],[80.55629,6.29292],[80.55627,6.29314],[80.55607,6.29344],[80.55599,6.29385],[80.5558,6.29387],[80.55563,6.29364],[80.55553,6.29368],[80.55545,6.29386],[80.55553,6.29406],[80.55593,6.29404],[80.55604,6.29408],[80.55613,6.29424],[80.55612,6.29436],[80.55605,6.29445],[80.55595,6.29451],[80.5557,6.2945],[80.55553,6.29435],[80.55515,6.29416],[80.55498,6.29421],[80.55493,6.29432],[80.55496,6.29443],[80.55532,6.2944],[80.55548,6.29459],[80.55568,6.29473],[80.55592,6.29531],[80.55594,6.29549],[80.55592,6.29561],[80.55552,6.29631],[80.55528,6.29666],[80.55499,6.29696],[80.55492,6.29713],[80.55493,6.29748],[80.55459,6.29801],[80.55457,6.29831],[80.55445,6.2986],[80.55426,6.29889],[80.55408,6.29955],[80.55415,6.29964],[80.55441,6.29977],[80.55458,6.29973],[80.55464,6.29943],[80.55482,6.29911],[80.55487,6.29873],[80.55505,6.29839],[80.55525,6.29816],[80.55529,6.29762],[80.5554,6.29728],[80.55568,6.29688],[80.55593,6.29639],[80.55609,6.29616],[80.55616,6.29586],[80.55642,6.29524],[80.55655,6.2947],[80.55649,6.29444],[80.55655,6.2942],[80.55652,6.29396],[80.55659,6.29386],[80.55706,6.29352],[80.55718,6.29311],[80.55718,6.29272],[80.55709,6.29236],[80.55714,6.29195],[80.55697,6.29186],[80.55687,6.29161],[80.55691,6.29126],[80.55682,6.29089],[80.55668,6.29071],[80.55667,6.29036],[80.55657,6.2899],[80.55657,6.28958],[80.55664,6.28934],[80.55673,6.28918],[80.55699,6.28902],[80.55701,6.28884],[80.55671,6.28874],[80.55648,6.28885],[80.55637,6.2887],[80.55601,6.28864],[80.55579,6.28852],[80.55571,6.28836],[80.55559,6.28831],[80.55533,6.28831],[80.55514,6.28846],[80.5552,6.28855],[80.55552,6.28858],[80.55612,6.28888],[80.55634,6.28914],[80.55626,6.28938],[80.55626,6.29019],[80.55639,6.29082],[80.55636,6.29135],[80.55628,6.29153],[80.55615,6.29166],[80.55598,6.29199],[80.55586,6.29199],[80.55571,6.29189],[80.55562,6.29167],[80.55562,6.29148],[80.55573,6.29112],[80.55573,6.29078],[80.55561,6.29077],[80.55543,6.29085],[80.55535,6.29125],[80.55524,6.29147],[80.55505,6.29163],[80.55496,6.29184],[80.55468,6.29202],[80.55451,6.29197],[80.5546,6.29171],[80.55457,6.29154],[80.55461,6.29135],[80.55456,6.29125],[80.55444,6.29122],[80.55422,6.29141],[80.55403,6.29135],[80.55372,6.29138],[80.55353,6.29163],[80.55335,6.29168],[80.55322,6.29154],[80.55288,6.29135],[80.55277,6.29113],[80.55262,6.29102],[80.55263,6.29071],[80.55279,6.29064],[80.5532,6.29053],[80.55393,6.29062],[80.55416,6.29051],[80.55469,6.28968],[80.55472,6.2895],[80.55469,6.28926],[80.55458,6.28911],[80.55453,6.28915],[80.55455,6.28946],[80.55451,6.28957],[80.55416,6.29004],[80.55349,6.29029],[80.55316,6.29028],[80.55267,6.29035],[80.55241,6.29043],[80.55185,6.29073],[80.55164,6.2911],[80.5512,6.29123],[80.55081,6.2912],[80.55059,6.29095],[80.55048,6.29089],[80.55045,6.29065],[80.55062,6.29031],[80.55036,6.29002],[80.55034,6.28977],[80.55039,6.28965],[80.55065,6.28942],[80.55059,6.28931],[80.55022,6.28927],[80.55004,6.28911],[80.54989,6.28909],[80.5498,6.28919],[80.54979,6.2893],[80.54991,6.28963],[80.54972,6.28978],[80.54969,6.2899]]]}},{"type":"Feature","properties":{"c":"scrub"},"geometry":{"type":"Polygon","coordinates":[[[80.53728,6.28239],[80.53728,6.28264],[80.53733,6.28275],[80.53763,6.28299],[80.538,6.28303],[80.53811,6.28309],[80.53851,6.28365],[80.53865,6.284],[80.53864,6.28424],[80.53839,6.28451],[80.53797,6.28476],[80.53769,6.28514],[80.53766,6.2855],[80.53778,6.28605],[80.53868,6.28637],[80.53945,6.28686],[80.54071,6.28744],[80.54151,6.2877],[80.54296,6.28869],[80.54366,6.28936],[80.54423,6.28973],[80.54416,6.2895],[80.54398,6.28921],[80.54397,6.28895],[80.54403,6.28823],[80.5442,6.28778],[80.54414,6.28742],[80.54405,6.28735],[80.54373,6.28731],[80.54343,6.2875],[80.54306,6.28761],[80.54294,6.28758],[80.54272,6.28713],[80.54247,6.28688],[80.54231,6.28656],[80.54208,6.2866],[80.54204,6.28671],[80.54194,6.28664],[80.54183,6.28665],[80.54152,6.287],[80.54132,6.28705],[80.54109,6.28699],[80.54098,6.28693],[80.54056,6.28634],[80.54028,6.2861],[80.53992,6.28607],[80.53969,6.286],[80.53938,6.28534],[80.53933,6.28508],[80.53958,6.28476],[80.53988,6.28454],[80.53994,6.28443],[80.53989,6.28419],[80.54,6.28392],[80.54012,6.28385],[80.54028,6.28386],[80.54102,6.28422],[80.54141,6.28416],[80.5419,6.28392],[80.54196,6.28375],[80.54189,6.28352],[80.54162,6.28329],[80.5415,6.28282],[80.54141,6.28275],[80.5411,6.28222],[80.54099,6.28217],[80.54002,6.28225],[80.53977,6.28215],[80.53969,6.28193],[80.53969,6.28144],[80.5399,6.28087],[80.54038,6.28063],[80.54052,6.28063],[80.54062,6.28073],[80.54072,6.28096],[80.54078,6.28156],[80.54085,6.28166],[80.54096,6.28172],[80.54119,6.28163],[80.54165,6.28135],[80.5417,6.28124],[80.5417,6.281],[80.54183,6.28079],[80.54182,6.28058],[80.5419,6.28049],[80.54296,6.28011],[80.54314,6.27994],[80.54336,6.27946],[80.54385,6.27908],[80.54389,6.27896],[80.54384,6.27859],[80.5439,6.27824],[80.54436,6.27809],[80.54446,6.27801],[80.54449,6.27789],[80.54438,6.27769],[80.54417,6.27755],[80.54392,6.27749],[80.5435,6.27707],[80.54317,6.27691],[80.54295,6.27661],[80.54271,6.27658],[80.54247,6.27664],[80.54226,6.27693],[80.54194,6.27708],[80.54186,6.27717],[80.54146,6.2781],[80.5412,6.27901],[80.54094,6.27953],[80.54082,6.27959],[80.54059,6.27956],[80.54053,6.27945],[80.54046,6.2789],[80.54027,6.27833],[80.54009,6.27815],[80.53987,6.27805],[80.53952,6.27809],[80.53942,6.27814],[80.53909,6.27851],[80.53882,6.27891],[80.53842,6.27921],[80.53822,6.2796],[80.53834,6.27988],[80.53823,6.28018],[80.53787,6.28075],[80.53734,6.28122],[80.53732,6.28146],[80.53745,6.28193],[80.53728,6.28239]]]}},{"type":"Feature","properties":{"c":"residential","n":"Galdola"},"geometry":{"type":"Polygon","coordinates":[[[80.54194,6.28317],[80.54213,6.2836],[80.54247,6.28377],[80.54258,6.28404],[80.54267,6.28413],[80.54271,6.28462],[80.54319,6.2855],[80.54331,6.28598],[80.54365,6.28672],[80.54417,6.28701],[80.54432,6.28719],[80.54457,6.2873],[80.54494,6.28763],[80.54541,6.28772],[80.54565,6.28772],[80.54576,6.28767],[80.54616,6.28723],[80.54637,6.2871],[80.5466,6.28676],[80.54679,6.28662],[80.54691,6.28628],[80.54699,6.2862],[80.54664,6.28585],[80.54634,6.28516],[80.546,6.28462],[80.54591,6.28428],[80.546,6.28379],[80.54609,6.28362],[80.54604,6.28323],[80.54586,6.28306],[80.54568,6.28275],[80.54549,6.28272],[80.54531,6.28261],[80.5454,6.28289],[80.54499,6.2831],[80.54492,6.2832],[80.54491,6.28338],[80.54514,6.28374],[80.54499,6.28402],[80.54498,6.28431],[80.54524,6.28551],[80.54524,6.28575],[80.54505,6.2856],[80.54487,6.28501],[80.54479,6.28431],[80.54487,6.28408],[80.54486,6.28397],[80.54478,6.28389],[80.54479,6.28365],[80.54456,6.28355],[80.54431,6.28356],[80.54418,6.28352],[80.54402,6.28334],[80.54383,6.28281],[80.54363,6.28198],[80.54365,6.28186],[80.54383,6.28173],[80.54417,6.28163],[80.54458,6.28137],[80.5448,6.28131],[80.54575,6.28131],[80.54623,6.28142],[80.54648,6.28142],[80.5467,6.28133],[80.54679,6.28126],[80.54689,6.28104],[80.5469,6.28067],[80.54712,6.27997],[80.54738,6.27988],[80.5477,6.27992],[80.54793,6.27989],[80.5483,6.2795],[80.54839,6.27917],[80.54822,6.27894],[80.54742,6.2786],[80.54715,6.27803],[80.54697,6.27787],[80.54582,6.27749],[80.5457,6.27748],[80.54539,6.27769],[80.54523,6.27765],[80.54519,6.27679],[80.5451,6.27656],[80.545,6.27649],[80.54438,6.27659],[80.54421,6.27677],[80.54426,6.27705],[80.54439,6.2773],[80.54497,6.27778],[80.54611,6.2784],[80.54609,6.27851],[80.54643,6.27883],[80.54641,6.27899],[80.54632,6.27903],[80.54618,6.2789],[80.5454,6.27853],[80.54515,6.2783],[80.54445,6.27819],[80.54418,6.27833],[80.54408,6.27825],[80.54402,6.27827],[80.54396,6.27847],[80.54404,6.27862],[80.54396,6.27875],[80.54396,6.27885],[80.54403,6.2789],[80.5443,6.27891],[80.54458,6.27881],[80.54467,6.27894],[80.54455,6.27959],[80.54463,6.27983],[80.54461,6.28001],[80.54457,6.28006],[80.54438,6.28005],[80.54399,6.28047],[80.54386,6.28052],[80.54361,6.28074],[80.5436,6.28087],[80.54379,6.28111],[80.54374,6.28121],[80.5424,6.28107],[80.54211,6.28127],[80.54211,6.28138],[80.54234,6.28148],[80.54244,6.28161],[80.54264,6.28174],[80.54286,6.28225],[80.54265,6.28253],[80.5423,6.2827],[80.54201,6.28294],[80.54194,6.28317]]]}},{"type":"Feature","properties":{"c":"farmland","n":"Paddy"},"geometry":{"type":"Polygon","coordinates":[[[80.5267,6.27332],[80.5269,6.27353],[80.52714,6.27364],[80.52739,6.27365],[80.52756,6.2735],[80.52772,6.27353],[80.52786,6.27363],[80.5279,6.2738],[80.52785,6.27388],[80.52759,6.27397],[80.52752,6.27404],[80.52748,6.27421],[80.52754,6.27427],[80.52762,6.27426],[80.52787,6.27402],[80.52809,6.27389],[80.52834,6.27389],[80.5285,6.27396],[80.52856,6.27403],[80.52857,6.27421],[80.5285,6.2743],[80.52877,6.2745],[80.52887,6.27451],[80.52939,6.27416],[80.52948,6.27414],[80.52959,6.27421],[80.52977,6.27451],[80.53002,6.27451],[80.53003,6.27439],[80.52983,6.2741],[80.52952,6.27411],[80.52933,6.27399],[80.52938,6.27379],[80.52955,6.2736],[80.52981,6.27359],[80.53006,6.27386],[80.53046,6.27382],[80.53051,6.27388],[80.53051,6.27416],[80.53037,6.27468],[80.53032,6.27475],[80.53004,6.27479],[80.52995,6.27493],[80.52999,6.27501],[80.53026,6.27501],[80.53056,6.27521],[80.53061,6.27514],[80.53058,6.27464],[80.53091,6.27356],[80.53079,6.2734],[80.53085,6.27334],[80.53093,6.27333],[80.53138,6.27344],[80.53209,6.27293],[80.53284,6.27267],[80.53289,6.27259],[80.53292,6.27182],[80.53278,6.27171],[80.53269,6.27171],[80.53253,6.2718],[80.5323,6.27216],[80.53179,6.27235],[80.53161,6.27236],[80.53119,6.27206],[80.53084,6.2721],[80.5305,6.27196],[80.53012,6.27194],[80.52989,6.27181],[80.52965,6.27155],[80.52979,6.27113],[80.52981,6.27096],[80.52995,6.27065],[80.52996,6.27048],[80.52991,6.27041],[80.52982,6.27041],[80.52969,6.27054],[80.5296,6.27078],[80.52947,6.27139],[80.52933,6.27162],[80.52917,6.27167],[80.52883,6.27195],[80.52866,6.27201],[80.52839,6.27201],[80.52833,6.27196],[80.52832,6.27179],[80.52823,6.27176],[80.52807,6.27195],[80.52807,6.27212],[80.52822,6.27218],[80.52856,6.27217],[80.52905,6.27203],[80.52922,6.27203],[80.52934,6.27214],[80.52932,6.27231],[80.52916,6.27241],[80.52837,6.27269],[80.5278,6.27296],[80.52763,6.27299],[80.52729,6.27289],[80.52716,6.27291],[80.52706,6.273],[80.52698,6.27319],[80.5267,6.27332]]]}},{"type":"Feature","properties":{"c":"farmland","n":"Paddy"},"geometry":{"type":"Polygon","coordinates":[[[80.53314,6.27381],[80.53328,6.27414],[80.53351,6.27425],[80.53372,6.27428],[80.53388,6.27424],[80.53406,6.27402],[80.53418,6.27398],[80.53428,6.27404],[80.53435,6.27416],[80.53432,6.27457],[80.53439,6.27483],[80.5344,6.2751],[80.53458,6.27531],[80.5346,6.27548],[80.53448,6.27582],[80.53434,6.27585],[80.53411,6.27568],[80.53402,6.27567],[80.53397,6.27579],[80.53414,6.27599],[80.53439,6.27604],[80.53454,6.27624],[80.53465,6.27667],[80.53477,6.277],[80.53488,6.27712],[80.53496,6.2771],[80.53496,6.27683],[80.53512,6.27652],[80.53525,6.27601],[80.5351,6.27589],[80.53509,6.27572],[80.53513,6.27564],[80.53538,6.27554],[80.53551,6.27543],[80.53546,6.27518],[80.53554,6.27513],[80.53562,6.27513],[80.53575,6.27523],[80.53583,6.27521],[80.53594,6.27508],[80.5361,6.27504],[80.53663,6.27515],[80.53681,6.27534],[80.53695,6.27574],[80.53709,6.27588],[80.53753,6.27593],[80.53769,6.27586],[80.53778,6.27573],[80.53778,6.27555],[80.53766,6.27544],[80.53749,6.27543],[80.53733,6.27552],[80.53717,6.27547],[80.53701,6.27526],[80.53709,6.27502],[80.53706,6.27494],[80.53662,6.2749],[80.5363,6.27479],[80.53602,6.27478],[80.53569,6.27463],[80.53526,6.27479],[80.53507,6.27474],[80.5346,6.2745],[80.5345,6.27422],[80.53469,6.27365],[80.53472,6.27333],[80.53458,6.27334],[80.53413,6.27356],[80.53397,6.27371],[80.53376,6.2738],[80.53314,6.27381]]]}},{"type":"Feature","properties":{"c":"farmland","n":"Paddy"},"geometry":{"type":"Polygon","coordinates":[[[80.46146,6.27977],[80.4616,6.27989],[80.46223,6.27981],[80.46239,6.27987],[80.46243,6.27992],[80.4623,6.28026],[80.46198,6.28076],[80.46201,6.28087],[80.46231,6.28105],[80.46257,6.28163],[80.4628,6.28171],[80.46292,6.28164],[80.46315,6.28126],[80.46319,6.28093],[80.4633,6.28068],[80.4635,6.2804],[80.46385,6.28026],[80.46389,6.28019],[80.46398,6.27984],[80.4641,6.2796],[80.46409,6.27952],[80.46401,6.27949],[80.46393,6.27954],[80.4636,6.28004],[80.46316,6.28058],[80.46303,6.28067],[80.46277,6.28068],[80.46261,6.2806],[80.46259,6.28051],[80.46277,6.27981],[80.46277,6.27973],[80.46259,6.27952],[80.46264,6.27933],[80.46318,6.27808],[80.46337,6.27773],[80.46378,6.27702],[80.4642,6.27661],[80.46428,6.27644],[80.46425,6.27634],[80.46406,6.27611],[80.46408,6.276],[80.46412,6.27596],[80.46433,6.27608],[80.46461,6.27603],[80.46492,6.27563],[80.46485,6.27548],[80.46424,6.27529],[80.46399,6.27545],[80.46394,6.27554],[80.46392,6.27577],[80.46397,6.27595],[80.46386,6.27611],[80.4635,6.27637],[80.46318,6.27647],[80.46318,6.27655],[80.46332,6.27665],[80.46336,6.27673],[80.4631,6.27728],[80.4627,6.27789],[80.4623,6.27808],[80.46213,6.27828],[80.4622,6.27853],[80.4625,6.27883],[80.46241,6.27916],[80.46211,6.27945],[80.46154,6.27963],[80.46147,6.27968],[80.46146,6.27977]]]}},{"type":"Feature","properties":{"c":"farmland"},"geometry":{"type":"Polygon","coordinates":[[[80.46468,6.27854],[80.46475,6.27859],[80.46484,6.27856],[80.46503,6.27829],[80.46545,6.27799],[80.46561,6.27761],[80.46568,6.27756],[80.46585,6.27759],[80.46612,6.27778],[80.46637,6.27784],[80.46654,6.27784],[80.46676,6.27771],[80.46702,6.27738],[80.46715,6.27694],[80.46713,6.2766],[80.46718,6.27626],[80.46713,6.27593],[80.46726,6.27578],[80.46743,6.27571],[80.4681,6.27531],[80.46829,6.27503],[80.4682,6.27497],[80.46808,6.2751],[80.46791,6.27515],[80.46783,6.27511],[80.4678,6.27503],[80.46801,6.27479],[80.46838,6.2746],[80.46864,6.27461],[80.4687,6.27455],[80.46866,6.27438],[80.46873,6.27423],[80.46856,6.27419],[80.4684,6.27429],[80.46788,6.27441],[80.46748,6.27486],[80.46654,6.27547],[80.46645,6.27548],[80.46634,6.27542],[80.46622,6.27523],[80.46621,6.27506],[80.4665,6.27464],[80.46675,6.2741],[80.46763,6.27335],[80.46785,6.27286],[80.46808,6.27259],[80.46828,6.27244],[80.46891,6.27216],[80.46923,6.27189],[80.46962,6.27144],[80.46975,6.27135],[80.47033,6.27107],[80.47113,6.2708],[80.47201,6.27015],[80.47219,6.27008],[80.47245,6.27007],[80.47268,6.27019],[80.47285,6.27016],[80.47284,6.27007],[80.47272,6.26996],[80.47269,6.26988],[80.4728,6.26962],[80.47267,6.26921],[80.4727,6.26913],[80.47279,6.26909],[80.47287,6.2691],[80.4732,6.26949],[80.47337,6.2695],[80.47354,6.26947],[80.47366,6.2694],[80.47432,6.26933],[80.47524,6.26876],[80.47592,6.26869],[80.47613,6.26855],[80.47634,6.2687],[80.47687,6.26881],[80.47712,6.26881],[80.47734,6.2687],[80.47736,6.26861],[80.47731,6.26854],[80.47701,6.26833],[80.47667,6.26842],[80.47649,6.26838],[80.47622,6.26816],[80.47596,6.2682],[80.47553,6.26853],[80.47462,6.26862],[80.47442,6.26847],[80.47435,6.26822],[80.47436,6.26802],[80.47427,6.26799],[80.47404,6.26809],[80.47389,6.26822],[80.47353,6.26828],[80.47341,6.26839],[80.47337,6.26856],[80.47331,6.26863],[80.47266,6.26869],[80.47243,6.26877],[80.47204,6.26902],[80.47169,6.26909],[80.47155,6.26919],[80.47129,6.26919],[80.47119,6.26923],[80.47084,6.26962],[80.47044,6.26983],[80.47028,6.27003],[80.47003,6.27015],[80.46975,6.27007],[80.46957,6.26938],[80.46948,6.2694],[80.46938,6.2701],[80.46931,6.27025],[80.46923,6.27029],[80.46903,6.27026],[80.46896,6.2702],[80.46907,6.2697],[80.46909,6.26929],[80.46878,6.26897],[80.4686,6.26899],[80.46845,6.26908],[80.46825,6.26927],[80.46822,6.26971],[80.46827,6.27005],[80.46819,6.27009],[80.4681,6.27007],[80.46788,6.26991],[80.46763,6.26989],[80.46747,6.27],[80.46743,6.27035],[80.4676,6.27054],[80.46799,6.27071],[80.46847,6.27057],[80.46914,6.27085],[80.46914,6.27095],[80.46894,6.27112],[80.46882,6.27135],[80.46889,6.27169],[80.46885,6.27178],[80.4687,6.27185],[80.46827,6.27186],[80.46782,6.27213],[80.46769,6.27235],[80.46759,6.27268],[80.46736,6.27307],[80.46691,6.27284],[80.46664,6.27285],[80.46649,6.27293],[80.4662,6.27285],[80.46598,6.27298],[80.46595,6.27306],[80.46617,6.27351],[80.46592,6.27376],[80.46591,6.27384],[80.46604,6.27408],[80.46603,6.27433],[80.4659,6.27446],[80.46582,6.27479],[80.46568,6.2749],[80.46562,6.27505],[80.46567,6.27521],[80.46609,6.27572],[80.46617,6.27587],[80.46616,6.27604],[80.46601,6.27635],[80.466,6.2766],[80.46583,6.27707],[80.46564,6.27718],[80.46511,6.27714],[80.46503,6.27732],[80.46505,6.2774],[80.46532,6.27742],[80.46541,6.2775],[80.46537,6.27756],[80.46512,6.27766],[80.46498,6.27803],[80.46474,6.27829],[80.46468,6.27854]]]}},{"type":"Feature","properties":{"c":"forest"},"geometry":{"type":"Polygon","coordinates":[[[80.39661,6.33663],[80.3966,6.33736],[80.39675,6.33766],[80.39705,6.33783],[80.39739,6.33787],[80.39807,6.33787],[80.39842,6.33798],[80.39871,6.33819],[80.39883,6.33852],[80.39885,6.33958],[80.39896,6.33995],[80.3992,6.3402],[80.39988,6.34052],[80.40026,6.34047],[80.40041,6.34038],[80.40066,6.33993],[80.40097,6.33976],[80.40131,6.33981],[80.4023,6.34013],[80.40282,6.34019],[80.40318,6.34018],[80.40369,6.33992],[80.40421,6.33985],[80.40436,6.33976],[80.40471,6.33935],[80.40522,6.33918],[80.4056,6.33923],[80.40591,6.33942],[80.40609,6.33943],[80.40718,6.33923],[80.40792,6.33973],[80.40849,6.33974],[80.40884,6.33969],[80.40916,6.33955],[80.40943,6.33933],[80.40992,6.33905],[80.40999,6.33889],[80.40991,6.33817],[80.40977,6.33766],[80.40977,6.33747],[80.40994,6.33683],[80.41037,6.33652],[80.41073,6.33635],[80.41124,6.33622],[80.41174,6.33591],[80.4119,6.33559],[80.4122,6.33466],[80.41252,6.3345],[80.41279,6.33404],[80.41275,6.33352],[80.41278,6.33334],[80.41311,6.33292],[80.41317,6.33275],[80.41317,6.33201],[80.41324,6.33165],[80.41393,6.3313],[80.41448,6.3313],[80.4146,6.33117],[80.41466,6.33101],[80.41466,6.33084],[80.41454,6.33051],[80.41454,6.33034],[80.41465,6.33001],[80.41499,6.32962],[80.41515,6.32931],[80.41589,6.32889],[80.41629,6.32853],[80.41638,6.32838],[80.4166,6.32767],[80.41676,6.32735],[80.41724,6.32672],[80.4174,6.32642],[80.41784,6.32586],[80.41802,6.32536],[80.41816,6.3245],[80.41817,6.32361],[80.41812,6.32325],[80.41817,6.32278],[80.41778,6.32221],[80.41733,6.32191],[80.41696,6.32062],[80.41646,6.31982],[80.41622,6.31933],[80.416,6.31907],[80.41557,6.31884],[80.4154,6.3188],[80.41471,6.3188],[80.41433,6.31885],[80.41417,6.31892],[80.41354,6.31931],[80.41295,6.31995],[80.41229,6.32029],[80.41187,6.32081],[80.41168,6.32137],[80.41154,6.32148],[80.41025,6.322],[80.40995,6.32219],[80.40938,6.32288],[80.40786,6.32362],[80.4075,6.32397],[80.40719,6.32418],[80.40682,6.3243],[80.40633,6.32437],[80.40561,6.32458],[80.40509,6.32468],[80.40455,6.32491],[80.40348,6.32522],[80.40336,6.32533],[80.40312,6.3258],[80.40293,6.32633],[80.40245,6.32695],[80.40161,6.32837],[80.40122,6.32942],[80.40107,6.33046],[80.40098,6.3308],[80.4006,6.33139],[80.40045,6.33173],[80.40016,6.33275],[80.39921,6.33381],[80.39786,6.33467],[80.39766,6.33492],[80.39749,6.33526],[80.39722,6.33545],[80.3969,6.33558],[80.39676,6.33629],[80.39661,6.33663]]]}},{"type":"Feature","properties":{"c":"scrub"},"geometry":{"type":"Polygon","coordinates":[[[80.38742,6.32348],[80.38792,6.32425],[80.38779,6.325],[80.3881,6.32534],[80.38857,6.32535],[80.38904,6.32482],[80.38915,6.32415],[80.3894,6.32405],[80.38971,6.32412],[80.38976,6.32435],[80.39012,6.32497],[80.39055,6.32516],[80.39103,6.32516],[80.39126,6.32509],[80.392,6.32454],[80.39275,6.32353],[80.39349,6.32335],[80.39367,6.32319],[80.39373,6.32206],[80.39483,6.31935],[80.39503,6.31919],[80.39571,6.31887],[80.3959,6.31868],[80.3959,6.31823],[80.39566,6.31791],[80.39538,6.31724],[80.39493,6.31712],[80.39398,6.3171],[80.39341,6.31671],[80.39319,6.31673],[80.39298,6.31686],[80.3928,6.31704],[80.39247,6.31774],[80.39247,6.31798],[80.39224,6.31841],[80.39238,6.31932],[80.39229,6.31954],[80.39188,6.31974],[80.39113,6.32039],[80.39101,6.32058],[80.39021,6.32048],[80.38998,6.32056],[80.38986,6.32074],[80.38985,6.32098],[80.39036,6.32145],[80.39015,6.32235],[80.38995,6.32276],[80.38961,6.32307],[80.38913,6.32313],[80.38892,6.32304],[80.38869,6.32262],[80.38852,6.32244],[80.38809,6.32257],[80.38761,6.32304],[80.38742,6.32348]]]}},{"type":"Feature","properties":{"c":"scrub"},"geometry":{"type":"Polygon","coordinates":[[[80.41989,6.29291],[80.4199,6.29327],[80.42006,6.29413],[80.42021,6.29444],[80.42045,6.29467],[80.42058,6.29496],[80.42047,6.29585],[80.42056,6.29637],[80.42065,6.29653],[80.42081,6.29659],[80.42135,6.29642],[80.4218,6.29566],[80.42197,6.29567],[80.42212,6.29618],[80.42222,6.29632],[80.42239,6.29636],[80.42254,6.29628],[80.42261,6.29612],[80.42272,6.29561],[80.42314,6.29531],[80.42327,6.29507],[80.4235,6.29481],[80.42395,6.29457],[80.42419,6.29434],[80.4244,6.29312],[80.42466,6.29286],[80.42535,6.29258],[80.42582,6.29186],[80.42658,6.29116],[80.42662,6.29082],[80.42615,6.28971],[80.42558,6.28901],[80.42507,6.28877],[80.4245,6.28876],[80.42402,6.28899],[80.42356,6.28952],[80.42305,6.28934],[80.42272,6.28942],[80.42205,6.29047],[80.42171,6.29064],[80.42089,6.29078],[80.42076,6.29091],[80.42072,6.29109],[80.42079,6.29188],[80.42076,6.29206],[80.42064,6.2922],[80.41997,6.29256],[80.41989,6.29291]]]}},{"type":"Feature","properties":{"c":"scrub"},"geometry":{"type":"Polygon","coordinates":[[[80.42168,6.27423],[80.42171,6.27449],[80.42187,6.27481],[80.42168,6.27556],[80.4217,6.2759],[80.42186,6.27641],[80.42244,6.27684],[80.42281,6.27679],[80.42337,6.27634],[80.42408,6.27621],[80.42445,6.27619],[80.4247,6.27641],[80.42505,6.27638],[80.42548,6.27608],[80.4258,6.27566],[80.4261,6.27546],[80.42667,6.27543],[80.42683,6.27552],[80.4269,6.27569],[80.42691,6.27587],[80.42687,6.27604],[80.42667,6.27631],[80.42605,6.27661],[80.42551,6.27704],[80.42504,6.27722],[80.42475,6.27739],[80.42474,6.27755],[80.42484,6.2777],[80.42561,6.27848],[80.42609,6.27868],[80.42646,6.27871],[80.42664,6.27865],[80.42688,6.2784],[80.42707,6.27788],[80.42723,6.27702],[80.42763,6.27666],[80.42789,6.27619],[80.42819,6.27591],[80.4284,6.27562],[80.42859,6.27506],[80.42899,6.27447],[80.429,6.27413],[80.42897,6.27394],[80.42887,6.27379],[80.42853,6.27378],[80.42818,6.27371],[80.42715,6.27366],[80.42699,6.27361],[80.42685,6.27329],[80.4268,6.27277],[80.42667,6.27268],[80.42649,6.27272],[80.42636,6.27286],[80.42619,6.27293],[80.42521,6.27275],[80.42431,6.27275],[80.42363,6.2728],[80.42293,6.27277],[80.42227,6.27287],[80.42211,6.27294],[80.422,6.27307],[80.42189,6.2734],[80.4218,6.27409],[80.42168,6.27423]]]}},{"type":"Feature","properties":{"c":"farmland","n":"Paddy"},"geometry":{"type":"Polygon","coordinates":[[[80.38985,6.31508],[80.39004,6.31498],[80.39018,6.31479],[80.39051,6.31454],[80.39082,6.31419],[80.39126,6.31395],[80.39131,6.31384],[80.39228,6.3134],[80.39316,6.31272],[80.3932,6.31256],[80.39315,6.31248],[80.39296,6.31244],[80.3927,6.31248],[80.39255,6.31258],[80.39247,6.31274],[80.39228,6.31293],[80.39195,6.31314],[80.39167,6.31319],[80.39144,6.31307],[80.39141,6.31274],[80.39149,6.31249],[80.39211,6.312],[80.39214,6.31192],[80.39202,6.31168],[80.39225,6.31132],[80.39227,6.31115],[80.39214,6.31104],[80.39167,6.31099],[80.39128,6.3113],[80.39108,6.31173],[80.39087,6.31252],[80.39075,6.31275],[80.39067,6.31278],[80.39058,6.31293],[80.39062,6.31328],[80.39072,6.31353],[80.3904,6.31374],[80.3904,6.31387],[80.39006,6.31463],[80.38989,6.31487],[80.38985,6.31508]]]}},{"type":"Feature","properties":{"c":"farmland","n":"Paddy"},"geometry":{"type":"Polygon","coordinates":[[[80.39866,6.31342],[80.39878,6.31348],[80.39927,6.31349],[80.39953,6.31355],[80.3997,6.31364],[80.39982,6.31382],[80.39989,6.31377],[80.39993,6.31339],[80.40009,6.3133],[80.40053,6.31286],[80.40097,6.31273],[80.40121,6.31271],[80.40149,6.31271],[80.40182,6.31288],[80.40205,6.31323],[80.40227,6.31338],[80.40236,6.31335],[80.40253,6.31314],[80.40283,6.31251],[80.403,6.31242],[80.4036,6.3123],[80.40374,6.31243],[80.4038,6.31259],[80.40392,6.31346],[80.40401,6.31365],[80.40403,6.31391],[80.404,6.31425],[80.40375,6.31449],[80.4037,6.31498],[80.40349,6.31537],[80.40348,6.31553],[80.40365,6.31559],[80.40427,6.31557],[80.40435,6.31562],[80.40441,6.31578],[80.40458,6.31583],[80.40464,6.31557],[80.40471,6.31552],[80.4048,6.31553],[80.40498,6.3157],[80.40508,6.3157],[80.40537,6.31536],[80.40539,6.31527],[80.40534,6.3152],[80.40507,6.31515],[80.40473,6.31524],[80.40444,6.31524],[80.40435,6.31521],[80.40425,6.31507],[80.40418,6.31481],[80.40414,6.31438],[80.40416,6.31384],[80.40427,6.31359],[80.40434,6.31354],[80.40451,6.31352],[80.40468,6.31359],[80.40476,6.31359],[80.40482,6.31352],[80.40479,6.31336],[80.40469,6.31323],[80.4048,6.31299],[80.4048,6.31282],[80.40424,6.31259],[80.40418,6.31253],[80.40412,6.31237],[80.4042,6.31197],[80.40416,6.31186],[80.40341,6.31149],[80.40317,6.31124],[80.40305,6.31103],[80.40301,6.31042],[80.40288,6.31019],[80.40281,6.31015],[80.40265,6.31012],[80.40256,6.31014],[80.40252,6.31021],[80.40254,6.3103],[80.40268,6.31041],[80.40275,6.31058],[80.40272,6.3108],[80.4026,6.31113],[80.40245,6.3112],[80.40212,6.31119],[80.40201,6.31131],[80.40203,6.31139],[80.40238,6.3115],[80.40254,6.31158],[80.40258,6.31166],[80.40256,6.31175],[80.40235,6.31198],[80.40219,6.31209],[80.40201,6.31211],[80.40181,6.31224],[80.40141,6.31214],[80.40107,6.31224],[80.40068,6.31221],[80.40051,6.3123],[80.4002,6.31263],[80.39997,6.31302],[80.39963,6.31301],[80.39932,6.31317],[80.39902,6.31316],[80.39866,6.31342]]]}},{"type":"Feature","properties":{"c":"farmland","n":"Paddy"},"geometry":{"type":"Polygon","coordinates":[[[80.39047,6.31851],[80.39049,6.31868],[80.39061,6.31882],[80.39071,6.31923],[80.39076,6.3193],[80.3909,6.3194],[80.39099,6.3194],[80.39123,6.31929],[80.39135,6.31903],[80.39142,6.31832],[80.39166,6.31807],[80.3922,6.31782],[80.39225,6.31775],[80.39233,6.31724],[80.39277,6.31681],[80.39292,6.31639],[80.39291,6.31621],[80.39315,6.31583],[80.39333,6.31566],[80.39341,6.3157],[80.39356,6.31591],[80.39364,6.31594],[80.39371,6.31589],[80.39375,6.31572],[80.39366,6.31539],[80.39369,6.31528],[80.3939,6.31503],[80.39424,6.31495],[80.39415,6.31485],[80.3941,6.3147],[80.39428,6.31439],[80.3943,6.31423],[80.39421,6.31419],[80.39415,6.31425],[80.39381,6.31481],[80.39336,6.31512],[80.39327,6.31515],[80.39298,6.31511],[80.39252,6.31527],[80.39243,6.31561],[80.3923,6.31585],[80.39215,6.31629],[80.39198,6.31651],[80.39178,6.31692],[80.39156,6.31706],[80.39138,6.31729],[80.39114,6.31748],[80.39081,6.31765],[80.39063,6.31786],[80.39059,6.31794],[80.39072,6.31824],[80.39063,6.31839],[80.39047,6.31851]]]}},{"type":"Feature","properties":{"c":"farmland","n":"Paddy"},"geometry":{"type":"Polygon","coordinates":[[[80.41002,6.30269],[80.41005,6.30277],[80.41048,6.30265],[80.41076,6.30266],[80.41096,6.30272],[80.41104,6.30288],[80.41105,6.30334],[80.41116,6.30348],[80.41125,6.30348],[80.41136,6.30333],[80.41138,6.30307],[80.41133,6.3029],[80.41117,6.30266],[80.41114,6.30241],[80.41155,6.30194],[80.41196,6.30165],[80.41246,6.30108],[80.41336,6.30076],[80.41349,6.30038],[80.41369,6.30035],[80.414,6.30056],[80.41414,6.30053],[80.41477,6.30018],[80.41491,6.30003],[80.41562,6.29961],[80.41588,6.29948],[80.41625,6.29938],[80.4164,6.29893],[80.41648,6.29885],[80.4169,6.29868],[80.4171,6.29867],[80.41732,6.29858],[80.41752,6.29859],[80.41789,6.2983],[80.41773,6.29811],[80.41758,6.29812],[80.4174,6.29824],[80.41649,6.29855],[80.41612,6.29875],[80.41593,6.2988],[80.41519,6.29874],[80.41443,6.29874],[80.41417,6.29897],[80.41399,6.29929],[80.41331,6.29956],[80.41291,6.29992],[80.41277,6.30024],[80.41254,6.30054],[80.41225,6.30073],[80.4113,6.30158],[80.41124,6.3017],[80.41071,6.30198],[80.41054,6.30227],[80.41025,6.30244],[80.41002,6.30269]]]}},{"type":"Feature","properties":{"c":"orchard","n":"Tea"},"geometry":{"type":"Polygon","coordinates":[[[80.41173,6.30259],[80.41179,6.30274],[80.412,6.30291],[80.41214,6.30335],[80.41235,6.30371],[80.41261,6.3038],[80.4128,6.30378],[80.41295,6.30357],[80.41304,6.30353],[80.4133,6.30355],[80.41336,6.30368],[80.41363,6.30372],[80.41397,6.30352],[80.4143,6.30322],[80.41438,6.30306],[80.41486,6.30261],[80.41536,6.30235],[80.41558,6.30217],[80.41597,6.30166],[80.41672,6.30135],[80.41703,6.30102],[80.41737,6.30084],[80.41755,6.30085],[80.41763,6.30089],[80.41768,6.30107],[80.41767,6.30133],[80.41774,6.30149],[80.41773,6.30158],[80.41761,6.30181],[80.41763,6.30198],[80.4179,6.30221],[80.41792,6.30242],[80.41766,6.30275],[80.41741,6.30278],[80.41727,6.30269],[80.4171,6.30268],[80.41702,6.30271],[80.41698,6.30279],[80.41699,6.30288],[80.41725,6.30323],[80.41743,6.3034],[80.41788,6.30346],[80.41824,6.3036],[80.41838,6.30373],[80.41842,6.30391],[80.41834,6.30406],[80.4181,6.30414],[80.41792,6.30411],[80.41761,6.30393],[80.41735,6.30394],[80.41704,6.30441],[80.41712,6.30466],[80.41705,6.30493],[80.41683,6.30508],[80.41679,6.30516],[80.4168,6.30533],[80.4174,6.30564],[80.4178,6.30617],[80.41808,6.30614],[80.41863,6.30581],[80.4189,6.30581],[80.41924,6.30597],[80.41955,6.30636],[80.41972,6.30644],[80.42011,6.30645],[80.42038,6.30637],[80.42054,6.30615],[80.42053,6.30597],[80.42032,6.30576],[80.4202,6.30552],[80.42004,6.30545],[80.41941,6.30542],[80.41916,6.3053],[80.41912,6.30522],[80.41914,6.30505],[80.41928,6.30493],[80.41965,6.30492],[80.41986,6.30485],[80.41997,6.30473],[80.42002,6.30457],[80.42002,6.3044],[80.41997,6.30422],[80.41978,6.30392],[80.41967,6.30379],[80.41938,6.30362],[80.41868,6.30344],[80.41787,6.3031],[80.41783,6.30302],[80.41789,6.30277],[80.4184,6.30235],[80.41923,6.30202],[80.41938,6.3018],[80.41951,6.30145],[80.41943,6.30112],[80.41885,6.30075],[80.41869,6.30055],[80.41892,6.30026],[80.41898,6.29991],[80.4191,6.29967],[80.41903,6.29933],[80.41893,6.29919],[80.41878,6.2991],[80.41828,6.29891],[80.41817,6.29877],[80.41818,6.29871],[80.41842,6.2985],[80.41922,6.29824],[80.41939,6.29804],[80.4195,6.2978],[80.41972,6.29762],[80.41996,6.29748],[80.42024,6.29742],[80.42041,6.29728],[80.42058,6.29729],[80.4214,6.29758],[80.42169,6.29757],[80.42189,6.29749],[80.42204,6.29726],[80.42201,6.297],[80.42179,6.29662],[80.42165,6.29651],[80.42138,6.29653],[80.42103,6.29664],[80.42058,6.2966],[80.42043,6.29645],[80.42045,6.29616],[80.42039,6.2961],[80.42024,6.29601],[80.41994,6.29595],[80.41965,6.29575],[80.41914,6.29586],[80.41882,6.29588],[80.41874,6.29612],[80.41874,6.29638],[80.41857,6.29697],[80.41856,6.29743],[80.41861,6.29777],[80.41853,6.29793],[80.41825,6.29814],[80.41777,6.29836],[80.41752,6.29859],[80.41732,6.29858],[80.4171,6.29867],[80.4169,6.29868],[80.41648,6.29885],[80.4164,6.29893],[80.41625,6.29938],[80.41588,6.29948],[80.41562,6.29961],[80.41491,6.30003],[80.41477,6.30018],[80.41414,6.30053],[80.414,6.30056],[80.41369,6.30035],[80.41349,6.30038],[80.41336,6.30076],[80.41322,6.30093],[80.41284,6.30112],[80.41262,6.30137],[80.41255,6.30152],[80.41252,6.30186],[80.41247,6.30193],[80.4122,6.30212],[80.41197,6.30238],[80.41176,6.30251],[80.41173,6.30259]]]}},{"type":"Feature","properties":{"c":"orchard","n":"Tea"},"geometry":{"type":"Polygon","coordinates":[[[80.40526,6.31911],[80.40534,6.31927],[80.40543,6.31933],[80.40572,6.31934],[80.40607,6.31923],[80.40636,6.31925],[80.40682,6.31938],[80.40742,6.3197],[80.40756,6.31992],[80.40781,6.32019],[80.40826,6.3205],[80.40897,6.32089],[80.40953,6.32169],[80.40997,6.32168],[80.41027,6.32151],[80.41043,6.32131],[80.41058,6.32125],[80.41076,6.32125],[80.41104,6.32143],[80.41125,6.32146],[80.41141,6.3214],[80.41146,6.32133],[80.41141,6.32082],[80.41152,6.32066],[80.41189,6.32042],[80.41221,6.32013],[80.41293,6.31981],[80.41306,6.31969],[80.41343,6.31916],[80.41341,6.31864],[80.41349,6.31838],[80.41346,6.3183],[80.41338,6.31827],[80.41271,6.31847],[80.41252,6.31847],[80.4124,6.31835],[80.41238,6.31826],[80.41263,6.31802],[80.41268,6.31786],[80.41251,6.31782],[80.41204,6.31799],[80.41158,6.31785],[80.41136,6.31768],[80.41128,6.31742],[80.41102,6.31704],[80.41089,6.31691],[80.41072,6.3169],[80.41069,6.31673],[80.4109,6.31645],[80.41097,6.31639],[80.41138,6.3163],[80.4116,6.31606],[80.41168,6.31577],[80.41177,6.31561],[80.4119,6.3155],[80.41214,6.31548],[80.4123,6.31523],[80.41217,6.31512],[80.41149,6.31489],[80.41131,6.3147],[80.41128,6.31445],[80.41144,6.31416],[80.41147,6.31399],[80.41139,6.31366],[80.41146,6.3135],[80.41173,6.31327],[80.41189,6.3132],[80.41215,6.31322],[80.4123,6.31346],[80.41245,6.31354],[80.41262,6.31354],[80.41316,6.31336],[80.4133,6.31327],[80.41349,6.3129],[80.41408,6.31275],[80.41415,6.31269],[80.4142,6.31253],[80.41397,6.31237],[80.41371,6.31199],[80.41353,6.31185],[80.41343,6.31185],[80.41321,6.312],[80.41291,6.31258],[80.41285,6.31264],[80.41266,6.31267],[80.41249,6.31249],[80.41214,6.31238],[80.41174,6.31217],[80.41168,6.3121],[80.4117,6.31167],[80.4116,6.31154],[80.41108,6.31165],[80.41072,6.31165],[80.41012,6.31145],[80.41005,6.31139],[80.41006,6.31123],[80.41042,6.31099],[80.41048,6.31092],[80.41047,6.31084],[80.41029,6.31084],[80.40993,6.31097],[80.40984,6.31096],[80.40978,6.31089],[80.40978,6.3108],[80.41008,6.31033],[80.4101,6.31016],[80.41006,6.31009],[80.40997,6.31007],[80.40972,6.31018],[80.40946,6.31016],[80.40924,6.31031],[80.40898,6.31035],[80.40891,6.31019],[80.40883,6.31015],[80.4084,6.31021],[80.40835,6.31005],[80.40809,6.31008],[80.40796,6.30999],[80.40748,6.31001],[80.40697,6.31048],[80.40686,6.31089],[80.40703,6.3111],[80.407,6.31137],[80.40705,6.31144],[80.40722,6.31144],[80.40727,6.31137],[80.40745,6.31135],[80.4076,6.31143],[80.40776,6.31175],[80.4078,6.31201],[80.40775,6.31207],[80.40756,6.31209],[80.40717,6.31187],[80.40701,6.31193],[80.40702,6.31202],[80.40705,6.31209],[80.40733,6.31232],[80.4076,6.31238],[80.40795,6.31231],[80.40812,6.31243],[80.40821,6.31257],[80.40848,6.31262],[80.40867,6.31278],[80.40879,6.31346],[80.40877,6.31372],[80.40874,6.3139],[80.40845,6.31437],[80.40844,6.31454],[80.40868,6.31538],[80.4087,6.31573],[80.40902,6.31624],[80.40901,6.31641],[80.40879,6.31668],[80.40861,6.31673],[80.40755,6.31644],[80.40701,6.31651],[80.40692,6.31648],[80.40671,6.3162],[80.40653,6.31615],[80.40636,6.31621],[80.40631,6.31629],[80.40617,6.31666],[80.40617,6.31693],[80.40629,6.31706],[80.40683,6.31741],[80.40721,6.31747],[80.40768,6.31741],[80.40811,6.31764],[80.40822,6.31777],[80.40902,6.31835],[80.40909,6.3185],[80.40903,6.31875],[80.40888,6.319],[80.4087,6.31906],[80.40835,6.31899],[80.40823,6.31887],[80.40822,6.31869],[80.40813,6.31851],[80.40785,6.31826],[80.4074,6.31797],[80.40697,6.318],[80.40647,6.31824],[80.40584,6.31847],[80.40558,6.31862],[80.40526,6.31911]],[[80.41034,6.3204],[80.41038,6.32013],[80.41102,6.3189],[80.41121,6.3187],[80.41137,6.3186],[80.41154,6.31855],[80.4117,6.31863],[80.41185,6.31887],[80.41185,6.31904],[80.41175,6.31919],[80.41138,6.31941],[80.41121,6.31981],[80.41118,6.31998],[80.41103,6.32024],[80.41104,6.3205],[80.41098,6.32066],[80.41075,6.32076],[80.41055,6.32076],[80.41041,6.32066],[80.41034,6.3204]]]}},{"type":"Feature","properties":{"c":"orchard","n":"Tea"},"geometry":{"type":"Polygon","coordinates":[[[80.39615,6.30614],[80.39627,6.30667],[80.3964,6.3068],[80.39726,6.30711],[80.39741,6.30721],[80.39748,6.30739],[80.39742,6.30755],[80.39729,6.30767],[80.39659,6.30793],[80.39647,6.30809],[80.39652,6.30825],[80.39688,6.30838],[80.39742,6.30833],[80.39783,6.30796],[80.39816,6.30778],[80.39838,6.30752],[80.39838,6.30718],[80.39851,6.30683],[80.39894,6.30654],[80.39916,6.30626],[80.39921,6.30575],[80.39935,6.30563],[80.39974,6.30561],[80.40027,6.30541],[80.40074,6.30488],[80.40088,6.30477],[80.40135,6.30462],[80.40155,6.30433],[80.40178,6.30383],[80.40191,6.3037],[80.40207,6.30374],[80.40217,6.30389],[80.40217,6.30406],[80.40241,6.30454],[80.4023,6.30493],[80.40231,6.30548],[80.40212,6.30594],[80.40217,6.30612],[80.4034,6.30613],[80.40373,6.30604],[80.404,6.30579],[80.40557,6.3058],[80.40603,6.30611],[80.4062,6.30616],[80.40655,6.30613],[80.40705,6.30597],[80.4074,6.30596],[80.40773,6.30606],[80.40804,6.30632],[80.4082,6.30635],[80.40834,6.30645],[80.40851,6.30684],[80.4087,6.30675],[80.40883,6.30659],[80.40888,6.3064],[80.40874,6.3059],[80.40883,6.30574],[80.40917,6.30582],[80.41006,6.30559],[80.41027,6.3053],[80.41071,6.30496],[80.41073,6.30457],[80.41089,6.30387],[80.41089,6.30354],[80.41081,6.30338],[80.41048,6.30324],[80.41031,6.30325],[80.41008,6.30352],[80.40995,6.30386],[80.40981,6.30395],[80.40946,6.3041],[80.40911,6.3041],[80.40895,6.30401],[80.40876,6.3037],[80.40813,6.30342],[80.40784,6.30318],[80.40772,6.30286],[80.40741,6.30234],[80.40696,6.30212],[80.40629,6.30196],[80.40616,6.30184],[80.4061,6.30168],[80.40615,6.30151],[80.40647,6.30127],[80.40735,6.30153],[80.40771,6.30148],[80.40798,6.30126],[80.40861,6.30095],[80.40883,6.30065],[80.40891,6.30038],[80.40918,6.30015],[80.40988,6.30007],[80.41057,6.30016],[80.41062,6.30033],[80.41007,6.30152],[80.40999,6.302],[80.40964,6.30236],[80.40957,6.30252],[80.40959,6.30269],[80.40976,6.3027],[80.41007,6.30252],[80.41045,6.3019],[80.4113,6.30158],[80.41225,6.30073],[80.41254,6.30054],[80.41277,6.30024],[80.41291,6.29992],[80.41331,6.29956],[80.41399,6.29929],[80.41417,6.29897],[80.41443,6.29874],[80.41558,6.29878],[80.41554,6.2986],[80.41538,6.29845],[80.41504,6.29843],[80.41464,6.29827],[80.41455,6.29812],[80.41446,6.29781],[80.41448,6.29764],[80.41472,6.29717],[80.41466,6.29683],[80.41455,6.2967],[80.414,6.29647],[80.41332,6.29643],[80.413,6.29631],[80.41266,6.29629],[80.41251,6.29617],[80.41203,6.29601],[80.41194,6.29586],[80.41197,6.29567],[80.41214,6.29561],[80.41269,6.2955],[80.41322,6.29549],[80.41337,6.29561],[80.41354,6.29612],[80.4143,6.29615],[80.41445,6.29605],[80.41464,6.29574],[80.4149,6.29488],[80.41493,6.29452],[80.41486,6.29435],[80.41475,6.29422],[80.41459,6.29414],[80.41439,6.29411],[80.41344,6.29416],[80.41334,6.29401],[80.41358,6.29371],[80.41416,6.29325],[80.41419,6.29308],[80.4141,6.29293],[80.41374,6.2929],[80.41338,6.29299],[80.41267,6.29301],[80.41228,6.29321],[80.41195,6.29359],[80.41155,6.29435],[80.41111,6.29485],[80.41058,6.29509],[80.41032,6.2953],[80.40972,6.29564],[80.40959,6.29579],[80.40886,6.29608],[80.40859,6.29627],[80.40811,6.29646],[80.40798,6.29658],[80.40787,6.2969],[80.40752,6.29716],[80.40692,6.29751],[80.40659,6.29761],[80.40603,6.29798],[80.40544,6.29828],[80.40525,6.29857],[80.40511,6.29867],[80.40479,6.29877],[80.4039,6.29931],[80.40365,6.29969],[80.40345,6.30017],[80.40296,6.30035],[80.40215,6.3012],[80.40146,6.30117],[80.40112,6.30128],[80.40061,6.30133],[80.40032,6.30152],[80.4,6.30194],[80.39913,6.30236],[80.39904,6.3025],[80.39889,6.30258],[80.39853,6.30262],[80.3982,6.30252],[80.39786,6.30252],[80.39744,6.30278],[80.39735,6.30313],[80.39766,6.30377],[80.3977,6.30454],[80.39809,6.30515],[80.39805,6.30532],[80.39755,6.30546],[80.39731,6.3057],[80.39679,6.30572],[80.39638,6.30584],[80.39615,6.30614]]]}},{"type":"Feature","properties":{"c":"orchard","n":"Tea"},"geometry":{"type":"Polygon","coordinates":[[[80.40816,6.30811],[80.40816,6.30837],[80.40833,6.30854],[80.40862,6.30873],[80.40889,6.30881],[80.40932,6.30909],[80.40957,6.30909],[80.40974,6.30903],[80.40994,6.30886],[80.41006,6.30858],[80.41078,6.30829],[80.41107,6.308],[80.41167,6.30789],[80.41203,6.30766],[80.41212,6.30746],[80.41223,6.30694],[80.41222,6.30677],[80.41199,6.30656],[80.41161,6.30651],[80.41138,6.3064],[80.41128,6.30615],[80.41088,6.30591],[80.41063,6.30553],[80.41031,6.30598],[80.40946,6.3065],[80.40922,6.30706],[80.40879,6.30716],[80.40849,6.30735],[80.40839,6.30747],[80.40832,6.30784],[80.40816,6.30811]]]}},{"type":"Feature","properties":{"c":"farmland","n":"Paddy"},"geometry":{"type":"Polygon","coordinates":[[[80.40526,6.30942],[80.40541,6.30956],[80.40546,6.30996],[80.4056,6.30989],[80.40578,6.30969],[80.40634,6.30948],[80.40652,6.30955],[80.40677,6.30995],[80.40689,6.30999],[80.40714,6.30964],[80.40731,6.30956],[80.40758,6.30956],[80.40774,6.30937],[80.40787,6.30937],[80.40809,6.3095],[80.40842,6.30955],[80.40905,6.30917],[80.40932,6.30909],[80.40889,6.30881],[80.40862,6.30873],[80.40833,6.30854],[80.40816,6.30837],[80.40813,6.30828],[80.40816,6.30811],[80.40832,6.30784],[80.40839,6.30747],[80.40849,6.30735],[80.40879,6.30716],[80.40922,6.30706],[80.40936,6.30678],[80.40946,6.3065],[80.40936,6.30618],[80.40912,6.30607],[80.40917,6.30582],[80.40883,6.30574],[80.40874,6.3059],[80.40888,6.3064],[80.40883,6.30659],[80.4087,6.30675],[80.40839,6.30691],[80.40814,6.30728],[80.40768,6.30729],[80.40764,6.30736],[80.40782,6.30764],[80.40783,6.30782],[80.40783,6.30805],[80.40761,6.30862],[80.40766,6.30888],[80.40758,6.30901],[80.40749,6.309],[80.40734,6.30911],[80.4071,6.30945],[80.40693,6.3095],[80.40677,6.30945],[80.40668,6.30885],[80.40656,6.30852],[80.40651,6.30844],[80.40643,6.30841],[80.40643,6.30892],[80.40634,6.30909],[80.40597,6.30921],[80.4058,6.30921],[80.40558,6.30937],[80.40531,6.30935],[80.40526,6.30942]]]}},{"type":"Feature","properties":{"c":"farmland","n":"Paddy"},"geometry":{"type":"Polygon","coordinates":[[[80.41149,6.31101],[80.41149,6.31119],[80.41183,6.31117],[80.41196,6.31129],[80.41198,6.31146],[80.41188,6.31171],[80.41193,6.31187],[80.41207,6.31196],[80.41236,6.31189],[80.41248,6.31176],[80.41254,6.3115],[80.4125,6.31117],[80.41262,6.31089],[80.41346,6.30993],[80.41346,6.30977],[80.41282,6.30973],[80.41276,6.30957],[80.41268,6.30952],[80.4124,6.30964],[80.4121,6.30986],[80.41203,6.31002],[80.41217,6.31011],[80.41235,6.31013],[80.41253,6.31031],[80.41238,6.31063],[80.41214,6.31077],[80.41186,6.31078],[80.4117,6.31072],[80.41149,6.31101]]]}},{"type":"Feature","properties":{"c":"farmland","n":"Paddy"},"geometry":{"type":"Polygon","coordinates":[[[80.4228,6.30715],[80.42283,6.30777],[80.42325,6.30784],[80.42347,6.30771],[80.42375,6.30737],[80.42425,6.30691],[80.42453,6.30647],[80.42472,6.30631],[80.42502,6.30594],[80.4251,6.30579],[80.42514,6.30545],[80.42507,6.30493],[80.42518,6.30467],[80.42538,6.30449],[80.42565,6.30396],[80.42628,6.30325],[80.42684,6.30236],[80.42748,6.30191],[80.42829,6.30088],[80.42854,6.30081],[80.42892,6.30102],[80.429,6.30104],[80.42907,6.30099],[80.42909,6.30081],[80.42887,6.30043],[80.42891,6.30025],[80.42902,6.30012],[80.42944,6.30004],[80.42967,6.30016],[80.42986,6.29988],[80.43039,6.29957],[80.43047,6.29933],[80.43031,6.29926],[80.43014,6.29932],[80.42973,6.2997],[80.42928,6.29975],[80.42908,6.29954],[80.42905,6.29934],[80.42939,6.29885],[80.42996,6.29868],[80.43011,6.29842],[80.43032,6.29822],[80.43036,6.29787],[80.43047,6.29774],[80.43094,6.29738],[80.4312,6.29738],[80.43159,6.29758],[80.43176,6.2976],[80.43205,6.29742],[80.43221,6.29723],[80.4323,6.29721],[80.43235,6.29729],[80.43236,6.29781],[80.43192,6.29794],[80.43172,6.29827],[80.43154,6.29847],[80.4316,6.29852],[80.43177,6.29847],[80.43256,6.29797],[80.43259,6.29756],[80.43268,6.29741],[80.43289,6.29726],[80.43285,6.29715],[80.43252,6.29701],[80.43234,6.297],[80.43217,6.29708],[80.43193,6.29734],[80.43165,6.2974],[80.43149,6.29731],[80.43145,6.29724],[80.43121,6.29664],[80.43128,6.29621],[80.43139,6.29598],[80.43258,6.29489],[80.4326,6.2948],[80.43251,6.29478],[80.43227,6.2949],[80.43209,6.29493],[80.4319,6.29493],[80.43175,6.29484],[80.43166,6.29469],[80.43164,6.29452],[80.43194,6.29406],[80.43232,6.29385],[80.43265,6.29381],[80.43287,6.29396],[80.43296,6.29429],[80.43304,6.29433],[80.43329,6.29434],[80.43356,6.29426],[80.43355,6.29418],[80.43347,6.29412],[80.43305,6.29398],[80.43297,6.29383],[80.43292,6.29356],[80.43305,6.29332],[80.43313,6.29329],[80.43324,6.29314],[80.43439,6.29255],[80.43505,6.2924],[80.43522,6.29241],[80.43535,6.29252],[80.43538,6.29268],[80.43522,6.29319],[80.43515,6.29335],[80.4349,6.29357],[80.4349,6.29374],[80.43505,6.29425],[80.43506,6.29496],[80.43494,6.29521],[80.4348,6.29533],[80.43428,6.29549],[80.43404,6.29576],[80.4338,6.29621],[80.43381,6.29639],[80.43372,6.29665],[80.43349,6.29691],[80.43342,6.29708],[80.43361,6.29734],[80.43365,6.29766],[80.43339,6.29791],[80.4329,6.29811],[80.43293,6.29819],[80.43312,6.2982],[80.43319,6.29825],[80.4334,6.29882],[80.43412,6.2993],[80.43429,6.29927],[80.43438,6.29913],[80.43427,6.29844],[80.43417,6.2982],[80.43421,6.29788],[80.43417,6.29746],[80.43422,6.29736],[80.43457,6.29722],[80.43483,6.29721],[80.43497,6.29738],[80.43512,6.29779],[80.43512,6.2983],[80.43526,6.29852],[80.4354,6.29864],[80.43567,6.29864],[80.43583,6.29857],[80.43586,6.29848],[80.43579,6.29842],[80.43551,6.29842],[80.43537,6.29832],[80.43542,6.29816],[80.43556,6.29795],[80.43555,6.29787],[80.43522,6.29744],[80.43508,6.297],[80.43521,6.29605],[80.4354,6.29577],[80.43556,6.29571],[80.43582,6.29576],[80.43607,6.29587],[80.43655,6.2963],[80.43679,6.2964],[80.43704,6.29637],[80.43761,6.29615],[80.43804,6.29617],[80.43843,6.29597],[80.43847,6.2959],[80.43811,6.29587],[80.43781,6.29568],[80.43762,6.29568],[80.43747,6.2956],[80.4372,6.29566],[80.43703,6.29562],[80.43696,6.29538],[80.43713,6.29532],[80.43718,6.29525],[80.43714,6.29517],[80.4366,6.29483],[80.43652,6.29485],[80.4363,6.29516],[80.43611,6.29533],[80.43603,6.29536],[80.4357,6.2953],[80.43566,6.29522],[80.43556,6.2948],[80.43561,6.29427],[80.43553,6.29404],[80.43553,6.29386],[80.43564,6.29373],[80.43607,6.29353],[80.4365,6.29297],[80.437,6.29267],[80.4374,6.29235],[80.43759,6.29207],[80.43786,6.29149],[80.43756,6.29106],[80.43748,6.29063],[80.43742,6.29056],[80.43711,6.29039],[80.4366,6.29023],[80.43633,6.2898],[80.43626,6.28956],[80.43572,6.28947],[80.43535,6.28948],[80.4352,6.28958],[80.43519,6.28976],[80.43527,6.28992],[80.43559,6.29002],[80.43564,6.29009],[80.43576,6.29048],[80.43573,6.29051],[80.4361,6.29112],[80.436,6.29142],[80.43607,6.29151],[80.43623,6.29151],[80.43656,6.29187],[80.43678,6.29193],[80.4369,6.29208],[80.43696,6.29222],[80.43682,6.29243],[80.43661,6.29258],[80.43641,6.29261],[80.43597,6.2922],[80.43538,6.29209],[80.43482,6.29216],[80.43464,6.29213],[80.43407,6.29239],[80.43387,6.2924],[80.43369,6.29227],[80.43368,6.29219],[80.43338,6.29186],[80.43342,6.29161],[80.43358,6.29142],[80.43387,6.29123],[80.43401,6.29099],[80.43424,6.29087],[80.43449,6.29084],[80.43467,6.29074],[80.43465,6.29049],[80.43438,6.29012],[80.43434,6.28995],[80.43435,6.28978],[80.43445,6.28961],[80.43468,6.28952],[80.43465,6.28943],[80.4345,6.28936],[80.43458,6.28904],[80.4345,6.28899],[80.43433,6.28906],[80.43408,6.28952],[80.434,6.28957],[80.43373,6.28952],[80.43369,6.2896],[80.43394,6.28982],[80.43405,6.29017],[80.43408,6.29053],[80.43402,6.2907],[80.4337,6.29085],[80.4335,6.29102],[80.43332,6.29135],[80.43324,6.29177],[80.43346,6.29218],[80.43338,6.29243],[80.43326,6.29256],[80.43281,6.29287],[80.43272,6.29336],[80.43256,6.29358],[80.43241,6.29363],[80.43215,6.29356],[80.43154,6.29409],[80.43143,6.29432],[80.4315,6.29457],[80.43136,6.29468],[80.43128,6.29464],[80.4312,6.29467],[80.43112,6.29483],[80.43112,6.29507],[80.43094,6.29528],[80.43092,6.29545],[80.43105,6.29568],[80.43101,6.29585],[80.43084,6.29591],[80.43076,6.29568],[80.43035,6.29562],[80.43021,6.29572],[80.43017,6.29597],[80.4299,6.29602],[80.42967,6.2962],[80.42952,6.29676],[80.42927,6.29704],[80.42924,6.29739],[80.42931,6.29743],[80.4294,6.29741],[80.42963,6.29692],[80.43011,6.29658],[80.43026,6.29637],[80.43049,6.29626],[80.43075,6.29627],[80.43083,6.2963],[80.43088,6.29646],[80.4306,6.29705],[80.43033,6.2973],[80.42997,6.29783],[80.42961,6.29821],[80.42931,6.29842],[80.42911,6.29824],[80.42874,6.29821],[80.42871,6.29838],[80.42904,6.29867],[80.42906,6.29884],[80.42869,6.29934],[80.42851,6.29951],[80.42844,6.29977],[80.42823,6.29994],[80.42794,6.30041],[80.42779,6.30084],[80.42728,6.30136],[80.42657,6.30191],[80.42646,6.30206],[80.42608,6.30238],[80.42591,6.30236],[80.42576,6.30226],[80.42568,6.30228],[80.42564,6.30245],[80.42569,6.30271],[80.42566,6.30344],[80.42554,6.30358],[80.42523,6.30376],[80.42511,6.30414],[80.42477,6.30442],[80.4247,6.30458],[80.42466,6.30489],[80.42438,6.30524],[80.42423,6.30565],[80.42403,6.30655],[80.42381,6.30693],[80.42363,6.30713],[80.42354,6.30716],[80.42327,6.30715],[80.42303,6.30701],[80.42294,6.30702],[80.4228,6.30715]],[[80.43632,6.29133],[80.43633,6.29108],[80.43639,6.29102],[80.43664,6.29098],[80.43692,6.29117],[80.43694,6.29135],[80.43676,6.29141],[80.43647,6.29143],[80.43632,6.29133]]]}},{"type":"Feature","properties":{"c":"farmland","n":"Paddy"},"geometry":{"type":"Polygon","coordinates":[[[80.43849,6.29132],[80.43856,6.29137],[80.43926,6.29135],[80.43959,6.29146],[80.44,6.29137],[80.44006,6.29152],[80.43996,6.29192],[80.43969,6.29227],[80.43968,6.29236],[80.43985,6.29254],[80.43981,6.29298],[80.43997,6.29305],[80.44012,6.29301],[80.4404,6.2926],[80.44021,6.2922],[80.44019,6.29178],[80.44029,6.29164],[80.44044,6.29155],[80.44068,6.29109],[80.44066,6.29101],[80.4404,6.29101],[80.44031,6.29097],[80.44016,6.29074],[80.44014,6.29057],[80.44025,6.29046],[80.44083,6.29024],[80.441,6.29023],[80.44114,6.2903],[80.44122,6.29045],[80.44113,6.29061],[80.4409,6.29079],[80.44088,6.29087],[80.44094,6.29094],[80.44148,6.29068],[80.44151,6.29051],[80.44141,6.29017],[80.44146,6.28966],[80.4414,6.28931],[80.44196,6.2885],[80.4421,6.28819],[80.44227,6.28798],[80.44246,6.2878],[80.44261,6.28772],[80.44269,6.28771],[80.44284,6.28779],[80.44326,6.28835],[80.44332,6.28852],[80.4433,6.28869],[80.44308,6.2892],[80.44308,6.28937],[80.44324,6.28936],[80.4434,6.28928],[80.44348,6.28932],[80.44348,6.28941],[80.44333,6.28963],[80.44336,6.28974],[80.44343,6.28979],[80.44369,6.28981],[80.44402,6.28959],[80.44434,6.2892],[80.44459,6.28901],[80.44464,6.28894],[80.44465,6.2886],[80.44486,6.28844],[80.44493,6.2879],[80.44486,6.28785],[80.44477,6.28786],[80.44454,6.28799],[80.44419,6.28803],[80.44404,6.28792],[80.44395,6.28772],[80.44369,6.28771],[80.44354,6.28765],[80.4432,6.28735],[80.44319,6.28709],[80.44314,6.28702],[80.44298,6.28696],[80.44291,6.28702],[80.44281,6.28702],[80.44275,6.28696],[80.44278,6.28644],[80.44261,6.2864],[80.44245,6.28672],[80.4424,6.2874],[80.44228,6.28754],[80.44194,6.28766],[80.44181,6.28778],[80.44174,6.2883],[80.44146,6.28846],[80.44092,6.28856],[80.44065,6.28854],[80.4404,6.2888],[80.44072,6.28893],[80.44082,6.28907],[80.44091,6.28941],[80.4406,6.28957],[80.44037,6.28996],[80.4402,6.28997],[80.44013,6.28973],[80.44004,6.28974],[80.43963,6.29009],[80.43949,6.29041],[80.43914,6.29063],[80.43889,6.2911],[80.43856,6.29124],[80.43849,6.29132]]]}},{"type":"Feature","properties":{"c":"orchard","n":"Tea"},"geometry":{"type":"Polygon","coordinates":[[[80.42809,6.29064],[80.4282,6.29125],[80.42841,6.29141],[80.4287,6.29146],[80.42879,6.29142],[80.42888,6.29127],[80.4288,6.29092],[80.42894,6.29068],[80.42929,6.29059],[80.42988,6.29018],[80.43006,6.29011],[80.43017,6.29017],[80.43021,6.29025],[80.42948,6.29126],[80.4295,6.29152],[80.42966,6.29162],[80.42983,6.29164],[80.43025,6.29132],[80.4304,6.29062],[80.43081,6.29023],[80.43125,6.29001],[80.43202,6.2902],[80.43217,6.29018],[80.4324,6.29032],[80.43249,6.29031],[80.4328,6.29],[80.43299,6.28971],[80.43345,6.28961],[80.43362,6.28936],[80.43373,6.2894],[80.43388,6.28924],[80.43412,6.2892],[80.43429,6.28901],[80.43453,6.28888],[80.43488,6.2886],[80.43504,6.28864],[80.43562,6.28914],[80.4363,6.28941],[80.43698,6.28919],[80.43715,6.28919],[80.4374,6.28927],[80.43755,6.28938],[80.43784,6.28989],[80.43798,6.29003],[80.43816,6.29009],[80.43837,6.29026],[80.43864,6.29026],[80.43874,6.29011],[80.43889,6.29],[80.43925,6.28998],[80.43942,6.28966],[80.43968,6.28956],[80.43979,6.28943],[80.43975,6.28892],[80.43966,6.28859],[80.43957,6.2885],[80.43941,6.28845],[80.43933,6.2883],[80.43944,6.28816],[80.43962,6.28813],[80.4398,6.28793],[80.43982,6.28759],[80.43971,6.28721],[80.43985,6.2871],[80.44014,6.28709],[80.4403,6.28686],[80.44041,6.28643],[80.4404,6.28625],[80.44032,6.28601],[80.44019,6.28589],[80.43954,6.28563],[80.43922,6.28564],[80.43887,6.28573],[80.4385,6.28573],[80.43833,6.28567],[80.43758,6.28517],[80.43745,6.28493],[80.43743,6.28469],[80.43679,6.28506],[80.43656,6.28532],[80.43595,6.28574],[80.43568,6.28608],[80.43523,6.28616],[80.43511,6.28625],[80.43484,6.28661],[80.4346,6.28673],[80.4344,6.28693],[80.43396,6.287],[80.4332,6.28724],[80.43237,6.28765],[80.43137,6.2886],[80.43112,6.28868],[80.43051,6.28874],[80.4302,6.28895],[80.43007,6.28917],[80.42965,6.28942],[80.42923,6.28976],[80.42851,6.29008],[80.42824,6.29014],[80.42825,6.29034],[80.42809,6.29064]]]}},{"type":"Feature","properties":{"c":"farmland","n":"Paddy"},"geometry":{"type":"Polygon","coordinates":[[[80.38785,6.33031],[80.38785,6.33051],[80.38802,6.33056],[80.38863,6.3304],[80.3893,6.33012],[80.38943,6.3299],[80.38947,6.32924],[80.38972,6.32866],[80.39058,6.32817],[80.39086,6.32775],[80.39072,6.32765],[80.39064,6.32767],[80.39028,6.32807],[80.38976,6.32818],[80.3895,6.32842],[80.38933,6.32848],[80.38928,6.32864],[80.38934,6.3288],[80.38933,6.32897],[80.38921,6.32911],[80.3888,6.32918],[80.38855,6.32913],[80.38842,6.32954],[80.38785,6.33031]]]}},{"type":"Feature","properties":{"c":"farmland","n":"Paddy"},"geometry":{"type":"Polygon","coordinates":[[[80.38442,6.32234],[80.38443,6.32243],[80.38461,6.32243],[80.38529,6.32197],[80.38567,6.32144],[80.38604,6.32038],[80.38632,6.32016],[80.38722,6.31909],[80.3875,6.31886],[80.38816,6.31854],[80.38825,6.31838],[80.38834,6.31804],[80.38864,6.31782],[80.38877,6.31739],[80.38876,6.31721],[80.38868,6.31717],[80.38836,6.31729],[80.38781,6.318],[80.38727,6.31836],[80.38726,6.3188],[80.38718,6.31895],[80.38676,6.3193],[80.38669,6.31947],[80.38627,6.31977],[80.38586,6.32037],[80.3858,6.32043],[80.38563,6.3204],[80.38546,6.32044],[80.38514,6.32073],[80.38498,6.32078],[80.38493,6.32095],[80.38514,6.32122],[80.38512,6.32139],[80.38472,6.32183],[80.38442,6.32234]]]}},{"type":"Feature","properties":{"c":"scrub"},"geometry":{"type":"Polygon","coordinates":[[[80.44154,6.30051],[80.44158,6.30067],[80.44222,6.30105],[80.44275,6.30116],[80.44293,6.30116],[80.44396,6.30081],[80.44405,6.30067],[80.44405,6.30049],[80.44385,6.29965],[80.44391,6.29948],[80.4443,6.29912],[80.44464,6.29905],[80.44579,6.29858],[80.4459,6.29845],[80.44657,6.29717],[80.44669,6.29684],[80.44676,6.29651],[80.44686,6.29637],[80.44702,6.29629],[80.4472,6.29627],[80.44768,6.29649],[80.44784,6.29643],[80.448,6.2955],[80.44851,6.29491],[80.4488,6.29448],[80.44899,6.29414],[80.44912,6.29363],[80.44963,6.29288],[80.44988,6.29263],[80.45007,6.29265],[80.45016,6.29282],[80.45027,6.29334],[80.45048,6.29333],[80.45078,6.29322],[80.45093,6.29312],[80.45133,6.29254],[80.45166,6.29232],[80.45193,6.29206],[80.45191,6.29171],[80.45181,6.29156],[80.4517,6.29144],[80.45134,6.29131],[80.45103,6.29112],[80.45061,6.29075],[80.45021,6.29067],[80.44898,6.29068],[80.4483,6.29105],[80.44763,6.29134],[80.44734,6.29184],[80.44726,6.29219],[80.44721,6.29254],[80.44744,6.29301],[80.44737,6.2932],[80.44695,6.29356],[80.44676,6.2936],[80.44637,6.29356],[80.44579,6.29387],[80.44547,6.2943],[80.4451,6.29469],[80.44507,6.29504],[80.44522,6.29512],[80.44558,6.29514],[80.44574,6.29523],[80.44579,6.29542],[80.44552,6.29586],[80.44518,6.29604],[80.44444,6.29623],[80.44355,6.29714],[80.44333,6.29774],[80.44289,6.29811],[80.44243,6.29869],[80.44236,6.29885],[80.44243,6.29911],[80.44231,6.29925],[80.44174,6.29965],[80.44154,6.30051]]]}},{"type":"Feature","properties":{"c":"orchard","n":"Tea"},"geometry":{"type":"Polygon","coordinates":[[[80.42034,6.28259],[80.42035,6.28304],[80.42049,6.28313],[80.42192,6.28353],[80.42227,6.28356],[80.42242,6.28346],[80.42268,6.28301],[80.42301,6.28267],[80.42318,6.28264],[80.42359,6.28272],[80.42378,6.2827],[80.42412,6.28258],[80.42422,6.28244],[80.42446,6.28179],[80.42458,6.28165],[80.42465,6.28124],[80.4242,6.28114],[80.42416,6.28097],[80.42418,6.28044],[80.42412,6.28009],[80.42373,6.27985],[80.42346,6.27983],[80.42334,6.27969],[80.4233,6.27942],[80.4232,6.27927],[80.42296,6.27915],[80.4227,6.27909],[80.42256,6.27897],[80.42247,6.27874],[80.4224,6.27868],[80.42223,6.27874],[80.4219,6.27915],[80.42161,6.27971],[80.42141,6.28027],[80.42106,6.28067],[80.42106,6.28093],[80.4213,6.28118],[80.42129,6.28127],[80.42097,6.28146],[80.42084,6.28176],[80.42085,6.28219],[80.42073,6.28231],[80.42054,6.28228],[80.42034,6.28259]]]}},{"type":"Feature","properties":{"c":"farmland","n":"Paddy"},"geometry":{"type":"Polygon","coordinates":[[[80.43781,6.27585],[80.43784,6.27611],[80.43795,6.27624],[80.438,6.2764],[80.43837,6.27661],[80.43848,6.27674],[80.43868,6.27669],[80.43889,6.27682],[80.43905,6.27686],[80.43954,6.2766],[80.43969,6.27659],[80.44012,6.27641],[80.44001,6.27638],[80.43987,6.27625],[80.43973,6.27594],[80.43925,6.27567],[80.43909,6.27563],[80.43886,6.27576],[80.43858,6.27574],[80.43851,6.27569],[80.43837,6.27572],[80.4383,6.27605],[80.43808,6.27617],[80.43789,6.27588],[80.43781,6.27585]]]}},{"type":"Feature","properties":{"c":"farmland","n":"Paddy"},"geometry":{"type":"Polygon","coordinates":[[[80.4321,6.27465],[80.43217,6.27529],[80.43233,6.27548],[80.43241,6.2755],[80.4325,6.27546],[80.43259,6.27531],[80.43262,6.27515],[80.43271,6.27511],[80.43286,6.27507],[80.43301,6.27518],[80.433,6.27536],[80.43258,6.27595],[80.43257,6.27617],[80.43272,6.27628],[80.43281,6.27626],[80.43292,6.27594],[80.4333,6.27574],[80.4334,6.27588],[80.43339,6.27629],[80.43356,6.27678],[80.43353,6.27708],[80.43342,6.27722],[80.43281,6.27752],[80.43251,6.27785],[80.43231,6.27786],[80.43231,6.27808],[80.43222,6.27823],[80.43233,6.27828],[80.43254,6.27821],[80.43297,6.27775],[80.43313,6.27772],[80.43337,6.27797],[80.43348,6.27837],[80.43349,6.27895],[80.4336,6.27934],[80.43373,6.27942],[80.43399,6.27932],[80.43438,6.27925],[80.43445,6.27916],[80.43404,6.27896],[80.43388,6.27884],[80.43381,6.27873],[80.43382,6.27859],[80.43362,6.27768],[80.43384,6.27742],[80.434,6.27738],[80.43415,6.27719],[80.43467,6.27686],[80.43464,6.27669],[80.43457,6.27665],[80.43403,6.27668],[80.43392,6.27659],[80.43391,6.2765],[80.434,6.27634],[80.43424,6.27625],[80.43429,6.27618],[80.43423,6.27602],[80.43382,6.2758],[80.43377,6.27573],[80.43383,6.27545],[80.43408,6.27531],[80.43458,6.27535],[80.43495,6.27512],[80.43517,6.27487],[80.43564,6.27468],[80.43589,6.27468],[80.43645,6.2751],[80.43656,6.27525],[80.43658,6.27558],[80.43665,6.27563],[80.43673,6.27565],[80.43706,6.27554],[80.4374,6.27555],[80.43731,6.27538],[80.43737,6.27514],[80.43785,6.27495],[80.43795,6.27482],[80.4379,6.27465],[80.43725,6.27437],[80.437,6.27448],[80.43674,6.27446],[80.43659,6.27416],[80.43593,6.27363],[80.43563,6.2733],[80.43536,6.27329],[80.43499,6.27365],[80.43458,6.2737],[80.43415,6.27358],[80.43412,6.27341],[80.43419,6.27299],[80.43407,6.27287],[80.4338,6.27294],[80.43352,6.27286],[80.43343,6.2729],[80.43338,6.27297],[80.43347,6.27332],[80.43388,6.27377],[80.43401,6.2741],[80.43403,6.2743],[80.43398,6.27449],[80.43381,6.27469],[80.43373,6.27473],[80.43351,6.27469],[80.43336,6.27446],[80.43291,6.27415],[80.4329,6.27398],[80.43278,6.27374],[80.43269,6.27375],[80.43262,6.27401],[80.43232,6.27424],[80.4321,6.27465]],[[80.43438,6.27456],[80.43441,6.27439],[80.43453,6.27419],[80.43443,6.2741],[80.43441,6.27393],[80.43452,6.2738],[80.43461,6.2738],[80.43484,6.27428],[80.43486,6.27456],[80.43478,6.27472],[80.4347,6.27476],[80.43444,6.27472],[80.43438,6.27456]],[[80.43529,6.2738],[80.43535,6.2736],[80.43552,6.27356],[80.43561,6.27365],[80.43561,6.27378],[80.43553,6.27388],[80.43544,6.2739],[80.43529,6.2738]]]}},{"type":"Feature","properties":{"c":"farmland","n":"Paddy"},"geometry":{"type":"Polygon","coordinates":[[[80.42629,6.28803],[80.42637,6.28846],[80.42648,6.2886],[80.42669,6.28869],[80.42681,6.2889],[80.42698,6.28901],[80.42699,6.28943],[80.42671,6.29005],[80.42676,6.2902],[80.42673,6.29042],[80.42695,6.29058],[80.4273,6.29035],[80.42797,6.29035],[80.42824,6.29014],[80.42851,6.29008],[80.42923,6.28976],[80.42965,6.28942],[80.43007,6.28917],[80.4302,6.28895],[80.43051,6.28874],[80.43112,6.28868],[80.43137,6.2886],[80.43237,6.28765],[80.4332,6.28724],[80.43396,6.287],[80.4344,6.28693],[80.4346,6.28673],[80.43484,6.28661],[80.43511,6.28625],[80.43523,6.28616],[80.43575,6.28603],[80.43595,6.28574],[80.43656,6.28532],[80.43686,6.285],[80.43743,6.28469],[80.43773,6.28459],[80.43792,6.28443],[80.43825,6.28435],[80.43846,6.28409],[80.4386,6.28398],[80.43913,6.2839],[80.43956,6.28365],[80.44016,6.28373],[80.44057,6.2835],[80.44065,6.28339],[80.44072,6.28305],[80.44114,6.28265],[80.44128,6.28261],[80.44138,6.28271],[80.44169,6.28275],[80.44186,6.28261],[80.44182,6.2824],[80.44173,6.28226],[80.44206,6.28167],[80.44205,6.2815],[80.44197,6.2813],[80.44185,6.28138],[80.44131,6.28201],[80.44123,6.28203],[80.44106,6.28199],[80.441,6.28174],[80.44092,6.28169],[80.44057,6.28165],[80.44046,6.2818],[80.44047,6.28197],[80.44052,6.28204],[80.44084,6.28219],[80.44089,6.28225],[80.44091,6.28251],[80.44068,6.28291],[80.43992,6.28341],[80.43973,6.28342],[80.43957,6.28336],[80.43939,6.28306],[80.43906,6.2829],[80.43888,6.2829],[80.4389,6.28306],[80.43913,6.28321],[80.43917,6.2833],[80.43905,6.28354],[80.43878,6.28365],[80.43852,6.28369],[80.43819,6.28384],[80.438,6.28386],[80.43776,6.28372],[80.43771,6.28354],[80.4376,6.28339],[80.43729,6.28309],[80.43721,6.28284],[80.43706,6.28294],[80.43705,6.28303],[80.43723,6.28342],[80.43725,6.28359],[80.43718,6.28376],[80.4371,6.2838],[80.437,6.2838],[80.43678,6.28366],[80.43667,6.28352],[80.43663,6.28335],[80.43674,6.28313],[80.4367,6.283],[80.43632,6.28301],[80.43576,6.28289],[80.43548,6.28291],[80.4344,6.28346],[80.43393,6.28381],[80.43364,6.28439],[80.43357,6.28467],[80.43364,6.28486],[80.43362,6.2851],[80.43356,6.28534],[80.43336,6.28571],[80.43325,6.28582],[80.43313,6.28577],[80.43308,6.2856],[80.43301,6.28554],[80.43286,6.28555],[80.43248,6.28583],[80.43236,6.28596],[80.4323,6.28613],[80.43183,6.28646],[80.43177,6.28664],[80.43178,6.28717],[80.43171,6.28729],[80.43155,6.28741],[80.43099,6.2876],[80.42982,6.28875],[80.42919,6.28922],[80.42896,6.28929],[80.42871,6.28924],[80.42848,6.28906],[80.42831,6.28876],[80.42806,6.28865],[80.4278,6.28867],[80.42741,6.28888],[80.42724,6.28888],[80.42718,6.2886],[80.4272,6.28832],[80.42731,6.28818],[80.42774,6.28801],[80.42792,6.28781],[80.42798,6.28765],[80.42786,6.28752],[80.4277,6.28747],[80.42752,6.28748],[80.42737,6.28769],[80.42722,6.28778],[80.4265,6.28779],[80.42642,6.28782],[80.42629,6.28803]],[[80.43364,6.2863],[80.43382,6.28536],[80.43403,6.28524],[80.43415,6.28499],[80.43407,6.28483],[80.43403,6.28458],[80.43413,6.28428],[80.43425,6.28406],[80.43446,6.28391],[80.43473,6.28356],[80.43515,6.28344],[80.43523,6.28348],[80.43531,6.28363],[80.4354,6.28363],[80.43548,6.2836],[80.43562,6.28329],[80.43603,6.28323],[80.43652,6.28352],[80.43658,6.28367],[80.43723,6.2841],[80.43731,6.28426],[80.43729,6.28443],[80.43722,6.28448],[80.43683,6.28449],[80.43653,6.28472],[80.43637,6.28492],[80.43612,6.285],[80.43605,6.28526],[80.43588,6.28545],[80.43552,6.28564],[80.43526,6.28567],[80.43505,6.28595],[80.43473,6.2861],[80.43441,6.28653],[80.43415,6.28677],[80.43385,6.28677],[80.43368,6.28671],[80.43364,6.2863]]]}},{"type":"Feature","properties":{"c":"orchard","n":"Tea"},"geometry":{"type":"Polygon","coordinates":[[[80.43865,6.28492],[80.43873,6.28501],[80.43934,6.28498],[80.43953,6.28514],[80.43966,6.28518],[80.43989,6.28515],[80.44016,6.28544],[80.44053,6.28538],[80.44095,6.28544],[80.44129,6.28562],[80.44141,6.28577],[80.44129,6.286],[80.44103,6.28629],[80.44067,6.28692],[80.44014,6.2874],[80.44008,6.28763],[80.44016,6.28772],[80.4404,6.28777],[80.44051,6.28772],[80.44061,6.2875],[80.44061,6.28725],[80.44068,6.28715],[80.44093,6.28711],[80.44105,6.28715],[80.44114,6.28706],[80.44188,6.28606],[80.44211,6.28563],[80.44228,6.28504],[80.44221,6.28482],[80.44204,6.2846],[80.44226,6.28447],[80.44254,6.28455],[80.44266,6.28453],[80.44294,6.28427],[80.44325,6.28412],[80.44379,6.28359],[80.44445,6.28317],[80.44484,6.2827],[80.44491,6.2824],[80.44519,6.28184],[80.44522,6.28172],[80.44516,6.28149],[80.44494,6.28151],[80.44455,6.28182],[80.44435,6.28212],[80.44409,6.28239],[80.44386,6.28237],[80.44337,6.28204],[80.44303,6.28154],[80.44302,6.2813],[80.44286,6.28116],[80.44274,6.28095],[80.44251,6.28075],[80.44245,6.28076],[80.44222,6.28095],[80.44207,6.28126],[80.44197,6.2813],[80.44205,6.2815],[80.44206,6.28167],[80.44173,6.28226],[80.44182,6.2824],[80.44186,6.28261],[80.44169,6.28275],[80.44138,6.28271],[80.44128,6.28261],[80.44114,6.28265],[80.44072,6.28305],[80.44065,6.28339],[80.44057,6.2835],[80.44016,6.28373],[80.43976,6.28377],[80.43967,6.28388],[80.43962,6.28459],[80.43927,6.28471],[80.43879,6.28475],[80.43869,6.28482],[80.43865,6.28492]]]}},{"type":"Feature","properties":{"c":"farmland","n":"Paddy"},"geometry":{"type":"Polygon","coordinates":[[[80.44025,6.28098],[80.44035,6.28119],[80.44052,6.28126],[80.44113,6.28113],[80.44142,6.28116],[80.44187,6.28131],[80.44197,6.2813],[80.44211,6.28096],[80.44255,6.2805],[80.4428,6.28032],[80.44301,6.28026],[80.44314,6.28025],[80.44354,6.28045],[80.44409,6.28058],[80.44437,6.28087],[80.44454,6.28083],[80.44489,6.28051],[80.44484,6.28037],[80.44498,6.28004],[80.44467,6.27952],[80.44468,6.27918],[80.44476,6.27902],[80.44493,6.27893],[80.44518,6.27868],[80.44533,6.27835],[80.44554,6.27817],[80.44563,6.27801],[80.44596,6.27773],[80.44677,6.27747],[80.44722,6.27712],[80.44764,6.27692],[80.44854,6.27613],[80.44908,6.27597],[80.44949,6.27574],[80.45011,6.27514],[80.45066,6.27435],[80.451,6.27417],[80.45107,6.27407],[80.45153,6.27334],[80.45152,6.2731],[80.4514,6.27311],[80.45108,6.27347],[80.45088,6.27361],[80.45043,6.27377],[80.45022,6.2739],[80.45006,6.27411],[80.4501,6.27435],[80.45004,6.27444],[80.44968,6.27448],[80.44958,6.27455],[80.44947,6.2749],[80.44918,6.27525],[80.449,6.2754],[80.4481,6.27586],[80.44684,6.27697],[80.44597,6.27727],[80.44563,6.27759],[80.44532,6.27774],[80.44472,6.27815],[80.44459,6.27835],[80.44458,6.27854],[80.44419,6.27884],[80.44417,6.27897],[80.44437,6.27911],[80.44436,6.27923],[80.44397,6.27984],[80.44388,6.27989],[80.44363,6.27984],[80.4437,6.27923],[80.44365,6.27912],[80.44355,6.27904],[80.44331,6.27906],[80.44316,6.27922],[80.44317,6.27946],[80.443,6.27957],[80.44265,6.27968],[80.44257,6.27977],[80.44239,6.28033],[80.44194,6.28051],[80.44144,6.28083],[80.44122,6.28077],[80.44116,6.28054],[80.44095,6.28063],[80.4405,6.28071],[80.44039,6.28078],[80.44025,6.28098]]]}},{"type":"Feature","properties":{"c":"scrub"},"geometry":{"type":"Polygon","coordinates":[[[80.43813,6.27916],[80.43825,6.27965],[80.43841,6.27973],[80.43881,6.2797],[80.43894,6.27974],[80.43918,6.27996],[80.43935,6.27975],[80.44002,6.27923],[80.44044,6.27913],[80.44083,6.27891],[80.44119,6.27865],[80.44136,6.2783],[80.44133,6.27806],[80.44123,6.27782],[80.44069,6.27718],[80.44032,6.27705],[80.43927,6.27765],[80.43844,6.278],[80.43835,6.27808],[80.43825,6.2783],[80.43822,6.27878],[80.43813,6.27916]]]}},{"type":"Feature","properties":{"c":"scrub"},"geometry":{"type":"Polygon","coordinates":[[[80.64883,6.26214],[80.64885,6.26236],[80.64918,6.26264],[80.64949,6.26308],[80.64949,6.26361],[80.64958,6.26394],[80.64999,6.26487],[80.65027,6.26518],[80.65021,6.26538],[80.64996,6.26572],[80.64997,6.26583],[80.65011,6.2661],[80.65042,6.26639],[80.65063,6.26649],[80.65118,6.26652],[80.65143,6.26666],[80.65186,6.26675],[80.65248,6.2666],[80.653,6.26661],[80.65342,6.26679],[80.65368,6.26712],[80.65431,6.26759],[80.65473,6.26761],[80.65515,6.2673],[80.65546,6.26675],[80.65544,6.26644],[80.65532,6.26626],[80.65501,6.26608],[80.65461,6.26595],[80.65369,6.266],[80.6535,6.26577],[80.65351,6.26556],[80.65334,6.26529],[80.65321,6.26527],[80.65233,6.26538],[80.65207,6.26523],[80.65204,6.26502],[80.65227,6.26466],[80.6526,6.26436],[80.65294,6.26395],[80.65315,6.26389],[80.65341,6.2637],[80.65359,6.26334],[80.65404,6.26289],[80.65431,6.26275],[80.65454,6.26241],[80.65458,6.26222],[80.65448,6.26217],[80.65414,6.26219],[80.65364,6.26243],[80.65353,6.26245],[80.65344,6.2624],[80.65339,6.26188],[80.65363,6.26153],[80.65473,6.26089],[80.65506,6.26086],[80.65636,6.2609],[80.65717,6.26045],[80.65733,6.26031],[80.65735,6.26009],[80.65717,6.25971],[80.65671,6.25945],[80.65654,6.25888],[80.65639,6.2586],[80.65597,6.25846],[80.65499,6.25838],[80.65457,6.25824],[80.65449,6.25816],[80.65437,6.25786],[80.65427,6.2578],[80.65371,6.25776],[80.65338,6.25782],[80.65312,6.25813],[80.65332,6.25851],[80.65336,6.25882],[80.65316,6.25885],[80.65296,6.25877],[80.65262,6.25873],[80.65232,6.2586],[80.65189,6.25868],[80.65154,6.25866],[80.65132,6.25903],[80.65114,6.25916],[80.65104,6.25918],[80.65092,6.25918],[80.65055,6.25895],[80.65045,6.25876],[80.65041,6.25843],[80.65032,6.25837],[80.64955,6.25834],[80.64933,6.25845],[80.64929,6.25888],[80.64956,6.25946],[80.64996,6.25965],[80.65004,6.25984],[80.65003,6.26005],[80.64985,6.26065],[80.64949,6.26127],[80.64936,6.26168],[80.64889,6.26197],[80.64883,6.26214]]]}},{"type":"Feature","properties":{"c":"forest"},"geometry":{"type":"Polygon","coordinates":[[[80.64349,6.27906],[80.64357,6.27935],[80.64378,6.2796],[80.64381,6.27979],[80.64389,6.27986],[80.64392,6.28006],[80.64385,6.28055],[80.64355,6.28125],[80.64352,6.28164],[80.64402,6.28275],[80.64419,6.28332],[80.64502,6.28363],[80.64509,6.28399],[80.64529,6.28431],[80.64552,6.28448],[80.64557,6.28466],[80.6457,6.28479],[80.64608,6.28493],[80.64624,6.28516],[80.64622,6.28535],[80.64613,6.28551],[80.64573,6.28592],[80.64573,6.28613],[80.64558,6.28657],[80.64512,6.28694],[80.6451,6.28731],[80.64496,6.28775],[80.6444,6.28826],[80.64468,6.28907],[80.64513,6.28952],[80.64534,6.29021],[80.64584,6.29065],[80.6465,6.29104],[80.64691,6.29167],[80.64717,6.29183],[80.64755,6.29227],[80.64766,6.29255],[80.64795,6.2927],[80.64869,6.29283],[80.64898,6.29283],[80.64935,6.29258],[80.64971,6.29222],[80.65059,6.29112],[80.65132,6.29062],[80.65155,6.29042],[80.65167,6.29014],[80.65223,6.28961],[80.65277,6.28933],[80.65326,6.28884],[80.6533,6.28828],[80.65308,6.28783],[80.65307,6.28726],[80.65298,6.28708],[80.65247,6.28677],[80.6524,6.28641],[80.65241,6.2862],[80.653,6.28574],[80.65338,6.28523],[80.65338,6.28483],[80.65324,6.28433],[80.65325,6.28361],[80.65375,6.28231],[80.65428,6.28191],[80.6548,6.28174],[80.65493,6.2816],[80.65486,6.28142],[80.65459,6.28116],[80.65459,6.28095],[80.65467,6.28087],[80.65498,6.28092],[80.65598,6.28151],[80.65677,6.28187],[80.65726,6.28223],[80.65776,6.2827],[80.6582,6.28299],[80.65828,6.28303],[80.65863,6.28302],[80.65847,6.28258],[80.65828,6.28224],[80.65762,6.28157],[80.65742,6.28105],[80.6573,6.28095],[80.65676,6.2807],[80.65646,6.28018],[80.65591,6.27972],[80.65573,6.2795],[80.65567,6.27938],[80.65567,6.27911],[80.65582,6.27888],[80.65596,6.27888],[80.65608,6.27894],[80.65624,6.27916],[80.65647,6.27934],[80.65662,6.27941],[80.6569,6.27944],[80.65769,6.27994],[80.65784,6.28023],[80.65793,6.28031],[80.65853,6.28056],[80.65881,6.28059],[80.65924,6.28095],[80.65953,6.28112],[80.65982,6.28111],[80.6602,6.28092],[80.66063,6.28044],[80.66083,6.28035],[80.661,6.28031],[80.66137,6.28039],[80.6615,6.28057],[80.66153,6.28074],[80.66146,6.28102],[80.66124,6.28126],[80.66091,6.28177],[80.66092,6.28198],[80.66112,6.28223],[80.66117,6.28269],[80.6611,6.28287],[80.66083,6.28316],[80.66075,6.28349],[80.66093,6.28393],[80.66137,6.28459],[80.66169,6.28479],[80.6621,6.28492],[80.66206,6.28548],[80.66227,6.28585],[80.66266,6.28675],[80.66306,6.2874],[80.66318,6.28798],[80.66467,6.28938],[80.66504,6.28964],[80.66554,6.28983],[80.66591,6.29015],[80.66681,6.29166],[80.66696,6.29188],[80.66715,6.29202],[80.66728,6.29169],[80.66731,6.29067],[80.66744,6.29001],[80.66768,6.28938],[80.66741,6.28911],[80.66725,6.28881],[80.66717,6.28839],[80.6672,6.28795],[80.66674,6.28748],[80.66659,6.28686],[80.66665,6.28595],[80.66651,6.28529],[80.66633,6.28513],[80.66589,6.28523],[80.66531,6.28543],[80.66502,6.28568],[80.66473,6.28581],[80.66446,6.28577],[80.66421,6.28562],[80.66387,6.28517],[80.66382,6.2849],[80.66382,6.28463],[80.66391,6.2845],[80.66408,6.28443],[80.66445,6.28444],[80.66484,6.28454],[80.66509,6.2845],[80.66544,6.28427],[80.66545,6.28401],[80.66525,6.28362],[80.66527,6.2835],[80.66538,6.28328],[80.66556,6.28316],[80.66608,6.28301],[80.66615,6.28293],[80.66626,6.28268],[80.66637,6.28195],[80.66635,6.28169],[80.66625,6.28144],[80.66607,6.28119],[80.66531,6.28068],[80.66376,6.27993],[80.66335,6.27927],[80.66378,6.27856],[80.66403,6.2784],[80.66457,6.27832],[80.66491,6.27812],[80.66527,6.27763],[80.66538,6.27705],[80.66581,6.27665],[80.66585,6.27646],[80.66536,6.27573],[80.66505,6.27556],[80.66388,6.27523],[80.66361,6.27495],[80.6636,6.27452],[80.66368,6.27394],[80.66359,6.27376],[80.66323,6.27362],[80.66311,6.27364],[80.66265,6.27388],[80.66186,6.27389],[80.66159,6.27384],[80.66122,6.27367],[80.66082,6.27367],[80.66015,6.27355],[80.66004,6.27349],[80.65998,6.27338],[80.65995,6.27293],[80.65983,6.27289],[80.65916,6.27288],[80.65872,6.2726],[80.6586,6.27259],[80.65822,6.27275],[80.65796,6.27273],[80.65766,6.27246],[80.65741,6.27237],[80.65684,6.27197],[80.65637,6.27194],[80.65611,6.272],[80.65582,6.27199],[80.65551,6.27176],[80.65533,6.2714],[80.65461,6.27134],[80.65434,6.27103],[80.6539,6.27079],[80.65382,6.27068],[80.65383,6.2704],[80.6539,6.27027],[80.65411,6.2701],[80.65449,6.2699],[80.65458,6.26981],[80.65468,6.26958],[80.6547,6.26943],[80.65426,6.26908],[80.65399,6.26905],[80.6531,6.26915],[80.65203,6.26996],[80.65139,6.27022],[80.65087,6.27018],[80.65013,6.26986],[80.64975,6.26976],[80.64936,6.26979],[80.64893,6.27007],[80.64866,6.27012],[80.64853,6.27008],[80.6482,6.26985],[80.6481,6.26961],[80.64792,6.2694],[80.64769,6.26928],[80.64743,6.26927],[80.64699,6.26938],[80.64624,6.26973],[80.64615,6.26982],[80.64588,6.27037],[80.6458,6.27125],[80.64561,6.27176],[80.64549,6.27199],[80.64541,6.27203],[80.64539,6.2724],[80.64509,6.27297],[80.64478,6.2733],[80.64469,6.27349],[80.64472,6.27369],[80.64487,6.27392],[80.6453,6.27422],[80.64546,6.27448],[80.6454,6.27483],[80.64532,6.275],[80.64486,6.27515],[80.64451,6.2757],[80.64449,6.27591],[80.64436,6.27623],[80.64433,6.2767],[80.64397,6.27723],[80.64394,6.27751],[80.64377,6.2779],[80.6435,6.27887],[80.64349,6.27906]]]}},{"type":"Feature","properties":{"c":"scrub"},"geometry":{"type":"Polygon","coordinates":[[[80.64581,6.27007],[80.64588,6.27037],[80.64615,6.26982],[80.64624,6.26973],[80.64699,6.26938],[80.64757,6.26927],[80.64769,6.26928],[80.64792,6.2694],[80.6481,6.26961],[80.6482,6.26985],[80.64853,6.27008],[80.64866,6.27012],[80.64893,6.27007],[80.64936,6.26979],[80.64975,6.26976],[80.65013,6.26986],[80.65087,6.27018],[80.65139,6.27022],[80.65203,6.26996],[80.6531,6.26915],[80.65361,6.26912],[80.65376,6.26861],[80.65377,6.26841],[80.65372,6.2682],[80.65361,6.26802],[80.65327,6.26777],[80.65276,6.26763],[80.65244,6.26764],[80.65223,6.26769],[80.65206,6.2678],[80.65156,6.26847],[80.65107,6.26863],[80.65061,6.26867],[80.65019,6.26864],[80.64979,6.2683],[80.64884,6.2681],[80.64876,6.26803],[80.6486,6.26777],[80.6487,6.26716],[80.64836,6.26687],[80.64781,6.26656],[80.64705,6.26656],[80.64687,6.26663],[80.6468,6.26671],[80.64677,6.26681],[80.64686,6.26711],[80.64684,6.26739],[80.6467,6.26767],[80.64639,6.26871],[80.64586,6.26974],[80.64581,6.27007]]]}},{"type":"Feature","properties":{"c":"farmland","n":"Paddy"},"geometry":{"type":"Polygon","coordinates":[[[80.62907,6.26441],[80.62913,6.26516],[80.62934,6.26583],[80.6294,6.26655],[80.62951,6.26688],[80.62951,6.26702],[80.62923,6.2679],[80.62925,6.26804],[80.62943,6.26803],[80.62953,6.26781],[80.62973,6.26777],[80.62976,6.26791],[80.6297,6.26815],[80.62948,6.26835],[80.62927,6.26867],[80.62925,6.26885],[80.62945,6.26885],[80.62956,6.26862],[80.62962,6.26861],[80.6298,6.26868],[80.62995,6.26885],[80.63019,6.26888],[80.63032,6.26884],[80.63041,6.26875],[80.63061,6.26841],[80.63046,6.26798],[80.63047,6.2678],[80.6307,6.26762],[80.6309,6.26768],[80.63097,6.26783],[80.63081,6.26815],[80.63083,6.26832],[80.63099,6.26841],[80.63131,6.2684],[80.63181,6.26814],[80.63186,6.26817],[80.63204,6.26857],[80.6321,6.26881],[80.63229,6.26898],[80.63241,6.26895],[80.63247,6.26883],[80.63243,6.26866],[80.63233,6.2685],[80.63225,6.26825],[80.63227,6.268],[80.63242,6.26781],[80.63299,6.2677],[80.63343,6.26794],[80.63368,6.26794],[80.63378,6.26801],[80.63375,6.26832],[80.63379,6.26875],[80.63402,6.26914],[80.63394,6.26945],[80.63368,6.26961],[80.63349,6.27009],[80.6335,6.27035],[80.63363,6.27046],[80.63374,6.27043],[80.63388,6.27015],[80.63424,6.26983],[80.63448,6.26918],[80.63465,6.26908],[80.63492,6.26902],[80.63499,6.26892],[80.635,6.2688],[80.63488,6.26855],[80.63492,6.26831],[80.63528,6.26773],[80.63546,6.26719],[80.63562,6.26698],[80.63564,6.26686],[80.63542,6.26675],[80.63511,6.26671],[80.63506,6.26648],[80.63492,6.26648],[80.63444,6.2668],[80.6342,6.26684],[80.63382,6.26684],[80.63359,6.2669],[80.63329,6.2674],[80.63313,6.26746],[80.63302,6.26742],[80.63294,6.26725],[80.63273,6.26705],[80.63277,6.26681],[80.63299,6.26657],[80.63295,6.26653],[80.63213,6.26686],[80.63207,6.26696],[80.63208,6.26732],[80.63193,6.26773],[80.63173,6.26785],[80.63143,6.26782],[80.63136,6.26772],[80.63139,6.2676],[80.63169,6.26728],[80.63167,6.26716],[80.6315,6.26711],[80.63112,6.26713],[80.63096,6.2669],[80.63074,6.26681],[80.6307,6.26662],[80.63089,6.26611],[80.63099,6.26604],[80.6312,6.26611],[80.63132,6.2661],[80.63142,6.26587],[80.63165,6.26576],[80.63164,6.2654],[80.63153,6.26537],[80.63126,6.26545],[80.6309,6.26547],[80.63065,6.26539],[80.63055,6.26518],[80.63065,6.26482],[80.63064,6.26457],[80.6305,6.26438],[80.63029,6.26428],[80.62995,6.26418],[80.62971,6.26416],[80.62907,6.26441]]]}},{"type":"Feature","properties":{"c":"orchard","n":"Tea"},"geometry":{"type":"Polygon","coordinates":[[[80.62696,6.2734],[80.62722,6.27455],[80.62788,6.27457],[80.62812,6.27468],[80.62844,6.27459],[80.62889,6.27458],[80.62919,6.27448],[80.62948,6.27411],[80.62958,6.27404],[80.62987,6.27388],[80.63039,6.27387],[80.63062,6.27367],[80.63082,6.27334],[80.63098,6.27322],[80.63113,6.27322],[80.631,6.27303],[80.63065,6.27271],[80.6306,6.2726],[80.63059,6.27234],[80.63021,6.27164],[80.63023,6.2714],[80.63033,6.27117],[80.63029,6.27093],[80.62996,6.2705],[80.62976,6.27017],[80.62971,6.26993],[80.62949,6.26963],[80.62902,6.26954],[80.62835,6.26922],[80.6281,6.26917],[80.62773,6.26917],[80.62729,6.26941],[80.62737,6.27113],[80.6271,6.27159],[80.62709,6.27182],[80.62733,6.27229],[80.62728,6.27269],[80.62705,6.273],[80.62696,6.2734]]]}},{"type":"Feature","properties":{"c":"farmland","n":"Paddy"},"geometry":{"type":"Polygon","coordinates":[[[80.62135,6.26685],[80.62141,6.26729],[80.6217,6.2675],[80.62194,6.26759],[80.62208,6.26779],[80.62209,6.26791],[80.62218,6.268],[80.6223,6.26802],[80.62249,6.26869],[80.62261,6.26872],[80.62279,6.26854],[80.62284,6.26843],[80.62281,6.26813],[80.62291,6.26806],[80.62306,6.26747],[80.62298,6.26732],[80.62284,6.26721],[80.62267,6.2672],[80.62251,6.26729],[80.62224,6.26723],[80.62188,6.26687],[80.62196,6.26653],[80.62203,6.26647],[80.62238,6.26639],[80.62255,6.26618],[80.62254,6.266],[80.62244,6.26585],[80.62219,6.26581],[80.62193,6.26588],[80.62147,6.26626],[80.62135,6.26685]]]}},{"type":"Feature","properties":{"c":"orchard","n":"Tea"},"geometry":{"type":"Polygon","coordinates":[[[80.62033,6.27328],[80.6204,6.27339],[80.62052,6.27341],[80.62088,6.27336],[80.62118,6.27313],[80.62149,6.27274],[80.6216,6.27267],[80.62173,6.27266],[80.62205,6.27281],[80.62208,6.27292],[80.62219,6.273],[80.62282,6.27302],[80.62341,6.27332],[80.62357,6.2735],[80.62361,6.27374],[80.62355,6.27433],[80.62332,6.27478],[80.62329,6.27514],[80.62335,6.27524],[80.62367,6.2754],[80.62394,6.27567],[80.62429,6.27549],[80.62439,6.2754],[80.62438,6.27534],[80.6242,6.27517],[80.62365,6.27489],[80.62366,6.27483],[80.62372,6.2748],[80.62392,6.27483],[80.62476,6.27514],[80.6254,6.27514],[80.62571,6.27522],[80.62564,6.27509],[80.62564,6.27485],[80.62576,6.27472],[80.62635,6.27484],[80.62658,6.27478],[80.62704,6.27457],[80.62722,6.27455],[80.62696,6.2734],[80.62671,6.27343],[80.62606,6.27341],[80.62594,6.27335],[80.62563,6.27299],[80.62539,6.27239],[80.62538,6.27227],[80.62551,6.27168],[80.6251,6.27107],[80.62517,6.27077],[80.62548,6.27059],[80.62551,6.27047],[80.62549,6.27035],[80.62531,6.27018],[80.62517,6.26997],[80.625,6.26938],[80.62504,6.26916],[80.62526,6.26908],[80.62553,6.26908],[80.62589,6.26918],[80.62599,6.26913],[80.62596,6.26901],[80.62572,6.26891],[80.6257,6.2688],[80.62577,6.26869],[80.62599,6.26856],[80.62623,6.26815],[80.62629,6.26791],[80.62618,6.26787],[80.62579,6.26788],[80.62559,6.26774],[80.62447,6.26784],[80.62376,6.26769],[80.62319,6.26747],[80.62306,6.26747],[80.62291,6.26806],[80.62281,6.26813],[80.62284,6.26843],[80.62279,6.26854],[80.62261,6.26872],[80.62249,6.26869],[80.6223,6.26802],[80.62218,6.268],[80.62209,6.26791],[80.62208,6.26779],[80.62194,6.26759],[80.6217,6.2675],[80.62141,6.26729],[80.62136,6.26706],[80.62106,6.26776],[80.62098,6.26815],[80.62094,6.27011],[80.62105,6.27033],[80.62118,6.27033],[80.62161,6.27058],[80.62173,6.2708],[80.6222,6.2712],[80.62222,6.27132],[80.62208,6.27153],[80.62186,6.27169],[80.62162,6.27198],[80.62129,6.27219],[80.62114,6.27242],[80.62051,6.27295],[80.62033,6.27328]]]}},{"type":"Feature","properties":{"c":"farmland","n":"Padd"},"geometry":{"type":"Polygon","coordinates":[[[80.60451,6.25897],[80.60468,6.259],[80.60502,6.25894],[80.6054,6.25868],[80.60583,6.25847],[80.60596,6.25833],[80.60632,6.25831],[80.60658,6.25822],[80.60743,6.25774],[80.60783,6.25759],[80.60863,6.25756],[80.60898,6.25749],[80.60908,6.25742],[80.60911,6.2573],[80.60927,6.25715],[80.60925,6.25701],[80.60865,6.25711],[80.60831,6.25698],[80.60806,6.25701],[80.60799,6.25694],[80.60802,6.25686],[80.60831,6.2566],[80.60821,6.25648],[80.60803,6.25642],[80.60798,6.25625],[80.60805,6.25609],[80.60802,6.25582],[80.60823,6.25554],[80.60833,6.25519],[80.60825,6.25514],[80.60808,6.25523],[80.60782,6.25573],[80.60778,6.2559],[80.60781,6.25617],[80.60746,6.25695],[80.60721,6.25721],[80.60695,6.2573],[80.60689,6.25737],[80.60684,6.25763],[80.60651,6.25794],[80.60647,6.25802],[80.60623,6.25816],[80.60587,6.25823],[80.60545,6.2584],[80.60473,6.2586],[80.60459,6.25872],[80.60451,6.25897]]]}},{"type":"Feature","properties":{"c":"farmland","n":"Padd"},"geometry":{"type":"Polygon","coordinates":[[[80.59964,6.26083],[80.59976,6.26099],[80.59986,6.26121],[80.60016,6.26162],[80.60032,6.26173],[80.60051,6.26176],[80.60073,6.2621],[80.60088,6.26221],[80.60105,6.26216],[80.60132,6.26191],[80.60153,6.26184],[80.60179,6.26157],[80.60204,6.26142],[80.60208,6.26133],[80.60206,6.26124],[80.6019,6.2609],[80.60197,6.26084],[80.60225,6.26082],[80.60276,6.2614],[80.60285,6.2614],[80.6029,6.26113],[80.60317,6.26107],[80.60322,6.26099],[80.60321,6.2609],[80.60314,6.26084],[80.60295,6.26082],[80.60279,6.26092],[80.60259,6.26084],[80.60257,6.26075],[80.6024,6.26065],[80.60234,6.26058],[80.60237,6.26028],[80.60179,6.25997],[80.60173,6.25956],[80.60153,6.25919],[80.60136,6.25912],[80.6012,6.25899],[80.60111,6.25899],[80.60101,6.25909],[80.60076,6.25895],[80.60071,6.2588],[80.60074,6.25861],[80.60063,6.25836],[80.60052,6.25826],[80.60034,6.25831],[80.60013,6.2586],[80.60013,6.25897],[80.60025,6.25911],[80.60059,6.25918],[80.60077,6.25935],[80.60077,6.25954],[80.60056,6.25984],[80.60054,6.25998],[80.60092,6.26066],[80.60106,6.26079],[80.60102,6.261],[80.60069,6.26132],[80.60051,6.26142],[80.60041,6.26142],[80.60021,6.26129],[80.6,6.26077],[80.59981,6.26074],[80.59964,6.26083]]]}},{"type":"Feature","properties":{"c":"farmland","n":"Padd"},"geometry":{"type":"Polygon","coordinates":[[[80.60794,6.26752],[80.60807,6.26765],[80.60825,6.26768],[80.60832,6.26785],[80.6083,6.26804],[80.60808,6.26856],[80.60806,6.26874],[80.60823,6.26882],[80.60861,6.26871],[80.60926,6.26868],[80.60943,6.26862],[80.60944,6.26844],[80.60874,6.26779],[80.60873,6.2674],[80.60877,6.26719],[80.60904,6.26678],[80.60965,6.26647],[80.60973,6.26628],[80.60972,6.26591],[80.60944,6.26511],[80.60951,6.26494],[80.60968,6.26485],[80.60997,6.26482],[80.61017,6.26502],[80.61028,6.2653],[80.61031,6.26573],[80.61018,6.2661],[80.61027,6.26625],[80.61027,6.26634],[80.61009,6.26699],[80.60992,6.26733],[80.60997,6.26751],[80.61004,6.26758],[80.61015,6.26758],[80.61033,6.2675],[80.61038,6.26742],[80.61037,6.26704],[80.61059,6.26675],[80.61076,6.2664],[80.61085,6.2664],[80.61092,6.26656],[80.61103,6.26656],[80.61111,6.26652],[80.61126,6.26627],[80.61146,6.26607],[80.61166,6.26598],[80.61198,6.26595],[80.61206,6.26589],[80.61205,6.2657],[80.61179,6.26537],[80.61177,6.26518],[80.61185,6.26501],[80.61215,6.26479],[80.61215,6.2647],[80.61199,6.26461],[80.61169,6.26462],[80.61102,6.26504],[80.61092,6.26507],[80.61082,6.26504],[80.61075,6.26477],[80.61086,6.26445],[80.61077,6.26428],[80.6102,6.2639],[80.60997,6.26348],[80.60967,6.26344],[80.60947,6.26351],[80.60935,6.26365],[80.60931,6.26393],[80.60953,6.26456],[80.60942,6.26472],[80.60906,6.26495],[80.60899,6.26513],[80.60901,6.26531],[80.60941,6.26571],[80.60944,6.26589],[80.60942,6.26608],[80.6091,6.26634],[80.6084,6.26712],[80.60794,6.26752]]]}},{"type":"Feature","properties":{"c":"farmland","n":"Padd"},"geometry":{"type":"Polygon","coordinates":[[[80.60313,6.26676],[80.60315,6.26685],[80.60348,6.26703],[80.60352,6.26711],[80.60347,6.26735],[80.60318,6.2676],[80.60318,6.2677],[80.60324,6.26775],[80.60362,6.26786],[80.60373,6.26801],[80.60378,6.26829],[80.60383,6.26836],[80.60392,6.26837],[80.60402,6.26835],[80.60408,6.26817],[80.60407,6.26808],[80.60389,6.26784],[80.60387,6.26765],[80.60406,6.26712],[80.60417,6.26697],[80.60429,6.26701],[80.60434,6.2671],[80.60428,6.26749],[80.60439,6.26771],[80.60509,6.26778],[80.60518,6.26768],[80.60508,6.26758],[80.6047,6.26739],[80.60453,6.26689],[80.60439,6.26663],[80.60443,6.2665],[80.60458,6.2664],[80.60476,6.26636],[80.60495,6.26639],[80.6054,6.26628],[80.60561,6.26636],[80.60599,6.26637],[80.60609,6.26647],[80.60613,6.2667],[80.60629,6.267],[80.60616,6.26776],[80.60614,6.26808],[80.60624,6.2681],[80.6065,6.2676],[80.60651,6.26734],[80.60664,6.26703],[80.60664,6.26694],[80.60644,6.26663],[80.60649,6.26635],[80.60709,6.26598],[80.60764,6.26601],[80.60765,6.26596],[80.60746,6.26563],[80.60733,6.2656],[80.60705,6.26572],[80.60679,6.26596],[80.60623,6.26614],[80.6056,6.26615],[80.60547,6.26609],[80.60531,6.26609],[80.60512,6.26615],[80.60501,6.26609],[80.60497,6.26595],[80.60483,6.26582],[80.60473,6.26548],[80.60474,6.26519],[80.60486,6.265],[80.605,6.26488],[80.60505,6.26471],[80.60503,6.26454],[80.6047,6.26425],[80.60465,6.26403],[80.60473,6.26386],[80.60506,6.26358],[80.60511,6.26341],[80.60499,6.26326],[80.60491,6.26301],[80.60452,6.26247],[80.60447,6.26234],[80.60454,6.26221],[80.60479,6.262],[80.6048,6.26176],[80.60486,6.26169],[80.60501,6.26164],[80.60523,6.26146],[80.6056,6.2615],[80.60578,6.26147],[80.60584,6.26139],[80.60583,6.26129],[80.60574,6.26112],[80.60571,6.26084],[80.60565,6.26076],[80.60556,6.26078],[80.60517,6.26121],[80.60488,6.26123],[80.60453,6.2614],[80.6041,6.26213],[80.60382,6.26211],[80.6038,6.2622],[80.60404,6.26235],[80.60411,6.26252],[80.60438,6.26276],[80.60462,6.26324],[80.60476,6.26336],[80.60478,6.26345],[80.60474,6.26354],[80.60459,6.26366],[80.60442,6.2639],[80.6044,6.26408],[80.60445,6.26427],[80.60481,6.26455],[80.60482,6.26464],[80.60444,6.26509],[80.60439,6.26546],[80.60431,6.26564],[80.60421,6.2658],[80.60404,6.26595],[80.60385,6.26631],[80.60367,6.26641],[80.60348,6.26662],[80.60318,6.26668],[80.60313,6.26676]]]}},{"type":"Feature","properties":{"c":"scrub"},"geometry":{"type":"Polygon","coordinates":[[[80.56705,6.27731],[80.5672,6.27749],[80.5679,6.27769],[80.56809,6.27781],[80.56831,6.27819],[80.56845,6.2789],[80.56862,6.27908],[80.56903,6.27929],[80.56954,6.27968],[80.56977,6.27975],[80.56997,6.2799],[80.5702,6.28],[80.57044,6.28001],[80.57067,6.27994],[80.57085,6.27977],[80.57107,6.27908],[80.57138,6.27873],[80.57184,6.27868],[80.57259,6.27875],[80.57305,6.27867],[80.57319,6.27848],[80.57326,6.27825],[80.57326,6.27779],[80.57332,6.27755],[80.57346,6.27736],[80.57379,6.27751],[80.57367,6.27825],[80.57373,6.27849],[80.57436,6.27884],[80.5746,6.27886],[80.57474,6.27869],[80.57474,6.27845],[80.5748,6.27821],[80.57509,6.27784],[80.57512,6.2776],[80.57523,6.27736],[80.57539,6.27716],[80.57559,6.27702],[80.57606,6.27692],[80.57632,6.27654],[80.57651,6.2764],[80.57674,6.27633],[80.57722,6.27631],[80.57746,6.27621],[80.57795,6.27563],[80.57821,6.27558],[80.57857,6.27536],[80.57879,6.27526],[80.57903,6.27523],[80.57957,6.27533],[80.57959,6.27519],[80.57988,6.27493],[80.57982,6.274],[80.57977,6.27389],[80.57976,6.27365],[80.57981,6.27354],[80.58005,6.27349],[80.58037,6.2733],[80.58113,6.2718],[80.58131,6.27162],[80.58167,6.27149],[80.58173,6.27137],[80.58172,6.27113],[80.58165,6.27102],[80.58146,6.27089],[80.58147,6.27077],[80.58163,6.27058],[80.58171,6.27035],[80.58153,6.26983],[80.58153,6.26959],[80.58168,6.26926],[80.5816,6.26904],[80.58176,6.26844],[80.5818,6.26809],[80.58174,6.26785],[80.58181,6.26776],[80.5814,6.26732],[80.58148,6.26683],[80.58141,6.26673],[80.58094,6.26657],[80.58037,6.26656],[80.58006,6.2662],[80.58002,6.26559],[80.57991,6.26538],[80.57805,6.2648],[80.57731,6.26486],[80.57613,6.26527],[80.57599,6.26546],[80.57593,6.26593],[80.57577,6.2663],[80.57548,6.26671],[80.575,6.26684],[80.57373,6.2667],[80.57334,6.2675],[80.57326,6.26798],[80.57387,6.26875],[80.5741,6.26931],[80.57402,6.26955],[80.574,6.27057],[80.57374,6.271],[80.57416,6.27245],[80.57407,6.27271],[80.57393,6.27292],[80.5733,6.27327],[80.57317,6.27347],[80.57286,6.27352],[80.57234,6.27339],[80.57209,6.27343],[80.57162,6.27392],[80.57183,6.2746],[80.57179,6.27484],[80.57159,6.27498],[80.57134,6.27498],[80.57081,6.27532],[80.56906,6.27532],[80.56877,6.27572],[80.56768,6.27631],[80.56709,6.27683],[80.56705,6.27731]]]}},{"type":"Feature","properties":{"c":"forest"},"geometry":{"type":"Polygon","coordinates":[[[80.53329,6.22206],[80.5333,6.22265],[80.53364,6.22348],[80.53368,6.22463],[80.53414,6.22507],[80.53438,6.22537],[80.53546,6.22616],[80.53571,6.22645],[80.53641,6.22675],[80.53657,6.22687],[80.5368,6.2272],[80.53685,6.22778],[80.53682,6.22797],[80.53672,6.22813],[80.53624,6.2285],[80.53513,6.22907],[80.53499,6.22921],[80.53491,6.2294],[80.5349,6.22959],[80.53502,6.22975],[80.53547,6.23007],[80.53581,6.23052],[80.537,6.23119],[80.53713,6.23133],[80.53721,6.2315],[80.53727,6.23187],[80.53724,6.23227],[80.53714,6.23243],[80.53694,6.23248],[80.53675,6.23242],[80.53597,6.23184],[80.53489,6.23119],[80.53397,6.23035],[80.53379,6.2303],[80.5337,6.23047],[80.53368,6.23122],[80.53371,6.23142],[80.53436,6.23242],[80.53439,6.23322],[80.53482,6.23423],[80.53564,6.23473],[80.53603,6.23515],[80.53651,6.23547],[80.53663,6.23569],[80.5371,6.23581],[80.53754,6.23582],[80.5379,6.23597],[80.5382,6.23618],[80.53873,6.2364],[80.53911,6.23642],[80.53967,6.23627],[80.5402,6.23623],[80.54042,6.2363],[80.5408,6.23652],[80.5414,6.23695],[80.54176,6.23715],[80.54204,6.23739],[80.54211,6.23775],[80.54205,6.23794],[80.54165,6.23806],[80.54073,6.23811],[80.54056,6.23823],[80.54051,6.23841],[80.54056,6.2386],[80.5411,6.23915],[80.54134,6.23967],[80.54194,6.24042],[80.54254,6.2415],[80.54279,6.24177],[80.54342,6.24225],[80.54353,6.2424],[80.54362,6.24276],[80.54374,6.2429],[80.54376,6.24308],[80.54371,6.24328],[80.54316,6.24369],[80.54282,6.2444],[80.54283,6.24458],[80.54296,6.24472],[80.54345,6.24504],[80.54368,6.24533],[80.5442,6.24569],[80.54431,6.24585],[80.54467,6.24603],[80.54565,6.24694],[80.54663,6.24747],[80.54692,6.24773],[80.54757,6.24868],[80.54783,6.24895],[80.54801,6.24902],[80.54891,6.24914],[80.54901,6.24929],[80.54895,6.24947],[80.54838,6.24968],[80.54821,6.24978],[80.5481,6.24995],[80.54806,6.25034],[80.54812,6.25071],[80.54825,6.25087],[80.54828,6.25105],[80.54979,6.25101],[80.55013,6.25112],[80.5505,6.25112],[80.55104,6.25098],[80.55197,6.25097],[80.55232,6.25103],[80.5528,6.25131],[80.55299,6.25131],[80.55348,6.25107],[80.55386,6.2512],[80.55414,6.25145],[80.55434,6.25178],[80.55464,6.25203],[80.55484,6.25277],[80.55514,6.25327],[80.55541,6.25355],[80.55578,6.2537],[80.5567,6.25374],[80.55699,6.25354],[80.55736,6.25314],[80.5579,6.25298],[80.55884,6.25291],[80.55901,6.25292],[80.55936,6.25303],[80.55987,6.25395],[80.56017,6.25422],[80.56019,6.2546],[80.56002,6.25496],[80.55998,6.25532],[80.56006,6.2555],[80.56048,6.25589],[80.56053,6.25607],[80.56054,6.25625],[80.56046,6.25643],[80.56032,6.25657],[80.5596,6.2569],[80.5595,6.25708],[80.55943,6.25746],[80.55963,6.25777],[80.55973,6.25792],[80.56039,6.25839],[80.56069,6.25867],[80.56148,6.25921],[80.56166,6.25954],[80.5618,6.25968],[80.56215,6.2598],[80.56274,6.2598],[80.56336,6.25987],[80.56434,6.26041],[80.56447,6.26054],[80.5645,6.26073],[80.56411,6.26087],[80.5639,6.26146],[80.56368,6.26178],[80.56369,6.26201],[80.56328,6.26208],[80.563,6.26278],[80.5623,6.26374],[80.56231,6.26431],[80.5624,6.26487],[80.56224,6.265],[80.56189,6.26545],[80.56172,6.26559],[80.56068,6.26605],[80.56022,6.26668],[80.55988,6.26684],[80.55904,6.2671],[80.55826,6.26744],[80.5581,6.26755],[80.558,6.26773],[80.55796,6.26792],[80.55802,6.2681],[80.55847,6.26867],[80.55953,6.26932],[80.55983,6.26979],[80.56,6.27015],[80.56007,6.27052],[80.56096,6.27112],[80.56161,6.27208],[80.56189,6.27239],[80.5622,6.27263],[80.56325,6.27297],[80.56424,6.27302],[80.56477,6.27287],[80.56541,6.27257],[80.56633,6.2723],[80.56647,6.27217],[80.56647,6.27122],[80.56653,6.27105],[80.56671,6.27072],[80.56728,6.26992],[80.56741,6.26956],[80.56739,6.26893],[80.56715,6.26843],[80.56722,6.26826],[80.56769,6.26799],[80.56769,6.26781],[80.5674,6.26732],[80.56742,6.26621],[80.56754,6.26584],[80.56752,6.26547],[80.56765,6.26507],[80.56783,6.26507],[80.56798,6.26518],[80.56814,6.26553],[80.56828,6.26565],[80.56845,6.26572],[80.56885,6.26559],[80.56902,6.26526],[80.56904,6.26507],[80.56895,6.26434],[80.56895,6.26378],[80.56903,6.2636],[80.56916,6.26347],[80.56933,6.2634],[80.56969,6.26338],[80.56987,6.26344],[80.57002,6.26354],[80.57017,6.26388],[80.57056,6.26415],[80.57107,6.26441],[80.57127,6.26441],[80.57165,6.26432],[80.57224,6.26442],[80.57236,6.26455],[80.57252,6.26526],[80.57269,6.2656],[80.57301,6.26579],[80.5734,6.26588],[80.5737,6.26613],[80.57376,6.26631],[80.57373,6.2667],[80.575,6.26684],[80.57548,6.26671],[80.57577,6.2663],[80.57593,6.26593],[80.57599,6.26546],[80.57613,6.26527],[80.57731,6.26486],[80.57805,6.2648],[80.57991,6.26538],[80.58002,6.26559],[80.58006,6.2662],[80.58037,6.26656],[80.58094,6.26657],[80.58095,6.26628],[80.58126,6.26534],[80.58133,6.26528],[80.58233,6.26504],[80.58267,6.26485],[80.5828,6.26472],[80.58301,6.26418],[80.583,6.26408],[80.58273,6.26372],[80.58293,6.26321],[80.5829,6.26285],[80.58297,6.26209],[80.58327,6.26141],[80.5835,6.26111],[80.58428,6.26073],[80.58429,6.26054],[80.58406,6.26002],[80.58404,6.25946],[80.58378,6.25963],[80.58323,6.25942],[80.58283,6.25941],[80.58264,6.25935],[80.58215,6.25901],[80.58203,6.25862],[80.58169,6.25844],[80.5813,6.25839],[80.58073,6.25846],[80.58035,6.25841],[80.5797,6.25852],[80.57932,6.25839],[80.57851,6.25796],[80.57833,6.25791],[80.57828,6.25752],[80.57838,6.25734],[80.57853,6.2572],[80.57945,6.25696],[80.57965,6.25647],[80.57966,6.2561],[80.57962,6.25592],[80.57916,6.25529],[80.57907,6.25489],[80.57898,6.25409],[80.5789,6.25391],[80.57873,6.25376],[80.57833,6.25369],[80.57774,6.25372],[80.57736,6.2539],[80.5769,6.25429],[80.57593,6.25443],[80.57535,6.25429],[80.57497,6.25413],[80.57466,6.25389],[80.57436,6.25329],[80.57403,6.25311],[80.57363,6.25309],[80.57324,6.25319],[80.57286,6.25338],[80.57244,6.25405],[80.57227,6.2544],[80.57199,6.2547],[80.57182,6.25481],[80.5712,6.25485],[80.57063,6.25471],[80.57012,6.25441],[80.56971,6.25388],[80.56937,6.25368],[80.56895,6.25328],[80.56804,6.25281],[80.56791,6.25267],[80.56775,6.25258],[80.56697,6.25254],[80.56677,6.25257],[80.56589,6.25292],[80.56574,6.25305],[80.56565,6.25322],[80.56552,6.25403],[80.5654,6.25417],[80.5652,6.25422],[80.56442,6.25415],[80.56384,6.25402],[80.56301,6.25391],[80.56228,6.25358],[80.56217,6.25309],[80.56233,6.25275],[80.56252,6.25243],[80.56284,6.25212],[80.56303,6.25202],[80.56315,6.25186],[80.56336,6.25181],[80.56377,6.25181],[80.56412,6.25195],[80.56458,6.25197],[80.56493,6.25215],[80.56515,6.25232],[80.56553,6.25243],[80.56571,6.25243],[80.5659,6.25239],[80.56607,6.25218],[80.56672,6.25188],[80.56679,6.25171],[80.56687,6.25166],[80.56705,6.25168],[80.56718,6.25181],[80.56736,6.25186],[80.56745,6.25185],[80.56764,6.2517],[80.56783,6.25164],[80.56839,6.25166],[80.56847,6.25162],[80.56882,6.25114],[80.56898,6.25049],[80.56912,6.25021],[80.56929,6.25012],[80.56957,6.25009],[80.56983,6.25038],[80.57008,6.25052],[80.57028,6.25055],[80.57061,6.25038],[80.57073,6.25013],[80.57096,6.24935],[80.57084,6.24919],[80.57082,6.24901],[80.57094,6.24846],[80.57094,6.24827],[80.57082,6.24771],[80.57082,6.24731],[80.57064,6.24686],[80.57036,6.24659],[80.57005,6.2461],[80.56998,6.24593],[80.56999,6.24572],[80.56979,6.24536],[80.56925,6.24477],[80.56915,6.24458],[80.56913,6.2442],[80.56917,6.24402],[80.56911,6.24352],[80.56899,6.24337],[80.56847,6.2431],[80.56771,6.24283],[80.56735,6.24262],[80.56715,6.24227],[80.56701,6.24215],[80.56683,6.2421],[80.56603,6.24226],[80.56544,6.24229],[80.56506,6.24219],[80.5649,6.2421],[80.56486,6.24173],[80.56492,6.24155],[80.56541,6.2409],[80.56572,6.24069],[80.56576,6.24051],[80.56567,6.24033],[80.56526,6.24019],[80.56484,6.24014],[80.56464,6.2402],[80.56416,6.24055],[80.5634,6.24081],[80.56279,6.24109],[80.5624,6.24108],[80.56142,6.24078],[80.56062,6.24069],[80.56005,6.24056],[80.55886,6.24066],[80.55852,6.24045],[80.55841,6.24029],[80.5588,6.2399],[80.55899,6.23982],[80.55998,6.23981],[80.56017,6.23973],[80.56025,6.23957],[80.56019,6.23938],[80.56007,6.23923],[80.55933,6.23893],[80.55931,6.23875],[80.55947,6.23842],[80.55946,6.23822],[80.55913,6.23804],[80.55894,6.23799],[80.55874,6.23802],[80.55851,6.23831],[80.55829,6.23842],[80.55789,6.23847],[80.55756,6.23826],[80.55729,6.23799],[80.55721,6.23767],[80.55726,6.23713],[80.55707,6.23677],[80.55692,6.23666],[80.55673,6.23662],[80.55652,6.23663],[80.55617,6.23682],[80.55576,6.2369],[80.55498,6.23695],[80.55419,6.23692],[80.5538,6.23698],[80.55367,6.23694],[80.5535,6.23704],[80.55313,6.23711],[80.55273,6.23706],[80.55243,6.23659],[80.55246,6.23639],[80.55256,6.23622],[80.55311,6.23599],[80.55363,6.23571],[80.55374,6.23558],[80.55386,6.23519],[80.55385,6.23483],[80.55311,6.2339],[80.55291,6.23384],[80.55251,6.23384],[80.55192,6.23351],[80.55169,6.23347],[80.55122,6.23313],[80.5507,6.23285],[80.55029,6.23242],[80.54975,6.23214],[80.5496,6.23202],[80.54945,6.23185],[80.5494,6.23167],[80.54927,6.23041],[80.54916,6.23022],[80.54901,6.23012],[80.54882,6.23005],[80.54763,6.23007],[80.54705,6.22992],[80.54673,6.22968],[80.54661,6.22951],[80.54653,6.22935],[80.54648,6.22898],[80.54634,6.22884],[80.54554,6.22872],[80.54518,6.22857],[80.5446,6.22863],[80.54383,6.22894],[80.54344,6.22886],[80.54331,6.22872],[80.54325,6.22854],[80.54322,6.22798],[80.54307,6.22764],[80.54276,6.2274],[80.54256,6.22731],[80.54236,6.2273],[80.54223,6.22706],[80.54189,6.22686],[80.54135,6.22659],[80.54097,6.22654],[80.5408,6.22644],[80.54069,6.22625],[80.54066,6.22607],[80.54043,6.22571],[80.54027,6.22534],[80.54021,6.2243],[80.54017,6.22411],[80.54002,6.22382],[80.53958,6.22358],[80.53857,6.22232],[80.53806,6.22204],[80.53792,6.2219],[80.53764,6.22141],[80.53692,6.22121],[80.53631,6.22119],[80.53576,6.22135],[80.53538,6.22155],[80.53462,6.22177],[80.53421,6.22188],[80.53345,6.22196],[80.53329,6.22206]]]}},{"type":"Feature","properties":{"c":"forest"},"geometry":{"type":"Polygon","coordinates":[[[80.52656,6.24904],[80.52671,6.25],[80.52689,6.25036],[80.52693,6.25056],[80.52707,6.25154],[80.52744,6.25202],[80.52793,6.25312],[80.52803,6.25397],[80.52801,6.25529],[80.52791,6.25566],[80.52774,6.25682],[80.52773,6.25837],[80.52802,6.25944],[80.52827,6.25979],[80.5286,6.25999],[80.52976,6.26032],[80.53069,6.26109],[80.53121,6.26136],[80.53177,6.26186],[80.53265,6.26299],[80.53283,6.26303],[80.53315,6.26324],[80.5333,6.26337],[80.53349,6.2637],[80.53374,6.26398],[80.53424,6.26425],[80.53499,6.26438],[80.53575,6.26433],[80.53631,6.26437],[80.5368,6.26362],[80.53701,6.26283],[80.53744,6.26265],[80.53804,6.26256],[80.53829,6.26308],[80.53847,6.26329],[80.53878,6.26403],[80.53902,6.26507],[80.53949,6.26565],[80.53963,6.26577],[80.54017,6.26605],[80.54096,6.26638],[80.54133,6.26646],[80.54214,6.26682],[80.54238,6.26714],[80.54261,6.26769],[80.54276,6.26782],[80.54315,6.26785],[80.54386,6.26764],[80.54472,6.26764],[80.54573,6.26779],[80.54609,6.26779],[80.54637,6.26754],[80.54643,6.26734],[80.54644,6.26657],[80.54658,6.26611],[80.54712,6.26531],[80.5472,6.26514],[80.54721,6.26475],[80.54706,6.26461],[80.54686,6.26455],[80.54588,6.26447],[80.54553,6.26425],[80.54542,6.2641],[80.54535,6.26393],[80.5449,6.26343],[80.54352,6.26265],[80.54295,6.26241],[80.54215,6.26227],[80.54137,6.26226],[80.54087,6.26243],[80.54054,6.26267],[80.54035,6.26271],[80.53932,6.26278],[80.53913,6.26275],[80.53906,6.26256],[80.53913,6.26201],[80.53942,6.26153],[80.53973,6.26127],[80.53983,6.26111],[80.53978,6.26093],[80.53949,6.26066],[80.53934,6.26031],[80.53911,6.26016],[80.539,6.25958],[80.53896,6.25887],[80.53905,6.25868],[80.53932,6.25841],[80.53971,6.25833],[80.53993,6.25837],[80.5403,6.25853],[80.54112,6.25912],[80.54139,6.2594],[80.54237,6.25958],[80.54314,6.25949],[80.54334,6.2594],[80.54382,6.25942],[80.54452,6.26058],[80.54475,6.2609],[80.54505,6.26116],[80.54592,6.26171],[80.54612,6.26179],[80.54651,6.2618],[80.54669,6.26171],[80.54682,6.26158],[80.54683,6.26121],[80.54667,6.26083],[80.5462,6.26017],[80.54604,6.25962],[80.54543,6.25812],[80.54547,6.25736],[80.54575,6.25657],[80.54585,6.2564],[80.54631,6.25607],[80.54666,6.2556],[80.54727,6.25517],[80.548,6.25493],[80.54829,6.25472],[80.54865,6.25458],[80.54985,6.25437],[80.55076,6.25385],[80.55098,6.25354],[80.55118,6.25344],[80.55159,6.25336],[80.55198,6.25313],[80.55264,6.25313],[80.55281,6.25307],[80.55296,6.25291],[80.55302,6.25273],[80.5529,6.25235],[80.55213,6.25167],[80.55187,6.25153],[80.55073,6.25134],[80.5505,6.25112],[80.55013,6.25112],[80.54979,6.25101],[80.54828,6.25105],[80.54805,6.25116],[80.54764,6.2511],[80.54744,6.25103],[80.54714,6.25078],[80.54645,6.2504],[80.54606,6.25034],[80.54567,6.25038],[80.54464,6.25015],[80.54446,6.25005],[80.54395,6.24942],[80.54378,6.24904],[80.54351,6.24791],[80.54329,6.24773],[80.54279,6.24749],[80.54231,6.24705],[80.54206,6.24652],[80.54145,6.24599],[80.54123,6.24566],[80.54078,6.24437],[80.54052,6.24405],[80.54014,6.24391],[80.53858,6.24365],[80.53782,6.24343],[80.53741,6.2434],[80.53704,6.24349],[80.53686,6.24359],[80.53651,6.24404],[80.53656,6.24461],[80.53647,6.24479],[80.5363,6.24488],[80.53611,6.24489],[80.53542,6.2447],[80.53506,6.24453],[80.53457,6.24413],[80.53416,6.24366],[80.53319,6.2428],[80.53302,6.2427],[80.53264,6.24264],[80.53143,6.24261],[80.53064,6.2427],[80.53018,6.24337],[80.53003,6.24394],[80.52957,6.24438],[80.52919,6.24439],[80.52872,6.24409],[80.52851,6.24407],[80.52831,6.24407],[80.52784,6.24436],[80.52785,6.24474],[80.5279,6.24494],[80.52786,6.24512],[80.52702,6.24605],[80.52682,6.24663],[80.52711,6.24731],[80.52744,6.24744],[80.52774,6.24768],[80.52792,6.24806],[80.52796,6.24843],[80.52787,6.24859],[80.52769,6.24867],[80.52692,6.2485],[80.52672,6.24854],[80.52658,6.24867],[80.52656,6.24904]]]}},{"type":"Feature","properties":{"c":"forest","n":"Diyadawa Forest"},"geometry":{"type":"Polygon","coordinates":[[[80.47839,6.29846],[80.47848,6.29884],[80.47881,6.29958],[80.4801,6.30055],[80.48233,6.30203],[80.4827,6.30173],[80.48315,6.30171],[80.48358,6.30194],[80.48403,6.30203],[80.48442,6.30181],[80.48491,6.30181],[80.48585,6.30196],[80.4863,6.30196],[80.48671,6.30177],[80.48748,6.30119],[80.48774,6.30081],[80.48858,6.29994],[80.48901,6.29915],[80.48905,6.29825],[80.48896,6.2978],[80.48899,6.29738],[80.48931,6.29704],[80.49025,6.29676],[80.49115,6.29672],[80.49268,6.29631],[80.49313,6.29631],[80.49454,6.29614],[80.49495,6.29586],[80.49523,6.29548],[80.49538,6.29505],[80.49562,6.29467],[80.49641,6.29416],[80.49671,6.29381],[80.49723,6.293],[80.49761,6.29275],[80.49802,6.29294],[80.49873,6.29354],[80.4992,6.29362],[80.5001,6.29341],[80.50047,6.29317],[80.50062,6.29275],[80.50077,6.29181],[80.50117,6.29155],[80.50285,6.2916],[80.50319,6.29132],[80.50341,6.29094],[80.50373,6.29059],[80.50414,6.29036],[80.50456,6.29027],[80.50499,6.29032],[80.50542,6.29044],[80.50579,6.2907],[80.50607,6.29106],[80.5065,6.29136],[80.50793,6.29143],[80.50836,6.2916],[80.5092,6.29211],[80.50967,6.29232],[80.51014,6.29234],[80.51057,6.29228],[80.51141,6.29198],[80.5119,6.29187],[80.51237,6.29198],[80.51265,6.29211],[80.51304,6.29239],[80.51323,6.29279],[80.51353,6.29371],[80.51373,6.29413],[80.51407,6.29448],[80.51448,6.29475],[80.51577,6.29526],[80.51815,6.29524],[80.51858,6.29533],[80.51903,6.29546],[80.51941,6.29576],[80.51958,6.29614],[80.51965,6.29654],[80.51928,6.29853],[80.51913,6.29893],[80.51907,6.29936],[80.51913,6.29977],[80.51935,6.30021],[80.51946,6.30062],[80.51961,6.30168],[80.51973,6.30211],[80.52029,6.30286],[80.52074,6.30369],[80.52079,6.30505],[80.52096,6.30638],[80.521,6.30727],[80.52092,6.3077],[80.5207,6.3081],[80.5204,6.30849],[80.52004,6.30928],[80.51991,6.30973],[80.51991,6.31015],[80.52001,6.31058],[80.52055,6.3113],[80.52147,6.31273],[80.52244,6.31388],[80.52259,6.31433],[80.52263,6.31521],[80.5228,6.31608],[80.52306,6.31696],[80.52278,6.31789],[80.52278,6.31834],[80.52265,6.31922],[80.52252,6.31964],[80.52252,6.32007],[80.52259,6.3205],[80.52306,6.32182],[80.52289,6.32265],[80.523,6.32308],[80.52308,6.32395],[80.52338,6.32427],[80.52514,6.32485],[80.52585,6.32547],[80.52611,6.32677],[80.52624,6.32719],[80.52645,6.3276],[80.52673,6.32796],[80.52707,6.3283],[80.52787,6.32881],[80.53057,6.32988],[80.53104,6.32996],[80.53194,6.32996],[80.53278,6.33043],[80.53308,6.33078],[80.53327,6.33116],[80.53529,6.33216],[80.53621,6.33257],[80.53664,6.33304],[80.53688,6.33342],[80.53727,6.33361],[80.53772,6.33363],[80.538,6.33397],[80.53834,6.33481],[80.53862,6.33519],[80.53935,6.33566],[80.54038,6.33658],[80.54115,6.33717],[80.54162,6.33734],[80.54297,6.33801],[80.54379,6.33828],[80.5442,6.3385],[80.5446,6.33879],[80.54503,6.33896],[80.54546,6.33888],[80.54585,6.33867],[80.5463,6.33856],[80.5472,6.33864],[80.54767,6.33879],[80.54806,6.33905],[80.54851,6.33922],[80.54939,6.3392],[80.55038,6.33909],[80.55076,6.33886],[80.55121,6.33886],[80.55166,6.33896],[80.55211,6.33882],[80.55244,6.3385],[80.55261,6.33805],[80.55261,6.3376],[80.5525,6.33715],[80.55254,6.33673],[80.55306,6.336],[80.55342,6.3357],[80.55387,6.33566],[80.55473,6.33585],[80.55589,6.33655],[80.55638,6.33655],[80.55677,6.33628],[80.55703,6.33592],[80.55741,6.33566],[80.55791,6.33566],[80.55836,6.33555],[80.55875,6.33528],[80.55941,6.33457],[80.55954,6.3341],[80.55956,6.33301],[80.55967,6.33257],[80.56003,6.33227],[80.56098,6.33229],[80.5628,6.33257],[80.56329,6.33255],[80.56368,6.33227],[80.56385,6.33186],[80.5641,6.33055],[80.56446,6.33007],[80.56402,6.32943],[80.56392,6.32843],[80.56295,6.32798],[80.56203,6.32798],[80.56119,6.32775],[80.56076,6.32758],[80.55964,6.32745],[80.55924,6.32728],[80.55877,6.32734],[80.55831,6.32732],[80.55792,6.3272],[80.55707,6.32743],[80.55662,6.32743],[80.55578,6.32711],[80.55486,6.32713],[80.5536,6.32751],[80.55312,6.32751],[80.55272,6.32732],[80.5523,6.32739],[80.55147,6.32728],[80.55113,6.32698],[80.55027,6.32662],[80.54978,6.32651],[80.5493,6.32651],[80.5489,6.32642],[80.54853,6.32619],[80.54827,6.32583],[80.5481,6.32497],[80.54746,6.3241],[80.54714,6.32378],[80.54656,6.32308],[80.54634,6.32267],[80.54616,6.32182],[80.54587,6.32096],[80.54411,6.31956],[80.54383,6.31919],[80.54342,6.31824],[80.54338,6.31734],[80.54325,6.31644],[80.54319,6.31514],[80.54342,6.31428],[80.54347,6.31384],[80.54342,6.31342],[80.54323,6.31301],[80.54306,6.31226],[80.54319,6.31184],[80.5434,6.31145],[80.54347,6.31103],[80.54347,6.31058],[80.54321,6.31024],[80.54246,6.30973],[80.54214,6.30938],[80.54184,6.30853],[80.5416,6.3067],[80.54158,6.30533],[80.54149,6.30441],[80.54134,6.30399],[80.54119,6.30305],[80.54119,6.30258],[80.54139,6.30085],[80.54141,6.29998],[80.54158,6.29906],[80.5416,6.29857],[80.54156,6.29812],[80.54143,6.2977],[80.54106,6.29738],[80.54066,6.29721],[80.53939,6.29625],[80.53939,6.2958],[80.53963,6.29541],[80.54029,6.2948],[80.5407,6.29463],[80.54158,6.29443],[80.5433,6.29367],[80.54463,6.29356],[80.54486,6.29315],[80.54521,6.2914],[80.54518,6.29096],[80.54503,6.29055],[80.54445,6.28987],[80.54366,6.28936],[80.54296,6.28869],[80.54151,6.2877],[80.54071,6.28744],[80.53945,6.28686],[80.53868,6.28637],[80.53778,6.28605],[80.53703,6.2855],[80.53673,6.28513],[80.53488,6.28475],[80.53407,6.28434],[80.53319,6.28332],[80.53297,6.28296],[80.5325,6.28168],[80.53209,6.28087],[80.53197,6.28042],[80.53096,6.27935],[80.53057,6.2791],[80.52935,6.27856],[80.52797,6.27852],[80.52757,6.27844],[80.52718,6.27818],[80.52589,6.27769],[80.52519,6.27724],[80.52482,6.27694],[80.52452,6.2766],[80.52315,6.27534],[80.52289,6.27498],[80.5228,6.27451],[80.52293,6.27406],[80.52385,6.27227],[80.52381,6.27138],[80.52334,6.27057],[80.52265,6.27001],[80.52184,6.26963],[80.52102,6.26959],[80.52066,6.2693],[80.52049,6.26902],[80.52029,6.26833],[80.5202,6.26747],[80.52001,6.26735],[80.51936,6.26709],[80.51906,6.26689],[80.51883,6.26686],[80.51863,6.26694],[80.51854,6.26727],[80.5188,6.2678],[80.51896,6.26798],[80.51996,6.26954],[80.52022,6.27088],[80.52017,6.27109],[80.52008,6.27116],[80.51939,6.27129],[80.5193,6.2714],[80.51937,6.27161],[80.5195,6.27179],[80.51948,6.27233],[80.5194,6.27247],[80.51875,6.27278],[80.51737,6.27304],[80.51656,6.273],[80.5148,6.27257],[80.51398,6.27227],[80.51313,6.2718],[80.51244,6.27125],[80.51158,6.27125],[80.51085,6.27163],[80.51029,6.27223],[80.50944,6.2727],[80.50763,6.2727],[80.50677,6.27253],[80.50604,6.27202],[80.50519,6.27176],[80.50437,6.27189],[80.50373,6.27249],[80.50321,6.27317],[80.50304,6.27406],[80.50321,6.27492],[80.50321,6.27577],[80.50274,6.2765],[80.50197,6.27688],[80.50025,6.27739],[80.49763,6.27769],[80.49682,6.27803],[80.49609,6.27867],[80.49536,6.27918],[80.49454,6.2794],[80.49377,6.2797],[80.49304,6.28016],[80.4923,6.28036],[80.49146,6.28094],[80.49053,6.28178],[80.48951,6.28263],[80.48948,6.28383],[80.48884,6.28452],[80.48832,6.28524],[80.48815,6.28609],[80.48583,6.28737],[80.48536,6.2881],[80.48532,6.28899],[80.48545,6.29074],[80.48545,6.2916],[80.48347,6.29407],[80.48199,6.29554],[80.48184,6.29593],[80.48079,6.29738],[80.48047,6.29772],[80.48012,6.29795],[80.47969,6.29817],[80.47884,6.29846],[80.47839,6.29846]]]}},{"type":"Feature","properties":{"c":"farmland","n":"Paddy"},"geometry":{"type":"Polygon","coordinates":[[[80.44319,6.28642],[80.44321,6.28651],[80.44328,6.28655],[80.44383,6.28651],[80.44385,6.28704],[80.44396,6.28728],[80.44406,6.28728],[80.44401,6.28604],[80.44407,6.28542],[80.44399,6.28507],[80.44401,6.28499],[80.44416,6.28488],[80.44422,6.28456],[80.44431,6.28441],[80.44462,6.28407],[80.44474,6.28377],[80.4446,6.28355],[80.44465,6.28347],[80.44502,6.28341],[80.44543,6.28323],[80.44615,6.28306],[80.44709,6.28274],[80.44745,6.28274],[80.44755,6.2827],[80.44761,6.28253],[80.44768,6.28249],[80.44796,6.28249],[80.44811,6.28257],[80.44837,6.28292],[80.44854,6.28298],[80.44886,6.28277],[80.44912,6.28268],[80.44926,6.28256],[80.44943,6.28231],[80.44981,6.28234],[80.44986,6.28241],[80.44988,6.28259],[80.44995,6.28265],[80.45013,6.28271],[80.45021,6.28269],[80.45043,6.28219],[80.45043,6.28163],[80.45072,6.28158],[80.45113,6.28165],[80.45127,6.28162],[80.45132,6.28155],[80.45148,6.28148],[80.45162,6.28157],[80.45177,6.28149],[80.4518,6.28141],[80.4517,6.28116],[80.45171,6.28107],[80.45189,6.28048],[80.45194,6.28012],[80.45207,6.27979],[80.4523,6.27962],[80.45249,6.27959],[80.45255,6.27965],[80.45256,6.27984],[80.45249,6.28],[80.45258,6.28042],[80.45241,6.28141],[80.45228,6.28174],[80.45229,6.2819],[80.45246,6.28197],[80.45354,6.28196],[80.45371,6.28192],[80.45384,6.28179],[80.45397,6.28147],[80.45394,6.28095],[80.45377,6.28076],[80.45364,6.28071],[80.45369,6.28025],[80.45391,6.27981],[80.45386,6.27954],[80.454,6.27913],[80.45442,6.27884],[80.45462,6.27856],[80.45489,6.27849],[80.45557,6.27811],[80.45575,6.27806],[80.45603,6.27781],[80.45619,6.27786],[80.45614,6.27835],[80.45621,6.27862],[80.45623,6.27914],[80.45632,6.27918],[80.4566,6.27912],[80.45668,6.2787],[80.45651,6.27839],[80.45651,6.27794],[80.4566,6.27772],[80.45721,6.27728],[80.45736,6.27705],[80.4576,6.27692],[80.45794,6.27629],[80.45837,6.2757],[80.4586,6.27555],[80.45876,6.27531],[80.45876,6.27514],[80.459,6.27447],[80.45926,6.27352],[80.45946,6.27324],[80.45943,6.27263],[80.45959,6.27211],[80.46005,6.27206],[80.46033,6.27215],[80.46043,6.27201],[80.46086,6.27195],[80.46125,6.27177],[80.46186,6.27174],[80.46224,6.27142],[80.46281,6.27119],[80.46353,6.27023],[80.46367,6.26996],[80.46385,6.26938],[80.46408,6.26839],[80.46415,6.26767],[80.46427,6.26746],[80.4643,6.26699],[80.46425,6.26687],[80.46422,6.26626],[80.46405,6.26588],[80.46364,6.26609],[80.4634,6.26639],[80.46332,6.26675],[80.46302,6.26715],[80.4629,6.26721],[80.46212,6.26715],[80.46189,6.26701],[80.46174,6.26681],[80.46171,6.26608],[80.46188,6.26576],[80.46224,6.26545],[80.46247,6.26535],[80.4627,6.26538],[80.4628,6.26546],[80.46306,6.26547],[80.46336,6.26527],[80.46361,6.2653],[80.4638,6.26544],[80.46406,6.26537],[80.46413,6.26528],[80.46414,6.26517],[80.46373,6.2649],[80.46363,6.26468],[80.46363,6.2644],[80.46385,6.26395],[80.46395,6.26388],[80.46419,6.26389],[80.46439,6.264],[80.46474,6.26406],[80.46495,6.26395],[80.46522,6.2637],[80.46528,6.2636],[80.46526,6.26348],[80.46508,6.2633],[80.46496,6.26327],[80.46446,6.26326],[80.46434,6.26322],[80.46339,6.26253],[80.46328,6.26231],[80.46317,6.26184],[80.46308,6.26176],[80.46267,6.26251],[80.46243,6.26274],[80.46243,6.26286],[80.46254,6.26309],[80.46302,6.2635],[80.4632,6.26376],[80.46323,6.264],[80.46313,6.26425],[80.46273,6.26486],[80.46206,6.2653],[80.46193,6.26544],[80.46171,6.26554],[80.46135,6.2659],[80.46127,6.26602],[80.46159,6.26683],[80.46158,6.26694],[80.46148,6.26707],[80.46094,6.26748],[80.46054,6.26769],[80.46013,6.26806],[80.45984,6.26847],[80.45974,6.26897],[80.45966,6.26912],[80.45933,6.26936],[80.45917,6.26955],[80.45908,6.26998],[80.45922,6.26997],[80.4595,6.26981],[80.45969,6.26956],[80.4599,6.26904],[80.46005,6.26891],[80.46079,6.26794],[80.46126,6.2677],[80.46177,6.26764],[80.46268,6.26764],[80.46302,6.26782],[80.46328,6.26815],[80.46317,6.26869],[80.46302,6.26906],[80.463,6.26943],[80.46291,6.26965],[80.4629,6.2701],[80.46227,6.27058],[80.46187,6.27077],[80.46145,6.27109],[80.46126,6.2711],[80.46078,6.27071],[80.46073,6.2706],[80.46077,6.27035],[80.46096,6.27017],[80.46162,6.26985],[80.46179,6.26966],[80.46183,6.26955],[80.46172,6.26942],[80.46123,6.26948],[80.4606,6.27021],[80.46052,6.27067],[80.46027,6.27091],[80.46026,6.27097],[80.46059,6.27107],[80.46072,6.27118],[80.46076,6.27132],[80.46078,6.27149],[80.46034,6.27173],[80.45943,6.27155],[80.45932,6.27148],[80.45928,6.27125],[80.45935,6.27107],[80.45948,6.27094],[80.45949,6.27083],[80.45903,6.27049],[80.45893,6.27027],[80.45882,6.27026],[80.4586,6.27038],[80.45861,6.2705],[80.45899,6.27089],[80.45893,6.27114],[80.45876,6.27147],[80.45845,6.27169],[80.45775,6.27182],[80.45733,6.27206],[80.45687,6.27215],[80.45666,6.27227],[80.45575,6.27303],[80.45551,6.2733],[80.45526,6.27371],[80.45478,6.27425],[80.45427,6.27458],[80.4533,6.27493],[80.45315,6.27513],[80.45325,6.27521],[80.45361,6.27522],[80.45385,6.27528],[80.45393,6.27537],[80.45394,6.27549],[80.45375,6.27581],[80.45399,6.27584],[80.45447,6.27573],[80.45457,6.27565],[80.45447,6.27544],[80.45447,6.2752],[80.45467,6.27509],[80.45504,6.27507],[80.45514,6.27501],[80.45552,6.27425],[80.45603,6.27371],[80.45593,6.2735],[80.45596,6.27338],[80.45637,6.27299],[80.45697,6.27287],[80.45739,6.27264],[80.45807,6.27237],[80.45845,6.27232],[80.45865,6.27235],[80.45866,6.27252],[80.45829,6.27372],[80.45799,6.27415],[80.45748,6.27467],[80.4574,6.27482],[80.45734,6.27516],[80.45661,6.27627],[80.45653,6.27652],[80.45622,6.27694],[80.45542,6.27738],[80.4549,6.2775],[80.45467,6.27761],[80.45428,6.278],[80.45401,6.27815],[80.45386,6.2785],[80.45373,6.27859],[80.45347,6.27856],[80.45327,6.27877],[80.45301,6.27872],[80.45287,6.27874],[80.45213,6.27906],[80.45164,6.27933],[80.45059,6.27942],[80.45026,6.27906],[80.45017,6.27904],[80.44977,6.27923],[80.44959,6.27925],[80.44935,6.27916],[80.44915,6.27886],[80.44907,6.27885],[80.44883,6.27895],[80.44861,6.27912],[80.44835,6.2792],[80.44814,6.27947],[80.44785,6.27966],[80.44756,6.27998],[80.44741,6.2804],[80.44714,6.28061],[80.44704,6.28075],[80.44702,6.28083],[80.44715,6.28125],[80.44706,6.2815],[80.44652,6.28193],[80.44626,6.28227],[80.44604,6.28244],[80.44587,6.28252],[80.4457,6.28246],[80.44563,6.2825],[80.44539,6.28287],[80.44508,6.28313],[80.44464,6.28341],[80.4443,6.28353],[80.44405,6.28385],[80.44395,6.28408],[80.44366,6.28426],[80.44353,6.2845],[80.44347,6.28483],[80.44334,6.28515],[80.44334,6.28559],[80.44344,6.28609],[80.44327,6.28627],[80.44319,6.28642]],[[80.44736,6.28083],[80.44738,6.28066],[80.44773,6.28029],[80.44814,6.27974],[80.44856,6.27949],[80.4489,6.27952],[80.44906,6.27957],[80.44919,6.27968],[80.44934,6.28019],[80.44946,6.28032],[80.44951,6.28048],[80.44947,6.28061],[80.44886,6.28072],[80.44863,6.28085],[80.44843,6.28116],[80.44833,6.28118],[80.44816,6.28113],[80.44755,6.2811],[80.4474,6.281],[80.44736,6.28083]],[[80.44953,6.28137],[80.44973,6.28109],[80.45002,6.28088],[80.45019,6.28068],[80.45027,6.2803],[80.45036,6.28015],[80.45053,6.28008],[80.45078,6.28006],[80.45091,6.28017],[80.45094,6.28034],[80.45087,6.28051],[80.45066,6.2807],[80.4505,6.28125],[80.45028,6.28154],[80.44989,6.28179],[80.44978,6.28179],[80.44963,6.2817],[80.44954,6.28154],[80.44953,6.28137]],[[80.44964,6.28002],[80.44987,6.27958],[80.44995,6.27954],[80.45021,6.27958],[80.45021,6.27976],[80.45008,6.28017],[80.44982,6.28022],[80.44972,6.28018],[80.44964,6.28002]]]}},{"type":"Feature","properties":{"c":"industrial","n":"Ace Power Matara"},"geometry":{"type":"Polygon","coordinates":[[[80.56294,5.98541],[80.56404,5.98584],[80.5644,5.98492],[80.56339,5.98456],[80.56322,5.98468],[80.56294,5.98541]]]}},{"type":"Feature","properties":{"c":"scrub"},"geometry":{"type":"Polygon","coordinates":[[[80.57666,6.24089],[80.57674,6.24136],[80.57704,6.24182],[80.57711,6.24247],[80.57749,6.24317],[80.57781,6.24356],[80.57828,6.24377],[80.5796,6.24403],[80.58128,6.24537],[80.5818,6.24537],[80.58223,6.24437],[80.58286,6.24391],[80.58314,6.2435],[80.58306,6.243],[80.58259,6.24193],[80.58231,6.24151],[80.58228,6.2408],[80.582,6.2401],[80.58183,6.23991],[80.58138,6.23969],[80.58104,6.23934],[80.57963,6.2383],[80.57857,6.23766],[80.5781,6.23767],[80.57799,6.23789],[80.57833,6.23858],[80.57825,6.23908],[80.57779,6.23934],[80.57765,6.2398],[80.57674,6.24064],[80.57666,6.24089]]]}},{"type":"Feature","properties":{"c":"residential"},"geometry":{"type":"Polygon","coordinates":[[[80.70652,5.98067],[80.70694,5.98096],[80.70852,5.98171],[80.709,5.98114],[80.70933,5.98096],[80.70936,5.98084],[80.70932,5.98072],[80.70922,5.98065],[80.70841,5.98032],[80.70832,5.98023],[80.70832,5.98011],[80.70842,5.97988],[80.70841,5.97964],[80.70834,5.97955],[80.70804,5.97934],[80.70726,5.97904],[80.70677,5.97977],[80.70652,5.98067]]]}},{"type":"Feature","properties":{"c":"meadow"},"geometry":{"type":"Polygon","coordinates":[[[80.69772,5.96927],[80.69788,5.96961],[80.69821,5.96998],[80.69839,5.97],[80.69859,5.97014],[80.69885,5.97015],[80.69906,5.97027],[80.6996,5.97017],[80.69975,5.97027],[80.70012,5.97038],[80.70029,5.97056],[80.70032,5.97074],[80.70042,5.9708],[80.70053,5.97077],[80.70078,5.97057],[80.7006,5.97022],[80.70009,5.96954],[80.69992,5.9692],[80.69989,5.96908],[80.69992,5.9682],[80.69982,5.96797],[80.69972,5.9679],[80.69963,5.96797],[80.69965,5.96858],[80.6995,5.96905],[80.69914,5.96936],[80.69892,5.96946],[80.69868,5.96945],[80.69811,5.96928],[80.6979,5.96916],[80.69777,5.96916],[80.69772,5.96927]]]}},{"type":"Feature","properties":{"c":"scrub"},"geometry":{"type":"Polygon","coordinates":[[[80.70998,5.97159],[80.70999,5.97196],[80.71047,5.97253],[80.71047,5.97265],[80.71013,5.97284],[80.71007,5.97323],[80.71013,5.97335],[80.71068,5.97362],[80.71079,5.97382],[80.71079,5.97394],[80.71037,5.97422],[80.71034,5.97459],[80.71008,5.97482],[80.71006,5.97517],[80.71014,5.9754],[80.71026,5.97543],[80.71049,5.97536],[80.71079,5.9747],[80.71115,5.97438],[80.71134,5.97398],[80.71182,5.97361],[80.7119,5.97313],[80.71203,5.97292],[80.7123,5.97275],[80.71265,5.9727],[80.71277,5.97264],[80.7129,5.97242],[80.71288,5.97217],[80.71291,5.97206],[80.71299,5.97198],[80.71351,5.97179],[80.71374,5.97183],[80.71392,5.97201],[80.71402,5.97225],[80.71427,5.97257],[80.71434,5.97281],[80.71452,5.97312],[80.71462,5.97321],[80.71496,5.97333],[80.71558,5.9732],[80.71602,5.97272],[80.71615,5.97251],[80.71618,5.97225],[80.71604,5.97189],[80.716,5.97152],[80.7161,5.97117],[80.71596,5.97098],[80.71584,5.97097],[80.7155,5.97115],[80.71538,5.97111],[80.71518,5.97079],[80.71495,5.9707],[80.71483,5.9707],[80.71401,5.971],[80.71388,5.97101],[80.71367,5.9709],[80.7133,5.9709],[80.71285,5.97128],[80.71279,5.97152],[80.71266,5.97174],[80.71226,5.97184],[80.71189,5.97187],[80.71166,5.97178],[80.7115,5.97161],[80.71148,5.97098],[80.71138,5.97076],[80.71102,5.97072],[80.71095,5.97079],[80.7107,5.97081],[80.71043,5.97098],[80.71008,5.97135],[80.70998,5.97159]]]}},{"type":"Feature","properties":{"c":"scrub"},"geometry":{"type":"Polygon","coordinates":[[[80.7091,5.96034],[80.70925,5.96042],[80.7093,5.96051],[80.70935,5.96085],[80.70943,5.96097],[80.70964,5.96111],[80.70973,5.96129],[80.70964,5.96173],[80.71025,5.96159],[80.71078,5.96162],[80.71109,5.96178],[80.71108,5.9621],[80.71088,5.96239],[80.71082,5.96265],[80.71083,5.96314],[80.7106,5.96383],[80.71065,5.96433],[80.71084,5.9646],[80.71103,5.96446],[80.71168,5.96417],[80.71209,5.96393],[80.71243,5.96356],[80.7127,5.96314],[80.71288,5.96245],[80.7134,5.96215],[80.71387,5.96149],[80.71419,5.96112],[80.71438,5.96098],[80.71462,5.96094],[80.71517,5.96067],[80.71704,5.96073],[80.71743,5.96065],[80.71765,5.96072],[80.71833,5.96119],[80.71817,5.96099],[80.71757,5.96058],[80.71709,5.96048],[80.71659,5.96044],[80.71611,5.96029],[80.71515,5.96046],[80.71489,5.96045],[80.71452,5.96037],[80.71391,5.9604],[80.7138,5.96045],[80.71345,5.96098],[80.71335,5.96105],[80.71311,5.9611],[80.71284,5.96107],[80.71254,5.96074],[80.71192,5.9607],[80.71156,5.96082],[80.7113,5.96082],[80.71109,5.96069],[80.711,5.96046],[80.71084,5.96024],[80.71061,5.96015],[80.71025,5.9601],[80.70938,5.96014],[80.7091,5.96034]]]}},{"type":"Feature","properties":{"c":"residential","n":"Nilwella"},"geometry":{"type":"Polygon","coordinates":[[[80.70543,5.97135],[80.70549,5.97182],[80.70622,5.97278],[80.70639,5.97296],[80.7066,5.97307],[80.70766,5.97395],[80.70796,5.97431],[80.70878,5.97561],[80.70942,5.97611],[80.71073,5.97657],[80.71147,5.97712],[80.71151,5.97735],[80.71165,5.97756],[80.71209,5.97779],[80.71228,5.97794],[80.71236,5.97816],[80.71267,5.97871],[80.71307,5.97905],[80.71318,5.97926],[80.71351,5.97963],[80.71372,5.97974],[80.71419,5.97989],[80.71468,5.97998],[80.71582,5.97972],[80.716,5.97926],[80.71592,5.97869],[80.71616,5.97863],[80.71638,5.97789],[80.71657,5.97774],[80.71681,5.97764],[80.71754,5.97748],[80.71855,5.97758],[80.71897,5.97785],[80.71913,5.97803],[80.71938,5.97847],[80.71954,5.97891],[80.71955,5.97916],[80.71973,5.97963],[80.72044,5.97991],[80.72135,5.98007],[80.72185,5.97997],[80.7231,5.97907],[80.72351,5.97884],[80.72261,5.97814],[80.72207,5.97739],[80.7217,5.97668],[80.72187,5.97622],[80.72198,5.97613],[80.72207,5.97618],[80.72211,5.97636],[80.72229,5.97614],[80.72249,5.97621],[80.72291,5.97611],[80.72293,5.97546],[80.72284,5.97543],[80.72294,5.97532],[80.72283,5.97493],[80.72288,5.97482],[80.72298,5.97477],[80.72308,5.97459],[80.72303,5.97437],[80.72314,5.97406],[80.72303,5.97366],[80.72262,5.97324],[80.7224,5.97326],[80.72223,5.97314],[80.72191,5.9731],[80.72183,5.97301],[80.72166,5.97251],[80.72157,5.97205],[80.72141,5.97172],[80.72125,5.97158],[80.72108,5.97157],[80.72077,5.97162],[80.72072,5.97171],[80.72045,5.97169],[80.72042,5.97163],[80.72031,5.97166],[80.72009,5.97143],[80.72001,5.97123],[80.72002,5.97112],[80.71985,5.97091],[80.71949,5.97072],[80.71919,5.97043],[80.71877,5.96961],[80.71854,5.96929],[80.71846,5.96905],[80.71824,5.96887],[80.71839,5.96873],[80.71836,5.96864],[80.71842,5.96855],[80.71835,5.96843],[80.71857,5.9686],[80.71848,5.96846],[80.71849,5.96837],[80.71846,5.96836],[80.71847,5.96807],[80.7187,5.96791],[80.71864,5.96786],[80.71879,5.96771],[80.71874,5.96764],[80.71879,5.96761],[80.71876,5.96756],[80.71882,5.9675],[80.71876,5.96746],[80.71882,5.96737],[80.71882,5.96713],[80.71897,5.96695],[80.71886,5.96684],[80.71882,5.96671],[80.7187,5.9666],[80.71773,5.96614],[80.71712,5.96551],[80.71692,5.96508],[80.71685,5.96464],[80.71696,5.9644],[80.71722,5.9642],[80.71781,5.96309],[80.71837,5.96249],[80.71848,5.96226],[80.71855,5.96194],[80.71872,5.9617],[80.71845,5.96146],[80.71833,5.96119],[80.71765,5.96072],[80.71743,5.96065],[80.71704,5.96073],[80.71517,5.96067],[80.71462,5.96094],[80.71438,5.96098],[80.71419,5.96112],[80.71387,5.96149],[80.7134,5.96215],[80.71288,5.96245],[80.7127,5.96314],[80.71243,5.96356],[80.71209,5.96393],[80.71168,5.96417],[80.71103,5.96446],[80.71084,5.9646],[80.71031,5.96519],[80.70846,5.96515],[80.70705,5.96695],[80.70607,5.96848],[80.70543,5.97135]],[[80.70998,5.97159],[80.71008,5.97135],[80.71043,5.97098],[80.7107,5.97081],[80.71095,5.97079],[80.71102,5.97072],[80.71138,5.97076],[80.71148,5.97098],[80.7115,5.97161],[80.71166,5.97178],[80.71189,5.97187],[80.71226,5.97184],[80.71266,5.97174],[80.71279,5.97152],[80.71285,5.97128],[80.7133,5.9709],[80.71367,5.9709],[80.71388,5.97101],[80.71401,5.971],[80.71483,5.9707],[80.71495,5.9707],[80.71518,5.97079],[80.71538,5.97111],[80.7155,5.97115],[80.71584,5.97097],[80.71596,5.97098],[80.7161,5.97117],[80.716,5.97152],[80.71604,5.97189],[80.71618,5.97225],[80.71615,5.97251],[80.71602,5.97272],[80.71558,5.9732],[80.71496,5.97333],[80.71462,5.97321],[80.71452,5.97312],[80.71434,5.97281],[80.71427,5.97257],[80.71402,5.97225],[80.71392,5.97201],[80.71374,5.97183],[80.71351,5.97179],[80.71299,5.97198],[80.71291,5.97206],[80.71288,5.97217],[80.7129,5.97242],[80.71277,5.97264],[80.71265,5.9727],[80.7123,5.97275],[80.71203,5.97292],[80.7119,5.97313],[80.71182,5.97361],[80.71134,5.97398],[80.71115,5.97438],[80.71079,5.9747],[80.71049,5.97536],[80.71026,5.97543],[80.71014,5.9754],[80.71006,5.97517],[80.71008,5.97482],[80.71034,5.97459],[80.71037,5.97422],[80.71079,5.97394],[80.71079,5.97382],[80.71068,5.97362],[80.71013,5.97335],[80.71007,5.97323],[80.71013,5.97284],[80.71047,5.97265],[80.71047,5.97253],[80.70999,5.97196],[80.70998,5.97159]]]}},{"type":"Feature","properties":{"c":"meadow"},"geometry":{"type":"Polygon","coordinates":[[[80.39727,5.96858],[80.39757,5.96883],[80.39798,5.96932],[80.39905,5.97017],[80.39931,5.97012],[80.39981,5.96974],[80.39992,5.96951],[80.39994,5.9689],[80.39973,5.96832],[80.39946,5.96817],[80.39851,5.96817],[80.39772,5.96803],[80.39727,5.96858]]]}},{"type":"Feature","properties":{"c":"farmland"},"geometry":{"type":"Polygon","coordinates":[[[80.38955,5.97414],[80.38979,5.97485],[80.38997,5.97516],[80.39027,5.97539],[80.39094,5.97573],[80.39142,5.97611],[80.39161,5.97654],[80.39181,5.97683],[80.39227,5.97724],[80.39267,5.9775],[80.39314,5.97761],[80.39355,5.97761],[80.39378,5.97768],[80.39398,5.97782],[80.39421,5.97827],[80.39437,5.97846],[80.39456,5.97916],[80.39453,5.97939],[80.39436,5.97982],[80.39432,5.98042],[80.3944,5.9805],[80.39452,5.98054],[80.39489,5.9805],[80.39536,5.98037],[80.39554,5.98022],[80.39558,5.9801],[80.39558,5.97987],[80.39547,5.97966],[80.39541,5.97931],[80.39526,5.97895],[80.39539,5.97858],[80.39551,5.97797],[80.39554,5.97774],[80.39549,5.97763],[80.39539,5.97756],[80.39527,5.97762],[80.3951,5.97796],[80.39499,5.97802],[80.39487,5.97798],[80.39479,5.97789],[80.39462,5.97736],[80.39449,5.97653],[80.39439,5.97644],[80.39402,5.97634],[80.39313,5.97633],[80.39282,5.97613],[80.39242,5.97578],[80.3919,5.97573],[80.39171,5.97558],[80.39159,5.97521],[80.39132,5.97494],[80.39131,5.97482],[80.39153,5.97413],[80.39169,5.97394],[80.39219,5.97358],[80.39278,5.97339],[80.39337,5.97331],[80.39401,5.97292],[80.39416,5.97271],[80.39411,5.97248],[80.39387,5.97244],[80.39365,5.97256],[80.39305,5.97262],[80.39242,5.97276],[80.39232,5.97283],[80.39228,5.97294],[80.39232,5.97306],[80.39228,5.97317],[80.39217,5.97323],[80.3917,5.97343],[80.39119,5.97346],[80.39106,5.97351],[80.3908,5.97379],[80.39072,5.97396],[80.39063,5.97444],[80.39055,5.97455],[80.39042,5.9746],[80.39018,5.97453],[80.39011,5.97443],[80.39003,5.97395],[80.38979,5.97388],[80.38967,5.97392],[80.38957,5.97401],[80.38955,5.97414]]]}},{"type":"Feature","properties":{"c":"scrub"},"geometry":{"type":"Polygon","coordinates":[[[80.38115,5.98247],[80.38135,5.983],[80.38162,5.98314],[80.3823,5.98317],[80.38279,5.98333],[80.38292,5.98333],[80.38325,5.98318],[80.38404,5.98294],[80.38456,5.98285],[80.38486,5.98289],[80.38329,5.98104],[80.38284,5.98132],[80.3826,5.98213],[80.38247,5.98233],[80.38227,5.98249],[80.38216,5.98255],[80.38115,5.98247]]]}},{"type":"Feature","properties":{"c":"farmland"},"geometry":{"type":"Polygon","coordinates":[[[80.38646,5.98272],[80.38709,5.98297],[80.3876,5.98298],[80.38773,5.98297],[80.38779,5.98274],[80.38788,5.98266],[80.38812,5.9827],[80.38837,5.98264],[80.38862,5.98265],[80.38886,5.98275],[80.38901,5.98298],[80.38956,5.98331],[80.38963,5.98381],[80.3896,5.98408],[80.38901,5.98465],[80.38882,5.98476],[80.38858,5.98478],[80.38849,5.98486],[80.38849,5.98492],[80.38866,5.98499],[80.38871,5.98509],[80.38869,5.98545],[80.38857,5.98569],[80.38841,5.98576],[80.3883,5.98599],[80.38826,5.98634],[80.38831,5.98648],[80.38842,5.98651],[80.38843,5.98657],[80.38824,5.98674],[80.38826,5.98691],[80.38845,5.98699],[80.38935,5.98694],[80.39004,5.98724],[80.3903,5.98721],[80.39039,5.98713],[80.39042,5.9869],[80.39032,5.98682],[80.38958,5.98672],[80.38947,5.98664],[80.38931,5.98631],[80.38938,5.98609],[80.38948,5.98602],[80.38984,5.98607],[80.38997,5.98603],[80.38998,5.98567],[80.38952,5.98511],[80.38958,5.98474],[80.38974,5.98447],[80.38978,5.98427],[80.38987,5.98419],[80.39,5.98418],[80.39015,5.9843],[80.39027,5.98458],[80.39034,5.98463],[80.39049,5.98445],[80.39091,5.98431],[80.39109,5.98435],[80.3913,5.9845],[80.39183,5.98472],[80.39195,5.9847],[80.39201,5.98459],[80.39212,5.98455],[80.39251,5.98464],[80.39262,5.98472],[80.39269,5.98506],[80.39276,5.98518],[80.39325,5.9856],[80.39328,5.98584],[80.39321,5.98606],[80.39287,5.98633],[80.39283,5.98645],[80.39286,5.98694],[80.39282,5.98705],[80.39251,5.98735],[80.3934,5.98758],[80.39346,5.98748],[80.39335,5.98713],[80.39336,5.98689],[80.39327,5.98655],[80.39333,5.98631],[80.39362,5.98616],[80.39375,5.98554],[80.39397,5.98542],[80.39405,5.98531],[80.39391,5.98513],[80.3939,5.98496],[80.39415,5.98493],[80.39447,5.98504],[80.3946,5.98503],[80.39453,5.98488],[80.39424,5.98483],[80.39408,5.98474],[80.39397,5.98458],[80.39403,5.98441],[80.3942,5.9844],[80.39454,5.9847],[80.39458,5.98467],[80.39457,5.98419],[80.39462,5.98407],[80.3948,5.9839],[80.39514,5.98375],[80.39549,5.9834],[80.39597,5.98313],[80.39595,5.98301],[80.39584,5.98298],[80.39555,5.98319],[80.39533,5.98326],[80.39518,5.98344],[80.39506,5.9835],[80.39435,5.98342],[80.39377,5.98368],[80.39376,5.9838],[80.39354,5.98413],[80.39318,5.98409],[80.39311,5.98399],[80.39326,5.98379],[80.39322,5.98368],[80.39311,5.98365],[80.39291,5.98374],[80.39268,5.98371],[80.39258,5.98365],[80.39245,5.98332],[80.39217,5.98323],[80.39186,5.98346],[80.39168,5.98349],[80.39137,5.98329],[80.39135,5.98313],[80.39141,5.98302],[80.39155,5.98292],[80.39201,5.98282],[80.39212,5.98274],[80.39207,5.98264],[80.39174,5.98272],[80.39141,5.98292],[80.39086,5.98302],[80.39043,5.98283],[80.39024,5.98266],[80.3901,5.98245],[80.39003,5.98222],[80.39013,5.98176],[80.39104,5.98093],[80.39115,5.98071],[80.3912,5.98047],[80.39101,5.98034],[80.39082,5.9805],[80.39056,5.9809],[80.39036,5.981],[80.38988,5.98099],[80.38968,5.9811],[80.38929,5.98136],[80.38899,5.98176],[80.38851,5.98176],[80.3883,5.98168],[80.38772,5.98127],[80.38762,5.98104],[80.38765,5.98053],[80.38761,5.98028],[80.38749,5.98003],[80.38661,5.98032],[80.38739,5.9813],[80.3875,5.98158],[80.38743,5.98207],[80.38729,5.98234],[80.38671,5.98265],[80.38646,5.98272]]]}},{"type":"Feature","properties":{"c":"orchard"},"geometry":{"type":"Polygon","coordinates":[[[80.39304,5.97573],[80.39326,5.97603],[80.39337,5.97608],[80.39426,5.97623],[80.39459,5.97636],[80.39481,5.97666],[80.39522,5.97685],[80.39547,5.97685],[80.39582,5.97676],[80.39617,5.97645],[80.39715,5.97637],[80.39725,5.97632],[80.39727,5.97626],[80.39709,5.97591],[80.39705,5.97548],[80.39663,5.97528],[80.39645,5.97488],[80.39635,5.97479],[80.39608,5.97472],[80.3959,5.97475],[80.39577,5.97524],[80.39557,5.9754],[80.39459,5.9755],[80.39434,5.9755],[80.39398,5.97542],[80.39323,5.97548],[80.39305,5.97562],[80.39304,5.97573]]]}},{"type":"Feature","properties":{"c":"residential"},"geometry":{"type":"Polygon","coordinates":[[[80.39702,5.9808],[80.39708,5.98118],[80.39717,5.98133],[80.39762,5.98153],[80.39814,5.9815],[80.39871,5.98117],[80.3989,5.98115],[80.39891,5.98131],[80.39839,5.98181],[80.3983,5.98203],[80.39834,5.98211],[80.39852,5.98228],[80.39903,5.98235],[80.39951,5.9821],[80.39963,5.98189],[80.39969,5.98141],[80.3996,5.98067],[80.39969,5.98045],[80.39989,5.9803],[80.40012,5.98024],[80.40036,5.98031],[80.40066,5.98083],[80.4009,5.98087],[80.40114,5.98083],[80.40124,5.98076],[80.40145,5.98018],[80.4017,5.97982],[80.4021,5.97938],[80.40229,5.97908],[80.40234,5.97871],[80.40225,5.97825],[80.40232,5.9779],[80.40289,5.9775],[80.40307,5.97721],[80.4031,5.97687],[80.40305,5.97677],[80.40262,5.97653],[80.40257,5.97639],[80.40327,5.97626],[80.40336,5.97592],[80.40331,5.9755],[80.40333,5.97537],[80.40363,5.97516],[80.40374,5.97496],[80.40378,5.97426],[80.40373,5.97411],[80.40317,5.97354],[80.40275,5.97348],[80.40258,5.9734],[80.40221,5.97358],[80.40209,5.97377],[80.40185,5.97446],[80.40162,5.97461],[80.40159,5.97446],[80.40172,5.97388],[80.40159,5.97369],[80.40135,5.97369],[80.40076,5.97414],[80.40062,5.97435],[80.40053,5.97458],[80.40054,5.97507],[80.4005,5.97533],[80.40041,5.97556],[80.40031,5.97566],[80.39992,5.97567],[80.39968,5.97562],[80.39924,5.97538],[80.39902,5.97509],[80.39891,5.97505],[80.39868,5.97527],[80.39857,5.97549],[80.39858,5.9758],[80.39842,5.97613],[80.39796,5.97669],[80.39738,5.97696],[80.39724,5.97751],[80.39739,5.9777],[80.39733,5.97841],[80.39723,5.97858],[80.39716,5.97882],[80.39714,5.97931],[80.39718,5.97955],[80.39738,5.97985],[80.39746,5.98016],[80.39741,5.98036],[80.39722,5.98053],[80.39702,5.9808]]]}},{"type":"Feature","properties":{"c":"farmland"},"geometry":{"type":"Polygon","coordinates":[[[80.39556,5.97117],[80.39556,5.97129],[80.39568,5.97131],[80.39671,5.97107],[80.39694,5.97095],[80.39729,5.9706],[80.39808,5.97028],[80.39833,5.97029],[80.39879,5.97046],[80.39889,5.97054],[80.39898,5.97077],[80.39916,5.97095],[80.39918,5.97107],[80.39912,5.97117],[80.39836,5.97232],[80.39716,5.97317],[80.39718,5.97329],[80.39742,5.97322],[80.39777,5.97329],[80.39815,5.97328],[80.3992,5.97301],[80.39957,5.97301],[80.39969,5.97336],[80.39967,5.97371],[80.39957,5.97394],[80.39947,5.97401],[80.39912,5.97402],[80.39891,5.97416],[80.39876,5.97448],[80.39827,5.97483],[80.39822,5.97494],[80.39827,5.97505],[80.39843,5.97508],[80.39891,5.97503],[80.39903,5.97507],[80.39925,5.97536],[80.39969,5.97561],[80.39993,5.97566],[80.4003,5.97564],[80.40039,5.97555],[80.40048,5.97532],[80.40053,5.97507],[80.40051,5.97457],[80.4006,5.97434],[80.40075,5.97413],[80.40135,5.97367],[80.4016,5.97368],[80.40174,5.97387],[80.4016,5.97447],[80.40164,5.97458],[80.40183,5.97445],[80.40208,5.97377],[80.4022,5.97356],[80.40258,5.97338],[80.40275,5.97346],[80.40318,5.97352],[80.40375,5.9741],[80.4038,5.97426],[80.40376,5.97497],[80.40365,5.97517],[80.40335,5.97538],[80.40338,5.97592],[80.40329,5.97627],[80.40259,5.9764],[80.40263,5.97651],[80.40307,5.97675],[80.40312,5.97698],[80.40308,5.97721],[80.4029,5.97752],[80.40247,5.97776],[80.40232,5.9779],[80.40225,5.97825],[80.40234,5.97871],[80.40223,5.97919],[80.4021,5.97938],[80.4017,5.97982],[80.40145,5.98018],[80.40124,5.98076],[80.40114,5.98083],[80.4009,5.98087],[80.40066,5.98083],[80.40036,5.98031],[80.40012,5.98024],[80.39989,5.9803],[80.39969,5.98045],[80.3996,5.98067],[80.39961,5.98092],[80.40009,5.98108],[80.4003,5.9814],[80.4004,5.98147],[80.40098,5.98128],[80.40137,5.98124],[80.40159,5.98134],[80.40166,5.98166],[80.40216,5.98181],[80.40242,5.98153],[80.40255,5.98153],[80.40307,5.98191],[80.4032,5.98214],[80.40339,5.9823],[80.40351,5.98231],[80.40358,5.98207],[80.4037,5.98204],[80.40421,5.98215],[80.40463,5.98212],[80.40473,5.98204],[80.40473,5.98118],[80.40467,5.98108],[80.40455,5.98109],[80.40442,5.98142],[80.40425,5.9816],[80.40388,5.98167],[80.40367,5.98156],[80.40345,5.98126],[80.40297,5.98124],[80.40285,5.9812],[80.40229,5.98073],[80.40214,5.98053],[80.40209,5.98029],[80.40222,5.98006],[80.40241,5.9799],[80.40276,5.97937],[80.40286,5.9793],[80.40297,5.97937],[80.40348,5.97994],[80.40378,5.98016],[80.40391,5.98019],[80.40385,5.98008],[80.40349,5.97976],[80.40348,5.97951],[80.40343,5.97941],[80.40285,5.97887],[80.40271,5.97867],[80.40271,5.97855],[80.40278,5.97818],[80.40285,5.97808],[80.40297,5.97802],[80.4034,5.97797],[80.40351,5.97791],[80.40367,5.97771],[80.4038,5.97737],[80.40391,5.9773],[80.40416,5.97734],[80.40472,5.97766],[80.40497,5.97769],[80.40525,5.97786],[80.4055,5.97787],[80.40572,5.97799],[80.40584,5.9782],[80.40604,5.97835],[80.40616,5.97855],[80.40633,5.98],[80.40639,5.9801],[80.40663,5.98005],[80.40669,5.97993],[80.40667,5.97969],[80.40644,5.97925],[80.40642,5.97876],[80.40619,5.97812],[80.40627,5.97803],[80.40675,5.97816],[80.40724,5.97816],[80.40732,5.97807],[80.4073,5.97794],[80.40699,5.97775],[80.4066,5.97773],[80.40566,5.97747],[80.4055,5.97729],[80.4055,5.97705],[80.40546,5.97693],[80.40533,5.9769],[80.40523,5.97694],[80.40505,5.97726],[80.40481,5.97724],[80.40473,5.97717],[80.40459,5.97696],[80.40445,5.97649],[80.40423,5.97598],[80.40434,5.97562],[80.40436,5.97513],[80.4044,5.97501],[80.40462,5.97491],[80.40475,5.97492],[80.40497,5.97507],[80.4051,5.97506],[80.4059,5.97465],[80.40588,5.97453],[80.4057,5.97439],[80.40546,5.97435],[80.40538,5.97425],[80.40538,5.97388],[80.40554,5.97369],[80.40575,5.97354],[80.40602,5.97318],[80.40634,5.97299],[80.40673,5.97296],[80.40699,5.97302],[80.40758,5.97353],[80.40792,5.97371],[80.40829,5.9737],[80.40855,5.9736],[80.40857,5.97336],[80.40846,5.97315],[80.40788,5.97299],[80.40766,5.97286],[80.40742,5.97224],[80.40716,5.97201],[80.40711,5.9719],[80.40718,5.97167],[80.40733,5.97147],[80.40752,5.9713],[80.40799,5.97105],[80.40796,5.97094],[80.40784,5.97087],[80.4076,5.97085],[80.40726,5.97101],[80.40665,5.97143],[80.40642,5.9715],[80.40628,5.97149],[80.40607,5.97137],[80.40582,5.97109],[80.4057,5.97087],[80.40559,5.97082],[80.40535,5.97086],[80.40527,5.97095],[80.40524,5.97119],[80.40529,5.97145],[80.40558,5.97216],[80.40557,5.9724],[80.40547,5.97266],[80.40515,5.97306],[80.40502,5.9734],[80.40486,5.97356],[80.40476,5.97349],[80.40468,5.97312],[80.40451,5.97278],[80.40402,5.97255],[80.40392,5.97215],[80.40398,5.97155],[80.40396,5.97143],[80.40385,5.97137],[80.40361,5.97135],[80.40352,5.97142],[80.40327,5.97184],[80.40306,5.97196],[80.40275,5.97188],[80.4026,5.97171],[80.40251,5.97111],[80.40254,5.96997],[80.40258,5.96984],[80.40281,5.96957],[80.40281,5.96944],[80.40265,5.96897],[80.40238,5.96861],[80.40238,5.9681],[80.40185,5.9677],[80.40125,5.96781],[80.40109,5.96798],[80.40058,5.96829],[80.40031,5.96834],[80.39973,5.96832],[80.39994,5.9689],[80.39992,5.96951],[80.39981,5.96974],[80.39931,5.97012],[80.39905,5.97017],[80.39798,5.96932],[80.39779,5.96955],[80.39759,5.96968],[80.39733,5.96971],[80.39696,5.96968],[80.39686,5.96973],[80.39666,5.97021],[80.39663,5.97057],[80.39655,5.97066],[80.39612,5.97087],[80.396,5.97086],[80.39584,5.97068],[80.39574,5.97072],[80.39556,5.97117]],[[80.39937,5.97447],[80.39955,5.97431],[80.39989,5.97423],[80.4001,5.97412],[80.4002,5.97418],[80.4002,5.97455],[80.39987,5.97476],[80.39954,5.97478],[80.39938,5.97459],[80.39937,5.97447]]]}},{"type":"Feature","properties":{"c":"orchard"},"geometry":{"type":"Polygon","coordinates":[[[80.45618,5.95732],[80.45634,5.95795],[80.45653,5.95801],[80.45654,5.95834],[80.45728,5.95836],[80.4576,5.95851],[80.45788,5.9587],[80.4581,5.959],[80.45828,5.95912],[80.45864,5.95914],[80.45956,5.95903],[80.45989,5.95891],[80.46009,5.95868],[80.46032,5.9587],[80.46055,5.95866],[80.46064,5.95859],[80.46077,5.95829],[80.46084,5.95797],[80.46121,5.95774],[80.46133,5.95754],[80.46166,5.95757],[80.46208,5.95777],[80.46265,5.95761],[80.46378,5.95699],[80.46389,5.95699],[80.46408,5.95709],[80.46466,5.95662],[80.46456,5.95607],[80.46459,5.95596],[80.46477,5.9558],[80.46529,5.95553],[80.46537,5.95544],[80.46541,5.95521],[80.46535,5.95488],[80.46528,5.95468],[80.46511,5.95454],[80.4642,5.95461],[80.46409,5.95451],[80.46412,5.9544],[80.46489,5.95423],[80.46511,5.95383],[80.46552,5.95342],[80.46555,5.95319],[80.4654,5.95304],[80.46519,5.95294],[80.46488,5.95288],[80.46455,5.95291],[80.46449,5.95301],[80.46417,5.95306],[80.46375,5.95321],[80.46352,5.95321],[80.46331,5.95327],[80.46321,5.95333],[80.46309,5.95352],[80.46288,5.95358],[80.46279,5.95351],[80.46274,5.95286],[80.4624,5.95255],[80.46209,5.9526],[80.462,5.95268],[80.46168,5.95331],[80.46161,5.95339],[80.46151,5.95341],[80.46131,5.95334],[80.46113,5.95319],[80.46091,5.95277],[80.46072,5.95264],[80.46053,5.95255],[80.46009,5.95257],[80.45966,5.95288],[80.45907,5.95321],[80.45874,5.95333],[80.45861,5.9535],[80.45859,5.95373],[80.45867,5.95392],[80.45889,5.95418],[80.4593,5.95438],[80.45936,5.95459],[80.45928,5.95485],[80.4598,5.95509],[80.46004,5.95533],[80.46033,5.95548],[80.4605,5.95564],[80.46072,5.95564],[80.46103,5.95553],[80.46127,5.95554],[80.46132,5.95575],[80.46119,5.95605],[80.46121,5.95649],[80.46114,5.95677],[80.46123,5.95684],[80.46122,5.95704],[80.46094,5.9571],[80.46031,5.95668],[80.46021,5.95647],[80.46001,5.95631],[80.45965,5.95634],[80.45911,5.9562],[80.45872,5.95643],[80.45751,5.95659],[80.45671,5.95693],[80.45635,5.95715],[80.45618,5.95732]]]}},{"type":"Feature","properties":{"c":"farmland"},"geometry":{"type":"Polygon","coordinates":[[[80.50436,5.94865],[80.50462,5.94884],[80.5047,5.94907],[80.50466,5.94957],[80.50452,5.95022],[80.50454,5.95034],[80.5046,5.95034],[80.50506,5.95019],[80.50501,5.94977],[80.5051,5.94943],[80.50514,5.94897],[80.50507,5.94857],[80.50488,5.94839],[80.50471,5.94838],[80.50452,5.94858],[80.50436,5.94865]]]}},{"type":"Feature","properties":{"c":"farmland"},"geometry":{"type":"Polygon","coordinates":[[[80.57012,5.99591],[80.57028,5.99624],[80.57018,5.99641],[80.5707,5.99634],[80.57106,5.99636],[80.5712,5.99634],[80.57124,5.99627],[80.57114,5.99616],[80.57084,5.99606],[80.57012,5.99591]]]}},{"type":"Feature","properties":{"c":"farmland"},"geometry":{"type":"Polygon","coordinates":[[[80.56903,5.99731],[80.56905,5.99767],[80.56923,5.99775],[80.56937,5.99794],[80.56955,5.998],[80.56981,5.99793],[80.5699,5.99765],[80.56988,5.99752],[80.56979,5.99742],[80.56903,5.99731]]]}},{"type":"Feature","properties":{"c":"farmland"},"geometry":{"type":"Polygon","coordinates":[[[80.57023,5.99585],[80.57082,5.99596],[80.57134,5.99617],[80.57146,5.99597],[80.57097,5.99539],[80.57077,5.995],[80.57032,5.99528],[80.57023,5.99585]]]}},{"type":"Feature","properties":{"c":"farmland"},"geometry":{"type":"Polygon","coordinates":[[[80.56179,5.99787],[80.56189,5.99807],[80.56223,5.99846],[80.5625,5.99846],[80.56277,5.99852],[80.56314,5.99869],[80.56324,5.99866],[80.56353,5.99841],[80.56359,5.99816],[80.56376,5.99791],[80.56384,5.99768],[80.5643,5.99755],[80.56442,5.99744],[80.5646,5.99712],[80.56461,5.99686],[80.56471,5.99667],[80.56488,5.99651],[80.56534,5.99638],[80.56561,5.99647],[80.56569,5.9968],[80.56556,5.99687],[80.56529,5.99687],[80.56514,5.99699],[80.56511,5.99738],[80.56519,5.99787],[80.56518,5.9983],[80.56514,5.99853],[80.56504,5.99857],[80.56485,5.99885],[80.56493,5.99894],[80.56521,5.99893],[80.56553,5.99924],[80.56583,5.99969],[80.56613,5.99984],[80.56629,5.99979],[80.56637,5.99966],[80.56637,5.99943],[80.56618,5.99925],[80.566,5.99893],[80.56598,5.9986],[80.56619,5.99856],[80.56654,5.9987],[80.5668,5.99871],[80.56701,5.9986],[80.567,5.99831],[80.56659,5.99804],[80.56654,5.99767],[80.56656,5.99734],[80.56673,5.997],[80.56698,5.99693],[80.56733,5.99709],[80.5676,5.99782],[80.5676,5.99819],[80.56771,5.99842],[80.56817,5.99845],[80.56779,5.99744],[80.56731,5.99579],[80.56728,5.99527],[80.56735,5.995],[80.56721,5.99486],[80.56698,5.99502],[80.56663,5.99515],[80.56618,5.99517],[80.56577,5.99512],[80.56556,5.99497],[80.5657,5.99479],[80.56639,5.9942],[80.56626,5.99408],[80.56537,5.99392],[80.56534,5.99405],[80.56518,5.99421],[80.56495,5.9942],[80.56408,5.99389],[80.56382,5.99357],[80.56348,5.99388],[80.56337,5.99401],[80.56334,5.99414],[80.56325,5.99498],[80.56333,5.99526],[80.56334,5.99561],[80.5629,5.9961],[80.56272,5.99649],[80.56239,5.99695],[80.56203,5.99728],[80.56179,5.99787]]]}},{"type":"Feature","properties":{"c":"farmland"},"geometry":{"type":"Polygon","coordinates":[[[80.57068,5.98758],[80.57098,5.9886],[80.57135,5.98923],[80.57174,5.98948],[80.57228,5.98952],[80.57282,5.9893],[80.57289,5.98912],[80.57244,5.98858],[80.57232,5.9883],[80.57244,5.98787],[80.57268,5.98761],[80.57068,5.98758]]]}},{"type":"Feature","properties":{"c":"farmland"},"geometry":{"type":"Polygon","coordinates":[[[80.56758,5.99505],[80.56871,5.99579],[80.56898,5.99502],[80.56928,5.99483],[80.56958,5.99472],[80.57021,5.99503],[80.5704,5.99481],[80.57041,5.99463],[80.56937,5.99349],[80.56906,5.99381],[80.56824,5.99422],[80.56798,5.9944],[80.56778,5.99482],[80.56758,5.99505]]]}},{"type":"Feature","properties":{"c":"farmland"},"geometry":{"type":"Polygon","coordinates":[[[80.57104,5.9946],[80.57134,5.99485],[80.57188,5.99565],[80.57308,5.99616],[80.57366,5.9966],[80.57442,5.99752],[80.57464,5.99807],[80.57489,5.99843],[80.57519,5.99874],[80.57585,5.99854],[80.57533,5.99811],[80.57525,5.99786],[80.57547,5.99744],[80.57566,5.9972],[80.57578,5.99666],[80.57569,5.99617],[80.57561,5.99597],[80.57495,5.99567],[80.57462,5.99534],[80.57377,5.99483],[80.57368,5.99463],[80.5736,5.99424],[80.57365,5.99393],[80.57347,5.99373],[80.57331,5.9936],[80.57317,5.9936],[80.57268,5.99342],[80.57104,5.9946]]]}},{"type":"Feature","properties":{"c":"farmland"},"geometry":{"type":"Polygon","coordinates":[[[80.56959,5.99861],[80.57085,5.99869],[80.57144,5.99865],[80.57217,5.99847],[80.57238,5.99849],[80.57273,5.99871],[80.57316,5.99886],[80.57369,5.99867],[80.57378,5.9984],[80.57379,5.99808],[80.57369,5.9974],[80.57252,5.99654],[80.5722,5.99638],[80.57187,5.99632],[80.57151,5.99614],[80.571,5.99675],[80.57083,5.99687],[80.5706,5.99694],[80.56993,5.99813],[80.56965,5.99846],[80.56959,5.99861]]]}},{"type":"Feature","properties":{"c":"farmland"},"geometry":{"type":"Polygon","coordinates":[[[80.56274,5.99034],[80.56323,5.99068],[80.56368,5.99084],[80.564,5.99105],[80.56409,5.99146],[80.56397,5.99179],[80.56423,5.99224],[80.56468,5.99179],[80.56507,5.99157],[80.56508,5.99118],[80.56486,5.99063],[80.56466,5.99033],[80.56472,5.98915],[80.56459,5.98881],[80.56461,5.98788],[80.56435,5.98764],[80.56288,5.9876],[80.56278,5.98802],[80.56275,5.98866],[80.56277,5.98927],[80.56297,5.98956],[80.56297,5.98981],[80.56287,5.99006],[80.56275,5.99014],[80.56274,5.99034]]]}},{"type":"Feature","properties":{"c":"farmland"},"geometry":{"type":"Polygon","coordinates":[[[80.56545,5.98763],[80.56561,5.98774],[80.56595,5.98818],[80.56631,5.98877],[80.56672,5.98931],[80.56695,5.98986],[80.56732,5.99103],[80.56753,5.99133],[80.56874,5.99203],[80.56936,5.99274],[80.57011,5.99338],[80.57079,5.99419],[80.57093,5.99452],[80.57156,5.99413],[80.57256,5.99336],[80.57246,5.99267],[80.57264,5.99183],[80.57303,5.99119],[80.57342,5.991],[80.57372,5.99094],[80.57375,5.99046],[80.57357,5.99025],[80.57298,5.98982],[80.57258,5.98976],[80.57202,5.98986],[80.57146,5.98982],[80.57104,5.9894],[80.57076,5.98888],[80.57058,5.98828],[80.57025,5.98761],[80.56545,5.98763]]]}},{"type":"Feature","properties":{"c":"farmland"},"geometry":{"type":"Polygon","coordinates":[[[80.56743,5.99535],[80.56753,5.99598],[80.56835,5.99845],[80.56875,5.9984],[80.56876,5.99794],[80.56897,5.99748],[80.56894,5.99736],[80.56878,5.99719],[80.56873,5.99706],[80.56905,5.99663],[80.56907,5.99644],[80.5688,5.99634],[80.56872,5.99625],[80.5687,5.99594],[80.56751,5.99511],[80.56743,5.99535]]]}},{"type":"Feature","properties":{"c":"farmland"},"geometry":{"type":"Polygon","coordinates":[[[80.56395,5.99336],[80.56427,5.99345],[80.56459,5.99348],[80.56528,5.9938],[80.56625,5.99393],[80.56637,5.99397],[80.56644,5.99407],[80.56659,5.99408],[80.5666,5.99371],[80.56675,5.99358],[80.56704,5.99351],[80.56728,5.99361],[80.56768,5.99407],[80.56786,5.99415],[80.56864,5.99378],[80.56927,5.99324],[80.56852,5.99265],[80.56747,5.99206],[80.56692,5.99167],[80.56682,5.99153],[80.56668,5.99114],[80.56654,5.99022],[80.56628,5.98963],[80.56522,5.98824],[80.565,5.98811],[80.5649,5.98844],[80.56492,5.98956],[80.56487,5.99001],[80.56497,5.99038],[80.56523,5.99063],[80.56572,5.99063],[80.56589,5.99045],[80.56608,5.99048],[80.56626,5.99069],[80.56648,5.99161],[80.56638,5.99221],[80.56618,5.99229],[80.56585,5.99194],[80.56563,5.99151],[80.56529,5.99151],[80.5651,5.99183],[80.56477,5.992],[80.56464,5.99214],[80.56433,5.99271],[80.56406,5.99297],[80.56395,5.99336]]]}},{"type":"Feature","properties":{"c":"forest"},"geometry":{"type":"Polygon","coordinates":[[[80.59769,5.98373],[80.59791,5.98382],[80.5984,5.98363],[80.59862,5.98345],[80.59877,5.98315],[80.59875,5.98301],[80.59866,5.98292],[80.59842,5.98296],[80.59821,5.98318],[80.59801,5.98328],[80.59773,5.98353],[80.59769,5.98373]]]}},{"type":"Feature","properties":{"c":"farmland"},"geometry":{"type":"Polygon","coordinates":[[[80.52169,5.96007],[80.52177,5.96016],[80.52261,5.96073],[80.52332,5.95951],[80.5221,5.95922],[80.52169,5.96007]]]}},{"type":"Feature","properties":{"c":"farmland"},"geometry":{"type":"Polygon","coordinates":[[[80.53431,5.9917],[80.53446,5.99185],[80.53433,5.99206],[80.5345,5.99219],[80.5346,5.99209],[80.53465,5.99211],[80.53491,5.99173],[80.53463,5.9914],[80.53431,5.9917]]]}},{"type":"Feature","properties":{"c":"farmland"},"geometry":{"type":"Polygon","coordinates":[[[80.53473,5.99116],[80.53502,5.99128],[80.53516,5.99099],[80.53521,5.991],[80.53537,5.9906],[80.53489,5.99039],[80.53479,5.99094],[80.53498,5.99103],[80.53495,5.99112],[80.53476,5.99108],[80.53473,5.99116]]]}},{"type":"Feature","properties":{"c":"farmland"},"geometry":{"type":"Polygon","coordinates":[[[80.53013,5.98775],[80.53012,5.98816],[80.53054,5.98851],[80.53074,5.98856],[80.53099,5.98882],[80.53119,5.9885],[80.53172,5.9887],[80.53177,5.98819],[80.53235,5.9878],[80.53256,5.98652],[80.53168,5.98632],[80.53178,5.98538],[80.53109,5.98528],[80.53089,5.98568],[80.53065,5.98688],[80.53045,5.98735],[80.53013,5.98775]]]}},{"type":"Feature","properties":{"c":"farmland"},"geometry":{"type":"Polygon","coordinates":[[[80.53099,5.98882],[80.53109,5.98903],[80.53147,5.98918],[80.5316,5.98894],[80.53204,5.98891],[80.53259,5.98914],[80.53315,5.9892],[80.53359,5.98756],[80.53352,5.98754],[80.53337,5.98719],[80.5325,5.98687],[80.53235,5.9878],[80.53177,5.98819],[80.53172,5.9887],[80.53119,5.9885],[80.53099,5.98882]]]}},{"type":"Feature","properties":{"c":"farmland"},"geometry":{"type":"Polygon","coordinates":[[[80.53324,5.98917],[80.53383,5.98909],[80.53441,5.98947],[80.53468,5.98955],[80.535,5.98972],[80.53493,5.99028],[80.53557,5.9906],[80.53588,5.99109],[80.53623,5.99116],[80.53642,5.99107],[80.53654,5.99086],[80.53632,5.99062],[80.53624,5.99023],[80.53625,5.98985],[80.53637,5.98939],[80.53656,5.98937],[80.5366,5.98977],[80.53685,5.98988],[80.53702,5.98953],[80.53696,5.98912],[80.53742,5.98892],[80.53733,5.98859],[80.53625,5.98923],[80.53593,5.98936],[80.53586,5.98895],[80.53559,5.98809],[80.53382,5.98817],[80.53367,5.98816],[80.53351,5.98808],[80.53324,5.98917]]]}},{"type":"Feature","properties":{"c":"farmland"},"geometry":{"type":"Polygon","coordinates":[[[80.56485,5.95896],[80.56486,5.95945],[80.56557,5.95965],[80.56565,5.95977],[80.56659,5.96006],[80.56664,5.96021],[80.56733,5.96023],[80.56833,5.9596],[80.56892,5.95982],[80.56925,5.95968],[80.56939,5.95943],[80.5694,5.95909],[80.56919,5.95856],[80.56923,5.95837],[80.56945,5.95825],[80.56935,5.95783],[80.56918,5.95759],[80.56871,5.9574],[80.56868,5.9577],[80.56874,5.95813],[80.56865,5.95826],[80.56799,5.95843],[80.56744,5.95871],[80.56485,5.95896]]]}},{"type":"Feature","properties":{"c":"farmland"},"geometry":{"type":"Polygon","coordinates":[[[80.57111,5.94878],[80.57122,5.94894],[80.57165,5.94883],[80.57203,5.94882],[80.57242,5.94867],[80.5724,5.94847],[80.57205,5.94859],[80.57119,5.94859],[80.57111,5.94878]]]}},{"type":"Feature","properties":{"c":"farmland"},"geometry":{"type":"Polygon","coordinates":[[[80.57252,5.94843],[80.57257,5.94862],[80.5732,5.94843],[80.57386,5.94798],[80.57455,5.94793],[80.57471,5.94783],[80.57443,5.94748],[80.57379,5.94759],[80.57289,5.94813],[80.57296,5.94834],[80.57278,5.94843],[80.57271,5.94833],[80.57252,5.94843]]]}},{"type":"Feature","properties":{"c":"farmland"},"geometry":{"type":"Polygon","coordinates":[[[80.56869,5.95689],[80.56898,5.95706],[80.56948,5.95691],[80.56998,5.95685],[80.57031,5.95662],[80.57081,5.95648],[80.57107,5.95647],[80.57115,5.95675],[80.57184,5.95686],[80.57209,5.95714],[80.5729,5.95732],[80.57367,5.95687],[80.57395,5.95689],[80.57428,5.95673],[80.57556,5.95695],[80.5756,5.95677],[80.57022,5.95592],[80.56927,5.95642],[80.56869,5.95689]]]}},{"type":"Feature","properties":{"c":"farmland"},"geometry":{"type":"Polygon","coordinates":[[[80.5719,5.95374],[80.57314,5.95441],[80.57318,5.95455],[80.57456,5.95468],[80.57456,5.95544],[80.57369,5.95542],[80.57363,5.95565],[80.57401,5.95572],[80.5741,5.95635],[80.57574,5.95657],[80.57577,5.95632],[80.57564,5.95624],[80.57573,5.95592],[80.576,5.9559],[80.57605,5.95581],[80.57632,5.95586],[80.57653,5.95489],[80.57654,5.9546],[80.57651,5.95441],[80.57631,5.95397],[80.57625,5.95374],[80.57567,5.95374],[80.57526,5.95369],[80.57454,5.95381],[80.57312,5.95375],[80.57279,5.95364],[80.5723,5.95337],[80.57207,5.95332],[80.5719,5.95374]]]}},{"type":"Feature","properties":{"c":"farmland"},"geometry":{"type":"Polygon","coordinates":[[[80.58,5.9543],[80.58001,5.95539],[80.58023,5.95563],[80.58055,5.95568],[80.58099,5.95557],[80.58152,5.9555],[80.58203,5.95558],[80.58215,5.9557],[80.58224,5.95592],[80.58233,5.95588],[80.58244,5.95606],[80.58235,5.95613],[80.58232,5.95636],[80.58243,5.9568],[80.58265,5.9568],[80.58282,5.95658],[80.58282,5.95628],[80.58297,5.95608],[80.58309,5.95577],[80.58346,5.95543],[80.58355,5.95513],[80.58328,5.95456],[80.58294,5.95451],[80.58283,5.95399],[80.58256,5.95391],[80.58209,5.95393],[80.58162,5.95407],[80.58091,5.95405],[80.58,5.9543]]]}},{"type":"Feature","properties":{"c":"farmland"},"geometry":{"type":"Polygon","coordinates":[[[80.57618,5.95186],[80.57692,5.953],[80.57636,5.95359],[80.57665,5.95462],[80.57662,5.95491],[80.57638,5.95601],[80.57647,5.95603],[80.57659,5.95583],[80.57705,5.95578],[80.57723,5.95548],[80.57727,5.95508],[80.57735,5.95499],[80.57746,5.95495],[80.57815,5.95527],[80.57847,5.95524],[80.57861,5.95497],[80.57906,5.95495],[80.57939,5.95504],[80.57964,5.95518],[80.57993,5.95516],[80.57991,5.95448],[80.57996,5.95401],[80.57982,5.95399],[80.57992,5.95318],[80.58007,5.95291],[80.57993,5.95221],[80.57973,5.95212],[80.57938,5.95213],[80.57926,5.95184],[80.57889,5.95183],[80.57853,5.95188],[80.57805,5.95238],[80.57782,5.95251],[80.57758,5.95257],[80.57735,5.95252],[80.5772,5.95239],[80.57716,5.95216],[80.57721,5.95195],[80.57712,5.95184],[80.57681,5.95179],[80.5764,5.95164],[80.57618,5.95186]]]}},{"type":"Feature","properties":{"c":"farmland"},"geometry":{"type":"Polygon","coordinates":[[[80.58001,5.95216],[80.58015,5.95283],[80.58039,5.95269],[80.5808,5.95258],[80.58103,5.95244],[80.58167,5.95184],[80.58207,5.95168],[80.58203,5.95059],[80.58154,5.95064],[80.58168,5.95122],[80.58153,5.95151],[80.58129,5.95177],[80.58103,5.95192],[80.58075,5.95197],[80.58061,5.95188],[80.58039,5.95188],[80.58017,5.952],[80.58001,5.95216]]]}},{"type":"Feature","properties":{"c":"farmland"},"geometry":{"type":"Polygon","coordinates":[[[80.58212,5.95102],[80.58215,5.95163],[80.58258,5.95154],[80.58291,5.95137],[80.58367,5.95124],[80.58434,5.95102],[80.58486,5.95115],[80.58549,5.95102],[80.58547,5.95086],[80.58532,5.95075],[80.5847,5.95083],[80.58432,5.95082],[80.58361,5.95098],[80.58291,5.95119],[80.58267,5.9512],[80.58242,5.95114],[80.58231,5.95101],[80.58212,5.95102]]]}},{"type":"Feature","properties":{"c":"farmland"},"geometry":{"type":"Polygon","coordinates":[[[80.58248,5.96187],[80.5825,5.96199],[80.58261,5.9621],[80.58298,5.96219],[80.58321,5.96264],[80.58322,5.96276],[80.58304,5.96311],[80.58336,5.96322],[80.5836,5.96284],[80.5836,5.96183],[80.58398,5.9609],[80.58399,5.96061],[80.58372,5.96062],[80.58371,5.96087],[80.58352,5.9611],[80.58341,5.96144],[80.58326,5.9615],[80.58317,5.9616],[80.58248,5.96187]]]}},{"type":"Feature","properties":{"c":"farmland"},"geometry":{"type":"Polygon","coordinates":[[[80.58284,5.95794],[80.58304,5.95821],[80.58324,5.95864],[80.58361,5.95992],[80.58361,5.9603],[80.58369,5.96057],[80.58398,5.96053],[80.58389,5.95994],[80.58351,5.95856],[80.5833,5.95802],[80.58284,5.95794]]]}},{"type":"Feature","properties":{"c":"farmland"},"geometry":{"type":"Polygon","coordinates":[[[80.57945,5.95932],[80.57951,5.95944],[80.57989,5.95926],[80.58023,5.9589],[80.58036,5.95886],[80.58074,5.95894],[80.58109,5.9589],[80.58142,5.95866],[80.5819,5.95859],[80.58236,5.95836],[80.58244,5.95821],[80.58231,5.95793],[80.5821,5.95795],[80.58196,5.95829],[80.58173,5.95838],[80.58135,5.95842],[80.58095,5.95856],[80.58075,5.95849],[80.58027,5.95858],[80.57996,5.95873],[80.57979,5.95902],[80.57945,5.95932]]]}},{"type":"Feature","properties":{"c":"farmland"},"geometry":{"type":"Polygon","coordinates":[[[80.57982,5.9365],[80.57995,5.93673],[80.57987,5.93688],[80.5799,5.93701],[80.58052,5.93766],[80.5806,5.93763],[80.58052,5.93742],[80.58061,5.93719],[80.58034,5.93654],[80.58015,5.93645],[80.57982,5.9365]]]}},{"type":"Feature","properties":{"c":"farmland"},"geometry":{"type":"Polygon","coordinates":[[[80.57136,5.94218],[80.57144,5.94235],[80.57153,5.94239],[80.57209,5.94223],[80.57252,5.94197],[80.57237,5.94166],[80.57196,5.94179],[80.57199,5.94202],[80.57186,5.9421],[80.57136,5.94218]]]}},{"type":"Feature","properties":{"c":"residential"},"geometry":{"type":"Polygon","coordinates":[[[80.57534,5.94131],[80.57575,5.94191],[80.57597,5.94203],[80.5763,5.94209],[80.57669,5.94206],[80.57721,5.94188],[80.57741,5.94185],[80.57767,5.94187],[80.57779,5.94171],[80.57779,5.94144],[80.57765,5.9413],[80.57743,5.94124],[80.57715,5.94129],[80.57681,5.94144],[80.57622,5.94147],[80.57602,5.94141],[80.57569,5.94107],[80.57547,5.94095],[80.57534,5.94131]]]}},{"type":"Feature","properties":{"c":"farmland"},"geometry":{"type":"Polygon","coordinates":[[[80.57712,5.94413],[80.57732,5.94507],[80.5775,5.94508],[80.57753,5.9446],[80.57735,5.94405],[80.57712,5.94413]]]}},{"type":"Feature","properties":{"c":"farmland"},"geometry":{"type":"Polygon","coordinates":[[[80.5725,5.94165],[80.57271,5.94195],[80.57323,5.942],[80.57351,5.94191],[80.57401,5.94157],[80.57429,5.94163],[80.57449,5.94183],[80.5746,5.94206],[80.5746,5.94235],[80.57453,5.94261],[80.57469,5.94277],[80.575,5.94268],[80.57514,5.94255],[80.57546,5.94256],[80.57571,5.94268],[80.57588,5.94294],[80.57592,5.94323],[80.57589,5.94351],[80.57574,5.94378],[80.57589,5.94396],[80.57617,5.94385],[80.5763,5.94374],[80.57661,5.9437],[80.57682,5.94374],[80.57709,5.94405],[80.57734,5.94394],[80.57733,5.94351],[80.57744,5.94336],[80.57783,5.94307],[80.57828,5.9431],[80.5785,5.94259],[80.5783,5.94246],[80.57806,5.94245],[80.57789,5.94229],[80.57791,5.94194],[80.57804,5.94162],[80.57828,5.94145],[80.57907,5.94119],[80.5799,5.94106],[80.57972,5.94046],[80.57927,5.9404],[80.57906,5.94046],[80.57896,5.94068],[80.57869,5.94097],[80.57814,5.94109],[80.57767,5.94104],[80.57709,5.94117],[80.57683,5.94111],[80.57638,5.94115],[80.57608,5.94098],[80.57562,5.94054],[80.57533,5.94017],[80.57456,5.94028],[80.5744,5.94019],[80.57428,5.94],[80.57415,5.94005],[80.57401,5.94054],[80.57379,5.94093],[80.57351,5.94124],[80.57297,5.94155],[80.5725,5.94165]],[[80.57534,5.94131],[80.57547,5.94095],[80.57569,5.94107],[80.57602,5.94141],[80.57622,5.94147],[80.57681,5.94144],[80.57715,5.94129],[80.57743,5.94124],[80.57765,5.9413],[80.57779,5.94144],[80.57779,5.94171],[80.57767,5.94187],[80.57741,5.94185],[80.57721,5.94188],[80.57669,5.94206],[80.5763,5.94209],[80.57597,5.94203],[80.57575,5.94191],[80.57534,5.94131]]]}},{"type":"Feature","properties":{"c":"farmland"},"geometry":{"type":"Polygon","coordinates":[[[80.57833,5.94316],[80.57941,5.94343],[80.57954,5.94357],[80.57966,5.94302],[80.57953,5.94314],[80.57939,5.94312],[80.57932,5.94333],[80.57921,5.94329],[80.57891,5.94279],[80.57857,5.94266],[80.57833,5.94316]]]}},{"type":"Feature","properties":{"c":"farmland"},"geometry":{"type":"Polygon","coordinates":[[[80.58275,5.946],[80.58314,5.94648],[80.58349,5.94624],[80.58314,5.94605],[80.58281,5.94594],[80.58275,5.946]]]}},{"type":"Feature","properties":{"c":"farmland"},"geometry":{"type":"Polygon","coordinates":[[[80.58321,5.94654],[80.58403,5.94722],[80.58452,5.94742],[80.58527,5.94811],[80.58567,5.94831],[80.58603,5.94861],[80.5864,5.94824],[80.58628,5.94795],[80.58605,5.94784],[80.58559,5.94739],[80.58544,5.94738],[80.58521,5.94706],[80.58529,5.94658],[80.5854,5.94634],[80.58567,5.94598],[80.5856,5.94594],[80.58548,5.946],[80.58522,5.94622],[80.58512,5.94652],[80.58505,5.94704],[80.58484,5.94704],[80.58477,5.94684],[80.58468,5.94683],[80.58456,5.94698],[80.58429,5.94695],[80.58369,5.94654],[80.58367,5.94639],[80.58356,5.94629],[80.58321,5.94654]]]}},{"type":"Feature","properties":{"c":"farmland"},"geometry":{"type":"Polygon","coordinates":[[[80.58612,5.94862],[80.5863,5.94878],[80.58675,5.94943],[80.58683,5.94965],[80.58679,5.94997],[80.58715,5.95024],[80.5875,5.95042],[80.58776,5.95041],[80.58822,5.95056],[80.58831,5.95049],[80.58853,5.95058],[80.58867,5.95025],[80.58837,5.95001],[80.58827,5.94982],[80.58824,5.94961],[80.58813,5.94945],[80.58796,5.94936],[80.58783,5.94944],[80.58783,5.9497],[80.58749,5.94964],[80.58747,5.94947],[80.5871,5.94908],[80.58725,5.94885],[80.58708,5.94868],[80.58667,5.94856],[80.58645,5.94831],[80.58612,5.94862]]]}},{"type":"Feature","properties":{"c":"farmland"},"geometry":{"type":"Polygon","coordinates":[[[80.58857,5.9507],[80.58887,5.95083],[80.5889,5.95093],[80.58909,5.95096],[80.58934,5.95097],[80.58951,5.95086],[80.59014,5.95086],[80.59064,5.95091],[80.59073,5.95043],[80.59057,5.95025],[80.59052,5.95006],[80.59016,5.94998],[80.58989,5.95018],[80.58948,5.95035],[80.58893,5.95041],[80.58873,5.95032],[80.58857,5.9507]]]}},{"type":"Feature","properties":{"c":"farmland"},"geometry":{"type":"Polygon","coordinates":[[[80.59325,5.9546],[80.59325,5.95508],[80.59342,5.95517],[80.59343,5.95454],[80.59325,5.9546]]]}},{"type":"Feature","properties":{"c":"farmland"},"geometry":{"type":"Polygon","coordinates":[[[80.59328,5.95371],[80.59348,5.95425],[80.59348,5.95516],[80.59369,5.95517],[80.59393,5.9557],[80.59406,5.95639],[80.59428,5.95668],[80.59453,5.95689],[80.59478,5.95684],[80.59478,5.95672],[80.59446,5.95654],[80.59425,5.9563],[80.59415,5.9557],[80.59394,5.95505],[80.59393,5.95467],[80.59401,5.95443],[80.59407,5.95374],[80.59328,5.95371]]]}},{"type":"Feature","properties":{"c":"farmland"},"geometry":{"type":"Polygon","coordinates":[[[80.59301,5.95367],[80.5931,5.95416],[80.5933,5.95451],[80.59341,5.95449],[80.59341,5.95418],[80.5932,5.95369],[80.59301,5.95367]]]}},{"type":"Feature","properties":{"c":"farmland"},"geometry":{"type":"Polygon","coordinates":[[[80.592,5.95036],[80.59228,5.95044],[80.59245,5.95011],[80.59244,5.94897],[80.59215,5.94889],[80.59204,5.94938],[80.59213,5.94997],[80.592,5.95036]]]}},{"type":"Feature","properties":{"c":"farmland"},"geometry":{"type":"Polygon","coordinates":[[[80.59427,5.95006],[80.5944,5.95047],[80.59427,5.9513],[80.59467,5.95138],[80.59464,5.95075],[80.59437,5.95003],[80.59427,5.95006]]]}},{"type":"Feature","properties":{"c":"farmland"},"geometry":{"type":"Polygon","coordinates":[[[80.59071,5.95093],[80.59095,5.951],[80.59135,5.95126],[80.59232,5.95164],[80.59269,5.95189],[80.59287,5.95242],[80.59269,5.95281],[80.59272,5.95305],[80.59306,5.95314],[80.59312,5.95334],[80.59377,5.95333],[80.59385,5.95362],[80.59459,5.95366],[80.59475,5.95328],[80.59493,5.95329],[80.59499,5.95301],[80.59596,5.95326],[80.59621,5.95206],[80.59599,5.95184],[80.59523,5.95169],[80.59465,5.95147],[80.59369,5.95137],[80.59316,5.95108],[80.59236,5.95097],[80.59229,5.95057],[80.59217,5.95055],[80.59216,5.95077],[80.59206,5.95093],[80.59108,5.95054],[80.59079,5.95054],[80.59071,5.95093]]]}},{"type":"Feature","properties":{"c":"farmland"},"geometry":{"type":"Polygon","coordinates":[[[80.59999,5.95013],[80.60007,5.95017],[80.60025,5.95002],[80.6006,5.94988],[80.60068,5.94975],[80.60048,5.9497],[80.60003,5.94997],[80.59999,5.95013]]]}},{"type":"Feature","properties":{"c":"farmland"},"geometry":{"type":"Polygon","coordinates":[[[80.59607,5.95329],[80.5965,5.95343],[80.59704,5.95375],[80.59728,5.95405],[80.59795,5.95348],[80.5983,5.95332],[80.59835,5.95313],[80.5981,5.95245],[80.59824,5.95212],[80.59751,5.95191],[80.59731,5.95202],[80.59702,5.95199],[80.59693,5.95185],[80.59636,5.95189],[80.59607,5.95329]]]}},{"type":"Feature","properties":{"c":"farmland"},"geometry":{"type":"Polygon","coordinates":[[[80.59777,5.95185],[80.59823,5.95199],[80.59826,5.95161],[80.59815,5.95112],[80.59821,5.95081],[80.59837,5.95061],[80.59897,5.9502],[80.59958,5.95009],[80.59954,5.94991],[80.59935,5.9499],[80.59882,5.95004],[80.59819,5.95042],[80.59798,5.95066],[80.59778,5.95119],[80.59777,5.95185]]]}},{"type":"Feature","properties":{"c":"farmland"},"geometry":{"type":"Polygon","coordinates":[[[80.60527,5.95335],[80.60542,5.95348],[80.60558,5.95345],[80.60588,5.95373],[80.60709,5.95396],[80.60716,5.95375],[80.60712,5.9535],[80.6067,5.95339],[80.60624,5.95342],[80.60589,5.95327],[80.60562,5.95298],[80.60527,5.95335]]]}},{"type":"Feature","properties":{"c":"farmland"},"geometry":{"type":"Polygon","coordinates":[[[80.6025,5.9536],[80.603,5.95379],[80.60316,5.95371],[80.60348,5.95343],[80.60433,5.9531],[80.60459,5.95307],[80.6048,5.95311],[80.60518,5.95331],[80.60558,5.95289],[80.60565,5.95267],[80.60563,5.95255],[80.60534,5.95228],[80.60516,5.95223],[80.60479,5.9523],[80.60462,5.95228],[80.6045,5.95194],[80.6034,5.95236],[80.60313,5.95252],[80.60275,5.95263],[80.60259,5.95283],[80.6025,5.95315],[80.6025,5.9536]]]}},{"type":"Feature","properties":{"c":"farmland"},"geometry":{"type":"Polygon","coordinates":[[[80.5973,5.95414],[80.59751,5.9545],[80.59783,5.95465],[80.5978,5.9548],[80.59795,5.95504],[80.59827,5.95533],[80.59844,5.95559],[80.59852,5.95592],[80.59862,5.95598],[80.59911,5.95665],[80.59924,5.95701],[80.59966,5.95687],[80.59942,5.9562],[80.59927,5.95609],[80.5991,5.95612],[80.59893,5.9559],[80.59885,5.9556],[80.5986,5.95522],[80.59896,5.95523],[80.59929,5.95545],[80.59945,5.9557],[80.59984,5.95524],[80.60015,5.95502],[80.6006,5.95505],[80.60089,5.95494],[80.60121,5.95497],[80.60158,5.95513],[80.60205,5.95518],[80.60271,5.95478],[80.60295,5.95429],[80.60303,5.9539],[80.60248,5.95375],[80.60247,5.95403],[80.60204,5.95469],[80.6019,5.95483],[80.60164,5.9549],[80.60125,5.95489],[80.60106,5.95479],[80.60051,5.95471],[80.60011,5.95474],[80.59977,5.95458],[80.59997,5.95377],[80.59985,5.95371],[80.59967,5.95382],[80.5995,5.95414],[80.59942,5.95442],[80.5987,5.95449],[80.59845,5.95435],[80.59829,5.9542],[80.59809,5.95386],[80.59786,5.95371],[80.5973,5.95414]]]}},{"type":"Feature","properties":{"c":"farmland"},"geometry":{"type":"Polygon","coordinates":[[[80.59925,5.95714],[80.59949,5.95779],[80.59969,5.95811],[80.60072,5.95881],[80.6011,5.95856],[80.60084,5.95833],[80.60022,5.95791],[80.60005,5.95772],[80.5997,5.95698],[80.59925,5.95714]]]}},{"type":"Feature","properties":{"c":"farmland"},"geometry":{"type":"Polygon","coordinates":[[[80.58902,5.9544],[80.58912,5.95443],[80.58913,5.95455],[80.58928,5.95455],[80.58983,5.95436],[80.59006,5.95439],[80.59021,5.95432],[80.59019,5.95416],[80.59001,5.95408],[80.58985,5.9541],[80.58902,5.9544]]]}},{"type":"Feature","properties":{"c":"farmland"},"geometry":{"type":"Polygon","coordinates":[[[80.58345,5.95803],[80.58354,5.95836],[80.58381,5.9583],[80.58376,5.95807],[80.58345,5.95803]]]}},{"type":"Feature","properties":{"c":"farmland"},"geometry":{"type":"Polygon","coordinates":[[[80.58411,5.95781],[80.58415,5.95795],[80.58433,5.95799],[80.58457,5.95796],[80.58497,5.9581],[80.5852,5.95806],[80.58584,5.95825],[80.58586,5.95819],[80.58584,5.95812],[80.58548,5.95779],[80.5853,5.95777],[80.58498,5.95789],[80.5846,5.95776],[80.58411,5.95781]]]}},{"type":"Feature","properties":{"c":"orchard"},"geometry":{"type":"Polygon","coordinates":[[[80.58577,5.96005],[80.58616,5.96006],[80.587,5.95992],[80.58698,5.95911],[80.58598,5.95903],[80.58577,5.96005]]]}},{"type":"Feature","properties":{"c":"farmland"},"geometry":{"type":"Polygon","coordinates":[[[80.5872,5.95844],[80.58899,5.95879],[80.58959,5.95882],[80.58989,5.9587],[80.58992,5.95852],[80.59005,5.95834],[80.59042,5.95823],[80.59041,5.95806],[80.58995,5.9582],[80.58973,5.95835],[80.58974,5.95846],[80.58954,5.95861],[80.58935,5.95868],[80.58903,5.95866],[80.58782,5.95844],[80.58752,5.95831],[80.58723,5.9583],[80.5872,5.95844]]]}},{"type":"Feature","properties":{"c":"farmland"},"geometry":{"type":"Polygon","coordinates":[[[80.58879,5.9591],[80.58949,5.95964],[80.58963,5.95983],[80.58971,5.96007],[80.58959,5.96017],[80.58953,5.96034],[80.58957,5.96051],[80.58968,5.96062],[80.5898,5.9606],[80.59031,5.96076],[80.59053,5.96077],[80.59108,5.96102],[80.59107,5.96116],[80.59098,5.9612],[80.59096,5.96127],[80.59101,5.96139],[80.59066,5.96136],[80.59083,5.96174],[80.59118,5.9617],[80.5912,5.96161],[80.59134,5.96144],[80.59131,5.96105],[80.59138,5.96091],[80.59156,5.96085],[80.59158,5.96071],[80.59142,5.96059],[80.59119,5.96054],[80.59096,5.96057],[80.59063,5.96045],[80.5902,5.95992],[80.58996,5.95983],[80.5898,5.95971],[80.58961,5.95927],[80.58945,5.95917],[80.58885,5.95901],[80.58879,5.9591]]]}},{"type":"Feature","properties":{"c":"farmland"},"geometry":{"type":"Polygon","coordinates":[[[80.60694,5.96354],[80.60713,5.96361],[80.60718,5.96371],[80.60741,5.96375],[80.60748,5.96382],[80.60748,5.96392],[80.60761,5.96401],[80.60768,5.96399],[80.6079,5.96365],[80.60799,5.96364],[80.60803,5.9634],[80.60694,5.96324],[80.60694,5.96354]]]}},{"type":"Feature","properties":{"c":"farmland"},"geometry":{"type":"Polygon","coordinates":[[[80.60552,5.96329],[80.60552,5.96397],[80.60581,5.96399],[80.60597,5.96391],[80.60609,5.96373],[80.60622,5.96365],[80.60687,5.96354],[80.60687,5.96324],[80.60665,5.96324],[80.60602,5.96344],[80.60552,5.96329]]]}},{"type":"Feature","properties":{"c":"farmland"},"geometry":{"type":"Polygon","coordinates":[[[80.60431,5.96189],[80.60456,5.96211],[80.60465,5.96236],[80.60508,5.96274],[80.60509,5.9629],[80.60518,5.96305],[80.60528,5.96309],[80.60537,5.96302],[80.60538,5.96291],[80.60505,5.96251],[80.60482,5.9621],[80.60481,5.96169],[80.60475,5.9615],[80.6046,5.96146],[80.60433,5.96173],[80.60431,5.96189]]]}},{"type":"Feature","properties":{"c":"farmland"},"geometry":{"type":"Polygon","coordinates":[[[80.60087,5.95905],[80.60107,5.95947],[80.6012,5.95955],[80.60141,5.9598],[80.60145,5.95997],[80.60145,5.96014],[80.60138,5.96035],[80.60135,5.96225],[80.60151,5.96219],[80.60176,5.9617],[80.60186,5.96103],[80.60244,5.96112],[80.60434,5.96122],[80.60487,5.96135],[80.60528,5.96154],[80.60597,5.96165],[80.60605,5.96155],[80.606,5.96145],[80.60506,5.96123],[80.60505,5.96112],[80.60515,5.96103],[80.60535,5.96097],[80.60579,5.96098],[80.606,5.96044],[80.60582,5.96051],[80.60562,5.96082],[80.60511,5.96089],[80.60484,5.96106],[80.60463,5.96101],[80.60439,5.96105],[80.60421,5.96103],[80.60317,5.96062],[80.60268,5.96031],[80.60224,5.95994],[80.60249,5.95976],[80.60284,5.95935],[80.60305,5.95928],[80.60304,5.95909],[80.60293,5.95902],[80.60267,5.95908],[80.60238,5.95934],[80.60226,5.95934],[80.60218,5.9593],[80.60198,5.959],[80.60173,5.95896],[80.60155,5.9587],[80.60087,5.95905]]]}},{"type":"Feature","properties":{"c":"farmland"},"geometry":{"type":"Polygon","coordinates":[[[80.59635,5.96225],[80.59637,5.96255],[80.59661,5.96263],[80.59668,5.96285],[80.59675,5.96292],[80.59685,5.96292],[80.59696,5.96279],[80.59735,5.96298],[80.59805,5.96323],[80.59845,5.96328],[80.59848,5.96322],[80.59831,5.96301],[80.59798,5.96277],[80.59767,5.96268],[80.59645,5.96212],[80.59635,5.96225]]]}},{"type":"Feature","properties":{"c":"scrub"},"geometry":{"type":"Polygon","coordinates":[[[80.53525,5.96413],[80.53525,5.96417],[80.53694,5.9644],[80.53838,5.96477],[80.53843,5.96458],[80.53855,5.96456],[80.53861,5.96443],[80.53896,5.96453],[80.5389,5.96469],[80.53936,5.96477],[80.53934,5.9649],[80.53943,5.96489],[80.5396,5.96442],[80.53954,5.9641],[80.53962,5.96392],[80.53946,5.96366],[80.53933,5.9636],[80.53889,5.96356],[80.53876,5.96393],[80.5388,5.96399],[80.53931,5.964],[80.53927,5.96414],[80.5395,5.96419],[80.53953,5.96427],[80.53936,5.96471],[80.53909,5.96464],[80.53916,5.9644],[80.53868,5.96432],[80.53857,5.96435],[80.53838,5.96431],[80.5382,5.96457],[80.53805,5.96464],[80.53665,5.9643],[80.53654,5.96421],[80.5364,5.96427],[80.53589,5.96422],[80.53565,5.96401],[80.53546,5.96413],[80.53539,5.96407],[80.53525,5.96413]]]}},{"type":"Feature","properties":{"c":"farmland"},"geometry":{"type":"Polygon","coordinates":[[[80.53423,5.96408],[80.5345,5.96406],[80.53477,5.96393],[80.53491,5.96406],[80.53525,5.96413],[80.53539,5.96407],[80.53546,5.96413],[80.53565,5.96401],[80.53589,5.96422],[80.5364,5.96427],[80.53654,5.96421],[80.53665,5.9643],[80.53805,5.96464],[80.5382,5.96457],[80.53838,5.96431],[80.53825,5.96425],[80.53818,5.96444],[80.53802,5.96441],[80.53706,5.96382],[80.53699,5.9638],[80.53689,5.96387],[80.53684,5.96383],[80.53688,5.96355],[80.53671,5.96363],[80.53647,5.96356],[80.53634,5.96349],[80.53625,5.96329],[80.53547,5.96336],[80.5353,5.96332],[80.53514,5.96341],[80.53484,5.96337],[80.53479,5.96343],[80.53466,5.96346],[80.53457,5.96343],[80.53448,5.96314],[80.53442,5.96316],[80.53423,5.96408]]]}},{"type":"Feature","properties":{"c":"farmland"},"geometry":{"type":"Polygon","coordinates":[[[80.53829,5.9642],[80.53857,5.9643],[80.53865,5.96427],[80.53889,5.96356],[80.53851,5.96352],[80.53837,5.96413],[80.53829,5.9642]]]}},{"type":"Feature","properties":{"c":"industrial"},"geometry":{"type":"Polygon","coordinates":[[[80.55928,5.96689],[80.55929,5.96793],[80.55961,5.96821],[80.5596,5.96843],[80.55977,5.96847],[80.56018,5.96791],[80.56017,5.96765],[80.56031,5.96691],[80.55928,5.96689]]]}},{"type":"Feature","properties":{"c":"farmland"},"geometry":{"type":"Polygon","coordinates":[[[80.53915,5.98603],[80.53951,5.98683],[80.53985,5.9872],[80.53968,5.98753],[80.53963,5.98754],[80.53963,5.98848],[80.53993,5.98894],[80.53989,5.98909],[80.53969,5.9893],[80.53968,5.98943],[80.54032,5.98918],[80.54121,5.98896],[80.54088,5.98873],[80.54076,5.9885],[80.54074,5.98811],[80.54086,5.98801],[80.54084,5.9875],[80.54089,5.98677],[80.54076,5.98652],[80.54069,5.98614],[80.54029,5.98613],[80.53939,5.98593],[80.53915,5.98603]]]}},{"type":"Feature","properties":{"c":"farmland"},"geometry":{"type":"Polygon","coordinates":[[[80.56123,5.9813],[80.56319,5.98327],[80.56477,5.98369],[80.56536,5.98437],[80.56897,5.9846],[80.57028,5.98494],[80.57196,5.98476],[80.57173,5.9815],[80.57003,5.98016],[80.56822,5.97991],[80.56605,5.97981],[80.56507,5.97847],[80.56432,5.97796],[80.56365,5.97868],[80.56185,5.97755],[80.56123,5.9813]]]}},{"type":"Feature","properties":{"c":"residential"},"geometry":{"type":"Polygon","coordinates":[[[80.50878,6.04463],[80.50883,6.04505],[80.50907,6.04541],[80.50961,6.04552],[80.51036,6.04539],[80.51048,6.04499],[80.51077,6.04503],[80.51102,6.04543],[80.51121,6.04548],[80.51175,6.04536],[80.51174,6.04429],[80.51193,6.04366],[80.51241,6.04295],[80.51319,6.04267],[80.51338,6.0423],[80.51555,6.04229],[80.51576,6.04184],[80.51624,6.04183],[80.51683,6.04186],[80.5168,6.04226],[80.51736,6.04227],[80.51815,6.04188],[80.51846,6.04143],[80.51829,6.04104],[80.51821,6.04036],[80.51791,6.04046],[80.51763,6.04092],[80.51668,6.04089],[80.51605,6.04073],[80.51681,6.04041],[80.51682,6.03997],[80.51651,6.03952],[80.51575,6.03952],[80.51599,6.03898],[80.51625,6.03864],[80.51653,6.0386],[80.51657,6.03883],[80.51682,6.03887],[80.51758,6.03883],[80.51813,6.0387],[80.51852,6.0389],[80.51882,6.03891],[80.5189,6.03927],[80.51934,6.03936],[80.51962,6.03934],[80.51992,6.03903],[80.52021,6.03887],[80.5205,6.03853],[80.52041,6.03799],[80.52016,6.03781],[80.51994,6.03808],[80.52,6.03845],[80.5198,6.03847],[80.51962,6.0383],[80.51932,6.03831],[80.51901,6.03824],[80.51883,6.03797],[80.51839,6.03813],[80.5183,6.0378],[80.518,6.03743],[80.51852,6.03714],[80.51883,6.03728],[80.51919,6.03738],[80.51933,6.03727],[80.52078,6.03449],[80.52066,6.03394],[80.51946,6.03361],[80.5187,6.03457],[80.51696,6.03413],[80.51669,6.03412],[80.5164,6.03431],[80.51607,6.03441],[80.51539,6.03425],[80.51439,6.03484],[80.51409,6.03535],[80.51394,6.0361],[80.51426,6.03727],[80.51408,6.0375],[80.51406,6.03772],[80.51412,6.03813],[80.51432,6.0384],[80.51432,6.03873],[80.51395,6.03894],[80.51388,6.03934],[80.51405,6.03955],[80.51415,6.04016],[80.51402,6.04116],[80.51383,6.04156],[80.51324,6.04188],[80.5126,6.04153],[80.51236,6.04159],[80.51215,6.04217],[80.51185,6.04268],[80.51146,6.04291],[80.51103,6.04346],[80.51085,6.04391],[80.5105,6.044],[80.51026,6.04371],[80.51031,6.04325],[80.50946,6.04367],[80.50923,6.04419],[80.50893,6.04429],[80.50878,6.04463]]]}},{"type":"Feature","properties":{"c":"farmland"},"geometry":{"type":"Polygon","coordinates":[[[80.50695,5.94835],[80.50725,5.94849],[80.50755,5.94798],[80.50755,5.94789],[80.50719,5.94783],[80.50714,5.9481],[80.50695,5.94835]]]}},{"type":"Feature","properties":{"c":"farmland"},"geometry":{"type":"Polygon","coordinates":[[[80.50671,5.94864],[80.50696,5.94885],[80.5072,5.94854],[80.50692,5.9484],[80.50671,5.94864]]]}},{"type":"Feature","properties":{"c":"farmland"},"geometry":{"type":"Polygon","coordinates":[[[80.52506,6.02591],[80.52531,6.02596],[80.52539,6.02615],[80.52562,6.02623],[80.52584,6.0262],[80.52593,6.02599],[80.52583,6.02561],[80.5263,6.02508],[80.52598,6.02469],[80.52589,6.02473],[80.52506,6.02591]]]}},{"type":"Feature","properties":{"c":"farmland"},"geometry":{"type":"Polygon","coordinates":[[[80.52601,6.02462],[80.52637,6.02501],[80.52705,6.0248],[80.52705,6.02461],[80.52682,6.02444],[80.52679,6.02432],[80.52688,6.02414],[80.52661,6.02424],[80.52601,6.02462]]]}},{"type":"Feature","properties":{"c":"farmland"},"geometry":{"type":"Polygon","coordinates":[[[80.52401,6.02176],[80.52424,6.02257],[80.52505,6.02179],[80.5254,6.02173],[80.52589,6.02184],[80.52628,6.0221],[80.52659,6.0222],[80.52654,6.02284],[80.5264,6.02299],[80.52631,6.02321],[80.52658,6.02337],[80.52702,6.0228],[80.52772,6.02132],[80.52714,6.0207],[80.52791,6.01974],[80.52794,6.01947],[80.52766,6.01926],[80.52722,6.01985],[80.52702,6.01994],[80.52688,6.02018],[80.52665,6.02039],[80.52625,6.02041],[80.52597,6.02032],[80.52401,6.02176]]]}},{"type":"Feature","properties":{"c":"farmland"},"geometry":{"type":"Polygon","coordinates":[[[80.52853,6.02178],[80.52873,6.02212],[80.52877,6.02234],[80.5287,6.02261],[80.52881,6.02284],[80.52915,6.02312],[80.52952,6.02323],[80.5301,6.02324],[80.5301,6.02281],[80.52961,6.02284],[80.52942,6.02261],[80.52932,6.02237],[80.52929,6.02159],[80.52953,6.0216],[80.52965,6.02138],[80.52971,6.02091],[80.52959,6.02079],[80.52963,6.02062],[80.5298,6.02037],[80.5297,6.02024],[80.52941,6.02024],[80.52925,6.02039],[80.52854,6.02146],[80.52853,6.02178]]]}},{"type":"Feature","properties":{"c":"farmland"},"geometry":{"type":"Polygon","coordinates":[[[80.53838,6.04033],[80.53884,6.04069],[80.53893,6.04101],[80.53889,6.04139],[80.53863,6.04188],[80.53864,6.04199],[80.53879,6.04212],[80.53895,6.042],[80.53906,6.04172],[80.53918,6.04175],[80.53928,6.04168],[80.53944,6.04136],[80.53962,6.04111],[80.5398,6.04138],[80.54039,6.04099],[80.54034,6.04067],[80.54043,6.04059],[80.54077,6.04059],[80.54084,6.04064],[80.54158,6.04044],[80.54204,6.04059],[80.54258,6.0405],[80.5426,6.04038],[80.54301,6.04011],[80.54343,6.0399],[80.54343,6.0396],[80.54359,6.03944],[80.54384,6.03885],[80.54406,6.03868],[80.54423,6.03873],[80.54462,6.03854],[80.54488,6.03769],[80.54463,6.03761],[80.54458,6.03768],[80.54374,6.03757],[80.54364,6.03773],[80.54311,6.03787],[80.54297,6.03802],[80.54332,6.03828],[80.54339,6.03838],[80.54327,6.03866],[80.5428,6.03926],[80.54253,6.0393],[80.54234,6.03951],[80.54208,6.03947],[80.54194,6.03965],[80.54157,6.03975],[80.54106,6.0396],[80.54077,6.03951],[80.54072,6.03915],[80.54058,6.03899],[80.54048,6.03904],[80.54042,6.03919],[80.54043,6.03942],[80.54014,6.03955],[80.5401,6.03961],[80.53985,6.03969],[80.53933,6.03939],[80.53913,6.03936],[80.53908,6.03946],[80.53914,6.03952],[80.53911,6.03975],[80.53899,6.03985],[80.53873,6.03982],[80.53867,6.03994],[80.53849,6.04001],[80.53838,6.04033]]]}},{"type":"Feature","properties":{"c":"farmland"},"geometry":{"type":"Polygon","coordinates":[[[80.53802,6.0428],[80.53811,6.04291],[80.53824,6.04291],[80.53845,6.04239],[80.53855,6.04236],[80.5387,6.04216],[80.53849,6.04195],[80.53835,6.04194],[80.53824,6.04225],[80.53803,6.04249],[80.53802,6.0428]]]}},{"type":"Feature","properties":{"c":"farmland"},"geometry":{"type":"Polygon","coordinates":[[[80.53527,6.03782],[80.53528,6.03841],[80.5359,6.03845],[80.53605,6.03831],[80.53602,6.03817],[80.53587,6.03806],[80.53552,6.03797],[80.53527,6.03782]]]}},{"type":"Feature","properties":{"c":"farmland"},"geometry":{"type":"Polygon","coordinates":[[[80.49828,6.01099],[80.49832,6.01105],[80.49848,6.01103],[80.49901,6.01085],[80.49914,6.01091],[80.49923,6.01106],[80.49941,6.01104],[80.4993,6.01049],[80.49942,6.01013],[80.49968,6.00959],[80.49999,6.00932],[80.4998,6.00922],[80.49955,6.00917],[80.49946,6.00935],[80.49941,6.00938],[80.49901,6.01053],[80.49828,6.01099]]]}},{"type":"Feature","properties":{"c":"farmland"},"geometry":{"type":"Polygon","coordinates":[[[80.53213,6.03307],[80.53216,6.03325],[80.53238,6.03334],[80.53274,6.03364],[80.53295,6.03401],[80.53296,6.03457],[80.53316,6.03488],[80.53314,6.0351],[80.53308,6.03525],[80.53292,6.03533],[80.53287,6.03549],[80.53313,6.03546],[80.53407,6.03461],[80.53369,6.03453],[80.53338,6.03385],[80.53256,6.03282],[80.53213,6.03307]]]}},{"type":"Feature","properties":{"c":"farmland"},"geometry":{"type":"Polygon","coordinates":[[[80.53367,6.03153],[80.53368,6.0319],[80.53375,6.03207],[80.53434,6.03267],[80.53479,6.03324],[80.53511,6.03341],[80.53505,6.03355],[80.53488,6.03372],[80.53461,6.03375],[80.53443,6.03394],[80.53414,6.03459],[80.53475,6.03444],[80.53537,6.03408],[80.53568,6.03374],[80.53608,6.03316],[80.53534,6.03279],[80.53462,6.0327],[80.53437,6.03247],[80.534,6.03187],[80.53391,6.03147],[80.53367,6.03153]]]}},{"type":"Feature","properties":{"c":"residential"},"geometry":{"type":"Polygon","coordinates":[[[80.51879,6.04077],[80.51885,6.04106],[80.51909,6.04125],[80.51961,6.04142],[80.51981,6.04142],[80.52025,6.04115],[80.52026,6.04088],[80.52006,6.04065],[80.51981,6.04062],[80.51957,6.04047],[80.51917,6.0404],[80.51886,6.04052],[80.51879,6.04077]]]}},{"type":"Feature","properties":{"c":"residential"},"geometry":{"type":"Polygon","coordinates":[[[80.52129,6.04273],[80.52174,6.0431],[80.52199,6.04322],[80.52215,6.0432],[80.52227,6.04295],[80.52245,6.04279],[80.52257,6.04251],[80.52248,6.04169],[80.5228,6.04102],[80.52332,6.04069],[80.52334,6.03996],[80.52323,6.03962],[80.52296,6.03961],[80.52258,6.03987],[80.52224,6.04033],[80.52211,6.04062],[80.52149,6.04131],[80.52142,6.04163],[80.52146,6.04195],[80.52131,6.04247],[80.52129,6.04273]]]}},{"type":"Feature","properties":{"c":"residential"},"geometry":{"type":"Polygon","coordinates":[[[80.52264,6.04321],[80.52266,6.04374],[80.52294,6.04422],[80.52364,6.04481],[80.52407,6.04508],[80.52442,6.04513],[80.52478,6.04532],[80.52536,6.04514],[80.52566,6.04472],[80.52564,6.04428],[80.52617,6.04322],[80.5262,6.04284],[80.52651,6.04238],[80.52657,6.04202],[80.52693,6.04157],[80.52696,6.04124],[80.52649,6.04056],[80.52546,6.04138],[80.52478,6.04124],[80.52408,6.04122],[80.52326,6.04146],[80.5231,6.04166],[80.52294,6.04203],[80.52301,6.04247],[80.52294,6.04275],[80.52264,6.04321]]]}},{"type":"Feature","properties":{"c":"residential"},"geometry":{"type":"Polygon","coordinates":[[[80.50862,6.0466],[80.50868,6.04689],[80.50881,6.04706],[80.50919,6.0471],[80.50969,6.047],[80.5099,6.04672],[80.50973,6.04613],[80.50947,6.04607],[80.50871,6.04613],[80.50862,6.0466]]]}},{"type":"Feature","properties":{"c":"farmland"},"geometry":{"type":"Polygon","coordinates":[[[80.54081,6.036],[80.54093,6.03611],[80.54133,6.03631],[80.54141,6.03646],[80.5414,6.03654],[80.54106,6.03675],[80.541,6.03686],[80.54111,6.03698],[80.54205,6.03652],[80.54225,6.03648],[80.54276,6.03662],[80.54368,6.03647],[80.54406,6.03609],[80.5442,6.03605],[80.54446,6.03608],[80.54491,6.03625],[80.54498,6.03637],[80.54532,6.03661],[80.54535,6.0368],[80.54528,6.03704],[80.54587,6.03717],[80.54684,6.037],[80.54719,6.03622],[80.54752,6.03565],[80.54753,6.03547],[80.54762,6.03528],[80.54742,6.03496],[80.54709,6.03527],[80.547,6.03527],[80.54684,6.03514],[80.54654,6.03512],[80.54642,6.0359],[80.5463,6.036],[80.54616,6.03602],[80.54585,6.03591],[80.54577,6.03578],[80.54572,6.03542],[80.54584,6.03503],[80.54583,6.03491],[80.54574,6.0349],[80.54566,6.03502],[80.54553,6.03511],[80.54528,6.03518],[80.54512,6.03487],[80.54488,6.03484],[80.54449,6.03491],[80.54441,6.03502],[80.54447,6.03528],[80.5443,6.03557],[80.54401,6.03545],[80.54404,6.03534],[80.54401,6.03524],[80.54389,6.03514],[80.54357,6.03516],[80.54344,6.03535],[80.54346,6.03552],[80.54337,6.03569],[80.54338,6.03578],[80.54351,6.03593],[80.5435,6.03601],[80.54312,6.03623],[80.54298,6.03626],[80.54255,6.03622],[80.54239,6.03615],[80.54228,6.03602],[80.54228,6.03588],[80.54221,6.03584],[80.54187,6.03609],[80.54138,6.03585],[80.54113,6.03564],[80.541,6.03558],[80.54081,6.036]]]}},{"type":"Feature","properties":{"c":"farmland"},"geometry":{"type":"Polygon","coordinates":[[[80.55444,6.08046],[80.55455,6.08057],[80.55478,6.0804],[80.5553,6.08032],[80.55542,6.08024],[80.55514,6.07978],[80.55487,6.08005],[80.5547,6.08005],[80.55446,6.08036],[80.55444,6.08046]]]}},{"type":"Feature","properties":{"c":"farmland"},"geometry":{"type":"Polygon","coordinates":[[[80.55588,6.08016],[80.55587,6.08065],[80.55625,6.08063],[80.55656,6.08017],[80.55633,6.08022],[80.55588,6.08016]]]}},{"type":"Feature","properties":{"c":"forest"},"geometry":{"type":"Polygon","coordinates":[[[80.48922,6.07417],[80.48929,6.07426],[80.48936,6.07424],[80.48945,6.07429],[80.48973,6.0748],[80.49061,6.07501],[80.49089,6.07517],[80.49089,6.07537],[80.49113,6.07537],[80.49121,6.07528],[80.49141,6.07538],[80.49186,6.0753],[80.49198,6.07502],[80.49196,6.07468],[80.49174,6.0746],[80.49178,6.07445],[80.49195,6.07451],[80.49203,6.07416],[80.49199,6.07373],[80.49175,6.07373],[80.49158,6.07433],[80.49143,6.07422],[80.49137,6.07392],[80.49121,6.07362],[80.49084,6.07359],[80.49067,6.07374],[80.49079,6.07398],[80.49046,6.07386],[80.49028,6.07397],[80.49009,6.07386],[80.48982,6.0738],[80.4897,6.07402],[80.48974,6.07412],[80.48961,6.07415],[80.48964,6.07402],[80.48955,6.07376],[80.48946,6.07374],[80.48927,6.07394],[80.48922,6.07417]]]}},{"type":"Feature","properties":{"c":"farmland"},"geometry":{"type":"Polygon","coordinates":[[[80.46548,6.00644],[80.46555,6.0071],[80.46579,6.00749],[80.46632,6.0079],[80.46655,6.0079],[80.46682,6.0081],[80.46697,6.00834],[80.46699,6.00861],[80.46721,6.00907],[80.46741,6.00932],[80.46757,6.00926],[80.46767,6.00912],[80.4682,6.00886],[80.4683,6.00886],[80.46844,6.00896],[80.46861,6.00894],[80.46872,6.00865],[80.4694,6.00821],[80.4697,6.00788],[80.47004,6.00776],[80.47032,6.00757],[80.47124,6.00724],[80.47168,6.00734],[80.47185,6.00733],[80.47201,6.00717],[80.47141,6.00702],[80.47084,6.00711],[80.46965,6.00762],[80.46875,6.00824],[80.46846,6.00832],[80.46816,6.00824],[80.46806,6.00779],[80.46703,6.00727],[80.46681,6.00721],[80.46605,6.00724],[80.46585,6.00715],[80.46581,6.00705],[80.46585,6.00683],[80.46622,6.00613],[80.46548,6.00644]]]}},{"type":"Feature","properties":{"c":"scrub"},"geometry":{"type":"Polygon","coordinates":[[[80.46581,6.00705],[80.46585,6.00715],[80.46605,6.00724],[80.46681,6.00721],[80.46703,6.00727],[80.46806,6.00779],[80.46816,6.00824],[80.46846,6.00832],[80.46875,6.00824],[80.46965,6.00762],[80.47084,6.00711],[80.47141,6.00702],[80.472,6.00715],[80.47311,6.00648],[80.47306,6.00664],[80.47313,6.00708],[80.47256,6.00777],[80.47248,6.00843],[80.47233,6.00859],[80.47215,6.00871],[80.47191,6.00866],[80.47141,6.0084],[80.47131,6.0081],[80.47113,6.00797],[80.47092,6.0079],[80.47065,6.00812],[80.47029,6.00855],[80.4699,6.00869],[80.4697,6.00858],[80.46947,6.00861],[80.46916,6.00892],[80.46909,6.00913],[80.46914,6.00945],[80.46933,6.00959],[80.46989,6.00976],[80.47041,6.01019],[80.47049,6.01038],[80.47037,6.0107],[80.47041,6.01092],[80.4705,6.01097],[80.47072,6.01096],[80.4708,6.01088],[80.47085,6.01056],[80.471,6.01038],[80.47185,6.01005],[80.47206,6.01005],[80.47224,6.01035],[80.47246,6.01034],[80.47261,6.0102],[80.47268,6.00988],[80.47273,6.00978],[80.47306,6.00978],[80.47379,6.01009],[80.47405,6.01028],[80.47373,6.01042],[80.47358,6.01058],[80.47351,6.01092],[80.4736,6.01098],[80.47395,6.011],[80.47404,6.01096],[80.47433,6.01063],[80.47464,6.01054],[80.47483,6.01075],[80.47484,6.01109],[80.47493,6.01142],[80.47499,6.01151],[80.47519,6.01161],[80.47594,6.01163],[80.47663,6.01148],[80.47669,6.01138],[80.47678,6.01144],[80.4767,6.01177],[80.47671,6.012],[80.4769,6.01215],[80.47722,6.01221],[80.47803,6.01225],[80.47851,6.01214],[80.47889,6.01253],[80.47923,6.01257],[80.47956,6.01254],[80.47975,6.0124],[80.47988,6.01221],[80.4799,6.01155],[80.4797,6.01094],[80.47968,6.01072],[80.47941,6.01016],[80.47924,6.0095],[80.47925,6.00938],[80.47938,6.00919],[80.47956,6.00907],[80.47993,6.00902],[80.48011,6.00914],[80.48021,6.00934],[80.48083,6.0097],[80.4813,6.01008],[80.48245,6.01055],[80.48295,6.01084],[80.48326,6.01091],[80.48348,6.01089],[80.48365,6.01074],[80.48381,6.01032],[80.48412,6.00999],[80.48439,6.0096],[80.48454,6.00932],[80.48455,6.0092],[80.48454,6.0091],[80.48446,6.00901],[80.48403,6.00885],[80.48382,6.00896],[80.48365,6.00913],[80.48353,6.00916],[80.48333,6.00904],[80.48328,6.00895],[80.48328,6.00873],[80.48336,6.00864],[80.48376,6.00841],[80.48399,6.00838],[80.48459,6.00836],[80.48513,6.00826],[80.48563,6.00841],[80.48586,6.00839],[80.48593,6.00831],[80.48595,6.00787],[80.48606,6.00768],[80.48602,6.00725],[80.48607,6.00703],[80.48594,6.00684],[80.48592,6.00674],[80.48598,6.00665],[80.48589,6.00658],[80.48555,6.00664],[80.48505,6.00693],[80.48492,6.00711],[80.48402,6.00722],[80.48289,6.00787],[80.48189,6.00823],[80.48154,6.00896],[80.48141,6.00915],[80.48121,6.00928],[80.48089,6.00938],[80.48085,6.00929],[80.48088,6.00919],[80.48133,6.00887],[80.48142,6.00845],[80.48197,6.00787],[80.48218,6.00781],[80.48242,6.00781],[80.48265,6.00772],[80.48294,6.00755],[80.48347,6.00708],[80.48434,6.00686],[80.48448,6.00656],[80.48443,6.00645],[80.48414,6.00625],[80.48421,6.00594],[80.48463,6.0055],[80.48471,6.0053],[80.4847,6.00485],[80.48449,6.00435],[80.48461,6.00394],[80.48454,6.00384],[80.48443,6.00383],[80.48433,6.00389],[80.48391,6.00448],[80.4836,6.00462],[80.48345,6.00478],[80.4834,6.00488],[80.48336,6.00556],[80.48326,6.00588],[80.48316,6.00593],[80.48308,6.00584],[80.48302,6.00541],[80.4828,6.00537],[80.48235,6.00555],[80.48199,6.00582],[80.48162,6.00615],[80.48139,6.00643],[80.4811,6.00665],[80.48084,6.00702],[80.48043,6.00743],[80.48028,6.00775],[80.48026,6.00797],[80.48018,6.00805],[80.47996,6.00811],[80.4798,6.00829],[80.4797,6.00832],[80.4796,6.00828],[80.47955,6.00819],[80.47959,6.00798],[80.48007,6.00751],[80.48026,6.0071],[80.4804,6.00694],[80.48071,6.00674],[80.48083,6.00656],[80.48116,6.00626],[80.48121,6.00606],[80.48102,6.00593],[80.48068,6.0059],[80.48027,6.00608],[80.47982,6.00607],[80.47922,6.00639],[80.47911,6.00639],[80.47908,6.00628],[80.47912,6.00618],[80.48004,6.0057],[80.48078,6.0056],[80.48108,6.00572],[80.4814,6.00575],[80.48161,6.00571],[80.48178,6.00559],[80.48212,6.00519],[80.48266,6.00476],[80.48322,6.0042],[80.48317,6.00376],[80.4832,6.00353],[80.48314,6.0032],[80.48324,6.00287],[80.48328,6.00234],[80.4834,6.00203],[80.48361,6.00176],[80.48398,6.00157],[80.48418,6.00164],[80.48456,6.00205],[80.48468,6.00208],[80.485,6.00202],[80.48515,6.00184],[80.48543,6.001],[80.48544,6.00074],[80.48533,6.00069],[80.48475,6.00064],[80.48466,6.00057],[80.48465,6.00045],[80.48476,6.00016],[80.48494,5.99999],[80.48527,5.9999],[80.48605,6.00004],[80.48669,6.00022],[80.48702,6.00018],[80.48736,5.99989],[80.48746,5.99969],[80.48761,5.99906],[80.48759,5.99863],[80.48752,5.99845],[80.48603,5.99899],[80.48485,5.99934],[80.48353,5.99965],[80.47953,6.00095],[80.47415,6.00248],[80.47104,6.0034],[80.47005,6.00373],[80.46766,6.00476],[80.46768,6.00494],[80.46783,6.00524],[80.46789,6.00556],[80.46784,6.00567],[80.46745,6.00601],[80.46721,6.00606],[80.467,6.00598],[80.46667,6.00598],[80.46622,6.00613],[80.46585,6.00683],[80.46581,6.00705]]]}},{"type":"Feature","properties":{"c":"forest"},"geometry":{"type":"Polygon","coordinates":[[[80.50264,6.06899],[80.50266,6.06913],[80.50282,6.06907],[80.50273,6.069],[80.50264,6.06899]]]}},{"type":"Feature","properties":{"c":"residential"},"geometry":{"type":"Polygon","coordinates":[[[80.50372,6.06808],[80.50381,6.06823],[80.50398,6.06836],[80.50415,6.06824],[80.50446,6.06788],[80.5043,6.06761],[80.50415,6.06754],[80.504,6.06762],[80.50374,6.06789],[80.50372,6.06808]]]}},{"type":"Feature","properties":{"c":"farmland"},"geometry":{"type":"Polygon","coordinates":[[[80.50196,6.0681],[80.50215,6.06838],[80.50243,6.06839],[80.50253,6.06847],[80.50256,6.06857],[80.50247,6.0688],[80.50246,6.06912],[80.50234,6.06959],[80.50351,6.06958],[80.50385,6.06936],[80.50396,6.06937],[80.50403,6.06944],[80.50402,6.06952],[80.50383,6.06976],[80.50382,6.06988],[80.50395,6.07013],[80.50421,6.07008],[80.50441,6.0698],[80.50452,6.06953],[80.50461,6.06946],[80.50575,6.06899],[80.5059,6.06898],[80.50597,6.06903],[80.50586,6.06923],[80.50587,6.06935],[80.506,6.06937],[80.50632,6.0693],[80.50642,6.06933],[80.50649,6.06948],[80.50646,6.06958],[80.50731,6.06958],[80.50728,6.06945],[80.50716,6.06939],[80.50691,6.06906],[80.50676,6.06873],[80.50677,6.06867],[80.50749,6.0681],[80.50736,6.06798],[80.50697,6.06835],[80.50679,6.06839],[80.50642,6.0686],[80.5059,6.0688],[80.5053,6.06901],[80.50523,6.06897],[80.50519,6.06874],[80.50539,6.06871],[80.50551,6.06877],[80.50598,6.06864],[80.50623,6.06849],[80.50631,6.06834],[80.50646,6.06825],[80.50664,6.06805],[80.50658,6.06802],[80.50649,6.06778],[80.50658,6.06775],[80.50667,6.06764],[80.50666,6.06756],[80.50677,6.06749],[80.50678,6.06743],[80.50659,6.06731],[80.50653,6.06715],[80.50658,6.06699],[80.50684,6.0666],[80.50689,6.06639],[80.50683,6.06636],[80.50651,6.06671],[80.50639,6.06671],[80.50622,6.06655],[80.50612,6.06606],[80.50601,6.06604],[80.50595,6.06641],[80.50575,6.06671],[80.50597,6.06696],[80.50601,6.06738],[80.50593,6.06756],[80.50579,6.0677],[80.50557,6.06772],[80.50533,6.06764],[80.50522,6.06749],[80.50521,6.06726],[80.50535,6.06712],[80.50527,6.06705],[80.50494,6.06698],[80.50465,6.06706],[80.50411,6.06692],[80.50321,6.0669],[80.50321,6.0668],[80.50314,6.06679],[80.50306,6.06692],[80.50291,6.06696],[80.50265,6.06738],[80.50253,6.06745],[80.50196,6.0681]],[[80.50266,6.06913],[80.50264,6.06899],[80.50273,6.069],[80.50282,6.06907],[80.50266,6.06913]],[[80.50372,6.06808],[80.50374,6.06789],[80.504,6.06762],[80.50415,6.06754],[80.5043,6.06761],[80.50446,6.06788],[80.50415,6.06824],[80.50398,6.06836],[80.50381,6.06823],[80.50372,6.06808]],[[80.50411,6.06849],[80.50427,6.06822],[80.50453,6.06793],[80.50507,6.06816],[80.50524,6.06813],[80.50564,6.06794],[80.5059,6.0679],[80.50609,6.06795],[80.50616,6.06804],[80.50613,6.06815],[80.50606,6.06822],[80.50587,6.06825],[80.50506,6.06873],[80.50486,6.06877],[80.50432,6.06871],[80.50415,6.06861],[80.50411,6.06849]]]}},{"type":"Feature","properties":{"c":"forest"},"geometry":{"type":"Polygon","coordinates":[[[80.50411,6.06849],[80.50415,6.06861],[80.50432,6.06871],[80.50486,6.06877],[80.50506,6.06873],[80.50587,6.06825],[80.50606,6.06822],[80.50613,6.06815],[80.50616,6.06804],[80.50609,6.06795],[80.5059,6.0679],[80.50564,6.06794],[80.50524,6.06813],[80.50507,6.06816],[80.50453,6.06793],[80.50427,6.06822],[80.50411,6.06849]]]}},{"type":"Feature","properties":{"c":"farmland"},"geometry":{"type":"Polygon","coordinates":[[[80.51923,6.07791],[80.51936,6.07805],[80.51988,6.0778],[80.52024,6.07759],[80.52036,6.07746],[80.52045,6.07718],[80.52099,6.07693],[80.52115,6.07696],[80.52125,6.07712],[80.52144,6.07712],[80.52149,6.07706],[80.52148,6.07689],[80.52181,6.07666],[80.52192,6.07671],[80.52198,6.07694],[80.52277,6.07735],[80.52307,6.07744],[80.52341,6.0774],[80.52351,6.07746],[80.52362,6.0779],[80.52355,6.07811],[80.52355,6.07838],[80.52338,6.07871],[80.52342,6.07884],[80.52351,6.0788],[80.52373,6.07856],[80.52378,6.07843],[80.52377,6.07812],[80.52383,6.07798],[80.52402,6.07786],[80.52409,6.07786],[80.52419,6.07802],[80.52437,6.07806],[80.52456,6.07801],[80.52462,6.07808],[80.52462,6.07825],[80.52436,6.07858],[80.52441,6.07896],[80.52433,6.07917],[80.52439,6.07918],[80.52449,6.07899],[80.52454,6.07899],[80.52456,6.07893],[80.52451,6.0788],[80.52455,6.07866],[80.52463,6.07856],[80.52508,6.07846],[80.52509,6.07841],[80.52494,6.07835],[80.52488,6.07838],[80.5248,6.0783],[80.52481,6.07809],[80.52476,6.07797],[80.52449,6.07785],[80.52431,6.07751],[80.52384,6.07717],[80.52364,6.07707],[80.52345,6.07706],[80.52312,6.07721],[80.523,6.0772],[80.52287,6.07714],[80.52246,6.07678],[80.52247,6.0766],[80.52295,6.07615],[80.52297,6.07607],[80.52292,6.07597],[80.52282,6.07592],[80.52269,6.07593],[80.52218,6.07639],[80.52176,6.07639],[80.52082,6.07661],[80.52017,6.07693],[80.51996,6.07747],[80.51958,6.07763],[80.51935,6.07785],[80.51923,6.07791]]]}},{"type":"Feature","properties":{"c":"forest"},"geometry":{"type":"Polygon","coordinates":[[[80.52114,6.06995],[80.52139,6.07005],[80.52174,6.06996],[80.52209,6.06959],[80.52214,6.0695],[80.52214,6.06936],[80.52149,6.06935],[80.52136,6.06953],[80.52134,6.06969],[80.52114,6.06995]]]}},{"type":"Feature","properties":{"c":"scrub"},"geometry":{"type":"Polygon","coordinates":[[[80.52169,6.07012],[80.52176,6.07034],[80.52207,6.0705],[80.52214,6.07046],[80.52213,6.07039],[80.522,6.07033],[80.52195,6.07026],[80.52198,6.07019],[80.52212,6.07013],[80.5222,6.07018],[80.52226,6.07016],[80.52231,6.06986],[80.52236,6.06986],[80.52248,6.07011],[80.52263,6.07016],[80.52334,6.06992],[80.52342,6.06969],[80.52343,6.06952],[80.52214,6.06936],[80.52214,6.0695],[80.52209,6.06959],[80.52174,6.06996],[80.52169,6.07012]]]}},{"type":"Feature","properties":{"c":"scrub"},"geometry":{"type":"Polygon","coordinates":[[[80.52199,6.07072],[80.52207,6.07097],[80.52201,6.07125],[80.52222,6.07114],[80.52242,6.07093],[80.52246,6.07074],[80.52255,6.0706],[80.52254,6.07053],[80.52236,6.07046],[80.52199,6.07072]]]}},{"type":"Feature","properties":{"c":"forest"},"geometry":{"type":"Polygon","coordinates":[[[80.51816,6.07687],[80.51828,6.07718],[80.5187,6.07763],[80.51886,6.07773],[80.51908,6.07775],[80.51923,6.07791],[80.51935,6.07785],[80.51958,6.07763],[80.51996,6.07747],[80.52017,6.07693],[80.52082,6.07661],[80.52176,6.07639],[80.52218,6.07639],[80.52269,6.07593],[80.52282,6.07592],[80.52292,6.07597],[80.52297,6.07607],[80.52295,6.07615],[80.52247,6.0766],[80.52246,6.07678],[80.52287,6.07714],[80.523,6.0772],[80.52312,6.07721],[80.52345,6.07706],[80.52364,6.07707],[80.52384,6.07717],[80.52431,6.07751],[80.52449,6.07785],[80.52476,6.07797],[80.52481,6.07809],[80.5248,6.0783],[80.52488,6.07838],[80.52494,6.07835],[80.52509,6.07841],[80.52508,6.07846],[80.52463,6.07856],[80.52455,6.07866],[80.52451,6.0788],[80.52456,6.07893],[80.52454,6.07899],[80.52449,6.07899],[80.52439,6.07918],[80.52433,6.07917],[80.52441,6.07896],[80.52436,6.07858],[80.52462,6.07825],[80.52461,6.07804],[80.5245,6.07801],[80.52437,6.07806],[80.52419,6.07802],[80.52409,6.07786],[80.52392,6.07791],[80.52383,6.07798],[80.52377,6.07812],[80.52378,6.07843],[80.52373,6.07856],[80.52351,6.0788],[80.52342,6.07884],[80.52338,6.07871],[80.52355,6.07838],[80.52355,6.07811],[80.52362,6.0779],[80.52355,6.07755],[80.52351,6.07746],[80.52341,6.0774],[80.52307,6.07744],[80.52277,6.07735],[80.52198,6.07694],[80.52192,6.07671],[80.52181,6.07666],[80.52148,6.07689],[80.52149,6.07706],[80.52144,6.07712],[80.52125,6.07712],[80.52109,6.07692],[80.52045,6.07718],[80.52036,6.07746],[80.52024,6.07759],[80.51936,6.07805],[80.51972,6.07845],[80.51982,6.07852],[80.52007,6.07851],[80.52005,6.07881],[80.52013,6.0789],[80.52039,6.07901],[80.5207,6.07937],[80.52099,6.07958],[80.52116,6.07951],[80.52112,6.07935],[80.52101,6.07928],[80.52098,6.0792],[80.52105,6.07901],[80.52123,6.07888],[80.52152,6.07882],[80.52158,6.07863],[80.52173,6.07863],[80.52181,6.07847],[80.52192,6.07841],[80.52208,6.07846],[80.52229,6.07873],[80.52247,6.0788],[80.52263,6.07905],[80.5224,6.0792],[80.52201,6.07929],[80.52203,6.07939],[80.52217,6.07937],[80.52237,6.07949],[80.52228,6.07958],[80.52199,6.07971],[80.52184,6.07995],[80.52159,6.08001],[80.52141,6.08026],[80.52136,6.0804],[80.52141,6.08052],[80.52988,6.08053],[80.52989,6.07495],[80.52758,6.07494],[80.52736,6.07472],[80.52712,6.07423],[80.52705,6.07377],[80.52725,6.07307],[80.52724,6.07294],[80.52702,6.07288],[80.52641,6.07296],[80.52608,6.07295],[80.52612,6.07283],[80.52593,6.07264],[80.52552,6.07253],[80.52541,6.07264],[80.52527,6.07299],[80.52499,6.07318],[80.52477,6.07318],[80.52469,6.07312],[80.52455,6.07248],[80.52433,6.07219],[80.52399,6.07252],[80.52389,6.07283],[80.52357,6.07275],[80.52343,6.07278],[80.52341,6.07254],[80.52352,6.07229],[80.52351,6.07223],[80.52297,6.07222],[80.52289,6.07215],[80.52288,6.07206],[80.52296,6.07173],[80.52322,6.07147],[80.52347,6.07137],[80.52364,6.07109],[80.5235,6.07094],[80.52272,6.07055],[80.52283,6.07047],[80.52353,6.0703],[80.52373,6.07041],[80.52422,6.06989],[80.52432,6.06985],[80.52431,6.06953],[80.52343,6.06952],[80.52342,6.06969],[80.52334,6.06992],[80.52263,6.07016],[80.52248,6.07011],[80.52236,6.06986],[80.52231,6.06986],[80.52226,6.07016],[80.52202,6.07015],[80.52195,6.07026],[80.522,6.07033],[80.52213,6.07039],[80.52214,6.07046],[80.52207,6.0705],[80.52197,6.07048],[80.52176,6.07034],[80.52199,6.07072],[80.52236,6.07046],[80.52247,6.07048],[80.52255,6.0706],[80.52246,6.07074],[80.52242,6.07093],[80.52222,6.07114],[80.52192,6.0713],[80.52167,6.07134],[80.52168,6.07191],[80.52162,6.0721],[80.52138,6.07244],[80.52156,6.0724],[80.52156,6.07272],[80.52107,6.0728],[80.52095,6.07277],[80.5209,6.07262],[80.51982,6.07275],[80.5197,6.07269],[80.51955,6.07243],[80.51909,6.07256],[80.51884,6.07279],[80.51877,6.07295],[80.51878,6.07359],[80.51889,6.0737],[80.5189,6.07387],[80.51884,6.07399],[80.51878,6.07401],[80.51878,6.07619],[80.51884,6.07616],[80.51899,6.07624],[80.51899,6.07636],[80.51923,6.07622],[80.51935,6.07601],[80.51928,6.07592],[80.5189,6.07575],[80.5189,6.07566],[80.51899,6.0756],[80.51941,6.07569],[80.51984,6.07502],[80.52001,6.07506],[80.52015,6.07519],[80.51973,6.07598],[80.51955,6.07647],[80.51943,6.07653],[80.51876,6.07664],[80.51822,6.0768],[80.51816,6.07687]],[[80.52172,6.07256],[80.52204,6.07212],[80.52236,6.07206],[80.52238,6.07194],[80.52242,6.07193],[80.52271,6.07207],[80.52277,6.07229],[80.5227,6.07237],[80.52271,6.07245],[80.52295,6.07271],[80.52298,6.07284],[80.52249,6.07288],[80.52235,6.07285],[80.52226,6.07278],[80.52214,6.07239],[80.52173,6.07264],[80.52172,6.07256]]]}},{"type":"Feature","properties":{"c":"farmland"},"geometry":{"type":"Polygon","coordinates":[[[80.52172,6.07256],[80.52173,6.07264],[80.52233,6.07224],[80.52246,6.07223],[80.52261,6.07212],[80.5226,6.07201],[80.52242,6.07193],[80.52238,6.07194],[80.52236,6.07206],[80.52204,6.07212],[80.52172,6.07256]]]}},{"type":"Feature","properties":{"c":"scrub"},"geometry":{"type":"Polygon","coordinates":[[[80.5212,6.07278],[80.52156,6.07272],[80.52156,6.0724],[80.52127,6.07245],[80.52122,6.07252],[80.5212,6.07278]]]}},{"type":"Feature","properties":{"c":"residential"},"geometry":{"type":"Polygon","coordinates":[[[80.51877,6.07073],[80.51878,6.07086],[80.51897,6.07106],[80.51919,6.07115],[80.51935,6.07131],[80.51958,6.07142],[80.51944,6.07187],[80.51944,6.07226],[80.5197,6.07269],[80.51982,6.07275],[80.5209,6.07262],[80.52095,6.07277],[80.52107,6.0728],[80.5212,6.07278],[80.52122,6.07252],[80.52127,6.07245],[80.52138,6.07244],[80.52162,6.0721],[80.52168,6.07191],[80.52167,6.07134],[80.52201,6.07125],[80.52207,6.07097],[80.52199,6.07072],[80.52176,6.07034],[80.52169,6.07012],[80.52174,6.06996],[80.52139,6.07005],[80.52114,6.06995],[80.52087,6.07021],[80.52085,6.07074],[80.52081,6.07089],[80.52064,6.07097],[80.52048,6.07093],[80.51947,6.07032],[80.51915,6.07032],[80.519,6.0704],[80.51883,6.07056],[80.51877,6.07073]]]}},{"type":"Feature","properties":{"c":"residential"},"geometry":{"type":"Polygon","coordinates":[[[80.51902,6.07442],[80.51906,6.07463],[80.51916,6.07481],[80.51957,6.07497],[80.5197,6.07493],[80.52002,6.07452],[80.5201,6.07425],[80.52015,6.07391],[80.52006,6.07359],[80.51991,6.07349],[80.51967,6.07358],[80.51939,6.07385],[80.51915,6.07397],[80.51904,6.07413],[80.51902,6.07442]]]}},{"type":"Feature","properties":{"c":"scrub"},"geometry":{"type":"Polygon","coordinates":[[[80.5184,6.07366],[80.51852,6.07402],[80.51878,6.07401],[80.51887,6.07395],[80.51889,6.0737],[80.51883,6.07361],[80.5184,6.07366]]]}},{"type":"Feature","properties":{"c":"grass"},"geometry":{"type":"Polygon","coordinates":[[[80.52115,6.07696],[80.52125,6.07712],[80.52144,6.07712],[80.52149,6.07706],[80.52148,6.07689],[80.52133,6.07699],[80.52115,6.07696]]]}},{"type":"Feature","properties":{"c":"residential"},"geometry":{"type":"Polygon","coordinates":[[[80.52098,6.0792],[80.52115,6.07942],[80.52121,6.07935],[80.52166,6.0792],[80.52196,6.07888],[80.52229,6.07873],[80.52208,6.07846],[80.52192,6.07841],[80.52181,6.07847],[80.52173,6.07863],[80.52158,6.07863],[80.52152,6.07882],[80.52112,6.07894],[80.52105,6.07901],[80.52098,6.0792]]]}},{"type":"Feature","properties":{"c":"scrub"},"geometry":{"type":"Polygon","coordinates":[[[80.52201,6.07921],[80.52201,6.07929],[80.52222,6.07926],[80.5224,6.0792],[80.52263,6.07905],[80.52247,6.0788],[80.52229,6.07873],[80.52201,6.07921]]]}},{"type":"Feature","properties":{"c":"scrub"},"geometry":{"type":"Polygon","coordinates":[[[80.51871,6.07652],[80.51865,6.07667],[80.51943,6.07653],[80.51955,6.07647],[80.51973,6.07598],[80.51945,6.07638],[80.51925,6.07646],[80.51871,6.07652]]]}},{"type":"Feature","properties":{"c":"farmland"},"geometry":{"type":"Polygon","coordinates":[[[80.51822,6.0768],[80.51865,6.07667],[80.51871,6.07652],[80.51925,6.07646],[80.51945,6.07638],[80.51973,6.07598],[80.52015,6.07519],[80.52013,6.07513],[80.51984,6.07502],[80.51941,6.07569],[80.51899,6.0756],[80.5189,6.07566],[80.5189,6.07575],[80.51897,6.07581],[80.51928,6.07592],[80.51935,6.07601],[80.51932,6.07608],[80.51923,6.07622],[80.51899,6.07636],[80.51898,6.07631],[80.51868,6.07631],[80.51847,6.07651],[80.51822,6.07657],[80.51822,6.0768]]]}},{"type":"Feature","properties":{"c":"residential"},"geometry":{"type":"Polygon","coordinates":[[[80.52214,6.07239],[80.52226,6.07278],[80.52235,6.07285],[80.52249,6.07288],[80.52298,6.07284],[80.52295,6.07271],[80.52271,6.07245],[80.5227,6.07237],[80.52277,6.07229],[80.52271,6.07207],[80.5226,6.07201],[80.52258,6.07215],[80.52246,6.07223],[80.52233,6.07224],[80.52214,6.07239]]]}},{"type":"Feature","properties":{"c":"farmland"},"geometry":{"type":"Polygon","coordinates":[[[80.51876,6.07129],[80.51898,6.07138],[80.51909,6.07163],[80.51918,6.07166],[80.51948,6.07171],[80.51958,6.07148],[80.51958,6.07142],[80.51935,6.07131],[80.51919,6.07115],[80.51897,6.07106],[80.51878,6.07086],[80.51876,6.07129]]]}},{"type":"Feature","properties":{"c":"farmland"},"geometry":{"type":"Polygon","coordinates":[[[80.51876,6.07002],[80.51877,6.07073],[80.51883,6.07056],[80.519,6.0704],[80.51915,6.07032],[80.51947,6.07032],[80.52048,6.07093],[80.52064,6.07097],[80.52081,6.07089],[80.52085,6.07074],[80.52087,6.07021],[80.5213,6.06977],[80.52136,6.06953],[80.52147,6.06937],[80.52075,6.06939],[80.5205,6.06959],[80.51986,6.06962],[80.51951,6.06978],[80.51904,6.07018],[80.51893,6.07019],[80.51876,6.07002]]]}},{"type":"Feature","properties":{"c":"farmland"},"geometry":{"type":"Polygon","coordinates":[[[80.52272,6.07055],[80.52361,6.07102],[80.52364,6.07109],[80.52347,6.07137],[80.52322,6.07147],[80.52296,6.07173],[80.52288,6.07206],[80.52289,6.07215],[80.52297,6.07222],[80.52343,6.0722],[80.52351,6.07223],[80.52352,6.07229],[80.52379,6.07191],[80.5239,6.07156],[80.52431,6.07096],[80.52432,6.06985],[80.52422,6.06989],[80.52373,6.07041],[80.52353,6.0703],[80.52283,6.07047],[80.52272,6.07055]]]}},{"type":"Feature","properties":{"c":"farmland"},"geometry":{"type":"Polygon","coordinates":[[[80.54972,6.03629],[80.54979,6.03647],[80.54998,6.03663],[80.55018,6.03663],[80.55054,6.03672],[80.55076,6.03668],[80.55095,6.03649],[80.55131,6.03626],[80.55185,6.03563],[80.55167,6.03549],[80.55145,6.03541],[80.55138,6.03596],[80.55122,6.03611],[80.55068,6.03603],[80.5506,6.03593],[80.55053,6.03573],[80.55064,6.03557],[80.55099,6.03537],[80.55134,6.03533],[80.55138,6.03501],[80.55151,6.03495],[80.55158,6.03482],[80.55191,6.03461],[80.5518,6.03431],[80.55173,6.03428],[80.55147,6.0344],[80.55118,6.03438],[80.55125,6.03467],[80.55118,6.03474],[80.5508,6.03497],[80.55026,6.03511],[80.5502,6.03518],[80.55031,6.0354],[80.55023,6.03555],[80.55029,6.03572],[80.55004,6.03586],[80.55005,6.03607],[80.54994,6.03609],[80.54985,6.03603],[80.54973,6.0361],[80.54972,6.03629]]]}},{"type":"Feature","properties":{"c":"forest"},"geometry":{"type":"Polygon","coordinates":[[[80.47828,6.06422],[80.47843,6.06449],[80.47856,6.06456],[80.47869,6.06487],[80.47913,6.06512],[80.47922,6.06527],[80.47939,6.0653],[80.47945,6.06557],[80.4796,6.06565],[80.47976,6.06565],[80.48024,6.06463],[80.47978,6.06403],[80.47964,6.06396],[80.47935,6.06401],[80.47918,6.06408],[80.47907,6.0642],[80.47892,6.06417],[80.47866,6.06381],[80.47848,6.06376],[80.47838,6.06386],[80.47828,6.06422]]]}},{"type":"Feature","properties":{"c":"forest"},"geometry":{"type":"Polygon","coordinates":[[[80.48301,6.06515],[80.48318,6.06537],[80.48323,6.06556],[80.48335,6.06559],[80.48347,6.06555],[80.48357,6.06565],[80.48374,6.06564],[80.48385,6.06575],[80.4841,6.06576],[80.4843,6.06566],[80.48442,6.0655],[80.48438,6.06534],[80.48427,6.06526],[80.484,6.06523],[80.4838,6.0653],[80.4837,6.06524],[80.48356,6.065],[80.48342,6.06488],[80.48306,6.065],[80.48301,6.06515]]]}},{"type":"Feature","properties":{"c":"forest"},"geometry":{"type":"Polygon","coordinates":[[[80.48169,6.06611],[80.48176,6.06632],[80.48192,6.06624],[80.48197,6.06632],[80.48212,6.06628],[80.48246,6.06594],[80.48245,6.06575],[80.48261,6.06564],[80.48261,6.06545],[80.48228,6.06531],[80.48218,6.06531],[80.48201,6.0654],[80.48187,6.0655],[80.48175,6.06577],[80.48178,6.06597],[80.48169,6.06611]]]}},{"type":"Feature","properties":{"c":"forest"},"geometry":{"type":"Polygon","coordinates":[[[80.48105,6.06467],[80.48114,6.06482],[80.48113,6.06499],[80.48122,6.065],[80.48132,6.06485],[80.48156,6.06483],[80.48169,6.06489],[80.48175,6.06517],[80.4819,6.06506],[80.48201,6.06479],[80.48228,6.0647],[80.48234,6.06432],[80.48228,6.06418],[80.48211,6.06414],[80.48185,6.06422],[80.48173,6.06441],[80.48161,6.06448],[80.48128,6.06436],[80.48112,6.0645],[80.48105,6.06467]]]}},{"type":"Feature","properties":{"c":"forest"},"geometry":{"type":"Polygon","coordinates":[[[80.47837,6.06839],[80.4787,6.06887],[80.47906,6.06901],[80.47936,6.06888],[80.47964,6.06908],[80.47974,6.06932],[80.47947,6.06935],[80.47933,6.06957],[80.47953,6.06971],[80.47968,6.06969],[80.47998,6.06986],[80.48048,6.06985],[80.48071,6.06962],[80.48062,6.06939],[80.48023,6.06891],[80.48043,6.06855],[80.48074,6.06844],[80.48119,6.06844],[80.48119,6.06799],[80.48092,6.0678],[80.48062,6.06784],[80.4804,6.06773],[80.48012,6.06791],[80.48005,6.06774],[80.48006,6.06745],[80.47943,6.06723],[80.47915,6.06722],[80.47883,6.0674],[80.47862,6.06764],[80.47838,6.06822],[80.47837,6.06839]]]}},{"type":"Feature","properties":{"c":"farmland"},"geometry":{"type":"Polygon","coordinates":[[[80.47961,6.00679],[80.4798,6.00755],[80.48008,6.00757],[80.48096,6.0065],[80.48267,6.00538],[80.48323,6.00529],[80.48357,6.00453],[80.48421,6.00406],[80.48481,6.00316],[80.4853,6.00288],[80.48558,6.0028],[80.48755,6.00289],[80.48826,6.00332],[80.48849,6.0038],[80.48845,6.00406],[80.48827,6.00426],[80.48775,6.0043],[80.4875,6.00421],[80.48714,6.00349],[80.48689,6.00358],[80.48703,6.00383],[80.48703,6.00436],[80.48671,6.00478],[80.4862,6.00519],[80.4852,6.0056],[80.48486,6.006],[80.48461,6.00609],[80.48433,6.00682],[80.48348,6.00705],[80.48242,6.00774],[80.48165,6.00799],[80.48138,6.00845],[80.48079,6.00901],[80.48055,6.00947],[80.48067,6.00952],[80.482,6.00846],[80.48241,6.00839],[80.48287,6.00881],[80.48336,6.00873],[80.48386,6.00784],[80.48399,6.00734],[80.48561,6.00658],[80.48674,6.00691],[80.48687,6.00716],[80.48715,6.00715],[80.48731,6.00667],[80.48802,6.00624],[80.48884,6.00611],[80.48938,6.00634],[80.4896,6.00648],[80.4901,6.00736],[80.49128,6.00852],[80.4913,6.00879],[80.49182,6.00973],[80.49179,6.01001],[80.49123,6.01059],[80.49014,6.0107],[80.48965,6.01092],[80.4894,6.01136],[80.4896,6.01154],[80.49012,6.01139],[80.49045,6.01097],[80.49126,6.01073],[80.49169,6.0104],[80.49197,6.01041],[80.49277,6.01061],[80.49294,6.01084],[80.49316,6.01131],[80.49315,6.01214],[80.49335,6.01256],[80.49517,6.01207],[80.49515,6.01197],[80.49477,6.01176],[80.49387,6.01139],[80.49305,6.0103],[80.49303,6.00973],[80.49268,6.00858],[80.49218,6.00851],[80.49198,6.00813],[80.49232,6.00773],[80.49223,6.00748],[80.49198,6.00737],[80.49155,6.00767],[80.49103,6.00754],[80.49085,6.00735],[80.49072,6.0064],[80.49129,6.00583],[80.49134,6.00553],[80.49112,6.00539],[80.49091,6.00554],[80.49071,6.00601],[80.48996,6.00605],[80.48955,6.00538],[80.48925,6.0043],[80.48931,6.00402],[80.4904,6.00368],[80.49087,6.0024],[80.49154,6.00222],[80.49219,6.00167],[80.49301,6.0013],[80.49356,6.00141],[80.49424,6.00116],[80.49454,6.00134],[80.49501,6.00103],[80.49569,6.0015],[80.49588,6.00214],[80.49579,6.00267],[80.49544,6.00296],[80.49501,6.0039],[80.49498,6.0047],[80.49372,6.00517],[80.4935,6.00537],[80.49357,6.00564],[80.4944,6.00544],[80.49532,6.00483],[80.49558,6.00491],[80.4958,6.00541],[80.49602,6.00525],[80.49598,6.00497],[80.4955,6.00387],[80.49674,6.0024],[80.49682,6.0015],[80.49725,6.00119],[80.49805,6.00122],[80.49933,6.00106],[80.49952,6.00123],[80.49964,6.0021],[80.50029,6.00243],[80.50078,6.0039],[80.50049,6.0054],[80.49964,6.00708],[80.49971,6.00743],[80.50011,6.00728],[80.50038,6.00658],[80.5014,6.00602],[80.50175,6.00622],[80.50185,6.00698],[80.50231,6.00808],[80.50256,6.00837],[80.50331,6.0084],[80.50354,6.00808],[80.50285,6.00783],[80.50243,6.00723],[80.50232,6.00573],[80.50199,6.00473],[80.50222,6.00372],[80.50209,6.00316],[80.50269,6.00167],[80.50305,6.00119],[80.50302,6.00056],[80.50256,6.00027],[80.50254,5.99972],[80.50185,5.99958],[80.50141,5.99928],[80.50116,5.99883],[80.50222,5.9976],[80.50305,5.99742],[80.50324,5.99661],[80.50376,5.99634],[80.50477,5.99622],[80.50526,5.99706],[80.5055,5.99709],[80.50554,5.99682],[80.50526,5.99656],[80.50535,5.99604],[80.50683,5.99528],[80.50713,5.99532],[80.50726,5.99547],[80.50734,5.99595],[80.5072,5.99686],[80.50621,5.9979],[80.50575,5.99818],[80.50578,5.99831],[80.50652,5.99839],[80.50726,5.99741],[80.50762,5.99752],[80.50779,5.99785],[80.50767,5.99831],[80.5078,5.9983],[80.50786,5.997],[80.50815,5.99654],[80.50865,5.99616],[80.50931,5.99613],[80.50923,5.99563],[80.50938,5.99527],[80.51007,5.99439],[80.51089,5.99384],[80.51117,5.99312],[80.51154,5.99277],[80.51317,5.99256],[80.51366,5.99203],[80.51396,5.99211],[80.51421,5.99261],[80.51449,5.99427],[80.5144,5.99454],[80.51416,5.9947],[80.5139,5.99467],[80.51347,5.99437],[80.51344,5.99516],[80.51364,5.99497],[80.51418,5.99507],[80.51439,5.99525],[80.5144,5.99553],[80.51422,5.99572],[80.51342,5.99577],[80.51253,5.99676],[80.51227,5.99673],[80.51213,5.99649],[80.51193,5.99515],[80.5117,5.99524],[80.51158,5.99548],[80.51165,5.99601],[80.51153,5.99652],[80.5117,5.99701],[80.51128,5.99769],[80.51061,5.99739],[80.51035,5.99743],[80.51031,5.99826],[80.50959,5.99942],[80.50893,5.99964],[80.5086,5.99952],[80.50827,5.99986],[80.50796,6.00084],[80.50723,6.00165],[80.50654,6.00143],[80.5062,6.00156],[80.50618,6.00175],[80.50642,6.00204],[80.50784,6.00267],[80.50821,6.00311],[80.5084,6.00309],[80.50867,6.00281],[80.50845,6.00172],[80.50852,6.00128],[80.50875,6.00101],[80.50938,6.00079],[80.50967,6.00017],[80.50985,5.99992],[80.51047,5.99975],[80.5108,5.99977],[80.51057,6.00052],[80.51064,6.00064],[80.51087,6.00053],[80.51116,6.00002],[80.51183,5.99951],[80.51204,5.99819],[80.51243,5.99771],[80.51291,5.99757],[80.51314,5.99786],[80.51334,5.99784],[80.51368,5.99767],[80.51394,5.99738],[80.51406,5.99702],[80.51433,5.99674],[80.51466,5.99651],[80.51497,5.99612],[80.51534,5.99592],[80.51575,5.99596],[80.51595,5.99614],[80.51606,5.99631],[80.51607,5.99764],[80.51584,5.99838],[80.51503,5.99927],[80.51531,5.99937],[80.51605,5.99894],[80.51649,5.99892],[80.51662,5.99944],[80.51647,5.99969],[80.5165,6.00018],[80.51634,6.00034],[80.5159,6.00029],[80.51557,6.00048],[80.51339,6.00039],[80.51313,6.00059],[80.51473,6.00052],[80.51518,6.00085],[80.51487,6.00267],[80.51511,6.00318],[80.51513,6.0036],[80.51474,6.00414],[80.51398,6.00422],[80.51365,6.00441],[80.51353,6.00475],[80.5136,6.00531],[80.51334,6.00537],[80.51267,6.00501],[80.51237,6.00514],[80.51224,6.00596],[80.51239,6.00565],[80.5127,6.0054],[80.51311,6.00541],[80.51346,6.00568],[80.51376,6.0057],[80.51389,6.00478],[80.51476,6.00428],[80.51536,6.00436],[80.51577,6.00407],[80.5161,6.00424],[80.51635,6.00484],[80.51638,6.00539],[80.51625,6.00588],[80.51593,6.00609],[80.5156,6.00682],[80.51589,6.00709],[80.51606,6.00701],[80.51626,6.00711],[80.51618,6.00771],[80.51653,6.00809],[80.51592,6.00916],[80.51558,6.00949],[80.51557,6.00968],[80.51578,6.00974],[80.51612,6.0096],[80.51646,6.00915],[80.5172,6.00898],[80.51735,6.00875],[80.51704,6.00721],[80.51718,6.00696],[80.51754,6.00693],[80.51771,6.00663],[80.51741,6.00625],[80.51697,6.00609],[80.51683,6.00583],[80.51715,6.00519],[80.51699,6.00452],[80.51682,6.00448],[80.51665,6.00422],[80.51691,6.00362],[80.51712,6.00346],[80.51706,6.00321],[80.51711,6.00312],[80.51704,6.00296],[80.5168,6.00287],[80.51643,6.00281],[80.51619,6.00267],[80.51612,6.00248],[80.51617,6.00231],[80.51638,6.00218],[80.51696,6.00216],[80.51709,6.00228],[80.51747,6.00235],[80.51857,6.00274],[80.5186,6.00295],[80.51834,6.00409],[80.51851,6.00442],[80.51879,6.00452],[80.5192,6.00311],[80.51931,6.00255],[80.51909,6.00237],[80.519,6.0022],[80.519,6.0021],[80.51812,6.00203],[80.51751,6.00185],[80.51739,6.00169],[80.51741,6.00135],[80.51794,6.00119],[80.51787,6.00086],[80.51755,6.00055],[80.51722,6.00013],[80.51727,5.99969],[80.51739,5.99915],[80.51804,5.99885],[80.51906,5.99892],[80.51933,5.99884],[80.51899,5.99769],[80.51887,5.9975],[80.51859,5.9976],[80.51846,5.99784],[80.51829,5.99795],[80.51813,5.99828],[80.51783,5.99835],[80.51768,5.99824],[80.51771,5.99754],[80.51792,5.99736],[80.51861,5.99735],[80.51897,5.99712],[80.51917,5.99689],[80.51981,5.99675],[80.52016,5.99704],[80.52025,5.99774],[80.52024,5.99839],[80.51964,5.9991],[80.52013,5.99939],[80.52033,5.99969],[80.52037,6.00043],[80.52054,6.00085],[80.52098,6.00115],[80.52127,6.00105],[80.52136,6.00041],[80.52163,5.9993],[80.5221,5.99902],[80.52244,5.99927],[80.5227,5.99981],[80.52306,6.00013],[80.52326,6.00061],[80.52309,6.00103],[80.52292,6.00132],[80.52242,6.00173],[80.52234,6.00201],[80.5228,6.00274],[80.52327,6.0027],[80.52404,6.00223],[80.52462,6.002],[80.52457,6.00229],[80.52382,6.00268],[80.52366,6.00325],[80.5228,6.00412],[80.52277,6.00471],[80.52308,6.00484],[80.52354,6.00453],[80.52407,6.00449],[80.52427,6.00479],[80.52418,6.00591],[80.52408,6.00652],[80.52377,6.00697],[80.52315,6.00706],[80.52304,6.00687],[80.52289,6.00628],[80.52251,6.00605],[80.52234,6.00549],[80.52218,6.00511],[80.52181,6.00516],[80.52175,6.00521],[80.52166,6.00558],[80.52199,6.0072],[80.52234,6.00752],[80.52205,6.00879],[80.52184,6.00938],[80.522,6.00969],[80.52275,6.00998],[80.52336,6.01045],[80.52384,6.01055],[80.52442,6.01121],[80.52458,6.01177],[80.52405,6.01157],[80.52389,6.01176],[80.52386,6.01197],[80.52442,6.01228],[80.52467,6.01297],[80.52474,6.01415],[80.53068,6.01948],[80.531,6.01941],[80.53111,6.01954],[80.53157,6.01955],[80.53158,6.01935],[80.53175,6.01928],[80.53195,6.01883],[80.53218,6.01871],[80.53249,6.01874],[80.53266,6.01896],[80.53242,6.02054],[80.53248,6.021],[80.53268,6.02098],[80.53304,6.02107],[80.53297,6.02136],[80.5331,6.02164],[80.53366,6.0213],[80.53375,6.02144],[80.53372,6.02172],[80.53384,6.02206],[80.53369,6.02234],[80.53338,6.02245],[80.53306,6.02245],[80.53304,6.02279],[80.53321,6.02304],[80.53347,6.02315],[80.53349,6.02327],[80.53388,6.0234],[80.53402,6.02317],[80.53397,6.02297],[80.53414,6.02221],[80.53412,6.02181],[80.53435,6.02143],[80.53418,6.0209],[80.53418,6.02051],[80.53385,6.02056],[80.53365,6.02047],[80.53355,6.0199],[80.53376,6.01953],[80.53397,6.01953],[80.53408,6.01931],[80.53421,6.01922],[80.53457,6.01928],[80.53493,6.01952],[80.53529,6.01957],[80.53545,6.02005],[80.53536,6.02042],[80.535,6.02074],[80.53483,6.02109],[80.53496,6.02122],[80.53526,6.02121],[80.53548,6.02127],[80.53574,6.02154],[80.53605,6.02171],[80.53603,6.02252],[80.53619,6.02294],[80.53629,6.0229],[80.53615,6.02194],[80.53621,6.0217],[80.53592,6.02123],[80.53576,6.02061],[80.53592,6.02019],[80.53617,6.01974],[80.53646,6.01947],[80.537,6.01938],[80.53729,6.0191],[80.53849,6.01869],[80.53879,6.01898],[80.53911,6.01908],[80.53924,6.01902],[80.53947,6.01854],[80.53999,6.01839],[80.54022,6.01811],[80.5402,6.01783],[80.5399,6.01741],[80.54021,6.01691],[80.54079,6.01655],[80.54124,6.0165],[80.54149,6.0166],[80.54166,6.01646],[80.54154,6.01601],[80.54172,6.01563],[80.54196,6.01535],[80.54187,6.01518],[80.54155,6.01538],[80.54105,6.01558],[80.54082,6.01528],[80.54079,6.01485],[80.54033,6.01469],[80.53977,6.01439],[80.53971,6.01393],[80.53987,6.01381],[80.54092,6.0136],[80.54147,6.01321],[80.54211,6.01321],[80.54265,6.01239],[80.54337,6.01189],[80.54443,6.01148],[80.54467,6.01087],[80.54513,6.01057],[80.54576,6.01048],[80.54645,6.01068],[80.54693,6.01101],[80.54714,6.01072],[80.54714,6.01017],[80.54692,6.00959],[80.54717,6.00923],[80.54875,6.00905],[80.55258,5.99823],[80.55253,5.99693],[80.55235,5.99577],[80.55158,5.99599],[80.55114,5.9958],[80.55073,5.99517],[80.55065,5.99406],[80.54968,5.99253],[80.54794,5.99213],[80.54796,5.99209],[80.54791,5.99206],[80.54807,5.99174],[80.54814,5.99172],[80.5481,5.99166],[80.54828,5.99118],[80.54837,5.99111],[80.54843,5.99091],[80.54852,5.99088],[80.54847,5.99084],[80.54866,5.99033],[80.54879,5.9902],[80.54885,5.9902],[80.54885,5.99002],[80.54895,5.98979],[80.54893,5.98968],[80.54898,5.98965],[80.54893,5.98952],[80.54901,5.98936],[80.54908,5.98888],[80.54943,5.98822],[80.54967,5.98797],[80.54968,5.98749],[80.55029,5.98697],[80.551,5.98755],[80.55165,5.98847],[80.55148,5.98871],[80.55126,5.9886],[80.55114,5.98864],[80.55106,5.98861],[80.55087,5.98874],[80.5508,5.98891],[80.55081,5.98917],[80.55091,5.98943],[80.5513,5.98993],[80.55142,5.9899],[80.55152,5.98972],[80.55189,5.98968],[80.55248,5.98978],[80.5528,5.98961],[80.55258,5.98915],[80.55271,5.98881],[80.55314,5.98834],[80.55359,5.98802],[80.55391,5.98771],[80.55359,5.9872],[80.55383,5.98687],[80.55428,5.98648],[80.55428,5.98578],[80.55387,5.98537],[80.55279,5.98528],[80.55246,5.98474],[80.55121,5.98495],[80.55066,5.98518],[80.5503,5.98496],[80.55022,5.98479],[80.55018,5.98422],[80.5497,5.98438],[80.54913,5.98426],[80.54876,5.98457],[80.54915,5.98493],[80.54927,5.98522],[80.54889,5.9856],[80.54854,5.98617],[80.54815,5.98603],[80.54794,5.98559],[80.54763,5.98525],[80.54702,5.98496],[80.54622,5.98483],[80.5456,5.98568],[80.54491,5.98643],[80.54466,5.98611],[80.54435,5.98627],[80.544,5.98637],[80.54396,5.98673],[80.54403,5.98708],[80.54376,5.98729],[80.54341,5.98723],[80.54311,5.98701],[80.54297,5.98671],[80.5428,5.9865],[80.54234,5.98656],[80.54166,5.98642],[80.54126,5.9862],[80.54114,5.98602],[80.54116,5.98551],[80.54147,5.98536],[80.54173,5.98491],[80.54197,5.98432],[80.54224,5.98393],[80.54261,5.98395],[80.54289,5.98425],[80.54291,5.98507],[80.54315,5.98527],[80.5435,5.98542],[80.54379,5.98532],[80.54404,5.98499],[80.544,5.98461],[80.54368,5.98439],[80.54318,5.98365],[80.54335,5.98335],[80.54333,5.98293],[80.54293,5.98245],[80.5427,5.98177],[80.54226,5.98129],[80.54168,5.981],[80.54165,5.98044],[80.54181,5.9796],[80.54202,5.97892],[80.54189,5.97741],[80.54171,5.97725],[80.54166,5.97704],[80.54174,5.97678],[80.54171,5.97638],[80.54198,5.97568],[80.54159,5.97514],[80.54188,5.97496],[80.54225,5.97441],[80.54301,5.97465],[80.54381,5.97637],[80.54378,5.97785],[80.54456,5.97783],[80.54577,5.97765],[80.54616,5.9788],[80.54536,5.97993],[80.54489,5.98073],[80.54525,5.98146],[80.54606,5.98188],[80.54735,5.98171],[80.54924,5.98174],[80.54888,5.97886],[80.54932,5.97878],[80.54858,5.97516],[80.54804,5.97303],[80.54786,5.9718],[80.5473,5.97134],[80.54703,5.96982],[80.54687,5.96766],[80.54707,5.96686],[80.54561,5.96645],[80.54438,5.96584],[80.54343,5.96558],[80.54323,5.96675],[80.54251,5.96716],[80.54132,5.96743],[80.5402,5.96783],[80.53875,5.96775],[80.53743,5.9674],[80.53687,5.96707],[80.536,5.96665],[80.5341,5.967],[80.53372,5.96629],[80.53368,5.96515],[80.53335,5.96479],[80.53324,5.96453],[80.53185,5.96448],[80.53183,5.96439],[80.53125,5.96443],[80.53124,5.96428],[80.53048,5.96433],[80.53044,5.96457],[80.53003,5.96453],[80.52872,5.9641],[80.5264,5.96314],[80.52519,5.96223],[80.52456,5.96258],[80.52404,5.96338],[80.52367,5.96424],[80.52375,5.96516],[80.5235,5.9664],[80.52255,5.96745],[80.52183,5.96757],[80.52081,5.96746],[80.52062,5.96797],[80.52075,5.9687],[80.52098,5.96935],[80.52115,5.97142],[80.52123,5.97171],[80.52118,5.97212],[80.5209,5.97233],[80.52064,5.97293],[80.52055,5.97369],[80.52075,5.97426],[80.52065,5.97481],[80.52006,5.97511],[80.51952,5.97531],[80.51925,5.97565],[80.51872,5.97592],[80.51867,5.9766],[80.51889,5.97718],[80.51882,5.97746],[80.51865,5.97762],[80.51841,5.97774],[80.51817,5.9776],[80.51803,5.97734],[80.51788,5.97677],[80.51762,5.97654],[80.51631,5.97635],[80.51496,5.97635],[80.51452,5.97645],[80.51408,5.97667],[80.51289,5.97799],[80.51156,5.97913],[80.50921,5.98076],[80.50691,5.98289],[80.50692,5.98349],[80.50678,5.98395],[80.50634,5.9842],[80.50565,5.98401],[80.50463,5.98408],[80.50429,5.98423],[80.50391,5.98423],[80.50357,5.98405],[80.50319,5.98401],[80.50285,5.98416],[80.50312,5.98442],[80.5031,5.9848],[80.50297,5.98515],[80.50313,5.98551],[80.50384,5.98593],[80.50459,5.98522],[80.50639,5.98627],[80.5064,5.98681],[80.50651,5.98708],[80.50663,5.98696],[80.50665,5.98641],[80.50685,5.98614],[80.50819,5.98523],[80.50795,5.98434],[80.50803,5.98408],[80.50795,5.98356],[80.50818,5.98345],[80.50869,5.98336],[80.50921,5.98328],[80.50948,5.98332],[80.50968,5.98348],[80.50984,5.98382],[80.50938,5.98457],[80.50917,5.98477],[80.50913,5.98495],[80.50939,5.98513],[80.50979,5.98528],[80.51034,5.98563],[80.51058,5.98571],[80.51162,5.98576],[80.51187,5.98595],[80.51185,5.98621],[80.51151,5.98661],[80.51123,5.98684],[80.5107,5.98699],[80.51029,5.98689],[80.51025,5.98701],[80.51033,5.98714],[80.51031,5.98731],[80.51003,5.98737],[80.50961,5.98718],[80.50955,5.98683],[80.50929,5.98679],[80.50917,5.98667],[80.5092,5.98635],[80.50896,5.98631],[80.50882,5.98677],[80.50886,5.98702],[80.50882,5.98717],[80.50865,5.98734],[80.50854,5.98732],[80.5084,5.9875],[80.50839,5.98767],[80.50861,5.98787],[80.5086,5.98808],[80.50873,5.98848],[80.50844,5.98936],[80.50835,5.98935],[80.50829,5.98948],[80.50761,5.98968],[80.50763,5.98992],[80.50799,5.98997],[80.50837,5.98988],[80.50846,5.99001],[80.50855,5.9903],[80.50867,5.99036],[80.50857,5.99008],[80.50863,5.98989],[80.50862,5.98956],[80.50886,5.98899],[80.50896,5.98842],[80.50925,5.988],[80.50952,5.98779],[80.50975,5.98773],[80.51005,5.98787],[80.51028,5.98782],[80.51035,5.98772],[80.51056,5.98768],[80.51096,5.98738],[80.51149,5.98731],[80.51209,5.98735],[80.51212,5.98724],[80.51186,5.98706],[80.51188,5.98687],[80.51225,5.98663],[80.51257,5.9862],[80.5128,5.98608],[80.51306,5.98612],[80.51397,5.98643],[80.51408,5.98639],[80.51443,5.98657],[80.51463,5.98657],[80.51467,5.98664],[80.51489,5.98661],[80.51509,5.98653],[80.51533,5.98668],[80.51531,5.98677],[80.51558,5.9869],[80.51557,5.98705],[80.51649,5.9873],[80.51658,5.9875],[80.51644,5.98763],[80.51594,5.98868],[80.51601,5.98898],[80.51576,5.98922],[80.51549,5.98927],[80.51505,5.98897],[80.51494,5.98872],[80.51483,5.98863],[80.51483,5.9885],[80.5145,5.9884],[80.51445,5.98857],[80.51451,5.98868],[80.51472,5.98883],[80.5146,5.98942],[80.5151,5.98955],[80.51531,5.99017],[80.51485,5.99013],[80.51455,5.99038],[80.51438,5.99037],[80.51402,5.99014],[80.51397,5.99],[80.51375,5.98987],[80.51357,5.98987],[80.51331,5.98978],[80.51293,5.98955],[80.51281,5.98963],[80.51282,5.98977],[80.51302,5.98995],[80.51289,5.99034],[80.51232,5.9905],[80.51214,5.99047],[80.5121,5.99058],[80.51221,5.99079],[80.51248,5.99088],[80.51264,5.99106],[80.51268,5.99127],[80.51263,5.99153],[80.51236,5.99171],[80.51136,5.9921],[80.5109,5.99236],[80.5104,5.99258],[80.5099,5.99278],[80.5096,5.99277],[80.5095,5.99299],[80.50979,5.99319],[80.50977,5.99344],[80.50956,5.99356],[80.50917,5.99345],[80.50854,5.99353],[80.50835,5.99372],[80.50821,5.99395],[80.50798,5.9941],[80.50713,5.99422],[80.50691,5.99439],[80.50663,5.99443],[80.50629,5.99485],[80.50601,5.99495],[80.50574,5.99494],[80.50527,5.99468],[80.5051,5.99448],[80.50519,5.99423],[80.5051,5.99398],[80.50483,5.99398],[80.50464,5.9945],[80.50422,5.99489],[80.50409,5.99512],[80.50409,5.99539],[80.50399,5.99565],[80.50373,5.9957],[80.5035,5.99557],[80.50339,5.99531],[80.50337,5.99505],[80.50319,5.99487],[80.50291,5.99563],[80.50288,5.99591],[80.50273,5.99614],[80.50248,5.99622],[80.50219,5.99617],[80.50199,5.99568],[80.50173,5.9956],[80.50156,5.99582],[80.50165,5.99606],[80.50186,5.99622],[80.50215,5.99667],[80.50204,5.99708],[80.50182,5.99723],[80.50157,5.99733],[80.5013,5.99779],[80.50103,5.99786],[80.50083,5.9977],[80.50078,5.99743],[80.50098,5.99663],[80.50093,5.99622],[80.50048,5.99591],[80.5003,5.99571],[80.50016,5.99519],[80.50025,5.99494],[80.50074,5.99474],[80.50102,5.99428],[80.50147,5.99395],[80.50196,5.99372],[80.5025,5.99367],[80.50272,5.99293],[80.50286,5.99272],[80.50286,5.99247],[80.50273,5.99224],[80.50247,5.99217],[80.50231,5.99238],[80.50233,5.99291],[80.50215,5.99312],[80.5019,5.99324],[80.50127,5.99377],[80.50107,5.9936],[80.50082,5.99372],[80.50067,5.99425],[80.50049,5.99446],[80.49993,5.99443],[80.49978,5.99419],[80.49962,5.99366],[80.4995,5.99342],[80.49934,5.99321],[80.49912,5.99304],[80.49899,5.9928],[80.4988,5.9926],[80.49893,5.99239],[80.49839,5.99182],[80.49611,5.99306],[80.49545,5.9935],[80.49554,5.99456],[80.49578,5.9947],[80.49603,5.9947],[80.49627,5.99459],[80.49653,5.99455],[80.49678,5.99461],[80.49709,5.99505],[80.49732,5.99521],[80.49784,5.99523],[80.49801,5.99545],[80.49827,5.99547],[80.4985,5.99534],[80.49878,5.99533],[80.49904,5.99542],[80.49924,5.99558],[80.49988,5.99651],[80.50015,5.99726],[80.50011,5.99753],[80.49901,5.998],[80.49856,5.99808],[80.49816,5.99843],[80.49786,5.99863],[80.49766,5.99889],[80.49753,5.99894],[80.49738,5.99897],[80.49655,5.99887],[80.49601,5.99892],[80.49589,5.999],[80.49584,5.99913],[80.496,5.99951],[80.49589,5.9999],[80.49546,5.99991],[80.49528,5.99971],[80.49515,5.99965],[80.49484,5.99986],[80.4945,5.99993],[80.49429,5.99987],[80.49423,5.99999],[80.49423,6.00027],[80.4941,6.00051],[80.49397,6.00056],[80.49368,6.00056],[80.49343,6.00044],[80.49335,6.00033],[80.49331,5.99992],[80.4934,5.99965],[80.49333,5.99954],[80.49319,5.99949],[80.49309,5.99958],[80.49283,6.00005],[80.49255,6.00009],[80.49227,6.00005],[80.4919,5.99968],[80.49178,5.99915],[80.49177,5.99862],[80.49172,5.99836],[80.49146,5.99768],[80.49144,5.9974],[80.49156,5.99717],[80.49203,5.99698],[80.49233,5.9967],[80.4923,5.99643],[80.49202,5.99643],[80.49164,5.99681],[80.49057,5.99706],[80.49017,5.9973],[80.49037,5.99752],[80.4905,5.9976],[80.49069,5.99754],[80.49086,5.99759],[80.49116,5.99782],[80.49128,5.99835],[80.4912,5.99875],[80.4912,5.99917],[80.49139,5.99959],[80.49136,6.00004],[80.49154,6.00028],[80.49147,6.00061],[80.49128,6.00081],[80.49116,6.00089],[80.49088,6.00092],[80.49076,6.00101],[80.49072,6.00113],[80.49088,6.00134],[80.49094,6.00181],[80.49024,6.00204],[80.48993,6.00233],[80.48965,6.00237],[80.48914,6.00256],[80.48904,6.00267],[80.48892,6.00273],[80.48863,6.00274],[80.48792,6.00263],[80.48767,6.00249],[80.48707,6.00188],[80.48682,6.00176],[80.48679,6.00163],[80.48664,6.00149],[80.4866,6.00112],[80.48636,6.00082],[80.48476,6.00034],[80.48396,6.00038],[80.48362,6.00053],[80.48335,6.0008],[80.48323,6.00116],[80.48337,6.00151],[80.48484,6.00174],[80.48473,6.00211],[80.48262,6.00488],[80.47961,6.00679]],[[80.49822,5.99897],[80.49828,5.9988],[80.49855,5.99853],[80.49889,5.99834],[80.49925,5.99825],[80.50003,5.99817],[80.50034,5.99805],[80.50076,5.99806],[80.50089,5.99826],[80.5005,5.99894],[80.50057,5.99911],[80.50046,5.99927],[80.49979,5.99977],[80.49929,5.99996],[80.49889,5.99996],[80.49841,5.99966],[80.49825,5.99936],[80.49822,5.99897]],[[80.50074,6.00282],[80.50081,6.00231],[80.50169,6.00132],[80.50191,6.00116],[80.5024,6.00097],[80.50252,6.00121],[80.50249,6.00147],[80.502,6.00302],[80.50181,6.00381],[80.50168,6.00404],[80.50143,6.00413],[80.50121,6.00395],[80.50074,6.00282]],[[80.50806,5.9823],[80.50837,5.98186],[80.50862,5.98176],[80.50913,5.98188],[80.50965,5.98172],[80.50991,5.98174],[80.50996,5.98227],[80.50978,5.98278],[80.50956,5.98293],[80.50844,5.98299],[80.50822,5.98281],[80.5081,5.98257],[80.50806,5.9823]],[[80.5099,5.98497],[80.50989,5.98471],[80.51009,5.98462],[80.51052,5.9846],[80.51078,5.98411],[80.51116,5.98398],[80.51137,5.98406],[80.51155,5.98454],[80.51157,5.98484],[80.51124,5.98509],[80.5107,5.98525],[80.5105,5.98524],[80.5099,5.98497]],[[80.51175,5.98306],[80.51194,5.98273],[80.51227,5.98251],[80.51215,5.98213],[80.51223,5.98177],[80.51257,5.98158],[80.5134,5.98145],[80.51391,5.9815],[80.5146,5.98113],[80.51511,5.98102],[80.51537,5.98102],[80.51561,5.98112],[80.51563,5.98139],[80.51555,5.98164],[80.51557,5.98194],[80.51563,5.98206],[80.51576,5.98189],[80.51579,5.98156],[80.51592,5.9814],[80.51613,5.98129],[80.51652,5.98134],[80.51674,5.9812],[80.51668,5.98094],[80.51668,5.98066],[80.51685,5.98044],[80.51708,5.98032],[80.51735,5.98026],[80.51762,5.98028],[80.51802,5.98063],[80.51817,5.98086],[80.51815,5.98106],[80.51823,5.98096],[80.51924,5.98076],[80.51908,5.9819],[80.51899,5.98215],[80.51873,5.98402],[80.51868,5.98584],[80.51843,5.98676],[80.51805,5.98779],[80.51785,5.98789],[80.51773,5.98787],[80.51761,5.98762],[80.5175,5.98712],[80.51738,5.98711],[80.51728,5.98701],[80.51718,5.98701],[80.51705,5.98709],[80.51692,5.98703],[80.51693,5.98644],[80.51671,5.98637],[80.51604,5.9866],[80.51591,5.98674],[80.51552,5.98671],[80.51524,5.98642],[80.51509,5.98609],[80.51467,5.98595],[80.51432,5.98576],[80.51408,5.98551],[80.51402,5.98531],[80.5141,5.98487],[80.514,5.98473],[80.51394,5.98437],[80.51379,5.98423],[80.51347,5.9844],[80.51349,5.98459],[80.51359,5.98474],[80.51363,5.98493],[80.51346,5.98503],[80.51328,5.98497],[80.51302,5.98467],[80.51218,5.9842],[80.51197,5.98379],[80.51175,5.98306]],[[80.51445,5.97712],[80.51448,5.97696],[80.51477,5.97656],[80.515,5.97647],[80.51517,5.97653],[80.51533,5.97688],[80.51547,5.977],[80.51566,5.97698],[80.51607,5.97662],[80.51641,5.97648],[80.51659,5.97648],[80.51728,5.97701],[80.5174,5.9774],[80.51719,5.97773],[80.51716,5.97792],[80.51722,5.97809],[80.51769,5.97826],[80.51808,5.97851],[80.5182,5.97866],[80.51822,5.97885],[80.5179,5.97903],[80.51741,5.97906],[80.51713,5.97901],[80.51697,5.97896],[80.51661,5.97871],[80.5165,5.97855],[80.51648,5.97829],[80.51621,5.97809],[80.51597,5.97798],[80.51561,5.97791],[80.51529,5.97817],[80.51507,5.97814],[80.51475,5.97785],[80.51468,5.97751],[80.51445,5.97712]],[[80.51475,5.99224],[80.51482,5.99202],[80.51521,5.9918],[80.51517,5.99164],[80.51525,5.99132],[80.51543,5.99127],[80.51567,5.99132],[80.51589,5.99141],[80.516,5.99157],[80.51608,5.99158],[80.51616,5.99149],[80.51625,5.99113],[80.51614,5.99103],[80.51585,5.99088],[80.51568,5.9907],[80.51567,5.99054],[80.51609,5.99028],[80.51634,5.9903],[80.51688,5.99075],[80.51744,5.99162],[80.51745,5.99204],[80.5172,5.99242],[80.51701,5.99256],[80.51663,5.99235],[80.51659,5.99197],[80.51594,5.99197],[80.51548,5.99257],[80.51532,5.99267],[80.51513,5.99266],[80.51498,5.99254],[80.51475,5.99224]],[[80.51517,5.99419],[80.51537,5.99386],[80.51565,5.99361],[80.5159,5.99271],[80.51606,5.99259],[80.51623,5.99262],[80.51645,5.99314],[80.51664,5.99319],[80.51678,5.99332],[80.51678,5.99352],[80.51703,5.9938],[80.51687,5.99392],[80.51668,5.99394],[80.51655,5.99408],[80.5164,5.99461],[80.5161,5.99484],[80.51583,5.99487],[80.5157,5.99481],[80.51524,5.99439],[80.51517,5.99419]],[[80.51696,5.98946],[80.51708,5.98933],[80.51745,5.98926],[80.51788,5.98947],[80.51835,5.99104],[80.51811,5.99128],[80.51773,5.9913],[80.51759,5.99116],[80.5173,5.99105],[80.51726,5.99068],[80.51717,5.99051],[80.51715,5.99032],[80.51722,5.99014],[80.51718,5.98996],[80.51698,5.98964],[80.51696,5.98946]],[[80.51785,5.994],[80.51787,5.99367],[80.51807,5.99333],[80.51839,5.9933],[80.51852,5.99314],[80.51859,5.99289],[80.52014,5.99313],[80.52004,5.99425],[80.5199,5.99465],[80.51972,5.99471],[80.51936,5.99522],[80.51909,5.99528],[80.51874,5.99516],[80.51861,5.99501],[80.51836,5.99491],[80.51785,5.994]],[[80.51864,5.98859],[80.51869,5.98733],[80.51888,5.98688],[80.51915,5.98657],[80.51966,5.98633],[80.52022,5.98567],[80.52062,5.98551],[80.52074,5.98543],[80.52082,5.98531],[80.52079,5.98517],[80.52068,5.98509],[80.51997,5.98514],[80.51988,5.98503],[80.51985,5.9849],[80.51994,5.98465],[80.51991,5.98443],[80.51995,5.98434],[80.52024,5.98426],[80.52065,5.98436],[80.52079,5.98423],[80.52084,5.98394],[80.52061,5.9834],[80.52035,5.98347],[80.52022,5.98358],[80.51988,5.98363],[80.51958,5.98339],[80.51952,5.983],[80.51937,5.98289],[80.51933,5.98271],[80.51936,5.98252],[80.51972,5.98229],[80.51986,5.98209],[80.52008,5.98205],[80.52024,5.98159],[80.52063,5.98155],[80.52075,5.98185],[80.52076,5.98237],[80.52053,5.98246],[80.52094,5.9835],[80.52114,5.98341],[80.52121,5.98352],[80.52189,5.98327],[80.52254,5.9832],[80.52252,5.98293],[80.52284,5.98295],[80.52337,5.98278],[80.524,5.98318],[80.52415,5.98369],[80.52452,5.98336],[80.52476,5.98339],[80.525,5.98361],[80.52608,5.98374],[80.52612,5.98389],[80.52629,5.98392],[80.52635,5.98416],[80.52659,5.98416],[80.52726,5.98379],[80.52738,5.98381],[80.52748,5.9839],[80.52761,5.98437],[80.52755,5.98492],[80.52699,5.98539],[80.52605,5.98555],[80.52592,5.98472],[80.52534,5.98443],[80.52498,5.98447],[80.52498,5.98506],[80.52435,5.98547],[80.52344,5.98592],[80.52343,5.98672],[80.52324,5.9871],[80.52309,5.9872],[80.5222,5.98722],[80.52172,5.98745],[80.52157,5.98768],[80.52153,5.98782],[80.52157,5.98809],[80.52154,5.98835],[80.52121,5.98901],[80.52098,5.98933],[80.52095,5.98946],[80.52099,5.98959],[80.52139,5.98967],[80.52158,5.98987],[80.52158,5.99083],[80.52147,5.99108],[80.52119,5.99116],[80.52033,5.99088],[80.52024,5.99058],[80.52029,5.99031],[80.52054,5.98984],[80.52059,5.98958],[80.52039,5.9894],[80.51982,5.98946],[80.5197,5.9897],[80.51918,5.98969],[80.51895,5.98956],[80.51878,5.98936],[80.5187,5.98908],[80.51864,5.98859]],[[80.5222,5.98863],[80.52225,5.9882],[80.52248,5.98782],[80.52303,5.98763],[80.5235,5.98739],[80.52385,5.98707],[80.5238,5.98698],[80.52406,5.98673],[80.52419,5.98674],[80.52433,5.98683],[80.52483,5.98725],[80.52491,5.98773],[80.52458,5.98776],[80.52407,5.98807],[80.52398,5.98836],[80.52373,5.98855],[80.52304,5.98887],[80.52249,5.98904],[80.52236,5.98901],[80.5222,5.98863]],[[80.52234,5.9973],[80.52243,5.9969],[80.52311,5.99672],[80.52368,5.99694],[80.52445,5.9969],[80.52461,5.99681],[80.52399,5.99661],[80.52378,5.99643],[80.52376,5.99629],[80.52405,5.99596],[80.52456,5.99555],[80.52489,5.9954],[80.52541,5.99537],[80.52573,5.99569],[80.52581,5.99613],[80.52608,5.99667],[80.5262,5.99675],[80.5263,5.99667],[80.52636,5.99654],[80.5263,5.99599],[80.52642,5.9956],[80.52649,5.99509],[80.52666,5.99488],[80.52695,5.99482],[80.52726,5.99514],[80.52735,5.99567],[80.52757,5.99601],[80.52807,5.99608],[80.52848,5.99601],[80.52937,5.99635],[80.52965,5.99685],[80.52975,5.99727],[80.52987,5.99741],[80.53021,5.99765],[80.53028,5.99783],[80.5302,5.99808],[80.53024,5.99821],[80.53042,5.99842],[80.53055,5.99843],[80.53101,5.99813],[80.5312,5.99793],[80.53127,5.9978],[80.53128,5.99753],[80.53159,5.99726],[80.5317,5.99702],[80.53197,5.99691],[80.53211,5.9969],[80.53222,5.99697],[80.53228,5.99724],[80.53203,5.99788],[80.53205,5.99817],[80.53186,5.99859],[80.53187,5.99874],[80.53201,5.99914],[80.53232,5.99942],[80.53243,5.99935],[80.53246,5.99921],[80.53238,5.99896],[80.53248,5.99856],[80.53242,5.99817],[80.53278,5.99773],[80.53294,5.99772],[80.53308,5.99776],[80.53316,5.99786],[80.53324,5.9984],[80.5334,5.99863],[80.53352,5.99871],[80.53365,5.99876],[80.53378,5.99872],[80.53439,5.99841],[80.53466,5.99846],[80.53489,5.99861],[80.53505,5.99885],[80.53506,5.99913],[80.53497,5.99925],[80.53473,5.99941],[80.53411,5.9996],[80.53401,5.9997],[80.53409,5.99981],[80.53463,5.99985],[80.53577,5.99954],[80.53584,5.99908],[80.53613,5.99863],[80.53652,5.9983],[80.53734,5.99781],[80.5376,5.99775],[80.53773,5.99753],[80.53749,5.99682],[80.53754,5.99669],[80.5381,5.99645],[80.53885,5.99664],[80.53939,5.99713],[80.53948,5.99757],[80.53961,5.99788],[80.54022,5.99803],[80.54035,5.9982],[80.54038,5.99838],[80.54077,5.9988],[80.54088,5.99856],[80.5412,5.99831],[80.54158,5.99828],[80.54176,5.99833],[80.5419,5.99846],[80.54194,5.99885],[80.54185,5.99903],[80.54168,5.99917],[80.54104,5.99953],[80.54079,6.00004],[80.54099,6.00005],[80.54116,5.99997],[80.5413,5.99984],[80.54148,5.99979],[80.54185,5.99987],[80.54205,5.99984],[80.54258,5.99962],[80.54261,5.99944],[80.54278,5.99936],[80.54296,5.99935],[80.54306,5.99952],[80.5428,6.00026],[80.54266,6.00041],[80.54258,6.00089],[80.54238,6.00126],[80.54148,6.00171],[80.54119,6.00197],[80.54012,6.00222],[80.5401,6.00236],[80.54026,6.00264],[80.5402,6.00283],[80.54009,6.00292],[80.53973,6.00298],[80.53959,6.00286],[80.53957,6.00245],[80.53929,6.00218],[80.53906,6.00211],[80.53847,6.00243],[80.53796,6.00236],[80.53781,6.00255],[80.53751,6.00257],[80.53742,6.00227],[80.53713,6.00239],[80.53697,6.0026],[80.53691,6.00287],[80.53693,6.00306],[80.53716,6.00337],[80.53746,6.00336],[80.53746,6.00348],[80.53724,6.00373],[80.53684,6.00383],[80.5365,6.00381],[80.53641,6.00402],[80.53687,6.00427],[80.537,6.00441],[80.53698,6.0046],[80.53682,6.00472],[80.53623,6.0049],[80.53622,6.0051],[80.53637,6.00522],[80.53677,6.00527],[80.53692,6.00537],[80.53696,6.00556],[80.53685,6.00574],[80.5358,6.00624],[80.53559,6.00658],[80.53479,6.00645],[80.5347,6.00554],[80.53489,6.00504],[80.53517,6.00478],[80.53557,6.00398],[80.53574,6.00372],[80.53571,6.00335],[80.53549,6.00304],[80.53517,6.00287],[80.53513,6.00276],[80.53518,6.00257],[80.53542,6.00259],[80.53556,6.00219],[80.53499,6.00218],[80.53472,6.0024],[80.53472,6.0028],[80.53458,6.00294],[80.53439,6.00296],[80.53422,6.00286],[80.53406,6.0023],[80.53393,6.00215],[80.53375,6.00224],[80.53367,6.00242],[80.5336,6.00281],[80.5335,6.00297],[80.53192,6.00269],[80.53116,6.00238],[80.53014,6.00227],[80.52997,6.00237],[80.53006,6.00254],[80.53045,6.00265],[80.53028,6.00279],[80.5299,6.00289],[80.52972,6.00299],[80.52953,6.00301],[80.52938,6.0029],[80.52901,6.00276],[80.52861,6.00281],[80.52847,6.00269],[80.52844,6.0025],[80.52854,6.00234],[80.52888,6.00214],[80.52927,6.00211],[80.52954,6.00195],[80.52924,6.00151],[80.5294,6.00122],[80.52974,6.00102],[80.52992,6.00097],[80.53098,6.00096],[80.53139,6.00084],[80.53166,6.00059],[80.53146,6.00052],[80.53103,6.00053],[80.53098,6.00035],[80.53117,6.00004],[80.53122,5.99985],[80.53117,5.99966],[80.53098,5.99961],[80.53064,5.99983],[80.53022,6.00032],[80.53007,6.00044],[80.52986,6.00044],[80.52957,6.00016],[80.52934,5.99985],[80.52914,5.99982],[80.52895,6.00016],[80.52879,6.00028],[80.5286,6.00033],[80.52841,6.00029],[80.52831,6.0001],[80.52808,6.00009],[80.52769,6.00017],[80.52753,6.00009],[80.52734,6.00012],[80.52723,6.00029],[80.52735,6.00045],[80.52795,6.00049],[80.52815,6.00081],[80.52802,6.00096],[80.52784,6.00106],[80.5273,6.00098],[80.52711,6.00101],[80.52681,6.00128],[80.52643,6.00138],[80.52623,6.00138],[80.52605,6.00132],[80.52589,6.0012],[80.52581,6.00103],[80.52548,6.00086],[80.5247,6.00063],[80.52448,6.00034],[80.52472,5.99995],[80.5255,6.00017],[80.52603,5.99995],[80.52613,5.9998],[80.52648,5.99969],[80.52651,5.9995],[80.5266,5.99935],[80.52697,5.99925],[80.52723,5.99907],[80.52702,5.99876],[80.52653,5.99868],[80.52629,5.99855],[80.52622,5.99846],[80.52621,5.99797],[80.52604,5.99785],[80.5257,5.99798],[80.5254,5.99824],[80.52533,5.99844],[80.52518,5.99857],[80.52407,5.99876],[80.52364,5.99853],[80.52316,5.99788],[80.52234,5.9973]],[[80.52412,5.9768],[80.52443,5.9751],[80.52478,5.97459],[80.52501,5.97454],[80.5251,5.97427],[80.52547,5.9743],[80.5257,5.97441],[80.52573,5.97459],[80.52563,5.97483],[80.52594,5.97538],[80.5258,5.97614],[80.52543,5.97712],[80.52527,5.97732],[80.52503,5.97746],[80.52473,5.97744],[80.52443,5.9773],[80.52412,5.9768]],[[80.52463,5.98966],[80.52478,5.98929],[80.52505,5.98904],[80.52547,5.9889],[80.52582,5.98934],[80.52607,5.98945],[80.52641,5.98952],[80.5266,5.98866],[80.52607,5.98873],[80.52581,5.98856],[80.52576,5.9881],[80.52608,5.98772],[80.52629,5.98733],[80.52674,5.98725],[80.52712,5.98742],[80.52767,5.98817],[80.52811,5.98847],[80.52858,5.98848],[80.52879,5.98904],[80.52922,5.98954],[80.52936,5.9899],[80.52951,5.99139],[80.5295,5.99293],[80.52928,5.99316],[80.52876,5.9933],[80.52769,5.9931],[80.52764,5.99281],[80.52766,5.99253],[80.52756,5.99244],[80.527,5.99242],[80.52627,5.99267],[80.52587,5.99233],[80.52635,5.99208],[80.52652,5.99186],[80.52657,5.99159],[80.52651,5.99147],[80.52626,5.99137],[80.52547,5.99149],[80.52534,5.99145],[80.5252,5.99122],[80.52516,5.99065],[80.52463,5.98966]],[[80.53054,5.99148],[80.53067,5.99008],[80.53143,5.98969],[80.53147,5.98918],[80.5316,5.98894],[80.53204,5.98891],[80.53259,5.98914],[80.5328,5.98918],[80.53315,5.9892],[80.53383,5.98909],[80.53441,5.98947],[80.53468,5.98955],[80.535,5.98972],[80.53493,5.99028],[80.53557,5.9906],[80.53588,5.99109],[80.53623,5.99116],[80.53642,5.99107],[80.53654,5.99086],[80.53632,5.99062],[80.53624,5.99023],[80.53625,5.98985],[80.53637,5.98939],[80.53656,5.98937],[80.5366,5.98977],[80.53685,5.98988],[80.53702,5.98953],[80.53696,5.98912],[80.53723,5.98898],[80.53765,5.98885],[80.53789,5.98908],[80.53809,5.98934],[80.53804,5.98988],[80.5382,5.99014],[80.53847,5.99019],[80.53887,5.98985],[80.53916,5.98973],[80.53957,5.98976],[80.53977,5.98991],[80.54063,5.98989],[80.54092,5.98975],[80.54105,5.98978],[80.54108,5.98969],[80.54124,5.9896],[80.54134,5.98967],[80.54139,5.98982],[80.54124,5.99004],[80.54134,5.9904],[80.54141,5.99048],[80.54166,5.99043],[80.54192,5.9903],[80.54215,5.99042],[80.54247,5.99094],[80.54264,5.99079],[80.54245,5.99039],[80.54152,5.98908],[80.54123,5.98898],[80.54088,5.98873],[80.54076,5.9885],[80.54074,5.98811],[80.54132,5.98772],[80.54205,5.98792],[80.54245,5.9882],[80.54227,5.98849],[80.54174,5.98874],[80.54166,5.98897],[80.54185,5.98922],[80.54263,5.98869],[80.54343,5.98902],[80.54369,5.98876],[80.54412,5.98872],[80.54443,5.98836],[80.54464,5.98796],[80.54497,5.98775],[80.54538,5.98767],[80.54617,5.98732],[80.54682,5.98773],[80.54712,5.98813],[80.54706,5.98839],[80.54711,5.98866],[80.54733,5.98919],[80.54737,5.98946],[80.5472,5.98967],[80.54672,5.98998],[80.54655,5.99017],[80.54653,5.99045],[80.54678,5.99057],[80.54666,5.99136],[80.54618,5.99162],[80.54599,5.99182],[80.54585,5.99207],[80.54588,5.99235],[80.54641,5.99297],[80.54655,5.99325],[80.54655,5.99354],[80.54615,5.9941],[80.5457,5.99374],[80.54555,5.99366],[80.54542,5.99367],[80.54532,5.99378],[80.54534,5.99405],[80.54528,5.99417],[80.54517,5.99428],[80.54481,5.9944],[80.54472,5.99452],[80.54472,5.99466],[80.54501,5.99514],[80.5458,5.99515],[80.54592,5.99522],[80.54598,5.99534],[80.54593,5.99576],[80.54586,5.99587],[80.54546,5.99605],[80.54517,5.99603],[80.54491,5.99569],[80.54477,5.99568],[80.54449,5.99577],[80.54381,5.99545],[80.54376,5.99531],[80.54378,5.99501],[80.54372,5.99487],[80.54348,5.99475],[80.54335,5.99478],[80.54325,5.99486],[80.54305,5.99523],[80.54293,5.99531],[80.54232,5.99536],[80.5417,5.99564],[80.54122,5.99548],[80.54132,5.99506],[80.54105,5.99507],[80.54042,5.9952],[80.53956,5.99504],[80.53931,5.99491],[80.5389,5.99489],[80.53832,5.99515],[80.53791,5.99511],[80.53765,5.995],[80.5374,5.99505],[80.53642,5.99498],[80.53597,5.99505],[80.5354,5.99503],[80.53459,5.99465],[80.53432,5.99466],[80.5339,5.99479],[80.53334,5.99479],[80.53269,5.99447],[80.53215,5.99429],[80.53161,5.99367],[80.53085,5.9931],[80.53054,5.99148]],[[80.53337,5.98719],[80.53348,5.98683],[80.5334,5.98666],[80.53343,5.9865],[80.53378,5.98637],[80.53446,5.98658],[80.53452,5.98681],[80.53468,5.98698],[80.53481,5.98723],[80.5346,5.98761],[80.5341,5.9877],[80.53352,5.98754],[80.53337,5.98719]],[[80.53389,5.98143],[80.534,5.9805],[80.53445,5.98019],[80.5353,5.98012],[80.53529,5.98061],[80.53498,5.98109],[80.53443,5.98161],[80.53389,5.98143]],[[80.5358,5.98566],[80.53652,5.98475],[80.53662,5.98469],[80.53682,5.98468],[80.53723,5.98576],[80.53689,5.9866],[80.53649,5.98717],[80.536,5.98709],[80.53581,5.98675],[80.53587,5.98597],[80.5358,5.98566]],[[80.53746,5.98678],[80.5375,5.98615],[80.53785,5.98553],[80.53873,5.98556],[80.53903,5.98576],[80.53951,5.98683],[80.53985,5.9872],[80.53968,5.98753],[80.53891,5.9877],[80.53809,5.98776],[80.53787,5.98752],[80.53746,5.98678]],[[80.53902,5.98843],[80.53921,5.98829],[80.53951,5.98826],[80.53987,5.98881],[80.53993,5.98894],[80.53989,5.98909],[80.5396,5.9894],[80.53932,5.98925],[80.53915,5.98906],[80.53902,5.98843]]]}},{"type":"Feature","properties":{"c":"residential"},"geometry":{"type":"Polygon","coordinates":[[[80.51175,5.98306],[80.51197,5.98379],[80.51218,5.9842],[80.51302,5.98467],[80.51328,5.98497],[80.51346,5.98503],[80.51363,5.98493],[80.51359,5.98474],[80.51349,5.98459],[80.51347,5.9844],[80.51379,5.98423],[80.51394,5.98437],[80.514,5.98473],[80.5141,5.98487],[80.51402,5.98531],[80.51408,5.98551],[80.51432,5.98576],[80.51467,5.98595],[80.51509,5.98609],[80.51524,5.98642],[80.51552,5.98671],[80.51591,5.98674],[80.51604,5.9866],[80.51671,5.98637],[80.51693,5.98644],[80.51692,5.98703],[80.51705,5.98709],[80.51718,5.98701],[80.51728,5.98701],[80.51738,5.98711],[80.5175,5.98712],[80.51768,5.98707],[80.51796,5.98689],[80.51815,5.98654],[80.51832,5.98544],[80.51826,5.98512],[80.51799,5.98494],[80.5176,5.98484],[80.51735,5.98486],[80.51704,5.98515],[80.517,5.98542],[80.51685,5.98549],[80.51651,5.98532],[80.5156,5.98392],[80.51591,5.98291],[80.51593,5.98256],[80.51613,5.98254],[80.51649,5.983],[80.51667,5.98307],[80.51685,5.98302],[80.51723,5.98227],[80.51727,5.98207],[80.51704,5.98167],[80.51731,5.98153],[80.51773,5.98154],[80.51791,5.98142],[80.51815,5.98113],[80.51817,5.98086],[80.51802,5.98063],[80.51762,5.98028],[80.51735,5.98026],[80.51708,5.98032],[80.51685,5.98044],[80.51668,5.98066],[80.51668,5.98094],[80.51674,5.9812],[80.51652,5.98134],[80.51613,5.98129],[80.51592,5.9814],[80.51579,5.98156],[80.51576,5.98189],[80.51563,5.98206],[80.51557,5.98194],[80.51555,5.98164],[80.51563,5.98139],[80.51561,5.98112],[80.51537,5.98102],[80.51511,5.98102],[80.5146,5.98113],[80.51391,5.9815],[80.5134,5.98145],[80.51257,5.98158],[80.51223,5.98177],[80.51215,5.98213],[80.51227,5.98251],[80.51194,5.98273],[80.51175,5.98306]]]}},{"type":"Feature","properties":{"c":"industrial","n":"Lucky Lanka Milk Processing"},"geometry":{"type":"Polygon","coordinates":[[[80.53334,6.06684],[80.53363,6.068],[80.53398,6.06794],[80.53384,6.06731],[80.534,6.06725],[80.53387,6.06683],[80.53357,6.06672],[80.53334,6.06684]]]}},{"type":"Feature","properties":{"c":"farmland"},"geometry":{"type":"Polygon","coordinates":[[[80.60358,5.95207],[80.60373,5.95217],[80.60448,5.95182],[80.60429,5.9513],[80.60425,5.95085],[80.60437,5.95065],[80.6043,5.95054],[80.60412,5.95043],[80.60386,5.95065],[80.60367,5.95099],[80.60374,5.95147],[80.60382,5.95161],[80.60375,5.95191],[80.60358,5.95207]]]}},{"type":"Feature","properties":{"c":"forest","n":"Ellakanda National Park"},"geometry":{"type":"Polygon","coordinates":[[[80.58225,5.98883],[80.58289,5.99011],[80.58393,5.99039],[80.58541,5.99039],[80.58645,5.99086],[80.58781,5.99086],[80.58999,5.99176],[80.59113,5.99066],[80.59224,5.99094],[80.59246,5.99114],[80.59289,5.99125],[80.59305,5.99149],[80.59319,5.99198],[80.59336,5.99213],[80.59358,5.99214],[80.59437,5.99176],[80.5946,5.99167],[80.59471,5.99169],[80.5948,5.99182],[80.59469,5.99203],[80.59471,5.99215],[80.59478,5.9922],[80.59498,5.9923],[80.59586,5.99245],[80.59621,5.99266],[80.59628,5.99282],[80.59627,5.9933],[80.59636,5.99354],[80.59642,5.9936],[80.59669,5.99363],[80.59699,5.99347],[80.59713,5.99347],[80.59726,5.99355],[80.59757,5.99394],[80.5978,5.99402],[80.59795,5.99398],[80.59862,5.99358],[80.59867,5.99347],[80.59868,5.99323],[80.59856,5.99286],[80.59857,5.99268],[80.59933,5.99194],[80.60053,5.99218],[80.60064,5.99254],[80.60176,5.99253],[80.60233,5.99222],[80.60369,5.9917],[80.60485,5.99166],[80.60545,5.99047],[80.60633,5.98911],[80.60741,5.98927],[80.60889,5.98899],[80.60949,5.98848],[80.60955,5.98793],[80.60972,5.98772],[80.60968,5.98672],[80.60977,5.98629],[80.61009,5.98591],[80.60996,5.98549],[80.60958,5.98501],[80.60886,5.9843],[80.60846,5.98435],[80.60794,5.98356],[80.60712,5.98312],[80.60634,5.98352],[80.60623,5.98376],[80.60623,5.98436],[80.60639,5.98454],[80.60629,5.98469],[80.60637,5.9852],[80.60627,5.98577],[80.60625,5.98517],[80.60606,5.98418],[80.60595,5.98404],[80.60561,5.98385],[80.60526,5.98351],[80.60426,5.98352],[80.60396,5.98372],[80.60382,5.98404],[80.60422,5.985],[80.60454,5.98556],[80.60451,5.98579],[80.60434,5.98593],[80.60429,5.98612],[80.60417,5.98611],[80.6043,5.98591],[80.60423,5.9857],[80.60407,5.98566],[80.60399,5.98526],[80.6037,5.98459],[80.60329,5.98452],[80.60192,5.9849],[80.60171,5.98518],[80.60125,5.9852],[80.60109,5.98621],[80.60086,5.98638],[80.60068,5.98619],[80.6008,5.98567],[80.6006,5.98533],[80.59973,5.98523],[80.59944,5.98546],[80.59901,5.98568],[80.59805,5.98506],[80.59788,5.98425],[80.59746,5.98439],[80.59693,5.98407],[80.59666,5.98422],[80.5961,5.98438],[80.59608,5.98513],[80.59633,5.98522],[80.59622,5.98559],[80.59643,5.98624],[80.59728,5.98662],[80.59773,5.98703],[80.59766,5.98741],[80.59735,5.98783],[80.59751,5.98819],[80.59705,5.98845],[80.59661,5.9892],[80.59646,5.98932],[80.59634,5.99],[80.59641,5.99018],[80.59643,5.99103],[80.59659,5.99135],[80.59709,5.99173],[80.59744,5.99222],[80.59829,5.99279],[80.59837,5.99293],[80.59811,5.99295],[80.59779,5.99285],[80.59744,5.99249],[80.59721,5.99231],[80.59706,5.9923],[80.5966,5.99256],[80.59661,5.99246],[80.59693,5.99202],[80.59686,5.99184],[80.59656,5.9916],[80.59634,5.99153],[80.59521,5.99145],[80.59479,5.99148],[80.5949,5.99138],[80.59511,5.99131],[80.59546,5.99128],[80.59582,5.99132],[80.59598,5.99124],[80.59611,5.9911],[80.59614,5.99104],[80.59594,5.98976],[80.59606,5.98948],[80.59633,5.98914],[80.59649,5.98905],[80.59678,5.98861],[80.59682,5.98826],[80.59656,5.98802],[80.5971,5.98762],[80.59725,5.98706],[80.59699,5.98686],[80.59624,5.98668],[80.59594,5.98604],[80.59498,5.9866],[80.59444,5.98638],[80.59398,5.9871],[80.59369,5.98734],[80.59382,5.98642],[80.59323,5.98617],[80.59335,5.98588],[80.59357,5.98575],[80.59394,5.9861],[80.59522,5.98599],[80.59565,5.98576],[80.59566,5.9844],[80.59602,5.98386],[80.59696,5.98374],[80.59741,5.98325],[80.59754,5.98293],[80.59711,5.98271],[80.59634,5.98317],[80.59561,5.98308],[80.59451,5.98325],[80.59549,5.98195],[80.5952,5.98148],[80.59499,5.98147],[80.59464,5.98177],[80.59461,5.98222],[80.59398,5.98247],[80.59339,5.98244],[80.59313,5.98308],[80.59258,5.98369],[80.59309,5.98232],[80.59305,5.98212],[80.59274,5.98195],[80.59216,5.98185],[80.59266,5.9817],[80.59322,5.98203],[80.594,5.9821],[80.59432,5.98177],[80.59462,5.98117],[80.59458,5.98066],[80.59431,5.98024],[80.59356,5.9803],[80.59274,5.98075],[80.59263,5.97968],[80.59298,5.97991],[80.59345,5.9797],[80.5935,5.97917],[80.59316,5.97886],[80.59381,5.97878],[80.59404,5.97861],[80.59393,5.97773],[80.59346,5.9776],[80.59385,5.9773],[80.59365,5.9769],[80.59299,5.97637],[80.59371,5.97627],[80.59369,5.97601],[80.59464,5.9759],[80.59566,5.97654],[80.59613,5.97653],[80.59703,5.97719],[80.59754,5.97803],[80.59801,5.9782],[80.59842,5.97781],[80.59922,5.97772],[80.59912,5.97792],[80.59961,5.97803],[80.59912,5.97814],[80.59874,5.97846],[80.59927,5.97957],[80.59885,5.97956],[80.59859,5.97997],[80.59844,5.97993],[80.59839,5.97984],[80.59866,5.97958],[80.59885,5.97923],[80.59864,5.97889],[80.59823,5.97885],[80.59725,5.97831],[80.59701,5.97835],[80.59621,5.97744],[80.59571,5.97745],[80.59517,5.97708],[80.59491,5.97717],[80.59505,5.97808],[80.59583,5.97836],[80.59552,5.97853],[80.59596,5.97909],[80.59612,5.97955],[80.59538,5.97904],[80.59509,5.97941],[80.59539,5.97998],[80.59619,5.98052],[80.596,5.98067],[80.59567,5.98075],[80.59552,5.98104],[80.59599,5.98118],[80.59581,5.98148],[80.59617,5.98192],[80.59603,5.98219],[80.59628,5.98254],[80.59679,5.98222],[80.59716,5.98186],[80.59803,5.98198],[80.59915,5.98281],[80.59923,5.98365],[80.59875,5.98418],[80.59887,5.98451],[80.59953,5.98458],[80.60046,5.98443],[80.60108,5.98395],[80.60109,5.98358],[80.60121,5.98329],[80.60112,5.98298],[80.60185,5.98155],[80.60188,5.98104],[80.60177,5.98071],[80.60231,5.9803],[80.60246,5.98046],[80.60245,5.98098],[80.60234,5.98157],[80.602,5.9825],[80.60188,5.98349],[80.60217,5.98335],[80.6025,5.98376],[80.60286,5.98373],[80.60365,5.98297],[80.60442,5.98142],[80.60481,5.98123],[80.60514,5.98078],[80.60536,5.98083],[80.60553,5.98052],[80.60569,5.9805],[80.60546,5.98097],[80.60511,5.98113],[80.60501,5.98137],[80.60475,5.98152],[80.60455,5.98183],[80.6046,5.98209],[80.60478,5.98232],[80.60508,5.98227],[80.60528,5.98246],[80.60565,5.98267],[80.60587,5.9829],[80.60623,5.98298],[80.60689,5.98267],[80.60776,5.98198],[80.60773,5.98181],[80.60791,5.98165],[80.60792,5.98139],[80.60755,5.981],[80.60807,5.98115],[80.60833,5.98081],[80.60883,5.98139],[80.60926,5.98138],[80.60984,5.98099],[80.61004,5.98111],[80.61062,5.98079],[80.61129,5.98078],[80.61128,5.98108],[80.61091,5.98106],[80.61012,5.98147],[80.60953,5.98201],[80.60934,5.98232],[80.60962,5.9826],[80.60876,5.98253],[80.60841,5.98263],[80.60819,5.98283],[80.60835,5.98316],[80.60918,5.98378],[80.61007,5.9847],[80.61059,5.98474],[80.61058,5.98523],[80.61087,5.98562],[80.61079,5.98641],[80.61053,5.98667],[80.61025,5.98685],[80.61018,5.98713],[80.61069,5.98753],[80.61111,5.98752],[80.61178,5.988],[80.61187,5.98765],[80.61182,5.98723],[80.61152,5.98588],[80.61145,5.9847],[80.61159,5.98397],[80.61193,5.98327],[80.61245,5.98272],[80.61201,5.98179],[80.6115,5.98113],[80.61167,5.98033],[80.61214,5.97949],[80.61129,5.97887],[80.61023,5.97847],[80.60955,5.97743],[80.60832,5.97658],[80.60656,5.97669],[80.60575,5.97635],[80.6035,5.9752],[80.6033,5.97454],[80.60096,5.97201],[80.59868,5.97151],[80.59542,5.97262],[80.59346,5.97397],[80.58906,5.97783],[80.58848,5.97825],[80.58891,5.9791],[80.58887,5.97941],[80.58915,5.9798],[80.58976,5.97995],[80.58922,5.98036],[80.58851,5.98],[80.58797,5.97873],[80.58685,5.9796],[80.5862,5.97984],[80.5859,5.98045],[80.5855,5.98055],[80.58447,5.98175],[80.58416,5.98235],[80.58462,5.98282],[80.58521,5.98357],[80.58566,5.9846],[80.58689,5.98529],[80.58691,5.98547],[80.58673,5.98563],[80.58539,5.98533],[80.58509,5.98542],[80.58314,5.98722],[80.58225,5.98883]]]}},{"type":"Feature","properties":{"c":"farmland"},"geometry":{"type":"Polygon","coordinates":[[[80.60711,5.99988],[80.60782,6.00018],[80.60802,6.00019],[80.60837,6.00036],[80.60853,6.00034],[80.60864,6.00043],[80.60877,6.00035],[80.60894,6.00038],[80.60904,6.00046],[80.60921,6.00039],[80.60908,6.00025],[80.6089,6.00016],[80.60855,6.00011],[80.60825,6.00013],[80.60811,6.00009],[80.608,5.99996],[80.60716,5.99976],[80.60711,5.99988]]]}},{"type":"Feature","properties":{"c":"farmland"},"geometry":{"type":"Polygon","coordinates":[[[80.64102,6.09333],[80.64106,6.09351],[80.64133,6.0935],[80.64154,6.09343],[80.64102,6.09333]]]}},{"type":"Feature","properties":{"c":"farmland","n":"paddy"},"geometry":{"type":"Polygon","coordinates":[[[80.41063,6.30553],[80.41086,6.30589],[80.41128,6.30615],[80.41138,6.3064],[80.41161,6.30651],[80.41199,6.30656],[80.41274,6.30619],[80.41279,6.30586],[80.41244,6.30556],[80.41235,6.30535],[80.41232,6.30502],[80.41223,6.30487],[80.41198,6.30467],[80.41164,6.30455],[80.41144,6.30456],[80.41107,6.30476],[80.41063,6.30553]]]}},{"type":"Feature","properties":{"c":"farmland"},"geometry":{"type":"Polygon","coordinates":[[[80.54644,6.38226],[80.54674,6.38238],[80.54686,6.3824],[80.5467,6.38191],[80.54662,6.38197],[80.54658,6.38219],[80.54644,6.38226]]]}},{"type":"Feature","properties":{"c":"farmland"},"geometry":{"type":"Polygon","coordinates":[[[80.54629,6.38235],[80.54638,6.38244],[80.54636,6.38258],[80.54646,6.38264],[80.54647,6.38272],[80.54673,6.38271],[80.54674,6.38267],[80.54684,6.38272],[80.54703,6.38269],[80.54705,6.38258],[80.54688,6.38241],[80.54639,6.38231],[80.5463,6.3823],[80.54629,6.38235]]]}},{"type":"Feature","properties":{"c":"orchard"},"geometry":{"type":"Polygon","coordinates":[[[80.57374,6.38115],[80.57384,6.38128],[80.57421,6.38125],[80.57433,6.38132],[80.57452,6.38154],[80.57428,6.3811],[80.57456,6.38104],[80.57467,6.38095],[80.57475,6.38104],[80.57501,6.38101],[80.57539,6.38117],[80.57538,6.38081],[80.57419,6.38081],[80.57388,6.38107],[80.57382,6.38104],[80.57374,6.38115]]]}},{"type":"Feature","properties":{"c":"farmland"},"geometry":{"type":"Polygon","coordinates":[[[80.57373,6.38081],[80.57374,6.38115],[80.57382,6.38104],[80.57388,6.38107],[80.57419,6.38081],[80.57373,6.38081]]]}},{"type":"Feature","properties":{"c":"orchard"},"geometry":{"type":"Polygon","coordinates":[[[80.57538,6.38081],[80.57539,6.38117],[80.57563,6.38178],[80.57563,6.382],[80.57588,6.38231],[80.57607,6.38272],[80.57702,6.38319],[80.57782,6.38373],[80.57892,6.38348],[80.57983,6.38367],[80.58007,6.38295],[80.58018,6.38158],[80.58032,6.38085],[80.57538,6.38081]]]}},{"type":"Feature","properties":{"c":"farmland"},"geometry":{"type":"Polygon","coordinates":[[[80.57373,6.3831],[80.57403,6.38315],[80.57408,6.38309],[80.57407,6.38284],[80.57422,6.38271],[80.57427,6.38244],[80.57422,6.38226],[80.57413,6.38215],[80.57415,6.38208],[80.57432,6.38215],[80.57455,6.38184],[80.57452,6.38154],[80.57433,6.38132],[80.57421,6.38125],[80.57384,6.38128],[80.57375,6.38119],[80.57373,6.3831]]]}},{"type":"Feature","properties":{"c":"farmland"},"geometry":{"type":"Polygon","coordinates":[[[80.57428,6.3811],[80.57464,6.38173],[80.57462,6.38186],[80.5748,6.38202],[80.57497,6.38212],[80.57537,6.38212],[80.57563,6.382],[80.57563,6.38178],[80.57539,6.38117],[80.57501,6.38101],[80.57475,6.38104],[80.57467,6.38095],[80.57456,6.38104],[80.57428,6.3811]]]}},{"type":"Feature","properties":{"c":"farmland"},"geometry":{"type":"Polygon","coordinates":[[[80.51148,6.31998],[80.51153,6.32017],[80.51207,6.32056],[80.51201,6.32068],[80.51205,6.3208],[80.51202,6.32099],[80.51224,6.32092],[80.51226,6.32074],[80.51237,6.32065],[80.51253,6.32064],[80.5126,6.32075],[80.51308,6.32062],[80.51316,6.32066],[80.51331,6.32049],[80.51347,6.32019],[80.51345,6.32008],[80.51356,6.31929],[80.51376,6.31903],[80.51325,6.31935],[80.51291,6.31968],[80.51268,6.31971],[80.51254,6.31966],[80.51221,6.31979],[80.51205,6.31975],[80.51201,6.31969],[80.51148,6.31998]]]}},{"type":"Feature","properties":{"c":"orchard"},"geometry":{"type":"Polygon","coordinates":[[[80.57373,6.3831],[80.57373,6.38846],[80.5748,6.38845],[80.57588,6.38835],[80.5764,6.38817],[80.57669,6.38766],[80.57716,6.38514],[80.57782,6.38373],[80.57702,6.38319],[80.57607,6.38272],[80.57588,6.38231],[80.57563,6.382],[80.57537,6.38212],[80.57497,6.38212],[80.5748,6.38202],[80.57462,6.38186],[80.57464,6.38173],[80.57452,6.38154],[80.57455,6.38184],[80.57432,6.38215],[80.57415,6.38208],[80.57413,6.38215],[80.57422,6.38226],[80.57427,6.38244],[80.57422,6.38271],[80.57407,6.38284],[80.57408,6.38309],[80.57403,6.38315],[80.57373,6.3831]]]}},{"type":"Feature","properties":{"c":"farmland"},"geometry":{"type":"Polygon","coordinates":[[[80.58141,6.38282],[80.58143,6.38308],[80.58151,6.38321],[80.58171,6.38332],[80.58202,6.38334],[80.5822,6.38372],[80.58239,6.38384],[80.58249,6.38386],[80.58258,6.38381],[80.58266,6.38372],[80.58267,6.38354],[80.58271,6.38352],[80.58311,6.38354],[80.58325,6.38366],[80.58333,6.38382],[80.58336,6.38401],[80.58346,6.38405],[80.5838,6.38408],[80.58428,6.38396],[80.58434,6.3841],[80.58431,6.38433],[80.58448,6.38447],[80.58464,6.38453],[80.58478,6.38392],[80.58459,6.38363],[80.58439,6.38342],[80.58371,6.38325],[80.58317,6.38301],[80.58289,6.38259],[80.5827,6.38202],[80.5822,6.38193],[80.58187,6.38195],[80.58168,6.38222],[80.5815,6.38237],[80.58141,6.38282]]]}},{"type":"Feature","properties":{"c":"farmland"},"geometry":{"type":"Polygon","coordinates":[[[80.47723,6.03092],[80.47744,6.03101],[80.47771,6.03101],[80.47789,6.03091],[80.47812,6.03087],[80.4785,6.03106],[80.47875,6.03106],[80.47902,6.03118],[80.47916,6.03147],[80.47928,6.03154],[80.47923,6.03165],[80.47907,6.03174],[80.47915,6.03185],[80.47951,6.03197],[80.47998,6.03203],[80.4803,6.03196],[80.4804,6.03191],[80.48049,6.03173],[80.48012,6.03182],[80.47993,6.0318],[80.47957,6.03146],[80.47931,6.0313],[80.47935,6.03112],[80.4796,6.03074],[80.47986,6.03064],[80.47992,6.03057],[80.4799,6.03049],[80.47927,6.0303],[80.47851,6.02987],[80.47852,6.03008],[80.47881,6.03051],[80.47871,6.03065],[80.47844,6.03068],[80.47769,6.0306],[80.47749,6.03052],[80.47725,6.03067],[80.47723,6.03092]]]}},{"type":"Feature","properties":{"c":"farmland"},"geometry":{"type":"Polygon","coordinates":[[[80.50358,6.02236],[80.50366,6.02271],[80.50453,6.02284],[80.50453,6.02263],[80.50462,6.02256],[80.50477,6.02257],[80.50486,6.02268],[80.5048,6.02288],[80.50492,6.02295],[80.50512,6.02299],[80.50552,6.02298],[80.50583,6.02254],[80.50595,6.02208],[80.50603,6.02195],[80.50591,6.02189],[80.50571,6.02191],[80.50479,6.0222],[80.50473,6.02229],[80.50397,6.02222],[80.50358,6.02236]]]}},{"type":"Feature","properties":{"c":"farmland"},"geometry":{"type":"Polygon","coordinates":[[[80.50627,6.02192],[80.50653,6.02199],[80.50699,6.02224],[80.5071,6.0222],[80.50737,6.02176],[80.50741,6.0216],[80.50721,6.02161],[80.50627,6.02192]]]}},{"type":"Feature","properties":{"c":"farmland"},"geometry":{"type":"Polygon","coordinates":[[[80.49466,6.02702],[80.49472,6.02709],[80.49525,6.02717],[80.49546,6.02698],[80.49591,6.02681],[80.49607,6.02681],[80.49656,6.02695],[80.49709,6.02694],[80.49678,6.02634],[80.49572,6.02651],[80.49565,6.02662],[80.49527,6.0267],[80.49501,6.02688],[80.49482,6.02692],[80.49466,6.02702]]]}},{"type":"Feature","properties":{"c":"farmland"},"geometry":{"type":"Polygon","coordinates":[[[80.49696,6.02645],[80.49711,6.02675],[80.49728,6.02696],[80.49754,6.02716],[80.49787,6.02687],[80.49733,6.02639],[80.49711,6.02632],[80.49696,6.02645]]]}},{"type":"Feature","properties":{"c":"farmland"},"geometry":{"type":"Polygon","coordinates":[[[80.49722,6.02814],[80.4973,6.02833],[80.49742,6.02844],[80.49799,6.02868],[80.49787,6.02796],[80.4977,6.02809],[80.49722,6.02814]]]}},{"type":"Feature","properties":{"c":"farmland"},"geometry":{"type":"Polygon","coordinates":[[[80.49759,6.02731],[80.49779,6.02749],[80.49793,6.02774],[80.4981,6.02864],[80.49807,6.0288],[80.4982,6.02886],[80.4983,6.02884],[80.49836,6.02874],[80.49886,6.02857],[80.49906,6.02842],[80.49904,6.02834],[80.4985,6.02793],[80.49845,6.02779],[80.49861,6.02752],[80.49839,6.02741],[80.49794,6.02698],[80.49759,6.02731]]]}},{"type":"Feature","properties":{"c":"farmland"},"geometry":{"type":"Polygon","coordinates":[[[80.49958,6.02834],[80.49981,6.02838],[80.49996,6.02834],[80.50007,6.02842],[80.50016,6.0287],[80.50062,6.02861],[80.50075,6.02833],[80.50061,6.02807],[80.50047,6.02796],[80.49991,6.02781],[80.49958,6.02834]]]}},{"type":"Feature","properties":{"c":"farmland"},"geometry":{"type":"Polygon","coordinates":[[[80.50114,6.02824],[80.50117,6.02828],[80.50216,6.02826],[80.50236,6.02824],[80.50239,6.02816],[80.50235,6.02795],[80.5021,6.02781],[80.50174,6.02769],[80.50145,6.02771],[80.50114,6.02824]]]}},{"type":"Feature","properties":{"c":"farmland"},"geometry":{"type":"Polygon","coordinates":[[[80.5007,6.02861],[80.50095,6.02859],[80.50175,6.02867],[80.50257,6.02885],[80.50283,6.029],[80.50445,6.02927],[80.50493,6.02959],[80.50507,6.02982],[80.50517,6.0304],[80.50529,6.03062],[80.50553,6.0308],[80.50693,6.0311],[80.50746,6.0311],[80.50767,6.03038],[80.50764,6.0299],[80.50768,6.02971],[80.50799,6.02938],[80.50826,6.02931],[80.50833,6.02922],[80.50823,6.02906],[80.50824,6.02875],[80.50818,6.02861],[80.50793,6.02821],[80.50792,6.02798],[80.50809,6.02745],[80.50807,6.02723],[80.50813,6.02702],[80.5083,6.02682],[80.50848,6.02675],[80.50872,6.027],[80.50882,6.02698],[80.5089,6.02665],[80.5094,6.02637],[80.50956,6.02635],[80.50944,6.02609],[80.5093,6.02608],[80.50918,6.02613],[80.509,6.02633],[80.50889,6.02638],[80.50779,6.02667],[80.50769,6.02684],[80.50765,6.02703],[80.50775,6.02739],[80.50749,6.0279],[80.50761,6.02831],[80.50762,6.0288],[80.50726,6.02961],[80.50694,6.02996],[80.50673,6.03001],[80.506,6.02993],[80.50589,6.0301],[80.50578,6.03015],[80.50545,6.03013],[80.50538,6.02996],[80.50538,6.02976],[80.50552,6.02928],[80.50552,6.02899],[80.50567,6.02884],[80.50569,6.0287],[80.50561,6.02842],[80.50551,6.02829],[80.50537,6.02822],[80.50514,6.02837],[80.50497,6.02836],[80.50482,6.02852],[80.50476,6.02868],[80.50458,6.0288],[80.50379,6.02876],[80.5036,6.02865],[80.50348,6.02846],[80.50343,6.02813],[80.50335,6.02808],[80.50312,6.02809],[80.50272,6.02827],[80.50123,6.02834],[80.50102,6.0284],[80.50091,6.02836],[80.50077,6.02844],[80.5007,6.02861]]]}},{"type":"Feature","properties":{"c":"farmland"},"geometry":{"type":"Polygon","coordinates":[[[80.48156,6.01959],[80.48159,6.01986],[80.48168,6.01994],[80.48181,6.01997],[80.48233,6.01991],[80.48271,6.01966],[80.48305,6.01996],[80.48326,6.01986],[80.48352,6.01986],[80.48379,6.02],[80.4842,6.02034],[80.48436,6.02055],[80.48443,6.02081],[80.48457,6.02095],[80.48453,6.02135],[80.48426,6.02171],[80.48425,6.02188],[80.48405,6.02244],[80.48405,6.02252],[80.48416,6.02255],[80.48432,6.02253],[80.48443,6.02245],[80.48457,6.02205],[80.48459,6.02171],[80.48491,6.02139],[80.485,6.02118],[80.48489,6.02083],[80.48497,6.02065],[80.48508,6.02061],[80.48542,6.02075],[80.4857,6.02076],[80.48575,6.02088],[80.48586,6.02089],[80.48593,6.02084],[80.48606,6.02087],[80.48615,6.02082],[80.48621,6.02043],[80.48609,6.02031],[80.48568,6.02028],[80.48537,6.02036],[80.48524,6.02027],[80.48512,6.02025],[80.48497,6.02033],[80.48479,6.02036],[80.48463,6.02031],[80.4845,6.02001],[80.48438,6.01989],[80.48354,6.01924],[80.48346,6.01906],[80.4835,6.01879],[80.48366,6.01853],[80.48419,6.01831],[80.48431,6.01818],[80.48436,6.01792],[80.48445,6.01777],[80.48455,6.01774],[80.48449,6.01761],[80.48419,6.01729],[80.48418,6.01725],[80.48424,6.01718],[80.4842,6.01709],[80.48404,6.01705],[80.48388,6.01707],[80.48381,6.01726],[80.48357,6.01734],[80.4829,6.01791],[80.48268,6.01838],[80.48258,6.01873],[80.48262,6.01904],[80.48258,6.01917],[80.48218,6.01922],[80.48182,6.01951],[80.48156,6.01959]]]}},{"type":"Feature","properties":{"c":"farmland"},"geometry":{"type":"Polygon","coordinates":[[[80.48614,6.02115],[80.4862,6.02143],[80.48627,6.02148],[80.48714,6.02139],[80.4875,6.02172],[80.4875,6.02182],[80.48756,6.02186],[80.48772,6.02181],[80.488,6.02196],[80.4884,6.02113],[80.48854,6.02093],[80.48847,6.02078],[80.48832,6.02069],[80.48779,6.02077],[80.48779,6.02092],[80.48751,6.02095],[80.48722,6.02088],[80.48711,6.02079],[80.48701,6.02059],[80.48701,6.02028],[80.48694,6.0202],[80.48667,6.02036],[80.48627,6.02047],[80.48617,6.02087],[80.48627,6.02099],[80.48627,6.02108],[80.48614,6.02115]]]}},{"type":"Feature","properties":{"c":"farmland"},"geometry":{"type":"Polygon","coordinates":[[[80.48799,6.02387],[80.48815,6.02396],[80.48878,6.02329],[80.48887,6.02296],[80.48903,6.02266],[80.489,6.02253],[80.48922,6.02214],[80.48918,6.02185],[80.48923,6.02177],[80.48945,6.02172],[80.48966,6.02172],[80.48978,6.02166],[80.48979,6.02157],[80.48951,6.02122],[80.48935,6.02114],[80.48881,6.02113],[80.48853,6.02104],[80.48803,6.02203],[80.48836,6.02217],[80.48875,6.02192],[80.48887,6.02196],[80.48883,6.02204],[80.48873,6.02205],[80.48885,6.02229],[80.48884,6.02241],[80.4886,6.02277],[80.48819,6.02323],[80.48799,6.02387]]]}},{"type":"Feature","properties":{"c":"farmland"},"geometry":{"type":"Polygon","coordinates":[[[80.48316,6.02135],[80.48335,6.02145],[80.48358,6.02168],[80.48376,6.02162],[80.48398,6.02174],[80.48426,6.02176],[80.48425,6.02162],[80.48396,6.02155],[80.48386,6.02146],[80.48366,6.0214],[80.48343,6.02113],[80.48325,6.0212],[80.48318,6.02126],[80.48316,6.02135]]]}},{"type":"Feature","properties":{"c":"farmland"},"geometry":{"type":"Polygon","coordinates":[[[80.50062,6.03697],[80.50063,6.03731],[80.50077,6.03754],[80.50135,6.03833],[80.50202,6.03812],[80.50223,6.03816],[80.50232,6.03828],[80.50201,6.03894],[80.50208,6.03901],[80.50231,6.03898],[80.50245,6.03924],[80.50243,6.03938],[80.50304,6.0395],[80.50333,6.03856],[80.50344,6.03837],[80.50385,6.0381],[80.50429,6.03808],[80.50444,6.03815],[80.50464,6.03838],[80.50473,6.03827],[80.50485,6.03835],[80.50497,6.03863],[80.50491,6.03869],[80.50493,6.03881],[80.50508,6.03916],[80.50565,6.03901],[80.50562,6.03888],[80.50568,6.03861],[80.50557,6.03785],[80.50615,6.03703],[80.50583,6.03688],[80.50554,6.03727],[80.50543,6.03727],[80.50529,6.03704],[80.50529,6.0369],[80.50507,6.03651],[80.50507,6.03623],[80.50533,6.03591],[80.50551,6.03587],[80.50566,6.03598],[80.50592,6.03642],[80.50588,6.03684],[80.50617,6.03694],[80.50621,6.03691],[80.50617,6.03683],[80.5062,6.03672],[80.50637,6.03661],[80.50643,6.03621],[80.5064,6.03606],[80.50619,6.03551],[80.50606,6.03539],[80.50607,6.03524],[80.5058,6.03496],[80.50575,6.03482],[80.50579,6.03467],[80.50588,6.03458],[80.50589,6.03371],[80.50602,6.03354],[80.50601,6.03344],[80.50607,6.03338],[80.50663,6.03299],[80.50676,6.03292],[80.50701,6.03299],[80.50736,6.03292],[80.50756,6.03282],[80.50759,6.03277],[80.50749,6.03262],[80.50764,6.03254],[80.50788,6.03268],[80.50806,6.03249],[80.50849,6.03219],[80.50912,6.03185],[80.50931,6.0318],[80.50881,6.03067],[80.5084,6.03064],[80.50838,6.03071],[80.50832,6.03072],[80.50829,6.03064],[80.5081,6.03068],[80.50774,6.03063],[80.50756,6.03116],[80.50721,6.03122],[80.50681,6.0312],[80.50617,6.03101],[80.50547,6.03091],[80.50515,6.03065],[80.505,6.03027],[80.50494,6.02981],[80.50466,6.02952],[80.50425,6.02933],[80.50288,6.02913],[80.50234,6.02894],[80.50117,6.02875],[80.50066,6.02877],[80.50067,6.02884],[80.50147,6.02896],[80.50175,6.02914],[80.50187,6.0296],[80.5022,6.03021],[80.50226,6.03049],[80.50215,6.03094],[80.50228,6.03128],[80.50251,6.03139],[80.50251,6.03103],[80.50263,6.03082],[80.5028,6.03079],[80.50282,6.03061],[80.50269,6.03038],[80.50267,6.02958],[80.50281,6.02942],[80.5033,6.02944],[80.50356,6.02967],[80.50372,6.02992],[80.5036,6.03023],[80.50344,6.03037],[80.50298,6.03058],[80.50289,6.03071],[80.50291,6.03089],[80.50264,6.03099],[80.50263,6.03141],[80.50316,6.03191],[80.50321,6.03219],[80.50312,6.03241],[80.50282,6.03247],[80.50206,6.03245],[80.50185,6.03254],[80.5018,6.03278],[80.50182,6.03301],[80.5017,6.03328],[80.50139,6.03358],[80.5013,6.03372],[80.50129,6.03384],[80.50147,6.03395],[80.50175,6.0339],[80.5022,6.03368],[80.50251,6.03374],[80.50271,6.03383],[80.50293,6.034],[80.50302,6.03427],[80.503,6.0345],[80.50265,6.03487],[80.5026,6.03525],[80.50271,6.03539],[80.50293,6.03546],[80.50332,6.03543],[80.50347,6.03534],[80.50381,6.03555],[80.50396,6.03574],[80.50404,6.03605],[80.50399,6.03632],[80.50386,6.03659],[80.50363,6.03666],[80.50325,6.03696],[80.50295,6.03695],[80.50229,6.03683],[80.50192,6.03655],[80.5018,6.03634],[80.50115,6.03702],[80.50089,6.03703],[80.50062,6.03697]]]}},{"type":"Feature","properties":{"c":"farmland"},"geometry":{"type":"Polygon","coordinates":[[[80.49952,6.03441],[80.49977,6.03456],[80.50009,6.03444],[80.50024,6.03446],[80.50048,6.03463],[80.5009,6.03481],[80.50095,6.03495],[80.50094,6.03512],[80.50082,6.03533],[80.50089,6.03562],[80.501,6.03569],[80.50103,6.0358],[80.50086,6.03623],[80.5007,6.03692],[80.5011,6.03696],[80.50183,6.03621],[80.50187,6.03574],[80.50119,6.03512],[80.50102,6.03465],[80.5008,6.03451],[80.50057,6.03441],[80.49983,6.03422],[80.49958,6.03432],[80.49952,6.03441]]]}},{"type":"Feature","properties":{"c":"farmland"},"geometry":{"type":"Polygon","coordinates":[[[80.49706,6.0336],[80.49723,6.03402],[80.49734,6.03407],[80.4976,6.03442],[80.49782,6.03459],[80.49787,6.03467],[80.49774,6.0349],[80.49773,6.035],[80.49775,6.03509],[80.49791,6.03513],[80.49807,6.0346],[80.49807,6.03453],[80.49787,6.03442],[80.49794,6.03433],[80.49793,6.0342],[80.49786,6.03412],[80.49743,6.0339],[80.49722,6.03374],[80.4971,6.03359],[80.49706,6.0336]]]}},{"type":"Feature","properties":{"c":"farmland"},"geometry":{"type":"Polygon","coordinates":[[[80.49603,6.03378],[80.49624,6.03405],[80.49649,6.03418],[80.49677,6.03419],[80.49709,6.03411],[80.49716,6.03405],[80.49697,6.03357],[80.4967,6.03357],[80.49653,6.0337],[80.49604,6.03369],[80.49603,6.03378]]]}},{"type":"Feature","properties":{"c":"farmland"},"geometry":{"type":"Polygon","coordinates":[[[80.49527,6.03281],[80.49561,6.03316],[80.4956,6.03327],[80.4954,6.03348],[80.49539,6.03357],[80.49546,6.03368],[80.49557,6.03374],[80.49587,6.0336],[80.49616,6.03364],[80.49594,6.03311],[80.49592,6.03285],[80.49602,6.03247],[80.49597,6.03241],[80.4959,6.03242],[80.4958,6.03255],[80.49568,6.03261],[80.49539,6.03262],[80.49527,6.03281]]]}},{"type":"Feature","properties":{"c":"farmland"},"geometry":{"type":"Polygon","coordinates":[[[80.49653,6.03275],[80.49654,6.03325],[80.49661,6.0334],[80.4967,6.0335],[80.49682,6.03351],[80.49756,6.03308],[80.49766,6.03299],[80.49782,6.03271],[80.49752,6.03247],[80.49701,6.03244],[80.49686,6.03248],[80.49653,6.03275]]]}},{"type":"Feature","properties":{"c":"farmland","n":"rice"},"geometry":{"type":"Polygon","coordinates":[[[80.61616,5.99791],[80.61616,5.99806],[80.61646,5.99832],[80.61651,5.99842],[80.61651,5.99864],[80.61662,5.9989],[80.6171,5.99927],[80.61721,5.9995],[80.61722,5.99996],[80.61712,6.00024],[80.61697,6.00056],[80.61684,6.00063],[80.6167,6.00082],[80.61651,6.00143],[80.61649,6.00163],[80.61637,6.00182],[80.61621,6.00196],[80.61629,6.00221],[80.61657,6.00219],[80.61699,6.00238],[80.61705,6.00245],[80.61766,6.00154],[80.61786,6.00136],[80.61789,6.00103],[80.61814,6.00065],[80.61859,6.00027],[80.61945,6.00021],[80.61969,6.00004],[80.62027,5.99947],[80.62057,5.99932],[80.62087,5.99906],[80.62111,5.9988],[80.62106,5.99866],[80.62065,5.99881],[80.61961,5.99961],[80.61918,5.99971],[80.61895,5.99959],[80.61857,5.99952],[80.61823,5.99964],[80.618,5.99962],[80.61791,5.99931],[80.61802,5.99902],[80.61801,5.99893],[80.61792,5.99887],[80.61743,5.9988],[80.61715,5.99864],[80.61708,5.99856],[80.61709,5.99835],[80.61685,5.99814],[80.61649,5.99792],[80.61625,5.99795],[80.61616,5.99791]]]}},{"type":"Feature","properties":{"c":"farmland","n":"rice"},"geometry":{"type":"Polygon","coordinates":[[[80.61194,6.00491],[80.61197,6.00552],[80.61242,6.0068],[80.61309,6.00666],[80.61326,6.00646],[80.61333,6.0063],[80.6137,6.00641],[80.61388,6.00631],[80.61403,6.00635],[80.61396,6.00585],[80.61403,6.00547],[80.61397,6.00489],[80.61389,6.00474],[80.61396,6.00469],[80.61412,6.0047],[80.61424,6.00451],[80.61443,6.00443],[80.61487,6.00441],[80.61531,6.00418],[80.61542,6.00403],[80.61566,6.00394],[80.61585,6.00398],[80.61622,6.00381],[80.61613,6.00362],[80.61618,6.00353],[80.61627,6.00354],[80.61664,6.00331],[80.61665,6.00326],[80.61657,6.00324],[80.61652,6.00313],[80.61651,6.00299],[80.61658,6.00281],[80.61647,6.00249],[80.61642,6.00242],[80.61625,6.00242],[80.61552,6.00262],[80.61507,6.00263],[80.61457,6.0029],[80.61449,6.00306],[80.61458,6.0033],[80.61441,6.0036],[80.61409,6.00359],[80.61381,6.00396],[80.61368,6.00404],[80.61379,6.0042],[80.6131,6.00439],[80.61194,6.00491]]]}},{"type":"Feature","properties":{"c":"farmland","n":"rice"},"geometry":{"type":"Polygon","coordinates":[[[80.6069,6.00759],[80.60696,6.00793],[80.60854,6.00852],[80.60863,6.00838],[80.60881,6.00833],[80.60912,6.00847],[80.60926,6.00828],[80.60955,6.00768],[80.60978,6.00744],[80.61031,6.00712],[80.61037,6.00693],[80.61074,6.00692],[80.61116,6.00699],[80.6118,6.00719],[80.61204,6.00692],[80.6122,6.00689],[80.61231,6.0068],[80.61193,6.00556],[80.61186,6.00488],[80.61159,6.00496],[80.61131,6.00513],[80.61091,6.00521],[80.61056,6.00538],[80.61001,6.00539],[80.60933,6.00568],[80.60906,6.00585],[80.60862,6.00628],[80.6083,6.00638],[80.60764,6.00672],[80.60745,6.00707],[80.60747,6.00739],[80.60742,6.00749],[80.60734,6.00752],[80.60726,6.00748],[80.6071,6.00756],[80.6069,6.00759]]]}},{"type":"Feature","properties":{"c":"farmland","n":"Paddy Field"},"geometry":{"type":"Polygon","coordinates":[[[80.65365,6.08366],[80.6537,6.0838],[80.65396,6.08381],[80.65414,6.08398],[80.65434,6.08392],[80.65445,6.08363],[80.65482,6.08338],[80.65485,6.08346],[80.65476,6.0837],[80.65464,6.0838],[80.65463,6.08396],[80.6548,6.08401],[80.65481,6.08411],[80.65495,6.08414],[80.65514,6.08366],[80.65531,6.08358],[80.65567,6.08354],[80.65594,6.08355],[80.65674,6.08414],[80.65701,6.08517],[80.65693,6.0853],[80.65691,6.08567],[80.65672,6.08606],[80.6568,6.08615],[80.65673,6.08634],[80.65657,6.08653],[80.65641,6.08699],[80.65647,6.08726],[80.65645,6.0874],[80.65652,6.08762],[80.65631,6.0877],[80.65627,6.08781],[80.65609,6.08786],[80.65598,6.08799],[80.65565,6.088],[80.6552,6.0882],[80.6547,6.08823],[80.65426,6.08812],[80.65403,6.08783],[80.6538,6.08802],[80.65378,6.08839],[80.65437,6.08864],[80.65461,6.08852],[80.65529,6.0885],[80.65539,6.08856],[80.65523,6.0888],[80.65512,6.08877],[80.6549,6.08897],[80.65542,6.08931],[80.65573,6.08973],[80.6559,6.0895],[80.65597,6.08929],[80.6567,6.08899],[80.65698,6.08889],[80.65713,6.0889],[80.65734,6.0888],[80.65751,6.08872],[80.65772,6.08847],[80.65694,6.08785],[80.65683,6.08771],[80.65681,6.08761],[80.65664,6.08758],[80.65668,6.08749],[80.65699,6.08754],[80.65758,6.08778],[80.6577,6.08768],[80.65749,6.08743],[80.65767,6.08695],[80.65844,6.08707],[80.65861,6.08681],[80.65877,6.08691],[80.65861,6.08717],[80.65888,6.08724],[80.65902,6.08739],[80.65948,6.08753],[80.65944,6.08637],[80.65894,6.08639],[80.65896,6.0865],[80.65882,6.08647],[80.65849,6.08623],[80.65832,6.0862],[80.65832,6.08614],[80.65843,6.08607],[80.65873,6.08597],[80.6588,6.08601],[80.65885,6.08569],[80.65879,6.08555],[80.65879,6.08529],[80.65857,6.08526],[80.65873,6.08521],[80.6587,6.08508],[80.65853,6.08501],[80.65843,6.08505],[80.65839,6.08498],[80.65838,6.08474],[80.65848,6.08463],[80.65893,6.08444],[80.65896,6.08438],[80.65888,6.08424],[80.6586,6.084],[80.65849,6.08385],[80.65763,6.0841],[80.65729,6.08433],[80.65634,6.08305],[80.65681,6.0827],[80.65711,6.08242],[80.65715,6.08212],[80.65746,6.08215],[80.65686,6.08117],[80.65671,6.08128],[80.65629,6.0813],[80.65614,6.08144],[80.65624,6.08195],[80.65589,6.08245],[80.65571,6.08251],[80.65554,6.08248],[80.65499,6.08255],[80.65466,6.0828],[80.6541,6.08298],[80.65422,6.08346],[80.65405,6.08363],[80.65365,6.08366]]]}},{"type":"Feature","properties":{"c":"farmland","n":"Rice"},"geometry":{"type":"Polygon","coordinates":[[[80.51812,6.01149],[80.51816,6.01178],[80.51829,6.01203],[80.51838,6.01248],[80.51839,6.01328],[80.51854,6.01362],[80.51824,6.01445],[80.51866,6.01507],[80.51879,6.01538],[80.51888,6.01587],[80.51919,6.01598],[80.51936,6.01613],[80.51959,6.01675],[80.51954,6.01694],[80.51939,6.01706],[80.51921,6.01763],[80.51907,6.01785],[80.51946,6.01822],[80.52005,6.01799],[80.5204,6.01796],[80.52115,6.01762],[80.5221,6.01689],[80.52246,6.01654],[80.52318,6.01555],[80.52272,6.01476],[80.52267,6.01415],[80.52292,6.01373],[80.5227,6.01373],[80.52231,6.01395],[80.52199,6.01402],[80.52139,6.01383],[80.52122,6.01345],[80.52098,6.01243],[80.52054,6.01191],[80.52026,6.01133],[80.51976,6.01119],[80.52006,6.01263],[80.51995,6.0129],[80.51973,6.01303],[80.51947,6.01304],[80.51921,6.01292],[80.51911,6.01273],[80.51904,6.01248],[80.51908,6.01183],[80.51898,6.01149],[80.51872,6.01098],[80.51844,6.01082],[80.51827,6.01078],[80.51818,6.01106],[80.51812,6.01149]]]}},{"type":"Feature","properties":{"c":"farmland","n":"Rice"},"geometry":{"type":"Polygon","coordinates":[[[80.57522,6.08255],[80.57566,6.08347],[80.57652,6.08384],[80.57698,6.08389],[80.57733,6.08417],[80.57742,6.08435],[80.57763,6.08433],[80.57782,6.08405],[80.57846,6.08405],[80.57877,6.08387],[80.57909,6.08376],[80.57937,6.08375],[80.57965,6.08387],[80.57983,6.08419],[80.57975,6.08466],[80.57932,6.08536],[80.57932,6.08557],[80.57946,6.08579],[80.57954,6.08618],[80.57964,6.08592],[80.57991,6.08549],[80.58012,6.08539],[80.58009,6.08487],[80.58045,6.08446],[80.58063,6.08443],[80.58107,6.08457],[80.58116,6.08454],[80.58123,6.08443],[80.58105,6.08413],[80.58108,6.08389],[80.58129,6.08376],[80.58157,6.08373],[80.58209,6.08389],[80.58253,6.08382],[80.58262,6.08351],[80.58227,6.08352],[80.58251,6.08338],[80.58272,6.08341],[80.58271,6.08297],[80.5822,6.08299],[80.58192,6.08322],[80.58155,6.08332],[80.57986,6.08296],[80.57946,6.08284],[80.5794,6.08269],[80.57918,6.08271],[80.57904,6.08307],[80.57875,6.08324],[80.57858,6.08324],[80.57839,6.08335],[80.57802,6.08332],[80.57791,6.08302],[80.57797,6.0824],[80.57766,6.0823],[80.57773,6.08266],[80.57741,6.08304],[80.57652,6.08321],[80.57605,6.08319],[80.57587,6.08294],[80.57581,6.08269],[80.57556,6.08245],[80.57564,6.0819],[80.57561,6.08169],[80.57545,6.08167],[80.57547,6.08203],[80.57528,6.08235],[80.57522,6.08255]]]}},{"type":"Feature","properties":{"c":"farmland","n":"Rice"},"geometry":{"type":"Polygon","coordinates":[[[80.60632,6.09045],[80.60645,6.09057],[80.60676,6.09056],[80.60712,6.09071],[80.60768,6.09076],[80.60774,6.09098],[80.60797,6.09102],[80.6082,6.09121],[80.60884,6.09267],[80.60886,6.09307],[80.60903,6.09321],[80.60896,6.09338],[80.60866,6.09354],[80.60823,6.0939],[80.60812,6.09391],[80.60803,6.09379],[80.60786,6.09296],[80.60754,6.09306],[80.60761,6.09342],[80.6076,6.09391],[80.60753,6.09403],[80.60763,6.09437],[80.60796,6.09424],[80.60815,6.0941],[80.60833,6.09412],[80.60857,6.09401],[80.60901,6.09362],[80.60926,6.09321],[80.60932,6.09299],[80.60912,6.093],[80.60899,6.09252],[80.60904,6.09235],[80.60955,6.09234],[80.60972,6.09245],[80.60978,6.09265],[80.61074,6.09291],[80.61069,6.09275],[80.61039,6.09255],[80.6099,6.0917],[80.60982,6.09142],[80.61004,6.0912],[80.60989,6.09099],[80.60972,6.09115],[80.60952,6.0912],[80.60928,6.09104],[80.60899,6.09117],[80.60905,6.091],[80.60921,6.09088],[80.6092,6.09076],[80.60902,6.09072],[80.60895,6.09063],[80.60886,6.09063],[80.60871,6.09081],[80.6084,6.09047],[80.60827,6.09019],[80.60806,6.09018],[80.60827,6.0899],[80.60835,6.08967],[80.60834,6.08916],[80.6084,6.089],[80.60833,6.08882],[80.60819,6.08883],[80.60821,6.08908],[80.60814,6.08935],[80.60817,6.08964],[80.60793,6.0899],[80.60774,6.09022],[80.6075,6.09039],[80.60695,6.08981],[80.60684,6.09002],[80.60688,6.09012],[80.60684,6.09023],[80.60632,6.09045]]]}},{"type":"Feature","properties":{"c":"farmland","n":"Rice"},"geometry":{"type":"Polygon","coordinates":[[[80.55672,6.08774],[80.55678,6.08802],[80.55694,6.0881],[80.55742,6.0882],[80.5576,6.08818],[80.55758,6.088],[80.55806,6.08787],[80.55836,6.08795],[80.5588,6.08786],[80.55895,6.0881],[80.55931,6.08766],[80.5594,6.0874],[80.55992,6.08784],[80.56,6.087],[80.56008,6.0867],[80.56041,6.08669],[80.56082,6.08684],[80.56129,6.08738],[80.56121,6.08781],[80.56128,6.0881],[80.56122,6.08846],[80.56138,6.08853],[80.56151,6.08846],[80.56155,6.08815],[80.56139,6.08804],[80.56161,6.08792],[80.56164,6.08739],[80.56142,6.0872],[80.56148,6.08702],[80.5615,6.08666],[80.56129,6.08634],[80.56119,6.08602],[80.56123,6.08589],[80.56169,6.08575],[80.56162,6.08546],[80.56147,6.08542],[80.56153,6.08507],[80.56148,6.08483],[80.56116,6.08473],[80.5615,6.08454],[80.56154,6.08421],[80.56169,6.08399],[80.56153,6.08358],[80.56165,6.08346],[80.56164,6.08298],[80.56148,6.08259],[80.56125,6.08257],[80.56096,6.08304],[80.56053,6.08306],[80.56038,6.0828],[80.56052,6.08231],[80.56052,6.08217],[80.5599,6.08207],[80.55969,6.08239],[80.55968,6.08284],[80.56022,6.08375],[80.56046,6.08442],[80.56046,6.08471],[80.56022,6.08491],[80.56017,6.08545],[80.55994,6.08585],[80.55968,6.08598],[80.55943,6.08575],[80.55917,6.0857],[80.55889,6.08592],[80.55944,6.08645],[80.55927,6.08669],[80.55893,6.08686],[80.55865,6.08676],[80.55862,6.08736],[80.5583,6.08754],[80.55797,6.08758],[80.55783,6.08737],[80.55762,6.08655],[80.55768,6.08623],[80.55784,6.08608],[80.55765,6.08602],[80.55745,6.0863],[80.55752,6.08664],[80.55743,6.08691],[80.55728,6.08715],[80.55752,6.08754],[80.55672,6.08774]]]}},{"type":"Feature","properties":{"c":"farmland","n":"Tea"},"geometry":{"type":"Polygon","coordinates":[[[80.56039,6.33366],[80.56077,6.33451],[80.56079,6.33471],[80.56085,6.33484],[80.56112,6.33479],[80.56125,6.3347],[80.56131,6.33482],[80.56123,6.33501],[80.56147,6.33501],[80.56189,6.3348],[80.56203,6.33465],[80.56211,6.33438],[80.56247,6.33438],[80.56275,6.33398],[80.56284,6.33378],[80.56259,6.33354],[80.56228,6.33344],[80.5624,6.33286],[80.56228,6.33271],[80.5617,6.33301],[80.56137,6.33297],[80.56113,6.33308],[80.56089,6.33302],[80.56065,6.33322],[80.56056,6.33354],[80.56039,6.33366]]]}},{"type":"Feature","properties":{"c":"farmland","n":"Rice"},"geometry":{"type":"Polygon","coordinates":[[[80.63482,6.30435],[80.63541,6.30474],[80.6356,6.30475],[80.6357,6.30454],[80.63564,6.30397],[80.63526,6.30401],[80.63522,6.30394],[80.63551,6.30374],[80.63561,6.30356],[80.63563,6.30328],[80.63581,6.30314],[80.63585,6.30295],[80.63627,6.30231],[80.63599,6.3023],[80.6358,6.30224],[80.63562,6.30233],[80.63555,6.30255],[80.63569,6.30278],[80.63544,6.30289],[80.63482,6.30435]]]}},{"type":"Feature","properties":{"c":"farmland","n":"Rice"},"geometry":{"type":"Polygon","coordinates":[[[80.63574,6.30061],[80.63578,6.30161],[80.63589,6.30171],[80.63594,6.30197],[80.63628,6.30217],[80.63634,6.30202],[80.63658,6.30202],[80.63686,6.30235],[80.63714,6.30242],[80.6372,6.302],[80.63709,6.30157],[80.63684,6.3015],[80.63671,6.30121],[80.63657,6.30069],[80.63606,6.30073],[80.63605,6.30039],[80.6358,6.3004],[80.63574,6.30061]]]}},{"type":"Feature","properties":{"c":"farmland","n":"Rice"},"geometry":{"type":"Polygon","coordinates":[[[80.52719,6.01117],[80.5274,6.01147],[80.52757,6.01134],[80.52802,6.0113],[80.52832,6.01138],[80.52874,6.01161],[80.52889,6.01149],[80.52908,6.01116],[80.52926,6.01068],[80.52905,6.01055],[80.52868,6.01056],[80.52823,6.01044],[80.52811,6.01025],[80.52798,6.01042],[80.52807,6.01048],[80.52804,6.01066],[80.52773,6.01094],[80.52733,6.01098],[80.52719,6.01117]]]}},{"type":"Feature","properties":{"c":"residential","n":"Godapitiya Central Collage( National School)"},"geometry":{"type":"Polygon","coordinates":[[[80.47862,6.08848],[80.47877,6.08855],[80.47935,6.08921],[80.47984,6.08985],[80.48016,6.09016],[80.48025,6.09017],[80.48033,6.08998],[80.48039,6.08941],[80.48073,6.08875],[80.48075,6.08852],[80.48063,6.0883],[80.48056,6.08828],[80.48042,6.08834],[80.48031,6.0886],[80.47984,6.08848],[80.47957,6.08852],[80.47898,6.08822],[80.47862,6.08848]]]}},{"type":"Feature","properties":{"c":"industrial","n":"Deniyaya State Tea Factory"},"geometry":{"type":"Polygon","coordinates":[[[80.56114,6.33719],[80.56146,6.33744],[80.56199,6.33716],[80.56249,6.33653],[80.56203,6.33612],[80.56196,6.33611],[80.56115,6.3371],[80.56114,6.33719]]]}},{"type":"Feature","properties":{"c":"farmland","n":"Paddy"},"geometry":{"type":"Polygon","coordinates":[[[80.65982,6.07597],[80.6599,6.07676],[80.66002,6.07861],[80.66012,6.07861],[80.66025,6.07875],[80.66256,6.0784],[80.66259,6.07814],[80.66319,6.07812],[80.66325,6.07831],[80.66373,6.07822],[80.66367,6.07803],[80.66369,6.07787],[80.66381,6.07777],[80.664,6.07774],[80.66408,6.07787],[80.6643,6.07786],[80.66442,6.07777],[80.66449,6.07764],[80.66473,6.07755],[80.66485,6.07717],[80.66546,6.07651],[80.66576,6.07608],[80.66585,6.07605],[80.66635,6.0761],[80.66646,6.07628],[80.66681,6.07633],[80.66694,6.07682],[80.66709,6.07688],[80.66717,6.07726],[80.66708,6.07792],[80.66712,6.07796],[80.66831,6.07784],[80.66839,6.07781],[80.66902,6.07721],[80.6692,6.07709],[80.66945,6.07727],[80.66956,6.07715],[80.6693,6.07699],[80.6693,6.07693],[80.66961,6.07644],[80.66969,6.07641],[80.6702,6.07646],[80.67026,6.07643],[80.67035,6.07613],[80.67042,6.07607],[80.67078,6.07608],[80.67114,6.07591],[80.67187,6.07525],[80.67203,6.07518],[80.67221,6.07526],[80.67242,6.07547],[80.67253,6.07576],[80.67251,6.07593],[80.67214,6.07647],[80.67207,6.07663],[80.67209,6.07674],[80.67178,6.07698],[80.67186,6.07735],[80.67195,6.07752],[80.67204,6.07745],[80.67196,6.07717],[80.67204,6.07708],[80.67203,6.07701],[80.67228,6.07679],[80.67252,6.0764],[80.67257,6.07636],[80.67269,6.07643],[80.67238,6.07731],[80.67242,6.07773],[80.67364,6.07769],[80.67377,6.07754],[80.67377,6.07737],[80.6736,6.07695],[80.67362,6.07683],[80.67388,6.07662],[80.67391,6.07642],[80.67359,6.07568],[80.67358,6.07557],[80.67365,6.07552],[80.67388,6.07558],[80.67414,6.07585],[80.67418,6.07609],[80.67407,6.07666],[80.67404,6.07676],[80.67383,6.07695],[80.67384,6.07705],[80.67424,6.07774],[80.67459,6.07768],[80.67471,6.07703],[80.67487,6.07686],[80.67546,6.07685],[80.67583,6.07675],[80.67648,6.0763],[80.67684,6.0762],[80.67699,6.07621],[80.67719,6.07633],[80.67739,6.0766],[80.6775,6.0769],[80.6779,6.07697],[80.678,6.07702],[80.67806,6.07713],[80.67891,6.077],[80.679,6.07686],[80.6791,6.07222],[80.67827,6.07213],[80.67741,6.07185],[80.67733,6.07175],[80.67755,6.0707],[80.67738,6.07064],[80.67674,6.07067],[80.67661,6.07057],[80.67657,6.07048],[80.67658,6.07027],[80.67684,6.06935],[80.67663,6.06867],[80.67665,6.0685],[80.67688,6.06801],[80.67728,6.06781],[80.67735,6.06766],[80.67728,6.06751],[80.67717,6.06751],[80.67702,6.06761],[80.67691,6.06763],[80.67643,6.06752],[80.67621,6.06689],[80.67629,6.06648],[80.67627,6.06639],[80.67594,6.06625],[80.67582,6.06626],[80.67569,6.06634],[80.67569,6.06653],[80.67602,6.06753],[80.67656,6.06802],[80.67655,6.06807],[80.67621,6.06843],[80.67619,6.06853],[80.67639,6.06926],[80.67616,6.0704],[80.67603,6.07067],[80.67539,6.07154],[80.67534,6.0717],[80.67539,6.07258],[80.67533,6.07274],[80.67517,6.07281],[80.67509,6.07281],[80.67502,6.07277],[80.67494,6.07253],[80.67475,6.07249],[80.67418,6.07254],[80.67343,6.07284],[80.67307,6.07287],[80.67269,6.07277],[80.67246,6.07248],[80.6723,6.07237],[80.67214,6.07234],[80.67207,6.07237],[80.67168,6.07318],[80.6717,6.07333],[80.67178,6.07342],[80.6721,6.07341],[80.67217,6.07348],[80.67212,6.07354],[80.67175,6.07363],[80.67138,6.0738],[80.67021,6.0741],[80.66911,6.07418],[80.66904,6.07403],[80.6691,6.07378],[80.66889,6.07321],[80.66899,6.07301],[80.66947,6.0727],[80.6696,6.07256],[80.6697,6.0723],[80.66943,6.0716],[80.6694,6.07133],[80.66943,6.07086],[80.66938,6.07068],[80.66917,6.0704],[80.66921,6.07034],[80.66957,6.07038],[80.66971,6.07029],[80.67,6.06974],[80.66994,6.06946],[80.67007,6.06932],[80.67017,6.06929],[80.67057,6.06943],[80.6716,6.06918],[80.67245,6.06928],[80.67311,6.06914],[80.67317,6.06898],[80.67303,6.06882],[80.67243,6.06844],[80.67138,6.06825],[80.67126,6.06816],[80.67073,6.06731],[80.67074,6.06709],[80.67142,6.06607],[80.6716,6.06547],[80.6715,6.06533],[80.6714,6.06534],[80.67046,6.06646],[80.67041,6.06683],[80.67017,6.06732],[80.6701,6.06737],[80.66931,6.06747],[80.66921,6.06751],[80.6689,6.06775],[80.66888,6.06783],[80.66889,6.06791],[80.66895,6.06796],[80.66923,6.06804],[80.66924,6.06818],[80.66885,6.06826],[80.66842,6.06821],[80.66813,6.06823],[80.66804,6.06836],[80.66804,6.06855],[80.66777,6.06882],[80.6678,6.06899],[80.66835,6.06922],[80.66847,6.06932],[80.66848,6.06941],[80.66846,6.07039],[80.66843,6.07044],[80.66807,6.07043],[80.66797,6.07071],[80.66788,6.07083],[80.66736,6.07107],[80.66728,6.07114],[80.66723,6.07133],[80.66729,6.07174],[80.6677,6.07173],[80.66768,6.07183],[80.66775,6.0719],[80.66797,6.07293],[80.6679,6.07313],[80.66776,6.07317],[80.66697,6.07313],[80.66688,6.07307],[80.66673,6.07267],[80.66663,6.07271],[80.6664,6.07315],[80.66567,6.07385],[80.664,6.07446],[80.66415,6.07471],[80.66397,6.07483],[80.6638,6.07487],[80.66362,6.07527],[80.66347,6.07541],[80.66239,6.07571],[80.66214,6.07571],[80.6611,6.07593],[80.66072,6.07588],[80.66016,6.07599],[80.65982,6.07597]]]}},{"type":"Feature","properties":{"c":"farmland"},"geometry":{"type":"Polygon","coordinates":[[[80.67914,6.07582],[80.67917,6.07597],[80.67923,6.07601],[80.67957,6.07613],[80.67971,6.0761],[80.67992,6.07583],[80.67979,6.07534],[80.67982,6.07526],[80.68003,6.07501],[80.68029,6.07497],[80.68042,6.07502],[80.68057,6.07514],[80.68066,6.07549],[80.68063,6.07569],[80.68036,6.07595],[80.68035,6.07602],[80.68048,6.07619],[80.68052,6.07634],[80.68046,6.07678],[80.68099,6.07674],[80.68105,6.07658],[80.68097,6.07616],[80.68108,6.07596],[80.6813,6.07587],[80.68191,6.07574],[80.68244,6.07517],[80.683,6.07511],[80.68317,6.07503],[80.68373,6.07459],[80.68426,6.07447],[80.68477,6.0743],[80.6855,6.07433],[80.68548,6.0746],[80.68525,6.07462],[80.68521,6.07469],[80.68523,6.07501],[80.68536,6.07538],[80.68533,6.0758],[80.68567,6.07592],[80.68572,6.07597],[80.68578,6.07629],[80.68611,6.07626],[80.68616,6.07594],[80.68624,6.07577],[80.68764,6.07484],[80.68791,6.07474],[80.68874,6.07475],[80.6889,6.0748],[80.68901,6.07502],[80.68932,6.0752],[80.68941,6.0753],[80.68955,6.07601],[80.6896,6.07604],[80.69044,6.07598],[80.69054,6.07593],[80.69056,6.07586],[80.69056,6.07529],[80.69069,6.07516],[80.69124,6.07523],[80.69167,6.07553],[80.69222,6.07536],[80.69225,6.0751],[80.69195,6.075],[80.6918,6.07478],[80.69147,6.07462],[80.69132,6.07413],[80.69139,6.07401],[80.69168,6.07393],[80.69175,6.07386],[80.69206,6.07244],[80.69218,6.07229],[80.69253,6.07218],[80.69255,6.07208],[80.69246,6.0718],[80.69249,6.0717],[80.69304,6.07176],[80.69315,6.07204],[80.69324,6.07208],[80.69383,6.07205],[80.69406,6.07187],[80.69425,6.07183],[80.69454,6.0719],[80.69487,6.07213],[80.69497,6.0723],[80.69499,6.07261],[80.69455,6.07289],[80.69424,6.07281],[80.69403,6.07281],[80.69399,6.07311],[80.69377,6.07332],[80.69367,6.0735],[80.69362,6.07372],[80.69365,6.07382],[80.69384,6.07391],[80.69413,6.0739],[80.69431,6.0738],[80.69443,6.07365],[80.69462,6.07356],[80.69488,6.07312],[80.69525,6.07295],[80.69537,6.07278],[80.69568,6.07207],[80.69553,6.07149],[80.69553,6.07129],[80.69561,6.0711],[80.69601,6.07081],[80.69642,6.07074],[80.69677,6.07092],[80.69688,6.07109],[80.69643,6.0712],[80.69636,6.07127],[80.6963,6.07188],[80.69641,6.07204],[80.69687,6.07225],[80.69748,6.07225],[80.6987,6.0715],[80.69899,6.07142],[80.69939,6.07144],[80.69991,6.07175],[80.70002,6.07191],[80.70002,6.0721],[80.69994,6.0723],[80.69954,6.07246],[80.69949,6.07255],[80.69949,6.07275],[80.69955,6.07283],[80.70001,6.07304],[80.70034,6.07328],[80.70043,6.07352],[80.7003,6.07376],[80.70101,6.07366],[80.70171,6.07348],[80.70205,6.07344],[80.70212,6.07347],[80.70187,6.07268],[80.70203,6.07211],[80.70217,6.0719],[80.70237,6.07189],[80.70255,6.07199],[80.70275,6.07201],[80.70318,6.07195],[80.70345,6.07184],[80.7035,6.07176],[80.7035,6.07156],[80.70301,6.07108],[80.70303,6.07095],[80.70363,6.07015],[80.70386,6.06967],[80.70402,6.06944],[80.70423,6.06928],[80.70484,6.06912],[80.706,6.06914],[80.70628,6.06909],[80.7064,6.06915],[80.70651,6.06907],[80.70647,6.0688],[80.70665,6.06857],[80.70738,6.06812],[80.70821,6.06785],[80.70878,6.06744],[80.70895,6.06722],[80.70926,6.06693],[80.70952,6.06687],[80.71038,6.06694],[80.7105,6.06688],[80.71054,6.06661],[80.71065,6.06652],[80.71091,6.06641],[80.71155,6.06624],[80.71214,6.06637],[80.71256,6.06637],[80.71278,6.06658],[80.71295,6.06684],[80.71315,6.06702],[80.71343,6.06703],[80.71383,6.06663],[80.71409,6.06654],[80.71435,6.06657],[80.71458,6.06673],[80.71484,6.06682],[80.7151,6.06685],[80.71536,6.06696],[80.71579,6.06734],[80.71651,6.06772],[80.71778,6.06801],[80.71811,6.06697],[80.71831,6.06603],[80.71829,6.0659],[80.7179,6.06524],[80.71774,6.06489],[80.71773,6.06463],[80.71779,6.06438],[80.7177,6.06421],[80.71708,6.06399],[80.71695,6.06375],[80.71681,6.06371],[80.7164,6.06376],[80.71586,6.06393],[80.71527,6.06394],[80.71505,6.06369],[80.71496,6.06338],[80.71485,6.06322],[80.7144,6.06298],[80.71389,6.0628],[80.7136,6.06285],[80.71331,6.06313],[80.713,6.06328],[80.71191,6.0632],[80.71167,6.06321],[80.71142,6.06328],[80.71091,6.0636],[80.71028,6.06388],[80.70892,6.06382],[80.70828,6.06369],[80.70772,6.06366],[80.70752,6.06374],[80.70732,6.0639],[80.70746,6.06438],[80.70711,6.06453],[80.70697,6.0644],[80.70649,6.06453],[80.70639,6.06434],[80.7057,6.06396],[80.70504,6.06341],[80.70504,6.06331],[80.70576,6.06289],[80.70678,6.06254],[80.70739,6.06221],[80.71039,6.061],[80.7112,6.06076],[80.71148,6.06058],[80.7114,6.06029],[80.71092,6.06046],[80.71024,6.06084],[80.70824,6.06138],[80.70801,6.06147],[80.70785,6.0616],[80.70723,6.06172],[80.70679,6.0621],[80.70627,6.06235],[80.70495,6.06285],[80.7045,6.06285],[80.70371,6.06276],[80.70226,6.06232],[80.70197,6.06227],[80.70167,6.06234],[80.7015,6.06259],[80.70148,6.06279],[80.70154,6.06338],[80.70163,6.06358],[80.70166,6.06395],[80.70175,6.06412],[80.70196,6.06415],[80.70226,6.06412],[80.70289,6.06393],[80.70343,6.06394],[80.70391,6.0638],[80.70401,6.06386],[80.70412,6.06412],[80.70407,6.06432],[80.70423,6.06477],[80.70411,6.06485],[80.70408,6.06515],[80.70413,6.06524],[80.70457,6.06548],[80.70462,6.06567],[80.70461,6.06588],[80.70443,6.06615],[80.70415,6.06631],[80.70384,6.0664],[80.7031,6.06652],[80.70268,6.06652],[80.70203,6.06621],[80.70176,6.06628],[80.70147,6.06643],[80.70116,6.06644],[80.70074,6.06638],[80.70064,6.06642],[80.70051,6.06657],[80.70046,6.06678],[80.70049,6.06688],[80.70066,6.06696],[80.7008,6.06711],[80.70087,6.0674],[80.70083,6.06749],[80.70061,6.06755],[80.70022,6.06775],[80.7,6.06771],[80.69969,6.06742],[80.69937,6.06732],[80.6986,6.06732],[80.69821,6.06718],[80.69796,6.067],[80.69783,6.06683],[80.69766,6.06646],[80.69737,6.06613],[80.69746,6.06596],[80.69785,6.06567],[80.69788,6.06558],[80.69783,6.06539],[80.69774,6.06536],[80.69735,6.06536],[80.69515,6.06473],[80.69505,6.06504],[80.69517,6.06527],[80.69519,6.06547],[80.69524,6.06556],[80.69559,6.06585],[80.69585,6.06594],[80.69598,6.06641],[80.69612,6.06643],[80.69652,6.06629],[80.69666,6.0663],[80.69677,6.06639],[80.69678,6.06705],[80.69704,6.06728],[80.69707,6.06743],[80.69703,6.06757],[80.69686,6.06782],[80.69655,6.06783],[80.69642,6.06775],[80.69618,6.06747],[80.69604,6.06748],[80.69586,6.0676],[80.69569,6.06793],[80.69551,6.06806],[80.69413,6.06814],[80.69235,6.06808],[80.6919,6.06815],[80.6914,6.06831],[80.69125,6.06831],[80.69101,6.06822],[80.69044,6.06777],[80.69002,6.06751],[80.68998,6.0674],[80.68999,6.06711],[80.68992,6.06692],[80.68943,6.06625],[80.68937,6.06624],[80.6893,6.06627],[80.6891,6.06664],[80.68919,6.06721],[80.6888,6.06732],[80.6887,6.06748],[80.6887,6.06778],[80.6886,6.06784],[80.68842,6.06776],[80.68839,6.06782],[80.68842,6.06804],[80.6882,6.0682],[80.68811,6.0682],[80.68797,6.06808],[80.68823,6.06764],[80.68815,6.06744],[80.6882,6.06699],[80.68776,6.06699],[80.68772,6.06693],[80.68792,6.06498],[80.68797,6.06487],[80.68849,6.06449],[80.68852,6.06442],[80.68837,6.06425],[80.68829,6.06425],[80.68764,6.06467],[80.68722,6.06537],[80.68713,6.0654],[80.68635,6.0653],[80.6863,6.06524],[80.68639,6.06469],[80.6863,6.06449],[80.68615,6.06445],[80.68597,6.06446],[80.68578,6.06455],[80.68539,6.06485],[80.68528,6.06484],[80.68487,6.06446],[80.68476,6.06444],[80.68467,6.06448],[80.68465,6.06509],[80.68451,6.06541],[80.68424,6.0655],[80.68409,6.06549],[80.68376,6.06533],[80.68365,6.06533],[80.68269,6.06555],[80.68255,6.0657],[80.68258,6.0658],[80.68269,6.06586],[80.6837,6.06584],[80.68537,6.06572],[80.6856,6.06572],[80.68598,6.06583],[80.68712,6.06674],[80.68725,6.06756],[80.68756,6.06788],[80.6878,6.06836],[80.68779,6.06845],[80.68752,6.0688],[80.68736,6.06914],[80.68712,6.06923],[80.68695,6.0692],[80.68684,6.06902],[80.68632,6.0692],[80.68602,6.06916],[80.68585,6.06906],[80.68571,6.06886],[80.68552,6.06884],[80.68546,6.06893],[80.68543,6.06959],[80.68552,6.06964],[80.68688,6.06955],[80.68892,6.06907],[80.68899,6.06909],[80.68913,6.06944],[80.68914,6.06974],[80.68909,6.06987],[80.68902,6.06997],[80.68858,6.07023],[80.68798,6.07045],[80.68769,6.07044],[80.68729,6.07033],[80.68594,6.07058],[80.68532,6.07115],[80.68469,6.0714],[80.68304,6.07161],[80.68156,6.07163],[80.68135,6.07157],[80.68111,6.07131],[80.68045,6.07132],[80.68046,6.07144],[80.68027,6.0715],[80.68011,6.0714],[80.67966,6.07153],[80.6795,6.07162],[80.67928,6.07199],[80.67923,6.07217],[80.67914,6.07582]],[[80.68102,6.07272],[80.68114,6.07236],[80.68128,6.07221],[80.68178,6.07207],[80.68191,6.07207],[80.68265,6.07261],[80.68281,6.07281],[80.68284,6.07301],[80.68278,6.07312],[80.68243,6.07339],[80.6822,6.07345],[80.68162,6.07333],[80.68151,6.0732],[80.68105,6.07292],[80.68102,6.07272]]]}},{"type":"Feature","properties":{"c":"farmland","n":"Denagama Wewa - Irrigable Area"},"geometry":{"type":"Polygon","coordinates":[[[80.64691,6.1022],[80.64718,6.10237],[80.64743,6.10215],[80.64768,6.10186],[80.64776,6.10184],[80.64812,6.10132],[80.6483,6.10119],[80.64855,6.10124],[80.64854,6.10103],[80.64849,6.10094],[80.64854,6.10081],[80.64848,6.10052],[80.6484,6.10058],[80.64813,6.10056],[80.64809,6.10062],[80.64799,6.10061],[80.6477,6.10079],[80.64769,6.10098],[80.64762,6.10102],[80.64764,6.10116],[80.64757,6.1012],[80.64753,6.10143],[80.64735,6.10146],[80.64712,6.10188],[80.64716,6.10198],[80.64713,6.10203],[80.64707,6.10197],[80.64704,6.10206],[80.64694,6.10209],[80.64691,6.1022]]]}},{"type":"Feature","properties":{"c":"farmland","n":"Denagama Wewa - Irrigable Area"},"geometry":{"type":"Polygon","coordinates":[[[80.64793,6.09949],[80.64799,6.09984],[80.6481,6.09994],[80.64821,6.09996],[80.64858,6.09979],[80.64873,6.0999],[80.64893,6.09985],[80.64903,6.10008],[80.64881,6.10014],[80.64878,6.10037],[80.64861,6.10039],[80.64849,6.10051],[80.64855,6.10081],[80.6485,6.10093],[80.64858,6.10113],[80.64866,6.10107],[80.64872,6.10106],[80.64881,6.10112],[80.64903,6.10102],[80.64914,6.10108],[80.64928,6.10104],[80.64926,6.10111],[80.64936,6.10108],[80.64946,6.101],[80.64945,6.10093],[80.64952,6.10091],[80.6503,6.10086],[80.65046,6.10066],[80.65071,6.10074],[80.65079,6.10068],[80.65081,6.10047],[80.6507,6.10023],[80.6506,6.10017],[80.65052,6.09994],[80.6506,6.09977],[80.65036,6.09949],[80.65041,6.09905],[80.65056,6.09887],[80.65068,6.09893],[80.65078,6.09885],[80.65076,6.09891],[80.65125,6.0989],[80.65137,6.0987],[80.65138,6.09845],[80.65136,6.09829],[80.65119,6.09825],[80.65111,6.09818],[80.65101,6.09819],[80.65084,6.09803],[80.6508,6.09791],[80.6507,6.09793],[80.65064,6.09788],[80.65062,6.09771],[80.6507,6.09763],[80.6508,6.09741],[80.65077,6.09763],[80.65068,6.09772],[80.65069,6.09783],[80.65085,6.09785],[80.65092,6.098],[80.65105,6.09812],[80.65142,6.0982],[80.65146,6.09825],[80.65144,6.09837],[80.65147,6.09866],[80.65163,6.09876],[80.65191,6.09856],[80.65209,6.0981],[80.65195,6.09814],[80.65177,6.09806],[80.65167,6.09751],[80.6517,6.09742],[80.64981,6.09703],[80.64863,6.09652],[80.64845,6.09667],[80.64834,6.09694],[80.64829,6.0977],[80.6482,6.09828],[80.64796,6.09911],[80.64793,6.09949]]]}},{"type":"Feature","properties":{"c":"farmland","n":"Denagama Wewa - Irrigable Area"},"geometry":{"type":"Polygon","coordinates":[[[80.65466,6.09791],[80.65471,6.09818],[80.6547,6.09865],[80.65504,6.09867],[80.6553,6.0989],[80.65536,6.09888],[80.65549,6.09901],[80.65568,6.09911],[80.65584,6.09929],[80.65595,6.0993],[80.65598,6.09919],[80.65584,6.09915],[80.65582,6.09911],[80.6559,6.09908],[80.65598,6.09895],[80.65612,6.09901],[80.65635,6.09867],[80.65634,6.0986],[80.65621,6.09861],[80.65596,6.09832],[80.65568,6.09826],[80.65543,6.09812],[80.65521,6.09784],[80.65482,6.09789],[80.6547,6.09786],[80.65466,6.09791]]]}},{"type":"Feature","properties":{"c":"farmland","n":"Denagama Wewa - Irrigable Area"},"geometry":{"type":"Polygon","coordinates":[[[80.65281,6.09813],[80.65295,6.09844],[80.65304,6.0985],[80.65309,6.09847],[80.65316,6.09853],[80.65329,6.09849],[80.65328,6.09853],[80.65351,6.09849],[80.65355,6.0986],[80.6537,6.0986],[80.65391,6.09874],[80.65398,6.09861],[80.65402,6.09863],[80.65396,6.09876],[80.65413,6.09897],[80.65416,6.0992],[80.6541,6.09933],[80.65413,6.0995],[80.65419,6.09956],[80.6543,6.09954],[80.65451,6.0994],[80.65457,6.09926],[80.65455,6.09919],[80.65439,6.0989],[80.65435,6.0987],[80.65397,6.09838],[80.654,6.09828],[80.65426,6.09825],[80.65433,6.09814],[80.65461,6.09816],[80.65458,6.09796],[80.65436,6.09804],[80.65386,6.09791],[80.6534,6.09794],[80.6533,6.09799],[80.65318,6.0979],[80.65305,6.0979],[80.65298,6.09791],[80.653,6.09797],[80.65281,6.09813]]]}},{"type":"Feature","properties":{"c":"farmland","n":"Denagama Wewa - Irrigable Area"},"geometry":{"type":"Polygon","coordinates":[[[80.65197,6.09852],[80.65214,6.0987],[80.65224,6.09866],[80.65242,6.09878],[80.65273,6.09855],[80.65278,6.09859],[80.65292,6.09847],[80.65276,6.09817],[80.65263,6.09822],[80.65244,6.09814],[80.65234,6.09821],[80.65215,6.09799],[80.65197,6.09852]]]}},{"type":"Feature","properties":{"c":"farmland","n":"Denagama Wewa - Irrigable Area"},"geometry":{"type":"Polygon","coordinates":[[[80.65165,6.09878],[80.65186,6.0988],[80.65195,6.09872],[80.65205,6.09874],[80.65211,6.0987],[80.65196,6.09856],[80.65165,6.09878]]]}},{"type":"Feature","properties":{"c":"farmland","n":"Denagama Wewa - Irrigable Area"},"geometry":{"type":"Polygon","coordinates":[[[80.65335,6.0932],[80.65336,6.09377],[80.6535,6.09377],[80.65356,6.09388],[80.65395,6.09377],[80.65405,6.09369],[80.65387,6.09354],[80.65389,6.09318],[80.65396,6.0931],[80.6542,6.09301],[80.65437,6.09287],[80.65439,6.0927],[80.6542,6.09249],[80.65411,6.09246],[80.65401,6.09258],[80.65368,6.09277],[80.65351,6.09293],[80.65335,6.0932]]]}},{"type":"Feature","properties":{"c":"farmland","n":"Denagama Wewa - Irrigable Area"},"geometry":{"type":"Polygon","coordinates":[[[80.64851,6.0963],[80.64861,6.09645],[80.64978,6.09695],[80.65185,6.09741],[80.65192,6.09735],[80.65208,6.09737],[80.6521,6.09714],[80.65183,6.09712],[80.65179,6.09681],[80.65193,6.09663],[80.65206,6.09654],[80.65207,6.09645],[80.65228,6.09631],[80.65229,6.09641],[80.65235,6.0964],[80.65251,6.09663],[80.65265,6.09658],[80.65284,6.09662],[80.65269,6.09697],[80.65261,6.09707],[80.65255,6.09701],[80.65251,6.09716],[80.65267,6.09731],[80.65271,6.09728],[80.65282,6.09734],[80.65291,6.09733],[80.65314,6.09687],[80.65337,6.09662],[80.65338,6.09635],[80.65345,6.09617],[80.6534,6.09614],[80.65337,6.09599],[80.65321,6.09583],[80.65305,6.09587],[80.65273,6.09568],[80.6525,6.09545],[80.65253,6.0954],[80.65269,6.0955],[80.65278,6.09534],[80.65287,6.0953],[80.65279,6.09523],[80.65272,6.09493],[80.65272,6.09474],[80.653,6.09435],[80.65336,6.09408],[80.65329,6.09402],[80.65332,6.0932],[80.65232,6.0934],[80.65222,6.09344],[80.65219,6.0935],[80.65182,6.09332],[80.65167,6.09318],[80.65153,6.09315],[80.65149,6.09302],[80.65127,6.09307],[80.65119,6.09298],[80.65109,6.09302],[80.65105,6.09314],[80.65093,6.09318],[80.65091,6.09325],[80.65096,6.09338],[80.65082,6.0934],[80.65069,6.0935],[80.65062,6.09342],[80.65062,6.0933],[80.65053,6.09334],[80.65043,6.09348],[80.65108,6.09389],[80.65103,6.09416],[80.65092,6.0944],[80.65063,6.09447],[80.6505,6.0948],[80.65003,6.0955],[80.64993,6.09557],[80.64975,6.09557],[80.64956,6.09563],[80.64912,6.09535],[80.64899,6.09557],[80.64907,6.09565],[80.64913,6.09594],[80.64901,6.09612],[80.64893,6.09607],[80.64865,6.09623],[80.64858,6.09621],[80.64851,6.0963]]]}},{"type":"Feature","properties":{"c":"farmland","n":"Denagama Wewa - Irrigable Area"},"geometry":{"type":"Polygon","coordinates":[[[80.6536,6.09137],[80.65442,6.09176],[80.6548,6.09129],[80.65491,6.09124],[80.6549,6.0911],[80.65469,6.09093],[80.65457,6.09095],[80.65452,6.09088],[80.65436,6.0908],[80.6544,6.09077],[80.65469,6.09083],[80.65467,6.09049],[80.65474,6.09026],[80.65506,6.08984],[80.65521,6.0897],[80.65538,6.08936],[80.65482,6.08902],[80.65484,6.08918],[80.65473,6.08944],[80.65434,6.08965],[80.65414,6.08991],[80.65402,6.08995],[80.65396,6.09006],[80.65398,6.09018],[80.65377,6.09072],[80.65384,6.09085],[80.6536,6.09137]]]}},{"type":"Feature","properties":{"c":"farmland","n":"Denagama Wewa - Irrigable Area"},"geometry":{"type":"Polygon","coordinates":[[[80.65217,6.09313],[80.65232,6.09338],[80.6533,6.09318],[80.65362,6.09279],[80.65403,6.09254],[80.65434,6.0922],[80.65426,6.09208],[80.65429,6.092],[80.65442,6.09196],[80.65445,6.09182],[80.65356,6.09141],[80.65339,6.09161],[80.65333,6.09192],[80.6532,6.0921],[80.65326,6.09225],[80.65313,6.09265],[80.65299,6.09273],[80.65279,6.09294],[80.65275,6.09291],[80.65255,6.09295],[80.65238,6.09301],[80.65225,6.09313],[80.65217,6.09313]]]}},{"type":"Feature","properties":{"c":"farmland","n":"Denagama Wewa - Irrigable Area"},"geometry":{"type":"Polygon","coordinates":[[[80.65472,6.09051],[80.65477,6.09061],[80.65474,6.0909],[80.65497,6.09105],[80.65507,6.09089],[80.6551,6.0907],[80.65518,6.09064],[80.65525,6.09051],[80.65524,6.09045],[80.65538,6.09034],[80.65549,6.09007],[80.65569,6.08981],[80.65544,6.08941],[80.65522,6.08977],[80.65486,6.09015],[80.65472,6.09051]]]}},{"type":"Feature","properties":{"c":"farmland","n":"Denagama Wewa - Irrigable Area"},"geometry":{"type":"Polygon","coordinates":[[[80.65944,6.0853],[80.65959,6.08605],[80.65963,6.08694],[80.65975,6.08708],[80.65983,6.08711],[80.6599,6.08705],[80.66007,6.0872],[80.65981,6.08737],[80.6598,6.08749],[80.65966,6.08767],[80.65971,6.08783],[80.65982,6.0879],[80.66003,6.08781],[80.66023,6.0879],[80.66037,6.08808],[80.66046,6.08797],[80.66053,6.08803],[80.66055,6.08814],[80.66059,6.08811],[80.66075,6.0882],[80.66084,6.08821],[80.66093,6.08808],[80.66104,6.08815],[80.66099,6.08825],[80.66113,6.08836],[80.66112,6.08841],[80.66117,6.08844],[80.66133,6.08852],[80.66137,6.08849],[80.66171,6.08865],[80.66173,6.08871],[80.66182,6.0887],[80.66201,6.08848],[80.66189,6.08839],[80.6616,6.08832],[80.66151,6.08816],[80.66151,6.08806],[80.66089,6.0876],[80.66101,6.08699],[80.661,6.08688],[80.66082,6.08675],[80.6608,6.08668],[80.66065,6.08654],[80.66067,6.08628],[80.66062,6.08626],[80.6601,6.0866],[80.66032,6.08685],[80.66025,6.08692],[80.66035,6.0871],[80.66025,6.08697],[80.66012,6.08695],[80.66019,6.08685],[80.65998,6.08662],[80.65999,6.08655],[80.65994,6.08649],[80.65966,6.08628],[80.65967,6.0862],[80.65977,6.08615],[80.65979,6.08607],[80.65988,6.08609],[80.65992,6.086],[80.65996,6.08601],[80.66004,6.08593],[80.66021,6.08608],[80.66048,6.08588],[80.66062,6.08572],[80.66072,6.0857],[80.66074,6.08557],[80.6606,6.08557],[80.66017,6.08592],[80.65999,6.08578],[80.66,6.08575],[80.66009,6.08579],[80.66012,6.08575],[80.66018,6.08538],[80.66014,6.08533],[80.65944,6.0853]]]}},{"type":"Feature","properties":{"c":"farmland"},"geometry":{"type":"Polygon","coordinates":[[[80.65781,6.08237],[80.65785,6.08252],[80.65846,6.08369],[80.65902,6.08418],[80.65939,6.08515],[80.6597,6.08517],[80.6598,6.08502],[80.65979,6.08488],[80.65983,6.08483],[80.65999,6.08483],[80.66025,6.08473],[80.6604,6.08476],[80.66073,6.08419],[80.66067,6.08417],[80.66076,6.08395],[80.66088,6.08382],[80.6614,6.08367],[80.66197,6.08363],[80.66225,6.08319],[80.6622,6.08295],[80.66222,6.08272],[80.662,6.08269],[80.66204,6.08293],[80.66188,6.08293],[80.6619,6.08279],[80.66183,6.08272],[80.66171,6.08275],[80.66166,6.08265],[80.66171,6.08254],[80.6617,6.08208],[80.66223,6.08174],[80.66258,6.08181],[80.66278,6.08236],[80.66339,6.08227],[80.66336,6.0821],[80.66362,6.08201],[80.66364,6.08177],[80.66339,6.08179],[80.6634,6.08166],[80.66351,6.08147],[80.66348,6.08131],[80.66334,6.08132],[80.66333,6.08109],[80.66357,6.08102],[80.66353,6.08053],[80.66342,6.08031],[80.66324,6.0802],[80.66276,6.08018],[80.66266,6.0801],[80.66269,6.07997],[80.66265,6.07982],[80.66282,6.07979],[80.66294,6.07971],[80.66282,6.07951],[80.66287,6.07941],[80.66275,6.0792],[80.66274,6.07902],[80.6625,6.07895],[80.66247,6.0786],[80.66137,6.07874],[80.66143,6.07916],[80.66121,6.07918],[80.66113,6.07908],[80.66116,6.07877],[80.66077,6.07885],[80.66087,6.07925],[80.66036,6.07943],[80.66027,6.07941],[80.66028,6.07956],[80.65986,6.08023],[80.65966,6.08028],[80.65962,6.08045],[80.65944,6.08051],[80.65936,6.08068],[80.6593,6.08086],[80.6593,6.08116],[80.65933,6.08133],[80.65944,6.08158],[80.65927,6.08185],[80.65893,6.08218],[80.65857,6.08237],[80.65791,6.08234],[80.65781,6.08237]]]}},{"type":"Feature","properties":{"c":"farmland","n":"Denagama Wewa - Irrigable Area"},"geometry":{"type":"Polygon","coordinates":[[[80.65777,6.07974],[80.65793,6.08024],[80.65803,6.08019],[80.65801,6.07989],[80.65808,6.0798],[80.65803,6.07966],[80.65777,6.07974]]]}},{"type":"Feature","properties":{"c":"farmland","n":"Denagama Wewa - Irrigable Area"},"geometry":{"type":"Polygon","coordinates":[[[80.65686,6.08073],[80.65689,6.08092],[80.65701,6.08118],[80.65769,6.08221],[80.65776,6.08211],[80.65773,6.08171],[80.65784,6.08078],[80.65784,6.08065],[80.65775,6.08048],[80.65787,6.08029],[80.65781,6.08009],[80.65772,6.08],[80.65747,6.07997],[80.65747,6.07983],[80.65732,6.07989],[80.65732,6.08021],[80.6572,6.08023],[80.65717,6.0804],[80.6569,6.08053],[80.65686,6.08073]]]}},{"type":"Feature","properties":{"c":"farmland","n":"Paddy Field"},"geometry":{"type":"Polygon","coordinates":[[[80.64397,6.1082],[80.64418,6.10827],[80.64426,6.1084],[80.64476,6.10868],[80.64503,6.10863],[80.64509,6.10873],[80.64545,6.10901],[80.64607,6.10926],[80.64637,6.10909],[80.64656,6.10907],[80.64668,6.10876],[80.64628,6.10813],[80.64629,6.10804],[80.64644,6.10789],[80.64643,6.10771],[80.64632,6.10763],[80.64617,6.10739],[80.64577,6.10709],[80.64567,6.10722],[80.64569,6.10743],[80.64606,6.10774],[80.6461,6.10785],[80.64598,6.10794],[80.64555,6.10774],[80.64536,6.10789],[80.64509,6.10796],[80.64488,6.10791],[80.64479,6.10782],[80.64479,6.10775],[80.64454,6.10779],[80.64448,6.10756],[80.64397,6.1082]]]}},{"type":"Feature","properties":{"c":"farmland","n":"Paddy Field"},"geometry":{"type":"Polygon","coordinates":[[[80.64694,6.10993],[80.64726,6.11012],[80.64731,6.11026],[80.64719,6.11043],[80.64736,6.11069],[80.64755,6.11062],[80.64779,6.11075],[80.64773,6.11085],[80.64768,6.11141],[80.64775,6.11152],[80.648,6.1116],[80.64812,6.11156],[80.64846,6.11158],[80.64852,6.1118],[80.64865,6.11202],[80.64891,6.11216],[80.6491,6.11247],[80.64948,6.11261],[80.64956,6.11277],[80.64992,6.113],[80.65026,6.11332],[80.65038,6.11335],[80.65059,6.11329],[80.65092,6.11329],[80.65135,6.11334],[80.65199,6.1139],[80.65228,6.11405],[80.65241,6.11401],[80.65198,6.11339],[80.65153,6.11294],[80.65113,6.11271],[80.65094,6.11249],[80.65048,6.11166],[80.65061,6.11126],[80.65057,6.11125],[80.65051,6.11134],[80.65041,6.11137],[80.65027,6.11133],[80.65026,6.11129],[80.64994,6.1113],[80.64966,6.11106],[80.64953,6.11105],[80.64916,6.11081],[80.64895,6.11086],[80.64865,6.11048],[80.64865,6.11036],[80.64843,6.10997],[80.64845,6.10988],[80.64828,6.10989],[80.648,6.11003],[80.64794,6.10998],[80.64787,6.11001],[80.64763,6.10987],[80.64748,6.11018],[80.64702,6.10969],[80.64694,6.10969],[80.64694,6.10993]]]}},{"type":"Feature","properties":{"c":"farmland","n":"Paddy Field"},"geometry":{"type":"Polygon","coordinates":[[[80.65063,6.11161],[80.65121,6.11264],[80.65166,6.11291],[80.65179,6.11308],[80.65211,6.11332],[80.65248,6.11382],[80.65265,6.11397],[80.65285,6.11404],[80.65316,6.114],[80.65322,6.11384],[80.65275,6.11359],[80.65256,6.1134],[80.6524,6.11338],[80.6518,6.11306],[80.65169,6.11286],[80.65146,6.11268],[80.65139,6.11268],[80.65123,6.11241],[80.65116,6.11237],[80.65116,6.11229],[80.65191,6.11148],[80.65198,6.11149],[80.65205,6.11143],[80.6522,6.1114],[80.65245,6.11143],[80.65262,6.11138],[80.6528,6.11148],[80.653,6.11149],[80.65309,6.11156],[80.65334,6.11146],[80.65308,6.11125],[80.65282,6.11123],[80.65264,6.11108],[80.65258,6.11106],[80.65247,6.11119],[80.65215,6.11116],[80.65202,6.11097],[80.65201,6.11089],[80.65183,6.11092],[80.65179,6.11097],[80.65166,6.11097],[80.65157,6.11076],[80.65142,6.11062],[80.65151,6.11046],[80.65151,6.11032],[80.65132,6.11022],[80.65128,6.11013],[80.65135,6.10988],[80.65133,6.1098],[80.65118,6.10958],[80.65104,6.10961],[80.65104,6.10951],[80.65095,6.10941],[80.65083,6.10967],[80.65071,6.11025],[80.6507,6.11048],[80.65083,6.11107],[80.65063,6.11161]]]}},{"type":"Feature","properties":{"c":"farmland","n":"Denagama Wewa - Irrigable Area"},"geometry":{"type":"Polygon","coordinates":[[[80.64841,6.10774],[80.64851,6.10806],[80.64878,6.10816],[80.64879,6.1083],[80.64908,6.10866],[80.6492,6.1089],[80.6493,6.10897],[80.64958,6.10901],[80.64983,6.10913],[80.65025,6.10955],[80.65034,6.10974],[80.65041,6.1098],[80.65053,6.1098],[80.65073,6.10945],[80.6507,6.10934],[80.65003,6.10891],[80.64964,6.10884],[80.64953,6.10876],[80.64941,6.10858],[80.64932,6.10855],[80.6493,6.10838],[80.64918,6.10825],[80.64899,6.10818],[80.64899,6.10812],[80.64866,6.10778],[80.64866,6.10771],[80.64855,6.10763],[80.64841,6.10774]]]}},{"type":"Feature","properties":{"c":"farmland","n":"Denagama Wewa - Irrigable Area"},"geometry":{"type":"Polygon","coordinates":[[[80.65381,6.113],[80.65378,6.11338],[80.6539,6.11339],[80.65422,6.11303],[80.65465,6.11267],[80.65458,6.11266],[80.65438,6.11249],[80.65433,6.11253],[80.65441,6.1126],[80.65395,6.11279],[80.65405,6.11289],[80.65389,6.113],[80.65381,6.113]]]}},{"type":"Feature","properties":{"c":"farmland","n":"Elle Wewa - Irrigable Area"},"geometry":{"type":"Polygon","coordinates":[[[80.58534,6.09609],[80.58539,6.09653],[80.58607,6.0972],[80.58608,6.0974],[80.58623,6.09743],[80.58632,6.09706],[80.58644,6.0969],[80.58672,6.09673],[80.5867,6.09666],[80.58645,6.09675],[80.5863,6.09676],[80.58621,6.09673],[80.58611,6.09661],[80.58634,6.09621],[80.58623,6.09601],[80.58578,6.0962],[80.58566,6.09613],[80.58562,6.09595],[80.58546,6.09587],[80.58534,6.09609]]]}},{"type":"Feature","properties":{"c":"farmland","n":"Elle Wewa - Irrigable Area"},"geometry":{"type":"Polygon","coordinates":[[[80.58041,6.09514],[80.58048,6.09531],[80.58071,6.0955],[80.58079,6.09551],[80.58079,6.09561],[80.58087,6.09557],[80.5811,6.09561],[80.58122,6.09536],[80.5814,6.09522],[80.58135,6.09517],[80.58138,6.09484],[80.58151,6.09483],[80.58153,6.09477],[80.5816,6.09478],[80.5818,6.09472],[80.58188,6.09475],[80.58194,6.09467],[80.58201,6.0947],[80.58203,6.09465],[80.58216,6.09464],[80.58235,6.09488],[80.58232,6.09498],[80.58249,6.0952],[80.58258,6.09551],[80.58268,6.0956],[80.58275,6.09554],[80.58302,6.09553],[80.58338,6.09598],[80.58367,6.0958],[80.58408,6.09574],[80.58407,6.09555],[80.58361,6.09499],[80.58359,6.09438],[80.58343,6.09432],[80.58299,6.09438],[80.58278,6.09436],[80.58176,6.09452],[80.58166,6.09457],[80.58165,6.09468],[80.58151,6.09472],[80.58134,6.0947],[80.58095,6.09453],[80.58082,6.09442],[80.58041,6.09514]]]}},{"type":"Feature","properties":{"c":"farmland","n":"Elle Wewa - Irrigable Area"},"geometry":{"type":"Polygon","coordinates":[[[80.58369,6.09486],[80.58376,6.09504],[80.58395,6.09518],[80.58398,6.09531],[80.58427,6.09567],[80.58479,6.09562],[80.58508,6.09574],[80.58538,6.0958],[80.58538,6.09572],[80.58516,6.09545],[80.58456,6.09521],[80.58426,6.0952],[80.58383,6.09498],[80.58369,6.09486]]]}},{"type":"Feature","properties":{"c":"farmland","n":"Elle Wewa - Irrigable Area"},"geometry":{"type":"Polygon","coordinates":[[[80.57854,6.09276],[80.5787,6.09301],[80.57901,6.09324],[80.57911,6.0934],[80.57923,6.09345],[80.57977,6.09357],[80.57991,6.09348],[80.58004,6.09346],[80.58017,6.09358],[80.58021,6.09382],[80.58034,6.09388],[80.58039,6.09413],[80.58071,6.09422],[80.58097,6.09447],[80.58118,6.09452],[80.58128,6.0946],[80.58158,6.09466],[80.58163,6.0945],[80.58173,6.09444],[80.58296,6.09425],[80.58294,6.09416],[80.58272,6.09392],[80.58254,6.09389],[80.58231,6.0936],[80.58218,6.09363],[80.58209,6.09346],[80.582,6.09344],[80.58194,6.09334],[80.58195,6.09316],[80.58186,6.09314],[80.5818,6.09306],[80.58181,6.09292],[80.58177,6.09285],[80.5816,6.09285],[80.58148,6.0928],[80.58104,6.093],[80.58048,6.09254],[80.58035,6.0927],[80.58013,6.09278],[80.57987,6.0928],[80.57974,6.09271],[80.57969,6.09248],[80.58023,6.09231],[80.5802,6.09217],[80.57995,6.09177],[80.57958,6.09182],[80.57908,6.09214],[80.57871,6.09247],[80.57854,6.09276]]]}},{"type":"Feature","properties":{"c":"farmland","n":"Elle Wewa - Irrigable Area"},"geometry":{"type":"Polygon","coordinates":[[[80.57959,6.09064],[80.57959,6.09103],[80.57973,6.09123],[80.57962,6.09173],[80.57995,6.09168],[80.57993,6.0913],[80.58001,6.0908],[80.57997,6.09066],[80.58006,6.09036],[80.58002,6.09033],[80.57982,6.09035],[80.57971,6.09043],[80.57959,6.09064]]]}},{"type":"Feature","properties":{"c":"farmland","n":"Elle Wewa - Irrigable Area"},"geometry":{"type":"Polygon","coordinates":[[[80.58,6.09172],[80.58029,6.09228],[80.58045,6.09236],[80.58052,6.09252],[80.58107,6.09296],[80.58137,6.09282],[80.58127,6.09266],[80.58113,6.09211],[80.58115,6.09192],[80.58125,6.09172],[80.58157,6.09167],[80.58184,6.09172],[80.58241,6.09172],[80.58279,6.09157],[80.58309,6.09157],[80.58343,6.0915],[80.58368,6.09155],[80.58385,6.09169],[80.58404,6.09162],[80.58414,6.09163],[80.58423,6.09169],[80.58422,6.09184],[80.5844,6.09201],[80.58452,6.0919],[80.58463,6.09189],[80.58468,6.09197],[80.58478,6.09193],[80.58485,6.09179],[80.58485,6.09164],[80.58478,6.09157],[80.58465,6.09156],[80.58456,6.09145],[80.58458,6.09137],[80.58445,6.09131],[80.58445,6.09117],[80.58439,6.09115],[80.58431,6.09122],[80.58416,6.09109],[80.58368,6.091],[80.58356,6.09095],[80.58349,6.09086],[80.58349,6.09079],[80.58341,6.09076],[80.58334,6.09085],[80.58327,6.09081],[80.58337,6.09068],[80.58334,6.09046],[80.58358,6.09028],[80.58387,6.09017],[80.58382,6.08999],[80.58375,6.08995],[80.58366,6.08993],[80.58351,6.09001],[80.58329,6.08987],[80.5832,6.08987],[80.58309,6.09012],[80.58303,6.09062],[80.58308,6.09086],[80.58302,6.091],[80.58266,6.09116],[80.58237,6.09117],[80.58225,6.09124],[80.58221,6.09133],[80.58209,6.09137],[80.58175,6.09129],[80.58165,6.09112],[80.58155,6.0911],[80.58133,6.09086],[80.58119,6.09027],[80.58129,6.09017],[80.58107,6.0898],[80.58094,6.08995],[80.58096,6.09013],[80.58075,6.09088],[80.58024,6.09135],[80.58,6.09172]]]}},{"type":"Feature","properties":{"c":"farmland","n":"Hali Ela Wewa -Irrigable Area"},"geometry":{"type":"Polygon","coordinates":[[[80.53797,6.08171],[80.53801,6.0819],[80.53818,6.08221],[80.5382,6.08261],[80.53797,6.08284],[80.53798,6.08295],[80.53806,6.08303],[80.53829,6.08291],[80.5388,6.0834],[80.53904,6.08346],[80.53904,6.08302],[80.53911,6.08286],[80.53924,6.08289],[80.53933,6.0828],[80.53968,6.0823],[80.54006,6.08216],[80.54002,6.08204],[80.53983,6.08199],[80.53964,6.08184],[80.5396,6.08171],[80.53964,6.08145],[80.53977,6.08115],[80.53995,6.08097],[80.53999,6.0807],[80.54013,6.08034],[80.53993,6.08006],[80.53988,6.0798],[80.53972,6.07954],[80.53964,6.07907],[80.53978,6.0789],[80.54008,6.07882],[80.54021,6.07869],[80.54026,6.07841],[80.54045,6.07836],[80.54065,6.07822],[80.54095,6.07752],[80.54106,6.07735],[80.5412,6.07729],[80.54111,6.07714],[80.54083,6.0772],[80.54051,6.07702],[80.53981,6.0772],[80.54025,6.07745],[80.54028,6.0776],[80.54044,6.07776],[80.54053,6.07794],[80.54049,6.07813],[80.54007,6.0784],[80.54008,6.0786],[80.53977,6.07881],[80.53962,6.07881],[80.53954,6.07869],[80.5394,6.07861],[80.53933,6.07841],[80.53901,6.07832],[80.53884,6.07815],[80.53874,6.07797],[80.53877,6.07771],[80.53894,6.07745],[80.53913,6.07727],[80.53912,6.07709],[80.5388,6.07685],[80.5386,6.07687],[80.5385,6.07698],[80.53859,6.07708],[80.53864,6.0773],[80.53857,6.07777],[80.53864,6.07803],[80.53872,6.07808],[80.53894,6.0785],[80.53904,6.07857],[80.53899,6.07873],[80.53888,6.07884],[80.53866,6.07888],[80.53845,6.07883],[80.53837,6.07895],[80.53844,6.07905],[80.5389,6.07906],[80.53926,6.07913],[80.53939,6.07955],[80.53929,6.0799],[80.53939,6.08017],[80.53956,6.08026],[80.53967,6.0804],[80.53967,6.08083],[80.53947,6.081],[80.53915,6.08138],[80.53901,6.08167],[80.53877,6.08189],[80.53845,6.08194],[80.53829,6.08188],[80.53817,6.08158],[80.53806,6.0816],[80.53797,6.08171]]]}},{"type":"Feature","properties":{"c":"farmland","n":"Hali Ela Wewa -Irrigable Area"},"geometry":{"type":"Polygon","coordinates":[[[80.54019,6.08199],[80.54022,6.08208],[80.54049,6.08203],[80.54101,6.08216],[80.54111,6.08216],[80.54135,6.08199],[80.54135,6.08191],[80.54122,6.0818],[80.541,6.08196],[80.54085,6.082],[80.54039,6.08192],[80.54019,6.08199]]]}},{"type":"Feature","properties":{"c":"farmland","n":"Hali Ela Wewa -Irrigable Area"},"geometry":{"type":"Polygon","coordinates":[[[80.54132,6.08094],[80.54135,6.08147],[80.54139,6.08157],[80.54148,6.08163],[80.5416,6.08157],[80.54159,6.0814],[80.54188,6.0814],[80.54189,6.08097],[80.54198,6.08083],[80.5421,6.08076],[80.54219,6.08076],[80.54246,6.08096],[80.54256,6.08134],[80.54279,6.08147],[80.54302,6.08143],[80.54324,6.08121],[80.54341,6.08075],[80.54311,6.08026],[80.5429,6.08028],[80.54252,6.08005],[80.54205,6.07996],[80.54179,6.08001],[80.54157,6.08025],[80.54132,6.08094]]]}},{"type":"Feature","properties":{"c":"farmland","n":"Hali Ela Wewa -Irrigable Area"},"geometry":{"type":"Polygon","coordinates":[[[80.54325,6.08032],[80.54348,6.08066],[80.54385,6.08069],[80.54419,6.08104],[80.54466,6.08137],[80.54478,6.08141],[80.54528,6.08116],[80.54561,6.0812],[80.54587,6.08106],[80.54615,6.08105],[80.54625,6.08124],[80.54637,6.08125],[80.54636,6.08136],[80.54615,6.08141],[80.54619,6.08151],[80.54635,6.08154],[80.54633,6.08166],[80.54615,6.08164],[80.54604,6.08193],[80.54613,6.08203],[80.54652,6.08208],[80.5466,6.08187],[80.54662,6.08154],[80.54652,6.08126],[80.54652,6.08088],[80.54487,6.08094],[80.54461,6.08088],[80.5433,6.08031],[80.54325,6.08032]]]}},{"type":"Feature","properties":{"c":"farmland","n":"Hali Ela Wewa -Irrigable Area"},"geometry":{"type":"Polygon","coordinates":[[[80.54319,6.08021],[80.54325,6.08028],[80.54332,6.08028],[80.54464,6.08085],[80.54488,6.08091],[80.5465,6.08085],[80.54637,6.08049],[80.5459,6.08065],[80.54551,6.0806],[80.54539,6.08049],[80.54532,6.08017],[80.54478,6.07993],[80.54476,6.08002],[80.54506,6.08021],[80.54514,6.08036],[80.54499,6.08051],[80.54492,6.08049],[80.54467,6.08063],[80.54439,6.08062],[80.54422,6.08053],[80.54427,6.08013],[80.54422,6.08004],[80.54367,6.07993],[80.54337,6.07978],[80.54327,6.07982],[80.54323,6.07989],[80.54319,6.08021]]]}},{"type":"Feature","properties":{"c":"farmland","n":"Hali Ela Wewa -Irrigable Area"},"geometry":{"type":"Polygon","coordinates":[[[80.54644,6.08049],[80.54654,6.08084],[80.54671,6.08089],[80.54698,6.08086],[80.54714,6.08079],[80.54738,6.08084],[80.54763,6.08096],[80.54771,6.08104],[80.54821,6.0811],[80.54842,6.08119],[80.54855,6.08112],[80.54887,6.08111],[80.54914,6.08092],[80.5494,6.08062],[80.54927,6.08052],[80.54909,6.0809],[80.54894,6.08099],[80.54886,6.08091],[80.54852,6.08079],[80.54844,6.08069],[80.54849,6.08062],[80.54847,6.08055],[80.54814,6.0803],[80.54753,6.08008],[80.54746,6.08001],[80.54699,6.0801],[80.5469,6.08024],[80.54674,6.08023],[80.54644,6.08049]]]}},{"type":"Feature","properties":{"c":"farmland","n":"Hali Ela Wewa -Irrigable Area"},"geometry":{"type":"Polygon","coordinates":[[[80.54659,6.08088],[80.54659,6.08133],[80.54666,6.08131],[80.54668,6.08115],[80.54695,6.08101],[80.54712,6.08106],[80.54723,6.08116],[80.54732,6.08114],[80.54736,6.08117],[80.5473,6.08161],[80.54741,6.08192],[80.54744,6.08215],[80.54736,6.08227],[80.54741,6.08227],[80.54771,6.08215],[80.54811,6.08209],[80.54891,6.08184],[80.54915,6.08147],[80.54939,6.08129],[80.54944,6.08116],[80.54961,6.081],[80.54966,6.08085],[80.54945,6.08066],[80.54895,6.08112],[80.54879,6.08118],[80.54855,6.08116],[80.54844,6.08123],[80.5483,6.08122],[80.54822,6.08115],[80.54764,6.08107],[80.5476,6.08099],[80.54737,6.08086],[80.54713,6.08082],[80.54675,6.08092],[80.54659,6.08088]]]}},{"type":"Feature","properties":{"c":"farmland","n":"Hali Ela Wewa -Irrigable Area"},"geometry":{"type":"Polygon","coordinates":[[[80.54884,6.07736],[80.54885,6.07743],[80.5491,6.0775],[80.54916,6.07758],[80.5492,6.07786],[80.54915,6.0781],[80.54893,6.07851],[80.54889,6.07873],[80.54911,6.07909],[80.54921,6.07919],[80.54955,6.07932],[80.54953,6.07878],[80.54968,6.07845],[80.54972,6.07823],[80.55001,6.07582],[80.55001,6.07554],[80.55042,6.07438],[80.55025,6.07431],[80.55005,6.07505],[80.54983,6.07553],[80.54977,6.07584],[80.54953,6.07605],[80.54945,6.07667],[80.54928,6.07691],[80.5492,6.07693],[80.54912,6.07714],[80.54894,6.07724],[80.54884,6.07736]]]}},{"type":"Feature","properties":{"c":"farmland","n":"Hali Ela Wewa -Irrigable Area"},"geometry":{"type":"Polygon","coordinates":[[[80.54955,6.07883],[80.54959,6.07931],[80.54974,6.07952],[80.54971,6.0797],[80.54981,6.07989],[80.5498,6.08009],[80.5497,6.08028],[80.54984,6.08063],[80.54995,6.08073],[80.55021,6.08068],[80.5502,6.08057],[80.55028,6.0805],[80.55024,6.0804],[80.55054,6.07999],[80.55066,6.07992],[80.55131,6.0799],[80.55143,6.07983],[80.55142,6.07978],[80.55098,6.07969],[80.55091,6.07958],[80.55091,6.07951],[80.55142,6.07908],[80.55136,6.07902],[80.55109,6.07917],[80.55099,6.07911],[80.55095,6.07895],[80.55085,6.07896],[80.55084,6.0788],[80.55065,6.07868],[80.55062,6.07859],[80.55003,6.07841],[80.54999,6.07836],[80.55,6.07829],[80.55008,6.07825],[80.55014,6.07801],[80.55026,6.07777],[80.55037,6.07768],[80.55039,6.07756],[80.55069,6.07721],[80.5511,6.07699],[80.55138,6.07696],[80.55159,6.07711],[80.55161,6.07733],[80.55178,6.07732],[80.55185,6.07726],[80.5518,6.07707],[80.55163,6.077],[80.55154,6.07677],[80.55136,6.0768],[80.55114,6.07665],[80.55119,6.076],[80.55115,6.07584],[80.5509,6.0756],[80.55095,6.07542],[80.55086,6.07534],[80.55059,6.07477],[80.55072,6.07446],[80.55048,6.07438],[80.55003,6.07559],[80.54974,6.07834],[80.54955,6.07883]]]}},{"type":"Feature","properties":{"c":"farmland","n":"Hali Ela Wewa -Irrigable Area"},"geometry":{"type":"Polygon","coordinates":[[[80.54999,6.08108],[80.55011,6.08133],[80.55044,6.08159],[80.55063,6.08182],[80.55068,6.08217],[80.5506,6.08242],[80.55066,6.08246],[80.55091,6.0821],[80.55103,6.08207],[80.55111,6.08224],[80.55114,6.0824],[80.5511,6.08254],[80.55084,6.08316],[80.55086,6.08326],[80.55106,6.08351],[80.55125,6.08362],[80.55137,6.08364],[80.55161,6.08284],[80.55173,6.08275],[80.55199,6.08274],[80.55236,6.08355],[80.55277,6.08383],[80.55275,6.08401],[80.55283,6.0841],[80.55299,6.08408],[80.55308,6.08401],[80.55316,6.08388],[80.55312,6.08368],[80.5534,6.08356],[80.55363,6.08399],[80.55386,6.08407],[80.55435,6.08443],[80.55484,6.08466],[80.55487,6.0846],[80.55482,6.08454],[80.5541,6.0841],[80.55393,6.08375],[80.5538,6.08363],[80.55377,6.0834],[80.55425,6.08262],[80.55436,6.0821],[80.55391,6.082],[80.55384,6.08255],[80.55388,6.08265],[80.55386,6.08285],[80.5536,6.0832],[80.55345,6.08324],[80.55278,6.08295],[80.55256,6.0828],[80.55235,6.08254],[80.55219,6.08246],[80.55209,6.08253],[80.55206,6.08245],[80.55211,6.08239],[80.55165,6.08217],[80.55153,6.08195],[80.55133,6.08184],[80.55132,6.08168],[80.5514,6.08147],[80.55132,6.08144],[80.55127,6.08156],[80.55108,6.08167],[80.55104,6.08166],[80.55099,6.08156],[80.55089,6.08153],[80.5509,6.08146],[80.55099,6.08146],[80.55097,6.08125],[80.55087,6.0812],[80.5506,6.08119],[80.55036,6.08108],[80.55032,6.08097],[80.55024,6.08093],[80.55025,6.08088],[80.5502,6.08086],[80.55018,6.08072],[80.54999,6.08077],[80.55002,6.08091],[80.54999,6.08108]]]}},{"type":"Feature","properties":{"c":"farmland","n":"Hali Ela Wewa -Irrigable Area"},"geometry":{"type":"Polygon","coordinates":[[[80.54955,6.08646],[80.54974,6.08661],[80.54992,6.08687],[80.54997,6.08754],[80.55006,6.08789],[80.54971,6.08848],[80.55005,6.08865],[80.55001,6.08888],[80.55005,6.08894],[80.55037,6.08902],[80.5505,6.08916],[80.55083,6.08974],[80.55089,6.08978],[80.55108,6.08977],[80.55113,6.08973],[80.55116,6.08953],[80.5513,6.08946],[80.55138,6.08948],[80.5516,6.08929],[80.55202,6.0892],[80.5525,6.08918],[80.55262,6.08907],[80.55264,6.08901],[80.55249,6.08898],[80.55232,6.08905],[80.55158,6.0889],[80.5512,6.08875],[80.55077,6.08866],[80.55066,6.08858],[80.55043,6.08801],[80.55045,6.08752],[80.55057,6.08746],[80.55059,6.08734],[80.55054,6.08726],[80.55045,6.08723],[80.5504,6.08696],[80.55045,6.08689],[80.55023,6.08624],[80.54955,6.08646]]]}},{"type":"Feature","properties":{"c":"farmland","n":"Hali Ela Wewa -Irrigable Area"},"geometry":{"type":"Polygon","coordinates":[[[80.54505,6.0893],[80.5454,6.08944],[80.54536,6.08997],[80.54548,6.09008],[80.54581,6.09015],[80.54602,6.09014],[80.54643,6.08997],[80.5465,6.08985],[80.54665,6.08981],[80.54672,6.08969],[80.54697,6.08956],[80.54705,6.08961],[80.54715,6.08956],[80.54736,6.0894],[80.54759,6.08902],[80.54766,6.08849],[80.54773,6.08836],[80.54784,6.0883],[80.54802,6.08782],[80.54799,6.08771],[80.54887,6.08719],[80.54898,6.08696],[80.54905,6.0866],[80.54914,6.08649],[80.55019,6.08617],[80.55009,6.08539],[80.55015,6.08516],[80.55045,6.08462],[80.55026,6.08452],[80.54989,6.0849],[80.54966,6.08496],[80.54946,6.08537],[80.54935,6.08544],[80.54915,6.08576],[80.54902,6.08586],[80.54855,6.08579],[80.5482,6.08592],[80.54799,6.08579],[80.54777,6.08596],[80.54775,6.08633],[80.54781,6.08643],[80.54807,6.08659],[80.54814,6.08672],[80.54809,6.08683],[80.54791,6.08699],[80.54755,6.08688],[80.54743,6.08674],[80.54724,6.08679],[80.54717,6.08685],[80.54727,6.08711],[80.5473,6.08737],[80.54726,6.08747],[80.54713,6.0876],[80.54665,6.08769],[80.54668,6.08779],[80.54702,6.08788],[80.54733,6.08788],[80.54747,6.08782],[80.5475,6.08787],[80.54726,6.08857],[80.54733,6.0888],[80.54705,6.08928],[80.54613,6.08965],[80.54585,6.08953],[80.54567,6.08951],[80.5453,6.08929],[80.54506,6.08924],[80.54505,6.0893]]]}},{"type":"Feature","properties":{"c":"farmland","n":"Hali Ela Wewa -Irrigable Area"},"geometry":{"type":"Polygon","coordinates":[[[80.54506,6.08774],[80.54506,6.08798],[80.54538,6.08779],[80.54556,6.08776],[80.54573,6.08783],[80.54581,6.08798],[80.54579,6.08823],[80.54585,6.08831],[80.54599,6.08826],[80.54601,6.08815],[80.54659,6.08779],[80.54659,6.08766],[80.54593,6.08748],[80.5456,6.0876],[80.54553,6.08755],[80.54531,6.08758],[80.54506,6.08774]]]}},{"type":"Feature","properties":{"c":"farmland","n":"Hali Ela Wewa -Irrigable Area"},"geometry":{"type":"Polygon","coordinates":[[[80.54654,6.08323],[80.54667,6.08337],[80.54699,6.08327],[80.54744,6.08327],[80.54773,6.08334],[80.54791,6.08313],[80.54766,6.08275],[80.54761,6.08258],[80.54769,6.0823],[80.54742,6.08238],[80.54692,6.08264],[80.5467,6.08289],[80.54654,6.08323]]]}},{"type":"Feature","properties":{"c":"farmland","n":"Hali Ela Wewa -Irrigable Area"},"geometry":{"type":"Polygon","coordinates":[[[80.55048,6.07435],[80.5507,6.07442],[80.55101,6.07348],[80.55116,6.07338],[80.55153,6.07339],[80.55174,6.07347],[80.55191,6.07393],[80.55203,6.07396],[80.55216,6.07355],[80.55224,6.07345],[80.5521,6.07305],[80.55225,6.07281],[80.55235,6.07228],[80.55248,6.07202],[80.55221,6.07191],[80.55152,6.0725],[80.55137,6.07275],[80.55096,6.0731],[80.55048,6.07435]]]}},{"type":"Feature","properties":{"c":"farmland","n":"Hali Ela Wewa -Irrigable Area"},"geometry":{"type":"Polygon","coordinates":[[[80.54945,6.07179],[80.54966,6.07204],[80.54969,6.07222],[80.54963,6.07255],[80.54966,6.07274],[80.54983,6.07299],[80.5501,6.07322],[80.55018,6.07343],[80.55037,6.07358],[80.55033,6.07398],[80.55024,6.07425],[80.55043,6.07433],[80.55096,6.07305],[80.55136,6.0727],[80.55148,6.07248],[80.55221,6.07186],[80.55188,6.07178],[80.55175,6.07191],[80.55106,6.07224],[80.55107,6.07247],[80.5509,6.07283],[80.55075,6.07298],[80.55069,6.07294],[80.55061,6.0727],[80.55051,6.0726],[80.55042,6.07255],[80.55014,6.07255],[80.54999,6.0724],[80.54991,6.07192],[80.55003,6.0716],[80.55,6.07154],[80.5498,6.07159],[80.54958,6.0715],[80.54945,6.07179]]]}},{"type":"Feature","properties":{"c":"farmland","n":"Hali Ela Wewa -Irrigable Area"},"geometry":{"type":"Polygon","coordinates":[[[80.55233,6.07184],[80.55251,6.07194],[80.55284,6.07156],[80.55293,6.07158],[80.55386,6.07208],[80.55413,6.07247],[80.55429,6.0726],[80.55439,6.0726],[80.55442,6.07233],[80.55471,6.07195],[80.5545,6.07173],[80.55443,6.07158],[80.55468,6.07139],[80.55477,6.0714],[80.55489,6.0716],[80.5552,6.07185],[80.55553,6.0717],[80.55644,6.07148],[80.55683,6.0716],[80.55688,6.07153],[80.55664,6.07139],[80.55651,6.07125],[80.5567,6.07092],[80.55684,6.07052],[80.55667,6.07062],[80.55655,6.07063],[80.55636,6.07078],[80.55619,6.07079],[80.55601,6.07095],[80.55518,6.07124],[80.55457,6.07135],[80.55419,6.07149],[80.55382,6.07171],[80.55334,6.07155],[80.55281,6.07145],[80.55268,6.07148],[80.55233,6.07184]]]}},{"type":"Feature","properties":{"c":"farmland","n":"Hali Ela Wewa -Irrigable Area"},"geometry":{"type":"Polygon","coordinates":[[[80.55191,6.07162],[80.55192,6.07174],[80.55225,6.07181],[80.55273,6.07141],[80.55331,6.07149],[80.55334,6.07146],[80.55318,6.07139],[80.55298,6.07118],[80.55305,6.071],[80.55322,6.07101],[80.55317,6.0707],[80.55276,6.07076],[80.55268,6.07059],[80.55267,6.07032],[80.55259,6.07034],[80.55254,6.07065],[80.55245,6.07073],[80.55211,6.07085],[80.55202,6.07095],[80.55209,6.07098],[80.55256,6.07091],[80.55261,6.07098],[80.55242,6.07127],[80.55191,6.07162]]]}},{"type":"Feature","properties":{"c":"farmland","n":"Hali Ela Wewa -Irrigable Area"},"geometry":{"type":"Polygon","coordinates":[[[80.55321,6.07069],[80.55324,6.07092],[80.55334,6.07089],[80.55351,6.071],[80.5537,6.07096],[80.55396,6.07099],[80.55409,6.07119],[80.55401,6.07149],[80.55405,6.07149],[80.55454,6.07132],[80.55517,6.07121],[80.55545,6.07111],[80.55595,6.07091],[80.55617,6.07075],[80.55634,6.07075],[80.55654,6.07059],[80.55664,6.0706],[80.55685,6.07048],[80.55689,6.07039],[80.55642,6.07042],[80.55624,6.07041],[80.55621,6.07034],[80.55605,6.07032],[80.55575,6.07048],[80.55558,6.07049],[80.55537,6.07062],[80.55522,6.07081],[80.55506,6.07087],[80.55494,6.07078],[80.55491,6.07065],[80.55479,6.07051],[80.55457,6.07048],[80.55374,6.07078],[80.55361,6.07078],[80.55349,6.0707],[80.55342,6.07049],[80.55346,6.07035],[80.55369,6.06999],[80.55391,6.06995],[80.55394,6.0699],[80.55399,6.06969],[80.55388,6.06957],[80.55343,6.0697],[80.55345,6.06988],[80.55333,6.07024],[80.55331,6.07059],[80.55321,6.07069]]]}},{"type":"Feature","properties":{"c":"farmland","n":"Hali Ela Wewa -Irrigable Area"},"geometry":{"type":"Polygon","coordinates":[[[80.5564,6.06894],[80.5564,6.06902],[80.55656,6.06921],[80.55676,6.06916],[80.55678,6.069],[80.55661,6.06894],[80.55665,6.0688],[80.55658,6.06868],[80.55662,6.06852],[80.5568,6.06825],[80.55685,6.06806],[80.55696,6.06795],[80.55718,6.06784],[80.55754,6.06783],[80.55761,6.06778],[80.55756,6.06773],[80.55759,6.06758],[80.55773,6.06751],[80.55775,6.06742],[80.55759,6.06722],[80.55754,6.0672],[80.55738,6.06727],[80.55658,6.06717],[80.55641,6.06723],[80.5566,6.06776],[80.55644,6.06812],[80.55655,6.06844],[80.55651,6.06882],[80.5564,6.06894]]]}},{"type":"Feature","properties":{"c":"farmland","n":"Hali Ela Wewa -Irrigable Area"},"geometry":{"type":"Polygon","coordinates":[[[80.55675,6.07089],[80.55694,6.07089],[80.55703,6.07096],[80.55704,6.07122],[80.55701,6.07135],[80.55712,6.07147],[80.55737,6.07127],[80.55752,6.07124],[80.55764,6.07115],[80.55769,6.07109],[80.55765,6.07096],[80.55788,6.07073],[80.55809,6.07061],[80.55845,6.07057],[80.55879,6.07061],[80.55886,6.07041],[80.55912,6.07004],[80.55915,6.06991],[80.55911,6.06982],[80.55928,6.06956],[80.55934,6.06935],[80.55921,6.06925],[80.55903,6.0692],[80.55825,6.06908],[80.55831,6.06949],[80.55812,6.06955],[80.55804,6.06976],[80.55808,6.06992],[80.5578,6.07007],[80.55758,6.07025],[80.55716,6.07033],[80.55709,6.07048],[80.55688,6.07056],[80.55675,6.07089]]]}},{"type":"Feature","properties":{"c":"farmland","n":"Hali Ela Wewa -Irrigable Area"},"geometry":{"type":"Polygon","coordinates":[[[80.55132,6.06683],[80.55136,6.06687],[80.55149,6.06676],[80.55169,6.06673],[80.55179,6.06685],[80.55179,6.06721],[80.55172,6.06723],[80.55185,6.0676],[80.55211,6.06766],[80.55268,6.06804],[80.55277,6.06816],[80.55276,6.06844],[80.55306,6.06862],[80.55322,6.06886],[80.55329,6.06906],[80.55353,6.06899],[80.55346,6.06888],[80.55338,6.0685],[80.5533,6.06846],[80.5533,6.06837],[80.55323,6.06828],[80.55304,6.06826],[80.55265,6.06762],[80.55247,6.0676],[80.55208,6.06731],[80.55201,6.06677],[80.5522,6.06661],[80.55206,6.06629],[80.55207,6.0662],[80.55217,6.0661],[80.55229,6.06607],[80.55234,6.06621],[80.55268,6.06629],[80.55268,6.06614],[80.55258,6.06604],[80.55251,6.06576],[80.55273,6.06548],[80.55289,6.0654],[80.55317,6.0654],[80.55335,6.06549],[80.55378,6.06535],[80.5538,6.06524],[80.55365,6.06525],[80.55333,6.06511],[80.55323,6.06517],[80.55301,6.06517],[80.55292,6.06514],[80.55287,6.06505],[80.55273,6.06501],[80.55265,6.06471],[80.55264,6.06455],[80.55268,6.0645],[80.55261,6.06429],[80.55267,6.06419],[80.55262,6.06415],[80.55271,6.06408],[80.55253,6.06384],[80.55226,6.06409],[80.55247,6.0642],[80.55256,6.06432],[80.5526,6.06471],[80.5527,6.06498],[80.5527,6.06519],[80.55258,6.0654],[80.55226,6.06553],[80.55221,6.06583],[80.55194,6.06601],[80.5518,6.06626],[80.55169,6.06632],[80.55149,6.06629],[80.55135,6.06643],[80.55132,6.06683]]]}},{"type":"Feature","properties":{"c":"farmland","n":"Hali Ela Wewa -Irrigable Area"},"geometry":{"type":"Polygon","coordinates":[[[80.55394,6.06521],[80.55402,6.06539],[80.55418,6.06535],[80.55436,6.06544],[80.55444,6.06559],[80.55449,6.06597],[80.55465,6.06595],[80.55484,6.06602],[80.55504,6.06624],[80.55511,6.06641],[80.55522,6.06647],[80.55554,6.06637],[80.55566,6.0664],[80.55581,6.06659],[80.55601,6.06664],[80.55642,6.06665],[80.55653,6.06674],[80.55659,6.06695],[80.55655,6.06711],[80.55737,6.06723],[80.55744,6.06723],[80.55753,6.06712],[80.55714,6.06666],[80.55684,6.0665],[80.5568,6.06635],[80.55664,6.0661],[80.55665,6.06584],[80.55676,6.06561],[80.55668,6.06553],[80.55655,6.06563],[80.5564,6.06551],[80.55625,6.06564],[80.55637,6.06589],[80.55637,6.06614],[80.55625,6.06642],[80.55601,6.06643],[80.55584,6.06634],[80.55585,6.06611],[80.55541,6.06609],[80.55505,6.06598],[80.55493,6.06576],[80.55466,6.06567],[80.5544,6.0653],[80.55435,6.06505],[80.55409,6.06503],[80.55394,6.06521]]]}},{"type":"Feature","properties":{"c":"farmland","n":"Kekanadura Wewa - Irrigable Area"},"geometry":{"type":"Polygon","coordinates":[[[80.59327,5.9735],[80.59341,5.97373],[80.59367,5.97351],[80.59392,5.97297],[80.59433,5.97251],[80.59405,5.97227],[80.59397,5.97225],[80.59389,5.97247],[80.59396,5.97259],[80.59374,5.97284],[80.59348,5.97346],[80.59327,5.9735]]]}},{"type":"Feature","properties":{"c":"farmland","n":"Kekanadura Wewa - Irrigable Area"},"geometry":{"type":"Polygon","coordinates":[[[80.59403,5.97219],[80.59441,5.97247],[80.59455,5.97234],[80.59481,5.97231],[80.59496,5.97206],[80.59499,5.97174],[80.59533,5.97136],[80.5957,5.97112],[80.59604,5.97107],[80.59611,5.97086],[80.59624,5.97073],[80.59667,5.97062],[80.59685,5.97052],[80.59689,5.97028],[80.59729,5.96939],[80.59706,5.96923],[80.59653,5.97013],[80.59596,5.97057],[80.59576,5.97085],[80.59562,5.97084],[80.59557,5.97074],[80.59511,5.97109],[80.59477,5.97146],[80.59447,5.97161],[80.59425,5.97159],[80.59418,5.97176],[80.59417,5.97205],[80.59403,5.97219]]]}},{"type":"Feature","properties":{"c":"farmland","n":"Kekanadura Wewa - Irrigable Area"},"geometry":{"type":"Polygon","coordinates":[[[80.58942,5.97535],[80.59005,5.97678],[80.5901,5.97677],[80.5904,5.97643],[80.59057,5.97605],[80.59069,5.97593],[80.5911,5.97575],[80.59123,5.97564],[80.5916,5.97505],[80.59214,5.97471],[80.59221,5.97461],[80.59209,5.97442],[80.59225,5.97431],[80.59238,5.9745],[80.59336,5.97379],[80.59317,5.9735],[80.59302,5.97355],[80.59255,5.97384],[80.5924,5.97385],[80.5919,5.97421],[80.59185,5.97415],[80.59155,5.97442],[80.59133,5.97448],[80.59104,5.97478],[80.59071,5.97486],[80.59068,5.97503],[80.59043,5.97525],[80.59028,5.97528],[80.5901,5.97526],[80.59,5.97518],[80.59006,5.97468],[80.58983,5.97444],[80.58963,5.97447],[80.58956,5.97469],[80.58957,5.97512],[80.58942,5.97535]]]}},{"type":"Feature","properties":{"c":"farmland","n":"Kekanadura Wewa - Irrigable Area"},"geometry":{"type":"Polygon","coordinates":[[[80.58228,5.98237],[80.5823,5.98263],[80.58274,5.98313],[80.58317,5.98274],[80.58332,5.98264],[80.58347,5.98264],[80.58411,5.9821],[80.5844,5.98154],[80.58516,5.98077],[80.5854,5.98042],[80.58581,5.98036],[80.58592,5.98001],[80.58602,5.97986],[80.58624,5.97968],[80.58691,5.97941],[80.58704,5.97923],[80.58743,5.97901],[80.58759,5.97877],[80.58774,5.97866],[80.58803,5.97861],[80.58835,5.97828],[80.58852,5.97788],[80.58866,5.97771],[80.5889,5.9776],[80.58928,5.97761],[80.58944,5.97754],[80.58957,5.97733],[80.58964,5.97709],[80.59,5.97684],[80.59,5.97679],[80.58937,5.97536],[80.58925,5.97535],[80.58919,5.97524],[80.58903,5.97515],[80.58901,5.97505],[80.5888,5.97491],[80.58863,5.97468],[80.5884,5.97455],[80.58825,5.97464],[80.58878,5.97524],[80.58879,5.97534],[80.58868,5.97568],[80.58864,5.97572],[80.58845,5.97555],[80.58826,5.97545],[80.58805,5.9756],[80.588,5.97573],[80.58843,5.97602],[80.58844,5.97633],[80.58827,5.97662],[80.5881,5.97671],[80.58765,5.97717],[80.5875,5.97746],[80.58717,5.9778],[80.58683,5.97791],[80.58658,5.97791],[80.58638,5.97783],[80.58634,5.97759],[80.58612,5.97746],[80.58583,5.9775],[80.58543,5.97742],[80.58518,5.9772],[80.58516,5.97695],[80.58485,5.97722],[80.58494,5.9775],[80.58532,5.97786],[80.58561,5.97785],[80.58627,5.97836],[80.5863,5.97883],[80.58605,5.97908],[80.58584,5.97914],[80.58532,5.97979],[80.58509,5.9799],[80.5849,5.98006],[80.58475,5.98034],[80.58439,5.98069],[80.58405,5.9809],[80.58396,5.98108],[80.58359,5.98161],[80.5833,5.98175],[80.58295,5.9821],[80.58238,5.98222],[80.58228,5.98237]]]}},{"type":"Feature","properties":{"c":"farmland","n":"Kekanadura Wewa - Irrigable Area"},"geometry":{"type":"Polygon","coordinates":[[[80.58008,5.98473],[80.58055,5.98546],[80.58062,5.98546],[80.58089,5.9853],[80.58132,5.98519],[80.58141,5.9851],[80.58161,5.98445],[80.58193,5.98406],[80.58253,5.98352],[80.58268,5.98319],[80.58215,5.98273],[80.58203,5.98284],[80.58192,5.98313],[80.58162,5.98333],[80.58156,5.98346],[80.58136,5.98358],[80.58113,5.98353],[80.58106,5.98367],[80.58087,5.98377],[80.58044,5.98437],[80.58014,5.98461],[80.58008,5.98473]]]}},{"type":"Feature","properties":{"c":"farmland","n":"Elle Wewa - Irrigable Area"},"geometry":{"type":"Polygon","coordinates":[[[80.57651,6.09269],[80.57674,6.09313],[80.57682,6.09352],[80.57697,6.09389],[80.57696,6.09409],[80.57781,6.0944],[80.57789,6.09429],[80.57786,6.0939],[80.57795,6.09367],[80.57805,6.09364],[80.5782,6.09366],[80.57843,6.09346],[80.57866,6.09333],[80.57867,6.0933],[80.57847,6.09315],[80.57688,6.09244],[80.57651,6.09269]]]}},{"type":"Feature","properties":{"c":"farmland","n":"Elle Wewa - Irrigable Area"},"geometry":{"type":"Polygon","coordinates":[[[80.57688,6.09517],[80.57695,6.09558],[80.57692,6.09592],[80.57695,6.09613],[80.57713,6.09655],[80.57805,6.09661],[80.57811,6.09658],[80.57816,6.09645],[80.57794,6.09624],[80.57801,6.09614],[80.57796,6.09582],[80.578,6.09556],[80.57774,6.09542],[80.5776,6.09528],[80.57759,6.09493],[80.57767,6.09483],[80.57759,6.09475],[80.5776,6.09468],[80.57771,6.0946],[80.57778,6.09442],[80.57693,6.0941],[80.57689,6.09486],[80.57692,6.09506],[80.57688,6.09517]]]}},{"type":"Feature","properties":{"c":"farmland","n":"Elle Wewa - Irrigable Area"},"geometry":{"type":"Polygon","coordinates":[[[80.57536,6.09058],[80.57547,6.09118],[80.57589,6.09175],[80.57599,6.0918],[80.576,6.09193],[80.57612,6.09194],[80.57623,6.09204],[80.5767,6.09222],[80.57711,6.09244],[80.57716,6.09218],[80.57714,6.09207],[80.577,6.09206],[80.57697,6.09192],[80.57684,6.09198],[80.57669,6.0919],[80.57669,6.0918],[80.57682,6.09161],[80.57681,6.09149],[80.57666,6.09141],[80.57642,6.0914],[80.57625,6.0913],[80.57616,6.09097],[80.57605,6.09097],[80.57595,6.09091],[80.57602,6.09078],[80.57615,6.09068],[80.5764,6.09067],[80.57647,6.09083],[80.57657,6.09085],[80.57665,6.09076],[80.57672,6.09035],[80.57654,6.09013],[80.57609,6.08995],[80.57595,6.08972],[80.57564,6.08954],[80.57565,6.08975],[80.57573,6.08999],[80.57536,6.09058]]]}},{"type":"Feature","properties":{"c":"farmland","n":"Elle Wewa - Irrigable Area"},"geometry":{"type":"Polygon","coordinates":[[[80.57462,6.09131],[80.57471,6.09152],[80.57481,6.0916],[80.57552,6.09173],[80.57562,6.09221],[80.57574,6.09228],[80.57584,6.09227],[80.57603,6.09244],[80.57628,6.09242],[80.57644,6.09255],[80.57647,6.09266],[80.57683,6.09239],[80.57635,6.0921],[80.57597,6.09195],[80.57596,6.09182],[80.57584,6.09177],[80.57543,6.09119],[80.57532,6.09059],[80.57523,6.0905],[80.57514,6.09053],[80.57475,6.091],[80.57465,6.09117],[80.57462,6.09131]]]}},{"type":"Feature","properties":{"c":"farmland","n":"Elle Wewa - Irrigable Area"},"geometry":{"type":"Polygon","coordinates":[[[80.57159,6.09225],[80.57155,6.09291],[80.57195,6.09316],[80.57202,6.09325],[80.57208,6.09344],[80.57208,6.09362],[80.57198,6.09385],[80.57208,6.09388],[80.57247,6.09386],[80.57259,6.09367],[80.57277,6.09362],[80.57298,6.09339],[80.57348,6.09339],[80.57359,6.09331],[80.57391,6.09343],[80.57419,6.09342],[80.57423,6.09346],[80.57464,6.09322],[80.57466,6.0931],[80.5746,6.09296],[80.57444,6.09278],[80.57439,6.09266],[80.57444,6.09246],[80.57455,6.09236],[80.57455,6.09216],[80.57434,6.09181],[80.57445,6.0917],[80.57426,6.09156],[80.57409,6.09126],[80.57422,6.09104],[80.57423,6.09089],[80.57418,6.09083],[80.57429,6.09077],[80.57425,6.09071],[80.5741,6.09066],[80.57388,6.09072],[80.57386,6.09086],[80.57369,6.09089],[80.57351,6.09101],[80.57348,6.09108],[80.57348,6.09115],[80.57362,6.0913],[80.57365,6.09154],[80.57379,6.09165],[80.57398,6.09162],[80.57404,6.09166],[80.57422,6.09202],[80.57423,6.09217],[80.57417,6.09229],[80.57394,6.09236],[80.57385,6.09258],[80.57413,6.09274],[80.57414,6.09296],[80.57403,6.09314],[80.57371,6.0932],[80.57326,6.0932],[80.57315,6.09314],[80.57293,6.09313],[80.5728,6.09326],[80.57278,6.09336],[80.57264,6.09336],[80.57227,6.09319],[80.57221,6.09303],[80.57209,6.09292],[80.57185,6.0923],[80.57167,6.09222],[80.57159,6.09225]]]}},{"type":"Feature","properties":{"c":"farmland","n":"Elle Wewa - Irrigable Area"},"geometry":{"type":"Polygon","coordinates":[[[80.57157,6.08876],[80.57189,6.08905],[80.57215,6.08917],[80.5724,6.08919],[80.57288,6.08933],[80.57297,6.08933],[80.57308,6.08926],[80.57329,6.08934],[80.57362,6.08936],[80.57367,6.08946],[80.57346,6.0899],[80.57356,6.09008],[80.57356,6.09021],[80.57367,6.09027],[80.57389,6.09069],[80.57409,6.09063],[80.57408,6.09049],[80.57395,6.09043],[80.57388,6.09022],[80.57391,6.09016],[80.57418,6.09009],[80.57417,6.08976],[80.57403,6.08943],[80.57411,6.08926],[80.57409,6.08866],[80.57345,6.08871],[80.57333,6.08876],[80.57326,6.08891],[80.57313,6.08899],[80.57272,6.08907],[80.57222,6.08897],[80.5717,6.08869],[80.57157,6.08876]]]}},{"type":"Feature","properties":{"c":"farmland","n":"Elle Wewa - Irrigable Area"},"geometry":{"type":"Polygon","coordinates":[[[80.57415,6.08869],[80.57416,6.08893],[80.57441,6.08897],[80.57443,6.08904],[80.57507,6.0896],[80.5752,6.08981],[80.57546,6.0901],[80.57555,6.09015],[80.57567,6.08996],[80.57558,6.08961],[80.57515,6.08907],[80.57497,6.08898],[80.57491,6.08884],[80.57443,6.08868],[80.57415,6.08869]]]}},{"type":"Feature","properties":{"c":"farmland","n":"Elle Wewa - Irrigable Area"},"geometry":{"type":"Polygon","coordinates":[[[80.5733,6.08719],[80.57331,6.08783],[80.57456,6.08845],[80.57462,6.08868],[80.57493,6.08873],[80.57501,6.08824],[80.5746,6.08794],[80.57397,6.08757],[80.57395,6.08738],[80.5741,6.08707],[80.57407,6.08692],[80.57419,6.08654],[80.57438,6.08647],[80.57458,6.0865],[80.57474,6.08641],[80.57436,6.08599],[80.57437,6.08565],[80.57448,6.08535],[80.57458,6.08528],[80.57472,6.08533],[80.57489,6.08525],[80.57493,6.08505],[80.5748,6.08465],[80.57469,6.08457],[80.57451,6.08458],[80.57451,6.08441],[80.57459,6.08424],[80.57459,6.08407],[80.57442,6.084],[80.5743,6.08397],[80.57402,6.08442],[80.57416,6.08468],[80.57406,6.08541],[80.57403,6.0855],[80.57389,6.08564],[80.57395,6.08584],[80.57389,6.08594],[80.57373,6.08603],[80.57372,6.08609],[80.57383,6.08623],[80.57383,6.0864],[80.57365,6.08668],[80.57362,6.08697],[80.57351,6.08713],[80.5733,6.08719]]]}},{"type":"Feature","properties":{"c":"farmland","n":"Elle Wewa - Irrigable Area"},"geometry":{"type":"Polygon","coordinates":[[[80.57306,6.08835],[80.573,6.08855],[80.57322,6.08873],[80.57381,6.08863],[80.57443,6.08863],[80.57455,6.08867],[80.57456,6.08864],[80.57453,6.0885],[80.57332,6.08787],[80.57312,6.08808],[80.57329,6.08813],[80.57337,6.08822],[80.57333,6.08829],[80.57323,6.08839],[80.57306,6.08835]]]}},{"type":"Feature","properties":{"c":"farmland","n":"Elle Wewa - Irrigable Area"},"geometry":{"type":"Polygon","coordinates":[[[80.57699,6.08854],[80.57714,6.08867],[80.57726,6.08906],[80.57739,6.08909],[80.57744,6.08894],[80.57809,6.08862],[80.57804,6.08853],[80.57763,6.08874],[80.57752,6.08872],[80.57713,6.08842],[80.57699,6.08854]]]}},{"type":"Feature","properties":{"c":"farmland","n":"Elle Wewa - Irrigable Area"},"geometry":{"type":"Polygon","coordinates":[[[80.57502,6.08859],[80.57517,6.08849],[80.57557,6.08848],[80.57589,6.08888],[80.57594,6.0892],[80.57605,6.08929],[80.57627,6.08933],[80.57634,6.0893],[80.57635,6.08915],[80.57624,6.08903],[80.57623,6.08867],[80.57675,6.08833],[80.57695,6.0885],[80.5771,6.08836],[80.57707,6.0882],[80.57696,6.08803],[80.57674,6.08797],[80.57652,6.08813],[80.57636,6.08831],[80.57599,6.08836],[80.57574,6.08813],[80.57534,6.0881],[80.57508,6.08828],[80.57502,6.08859]]]}},{"type":"Feature","properties":{"c":"farmland","n":"Elle Wewa - Irrigable Area"},"geometry":{"type":"Polygon","coordinates":[[[80.57465,6.08264],[80.5748,6.08317],[80.57467,6.08347],[80.57476,6.08377],[80.57507,6.08391],[80.57527,6.08389],[80.57562,6.08362],[80.57513,6.08261],[80.5751,6.08256],[80.57496,6.08255],[80.57469,6.08257],[80.57465,6.08264]]]}},{"type":"Feature","properties":{"c":"farmland","n":"Elle Wewa - Irrigable Area"},"geometry":{"type":"Polygon","coordinates":[[[80.57336,6.08248],[80.57365,6.08273],[80.57387,6.08285],[80.57393,6.083],[80.57392,6.08312],[80.5742,6.08304],[80.57447,6.08312],[80.57451,6.08326],[80.57436,6.08394],[80.57457,6.08403],[80.57474,6.08382],[80.57465,6.08347],[80.57478,6.08316],[80.57459,6.08258],[80.57439,6.08242],[80.57385,6.08229],[80.57356,6.0823],[80.57336,6.08248]]]}},{"type":"Feature","properties":{"c":"farmyard","n":"Rice"},"geometry":{"type":"Polygon","coordinates":[[[80.51778,6.00701],[80.51806,6.00722],[80.51826,6.00698],[80.51816,6.00689],[80.5181,6.00692],[80.51813,6.00683],[80.51799,6.00677],[80.51798,6.00688],[80.51784,6.00691],[80.51778,6.00701]]]}},{"type":"Feature","properties":{"c":"farmyard","n":"Rice"},"geometry":{"type":"Polygon","coordinates":[[[80.51583,6.00996],[80.51651,6.01075],[80.51667,6.01092],[80.51664,6.01075],[80.51654,6.01075],[80.51663,6.01064],[80.51648,6.01033],[80.51641,6.00987],[80.51608,6.00986],[80.51583,6.00996]]]}},{"type":"Feature","properties":{"c":"farmyard","n":"Rice"},"geometry":{"type":"Polygon","coordinates":[[[80.51452,6.00824],[80.51458,6.00836],[80.51468,6.00841],[80.51488,6.00829],[80.51495,6.00833],[80.51503,6.00827],[80.51507,6.00814],[80.51529,6.00806],[80.51538,6.00796],[80.5153,6.00785],[80.51524,6.00786],[80.51519,6.00773],[80.51492,6.00798],[80.51452,6.00824]]]}},{"type":"Feature","properties":{"c":"farmland","n":"Rice"},"geometry":{"type":"Polygon","coordinates":[[[80.55534,5.98487],[80.55538,5.98493],[80.55562,5.98484],[80.55619,5.98425],[80.55727,5.98335],[80.55768,5.9823],[80.55783,5.98152],[80.5591,5.97903],[80.55908,5.97874],[80.55787,5.9781],[80.55741,5.97772],[80.55734,5.97778],[80.55736,5.97818],[80.55723,5.97844],[80.55727,5.97898],[80.5572,5.9792],[80.55692,5.97942],[80.5563,5.97967],[80.55611,5.97983],[80.55654,5.98077],[80.55679,5.98096],[80.55718,5.98142],[80.5573,5.98194],[80.55735,5.98245],[80.55705,5.98295],[80.5558,5.98386],[80.55534,5.98487]]]}},{"type":"Feature","properties":{"c":"farmland"},"geometry":{"type":"Polygon","coordinates":[[[80.69233,6.12011],[80.69238,6.1202],[80.69234,6.12029],[80.69257,6.12065],[80.69293,6.12102],[80.693,6.12131],[80.69298,6.12137],[80.69288,6.12138],[80.69281,6.12148],[80.69287,6.12155],[80.69284,6.12171],[80.6927,6.12179],[80.69271,6.12185],[80.69282,6.12193],[80.69287,6.12219],[80.69282,6.12226],[80.69287,6.12241],[80.6931,6.12261],[80.69316,6.12275],[80.69332,6.12287],[80.69325,6.12291],[80.69324,6.12299],[80.6933,6.12307],[80.69328,6.12346],[80.69297,6.1241],[80.69283,6.12436],[80.69276,6.12439],[80.69286,6.12448],[80.69292,6.12469],[80.69295,6.12511],[80.69289,6.12528],[80.69302,6.12542],[80.69328,6.12558],[80.69336,6.12572],[80.69333,6.12673],[80.69343,6.12722],[80.69342,6.12773],[80.6935,6.12825],[80.69341,6.12833],[80.69305,6.12841],[80.69302,6.12848],[80.69318,6.12867],[80.69323,6.12894],[80.69406,6.1289],[80.69411,6.12888],[80.69422,6.1285],[80.6942,6.12843],[80.69431,6.12816],[80.69425,6.12782],[80.69444,6.12771],[80.69455,6.12754],[80.69477,6.12736],[80.69478,6.12728],[80.69461,6.12723],[80.6946,6.12714],[80.69484,6.12726],[80.6949,6.12719],[80.69515,6.12649],[80.69545,6.12622],[80.69547,6.126],[80.69514,6.12548],[80.69507,6.12514],[80.69493,6.12496],[80.69485,6.1247],[80.69481,6.12436],[80.69456,6.12415],[80.69459,6.12399],[80.69454,6.12358],[80.69427,6.12333],[80.69417,6.12304],[80.69395,6.12288],[80.69348,6.1227],[80.69346,6.12263],[80.69352,6.12243],[80.69343,6.12214],[80.69347,6.12206],[80.6934,6.12175],[80.69328,6.12167],[80.69322,6.12142],[80.69331,6.12098],[80.6935,6.12081],[80.69345,6.12053],[80.69349,6.12042],[80.69368,6.1203],[80.69371,6.12018],[80.69363,6.12011],[80.69362,6.11988],[80.69368,6.11961],[80.69361,6.11951],[80.69347,6.1195],[80.69336,6.11943],[80.6933,6.11911],[80.69323,6.11908],[80.69321,6.11895],[80.69306,6.11895],[80.69305,6.11928],[80.69298,6.1194],[80.69279,6.11943],[80.69277,6.1195],[80.6925,6.11966],[80.69233,6.12011]]]}},{"type":"Feature","properties":{"c":"farmland","n":"Kirama Oya - Irrigable Area"},"geometry":{"type":"Polygon","coordinates":[[[80.68273,6.11914],[80.68278,6.11947],[80.68286,6.11947],[80.68299,6.11959],[80.68301,6.11971],[80.68343,6.12022],[80.68362,6.12022],[80.68443,6.12039],[80.68505,6.12057],[80.68587,6.12052],[80.68634,6.12065],[80.68699,6.12067],[80.68787,6.12079],[80.68798,6.12031],[80.68794,6.12024],[80.68738,6.12016],[80.68685,6.12021],[80.68676,6.12017],[80.68675,6.1201],[80.68652,6.12003],[80.68639,6.11993],[80.68624,6.11993],[80.68581,6.12006],[80.68538,6.11997],[80.68508,6.11982],[80.68434,6.11969],[80.6841,6.11952],[80.68386,6.11948],[80.68312,6.11914],[80.68301,6.11911],[80.68292,6.11915],[80.68273,6.11914]]]}},{"type":"Feature","properties":{"c":"farmland","n":"Kirama Oya - Irrigable Area"},"geometry":{"type":"Polygon","coordinates":[[[80.68091,6.12004],[80.68093,6.12018],[80.68126,6.12048],[80.68175,6.12125],[80.68178,6.12149],[80.68174,6.12178],[80.68179,6.12201],[80.68189,6.12196],[80.6819,6.12185],[80.68201,6.12184],[80.68202,6.12172],[80.68213,6.12174],[80.68217,6.1217],[80.68215,6.1216],[80.68259,6.12118],[80.68262,6.12108],[80.68278,6.1211],[80.68296,6.12104],[80.68307,6.12106],[80.68313,6.12102],[80.68319,6.12086],[80.68325,6.12085],[80.68399,6.12089],[80.68422,6.12077],[80.68479,6.12098],[80.68496,6.12097],[80.68521,6.1211],[80.6854,6.1211],[80.68546,6.1212],[80.68576,6.12132],[80.68627,6.12137],[80.68646,6.12126],[80.6871,6.12122],[80.68771,6.1214],[80.68788,6.12089],[80.68698,6.12074],[80.6864,6.12075],[80.68585,6.12061],[80.68565,6.12061],[80.68553,6.1207],[80.68532,6.12065],[80.68508,6.12067],[80.68449,6.12048],[80.68359,6.1203],[80.68356,6.12034],[80.6836,6.12072],[80.68326,6.12073],[80.68314,6.12064],[80.68287,6.12066],[80.68282,6.12071],[80.68272,6.12068],[80.68264,6.12045],[80.68268,6.12036],[80.68281,6.12035],[80.68294,6.12027],[80.68294,6.12019],[80.68281,6.11985],[80.68263,6.11904],[80.68253,6.11898],[80.682,6.11912],[80.68161,6.11898],[80.68135,6.11898],[80.68122,6.11905],[80.68112,6.1192],[80.68091,6.12004]]]}},{"type":"Feature","properties":{"c":"farmland","n":"Kirama Oya - Irrigable Area"},"geometry":{"type":"Polygon","coordinates":[[[80.69117,6.1207],[80.6913,6.12106],[80.69126,6.12122],[80.69131,6.12164],[80.69151,6.12172],[80.69155,6.12177],[80.69162,6.12236],[80.69209,6.12241],[80.69238,6.12184],[80.69233,6.1218],[80.69235,6.12171],[80.69246,6.12181],[80.69253,6.12178],[80.69252,6.12167],[80.69263,6.12165],[80.69261,6.12152],[80.69252,6.12148],[80.69249,6.1214],[80.69251,6.12134],[80.69261,6.12125],[80.69274,6.12132],[80.69277,6.1214],[80.69279,6.12132],[80.6929,6.12128],[80.69286,6.12107],[80.69274,6.12098],[80.69266,6.12079],[80.69249,6.12069],[80.69248,6.1206],[80.69229,6.12033],[80.69231,6.12018],[80.69222,6.12011],[80.69213,6.12022],[80.69201,6.12022],[80.69164,6.12036],[80.69139,6.12031],[80.69117,6.1207]]]}},{"type":"Feature","properties":{"c":"farmland","n":"Kirama Oya - Irrigable Area"},"geometry":{"type":"Polygon","coordinates":[[[80.68778,6.12141],[80.68806,6.12162],[80.68842,6.12174],[80.689,6.12186],[80.68919,6.12186],[80.68923,6.1218],[80.68972,6.12192],[80.68984,6.12203],[80.69045,6.12224],[80.69075,6.12245],[80.69125,6.12256],[80.6916,6.12249],[80.69151,6.12175],[80.69125,6.12165],[80.6912,6.12128],[80.69126,6.1211],[80.69112,6.12075],[80.69121,6.1205],[80.69127,6.12045],[80.69128,6.12024],[80.69109,6.12025],[80.69098,6.12035],[80.69044,6.12059],[80.68881,6.12059],[80.68852,6.12063],[80.68842,6.12037],[80.68815,6.12027],[80.68803,6.12042],[80.68791,6.12102],[80.68778,6.12141]]]}},{"type":"Feature","properties":{"c":"farmland","n":"Kirama Oya - Irrigable Area"},"geometry":{"type":"Polygon","coordinates":[[[80.69016,6.12324],[80.69027,6.12363],[80.6905,6.12397],[80.69054,6.12414],[80.69067,6.12403],[80.69089,6.12365],[80.69121,6.12325],[80.69143,6.12259],[80.69122,6.12261],[80.69073,6.12251],[80.69068,6.12246],[80.69061,6.12248],[80.69041,6.12293],[80.69016,6.12324]]]}},{"type":"Feature","properties":{"c":"farmland"},"geometry":{"type":"Polygon","coordinates":[[[80.68822,6.12514],[80.68832,6.12526],[80.68853,6.12537],[80.68886,6.12548],[80.68901,6.12548],[80.6894,6.12536],[80.68962,6.12537],[80.68983,6.12501],[80.69002,6.12484],[80.69012,6.12466],[80.69039,6.12452],[80.69049,6.12457],[80.69059,6.12454],[80.69082,6.12437],[80.69115,6.12435],[80.69123,6.12463],[80.69141,6.12464],[80.69154,6.12473],[80.69171,6.12476],[80.69241,6.12434],[80.69276,6.1243],[80.69292,6.12406],[80.69322,6.1234],[80.69322,6.12313],[80.69311,6.12277],[80.69296,6.12264],[80.69309,6.12268],[80.69281,6.12241],[80.69275,6.12197],[80.69258,6.12185],[80.69238,6.1219],[80.69211,6.12244],[80.69165,6.12243],[80.69164,6.12251],[80.69149,6.12262],[80.69123,6.12335],[80.69115,6.12345],[80.6912,6.12352],[80.69116,6.1236],[80.69105,6.12357],[80.69093,6.12369],[80.69073,6.12404],[80.69055,6.1242],[80.69043,6.12442],[80.68915,6.12514],[80.68822,6.12514]]]}},{"type":"Feature","properties":{"c":"farmland"},"geometry":{"type":"Polygon","coordinates":[[[80.68922,6.11557],[80.68953,6.11566],[80.68986,6.11594],[80.69014,6.11653],[80.69036,6.11678],[80.69068,6.11666],[80.691,6.11661],[80.69149,6.11673],[80.69216,6.11669],[80.69244,6.11689],[80.69255,6.11701],[80.69255,6.11711],[80.69273,6.11722],[80.69279,6.11739],[80.69294,6.11743],[80.69305,6.11784],[80.69316,6.11788],[80.69336,6.11784],[80.69352,6.1178],[80.69373,6.11766],[80.69376,6.11757],[80.69351,6.11717],[80.69348,6.1169],[80.69336,6.11671],[80.69328,6.11639],[80.69321,6.11558],[80.69296,6.11552],[80.6928,6.11542],[80.69261,6.11515],[80.69228,6.11506],[80.69171,6.11506],[80.69118,6.11514],[80.69068,6.11511],[80.69006,6.11528],[80.68957,6.11522],[80.68947,6.11524],[80.68931,6.11539],[80.68922,6.11557]]]}},{"type":"Feature","properties":{"c":"farmland","n":"Kirama Oya - Irrigable Area"},"geometry":{"type":"Polygon","coordinates":[[[80.68876,6.11697],[80.68886,6.11709],[80.68882,6.11806],[80.6889,6.11806],[80.68903,6.11794],[80.68933,6.11731],[80.68948,6.11717],[80.68996,6.11706],[80.69014,6.11692],[80.69033,6.11684],[80.68999,6.1165],[80.68956,6.11634],[80.68918,6.1165],[80.68888,6.11654],[80.68876,6.11697]]]}},{"type":"Feature","properties":{"c":"farmland","n":"Kirama Oya - Irrigable Area"},"geometry":{"type":"Polygon","coordinates":[[[80.68573,6.11385],[80.68577,6.1139],[80.68594,6.11394],[80.68599,6.11385],[80.68631,6.11394],[80.68641,6.11404],[80.68643,6.11416],[80.6865,6.11427],[80.68663,6.11436],[80.68691,6.11428],[80.68746,6.11424],[80.68754,6.11422],[80.68761,6.11387],[80.68797,6.11346],[80.68827,6.11324],[80.68844,6.11336],[80.68876,6.11341],[80.68882,6.11331],[80.68883,6.11318],[80.68875,6.11303],[80.68869,6.113],[80.68847,6.11305],[80.68835,6.11313],[80.68829,6.11304],[80.68831,6.11285],[80.68819,6.11275],[80.68812,6.1126],[80.68813,6.11251],[80.68826,6.11236],[80.68824,6.1123],[80.68791,6.11214],[80.68752,6.11253],[80.6876,6.11263],[80.6876,6.11271],[80.68752,6.11283],[80.68738,6.11286],[80.68722,6.11273],[80.6869,6.11273],[80.68672,6.11316],[80.68697,6.11339],[80.68675,6.1138],[80.68654,6.1137],[80.68649,6.11378],[80.68642,6.11362],[80.68615,6.11347],[80.68573,6.11385]]]}},{"type":"Feature","properties":{"c":"farmland","n":"Kirama Oya - Irrigable Area"},"geometry":{"type":"Polygon","coordinates":[[[80.68374,6.11608],[80.68391,6.11618],[80.68389,6.11635],[80.68422,6.11658],[80.68438,6.11659],[80.68487,6.11641],[80.68536,6.11638],[80.68587,6.11642],[80.68624,6.11653],[80.68608,6.11726],[80.68596,6.11748],[80.68598,6.11764],[80.6861,6.11765],[80.68619,6.11753],[80.68631,6.11733],[80.68631,6.11721],[80.68642,6.11696],[80.68654,6.11678],[80.68688,6.11659],[80.6871,6.11652],[80.68779,6.11665],[80.68814,6.11681],[80.68872,6.11694],[80.68884,6.1165],[80.6891,6.11648],[80.68954,6.1163],[80.68998,6.11645],[80.69014,6.11659],[80.69002,6.11635],[80.6899,6.11624],[80.68982,6.11599],[80.6895,6.1157],[80.68905,6.11565],[80.6888,6.11545],[80.68865,6.11546],[80.68826,6.11523],[80.68823,6.11526],[80.68817,6.11521],[80.6882,6.11515],[80.6881,6.11506],[80.688,6.11511],[80.68794,6.11501],[80.68798,6.11496],[80.68782,6.11475],[80.68765,6.11462],[80.68748,6.1143],[80.68696,6.1143],[80.68671,6.11444],[80.68664,6.11443],[80.68651,6.1149],[80.68638,6.11512],[80.68629,6.11522],[80.68612,6.11518],[80.686,6.11545],[80.68572,6.11534],[80.68518,6.11527],[80.68516,6.11532],[80.68554,6.11551],[80.68558,6.11557],[80.68556,6.11577],[80.6855,6.11583],[80.68521,6.11589],[80.68503,6.11581],[80.68469,6.11585],[80.68439,6.11572],[80.68419,6.11543],[80.68411,6.11538],[80.68412,6.11552],[80.68402,6.11568],[80.68421,6.11587],[80.68411,6.11594],[80.68403,6.11593],[80.68394,6.11577],[80.68374,6.11608]]]}},{"type":"Feature","properties":{"c":"farmland"},"geometry":{"type":"Polygon","coordinates":[[[80.69331,6.11561],[80.69334,6.11628],[80.69349,6.11681],[80.69382,6.11666],[80.69399,6.11667],[80.69443,6.11657],[80.69447,6.1165],[80.69445,6.11626],[80.69449,6.11621],[80.69468,6.11626],[80.69478,6.11649],[80.6949,6.1165],[80.69503,6.11667],[80.69519,6.11655],[80.69511,6.11636],[80.69506,6.11573],[80.69468,6.1155],[80.6945,6.1155],[80.69386,6.11532],[80.6935,6.11557],[80.69331,6.11561]]]}},{"type":"Feature","properties":{"c":"forest"},"geometry":{"type":"Polygon","coordinates":[[[80.59123,6.10656],[80.59123,6.10701],[80.59129,6.10724],[80.59147,6.10763],[80.59202,6.10837],[80.5929,6.10888],[80.59333,6.10905],[80.59364,6.1094],[80.59385,6.1098],[80.59411,6.11014],[80.59481,6.11072],[80.59539,6.11103],[80.59628,6.11127],[80.59626,6.11152],[80.59609,6.11171],[80.59543,6.11182],[80.59527,6.11198],[80.59515,6.11219],[80.59497,6.11232],[80.59476,6.1124],[80.59452,6.1124],[80.59426,6.11252],[80.59408,6.11264],[80.59384,6.11306],[80.59384,6.11328],[80.59418,6.11391],[80.59469,6.11432],[80.59489,6.11471],[80.59521,6.11551],[80.59537,6.11566],[80.59557,6.11578],[80.59577,6.11582],[80.59644,6.11583],[80.59664,6.11571],[80.59687,6.11533],[80.59688,6.11487],[80.59669,6.11375],[80.59662,6.11286],[80.59665,6.11242],[80.59676,6.11224],[80.59698,6.11219],[80.5974,6.1122],[80.59832,6.11279],[80.59841,6.11299],[80.59833,6.11319],[80.59762,6.11344],[80.59742,6.11356],[80.5973,6.11374],[80.59731,6.1142],[80.59797,6.1154],[80.59882,6.11594],[80.59897,6.1161],[80.59957,6.1165],[80.59989,6.11681],[80.60029,6.1174],[80.60081,6.11844],[80.60102,6.11933],[80.60112,6.11998],[80.60143,6.12073],[80.60191,6.12119],[80.60198,6.1214],[80.60195,6.1221],[80.60234,6.12315],[80.60292,6.12416],[80.60384,6.12452],[80.60546,6.12534],[80.60608,6.12558],[80.60651,6.12561],[80.60738,6.12529],[80.6078,6.12516],[80.60804,6.12514],[80.60894,6.12475],[80.60908,6.12457],[80.60908,6.12436],[80.60881,6.12398],[80.60879,6.12355],[80.60895,6.12339],[80.6095,6.12301],[80.61016,6.12238],[80.61157,6.12238],[80.61214,6.12214],[80.613,6.12214],[80.61421,6.12261],[80.61506,6.12275],[80.61553,6.12274],[80.61576,6.12268],[80.61659,6.12228],[80.61766,6.12209],[80.61837,6.12213],[80.619,6.12206],[80.61922,6.12199],[80.61937,6.12181],[80.61943,6.12159],[80.61943,6.12137],[80.6193,6.12117],[80.61814,6.1204],[80.61792,6.12039],[80.61775,6.12024],[80.61751,6.11983],[80.61717,6.1195],[80.61694,6.11941],[80.61648,6.11938],[80.61555,6.11948],[80.61511,6.11964],[80.61466,6.11966],[80.61451,6.11947],[80.61435,6.11882],[80.61367,6.11791],[80.61367,6.11706],[80.61354,6.11689],[80.6135,6.11666],[80.61348,6.11571],[80.61331,6.11504],[80.61327,6.11461],[80.61315,6.11444],[80.6126,6.11391],[80.61236,6.1139],[80.61219,6.11375],[80.61207,6.11355],[80.61196,6.11311],[80.612,6.11223],[80.61187,6.11205],[80.61126,6.11173],[80.61112,6.11152],[80.61094,6.11108],[80.61098,6.11041],[80.61093,6.1102],[80.61083,6.11001],[80.61068,6.10985],[80.60988,6.10934],[80.60964,6.10894],[80.60936,6.10831],[80.60904,6.10794],[80.60885,6.1078],[80.60871,6.1076],[80.60864,6.10736],[80.60864,6.10692],[80.60871,6.10671],[80.60895,6.10652],[80.60899,6.10631],[80.60883,6.10613],[80.60807,6.10558],[80.60802,6.10537],[80.60778,6.105],[80.60778,6.10477],[80.60798,6.10472],[80.6082,6.10477],[80.60836,6.10493],[80.60847,6.10538],[80.60863,6.10558],[80.60901,6.10576],[80.60946,6.1058],[80.60966,6.10591],[80.61058,6.10671],[80.61079,6.10677],[80.61102,6.10669],[80.6113,6.10634],[80.6114,6.10589],[80.61142,6.1052],[80.61161,6.10457],[80.61125,6.10388],[80.61085,6.1033],[80.61018,6.10303],[80.60997,6.103],[80.60978,6.10287],[80.60932,6.10208],[80.60893,6.10183],[80.60871,6.10174],[80.60804,6.10165],[80.60717,6.10201],[80.60601,6.10206],[80.6058,6.102],[80.60533,6.10173],[80.60488,6.1017],[80.60466,6.10149],[80.60462,6.10123],[80.60466,6.10071],[80.60457,6.10059],[80.60444,6.10055],[80.60417,6.1008],[80.60431,6.10111],[80.60431,6.10134],[80.60439,6.10154],[80.60466,6.10193],[80.60503,6.1023],[80.60488,6.10246],[80.60489,6.10257],[80.60496,6.10266],[80.60517,6.10275],[80.60552,6.10275],[80.60574,6.10281],[80.60622,6.10314],[80.60652,6.1035],[80.60672,6.10415],[80.607,6.10465],[80.60701,6.10477],[80.6069,6.10473],[80.60657,6.10442],[80.60651,6.10433],[80.60646,6.10398],[80.6059,6.10326],[80.60549,6.10306],[80.60505,6.10306],[80.60475,6.10297],[80.60468,6.10288],[80.60441,6.10216],[80.60404,6.10149],[80.60353,6.10094],[80.6034,6.10061],[80.60333,6.10053],[80.60322,6.10054],[80.60317,6.10063],[80.60317,6.10109],[80.60313,6.10126],[80.60305,6.10134],[80.60293,6.10133],[80.60297,6.10104],[80.60275,6.10064],[80.60203,6.10005],[80.60187,6.09999],[80.60175,6.1],[80.60168,6.10015],[80.60173,6.10037],[80.60166,6.10059],[80.60166,6.10094],[80.60162,6.10098],[80.60151,6.10096],[80.60141,6.10085],[80.60128,6.10096],[80.60117,6.10098],[80.60116,6.10082],[80.60136,6.1007],[80.60142,6.1006],[80.60146,6.10038],[80.60143,6.10018],[80.6012,6.09993],[80.60089,6.09987],[80.6008,6.0998],[80.6005,6.09935],[80.60034,6.09936],[80.60017,6.09959],[80.60006,6.09958],[80.60006,6.09925],[80.60023,6.09902],[80.60043,6.09887],[80.60044,6.0987],[80.60011,6.09842],[80.59999,6.09817],[80.59981,6.09794],[80.59969,6.09788],[80.59923,6.09784],[80.59897,6.09795],[80.5989,6.0981],[80.59899,6.09853],[80.59892,6.0986],[80.59874,6.0982],[80.59872,6.09791],[80.59843,6.09775],[80.59787,6.09773],[80.59771,6.09789],[80.59747,6.09803],[80.59741,6.09826],[80.5972,6.09821],[80.59702,6.098],[80.59685,6.09799],[80.59667,6.09804],[80.59651,6.09821],[80.5963,6.09831],[80.59625,6.09827],[80.59627,6.09821],[80.59642,6.09803],[80.59634,6.09791],[80.5961,6.09796],[80.59583,6.09787],[80.59561,6.09788],[80.59553,6.09795],[80.59549,6.09817],[80.59534,6.09822],[80.59518,6.09817],[80.59526,6.09781],[80.59524,6.09771],[80.59516,6.09763],[80.59484,6.09767],[80.5945,6.09786],[80.59445,6.09786],[80.59427,6.09764],[80.59368,6.09768],[80.59355,6.09799],[80.5926,6.098],[80.59241,6.09806],[80.5923,6.09815],[80.59223,6.09825],[80.59209,6.09874],[80.59219,6.09924],[80.59289,6.09927],[80.59324,6.09942],[80.59331,6.09963],[80.59281,6.1],[80.59274,6.10022],[80.59278,6.10043],[80.59313,6.1007],[80.59334,6.10072],[80.59398,6.10039],[80.59422,6.10036],[80.59483,6.10052],[80.59583,6.10052],[80.59605,6.10062],[80.59626,6.10088],[80.59626,6.10099],[80.59606,6.10114],[80.59559,6.10129],[80.5954,6.10181],[80.59558,6.1021],[80.59579,6.1022],[80.59634,6.10233],[80.59649,6.10249],[80.5965,6.10261],[80.59644,6.1027],[80.59624,6.10283],[80.59599,6.10289],[80.59553,6.10291],[80.59541,6.10293],[80.59535,6.10302],[80.5953,6.10325],[80.59539,6.10358],[80.59535,6.10416],[80.59537,6.10462],[80.59554,6.10475],[80.59576,6.1048],[80.59621,6.10461],[80.59676,6.10426],[80.59699,6.1042],[80.59709,6.10426],[80.59706,6.1045],[80.59683,6.10479],[80.59652,6.10493],[80.59559,6.10514],[80.59535,6.10515],[80.59494,6.10493],[80.59482,6.10474],[80.59467,6.1043],[80.59467,6.10387],[80.59448,6.10374],[80.59354,6.10364],[80.59307,6.10345],[80.59272,6.10375],[80.59246,6.10412],[80.59222,6.10421],[80.59176,6.10425],[80.59162,6.10444],[80.59163,6.10467],[80.59179,6.10508],[80.59185,6.10556],[80.59174,6.10581],[80.59131,6.10634],[80.59123,6.10656]]]}},{"type":"Feature","properties":{"c":"residential"},"geometry":{"type":"Polygon","coordinates":[[[80.53557,6.35241],[80.53571,6.35241],[80.5357,6.35232],[80.53558,6.35232],[80.53557,6.35241]]]}},{"type":"Feature","properties":{"c":"farmland"},"geometry":{"type":"Polygon","coordinates":[[[80.44814,6.00477],[80.44843,6.005],[80.44888,6.00508],[80.44907,6.00453],[80.4488,6.00447],[80.44843,6.00459],[80.44814,6.00477]]]}},{"type":"Feature","properties":{"c":"farmland"},"geometry":{"type":"Polygon","coordinates":[[[80.59886,6.15532],[80.59895,6.15553],[80.59924,6.15547],[80.59923,6.15532],[80.59938,6.15486],[80.59948,6.15471],[80.59981,6.15442],[80.59985,6.1542],[80.59972,6.15413],[80.59897,6.15485],[80.59886,6.15532]]]}},{"type":"Feature","properties":{"c":"industrial"},"geometry":{"type":"Polygon","coordinates":[[[80.56216,6.34354],[80.56221,6.34364],[80.5623,6.34361],[80.56227,6.34352],[80.56216,6.34354]]]}},{"type":"Feature","properties":{"c":"forest","n":"padyy area"},"geometry":{"type":"Polygon","coordinates":[[[80.56102,6.3446],[80.56112,6.34483],[80.56134,6.34477],[80.56137,6.34449],[80.56115,6.3444],[80.56102,6.3446]]]}},{"type":"Feature","properties":{"c":"farmyard"},"geometry":{"type":"Polygon","coordinates":[[[80.63576,6.2645],[80.63587,6.26453],[80.63589,6.26442],[80.63577,6.26442],[80.63576,6.2645]]]}},{"type":"Feature","properties":{"c":"orchard"},"geometry":{"type":"Polygon","coordinates":[[[80.49038,6.25848],[80.49032,6.25863],[80.49075,6.25888],[80.4908,6.25896],[80.49082,6.25902],[80.49076,6.25912],[80.49059,6.25908],[80.49056,6.25913],[80.49069,6.25917],[80.49064,6.25924],[80.49079,6.25938],[80.49089,6.25932],[80.49097,6.25946],[80.4909,6.25953],[80.49106,6.25973],[80.49115,6.25968],[80.49126,6.25968],[80.49129,6.25964],[80.49129,6.2595],[80.49114,6.25947],[80.49113,6.25943],[80.49115,6.25927],[80.4912,6.25922],[80.49127,6.25926],[80.49137,6.25943],[80.49153,6.25947],[80.49169,6.25915],[80.49167,6.25904],[80.4915,6.25897],[80.49153,6.25912],[80.49143,6.25914],[80.4913,6.25902],[80.4913,6.25888],[80.49125,6.2589],[80.49122,6.25886],[80.49131,6.25862],[80.49139,6.25872],[80.49159,6.25873],[80.49148,6.25852],[80.49167,6.25841],[80.49169,6.25831],[80.49143,6.25802],[80.49127,6.25774],[80.49113,6.25763],[80.491,6.25762],[80.49076,6.25801],[80.49052,6.25807],[80.49058,6.25819],[80.49049,6.2584],[80.49054,6.25849],[80.49052,6.25853],[80.49038,6.25848]]]}},{"type":"Feature","properties":{"c":"farmland"},"geometry":{"type":"Polygon","coordinates":[[[80.49209,6.25845],[80.4924,6.25868],[80.49249,6.2586],[80.49265,6.25869],[80.4928,6.25858],[80.49244,6.25846],[80.49239,6.2585],[80.49221,6.25835],[80.49209,6.25845]]]}},{"type":"Feature","properties":{"c":"farmland"},"geometry":{"type":"Polygon","coordinates":[[[80.49211,6.25814],[80.49214,6.2583],[80.49281,6.25855],[80.49291,6.25841],[80.49286,6.25798],[80.49299,6.25789],[80.49304,6.25779],[80.49275,6.25781],[80.49266,6.25792],[80.49211,6.25814]]]}},{"type":"Feature","properties":{"c":"orchard"},"geometry":{"type":"Polygon","coordinates":[[[80.49349,6.25933],[80.49359,6.25939],[80.49362,6.2595],[80.49371,6.25959],[80.49375,6.25958],[80.49381,6.25952],[80.49378,6.25937],[80.49394,6.25935],[80.4939,6.25929],[80.49399,6.2592],[80.49402,6.2591],[80.49374,6.25916],[80.49359,6.25913],[80.4935,6.25924],[80.49349,6.25933]]]}},{"type":"Feature","properties":{"c":"farmland"},"geometry":{"type":"Polygon","coordinates":[[[80.49272,6.25886],[80.49293,6.25898],[80.49329,6.25902],[80.4934,6.25911],[80.49357,6.25909],[80.4936,6.25901],[80.49374,6.25898],[80.49375,6.25891],[80.49368,6.2589],[80.49367,6.25883],[80.49353,6.25874],[80.49362,6.25864],[80.49373,6.25865],[80.49373,6.25858],[80.49382,6.25851],[80.49384,6.25842],[80.49394,6.25837],[80.49398,6.25825],[80.49376,6.25816],[80.49369,6.2583],[80.49345,6.25849],[80.49341,6.2586],[80.49308,6.25878],[80.49301,6.25878],[80.49293,6.25867],[80.49272,6.25886]]]}},{"type":"Feature","properties":{"c":"orchard"},"geometry":{"type":"Polygon","coordinates":[[[80.49258,6.25914],[80.49279,6.25923],[80.49297,6.25942],[80.49292,6.25955],[80.49296,6.25957],[80.49295,6.2598],[80.49318,6.25973],[80.4932,6.25968],[80.49311,6.25971],[80.49309,6.25966],[80.49313,6.25957],[80.49324,6.25954],[80.49325,6.2595],[80.49323,6.25925],[80.49315,6.25914],[80.49277,6.25906],[80.49267,6.25912],[80.49258,6.25909],[80.49258,6.25914]]]}},{"type":"Feature","properties":{"c":"farmland"},"geometry":{"type":"Polygon","coordinates":[[[80.49159,6.25969],[80.49167,6.26007],[80.49178,6.25992],[80.49213,6.25981],[80.49214,6.25963],[80.49209,6.25958],[80.49219,6.2594],[80.49218,6.25922],[80.4919,6.2591],[80.49185,6.25932],[80.49168,6.25949],[80.49159,6.25969]]]}},{"type":"Feature","properties":{"c":"orchard"},"geometry":{"type":"Polygon","coordinates":[[[80.48979,6.2597],[80.48993,6.25977],[80.48997,6.25986],[80.48997,6.2602],[80.49001,6.26025],[80.49014,6.26019],[80.49031,6.25991],[80.49034,6.25975],[80.49023,6.25947],[80.49035,6.25944],[80.49076,6.25994],[80.49106,6.25973],[80.4909,6.25953],[80.49097,6.25946],[80.49089,6.25932],[80.49079,6.25938],[80.49067,6.25926],[80.49044,6.2592],[80.4904,6.25913],[80.49024,6.25905],[80.49017,6.25867],[80.48996,6.25875],[80.48999,6.25938],[80.48996,6.25959],[80.4899,6.25967],[80.48979,6.2597]]]}},{"type":"Feature","properties":{"c":"orchard"},"geometry":{"type":"Polygon","coordinates":[[[80.48875,6.25827],[80.48891,6.25856],[80.48899,6.25904],[80.48909,6.25918],[80.4889,6.25957],[80.48895,6.25965],[80.48926,6.25977],[80.4899,6.25963],[80.48995,6.25908],[80.48992,6.25869],[80.4897,6.25872],[80.48964,6.25879],[80.48966,6.25901],[80.48959,6.25902],[80.48957,6.25908],[80.48952,6.25903],[80.48945,6.25908],[80.48943,6.25904],[80.48948,6.25895],[80.48944,6.25891],[80.48939,6.25893],[80.48945,6.25882],[80.4894,6.25876],[80.4895,6.25878],[80.48959,6.2587],[80.48962,6.25875],[80.4897,6.25869],[80.48992,6.25866],[80.48985,6.25846],[80.48952,6.25816],[80.48886,6.25819],[80.48875,6.25827]]]}},{"type":"Feature","properties":{"c":"orchard"},"geometry":{"type":"Polygon","coordinates":[[[80.4892,6.2598],[80.48944,6.25989],[80.48946,6.25999],[80.48966,6.26009],[80.4897,6.2602],[80.48966,6.26033],[80.48974,6.26038],[80.48997,6.26033],[80.49002,6.26044],[80.49016,6.26042],[80.49015,6.26035],[80.4902,6.26031],[80.4903,6.26034],[80.49023,6.26027],[80.49027,6.26021],[80.49041,6.26008],[80.49053,6.26008],[80.49055,6.26003],[80.49045,6.25992],[80.49041,6.25994],[80.49037,6.25985],[80.49051,6.25972],[80.49049,6.25959],[80.49035,6.25944],[80.49025,6.25949],[80.49035,6.25968],[80.49034,6.25987],[80.49008,6.26026],[80.48995,6.26023],[80.48995,6.2599],[80.48991,6.25981],[80.48982,6.25974],[80.48972,6.2597],[80.4892,6.2598]]]}},{"type":"Feature","properties":{"c":"orchard"},"geometry":{"type":"Polygon","coordinates":[[[80.48742,6.25772],[80.48745,6.25791],[80.48773,6.25802],[80.4886,6.25793],[80.48896,6.25776],[80.48894,6.25766],[80.48897,6.25759],[80.48901,6.2576],[80.48898,6.2575],[80.48903,6.25745],[80.489,6.25736],[80.48906,6.25739],[80.48909,6.25733],[80.48913,6.25736],[80.48918,6.25726],[80.48924,6.25728],[80.48927,6.25716],[80.48892,6.25692],[80.48865,6.25688],[80.48829,6.25706],[80.48837,6.2571],[80.48834,6.25713],[80.4882,6.25712],[80.4879,6.25721],[80.48769,6.2571],[80.48758,6.25711],[80.4875,6.25719],[80.48755,6.25734],[80.48746,6.25738],[80.48752,6.25753],[80.48742,6.25772]]]}},{"type":"Feature","properties":{"c":"orchard"},"geometry":{"type":"Polygon","coordinates":[[[80.48646,6.26433],[80.48655,6.26444],[80.48649,6.26465],[80.48653,6.2647],[80.48668,6.26477],[80.48673,6.26462],[80.48679,6.26463],[80.48676,6.26476],[80.48679,6.26484],[80.48666,6.26499],[80.48673,6.26521],[80.48697,6.26533],[80.48714,6.2651],[80.48726,6.26509],[80.48732,6.26499],[80.48728,6.26482],[80.48741,6.2648],[80.48751,6.26502],[80.48747,6.26507],[80.48735,6.26513],[80.48716,6.2651],[80.48699,6.26533],[80.48715,6.26542],[80.4874,6.26543],[80.48744,6.2654],[80.4874,6.26533],[80.48745,6.26531],[80.48784,6.26549],[80.48785,6.26533],[80.48773,6.26503],[80.48776,6.26488],[80.48786,6.26478],[80.48801,6.26479],[80.48797,6.26474],[80.488,6.26453],[80.48812,6.26454],[80.48815,6.26442],[80.48839,6.26416],[80.48834,6.26397],[80.48861,6.26361],[80.48873,6.26363],[80.48894,6.26318],[80.48902,6.2631],[80.48896,6.26302],[80.48878,6.26308],[80.48882,6.26298],[80.48872,6.26297],[80.48876,6.2629],[80.48851,6.26303],[80.48845,6.26317],[80.48786,6.26346],[80.48753,6.2634],[80.48748,6.26318],[80.48743,6.26321],[80.48744,6.26337],[80.48717,6.26348],[80.48704,6.26344],[80.48703,6.26356],[80.48689,6.2636],[80.48687,6.2637],[80.48695,6.26376],[80.48682,6.26414],[80.48661,6.26408],[80.48646,6.26433]]]}},{"type":"Feature","properties":{"c":"farmland"},"geometry":{"type":"Polygon","coordinates":[[[80.48909,6.263],[80.48922,6.26308],[80.48961,6.26257],[80.48981,6.26252],[80.48975,6.26236],[80.48951,6.26247],[80.48927,6.26249],[80.48923,6.26273],[80.48909,6.263]]]}},{"type":"Feature","properties":{"c":"orchard"},"geometry":{"type":"Polygon","coordinates":[[[80.48963,6.26152],[80.48973,6.26162],[80.48975,6.26172],[80.49021,6.26208],[80.49028,6.26205],[80.4904,6.26213],[80.49048,6.26212],[80.49041,6.26198],[80.49047,6.26186],[80.49034,6.26165],[80.49047,6.26152],[80.49044,6.26142],[80.49031,6.26142],[80.49008,6.26124],[80.49008,6.26118],[80.48994,6.26131],[80.48986,6.26128],[80.48983,6.26136],[80.48968,6.26141],[80.48963,6.26152]]]}},{"type":"Feature","properties":{"c":"orchard"},"geometry":{"type":"Polygon","coordinates":[[[80.48905,6.26208],[80.48913,6.26213],[80.48929,6.26247],[80.48954,6.26245],[80.48977,6.26235],[80.48982,6.26249],[80.48988,6.26252],[80.4899,6.26244],[80.49,6.26247],[80.49,6.26241],[80.49023,6.26225],[80.49014,6.26205],[80.49002,6.26201],[80.48998,6.26192],[80.48973,6.26178],[80.48962,6.26164],[80.48941,6.26165],[80.48931,6.26171],[80.48924,6.26187],[80.48914,6.26191],[80.48905,6.26208]]]}},{"type":"Feature","properties":{"c":"orchard"},"geometry":{"type":"Polygon","coordinates":[[[80.48928,6.2608],[80.48936,6.26078],[80.48939,6.26068],[80.48957,6.26052],[80.48967,6.26036],[80.48951,6.26033],[80.48945,6.26037],[80.48935,6.26051],[80.48928,6.2608]]]}},{"type":"Feature","properties":{"c":"farmland"},"geometry":{"type":"Polygon","coordinates":[[[80.49001,6.26517],[80.4905,6.26568],[80.49075,6.26556],[80.49117,6.26553],[80.49126,6.2653],[80.49117,6.26527],[80.4912,6.26525],[80.49155,6.26528],[80.49167,6.2651],[80.49193,6.265],[80.49208,6.26512],[80.49216,6.26498],[80.4923,6.265],[80.49249,6.26486],[80.49252,6.2648],[80.49246,6.26469],[80.49235,6.26475],[80.4923,6.26467],[80.49231,6.26457],[80.49254,6.26434],[80.49237,6.26418],[80.49215,6.26437],[80.49209,6.26436],[80.49212,6.26445],[80.49227,6.26454],[80.49194,6.26452],[80.49186,6.26463],[80.49172,6.26466],[80.49169,6.26472],[80.49162,6.26469],[80.49159,6.26479],[80.49146,6.26483],[80.49137,6.26478],[80.49119,6.26488],[80.49111,6.26485],[80.49096,6.26497],[80.49093,6.26506],[80.49083,6.26502],[80.49073,6.26514],[80.49067,6.26489],[80.4907,6.26478],[80.49103,6.26447],[80.49123,6.26441],[80.49135,6.26427],[80.49143,6.26408],[80.49152,6.26402],[80.4915,6.26388],[80.49138,6.26382],[80.49119,6.26401],[80.49086,6.26413],[80.49058,6.26429],[80.49036,6.2645],[80.4902,6.26475],[80.49016,6.26504],[80.49001,6.26517]]]}},{"type":"Feature","properties":{"c":"farmland"},"geometry":{"type":"Polygon","coordinates":[[[80.49245,6.26413],[80.49251,6.26412],[80.49282,6.2644],[80.49292,6.26428],[80.49302,6.26425],[80.49314,6.26437],[80.49308,6.26448],[80.49321,6.26454],[80.49328,6.26441],[80.49322,6.26428],[80.4933,6.26407],[80.49321,6.26411],[80.49313,6.26405],[80.49296,6.26403],[80.49287,6.2639],[80.49282,6.264],[80.49271,6.26406],[80.49264,6.26404],[80.49262,6.2639],[80.49247,6.26403],[80.49245,6.26413]]]}},{"type":"Feature","properties":{"c":"orchard"},"geometry":{"type":"Polygon","coordinates":[[[80.4888,6.26444],[80.48881,6.26447],[80.48888,6.26446],[80.4891,6.26433],[80.48913,6.26437],[80.4891,6.26447],[80.48914,6.2645],[80.48909,6.26455],[80.48919,6.2646],[80.48935,6.26489],[80.48981,6.26512],[80.48981,6.26489],[80.48991,6.26488],[80.49012,6.26453],[80.49023,6.26452],[80.49051,6.26429],[80.49087,6.26409],[80.49094,6.26399],[80.49094,6.26391],[80.49086,6.26387],[80.4905,6.26418],[80.49047,6.26404],[80.49063,6.26386],[80.49064,6.26364],[80.49044,6.26358],[80.49037,6.26336],[80.49016,6.26336],[80.49023,6.2632],[80.49021,6.26312],[80.49008,6.26307],[80.48995,6.2629],[80.48982,6.26281],[80.48981,6.26295],[80.48968,6.26323],[80.4892,6.26391],[80.48917,6.26401],[80.48891,6.26427],[80.48889,6.26438],[80.4888,6.26444]]]}},{"type":"Feature","properties":{"c":"farmland"},"geometry":{"type":"Polygon","coordinates":[[[80.49811,6.26357],[80.49819,6.26367],[80.49831,6.26365],[80.49838,6.26361],[80.49842,6.26345],[80.49847,6.26343],[80.49885,6.2636],[80.49892,6.26358],[80.49897,6.26343],[80.49893,6.2632],[80.49888,6.26314],[80.49877,6.26321],[80.49865,6.26311],[80.49848,6.26318],[80.49845,6.26301],[80.49838,6.26304],[80.49832,6.26313],[80.49816,6.26316],[80.4982,6.26328],[80.49811,6.26357]]]}},{"type":"Feature","properties":{"c":"farmland"},"geometry":{"type":"Polygon","coordinates":[[[80.4976,6.26475],[80.49762,6.26496],[80.49777,6.26503],[80.49806,6.26498],[80.49854,6.26459],[80.49853,6.26452],[80.49861,6.26442],[80.49896,6.26437],[80.49889,6.26427],[80.49871,6.26421],[80.49869,6.26383],[80.49851,6.26373],[80.49821,6.26374],[80.49816,6.26386],[80.49775,6.26423],[80.49783,6.26436],[80.49795,6.26434],[80.49805,6.26446],[80.49803,6.26454],[80.49798,6.26454],[80.49797,6.26469],[80.4979,6.26468],[80.49784,6.26474],[80.49777,6.26466],[80.4976,6.26475]]]}},{"type":"Feature","properties":{"c":"farmland"},"geometry":{"type":"Polygon","coordinates":[[[80.49428,6.25988],[80.49432,6.26022],[80.49456,6.26024],[80.49477,6.26044],[80.4948,6.26047],[80.49475,6.26056],[80.49498,6.26075],[80.49504,6.26085],[80.49503,6.26116],[80.49543,6.26157],[80.49538,6.26164],[80.49542,6.26168],[80.49535,6.26176],[80.49544,6.26193],[80.49543,6.2621],[80.49525,6.26226],[80.49526,6.2624],[80.49519,6.26254],[80.49517,6.26283],[80.49527,6.26301],[80.49535,6.26297],[80.49531,6.26291],[80.49535,6.2629],[80.49537,6.26281],[80.49533,6.26279],[80.49541,6.26265],[80.49554,6.26259],[80.49562,6.26262],[80.49569,6.26254],[80.49559,6.2625],[80.49554,6.26239],[80.49566,6.26238],[80.49561,6.26221],[80.49577,6.26211],[80.49576,6.26206],[80.49601,6.26176],[80.49597,6.26174],[80.49602,6.26163],[80.49624,6.26137],[80.49661,6.26116],[80.49673,6.26099],[80.49709,6.26087],[80.49717,6.2609],[80.49742,6.2608],[80.49757,6.26061],[80.49751,6.26057],[80.49749,6.26048],[80.49765,6.26025],[80.49766,6.26012],[80.49756,6.25984],[80.49726,6.25991],[80.49708,6.25982],[80.49685,6.25939],[80.49678,6.25937],[80.49674,6.25947],[80.49676,6.25956],[80.49669,6.25964],[80.49642,6.25985],[80.4962,6.2599],[80.49602,6.25981],[80.49554,6.25999],[80.49542,6.25986],[80.49528,6.25985],[80.49513,6.25974],[80.49495,6.25986],[80.49489,6.25985],[80.49478,6.25966],[80.49479,6.25952],[80.49448,6.25938],[80.49442,6.25944],[80.49453,6.25961],[80.49449,6.25971],[80.49431,6.25976],[80.49428,6.25988]]]}},{"type":"Feature","properties":{"c":"farmland"},"geometry":{"type":"Polygon","coordinates":[[[80.48899,6.25659],[80.48942,6.25674],[80.4895,6.25672],[80.4897,6.25687],[80.48972,6.25739],[80.49003,6.25768],[80.49057,6.25782],[80.49073,6.25771],[80.49069,6.25759],[80.49074,6.25754],[80.49077,6.25723],[80.49066,6.25722],[80.49065,6.25715],[80.49057,6.25711],[80.49065,6.25691],[80.49053,6.25675],[80.49026,6.25673],[80.4902,6.25678],[80.49016,6.25673],[80.49013,6.25678],[80.49,6.25678],[80.48994,6.25686],[80.48979,6.25685],[80.48968,6.25669],[80.48962,6.25672],[80.48942,6.25652],[80.48947,6.25646],[80.48942,6.25632],[80.48944,6.25606],[80.48934,6.25601],[80.48923,6.25608],[80.48912,6.25624],[80.48906,6.25622],[80.48908,6.2563],[80.48901,6.25638],[80.48899,6.25659]]]}},{"type":"Feature","properties":{"c":"farmland"},"geometry":{"type":"Polygon","coordinates":[[[80.49459,6.25935],[80.49479,6.25945],[80.49485,6.25942],[80.49492,6.25926],[80.49516,6.25901],[80.49536,6.25891],[80.49537,6.25885],[80.49518,6.25875],[80.49512,6.25877],[80.49512,6.25891],[80.49478,6.25912],[80.4947,6.25929],[80.49459,6.25935]]]}},{"type":"Feature","properties":{"c":"orchard"},"geometry":{"type":"Polygon","coordinates":[[[80.49523,6.25923],[80.49524,6.25934],[80.4954,6.25959],[80.49538,6.25978],[80.49551,6.25991],[80.49592,6.25977],[80.49602,6.25977],[80.49614,6.25986],[80.49625,6.25985],[80.49662,6.25964],[80.49659,6.25954],[80.49664,6.25946],[80.49651,6.25929],[80.49602,6.25926],[80.49579,6.25913],[80.49553,6.25887],[80.49539,6.25887],[80.49542,6.25907],[80.49523,6.25923]]]}},{"type":"Feature","properties":{"c":"forest","n":"Dediyagala Oladola Forest Reserve"},"geometry":{"type":"Polygon","coordinates":[[[80.39731,6.19596],[80.42584,6.20127],[80.4444,6.17545],[80.44435,6.17537],[80.44438,6.17529],[80.44483,6.17513],[80.445,6.17486],[80.44517,6.17486],[80.44547,6.175],[80.44563,6.175],[80.44582,6.17481],[80.44584,6.17465],[80.44559,6.17443],[80.44575,6.1736],[80.4455,6.17309],[80.4455,6.17293],[80.44568,6.17263],[80.44572,6.17213],[80.44601,6.17156],[80.44615,6.17109],[80.44632,6.17082],[80.44644,6.17034],[80.44692,6.16996],[80.44759,6.16993],[80.44775,6.16986],[80.44785,6.16973],[80.44787,6.16941],[80.44759,6.16922],[80.44752,6.16906],[80.44785,6.16741],[80.44796,6.16729],[80.44812,6.16729],[80.44826,6.16737],[80.44847,6.16761],[80.44891,6.1674],[80.44924,6.16738],[80.44942,6.16765],[80.44968,6.16781],[80.44984,6.16779],[80.45002,6.16752],[80.45004,6.16736],[80.44995,6.16705],[80.44968,6.16685],[80.44859,6.1665],[80.44844,6.16641],[80.44847,6.16626],[80.44862,6.16618],[80.44894,6.16617],[80.44909,6.1661],[80.44907,6.16594],[80.44888,6.16567],[80.44873,6.16485],[80.4486,6.16456],[80.44833,6.16437],[80.448,6.16433],[80.44757,6.1644],[80.44711,6.16456],[80.44697,6.16466],[80.44694,6.16473],[80.44696,6.16502],[80.44692,6.1651],[80.44684,6.16512],[80.44671,6.16502],[80.44667,6.16486],[80.4467,6.16445],[80.44648,6.16427],[80.44632,6.16421],[80.44626,6.16404],[80.44626,6.16388],[80.44601,6.16361],[80.44585,6.16356],[80.44549,6.16365],[80.44515,6.16368],[80.44433,6.16358],[80.44387,6.16381],[80.44354,6.16391],[80.4432,6.1639],[80.44305,6.16381],[80.44299,6.16367],[80.44312,6.16338],[80.44325,6.16328],[80.44366,6.16318],[80.44395,6.16306],[80.44432,6.16271],[80.44442,6.16258],[80.44445,6.16242],[80.44439,6.16209],[80.4443,6.16195],[80.44384,6.16173],[80.44363,6.16168],[80.44349,6.16157],[80.4434,6.16144],[80.44332,6.16078],[80.4431,6.16051],[80.44258,6.16012],[80.44223,6.15956],[80.44181,6.15929],[80.4415,6.15918],[80.44046,6.15916],[80.44015,6.1593],[80.43993,6.15955],[80.43986,6.15995],[80.4396,6.16015],[80.43828,6.16082],[80.43718,6.16112],[80.43673,6.1613],[80.43652,6.16155],[80.43652,6.16174],[80.43672,6.162],[80.43677,6.16216],[80.4367,6.16275],[80.43654,6.1632],[80.4363,6.16344],[80.43548,6.1637],[80.43517,6.16376],[80.43466,6.16376],[80.43386,6.16388],[80.43319,6.16419],[80.43297,6.16443],[80.43289,6.16474],[80.43295,6.1649],[80.43328,6.16524],[80.43391,6.16563],[80.43425,6.16569],[80.43458,6.16561],[80.43521,6.16482],[80.43545,6.16459],[80.43577,6.1645],[80.43609,6.16458],[80.43624,6.16467],[80.43634,6.16481],[80.43621,6.1651],[80.43553,6.1653],[80.43538,6.1654],[80.435,6.16594],[80.43487,6.16622],[80.43492,6.16653],[80.43512,6.16683],[80.43537,6.16738],[80.43539,6.16774],[80.43527,6.16804],[80.43517,6.16817],[80.43502,6.16823],[80.43485,6.16823],[80.43456,6.16811],[80.43435,6.16786],[80.43424,6.16754],[80.43404,6.16729],[80.43387,6.1673],[80.43362,6.16749],[80.43298,6.16764],[80.43274,6.16806],[80.4328,6.16821],[80.43353,6.16883],[80.43378,6.16927],[80.43391,6.16937],[80.4343,6.16946],[80.43445,6.16941],[80.43485,6.16913],[80.43518,6.16916],[80.43527,6.16931],[80.43512,6.1696],[80.43492,6.16984],[80.43463,6.16998],[80.434,6.17014],[80.43386,6.17023],[80.43374,6.17036],[80.43336,6.17098],[80.43323,6.17107],[80.43308,6.17113],[80.43291,6.17113],[80.43245,6.17099],[80.43203,6.17074],[80.4317,6.17072],[80.43155,6.17075],[80.43111,6.17098],[80.43078,6.17128],[80.43069,6.17141],[80.43054,6.1719],[80.43063,6.17282],[80.43055,6.17332],[80.43019,6.17365],[80.42979,6.17427],[80.42951,6.17444],[80.42944,6.17458],[80.42949,6.17484],[80.42982,6.17523],[80.42987,6.17538],[80.42984,6.17554],[80.42963,6.17579],[80.42864,6.17579],[80.42852,6.17568],[80.42845,6.17502],[80.42824,6.17478],[80.42809,6.17474],[80.42769,6.17477],[80.42745,6.17484],[80.42725,6.17498],[80.4269,6.17501],[80.42657,6.17492],[80.42622,6.17472],[80.42608,6.17451],[80.42597,6.17429],[80.42596,6.1742],[80.42602,6.17405],[80.42617,6.17397],[80.42641,6.17401],[80.42653,6.17458],[80.42663,6.17472],[80.42685,6.17486],[80.42704,6.17488],[80.42731,6.17478],[80.42762,6.1744],[80.42766,6.17392],[80.42774,6.17378],[80.42778,6.17348],[80.42776,6.17331],[80.42764,6.17302],[80.42754,6.17234],[80.42744,6.1722],[80.42712,6.17224],[80.42684,6.17237],[80.42658,6.17278],[80.42583,6.1735],[80.42542,6.17367],[80.42526,6.17385],[80.42525,6.17402],[80.42539,6.17432],[80.42564,6.17456],[80.42598,6.17474],[80.42603,6.17481],[80.42598,6.17496],[80.42581,6.17507],[80.42477,6.1751],[80.42447,6.1752],[80.4243,6.17547],[80.42435,6.17577],[80.42426,6.17591],[80.42397,6.1762],[80.42347,6.17641],[80.42313,6.17643],[80.42305,6.17639],[80.42294,6.17627],[80.42294,6.1761],[80.42298,6.17602],[80.42334,6.17624],[80.4236,6.1762],[80.42369,6.17614],[80.42375,6.17608],[80.42376,6.176],[80.42359,6.17572],[80.42374,6.17567],[80.42373,6.17551],[80.4236,6.17542],[80.423,6.1754],[80.42279,6.17553],[80.42273,6.17584],[80.42239,6.17602],[80.42223,6.17646],[80.42194,6.17662],[80.42162,6.17667],[80.42144,6.17697],[80.42129,6.17699],[80.42123,6.17693],[80.42109,6.17665],[80.42069,6.1766],[80.42058,6.17646],[80.42058,6.17627],[80.42062,6.17609],[80.42074,6.17594],[80.42118,6.17562],[80.42171,6.17547],[80.42202,6.1753],[80.42207,6.17521],[80.42205,6.17486],[80.42189,6.17456],[80.4219,6.17437],[80.42198,6.17421],[80.42187,6.17407],[80.42153,6.17394],[80.42125,6.17372],[80.42054,6.17378],[80.42038,6.17386],[80.41999,6.17421],[80.41984,6.17429],[80.41957,6.17432],[80.4193,6.17427],[80.41906,6.17435],[80.41891,6.17427],[80.41882,6.17433],[80.41856,6.17478],[80.418,6.17509],[80.41765,6.17509],[80.41729,6.17504],[80.41694,6.17509],[80.41621,6.17558],[80.41605,6.17565],[80.41568,6.17568],[80.41554,6.1756],[80.4155,6.17506],[80.41553,6.17488],[80.41569,6.17456],[80.41574,6.17381],[80.41578,6.17363],[80.41588,6.17349],[80.41603,6.1734],[80.4162,6.17337],[80.4167,6.17353],[80.41686,6.17344],[80.41693,6.17309],[80.41713,6.17289],[80.41759,6.17263],[80.41778,6.17233],[80.41795,6.17231],[80.41837,6.17264],[80.41854,6.17267],[80.41871,6.17264],[80.41884,6.17253],[80.41891,6.17237],[80.41895,6.17219],[80.41889,6.17199],[80.41889,6.17163],[80.41876,6.17129],[80.41875,6.17093],[80.41869,6.17075],[80.4186,6.17051],[80.4183,6.17033],[80.41806,6.17007],[80.418,6.16914],[80.41757,6.16856],[80.41751,6.1684],[80.41756,6.16824],[80.41804,6.16781],[80.41813,6.16765],[80.41797,6.16689],[80.41794,6.16635],[80.41773,6.16582],[80.40572,6.17268],[80.39731,6.19596]]]}},{"type":"Feature","properties":{"c":"forest"},"geometry":{"type":"Polygon","coordinates":[[[80.32615,6.28201],[80.32624,6.28217],[80.3264,6.28223],[80.32676,6.28219],[80.32711,6.28206],[80.32731,6.28205],[80.32766,6.28207],[80.32783,6.28213],[80.32796,6.28226],[80.32797,6.28243],[80.32789,6.28259],[80.32775,6.28269],[80.3274,6.28275],[80.32732,6.28291],[80.3274,6.28314],[80.32757,6.28345],[80.32771,6.28356],[80.32787,6.28361],[80.32824,6.28362],[80.32832,6.2838],[80.32876,6.28422],[80.32885,6.2845],[80.32864,6.28501],[80.32839,6.28521],[80.32832,6.28538],[80.32838,6.28589],[80.32834,6.28626],[80.32814,6.28668],[80.32793,6.28697],[80.32779,6.28749],[80.32783,6.28802],[80.32792,6.28817],[80.3283,6.28855],[80.32847,6.2886],[80.32864,6.28855],[80.32888,6.28828],[80.32907,6.28824],[80.32923,6.28833],[80.32932,6.28849],[80.32926,6.28902],[80.32894,6.2897],[80.3287,6.28998],[80.32865,6.29016],[80.32871,6.29032],[80.32897,6.29057],[80.32902,6.29092],[80.32916,6.29126],[80.32913,6.29206],[80.32925,6.2924],[80.32924,6.29257],[80.32919,6.29274],[80.32887,6.29302],[80.32865,6.29329],[80.32864,6.29346],[80.3288,6.29379],[80.3288,6.29397],[80.32887,6.29413],[80.32929,6.2944],[80.3298,6.29455],[80.32999,6.29485],[80.33011,6.29519],[80.33009,6.29569],[80.32996,6.29601],[80.32972,6.29627],[80.32974,6.29646],[80.3298,6.29662],[80.33009,6.29683],[80.33028,6.2971],[80.33035,6.29726],[80.33041,6.29761],[80.33056,6.29793],[80.3311,6.29853],[80.33131,6.29883],[80.33137,6.29899],[80.33137,6.29935],[80.33126,6.30009],[80.33127,6.30026],[80.33139,6.3006],[80.33162,6.30086],[80.33185,6.30149],[80.33254,6.30232],[80.333,6.30256],[80.33318,6.30256],[80.33336,6.30249],[80.33359,6.30219],[80.33367,6.30215],[80.33376,6.30216],[80.33399,6.30234],[80.33417,6.30234],[80.33438,6.30216],[80.33439,6.30197],[80.33433,6.30179],[80.33419,6.30171],[80.33402,6.30151],[80.33403,6.30133],[80.33422,6.30113],[80.33449,6.30104],[80.33458,6.30106],[80.33465,6.30122],[80.33479,6.30135],[80.335,6.30136],[80.33524,6.3012],[80.33552,6.30068],[80.33552,6.3003],[80.3354,6.29975],[80.3355,6.29957],[80.3357,6.29943],[80.33596,6.29947],[80.33629,6.29939],[80.33638,6.29942],[80.33645,6.29948],[80.33661,6.29992],[80.33676,6.30001],[80.33709,6.29986],[80.33723,6.29964],[80.33722,6.29937],[80.33728,6.2993],[80.33745,6.29928],[80.33758,6.29942],[80.33867,6.30018],[80.33883,6.30027],[80.33892,6.30027],[80.33947,6.29992],[80.33966,6.29991],[80.33984,6.29996],[80.34003,6.29992],[80.34017,6.2998],[80.34034,6.29954],[80.34049,6.29911],[80.34065,6.29904],[80.34085,6.29908],[80.34093,6.29917],[80.34095,6.29951],[80.34082,6.29978],[80.34043,6.30017],[80.34035,6.30045],[80.34044,6.30061],[80.34057,6.30073],[80.34112,6.30082],[80.3412,6.30088],[80.34122,6.30096],[80.34117,6.30147],[80.34109,6.30162],[80.34091,6.30164],[80.3406,6.3015],[80.34035,6.30123],[80.34018,6.30118],[80.34001,6.30123],[80.33971,6.30145],[80.33936,6.30137],[80.33907,6.30117],[80.3389,6.30118],[80.33874,6.30127],[80.33875,6.30162],[80.33902,6.30206],[80.33908,6.30224],[80.33909,6.30243],[80.33894,6.30252],[80.33876,6.30249],[80.33848,6.302],[80.33825,6.30182],[80.3378,6.30179],[80.33755,6.30187],[80.33746,6.30202],[80.33749,6.3021],[80.33784,6.30224],[80.33821,6.30225],[80.33842,6.30241],[80.33857,6.30276],[80.33852,6.30294],[80.33841,6.30308],[80.33833,6.3031],[80.33816,6.30302],[80.33796,6.30272],[80.3378,6.30263],[80.33751,6.30267],[80.33715,6.30293],[80.337,6.30293],[80.33623,6.30256],[80.33595,6.30257],[80.33577,6.30263],[80.33552,6.3026],[80.33526,6.30269],[80.33521,6.30277],[80.33522,6.30296],[80.33545,6.30335],[80.33532,6.30396],[80.33549,6.30406],[80.33559,6.30432],[80.33557,6.3045],[80.3354,6.30471],[80.33533,6.30503],[80.33537,6.30512],[80.33575,6.30541],[80.33594,6.306],[80.33621,6.30637],[80.33612,6.30663],[80.33597,6.3067],[80.33568,6.3067],[80.33544,6.30656],[80.33527,6.30661],[80.33529,6.30679],[80.33551,6.30709],[80.33551,6.30728],[80.33544,6.30734],[80.33524,6.30734],[80.33509,6.30724],[80.33488,6.30702],[80.33488,6.30667],[80.3346,6.30617],[80.33444,6.30607],[80.33415,6.3061],[80.33408,6.30615],[80.334,6.30631],[80.33394,6.30682],[80.33413,6.30703],[80.3344,6.30702],[80.33469,6.30757],[80.33471,6.30773],[80.3346,6.30787],[80.33458,6.30814],[80.33451,6.30829],[80.33443,6.30833],[80.33436,6.30828],[80.33421,6.30792],[80.33407,6.30779],[80.33399,6.3078],[80.33372,6.30804],[80.33316,6.30829],[80.33297,6.30832],[80.33284,6.30843],[80.33275,6.3086],[80.33254,6.30862],[80.3324,6.3085],[80.33223,6.30854],[80.33219,6.30862],[80.33221,6.30879],[80.33246,6.30905],[80.33256,6.30931],[80.33255,6.3094],[80.33244,6.30953],[80.33229,6.30962],[80.33205,6.30953],[80.33178,6.30917],[80.33163,6.30908],[80.33116,6.30903],[80.33083,6.30889],[80.33048,6.30897],[80.33015,6.30963],[80.32994,6.30983],[80.32976,6.30989],[80.32948,6.31011],[80.32926,6.3104],[80.32918,6.31056],[80.32917,6.31075],[80.32924,6.31091],[80.32994,6.31217],[80.33013,6.31237],[80.33071,6.31266],[80.33127,6.31266],[80.33144,6.31272],[80.33158,6.31308],[80.33151,6.31351],[80.33155,6.31358],[80.33205,6.31388],[80.3321,6.31396],[80.33216,6.31422],[80.33243,6.31458],[80.33236,6.31475],[80.33243,6.31502],[80.33258,6.31511],[80.33277,6.3151],[80.33298,6.31493],[80.33314,6.31458],[80.33321,6.31453],[80.33339,6.31451],[80.33355,6.31459],[80.33359,6.31468],[80.33356,6.31486],[80.33331,6.31515],[80.33341,6.31558],[80.33332,6.31593],[80.33335,6.31601],[80.33342,6.31606],[80.3336,6.316],[80.33373,6.31588],[80.33383,6.31562],[80.33384,6.31545],[80.3339,6.31537],[80.33406,6.31528],[80.33425,6.31528],[80.33447,6.31564],[80.33464,6.31571],[80.33504,6.31569],[80.33527,6.31551],[80.33536,6.3155],[80.33566,6.31563],[80.33612,6.31601],[80.33645,6.31616],[80.33663,6.31617],[80.33734,6.31601],[80.33807,6.31603],[80.33855,6.31611],[80.33888,6.31623],[80.33907,6.31644],[80.33938,6.31662],[80.33945,6.31673],[80.33947,6.31708],[80.33977,6.3174],[80.33978,6.31749],[80.33965,6.31783],[80.33923,6.31832],[80.33889,6.319],[80.33778,6.31941],[80.33767,6.31955],[80.33758,6.31981],[80.33742,6.31991],[80.33707,6.32001],[80.33691,6.32022],[80.33657,6.32024],[80.33627,6.32007],[80.33609,6.32007],[80.3359,6.32027],[80.33553,6.32042],[80.33551,6.32051],[80.33556,6.32057],[80.33623,6.32074],[80.33654,6.32075],[80.33668,6.32067],[80.33682,6.32048],[80.33697,6.32043],[80.33722,6.32042],[80.33736,6.32051],[80.33761,6.32083],[80.338,6.32118],[80.33824,6.32133],[80.33855,6.32143],[80.33904,6.32144],[80.3391,6.32149],[80.33918,6.32181],[80.33943,6.32185],[80.33964,6.32171],[80.33997,6.32169],[80.34023,6.32123],[80.34031,6.3212],[80.34071,6.32128],[80.34078,6.32125],[80.34084,6.32109],[80.34083,6.32093],[80.34068,6.32063],[80.34025,6.32005],[80.3402,6.3197],[80.34029,6.31952],[80.34013,6.31914],[80.34016,6.3189],[80.34028,6.31879],[80.34044,6.31877],[80.34052,6.31881],[80.34063,6.31902],[80.34076,6.31911],[80.34092,6.31896],[80.34105,6.31867],[80.3412,6.31848],[80.34151,6.3184],[80.34158,6.31843],[80.34161,6.31868],[80.3418,6.31883],[80.34179,6.31906],[80.34186,6.31918],[80.34194,6.31919],[80.34206,6.3191],[80.34214,6.31896],[80.34216,6.3188],[80.34225,6.31866],[80.3424,6.31865],[80.34246,6.31888],[80.34261,6.31895],[80.34269,6.31904],[80.34284,6.3195],[80.34292,6.31947],[80.34301,6.31934],[80.34302,6.3191],[80.34271,6.31877],[80.3427,6.31869],[80.34285,6.31851],[80.34301,6.31851],[80.34325,6.31892],[80.34355,6.31905],[80.34358,6.31913],[80.34363,6.31939],[80.34355,6.31962],[80.34355,6.31987],[80.34362,6.32011],[80.34378,6.32015],[80.34428,6.31991],[80.34444,6.31987],[80.3446,6.31989],[80.3447,6.32],[80.34471,6.32008],[80.3446,6.32031],[80.34461,6.32054],[80.34469,6.32067],[80.34492,6.32065],[80.34502,6.32053],[80.34515,6.32023],[80.34517,6.31969],[80.34524,6.31955],[80.34544,6.31943],[80.34597,6.31934],[80.34617,6.3192],[80.34625,6.31898],[80.34615,6.31876],[80.34617,6.31862],[80.34676,6.31801],[80.3473,6.31713],[80.3476,6.31637],[80.34752,6.31616],[80.34729,6.31588],[80.34732,6.31542],[80.34756,6.3151],[80.34742,6.31477],[80.34741,6.31451],[80.34772,6.31371],[80.34792,6.31336],[80.34788,6.3133],[80.34772,6.31328],[80.3472,6.3135],[80.34695,6.31354],[80.34679,6.31351],[80.34675,6.31336],[80.34684,6.31315],[80.34681,6.3127],[80.34722,6.31225],[80.34731,6.31209],[80.3473,6.312],[80.34723,6.31193],[80.34714,6.31193],[80.34689,6.31203],[80.3466,6.31202],[80.34634,6.31193],[80.34621,6.31204],[80.34615,6.31231],[80.34598,6.31241],[80.3457,6.31232],[80.34551,6.31213],[80.34543,6.3121],[80.34508,6.31218],[80.34491,6.31213],[80.34473,6.31217],[80.34464,6.31233],[80.34461,6.31281],[80.34463,6.31298],[80.34474,6.31313],[80.34473,6.3133],[80.34457,6.3134],[80.34429,6.31343],[80.34421,6.3134],[80.34412,6.31323],[80.34428,6.31292],[80.34422,6.31256],[80.34437,6.3123],[80.34437,6.31212],[80.34426,6.31187],[80.34426,6.3117],[80.34436,6.31157],[80.34478,6.31129],[80.34489,6.31108],[80.34489,6.31095],[80.34463,6.31058],[80.34462,6.31041],[80.34476,6.31008],[80.34487,6.30994],[80.34502,6.30984],[80.3452,6.30981],[80.34538,6.30982],[80.34553,6.30989],[80.34546,6.31043],[80.34552,6.31078],[80.3453,6.31117],[80.34533,6.31134],[80.34547,6.31146],[80.34564,6.31142],[80.34597,6.31109],[80.34631,6.31094],[80.3463,6.31064],[80.34621,6.31062],[80.34616,6.31055],[80.3461,6.31039],[80.3458,6.31018],[80.34589,6.30993],[80.34588,6.30953],[80.34594,6.30929],[80.34635,6.30909],[80.34644,6.30883],[80.34651,6.30877],[80.34677,6.30874],[80.34684,6.30869],[80.34698,6.30842],[80.34706,6.30837],[80.34715,6.30836],[80.34728,6.30847],[80.34744,6.30843],[80.34748,6.30827],[80.34731,6.30795],[80.34744,6.30782],[80.34761,6.30776],[80.34797,6.30779],[80.34813,6.30821],[80.34837,6.30832],[80.34841,6.30839],[80.3484,6.30848],[80.34823,6.3087],[80.34822,6.30896],[80.34816,6.30903],[80.34808,6.30907],[80.34782,6.309],[80.3477,6.30905],[80.34766,6.30923],[80.34777,6.30936],[80.34778,6.30945],[80.34773,6.30953],[80.34755,6.30952],[80.3475,6.30961],[80.34752,6.30973],[80.34769,6.30992],[80.34765,6.31],[80.34828,6.31013],[80.34854,6.31012],[80.3486,6.31006],[80.3481,6.30988],[80.34803,6.30981],[80.34808,6.3096],[80.34827,6.30941],[80.34847,6.30892],[80.34856,6.30888],[80.34877,6.30927],[80.34884,6.30932],[80.34892,6.30929],[80.34903,6.30913],[80.34906,6.30896],[80.34925,6.30855],[80.34942,6.30857],[80.34941,6.30902],[80.34949,6.30917],[80.34967,6.30919],[80.35018,6.30895],[80.35046,6.3091],[80.35092,6.30924],[80.351,6.30922],[80.3511,6.3091],[80.35122,6.3088],[80.35189,6.30793],[80.35204,6.30774],[80.35239,6.30751],[80.35304,6.30669],[80.35313,6.30655],[80.35319,6.30605],[80.3533,6.30583],[80.35347,6.30565],[80.35432,6.30499],[80.3561,6.30372],[80.35638,6.30346],[80.35745,6.30184],[80.35755,6.30182],[80.3576,6.3019],[80.35751,6.30242],[80.35762,6.30254],[80.35778,6.30254],[80.35792,6.30244],[80.35833,6.30187],[80.35869,6.30158],[80.35899,6.30147],[80.36002,6.30124],[80.36039,6.30109],[80.36064,6.30106],[80.36077,6.30116],[80.36094,6.30122],[80.36101,6.30109],[80.361,6.301],[80.36094,6.30096],[80.36037,6.30084],[80.36015,6.30074],[80.36012,6.30058],[80.36031,6.30044],[80.36068,6.3006],[80.36104,6.30067],[80.36132,6.30102],[80.36147,6.30104],[80.36162,6.30095],[80.36169,6.30072],[80.36169,6.30046],[80.36196,6.30013],[80.36201,6.30003],[80.36199,6.29993],[80.36182,6.2999],[80.36124,6.30002],[80.36096,6.29983],[80.36083,6.29951],[80.36095,6.29901],[80.36095,6.29894],[80.36088,6.29888],[80.36026,6.29868],[80.36018,6.2987],[80.36011,6.29885],[80.36011,6.29917],[80.36039,6.29947],[80.36047,6.29969],[80.36042,6.29975],[80.36025,6.29978],[80.36002,6.29968],[80.35994,6.2993],[80.35962,6.29916],[80.3595,6.29894],[80.35926,6.29891],[80.35903,6.29898],[80.35895,6.29896],[80.35884,6.29885],[80.35889,6.29862],[80.35921,6.29841],[80.35937,6.29822],[80.35945,6.29777],[80.35973,6.29736],[80.35981,6.29734],[80.35994,6.29741],[80.36035,6.29784],[80.36025,6.29849],[80.36041,6.29851],[80.36071,6.29835],[80.36103,6.29833],[80.36112,6.29821],[80.36114,6.29813],[80.36105,6.298],[80.36077,6.29771],[80.36075,6.29754],[80.36102,6.29718],[80.36103,6.29655],[80.36118,6.29621],[80.36117,6.29604],[80.361,6.29598],[80.3605,6.29627],[80.36038,6.2964],[80.36032,6.29666],[80.36052,6.29706],[80.36052,6.29714],[80.3604,6.29728],[80.36021,6.29725],[80.36002,6.29695],[80.35948,6.2969],[80.35927,6.29671],[80.35926,6.29663],[80.35947,6.29647],[80.35964,6.29615],[80.35988,6.29606],[80.36014,6.29605],[80.36028,6.29595],[80.36055,6.29528],[80.36047,6.29472],[80.3606,6.29455],[80.36068,6.29431],[80.36077,6.29431],[80.36089,6.29443],[80.36106,6.29444],[80.36133,6.29421],[80.36149,6.29414],[80.36165,6.29419],[80.36177,6.29445],[80.36205,6.29465],[80.36186,6.29532],[80.36186,6.29549],[80.36199,6.29563],[80.36217,6.29565],[80.36303,6.29552],[80.36342,6.29566],[80.36358,6.29565],[80.36432,6.29538],[80.36504,6.29552],[80.36518,6.29543],[80.36524,6.29521],[80.36544,6.29507],[80.36587,6.29509],[80.36629,6.29502],[80.36653,6.29493],[80.36686,6.29435],[80.36704,6.29437],[80.36727,6.29489],[80.36743,6.29489],[80.36755,6.29477],[80.3679,6.29411],[80.36803,6.29401],[80.36835,6.29393],[80.36884,6.29387],[80.36963,6.2936],[80.37,6.29324],[80.37025,6.29285],[80.37043,6.29276],[80.37067,6.29272],[80.37082,6.29278],[80.37123,6.29316],[80.37177,6.29332],[80.37219,6.29329],[80.37242,6.29317],[80.37287,6.29265],[80.37307,6.29223],[80.37309,6.29209],[80.37251,6.2917],[80.37225,6.29138],[80.372,6.29034],[80.37202,6.29026],[80.37219,6.29011],[80.3725,6.29003],[80.37263,6.28995],[80.37273,6.28948],[80.37262,6.28909],[80.37295,6.2884],[80.37301,6.28835],[80.37309,6.28836],[80.37329,6.28849],[80.37361,6.28858],[80.37396,6.28857],[80.3741,6.28849],[80.37429,6.28824],[80.37428,6.288],[80.37405,6.28765],[80.37407,6.2875],[80.37419,6.28742],[80.37435,6.28743],[80.37446,6.28774],[80.37465,6.2881],[80.37479,6.28817],[80.37487,6.28815],[80.37514,6.28784],[80.37515,6.28769],[80.3751,6.28754],[80.37503,6.2875],[80.37461,6.2875],[80.37449,6.28739],[80.37449,6.28721],[80.37472,6.28678],[80.3749,6.28662],[80.37505,6.28657],[80.37529,6.28661],[80.37538,6.28675],[80.37538,6.28692],[80.37515,6.28726],[80.37514,6.28743],[80.37519,6.28758],[80.37571,6.28811],[80.37584,6.28819],[80.37628,6.28835],[80.37659,6.28829],[80.37681,6.28805],[80.37688,6.28781],[80.37678,6.28767],[80.37628,6.28728],[80.3762,6.28705],[80.37586,6.28662],[80.37578,6.28619],[80.37557,6.28593],[80.37559,6.28577],[80.37577,6.28559],[80.37592,6.28555],[80.37667,6.28568],[80.37704,6.28535],[80.37742,6.28524],[80.37751,6.2851],[80.37751,6.28502],[80.37721,6.28456],[80.37716,6.28422],[80.37722,6.28408],[80.37736,6.28399],[80.37751,6.28396],[80.37805,6.28449],[80.37822,6.28448],[80.37836,6.28439],[80.37841,6.28432],[80.37842,6.28399],[80.37831,6.28357],[80.3784,6.28343],[80.37852,6.28333],[80.37887,6.2832],[80.37922,6.28258],[80.37938,6.28254],[80.37959,6.28259],[80.37966,6.28255],[80.37976,6.28243],[80.37981,6.28221],[80.37991,6.28208],[80.37998,6.28204],[80.38005,6.28207],[80.38022,6.28225],[80.3803,6.28226],[80.38043,6.28218],[80.38051,6.28192],[80.38043,6.2816],[80.38044,6.28135],[80.38053,6.28122],[80.38083,6.28096],[80.381,6.28068],[80.38119,6.28052],[80.38202,6.28034],[80.38223,6.2802],[80.38223,6.28012],[80.38216,6.28008],[80.38183,6.28001],[80.38179,6.27993],[80.3819,6.27972],[80.38231,6.27935],[80.38262,6.27926],[80.38269,6.27929],[80.38272,6.27937],[80.3827,6.27986],[80.38273,6.27994],[80.38289,6.27996],[80.38303,6.2799],[80.38338,6.27933],[80.38346,6.27919],[80.38344,6.27911],[80.3833,6.27901],[80.38266,6.27897],[80.38259,6.27892],[80.38256,6.27885],[80.38267,6.27864],[80.38264,6.27856],[80.38202,6.2781],[80.38201,6.27802],[80.38206,6.27795],[80.38256,6.27784],[80.3827,6.27774],[80.38271,6.27766],[80.38225,6.27726],[80.38225,6.27676],[80.38194,6.2762],[80.38191,6.27595],[80.38195,6.27588],[80.38211,6.27583],[80.38235,6.27585],[80.38259,6.27594],[80.38284,6.27615],[80.383,6.27644],[80.38307,6.27648],[80.38323,6.27649],[80.38342,6.27635],[80.38386,6.27492],[80.38405,6.27476],[80.38446,6.27482],[80.38464,6.27471],[80.38463,6.27455],[80.38444,6.27439],[80.38441,6.27432],[80.38488,6.27372],[80.38489,6.27355],[80.38471,6.27327],[80.38473,6.27318],[80.38506,6.27285],[80.38552,6.27214],[80.38554,6.27189],[80.38541,6.27152],[80.38543,6.27128],[80.38556,6.2712],[80.38586,6.27129],[80.38599,6.27122],[80.38602,6.27106],[80.38594,6.27064],[80.38599,6.27041],[80.38611,6.2703],[80.38713,6.26987],[80.38809,6.26917],[80.38857,6.26863],[80.38908,6.26753],[80.38909,6.26719],[80.38905,6.26693],[80.38916,6.26661],[80.38912,6.26647],[80.38858,6.26583],[80.38877,6.26476],[80.38897,6.26449],[80.38911,6.26441],[80.38926,6.26445],[80.38935,6.26459],[80.38937,6.26491],[80.38948,6.26502],[80.38963,6.2651],[80.38994,6.26503],[80.39049,6.26442],[80.3914,6.26382],[80.39179,6.26312],[80.39242,6.26264],[80.39272,6.26251],[80.39336,6.26253],[80.39379,6.2626],[80.39404,6.26258],[80.39419,6.26245],[80.39422,6.26215],[80.39415,6.26183],[80.39421,6.2617],[80.39446,6.26152],[80.3949,6.26139],[80.39544,6.26104],[80.39559,6.26101],[80.39574,6.26105],[80.39611,6.26159],[80.39641,6.26165],[80.39656,6.26178],[80.39678,6.26225],[80.3969,6.26236],[80.39731,6.26238],[80.39748,6.26226],[80.39768,6.26145],[80.39785,6.26116],[80.39806,6.26091],[80.3983,6.26074],[80.39862,6.26],[80.39896,6.25966],[80.40048,6.25904],[80.40079,6.25907],[80.40123,6.25928],[80.4017,6.25926],[80.40198,6.25911],[80.40203,6.25896],[80.40193,6.25884],[80.40128,6.25872],[80.40114,6.25862],[80.40111,6.25847],[80.40129,6.25822],[80.40158,6.25803],[80.40227,6.25735],[80.40234,6.25705],[80.40215,6.25659],[80.40227,6.25647],[80.40243,6.25642],[80.40276,6.25643],[80.40288,6.25652],[80.40292,6.25667],[80.40271,6.25711],[80.40269,6.25727],[80.40275,6.25743],[80.40286,6.25754],[80.40302,6.25759],[80.40335,6.25757],[80.40377,6.25733],[80.40418,6.25717],[80.40481,6.25714],[80.40527,6.25682],[80.4059,6.25594],[80.40599,6.25564],[80.4059,6.25549],[80.40543,6.25533],[80.40516,6.25515],[80.40507,6.25501],[80.40509,6.25485],[80.40517,6.25471],[80.40561,6.25451],[80.40608,6.25455],[80.4063,6.25465],[80.40653,6.25486],[80.40663,6.25516],[80.4068,6.25542],[80.40694,6.2555],[80.40727,6.25548],[80.40767,6.25499],[80.40792,6.25479],[80.40823,6.25468],[80.40855,6.25463],[80.40884,6.25449],[80.40917,6.2541],[80.40926,6.2537],[80.40945,6.2534],[80.41019,6.2531],[80.41038,6.25284],[80.41049,6.25254],[80.41051,6.25238],[80.41045,6.25221],[80.41032,6.25211],[80.40981,6.25206],[80.40969,6.25196],[80.40965,6.25181],[80.40973,6.25167],[80.41017,6.2515],[80.41072,6.25114],[80.41103,6.25083],[80.41121,6.25056],[80.41136,6.2501],[80.41154,6.24983],[80.41218,6.24933],[80.4125,6.24874],[80.41257,6.24849],[80.41257,6.24783],[80.41239,6.24757],[80.4119,6.24713],[80.41131,6.24612],[80.41118,6.24601],[80.40971,6.24533],[80.40957,6.24523],[80.40939,6.24496],[80.40937,6.2448],[80.40942,6.24464],[80.40952,6.2445],[80.4098,6.24434],[80.41013,6.24433],[80.41041,6.24449],[80.41061,6.24475],[80.41076,6.24481],[80.41108,6.24479],[80.41131,6.24457],[80.4117,6.24383],[80.41223,6.24344],[80.41249,6.24317],[80.41294,6.24305],[80.41377,6.24305],[80.41409,6.24297],[80.41423,6.24289],[80.41434,6.24274],[80.4144,6.24258],[80.41438,6.24225],[80.41425,6.24178],[80.41425,6.24162],[80.41435,6.2415],[80.41481,6.24141],[80.4151,6.24128],[80.41521,6.24117],[80.41524,6.24102],[80.41519,6.24087],[80.41507,6.24075],[80.41476,6.24063],[80.41466,6.24049],[80.41469,6.24033],[80.41493,6.24012],[80.41637,6.23923],[80.41684,6.23839],[80.41749,6.2378],[80.41788,6.2371],[80.41874,6.2364],[80.41896,6.23579],[80.4194,6.23515],[80.41939,6.23499],[80.41928,6.23487],[80.41895,6.23485],[80.41844,6.23489],[80.41834,6.23478],[80.41818,6.23432],[80.41821,6.23417],[80.41854,6.23385],[80.41868,6.23338],[80.41873,6.23273],[80.41893,6.23248],[80.41936,6.23226],[80.41984,6.23214],[80.41963,6.23201],[80.41961,6.23193],[80.41968,6.23177],[80.4199,6.23161],[80.41991,6.23152],[80.41978,6.23139],[80.41951,6.23137],[80.41911,6.23163],[80.41894,6.23169],[80.41875,6.23169],[80.41863,6.23156],[80.41863,6.23129],[80.41886,6.23102],[80.41902,6.23093],[80.41929,6.23048],[80.41951,6.23037],[80.4199,6.23053],[80.42008,6.23054],[80.42024,6.2306],[80.42061,6.2316],[80.42084,6.23097],[80.42079,6.23078],[80.4206,6.23053],[80.42056,6.23037],[80.42056,6.22988],[80.42072,6.22927],[80.4209,6.22901],[80.42136,6.22886],[80.42164,6.22861],[80.42173,6.22846],[80.42197,6.22767],[80.42224,6.22724],[80.42238,6.22717],[80.42255,6.22719],[80.42308,6.22765],[80.42338,6.22774],[80.42369,6.22775],[80.42383,6.22766],[80.42393,6.22753],[80.42413,6.22709],[80.42435,6.22685],[80.42451,6.22682],[80.42497,6.22705],[80.42558,6.22714],[80.42605,6.22705],[80.42643,6.22678],[80.42708,6.22666],[80.4275,6.22644],[80.42853,6.22558],[80.42876,6.22497],[80.42914,6.22432],[80.42934,6.22405],[80.4296,6.22386],[80.42985,6.2236],[80.42995,6.22329],[80.42995,6.22275],[80.43009,6.22211],[80.43008,6.22158],[80.43013,6.22142],[80.43033,6.22117],[80.43118,6.22064],[80.43154,6.22013],[80.43163,6.21983],[80.43172,6.21971],[80.43283,6.21943],[80.4329,6.21957],[80.43284,6.21972],[80.43273,6.21983],[80.43265,6.22014],[80.43321,6.22108],[80.43316,6.22156],[80.43326,6.22185],[80.43563,6.22284],[80.43577,6.22292],[80.43644,6.22356],[80.43672,6.22373],[80.43718,6.22385],[80.43732,6.22394],[80.43746,6.22405],[80.43751,6.22421],[80.43745,6.22468],[80.4375,6.22501],[80.43773,6.22523],[80.43804,6.22531],[80.43886,6.22526],[80.43912,6.2251],[80.43916,6.22495],[80.4391,6.22462],[80.43921,6.22432],[80.4392,6.22411],[80.43899,6.22385],[80.43898,6.22353],[80.43906,6.22339],[80.43919,6.22331],[80.43935,6.22332],[80.43943,6.22344],[80.4395,6.22376],[80.4396,6.22385],[80.43976,6.22384],[80.44002,6.22364],[80.4402,6.22336],[80.44085,6.22188],[80.44125,6.22118],[80.44126,6.22086],[80.44103,6.22044],[80.44106,6.21979],[80.44084,6.21955],[80.44056,6.21939],[80.44054,6.21923],[80.44069,6.21918],[80.44086,6.21919],[80.44123,6.21949],[80.44141,6.21947],[80.4417,6.21933],[80.44186,6.21935],[80.44198,6.21946],[80.44202,6.21962],[80.44148,6.22023],[80.44142,6.22054],[80.44174,6.2206],[80.44242,6.22017],[80.4429,6.22008],[80.44322,6.22008],[80.44336,6.22014],[80.44356,6.22039],[80.44358,6.22073],[80.4435,6.2209],[80.44336,6.22103],[80.44318,6.22108],[80.44285,6.22105],[80.44178,6.22184],[80.44161,6.22212],[80.44159,6.22228],[80.44174,6.22255],[80.44206,6.22259],[80.44236,6.22251],[80.44249,6.22242],[80.44286,6.2219],[80.44304,6.22185],[80.44416,6.22181],[80.44431,6.22173],[80.44444,6.22163],[80.4445,6.22148],[80.4445,6.221],[80.44468,6.22055],[80.4448,6.22044],[80.44496,6.22038],[80.44544,6.2203],[80.4459,6.22015],[80.44635,6.21961],[80.44659,6.21922],[80.44685,6.21904],[80.447,6.21899],[80.44731,6.21904],[80.44736,6.21919],[80.44724,6.21967],[80.44725,6.22],[80.44791,6.22103],[80.44806,6.22108],[80.4482,6.22103],[80.44847,6.22047],[80.44883,6.22013],[80.44927,6.21957],[80.44972,6.21836],[80.45027,6.21737],[80.45154,6.21617],[80.4517,6.2159],[80.45171,6.21557],[80.45138,6.21492],[80.45111,6.21474],[80.4508,6.21461],[80.45068,6.21451],[80.45063,6.21436],[80.45063,6.2142],[80.45073,6.21407],[80.45121,6.2137],[80.45143,6.21345],[80.45145,6.21329],[80.4508,6.21234],[80.45072,6.21203],[80.45074,6.21187],[80.45124,6.21143],[80.45127,6.21127],[80.45116,6.21113],[80.45052,6.2109],[80.45003,6.2103],[80.45001,6.21014],[80.45036,6.20941],[80.45039,6.20907],[80.45031,6.20857],[80.45032,6.20826],[80.45046,6.20797],[80.45048,6.20781],[80.45039,6.20767],[80.45022,6.20761],[80.44988,6.2076],[80.44937,6.20771],[80.44862,6.20857],[80.44846,6.20863],[80.44812,6.20864],[80.44778,6.20851],[80.44753,6.20831],[80.44717,6.20755],[80.44638,6.20719],[80.44622,6.20716],[80.44607,6.20722],[80.44585,6.20747],[80.44524,6.20778],[80.44494,6.20817],[80.44387,6.21059],[80.44343,6.21111],[80.44327,6.21139],[80.44316,6.2115],[80.44283,6.2115],[80.44259,6.21127],[80.44256,6.21111],[80.4427,6.21081],[80.443,6.21044],[80.44314,6.21016],[80.44316,6.20983],[80.44307,6.20866],[80.44312,6.20851],[80.44353,6.20799],[80.44368,6.20771],[80.44371,6.20755],[80.44354,6.2071],[80.44358,6.20676],[80.44375,6.2065],[80.44401,6.20629],[80.44416,6.2062],[80.44481,6.20605],[80.44496,6.20597],[80.44506,6.20583],[80.44511,6.20568],[80.44512,6.20535],[80.445,6.20524],[80.4449,6.20489],[80.44532,6.20436],[80.44554,6.20392],[80.44573,6.20365],[80.44576,6.20334],[80.44568,6.20303],[80.44571,6.20271],[80.44588,6.20243],[80.44631,6.20196],[80.44666,6.20121],[80.44681,6.20053],[80.44669,6.20006],[80.44669,6.19974],[80.44641,6.19934],[80.44602,6.19901],[80.446,6.19885],[80.44612,6.19855],[80.44611,6.19839],[80.44606,6.19827],[80.44592,6.19818],[80.44591,6.1981],[80.44621,6.1976],[80.44621,6.19743],[80.44608,6.19722],[80.44606,6.19705],[80.44619,6.19696],[80.44634,6.19701],[80.44655,6.19734],[80.44645,6.19799],[80.44658,6.19809],[80.44678,6.19813],[80.44701,6.19806],[80.4478,6.19731],[80.44824,6.19713],[80.44851,6.19696],[80.44917,6.19608],[80.44987,6.1954],[80.45023,6.1947],[80.45033,6.19459],[80.45047,6.1945],[80.45063,6.19449],[80.45072,6.19458],[80.45081,6.19488],[80.45095,6.19497],[80.45102,6.19495],[80.45118,6.19466],[80.4512,6.19426],[80.45141,6.19375],[80.45142,6.19342],[80.4509,6.19298],[80.45083,6.19284],[80.45078,6.1925],[80.45099,6.1913],[80.45143,6.19011],[80.45148,6.1898],[80.45142,6.18941],[80.45127,6.18912],[80.45113,6.18904],[80.45047,6.18885],[80.45023,6.18874],[80.45012,6.18862],[80.45009,6.18846],[80.45019,6.18816],[80.45017,6.188],[80.45002,6.18792],[80.44985,6.18794],[80.44962,6.18804],[80.44937,6.18826],[80.44905,6.18829],[80.44881,6.18806],[80.4488,6.1879],[80.44888,6.18776],[80.44913,6.18754],[80.44991,6.1873],[80.45088,6.18656],[80.45104,6.18628],[80.45119,6.18562],[80.45133,6.18542],[80.45161,6.18526],[80.45164,6.18519],[80.45158,6.18504],[80.45137,6.18486],[80.45141,6.18462],[80.45156,6.1845],[80.45192,6.1845],[80.45199,6.18446],[80.45199,6.18438],[80.4517,6.18409],[80.45164,6.18374],[80.45152,6.18353],[80.45057,6.18284],[80.45053,6.18269],[80.4506,6.18254],[80.45086,6.18237],[80.45133,6.18229],[80.45146,6.18221],[80.45155,6.18208],[80.45156,6.18091],[80.4513,6.18054],[80.4513,6.18038],[80.45165,6.18008],[80.45165,6.17991],[80.45151,6.17982],[80.45048,6.17974],[80.45033,6.17968],[80.45027,6.17953],[80.45012,6.17944],[80.44929,6.17946],[80.44913,6.17937],[80.44909,6.17922],[80.44929,6.17898],[80.44936,6.17868],[80.44931,6.17837],[80.4491,6.17812],[80.44883,6.17792],[80.44799,6.17753],[80.44793,6.17652],[80.44754,6.17625],[80.44703,6.17621],[80.44675,6.17605],[80.44665,6.17523],[80.44657,6.17509],[80.44641,6.17503],[80.44626,6.17507],[80.44602,6.1753],[80.4456,6.1756],[80.44527,6.17564],[80.44454,6.17551],[80.4444,6.17545],[80.42584,6.20127],[80.39731,6.19596],[80.40572,6.17268],[80.41773,6.16582],[80.41783,6.1654],[80.41805,6.16492],[80.41851,6.16456],[80.41861,6.16441],[80.41857,6.16403],[80.4184,6.16372],[80.41822,6.16309],[80.41822,6.16273],[80.41829,6.16235],[80.41792,6.16169],[80.41789,6.1615],[80.418,6.16136],[80.4183,6.16115],[80.41884,6.16118],[80.419,6.1611],[80.41911,6.16074],[80.41896,6.16038],[80.4188,6.16034],[80.41841,6.16054],[80.4181,6.16084],[80.41789,6.16089],[80.41752,6.1608],[80.41712,6.16045],[80.41695,6.16043],[80.41649,6.16069],[80.41631,6.16068],[80.41625,6.16051],[80.41629,6.16033],[80.41658,6.15979],[80.41649,6.15965],[80.41616,6.15954],[80.41604,6.1594],[80.4157,6.15931],[80.41534,6.15935],[80.41499,6.15947],[80.41462,6.15946],[80.41412,6.15923],[80.41382,6.15904],[80.41373,6.15889],[80.41381,6.15873],[80.41436,6.15829],[80.41439,6.15812],[80.41432,6.15787],[80.41405,6.15764],[80.41403,6.1573],[80.41422,6.157],[80.41488,6.15663],[80.41502,6.15651],[80.41507,6.15577],[80.41506,6.1556],[80.41478,6.15516],[80.41408,6.15468],[80.41396,6.15434],[80.41383,6.15421],[80.41366,6.15415],[80.41348,6.15417],[80.41295,6.15429],[80.41096,6.15409],[80.41081,6.154],[80.4108,6.15382],[80.41094,6.1535],[80.41094,6.15333],[80.41085,6.15317],[80.41046,6.15301],[80.41039,6.15267],[80.41025,6.15257],[80.4099,6.15253],[80.40934,6.1526],[80.40854,6.15251],[80.40824,6.15233],[80.40816,6.15179],[80.40803,6.15166],[80.40787,6.1516],[80.40714,6.15155],[80.40682,6.15137],[80.40647,6.15129],[80.40608,6.15132],[80.40553,6.15144],[80.40424,6.15201],[80.40413,6.15216],[80.4041,6.15252],[80.40415,6.15268],[80.40477,6.15303],[80.40502,6.1533],[80.40507,6.15366],[80.40493,6.15401],[80.40478,6.15411],[80.40421,6.15411],[80.4036,6.15368],[80.40351,6.15353],[80.40349,6.15316],[80.4036,6.15281],[80.40361,6.15264],[80.40356,6.15245],[80.40346,6.15231],[80.40312,6.15218],[80.40257,6.15216],[80.40207,6.15249],[80.40153,6.15325],[80.40137,6.15339],[80.40077,6.15371],[80.40064,6.15383],[80.40055,6.15417],[80.40038,6.1545],[80.40021,6.15456],[80.40003,6.15453],[80.39989,6.15443],[80.3997,6.15443],[80.39961,6.1546],[80.39952,6.15496],[80.39946,6.15587],[80.39952,6.15602],[80.39971,6.15621],[80.39972,6.15629],[80.39951,6.15646],[80.39936,6.15668],[80.39931,6.15685],[80.39932,6.15719],[80.39927,6.15727],[80.39918,6.15725],[80.39892,6.1569],[80.39884,6.15694],[80.39863,6.15722],[80.39856,6.15766],[80.39846,6.15781],[80.39839,6.15787],[80.39812,6.15789],[80.39796,6.15794],[80.39784,6.15825],[80.39759,6.15834],[80.39747,6.15847],[80.39746,6.15856],[80.39754,6.15872],[80.39748,6.15888],[80.39731,6.15891],[80.39698,6.1588],[80.39642,6.15908],[80.39639,6.15961],[80.39578,6.16044],[80.3958,6.16078],[80.39571,6.16112],[80.39569,6.16148],[80.3958,6.16163],[80.3961,6.16181],[80.39618,6.16198],[80.39613,6.16214],[80.39577,6.16214],[80.39559,6.16208],[80.39545,6.16198],[80.39517,6.16156],[80.39499,6.16154],[80.39482,6.16157],[80.39454,6.1618],[80.39413,6.1624],[80.39367,6.16291],[80.3935,6.16288],[80.39329,6.16271],[80.3932,6.1624],[80.39306,6.16229],[80.39281,6.16237],[80.3925,6.16266],[80.39233,6.16274],[80.39206,6.1627],[80.3919,6.16262],[80.39164,6.16267],[80.39139,6.16281],[80.39122,6.16301],[80.39119,6.16311],[80.39123,6.16319],[80.39146,6.16333],[80.39144,6.1635],[80.3913,6.16374],[80.39112,6.16394],[80.39083,6.16414],[80.39014,6.1644],[80.38994,6.16465],[80.3899,6.16483],[80.38993,6.16537],[80.38999,6.16545],[80.39077,6.16549],[80.39086,6.16551],[80.39092,6.16559],[80.3909,6.16576],[80.39083,6.16581],[80.39056,6.16583],[80.3904,6.1659],[80.39029,6.16604],[80.39028,6.16613],[80.39033,6.1662],[80.39051,6.16627],[80.3907,6.16627],[80.39148,6.16601],[80.39167,6.16624],[80.39183,6.16629],[80.39217,6.16618],[80.39234,6.16599],[80.39299,6.16588],[80.39347,6.16607],[80.39376,6.16629],[80.39412,6.16631],[80.39447,6.16622],[80.39544,6.16621],[80.39561,6.16617],[80.39573,6.16606],[80.39576,6.16589],[80.39576,6.1658],[80.39555,6.16558],[80.39553,6.16549],[80.39555,6.16532],[80.39566,6.16506],[80.39564,6.16489],[80.39547,6.16483],[80.39519,6.16485],[80.39437,6.16519],[80.39387,6.16531],[80.39379,6.16528],[80.39367,6.16507],[80.39365,6.1648],[80.39378,6.16468],[80.39414,6.16471],[80.39441,6.16465],[80.39532,6.16424],[80.3959,6.16421],[80.39626,6.16411],[80.39663,6.16389],[80.39696,6.16353],[80.39714,6.16351],[80.39722,6.16356],[80.39722,6.16366],[80.39713,6.16399],[80.39722,6.16413],[80.39765,6.16429],[80.39776,6.16446],[80.398,6.16461],[80.39875,6.16464],[80.39887,6.16474],[80.39895,6.16489],[80.39893,6.16498],[80.39873,6.16515],[80.39869,6.16523],[80.39873,6.16531],[80.39943,6.16558],[80.39939,6.16574],[80.39906,6.1659],[80.39896,6.16615],[80.39889,6.16621],[80.39869,6.16622],[80.39824,6.16605],[80.39776,6.16607],[80.39679,6.16595],[80.39665,6.166],[80.39659,6.16607],[80.39661,6.16624],[80.39682,6.16664],[80.39683,6.16683],[80.39676,6.167],[80.39662,6.1671],[80.39646,6.16707],[80.39606,6.16671],[80.3957,6.16652],[80.39532,6.16657],[80.39515,6.16666],[80.39504,6.16679],[80.39477,6.16736],[80.39437,6.1678],[80.39426,6.16814],[80.39405,6.16829],[80.39396,6.16828],[80.39387,6.16814],[80.39361,6.16721],[80.39366,6.16708],[80.39415,6.16688],[80.39419,6.16676],[80.3941,6.16666],[80.39258,6.16641],[80.39242,6.16648],[80.3922,6.16665],[80.39211,6.16665],[80.39201,6.16663],[80.39173,6.1664],[80.39156,6.16641],[80.3914,6.16649],[80.39126,6.16671],[80.39122,6.16715],[80.39114,6.16731],[80.39017,6.16795],[80.38965,6.16804],[80.38824,6.16892],[80.3879,6.16898],[80.38773,6.16892],[80.38756,6.16861],[80.38743,6.16848],[80.38726,6.16844],[80.38681,6.16871],[80.38647,6.1688],[80.38612,6.16874],[80.38582,6.1686],[80.38542,6.16861],[80.38517,6.16872],[80.38487,6.16907],[80.38449,6.16907],[80.38421,6.16912],[80.38404,6.16945],[80.38402,6.16959],[80.38387,6.16969],[80.38345,6.16955],[80.38328,6.16957],[80.38317,6.1697],[80.38325,6.16995],[80.38312,6.17018],[80.38304,6.17017],[80.3829,6.17006],[80.38284,6.16989],[80.38272,6.16975],[80.38259,6.16972],[80.38242,6.16979],[80.38163,6.17034],[80.3814,6.1706],[80.38124,6.17091],[80.38122,6.17109],[80.38122,6.17131],[80.38128,6.17151],[80.3815,6.17185],[80.38254,6.17272],[80.38274,6.17284],[80.38343,6.17311],[80.38352,6.1732],[80.38351,6.17332],[80.38346,6.17337],[80.38333,6.17337],[80.38294,6.17329],[80.38269,6.17334],[80.38222,6.17357],[80.38201,6.17375],[80.38182,6.17421],[80.38077,6.17511],[80.38014,6.17544],[80.37956,6.17568],[80.37918,6.17577],[80.37835,6.17608],[80.37796,6.17627],[80.37751,6.17659],[80.37717,6.17718],[80.37709,6.17753],[80.37711,6.17788],[80.37681,6.17814],[80.37664,6.1781],[80.37638,6.17788],[80.37618,6.17787],[80.37597,6.17801],[80.37597,6.1781],[80.37607,6.17825],[80.37626,6.17827],[80.37633,6.17833],[80.37633,6.17842],[80.37642,6.17857],[80.37663,6.17871],[80.37661,6.17889],[80.37626,6.17896],[80.37605,6.17913],[80.37608,6.17932],[80.37628,6.17959],[80.37627,6.17985],[80.37616,6.17998],[80.37599,6.17997],[80.37567,6.17982],[80.37526,6.17993],[80.375,6.17985],[80.37465,6.1799],[80.37456,6.17988],[80.37439,6.17968],[80.37431,6.1797],[80.37417,6.17984],[80.37403,6.18031],[80.3738,6.18053],[80.37367,6.18088],[80.3735,6.18097],[80.37336,6.18086],[80.37328,6.1807],[80.37321,6.18015],[80.37305,6.18009],[80.37251,6.18014],[80.37216,6.18025],[80.37202,6.18036],[80.37185,6.18066],[80.3718,6.18101],[80.37215,6.18173],[80.37211,6.18208],[80.37203,6.18224],[80.37167,6.18263],[80.37155,6.18291],[80.37114,6.1834],[80.37097,6.18343],[80.37067,6.18325],[80.37049,6.18324],[80.37045,6.18351],[80.36978,6.18405],[80.36968,6.1842],[80.36961,6.18446],[80.36942,6.18449],[80.36924,6.18469],[80.3693,6.18505],[80.36928,6.18524],[80.3692,6.18529],[80.36904,6.18522],[80.36898,6.18516],[80.36893,6.18489],[80.36883,6.18484],[80.36848,6.1848],[80.36854,6.18454],[80.36879,6.18414],[80.36877,6.18396],[80.36871,6.18389],[80.36863,6.18385],[80.36835,6.18387],[80.36819,6.18394],[80.36806,6.18406],[80.36808,6.18424],[80.36821,6.1846],[80.36822,6.18479],[80.36807,6.18522],[80.36789,6.18545],[80.3679,6.18562],[80.36797,6.18567],[80.36815,6.18566],[80.36862,6.18537],[80.36888,6.18538],[80.36906,6.18546],[80.36925,6.18569],[80.36965,6.1859],[80.36972,6.18597],[80.36971,6.18614],[80.36963,6.1863],[80.36949,6.18642],[80.36913,6.18653],[80.36887,6.18647],[80.36855,6.18616],[80.36837,6.18612],[80.36828,6.18616],[80.3682,6.18631],[80.36827,6.18657],[80.36825,6.18674],[80.36819,6.18682],[80.36752,6.18711],[80.36729,6.18737],[80.36731,6.18756],[80.36739,6.1876],[80.36758,6.18759],[80.36811,6.18738],[80.36829,6.1874],[80.36835,6.18745],[80.36835,6.18754],[80.36813,6.18769],[80.36805,6.18783],[80.36801,6.18809],[80.36792,6.18825],[80.36785,6.1883],[80.3674,6.18831],[80.36731,6.18835],[80.36721,6.18849],[80.36717,6.18867],[80.36705,6.18878],[80.36688,6.18876],[80.36669,6.18858],[80.36652,6.18852],[80.36607,6.18859],[80.36587,6.18877],[80.36577,6.18892],[80.36573,6.1891],[80.36584,6.18925],[80.36611,6.18938],[80.36623,6.18952],[80.36624,6.1897],[80.36618,6.18993],[80.36643,6.19021],[80.36641,6.19038],[80.36635,6.19045],[80.3661,6.19046],[80.36588,6.19032],[80.36566,6.19005],[80.36522,6.18993],[80.36507,6.18961],[80.36493,6.18952],[80.36476,6.18952],[80.3645,6.18962],[80.36426,6.18998],[80.36432,6.19025],[80.36453,6.19044],[80.36519,6.19084],[80.36563,6.19092],[80.3657,6.19098],[80.36573,6.19115],[80.36567,6.19123],[80.36551,6.19132],[80.36534,6.19154],[80.36528,6.19171],[80.36531,6.19198],[80.36553,6.19213],[80.36571,6.19213],[80.36588,6.19206],[80.36622,6.19173],[80.36645,6.19162],[80.36651,6.19156],[80.36641,6.19132],[80.36643,6.19123],[80.36663,6.19106],[80.3669,6.19097],[80.36707,6.19101],[80.36713,6.19107],[80.36713,6.19125],[80.36703,6.19139],[80.36655,6.19173],[80.36645,6.19188],[80.3664,6.19241],[80.36633,6.19257],[80.36615,6.19276],[80.36614,6.19296],[80.36618,6.19313],[80.36629,6.19326],[80.36679,6.19345],[80.36713,6.19369],[80.36748,6.1943],[80.36762,6.19475],[80.36736,6.19496],[80.36725,6.1952],[80.36754,6.19552],[80.36751,6.19605],[80.3676,6.19621],[80.36775,6.1963],[80.36794,6.1963],[80.36854,6.19584],[80.36917,6.19557],[80.36936,6.19554],[80.36989,6.19555],[80.37024,6.19565],[80.37071,6.19593],[80.37124,6.19667],[80.37135,6.19718],[80.37142,6.19826],[80.37133,6.19859],[80.37075,6.19919],[80.37056,6.19948],[80.37048,6.19983],[80.37011,6.2006],[80.3701,6.20126],[80.37019,6.20141],[80.37033,6.20153],[80.37059,6.20156],[80.37084,6.20145],[80.37155,6.20083],[80.37195,6.20101],[80.37241,6.20106],[80.37251,6.2012],[80.37256,6.20145],[80.37253,6.20162],[80.37222,6.20225],[80.37129,6.2036],[80.37097,6.20461],[80.3707,6.20482],[80.37036,6.2049],[80.37019,6.20501],[80.36992,6.20526],[80.36991,6.20544],[80.37004,6.20556],[80.37021,6.20562],[80.37075,6.20565],[80.37093,6.20571],[80.37111,6.20587],[80.37136,6.20594],[80.37163,6.20588],[80.37179,6.20577],[80.37228,6.20575],[80.37273,6.20514],[80.37334,6.20476],[80.3736,6.20466],[80.37372,6.20453],[80.37376,6.20445],[80.37373,6.2041],[80.37379,6.20393],[80.37409,6.20364],[80.37438,6.20306],[80.37454,6.20284],[80.37476,6.20268],[80.37496,6.20267],[80.37511,6.20276],[80.37515,6.20294],[80.37499,6.20335],[80.37486,6.20345],[80.37459,6.20349],[80.37443,6.20357],[80.37438,6.20392],[80.37407,6.20412],[80.37388,6.20441],[80.37389,6.20459],[80.37397,6.20475],[80.37424,6.20506],[80.37416,6.20531],[80.3742,6.20549],[80.37469,6.20586],[80.37478,6.20585],[80.37493,6.20575],[80.37513,6.20543],[80.3753,6.20545],[80.37552,6.20562],[80.3757,6.20565],[80.37598,6.20562],[80.37628,6.2054],[80.37637,6.20538],[80.37645,6.20541],[80.37649,6.20549],[80.37659,6.20582],[80.37676,6.20583],[80.37685,6.20568],[80.37702,6.20517],[80.3775,6.20462],[80.37758,6.20446],[80.37752,6.20439],[80.37724,6.20433],[80.37719,6.20426],[80.37721,6.20408],[80.37736,6.20385],[80.37733,6.20367],[80.37723,6.20353],[80.37727,6.20326],[80.3776,6.20301],[80.3781,6.20277],[80.37896,6.20191],[80.37911,6.20182],[80.37929,6.20181],[80.37944,6.20191],[80.3794,6.20211],[80.37886,6.20267],[80.37867,6.20331],[80.3783,6.20368],[80.37828,6.20403],[80.37841,6.20437],[80.37853,6.20448],[80.37857,6.20464],[80.37852,6.20471],[80.3782,6.20482],[80.37808,6.20499],[80.37808,6.20517],[80.3782,6.2055],[80.3782,6.20569],[80.37799,6.20599],[80.37802,6.20634],[80.37822,6.20651],[80.37887,6.20652],[80.37957,6.20672],[80.37993,6.20733],[80.38045,6.20784],[80.38048,6.20803],[80.38036,6.20846],[80.38043,6.20871],[80.38058,6.20881],[80.38076,6.20885],[80.38152,6.20882],[80.38187,6.20892],[80.38217,6.20912],[80.38284,6.20943],[80.38317,6.20982],[80.38331,6.21014],[80.38325,6.21049],[80.38313,6.21063],[80.38299,6.21075],[80.38268,6.21088],[80.38233,6.21094],[80.38196,6.21093],[80.38144,6.21072],[80.38127,6.21072],[80.38108,6.21075],[80.38075,6.2109],[80.38027,6.21143],[80.38009,6.21174],[80.37713,6.21295],[80.3769,6.21324],[80.37668,6.21373],[80.37655,6.21385],[80.37638,6.21392],[80.37604,6.21395],[80.37586,6.21391],[80.37558,6.21368],[80.37521,6.21367],[80.37507,6.21378],[80.37498,6.21394],[80.37498,6.21446],[80.37479,6.21477],[80.3745,6.21498],[80.3744,6.21512],[80.3742,6.21573],[80.37412,6.21581],[80.374,6.21583],[80.37384,6.21574],[80.37376,6.21557],[80.37339,6.21519],[80.37332,6.21502],[80.37335,6.21484],[80.37396,6.21408],[80.37401,6.21396],[80.37368,6.21349],[80.37375,6.21324],[80.37395,6.21294],[80.37396,6.21266],[80.37385,6.21253],[80.37367,6.21252],[80.37354,6.21263],[80.37371,6.21284],[80.37372,6.21292],[80.37368,6.21309],[80.37357,6.21323],[80.3735,6.21329],[80.37341,6.21328],[80.37308,6.2131],[80.37293,6.21317],[80.37226,6.21401],[80.37203,6.21414],[80.3719,6.21427],[80.37191,6.21445],[80.37221,6.21464],[80.37247,6.21509],[80.37232,6.21534],[80.37216,6.21542],[80.37188,6.2152],[80.37179,6.21518],[80.37155,6.21529],[80.37122,6.21524],[80.37105,6.21531],[80.37101,6.21539],[80.37104,6.21548],[80.37125,6.21564],[80.37124,6.21574],[80.37085,6.21632],[80.37075,6.21668],[80.37112,6.21716],[80.37112,6.21742],[80.37099,6.21756],[80.37038,6.21754],[80.37022,6.21763],[80.37042,6.21781],[80.37076,6.21833],[80.37086,6.21872],[80.37075,6.21915],[80.37083,6.21942],[80.37082,6.2196],[80.37053,6.22007],[80.37048,6.22032],[80.37031,6.22052],[80.37008,6.22064],[80.36947,6.22076],[80.36934,6.22088],[80.36933,6.22097],[80.36943,6.22112],[80.36968,6.22123],[80.3703,6.22115],[80.37047,6.22121],[80.37064,6.22137],[80.37071,6.22153],[80.3707,6.22188],[80.37083,6.22221],[80.37125,6.22269],[80.37283,6.22298],[80.37298,6.22306],[80.3731,6.22319],[80.37313,6.22336],[80.37324,6.2235],[80.37359,6.22358],[80.37364,6.22374],[80.37346,6.22423],[80.37331,6.22432],[80.37116,6.22437],[80.37092,6.22441],[80.37074,6.22451],[80.37059,6.22476],[80.37075,6.22505],[80.37075,6.22524],[80.37063,6.22529],[80.36999,6.22532],[80.36982,6.2254],[80.36973,6.22555],[80.3697,6.22564],[80.36974,6.22582],[80.36996,6.2261],[80.37007,6.22643],[80.36996,6.22665],[80.36969,6.22672],[80.36953,6.22681],[80.36949,6.22697],[80.36967,6.22701],[80.37004,6.22696],[80.37021,6.22691],[80.37067,6.22664],[80.37093,6.22656],[80.3714,6.22659],[80.37163,6.22683],[80.37164,6.22691],[80.37148,6.22731],[80.37152,6.22767],[80.37138,6.22817],[80.37124,6.22827],[80.37087,6.22834],[80.37063,6.22871],[80.37036,6.22894],[80.37021,6.22899],[80.36983,6.22897],[80.36959,6.22905],[80.36924,6.22903],[80.36902,6.22918],[80.36884,6.2292],[80.36868,6.22929],[80.36832,6.22928],[80.36797,6.22953],[80.36761,6.22949],[80.36748,6.22937],[80.36762,6.22883],[80.36776,6.22859],[80.36778,6.2285],[80.36772,6.22843],[80.36746,6.22839],[80.36701,6.22859],[80.36664,6.22864],[80.36624,6.22853],[80.36606,6.22833],[80.36599,6.22804],[80.36609,6.22768],[80.36647,6.22729],[80.36659,6.22706],[80.36635,6.22681],[80.36623,6.22609],[80.36639,6.22588],[80.36674,6.22573],[80.36729,6.22567],[80.36745,6.22537],[80.36754,6.22509],[80.36753,6.225],[80.36747,6.22493],[80.36702,6.22496],[80.36692,6.22494],[80.36689,6.22484],[80.36693,6.22466],[80.36736,6.22385],[80.36757,6.22335],[80.36755,6.22281],[80.36764,6.22246],[80.36822,6.2215],[80.36834,6.22112],[80.36847,6.22099],[80.3685,6.22089],[80.36842,6.22061],[80.36824,6.2204],[80.36765,6.22036],[80.36746,6.2201],[80.36732,6.22],[80.36714,6.22002],[80.36682,6.22019],[80.36665,6.22018],[80.36663,6.22],[80.36677,6.21977],[80.36678,6.21968],[80.36672,6.21961],[80.36663,6.21961],[80.36646,6.21968],[80.36633,6.2198],[80.36599,6.22022],[80.36542,6.2202],[80.36524,6.22025],[80.3651,6.22036],[80.36481,6.22082],[80.3647,6.22117],[80.36475,6.22151],[80.36472,6.22187],[80.36448,6.22213],[80.36443,6.22225],[80.36444,6.22236],[80.36504,6.22274],[80.36529,6.22301],[80.3653,6.22337],[80.36523,6.22373],[80.36522,6.22406],[80.36534,6.22445],[80.36554,6.22478],[80.36559,6.22495],[80.36544,6.22546],[80.36516,6.2259],[80.36487,6.22615],[80.36434,6.22628],[80.36413,6.22645],[80.36412,6.22663],[80.36419,6.22689],[80.36411,6.22732],[80.3643,6.22758],[80.3643,6.22767],[80.36399,6.22799],[80.36368,6.22855],[80.36342,6.22854],[80.36328,6.22844],[80.36297,6.22799],[80.36283,6.22788],[80.36246,6.22787],[80.36231,6.22794],[80.36218,6.22806],[80.36217,6.22824],[80.36225,6.22858],[80.36241,6.2289],[80.36244,6.22907],[80.36233,6.22961],[80.36212,6.23008],[80.36196,6.23016],[80.36158,6.23017],[80.36098,6.22997],[80.36054,6.22997],[80.36021,6.23003],[80.35967,6.22999],[80.35926,6.23013],[80.35889,6.2304],[80.35841,6.23061],[80.35812,6.23065],[80.35797,6.23059],[80.35791,6.23052],[80.35775,6.2301],[80.35769,6.23004],[80.35717,6.22993],[80.35681,6.22998],[80.35649,6.23009],[80.35611,6.23049],[80.35566,6.23055],[80.35535,6.23072],[80.35491,6.23077],[80.35458,6.23094],[80.35404,6.23093],[80.35342,6.23073],[80.35329,6.23061],[80.35318,6.23027],[80.35302,6.2302],[80.35247,6.23024],[80.35216,6.23004],[80.35182,6.22998],[80.35161,6.22981],[80.35153,6.22982],[80.35131,6.23008],[80.35114,6.2301],[80.35107,6.23005],[80.35107,6.2297],[80.35122,6.22947],[80.35121,6.22936],[80.35109,6.22923],[80.35059,6.22903],[80.35036,6.22889],[80.35005,6.22857],[80.35005,6.22851],[80.35039,6.22824],[80.35044,6.22808],[80.35039,6.2279],[80.35009,6.2277],[80.35005,6.22753],[80.35019,6.22742],[80.35046,6.2274],[80.35073,6.22776],[80.35268,6.22923],[80.35304,6.22928],[80.35375,6.22918],[80.35393,6.2292],[80.35417,6.22931],[80.35446,6.22963],[80.3547,6.22952],[80.35484,6.22908],[80.355,6.22885],[80.35523,6.22898],[80.35576,6.22898],[80.35628,6.22884],[80.35734,6.22882],[80.35823,6.22823],[80.35852,6.22827],[80.35876,6.22813],[80.35918,6.2276],[80.35962,6.22735],[80.35966,6.22726],[80.3596,6.22657],[80.35954,6.22641],[80.35931,6.22612],[80.35924,6.22576],[80.35887,6.22519],[80.3589,6.22429],[80.35877,6.22416],[80.35842,6.22405],[80.35781,6.22368],[80.35763,6.22367],[80.35746,6.22375],[80.35735,6.22389],[80.35723,6.22441],[80.35709,6.22452],[80.35616,6.22451],[80.35553,6.22417],[80.35497,6.22369],[80.354,6.22342],[80.35347,6.22343],[80.35333,6.22333],[80.35326,6.22316],[80.35325,6.22279],[80.35319,6.22262],[80.35307,6.22249],[80.3527,6.22249],[80.35224,6.2228],[80.35198,6.22287],[80.35138,6.2228],[80.3512,6.22283],[80.35071,6.22304],[80.35011,6.22372],[80.34967,6.22405],[80.34926,6.22487],[80.34914,6.22561],[80.34886,6.22585],[80.3487,6.22594],[80.34832,6.22596],[80.34781,6.22578],[80.34726,6.22578],[80.3469,6.22589],[80.34678,6.22602],[80.34677,6.22638],[80.34685,6.22654],[80.34729,6.22695],[80.34746,6.22701],[80.34782,6.22701],[80.34835,6.22687],[80.34853,6.22692],[80.34882,6.22712],[80.34897,6.22743],[80.34918,6.22771],[80.34915,6.22794],[80.34896,6.22823],[80.34859,6.22861],[80.34848,6.2291],[80.34872,6.22956],[80.34874,6.22973],[80.34869,6.2299],[80.34857,6.23003],[80.3481,6.23029],[80.34752,6.23039],[80.34719,6.23021],[80.34691,6.22998],[80.34656,6.23],[80.34625,6.23015],[80.34594,6.23076],[80.34496,6.23131],[80.3441,6.2313],[80.34377,6.23142],[80.34366,6.23156],[80.34363,6.23174],[80.34299,6.23336],[80.34297,6.23414],[80.34301,6.23431],[80.34326,6.23477],[80.34326,6.23495],[80.34306,6.23544],[80.34247,6.23614],[80.34217,6.23635],[80.34675,6.23788],[80.3531,6.23587],[80.35988,6.23177],[80.36482,6.23139],[80.36993,6.23698],[80.35113,6.26492],[80.3341,6.25995],[80.33419,6.26033],[80.33409,6.26072],[80.3324,6.26255],[80.33176,6.2639],[80.33178,6.26577],[80.33164,6.26648],[80.33123,6.26766],[80.33099,6.26853],[80.33019,6.27017],[80.32983,6.27108],[80.32969,6.27161],[80.32971,6.27187],[80.32962,6.2723],[80.32965,6.27259],[80.32949,6.27306],[80.32947,6.27326],[80.32949,6.27347],[80.32971,6.27378],[80.32974,6.27418],[80.32993,6.27448],[80.32989,6.27465],[80.32976,6.2748],[80.32956,6.27584],[80.32934,6.27661],[80.32915,6.27693],[80.32902,6.27706],[80.32755,6.27774],[80.32719,6.27811],[80.32706,6.27842],[80.32696,6.27883],[80.32688,6.27987],[80.32655,6.28041],[80.32648,6.28075],[80.3265,6.28128],[80.32644,6.28146],[80.32617,6.28183],[80.32615,6.28201]],[[80.33522,6.28951],[80.33526,6.28925],[80.33541,6.28914],[80.33565,6.28924],[80.3358,6.28924],[80.33604,6.28946],[80.33638,6.28965],[80.33656,6.28965],[80.337,6.28942],[80.33716,6.2895],[80.33728,6.28965],[80.33733,6.28983],[80.33759,6.2899],[80.33773,6.29001],[80.33764,6.29016],[80.33747,6.29021],[80.33759,6.29044],[80.33756,6.29052],[80.33749,6.29056],[80.33707,6.29043],[80.33685,6.29054],[80.33669,6.29046],[80.33635,6.29043],[80.33618,6.29023],[80.33593,6.29016],[80.33575,6.28994],[80.33534,6.28974],[80.33522,6.28951]],[[80.33573,6.28592],[80.33576,6.28573],[80.33586,6.28557],[80.33603,6.28555],[80.33619,6.28561],[80.33652,6.28608],[80.33655,6.2862],[80.33651,6.28687],[80.33661,6.2874],[80.33646,6.28772],[80.33646,6.28799],[80.3364,6.28816],[80.33631,6.2882],[80.33623,6.28816],[80.33617,6.288],[80.33622,6.28761],[80.3362,6.28709],[80.3363,6.28673],[80.33629,6.28656],[80.33624,6.28638],[80.33617,6.28632],[80.33583,6.28617],[80.33573,6.28592]],[[80.33806,6.29013],[80.33811,6.28997],[80.33833,6.28969],[80.33872,6.28942],[80.33891,6.28906],[80.33889,6.28894],[80.3386,6.28861],[80.33854,6.28825],[80.33835,6.28808],[80.3383,6.288],[80.33832,6.28791],[80.33845,6.28779],[80.33873,6.28777],[80.33889,6.2877],[80.33903,6.2878],[80.33901,6.28825],[80.33918,6.28859],[80.33914,6.28895],[80.33928,6.28927],[80.3393,6.28946],[80.33927,6.28963],[80.33917,6.28978],[80.33917,6.29013],[80.339,6.29044],[80.3391,6.29058],[80.33944,6.29073],[80.33982,6.29072],[80.3401,6.29065],[80.34027,6.29045],[80.34024,6.29018],[80.34029,6.29002],[80.34086,6.28967],[80.34101,6.28927],[80.34124,6.28914],[80.34141,6.28919],[80.34142,6.28928],[80.34127,6.28949],[80.34156,6.28988],[80.34156,6.29006],[80.3415,6.29015],[80.34108,6.2903],[80.34096,6.29054],[80.34067,6.29074],[80.34064,6.29082],[80.34071,6.29109],[80.34067,6.29117],[80.34032,6.29123],[80.34,6.29138],[80.33975,6.29133],[80.33964,6.291],[80.33957,6.29094],[80.33939,6.29093],[80.33924,6.291],[80.33893,6.29132],[80.33871,6.29138],[80.33864,6.29133],[80.3385,6.291],[80.33834,6.29047],[80.33812,6.2903],[80.33806,6.29013]],[[80.34088,6.31472],[80.34096,6.31446],[80.34134,6.31407],[80.34151,6.31404],[80.34194,6.31408],[80.34202,6.31403],[80.34212,6.31378],[80.34223,6.31365],[80.34232,6.31365],[80.34248,6.31374],[80.34266,6.31373],[80.34285,6.31355],[80.34303,6.31353],[80.34311,6.31357],[80.34314,6.31366],[80.3431,6.31383],[80.3429,6.31401],[80.3428,6.31416],[80.34284,6.31434],[80.34292,6.31438],[80.34293,6.31446],[80.34285,6.31462],[80.34277,6.31466],[80.34258,6.31463],[80.34235,6.31434],[80.34228,6.31429],[80.34219,6.31429],[80.34194,6.31439],[80.34159,6.31465],[80.34135,6.31474],[80.34116,6.31492],[80.34098,6.31487],[80.34088,6.31472]],[[80.34129,6.31735],[80.34137,6.31719],[80.3415,6.31707],[80.34177,6.317],[80.34192,6.31722],[80.34222,6.31742],[80.34224,6.3175],[80.34222,6.31759],[80.34203,6.31778],[80.34197,6.31803],[80.34177,6.31813],[80.34162,6.31802],[80.34159,6.31794],[80.34137,6.31778],[80.34129,6.31735]],[[80.34145,6.30015],[80.34152,6.3],[80.34194,6.29981],[80.34207,6.29967],[80.34215,6.2995],[80.34212,6.29934],[80.34196,6.29925],[80.34189,6.29909],[80.34237,6.29863],[80.3424,6.29837],[80.34255,6.29786],[80.34257,6.2975],[80.34272,6.2973],[80.34273,6.29722],[80.34271,6.29705],[80.34262,6.2969],[80.34264,6.29654],[80.34278,6.29634],[80.34278,6.29624],[80.34269,6.2959],[80.34275,6.29574],[80.34288,6.29562],[80.34298,6.29559],[80.34315,6.29566],[80.34322,6.29614],[80.3433,6.29619],[80.34349,6.2962],[80.34375,6.29612],[80.34415,6.29562],[80.34431,6.29549],[80.34448,6.29546],[80.34464,6.29555],[80.34464,6.29608],[80.34473,6.29633],[80.34472,6.29651],[80.34447,6.29667],[80.34394,6.2967],[80.34377,6.29691],[80.34351,6.29714],[80.34333,6.29745],[80.34344,6.29759],[80.34362,6.29764],[80.3438,6.29758],[80.344,6.2974],[80.34429,6.2973],[80.34453,6.2974],[80.34457,6.29749],[80.34451,6.29776],[80.34411,6.29811],[80.34403,6.29827],[80.34405,6.29846],[80.34418,6.29859],[80.34426,6.2986],[80.34501,6.29859],[80.34509,6.29863],[80.34512,6.29871],[80.34504,6.29887],[80.34505,6.29896],[80.34532,6.29895],[80.34556,6.29883],[80.34584,6.29838],[80.34576,6.29823],[80.34551,6.29816],[80.34547,6.29808],[80.34549,6.29799],[80.34567,6.29778],[80.34604,6.29763],[80.34641,6.29759],[80.34649,6.29753],[80.34661,6.2973],[80.34676,6.29718],[80.34694,6.2972],[80.34694,6.29738],[80.34701,6.29753],[80.3472,6.29758],[80.34727,6.29754],[80.34734,6.29689],[80.3474,6.29671],[80.34748,6.29667],[80.34763,6.29673],[80.34745,6.29743],[80.34748,6.2976],[80.34756,6.29766],[80.34765,6.29766],[80.34788,6.29752],[80.3481,6.29736],[80.34828,6.29714],[80.34837,6.29711],[80.34863,6.29723],[80.34918,6.29725],[80.34937,6.29744],[80.34936,6.29753],[80.34922,6.29762],[80.34895,6.2976],[80.34846,6.29746],[80.34819,6.29748],[80.34805,6.29759],[80.34769,6.2981],[80.34774,6.29827],[80.34801,6.29844],[80.34807,6.29861],[80.34803,6.29869],[80.34766,6.2989],[80.34765,6.29906],[80.34778,6.29919],[80.34781,6.29939],[80.34789,6.29945],[80.34797,6.29949],[80.34843,6.29947],[80.34858,6.29958],[80.34859,6.29967],[80.3485,6.29982],[80.34847,6.29999],[80.3484,6.30004],[80.34823,6.30009],[80.34796,6.30007],[80.34724,6.29974],[80.34684,6.29921],[80.34663,6.2988],[80.34654,6.29877],[80.34629,6.29882],[80.34603,6.29904],[80.34551,6.29904],[80.34512,6.29926],[80.34494,6.29929],[80.34468,6.29923],[80.34409,6.29922],[80.34384,6.29898],[80.34373,6.29877],[80.3431,6.29881],[80.34266,6.29874],[80.3425,6.29879],[80.34244,6.29887],[80.34245,6.29904],[80.3425,6.29912],[80.34267,6.29921],[80.3433,6.29925],[80.34346,6.29934],[80.34351,6.29941],[80.34349,6.29959],[80.34341,6.29976],[80.34335,6.29982],[80.3431,6.29992],[80.34294,6.30023],[80.34252,6.30029],[80.34231,6.30069],[80.34215,6.30078],[80.34198,6.3008],[80.3418,6.30076],[80.34172,6.3007],[80.34167,6.30043],[80.34145,6.30015]],[[80.34168,6.29385],[80.34169,6.29367],[80.34179,6.29352],[80.34194,6.29349],[80.34203,6.29353],[80.34198,6.29369],[80.34201,6.29396],[80.34226,6.29423],[80.34232,6.29439],[80.34231,6.29458],[80.3421,6.29473],[80.3419,6.29473],[80.34183,6.29467],[80.34182,6.29416],[80.34168,6.29385]],[[80.34181,6.29162],[80.34193,6.29137],[80.34197,6.29101],[80.34204,6.29085],[80.3422,6.29069],[80.34236,6.29037],[80.34246,6.29036],[80.3427,6.29047],[80.34315,6.29056],[80.34328,6.29068],[80.34334,6.29084],[80.34328,6.291],[80.34315,6.29112],[80.3429,6.29103],[80.34268,6.29087],[80.34243,6.29092],[80.34234,6.29107],[80.3424,6.29115],[80.34263,6.29117],[80.3427,6.29133],[80.34234,6.29158],[80.34233,6.29166],[80.34239,6.29173],[80.34256,6.29169],[80.34274,6.29149],[80.34283,6.29146],[80.34291,6.29149],[80.34303,6.29163],[80.34298,6.29179],[80.34266,6.29193],[80.34267,6.29204],[80.3428,6.29226],[80.34275,6.29252],[80.34266,6.29255],[80.3425,6.2925],[80.34236,6.29226],[80.3423,6.292],[80.34215,6.29191],[80.34189,6.29187],[80.34183,6.29181],[80.34181,6.29162]],[[80.34224,6.31823],[80.34227,6.31788],[80.34241,6.31736],[80.34286,6.31722],[80.34299,6.3171],[80.34316,6.31705],[80.34354,6.31679],[80.34371,6.31677],[80.3438,6.31681],[80.34381,6.3169],[80.34373,6.31706],[80.3433,6.31723],[80.34282,6.3175],[80.34275,6.31785],[80.34259,6.31795],[80.34243,6.31831],[80.34235,6.31835],[80.34227,6.31831],[80.34224,6.31823]],[[80.3434,6.30589],[80.34352,6.30565],[80.34388,6.30554],[80.34414,6.30564],[80.34451,6.306],[80.34496,6.30598],[80.34519,6.30611],[80.3456,6.3062],[80.34571,6.30634],[80.34583,6.30676],[80.34616,6.30706],[80.34617,6.30732],[80.34609,6.30748],[80.34594,6.30757],[80.3452,6.30753],[80.34457,6.30759],[80.34441,6.3075],[80.3443,6.30736],[80.34409,6.30688],[80.34409,6.30662],[80.34425,6.30638],[80.34423,6.30619],[80.3441,6.3061],[80.34354,6.30608],[80.3434,6.30598],[80.3434,6.30589]],[[80.34393,6.28894],[80.34395,6.28867],[80.34411,6.2886],[80.34417,6.28867],[80.3441,6.28893],[80.34429,6.28904],[80.34432,6.28912],[80.34418,6.28934],[80.34426,6.28977],[80.34417,6.28992],[80.34409,6.28995],[80.34395,6.28985],[80.34394,6.28976],[80.34404,6.28924],[80.34393,6.28894]],[[80.34393,6.30819],[80.34395,6.3081],[80.34411,6.30803],[80.34421,6.30803],[80.34428,6.30809],[80.3444,6.30833],[80.34482,6.30844],[80.34482,6.30861],[80.34477,6.30869],[80.34461,6.30875],[80.34408,6.30867],[80.34406,6.30851],[80.34393,6.30819]],[[80.34536,6.30926],[80.34548,6.30903],[80.34544,6.3085],[80.34549,6.30842],[80.34565,6.30838],[80.34573,6.30842],[80.34587,6.30874],[80.34602,6.30884],[80.34603,6.30892],[80.34575,6.30913],[80.34574,6.30931],[80.34562,6.30941],[80.34544,6.30941],[80.34536,6.30926]],[[80.34726,6.30193],[80.34749,6.30163],[80.34746,6.30137],[80.34757,6.30113],[80.34783,6.30106],[80.34807,6.30078],[80.34842,6.30087],[80.3485,6.30103],[80.34848,6.30111],[80.34837,6.30125],[80.34802,6.30151],[80.34786,6.30182],[80.34788,6.302],[80.34796,6.30216],[80.34792,6.30241],[80.34786,6.30247],[80.34778,6.30246],[80.3473,6.30211],[80.34726,6.30193]],[[80.34863,6.29558],[80.34865,6.2955],[80.34877,6.29537],[80.34945,6.29512],[80.34959,6.29501],[80.34994,6.29495],[80.35,6.29489],[80.35002,6.29481],[80.34992,6.29466],[80.34959,6.29447],[80.34961,6.29439],[80.34967,6.29433],[80.34985,6.29431],[80.35005,6.29414],[80.35013,6.29417],[80.3501,6.29443],[80.35014,6.2946],[80.35056,6.29471],[80.35079,6.29485],[80.35087,6.29482],[80.35078,6.29438],[80.35083,6.29431],[80.35101,6.2943],[80.35128,6.29453],[80.35137,6.29453],[80.35143,6.29445],[80.35146,6.29437],[80.35141,6.29422],[80.35149,6.29407],[80.35149,6.29398],[80.35135,6.29386],[80.35134,6.29378],[80.35151,6.29358],[80.35178,6.29356],[80.35198,6.29394],[80.35215,6.29397],[80.35245,6.29389],[80.35259,6.2938],[80.35265,6.29362],[80.3526,6.29318],[80.35278,6.29298],[80.35313,6.29295],[80.35374,6.29312],[80.35394,6.29297],[80.35403,6.29297],[80.35405,6.29306],[80.35396,6.29321],[80.35396,6.29338],[80.35427,6.2936],[80.35437,6.29374],[80.35461,6.29383],[80.35484,6.29402],[80.35481,6.29419],[80.3549,6.29434],[80.35493,6.29452],[80.35477,6.29473],[80.35472,6.29498],[80.35485,6.2951],[80.3549,6.29527],[80.35481,6.2953],[80.35446,6.29523],[80.3543,6.2953],[80.35423,6.29547],[80.35442,6.29575],[80.35444,6.29592],[80.3544,6.296],[80.35422,6.296],[80.3539,6.29589],[80.35372,6.2957],[80.35336,6.29582],[80.35326,6.29596],[80.35326,6.29606],[80.35341,6.29614],[80.35386,6.29614],[80.35394,6.29618],[80.35403,6.29643],[80.35417,6.29652],[80.35444,6.29652],[80.35466,6.29638],[80.35484,6.29634],[80.35492,6.2963],[80.35503,6.29607],[80.35511,6.29605],[80.35524,6.29627],[80.35545,6.29645],[80.35547,6.29662],[80.35532,6.2967],[80.35503,6.29648],[80.35477,6.29645],[80.35474,6.29672],[80.35465,6.29687],[80.35448,6.29695],[80.35423,6.29698],[80.35417,6.29731],[80.35392,6.2974],[80.35388,6.29747],[80.35391,6.29771],[80.35349,6.29784],[80.3534,6.29784],[80.3533,6.2977],[80.35345,6.29738],[80.35337,6.29732],[80.35294,6.29733],[80.35269,6.29723],[80.3526,6.29725],[80.35229,6.29746],[80.35211,6.29748],[80.35204,6.29743],[80.35198,6.29727],[80.35203,6.29691],[80.35191,6.29679],[80.35173,6.29682],[80.35142,6.29695],[80.35133,6.2971],[80.35131,6.29728],[80.35137,6.29755],[80.35121,6.29776],[80.35124,6.29784],[80.35139,6.29794],[80.3514,6.29803],[80.35115,6.2981],[80.35095,6.29797],[80.35086,6.29797],[80.35053,6.2981],[80.35037,6.29803],[80.35032,6.29796],[80.35031,6.29787],[80.35038,6.29771],[80.35075,6.29748],[80.35083,6.29722],[80.35122,6.29699],[80.35122,6.2969],[80.35116,6.29683],[80.351,6.29675],[80.35095,6.29649],[80.35077,6.29648],[80.35042,6.29667],[80.35024,6.29663],[80.34988,6.29666],[80.34981,6.29661],[80.3498,6.29652],[80.34989,6.29588],[80.34986,6.29578],[80.34964,6.29561],[80.34962,6.29552],[80.34955,6.29546],[80.34947,6.29549],[80.34929,6.2957],[80.34912,6.29572],[80.34895,6.29565],[80.34868,6.29565],[80.34863,6.29558]],[[80.34866,6.30149],[80.34882,6.30089],[80.34888,6.30082],[80.34915,6.30073],[80.34934,6.30053],[80.34979,6.30055],[80.34992,6.30068],[80.34991,6.30085],[80.35014,6.30113],[80.3501,6.30138],[80.34994,6.30144],[80.34968,6.30139],[80.34947,6.30122],[80.34931,6.30117],[80.34905,6.30122],[80.34897,6.30136],[80.34896,6.30171],[80.34889,6.30176],[80.34873,6.3017],[80.34866,6.30149]],[[80.35013,6.299],[80.35015,6.29881],[80.35023,6.29865],[80.35047,6.29854],[80.35056,6.29856],[80.35059,6.29881],[80.35063,6.29889],[80.35082,6.29888],[80.35109,6.29879],[80.35117,6.2988],[80.35128,6.29894],[80.35125,6.29911],[80.35092,6.29925],[80.3508,6.29937],[80.35062,6.29938],[80.35019,6.29916],[80.35013,6.299]],[[80.35053,6.3009],[80.35059,6.30083],[80.35077,6.30081],[80.35109,6.30093],[80.35175,6.30102],[80.35263,6.30096],[80.35334,6.30132],[80.35406,6.30133],[80.35436,6.30154],[80.35482,6.30161],[80.35496,6.30202],[80.3554,6.30211],[80.35545,6.30218],[80.35531,6.30241],[80.35514,6.30252],[80.35474,6.30309],[80.3547,6.30336],[80.35478,6.3038],[80.35465,6.3039],[80.35433,6.30376],[80.35412,6.30391],[80.35404,6.30407],[80.35385,6.30408],[80.3537,6.30417],[80.35348,6.30464],[80.35301,6.30466],[80.3527,6.30499],[80.35252,6.305],[80.35244,6.30496],[80.35239,6.30488],[80.3524,6.30471],[80.35271,6.30406],[80.35318,6.30382],[80.35354,6.30344],[80.35398,6.30313],[80.3543,6.30263],[80.3543,6.30238],[80.35395,6.30194],[80.35352,6.30182],[80.3532,6.30156],[80.35303,6.30151],[80.35258,6.30163],[80.35233,6.30154],[80.35214,6.30154],[80.35187,6.3019],[80.35169,6.30191],[80.3516,6.30177],[80.35162,6.3015],[80.35153,6.30135],[80.35135,6.30132],[80.35121,6.30144],[80.35112,6.30144],[80.35107,6.30137],[80.35106,6.30119],[80.35057,6.30098],[80.35053,6.3009]],[[80.35117,6.2986],[80.35118,6.29851],[80.35135,6.29831],[80.35167,6.29829],[80.35174,6.29824],[80.35186,6.29781],[80.35206,6.29764],[80.35242,6.2976],[80.35271,6.29795],[80.3528,6.29798],[80.35335,6.29796],[80.35361,6.29803],[80.35416,6.29806],[80.35462,6.29786],[80.35503,6.29751],[80.35543,6.29734],[80.35556,6.2972],[80.35592,6.29716],[80.35608,6.29722],[80.3561,6.2974],[80.35606,6.29748],[80.35588,6.29756],[80.35551,6.29755],[80.35536,6.29767],[80.35509,6.29821],[80.35479,6.2984],[80.35466,6.29874],[80.35458,6.2988],[80.35437,6.29874],[80.35424,6.2984],[80.35407,6.29836],[80.35381,6.29844],[80.35356,6.29834],[80.3532,6.29849],[80.35308,6.29873],[80.35288,6.29892],[80.3527,6.29895],[80.35246,6.29881],[80.35219,6.29885],[80.35198,6.29899],[80.35182,6.2993],[80.35164,6.29934],[80.35151,6.29922],[80.35156,6.29896],[80.35126,6.29875],[80.35117,6.2986]],[[80.35149,6.30045],[80.3516,6.3002],[80.35175,6.30012],[80.35192,6.3001],[80.35205,6.30017],[80.35215,6.30042],[80.35237,6.30056],[80.35241,6.30064],[80.3523,6.30078],[80.35213,6.30085],[80.35187,6.30083],[80.35162,6.30091],[80.35157,6.30086],[80.3516,6.30068],[80.35149,6.30045]],[[80.35499,6.29502],[80.35509,6.29477],[80.35503,6.29443],[80.35533,6.29422],[80.35537,6.29414],[80.35534,6.29394],[80.35513,6.29363],[80.35512,6.29343],[80.35531,6.29325],[80.35565,6.29334],[80.35577,6.2931],[80.35612,6.29307],[80.35624,6.29264],[80.35685,6.29189],[80.35701,6.29181],[80.35727,6.29179],[80.35735,6.29182],[80.3578,6.29229],[80.35813,6.29239],[80.35817,6.29247],[80.35813,6.29265],[80.35765,6.29324],[80.35739,6.29317],[80.3573,6.29321],[80.35703,6.29379],[80.35697,6.29386],[80.35679,6.29389],[80.35672,6.29395],[80.35671,6.29404],[80.35681,6.29417],[80.3569,6.29416],[80.35739,6.29392],[80.35749,6.29378],[80.35756,6.29353],[80.35777,6.29338],[80.35891,6.29359],[80.35909,6.29378],[80.35909,6.29387],[80.35901,6.29403],[80.35883,6.29422],[80.35878,6.29451],[80.35855,6.2948],[80.3582,6.29549],[80.35789,6.29582],[80.35755,6.29586],[80.35746,6.29602],[80.35746,6.29611],[80.35754,6.29626],[80.35725,6.29647],[80.35729,6.29663],[80.35756,6.29659],[80.35779,6.29622],[80.35846,6.29566],[80.35863,6.29561],[80.35889,6.29565],[80.35915,6.2956],[80.35924,6.2956],[80.3593,6.29567],[80.35916,6.2959],[80.35913,6.29626],[80.35894,6.29644],[80.35886,6.2966],[80.3587,6.2967],[80.35832,6.29675],[80.35802,6.29696],[80.35739,6.29778],[80.35743,6.298],[80.3575,6.29806],[80.35783,6.29818],[80.35795,6.2983],[80.35795,6.29857],[80.35768,6.29865],[80.35749,6.29859],[80.3574,6.29843],[80.35736,6.29816],[80.35729,6.29809],[80.35711,6.2981],[80.35683,6.29834],[80.35665,6.29839],[80.35632,6.29837],[80.35597,6.29823],[80.35592,6.29815],[80.35593,6.29796],[80.35616,6.2977],[80.35626,6.29727],[80.35638,6.29713],[80.35672,6.2969],[80.35669,6.29682],[80.35633,6.29678],[80.35572,6.29621],[80.3553,6.29606],[80.35527,6.29589],[80.3555,6.29552],[80.35552,6.29526],[80.35544,6.29521],[80.35517,6.2952],[80.35502,6.2951],[80.35499,6.29502]],[[80.35705,6.29155],[80.35706,6.29138],[80.35727,6.29125],[80.35731,6.29117],[80.35729,6.29091],[80.35753,6.29076],[80.35764,6.29053],[80.35773,6.29052],[80.35795,6.29066],[80.35824,6.29046],[80.35833,6.29045],[80.35846,6.29055],[80.35842,6.29073],[80.3583,6.29086],[80.35791,6.29085],[80.35775,6.29107],[80.35753,6.29117],[80.35736,6.29137],[80.35736,6.29146],[80.3575,6.29147],[80.35785,6.29119],[80.35812,6.29119],[80.35828,6.29129],[80.35835,6.29172],[80.35852,6.29191],[80.3585,6.29208],[80.35844,6.29214],[80.35827,6.2921],[80.35805,6.29182],[80.35789,6.29176],[80.35745,6.29174],[80.35712,6.29161],[80.35705,6.29155]],[[80.35884,6.29217],[80.35894,6.29202],[80.35903,6.2916],[80.3591,6.29154],[80.35936,6.2915],[80.35953,6.29129],[80.35977,6.29114],[80.35994,6.29114],[80.36028,6.29128],[80.36031,6.29136],[80.36025,6.29153],[80.35983,6.29173],[80.35965,6.29193],[80.3594,6.29208],[80.35916,6.29235],[80.3589,6.29233],[80.35884,6.29217]],[[80.37228,6.22129],[80.37238,6.22112],[80.37263,6.22087],[80.3727,6.22071],[80.37269,6.22053],[80.37252,6.22008],[80.37257,6.21991],[80.37269,6.21978],[80.37298,6.21959],[80.37304,6.21943],[80.37302,6.21924],[80.37294,6.21908],[80.373,6.21892],[80.37315,6.21883],[80.37429,6.21888],[80.37445,6.21897],[80.37468,6.21945],[80.37491,6.21971],[80.37575,6.22006],[80.37592,6.22031],[80.37578,6.22085],[80.37578,6.2214],[80.37568,6.22175],[80.37548,6.22205],[80.37532,6.22215],[80.37513,6.22215],[80.37497,6.22205],[80.37471,6.22115],[80.37444,6.22087],[80.37428,6.22079],[80.37401,6.22086],[80.37392,6.22102],[80.37392,6.2212],[80.374,6.22138],[80.37437,6.22167],[80.37437,6.222],[80.37418,6.22219],[80.37408,6.2222],[80.37343,6.22204],[80.37328,6.22195],[80.37319,6.22179],[80.37266,6.22163],[80.37233,6.22146],[80.37228,6.22129]],[[80.38689,6.25375],[80.387,6.25361],[80.38728,6.25352],[80.38736,6.25355],[80.3876,6.2538],[80.38768,6.25375],[80.38795,6.25342],[80.38819,6.25329],[80.38845,6.25322],[80.38894,6.25319],[80.38904,6.25322],[80.38933,6.25349],[80.38944,6.25375],[80.38944,6.25386],[80.38993,6.2541],[80.39047,6.25414],[80.39072,6.25423],[80.39084,6.25447],[80.39065,6.25475],[80.39056,6.25531],[80.39058,6.25548],[80.39072,6.25572],[80.39144,6.25559],[80.39189,6.25589],[80.39227,6.25588],[80.39244,6.25611],[80.39234,6.25621],[80.39249,6.25644],[80.39305,6.25671],[80.39319,6.25685],[80.39324,6.25703],[80.39311,6.25726],[80.39325,6.25759],[80.3932,6.25768],[80.39303,6.25777],[80.39302,6.25815],[80.39286,6.25824],[80.39285,6.25833],[80.3931,6.25844],[80.39345,6.25839],[80.39358,6.25844],[80.3942,6.25957],[80.3946,6.26014],[80.39485,6.2604],[80.39493,6.26055],[80.3949,6.26064],[80.39482,6.26069],[80.39464,6.26071],[80.39446,6.26065],[80.39436,6.26051],[80.39429,6.26024],[80.394,6.26004],[80.3939,6.25969],[80.39379,6.25956],[80.39368,6.25969],[80.39368,6.25997],[80.39355,6.26009],[80.39328,6.25999],[80.39302,6.25968],[80.39293,6.25963],[80.39265,6.25964],[80.39258,6.25971],[80.39256,6.2599],[80.39276,6.2601],[80.39282,6.26027],[80.39279,6.26035],[80.39262,6.26044],[80.39243,6.26045],[80.39225,6.26025],[80.39207,6.26021],[80.39153,6.26044],[80.39116,6.26041],[80.39107,6.26027],[80.39109,6.26018],[80.39135,6.25984],[80.39137,6.25967],[80.39135,6.25958],[80.39128,6.25952],[80.39102,6.25944],[80.39084,6.2595],[80.39065,6.25968],[80.39037,6.2597],[80.39022,6.25978],[80.39007,6.26011],[80.38998,6.26016],[80.38966,6.2602],[80.38936,6.26018],[80.38929,6.26012],[80.38927,6.25994],[80.38974,6.2593],[80.38975,6.25922],[80.38969,6.25914],[80.38951,6.25912],[80.38937,6.25924],[80.38921,6.25966],[80.38905,6.25972],[80.38898,6.25966],[80.38915,6.25796],[80.38915,6.25752],[80.38927,6.25691],[80.38925,6.25664],[80.38912,6.25653],[80.38892,6.25651],[80.38874,6.25643],[80.38855,6.25612],[80.38833,6.25596],[80.38813,6.25567],[80.38798,6.25516],[80.3878,6.25497],[80.38776,6.2548],[80.38765,6.25466],[80.38732,6.25451],[80.38724,6.25407],[80.38697,6.254],[80.38691,6.25393],[80.38689,6.25375]],[[80.38705,6.25789],[80.38715,6.25736],[80.38735,6.25707],[80.38738,6.25688],[80.38722,6.25637],[80.38725,6.25603],[80.38732,6.25586],[80.38745,6.25572],[80.3876,6.25563],[80.38778,6.25562],[80.38793,6.25573],[80.38785,6.25614],[80.38827,6.25648],[80.3884,6.25712],[80.38851,6.25726],[80.38882,6.25743],[80.38894,6.25767],[80.38892,6.25803],[80.38878,6.25836],[80.38864,6.25845],[80.38811,6.25838],[80.38775,6.25842],[80.38744,6.25903],[80.38727,6.25905],[80.38713,6.25896],[80.38708,6.25879],[80.38717,6.25843],[80.38705,6.25789]],[[80.40166,6.24313],[80.40167,6.24296],[80.40174,6.2428],[80.40192,6.24277],[80.40209,6.24284],[80.40219,6.24299],[80.40265,6.24328],[80.40354,6.24338],[80.40367,6.24349],[80.40382,6.24381],[80.40397,6.24434],[80.40409,6.24448],[80.4043,6.24461],[80.40441,6.24474],[80.40454,6.24506],[80.40482,6.24529],[80.40501,6.24531],[80.40514,6.2452],[80.40533,6.2447],[80.40543,6.24455],[80.40562,6.24456],[80.40578,6.24466],[80.40571,6.24536],[80.40581,6.24548],[80.40583,6.24565],[80.40558,6.2459],[80.40554,6.24607],[80.40564,6.2464],[80.40563,6.24658],[80.40551,6.24671],[80.40514,6.24672],[80.40496,6.24667],[80.40464,6.24651],[80.40424,6.24619],[80.40355,6.24612],[80.40344,6.24599],[80.4034,6.24541],[80.40325,6.24505],[80.40301,6.24476],[80.40221,6.24424],[80.40203,6.24375],[80.40166,6.24313]],[[80.4024,6.24034],[80.40247,6.24018],[80.40249,6.23983],[80.40257,6.23967],[80.40274,6.23964],[80.40321,6.2399],[80.40338,6.23994],[80.4041,6.24002],[80.40417,6.24017],[80.40397,6.24047],[80.4039,6.24101],[80.40408,6.24132],[80.40423,6.2414],[80.40457,6.24148],[80.40492,6.24141],[80.40514,6.24128],[80.40531,6.24129],[80.40546,6.2414],[80.40542,6.24176],[80.40549,6.24191],[80.40567,6.24193],[80.40608,6.24162],[80.40642,6.24152],[80.40691,6.24173],[80.40743,6.2417],[80.4079,6.24223],[80.40875,6.24242],[80.40891,6.24237],[80.40904,6.24208],[80.40935,6.24188],[80.40987,6.24186],[80.41022,6.24198],[80.41057,6.24199],[80.41072,6.24189],[80.41122,6.24115],[80.41152,6.24098],[80.41187,6.24093],[80.41204,6.24099],[80.41199,6.24136],[80.41157,6.24175],[80.41148,6.24191],[80.41151,6.24233],[80.41162,6.24247],[80.41213,6.24258],[80.41233,6.24268],[80.41234,6.24285],[80.41227,6.24303],[80.41204,6.2433],[80.41172,6.24349],[80.41154,6.24352],[80.41071,6.24343],[80.41026,6.24374],[80.41007,6.24376],[80.40995,6.24361],[80.40993,6.24344],[80.40983,6.2433],[80.40965,6.24332],[80.40953,6.24345],[80.4095,6.24363],[80.40941,6.24379],[80.40925,6.24389],[80.40906,6.24391],[80.40879,6.24366],[80.40855,6.24362],[80.40847,6.24351],[80.40844,6.24324],[80.40836,6.2432],[80.40828,6.24323],[80.40817,6.24337],[80.40819,6.24363],[80.40813,6.24368],[80.40777,6.24364],[80.40747,6.24346],[80.40712,6.24284],[80.40693,6.24284],[80.40647,6.24309],[80.40629,6.24311],[80.40613,6.24304],[80.40596,6.24256],[80.4058,6.24247],[80.40543,6.24243],[80.40491,6.24252],[80.40474,6.24248],[80.40448,6.24224],[80.40415,6.24208],[80.40394,6.24179],[80.40362,6.24163],[80.40351,6.24148],[80.4035,6.2413],[80.40369,6.24097],[80.40369,6.24088],[80.40351,6.24083],[80.40314,6.24095],[80.40283,6.2408],[80.40278,6.24064],[80.40295,6.24055],[80.40312,6.24054],[80.40317,6.24047],[80.40314,6.24028],[80.40298,6.24024],[80.40269,6.24047],[80.40261,6.24048],[80.40251,6.24047],[80.4024,6.24034]]]}},{"type":"Feature","properties":{"c":"residential"},"geometry":{"type":"Polygon","coordinates":[[[80.47083,5.98461],[80.47089,5.98478],[80.47115,5.98502],[80.4714,5.98506],[80.47161,5.98491],[80.47158,5.9847],[80.47147,5.98446],[80.47118,5.98434],[80.47091,5.98439],[80.47083,5.98461]]]}},{"type":"Feature","properties":{"c":"orchard"},"geometry":{"type":"Polygon","coordinates":[[[80.46796,5.98503],[80.46812,5.98527],[80.46838,5.98543],[80.46882,5.98542],[80.46906,5.98535],[80.46924,5.98543],[80.46976,5.98536],[80.46999,5.98526],[80.47011,5.98506],[80.47015,5.98488],[80.46993,5.9843],[80.46971,5.98393],[80.46942,5.98395],[80.46925,5.9841],[80.46899,5.98422],[80.46844,5.98427],[80.46805,5.9846],[80.46796,5.98486],[80.46796,5.98503]]]}},{"type":"Feature","properties":{"c":"farmland"},"geometry":{"type":"Polygon","coordinates":[[[80.45987,5.98671],[80.45998,5.98709],[80.46037,5.98693],[80.46079,5.98694],[80.46131,5.98683],[80.46163,5.98681],[80.46184,5.98696],[80.46199,5.98696],[80.46203,5.98683],[80.46259,5.98675],[80.46291,5.98687],[80.46287,5.98699],[80.46329,5.98766],[80.46348,5.98759],[80.4636,5.98787],[80.46354,5.98803],[80.46358,5.9887],[80.46346,5.98896],[80.4635,5.98914],[80.46375,5.98926],[80.46407,5.98952],[80.46432,5.98954],[80.46454,5.98895],[80.46399,5.98857],[80.46397,5.98839],[80.46412,5.98807],[80.46444,5.98783],[80.46477,5.98773],[80.46588,5.98795],[80.46598,5.98806],[80.46621,5.98797],[80.46617,5.98769],[80.46587,5.98752],[80.46486,5.98711],[80.46481,5.98683],[80.46507,5.98647],[80.46568,5.98615],[80.46563,5.98602],[80.46568,5.98492],[80.46541,5.98483],[80.46477,5.98514],[80.46441,5.98459],[80.46409,5.98472],[80.46372,5.98465],[80.46338,5.98443],[80.46268,5.98413],[80.46246,5.9839],[80.46194,5.98375],[80.46161,5.98386],[80.46135,5.98438],[80.4613,5.98473],[80.46142,5.98487],[80.46156,5.98493],[80.46179,5.98478],[80.46176,5.98455],[80.46197,5.9843],[80.46258,5.9843],[80.46297,5.98453],[80.46313,5.98469],[80.46315,5.98509],[80.46311,5.98548],[80.46286,5.98571],[80.46253,5.98571],[80.46213,5.98579],[80.46149,5.98617],[80.46132,5.98612],[80.46055,5.98649],[80.46021,5.98645],[80.45987,5.98671]]]}},{"type":"Feature","properties":{"c":"farmland"},"geometry":{"type":"Polygon","coordinates":[[[80.46583,5.98581],[80.46655,5.98619],[80.4666,5.98634],[80.46687,5.98645],[80.4675,5.98651],[80.46764,5.98663],[80.4676,5.98679],[80.46771,5.98689],[80.46787,5.98684],[80.46859,5.9873],[80.46862,5.98761],[80.46857,5.98798],[80.46867,5.98837],[80.46843,5.98907],[80.46856,5.98918],[80.46877,5.98927],[80.46911,5.98922],[80.46939,5.98933],[80.46944,5.98932],[80.46946,5.98909],[80.46924,5.98895],[80.46933,5.98849],[80.4692,5.98824],[80.46933,5.98809],[80.46934,5.988],[80.46903,5.98793],[80.4688,5.98705],[80.46846,5.98682],[80.46823,5.98654],[80.4682,5.98618],[80.46837,5.98588],[80.46872,5.98583],[80.46916,5.98599],[80.46936,5.98601],[80.46983,5.98587],[80.47005,5.98587],[80.47021,5.98594],[80.47037,5.98622],[80.47041,5.98664],[80.47128,5.98671],[80.47182,5.98737],[80.47204,5.98779],[80.47202,5.98797],[80.47214,5.98809],[80.4723,5.9881],[80.47276,5.98782],[80.47238,5.98718],[80.47216,5.98709],[80.47225,5.98668],[80.47243,5.98625],[80.47275,5.98609],[80.47349,5.98604],[80.47378,5.98619],[80.47402,5.98647],[80.47409,5.98667],[80.47439,5.98705],[80.47453,5.98762],[80.47447,5.98792],[80.47452,5.98806],[80.47433,5.98835],[80.47468,5.98867],[80.47482,5.98864],[80.47496,5.98843],[80.47503,5.9881],[80.475,5.98765],[80.47514,5.98733],[80.47566,5.98694],[80.47631,5.98677],[80.47684,5.98675],[80.477,5.98665],[80.47777,5.98692],[80.47807,5.98719],[80.47845,5.98698],[80.47847,5.98666],[80.47837,5.98659],[80.47818,5.98595],[80.47778,5.98581],[80.47732,5.98577],[80.47704,5.98552],[80.47638,5.98516],[80.47582,5.98502],[80.47562,5.98513],[80.47551,5.98555],[80.47522,5.98566],[80.47509,5.98564],[80.47501,5.9854],[80.47506,5.98523],[80.47568,5.98487],[80.47548,5.9848],[80.47471,5.98513],[80.47434,5.98507],[80.47412,5.98479],[80.47385,5.98459],[80.47329,5.98446],[80.47281,5.9842],[80.47279,5.98361],[80.47286,5.98325],[80.47262,5.98331],[80.47242,5.98351],[80.47214,5.98363],[80.4707,5.9835],[80.46989,5.98287],[80.46951,5.98198],[80.46919,5.98202],[80.46883,5.9822],[80.46856,5.98244],[80.46839,5.98353],[80.46824,5.98387],[80.46789,5.98419],[80.46743,5.98451],[80.46696,5.98446],[80.46615,5.98507],[80.46583,5.98581]],[[80.46796,5.98503],[80.46796,5.98486],[80.46805,5.9846],[80.46844,5.98427],[80.46899,5.98422],[80.46925,5.9841],[80.46942,5.98395],[80.46971,5.98393],[80.46993,5.9843],[80.47015,5.98488],[80.47011,5.98506],[80.46999,5.98526],[80.46976,5.98536],[80.46924,5.98543],[80.46906,5.98535],[80.46882,5.98542],[80.46838,5.98543],[80.46812,5.98527],[80.46796,5.98503]],[[80.47083,5.98461],[80.47091,5.98439],[80.47118,5.98434],[80.47147,5.98446],[80.47158,5.9847],[80.47161,5.98491],[80.4714,5.98506],[80.47115,5.98502],[80.47089,5.98478],[80.47083,5.98461]]]}},{"type":"Feature","properties":{"c":"farmyard"},"geometry":{"type":"Polygon","coordinates":[[[80.40296,5.97458],[80.4033,5.97487],[80.40367,5.97493],[80.4037,5.97428],[80.40363,5.97412],[80.40352,5.97401],[80.40328,5.97419],[80.40322,5.97415],[80.4032,5.97428],[80.40296,5.97458]]]}},{"type":"Feature","properties":{"c":"orchard"},"geometry":{"type":"Polygon","coordinates":[[[80.39404,5.97012],[80.39422,5.97044],[80.39439,5.97053],[80.3948,5.97046],[80.3958,5.96972],[80.39608,5.96931],[80.39671,5.96891],[80.39672,5.96853],[80.3968,5.96816],[80.39621,5.96849],[80.39529,5.9694],[80.39505,5.96957],[80.39468,5.96966],[80.39404,5.97012]]]}},{"type":"Feature","properties":{"c":"farmland"},"geometry":{"type":"Polygon","coordinates":[[[80.40304,5.96856],[80.4033,5.96874],[80.40363,5.96851],[80.40375,5.96856],[80.40406,5.96891],[80.40433,5.96944],[80.40446,5.96946],[80.40479,5.96998],[80.40504,5.97017],[80.40536,5.97004],[80.40566,5.96917],[80.40569,5.96897],[80.40561,5.96877],[80.40572,5.96859],[80.40561,5.96831],[80.40513,5.96842],[80.40511,5.96854],[80.4049,5.96852],[80.40493,5.96839],[80.40483,5.96816],[80.40468,5.96813],[80.40462,5.96728],[80.40522,5.96726],[80.40524,5.96738],[80.40536,5.96752],[80.40548,5.96735],[80.40539,5.9672],[80.40574,5.96712],[80.40621,5.96674],[80.4061,5.96636],[80.40649,5.96604],[80.40671,5.96621],[80.40667,5.96635],[80.40678,5.96658],[80.40712,5.9667],[80.40766,5.96701],[80.40787,5.96704],[80.4081,5.96697],[80.40837,5.96681],[80.40884,5.96668],[80.40895,5.96641],[80.40865,5.96622],[80.40839,5.96626],[80.4078,5.96663],[80.40758,5.96656],[80.40738,5.96642],[80.40741,5.96631],[80.40793,5.96583],[80.40797,5.96554],[80.40785,5.96549],[80.40729,5.96562],[80.40727,5.96494],[80.40673,5.965],[80.40549,5.9657],[80.4052,5.96579],[80.40454,5.96572],[80.40413,5.96578],[80.40375,5.96604],[80.4036,5.96656],[80.40358,5.9674],[80.40316,5.96755],[80.40304,5.96856]]]}},{"type":"Feature","properties":{"c":"farmland"},"geometry":{"type":"Polygon","coordinates":[[[80.39731,5.98152],[80.39805,5.98178],[80.39814,5.98202],[80.39809,5.98228],[80.39851,5.98243],[80.39852,5.98228],[80.39833,5.98212],[80.39831,5.9819],[80.39891,5.98131],[80.3989,5.98116],[80.39871,5.98117],[80.39814,5.9815],[80.39762,5.98153],[80.39731,5.98142],[80.39731,5.98152]]]}},{"type":"Feature","properties":{"c":"residential"},"geometry":{"type":"Polygon","coordinates":[[[80.3873,5.96863],[80.38742,5.96912],[80.3882,5.96903],[80.38828,5.96945],[80.38896,5.96939],[80.38898,5.97117],[80.38961,5.97158],[80.38983,5.97226],[80.39003,5.97238],[80.39028,5.97243],[80.39132,5.97235],[80.39167,5.97252],[80.39225,5.9727],[80.39232,5.97283],[80.39242,5.97276],[80.39305,5.97261],[80.39365,5.97256],[80.39387,5.97244],[80.39412,5.97248],[80.39416,5.97272],[80.39401,5.97293],[80.39338,5.97332],[80.39278,5.97339],[80.39219,5.97358],[80.3917,5.97394],[80.39154,5.97413],[80.39131,5.97482],[80.39133,5.97494],[80.3916,5.97521],[80.39171,5.97558],[80.39191,5.97573],[80.39243,5.97578],[80.39282,5.97613],[80.39313,5.97632],[80.39402,5.97634],[80.3944,5.97644],[80.39449,5.97653],[80.39463,5.97736],[80.39479,5.97789],[80.39487,5.97798],[80.39499,5.97802],[80.3951,5.97796],[80.39527,5.97761],[80.39539,5.97755],[80.39549,5.97762],[80.39554,5.97774],[80.39539,5.97858],[80.39527,5.97895],[80.39541,5.97931],[80.39548,5.97966],[80.39558,5.97987],[80.39559,5.9801],[80.39554,5.98022],[80.39536,5.98037],[80.39489,5.98051],[80.39452,5.98054],[80.3944,5.98051],[80.39432,5.98042],[80.39436,5.97981],[80.39452,5.97939],[80.39455,5.97916],[80.39436,5.97846],[80.39421,5.97827],[80.39398,5.97782],[80.39378,5.97768],[80.39355,5.97761],[80.39314,5.97761],[80.39266,5.9775],[80.39227,5.97724],[80.3918,5.97684],[80.3916,5.97655],[80.39142,5.97612],[80.39035,5.97579],[80.38982,5.97579],[80.38958,5.97584],[80.38947,5.9759],[80.38938,5.97613],[80.38938,5.97639],[80.38949,5.97693],[80.38945,5.97707],[80.38922,5.97718],[80.38884,5.97716],[80.38836,5.97723],[80.38815,5.97735],[80.38803,5.97737],[80.38793,5.97745],[80.38792,5.97757],[80.38827,5.97824],[80.38833,5.97872],[80.38842,5.97881],[80.38842,5.97893],[80.38811,5.97962],[80.38788,5.97972],[80.3875,5.98004],[80.38761,5.98028],[80.38766,5.98053],[80.38762,5.98104],[80.38772,5.98127],[80.3883,5.98168],[80.38851,5.98176],[80.38899,5.98176],[80.38929,5.98136],[80.38968,5.98109],[80.38988,5.98099],[80.39035,5.981],[80.39056,5.98089],[80.39081,5.9805],[80.39101,5.98033],[80.39121,5.98047],[80.39115,5.98072],[80.39105,5.98093],[80.39013,5.98176],[80.39004,5.98222],[80.3901,5.98245],[80.39024,5.98265],[80.39043,5.98282],[80.39086,5.98301],[80.39141,5.98292],[80.39174,5.98271],[80.39196,5.98263],[80.39208,5.98264],[80.39212,5.98274],[80.39201,5.98282],[80.39155,5.98292],[80.39141,5.98302],[80.39135,5.98313],[80.39137,5.98329],[80.39151,5.98341],[80.39168,5.98348],[80.39186,5.98346],[80.39217,5.98323],[80.39245,5.98331],[80.39258,5.98364],[80.39268,5.98371],[80.39291,5.98374],[80.39311,5.98364],[80.39323,5.98368],[80.39327,5.98379],[80.39311,5.98399],[80.39318,5.98409],[80.39353,5.98413],[80.39376,5.9838],[80.39376,5.98368],[80.39435,5.98342],[80.39506,5.9835],[80.39518,5.98344],[80.39533,5.98325],[80.39555,5.98318],[80.39584,5.98298],[80.39596,5.98301],[80.39597,5.98314],[80.3955,5.9834],[80.39514,5.98375],[80.3948,5.98391],[80.39463,5.98408],[80.39457,5.98419],[80.39459,5.98467],[80.39454,5.9847],[80.39419,5.98441],[80.39403,5.98441],[80.39398,5.98458],[80.39409,5.98474],[80.39424,5.98483],[80.39454,5.98488],[80.39461,5.98497],[80.39461,5.98504],[80.39447,5.98504],[80.39414,5.98493],[80.3939,5.98496],[80.39392,5.98513],[80.39406,5.98531],[80.39397,5.98542],[80.39375,5.98555],[80.39363,5.98617],[80.39399,5.98622],[80.39549,5.98564],[80.39601,5.98633],[80.3961,5.9868],[80.39741,5.98695],[80.39758,5.98663],[80.39882,5.98623],[80.40011,5.98515],[80.39987,5.98474],[80.39984,5.98418],[80.39963,5.98396],[80.39912,5.98385],[80.39887,5.98388],[80.39888,5.98362],[80.39923,5.98355],[80.40062,5.98401],[80.40112,5.98359],[80.40114,5.98325],[80.4002,5.98315],[80.40025,5.98276],[80.40106,5.98292],[80.40164,5.98177],[80.40165,5.98166],[80.40158,5.98134],[80.40137,5.98125],[80.40098,5.98129],[80.4004,5.98147],[80.40029,5.9814],[80.40009,5.98108],[80.39962,5.98093],[80.39969,5.98166],[80.39963,5.98189],[80.39951,5.9821],[80.39903,5.98235],[80.39852,5.98228],[80.39851,5.98244],[80.39809,5.98228],[80.39813,5.98202],[80.39805,5.98178],[80.3973,5.98153],[80.39731,5.98142],[80.39717,5.98133],[80.39708,5.98118],[80.39702,5.9808],[80.39722,5.98053],[80.39741,5.98036],[80.39746,5.98016],[80.39738,5.97985],[80.39718,5.97955],[80.39714,5.97931],[80.39716,5.97882],[80.39723,5.97858],[80.39733,5.97841],[80.39739,5.9777],[80.39724,5.97751],[80.39738,5.97696],[80.39796,5.97669],[80.39842,5.97613],[80.39858,5.9758],[80.39857,5.97549],[80.39868,5.97527],[80.39891,5.97504],[80.39843,5.97508],[80.39826,5.97506],[80.39821,5.97494],[80.39827,5.97483],[80.39876,5.97448],[80.3989,5.97416],[80.39911,5.97402],[80.39947,5.974],[80.39957,5.97394],[80.39967,5.97371],[80.39968,5.97336],[80.39956,5.97302],[80.3992,5.97301],[80.39815,5.97329],[80.39777,5.9733],[80.39742,5.97323],[80.39717,5.9733],[80.39716,5.97317],[80.39836,5.97231],[80.39917,5.97107],[80.39915,5.97096],[80.39898,5.97077],[80.39889,5.97054],[80.39879,5.97046],[80.39833,5.9703],[80.39808,5.97028],[80.39729,5.97061],[80.39695,5.97096],[80.39671,5.97107],[80.39604,5.97126],[80.39556,5.9713],[80.39556,5.97117],[80.39573,5.97072],[80.39585,5.97068],[80.396,5.97086],[80.39612,5.97086],[80.39655,5.97066],[80.39662,5.97057],[80.39666,5.97021],[80.39685,5.96973],[80.39696,5.96967],[80.39733,5.96971],[80.39759,5.96967],[80.39778,5.96955],[80.39798,5.96932],[80.39756,5.96884],[80.39726,5.96858],[80.39672,5.96869],[80.39672,5.96891],[80.39609,5.96932],[80.39581,5.96973],[80.39481,5.97047],[80.39439,5.97054],[80.39421,5.97045],[80.39403,5.97012],[80.39438,5.96954],[80.39338,5.96887],[80.3933,5.96857],[80.39344,5.968],[80.39367,5.96791],[80.39419,5.96801],[80.39447,5.96604],[80.39497,5.96605],[80.3951,5.96571],[80.39508,5.96516],[80.39543,5.96477],[80.39549,5.96459],[80.3953,5.96428],[80.3951,5.96418],[80.39503,5.96406],[80.39497,5.96404],[80.39498,5.9639],[80.39506,5.96386],[80.39506,5.96376],[80.39482,5.96352],[80.39472,5.9635],[80.39465,5.96355],[80.39463,5.9637],[80.39427,5.96389],[80.39415,5.96425],[80.39404,5.9644],[80.39386,5.96442],[80.39374,5.96433],[80.3933,5.96432],[80.39293,5.96455],[80.39288,5.96475],[80.39274,5.96497],[80.39254,5.96505],[80.39245,5.96503],[80.39232,5.96499],[80.39223,5.96486],[80.39122,5.96546],[80.39102,5.96513],[80.39065,5.96535],[80.3901,5.96546],[80.38881,5.96523],[80.3888,5.96536],[80.3889,5.96582],[80.38871,5.96677],[80.38821,5.96727],[80.38732,5.96774],[80.38767,5.96816],[80.3874,5.96845],[80.3873,5.96863]],[[80.38941,5.9665],[80.38974,5.96638],[80.39009,5.96639],[80.39028,5.96666],[80.39018,5.96687],[80.39008,5.96692],[80.38975,5.96678],[80.38941,5.9665]],[[80.39304,5.97573],[80.39305,5.97562],[80.39323,5.97548],[80.39398,5.97542],[80.39434,5.9755],[80.39459,5.9755],[80.39557,5.9754],[80.39577,5.97524],[80.3959,5.97475],[80.39608,5.97472],[80.39635,5.97479],[80.39645,5.97488],[80.39663,5.97528],[80.39705,5.97548],[80.39709,5.97591],[80.39727,5.97626],[80.39725,5.97632],[80.39715,5.97637],[80.39617,5.97645],[80.39582,5.97676],[80.39547,5.97685],[80.39522,5.97685],[80.39481,5.97666],[80.39459,5.97636],[80.39426,5.97623],[80.39337,5.97608],[80.39326,5.97603],[80.39304,5.97573]]]}},{"type":"Feature","properties":{"c":"residential"},"geometry":{"type":"Polygon","coordinates":[[[80.38932,5.98631],[80.38948,5.98664],[80.38958,5.98672],[80.39032,5.98682],[80.39042,5.98689],[80.39043,5.98701],[80.3903,5.98722],[80.39054,5.98732],[80.3925,5.98735],[80.39282,5.98705],[80.39286,5.98694],[80.39282,5.98645],[80.39287,5.98633],[80.39321,5.98606],[80.39328,5.98584],[80.39325,5.98561],[80.39276,5.98518],[80.39268,5.98506],[80.39261,5.98472],[80.39251,5.98465],[80.39212,5.98455],[80.39201,5.98459],[80.39196,5.9847],[80.39183,5.98473],[80.3913,5.9845],[80.39108,5.98436],[80.39091,5.98432],[80.3905,5.98445],[80.39034,5.98463],[80.39026,5.98458],[80.39015,5.9843],[80.39,5.98419],[80.38987,5.98419],[80.38979,5.98427],[80.38975,5.98447],[80.38958,5.98474],[80.38953,5.98511],[80.38998,5.98567],[80.38997,5.98604],[80.38984,5.98608],[80.38949,5.98603],[80.38939,5.98609],[80.38932,5.98631]]]}},{"type":"Feature","properties":{"c":"residential"},"geometry":{"type":"Polygon","coordinates":[[[80.38,5.98438],[80.38049,5.98483],[80.38089,5.9849],[80.38101,5.98546],[80.38109,5.98629],[80.38163,5.98632],[80.38262,5.98545],[80.38379,5.98528],[80.38625,5.98482],[80.38665,5.98727],[80.38712,5.98728],[80.38825,5.98691],[80.38823,5.98674],[80.38842,5.98657],[80.38842,5.98652],[80.38831,5.98648],[80.38825,5.98634],[80.3883,5.98599],[80.3884,5.98576],[80.38857,5.98569],[80.38868,5.98545],[80.38871,5.98509],[80.38865,5.98499],[80.38848,5.98492],[80.38848,5.98485],[80.38858,5.98478],[80.38882,5.98475],[80.389,5.98465],[80.38959,5.98407],[80.38962,5.98381],[80.38956,5.98331],[80.38901,5.98298],[80.38885,5.98275],[80.38862,5.98265],[80.38837,5.98264],[80.38812,5.98271],[80.38788,5.98266],[80.3878,5.98275],[80.38773,5.98298],[80.38709,5.98298],[80.38646,5.98272],[80.38609,5.9829],[80.38536,5.98292],[80.38456,5.98285],[80.38404,5.98295],[80.38326,5.98318],[80.38292,5.98334],[80.38279,5.98334],[80.3823,5.98318],[80.38162,5.98314],[80.38135,5.98301],[80.38106,5.98256],[80.38027,5.98271],[80.38,5.98438]]]}},{"type":"Feature","properties":{"c":"cemetery"},"geometry":{"type":"Polygon","coordinates":[[[80.41469,5.95765],[80.41484,5.95843],[80.41518,5.95849],[80.41509,5.9579],[80.41494,5.95789],[80.4149,5.95764],[80.41469,5.95765]]]}},{"type":"Feature","properties":{"c":"scrub"},"geometry":{"type":"Polygon","coordinates":[[[80.45122,5.94375],[80.45146,5.94382],[80.45171,5.94399],[80.45177,5.94435],[80.45221,5.94456],[80.45259,5.94467],[80.45286,5.94568],[80.4533,5.94565],[80.45359,5.94539],[80.45376,5.94477],[80.45403,5.94476],[80.45397,5.9439],[80.45365,5.94344],[80.45374,5.94293],[80.45395,5.94246],[80.45357,5.94198],[80.45224,5.94248],[80.452,5.94289],[80.45157,5.94343],[80.45122,5.94375]]]}},{"type":"Feature","properties":{"c":"farmland"},"geometry":{"type":"Polygon","coordinates":[[[80.46426,5.95188],[80.46494,5.95209],[80.46545,5.95256],[80.46611,5.95239],[80.46669,5.95238],[80.46698,5.95253],[80.46712,5.95272],[80.46742,5.95276],[80.46771,5.95255],[80.46799,5.95253],[80.46788,5.95208],[80.4663,5.95177],[80.46608,5.95144],[80.46601,5.95061],[80.46664,5.95033],[80.46777,5.95035],[80.46849,5.95067],[80.46867,5.95112],[80.46872,5.95147],[80.46853,5.95185],[80.46806,5.95207],[80.46822,5.95249],[80.46925,5.95234],[80.46965,5.95256],[80.47148,5.95278],[80.47159,5.95246],[80.46977,5.95184],[80.46923,5.95149],[80.46924,5.95107],[80.4695,5.9509],[80.47044,5.95087],[80.47088,5.95062],[80.47086,5.95048],[80.47021,5.95055],[80.46989,5.9505],[80.46853,5.94996],[80.46823,5.9494],[80.46778,5.94957],[80.46736,5.94986],[80.46681,5.94979],[80.46619,5.95],[80.46598,5.94991],[80.46581,5.95006],[80.46517,5.94964],[80.46501,5.94965],[80.46493,5.95],[80.46501,5.95061],[80.46556,5.95109],[80.46558,5.9513],[80.46521,5.95152],[80.46499,5.95142],[80.46434,5.9514],[80.46426,5.95188]]]}},{"type":"Feature","properties":{"c":"forest"},"geometry":{"type":"Polygon","coordinates":[[[80.45156,5.9559],[80.45162,5.95611],[80.45209,5.95575],[80.45247,5.95586],[80.45281,5.95651],[80.45338,5.95672],[80.45533,5.95758],[80.45594,5.9575],[80.45577,5.95683],[80.45523,5.95666],[80.45518,5.95698],[80.45487,5.95706],[80.45436,5.95676],[80.45412,5.95617],[80.45448,5.95598],[80.4546,5.95606],[80.45482,5.95592],[80.45459,5.95559],[80.45457,5.95522],[80.45437,5.95481],[80.45403,5.9545],[80.45374,5.95442],[80.45365,5.95409],[80.45355,5.95407],[80.4534,5.95439],[80.45325,5.95442],[80.4532,5.95456],[80.45344,5.95507],[80.45289,5.95488],[80.45269,5.95501],[80.45243,5.95534],[80.45212,5.95528],[80.45156,5.9559]]]}},{"type":"Feature","properties":{"c":"industrial"},"geometry":{"type":"Polygon","coordinates":[[[80.39706,5.98857],[80.39726,5.98898],[80.39721,5.98934],[80.39797,5.98924],[80.39852,5.98942],[80.39866,5.98975],[80.39914,5.99055],[80.39956,5.99081],[80.40029,5.99049],[80.4009,5.99072],[80.40111,5.99071],[80.40144,5.99053],[80.40167,5.99052],[80.40275,5.99011],[80.40361,5.98934],[80.4035,5.98914],[80.40323,5.98927],[80.40191,5.98915],[80.40139,5.98888],[80.40123,5.98844],[80.40104,5.98809],[80.40079,5.98781],[80.40079,5.98752],[80.4006,5.987],[80.40034,5.98664],[80.39931,5.98707],[80.39882,5.98675],[80.39888,5.98628],[80.39836,5.98642],[80.39832,5.98715],[80.39865,5.98743],[80.39781,5.98778],[80.39778,5.9881],[80.39706,5.98857]]]}},{"type":"Feature","properties":{"c":"farmland"},"geometry":{"type":"Polygon","coordinates":[[[80.41871,5.9722],[80.41883,5.97232],[80.419,5.9724],[80.4191,5.97223],[80.41922,5.97228],[80.41917,5.97247],[80.41937,5.97249],[80.41951,5.97243],[80.41986,5.97215],[80.42019,5.97205],[80.42009,5.9715],[80.41979,5.97157],[80.41962,5.97177],[80.41916,5.97185],[80.41899,5.972],[80.41878,5.97198],[80.41871,5.9722]]]}},{"type":"Feature","properties":{"c":"farmland"},"geometry":{"type":"Polygon","coordinates":[[[80.41781,5.97182],[80.41795,5.97196],[80.41824,5.97203],[80.41854,5.97223],[80.41867,5.97185],[80.41842,5.97182],[80.418,5.97167],[80.41782,5.97168],[80.41781,5.97182]]]}},{"type":"Feature","properties":{"c":"farmland"},"geometry":{"type":"Polygon","coordinates":[[[80.607,5.9726],[80.60713,5.97276],[80.60804,5.97239],[80.60832,5.97182],[80.60857,5.97165],[80.60865,5.97173],[80.60891,5.97165],[80.60896,5.97132],[80.60928,5.97101],[80.60968,5.97044],[80.6096,5.97032],[80.60875,5.97117],[80.607,5.9726]]]}},{"type":"Feature","properties":{"c":"farmland"},"geometry":{"type":"Polygon","coordinates":[[[80.59871,6.14832],[80.59938,6.14943],[80.59993,6.1498],[80.6003,6.14991],[80.6018,6.15015],[80.60233,6.15018],[80.60299,6.14998],[80.60487,6.14842],[80.60512,6.14848],[80.60548,6.14879],[80.60549,6.14937],[80.6059,6.14985],[80.60624,6.14987],[80.60657,6.14963],[80.60708,6.14889],[80.60764,6.14835],[80.60717,6.14764],[80.607,6.14746],[80.60642,6.14775],[80.6062,6.14778],[80.60601,6.14726],[80.60656,6.14687],[80.60704,6.14635],[80.60689,6.14614],[80.6066,6.14622],[80.60635,6.14569],[80.60606,6.14464],[80.60567,6.14457],[80.60549,6.14518],[80.60555,6.14566],[80.60585,6.14705],[80.6058,6.14714],[80.60549,6.14708],[80.60541,6.14731],[80.60525,6.14719],[80.60554,6.14691],[80.60538,6.14617],[80.60507,6.14608],[80.60468,6.14687],[80.60436,6.14706],[80.6038,6.14708],[80.60368,6.14724],[80.60346,6.14791],[80.60282,6.14835],[80.60218,6.14856],[80.60148,6.14842],[80.60102,6.14809],[80.60066,6.14814],[80.60074,6.14853],[80.59967,6.14858],[80.59914,6.14834],[80.60033,6.14719],[80.59964,6.14721],[80.59878,6.14693],[80.59884,6.14742],[80.59871,6.14832]]]}},{"type":"Feature","properties":{"c":"farmland"},"geometry":{"type":"Polygon","coordinates":[[[80.61395,6.05085],[80.61514,6.05135],[80.61726,6.05164],[80.61856,6.05297],[80.61993,6.05263],[80.61982,6.05185],[80.62042,6.05165],[80.6211,6.052],[80.62121,6.05135],[80.62274,6.05252],[80.62188,6.05132],[80.62275,6.05085],[80.62271,6.04984],[80.62488,6.0488],[80.625,6.05066],[80.62469,6.05105],[80.62465,6.05232],[80.62422,6.05258],[80.62446,6.05302],[80.62529,6.05259],[80.62564,6.05217],[80.62591,6.05223],[80.62612,6.051],[80.62751,6.05095],[80.62807,6.05196],[80.62895,6.05109],[80.62896,6.05033],[80.62945,6.05033],[80.62948,6.04998],[80.62884,6.04998],[80.62904,6.04935],[80.62949,6.04933],[80.62939,6.04889],[80.6287,6.04946],[80.62792,6.04914],[80.62779,6.0485],[80.62706,6.04801],[80.62721,6.0474],[80.62811,6.04709],[80.62797,6.04643],[80.62732,6.04635],[80.62712,6.04577],[80.62749,6.04555],[80.62684,6.04491],[80.62591,6.04453],[80.62495,6.04467],[80.62409,6.04455],[80.62321,6.04434],[80.62291,6.04393],[80.62365,6.0436],[80.62316,6.04318],[80.62294,6.04272],[80.62258,6.04223],[80.62257,6.04212],[80.62236,6.04197],[80.62213,6.04217],[80.62189,6.04209],[80.62211,6.04237],[80.62185,6.04263],[80.62155,6.04263],[80.62096,6.04253],[80.62047,6.0427],[80.61982,6.04283],[80.61882,6.0418],[80.61859,6.04103],[80.61668,6.04029],[80.61662,6.04091],[80.61841,6.04261],[80.61847,6.04381],[80.61787,6.04414],[80.61711,6.04373],[80.61647,6.04278],[80.61599,6.04191],[80.61619,6.04127],[80.61599,6.04129],[80.61586,6.04287],[80.61534,6.04274],[80.6206,6.04619],[80.62027,6.04728],[80.6199,6.04745],[80.62073,6.04847],[80.62051,6.04899],[80.62013,6.04949],[80.61892,6.05047],[80.61805,6.05099],[80.61777,6.05092],[80.61748,6.05092],[80.61696,6.05112],[80.61615,6.05093],[80.61593,6.05061],[80.61525,6.05081],[80.61443,6.0506],[80.61485,6.04963],[80.61456,6.04946],[80.61431,6.04954],[80.61395,6.05085]]]}},{"type":"Feature","properties":{"c":"farmland"},"geometry":{"type":"Polygon","coordinates":[[[80.61739,6.04755],[80.61755,6.04846],[80.61774,6.04854],[80.61833,6.04853],[80.61838,6.04833],[80.61791,6.04814],[80.6177,6.04777],[80.61835,6.04635],[80.61862,6.04629],[80.61887,6.04549],[80.61805,6.04487],[80.61795,6.04576],[80.61783,6.04591],[80.61777,6.04649],[80.61768,6.04678],[80.61742,6.04711],[80.61739,6.04755]]]}},{"type":"Feature","properties":{"c":"farmland"},"geometry":{"type":"Polygon","coordinates":[[[80.62975,6.0505],[80.62976,6.05069],[80.63034,6.05076],[80.63026,6.05117],[80.63062,6.05173],[80.63026,6.05283],[80.63054,6.05318],[80.63054,6.05343],[80.63097,6.05351],[80.63112,6.05417],[80.63076,6.05473],[80.6319,6.05438],[80.63195,6.05313],[80.63238,6.05296],[80.63298,6.05372],[80.63352,6.05489],[80.6337,6.05547],[80.6331,6.05581],[80.63321,6.05638],[80.63393,6.05641],[80.63429,6.05615],[80.6349,6.05627],[80.63563,6.05727],[80.63608,6.05726],[80.63594,6.05672],[80.63617,6.05652],[80.63602,6.05596],[80.63714,6.05574],[80.63751,6.05626],[80.63708,6.0567],[80.63715,6.05683],[80.6374,6.05677],[80.63749,6.05696],[80.63772,6.05695],[80.63795,6.05731],[80.63856,6.05704],[80.63878,6.05645],[80.63882,6.05617],[80.63947,6.05655],[80.63983,6.05696],[80.64037,6.05741],[80.64036,6.05759],[80.64055,6.05791],[80.64046,6.05811],[80.64085,6.05824],[80.64119,6.05808],[80.64159,6.05802],[80.64252,6.05865],[80.64281,6.05901],[80.64316,6.05913],[80.64316,6.05903],[80.64272,6.05866],[80.64272,6.05809],[80.64243,6.05787],[80.64191,6.05793],[80.64121,6.05788],[80.64078,6.05776],[80.64063,6.05753],[80.64099,6.05714],[80.64171,6.05728],[80.64209,6.0572],[80.64217,6.0574],[80.64256,6.05724],[80.64283,6.05761],[80.64298,6.05747],[80.64306,6.05763],[80.64355,6.05808],[80.64354,6.05846],[80.64376,6.05859],[80.64395,6.05881],[80.64449,6.05914],[80.64476,6.05912],[80.64509,6.05947],[80.64576,6.05961],[80.64599,6.05981],[80.64635,6.06051],[80.64677,6.06065],[80.64716,6.06014],[80.64749,6.05994],[80.64788,6.0603],[80.64856,6.06061],[80.64884,6.061],[80.64928,6.06098],[80.64996,6.06192],[80.65009,6.06159],[80.64993,6.06128],[80.64993,6.06096],[80.64947,6.06111],[80.64938,6.06081],[80.64965,6.06048],[80.65002,6.06046],[80.65029,6.06066],[80.65013,6.06007],[80.65049,6.05973],[80.65058,6.05957],[80.65039,6.05957],[80.65027,6.05929],[80.64997,6.05946],[80.64994,6.05971],[80.6494,6.06006],[80.64878,6.05998],[80.64822,6.05973],[80.64796,6.05954],[80.64671,6.05949],[80.64621,6.05954],[80.64607,6.05911],[80.64485,6.05817],[80.64496,6.05775],[80.64463,6.05762],[80.64404,6.05768],[80.64184,6.05595],[80.64093,6.05589],[80.64048,6.05563],[80.64013,6.05568],[80.63965,6.05512],[80.63753,6.05381],[80.63754,6.05345],[80.6379,6.05291],[80.63771,6.0525],[80.63728,6.05287],[80.63647,6.05284],[80.63609,6.0524],[80.63597,6.05258],[80.63571,6.05234],[80.63579,6.05203],[80.63562,6.05179],[80.63551,6.05183],[80.63554,6.05169],[80.63527,6.05118],[80.63553,6.05048],[80.63571,6.0504],[80.63571,6.05028],[80.63559,6.05017],[80.6357,6.0498],[80.63588,6.04976],[80.63586,6.04906],[80.63548,6.04861],[80.63516,6.04951],[80.63487,6.04975],[80.63473,6.0501],[80.6334,6.04917],[80.63307,6.04964],[80.6323,6.04997],[80.63205,6.04964],[80.63135,6.05018],[80.63082,6.04971],[80.62975,6.0505]]]}},{"type":"Feature","properties":{"c":"farmland"},"geometry":{"type":"Polygon","coordinates":[[[80.62794,6.05909],[80.62817,6.05957],[80.62843,6.05967],[80.62876,6.06061],[80.62917,6.0609],[80.62908,6.06103],[80.62921,6.06131],[80.62938,6.06131],[80.62941,6.06107],[80.62931,6.06091],[80.62929,6.06058],[80.62919,6.06045],[80.62918,6.06021],[80.62908,6.05988],[80.62873,6.0599],[80.62873,6.05976],[80.62865,6.05973],[80.62878,6.05908],[80.62903,6.05857],[80.62891,6.05856],[80.62897,6.05842],[80.62909,6.05851],[80.62939,6.05851],[80.62936,6.05816],[80.62976,6.05757],[80.62958,6.05697],[80.62973,6.05674],[80.62954,6.05654],[80.62966,6.05616],[80.62984,6.05601],[80.62998,6.05624],[80.63037,6.05593],[80.63039,6.05495],[80.63025,6.05516],[80.62973,6.05505],[80.62965,6.05468],[80.62945,6.05436],[80.62932,6.05473],[80.62874,6.0571],[80.62872,6.0577],[80.62829,6.05872],[80.62794,6.05909]]]}},{"type":"Feature","properties":{"c":"farmland"},"geometry":{"type":"Polygon","coordinates":[[[80.59896,6.21386],[80.599,6.21423],[80.5991,6.21432],[80.59923,6.21427],[80.59936,6.21437],[80.59979,6.21406],[80.59989,6.21407],[80.59995,6.21392],[80.59995,6.21373],[80.5999,6.21372],[80.59994,6.21362],[80.59985,6.21361],[80.59988,6.21347],[80.59981,6.2134],[80.59982,6.21329],[80.59973,6.21325],[80.59977,6.21316],[80.59973,6.21303],[80.59963,6.21298],[80.59972,6.21279],[80.59957,6.21252],[80.59948,6.21259],[80.59945,6.21254],[80.59937,6.21257],[80.59935,6.2125],[80.59919,6.21266],[80.59921,6.21287],[80.59914,6.21297],[80.59909,6.21297],[80.59914,6.21335],[80.59911,6.21364],[80.59907,6.21375],[80.59896,6.21386]]]}},{"type":"Feature","properties":{"c":"scrub"},"geometry":{"type":"Polygon","coordinates":[[[80.64738,6.12661],[80.64863,6.1269],[80.65005,6.1277],[80.65036,6.1269],[80.65066,6.12559],[80.65125,6.12447],[80.65026,6.12407],[80.64954,6.12491],[80.64816,6.12454],[80.64773,6.12518],[80.64738,6.12661]]]}},{"type":"Feature","properties":{"c":"forest"},"geometry":{"type":"Polygon","coordinates":[[[80.50624,6.20002],[80.50638,6.20055],[80.50718,6.20048],[80.50742,6.2011],[80.50683,6.20152],[80.50779,6.20302],[80.50833,6.20232],[80.50929,6.20154],[80.50923,6.2012],[80.50986,6.20138],[80.51102,6.20114],[80.51287,6.19975],[80.51442,6.19905],[80.51729,6.1975],[80.51833,6.19714],[80.51883,6.19622],[80.5222,6.19439],[80.52419,6.19403],[80.52593,6.19589],[80.529,6.19576],[80.5321,6.19653],[80.53526,6.19739],[80.53866,6.19857],[80.54153,6.20171],[80.54347,6.20395],[80.54664,6.20665],[80.54945,6.20939],[80.55116,6.2101],[80.55182,6.21115],[80.55374,6.21171],[80.55672,6.21288],[80.55741,6.21198],[80.5593,6.21201],[80.5614,6.2126],[80.56278,6.21244],[80.56377,6.21211],[80.56655,6.21195],[80.56824,6.21287],[80.57136,6.21248],[80.57505,6.21168],[80.57798,6.21067],[80.58026,6.20639],[80.57819,6.20534],[80.57413,6.2036],[80.57226,6.20419],[80.57054,6.20297],[80.57211,6.20073],[80.57405,6.1991],[80.57369,6.19801],[80.57259,6.19791],[80.57023,6.19873],[80.56909,6.19851],[80.56664,6.19827],[80.5646,6.20063],[80.56119,6.20035],[80.55988,6.19802],[80.55943,6.19572],[80.55944,6.19316],[80.55208,6.19211],[80.55014,6.18997],[80.54819,6.18999],[80.54681,6.18873],[80.5455,6.188],[80.54157,6.18526],[80.53808,6.1846],[80.53642,6.18214],[80.53388,6.18227],[80.53172,6.18299],[80.52946,6.18319],[80.52736,6.18352],[80.52503,6.18272],[80.52328,6.18365],[80.52265,6.18481],[80.52084,6.18481],[80.51439,6.19],[80.51234,6.19112],[80.5111,6.18919],[80.50863,6.18969],[80.50783,6.192],[80.5066,6.1942],[80.50679,6.19682],[80.50729,6.19691],[80.50747,6.198],[80.50698,6.19893],[80.50624,6.20002]]]}},{"type":"Feature","properties":{"c":"forest","n":"Sinharaja Forest Reserve"},"geometry":{"type":"Polygon","coordinates":[[[80.28721,6.44521],[80.28945,6.45255],[80.30939,6.47423],[80.317,6.47964],[80.32025,6.4856],[80.32462,6.49166],[80.3312,6.49758],[80.3396,6.50164],[80.34777,6.50364],[80.35383,6.50125],[80.35795,6.49758],[80.37211,6.47532],[80.37378,6.47484],[80.37575,6.47461],[80.37773,6.477],[80.37961,6.47769],[80.38192,6.4773],[80.39063,6.47297],[80.41017,6.45909],[80.41889,6.4539],[80.42648,6.4481],[80.42897,6.44672],[80.43228,6.44469],[80.43526,6.44424],[80.43983,6.44401],[80.44502,6.44321],[80.44857,6.44023],[80.45159,6.43832],[80.45361,6.43508],[80.45547,6.43266],[80.45631,6.42672],[80.46256,6.42578],[80.46598,6.41998],[80.47039,6.42065],[80.46674,6.42425],[80.4661,6.4279],[80.467,6.43035],[80.47116,6.4293],[80.47303,6.42794],[80.47566,6.42708],[80.48041,6.42719],[80.48079,6.42514],[80.47161,6.42559],[80.47269,6.42203],[80.47739,6.42376],[80.48221,6.42273],[80.48464,6.42179],[80.48564,6.42094],[80.4828,6.42031],[80.48228,6.4191],[80.48007,6.41833],[80.48168,6.41665],[80.4803,6.41481],[80.4822,6.41495],[80.48411,6.41479],[80.48527,6.41589],[80.48767,6.41601],[80.48791,6.41759],[80.48645,6.41817],[80.48633,6.41961],[80.48446,6.41996],[80.48312,6.41932],[80.48295,6.41985],[80.48361,6.42033],[80.48594,6.42085],[80.48676,6.42076],[80.48816,6.42276],[80.49335,6.42583],[80.4942,6.42575],[80.49556,6.42592],[80.49683,6.42589],[80.49811,6.42602],[80.50058,6.42611],[80.5034,6.42546],[80.50673,6.42441],[80.50889,6.42304],[80.51286,6.42159],[80.51499,6.42059],[80.51805,6.41989],[80.51953,6.41866],[80.52045,6.41768],[80.52066,6.41724],[80.51711,6.41622],[80.51633,6.41509],[80.51664,6.41482],[80.51769,6.41462],[80.51944,6.41384],[80.52041,6.41367],[80.52138,6.41366],[80.52321,6.41391],[80.52527,6.41385],[80.52603,6.41407],[80.52672,6.41434],[80.5275,6.41539],[80.52797,6.41546],[80.52892,6.41471],[80.52962,6.41441],[80.53169,6.41473],[80.53246,6.4148],[80.53322,6.41476],[80.53796,6.41259],[80.54322,6.41192],[80.54695,6.41327],[80.54642,6.41461],[80.54609,6.4148],[80.54202,6.41431],[80.53574,6.41557],[80.53616,6.41798],[80.54236,6.41894],[80.54487,6.418],[80.5477,6.41824],[80.55238,6.42154],[80.55596,6.42237],[80.56583,6.41926],[80.57154,6.41864],[80.57353,6.41971],[80.57559,6.42049],[80.57657,6.42137],[80.57679,6.42126],[80.57982,6.42056],[80.59122,6.41899],[80.60485,6.41937],[80.6141,6.41952],[80.62075,6.41949],[80.62413,6.41989],[80.634,6.41627],[80.6371,6.41184],[80.63603,6.40604],[80.63613,6.39895],[80.63401,6.39754],[80.6337,6.39616],[80.63547,6.39418],[80.639,6.39586],[80.63992,6.39439],[80.64405,6.39645],[80.64358,6.39779],[80.64613,6.39875],[80.6495,6.39873],[80.65216,6.39765],[80.65341,6.39395],[80.65392,6.39122],[80.65332,6.38862],[80.65703,6.38541],[80.65371,6.37652],[80.64816,6.37498],[80.64213,6.3752],[80.63583,6.37878],[80.63297,6.3824],[80.62976,6.38375],[80.62733,6.3837],[80.61926,6.38146],[80.61861,6.37999],[80.61813,6.37971],[80.61762,6.37997],[80.61748,6.37918],[80.61694,6.37869],[80.61632,6.37924],[80.61614,6.38011],[80.61612,6.38156],[80.6154,6.38248],[80.61483,6.38114],[80.61373,6.38133],[80.61344,6.38188],[80.61243,6.38202],[80.61198,6.38018],[80.61142,6.38071],[80.61125,6.38123],[80.61063,6.38069],[80.61023,6.37927],[80.60941,6.37872],[80.6084,6.37876],[80.60692,6.37916],[80.60689,6.37971],[80.60592,6.38097],[80.60448,6.38157],[80.60324,6.38158],[80.60296,6.3821],[80.60252,6.38205],[80.60231,6.38255],[80.60053,6.38247],[80.60001,6.38209],[80.59896,6.38098],[80.59844,6.38156],[80.59855,6.3823],[80.59822,6.38266],[80.59718,6.38208],[80.59625,6.38185],[80.59619,6.38232],[80.59566,6.38308],[80.59511,6.38293],[80.59498,6.3824],[80.59508,6.38143],[80.59384,6.38134],[80.59235,6.38071],[80.59161,6.38077],[80.59137,6.3817],[80.59087,6.3825],[80.59103,6.38299],[80.59065,6.38455],[80.59095,6.38513],[80.59091,6.38541],[80.59078,6.38563],[80.59026,6.38584],[80.58978,6.38565],[80.58944,6.38574],[80.58925,6.38596],[80.58871,6.38607],[80.58805,6.3858],[80.58778,6.38593],[80.58784,6.3862],[80.58763,6.38658],[80.58758,6.38702],[80.58726,6.38751],[80.58691,6.38742],[80.58637,6.38756],[80.58628,6.38769],[80.58608,6.38772],[80.58596,6.38722],[80.58559,6.3869],[80.58554,6.38789],[80.58585,6.38861],[80.58566,6.38991],[80.58494,6.39003],[80.58209,6.389],[80.57959,6.38793],[80.57861,6.38801],[80.57798,6.38843],[80.57699,6.38823],[80.57669,6.38766],[80.57716,6.38514],[80.57782,6.38373],[80.57892,6.38348],[80.57983,6.38367],[80.58007,6.38295],[80.58018,6.38158],[80.58049,6.37996],[80.57944,6.37889],[80.57714,6.37864],[80.57534,6.37764],[80.57231,6.37738],[80.57059,6.37634],[80.56982,6.37504],[80.56874,6.37433],[80.56799,6.37441],[80.56756,6.375],[80.56777,6.37684],[80.56843,6.3781],[80.56968,6.37925],[80.56908,6.38201],[80.56864,6.38612],[80.56834,6.38802],[80.56681,6.38997],[80.56497,6.39079],[80.56272,6.38975],[80.56013,6.38808],[80.55695,6.38902],[80.55582,6.3891],[80.55551,6.38945],[80.55536,6.39028],[80.55503,6.39125],[80.55471,6.39141],[80.55433,6.39128],[80.55403,6.39103],[80.55364,6.39113],[80.55334,6.39146],[80.55284,6.39151],[80.55259,6.39144],[80.55242,6.39025],[80.5521,6.3897],[80.55031,6.38898],[80.54877,6.38855],[80.5478,6.38789],[80.54724,6.38768],[80.54637,6.38775],[80.5458,6.38766],[80.5456,6.38757],[80.54551,6.38743],[80.54546,6.38713],[80.54552,6.387],[80.54542,6.38681],[80.5452,6.38669],[80.54497,6.38665],[80.54487,6.38686],[80.54496,6.38746],[80.54506,6.3878],[80.5452,6.38799],[80.54543,6.38816],[80.54595,6.38809],[80.54633,6.38811],[80.54671,6.38822],[80.5472,6.3886],[80.54737,6.38921],[80.54841,6.38959],[80.5486,6.38985],[80.54851,6.39069],[80.54816,6.39115],[80.54795,6.39122],[80.54769,6.39111],[80.54749,6.39089],[80.54714,6.39018],[80.54651,6.38955],[80.5458,6.38943],[80.54511,6.38913],[80.54417,6.38853],[80.54302,6.3882],[80.54189,6.38835],[80.54103,6.3888],[80.54028,6.3893],[80.53954,6.38965],[80.53909,6.38993],[80.53874,6.38995],[80.53853,6.38979],[80.53854,6.38933],[80.53874,6.38888],[80.53919,6.38824],[80.53905,6.38802],[80.53878,6.3881],[80.53791,6.38872],[80.53717,6.38907],[80.53675,6.38836],[80.53638,6.38751],[80.5359,6.38676],[80.5363,6.38616],[80.53727,6.3861],[80.53815,6.38625],[80.53873,6.38606],[80.5387,6.38569],[80.53885,6.38539],[80.53905,6.3852],[80.53933,6.38507],[80.53918,6.38412],[80.53856,6.38344],[80.53837,6.3819],[80.53761,6.38069],[80.53647,6.38032],[80.53551,6.3797],[80.53507,6.37915],[80.53483,6.37855],[80.53478,6.37797],[80.53492,6.37742],[80.53548,6.37691],[80.53609,6.37651],[80.53769,6.37565],[80.53766,6.37275],[80.53788,6.37065],[80.53488,6.37069],[80.52974,6.37038],[80.52817,6.37051],[80.52707,6.36969],[80.5267,6.36864],[80.52657,6.36735],[80.52371,6.367],[80.52001,6.36611],[80.51107,6.36379],[80.50713,6.36249],[80.50509,6.35942],[80.50603,6.35753],[80.5053,6.35538],[80.50328,6.35506],[80.50153,6.3543],[80.49967,6.35396],[80.4991,6.35422],[80.4986,6.35479],[80.49784,6.35471],[80.49724,6.35402],[80.49642,6.35412],[80.49593,6.35339],[80.49515,6.35355],[80.49471,6.35398],[80.49464,6.35458],[80.49434,6.35514],[80.49394,6.35534],[80.49343,6.35515],[80.49271,6.35452],[80.49197,6.35447],[80.49091,6.3553],[80.489,6.35834],[80.4887,6.35846],[80.48843,6.35875],[80.4849,6.35998],[80.48464,6.36012],[80.48442,6.36035],[80.48427,6.36076],[80.48332,6.36259],[80.48296,6.36274],[80.48257,6.3628],[80.48188,6.36272],[80.4817,6.36262],[80.48157,6.36241],[80.48155,6.36224],[80.48207,6.36127],[80.48204,6.36106],[80.48181,6.3607],[80.48184,6.36047],[80.48228,6.35988],[80.48232,6.35946],[80.48078,6.35816],[80.48033,6.35817],[80.48017,6.35832],[80.48002,6.35873],[80.47964,6.35894],[80.47886,6.3589],[80.47783,6.35928],[80.47746,6.35948],[80.47656,6.3597],[80.47616,6.35988],[80.47501,6.35989],[80.47429,6.36071],[80.47373,6.36092],[80.4731,6.36069],[80.47275,6.36044],[80.47228,6.35975],[80.47246,6.35936],[80.47242,6.35857],[80.47253,6.35771],[80.47315,6.35713],[80.47354,6.35698],[80.47573,6.35677],[80.47604,6.35709],[80.47717,6.35783],[80.47844,6.35784],[80.47914,6.35694],[80.48006,6.35683],[80.48142,6.35708],[80.48161,6.3569],[80.48193,6.356],[80.48154,6.35472],[80.48165,6.35328],[80.48116,6.35202],[80.48157,6.34986],[80.48107,6.34903],[80.48086,6.34815],[80.48045,6.3479],[80.47909,6.34766],[80.47746,6.34614],[80.47733,6.34533],[80.47757,6.34492],[80.47795,6.3446],[80.47961,6.34394],[80.4803,6.34332],[80.48088,6.34317],[80.48142,6.34274],[80.48256,6.34218],[80.48316,6.3421],[80.48345,6.34215],[80.48369,6.34237],[80.4843,6.34258],[80.4846,6.34258],[80.48486,6.34242],[80.48501,6.3418],[80.48504,6.34026],[80.48515,6.33997],[80.48541,6.33977],[80.4857,6.33974],[80.486,6.33986],[80.48664,6.34101],[80.48701,6.34195],[80.48722,6.34218],[80.4878,6.34243],[80.48838,6.34225],[80.48934,6.34142],[80.48993,6.34112],[80.49014,6.34086],[80.49031,6.34022],[80.49098,6.33947],[80.4911,6.33918],[80.4911,6.33888],[80.49054,6.33852],[80.49034,6.33824],[80.49017,6.33762],[80.49017,6.33731],[80.48995,6.3369],[80.48925,6.3367],[80.4883,6.33668],[80.4876,6.33649],[80.48722,6.33622],[80.4869,6.33561],[80.48708,6.33523],[80.48908,6.33515],[80.48941,6.33484],[80.48998,6.33389],[80.49006,6.33298],[80.49049,6.33185],[80.49044,6.33019],[80.49049,6.32931],[80.49039,6.32912],[80.49004,6.3288],[80.48997,6.32837],[80.48999,6.32702],[80.49044,6.32566],[80.49121,6.32508],[80.49151,6.32472],[80.49185,6.32382],[80.49196,6.3234],[80.492,6.3225],[80.49192,6.32207],[80.49162,6.32124],[80.49108,6.31937],[80.49102,6.31892],[80.49102,6.31755],[80.49097,6.31713],[80.49072,6.31625],[80.4902,6.31521],[80.4902,6.31472],[80.49054,6.31391],[80.4908,6.31354],[80.49112,6.31322],[80.49132,6.31284],[80.49147,6.31196],[80.492,6.31071],[80.49207,6.31028],[80.49205,6.30934],[80.49194,6.30891],[80.49065,6.30857],[80.49029,6.30785],[80.49029,6.30695],[80.4905,6.30608],[80.49069,6.30567],[80.49099,6.30535],[80.49172,6.30478],[80.49207,6.30437],[80.49254,6.30354],[80.49263,6.30311],[80.49263,6.30264],[80.49248,6.30222],[80.49209,6.30203],[80.49168,6.30218],[80.49136,6.30252],[80.49031,6.30339],[80.48951,6.30439],[80.48919,6.30469],[80.48876,6.30488],[80.48831,6.30488],[80.48679,6.30593],[80.48653,6.30627],[80.4861,6.30706],[80.48578,6.30736],[80.48432,6.30834],[80.48318,6.30896],[80.48271,6.30904],[80.48228,6.30904],[80.48188,6.30894],[80.48147,6.3087],[80.48117,6.30838],[80.48095,6.30802],[80.48097,6.30708],[80.48127,6.30576],[80.48151,6.30535],[80.4819,6.3051],[80.48269,6.30469],[80.48303,6.30439],[80.4831,6.30397],[80.48297,6.30352],[80.48271,6.30314],[80.48239,6.30284],[80.48218,6.30245],[80.48233,6.30203],[80.4801,6.30055],[80.47881,6.29958],[80.47848,6.29884],[80.47839,6.29846],[80.47639,6.29974],[80.47553,6.29983],[80.47467,6.3],[80.4724,6.30141],[80.47077,6.30196],[80.46987,6.302],[80.46673,6.30277],[80.46588,6.30316],[80.46502,6.3032],[80.46317,6.3038],[80.46231,6.3038],[80.46141,6.30371],[80.45961,6.30375],[80.45888,6.30439],[80.45742,6.30555],[80.45551,6.30661],[80.45483,6.30721],[80.45405,6.30776],[80.45247,6.30832],[80.45156,6.30853],[80.44985,6.3087],[80.44907,6.30904],[80.44843,6.3096],[80.44796,6.31032],[80.44732,6.31088],[80.44646,6.31126],[80.44491,6.31186],[80.44423,6.31237],[80.44465,6.3131],[80.44538,6.31467],[80.4462,6.3151],[80.44684,6.3157],[80.44667,6.31655],[80.44659,6.3174],[80.44659,6.31826],[80.44697,6.31911],[80.4477,6.31975],[80.44847,6.32022],[80.44938,6.3206],[80.45139,6.32077],[80.45229,6.32094],[80.45319,6.32128],[80.45401,6.3218],[80.4553,6.3232],[80.45616,6.32325],[80.45723,6.3232],[80.45826,6.32325],[80.45916,6.32337],[80.45955,6.32419],[80.45985,6.32529],[80.4592,6.32589],[80.45839,6.32636],[80.45676,6.32696],[80.45414,6.327],[80.45238,6.32713],[80.45169,6.3276],[80.44985,6.33054],[80.44959,6.33144],[80.44942,6.33233],[80.44835,6.334],[80.448,6.33481],[80.44744,6.33647],[80.44697,6.33719],[80.44633,6.33771],[80.4444,6.3395],[80.44405,6.34035],[80.44358,6.3421],[80.44345,6.34295],[80.44362,6.34385],[80.44401,6.34462],[80.44423,6.34547],[80.44414,6.34632],[80.44375,6.34713],[80.44332,6.34786],[80.44272,6.34948],[80.44242,6.35076],[80.44178,6.35136],[80.44101,6.35165],[80.44011,6.35178],[80.43968,6.35101],[80.43942,6.34922],[80.43925,6.34837],[80.43899,6.34752],[80.43852,6.34679],[80.43787,6.34624],[80.43714,6.34577],[80.43629,6.34547],[80.43543,6.34547],[80.43457,6.34555],[80.43195,6.34662],[80.43126,6.34705],[80.43092,6.34782],[80.43036,6.3485],[80.42989,6.34922],[80.42929,6.34986],[80.4286,6.35042],[80.42796,6.35101],[80.42483,6.35212],[80.4232,6.35255],[80.42247,6.3531],[80.42161,6.35464],[80.42127,6.35549],[80.42139,6.35635],[80.42204,6.35699],[80.42221,6.3578],[80.42221,6.35873],[80.42234,6.35959],[80.4223,6.36138],[80.42238,6.36236],[80.42219,6.36276],[80.42187,6.36306],[80.42152,6.3633],[80.42079,6.3637],[80.42004,6.36402],[80.41916,6.36402],[80.4182,6.36387],[80.41775,6.36387],[80.4173,6.36389],[80.41693,6.36409],[80.41657,6.36436],[80.41629,6.36471],[80.41599,6.36524],[80.41592,6.36566],[80.41577,6.36607],[80.41545,6.36639],[80.41502,6.3665],[80.41406,6.3665],[80.41356,6.36635],[80.41275,6.36596],[80.4123,6.3659],[80.41187,6.36592],[80.41142,6.36603],[80.41099,6.36628],[80.4112,6.36669],[80.41163,6.36675],[80.41255,6.36677],[80.41292,6.36705],[80.41279,6.36746],[80.41238,6.36831],[80.41247,6.36878],[80.41292,6.36893],[80.41339,6.36893],[80.41384,6.36903],[80.41391,6.36948],[80.41376,6.36991],[80.41354,6.37031],[80.41239,6.37064],[80.41157,6.37109],[80.41113,6.37193],[80.41096,6.37251],[80.41097,6.37275],[80.41123,6.37328],[80.41165,6.37378],[80.41212,6.37456],[80.41237,6.3759],[80.41251,6.3763],[80.41279,6.37671],[80.41327,6.37712],[80.41377,6.37726],[80.41556,6.37732],[80.4164,6.37744],[80.41925,6.37753],[80.4206,6.37729],[80.42131,6.37689],[80.42184,6.37666],[80.42307,6.37676],[80.4233,6.37673],[80.42548,6.37612],[80.42619,6.37606],[80.42651,6.3761],[80.42703,6.37628],[80.42739,6.37653],[80.42755,6.37695],[80.42755,6.37737],[80.42775,6.378],[80.42773,6.37834],[80.42675,6.38],[80.42142,6.37958],[80.41893,6.3803],[80.41833,6.38095],[80.41809,6.38132],[80.41788,6.3817],[80.41762,6.38258],[80.41715,6.38332],[80.41676,6.38371],[80.41639,6.38424],[80.41498,6.38539],[80.41436,6.38667],[80.41397,6.38688],[80.41292,6.38774],[80.41245,6.38782],[80.41159,6.3878],[80.41088,6.38727],[80.41043,6.38727],[80.41004,6.38746],[80.409,6.38815],[80.40782,6.38848],[80.40748,6.38851],[80.40732,6.38838],[80.40738,6.38793],[80.40755,6.3875],[80.408,6.38671],[80.40983,6.3856],[80.41152,6.38473],[80.4124,6.38358],[80.41326,6.38313],[80.41359,6.38281],[80.41401,6.38258],[80.41455,6.38174],[80.41474,6.38087],[80.41455,6.38044],[80.41412,6.38032],[80.41326,6.38032],[80.41243,6.38057],[80.41159,6.38055],[80.41069,6.38068],[80.40895,6.38127],[80.4077,6.38226],[80.4068,6.38243],[80.4064,6.38258],[80.40601,6.38281],[80.40509,6.38379],[80.40429,6.38424],[80.40343,6.38413],[80.40318,6.38377],[80.40318,6.38334],[80.40328,6.38245],[80.40358,6.38209],[80.40522,6.38117],[80.40665,6.38081],[80.40753,6.38044],[80.40794,6.38017],[80.40936,6.37742],[80.40985,6.37616],[80.40987,6.37526],[80.40959,6.37441],[80.40923,6.37405],[80.4088,6.37396],[80.40788,6.37396],[80.40697,6.3742],[80.40644,6.37494],[80.40594,6.37624],[80.40485,6.37707],[80.40393,6.37744],[80.40217,6.37908],[80.40159,6.38021],[80.40103,6.38093],[80.40094,6.38151],[80.40078,6.38168],[80.40059,6.38207],[80.39996,6.38275],[80.39938,6.38326],[80.39888,6.38401],[80.3987,6.38441],[80.39873,6.38498],[80.39868,6.38519],[80.39841,6.38554],[80.39788,6.38602],[80.39782,6.38622],[80.39787,6.38643],[80.398,6.38665],[80.39801,6.38686],[80.39786,6.38702],[80.39745,6.38718],[80.39679,6.38734],[80.39546,6.38753],[80.39521,6.3876],[80.39495,6.38796],[80.3947,6.38909],[80.39445,6.38949],[80.39425,6.38989],[80.3942,6.39011],[80.39408,6.39029],[80.39378,6.39061],[80.39272,6.39142],[80.3926,6.3916],[80.3915,6.39234],[80.39137,6.39275],[80.39127,6.39293],[80.39066,6.39366],[80.38956,6.39425],[80.38937,6.39464],[80.38778,6.39677],[80.38683,6.39848],[80.38632,6.39922],[80.38535,6.40035],[80.38467,6.40091],[80.38402,6.4015],[80.38359,6.40227],[80.38218,6.40321],[80.38136,6.40347],[80.37965,6.40372],[80.37883,6.40389],[80.37523,6.40598],[80.3745,6.40649],[80.37166,6.4088],[80.37016,6.40961],[80.3693,6.40999],[80.3666,6.41136],[80.36583,6.41182],[80.3642,6.41302],[80.36351,6.41362],[80.36278,6.41408],[80.36111,6.41485],[80.36021,6.41507],[80.35935,6.41494],[80.35943,6.41383],[80.36003,6.41319],[80.36132,6.41161],[80.36274,6.41008],[80.36441,6.40892],[80.36527,6.4085],[80.36604,6.40803],[80.36664,6.40735],[80.36699,6.40654],[80.36741,6.40457],[80.36776,6.40355],[80.36819,6.40278],[80.36844,6.40193],[80.36844,6.39907],[80.36836,6.39822],[80.36819,6.39732],[80.36772,6.39651],[80.36707,6.39575],[80.36626,6.39528],[80.3645,6.39464],[80.36351,6.39438],[80.35517,6.39622],[80.34767,6.40239],[80.34102,6.4126],[80.34107,6.41859],[80.33864,6.42508],[80.33201,6.42758],[80.33023,6.43102],[80.32881,6.43305],[80.32796,6.43493],[80.32727,6.437],[80.3261,6.43921],[80.32552,6.43895],[80.32634,6.43709],[80.32574,6.43585],[80.32659,6.43551],[80.32752,6.43382],[80.32742,6.43304],[80.32718,6.42963],[80.31901,6.42995],[80.31571,6.42851],[80.31531,6.42445],[80.31014,6.42449],[80.3029,6.43248],[80.29742,6.43432],[80.29185,6.43877],[80.28721,6.44521]],[[80.34373,6.50175],[80.34397,6.50092],[80.34533,6.49931],[80.34599,6.49872],[80.34642,6.49816],[80.34709,6.49767],[80.34797,6.49789],[80.34859,6.4981],[80.34882,6.49861],[80.34825,6.4993],[80.34863,6.50008],[80.34797,6.5007],[80.34775,6.50124],[80.34718,6.5023],[80.34601,6.5019],[80.34517,6.50149],[80.34373,6.50175]],[[80.43599,6.37516],[80.4361,6.37457],[80.43668,6.37368],[80.43791,6.37235],[80.43922,6.37225],[80.44093,6.37282],[80.44138,6.37282],[80.4431,6.37229],[80.44677,6.3722],[80.44848,6.37242],[80.45091,6.37035],[80.45138,6.36962],[80.45224,6.36755],[80.4528,6.36687],[80.45366,6.36696],[80.45514,6.36775],[80.45602,6.36764],[80.45706,6.36631],[80.45796,6.36485],[80.4591,6.36475],[80.46039,6.36443],[80.46607,6.36468],[80.46741,6.36432],[80.46812,6.36374],[80.46863,6.36302],[80.46906,6.36274],[80.47059,6.36312],[80.472,6.36166],[80.47212,6.36162],[80.4723,6.36174],[80.4725,6.36213],[80.47251,6.36258],[80.47233,6.36349],[80.47245,6.36366],[80.47268,6.36369],[80.47287,6.36361],[80.47358,6.36309],[80.47442,6.3629],[80.47463,6.3625],[80.47523,6.36216],[80.47543,6.36226],[80.47547,6.36308],[80.47559,6.36326],[80.47601,6.36376],[80.47663,6.36399],[80.47669,6.36415],[80.47664,6.36436],[80.47641,6.36445],[80.47549,6.3643],[80.47505,6.36438],[80.47474,6.36471],[80.4743,6.36551],[80.47372,6.36591],[80.4731,6.36616],[80.47269,6.36687],[80.47239,6.3672],[80.47122,6.36723],[80.47063,6.36742],[80.46971,6.36727],[80.46868,6.3673],[80.46819,6.36773],[80.46843,6.3681],[80.46901,6.36841],[80.46991,6.36849],[80.47032,6.36864],[80.47087,6.36902],[80.47115,6.3694],[80.471,6.37009],[80.47021,6.37002],[80.46955,6.36964],[80.46948,6.36891],[80.46787,6.36947],[80.46667,6.36908],[80.46425,6.36938],[80.4615,6.37075],[80.45882,6.37173],[80.45789,6.37269],[80.45639,6.3725],[80.45354,6.37433],[80.453,6.37567],[80.45116,6.37599],[80.44933,6.37751],[80.44935,6.37911],[80.44837,6.38034],[80.44723,6.38028],[80.4456,6.37928],[80.4438,6.37938],[80.44259,6.379],[80.44144,6.37772],[80.44161,6.37601],[80.44041,6.37542],[80.4386,6.37712],[80.43684,6.3767],[80.43599,6.37516]],[[80.47226,6.3691],[80.47249,6.36888],[80.47334,6.36857],[80.47374,6.36834],[80.47389,6.36814],[80.47384,6.36777],[80.47396,6.36759],[80.47414,6.3675],[80.47474,6.36771],[80.47494,6.36771],[80.47505,6.36757],[80.47518,6.36706],[80.47534,6.36677],[80.47563,6.3666],[80.47596,6.36653],[80.47645,6.36656],[80.47728,6.36679],[80.47793,6.36677],[80.47811,6.36665],[80.47862,6.36656],[80.47881,6.36686],[80.47888,6.36723],[80.47887,6.36781],[80.47995,6.37105],[80.48165,6.37356],[80.48103,6.37424],[80.47922,6.37467],[80.47804,6.37582],[80.47697,6.37557],[80.47609,6.37373],[80.47476,6.37277],[80.47424,6.37113],[80.47386,6.37009],[80.47261,6.36964],[80.47232,6.36931],[80.47226,6.3691]],[[80.61993,6.39975],[80.61996,6.39962],[80.62032,6.39961],[80.6218,6.39971],[80.62257,6.39981],[80.62212,6.40174],[80.62156,6.40155],[80.62079,6.40107],[80.62049,6.40077],[80.62007,6.40017],[80.61996,6.39995],[80.61993,6.39975]],[[80.62034,6.3987],[80.62074,6.39746],[80.62047,6.39682],[80.62102,6.39613],[80.62177,6.39545],[80.62288,6.39659],[80.62264,6.39786],[80.62396,6.39836],[80.62397,6.39967],[80.62034,6.3987]],[[80.62144,6.39401],[80.6217,6.39364],[80.62192,6.3934],[80.62216,6.39342],[80.62256,6.39402],[80.62314,6.3945],[80.6232,6.3948],[80.62318,6.39541],[80.62298,6.3955],[80.62217,6.39538],[80.622,6.39525],[80.62151,6.39434],[80.62144,6.39401]],[[80.62373,6.39516],[80.62392,6.39481],[80.62418,6.39446],[80.62432,6.3946],[80.62409,6.39585],[80.6239,6.39572],[80.6238,6.39557],[80.62373,6.39541],[80.62373,6.39516]],[[80.62443,6.39553],[80.6245,6.39506],[80.6247,6.3946],[80.62504,6.39435],[80.62535,6.39446],[80.6255,6.39509],[80.62541,6.39565],[80.62544,6.39627],[80.62578,6.39667],[80.62601,6.39682],[80.62614,6.39723],[80.62611,6.39778],[80.62593,6.39818],[80.62593,6.39954],[80.62578,6.39974],[80.62527,6.39981],[80.62482,6.39951],[80.62465,6.39911],[80.62461,6.39868],[80.62464,6.39829],[80.62482,6.39809],[80.62515,6.39799],[80.62527,6.39785],[80.625,6.39759],[80.62493,6.39746],[80.62495,6.39721],[80.62483,6.39701],[80.62455,6.39671],[80.62446,6.39637],[80.62443,6.39553]],[[80.62482,6.40104],[80.62486,6.40085],[80.62533,6.40074],[80.62588,6.40072],[80.62586,6.40122],[80.62575,6.40141],[80.62501,6.4014],[80.62487,6.40125],[80.62482,6.40104]],[[80.62634,6.40109],[80.62637,6.40079],[80.62648,6.40063],[80.62796,6.40059],[80.62788,6.4017],[80.62778,6.40204],[80.62755,6.40218],[80.62722,6.40221],[80.62691,6.4022],[80.62665,6.40212],[80.62643,6.40166],[80.62634,6.40109]],[[80.62646,6.39932],[80.62655,6.39883],[80.62651,6.39856],[80.62654,6.39828],[80.62668,6.39755],[80.62665,6.39659],[80.62686,6.3953],[80.62686,6.3948],[80.62697,6.39459],[80.62733,6.39459],[80.62779,6.39471],[80.62819,6.3949],[80.62822,6.39511],[80.62806,6.39553],[80.62793,6.39644],[80.62787,6.39761],[80.62787,6.39865],[80.62778,6.39994],[80.62719,6.39996],[80.62688,6.39992],[80.62667,6.39982],[80.62647,6.3996],[80.62646,6.39932]]]}},{"type":"Feature","properties":{"c":"orchard"},"geometry":{"type":"Polygon","coordinates":[[[80.38329,5.98104],[80.38486,5.98289],[80.38609,5.98289],[80.38671,5.98265],[80.38729,5.98234],[80.38743,5.98207],[80.3875,5.98158],[80.38739,5.9813],[80.38661,5.98032],[80.38749,5.98003],[80.38788,5.97972],[80.38811,5.97961],[80.38842,5.97893],[80.38841,5.97881],[80.38833,5.97872],[80.38827,5.97824],[80.38792,5.97757],[80.38793,5.97745],[80.38803,5.97736],[80.38815,5.97735],[80.38836,5.97723],[80.38884,5.97715],[80.38922,5.97718],[80.38944,5.97707],[80.38948,5.97693],[80.38937,5.9764],[80.38937,5.97613],[80.38947,5.9759],[80.38958,5.97584],[80.38982,5.97578],[80.39035,5.97578],[80.39142,5.97611],[80.39094,5.97573],[80.39027,5.97539],[80.38997,5.97516],[80.38979,5.97485],[80.38955,5.97414],[80.38957,5.97401],[80.38979,5.97388],[80.39003,5.97395],[80.39011,5.97443],[80.39018,5.97453],[80.39042,5.9746],[80.39055,5.97455],[80.39063,5.97444],[80.39072,5.97396],[80.3908,5.97379],[80.39106,5.97351],[80.39119,5.97346],[80.3917,5.97343],[80.39228,5.97317],[80.39232,5.97283],[80.39225,5.9727],[80.39167,5.97253],[80.39132,5.97236],[80.39028,5.97244],[80.39003,5.97238],[80.38983,5.97227],[80.3896,5.97158],[80.3893,5.97135],[80.38884,5.9711],[80.38858,5.97068],[80.38817,5.97036],[80.3869,5.96972],[80.38644,5.96987],[80.3859,5.96979],[80.38565,5.96947],[80.38543,5.9694],[80.38472,5.96984],[80.3845,5.97034],[80.38479,5.97089],[80.38522,5.97135],[80.38553,5.97215],[80.38612,5.97298],[80.38585,5.97457],[80.3854,5.97552],[80.38556,5.97634],[80.3853,5.97661],[80.38555,5.97694],[80.38551,5.97757],[80.38567,5.97791],[80.38581,5.97846],[80.38586,5.97856],[80.38615,5.97877],[80.38627,5.97897],[80.38629,5.97935],[80.38614,5.97983],[80.38616,5.98008],[80.38627,5.98032],[80.38666,5.98086],[80.38706,5.98118],[80.38721,5.98137],[80.38728,5.98157],[80.38702,5.98239],[80.3863,5.98273],[80.38579,5.98277],[80.38554,5.98268],[80.38535,5.98251],[80.3851,5.98192],[80.38502,5.98157],[80.38504,5.98115],[80.3848,5.98086],[80.38435,5.98061],[80.38408,5.98058],[80.38383,5.98065],[80.38359,5.98078],[80.38329,5.98104]]]}},{"type":"Feature","properties":{"c":"residential"},"geometry":{"type":"Polygon","coordinates":[[[80.59709,6.39092],[80.5977,6.39098],[80.59773,6.3908],[80.5971,6.39079],[80.59709,6.39092]]]}},{"type":"Feature","properties":{"c":"residential"},"geometry":{"type":"Polygon","coordinates":[[[80.60455,6.39269],[80.60456,6.39282],[80.60465,6.393],[80.60544,6.39325],[80.60554,6.39317],[80.60557,6.39306],[80.6052,6.39274],[80.60482,6.39268],[80.60455,6.39269]]]}},{"type":"Feature","properties":{"c":"residential"},"geometry":{"type":"Polygon","coordinates":[[[80.6034,6.39169],[80.60382,6.39207],[80.60393,6.39195],[80.60392,6.39166],[80.60376,6.3915],[80.60359,6.39148],[80.6034,6.39169]]]}},{"type":"Feature","properties":{"c":"residential"},"geometry":{"type":"Polygon","coordinates":[[[80.60399,6.3918],[80.604,6.39198],[80.6046,6.39207],[80.60469,6.392],[80.60453,6.39186],[80.60423,6.39171],[80.60399,6.3918]]]}},{"type":"Feature","properties":{"c":"residential","n":"Patna"},"geometry":{"type":"Polygon","coordinates":[[[80.60522,6.37783],[80.60615,6.37779],[80.60656,6.37754],[80.60643,6.37724],[80.60595,6.37728],[80.6053,6.37714],[80.60522,6.37783]]]}},{"type":"Feature","properties":{"c":"quarry"},"geometry":{"type":"Polygon","coordinates":[[[80.46913,6.16008],[80.46975,6.16049],[80.46995,6.16049],[80.47023,6.16027],[80.47051,6.15992],[80.47054,6.15964],[80.47047,6.15949],[80.46991,6.15904],[80.46951,6.15907],[80.46914,6.15934],[80.46913,6.16008]]]}},{"type":"Feature","properties":{"c":"farmland"},"geometry":{"type":"Polygon","coordinates":[[[80.47438,5.95582],[80.47468,5.95608],[80.47496,5.956],[80.47537,5.95596],[80.47552,5.95582],[80.47578,5.9558],[80.47577,5.95541],[80.47596,5.95498],[80.47664,5.95395],[80.47632,5.95378],[80.47592,5.95439],[80.47557,5.95422],[80.47545,5.95453],[80.47527,5.95475],[80.47492,5.95537],[80.47471,5.95547],[80.47438,5.95582]]]}},{"type":"Feature","properties":{"c":"farmland","n":"Paddy"},"geometry":{"type":"Polygon","coordinates":[[[80.60033,5.9367],[80.60056,5.93711],[80.60101,5.93758],[80.60162,5.93775],[80.602,5.93805],[80.60239,5.93796],[80.6025,5.93785],[80.60239,5.93728],[80.60229,5.9371],[80.60195,5.93673],[80.60175,5.93663],[80.60151,5.93661],[80.60105,5.9368],[80.60089,5.93676],[80.60084,5.93666],[80.60056,5.93653],[80.60033,5.9367]]]}},{"type":"Feature","properties":{"c":"farmland"},"geometry":{"type":"Polygon","coordinates":[[[80.60092,6.21893],[80.60101,6.21919],[80.60096,6.21934],[80.60204,6.22012],[80.60219,6.2199],[80.60235,6.2199],[80.60252,6.21982],[80.60243,6.2194],[80.60252,6.21926],[80.60262,6.21928],[80.60273,6.21913],[80.60279,6.21869],[80.60297,6.21854],[80.60277,6.21838],[80.60231,6.21837],[80.60219,6.21826],[80.60228,6.21794],[80.6025,6.21778],[80.60261,6.21755],[80.60284,6.21729],[80.60308,6.21722],[80.60304,6.21707],[80.60265,6.21725],[80.60241,6.21743],[80.60228,6.21753],[80.60221,6.21771],[80.60182,6.21799],[80.60166,6.21801],[80.6015,6.21791],[80.60148,6.2178],[80.60132,6.21779],[80.60122,6.21796],[80.60105,6.2181],[80.60096,6.21829],[80.60102,6.21852],[80.60092,6.21893]]]}},{"type":"Feature","properties":{"c":"farmland","n":"Paddy Field"},"geometry":{"type":"Polygon","coordinates":[[[80.59288,6.0183],[80.59334,6.02094],[80.59357,6.02053],[80.59388,6.02027],[80.59431,6.02017],[80.5952,6.01963],[80.59588,6.01974],[80.59652,6.01996],[80.59678,6.02024],[80.59694,6.0205],[80.59677,6.02069],[80.5966,6.02112],[80.59666,6.02132],[80.59757,6.02138],[80.59797,6.0212],[80.59832,6.02145],[80.59907,6.02174],[80.59905,6.02088],[80.59846,6.02053],[80.5979,6.02004],[80.59699,6.01984],[80.59658,6.01947],[80.59621,6.01896],[80.59571,6.01879],[80.59491,6.01837],[80.59448,6.01823],[80.59288,6.0183]]]}},{"type":"Feature","properties":{"c":"farmland","n":"Paddy Field"},"geometry":{"type":"Polygon","coordinates":[[[80.58913,6.01805],[80.58943,6.01988],[80.58992,6.02048],[80.59031,6.02018],[80.59098,6.0202],[80.59132,6.02045],[80.59158,6.02078],[80.59176,6.02112],[80.59207,6.02121],[80.59305,6.02117],[80.59312,6.02093],[80.59294,6.02009],[80.59289,6.0193],[80.59275,6.01861],[80.59276,6.01841],[80.59181,6.01843],[80.59121,6.01802],[80.59081,6.01801],[80.59051,6.01787],[80.59013,6.01791],[80.58973,6.01788],[80.58943,6.01774],[80.58915,6.01767],[80.58913,6.01805]]]}},{"type":"Feature","properties":{"c":"farmland","n":"Paddy Field"},"geometry":{"type":"Polygon","coordinates":[[[80.58907,6.01715],[80.58908,6.01725],[80.58926,6.01738],[80.59004,6.01756],[80.59172,6.01781],[80.59219,6.01808],[80.59472,6.01803],[80.59519,6.01808],[80.59565,6.01823],[80.5965,6.01883],[80.59664,6.01901],[80.59741,6.01952],[80.59807,6.01963],[80.59914,6.01963],[80.59869,6.01896],[80.59815,6.01899],[80.5972,6.01878],[80.59659,6.01862],[80.59621,6.01842],[80.59617,6.01793],[80.59641,6.01763],[80.59708,6.01717],[80.59747,6.01669],[80.59717,6.01629],[80.59681,6.01604],[80.59633,6.01626],[80.59601,6.0162],[80.5952,6.01672],[80.59461,6.01647],[80.59405,6.01652],[80.59359,6.01683],[80.5934,6.01718],[80.5933,6.01749],[80.59297,6.01781],[80.59242,6.01797],[80.5922,6.0178],[80.59202,6.01751],[80.59206,6.0169],[80.59236,6.01663],[80.59277,6.01652],[80.59267,6.01628],[80.5926,6.01586],[80.5922,6.01537],[80.59186,6.01508],[80.59151,6.0153],[80.59143,6.01611],[80.59091,6.01648],[80.59095,6.01695],[80.59001,6.01732],[80.58907,6.01715]]]}},{"type":"Feature","properties":{"c":"farmland","n":"Bare Paddy Fileds"},"geometry":{"type":"Polygon","coordinates":[[[80.56628,5.95428],[80.56628,5.95474],[80.56705,5.9549],[80.56701,5.95508],[80.56711,5.95521],[80.5725,5.95609],[80.57404,5.95629],[80.57395,5.95578],[80.57361,5.95572],[80.57357,5.95566],[80.57368,5.95537],[80.57451,5.95538],[80.57451,5.95474],[80.57313,5.95462],[80.57307,5.95445],[80.57287,5.95431],[80.57182,5.95373],[80.57201,5.95331],[80.57166,5.95331],[80.57156,5.95346],[80.57078,5.95317],[80.57089,5.95291],[80.56959,5.95208],[80.56946,5.95225],[80.56911,5.95197],[80.56927,5.95158],[80.56957,5.95171],[80.56971,5.95144],[80.56852,5.95103],[80.56859,5.95152],[80.56873,5.95185],[80.5685,5.95195],[80.56822,5.95166],[80.56811,5.95176],[80.56766,5.95174],[80.56715,5.95182],[80.5671,5.95199],[80.5667,5.95201],[80.56675,5.95215],[80.56659,5.95243],[80.56802,5.95266],[80.56802,5.95303],[80.56783,5.95333],[80.56751,5.95361],[80.56722,5.95373],[80.56672,5.95365],[80.56672,5.95413],[80.56628,5.95428]]]}},{"type":"Feature","properties":{"c":"farmland","n":"Paddy"},"geometry":{"type":"Polygon","coordinates":[[[80.58939,5.94133],[80.5894,5.94142],[80.58989,5.94148],[80.59064,5.94173],[80.59077,5.94182],[80.59087,5.94217],[80.59103,5.94233],[80.59131,5.94245],[80.59182,5.94226],[80.59191,5.94218],[80.59202,5.94194],[80.59253,5.94205],[80.59283,5.94201],[80.59292,5.94206],[80.59347,5.94198],[80.59383,5.9421],[80.59397,5.94209],[80.59476,5.9417],[80.59498,5.94171],[80.59526,5.94217],[80.59562,5.94179],[80.59558,5.94172],[80.59598,5.94167],[80.59601,5.94158],[80.59599,5.94118],[80.5958,5.94117],[80.59535,5.94142],[80.59487,5.94139],[80.59406,5.94167],[80.59375,5.94165],[80.59293,5.94174],[80.59261,5.94175],[80.59208,5.94166],[80.59146,5.94132],[80.59131,5.94129],[80.59097,5.94138],[80.59025,5.94083],[80.59022,5.94067],[80.58997,5.94027],[80.58996,5.94012],[80.58988,5.94002],[80.58968,5.93991],[80.58956,5.94051],[80.58966,5.94055],[80.58979,5.94068],[80.58985,5.94089],[80.58981,5.94104],[80.58971,5.94112],[80.58971,5.94121],[80.58963,5.94118],[80.58957,5.94121],[80.58953,5.9413],[80.58948,5.94126],[80.58939,5.94133]]]}},{"type":"Feature","properties":{"c":"farmland","n":"Paddy"},"geometry":{"type":"Polygon","coordinates":[[[80.58755,5.93936],[80.58784,5.93947],[80.58808,5.9397],[80.58828,5.93994],[80.5884,5.94027],[80.58836,5.94066],[80.58823,5.94094],[80.58796,5.94119],[80.58798,5.94134],[80.58813,5.9414],[80.58894,5.94136],[80.58928,5.94141],[80.58924,5.94128],[80.58896,5.94117],[80.58884,5.9409],[80.58909,5.94057],[80.58944,5.94046],[80.58952,5.94021],[80.58955,5.93984],[80.5892,5.93996],[80.58885,5.93998],[80.58848,5.93963],[80.58835,5.93975],[80.58798,5.93936],[80.58785,5.93911],[80.58765,5.93895],[80.58755,5.93936]]]}},{"type":"Feature","properties":{"c":"farmland","n":"Paddy"},"geometry":{"type":"Polygon","coordinates":[[[80.58815,5.94148],[80.58819,5.94177],[80.58834,5.94179],[80.58823,5.9419],[80.58818,5.9421],[80.58823,5.94248],[80.58832,5.94255],[80.58831,5.94263],[80.5885,5.94263],[80.5886,5.94256],[80.58871,5.94269],[80.58878,5.9427],[80.58878,5.94281],[80.58869,5.94284],[80.58868,5.94306],[80.5889,5.94313],[80.58907,5.94256],[80.58889,5.94252],[80.58892,5.9424],[80.58866,5.94195],[80.58864,5.94178],[80.58886,5.94159],[80.58915,5.9415],[80.58913,5.94146],[80.58887,5.94143],[80.58815,5.94148]]]}},{"type":"Feature","properties":{"c":"farmland","n":"Paddy"},"geometry":{"type":"Polygon","coordinates":[[[80.58669,5.94078],[80.58672,5.94119],[80.58773,5.94124],[80.58771,5.94112],[80.58762,5.94103],[80.58727,5.94086],[80.58728,5.94068],[80.58703,5.94056],[80.58702,5.94062],[80.58682,5.94074],[80.58669,5.94078]]]}},{"type":"Feature","properties":{"c":"farmland","n":"Paddy"},"geometry":{"type":"Polygon","coordinates":[[[80.58638,5.94128],[80.58646,5.94147],[80.58661,5.94148],[80.58655,5.94156],[80.5866,5.9416],[80.58653,5.94167],[80.58654,5.9418],[80.58655,5.94188],[80.58667,5.94189],[80.58697,5.94133],[80.58685,5.94129],[80.58649,5.94132],[80.58638,5.94128]]]}},{"type":"Feature","properties":{"c":"farmland","n":"Paddy"},"geometry":{"type":"Polygon","coordinates":[[[80.58597,5.94108],[80.58609,5.94108],[80.58652,5.94125],[80.58664,5.94123],[80.58661,5.94081],[80.58625,5.94083],[80.58602,5.94075],[80.58597,5.94108]]]}},{"type":"Feature","properties":{"c":"farmland","n":"Paddy"},"geometry":{"type":"Polygon","coordinates":[[[80.58544,5.9408],[80.58564,5.94117],[80.58578,5.94107],[80.5859,5.94111],[80.58597,5.94078],[80.58584,5.94074],[80.58578,5.94063],[80.58564,5.94065],[80.58565,5.94074],[80.58544,5.9408]]]}},{"type":"Feature","properties":{"c":"scrub"},"geometry":{"type":"Polygon","coordinates":[[[80.46213,5.94182],[80.46221,5.94186],[80.46237,5.9417],[80.46242,5.94158],[80.46234,5.94135],[80.46228,5.9413],[80.46218,5.9414],[80.46213,5.94182]]]}},{"type":"Feature","properties":{"c":"cemetery","n":"Kekanadura Cemetry"},"geometry":{"type":"Polygon","coordinates":[[[80.60405,5.9652],[80.6045,5.96564],[80.60466,5.96548],[80.60434,5.965],[80.60405,5.9652]]]}},{"type":"Feature","properties":{"c":"farmland"},"geometry":{"type":"Polygon","coordinates":[[[80.50062,6.12342],[80.50089,6.12355],[80.50091,6.12352],[80.50086,6.12347],[80.50092,6.12341],[80.50091,6.12331],[80.50105,6.12313],[80.50116,6.1231],[80.5016,6.12329],[80.50179,6.12322],[80.50201,6.12322],[80.50214,6.12332],[80.50268,6.12275],[80.50281,6.12265],[80.50322,6.12252],[80.50309,6.12213],[80.50275,6.12224],[80.50253,6.12237],[80.50247,6.12241],[80.50245,6.12254],[80.50191,6.12281],[80.50176,6.12296],[80.50156,6.12296],[80.50151,6.12287],[80.50156,6.12281],[80.5014,6.1226],[80.50114,6.12252],[80.50092,6.12254],[80.50068,6.12295],[80.50062,6.12342]]]}},{"type":"Feature","properties":{"c":"farmland"},"geometry":{"type":"Polygon","coordinates":[[[80.48884,5.97101],[80.48901,5.97105],[80.48933,5.97069],[80.48974,5.97011],[80.48988,5.97011],[80.49001,5.96974],[80.49021,5.96978],[80.49016,5.96959],[80.49014,5.96915],[80.49034,5.96855],[80.49038,5.96826],[80.49035,5.96815],[80.49021,5.96796],[80.49016,5.96741],[80.49021,5.96713],[80.48938,5.96712],[80.48941,5.96768],[80.48956,5.96834],[80.48954,5.96854],[80.48943,5.96915],[80.48916,5.96987],[80.48884,5.97101]]]}},{"type":"Feature","properties":{"c":"farmland","n":"Paddy Field"},"geometry":{"type":"Polygon","coordinates":[[[80.49718,6.03121],[80.49734,6.03143],[80.49743,6.03131],[80.4978,6.03121],[80.49803,6.02934],[80.49781,6.02938],[80.49757,6.02962],[80.49742,6.03082],[80.49732,6.03086],[80.4972,6.031],[80.49718,6.03121]]]}},{"type":"Feature","properties":{"c":"farmland"},"geometry":{"type":"Polygon","coordinates":[[[80.48934,5.96702],[80.49027,5.96703],[80.49041,5.96669],[80.49073,5.96639],[80.49066,5.96634],[80.49065,5.96624],[80.49071,5.96614],[80.49061,5.96601],[80.49057,5.96579],[80.49061,5.96539],[80.49071,5.96515],[80.49113,5.96485],[80.4913,5.9646],[80.49085,5.96465],[80.49067,5.96475],[80.49054,5.96475],[80.49044,5.96436],[80.49044,5.96418],[80.49062,5.96383],[80.49057,5.96366],[80.49047,5.96358],[80.49021,5.96352],[80.48998,5.96354],[80.48994,5.96402],[80.48977,5.96447],[80.48974,5.96468],[80.48979,5.96497],[80.49006,5.96593],[80.48984,5.96618],[80.48949,5.96638],[80.48941,5.9665],[80.48934,5.96702]]]}},{"type":"Feature","properties":{"c":"farmland"},"geometry":{"type":"Polygon","coordinates":[[[80.48031,6.10345],[80.4805,6.1041],[80.48046,6.10423],[80.48052,6.10429],[80.48089,6.10433],[80.48065,6.1035],[80.48071,6.10348],[80.48067,6.10335],[80.48031,6.10345]]]}},{"type":"Feature","properties":{"c":"farmland"},"geometry":{"type":"Polygon","coordinates":[[[80.48103,6.10331],[80.48115,6.1035],[80.48113,6.10356],[80.48123,6.10417],[80.48173,6.10409],[80.48155,6.103],[80.48109,6.10307],[80.4811,6.10316],[80.48103,6.10331]]]}},{"type":"Feature","properties":{"c":"farmland"},"geometry":{"type":"Polygon","coordinates":[[[80.4682,6.10315],[80.46835,6.10323],[80.46839,6.10333],[80.46831,6.1035],[80.46845,6.10367],[80.46872,6.10384],[80.46884,6.10365],[80.46922,6.10337],[80.46918,6.10327],[80.46912,6.10331],[80.46909,6.10327],[80.4691,6.10316],[80.46897,6.10308],[80.46902,6.10296],[80.46891,6.10291],[80.46915,6.10264],[80.46895,6.10244],[80.46868,6.10266],[80.46846,6.10294],[80.46834,6.10286],[80.4682,6.10315]]]}},{"type":"Feature","properties":{"c":"farmland"},"geometry":{"type":"Polygon","coordinates":[[[80.46585,6.10673],[80.46601,6.10702],[80.46592,6.10726],[80.4659,6.10758],[80.46605,6.1076],[80.46617,6.10755],[80.46639,6.10697],[80.46677,6.10637],[80.467,6.1063],[80.46715,6.10605],[80.46715,6.10588],[80.4668,6.10576],[80.46676,6.10561],[80.46683,6.10521],[80.4668,6.10489],[80.4662,6.10511],[80.46635,6.10514],[80.46632,6.1055],[80.466,6.10575],[80.46636,6.10627],[80.46633,6.10657],[80.46605,6.10673],[80.46585,6.10673]]]}},{"type":"Feature","properties":{"c":"farmland"},"geometry":{"type":"Polygon","coordinates":[[[80.46723,6.10629],[80.46732,6.10642],[80.46755,6.10656],[80.46768,6.10658],[80.46775,6.10654],[80.46782,6.10662],[80.46793,6.10653],[80.46793,6.10645],[80.46789,6.10647],[80.46778,6.10626],[80.46774,6.10644],[80.46759,6.10632],[80.46744,6.10633],[80.46736,6.10623],[80.46726,6.10621],[80.46723,6.10629]]]}},{"type":"Feature","properties":{"c":"farmland"},"geometry":{"type":"Polygon","coordinates":[[[80.46732,6.10747],[80.46757,6.1078],[80.46768,6.10773],[80.46777,6.10765],[80.46777,6.10755],[80.46793,6.10741],[80.46791,6.10737],[80.46805,6.10721],[80.46799,6.10702],[80.46791,6.107],[80.46779,6.10704],[80.46771,6.10719],[80.46758,6.10716],[80.46732,6.10747]]]}},{"type":"Feature","properties":{"c":"residential"},"geometry":{"type":"Polygon","coordinates":[[[80.47279,6.10197],[80.47284,6.10248],[80.47303,6.1023],[80.47318,6.10235],[80.47358,6.10236],[80.47392,6.10217],[80.47414,6.10192],[80.47456,6.1016],[80.47385,6.10119],[80.47349,6.1011],[80.47324,6.10128],[80.47279,6.10197]]]}},{"type":"Feature","properties":{"c":"farmland"},"geometry":{"type":"Polygon","coordinates":[[[80.47081,6.10575],[80.47081,6.10585],[80.47106,6.10589],[80.47122,6.10585],[80.47132,6.10571],[80.47125,6.10565],[80.47081,6.10575]]]}},{"type":"Feature","properties":{"c":"residential"},"geometry":{"type":"Polygon","coordinates":[[[80.47777,6.08163],[80.47781,6.08182],[80.47829,6.08211],[80.47849,6.08218],[80.47863,6.08207],[80.47886,6.08171],[80.47879,6.08148],[80.47893,6.08074],[80.4787,6.0806],[80.47857,6.08065],[80.47841,6.08093],[80.47818,6.08117],[80.4781,6.08133],[80.47791,6.08134],[80.4778,6.08141],[80.47777,6.08163]]]}},{"type":"Feature","properties":{"c":"farmland"},"geometry":{"type":"Polygon","coordinates":[[[80.46606,6.07985],[80.46608,6.07994],[80.46617,6.07995],[80.46617,6.08011],[80.46635,6.0801],[80.4664,6.07997],[80.46665,6.0799],[80.46662,6.0798],[80.46627,6.0799],[80.46623,6.07981],[80.46606,6.07985]]]}},{"type":"Feature","properties":{"c":"farmland"},"geometry":{"type":"Polygon","coordinates":[[[80.58229,6.33071],[80.58236,6.33084],[80.58247,6.3309],[80.58252,6.33081],[80.58256,6.33084],[80.58248,6.33096],[80.58258,6.33098],[80.58286,6.33129],[80.5831,6.33127],[80.58303,6.33092],[80.58285,6.33094],[80.58278,6.3308],[80.58264,6.33074],[80.58261,6.33078],[80.58255,6.33076],[80.5826,6.33067],[80.58258,6.33057],[80.58247,6.33055],[80.58233,6.33062],[80.58229,6.33071]]]}},{"type":"Feature","properties":{"c":"retail"},"geometry":{"type":"Polygon","coordinates":[[[80.52786,5.94256],[80.52794,5.94309],[80.52934,5.94288],[80.52926,5.94235],[80.52786,5.94256]]]}},{"type":"Feature","properties":{"c":"farmland"},"geometry":{"type":"Polygon","coordinates":[[[80.59804,6.15171],[80.59823,6.15201],[80.59838,6.15259],[80.5986,6.15306],[80.59863,6.15323],[80.59862,6.1534],[80.59853,6.15346],[80.59836,6.15379],[80.59823,6.15391],[80.5983,6.15397],[80.59891,6.1531],[80.5994,6.15327],[80.5997,6.15375],[80.59991,6.15363],[80.59969,6.15322],[80.59935,6.1529],[80.59923,6.15271],[80.59884,6.15253],[80.59876,6.15222],[80.59885,6.15212],[80.59881,6.15185],[80.59906,6.15155],[80.59904,6.15139],[80.5991,6.15125],[80.59899,6.15071],[80.59859,6.15069],[80.5985,6.15077],[80.59822,6.15128],[80.5982,6.15154],[80.59804,6.15171]]]}},{"type":"Feature","properties":{"c":"farmland"},"geometry":{"type":"Polygon","coordinates":[[[80.60735,5.96714],[80.60745,5.96727],[80.60767,5.96702],[80.60779,5.96702],[80.60778,5.96695],[80.60787,5.96689],[80.60789,5.96678],[80.60828,5.96622],[80.60841,5.96624],[80.6088,5.96667],[80.60892,5.96686],[80.60904,5.96725],[80.60903,5.96747],[80.60912,5.96758],[80.60919,5.96782],[80.60945,5.96812],[80.60965,5.96867],[80.60973,5.96877],[80.6099,5.96884],[80.60987,5.96897],[80.61,5.96912],[80.61021,5.96904],[80.61051,5.96902],[80.61057,5.96883],[80.61009,5.96885],[80.61013,5.96855],[80.60986,5.9683],[80.60984,5.96802],[80.60958,5.96758],[80.60955,5.96744],[80.60959,5.96732],[80.60967,5.96725],[80.60966,5.96717],[80.60943,5.96679],[80.6093,5.96646],[80.6093,5.96604],[80.60922,5.9659],[80.60926,5.96555],[80.60934,5.96541],[80.60931,5.9653],[80.60941,5.96491],[80.6098,5.96495],[80.61055,5.96519],[80.61077,5.96519],[80.61081,5.96523],[80.61089,5.96517],[80.61099,5.9652],[80.61105,5.96529],[80.61121,5.96535],[80.61145,5.96532],[80.61151,5.96541],[80.61149,5.96549],[80.61158,5.96554],[80.61176,5.96549],[80.61194,5.96551],[80.61195,5.96545],[80.61202,5.96544],[80.61209,5.96549],[80.61207,5.96559],[80.61212,5.96566],[80.61228,5.96577],[80.61239,5.96604],[80.61257,5.96579],[80.61325,5.96633],[80.61334,5.96631],[80.61339,5.96622],[80.61346,5.96621],[80.61352,5.96626],[80.61346,5.9664],[80.61359,5.96653],[80.61409,5.96644],[80.61412,5.96658],[80.61418,5.96663],[80.61441,5.96656],[80.61443,5.96668],[80.61517,5.96699],[80.6153,5.96708],[80.61529,5.96716],[80.61566,5.96732],[80.61594,5.96734],[80.61623,5.96722],[80.61623,5.96709],[80.61598,5.96708],[80.61598,5.96699],[80.61587,5.96696],[80.61566,5.96676],[80.61566,5.96667],[80.61572,5.9666],[80.61564,5.96655],[80.61543,5.96652],[80.61528,5.96656],[80.61434,5.96623],[80.61328,5.96564],[80.61305,5.96537],[80.61261,5.9651],[80.61221,5.96504],[80.61139,5.965],[80.61086,5.9649],[80.61048,5.96469],[80.61036,5.96422],[80.61011,5.96404],[80.60964,5.9638],[80.60938,5.96383],[80.60861,5.96367],[80.60829,5.9637],[80.60803,5.96379],[80.60784,5.96403],[80.60771,5.96466],[80.60785,5.96517],[80.60801,5.96541],[80.60799,5.96565],[80.60803,5.96599],[80.60786,5.96661],[80.60754,5.96686],[80.60735,5.96714]]]}},{"type":"Feature","properties":{"c":"farmland"},"geometry":{"type":"Polygon","coordinates":[[[80.62967,5.95538],[80.63048,5.95579],[80.63066,5.95617],[80.63046,5.95669],[80.63082,5.95692],[80.63171,5.95699],[80.63213,5.9548],[80.63221,5.95369],[80.63173,5.95355],[80.63105,5.95379],[80.63065,5.95407],[80.63057,5.95451],[80.62985,5.95462],[80.62971,5.95469],[80.62967,5.95538]]]}},{"type":"Feature","properties":{"c":"residential"},"geometry":{"type":"Polygon","coordinates":[[[80.62865,5.95616],[80.62915,5.9565],[80.62989,5.9569],[80.63044,5.95688],[80.63046,5.95669],[80.63066,5.95617],[80.63049,5.95581],[80.62967,5.95538],[80.6293,5.95529],[80.62865,5.95616]]]}},{"type":"Feature","properties":{"c":"forest"},"geometry":{"type":"Polygon","coordinates":[[[80.617,5.95163],[80.61712,5.95192],[80.61771,5.95193],[80.6182,5.95173],[80.61824,5.95147],[80.61799,5.9513],[80.61752,5.9512],[80.61714,5.95137],[80.617,5.95163]]]}},{"type":"Feature","properties":{"c":"farmland"},"geometry":{"type":"Polygon","coordinates":[[[80.60754,5.9597],[80.60759,5.95978],[80.60771,5.95973],[80.60795,5.95934],[80.60812,5.95929],[80.60843,5.95909],[80.60832,5.95898],[80.6082,5.95911],[80.60794,5.95915],[80.60764,5.95934],[80.60754,5.9597]]]}},{"type":"Feature","properties":{"c":"farmland"},"geometry":{"type":"Polygon","coordinates":[[[80.60912,5.95819],[80.60931,5.95847],[80.60937,5.95846],[80.60952,5.95829],[80.60953,5.9582],[80.60992,5.95799],[80.61021,5.95743],[80.61052,5.95729],[80.61079,5.95697],[80.6105,5.95663],[80.60942,5.9576],[80.60918,5.95797],[80.6092,5.95808],[80.60912,5.95819]]]}},{"type":"Feature","properties":{"c":"farmland"},"geometry":{"type":"Polygon","coordinates":[[[80.58516,6.32975],[80.58524,6.32991],[80.58537,6.32985],[80.58545,6.32994],[80.58542,6.33004],[80.58557,6.33012],[80.58581,6.33006],[80.58585,6.32992],[80.58568,6.32964],[80.58567,6.32952],[80.58558,6.32955],[80.58557,6.32938],[80.58549,6.32933],[80.58537,6.32936],[80.58533,6.32955],[80.58527,6.32956],[80.58516,6.32975]]]}},{"type":"Feature","properties":{"c":"farmland"},"geometry":{"type":"Polygon","coordinates":[[[80.5848,6.32942],[80.58494,6.32955],[80.58516,6.32963],[80.5854,6.32926],[80.58519,6.3288],[80.58516,6.32853],[80.58503,6.32855],[80.58496,6.32906],[80.5848,6.32942]]]}},{"type":"Feature","properties":{"c":"farmland"},"geometry":{"type":"Polygon","coordinates":[[[80.5877,6.32773],[80.5877,6.32789],[80.58832,6.32827],[80.58839,6.32802],[80.58814,6.32795],[80.58819,6.32775],[80.58797,6.32753],[80.58784,6.32768],[80.5877,6.32773]]]}},{"type":"Feature","properties":{"c":"industrial"},"geometry":{"type":"Polygon","coordinates":[[[80.49788,5.94577],[80.49792,5.94592],[80.498,5.94594],[80.49794,5.94576],[80.49788,5.94577]]]}},{"type":"Feature","properties":{"c":"farmland"},"geometry":{"type":"Polygon","coordinates":[[[80.56187,6.29198],[80.56195,6.2924],[80.56237,6.29248],[80.56236,6.29209],[80.56209,6.29194],[80.56187,6.29198]]]}},{"type":"Feature","properties":{"c":"farmland"},"geometry":{"type":"Polygon","coordinates":[[[80.56083,6.29168],[80.56092,6.29245],[80.56119,6.29275],[80.56136,6.29285],[80.56146,6.29302],[80.56164,6.29288],[80.56177,6.29298],[80.56193,6.29301],[80.56226,6.29261],[80.56205,6.29252],[80.56165,6.29263],[80.56129,6.29249],[80.56119,6.29203],[80.56128,6.29168],[80.56118,6.29163],[80.56083,6.29168]]]}},{"type":"Feature","properties":{"c":"farmland"},"geometry":{"type":"Polygon","coordinates":[[[80.5625,6.29262],[80.56261,6.29275],[80.56285,6.29263],[80.5629,6.29251],[80.56265,6.29234],[80.5625,6.29262]]]}},{"type":"Feature","properties":{"c":"farmland"},"geometry":{"type":"Polygon","coordinates":[[[80.55859,6.29311],[80.55864,6.29332],[80.5588,6.29336],[80.55877,6.29375],[80.55884,6.29409],[80.55907,6.29425],[80.55911,6.29445],[80.5593,6.29447],[80.55941,6.29387],[80.55938,6.29343],[80.55942,6.29315],[80.55937,6.29305],[80.55905,6.2931],[80.55893,6.29303],[80.55876,6.29314],[80.55867,6.29307],[80.55859,6.29311]]]}},{"type":"Feature","properties":{"c":"farmland"},"geometry":{"type":"Polygon","coordinates":[[[80.60697,6.04227],[80.6076,6.0428],[80.60773,6.04313],[80.60725,6.04321],[80.60724,6.04343],[80.60783,6.04335],[80.60804,6.04366],[80.60814,6.04361],[80.60816,6.04342],[80.60814,6.04332],[80.60802,6.04322],[80.60798,6.04269],[80.60775,6.0425],[80.60752,6.04258],[80.60731,6.04228],[80.60697,6.04227]]]}},{"type":"Feature","properties":{"c":"farmland"},"geometry":{"type":"Polygon","coordinates":[[[80.44365,6.14621],[80.44373,6.14638],[80.44416,6.14688],[80.44453,6.14675],[80.44438,6.14604],[80.44419,6.14593],[80.44397,6.146],[80.4439,6.14609],[80.44365,6.14621]]]}},{"type":"Feature","properties":{"c":"farmland"},"geometry":{"type":"Polygon","coordinates":[[[80.50782,6.10175],[80.50797,6.10166],[80.50814,6.10169],[80.50804,6.10127],[80.50793,6.10137],[80.50782,6.10137],[80.50782,6.10175]]]}},{"type":"Feature","properties":{"c":"farmland"},"geometry":{"type":"Polygon","coordinates":[[[80.50804,6.10127],[80.50814,6.10169],[80.5084,6.10169],[80.50855,6.10179],[80.50849,6.10193],[80.50866,6.10208],[80.50873,6.10212],[80.50883,6.10202],[80.50901,6.1023],[80.50959,6.10232],[80.50963,6.10221],[80.50959,6.10206],[80.50961,6.1019],[80.50951,6.10191],[80.50941,6.10184],[80.50937,6.10192],[80.50937,6.10179],[80.50944,6.10171],[80.50926,6.1017],[80.50909,6.1016],[80.50899,6.10128],[80.50889,6.10127],[80.50887,6.10138],[80.50893,6.1014],[80.50892,6.10147],[80.50878,6.10143],[80.5088,6.10133],[80.50873,6.10118],[80.50818,6.10116],[80.50818,6.10125],[80.50814,6.10123],[80.5081,6.10129],[80.50807,6.10125],[80.50804,6.10127]]]}},{"type":"Feature","properties":{"c":"farmland"},"geometry":{"type":"Polygon","coordinates":[[[80.50818,6.10116],[80.50873,6.10118],[80.5088,6.10133],[80.50878,6.10143],[80.50892,6.10147],[80.50893,6.1014],[80.50887,6.10138],[80.50889,6.10127],[80.50899,6.10128],[80.50924,6.10119],[80.50969,6.10123],[80.50994,6.10117],[80.51077,6.10145],[80.51088,6.10143],[80.51092,6.10125],[80.51082,6.10111],[80.51084,6.10083],[80.51075,6.10084],[80.51077,6.10071],[80.51063,6.10067],[80.51045,6.10076],[80.51017,6.10059],[80.50991,6.10063],[80.50989,6.10059],[80.50958,6.10067],[80.50972,6.10078],[80.50971,6.1009],[80.50959,6.10085],[80.50958,6.10077],[80.50947,6.10087],[80.50943,6.10069],[80.50869,6.10093],[80.50823,6.10086],[80.50818,6.10116]]]}},{"type":"Feature","properties":{"c":"residential"},"geometry":{"type":"Polygon","coordinates":[[[80.48186,6.09501],[80.48194,6.09508],[80.48199,6.09502],[80.48213,6.09502],[80.4821,6.09461],[80.48197,6.09462],[80.48198,6.09489],[80.48186,6.09501]]]}},{"type":"Feature","properties":{"c":"farmland","n":"paddy_field"},"geometry":{"type":"Polygon","coordinates":[[[80.50312,6.12214],[80.50326,6.1225],[80.50363,6.12231],[80.50336,6.12201],[80.50312,6.12214]]]}},{"type":"Feature","properties":{"c":"military","n":"Sri Lanka Coast Guard “Rohana”"},"geometry":{"type":"Polygon","coordinates":[[[80.45791,5.9451],[80.4579,5.94593],[80.45823,5.94653],[80.45843,5.94677],[80.45909,5.9461],[80.45878,5.94572],[80.45842,5.9451],[80.45791,5.9451]]]}},{"type":"Feature","properties":{"c":"park","n":"kirala Kale"},"geometry":{"type":"Polygon","coordinates":[[[80.53104,5.97798],[80.53216,5.97774],[80.53332,5.97832],[80.5339,5.97832],[80.53686,5.97631],[80.53617,5.97392],[80.53529,5.97362],[80.53104,5.97798]]]}},{"type":"Feature","properties":{"c":"farmland"},"geometry":{"type":"Polygon","coordinates":[[[80.41945,6.13346],[80.41976,6.13369],[80.41998,6.13376],[80.42004,6.1337],[80.42023,6.1337],[80.42025,6.13386],[80.42035,6.13399],[80.42046,6.13398],[80.42051,6.13391],[80.42052,6.13354],[80.42037,6.13359],[80.42031,6.13344],[80.42001,6.13351],[80.4199,6.13337],[80.41979,6.13309],[80.41945,6.13346]]]}},{"type":"Feature","properties":{"c":"farmland"},"geometry":{"type":"Polygon","coordinates":[[[80.5717,6.05871],[80.57204,6.05888],[80.57247,6.0588],[80.57248,6.05859],[80.57215,6.0585],[80.5717,6.05871]]]}},{"type":"Feature","properties":{"c":"residential"},"geometry":{"type":"Polygon","coordinates":[[[80.47024,5.94134],[80.47025,5.94151],[80.47034,5.94154],[80.47033,5.94133],[80.47024,5.94134]]]}},{"type":"Feature","properties":{"c":"residential"},"geometry":{"type":"Polygon","coordinates":[[[80.47033,5.94133],[80.47034,5.94154],[80.47044,5.94158],[80.47041,5.94133],[80.47033,5.94133]]]}},{"type":"Feature","properties":{"c":"residential"},"geometry":{"type":"Polygon","coordinates":[[[80.47016,5.94134],[80.47017,5.94148],[80.47025,5.94151],[80.47024,5.94134],[80.47016,5.94134]]]}},{"type":"Feature","properties":{"c":"residential"},"geometry":{"type":"Polygon","coordinates":[[[80.47008,5.94145],[80.47017,5.94148],[80.47016,5.94134],[80.47008,5.94134],[80.47008,5.94145]]]}},{"type":"Feature","properties":{"c":"residential"},"geometry":{"type":"Polygon","coordinates":[[[80.47024,5.94125],[80.47024,5.94134],[80.47041,5.94133],[80.4704,5.94124],[80.47024,5.94125]]]}},{"type":"Feature","properties":{"c":"residential"},"geometry":{"type":"Polygon","coordinates":[[[80.47023,5.94116],[80.47024,5.94125],[80.4704,5.94124],[80.47039,5.94114],[80.47023,5.94116]]]}},{"type":"Feature","properties":{"c":"residential"},"geometry":{"type":"Polygon","coordinates":[[[80.47022,5.94106],[80.47023,5.94116],[80.47039,5.94114],[80.47038,5.94104],[80.47022,5.94106]]]}},{"type":"Feature","properties":{"c":"residential"},"geometry":{"type":"Polygon","coordinates":[[[80.47021,5.94096],[80.47022,5.94106],[80.47038,5.94104],[80.47037,5.94094],[80.47021,5.94096]]]}},{"type":"Feature","properties":{"c":"residential"},"geometry":{"type":"Polygon","coordinates":[[[80.4702,5.94087],[80.47021,5.94096],[80.47037,5.94094],[80.47036,5.94085],[80.4702,5.94087]]]}},{"type":"Feature","properties":{"c":"residential"},"geometry":{"type":"Polygon","coordinates":[[[80.4702,5.94075],[80.4702,5.94087],[80.47036,5.94085],[80.47035,5.94074],[80.4702,5.94075]]]}},{"type":"Feature","properties":{"c":"residential"},"geometry":{"type":"Polygon","coordinates":[[[80.47017,5.94049],[80.4702,5.94075],[80.47035,5.94074],[80.47032,5.94046],[80.47017,5.94049]]]}},{"type":"Feature","properties":{"c":"residential"},"geometry":{"type":"Polygon","coordinates":[[[80.47003,5.94051],[80.47006,5.94076],[80.4702,5.94075],[80.47017,5.94049],[80.47003,5.94051]]]}},{"type":"Feature","properties":{"c":"residential"},"geometry":{"type":"Polygon","coordinates":[[[80.47008,5.94134],[80.47024,5.94134],[80.47023,5.94123],[80.47009,5.94123],[80.47008,5.94134]]]}},{"type":"Feature","properties":{"c":"residential"},"geometry":{"type":"Polygon","coordinates":[[[80.47009,5.94123],[80.47023,5.94123],[80.47022,5.94112],[80.47009,5.94113],[80.47009,5.94123]]]}},{"type":"Feature","properties":{"c":"residential"},"geometry":{"type":"Polygon","coordinates":[[[80.47009,5.94102],[80.47009,5.94113],[80.47022,5.94112],[80.47022,5.94101],[80.47009,5.94102]]]}},{"type":"Feature","properties":{"c":"residential"},"geometry":{"type":"Polygon","coordinates":[[[80.47007,5.9409],[80.47009,5.94102],[80.47022,5.94101],[80.47021,5.94089],[80.47007,5.9409]]]}},{"type":"Feature","properties":{"c":"residential"},"geometry":{"type":"Polygon","coordinates":[[[80.47006,5.94076],[80.47007,5.9409],[80.47021,5.94089],[80.4702,5.94075],[80.47006,5.94076]]]}},{"type":"Feature","properties":{"c":"forest"},"geometry":{"type":"Polygon","coordinates":[[[80.52529,5.93633],[80.5253,5.93659],[80.52554,5.93657],[80.52553,5.93646],[80.52578,5.93642],[80.52557,5.93627],[80.52546,5.93633],[80.52529,5.93633]]]}},{"type":"Feature","properties":{"c":"grass"},"geometry":{"type":"Polygon","coordinates":[[[80.54873,5.94492],[80.54878,5.94496],[80.54883,5.9449],[80.54878,5.94486],[80.54873,5.94492]]]}},{"type":"Feature","properties":{"c":"grass"},"geometry":{"type":"Polygon","coordinates":[[[80.52823,5.94099],[80.52848,5.94105],[80.5286,5.94059],[80.52847,5.94055],[80.52842,5.94074],[80.5283,5.94071],[80.52823,5.94099]]]}},{"type":"Feature","properties":{"c":"grass"},"geometry":{"type":"Polygon","coordinates":[[[80.52512,5.93625],[80.52512,5.93634],[80.52529,5.93633],[80.52528,5.93624],[80.52512,5.93625]]]}},{"type":"Feature","properties":{"c":"grass"},"geometry":{"type":"Polygon","coordinates":[[[80.52118,5.93583],[80.52133,5.93583],[80.52133,5.93582],[80.52118,5.9358],[80.52118,5.93583]]]}},{"type":"Feature","properties":{"c":"grass"},"geometry":{"type":"Polygon","coordinates":[[[80.52423,5.9364],[80.52437,5.9364],[80.52438,5.93616],[80.52432,5.93618],[80.52424,5.93614],[80.52423,5.9364]]]}},{"type":"Feature","properties":{"c":"quarry"},"geometry":{"type":"Polygon","coordinates":[[[80.66262,6.09022],[80.6627,6.09033],[80.66287,6.09042],[80.66302,6.09039],[80.6633,6.09002],[80.66312,6.0898],[80.66271,6.08983],[80.66263,6.08986],[80.66262,6.09022]]]}},{"type":"Feature","properties":{"c":"farmland"},"geometry":{"type":"Polygon","coordinates":[[[80.66565,6.09654],[80.66579,6.0966],[80.66612,6.09654],[80.66644,6.09666],[80.66655,6.09664],[80.66676,6.09659],[80.66713,6.09622],[80.66677,6.09618],[80.66647,6.09605],[80.66566,6.09648],[80.66565,6.09654]]]}},{"type":"Feature","properties":{"c":"farmland"},"geometry":{"type":"Polygon","coordinates":[[[80.67171,6.11906],[80.67171,6.11952],[80.67217,6.1195],[80.6727,6.11978],[80.67271,6.11968],[80.67279,6.11962],[80.6731,6.1197],[80.67326,6.11967],[80.67332,6.11973],[80.67351,6.11977],[80.67379,6.11978],[80.67403,6.11971],[80.67435,6.11974],[80.67433,6.11991],[80.6744,6.11993],[80.67451,6.12007],[80.6746,6.12008],[80.67465,6.12001],[80.67474,6.11999],[80.67493,6.12],[80.67503,6.12011],[80.67524,6.12013],[80.6754,6.12012],[80.67565,6.11999],[80.67624,6.11996],[80.67664,6.12007],[80.67673,6.12005],[80.67701,6.12019],[80.67727,6.12026],[80.67737,6.12026],[80.67745,6.12018],[80.67768,6.12021],[80.67799,6.12012],[80.67851,6.12025],[80.6787,6.12023],[80.67903,6.12001],[80.67934,6.1199],[80.67963,6.1199],[80.67978,6.11983],[80.67998,6.11986],[80.68007,6.1197],[80.68032,6.11974],[80.68038,6.11958],[80.68068,6.11964],[80.68097,6.11884],[80.6802,6.11853],[80.67818,6.11839],[80.67784,6.1185],[80.67765,6.11884],[80.6775,6.11883],[80.67736,6.11873],[80.67646,6.11905],[80.67593,6.11901],[80.67525,6.11907],[80.67479,6.11897],[80.67405,6.11893],[80.67359,6.11918],[80.67339,6.11921],[80.6728,6.11886],[80.67235,6.11889],[80.6721,6.11886],[80.67192,6.11898],[80.67175,6.11899],[80.67171,6.11906]]]}},{"type":"Feature","properties":{"c":"farmland"},"geometry":{"type":"Polygon","coordinates":[[[80.64255,6.08013],[80.64262,6.08057],[80.64282,6.08095],[80.64361,6.08085],[80.6437,6.08067],[80.64392,6.08065],[80.64424,6.08047],[80.64452,6.0802],[80.64475,6.08016],[80.64446,6.08057],[80.64466,6.08066],[80.6445,6.08088],[80.64515,6.08161],[80.64549,6.08159],[80.64551,6.0813],[80.64569,6.08083],[80.64722,6.07919],[80.64691,6.07925],[80.64673,6.07924],[80.64611,6.07906],[80.64578,6.07905],[80.64507,6.07919],[80.64483,6.07918],[80.64417,6.07899],[80.64357,6.07904],[80.64302,6.0789],[80.64294,6.07899],[80.64288,6.07921],[80.64298,6.0793],[80.64302,6.07943],[80.64291,6.07948],[80.64274,6.07969],[80.64269,6.07985],[80.64303,6.07987],[80.64308,6.08],[80.64255,6.08013]]]}},{"type":"Feature","properties":{"c":"farmland"},"geometry":{"type":"Polygon","coordinates":[[[80.64475,6.08266],[80.64476,6.08273],[80.64496,6.08281],[80.64533,6.08288],[80.6453,6.08271],[80.64535,6.08265],[80.64553,6.08268],[80.64558,6.08263],[80.64552,6.08205],[80.64542,6.08206],[80.64527,6.08218],[80.64499,6.08216],[80.64475,6.08266]]]}},{"type":"Feature","properties":{"c":"farmland"},"geometry":{"type":"Polygon","coordinates":[[[80.64583,6.08456],[80.6465,6.0855],[80.6469,6.08503],[80.64697,6.0851],[80.64699,6.08529],[80.6471,6.08532],[80.64725,6.08566],[80.6474,6.08572],[80.64745,6.08584],[80.64753,6.08585],[80.64772,6.08576],[80.64784,6.08581],[80.64792,6.08607],[80.64826,6.08606],[80.64879,6.08589],[80.64888,6.08583],[80.64887,6.08562],[80.64899,6.0856],[80.64906,6.08549],[80.64924,6.08545],[80.64931,6.08552],[80.6495,6.08544],[80.64941,6.08538],[80.64954,6.08531],[80.64957,6.08545],[80.64977,6.08532],[80.64979,6.08542],[80.6499,6.08541],[80.64996,6.08553],[80.65047,6.08529],[80.65063,6.08529],[80.65061,6.08519],[80.6507,6.08488],[80.65071,6.08439],[80.65058,6.08432],[80.65003,6.08438],[80.64951,6.08434],[80.64942,6.08429],[80.64915,6.08394],[80.64906,6.08404],[80.64862,6.08409],[80.6477,6.08383],[80.6473,6.08382],[80.64685,6.08391],[80.646,6.08422],[80.64597,6.08434],[80.64588,6.08438],[80.64583,6.08456]]]}},{"type":"Feature","properties":{"c":"farmland"},"geometry":{"type":"Polygon","coordinates":[[[80.6386,6.05738],[80.6387,6.05748],[80.63901,6.05757],[80.63907,6.05754],[80.63927,6.05764],[80.6393,6.05783],[80.6394,6.05792],[80.63934,6.05818],[80.63944,6.05825],[80.63959,6.05853],[80.63978,6.05863],[80.63996,6.0586],[80.64001,6.05855],[80.64003,6.05832],[80.63988,6.05832],[80.63977,6.05785],[80.63963,6.05773],[80.6396,6.05754],[80.63953,6.05744],[80.63932,6.05736],[80.63911,6.05735],[80.63897,6.0572],[80.63877,6.05708],[80.6386,6.05738]]]}},{"type":"Feature","properties":{"c":"farmland"},"geometry":{"type":"Polygon","coordinates":[[[80.6306,6.05518],[80.63063,6.05527],[80.63094,6.05539],[80.63137,6.05549],[80.63157,6.0556],[80.63173,6.0556],[80.63184,6.0557],[80.63193,6.05591],[80.63193,6.05625],[80.63194,6.05634],[80.632,6.05635],[80.63192,6.05652],[80.63175,6.05656],[80.63169,6.05668],[80.63147,6.05683],[80.63148,6.05689],[80.63116,6.0573],[80.6311,6.05744],[80.63138,6.05768],[80.6317,6.05778],[80.63181,6.05775],[80.63179,6.05749],[80.63187,6.05738],[80.63184,6.05734],[80.63186,6.0569],[80.63195,6.05686],[80.632,6.05694],[80.63196,6.05699],[80.63198,6.05718],[80.63206,6.0572],[80.63208,6.05727],[80.63223,6.05735],[80.63229,6.05743],[80.63214,6.05757],[80.63217,6.05767],[80.63225,6.05768],[80.6323,6.05787],[80.63245,6.05791],[80.63264,6.05811],[80.63272,6.05815],[80.63276,6.0581],[80.63282,6.05811],[80.63311,6.05847],[80.63328,6.05879],[80.63339,6.05873],[80.63354,6.05883],[80.63362,6.05872],[80.63359,6.05857],[80.63371,6.05847],[80.6337,6.0584],[80.63343,6.05811],[80.63341,6.058],[80.63328,6.05779],[80.6331,6.05761],[80.63283,6.05749],[80.63272,6.05733],[80.63256,6.05725],[80.63237,6.05704],[80.63208,6.05692],[80.63204,6.05658],[80.63231,6.05633],[80.63232,6.05621],[80.63229,6.05611],[80.63214,6.05599],[80.63208,6.05567],[80.63178,6.05503],[80.63179,6.05486],[80.63195,6.05471],[80.63189,6.05466],[80.63081,6.05487],[80.6306,6.05518]]]}},{"type":"Feature","properties":{"c":"farmland"},"geometry":{"type":"Polygon","coordinates":[[[80.6762,6.09538],[80.67623,6.09553],[80.6764,6.0956],[80.67657,6.09562],[80.67674,6.09558],[80.67683,6.09566],[80.67699,6.09568],[80.67702,6.09573],[80.67719,6.09574],[80.67736,6.09585],[80.67746,6.09612],[80.67782,6.09621],[80.67787,6.09612],[80.67795,6.09612],[80.67812,6.09638],[80.67824,6.09644],[80.67823,6.0966],[80.67834,6.09667],[80.67877,6.09722],[80.67877,6.09736],[80.67893,6.0976],[80.67892,6.09769],[80.6791,6.09786],[80.6791,6.09794],[80.67923,6.09798],[80.67934,6.09808],[80.67949,6.09802],[80.67965,6.09782],[80.67962,6.09771],[80.67953,6.09763],[80.67932,6.09763],[80.67915,6.09744],[80.6791,6.09726],[80.67858,6.09646],[80.67829,6.09629],[80.67823,6.09616],[80.6784,6.09589],[80.67869,6.09584],[80.67945,6.09551],[80.6802,6.09596],[80.68067,6.09617],[80.68119,6.09648],[80.68126,6.09643],[80.68125,6.09612],[80.68154,6.0961],[80.68157,6.09602],[80.68154,6.09588],[80.68135,6.09575],[80.68133,6.09546],[80.68144,6.09527],[80.68143,6.09513],[80.68131,6.09506],[80.68116,6.09511],[80.68108,6.09528],[80.68106,6.09543],[80.68111,6.09581],[80.68092,6.09591],[80.68067,6.09595],[80.68043,6.0959],[80.68007,6.09575],[80.67967,6.09544],[80.67966,6.0953],[80.67958,6.09521],[80.67934,6.09508],[80.67925,6.09508],[80.67901,6.09488],[80.67877,6.09482],[80.67869,6.09476],[80.6784,6.09446],[80.6785,6.09416],[80.67846,6.09411],[80.67813,6.09424],[80.67792,6.09423],[80.67747,6.09393],[80.6772,6.09389],[80.6772,6.09372],[80.67707,6.09359],[80.67701,6.0936],[80.67695,6.09371],[80.67706,6.09381],[80.67703,6.09394],[80.67706,6.09398],[80.67751,6.09417],[80.6778,6.09437],[80.678,6.09439],[80.67805,6.09447],[80.67819,6.09448],[80.67898,6.0951],[80.67917,6.09527],[80.67917,6.0954],[80.67853,6.09565],[80.6781,6.09574],[80.67762,6.09576],[80.67738,6.09558],[80.67706,6.09557],[80.67699,6.09552],[80.67708,6.09534],[80.67699,6.09525],[80.67667,6.09527],[80.67652,6.09537],[80.67632,6.09534],[80.6762,6.09538]]]}},{"type":"Feature","properties":{"c":"quarry"},"geometry":{"type":"Polygon","coordinates":[[[80.67528,6.1046],[80.67549,6.10512],[80.67578,6.10539],[80.67604,6.10548],[80.67684,6.10542],[80.6771,6.10524],[80.67712,6.10499],[80.67688,6.10472],[80.67664,6.10421],[80.67635,6.10395],[80.67599,6.10384],[80.67547,6.10389],[80.67533,6.10421],[80.67528,6.1046]]]}},{"type":"Feature","properties":{"c":"grass"},"geometry":{"type":"Polygon","coordinates":[[[80.54586,5.94505],[80.546,5.94501],[80.54624,5.94486],[80.54587,5.94483],[80.54586,5.94505]]]}},{"type":"Feature","properties":{"c":"farmland"},"geometry":{"type":"Polygon","coordinates":[[[80.58459,6.07009],[80.58479,6.0703],[80.58515,6.0703],[80.58522,6.07037],[80.58586,6.0706],[80.58607,6.07074],[80.58617,6.07065],[80.58623,6.07016],[80.58611,6.06997],[80.58591,6.06988],[80.58617,6.06984],[80.58617,6.06957],[80.58595,6.06912],[80.58584,6.06905],[80.58566,6.06938],[80.58528,6.06967],[80.58515,6.06969],[80.58489,6.06962],[80.5848,6.06967],[80.58459,6.07009]]]}},{"type":"Feature","properties":{"c":"farmland"},"geometry":{"type":"Polygon","coordinates":[[[80.5863,6.0711],[80.58676,6.07145],[80.58683,6.07174],[80.58699,6.07203],[80.58729,6.07242],[80.58741,6.0725],[80.5876,6.07249],[80.58752,6.07226],[80.58757,6.07218],[80.58779,6.07201],[80.58807,6.07211],[80.58818,6.07236],[80.58845,6.07219],[80.58847,6.07208],[80.58842,6.07199],[80.58877,6.07159],[80.5887,6.07134],[80.58854,6.07123],[80.58843,6.07156],[80.5881,6.07179],[80.58763,6.07177],[80.58731,6.07156],[80.58693,6.07155],[80.58696,6.07132],[80.58687,6.07129],[80.5868,6.07137],[80.5867,6.07135],[80.58667,6.07128],[80.58673,6.07119],[80.58663,6.07118],[80.58641,6.07104],[80.5863,6.0711]]]}},{"type":"Feature","properties":{"c":"farmland"},"geometry":{"type":"Polygon","coordinates":[[[80.58616,6.07081],[80.58627,6.07098],[80.58649,6.07092],[80.58674,6.07075],[80.58685,6.07032],[80.58697,6.07029],[80.58717,6.07045],[80.58718,6.07038],[80.58696,6.07013],[80.58684,6.07011],[80.58666,6.07026],[80.58647,6.07064],[80.58636,6.07064],[80.58621,6.07072],[80.58616,6.07081]]]}},{"type":"Feature","properties":{"c":"farmland"},"geometry":{"type":"Polygon","coordinates":[[[80.58819,6.07107],[80.58839,6.07131],[80.58845,6.07112],[80.58858,6.07098],[80.5888,6.07088],[80.58897,6.07093],[80.58914,6.07079],[80.58918,6.07068],[80.58933,6.07064],[80.58939,6.07049],[80.5899,6.07072],[80.59011,6.07063],[80.59051,6.07059],[80.59109,6.07081],[80.59115,6.07074],[80.59092,6.0705],[80.59095,6.07039],[80.59076,6.07036],[80.59031,6.07039],[80.59005,6.07028],[80.58971,6.07029],[80.58846,6.07069],[80.58821,6.07094],[80.58819,6.07107]]]}},{"type":"Feature","properties":{"c":"farmland"},"geometry":{"type":"Polygon","coordinates":[[[80.67813,6.099],[80.6783,6.09904],[80.67823,6.09922],[80.67842,6.0993],[80.6786,6.09878],[80.67817,6.09873],[80.67813,6.099]]]}},{"type":"Feature","properties":{"c":"cemetery"},"geometry":{"type":"Polygon","coordinates":[[[80.5106,5.93729],[80.51063,5.93739],[80.51084,5.93741],[80.51069,5.93725],[80.5106,5.93729]]]}},{"type":"Feature","properties":{"c":"residential"},"geometry":{"type":"Polygon","coordinates":[[[80.50139,5.94669],[80.50161,5.94712],[80.50175,5.94788],[80.50196,5.94816],[80.50234,5.94812],[80.50263,5.94796],[80.50313,5.94801],[80.5037,5.94783],[80.50373,5.94662],[80.50406,5.9466],[80.50452,5.94673],[80.50466,5.94647],[80.50509,5.94664],[80.50574,5.94665],[80.50571,5.94644],[80.50624,5.94637],[80.50627,5.94562],[80.5057,5.94541],[80.50531,5.94554],[80.50522,5.94571],[80.50507,5.94568],[80.50483,5.94546],[80.5047,5.94526],[80.50471,5.94483],[80.50359,5.94482],[80.50367,5.94583],[80.50363,5.94603],[80.50375,5.94638],[80.50353,5.94635],[80.50316,5.94645],[80.50301,5.94644],[80.50282,5.94652],[80.50249,5.94652],[80.50139,5.94669]]]}},{"type":"Feature","properties":{"c":"meadow"},"geometry":{"type":"Polygon","coordinates":[[[80.47629,5.94103],[80.4764,5.94131],[80.47639,5.94179],[80.4765,5.94179],[80.4765,5.94152],[80.47664,5.94151],[80.47675,5.94137],[80.47721,5.94129],[80.4772,5.94123],[80.47707,5.94124],[80.47705,5.94113],[80.47719,5.94112],[80.47716,5.94095],[80.47681,5.94097],[80.47676,5.94104],[80.47668,5.94105],[80.4765,5.94091],[80.47629,5.94103]]]}},{"type":"Feature","properties":{"c":"meadow"},"geometry":{"type":"Polygon","coordinates":[[[80.47642,5.94046],[80.47664,5.94082],[80.47671,5.9408],[80.4768,5.94068],[80.47707,5.94059],[80.47698,5.94035],[80.47674,5.94039],[80.47673,5.94025],[80.47642,5.94046]]]}},{"type":"Feature","properties":{"c":"meadow"},"geometry":{"type":"Polygon","coordinates":[[[80.47597,5.94048],[80.47609,5.94063],[80.47599,5.94072],[80.47604,5.94082],[80.47644,5.94083],[80.47641,5.94058],[80.47635,5.94056],[80.47642,5.94046],[80.47615,5.94037],[80.47597,5.94048]]]}},{"type":"Feature","properties":{"c":"meadow"},"geometry":{"type":"Polygon","coordinates":[[[80.4764,5.94002],[80.47642,5.94015],[80.4765,5.94016],[80.47657,5.94036],[80.47685,5.9402],[80.47705,5.94017],[80.47698,5.93993],[80.47678,5.94],[80.47672,5.93958],[80.47665,5.93961],[80.47667,5.93989],[80.4764,5.94002]]]}},{"type":"Feature","properties":{"c":"meadow"},"geometry":{"type":"Polygon","coordinates":[[[80.47739,5.94168],[80.4776,5.94166],[80.47762,5.94187],[80.47777,5.94187],[80.47777,5.9417],[80.4779,5.94164],[80.47788,5.9414],[80.47805,5.94137],[80.47804,5.94087],[80.47766,5.94097],[80.47754,5.94124],[80.47741,5.94125],[80.47739,5.94168]]]}},{"type":"Feature","properties":{"c":"meadow"},"geometry":{"type":"Polygon","coordinates":[[[80.47738,5.94037],[80.47741,5.94061],[80.4776,5.94061],[80.47758,5.94082],[80.47766,5.94082],[80.47769,5.94091],[80.47766,5.94097],[80.47804,5.94087],[80.47801,5.94056],[80.47788,5.94073],[80.4778,5.94066],[80.47775,5.9403],[80.47747,5.94032],[80.47738,5.94037]]]}},{"type":"Feature","properties":{"c":"residential"},"geometry":{"type":"Polygon","coordinates":[[[80.47232,5.94377],[80.47255,5.94452],[80.47259,5.94484],[80.47245,5.94552],[80.47281,5.94594],[80.47333,5.94595],[80.47379,5.94465],[80.47379,5.94373],[80.47435,5.94322],[80.47431,5.94248],[80.47325,5.94254],[80.47328,5.94329],[80.47285,5.94337],[80.47232,5.94377]]]}},{"type":"Feature","properties":{"c":"meadow"},"geometry":{"type":"Polygon","coordinates":[[[80.47285,5.94056],[80.47289,5.94125],[80.47307,5.94154],[80.47324,5.94153],[80.47334,5.94133],[80.47331,5.94112],[80.47354,5.94098],[80.4734,5.94044],[80.47285,5.94056]]]}},{"type":"Feature","properties":{"c":"meadow"},"geometry":{"type":"Polygon","coordinates":[[[80.47345,5.94023],[80.47355,5.94063],[80.4743,5.9404],[80.47423,5.94021],[80.474,5.94025],[80.47387,5.94009],[80.47345,5.94023]]]}},{"type":"Feature","properties":{"c":"farmland","n":"Paddy"},"geometry":{"type":"Polygon","coordinates":[[[80.6236,6.2758],[80.62359,6.27589],[80.62397,6.27583],[80.62459,6.27554],[80.62501,6.27549],[80.62544,6.27535],[80.62592,6.27544],[80.62598,6.27562],[80.62613,6.27571],[80.6264,6.27563],[80.62701,6.27558],[80.62727,6.2756],[80.6275,6.27569],[80.62785,6.27567],[80.62809,6.27547],[80.62828,6.27523],[80.6289,6.27511],[80.62902,6.275],[80.62927,6.27503],[80.62992,6.2747],[80.63097,6.27457],[80.63147,6.2743],[80.63176,6.27423],[80.63183,6.27413],[80.63183,6.274],[80.63122,6.27364],[80.63118,6.27359],[80.63117,6.2733],[80.63104,6.2732],[80.63082,6.27334],[80.63062,6.27367],[80.63039,6.27387],[80.62987,6.27388],[80.62948,6.27411],[80.62919,6.27448],[80.62889,6.27458],[80.62844,6.27459],[80.62812,6.27468],[80.62788,6.27457],[80.62729,6.27453],[80.62712,6.27463],[80.62684,6.27499],[80.62623,6.27538],[80.62603,6.27537],[80.6254,6.27514],[80.62476,6.27514],[80.62392,6.27483],[80.62372,6.2748],[80.62366,6.27483],[80.62365,6.27489],[80.6242,6.27517],[80.62435,6.27528],[80.62439,6.2754],[80.62384,6.27575],[80.6236,6.2758]]]}},{"type":"Feature","properties":{"c":"orchard","n":"Tea"},"geometry":{"type":"Polygon","coordinates":[[[80.62175,6.27952],[80.62176,6.27965],[80.62184,6.27975],[80.62229,6.28001],[80.62252,6.28043],[80.62271,6.28058],[80.62371,6.28094],[80.62446,6.28114],[80.62469,6.28116],[80.62505,6.28112],[80.62554,6.28125],[80.62559,6.28131],[80.62628,6.28134],[80.62641,6.28117],[80.62645,6.28099],[80.62658,6.28085],[80.62713,6.28087],[80.6275,6.28077],[80.6276,6.28067],[80.62792,6.28013],[80.62793,6.28002],[80.62788,6.27991],[80.62794,6.27963],[80.62854,6.27919],[80.62833,6.27823],[80.6287,6.27759],[80.62881,6.27711],[80.6291,6.27692],[80.62936,6.27692],[80.62948,6.277],[80.62985,6.2775],[80.63007,6.27759],[80.63019,6.27759],[80.6304,6.27753],[80.63054,6.2772],[80.63082,6.27695],[80.63125,6.27672],[80.63136,6.27673],[80.63155,6.2772],[80.63163,6.27729],[80.63198,6.27736],[80.63217,6.27777],[80.6325,6.27793],[80.63291,6.27824],[80.6334,6.27833],[80.63415,6.27827],[80.63459,6.27803],[80.6351,6.27794],[80.63545,6.2778],[80.63567,6.27752],[80.63523,6.27731],[80.63513,6.27708],[80.63514,6.27685],[80.63521,6.27675],[80.63497,6.27595],[80.63515,6.27563],[80.63533,6.27547],[80.63538,6.27488],[80.63533,6.2744],[80.63519,6.27421],[80.63492,6.27421],[80.63445,6.27442],[80.63408,6.2745],[80.63386,6.27464],[80.63361,6.27523],[80.63343,6.27526],[80.63318,6.27519],[80.63301,6.27502],[80.63295,6.27478],[80.63296,6.27458],[80.63314,6.27397],[80.63298,6.27378],[80.63239,6.27363],[80.63214,6.27362],[80.63202,6.27365],[80.63173,6.27395],[80.63183,6.274],[80.63183,6.27413],[80.63176,6.27423],[80.63147,6.2743],[80.63097,6.27457],[80.62992,6.2747],[80.62927,6.27503],[80.62902,6.275],[80.6289,6.27511],[80.62828,6.27523],[80.62809,6.27547],[80.62785,6.27567],[80.6275,6.27569],[80.62727,6.2756],[80.62701,6.27558],[80.6264,6.27563],[80.62619,6.27571],[80.62614,6.27595],[80.626,6.27618],[80.62584,6.2766],[80.62569,6.2768],[80.62535,6.27697],[80.6252,6.27717],[80.6252,6.27767],[80.62533,6.27787],[80.62518,6.27808],[80.62507,6.27815],[80.62507,6.27827],[80.62519,6.27849],[80.62507,6.27865],[80.62426,6.27871],[80.62415,6.27866],[80.62408,6.27842],[80.62424,6.27808],[80.62424,6.27796],[80.62406,6.2778],[80.62359,6.27766],[80.62332,6.27765],[80.62293,6.27772],[80.62274,6.27788],[80.62278,6.27847],[80.62305,6.27887],[80.62407,6.27924],[80.62445,6.27925],[80.62456,6.2793],[80.62457,6.27942],[80.62419,6.27974],[80.62402,6.28008],[80.62392,6.28015],[80.6238,6.28017],[80.6233,6.28004],[80.62303,6.27977],[80.62285,6.27947],[80.62274,6.27941],[80.62223,6.27938],[80.62187,6.27955],[80.62175,6.27952]]]}},{"type":"Feature","properties":{"c":"farmland"},"geometry":{"type":"Polygon","coordinates":[[[80.48235,5.96897],[80.48244,5.96943],[80.48257,5.96964],[80.48266,5.97051],[80.48276,5.97011],[80.483,5.96987],[80.48315,5.96962],[80.48285,5.96825],[80.48249,5.96805],[80.48235,5.96897]]]}}]}