{"type":"FeatureCollection","features":[{"type":"Feature","properties":{"c":"forest"},"geometry":{"type":"Polygon","coordinates":[[[80.57785,9.37795],[80.58013,9.38056],[80.58144,9.38258],[80.58294,9.38261],[80.5846,9.38187],[80.58816,9.38085],[80.58858,9.38356],[80.59125,9.38589],[80.5899,9.38759],[80.59066,9.39248],[80.59229,9.39487],[80.59376,9.39511],[80.59454,9.39517],[80.59531,9.39669],[80.59467,9.39699],[80.59415,9.39684],[80.59399,9.39687],[80.59334,9.39777],[80.59355,9.3984],[80.59339,9.39846],[80.59329,9.39866],[80.59345,9.39888],[80.59356,9.39929],[80.59532,9.39897],[80.59532,9.40008],[80.5946,9.40027],[80.59457,9.40097],[80.59524,9.40246],[80.60232,9.40188],[80.60182,9.38881],[80.60169,9.38758],[80.60214,9.38755],[80.60221,9.38654],[80.60248,9.38551],[80.60275,9.38519],[80.60317,9.38445],[80.6033,9.38318],[80.60419,9.38134],[80.60424,9.38019],[80.60342,9.3805],[80.60304,9.38031],[80.60185,9.37884],[80.60057,9.3794],[80.60033,9.37831],[80.59959,9.37745],[80.59925,9.37749],[80.59724,9.3781],[80.59704,9.3781],[80.59627,9.37684],[80.59595,9.37582],[80.59581,9.37497],[80.59611,9.37482],[80.59582,9.37328],[80.59537,9.37323],[80.59537,9.37281],[80.59595,9.37238],[80.59608,9.37261],[80.59646,9.37248],[80.59626,9.37181],[80.59566,9.3719],[80.59566,9.37148],[80.59676,9.37134],[80.59636,9.37067],[80.59595,9.37089],[80.59569,9.37039],[80.59613,9.37009],[80.59579,9.3697],[80.59561,9.3698],[80.59502,9.36974],[80.59505,9.3691],[80.5952,9.36843],[80.59437,9.36825],[80.59452,9.36768],[80.59388,9.36742],[80.59325,9.36695],[80.59313,9.36662],[80.59274,9.36666],[80.59237,9.3668],[80.5919,9.36611],[80.59147,9.36271],[80.58982,9.36253],[80.58879,9.36385],[80.58781,9.36406],[80.58679,9.36385],[80.58544,9.36411],[80.5858,9.36816],[80.5829,9.37013],[80.58315,9.37131],[80.58174,9.37198],[80.58357,9.37426],[80.57908,9.37407],[80.57929,9.37632],[80.57864,9.37664],[80.5789,9.37732],[80.57785,9.37795]]]}},{"type":"Feature","properties":{"c":"forest"},"geometry":{"type":"Polygon","coordinates":[[[80.57409,9.43955],[80.57627,9.44133],[80.57992,9.44137],[80.58415,9.45149],[80.59253,9.44978],[80.59446,9.44718],[80.60102,9.44525],[80.60686,9.44025],[80.60909,9.43568],[80.60737,9.43297],[80.60446,9.43238],[80.60446,9.42654],[80.6072,9.4251],[80.60845,9.42719],[80.61647,9.42933],[80.61913,9.42848],[80.62016,9.43052],[80.61862,9.43221],[80.62038,9.43642],[80.6242,9.43424],[80.62565,9.43329],[80.6256,9.4321],[80.6265,9.43167],[80.62705,9.4319],[80.62899,9.43091],[80.63096,9.42974],[80.63145,9.42677],[80.63236,9.42624],[80.636,9.42694],[80.63913,9.42586],[80.64257,9.42518],[80.64488,9.42484],[80.64557,9.42332],[80.64744,9.42091],[80.64839,9.41904],[80.64825,9.4186],[80.64692,9.41763],[80.64643,9.41684],[80.6469,9.41333],[80.64742,9.41166],[80.64836,9.41068],[80.6513,9.40961],[80.65471,9.40706],[80.66184,9.40654],[80.66404,9.40519],[80.66578,9.40285],[80.67475,9.39699],[80.67889,9.39395],[80.67839,9.39346],[80.67436,9.38865],[80.67338,9.38936],[80.67355,9.39368],[80.67235,9.39394],[80.6702,9.39207],[80.67012,9.38776],[80.66806,9.38437],[80.66548,9.38132],[80.66419,9.38335],[80.66265,9.38284],[80.65922,9.3809],[80.65913,9.37912],[80.65244,9.37996],[80.649,9.37895],[80.64711,9.37785],[80.64463,9.37446],[80.64548,9.37311],[80.64583,9.37099],[80.64467,9.37044],[80.64439,9.37007],[80.6438,9.37066],[80.64346,9.37167],[80.64287,9.37177],[80.64265,9.37169],[80.6428,9.37061],[80.64218,9.36903],[80.64179,9.36921],[80.63969,9.36622],[80.63827,9.36582],[80.63639,9.36269],[80.63407,9.3626],[80.63184,9.36565],[80.63489,9.36851],[80.63703,9.3698],[80.63942,9.37334],[80.63911,9.37369],[80.63797,9.37314],[80.63683,9.37443],[80.63536,9.37265],[80.63463,9.3745],[80.63491,9.37473],[80.63464,9.37521],[80.63543,9.3758],[80.63643,9.37693],[80.63527,9.37802],[80.63348,9.38118],[80.63241,9.38215],[80.63304,9.38326],[80.63383,9.38275],[80.63442,9.38366],[80.63515,9.38426],[80.6352,9.38363],[80.63596,9.38328],[80.63656,9.38281],[80.63555,9.38176],[80.63647,9.38106],[80.6385,9.38334],[80.63833,9.38609],[80.63965,9.38742],[80.64102,9.38733],[80.64154,9.38826],[80.6399,9.38903],[80.63896,9.38962],[80.64085,9.39148],[80.64299,9.39758],[80.62292,9.41073],[80.62264,9.41055],[80.62242,9.40981],[80.6217,9.41004],[80.62154,9.40974],[80.62228,9.40931],[80.6223,9.40867],[80.62081,9.40953],[80.6157,9.40207],[80.61072,9.39419],[80.60185,9.38952],[80.60232,9.40188],[80.59565,9.40243],[80.59736,9.40442],[80.59726,9.40555],[80.59544,9.40643],[80.59403,9.40567],[80.59328,9.40561],[80.59216,9.40632],[80.59062,9.40703],[80.58929,9.40708],[80.5885,9.40911],[80.58597,9.41028],[80.58509,9.4154],[80.58364,9.41808],[80.58115,9.41432],[80.57942,9.41593],[80.58018,9.4191],[80.58057,9.42364],[80.579,9.42949],[80.57632,9.43166],[80.57409,9.43955]]]}},{"type":"Feature","properties":{"c":"residential","n":"Teacher's Quarters"},"geometry":{"type":"Polygon","coordinates":[[[80.25563,9.32061],[80.25568,9.32074],[80.25576,9.32071],[80.25571,9.32058],[80.25563,9.32061]]]}},{"type":"Feature","properties":{"c":"meadow","n":"Paddy Field"},"geometry":{"type":"Polygon","coordinates":[[[80.33806,9.44494],[80.33832,9.4455],[80.33813,9.44562],[80.33831,9.44597],[80.33882,9.44572],[80.33848,9.44478],[80.33806,9.44494]]]}},{"type":"Feature","properties":{"c":"recreation_ground"},"geometry":{"type":"Polygon","coordinates":[[[80.40015,9.56281],[80.40067,9.56268],[80.40073,9.56206],[80.40016,9.56217],[80.40015,9.56281]]]}},{"type":"Feature","properties":{"c":"military"},"geometry":{"type":"Polygon","coordinates":[[[80.39764,9.55233],[80.39825,9.55465],[80.39991,9.55422],[80.3993,9.55191],[80.39764,9.55233]]]}},{"type":"Feature","properties":{"c":"recreation_ground","n":"Play Grounds"},"geometry":{"type":"Polygon","coordinates":[[[80.5225,9.41044],[80.52297,9.41149],[80.52418,9.41108],[80.52413,9.41093],[80.52433,9.41085],[80.52395,9.40984],[80.5225,9.41044]]]}},{"type":"Feature","properties":{"c":"recreation_ground","n":"Vivekantha Vidyalaya Play Grounds"},"geometry":{"type":"Polygon","coordinates":[[[80.39356,9.3671],[80.39465,9.36728],[80.39481,9.36634],[80.39368,9.36631],[80.39356,9.3671]]]}},{"type":"Feature","properties":{"c":"recreation_ground","n":"Vannerikkulam Maha Vidyalaya Play Grounds"},"geometry":{"type":"Polygon","coordinates":[[[80.22955,9.32426],[80.23058,9.32454],[80.23079,9.32391],[80.22976,9.32357],[80.22955,9.32426]]]}},{"type":"Feature","properties":{"c":"scrub"},"geometry":{"type":"Polygon","coordinates":[[[80.41198,9.38706],[80.41226,9.38963],[80.41368,9.38908],[80.41422,9.389],[80.41629,9.38942],[80.41642,9.38941],[80.41707,9.38785],[80.4162,9.38709],[80.41548,9.38674],[80.41522,9.38646],[80.41475,9.38575],[80.41441,9.3849],[80.41351,9.3838],[80.41255,9.38376],[80.41219,9.38497],[80.41208,9.38568],[80.41198,9.38706]]]}},{"type":"Feature","properties":{"c":"scrub"},"geometry":{"type":"Polygon","coordinates":[[[80.40914,9.36782],[80.40916,9.36819],[80.40928,9.36852],[80.40969,9.36831],[80.41052,9.36775],[80.41077,9.3675],[80.41109,9.36686],[80.41126,9.36628],[80.41097,9.36624],[80.41014,9.36625],[80.40997,9.36755],[80.40933,9.36768],[80.40914,9.36782]]]}},{"type":"Feature","properties":{"c":"farmland"},"geometry":{"type":"Polygon","coordinates":[[[80.40955,9.36933],[80.40956,9.36949],[80.4098,9.37027],[80.41026,9.37013],[80.41063,9.36974],[80.40998,9.36887],[80.40964,9.36911],[80.40955,9.36933]]]}},{"type":"Feature","properties":{"c":"orchard"},"geometry":{"type":"Polygon","coordinates":[[[80.40963,9.36851],[80.40976,9.36872],[80.40989,9.36877],[80.41037,9.36934],[80.41063,9.36974],[80.41126,9.36897],[80.41053,9.36818],[80.41036,9.36849],[80.41015,9.36817],[80.40963,9.36851]]]}},{"type":"Feature","properties":{"c":"farmland"},"geometry":{"type":"Polygon","coordinates":[[[80.44657,9.38577],[80.4476,9.38837],[80.44786,9.39036],[80.4481,9.39089],[80.44878,9.39076],[80.44863,9.38996],[80.44959,9.38989],[80.4511,9.38964],[80.4508,9.38532],[80.45012,9.38524],[80.4506,9.38315],[80.45068,9.38236],[80.45288,9.38095],[80.45342,9.38092],[80.45372,9.38055],[80.45394,9.38016],[80.45418,9.37943],[80.45417,9.37912],[80.45404,9.3788],[80.45374,9.37861],[80.45312,9.37843],[80.45255,9.37815],[80.45232,9.3779],[80.45216,9.37754],[80.45209,9.37601],[80.45189,9.3756],[80.45194,9.37505],[80.45193,9.37454],[80.45208,9.37374],[80.45221,9.37348],[80.45247,9.37314],[80.45272,9.37295],[80.45278,9.37319],[80.45326,9.37295],[80.45428,9.37273],[80.45468,9.37254],[80.45463,9.37237],[80.45345,9.37241],[80.44971,9.3724],[80.44969,9.37641],[80.4494,9.37735],[80.44909,9.3778],[80.44873,9.37786],[80.44862,9.37833],[80.44864,9.37864],[80.44898,9.37881],[80.44856,9.38142],[80.44805,9.38368],[80.44774,9.38483],[80.4467,9.38467],[80.44657,9.38577]]]}},{"type":"Feature","properties":{"c":"farmyard","n":"vaddakkachchi farm"},"geometry":{"type":"Polygon","coordinates":[[[80.45417,9.38767],[80.45415,9.38826],[80.45464,9.38821],[80.45465,9.38774],[80.45417,9.38767]]]}},{"type":"Feature","properties":{"c":"farmland"},"geometry":{"type":"Polygon","coordinates":[[[80.45126,9.39219],[80.45168,9.39274],[80.45268,9.39387],[80.45475,9.39439],[80.45692,9.39509],[80.45716,9.39393],[80.45752,9.39328],[80.45741,9.39116],[80.45598,9.39109],[80.45485,9.39125],[80.45443,9.39119],[80.45441,9.39179],[80.45391,9.39173],[80.45325,9.3913],[80.45205,9.3912],[80.45129,9.39147],[80.45126,9.39219]]]}},{"type":"Feature","properties":{"c":"farmland"},"geometry":{"type":"Polygon","coordinates":[[[80.46125,9.37913],[80.46313,9.37925],[80.4631,9.3786],[80.4624,9.37847],[80.46255,9.37782],[80.46293,9.37774],[80.46299,9.37677],[80.46217,9.37687],[80.46215,9.37726],[80.46152,9.37841],[80.46149,9.37891],[80.46125,9.37913]]]}},{"type":"Feature","properties":{"c":"farmland"},"geometry":{"type":"Polygon","coordinates":[[[80.45955,9.37661],[80.46088,9.37695],[80.46124,9.37654],[80.46173,9.37637],[80.46217,9.37687],[80.46306,9.37676],[80.46349,9.37654],[80.4635,9.37568],[80.46319,9.37471],[80.46217,9.37256],[80.46173,9.37279],[80.4615,9.37253],[80.46116,9.37297],[80.46126,9.37312],[80.46092,9.3732],[80.46078,9.37361],[80.46005,9.37462],[80.45956,9.37564],[80.45977,9.37591],[80.45956,9.37642],[80.45955,9.37661]]]}},{"type":"Feature","properties":{"c":"recreation_ground","n":"culturel resing ground"},"geometry":{"type":"Polygon","coordinates":[[[80.46456,9.36654],[80.46463,9.36799],[80.46477,9.36803],[80.46483,9.36839],[80.46507,9.36832],[80.4649,9.36734],[80.46493,9.36441],[80.46468,9.36441],[80.46456,9.36654]]]}},{"type":"Feature","properties":{"c":"military","n":"SL Security Forces Signal Division HQ"},"geometry":{"type":"Polygon","coordinates":[[[80.40943,9.34172],[80.40944,9.34406],[80.41478,9.34387],[80.4146,9.34291],[80.41348,9.34221],[80.4126,9.34217],[80.41121,9.34185],[80.41034,9.34174],[80.40943,9.34172]]]}},{"type":"Feature","properties":{"c":"military"},"geometry":{"type":"Polygon","coordinates":[[[80.38176,9.36372],[80.38177,9.36426],[80.38229,9.36432],[80.38243,9.36531],[80.38307,9.36517],[80.38338,9.36472],[80.38461,9.36444],[80.38479,9.36353],[80.38505,9.3633],[80.38494,9.36309],[80.38526,9.36267],[80.38485,9.36209],[80.38421,9.36144],[80.38359,9.36096],[80.38298,9.36107],[80.38244,9.3611],[80.38254,9.36192],[80.38208,9.36241],[80.38192,9.36267],[80.38182,9.36312],[80.38176,9.36372]]]}},{"type":"Feature","properties":{"c":"farmland"},"geometry":{"type":"Polygon","coordinates":[[[80.194,9.50821],[80.194,9.50837],[80.19416,9.50885],[80.19457,9.50866],[80.19496,9.50856],[80.1956,9.5082],[80.19576,9.50852],[80.19617,9.50882],[80.19658,9.5085],[80.19699,9.50885],[80.19706,9.5085],[80.19786,9.50794],[80.19807,9.50788],[80.19815,9.50794],[80.19998,9.50698],[80.1997,9.50642],[80.19869,9.50468],[80.19824,9.50412],[80.19768,9.50318],[80.19741,9.50285],[80.19669,9.50324],[80.19668,9.50358],[80.19676,9.5043],[80.19651,9.50463],[80.19608,9.50498],[80.19568,9.5054],[80.19565,9.5055],[80.19554,9.50562],[80.19545,9.50563],[80.19537,9.50575],[80.19523,9.50581],[80.19508,9.50582],[80.19433,9.50633],[80.19433,9.50651],[80.19464,9.50742],[80.19423,9.50766],[80.194,9.50821]]]}},{"type":"Feature","properties":{"c":"farmland"},"geometry":{"type":"Polygon","coordinates":[[[80.19716,9.50857],[80.19716,9.50864],[80.19728,9.50869],[80.19741,9.50866],[80.19757,9.50849],[80.19767,9.50883],[80.19753,9.50889],[80.19753,9.50899],[80.19762,9.50907],[80.19777,9.50902],[80.19786,9.50925],[80.19768,9.50937],[80.19771,9.50977],[80.19823,9.51054],[80.19825,9.51062],[80.1982,9.51073],[80.19841,9.51105],[80.19819,9.51134],[80.19814,9.51148],[80.19804,9.51239],[80.19798,9.51246],[80.19773,9.51251],[80.19746,9.51298],[80.19764,9.51325],[80.19764,9.5134],[80.19751,9.51354],[80.19751,9.51359],[80.19814,9.51329],[80.19978,9.51187],[80.20126,9.51074],[80.20178,9.51043],[80.20217,9.51028],[80.20101,9.50868],[80.20006,9.5071],[80.19827,9.50797],[80.19812,9.50801],[80.19799,9.50797],[80.19744,9.50833],[80.19716,9.50857]]]}},{"type":"Feature","properties":{"c":"recreation_ground"},"geometry":{"type":"Polygon","coordinates":[[[80.26682,9.31288],[80.26734,9.31301],[80.26745,9.31259],[80.26692,9.31246],[80.26682,9.31288]]]}},{"type":"Feature","properties":{"c":"forest"},"geometry":{"type":"Polygon","coordinates":[[[80.1501,9.55271],[80.15021,9.55282],[80.15279,9.55106],[80.15485,9.54973],[80.16029,9.54673],[80.16196,9.54571],[80.16535,9.54413],[80.16455,9.54414],[80.16387,9.54381],[80.16294,9.5446],[80.16179,9.54519],[80.1618,9.54557],[80.1595,9.54659],[80.15798,9.54749],[80.15748,9.54741],[80.15683,9.54781],[80.15661,9.54808],[80.15626,9.54803],[80.15548,9.54841],[80.15452,9.54909],[80.15374,9.54918],[80.15314,9.54993],[80.15296,9.5503],[80.15233,9.55023],[80.15216,9.55046],[80.15215,9.55079],[80.15186,9.55088],[80.15206,9.5514],[80.1501,9.55271]]]}},{"type":"Feature","properties":{"c":"forest"},"geometry":{"type":"Polygon","coordinates":[[[80.15272,9.55221],[80.15316,9.55313],[80.15388,9.55276],[80.1542,9.55296],[80.15569,9.55232],[80.159,9.55019],[80.15959,9.5499],[80.1603,9.54974],[80.16094,9.54867],[80.16112,9.54796],[80.16166,9.54741],[80.16169,9.54684],[80.16207,9.54625],[80.16288,9.54585],[80.16564,9.54429],[80.16199,9.54601],[80.15508,9.54997],[80.15375,9.55068],[80.15388,9.55134],[80.15272,9.55221]]]}},{"type":"Feature","properties":{"c":"forest"},"geometry":{"type":"Polygon","coordinates":[[[80.26265,9.43099],[80.26267,9.43165],[80.26292,9.43183],[80.26316,9.43228],[80.26345,9.43223],[80.26507,9.43158],[80.26518,9.43129],[80.26529,9.43137],[80.26541,9.43075],[80.26595,9.4308],[80.26618,9.431],[80.26729,9.43052],[80.2674,9.4302],[80.26775,9.43011],[80.26797,9.43032],[80.26844,9.43039],[80.26865,9.4302],[80.26863,9.42981],[80.27094,9.42896],[80.27098,9.42876],[80.27076,9.42862],[80.26981,9.42849],[80.26917,9.42813],[80.26865,9.42848],[80.26828,9.42819],[80.26777,9.42803],[80.26795,9.42743],[80.26532,9.42751],[80.26429,9.4287],[80.26443,9.42897],[80.26429,9.42927],[80.26394,9.42938],[80.26373,9.42996],[80.26288,9.43054],[80.26265,9.43099]]]}},{"type":"Feature","properties":{"c":"forest"},"geometry":{"type":"Polygon","coordinates":[[[80.1042,9.31662],[80.10525,9.31798],[80.10971,9.31469],[80.11037,9.31577],[80.11318,9.31421],[80.11437,9.31465],[80.11612,9.31367],[80.11688,9.3151],[80.11421,9.31667],[80.11443,9.31914],[80.11126,9.3204],[80.11074,9.32201],[80.1116,9.32331],[80.11301,9.32452],[80.11466,9.32483],[80.11576,9.3252],[80.11644,9.32914],[80.1174,9.33116],[80.11756,9.32945],[80.12009,9.32658],[80.12286,9.32529],[80.12555,9.32349],[80.12948,9.3211],[80.13395,9.31647],[80.13619,9.31392],[80.13876,9.30834],[80.13857,9.30738],[80.13796,9.30653],[80.13703,9.30581],[80.13594,9.30599],[80.13514,9.30711],[80.13375,9.30768],[80.13202,9.30771],[80.13084,9.30622],[80.13054,9.30541],[80.13106,9.30458],[80.13067,9.30296],[80.12973,9.30033],[80.13017,9.29927],[80.13005,9.29776],[80.12915,9.29625],[80.12862,9.29483],[80.12788,9.29429],[80.12633,9.29373],[80.12509,9.29435],[80.12428,9.29543],[80.12191,9.30125],[80.11939,9.30491],[80.1129,9.31116],[80.10882,9.31273],[80.1042,9.31662]]]}},{"type":"Feature","properties":{"c":"forest"},"geometry":{"type":"Polygon","coordinates":[[[80.26815,9.39004],[80.27025,9.3933],[80.27182,9.39685],[80.27574,9.39575],[80.27673,9.39486],[80.27605,9.39324],[80.27416,9.39021],[80.2737,9.38808],[80.27432,9.38703],[80.2758,9.38597],[80.27575,9.38513],[80.27577,9.38069],[80.27565,9.37849],[80.27766,9.37706],[80.27962,9.37706],[80.28108,9.37799],[80.28436,9.3802],[80.28614,9.38342],[80.28728,9.38567],[80.28951,9.39119],[80.29114,9.39361],[80.2928,9.39368],[80.29366,9.39413],[80.29376,9.39495],[80.29463,9.39491],[80.29527,9.39389],[80.2963,9.39297],[80.29635,9.39172],[80.29697,9.39225],[80.29879,9.39282],[80.29934,9.39451],[80.30145,9.39443],[80.30501,9.39321],[80.30703,9.39271],[80.30891,9.3918],[80.31321,9.38919],[80.31642,9.38643],[80.31851,9.38428],[80.31687,9.38251],[80.31426,9.38123],[80.31314,9.37932],[80.3127,9.37868],[80.31288,9.37707],[80.31186,9.37579],[80.31174,9.37406],[80.31107,9.37324],[80.31069,9.372],[80.31133,9.37138],[80.31164,9.36941],[80.31117,9.36755],[80.3115,9.36633],[80.3115,9.3651],[80.31088,9.3638],[80.31026,9.36296],[80.31114,9.36062],[80.31222,9.36063],[80.31294,9.36011],[80.31322,9.35877],[80.3128,9.35774],[80.31138,9.35677],[80.30946,9.35449],[80.30843,9.35598],[80.30676,9.35639],[80.30545,9.35744],[80.30465,9.36009],[80.3042,9.36209],[80.30273,9.36316],[80.30254,9.3649],[80.30295,9.36744],[80.30225,9.36943],[80.30166,9.37268],[80.30199,9.37437],[80.30068,9.37786],[80.30044,9.38089],[80.2999,9.38253],[80.29822,9.38374],[80.29639,9.38382],[80.29398,9.3835],[80.29359,9.3824],[80.28991,9.38185],[80.28967,9.37958],[80.28827,9.37799],[80.28734,9.37755],[80.28559,9.37834],[80.28407,9.37568],[80.28495,9.37525],[80.28476,9.37402],[80.28415,9.37278],[80.2838,9.37235],[80.28325,9.37268],[80.28252,9.37324],[80.28162,9.37349],[80.28055,9.37397],[80.27958,9.37467],[80.27795,9.37647],[80.2753,9.37839],[80.27409,9.37908],[80.27294,9.37987],[80.27305,9.38167],[80.27288,9.38263],[80.27238,9.38361],[80.2713,9.38416],[80.27025,9.38454],[80.2695,9.38542],[80.26921,9.38656],[80.26905,9.38792],[80.26872,9.3894],[80.26815,9.39004]]]}},{"type":"Feature","properties":{"c":"forest"},"geometry":{"type":"Polygon","coordinates":[[[80.06171,9.34864],[80.0633,9.34915],[80.06392,9.35023],[80.06425,9.35146],[80.06542,9.35267],[80.0666,9.35262],[80.06742,9.35368],[80.06833,9.35442],[80.06926,9.35403],[80.07,9.35239],[80.07158,9.35099],[80.07291,9.34898],[80.07398,9.34588],[80.07486,9.34294],[80.07823,9.34156],[80.08202,9.33941],[80.08327,9.33694],[80.08119,9.33459],[80.07977,9.33371],[80.07779,9.33391],[80.06858,9.33942],[80.06627,9.34143],[80.06599,9.34184],[80.06241,9.34458],[80.06175,9.3452],[80.06182,9.3468],[80.06171,9.34864]]]}},{"type":"Feature","properties":{"c":"forest"},"geometry":{"type":"Polygon","coordinates":[[[80.3233,9.32257],[80.32474,9.32509],[80.32597,9.32929],[80.32836,9.32922],[80.32899,9.33234],[80.32908,9.33483],[80.32979,9.33895],[80.33242,9.34159],[80.33619,9.34123],[80.33824,9.34261],[80.34021,9.34454],[80.34013,9.34706],[80.34035,9.3501],[80.34214,9.35049],[80.34397,9.34981],[80.34511,9.34652],[80.34765,9.34507],[80.3474,9.34172],[80.34854,9.33954],[80.35096,9.33863],[80.35314,9.33966],[80.3539,9.34253],[80.35626,9.34267],[80.35684,9.34131],[80.35865,9.33987],[80.36068,9.33998],[80.36297,9.34054],[80.36467,9.34206],[80.36461,9.3447],[80.36384,9.34621],[80.36304,9.3484],[80.36341,9.35161],[80.36536,9.35294],[80.36736,9.35262],[80.36899,9.34973],[80.37123,9.34834],[80.37333,9.34738],[80.37295,9.34422],[80.3715,9.34158],[80.3723,9.3386],[80.37081,9.33501],[80.37255,9.33285],[80.37549,9.33269],[80.37768,9.33444],[80.38084,9.3339],[80.38144,9.33079],[80.3833,9.32984],[80.38608,9.32539],[80.38896,9.32459],[80.39293,9.32479],[80.39582,9.33042],[80.39838,9.3298],[80.39965,9.32733],[80.3994,9.32522],[80.39696,9.32403],[80.39683,9.32078],[80.39295,9.31675],[80.39079,9.3126],[80.3878,9.30842],[80.35009,9.30697],[80.34817,9.30846],[80.34614,9.30923],[80.34394,9.30922],[80.33713,9.30791],[80.33443,9.30939],[80.33336,9.31155],[80.33125,9.31294],[80.33145,9.31623],[80.33133,9.31871],[80.32999,9.32018],[80.32764,9.32077],[80.32522,9.3215],[80.3233,9.32257]]]}},{"type":"Feature","properties":{"c":"farmland"},"geometry":{"type":"Polygon","coordinates":[[[80.19403,9.32142],[80.19591,9.32368],[80.19876,9.32158],[80.19833,9.3211],[80.19837,9.32104],[80.19869,9.32093],[80.19902,9.32102],[80.20017,9.32105],[80.20017,9.31982],[80.20061,9.31981],[80.20113,9.32068],[80.20161,9.32103],[80.20323,9.3211],[80.20318,9.3182],[80.20241,9.3166],[80.20262,9.31621],[80.20456,9.31539],[80.20354,9.31412],[80.20304,9.31384],[80.20122,9.31472],[80.19984,9.31357],[80.19684,9.31424],[80.19488,9.31558],[80.19432,9.31712],[80.1948,9.31763],[80.1945,9.31798],[80.1954,9.31902],[80.19592,9.31977],[80.19403,9.32142]]]}},{"type":"Feature","properties":{"c":"farmland"},"geometry":{"type":"Polygon","coordinates":[[[80.29407,9.42139],[80.29416,9.42215],[80.29452,9.42285],[80.29498,9.42451],[80.2954,9.42492],[80.29624,9.42537],[80.29813,9.42513],[80.29805,9.4232],[80.29881,9.42318],[80.29935,9.42199],[80.30048,9.42097],[80.30144,9.42022],[80.30312,9.4202],[80.30516,9.42092],[80.30514,9.42229],[80.30479,9.42254],[80.30483,9.42348],[80.30705,9.42342],[80.30746,9.42261],[80.30789,9.42208],[80.30855,9.42155],[80.30881,9.4207],[80.30926,9.42064],[80.30965,9.42033],[80.30993,9.42062],[80.30991,9.42099],[80.30919,9.42264],[80.30889,9.42456],[80.30847,9.42567],[80.30958,9.42547],[80.31199,9.4235],[80.3142,9.42302],[80.31677,9.42234],[80.31763,9.42183],[80.32038,9.42285],[80.32049,9.41639],[80.32118,9.41497],[80.32239,9.41492],[80.32293,9.41875],[80.33112,9.42246],[80.3325,9.42242],[80.33269,9.42359],[80.33394,9.42765],[80.33389,9.4301],[80.33568,9.43099],[80.33563,9.43654],[80.3366,9.43813],[80.33881,9.43707],[80.34047,9.43651],[80.34207,9.43539],[80.34326,9.43521],[80.3433,9.43487],[80.34379,9.43449],[80.34403,9.43491],[80.3448,9.43481],[80.34511,9.43458],[80.34544,9.43455],[80.34548,9.43433],[80.34617,9.43399],[80.34755,9.43375],[80.34983,9.43367],[80.35314,9.43349],[80.35794,9.43363],[80.35909,9.43359],[80.36056,9.43347],[80.36053,9.43312],[80.36131,9.43299],[80.36143,9.43346],[80.36411,9.43318],[80.36595,9.43262],[80.37418,9.42969],[80.37749,9.42746],[80.37749,9.42703],[80.37924,9.42624],[80.38384,9.42347],[80.38374,9.42318],[80.38438,9.42281],[80.38456,9.42298],[80.38494,9.42274],[80.38457,9.42214],[80.38476,9.42199],[80.38461,9.42166],[80.38517,9.42117],[80.38603,9.42227],[80.38653,9.42207],[80.38632,9.42175],[80.387,9.42159],[80.38709,9.4218],[80.39066,9.42022],[80.39025,9.41963],[80.3906,9.41935],[80.39094,9.41973],[80.39118,9.41969],[80.39136,9.41991],[80.39345,9.41899],[80.39426,9.41845],[80.39528,9.41786],[80.39544,9.41758],[80.39545,9.41726],[80.39511,9.41725],[80.39494,9.4173],[80.39479,9.41696],[80.39527,9.41661],[80.39478,9.41587],[80.39478,9.41552],[80.39538,9.41553],[80.39577,9.41516],[80.39616,9.41539],[80.39676,9.41484],[80.39752,9.41398],[80.39716,9.41371],[80.39793,9.41294],[80.39841,9.41312],[80.39987,9.41156],[80.40277,9.41004],[80.40248,9.40945],[80.40339,9.40897],[80.40249,9.40785],[80.40195,9.40802],[80.40139,9.40697],[80.40001,9.40565],[80.40018,9.4047],[80.39996,9.40419],[80.40017,9.40345],[80.40071,9.40352],[80.40106,9.40374],[80.40357,9.40694],[80.40583,9.40809],[80.40612,9.40793],[80.40595,9.40459],[80.40549,9.40404],[80.40595,9.40368],[80.4059,9.40176],[80.4054,9.40163],[80.40547,9.40114],[80.40576,9.40107],[80.40574,9.40027],[80.40564,9.39983],[80.40492,9.39987],[80.40397,9.40009],[80.40398,9.40025],[80.4035,9.40058],[80.40314,9.40024],[80.40056,9.40013],[80.39942,9.39983],[80.39841,9.40028],[80.39835,9.39956],[80.39528,9.39894],[80.39488,9.39912],[80.3941,9.39906],[80.39414,9.39866],[80.39172,9.39804],[80.39001,9.39783],[80.38658,9.39777],[80.38587,9.39756],[80.38427,9.39862],[80.38396,9.3982],[80.38273,9.39901],[80.38172,9.3989],[80.38127,9.39841],[80.38172,9.39783],[80.38288,9.39767],[80.38325,9.39756],[80.38393,9.39695],[80.38288,9.39628],[80.38254,9.39681],[80.38037,9.39571],[80.37998,9.39649],[80.37966,9.39631],[80.37872,9.39742],[80.37897,9.39765],[80.37898,9.39806],[80.3804,9.39924],[80.38101,9.40015],[80.38166,9.4007],[80.38275,9.40105],[80.38314,9.40042],[80.38349,9.40045],[80.38379,9.4007],[80.38385,9.40148],[80.38589,9.40144],[80.38594,9.4024],[80.38563,9.4025],[80.38533,9.403],[80.38551,9.40377],[80.38506,9.40399],[80.38447,9.40358],[80.3842,9.4026],[80.38363,9.40206],[80.38213,9.40158],[80.38127,9.40157],[80.38133,9.40209],[80.3803,9.40209],[80.37952,9.40163],[80.37986,9.40088],[80.37936,9.40057],[80.37983,9.39994],[80.37919,9.39946],[80.37809,9.39809],[80.37742,9.39767],[80.37695,9.3983],[80.37638,9.39777],[80.37584,9.39772],[80.3749,9.39819],[80.37515,9.39877],[80.37475,9.39899],[80.37492,9.4005],[80.37379,9.40054],[80.3731,9.39966],[80.37112,9.40049],[80.37124,9.40075],[80.36953,9.40182],[80.36913,9.40121],[80.36794,9.40125],[80.3674,9.40136],[80.36705,9.4019],[80.36744,9.40277],[80.36636,9.40339],[80.36609,9.40293],[80.36341,9.40453],[80.3624,9.40269],[80.36306,9.40208],[80.36249,9.40119],[80.36196,9.40142],[80.36116,9.40068],[80.36165,9.39987],[80.36093,9.39877],[80.36047,9.39823],[80.36021,9.398],[80.35996,9.39793],[80.35987,9.39851],[80.35984,9.39908],[80.36011,9.3997],[80.35808,9.40359],[80.35842,9.40488],[80.35826,9.40573],[80.36035,9.4096],[80.36015,9.4107],[80.35966,9.41243],[80.35896,9.41426],[80.35842,9.41479],[80.35872,9.41576],[80.35868,9.41692],[80.35875,9.41747],[80.35906,9.41827],[80.35833,9.41857],[80.35826,9.41908],[80.35848,9.41957],[80.35978,9.42053],[80.35937,9.42159],[80.35742,9.42202],[80.35612,9.42313],[80.35459,9.42329],[80.35342,9.42266],[80.35254,9.41966],[80.35311,9.41915],[80.35295,9.41814],[80.35352,9.41789],[80.35362,9.41685],[80.35229,9.41649],[80.35128,9.41665],[80.3499,9.41598],[80.34907,9.41495],[80.3482,9.41245],[80.34784,9.4107],[80.34857,9.40787],[80.34778,9.40547],[80.34614,9.40542],[80.34626,9.40493],[80.34411,9.40553],[80.34428,9.40658],[80.34313,9.4068],[80.34186,9.40739],[80.34123,9.40786],[80.339,9.4068],[80.33938,9.40512],[80.33833,9.40452],[80.33764,9.40531],[80.33642,9.40533],[80.33616,9.40551],[80.33515,9.40559],[80.33114,9.40684],[80.33,9.40665],[80.32948,9.40727],[80.32793,9.40724],[80.32814,9.40593],[80.32809,9.40483],[80.32917,9.40455],[80.32963,9.40399],[80.33007,9.4031],[80.32893,9.40288],[80.32833,9.40247],[80.32774,9.40193],[80.32762,9.40149],[80.32767,9.39979],[80.32658,9.39978],[80.32591,9.39972],[80.32558,9.39907],[80.3256,9.39825],[80.3247,9.39802],[80.32442,9.3974],[80.32451,9.39692],[80.32515,9.39657],[80.32459,9.39588],[80.32419,9.3961],[80.32361,9.39625],[80.32212,9.39437],[80.32177,9.39446],[80.3205,9.39208],[80.31971,9.39008],[80.31953,9.38923],[80.31872,9.38897],[80.31661,9.38934],[80.31658,9.39078],[80.31631,9.39151],[80.31643,9.39316],[80.316,9.39328],[80.31622,9.3948],[80.31697,9.39549],[80.31689,9.39702],[80.31564,9.39698],[80.31517,9.39642],[80.31457,9.39656],[80.31433,9.39571],[80.31401,9.39505],[80.31395,9.39339],[80.3144,9.39309],[80.31408,9.39259],[80.31359,9.39202],[80.31312,9.39223],[80.31273,9.39356],[80.31276,9.39559],[80.31298,9.39739],[80.31247,9.39709],[80.31169,9.39718],[80.31067,9.3977],[80.31051,9.39824],[80.31019,9.39881],[80.30909,9.39932],[80.30804,9.40051],[80.30697,9.4014],[80.30599,9.40139],[80.30484,9.40161],[80.30418,9.40137],[80.30381,9.40086],[80.3043,9.39987],[80.30394,9.39801],[80.30243,9.39834],[80.30083,9.39699],[80.29986,9.398],[80.30093,9.39913],[80.30081,9.40079],[80.30012,9.40118],[80.30041,9.40236],[80.30004,9.40274],[80.30015,9.40441],[80.29944,9.40574],[80.29933,9.40702],[80.299,9.40836],[80.29852,9.40897],[80.29794,9.40875],[80.29742,9.40938],[80.29716,9.41011],[80.29725,9.41051],[80.29711,9.41092],[80.29724,9.4115],[80.29691,9.41228],[80.29721,9.41407],[80.2972,9.41504],[80.29675,9.41627],[80.29535,9.418],[80.29523,9.41859],[80.29439,9.42034],[80.29407,9.42139]]]}},{"type":"Feature","properties":{"c":"forest"},"geometry":{"type":"Polygon","coordinates":[[[80.12237,9.224],[80.12963,9.22395],[80.12962,9.22222],[80.12866,9.21876],[80.12772,9.21667],[80.12553,9.21915],[80.12237,9.224]]]}},{"type":"Feature","properties":{"c":"forest"},"geometry":{"type":"Polygon","coordinates":[[[80.47641,9.34638],[80.47764,9.34868],[80.47829,9.34924],[80.4791,9.3494],[80.47969,9.34983],[80.48065,9.3497],[80.48152,9.34898],[80.48138,9.34804],[80.48399,9.34783],[80.48448,9.33861],[80.48041,9.33877],[80.48051,9.34022],[80.47989,9.34276],[80.47971,9.34541],[80.47641,9.34638]]]}},{"type":"Feature","properties":{"c":"forest"},"geometry":{"type":"Polygon","coordinates":[[[80.48466,9.35055],[80.48587,9.35048],[80.4868,9.35056],[80.48909,9.35183],[80.48965,9.3518],[80.49038,9.35189],[80.49083,9.35199],[80.49081,9.35252],[80.49124,9.3535],[80.49128,9.35501],[80.49223,9.35562],[80.49267,9.35766],[80.49334,9.35829],[80.49453,9.35861],[80.49612,9.35818],[80.49694,9.35857],[80.49751,9.35948],[80.49778,9.36016],[80.49817,9.36077],[80.49879,9.36053],[80.49923,9.36115],[80.49963,9.3619],[80.50042,9.36197],[80.50229,9.3629],[80.50223,9.36365],[80.50258,9.36411],[80.50292,9.36434],[80.50324,9.36424],[80.50352,9.36407],[80.50376,9.36375],[80.50392,9.36339],[80.50394,9.36236],[80.50414,9.36194],[80.50452,9.36134],[80.50527,9.36135],[80.5059,9.36152],[80.50635,9.36201],[80.50683,9.3619],[80.50727,9.36216],[80.50826,9.36246],[80.50881,9.36246],[80.50929,9.36276],[80.50929,9.36425],[80.50996,9.36451],[80.51002,9.36541],[80.51033,9.36583],[80.5108,9.36552],[80.51113,9.36495],[80.51188,9.36445],[80.51184,9.3631],[80.51149,9.36159],[80.51386,9.36003],[80.51348,9.35821],[80.51279,9.35827],[80.51228,9.35157],[80.51249,9.35092],[80.51281,9.3505],[80.51341,9.35043],[80.51393,9.35026],[80.51449,9.34981],[80.51544,9.3496],[80.5153,9.34909],[80.51541,9.34867],[80.51556,9.34836],[80.51539,9.34803],[80.51508,9.34785],[80.51497,9.34759],[80.51391,9.34795],[80.51361,9.34588],[80.51408,9.34572],[80.51431,9.34612],[80.51507,9.34608],[80.51553,9.34596],[80.515,9.34517],[80.51504,9.34464],[80.51374,9.34443],[80.51376,9.34535],[80.51091,9.34491],[80.50868,9.34572],[80.50777,9.34568],[80.50556,9.3443],[80.4976,9.34045],[80.49455,9.33927],[80.49136,9.33869],[80.4879,9.33844],[80.48534,9.33857],[80.4847,9.34795],[80.48466,9.35055]]]}},{"type":"Feature","properties":{"c":"forest"},"geometry":{"type":"Polygon","coordinates":[[[80.4032,9.39359],[80.40322,9.39627],[80.40396,9.39636],[80.40647,9.39648],[80.40627,9.3924],[80.4032,9.39359]]]}},{"type":"Feature","properties":{"c":"industrial","n":"Kn/Poonakary cc"},"geometry":{"type":"Polygon","coordinates":[[[80.20816,9.49964],[80.20818,9.49985],[80.20845,9.50023],[80.20871,9.50077],[80.2091,9.50127],[80.21,9.50065],[80.20949,9.49987],[80.20934,9.49957],[80.20908,9.49936],[80.20882,9.49934],[80.20816,9.49964]]]}},{"type":"Feature","properties":{"c":"orchard","n":"Vairamazhikai"},"geometry":{"type":"Polygon","coordinates":[[[80.37129,9.57238],[80.37149,9.57266],[80.37179,9.5729],[80.37211,9.57331],[80.37231,9.57395],[80.37257,9.57451],[80.37355,9.57409],[80.37412,9.57531],[80.37396,9.57544],[80.37429,9.57553],[80.37506,9.57588],[80.37545,9.57666],[80.37585,9.57618],[80.37612,9.57599],[80.37955,9.57465],[80.37786,9.57122],[80.37739,9.56998],[80.37722,9.56987],[80.37706,9.56961],[80.37694,9.56923],[80.37679,9.56901],[80.37298,9.57126],[80.37129,9.57238]]]}},{"type":"Feature","properties":{"c":"farmland"},"geometry":{"type":"Polygon","coordinates":[[[80.37261,9.57454],[80.37323,9.57594],[80.37366,9.57557],[80.37408,9.5753],[80.37352,9.57416],[80.37261,9.57454]]]}},{"type":"Feature","properties":{"c":"orchard"},"geometry":{"type":"Polygon","coordinates":[[[80.20274,9.4666],[80.20281,9.46686],[80.20297,9.46684],[80.20291,9.46655],[80.20274,9.4666]]]}},{"type":"Feature","properties":{"c":"orchard"},"geometry":{"type":"Polygon","coordinates":[[[80.20573,9.46767],[80.20582,9.46813],[80.20657,9.46797],[80.2066,9.46793],[80.20647,9.46736],[80.20622,9.46737],[80.20624,9.46754],[80.20612,9.46757],[80.20605,9.46752],[80.20603,9.46759],[80.20573,9.46767]]]}},{"type":"Feature","properties":{"c":"orchard"},"geometry":{"type":"Polygon","coordinates":[[[80.20029,9.46761],[80.20039,9.4685],[80.20103,9.46844],[80.20463,9.46771],[80.20446,9.46682],[80.20029,9.46761]]]}},{"type":"Feature","properties":{"c":"orchard"},"geometry":{"type":"Polygon","coordinates":[[[80.20093,9.47458],[80.20113,9.4754],[80.20185,9.4754],[80.20199,9.47535],[80.20195,9.47514],[80.202,9.4751],[80.20206,9.4752],[80.20228,9.47516],[80.20246,9.47494],[80.20241,9.4748],[80.20256,9.47471],[80.2025,9.47429],[80.20093,9.47458]]]}},{"type":"Feature","properties":{"c":"orchard"},"geometry":{"type":"Polygon","coordinates":[[[80.19986,9.46973],[80.20001,9.47068],[80.20492,9.46971],[80.20462,9.46781],[80.20038,9.46867],[80.20058,9.46957],[80.19986,9.46973]]]}},{"type":"Feature","properties":{"c":"orchard"},"geometry":{"type":"Polygon","coordinates":[[[80.20005,9.47076],[80.20042,9.47253],[80.20523,9.47169],[80.20499,9.46982],[80.20005,9.47076]]]}},{"type":"Feature","properties":{"c":"residential","n":"Indian Donation 50 house Colony"},"geometry":{"type":"Polygon","coordinates":[[[80.37525,9.57721],[80.37568,9.57828],[80.37612,9.57876],[80.37682,9.57849],[80.37711,9.57827],[80.37697,9.57797],[80.37816,9.57698],[80.37877,9.57639],[80.37856,9.57611],[80.37812,9.5763],[80.3778,9.57558],[80.37599,9.57633],[80.37525,9.57721]]]}},{"type":"Feature","properties":{"c":"orchard"},"geometry":{"type":"Polygon","coordinates":[[[80.2068,9.46806],[80.20706,9.46912],[80.20734,9.46911],[80.20753,9.46968],[80.20739,9.4698],[80.20765,9.4705],[80.20821,9.47044],[80.20817,9.47015],[80.20837,9.47005],[80.20833,9.46961],[80.2084,9.46941],[80.20948,9.46907],[80.20964,9.46887],[80.20982,9.4688],[80.20979,9.46867],[80.20936,9.46861],[80.20824,9.46885],[80.20798,9.46777],[80.2068,9.46806]]]}},{"type":"Feature","properties":{"c":"farmland"},"geometry":{"type":"Polygon","coordinates":[[[80.30364,9.60718],[80.3042,9.60741],[80.30453,9.6077],[80.3059,9.60665],[80.30568,9.60636],[80.30576,9.60629],[80.30538,9.60587],[80.30413,9.60687],[80.30386,9.60671],[80.30364,9.60718]]]}},{"type":"Feature","properties":{"c":"orchard"},"geometry":{"type":"Polygon","coordinates":[[[80.31874,9.60316],[80.31915,9.60355],[80.31935,9.60387],[80.32055,9.60324],[80.3212,9.60314],[80.32084,9.60221],[80.32016,9.60266],[80.31994,9.60232],[80.31874,9.60316]]]}},{"type":"Feature","properties":{"c":"farmland"},"geometry":{"type":"Polygon","coordinates":[[[80.30968,9.60788],[80.31049,9.6092],[80.31092,9.60907],[80.31132,9.60902],[80.31255,9.60837],[80.31227,9.608],[80.31242,9.60789],[80.31199,9.60721],[80.31139,9.60753],[80.31128,9.60736],[80.3105,9.60772],[80.31037,9.60754],[80.30968,9.60788]]]}},{"type":"Feature","properties":{"c":"farmland"},"geometry":{"type":"Polygon","coordinates":[[[80.42593,9.43883],[80.42595,9.44157],[80.43073,9.44153],[80.43071,9.43993],[80.43313,9.43991],[80.43312,9.43952],[80.43258,9.43953],[80.43258,9.43935],[80.43317,9.43935],[80.43315,9.43654],[80.43169,9.43654],[80.43168,9.43725],[80.43072,9.43726],[80.43072,9.43657],[80.42893,9.43656],[80.42887,9.43742],[80.42844,9.43743],[80.42844,9.43775],[80.42801,9.43775],[80.428,9.43745],[80.42751,9.43745],[80.42751,9.43728],[80.42709,9.43728],[80.42709,9.43746],[80.42682,9.43747],[80.42682,9.43697],[80.42623,9.43697],[80.42624,9.43755],[80.42595,9.43755],[80.42596,9.43812],[80.42623,9.43812],[80.42624,9.43861],[80.42745,9.4386],[80.42744,9.43819],[80.42795,9.43819],[80.42796,9.43881],[80.42593,9.43883]]]}},{"type":"Feature","properties":{"c":"farmland"},"geometry":{"type":"Polygon","coordinates":[[[80.3132,9.61832],[80.31426,9.61942],[80.31553,9.62042],[80.31674,9.61946],[80.31655,9.61938],[80.31653,9.61927],[80.31661,9.6191],[80.31681,9.619],[80.31694,9.61905],[80.31703,9.61918],[80.31697,9.61928],[80.31714,9.61919],[80.3189,9.61781],[80.31853,9.6174],[80.31809,9.61764],[80.31752,9.61688],[80.31713,9.61702],[80.31655,9.61626],[80.31591,9.61665],[80.31631,9.6173],[80.316,9.61752],[80.31624,9.61784],[80.31587,9.61791],[80.31542,9.61788],[80.31505,9.61747],[80.31477,9.61738],[80.3141,9.61758],[80.31391,9.61778],[80.3132,9.61832]]]}},{"type":"Feature","properties":{"c":"farmland"},"geometry":{"type":"Polygon","coordinates":[[[80.31126,9.61873],[80.31184,9.61969],[80.31203,9.61985],[80.31258,9.61946],[80.31317,9.62026],[80.31423,9.61948],[80.31312,9.61833],[80.31288,9.61851],[80.31284,9.61842],[80.31251,9.61858],[80.31233,9.61846],[80.312,9.61869],[80.31189,9.61871],[80.31167,9.61844],[80.31126,9.61873]]]}},{"type":"Feature","properties":{"c":"farmland"},"geometry":{"type":"Polygon","coordinates":[[[80.3096,9.61648],[80.31029,9.61734],[80.31048,9.61725],[80.31078,9.61768],[80.31178,9.61703],[80.31161,9.61671],[80.3116,9.61647],[80.31135,9.61587],[80.3109,9.61528],[80.31047,9.61556],[80.30978,9.61591],[80.30996,9.61621],[80.3096,9.61648]]]}},{"type":"Feature","properties":{"c":"farmland"},"geometry":{"type":"Polygon","coordinates":[[[80.4096,9.44451],[80.40962,9.44722],[80.41165,9.44879],[80.41289,9.44873],[80.41478,9.44847],[80.41477,9.44088],[80.41454,9.44091],[80.41404,9.44087],[80.41117,9.44098],[80.40979,9.44092],[80.40966,9.44252],[80.40966,9.44356],[80.4096,9.44451]]]}},{"type":"Feature","properties":{"c":"farmland"},"geometry":{"type":"Polygon","coordinates":[[[80.41197,9.44088],[80.41416,9.44078],[80.41412,9.43992],[80.41327,9.4399],[80.41329,9.43967],[80.41262,9.43973],[80.41259,9.43999],[80.41199,9.43998],[80.41197,9.44088]]]}},{"type":"Feature","properties":{"c":"orchard"},"geometry":{"type":"Polygon","coordinates":[[[80.20046,9.47267],[80.20062,9.47356],[80.2013,9.47348],[80.20145,9.47407],[80.2016,9.47407],[80.20168,9.47433],[80.20229,9.47418],[80.20556,9.47363],[80.20529,9.47182],[80.2032,9.47212],[80.20046,9.47267]]]}},{"type":"Feature","properties":{"c":"farmland"},"geometry":{"type":"Polygon","coordinates":[[[80.20488,9.49078],[80.205,9.49151],[80.20583,9.49131],[80.20599,9.49211],[80.2066,9.49216],[80.20658,9.49296],[80.2067,9.49333],[80.20545,9.49354],[80.2058,9.49451],[80.20934,9.49389],[80.20859,9.48977],[80.20569,9.49052],[80.20488,9.49078]]]}},{"type":"Feature","properties":{"c":"farmland"},"geometry":{"type":"Polygon","coordinates":[[[80.41862,9.43823],[80.41864,9.43854],[80.41913,9.43854],[80.41913,9.43874],[80.41928,9.43874],[80.41929,9.43893],[80.41963,9.43891],[80.41964,9.43823],[80.41862,9.43823]]]}},{"type":"Feature","properties":{"c":"farmland"},"geometry":{"type":"Polygon","coordinates":[[[80.4183,9.44182],[80.41893,9.44179],[80.41905,9.44085],[80.41943,9.44049],[80.41949,9.43995],[80.41849,9.43997],[80.41842,9.44087],[80.41849,9.44122],[80.41839,9.4417],[80.4183,9.44182]]]}},{"type":"Feature","properties":{"c":"orchard"},"geometry":{"type":"Polygon","coordinates":[[[80.41102,9.4409],[80.41123,9.4409],[80.41119,9.44051],[80.41102,9.4405],[80.41102,9.4409]]]}},{"type":"Feature","properties":{"c":"farmland"},"geometry":{"type":"Polygon","coordinates":[[[80.41009,9.44086],[80.41099,9.44087],[80.41099,9.44038],[80.4101,9.44037],[80.41009,9.44086]]]}},{"type":"Feature","properties":{"c":"farmland"},"geometry":{"type":"Polygon","coordinates":[[[80.38419,9.42365],[80.38432,9.42394],[80.38761,9.42611],[80.3893,9.42741],[80.39149,9.42882],[80.395,9.42738],[80.39554,9.42711],[80.39541,9.42692],[80.39604,9.4265],[80.39626,9.42678],[80.3967,9.42662],[80.39665,9.42654],[80.3965,9.4266],[80.39646,9.42654],[80.39659,9.42645],[80.39675,9.42658],[80.39791,9.42607],[80.39815,9.42591],[80.398,9.42566],[80.39957,9.42451],[80.39971,9.42465],[80.40014,9.42443],[80.4003,9.42465],[80.40345,9.42281],[80.40391,9.42234],[80.40409,9.42192],[80.40417,9.42134],[80.40412,9.42097],[80.40392,9.4208],[80.40391,9.42071],[80.40393,9.42062],[80.4041,9.42062],[80.40421,9.42053],[80.40425,9.42036],[80.40352,9.4203],[80.40355,9.42008],[80.404,9.42008],[80.40402,9.41988],[80.40379,9.41985],[80.4038,9.41931],[80.40391,9.41932],[80.40391,9.41897],[80.40441,9.41899],[80.40467,9.41573],[80.40468,9.41384],[80.40434,9.41386],[80.40438,9.41346],[80.40358,9.41337],[80.40351,9.41296],[80.40472,9.41306],[80.40471,9.41281],[80.40519,9.40967],[80.40508,9.40938],[80.40099,9.41136],[80.40011,9.41181],[80.39979,9.4121],[80.39895,9.41301],[80.3991,9.41314],[80.39898,9.41354],[80.39879,9.41389],[80.39862,9.41388],[80.39854,9.41413],[80.39803,9.41399],[80.39681,9.4153],[80.39697,9.41575],[80.39726,9.41581],[80.39743,9.41668],[80.39711,9.4168],[80.39712,9.4172],[80.39585,9.41721],[80.39578,9.41755],[80.39578,9.41763],[80.39585,9.41772],[80.39578,9.418],[80.39594,9.41834],[80.39588,9.41861],[80.39562,9.41808],[80.39484,9.41848],[80.39366,9.41918],[80.3921,9.41991],[80.39219,9.4202],[80.39192,9.42032],[80.39177,9.42011],[80.38734,9.42204],[80.38419,9.42365]]]}},{"type":"Feature","properties":{"c":"farmland"},"geometry":{"type":"Polygon","coordinates":[[[80.37598,9.42923],[80.376,9.43208],[80.37657,9.43205],[80.37728,9.43221],[80.37749,9.43209],[80.37818,9.43196],[80.37901,9.43163],[80.37951,9.43136],[80.37956,9.43072],[80.37938,9.42742],[80.37915,9.42757],[80.37905,9.42738],[80.37837,9.42747],[80.37634,9.42884],[80.37686,9.42959],[80.37662,9.42977],[80.37641,9.42946],[80.37618,9.42955],[80.37614,9.42923],[80.37598,9.42923]]]}},{"type":"Feature","properties":{"c":"farmland"},"geometry":{"type":"Polygon","coordinates":[[[80.38103,9.42739],[80.38111,9.42758],[80.38171,9.4285],[80.38125,9.42879],[80.3814,9.4295],[80.38112,9.42964],[80.38123,9.43011],[80.38174,9.4314],[80.38296,9.43299],[80.38513,9.43171],[80.38695,9.43092],[80.38694,9.42741],[80.38103,9.42739]]]}},{"type":"Feature","properties":{"c":"orchard"},"geometry":{"type":"Polygon","coordinates":[[[80.3791,9.40897],[80.37961,9.40953],[80.38039,9.40904],[80.38151,9.40851],[80.38124,9.40778],[80.37956,9.40861],[80.3791,9.40897]]]}},{"type":"Feature","properties":{"c":"farmland"},"geometry":{"type":"Polygon","coordinates":[[[80.40613,9.42673],[80.40658,9.42738],[80.40658,9.42668],[80.40637,9.42658],[80.40639,9.42635],[80.40659,9.42627],[80.40661,9.42614],[80.40661,9.42477],[80.40646,9.42471],[80.40655,9.42461],[80.40665,9.42407],[80.4067,9.4203],[80.40635,9.42028],[80.40613,9.42673]]]}},{"type":"Feature","properties":{"c":"farmland"},"geometry":{"type":"Polygon","coordinates":[[[80.41223,9.44963],[80.41251,9.45108],[80.413,9.45137],[80.413,9.45174],[80.41282,9.4526],[80.41305,9.45321],[80.41398,9.45397],[80.41497,9.45318],[80.41493,9.45292],[80.41437,9.45304],[80.41429,9.45271],[80.4141,9.45265],[80.4141,9.45241],[80.41473,9.45238],[80.41477,9.45175],[80.41473,9.45136],[80.41473,9.44962],[80.41357,9.44962],[80.41354,9.4495],[80.41223,9.44963]]]}},{"type":"Feature","properties":{"c":"farmland"},"geometry":{"type":"Polygon","coordinates":[[[80.40894,9.45753],[80.40894,9.4599],[80.42938,9.4599],[80.42949,9.45924],[80.42597,9.45929],[80.42597,9.45689],[80.42728,9.45647],[80.42737,9.4556],[80.43097,9.45527],[80.43106,9.45564],[80.43094,9.45696],[80.43084,9.45986],[80.43876,9.46066],[80.43878,9.46231],[80.4487,9.46227],[80.44888,9.46181],[80.449,9.46115],[80.44896,9.46108],[80.44881,9.46107],[80.44884,9.46086],[80.44929,9.4609],[80.44948,9.45943],[80.44938,9.4594],[80.44939,9.45929],[80.44922,9.45905],[80.44921,9.45881],[80.44955,9.45872],[80.44961,9.45858],[80.45002,9.45546],[80.44947,9.45483],[80.44945,9.45432],[80.44977,9.45328],[80.44999,9.45291],[80.44994,9.452],[80.4496,9.44865],[80.44939,9.44711],[80.44915,9.44574],[80.44973,9.44174],[80.45018,9.43928],[80.44887,9.43818],[80.44799,9.43846],[80.44726,9.43897],[80.4461,9.4385],[80.4452,9.43869],[80.44423,9.43818],[80.44333,9.43814],[80.44314,9.43882],[80.44196,9.43905],[80.44194,9.43829],[80.44134,9.43884],[80.44144,9.43994],[80.44097,9.441],[80.44177,9.44167],[80.44226,9.44161],[80.44235,9.44318],[80.44211,9.445],[80.44207,9.4458],[80.44225,9.44688],[80.44081,9.44683],[80.44057,9.44732],[80.44062,9.44887],[80.44056,9.44949],[80.43927,9.44957],[80.43943,9.45067],[80.43919,9.45074],[80.43927,9.45116],[80.43836,9.45147],[80.43858,9.45226],[80.43773,9.45255],[80.43761,9.45297],[80.4376,9.4533],[80.43569,9.45368],[80.43538,9.45406],[80.43321,9.45436],[80.4332,9.4533],[80.43305,9.45269],[80.4331,9.45203],[80.43358,9.45205],[80.43364,9.45193],[80.434,9.4516],[80.43466,9.45067],[80.43502,9.45055],[80.43652,9.45056],[80.43649,9.44911],[80.41846,9.44904],[80.41847,9.45082],[80.41846,9.45054],[80.41639,9.45051],[80.4151,9.45044],[80.41492,9.45039],[80.41484,9.45043],[80.4148,9.45056],[80.41478,9.45112],[80.41485,9.45239],[80.41497,9.45318],[80.41398,9.45397],[80.41398,9.45431],[80.41359,9.45503],[80.41268,9.45575],[80.41194,9.45612],[80.41093,9.45623],[80.41,9.45603],[80.40932,9.45575],[80.40919,9.45642],[80.40904,9.45664],[80.40904,9.45686],[80.40911,9.45709],[80.40897,9.45735],[80.40894,9.45753]]]}},{"type":"Feature","properties":{"c":"farmland"},"geometry":{"type":"Polygon","coordinates":[[[80.37712,9.43367],[80.37833,9.43454],[80.3796,9.43537],[80.37973,9.43494],[80.38046,9.43448],[80.38006,9.43411],[80.3805,9.43365],[80.38091,9.43393],[80.38107,9.43409],[80.38221,9.43344],[80.38211,9.43326],[80.38229,9.43309],[80.38253,9.43323],[80.38269,9.43309],[80.3814,9.43149],[80.3809,9.43165],[80.38053,9.43158],[80.38026,9.43146],[80.37959,9.43144],[80.37951,9.43185],[80.3802,9.43226],[80.3787,9.43311],[80.37854,9.433],[80.37847,9.43287],[80.37827,9.43302],[80.37805,9.43277],[80.37753,9.43318],[80.37712,9.43367]]]}},{"type":"Feature","properties":{"c":"farmland"},"geometry":{"type":"Polygon","coordinates":[[[80.37598,9.43224],[80.37599,9.43375],[80.37754,9.43254],[80.37874,9.43222],[80.37855,9.43195],[80.37726,9.43234],[80.37657,9.43222],[80.37598,9.43224]]]}},{"type":"Feature","properties":{"c":"scrub"},"geometry":{"type":"Polygon","coordinates":[[[80.41119,9.43342],[80.41136,9.43368],[80.41189,9.43357],[80.41251,9.43296],[80.41288,9.43274],[80.41375,9.43245],[80.41407,9.43214],[80.41426,9.43164],[80.41431,9.43127],[80.41528,9.43017],[80.41512,9.42999],[80.41439,9.43048],[80.41379,9.43081],[80.41277,9.43119],[80.41262,9.43093],[80.4125,9.43136],[80.41189,9.43212],[80.41178,9.43262],[80.41119,9.43342]]]}},{"type":"Feature","properties":{"c":"farmland"},"geometry":{"type":"Polygon","coordinates":[[[80.40753,9.44738],[80.40754,9.44813],[80.4081,9.4487],[80.40832,9.44908],[80.40891,9.44907],[80.40891,9.44698],[80.40869,9.44697],[80.40855,9.44687],[80.40787,9.44688],[80.40784,9.44738],[80.40753,9.44738]]]}},{"type":"Feature","properties":{"c":"farmland"},"geometry":{"type":"Polygon","coordinates":[[[80.39998,9.44263],[80.40003,9.44343],[80.40056,9.4435],[80.40055,9.4426],[80.39998,9.44263]]]}},{"type":"Feature","properties":{"c":"farmland"},"geometry":{"type":"Polygon","coordinates":[[[80.40757,9.44469],[80.40759,9.44541],[80.4089,9.44559],[80.40885,9.44358],[80.40839,9.44352],[80.40838,9.44377],[80.40783,9.44373],[80.40788,9.44419],[80.40828,9.44423],[80.40835,9.44468],[80.40757,9.44469]]]}},{"type":"Feature","properties":{"c":"farmland"},"geometry":{"type":"Polygon","coordinates":[[[80.36503,9.4358],[80.36507,9.43811],[80.36525,9.43821],[80.36597,9.4378],[80.36622,9.43752],[80.36637,9.43725],[80.36626,9.43695],[80.36604,9.43671],[80.36575,9.43655],[80.36532,9.43641],[80.36521,9.43621],[80.36509,9.43584],[80.36503,9.4358]]]}},{"type":"Feature","properties":{"c":"farmland"},"geometry":{"type":"Polygon","coordinates":[[[80.36708,9.4326],[80.36718,9.43283],[80.36741,9.43278],[80.36754,9.43308],[80.36809,9.4329],[80.36837,9.43217],[80.36708,9.4326]]]}},{"type":"Feature","properties":{"c":"farmland"},"geometry":{"type":"Polygon","coordinates":[[[80.40788,9.42899],[80.40783,9.43077],[80.40823,9.43082],[80.4083,9.4312],[80.40824,9.43155],[80.40819,9.43354],[80.40822,9.43397],[80.40843,9.434],[80.4085,9.43485],[80.40844,9.43521],[80.40846,9.43555],[80.40938,9.43562],[80.40954,9.43482],[80.40971,9.4344],[80.41024,9.43412],[80.4102,9.43363],[80.41088,9.43347],[80.41119,9.43324],[80.41163,9.43271],[80.41183,9.43208],[80.41211,9.43175],[80.41229,9.43144],[80.41254,9.43073],[80.41291,9.43107],[80.41417,9.43052],[80.41593,9.42931],[80.41675,9.42891],[80.41769,9.42902],[80.41687,9.42914],[80.4155,9.43006],[80.41554,9.43027],[80.4153,9.43033],[80.41534,9.43051],[80.41488,9.43084],[80.4146,9.43118],[80.41445,9.43145],[80.41446,9.43166],[80.41462,9.43179],[80.41434,9.43219],[80.41382,9.43262],[80.4124,9.43317],[80.41236,9.43341],[80.41196,9.4338],[80.41207,9.43385],[80.41201,9.43411],[80.41204,9.43469],[80.41317,9.43467],[80.41319,9.43495],[80.41343,9.43504],[80.41354,9.43514],[80.41359,9.43556],[80.41357,9.43617],[80.41784,9.43619],[80.41788,9.43594],[80.41854,9.43604],[80.41864,9.4362],[80.41891,9.43622],[80.41982,9.43624],[80.41982,9.43598],[80.42091,9.43599],[80.42095,9.43625],[80.42545,9.43627],[80.42547,9.43565],[80.42635,9.43563],[80.42636,9.43591],[80.42666,9.4359],[80.42669,9.43556],[80.4277,9.43553],[80.42773,9.43634],[80.43798,9.43625],[80.43929,9.43644],[80.43933,9.43579],[80.43995,9.43538],[80.44148,9.43525],[80.44161,9.43647],[80.44168,9.43649],[80.44161,9.43685],[80.44224,9.43716],[80.44237,9.43647],[80.44313,9.43645],[80.44309,9.43743],[80.45432,9.43723],[80.4551,9.43692],[80.45526,9.43677],[80.45503,9.43635],[80.45692,9.43562],[80.45722,9.4364],[80.46079,9.43398],[80.46184,9.43317],[80.46316,9.43103],[80.46388,9.4297],[80.46386,9.4274],[80.46288,9.42712],[80.46087,9.4257],[80.46044,9.42513],[80.46007,9.42448],[80.45907,9.42465],[80.45806,9.4247],[80.45788,9.42419],[80.45627,9.42452],[80.45668,9.42254],[80.45932,9.41779],[80.45651,9.41511],[80.45652,9.41353],[80.45768,9.41327],[80.45778,9.41294],[80.45524,9.4115],[80.45446,9.40995],[80.45453,9.40874],[80.45364,9.40694],[80.45287,9.40702],[80.45283,9.41379],[80.45293,9.4154],[80.45222,9.41517],[80.45189,9.41586],[80.4514,9.41565],[80.45172,9.41495],[80.45057,9.41445],[80.45009,9.41381],[80.44894,9.41654],[80.4419,9.41654],[80.44191,9.41291],[80.4418,9.41221],[80.44236,9.41063],[80.44241,9.41012],[80.44277,9.40987],[80.44527,9.411],[80.44487,9.40627],[80.44226,9.40643],[80.44215,9.40491],[80.44342,9.40483],[80.44351,9.40578],[80.44556,9.40569],[80.44584,9.40502],[80.44541,9.40414],[80.44494,9.40256],[80.44458,9.4008],[80.44489,9.39903],[80.44577,9.39837],[80.44596,9.39736],[80.44539,9.39525],[80.44447,9.3937],[80.44321,9.39342],[80.44242,9.39265],[80.44215,9.39197],[80.44122,9.39199],[80.44106,9.39162],[80.44079,9.39058],[80.43698,9.38647],[80.43449,9.38646],[80.43352,9.38634],[80.43161,9.38567],[80.43149,9.38606],[80.43063,9.386],[80.43061,9.38568],[80.42818,9.38514],[80.42794,9.38576],[80.42734,9.38564],[80.42701,9.38647],[80.42609,9.38633],[80.42595,9.38668],[80.42567,9.38668],[80.42534,9.38711],[80.4258,9.38772],[80.42548,9.38801],[80.42473,9.3871],[80.42433,9.38739],[80.42443,9.38806],[80.42284,9.38867],[80.4232,9.3895],[80.42261,9.38981],[80.42256,9.39008],[80.41952,9.3895],[80.41923,9.3905],[80.42246,9.39094],[80.42285,9.39183],[80.42175,9.3922],[80.42226,9.39338],[80.42053,9.39392],[80.42049,9.39362],[80.41954,9.39381],[80.41945,9.39346],[80.4189,9.39351],[80.41868,9.3926],[80.41763,9.3929],[80.41778,9.39372],[80.41742,9.39383],[80.41704,9.39367],[80.41566,9.39434],[80.41464,9.39466],[80.41423,9.39809],[80.41411,9.39853],[80.41439,9.39859],[80.41407,9.40043],[80.41401,9.40053],[80.41394,9.4005],[80.41384,9.4004],[80.41379,9.40025],[80.4135,9.40031],[80.41288,9.40062],[80.41311,9.40154],[80.41333,9.40194],[80.41303,9.40217],[80.4119,9.40253],[80.41046,9.40712],[80.4103,9.40905],[80.4089,9.40926],[80.40875,9.41261],[80.40814,9.41279],[80.40799,9.41619],[80.40801,9.41801],[80.40788,9.42057],[80.40827,9.42082],[80.40829,9.42125],[80.40828,9.42141],[80.40796,9.4214],[80.40791,9.42335],[80.40793,9.42542],[80.40786,9.42824],[80.40788,9.42899]]]}},{"type":"Feature","properties":{"c":"farmland"},"geometry":{"type":"Polygon","coordinates":[[[80.39807,9.43313],[80.39829,9.43337],[80.39839,9.43356],[80.39853,9.43368],[80.3995,9.43432],[80.39977,9.43418],[80.40004,9.43396],[80.40007,9.43388],[80.39993,9.43379],[80.39983,9.43362],[80.39991,9.43319],[80.40041,9.43271],[80.40121,9.43276],[80.40134,9.43273],[80.40138,9.43267],[80.40021,9.43198],[80.39993,9.43186],[80.39807,9.43313]]]}},{"type":"Feature","properties":{"c":"farmland"},"geometry":{"type":"Polygon","coordinates":[[[80.3997,9.43444],[80.39991,9.43467],[80.40036,9.43495],[80.40092,9.43439],[80.40115,9.43423],[80.4013,9.434],[80.40175,9.43442],[80.40204,9.43413],[80.40212,9.43616],[80.40267,9.43647],[80.40388,9.43699],[80.40392,9.43625],[80.40386,9.43476],[80.40389,9.43238],[80.40386,9.43188],[80.40372,9.4317],[80.40345,9.4316],[80.4032,9.43166],[80.40293,9.43178],[80.40249,9.43215],[80.40209,9.43212],[80.40184,9.43229],[80.40146,9.4329],[80.40121,9.43293],[80.40091,9.43286],[80.40042,9.43287],[80.40001,9.4333],[80.40005,9.43362],[80.40026,9.43393],[80.3997,9.43444]]]}},{"type":"Feature","properties":{"c":"farmland","n":"Thamaraveli Vayal"},"geometry":{"type":"Polygon","coordinates":[[[80.42913,9.56063],[80.42924,9.56068],[80.42954,9.56072],[80.42989,9.56054],[80.43049,9.5604],[80.43083,9.56009],[80.43154,9.55889],[80.43212,9.55708],[80.43206,9.55691],[80.43217,9.55581],[80.4321,9.55436],[80.43203,9.55429],[80.43181,9.55457],[80.43174,9.55457],[80.43162,9.55451],[80.43159,9.55437],[80.43167,9.55421],[80.43194,9.55425],[80.43203,9.55421],[80.43194,9.55374],[80.43285,9.55305],[80.43045,9.5534],[80.43046,9.55352],[80.43089,9.55443],[80.4311,9.55548],[80.43116,9.55651],[80.43103,9.55736],[80.43062,9.55816],[80.4304,9.55838],[80.4305,9.55865],[80.43,9.55928],[80.42988,9.55921],[80.42979,9.55903],[80.42976,9.5582],[80.43008,9.55812],[80.43013,9.558],[80.42998,9.55773],[80.43002,9.5575],[80.43024,9.55723],[80.43026,9.55706],[80.43014,9.557],[80.42997,9.55704],[80.42962,9.55755],[80.42953,9.55758],[80.42926,9.55784],[80.42918,9.55799],[80.42915,9.5582],[80.42936,9.55891],[80.42942,9.56027],[80.42932,9.56045],[80.42917,9.56053],[80.42913,9.56063]]]}},{"type":"Feature","properties":{"c":"farmland","n":"Chavithi"},"geometry":{"type":"Polygon","coordinates":[[[80.41852,9.56503],[80.41857,9.5656],[80.41888,9.56611],[80.41922,9.56599],[80.41989,9.5656],[80.42057,9.56539],[80.42089,9.56559],[80.42112,9.56544],[80.42089,9.56469],[80.42074,9.5646],[80.41995,9.56494],[80.4197,9.56454],[80.4193,9.56434],[80.41895,9.5646],[80.41852,9.56503]]]}},{"type":"Feature","properties":{"c":"farmland","n":"Kiranveli"},"geometry":{"type":"Polygon","coordinates":[[[80.43621,9.55386],[80.43647,9.55432],[80.43784,9.55587],[80.43827,9.55649],[80.43958,9.55784],[80.44001,9.55589],[80.44016,9.55551],[80.43996,9.55516],[80.44033,9.55483],[80.44204,9.5541],[80.44333,9.55322],[80.44547,9.55193],[80.44501,9.5514],[80.44506,9.55109],[80.4466,9.55013],[80.44502,9.54787],[80.44628,9.54682],[80.4456,9.54558],[80.4442,9.54641],[80.44304,9.54699],[80.44147,9.54794],[80.4421,9.54905],[80.44094,9.54976],[80.44008,9.55049],[80.43981,9.55107],[80.43926,9.55165],[80.4394,9.55194],[80.43872,9.55249],[80.43777,9.55307],[80.43729,9.55273],[80.43657,9.55334],[80.43621,9.55386]]]}},{"type":"Feature","properties":{"c":"farmland","n":"Kiranveli"},"geometry":{"type":"Polygon","coordinates":[[[80.43648,9.55955],[80.43705,9.56028],[80.43745,9.56071],[80.43764,9.56065],[80.43825,9.56016],[80.43852,9.55987],[80.43878,9.55941],[80.43928,9.55882],[80.43949,9.55804],[80.4393,9.55776],[80.43912,9.55768],[80.43876,9.55781],[80.43854,9.55801],[80.43846,9.55839],[80.43735,9.55928],[80.43739,9.5589],[80.43713,9.55895],[80.43648,9.55955]]]}},{"type":"Feature","properties":{"c":"farmland","n":"Sangatharvayal Veli"},"geometry":{"type":"Polygon","coordinates":[[[80.41029,9.55087],[80.4103,9.55098],[80.41116,9.55244],[80.41302,9.5514],[80.41372,9.55109],[80.41409,9.55076],[80.41491,9.54927],[80.41579,9.54873],[80.41678,9.54913],[80.41759,9.54936],[80.41948,9.549],[80.42021,9.54909],[80.42076,9.54881],[80.42179,9.54855],[80.42255,9.54831],[80.42234,9.547],[80.42208,9.5466],[80.42099,9.54695],[80.42004,9.54739],[80.41867,9.54749],[80.41789,9.54704],[80.41665,9.54682],[80.41608,9.54667],[80.41509,9.54669],[80.41484,9.5464],[80.41427,9.54629],[80.41384,9.54635],[80.41342,9.54647],[80.41325,9.54657],[80.41261,9.54731],[80.41195,9.54833],[80.4117,9.54917],[80.41163,9.55018],[80.41127,9.55045],[80.41029,9.55087]]]}},{"type":"Feature","properties":{"c":"farmland","n":"Manadithavettai"},"geometry":{"type":"Polygon","coordinates":[[[80.4172,9.53233],[80.41849,9.53348],[80.41957,9.5329],[80.42087,9.53207],[80.42165,9.53118],[80.4229,9.53099],[80.42377,9.53141],[80.42466,9.53123],[80.42613,9.5302],[80.42898,9.5276],[80.42855,9.52714],[80.42561,9.52904],[80.42421,9.52836],[80.42342,9.52889],[80.4224,9.52932],[80.42176,9.52964],[80.41945,9.53046],[80.4172,9.53233]]]}},{"type":"Feature","properties":{"c":"farmland","n":"Navaladipallam"},"geometry":{"type":"Polygon","coordinates":[[[80.40987,9.5351],[80.40998,9.53649],[80.41126,9.53716],[80.41317,9.53697],[80.41435,9.53673],[80.41546,9.53625],[80.41728,9.53585],[80.41842,9.53541],[80.41851,9.53497],[80.41825,9.53457],[80.41838,9.53433],[80.4176,9.53324],[80.41645,9.53244],[80.41563,9.5331],[80.4147,9.53369],[80.41425,9.53484],[80.41375,9.53527],[80.41153,9.53505],[80.4105,9.53471],[80.40987,9.5351]]]}},{"type":"Feature","properties":{"c":"farmland","n":"kulaveli"},"geometry":{"type":"Polygon","coordinates":[[[80.42218,9.54653],[80.42235,9.54676],[80.42271,9.54702],[80.4231,9.5472],[80.42337,9.54739],[80.42389,9.54819],[80.4246,9.54841],[80.42538,9.54886],[80.42646,9.54973],[80.42712,9.55047],[80.42735,9.55058],[80.42745,9.55025],[80.42763,9.5499],[80.42784,9.54964],[80.42821,9.54987],[80.42835,9.55018],[80.42854,9.55033],[80.42886,9.55054],[80.42938,9.55062],[80.42996,9.55028],[80.43082,9.54956],[80.43115,9.54877],[80.43053,9.54801],[80.43054,9.54775],[80.43105,9.5474],[80.43118,9.54709],[80.43099,9.54665],[80.43077,9.5464],[80.43032,9.54638],[80.42934,9.54612],[80.42889,9.54586],[80.42867,9.54544],[80.42833,9.54522],[80.42792,9.5446],[80.42739,9.54397],[80.4267,9.54329],[80.42622,9.54255],[80.42546,9.54161],[80.42495,9.54196],[80.42462,9.5423],[80.42429,9.54318],[80.42423,9.54355],[80.42427,9.54405],[80.42421,9.54456],[80.42403,9.54511],[80.4237,9.5454],[80.42331,9.54562],[80.4231,9.54568],[80.42226,9.54629],[80.42218,9.54653]]]}},{"type":"Feature","properties":{"c":"farmland"},"geometry":{"type":"Polygon","coordinates":[[[80.1213,9.27774],[80.12263,9.2806],[80.12361,9.28224],[80.1248,9.28169],[80.12525,9.28143],[80.12616,9.28302],[80.12656,9.28303],[80.12774,9.28344],[80.12848,9.2832],[80.13041,9.2845],[80.13366,9.28322],[80.13432,9.28384],[80.13548,9.28452],[80.13679,9.28335],[80.13937,9.28232],[80.13888,9.28131],[80.13745,9.28028],[80.13731,9.27971],[80.13899,9.27925],[80.14014,9.27903],[80.14041,9.27892],[80.14097,9.27887],[80.14136,9.27877],[80.14123,9.27841],[80.14126,9.27817],[80.1411,9.27793],[80.14072,9.27758],[80.14013,9.27781],[80.13941,9.27785],[80.13915,9.27774],[80.13908,9.27664],[80.13891,9.27601],[80.13868,9.2757],[80.13828,9.27586],[80.13783,9.27595],[80.13739,9.27596],[80.13734,9.27586],[80.13754,9.27569],[80.13682,9.27569],[80.13654,9.27578],[80.13627,9.27593],[80.1361,9.27639],[80.13569,9.27685],[80.13483,9.278],[80.13513,9.27863],[80.13548,9.27908],[80.13506,9.28008],[80.13364,9.27975],[80.13307,9.27984],[80.13299,9.27943],[80.13259,9.27916],[80.13213,9.27941],[80.13165,9.27956],[80.13089,9.27893],[80.13032,9.27874],[80.13002,9.27854],[80.12967,9.27797],[80.12919,9.27815],[80.12868,9.27803],[80.12746,9.27718],[80.12708,9.27683],[80.12587,9.27645],[80.12316,9.2777],[80.1213,9.27774]]]}},{"type":"Feature","properties":{"c":"farmland"},"geometry":{"type":"Polygon","coordinates":[[[80.14417,9.29644],[80.14446,9.29694],[80.14497,9.29755],[80.14606,9.29935],[80.15108,9.30662],[80.15167,9.30741],[80.15238,9.30681],[80.15343,9.30609],[80.15448,9.30526],[80.15619,9.30416],[80.15613,9.30183],[80.15619,9.30029],[80.15613,9.29909],[80.15622,9.29248],[80.15615,9.29174],[80.15625,9.28793],[80.1551,9.28838],[80.15486,9.28813],[80.15429,9.28831],[80.15393,9.28855],[80.15355,9.28835],[80.15305,9.28839],[80.15233,9.28815],[80.15156,9.28812],[80.15116,9.28878],[80.15087,9.28983],[80.15038,9.29004],[80.15009,9.29029],[80.14986,9.2903],[80.14938,9.29063],[80.14855,9.29134],[80.14818,9.29153],[80.14756,9.29171],[80.14718,9.29244],[80.14669,9.29296],[80.14601,9.29355],[80.14417,9.29644]]]}},{"type":"Feature","properties":{"c":"farmland"},"geometry":{"type":"Polygon","coordinates":[[[80.1403,9.28305],[80.14053,9.28466],[80.1407,9.28508],[80.14127,9.28734],[80.14223,9.29154],[80.14251,9.29318],[80.14272,9.29385],[80.14379,9.29356],[80.14467,9.29306],[80.14419,9.29168],[80.14406,9.29106],[80.14454,9.29081],[80.14554,9.29006],[80.14576,9.28996],[80.1461,9.29015],[80.14654,9.28995],[80.14712,9.28938],[80.1477,9.28918],[80.14848,9.28882],[80.14919,9.28986],[80.14976,9.28946],[80.1494,9.2888],[80.1497,9.2881],[80.14996,9.28787],[80.14994,9.28764],[80.15009,9.28754],[80.15132,9.28783],[80.15204,9.28769],[80.1526,9.28753],[80.1536,9.28688],[80.15434,9.2854],[80.15568,9.28511],[80.1557,9.28484],[80.15619,9.28471],[80.15617,9.28035],[80.15621,9.27868],[80.15557,9.27822],[80.15498,9.27934],[80.15419,9.28101],[80.15328,9.28307],[80.15212,9.28322],[80.14806,9.28388],[80.14721,9.28399],[80.14604,9.28405],[80.14613,9.28567],[80.14508,9.28532],[80.14509,9.28588],[80.14416,9.28624],[80.14408,9.2856],[80.14402,9.28546],[80.14341,9.28527],[80.14303,9.28531],[80.14285,9.28525],[80.14272,9.28511],[80.14244,9.28497],[80.14244,9.28468],[80.14217,9.28434],[80.14218,9.28415],[80.14211,9.28394],[80.14161,9.28395],[80.14067,9.28337],[80.14048,9.28322],[80.14041,9.28303],[80.1403,9.28305]]]}},{"type":"Feature","properties":{"c":"farmland"},"geometry":{"type":"Polygon","coordinates":[[[80.27493,9.44965],[80.27549,9.44976],[80.2783,9.4494],[80.27901,9.44957],[80.28186,9.44927],[80.28236,9.44957],[80.28776,9.44961],[80.2895,9.44902],[80.29195,9.44786],[80.29467,9.44642],[80.29684,9.44568],[80.29742,9.44479],[80.29809,9.4432],[80.29742,9.44288],[80.29635,9.44316],[80.29598,9.44282],[80.29551,9.44153],[80.29311,9.44218],[80.29394,9.4406],[80.29382,9.44017],[80.29077,9.44093],[80.28944,9.44136],[80.28871,9.4422],[80.28746,9.44275],[80.28613,9.44269],[80.28609,9.44151],[80.28435,9.44019],[80.28339,9.44024],[80.28064,9.4417],[80.28021,9.44216],[80.27995,9.4421],[80.27922,9.44174],[80.27871,9.44161],[80.27847,9.44136],[80.27723,9.4414],[80.27665,9.44199],[80.27626,9.44301],[80.27555,9.44428],[80.27564,9.44502],[80.27605,9.44614],[80.27575,9.44815],[80.27493,9.44965]]]}},{"type":"Feature","properties":{"c":"farmland"},"geometry":{"type":"Polygon","coordinates":[[[80.25764,9.44523],[80.25769,9.44551],[80.25796,9.44578],[80.25896,9.44564],[80.26001,9.44727],[80.26147,9.44723],[80.26223,9.44693],[80.26361,9.44588],[80.26494,9.4448],[80.26667,9.44307],[80.26723,9.44294],[80.26912,9.44276],[80.26949,9.44376],[80.26874,9.44541],[80.26653,9.44792],[80.26448,9.4496],[80.26739,9.44967],[80.26752,9.4492],[80.26856,9.44893],[80.26947,9.44893],[80.27082,9.44924],[80.27107,9.44972],[80.27229,9.44976],[80.2738,9.44911],[80.27454,9.44823],[80.27482,9.44776],[80.27487,9.44742],[80.27476,9.44711],[80.27418,9.44625],[80.27413,9.44587],[80.2734,9.44421],[80.27307,9.44303],[80.27307,9.44218],[80.27318,9.44148],[80.27348,9.4409],[80.27374,9.44067],[80.27361,9.44029],[80.27485,9.43963],[80.27549,9.4399],[80.27612,9.43995],[80.2777,9.43975],[80.27834,9.43934],[80.27873,9.43922],[80.27904,9.43933],[80.27925,9.44069],[80.27962,9.441],[80.27978,9.44091],[80.28063,9.44073],[80.28028,9.44],[80.28066,9.43972],[80.28074,9.43856],[80.28058,9.43783],[80.28023,9.4378],[80.28002,9.43763],[80.27986,9.43738],[80.2798,9.43697],[80.27934,9.43676],[80.27884,9.43674],[80.27845,9.43701],[80.27798,9.436],[80.27715,9.43534],[80.2767,9.43565],[80.27561,9.43663],[80.2747,9.43727],[80.27424,9.43802],[80.27296,9.43929],[80.27282,9.43962],[80.27239,9.43845],[80.27133,9.43737],[80.2709,9.43737],[80.2695,9.4381],[80.26769,9.43844],[80.26662,9.43889],[80.26594,9.43968],[80.26495,9.44126],[80.26433,9.4414],[80.2634,9.44117],[80.26312,9.44103],[80.26251,9.44174],[80.26201,9.44248],[80.26253,9.44321],[80.2621,9.44394],[80.26098,9.44453],[80.2598,9.44432],[80.25882,9.44483],[80.25764,9.44523]]]}},{"type":"Feature","properties":{"c":"farmland"},"geometry":{"type":"Polygon","coordinates":[[[80.28473,9.34885],[80.28612,9.34908],[80.28746,9.3492],[80.28806,9.34886],[80.28808,9.34598],[80.28798,9.34592],[80.28776,9.34635],[80.28729,9.34615],[80.28704,9.3465],[80.28679,9.34704],[80.28655,9.34736],[80.28614,9.34771],[80.28587,9.34808],[80.28514,9.3478],[80.28473,9.34885]]]}},{"type":"Feature","properties":{"c":"farmland"},"geometry":{"type":"Polygon","coordinates":[[[80.27302,9.35732],[80.27311,9.35963],[80.27344,9.35974],[80.27384,9.3609],[80.27376,9.36112],[80.27477,9.3623],[80.27977,9.36224],[80.28051,9.36231],[80.28173,9.36129],[80.28462,9.36119],[80.28545,9.35763],[80.28577,9.35681],[80.2881,9.35533],[80.28799,9.35388],[80.28738,9.3541],[80.28677,9.35411],[80.28608,9.35386],[80.28584,9.35365],[80.28567,9.35317],[80.28573,9.35275],[80.28582,9.3525],[80.28598,9.35231],[80.28659,9.35181],[80.28702,9.35155],[80.28745,9.35136],[80.28799,9.35157],[80.28808,9.35079],[80.28806,9.35048],[80.28696,9.35063],[80.28685,9.35007],[80.28688,9.34949],[80.28664,9.34932],[80.28369,9.34893],[80.28255,9.34927],[80.28037,9.35003],[80.27743,9.34987],[80.27774,9.3506],[80.27846,9.35205],[80.27807,9.35217],[80.2778,9.35243],[80.2778,9.3532],[80.27811,9.353],[80.27883,9.35299],[80.27893,9.35268],[80.27947,9.35278],[80.28038,9.35286],[80.28062,9.35192],[80.28137,9.35216],[80.2818,9.35256],[80.28208,9.35361],[80.28203,9.35401],[80.28192,9.35418],[80.28157,9.35411],[80.28099,9.35509],[80.28041,9.355],[80.27985,9.35523],[80.2793,9.3551],[80.27889,9.35511],[80.27854,9.35547],[80.27826,9.35525],[80.27787,9.35527],[80.27734,9.35517],[80.2767,9.35557],[80.27649,9.35559],[80.27622,9.35546],[80.27597,9.35506],[80.27579,9.35492],[80.27539,9.35473],[80.27401,9.35606],[80.27327,9.35646],[80.27302,9.35732]],[[80.27656,9.35948],[80.27669,9.35898],[80.2773,9.35879],[80.27838,9.35924],[80.27858,9.35981],[80.27851,9.36032],[80.27813,9.36085],[80.27764,9.36103],[80.27696,9.36072],[80.27662,9.36011],[80.27656,9.35948]]]}},{"type":"Feature","properties":{"c":"farmland"},"geometry":{"type":"Polygon","coordinates":[[[80.28076,9.36233],[80.28681,9.36232],[80.28689,9.362],[80.28713,9.36179],[80.28807,9.36143],[80.28805,9.36026],[80.2878,9.36045],[80.287,9.3605],[80.28643,9.36025],[80.28593,9.35943],[80.28611,9.35858],[80.28624,9.35827],[80.28645,9.35801],[80.28681,9.3579],[80.28746,9.35782],[80.28796,9.35804],[80.28807,9.35814],[80.28804,9.35553],[80.28713,9.35609],[80.28594,9.35694],[80.28477,9.36118],[80.28447,9.36129],[80.28189,9.36146],[80.28076,9.36233]]]}},{"type":"Feature","properties":{"c":"forest"},"geometry":{"type":"Polygon","coordinates":[[[80.15048,9.27581],[80.15075,9.27668],[80.1513,9.27646],[80.15146,9.27662],[80.15144,9.27759],[80.152,9.27782],[80.15333,9.27645],[80.15369,9.27719],[80.15436,9.27795],[80.15475,9.27703],[80.15617,9.27606],[80.15622,9.27563],[80.15115,9.27563],[80.15048,9.27581]]]}},{"type":"Feature","properties":{"c":"farmland"},"geometry":{"type":"Polygon","coordinates":[[[80.14536,9.27725],[80.14591,9.27785],[80.14612,9.27865],[80.14671,9.27901],[80.14612,9.2795],[80.14612,9.27995],[80.14635,9.28103],[80.14628,9.28158],[80.14638,9.28178],[80.14722,9.2816],[80.14708,9.28111],[80.14666,9.28064],[80.14731,9.28032],[80.14822,9.28195],[80.14884,9.28351],[80.15095,9.28325],[80.15312,9.28289],[80.15345,9.28238],[80.1555,9.27791],[80.15623,9.27745],[80.15617,9.27606],[80.15475,9.27703],[80.15436,9.27795],[80.15369,9.27719],[80.15333,9.27645],[80.152,9.27782],[80.15144,9.27759],[80.15146,9.27662],[80.1513,9.27646],[80.15075,9.27668],[80.15048,9.27581],[80.14962,9.27566],[80.14864,9.27569],[80.1471,9.27584],[80.14554,9.2757],[80.14536,9.27725]]]}},{"type":"Feature","properties":{"c":"meadow"},"geometry":{"type":"Polygon","coordinates":[[[80.11464,9.28277],[80.11491,9.283],[80.11655,9.28377],[80.11975,9.28511],[80.11973,9.28531],[80.11957,9.28548],[80.11947,9.28549],[80.11902,9.28543],[80.11788,9.2851],[80.11683,9.28495],[80.1166,9.28493],[80.1164,9.28501],[80.11622,9.28517],[80.11621,9.28524],[80.11629,9.28532],[80.1171,9.2856],[80.11841,9.28595],[80.11855,9.28611],[80.11858,9.28624],[80.11837,9.28653],[80.1173,9.28725],[80.11733,9.28751],[80.11795,9.2883],[80.12015,9.28929],[80.12182,9.29051],[80.12284,9.29177],[80.12329,9.29217],[80.12378,9.29246],[80.12425,9.29252],[80.12507,9.29281],[80.12628,9.29292],[80.12851,9.29417],[80.12919,9.29549],[80.12949,9.29659],[80.13035,9.29881],[80.13005,9.30055],[80.13095,9.30271],[80.13127,9.30457],[80.13095,9.30557],[80.13187,9.30686],[80.13271,9.30741],[80.13496,9.30671],[80.13572,9.30576],[80.13745,9.30559],[80.13941,9.30741],[80.13889,9.30897],[80.13587,9.31488],[80.13368,9.31725],[80.13293,9.31845],[80.13286,9.31887],[80.1332,9.31935],[80.13404,9.31957],[80.13672,9.3191],[80.13964,9.31876],[80.14046,9.3186],[80.14119,9.31823],[80.14395,9.31572],[80.14918,9.31155],[80.15195,9.3095],[80.15107,9.30839],[80.14987,9.30671],[80.15042,9.30639],[80.14773,9.30258],[80.14525,9.29923],[80.14413,9.2976],[80.14284,9.29542],[80.14159,9.29083],[80.1411,9.28843],[80.1402,9.28534],[80.1399,9.2832],[80.13902,9.2827],[80.13642,9.28409],[80.1355,9.28475],[80.13353,9.28356],[80.13063,9.28473],[80.13151,9.28663],[80.1314,9.28816],[80.13046,9.28856],[80.12876,9.28958],[80.12793,9.28964],[80.12709,9.28812],[80.12505,9.286],[80.12316,9.28452],[80.12231,9.28408],[80.1212,9.2838],[80.11735,9.28314],[80.11489,9.28265],[80.11475,9.28264],[80.11464,9.28272],[80.11464,9.28277]]]}},{"type":"Feature","properties":{"c":"forest"},"geometry":{"type":"Polygon","coordinates":[[[80.1124,9.27886],[80.11242,9.2809],[80.11259,9.28198],[80.11314,9.28302],[80.11386,9.284],[80.11461,9.28533],[80.1155,9.2862],[80.11656,9.2869],[80.11685,9.2872],[80.11814,9.28624],[80.11819,9.28605],[80.11701,9.28596],[80.1157,9.28531],[80.11648,9.28479],[80.11828,9.28513],[80.11901,9.2854],[80.11917,9.28511],[80.11795,9.28455],[80.11663,9.28402],[80.11575,9.28347],[80.11463,9.28306],[80.11365,9.28247],[80.11272,9.28142],[80.11272,9.28127],[80.11337,9.2816],[80.11446,9.2825],[80.11704,9.28298],[80.11811,9.28325],[80.12098,9.28367],[80.12192,9.28394],[80.12193,9.28369],[80.12093,9.28325],[80.1198,9.28285],[80.11807,9.28273],[80.11654,9.28267],[80.11467,9.28195],[80.11477,9.28174],[80.11627,9.28226],[80.11768,9.28217],[80.1202,9.28254],[80.12068,9.28184],[80.12099,9.2817],[80.1217,9.28123],[80.12226,9.2808],[80.12118,9.27911],[80.12067,9.27802],[80.12106,9.27766],[80.12167,9.27758],[80.12209,9.2777],[80.12279,9.27767],[80.1233,9.27758],[80.12427,9.27715],[80.12608,9.27623],[80.12542,9.27575],[80.12432,9.27572],[80.11756,9.27579],[80.11593,9.27563],[80.11268,9.27586],[80.1124,9.27886]]]}},{"type":"Feature","properties":{"c":"forest"},"geometry":{"type":"Polygon","coordinates":[[[80.12186,9.28325],[80.1222,9.28343],[80.12308,9.28423],[80.12388,9.2847],[80.12493,9.28567],[80.12622,9.28658],[80.1273,9.288],[80.12783,9.28929],[80.12843,9.28944],[80.12908,9.28928],[80.12967,9.28907],[80.13009,9.28843],[80.13013,9.28797],[80.13096,9.28831],[80.13138,9.28781],[80.13121,9.28703],[80.13053,9.286],[80.13021,9.2848],[80.12975,9.28463],[80.12883,9.28401],[80.12666,9.28314],[80.126,9.28317],[80.12535,9.2816],[80.1247,9.28174],[80.12331,9.2824],[80.12255,9.28279],[80.12186,9.28325]]]}},{"type":"Feature","properties":{"c":"forest"},"geometry":{"type":"Polygon","coordinates":[[[80.14272,9.29394],[80.14288,9.29473],[80.14326,9.29548],[80.14357,9.29588],[80.14392,9.29624],[80.14395,9.2965],[80.14413,9.29669],[80.14426,9.29665],[80.14408,9.29639],[80.1443,9.29604],[80.14454,9.29543],[80.14493,9.29503],[80.14579,9.29374],[80.14635,9.29314],[80.14711,9.29241],[80.14752,9.29167],[80.14839,9.29137],[80.14878,9.29107],[80.14923,9.29062],[80.14993,9.2902],[80.15076,9.28979],[80.15101,9.28907],[80.15107,9.28877],[80.15151,9.28804],[80.1524,9.2881],[80.15307,9.28833],[80.15356,9.28829],[80.1538,9.28844],[80.15398,9.28847],[80.15426,9.28826],[80.15486,9.28807],[80.15511,9.28833],[80.15624,9.28789],[80.15623,9.28682],[80.1557,9.28643],[80.15519,9.28593],[80.15472,9.28592],[80.15464,9.28609],[80.1541,9.28652],[80.15259,9.28754],[80.15133,9.28784],[80.15008,9.28754],[80.14995,9.28764],[80.14996,9.28788],[80.14968,9.2881],[80.14941,9.2888],[80.14976,9.28947],[80.1492,9.28987],[80.14848,9.28882],[80.1478,9.28915],[80.14711,9.28938],[80.14654,9.28994],[80.1461,9.29018],[80.14576,9.28996],[80.14561,9.29002],[80.14442,9.29088],[80.14406,9.29106],[80.14469,9.29308],[80.14388,9.29356],[80.14272,9.29394]]]}},{"type":"Feature","properties":{"c":"forest"},"geometry":{"type":"Polygon","coordinates":[[[80.15724,9.30129],[80.1581,9.3026],[80.15934,9.30366],[80.16041,9.30425],[80.16144,9.30413],[80.16239,9.3037],[80.16346,9.30239],[80.16419,9.30116],[80.16513,9.2993],[80.16569,9.29794],[80.16681,9.29612],[80.16625,9.294],[80.16312,9.29392],[80.16187,9.29451],[80.16093,9.29515],[80.15964,9.29587],[80.15891,9.29667],[80.15865,9.29777],[80.15814,9.29892],[80.15745,9.29993],[80.15724,9.30129]]]}},{"type":"Feature","properties":{"c":"orchard"},"geometry":{"type":"Polygon","coordinates":[[[80.25243,9.31734],[80.25266,9.31797],[80.25284,9.31923],[80.25455,9.31924],[80.2546,9.31867],[80.25456,9.31778],[80.25465,9.31682],[80.25429,9.31658],[80.25398,9.31648],[80.25402,9.31582],[80.25378,9.31583],[80.25294,9.31623],[80.25292,9.31656],[80.25332,9.31676],[80.2535,9.31705],[80.25324,9.31719],[80.25267,9.3172],[80.25243,9.31734]]]}},{"type":"Feature","properties":{"c":"farmland"},"geometry":{"type":"Polygon","coordinates":[[[80.27182,9.39685],[80.27202,9.3982],[80.27317,9.39999],[80.27546,9.40033],[80.27646,9.40259],[80.27786,9.40223],[80.27823,9.40329],[80.27604,9.40528],[80.27593,9.40575],[80.27626,9.40673],[80.27668,9.40732],[80.27696,9.4081],[80.2771,9.40863],[80.27675,9.40893],[80.27636,9.40943],[80.27644,9.41014],[80.27668,9.41075],[80.27702,9.41137],[80.27712,9.4117],[80.27633,9.41223],[80.27567,9.41291],[80.27464,9.4134],[80.27386,9.41404],[80.27354,9.4148],[80.27357,9.41565],[80.27463,9.41741],[80.27486,9.4181],[80.27522,9.41881],[80.2758,9.42026],[80.27601,9.42122],[80.27613,9.42216],[80.27582,9.42361],[80.27691,9.42344],[80.27796,9.42298],[80.27979,9.42208],[80.28018,9.4229],[80.2804,9.42372],[80.28095,9.42349],[80.2821,9.4232],[80.28235,9.42291],[80.28134,9.41997],[80.28173,9.41965],[80.28221,9.41944],[80.28259,9.41935],[80.28352,9.4196],[80.28393,9.41944],[80.28424,9.41983],[80.28391,9.42036],[80.28376,9.42095],[80.28397,9.4214],[80.28411,9.4219],[80.28472,9.42205],[80.28603,9.42131],[80.28674,9.42058],[80.28692,9.41969],[80.288,9.4191],[80.28805,9.41673],[80.28802,9.41289],[80.28805,9.40724],[80.28796,9.40027],[80.28633,9.40069],[80.28442,9.40002],[80.28274,9.39828],[80.28219,9.39692],[80.28197,9.39508],[80.28173,9.39356],[80.27916,9.39218],[80.27834,9.39225],[80.27673,9.39486],[80.27574,9.39575],[80.27182,9.39685]]]}},{"type":"Feature","properties":{"c":"farmland"},"geometry":{"type":"Polygon","coordinates":[[[80.26353,9.38343],[80.26362,9.38361],[80.26401,9.38397],[80.26408,9.38479],[80.26402,9.38498],[80.26447,9.38712],[80.26546,9.38842],[80.26611,9.38818],[80.26545,9.3873],[80.26548,9.38689],[80.26649,9.38383],[80.26442,9.38343],[80.26358,9.38335],[80.26353,9.38343]]]}},{"type":"Feature","properties":{"c":"forest"},"geometry":{"type":"Polygon","coordinates":[[[80.25688,9.39413],[80.25707,9.39904],[80.25757,9.40211],[80.25823,9.40556],[80.26157,9.40568],[80.26159,9.40636],[80.26133,9.40686],[80.26119,9.40763],[80.26094,9.40817],[80.26099,9.40894],[80.26113,9.40936],[80.26095,9.41024],[80.26076,9.41082],[80.26061,9.4111],[80.26027,9.41138],[80.25998,9.41184],[80.25951,9.41241],[80.25937,9.41267],[80.25935,9.41367],[80.25947,9.41427],[80.2592,9.415],[80.25888,9.41534],[80.25867,9.41583],[80.2584,9.4157],[80.25832,9.41601],[80.25837,9.41645],[80.25843,9.41653],[80.25842,9.41695],[80.25866,9.41723],[80.25941,9.41763],[80.25965,9.41713],[80.25998,9.41731],[80.26029,9.41719],[80.2605,9.41743],[80.26064,9.41771],[80.26141,9.41763],[80.26196,9.41812],[80.26212,9.41852],[80.26202,9.41901],[80.2621,9.41939],[80.26236,9.41986],[80.26228,9.4204],[80.26199,9.42081],[80.2617,9.42085],[80.26171,9.42119],[80.26182,9.42156],[80.26164,9.4219],[80.26141,9.42177],[80.26129,9.42202],[80.26123,9.42206],[80.26126,9.42234],[80.26149,9.42299],[80.26144,9.42311],[80.26169,9.42347],[80.26198,9.42353],[80.26205,9.42348],[80.26211,9.42365],[80.26252,9.42372],[80.26269,9.42355],[80.26287,9.42309],[80.26319,9.42332],[80.26326,9.42324],[80.26321,9.42302],[80.26326,9.42285],[80.26345,9.42263],[80.26388,9.4224],[80.26396,9.42222],[80.26414,9.42211],[80.26433,9.42222],[80.26439,9.42245],[80.26453,9.42237],[80.26463,9.42246],[80.26479,9.42251],[80.26516,9.42234],[80.26522,9.42198],[80.26504,9.42191],[80.26502,9.42179],[80.26487,9.42171],[80.26472,9.42143],[80.26479,9.42129],[80.26495,9.42125],[80.26513,9.42095],[80.26523,9.421],[80.26527,9.42118],[80.26526,9.42159],[80.26549,9.4216],[80.26546,9.42141],[80.26573,9.4215],[80.2659,9.42147],[80.266,9.42127],[80.266,9.42029],[80.26579,9.41985],[80.26554,9.41959],[80.26552,9.41891],[80.26571,9.41829],[80.26573,9.41795],[80.26582,9.41778],[80.26597,9.41779],[80.26581,9.41747],[80.26472,9.41706],[80.26438,9.41688],[80.26415,9.41645],[80.26384,9.41629],[80.26363,9.41553],[80.2635,9.41536],[80.26356,9.41503],[80.26334,9.41474],[80.26275,9.41465],[80.26251,9.41474],[80.2621,9.4148],[80.26186,9.41511],[80.26158,9.41519],[80.26134,9.41499],[80.26092,9.41491],[80.26063,9.41464],[80.26093,9.41389],[80.26219,9.41276],[80.26311,9.41296],[80.26377,9.41269],[80.26402,9.41254],[80.2645,9.41221],[80.26425,9.41165],[80.26457,9.41187],[80.26484,9.41219],[80.26502,9.41193],[80.26496,9.41172],[80.26461,9.41148],[80.26455,9.41119],[80.26481,9.41101],[80.26525,9.41094],[80.26558,9.41097],[80.26571,9.41068],[80.26557,9.41055],[80.26572,9.41029],[80.26588,9.41016],[80.26614,9.41031],[80.26641,9.41026],[80.26633,9.41006],[80.26648,9.40999],[80.26682,9.41015],[80.26782,9.40926],[80.26792,9.40895],[80.26821,9.40847],[80.26804,9.40785],[80.26805,9.40755],[80.26823,9.4074],[80.26856,9.40743],[80.26869,9.40712],[80.2685,9.40643],[80.2688,9.40615],[80.26879,9.40567],[80.27433,9.40564],[80.27604,9.40528],[80.27823,9.40329],[80.27786,9.40223],[80.27646,9.40259],[80.27546,9.40033],[80.27317,9.39999],[80.27202,9.3982],[80.27187,9.39821],[80.27182,9.39807],[80.27093,9.39745],[80.26996,9.39758],[80.26861,9.39569],[80.26831,9.39468],[80.26975,9.39417],[80.26898,9.39277],[80.26765,9.39078],[80.26602,9.39023],[80.26569,9.38883],[80.26546,9.38842],[80.26447,9.38712],[80.26402,9.38498],[80.26327,9.38502],[80.26321,9.38413],[80.26052,9.3847],[80.25821,9.38497],[80.25748,9.38542],[80.25729,9.38637],[80.25749,9.3871],[80.25758,9.38728],[80.25771,9.38733],[80.2582,9.38854],[80.25821,9.39004],[80.25844,9.39062],[80.25897,9.39114],[80.25902,9.39213],[80.25877,9.39316],[80.25839,9.39402],[80.25688,9.39413]]]}},{"type":"Feature","properties":{"c":"farmland"},"geometry":{"type":"Polygon","coordinates":[[[80.25714,9.37895],[80.25749,9.37928],[80.25792,9.37947],[80.25808,9.37898],[80.25809,9.3785],[80.2584,9.37811],[80.25861,9.37776],[80.25857,9.37751],[80.25993,9.37609],[80.25976,9.3757],[80.25995,9.37539],[80.25968,9.37503],[80.25935,9.37519],[80.25905,9.37524],[80.25899,9.37515],[80.25865,9.37539],[80.25834,9.37575],[80.25816,9.37615],[80.258,9.37689],[80.25714,9.37895]]]}},{"type":"Feature","properties":{"c":"farmland"},"geometry":{"type":"Polygon","coordinates":[[[80.25668,9.38033],[80.25692,9.38101],[80.2572,9.38153],[80.25732,9.3819],[80.25772,9.38229],[80.25855,9.38118],[80.25825,9.3807],[80.25797,9.37998],[80.25668,9.38033]]]}},{"type":"Feature","properties":{"c":"farmland"},"geometry":{"type":"Polygon","coordinates":[[[80.25772,9.38229],[80.25825,9.38257],[80.25885,9.38132],[80.25855,9.38118],[80.25772,9.38229]]]}},{"type":"Feature","properties":{"c":"farmland"},"geometry":{"type":"Polygon","coordinates":[[[80.25825,9.38257],[80.25876,9.38271],[80.25965,9.38284],[80.26039,9.3828],[80.26071,9.38274],[80.2614,9.38251],[80.26136,9.38177],[80.26175,9.38177],[80.26176,9.38237],[80.26216,9.38228],[80.26205,9.3805],[80.26133,9.38071],[80.25969,9.38147],[80.25943,9.38206],[80.25927,9.38206],[80.25904,9.38199],[80.25911,9.38172],[80.25885,9.38132],[80.25825,9.38257]]]}},{"type":"Feature","properties":{"c":"farmland"},"geometry":{"type":"Polygon","coordinates":[[[80.26205,9.3805],[80.26216,9.38228],[80.26405,9.38187],[80.26471,9.38188],[80.26553,9.38199],[80.26656,9.38223],[80.26697,9.38224],[80.26777,9.38216],[80.26767,9.3818],[80.26752,9.38174],[80.26699,9.3817],[80.26718,9.38061],[80.26678,9.38054],[80.26663,9.3812],[80.26596,9.38115],[80.26583,9.38161],[80.26542,9.38158],[80.26568,9.38035],[80.26532,9.38016],[80.26451,9.38006],[80.26375,9.38005],[80.26299,9.38021],[80.26205,9.3805]]]}},{"type":"Feature","properties":{"c":"farmland"},"geometry":{"type":"Polygon","coordinates":[[[80.54649,9.40688],[80.5469,9.4072],[80.54753,9.40724],[80.54812,9.40718],[80.54832,9.40693],[80.54707,9.406],[80.54649,9.40688]]]}},{"type":"Feature","properties":{"c":"farmland","n":"hg"},"geometry":{"type":"Polygon","coordinates":[[[80.15655,9.30112],[80.15655,9.3013],[80.1567,9.30135],[80.15695,9.30124],[80.15686,9.30105],[80.15674,9.30102],[80.15655,9.30112]]]}},{"type":"Feature","properties":{"c":"farmland"},"geometry":{"type":"Polygon","coordinates":[[[80.27969,9.33046],[80.27979,9.3309],[80.28066,9.33076],[80.28107,9.33075],[80.28118,9.33051],[80.28096,9.3303],[80.28126,9.33013],[80.28134,9.32982],[80.28168,9.32984],[80.28188,9.33022],[80.28234,9.33038],[80.28331,9.32998],[80.28346,9.33014],[80.28435,9.32965],[80.28432,9.32894],[80.28436,9.3285],[80.28539,9.32806],[80.28522,9.32752],[80.28549,9.32734],[80.28546,9.32716],[80.28573,9.32707],[80.28573,9.32728],[80.28624,9.32705],[80.28636,9.32714],[80.28659,9.32703],[80.28651,9.32678],[80.28676,9.32663],[80.28703,9.32679],[80.2875,9.32657],[80.28764,9.32675],[80.28809,9.32652],[80.28804,9.3236],[80.28647,9.32322],[80.28641,9.32383],[80.28605,9.32378],[80.28595,9.32415],[80.28562,9.32398],[80.28523,9.32465],[80.28559,9.32474],[80.28554,9.32512],[80.28548,9.32524],[80.28488,9.3252],[80.28487,9.32555],[80.28492,9.32589],[80.28477,9.32589],[80.28318,9.32535],[80.28267,9.32536],[80.28202,9.3255],[80.28182,9.32562],[80.28144,9.32574],[80.28092,9.32575],[80.28044,9.32585],[80.28031,9.32597],[80.28039,9.32666],[80.28128,9.32639],[80.2814,9.32673],[80.2816,9.32703],[80.28113,9.32737],[80.28107,9.32839],[80.28088,9.3289],[80.28113,9.32941],[80.28079,9.32964],[80.2803,9.32959],[80.28046,9.32987],[80.2803,9.33006],[80.28002,9.33015],[80.28006,9.33041],[80.27969,9.33046]]]}},{"type":"Feature","properties":{"c":"farmland"},"geometry":{"type":"Polygon","coordinates":[[[80.25216,9.4491],[80.25416,9.45111],[80.25494,9.45131],[80.25601,9.45074],[80.25721,9.45025],[80.25866,9.45023],[80.25885,9.44996],[80.25955,9.44972],[80.2598,9.45008],[80.26052,9.44975],[80.26042,9.44962],[80.2614,9.44977],[80.26159,9.44956],[80.26104,9.44907],[80.25216,9.4491]]]}},{"type":"Feature","properties":{"c":"farmland"},"geometry":{"type":"Polygon","coordinates":[[[80.24414,9.45873],[80.24431,9.46324],[80.24438,9.46676],[80.24478,9.46674],[80.24506,9.46695],[80.24772,9.46608],[80.24841,9.46697],[80.25015,9.4682],[80.25085,9.46832],[80.25399,9.46705],[80.25442,9.46671],[80.25523,9.46623],[80.25661,9.46508],[80.25673,9.46478],[80.25611,9.46436],[80.25538,9.46458],[80.25476,9.46496],[80.25446,9.46472],[80.25433,9.46434],[80.25448,9.46373],[80.25485,9.46335],[80.25564,9.46299],[80.25601,9.4636],[80.25755,9.46299],[80.2582,9.46329],[80.25927,9.46312],[80.26541,9.46026],[80.26858,9.45924],[80.2721,9.45782],[80.27651,9.45675],[80.27907,9.4552],[80.28253,9.45444],[80.28219,9.45469],[80.28238,9.45541],[80.28326,9.45533],[80.28474,9.45459],[80.28426,9.45331],[80.28291,9.45135],[80.28236,9.44965],[80.27829,9.44961],[80.27582,9.44995],[80.27558,9.45012],[80.27326,9.45086],[80.27155,9.45117],[80.2711,9.44992],[80.27002,9.45037],[80.26838,9.45131],[80.26671,9.45152],[80.26633,9.45114],[80.26739,9.44967],[80.26448,9.4496],[80.26266,9.45063],[80.26277,9.45118],[80.26174,9.45177],[80.26193,9.45209],[80.26105,9.4523],[80.26075,9.45179],[80.25802,9.45353],[80.2567,9.45382],[80.25511,9.45317],[80.25418,9.45262],[80.25251,9.45262],[80.25118,9.45357],[80.25019,9.45469],[80.24987,9.45577],[80.24978,9.45734],[80.24875,9.45785],[80.24779,9.45766],[80.24712,9.45649],[80.24622,9.45653],[80.24414,9.45873]]]}},{"type":"Feature","properties":{"c":"farmland"},"geometry":{"type":"Polygon","coordinates":[[[80.24412,9.45264],[80.24605,9.45232],[80.24624,9.45264],[80.2465,9.45368],[80.24611,9.45408],[80.2453,9.45454],[80.24539,9.4552],[80.24622,9.45653],[80.24712,9.45649],[80.24772,9.45598],[80.24824,9.45427],[80.2488,9.45287],[80.2479,9.45158],[80.24854,9.45105],[80.24912,9.4516],[80.25077,9.45042],[80.25114,9.44917],[80.24431,9.44934],[80.24412,9.45264]]]}},{"type":"Feature","properties":{"c":"farmland"},"geometry":{"type":"Polygon","coordinates":[[[80.23308,9.32555],[80.23325,9.3257],[80.23313,9.32605],[80.23322,9.32616],[80.23378,9.32638],[80.23377,9.32657],[80.23395,9.32705],[80.23547,9.32676],[80.23618,9.32682],[80.23642,9.32657],[80.23649,9.32639],[80.23621,9.32608],[80.23614,9.32587],[80.23593,9.32563],[80.23577,9.32535],[80.23525,9.32525],[80.23481,9.3251],[80.2345,9.32488],[80.23365,9.32362],[80.23359,9.3236],[80.2331,9.32533],[80.23308,9.32555]]]}},{"type":"Feature","properties":{"c":"farmland"},"geometry":{"type":"Polygon","coordinates":[[[80.20418,9.46383],[80.2045,9.46571],[80.20462,9.46681],[80.20547,9.46652],[80.20555,9.46705],[80.20566,9.46731],[80.20615,9.46724],[80.20622,9.4673],[80.20654,9.46717],[80.20677,9.46714],[80.20683,9.46733],[80.20831,9.46671],[80.20835,9.46647],[80.20802,9.46636],[80.20789,9.46601],[80.2075,9.46599],[80.20727,9.46588],[80.20701,9.46562],[80.20697,9.46541],[80.20557,9.46505],[80.20556,9.46342],[80.20418,9.46383]]]}},{"type":"Feature","properties":{"c":"scrub"},"geometry":{"type":"Polygon","coordinates":[[[80.22099,9.45614],[80.22167,9.45687],[80.22251,9.45713],[80.22289,9.45769],[80.22359,9.45751],[80.22402,9.4581],[80.22567,9.45697],[80.22599,9.45762],[80.22574,9.45776],[80.22598,9.45823],[80.22759,9.4572],[80.22783,9.45787],[80.22867,9.45744],[80.22911,9.45732],[80.22952,9.45652],[80.23036,9.45523],[80.23126,9.4546],[80.23181,9.4528],[80.23394,9.45208],[80.2352,9.45189],[80.23621,9.45207],[80.23687,9.45159],[80.23886,9.44989],[80.23919,9.44914],[80.23686,9.44908],[80.23439,9.44917],[80.23426,9.45014],[80.23351,9.45114],[80.23209,9.45168],[80.23133,9.4515],[80.2304,9.45201],[80.22987,9.45195],[80.2304,9.45111],[80.23032,9.45066],[80.23001,9.44996],[80.22732,9.45194],[80.22346,9.45459],[80.22218,9.45519],[80.22099,9.45614]]]}},{"type":"Feature","properties":{"c":"farmland"},"geometry":{"type":"Polygon","coordinates":[[[80.22447,9.4924],[80.22942,9.49239],[80.22843,9.49027],[80.2276,9.48723],[80.22566,9.49104],[80.2254,9.4914],[80.22447,9.4924]]]}},{"type":"Feature","properties":{"c":"farmland"},"geometry":{"type":"Polygon","coordinates":[[[80.22773,9.48711],[80.22774,9.48733],[80.22853,9.49025],[80.22948,9.49241],[80.23468,9.49233],[80.24408,9.49233],[80.24403,9.49032],[80.24405,9.48314],[80.24635,9.48419],[80.25438,9.48181],[80.25433,9.47688],[80.24399,9.47828],[80.24329,9.47826],[80.24086,9.4781],[80.23975,9.47725],[80.23838,9.47661],[80.23701,9.47629],[80.23629,9.47594],[80.23543,9.47573],[80.23481,9.47576],[80.23407,9.4765],[80.23188,9.47815],[80.2316,9.4787],[80.23154,9.47923],[80.23114,9.48019],[80.23064,9.48115],[80.2309,9.48159],[80.23065,9.48182],[80.23029,9.48169],[80.22974,9.48292],[80.22814,9.48623],[80.22821,9.48635],[80.22813,9.4867],[80.22797,9.4868],[80.22773,9.48711]]]}},{"type":"Feature","properties":{"c":"farmland"},"geometry":{"type":"Polygon","coordinates":[[[80.23145,9.47429],[80.23144,9.47531],[80.23173,9.47558],[80.23181,9.47573],[80.23149,9.47598],[80.23154,9.47759],[80.23167,9.47774],[80.23189,9.47773],[80.23216,9.47756],[80.23245,9.47728],[80.23264,9.47674],[80.23304,9.4763],[80.23307,9.47624],[80.23285,9.47592],[80.23324,9.47548],[80.23309,9.47517],[80.23363,9.47483],[80.23377,9.47463],[80.23371,9.4745],[80.2346,9.47372],[80.23489,9.474],[80.23524,9.47369],[80.23545,9.47333],[80.23518,9.47295],[80.23407,9.47182],[80.23346,9.47266],[80.23304,9.47298],[80.2328,9.47278],[80.23156,9.4741],[80.23145,9.47429]]]}},{"type":"Feature","properties":{"c":"farmland"},"geometry":{"type":"Polygon","coordinates":[[[80.2002,9.48269],[80.20023,9.48362],[80.20105,9.48389],[80.20413,9.48345],[80.20472,9.48361],[80.20523,9.48351],[80.20599,9.48375],[80.2065,9.48376],[80.20663,9.48534],[80.20773,9.48519],[80.20758,9.48421],[80.20898,9.48409],[80.20978,9.48362],[80.21023,9.48356],[80.21076,9.48434],[80.20971,9.48508],[80.20838,9.48542],[80.20836,9.48679],[80.20852,9.48802],[80.20939,9.4925],[80.21104,9.4976],[80.21135,9.50162],[80.21266,9.50122],[80.21315,9.4991],[80.21525,9.4978],[80.21587,9.49772],[80.21633,9.49778],[80.21673,9.49832],[80.21738,9.49799],[80.21885,9.497],[80.21989,9.49601],[80.2225,9.49399],[80.22392,9.49266],[80.22546,9.49112],[80.22711,9.48775],[80.22896,9.48416],[80.23134,9.47922],[80.2313,9.47425],[80.23332,9.47187],[80.23711,9.4697],[80.24399,9.46561],[80.24411,9.4588],[80.2423,9.46074],[80.2415,9.4615],[80.2416,9.46203],[80.241,9.46306],[80.24047,9.46337],[80.23899,9.4637],[80.238,9.46381],[80.23779,9.46341],[80.23807,9.4628],[80.23965,9.46076],[80.24084,9.46031],[80.24129,9.45963],[80.24017,9.45813],[80.23838,9.45976],[80.23778,9.45928],[80.23687,9.45993],[80.23663,9.45979],[80.23517,9.46063],[80.23271,9.46221],[80.23237,9.4621],[80.23117,9.46224],[80.23038,9.46182],[80.22995,9.46202],[80.22955,9.46163],[80.22878,9.46227],[80.22833,9.46317],[80.22645,9.46427],[80.22395,9.46415],[80.2206,9.46534],[80.21758,9.46573],[80.21721,9.46518],[80.21716,9.46451],[80.21758,9.46411],[80.21831,9.46369],[80.21898,9.46345],[80.21973,9.46361],[80.22004,9.46379],[80.22105,9.46299],[80.22261,9.4622],[80.22431,9.46263],[80.22664,9.46135],[80.22905,9.46018],[80.2296,9.46057],[80.2302,9.4602],[80.23102,9.46028],[80.23139,9.46069],[80.23255,9.45997],[80.23354,9.45922],[80.23469,9.45863],[80.23588,9.45817],[80.23748,9.45809],[80.23855,9.45682],[80.23928,9.45652],[80.24046,9.45814],[80.2411,9.45916],[80.24128,9.45932],[80.24215,9.45787],[80.24342,9.45469],[80.24404,9.45357],[80.24408,9.45032],[80.2429,9.45128],[80.24178,9.45234],[80.2397,9.45391],[80.2378,9.45504],[80.23723,9.45507],[80.23584,9.4554],[80.23512,9.45427],[80.23517,9.45367],[80.23568,9.45342],[80.23689,9.45333],[80.23763,9.45273],[80.23798,9.45289],[80.23899,9.4515],[80.23962,9.45074],[80.24117,9.45023],[80.2436,9.44952],[80.24384,9.45032],[80.24408,9.45017],[80.24411,9.44914],[80.23926,9.44918],[80.23899,9.44993],[80.23637,9.45208],[80.23613,9.45217],[80.23517,9.45197],[80.23439,9.45214],[80.23186,9.45303],[80.23139,9.45469],[80.23027,9.45551],[80.22916,9.45743],[80.22785,9.45796],[80.22755,9.45735],[80.226,9.4583],[80.22568,9.45777],[80.22592,9.45761],[80.22567,9.45706],[80.22408,9.45817],[80.22359,9.45767],[80.22285,9.45782],[80.22253,9.45735],[80.2222,9.45717],[80.22158,9.457],[80.22102,9.45644],[80.21942,9.45782],[80.21647,9.45972],[80.21674,9.46046],[80.21755,9.46005],[80.21784,9.45968],[80.21825,9.45941],[80.21835,9.45941],[80.21849,9.45968],[80.2187,9.46025],[80.2177,9.46077],[80.21807,9.46152],[80.21723,9.46189],[80.2172,9.46205],[80.21673,9.4624],[80.21656,9.46268],[80.21659,9.4629],[80.21556,9.46349],[80.21498,9.46377],[80.21429,9.46249],[80.21371,9.46279],[80.21356,9.46335],[80.21413,9.4642],[80.21449,9.4651],[80.21497,9.46605],[80.21437,9.46628],[80.21417,9.46643],[80.21426,9.4667],[80.21263,9.4676],[80.21355,9.46862],[80.21419,9.46917],[80.21451,9.46906],[80.21487,9.46951],[80.21523,9.46937],[80.21568,9.46963],[80.21518,9.47067],[80.21474,9.47091],[80.21453,9.47108],[80.21441,9.47128],[80.2147,9.47207],[80.21481,9.47308],[80.21401,9.47319],[80.21356,9.47356],[80.21124,9.47456],[80.21088,9.47603],[80.21077,9.47719],[80.21107,9.47778],[80.21302,9.47782],[80.21342,9.47878],[80.21416,9.47892],[80.2141,9.47924],[80.21265,9.47923],[80.21239,9.47952],[80.21156,9.4798],[80.21078,9.48026],[80.21016,9.47966],[80.21008,9.47874],[80.21004,9.47726],[80.20947,9.47581],[80.20884,9.47591],[80.2082,9.47641],[80.20665,9.47796],[80.20711,9.48047],[80.20519,9.4809],[80.20502,9.48014],[80.20311,9.48065],[80.20281,9.47983],[80.20152,9.47996],[80.2016,9.48065],[80.20185,9.48151],[80.20157,9.48186],[80.2002,9.48269]],[[80.21037,9.48971],[80.21041,9.4896],[80.21062,9.48956],[80.21068,9.48965],[80.21085,9.4897],[80.21133,9.48953],[80.21143,9.48976],[80.21135,9.48993],[80.21108,9.49002],[80.21062,9.4899],[80.21043,9.48982],[80.21037,9.48971]],[[80.21181,9.48177],[80.21327,9.48116],[80.21431,9.48117],[80.21457,9.48144],[80.21419,9.48174],[80.21406,9.48201],[80.21363,9.48241],[80.2133,9.48258],[80.21281,9.48269],[80.2124,9.48297],[80.21181,9.48177]],[[80.21195,9.49721],[80.21216,9.49692],[80.21307,9.49611],[80.21461,9.49486],[80.21474,9.4948],[80.21488,9.49491],[80.21507,9.49493],[80.21537,9.49483],[80.21582,9.4946],[80.21686,9.49363],[80.21769,9.49304],[80.21972,9.4921],[80.22084,9.49164],[80.22141,9.4926],[80.22122,9.49269],[80.22081,9.49277],[80.21958,9.49384],[80.21846,9.49459],[80.21791,9.49479],[80.21763,9.49499],[80.21799,9.49532],[80.21771,9.49553],[80.21754,9.49554],[80.21707,9.49582],[80.21625,9.49648],[80.21564,9.49663],[80.21524,9.49666],[80.21445,9.49643],[80.21384,9.49655],[80.21241,9.4973],[80.2121,9.49738],[80.21195,9.49721]],[[80.21564,9.48779],[80.21583,9.48755],[80.21612,9.4867],[80.21635,9.48634],[80.21626,9.48594],[80.21645,9.48577],[80.21663,9.48571],[80.21686,9.48581],[80.21708,9.48623],[80.21722,9.48618],[80.21774,9.48579],[80.21817,9.48635],[80.21835,9.48639],[80.2185,9.48633],[80.21858,9.48651],[80.21814,9.48649],[80.21814,9.48655],[80.21775,9.48661],[80.2177,9.48672],[80.21778,9.48702],[80.2176,9.48717],[80.21744,9.4874],[80.21692,9.48768],[80.21632,9.48807],[80.21627,9.48838],[80.21594,9.48859],[80.21564,9.48779]],[[80.21758,9.47205],[80.21782,9.47134],[80.21824,9.47059],[80.21843,9.46945],[80.21911,9.46884],[80.22005,9.46846],[80.2211,9.46796],[80.22162,9.4679],[80.22214,9.46815],[80.22267,9.46821],[80.22315,9.46818],[80.22376,9.46786],[80.22462,9.46762],[80.22508,9.46743],[80.22597,9.46665],[80.2285,9.46531],[80.22926,9.46486],[80.23108,9.46394],[80.23252,9.46371],[80.23289,9.46382],[80.23394,9.46439],[80.23424,9.46474],[80.23452,9.46562],[80.23455,9.46586],[80.23433,9.4661],[80.23279,9.46701],[80.23124,9.46804],[80.23076,9.46827],[80.23023,9.46869],[80.22985,9.46911],[80.22822,9.47008],[80.22767,9.47008],[80.2273,9.46995],[80.2251,9.4702],[80.22447,9.47043],[80.22371,9.47094],[80.22323,9.47135],[80.22155,9.47227],[80.22018,9.47263],[80.21886,9.47306],[80.21864,9.47306],[80.21852,9.473],[80.21805,9.47264],[80.21767,9.47225],[80.21758,9.47205]],[[80.22433,9.47675],[80.22436,9.4763],[80.22584,9.4754],[80.22605,9.47457],[80.2261,9.47373],[80.22634,9.47324],[80.22671,9.4727],[80.22724,9.47229],[80.22773,9.47217],[80.2281,9.47225],[80.22848,9.47255],[80.22861,9.47289],[80.22933,9.47368],[80.22902,9.47421],[80.22844,9.47469],[80.22722,9.47543],[80.22564,9.47656],[80.22577,9.47687],[80.22519,9.47706],[80.22477,9.4771],[80.2244,9.47703],[80.22433,9.47675]],[[80.22612,9.48603],[80.22651,9.48583],[80.2267,9.48621],[80.22677,9.48621],[80.22693,9.48641],[80.22723,9.48627],[80.22741,9.48664],[80.22704,9.48684],[80.22663,9.48718],[80.22655,9.48713],[80.22612,9.48603]],[[80.24191,9.46562],[80.24203,9.46553],[80.24228,9.46545],[80.24242,9.46546],[80.24247,9.46558],[80.24241,9.46567],[80.24223,9.4657],[80.24212,9.46566],[80.24203,9.46577],[80.24191,9.46562]]]}},{"type":"Feature","properties":{"c":"farmland"},"geometry":{"type":"Polygon","coordinates":[[[80.20491,9.46162],[80.20566,9.46331],[80.20579,9.46318],[80.20713,9.46243],[80.20783,9.46208],[80.20873,9.46175],[80.20913,9.46162],[80.20983,9.46186],[80.21025,9.46123],[80.20945,9.46012],[80.20727,9.46087],[80.20744,9.46111],[80.20731,9.46121],[80.20738,9.46132],[80.20648,9.46175],[80.20616,9.46127],[80.20491,9.46162]]]}},{"type":"Feature","properties":{"c":"farmland"},"geometry":{"type":"Polygon","coordinates":[[[80.21057,9.46145],[80.21093,9.46369],[80.21105,9.46405],[80.21278,9.46315],[80.21178,9.46087],[80.21132,9.46057],[80.21057,9.46145]]]}},{"type":"Feature","properties":{"c":"farmland"},"geometry":{"type":"Polygon","coordinates":[[[80.21123,9.46435],[80.21167,9.46536],[80.21182,9.4661],[80.21197,9.46627],[80.21228,9.46607],[80.21225,9.46572],[80.21237,9.46539],[80.21226,9.46487],[80.212,9.46468],[80.21168,9.46471],[80.21148,9.46419],[80.21123,9.46435]]]}},{"type":"Feature","properties":{"c":"farmland"},"geometry":{"type":"Polygon","coordinates":[[[80.13332,9.42345],[80.13342,9.42363],[80.13365,9.42365],[80.13436,9.42441],[80.13567,9.42537],[80.13615,9.42579],[80.1366,9.42545],[80.13712,9.42584],[80.13842,9.4256],[80.13872,9.42547],[80.13955,9.42493],[80.1375,9.4238],[80.13719,9.42397],[80.137,9.42424],[80.13683,9.42432],[80.13661,9.42402],[80.13674,9.42396],[80.13669,9.42383],[80.13632,9.42364],[80.13385,9.42266],[80.13332,9.42345]]]}},{"type":"Feature","properties":{"c":"farmland"},"geometry":{"type":"Polygon","coordinates":[[[80.12829,9.42362],[80.13037,9.42441],[80.13087,9.42464],[80.13135,9.425],[80.13151,9.42495],[80.13149,9.42508],[80.13168,9.42526],[80.13186,9.42528],[80.1321,9.42565],[80.1335,9.42695],[80.1356,9.42852],[80.13611,9.42884],[80.13622,9.42883],[80.13673,9.42802],[80.13653,9.42773],[80.13643,9.42737],[80.13646,9.42691],[80.13656,9.42662],[80.13589,9.42587],[80.1354,9.42565],[80.13503,9.42535],[80.13473,9.42526],[80.13429,9.42494],[80.13416,9.42476],[80.13396,9.42487],[80.13338,9.42424],[80.13353,9.424],[80.13315,9.42371],[80.13239,9.42349],[80.13211,9.4233],[80.13112,9.42304],[80.13094,9.42336],[80.13065,9.42309],[80.13047,9.42324],[80.13028,9.42306],[80.13033,9.4228],[80.13,9.42268],[80.12974,9.42282],[80.12969,9.42259],[80.12982,9.4224],[80.12936,9.42221],[80.1286,9.42311],[80.12829,9.42362]]]}},{"type":"Feature","properties":{"c":"farmland"},"geometry":{"type":"Polygon","coordinates":[[[80.25764,9.44523],[80.25769,9.44551],[80.25796,9.44578],[80.25896,9.44564],[80.26001,9.44727],[80.26147,9.44723],[80.26223,9.44693],[80.26361,9.44588],[80.26494,9.4448],[80.26667,9.44307],[80.26723,9.44294],[80.26912,9.44276],[80.26949,9.44376],[80.26874,9.44541],[80.26653,9.44792],[80.26448,9.4496],[80.26739,9.44967],[80.26752,9.4492],[80.26856,9.44893],[80.26947,9.44893],[80.27082,9.44924],[80.27107,9.44972],[80.27229,9.44976],[80.2738,9.44911],[80.27454,9.44823],[80.27482,9.44776],[80.27487,9.44742],[80.27476,9.44711],[80.27418,9.44625],[80.27413,9.44587],[80.2734,9.44421],[80.27307,9.44303],[80.27307,9.44218],[80.27318,9.44148],[80.27348,9.4409],[80.27374,9.44067],[80.27361,9.44029],[80.27485,9.43963],[80.27549,9.4399],[80.27612,9.43995],[80.2777,9.43975],[80.27834,9.43934],[80.27873,9.43922],[80.27904,9.43933],[80.27925,9.44069],[80.27962,9.441],[80.27978,9.44091],[80.28063,9.44073],[80.28028,9.44],[80.28066,9.43972],[80.28074,9.43856],[80.28058,9.43783],[80.28023,9.4378],[80.28002,9.43763],[80.27986,9.43738],[80.2798,9.43697],[80.27934,9.43676],[80.27884,9.43674],[80.27845,9.43701],[80.27798,9.436],[80.27715,9.43534],[80.2767,9.43565],[80.27561,9.43663],[80.2747,9.43727],[80.27424,9.43802],[80.27296,9.43929],[80.27282,9.43962],[80.27239,9.43845],[80.27133,9.43737],[80.2709,9.43737],[80.2695,9.4381],[80.26769,9.43844],[80.26662,9.43889],[80.26594,9.43968],[80.26495,9.44126],[80.26433,9.4414],[80.2634,9.44117],[80.26312,9.44103],[80.26251,9.44174],[80.26201,9.44248],[80.26253,9.44321],[80.2621,9.44394],[80.26098,9.44453],[80.2598,9.44432],[80.25882,9.44483],[80.25764,9.44523]]]}},{"type":"Feature","properties":{"c":"farmland"},"geometry":{"type":"Polygon","coordinates":[[[80.25087,9.44336],[80.25126,9.44446],[80.25148,9.44485],[80.25122,9.44499],[80.25115,9.44518],[80.25117,9.44535],[80.25095,9.44578],[80.2514,9.4463],[80.25152,9.44624],[80.25185,9.4459],[80.25243,9.44552],[80.25219,9.44487],[80.25224,9.44484],[80.25268,9.44527],[80.25324,9.44567],[80.25351,9.44554],[80.25363,9.44575],[80.2538,9.44571],[80.25422,9.44545],[80.25408,9.44515],[80.2541,9.44495],[80.25388,9.44413],[80.25394,9.44384],[80.25422,9.44384],[80.25464,9.44484],[80.25511,9.44459],[80.25533,9.44497],[80.2563,9.44475],[80.25659,9.44524],[80.25674,9.44529],[80.25723,9.4451],[80.25681,9.44271],[80.25579,9.44292],[80.2556,9.44265],[80.25465,9.44251],[80.25392,9.44249],[80.25378,9.44183],[80.2535,9.44157],[80.25257,9.44121],[80.25183,9.44104],[80.25159,9.44113],[80.25139,9.44129],[80.25114,9.44174],[80.25131,9.44228],[80.25102,9.44255],[80.25089,9.443],[80.25087,9.44336]]]}},{"type":"Feature","properties":{"c":"farmland"},"geometry":{"type":"Polygon","coordinates":[[[80.19724,9.47067],[80.19746,9.47111],[80.19778,9.47096],[80.19768,9.47077],[80.19799,9.47059],[80.19785,9.47028],[80.19724,9.47067]]]}},{"type":"Feature","properties":{"c":"farmland"},"geometry":{"type":"Polygon","coordinates":[[[80.1968,9.46902],[80.19702,9.46944],[80.19745,9.46975],[80.19787,9.47019],[80.19809,9.47008],[80.19853,9.47097],[80.19926,9.47081],[80.19912,9.47017],[80.19894,9.46895],[80.19899,9.46887],[80.20018,9.46864],[80.2002,9.46767],[80.19941,9.46778],[80.19894,9.46803],[80.19876,9.46826],[80.19802,9.46858],[80.19792,9.46846],[80.19748,9.46866],[80.1969,9.4688],[80.1968,9.46902]]]}},{"type":"Feature","properties":{"c":"farmland"},"geometry":{"type":"Polygon","coordinates":[[[80.1903,9.48201],[80.19033,9.48264],[80.19048,9.48296],[80.19052,9.4837],[80.19066,9.48393],[80.19284,9.48261],[80.19273,9.48207],[80.19245,9.48187],[80.19199,9.48202],[80.19179,9.48197],[80.1911,9.48229],[80.19053,9.48182],[80.1903,9.48201]]]}},{"type":"Feature","properties":{"c":"orchard"},"geometry":{"type":"Polygon","coordinates":[[[80.1912,9.48414],[80.19125,9.48433],[80.19159,9.48421],[80.19172,9.48432],[80.19217,9.4842],[80.19252,9.48371],[80.19214,9.48315],[80.19208,9.4832],[80.19199,9.48345],[80.19187,9.48357],[80.19165,9.48368],[80.19163,9.48385],[80.1912,9.48414]]]}},{"type":"Feature","properties":{"c":"orchard"},"geometry":{"type":"Polygon","coordinates":[[[80.19389,9.48957],[80.19424,9.49024],[80.19496,9.48997],[80.19467,9.4893],[80.19409,9.48946],[80.19389,9.48957]]]}},{"type":"Feature","properties":{"c":"farmland"},"geometry":{"type":"Polygon","coordinates":[[[80.23171,9.44161],[80.23187,9.44205],[80.23204,9.44199],[80.23201,9.4419],[80.23211,9.44186],[80.23205,9.44163],[80.23225,9.44158],[80.23237,9.44194],[80.2326,9.4419],[80.23255,9.44173],[80.23299,9.44163],[80.23284,9.44125],[80.23171,9.44161]]]}},{"type":"Feature","properties":{"c":"farmland"},"geometry":{"type":"Polygon","coordinates":[[[80.25143,9.3037],[80.2516,9.30392],[80.25295,9.30456],[80.25459,9.30565],[80.2544,9.30634],[80.25407,9.30714],[80.25376,9.30737],[80.25378,9.30827],[80.25317,9.30796],[80.25293,9.3081],[80.2527,9.30875],[80.25251,9.31006],[80.25217,9.31004],[80.2521,9.31031],[80.25213,9.31061],[80.25278,9.31102],[80.25259,9.31144],[80.25204,9.31139],[80.252,9.31189],[80.25206,9.31407],[80.25221,9.31453],[80.25195,9.31551],[80.25202,9.31585],[80.25243,9.31613],[80.25294,9.31623],[80.25378,9.31583],[80.25402,9.31582],[80.25398,9.31648],[80.25429,9.31658],[80.25465,9.31682],[80.25456,9.31778],[80.2546,9.31867],[80.25457,9.319],[80.25771,9.31902],[80.25875,9.3195],[80.2594,9.31842],[80.25922,9.31744],[80.25852,9.31666],[80.2586,9.31542],[80.25922,9.31511],[80.26,9.31413],[80.2597,9.3136],[80.25951,9.31208],[80.25892,9.31152],[80.25819,9.31116],[80.2579,9.31082],[80.25719,9.31051],[80.25689,9.3106],[80.25678,9.31029],[80.25618,9.30963],[80.25567,9.30969],[80.25541,9.30886],[80.25588,9.30783],[80.25598,9.30694],[80.25729,9.30678],[80.25692,9.30635],[80.25618,9.30567],[80.25367,9.304],[80.25144,9.30365],[80.25143,9.3037]]]}},{"type":"Feature","properties":{"c":"farmland"},"geometry":{"type":"Polygon","coordinates":[[[80.19651,9.43308],[80.19669,9.43381],[80.19774,9.43341],[80.19735,9.43246],[80.19689,9.43272],[80.19651,9.43308]]]}},{"type":"Feature","properties":{"c":"farmland"},"geometry":{"type":"Polygon","coordinates":[[[80.18958,9.44798],[80.18988,9.4494],[80.1913,9.44896],[80.19109,9.4486],[80.19101,9.44813],[80.19099,9.44734],[80.19168,9.44611],[80.19232,9.44569],[80.19301,9.44544],[80.1938,9.44555],[80.19494,9.44632],[80.19509,9.44722],[80.19465,9.44762],[80.19489,9.448],[80.19411,9.44853],[80.19411,9.4487],[80.19436,9.44912],[80.19476,9.44893],[80.19523,9.44955],[80.19588,9.4492],[80.19566,9.44887],[80.19614,9.44861],[80.1963,9.44878],[80.19697,9.4479],[80.19654,9.44747],[80.19635,9.44718],[80.19704,9.44673],[80.19644,9.44606],[80.19451,9.44446],[80.1943,9.44465],[80.19394,9.44469],[80.19372,9.44439],[80.19345,9.44437],[80.19341,9.44408],[80.1931,9.44397],[80.19312,9.44428],[80.19169,9.44471],[80.19156,9.44469],[80.19146,9.44434],[80.19019,9.44578],[80.18958,9.44798]]]}},{"type":"Feature","properties":{"c":"farmland"},"geometry":{"type":"Polygon","coordinates":[[[80.23267,9.32452],[80.23263,9.3248],[80.23288,9.32505],[80.23283,9.32514],[80.23298,9.32523],[80.23308,9.32484],[80.23329,9.3243],[80.23283,9.3242],[80.23267,9.32452]]]}},{"type":"Feature","properties":{"c":"orchard"},"geometry":{"type":"Polygon","coordinates":[[[80.25997,9.36859],[80.26022,9.36912],[80.26021,9.3696],[80.26037,9.37001],[80.26073,9.37055],[80.26114,9.37103],[80.26067,9.37171],[80.26085,9.37189],[80.26107,9.37225],[80.26111,9.37259],[80.26127,9.37268],[80.2614,9.37307],[80.26157,9.37341],[80.26151,9.37365],[80.26211,9.37393],[80.26315,9.37279],[80.264,9.37223],[80.26319,9.37145],[80.26263,9.37106],[80.26203,9.3698],[80.26174,9.36957],[80.2612,9.36855],[80.26087,9.36822],[80.25997,9.36859]]]}},{"type":"Feature","properties":{"c":"farmland"},"geometry":{"type":"Polygon","coordinates":[[[80.21448,9.30824],[80.21514,9.30915],[80.21813,9.30997],[80.21932,9.31036],[80.21971,9.31042],[80.22056,9.30981],[80.22182,9.30836],[80.22195,9.30808],[80.22201,9.30728],[80.22211,9.30711],[80.2235,9.3064],[80.22547,9.3057],[80.22484,9.30435],[80.225,9.30283],[80.225,9.30182],[80.22478,9.30137],[80.22351,9.30205],[80.22184,9.30159],[80.22078,9.30144],[80.21873,9.30143],[80.21656,9.30228],[80.21645,9.30309],[80.2164,9.30418],[80.21869,9.30553],[80.22028,9.30655],[80.21891,9.30891],[80.2183,9.30808],[80.21798,9.30742],[80.21806,9.30728],[80.21758,9.30709],[80.21722,9.30703],[80.21666,9.30709],[80.21538,9.30666],[80.21508,9.3065],[80.21486,9.30647],[80.21448,9.30824]]]}},{"type":"Feature","properties":{"c":"farmland"},"geometry":{"type":"Polygon","coordinates":[[[80.22526,9.32573],[80.22673,9.32612],[80.22646,9.32686],[80.22696,9.32704],[80.22716,9.32637],[80.22751,9.32643],[80.22782,9.32556],[80.22829,9.3239],[80.22846,9.32353],[80.22845,9.32316],[80.2282,9.32284],[80.22815,9.3225],[80.22849,9.32215],[80.22899,9.32203],[80.22951,9.32098],[80.23007,9.32058],[80.23116,9.32031],[80.23202,9.32024],[80.23249,9.31903],[80.23036,9.319],[80.22929,9.31906],[80.22959,9.31976],[80.22967,9.32027],[80.22902,9.32051],[80.22841,9.3204],[80.22774,9.32053],[80.22724,9.3207],[80.22716,9.32131],[80.2267,9.3217],[80.22655,9.3224],[80.22691,9.32411],[80.22688,9.32465],[80.22641,9.32478],[80.22576,9.32514],[80.22526,9.32573]]]}},{"type":"Feature","properties":{"c":"farmland"},"geometry":{"type":"Polygon","coordinates":[[[80.20543,9.31177],[80.20557,9.32154],[80.20557,9.32762],[80.21066,9.32726],[80.21245,9.33059],[80.21631,9.33279],[80.21746,9.33782],[80.22015,9.34022],[80.22084,9.33887],[80.22033,9.33807],[80.2206,9.33725],[80.22118,9.33696],[80.22275,9.33705],[80.22317,9.33661],[80.22409,9.33686],[80.22413,9.3365],[80.22356,9.33582],[80.22379,9.33519],[80.22325,9.33482],[80.22224,9.33554],[80.22155,9.33553],[80.22053,9.33571],[80.21973,9.33512],[80.21896,9.33575],[80.21826,9.33539],[80.2176,9.33448],[80.21734,9.3336],[80.21718,9.33263],[80.21748,9.33144],[80.21861,9.33073],[80.21924,9.33019],[80.21945,9.32991],[80.2192,9.32947],[80.21975,9.32907],[80.2198,9.32792],[80.22025,9.32691],[80.22131,9.32648],[80.22079,9.32579],[80.22337,9.32376],[80.22347,9.32301],[80.22318,9.32205],[80.22364,9.32116],[80.22395,9.32033],[80.22432,9.31976],[80.22523,9.31891],[80.22606,9.31839],[80.22622,9.31796],[80.22668,9.31778],[80.22674,9.3174],[80.22746,9.31674],[80.22833,9.31624],[80.22914,9.31643],[80.22936,9.31892],[80.23244,9.31893],[80.23428,9.31311],[80.23362,9.31064],[80.23203,9.30801],[80.2319,9.30647],[80.23135,9.30606],[80.23097,9.30587],[80.23062,9.30587],[80.22991,9.30652],[80.2291,9.30699],[80.22825,9.30693],[80.22695,9.30593],[80.22641,9.30578],[80.22516,9.30605],[80.22373,9.30658],[80.22236,9.30726],[80.22223,9.30754],[80.22228,9.30786],[80.22215,9.30854],[80.22059,9.31032],[80.2199,9.31068],[80.2195,9.31069],[80.2173,9.31003],[80.2157,9.30973],[80.21377,9.31021],[80.21233,9.31047],[80.21177,9.31146],[80.21143,9.31249],[80.21117,9.31381],[80.21125,9.31474],[80.21171,9.31506],[80.21325,9.31486],[80.21352,9.31536],[80.21468,9.31528],[80.21466,9.3166],[80.21477,9.31898],[80.21674,9.31863],[80.21787,9.31904],[80.21836,9.31991],[80.21742,9.32048],[80.21582,9.32246],[80.21451,9.32249],[80.21284,9.32228],[80.21242,9.32153],[80.21173,9.32098],[80.21111,9.32034],[80.2109,9.31985],[80.20834,9.3208],[80.20789,9.31891],[80.2082,9.31821],[80.20848,9.31793],[80.20816,9.31745],[80.20827,9.31694],[80.2085,9.31688],[80.20878,9.3159],[80.2104,9.31605],[80.21076,9.3133],[80.21004,9.31341],[80.20975,9.31327],[80.20995,9.31228],[80.2098,9.31156],[80.20922,9.31158],[80.20886,9.31127],[80.20811,9.31112],[80.20705,9.31129],[80.20543,9.31177]]]}},{"type":"Feature","properties":{"c":"farmland"},"geometry":{"type":"Polygon","coordinates":[[[80.23429,9.32717],[80.23437,9.32766],[80.2345,9.32803],[80.23447,9.32827],[80.2346,9.32855],[80.23498,9.32891],[80.23484,9.32934],[80.23477,9.32983],[80.23515,9.32985],[80.23535,9.33014],[80.23624,9.3295],[80.23652,9.32945],[80.23688,9.32956],[80.23695,9.32947],[80.23645,9.32857],[80.23632,9.32809],[80.23625,9.3272],[80.23612,9.32717],[80.23599,9.32688],[80.23524,9.32687],[80.23434,9.32709],[80.23429,9.32717]]]}},{"type":"Feature","properties":{"c":"farmland"},"geometry":{"type":"Polygon","coordinates":[[[80.38901,9.46003],[80.38929,9.46008],[80.38942,9.45968],[80.38986,9.45977],[80.39053,9.45776],[80.39096,9.45784],[80.3913,9.45767],[80.39136,9.45824],[80.39166,9.45827],[80.39195,9.4591],[80.39236,9.45902],[80.39299,9.4598],[80.3936,9.45927],[80.39273,9.45748],[80.39291,9.45738],[80.3928,9.45684],[80.39345,9.45664],[80.39344,9.4564],[80.39367,9.45638],[80.39371,9.45666],[80.39397,9.45666],[80.3941,9.45727],[80.39475,9.45718],[80.39492,9.45794],[80.39535,9.45756],[80.39623,9.4566],[80.3996,9.45346],[80.40008,9.45293],[80.40013,9.45246],[80.40089,9.45214],[80.40086,9.45154],[80.40166,9.45143],[80.40166,9.45037],[80.40214,9.45027],[80.40274,9.45007],[80.40262,9.44909],[80.40198,9.44913],[80.40213,9.44816],[80.40185,9.44791],[80.40161,9.44723],[80.4014,9.44635],[80.40028,9.44662],[80.4,9.44632],[80.40009,9.44443],[80.39929,9.44433],[80.3987,9.44444],[80.3987,9.44477],[80.39817,9.44485],[80.39773,9.44472],[80.39739,9.44433],[80.39693,9.44399],[80.39652,9.44453],[80.39649,9.44506],[80.39607,9.44526],[80.39585,9.44579],[80.39547,9.44637],[80.39549,9.44686],[80.39533,9.44717],[80.3952,9.4477],[80.39529,9.44896],[80.39554,9.45],[80.39549,9.45115],[80.39567,9.45241],[80.39548,9.45349],[80.39549,9.4571],[80.39532,9.45705],[80.39526,9.45404],[80.39532,9.45282],[80.39532,9.45133],[80.39521,9.44977],[80.39485,9.44782],[80.39496,9.44765],[80.39499,9.44717],[80.39491,9.44711],[80.39428,9.44719],[80.39405,9.44744],[80.39281,9.44802],[80.39155,9.44886],[80.391,9.44902],[80.39087,9.44916],[80.3908,9.4496],[80.39027,9.44968],[80.39036,9.45007],[80.39016,9.45084],[80.39026,9.45119],[80.3902,9.45169],[80.38971,9.45205],[80.38954,9.45231],[80.38937,9.45281],[80.38918,9.45302],[80.38925,9.45353],[80.38953,9.45361],[80.38959,9.45372],[80.39069,9.4537],[80.3907,9.45419],[80.39079,9.45444],[80.39106,9.45482],[80.3914,9.455],[80.39166,9.45504],[80.39281,9.45494],[80.39249,9.45522],[80.3915,9.45578],[80.39159,9.45634],[80.39135,9.45646],[80.39102,9.45682],[80.38903,9.45621],[80.38901,9.46003]]]}},{"type":"Feature","properties":{"c":"farmland"},"geometry":{"type":"Polygon","coordinates":[[[80.11399,9.3349],[80.11423,9.3355],[80.11596,9.33499],[80.11592,9.33485],[80.11543,9.33408],[80.11521,9.33381],[80.11442,9.33391],[80.11412,9.334],[80.11409,9.33421],[80.11414,9.33452],[80.11399,9.3349]]]}},{"type":"Feature","properties":{"c":"farmland"},"geometry":{"type":"Polygon","coordinates":[[[80.1988,9.43148],[80.19888,9.43218],[80.20147,9.43089],[80.20214,9.4307],[80.20259,9.43081],[80.20275,9.43128],[80.203,9.43166],[80.20192,9.43239],[80.20119,9.43302],[80.20027,9.43323],[80.1991,9.43333],[80.1992,9.43418],[80.20024,9.4339],[80.20241,9.43283],[80.2056,9.43182],[80.20646,9.43151],[80.20796,9.43089],[80.21067,9.43061],[80.21102,9.43036],[80.21143,9.43041],[80.21364,9.43038],[80.21427,9.43011],[80.21491,9.42998],[80.21516,9.43043],[80.21809,9.42971],[80.21959,9.43112],[80.22131,9.43215],[80.22291,9.43241],[80.22424,9.43198],[80.2256,9.43071],[80.22618,9.42948],[80.22677,9.42712],[80.2264,9.4266],[80.22635,9.42559],[80.22577,9.42487],[80.22552,9.42423],[80.22537,9.42343],[80.2245,9.42271],[80.22361,9.42392],[80.22201,9.4253],[80.2196,9.42717],[80.21822,9.42795],[80.21455,9.42906],[80.2118,9.42901],[80.21066,9.42921],[80.21009,9.42914],[80.20929,9.42882],[80.20733,9.42769],[80.2056,9.42738],[80.20496,9.42745],[80.20355,9.4275],[80.20265,9.42774],[80.20136,9.42788],[80.20027,9.42796],[80.19976,9.42791],[80.19937,9.42794],[80.19918,9.42804],[80.19903,9.42862],[80.19947,9.42926],[80.19994,9.43014],[80.19976,9.43068],[80.19924,9.43098],[80.19928,9.43108],[80.19882,9.43128],[80.1988,9.43148]],[[80.20132,9.43064],[80.20169,9.43055],[80.20173,9.43079],[80.20137,9.43087],[80.20132,9.43064]],[[80.20346,9.43034],[80.20377,9.42991],[80.20435,9.42957],[80.20492,9.42951],[80.20535,9.43027],[80.20472,9.43065],[80.20404,9.43095],[80.20346,9.43034]],[[80.22084,9.42969],[80.22272,9.42861],[80.22331,9.42834],[80.22372,9.42805],[80.22384,9.42822],[80.22424,9.42814],[80.22489,9.42811],[80.22568,9.42863],[80.22563,9.42892],[80.22541,9.42911],[80.2251,9.42922],[80.22505,9.42902],[80.22487,9.42896],[80.22453,9.42915],[80.22439,9.42948],[80.22412,9.42974],[80.22376,9.42989],[80.22331,9.43031],[80.22275,9.43058],[80.22228,9.43069],[80.22131,9.43037],[80.22119,9.43022],[80.22113,9.42983],[80.22084,9.42969]]]}},{"type":"Feature","properties":{"c":"forest"},"geometry":{"type":"Polygon","coordinates":[[[80.16558,9.45135],[80.16599,9.45265],[80.16692,9.45496],[80.16763,9.45744],[80.16791,9.45863],[80.1683,9.45978],[80.16896,9.46063],[80.1692,9.46172],[80.17115,9.46248],[80.17418,9.46222],[80.17513,9.46286],[80.17582,9.46348],[80.17675,9.46398],[80.1784,9.46648],[80.17981,9.46882],[80.18097,9.47021],[80.1833,9.47411],[80.1845,9.47646],[80.1851,9.47868],[80.18582,9.47956],[80.18704,9.47919],[80.18748,9.47846],[80.18659,9.47763],[80.18638,9.47649],[80.18604,9.47267],[80.18636,9.47],[80.18617,9.46824],[80.18743,9.4656],[80.18783,9.4656],[80.18799,9.47003],[80.18919,9.47047],[80.18979,9.47179],[80.18975,9.47379],[80.18999,9.47406],[80.191,9.47427],[80.1919,9.47333],[80.19409,9.47157],[80.1955,9.47009],[80.19631,9.46948],[80.19647,9.46917],[80.19677,9.46879],[80.19829,9.46833],[80.19876,9.46806],[80.19974,9.46733],[80.20067,9.46538],[80.2025,9.46436],[80.20297,9.46323],[80.20287,9.46183],[80.20189,9.45949],[80.20389,9.45833],[80.20474,9.45926],[80.20895,9.45825],[80.20934,9.45881],[80.21037,9.45881],[80.21051,9.45776],[80.21167,9.45636],[80.21416,9.45493],[80.21499,9.4537],[80.21821,9.45177],[80.22194,9.44887],[80.22675,9.4473],[80.22886,9.44563],[80.23123,9.44528],[80.23241,9.4445],[80.23585,9.44319],[80.23829,9.44413],[80.24246,9.44114],[80.24249,9.43979],[80.23869,9.44002],[80.23963,9.43834],[80.24118,9.43738],[80.23838,9.43672],[80.23465,9.43505],[80.2356,9.43293],[80.23742,9.43291],[80.2389,9.43165],[80.24001,9.43202],[80.24389,9.43148],[80.24583,9.43235],[80.24746,9.43165],[80.25012,9.43171],[80.25187,9.43275],[80.25411,9.43106],[80.25461,9.42937],[80.25699,9.42763],[80.25831,9.42563],[80.25659,9.42426],[80.25527,9.42475],[80.25246,9.42362],[80.24983,9.42186],[80.24735,9.42196],[80.2442,9.42333],[80.24176,9.42293],[80.2394,9.42247],[80.23571,9.4229],[80.23199,9.42378],[80.22892,9.42544],[80.22677,9.42712],[80.22618,9.42948],[80.2256,9.43071],[80.22424,9.43198],[80.22291,9.43241],[80.22131,9.43215],[80.21959,9.43112],[80.21809,9.42971],[80.21353,9.43104],[80.20832,9.43119],[80.20497,9.43299],[80.20234,9.43459],[80.20251,9.43551],[80.201,9.43639],[80.20029,9.43626],[80.20039,9.43869],[80.19826,9.43881],[80.19551,9.42919],[80.193,9.42915],[80.19429,9.42752],[80.19365,9.42685],[80.19284,9.42763],[80.18836,9.4297],[80.18661,9.42942],[80.18484,9.4298],[80.18502,9.43111],[80.18302,9.43313],[80.18211,9.43344],[80.18079,9.4335],[80.17916,9.43303],[80.17645,9.43161],[80.17574,9.43201],[80.17529,9.4331],[80.17355,9.43415],[80.17078,9.43398],[80.16959,9.43467],[80.16875,9.43695],[80.16886,9.43886],[80.16923,9.43915],[80.16934,9.43972],[80.16993,9.4403],[80.17077,9.44068],[80.17225,9.44015],[80.17237,9.44111],[80.17065,9.44221],[80.17048,9.44391],[80.17033,9.44699],[80.16636,9.44932],[80.1659,9.44993],[80.1657,9.45063],[80.16558,9.45135]],[[80.17584,9.4405],[80.17598,9.44039],[80.17652,9.44022],[80.17668,9.44023],[80.17684,9.44042],[80.17682,9.44056],[80.1759,9.44071],[80.17584,9.4407],[80.17584,9.4405]],[[80.17719,9.4423],[80.17731,9.44203],[80.17748,9.44185],[80.178,9.44186],[80.17827,9.44173],[80.17835,9.44165],[80.17844,9.44134],[80.17878,9.44112],[80.17943,9.44115],[80.17983,9.44088],[80.18,9.44081],[80.18085,9.44081],[80.18092,9.44086],[80.18083,9.44118],[80.18049,9.44143],[80.17994,9.44172],[80.17976,9.44194],[80.1798,9.442],[80.17977,9.44216],[80.17969,9.44228],[80.17955,9.44241],[80.17921,9.44256],[80.17889,9.44266],[80.17884,9.44261],[80.17893,9.44201],[80.17889,9.44189],[80.17876,9.44176],[80.17856,9.44167],[80.17842,9.44174],[80.17793,9.44216],[80.17731,9.44235],[80.17719,9.4423]],[[80.17873,9.44],[80.17891,9.43862],[80.17938,9.43798],[80.17981,9.43705],[80.18038,9.43636],[80.18152,9.43599],[80.18139,9.4369],[80.1805,9.43768],[80.1801,9.43931],[80.17873,9.44]],[[80.18112,9.43965],[80.18157,9.43894],[80.18217,9.43853],[80.18235,9.43749],[80.18263,9.43668],[80.1832,9.4364],[80.18393,9.43636],[80.18546,9.43637],[80.18644,9.43542],[80.18674,9.43646],[80.18565,9.43777],[80.18439,9.43872],[80.18258,9.43958],[80.18112,9.43965]],[[80.18755,9.43208],[80.18799,9.43166],[80.18861,9.43125],[80.18888,9.43147],[80.18968,9.43103],[80.19062,9.4309],[80.19091,9.43149],[80.19107,9.43217],[80.19027,9.43263],[80.18982,9.43248],[80.18947,9.43318],[80.18872,9.43345],[80.18803,9.43345],[80.18776,9.43338],[80.18788,9.43288],[80.18755,9.43208]],[[80.18958,9.44798],[80.19019,9.44578],[80.19146,9.44434],[80.19156,9.44469],[80.19169,9.44471],[80.19312,9.44428],[80.1931,9.44397],[80.19341,9.44408],[80.19345,9.44437],[80.19372,9.44439],[80.19394,9.44469],[80.1943,9.44465],[80.19451,9.44446],[80.19644,9.44606],[80.19704,9.44673],[80.19635,9.44718],[80.19654,9.44747],[80.19697,9.4479],[80.1963,9.44878],[80.19614,9.44861],[80.19566,9.44887],[80.19588,9.4492],[80.19523,9.44955],[80.19476,9.44893],[80.19436,9.44912],[80.19411,9.4487],[80.19411,9.44853],[80.19489,9.448],[80.19465,9.44762],[80.19398,9.44824],[80.19286,9.4488],[80.19238,9.44898],[80.19125,9.44886],[80.1913,9.44896],[80.18988,9.4494],[80.18958,9.44798]],[[80.2175,9.44254],[80.21754,9.44235],[80.21776,9.44229],[80.21794,9.44231],[80.21799,9.44235],[80.21804,9.44253],[80.21803,9.44272],[80.21787,9.44283],[80.21768,9.4428],[80.21754,9.44268],[80.2175,9.44254]],[[80.23041,9.42923],[80.23052,9.42894],[80.23062,9.42895],[80.23068,9.42885],[80.23093,9.42874],[80.23115,9.42856],[80.23124,9.42855],[80.23135,9.42866],[80.23141,9.42881],[80.23124,9.42905],[80.23109,9.42909],[80.23096,9.42898],[80.23083,9.42905],[80.23079,9.4292],[80.23058,9.42923],[80.23047,9.42936],[80.23041,9.42923]],[[80.23122,9.44124],[80.23131,9.44104],[80.23175,9.44094],[80.23196,9.44083],[80.23189,9.44067],[80.23197,9.44052],[80.23217,9.44051],[80.23256,9.44036],[80.23271,9.44021],[80.23272,9.44005],[80.23284,9.44005],[80.23292,9.44038],[80.23264,9.44101],[80.23245,9.44123],[80.23153,9.44152],[80.23132,9.44143],[80.23122,9.44124]],[[80.23171,9.44161],[80.23284,9.44125],[80.23299,9.44163],[80.23255,9.44173],[80.2326,9.4419],[80.23237,9.44194],[80.23225,9.44158],[80.23205,9.44163],[80.23211,9.44186],[80.23201,9.4419],[80.23204,9.44199],[80.23187,9.44205],[80.23171,9.44161]],[[80.2359,9.4311],[80.23637,9.43056],[80.237,9.43022],[80.23778,9.43024],[80.23767,9.43003],[80.2376,9.4288],[80.23847,9.42773],[80.23878,9.42813],[80.23862,9.42915],[80.23813,9.42984],[80.23825,9.43108],[80.23736,9.43181],[80.23696,9.43265],[80.23621,9.43259],[80.23643,9.43203],[80.2359,9.4311]]]}},{"type":"Feature","properties":{"c":"scrub"},"geometry":{"type":"Polygon","coordinates":[[[80.27154,9.42963],[80.27457,9.43007],[80.27552,9.43045],[80.27638,9.42989],[80.27678,9.42919],[80.27745,9.42976],[80.2779,9.42945],[80.27808,9.429],[80.27834,9.42868],[80.27861,9.42849],[80.27879,9.42848],[80.27944,9.42898],[80.28066,9.42927],[80.28166,9.42844],[80.28172,9.42807],[80.28128,9.42703],[80.28001,9.42682],[80.27948,9.42666],[80.2786,9.42661],[80.27774,9.42649],[80.27748,9.42617],[80.27705,9.42611],[80.2758,9.42607],[80.27528,9.42626],[80.27465,9.42589],[80.27327,9.42656],[80.27239,9.42734],[80.27191,9.42838],[80.27181,9.42896],[80.27154,9.42963]]]}},{"type":"Feature","properties":{"c":"scrub"},"geometry":{"type":"Polygon","coordinates":[[[80.25552,9.44743],[80.25554,9.44764],[80.25578,9.44762],[80.25608,9.44771],[80.25623,9.44792],[80.25651,9.44777],[80.25675,9.44777],[80.25696,9.44769],[80.25733,9.44775],[80.25755,9.44761],[80.25768,9.44775],[80.25826,9.44728],[80.25831,9.44704],[80.25874,9.44668],[80.25881,9.44644],[80.25882,9.44615],[80.25876,9.44583],[80.25823,9.446],[80.25783,9.44592],[80.25702,9.44629],[80.25643,9.4467],[80.2556,9.44705],[80.25552,9.44743]]]}},{"type":"Feature","properties":{"c":"farmland"},"geometry":{"type":"Polygon","coordinates":[[[80.42561,9.44854],[80.42808,9.44871],[80.42812,9.44789],[80.42835,9.44789],[80.42837,9.44588],[80.42786,9.44582],[80.42782,9.44531],[80.42656,9.44535],[80.42652,9.44578],[80.42668,9.44767],[80.42565,9.44779],[80.42561,9.44854]]]}},{"type":"Feature","properties":{"c":"farmland"},"geometry":{"type":"Polygon","coordinates":[[[80.42277,9.44869],[80.42539,9.44856],[80.42405,9.44858],[80.42415,9.44678],[80.42504,9.44659],[80.42502,9.44491],[80.42402,9.44486],[80.42399,9.44528],[80.423,9.44558],[80.42279,9.44769],[80.42277,9.44869]]]}},{"type":"Feature","properties":{"c":"farmland"},"geometry":{"type":"Polygon","coordinates":[[[80.43334,9.43827],[80.43346,9.43999],[80.43648,9.44],[80.43665,9.43907],[80.43748,9.4389],[80.43746,9.43865],[80.43767,9.43856],[80.4377,9.4376],[80.43792,9.4374],[80.43827,9.43724],[80.43829,9.43658],[80.43641,9.43655],[80.43641,9.43669],[80.43578,9.43671],[80.43553,9.43787],[80.43491,9.43795],[80.43481,9.43859],[80.43453,9.43873],[80.43423,9.43936],[80.43392,9.4397],[80.43391,9.43799],[80.43349,9.43804],[80.43334,9.43827]]]}},{"type":"Feature","properties":{"c":"farmland"},"geometry":{"type":"Polygon","coordinates":[[[80.42595,9.44157],[80.42605,9.44385],[80.42951,9.4438],[80.42979,9.44354],[80.42981,9.44263],[80.43073,9.44254],[80.43074,9.44162],[80.42703,9.44165],[80.42595,9.44157]]]}},{"type":"Feature","properties":{"c":"farmland"},"geometry":{"type":"Polygon","coordinates":[[[80.45552,9.42606],[80.45601,9.42708],[80.45732,9.42657],[80.45704,9.42519],[80.45552,9.42606]]]}},{"type":"Feature","properties":{"c":"farmland"},"geometry":{"type":"Polygon","coordinates":[[[80.46044,9.42386],[80.46044,9.42406],[80.46107,9.42417],[80.46111,9.42381],[80.46214,9.42348],[80.46199,9.42329],[80.46183,9.42336],[80.46181,9.4233],[80.46202,9.42315],[80.46174,9.4222],[80.46139,9.42231],[80.46097,9.42237],[80.46044,9.42386]]]}},{"type":"Feature","properties":{"c":"farmland"},"geometry":{"type":"Polygon","coordinates":[[[80.46016,9.42438],[80.4604,9.42467],[80.46085,9.42463],[80.46127,9.4248],[80.46228,9.42442],[80.46216,9.42396],[80.46198,9.42398],[80.46194,9.42378],[80.46208,9.42354],[80.46114,9.4238],[80.46107,9.42417],[80.46035,9.42409],[80.46016,9.42438]]]}},{"type":"Feature","properties":{"c":"farmyard"},"geometry":{"type":"Polygon","coordinates":[[[80.45506,9.41763],[80.45506,9.41772],[80.45516,9.41775],[80.4552,9.41768],[80.45506,9.41763]]]}},{"type":"Feature","properties":{"c":"forest"},"geometry":{"type":"Polygon","coordinates":[[[80.45483,9.41748],[80.45506,9.4178],[80.45506,9.41808],[80.45531,9.41815],[80.4554,9.41799],[80.45547,9.41772],[80.45483,9.41748]]]}},{"type":"Feature","properties":{"c":"farmland"},"geometry":{"type":"Polygon","coordinates":[[[80.45939,9.44491],[80.46023,9.44677],[80.46106,9.44798],[80.46191,9.44761],[80.46242,9.44897],[80.46379,9.44894],[80.46336,9.44661],[80.46249,9.44467],[80.46066,9.44566],[80.46018,9.4446],[80.45939,9.44491]]]}},{"type":"Feature","properties":{"c":"farmland"},"geometry":{"type":"Polygon","coordinates":[[[80.45417,9.44589],[80.45546,9.4474],[80.45613,9.44677],[80.45567,9.44554],[80.45524,9.44539],[80.45538,9.44339],[80.45501,9.44302],[80.4545,9.4429],[80.45417,9.44589]]]}},{"type":"Feature","properties":{"c":"farmland"},"geometry":{"type":"Polygon","coordinates":[[[80.45552,9.44752],[80.45567,9.4478],[80.45584,9.44776],[80.4568,9.449],[80.45879,9.44895],[80.45874,9.44862],[80.45832,9.4479],[80.45837,9.44752],[80.45731,9.44638],[80.45627,9.44669],[80.45552,9.44752]]]}},{"type":"Feature","properties":{"c":"farmland"},"geometry":{"type":"Polygon","coordinates":[[[80.45541,9.44525],[80.45579,9.44548],[80.45622,9.4466],[80.45721,9.4462],[80.45721,9.44517],[80.45705,9.44471],[80.45633,9.44462],[80.45567,9.44388],[80.45549,9.44386],[80.45541,9.44525]]]}},{"type":"Feature","properties":{"c":"farmland"},"geometry":{"type":"Polygon","coordinates":[[[80.45207,9.44552],[80.45221,9.44566],[80.45258,9.44566],[80.45328,9.44646],[80.45376,9.44593],[80.45423,9.44353],[80.45355,9.44294],[80.4523,9.44539],[80.45207,9.44552]]]}},{"type":"Feature","properties":{"c":"farmland"},"geometry":{"type":"Polygon","coordinates":[[[80.45126,9.44893],[80.45209,9.44882],[80.45213,9.44769],[80.45199,9.44593],[80.45182,9.44589],[80.45153,9.44719],[80.45126,9.44893]]]}},{"type":"Feature","properties":{"c":"farmland"},"geometry":{"type":"Polygon","coordinates":[[[80.4537,9.44256],[80.45449,9.44298],[80.45449,9.44219],[80.45413,9.44179],[80.4537,9.44256]]]}},{"type":"Feature","properties":{"c":"scrub"},"geometry":{"type":"Polygon","coordinates":[[[80.42648,9.53186],[80.42649,9.53202],[80.42674,9.53198],[80.42679,9.53165],[80.42657,9.53166],[80.42648,9.53186]]]}},{"type":"Feature","properties":{"c":"farmland"},"geometry":{"type":"Polygon","coordinates":[[[80.24901,9.44768],[80.24996,9.44902],[80.25239,9.4491],[80.26077,9.44907],[80.25986,9.44816],[80.25957,9.4471],[80.25909,9.44628],[80.25837,9.44707],[80.25828,9.44732],[80.25788,9.44768],[80.25761,9.4478],[80.25755,9.44772],[80.25723,9.44783],[80.25702,9.44773],[80.25649,9.44784],[80.25625,9.44796],[80.25596,9.44777],[80.25565,9.4477],[80.25547,9.44761],[80.2555,9.44724],[80.25559,9.44701],[80.2566,9.44655],[80.25683,9.44635],[80.25796,9.44578],[80.25769,9.44551],[80.25764,9.44523],[80.25723,9.4451],[80.25674,9.44529],[80.25549,9.44611],[80.2552,9.44623],[80.25464,9.44628],[80.25452,9.44597],[80.25397,9.44624],[80.25354,9.44588],[80.25319,9.44596],[80.25371,9.44716],[80.25388,9.44788],[80.25323,9.44845],[80.25333,9.44865],[80.25293,9.44884],[80.25264,9.44833],[80.25255,9.44824],[80.25221,9.44849],[80.25166,9.4479],[80.2515,9.44752],[80.25135,9.44701],[80.25106,9.44644],[80.25057,9.44647],[80.25016,9.44664],[80.25004,9.44689],[80.24966,9.44727],[80.24901,9.44768]]]}},{"type":"Feature","properties":{"c":"farmland"},"geometry":{"type":"Polygon","coordinates":[[[80.41992,9.35811],[80.41992,9.36147],[80.42331,9.36114],[80.42453,9.36092],[80.42432,9.3594],[80.42438,9.35862],[80.4243,9.35858],[80.41992,9.35811]]]}},{"type":"Feature","properties":{"c":"farmland"},"geometry":{"type":"Polygon","coordinates":[[[80.42215,9.37795],[80.42219,9.37803],[80.42219,9.37824],[80.42241,9.37827],[80.42238,9.3779],[80.42215,9.37795]]]}},{"type":"Feature","properties":{"c":"farmland"},"geometry":{"type":"Polygon","coordinates":[[[80.57312,9.40503],[80.57322,9.40569],[80.57371,9.40561],[80.57369,9.40535],[80.57355,9.4053],[80.57352,9.40496],[80.57312,9.40503]]]}},{"type":"Feature","properties":{"c":"residential"},"geometry":{"type":"Polygon","coordinates":[[[80.38528,9.39102],[80.38529,9.3911],[80.38538,9.39109],[80.38537,9.39101],[80.38528,9.39102]]]}},{"type":"Feature","properties":{"c":"farmland"},"geometry":{"type":"Polygon","coordinates":[[[80.31654,9.31675],[80.31706,9.31744],[80.31723,9.31711],[80.31738,9.31697],[80.3175,9.31693],[80.31707,9.31634],[80.31654,9.31675]]]}},{"type":"Feature","properties":{"c":"farmland"},"geometry":{"type":"Polygon","coordinates":[[[80.31614,9.31741],[80.31661,9.31819],[80.31705,9.31757],[80.31669,9.31703],[80.31614,9.31741]]]}},{"type":"Feature","properties":{"c":"farmland"},"geometry":{"type":"Polygon","coordinates":[[[80.31953,9.31868],[80.31957,9.31873],[80.32018,9.31891],[80.32023,9.31886],[80.32116,9.3191],[80.32184,9.31679],[80.32208,9.31635],[80.32294,9.31548],[80.32321,9.3148],[80.32332,9.31366],[80.3221,9.31286],[80.3216,9.31302],[80.32153,9.31338],[80.32147,9.31416],[80.32134,9.31461],[80.3209,9.31535],[80.3203,9.31725],[80.32022,9.31762],[80.32,9.31807],[80.31953,9.31868]]]}},{"type":"Feature","properties":{"c":"farmland"},"geometry":{"type":"Polygon","coordinates":[[[80.35923,9.38039],[80.35925,9.38071],[80.35941,9.38115],[80.35932,9.38153],[80.36037,9.38161],[80.363,9.38166],[80.36249,9.38095],[80.36344,9.38097],[80.36299,9.38007],[80.36383,9.37967],[80.36176,9.3764],[80.36141,9.3768],[80.3612,9.3767],[80.36088,9.37712],[80.36065,9.3777],[80.36055,9.37768],[80.36032,9.37805],[80.36023,9.37827],[80.36028,9.37832],[80.36008,9.37873],[80.36021,9.37927],[80.36004,9.37937],[80.35953,9.37941],[80.35955,9.38004],[80.35933,9.38006],[80.35933,9.38031],[80.35923,9.38039]]]}},{"type":"Feature","properties":{"c":"residential","n":"Ambaalkulam"},"geometry":{"type":"Polygon","coordinates":[[[80.37011,9.3751],[80.37017,9.37511],[80.37019,9.37504],[80.37014,9.37502],[80.37011,9.3751]]]}},{"type":"Feature","properties":{"c":"orchard"},"geometry":{"type":"Polygon","coordinates":[[[80.25022,9.37204],[80.25043,9.37212],[80.25038,9.37272],[80.25048,9.37313],[80.25064,9.37308],[80.25075,9.37317],[80.25086,9.37314],[80.25092,9.3732],[80.25063,9.3733],[80.25084,9.37369],[80.25092,9.37367],[80.25106,9.3739],[80.25202,9.37349],[80.25183,9.37294],[80.25204,9.37288],[80.252,9.37252],[80.25158,9.37248],[80.25165,9.37217],[80.2519,9.37226],[80.25192,9.37216],[80.25227,9.37227],[80.25242,9.37187],[80.25189,9.3716],[80.25202,9.37138],[80.25173,9.37111],[80.25214,9.37078],[80.2516,9.37014],[80.25146,9.37029],[80.25133,9.37012],[80.25114,9.3703],[80.25121,9.37038],[80.25103,9.37056],[80.25093,9.37044],[80.25071,9.37071],[80.25043,9.37128],[80.25022,9.37204]]]}},{"type":"Feature","properties":{"c":"farmland"},"geometry":{"type":"Polygon","coordinates":[[[80.25012,9.37201],[80.25023,9.37302],[80.25036,9.3733],[80.25055,9.37328],[80.25073,9.37364],[80.2512,9.37429],[80.25236,9.37374],[80.25225,9.37297],[80.25227,9.37227],[80.25192,9.37216],[80.2519,9.37226],[80.25165,9.37217],[80.25158,9.37248],[80.252,9.37252],[80.25204,9.37288],[80.25183,9.37294],[80.25202,9.37349],[80.25106,9.3739],[80.25092,9.37367],[80.25084,9.37369],[80.25063,9.3733],[80.25092,9.3732],[80.25086,9.37314],[80.25075,9.37317],[80.25064,9.37308],[80.25048,9.37313],[80.25038,9.37272],[80.25043,9.37212],[80.25022,9.37204],[80.25057,9.37093],[80.25093,9.37044],[80.25103,9.37056],[80.25121,9.37038],[80.25114,9.3703],[80.25133,9.37012],[80.25146,9.37029],[80.2516,9.37014],[80.25214,9.37078],[80.25173,9.37111],[80.25202,9.37138],[80.25189,9.3716],[80.25232,9.37183],[80.25242,9.37187],[80.25258,9.37161],[80.25279,9.37145],[80.25323,9.37122],[80.25371,9.37128],[80.2538,9.37032],[80.25363,9.36995],[80.25357,9.36967],[80.25332,9.36927],[80.25313,9.36945],[80.25301,9.36928],[80.25268,9.36945],[80.25254,9.36932],[80.25223,9.36949],[80.25196,9.36952],[80.25167,9.36965],[80.25136,9.36969],[80.25124,9.36963],[80.25083,9.36999],[80.25043,9.37044],[80.2506,9.37059],[80.25029,9.37113],[80.25016,9.37156],[80.25012,9.37201]],[[80.2523,9.37021],[80.25279,9.36997],[80.25286,9.37008],[80.25303,9.36996],[80.25314,9.37013],[80.25333,9.37005],[80.25364,9.37063],[80.25338,9.37075],[80.25324,9.37049],[80.25308,9.37053],[80.25317,9.37073],[80.253,9.37085],[80.25292,9.37077],[80.25263,9.37081],[80.2523,9.37021]]]}},{"type":"Feature","properties":{"c":"orchard"},"geometry":{"type":"Polygon","coordinates":[[[80.2523,9.37021],[80.25263,9.37081],[80.25292,9.37077],[80.253,9.37085],[80.25317,9.37073],[80.25308,9.37053],[80.25324,9.37049],[80.25338,9.37075],[80.25364,9.37063],[80.25333,9.37005],[80.25314,9.37013],[80.25303,9.36996],[80.25286,9.37008],[80.25279,9.36997],[80.2523,9.37021]]]}},{"type":"Feature","properties":{"c":"farmland"},"geometry":{"type":"Polygon","coordinates":[[[80.254,9.37385],[80.25402,9.37394],[80.25436,9.37381],[80.25444,9.37408],[80.25471,9.37404],[80.25478,9.37399],[80.25462,9.37357],[80.25415,9.3734],[80.254,9.37385]]]}},{"type":"Feature","properties":{"c":"orchard"},"geometry":{"type":"Polygon","coordinates":[[[80.3191,9.31607],[80.31979,9.31612],[80.32007,9.31546],[80.31917,9.31546],[80.3191,9.31607]]]}},{"type":"Feature","properties":{"c":"orchard"},"geometry":{"type":"Polygon","coordinates":[[[80.35635,9.37653],[80.35679,9.3786],[80.35704,9.37953],[80.35718,9.37955],[80.35803,9.37942],[80.35819,9.37943],[80.35825,9.37957],[80.35925,9.37943],[80.35914,9.37869],[80.35963,9.37861],[80.35897,9.37691],[80.3581,9.3772],[80.35782,9.3765],[80.35639,9.37647],[80.35635,9.37653]]]}},{"type":"Feature","properties":{"c":"grass"},"geometry":{"type":"Polygon","coordinates":[[[80.36754,9.37399],[80.36761,9.37412],[80.36801,9.37407],[80.36815,9.37393],[80.36831,9.37395],[80.36844,9.37384],[80.36833,9.37371],[80.36843,9.37355],[80.36882,9.37353],[80.36907,9.3732],[80.36879,9.37263],[80.36869,9.37272],[80.36855,9.37273],[80.36849,9.37286],[80.36857,9.37285],[80.36865,9.37294],[80.36856,9.37302],[80.3685,9.37299],[80.36841,9.3731],[80.3682,9.37302],[80.36812,9.37318],[80.36808,9.37304],[80.368,9.37318],[80.36782,9.37331],[80.3679,9.37347],[80.36755,9.37381],[80.36754,9.37399]]]}},{"type":"Feature","properties":{"c":"orchard"},"geometry":{"type":"Polygon","coordinates":[[[80.37302,9.37877],[80.37309,9.37884],[80.37317,9.37879],[80.37321,9.37882],[80.37332,9.37873],[80.3733,9.37866],[80.37339,9.37855],[80.37344,9.37854],[80.37345,9.37872],[80.37359,9.37875],[80.37371,9.37864],[80.37379,9.37869],[80.37385,9.37858],[80.37366,9.37842],[80.37355,9.37852],[80.37334,9.37837],[80.37337,9.37831],[80.37321,9.37825],[80.37302,9.37877]]]}},{"type":"Feature","properties":{"c":"forest"},"geometry":{"type":"Polygon","coordinates":[[[80.30729,9.1572],[80.30765,9.15935],[80.30888,9.16138],[80.30848,9.16266],[80.30749,9.16399],[80.30733,9.16501],[80.30789,9.16591],[80.30896,9.16587],[80.31028,9.16544],[80.31063,9.16481],[80.3104,9.16322],[80.30938,9.1632],[80.30895,9.16304],[80.30893,9.16218],[80.31028,9.16182],[80.31117,9.162],[80.31175,9.16257],[80.3133,9.16129],[80.31532,9.16203],[80.31559,9.16439],[80.31454,9.16676],[80.3128,9.16786],[80.31234,9.17132],[80.31278,9.17227],[80.31593,9.1719],[80.31827,9.17085],[80.32204,9.17166],[80.32386,9.17493],[80.32263,9.1784],[80.31927,9.17948],[80.31586,9.18071],[80.31632,9.18283],[80.31523,9.18362],[80.32346,9.19411],[80.33124,9.20373],[80.33156,9.20496],[80.32982,9.20766],[80.33031,9.20886],[80.33505,9.21075],[80.337,9.21185],[80.3374,9.21289],[80.33596,9.21302],[80.33602,9.21513],[80.33635,9.21638],[80.33605,9.21775],[80.33488,9.21986],[80.33184,9.22084],[80.3294,9.22251],[80.3269,9.22307],[80.32374,9.22435],[80.32555,9.22613],[80.32462,9.22774],[80.32621,9.22767],[80.32749,9.22608],[80.32878,9.22526],[80.33096,9.22542],[80.33267,9.22657],[80.33378,9.22819],[80.33391,9.23069],[80.33304,9.23238],[80.33176,9.23426],[80.33268,9.23692],[80.33226,9.23904],[80.33172,9.24085],[80.33037,9.24287],[80.33249,9.24359],[80.33495,9.2427],[80.33751,9.23959],[80.3399,9.23774],[80.34181,9.23482],[80.34256,9.23377],[80.34386,9.23307],[80.34719,9.23292],[80.35159,9.2335],[80.35091,9.23873],[80.35254,9.2384],[80.35436,9.23998],[80.35856,9.24271],[80.35935,9.24426],[80.36021,9.24453],[80.36092,9.24452],[80.36163,9.24391],[80.36282,9.24396],[80.36389,9.24521],[80.3662,9.24537],[80.36675,9.24655],[80.36758,9.24619],[80.3678,9.24707],[80.36829,9.24794],[80.36896,9.2487],[80.36859,9.24954],[80.36757,9.24989],[80.36721,9.25058],[80.36697,9.25172],[80.36744,9.25241],[80.36863,9.25237],[80.36999,9.25269],[80.38915,9.26163],[80.40212,9.26745],[80.40967,9.26745],[80.41177,9.26067],[80.43361,9.26109],[80.43447,9.26541],[80.44061,9.26838],[80.44561,9.26798],[80.44578,9.26722],[80.44579,9.2661],[80.44665,9.26554],[80.44801,9.26614],[80.449,9.2657],[80.44903,9.26347],[80.45121,9.25901],[80.45066,9.25707],[80.45099,9.25553],[80.45251,9.25518],[80.45329,9.25609],[80.45502,9.25597],[80.45595,9.25674],[80.45627,9.2541],[80.45734,9.25248],[80.45827,9.25178],[80.45918,9.2504],[80.46012,9.24968],[80.45968,9.2487],[80.45978,9.24748],[80.45966,9.24617],[80.46037,9.24554],[80.46158,9.24557],[80.46203,9.24481],[80.46305,9.24523],[80.46382,9.24608],[80.46427,9.24591],[80.46451,9.24522],[80.46513,9.24519],[80.46603,9.24557],[80.46676,9.24664],[80.46716,9.24937],[80.46663,9.25216],[80.46486,9.25331],[80.4649,9.25607],[80.46551,9.25896],[80.46539,9.26005],[80.46435,9.26066],[80.46218,9.26066],[80.4628,9.26176],[80.46351,9.26281],[80.46387,9.26368],[80.46401,9.26478],[80.46372,9.26625],[80.46291,9.26735],[80.46229,9.26848],[80.46147,9.26974],[80.46051,9.27051],[80.46011,9.27206],[80.46006,9.27343],[80.46032,9.27438],[80.46073,9.27511],[80.46168,9.27594],[80.4636,9.27709],[80.464,9.27765],[80.46381,9.27834],[80.46281,9.27922],[80.46206,9.27955],[80.46161,9.28031],[80.46192,9.28123],[80.46251,9.28232],[80.46319,9.28304],[80.46229,9.28345],[80.46117,9.28368],[80.46035,9.284],[80.45982,9.28603],[80.45928,9.28785],[80.45903,9.28957],[80.45899,9.29044],[80.45917,9.29113],[80.45886,9.29188],[80.45822,9.2925],[80.45748,9.2929],[80.45723,9.29361],[80.4574,9.29447],[80.45771,9.29508],[80.45809,9.29558],[80.4589,9.29601],[80.45925,9.29643],[80.45917,9.29683],[80.45877,9.29715],[80.4582,9.29726],[80.45746,9.29777],[80.45745,9.29898],[80.4573,9.2995],[80.4575,9.3001],[80.45778,9.30047],[80.45811,9.30049],[80.45895,9.29987],[80.45939,9.29972],[80.45981,9.29996],[80.46008,9.30068],[80.45996,9.30141],[80.45962,9.30213],[80.45924,9.30253],[80.45984,9.30298],[80.45997,9.30335],[80.4597,9.304],[80.45669,9.30885],[80.45655,9.30938],[80.45671,9.31003],[80.45821,9.31321],[80.45899,9.31455],[80.45963,9.31548],[80.4601,9.31596],[80.46063,9.31611],[80.46134,9.31596],[80.46239,9.31515],[80.46325,9.31408],[80.46371,9.31286],[80.46401,9.31181],[80.46457,9.31158],[80.4653,9.31156],[80.46611,9.31113],[80.46656,9.3104],[80.46682,9.30969],[80.4675,9.30955],[80.46813,9.30985],[80.46887,9.31032],[80.4693,9.31068],[80.46926,9.31117],[80.46876,9.31198],[80.46953,9.31273],[80.47042,9.31293],[80.47097,9.31364],[80.47054,9.31445],[80.46916,9.31518],[80.46788,9.31574],[80.46669,9.31614],[80.46612,9.31672],[80.46602,9.31756],[80.4665,9.3182],[80.46699,9.31841],[80.46782,9.31814],[80.46868,9.31814],[80.46912,9.31895],[80.46868,9.31952],[80.46779,9.31973],[80.46672,9.31986],[80.46569,9.31963],[80.4648,9.31993],[80.46084,9.32504],[80.46003,9.32681],[80.45911,9.32848],[80.45869,9.32951],[80.45927,9.33144],[80.45979,9.33206],[80.45995,9.33378],[80.45982,9.33522],[80.45956,9.33651],[80.4595,9.33763],[80.45953,9.33848],[80.45978,9.33959],[80.46041,9.34125],[80.46159,9.34075],[80.46189,9.34025],[80.4623,9.34033],[80.46261,9.34021],[80.46285,9.33975],[80.46282,9.33941],[80.46342,9.33966],[80.46371,9.34044],[80.46381,9.34093],[80.46278,9.34358],[80.4635,9.34392],[80.46316,9.3446],[80.46229,9.34425],[80.46188,9.34527],[80.46139,9.3457],[80.46059,9.34601],[80.46107,9.34693],[80.46114,9.34799],[80.46235,9.34836],[80.46247,9.3486],[80.46322,9.34878],[80.46324,9.34942],[80.4629,9.35042],[80.46245,9.35138],[80.46346,9.35151],[80.46445,9.35186],[80.4651,9.35228],[80.4657,9.35286],[80.46694,9.35242],[80.46765,9.35284],[80.46805,9.35239],[80.46839,9.35105],[80.46833,9.35026],[80.4692,9.34991],[80.4695,9.34935],[80.46901,9.3486],[80.46815,9.34855],[80.46789,9.34787],[80.4685,9.3471],[80.46905,9.34659],[80.46963,9.3464],[80.47035,9.34631],[80.47125,9.34647],[80.47125,9.3458],[80.47187,9.34563],[80.47277,9.34575],[80.47368,9.34565],[80.47446,9.34568],[80.47533,9.34579],[80.47563,9.3442],[80.47604,9.34327],[80.47702,9.34136],[80.4775,9.34006],[80.47759,9.33918],[80.47357,9.33941],[80.46892,9.33982],[80.46824,9.34013],[80.4678,9.34004],[80.4676,9.33922],[80.46767,9.33884],[80.46855,9.3387],[80.46884,9.33894],[80.46999,9.33881],[80.4718,9.33876],[80.47553,9.3384],[80.47455,9.33587],[80.47554,9.33555],[80.47645,9.33757],[80.47655,9.33826],[80.47728,9.33833],[80.47781,9.33821],[80.47775,9.33762],[80.47813,9.33704],[80.47842,9.33592],[80.4797,9.33504],[80.48081,9.3344],[80.48129,9.33434],[80.48158,9.33465],[80.4815,9.33507],[80.48112,9.33552],[80.48079,9.33602],[80.4806,9.33657],[80.4816,9.33563],[80.48211,9.33541],[80.48253,9.33561],[80.48293,9.3355],[80.48322,9.33515],[80.48385,9.335],[80.48439,9.3351],[80.4849,9.33531],[80.48543,9.33535],[80.48578,9.33579],[80.48583,9.33627],[80.48677,9.33393],[80.48794,9.33123],[80.48881,9.32878],[80.48913,9.32685],[80.4889,9.32022],[80.48859,9.31581],[80.4884,9.31107],[80.48694,9.31082],[80.4869,9.30888],[80.48836,9.30841],[80.48826,9.30755],[80.48463,9.30431],[80.48319,9.30274],[80.48173,9.30226],[80.48167,9.30135],[80.48213,9.30061],[80.48229,9.3002],[80.48273,9.30006],[80.48327,9.30017],[80.48366,9.30038],[80.48388,9.30083],[80.48457,9.30121],[80.48681,9.30322],[80.48688,9.30218],[80.48688,9.30148],[80.48668,9.30008],[80.48528,9.29323],[80.48465,9.28983],[80.48651,9.28499],[80.48375,9.27091],[80.48287,9.26679],[80.48219,9.26317],[80.48063,9.25528],[80.48,9.25242],[80.47954,9.2516],[80.47959,9.25051],[80.47903,9.24809],[80.47859,9.24565],[80.4777,9.24329],[80.47627,9.2411],[80.47634,9.24031],[80.47716,9.23831],[80.47728,9.23762],[80.47723,9.23461],[80.47755,9.23392],[80.47814,9.23306],[80.48239,9.22632],[80.48149,9.22562],[80.48248,9.22426],[80.48338,9.22475],[80.48479,9.22223],[80.48544,9.21938],[80.48598,9.21869],[80.48718,9.21771],[80.48836,9.21618],[80.48938,9.21449],[80.48799,9.21505],[80.48611,9.21485],[80.48635,9.21629],[80.48544,9.21598],[80.48398,9.21596],[80.48337,9.21556],[80.48291,9.21464],[80.48156,9.21498],[80.48178,9.21346],[80.48146,9.2118],[80.4819,9.21112],[80.48255,9.21075],[80.48327,9.21058],[80.48195,9.20924],[80.48182,9.20855],[80.48218,9.20741],[80.48187,9.20689],[80.48174,9.20579],[80.48127,9.20607],[80.4806,9.206],[80.48034,9.20543],[80.47975,9.20517],[80.4791,9.20501],[80.47829,9.20511],[80.47777,9.20556],[80.47744,9.2048],[80.47694,9.20446],[80.47518,9.20457],[80.47472,9.20403],[80.47466,9.20336],[80.47475,9.20266],[80.47617,9.20233],[80.47671,9.20211],[80.47672,9.20185],[80.4768,9.20152],[80.47731,9.20132],[80.47701,9.20085],[80.47696,9.20022],[80.48124,9.19877],[80.48077,9.19791],[80.48003,9.19754],[80.47957,9.19707],[80.47894,9.19672],[80.47817,9.19622],[80.47831,9.19573],[80.47909,9.19516],[80.47805,9.19276],[80.47763,9.19153],[80.47734,9.19115],[80.47653,9.19076],[80.4755,9.19011],[80.47413,9.18894],[80.47364,9.18933],[80.47307,9.18954],[80.47199,9.18694],[80.47108,9.1874],[80.46992,9.18751],[80.46966,9.18935],[80.47007,9.19024],[80.46836,9.19063],[80.46844,9.18867],[80.46774,9.18814],[80.46761,9.18676],[80.46624,9.18596],[80.46585,9.18535],[80.46565,9.18442],[80.46568,9.18349],[80.4658,9.18301],[80.46613,9.18231],[80.46665,9.18162],[80.46675,9.18104],[80.46668,9.18046],[80.46596,9.17937],[80.46556,9.17904],[80.46514,9.17812],[80.46485,9.1774],[80.46516,9.1761],[80.46454,9.1755],[80.46477,9.17458],[80.46532,9.17425],[80.46576,9.17301],[80.46552,9.17234],[80.46543,9.17096],[80.46573,9.17043],[80.46628,9.16985],[80.46694,9.16962],[80.46753,9.16955],[80.46814,9.16997],[80.46806,9.17159],[80.46781,9.1725],[80.4682,9.17384],[80.46833,9.17504],[80.46948,9.17478],[80.46962,9.17566],[80.47063,9.17546],[80.47077,9.17583],[80.47196,9.17567],[80.47136,9.17527],[80.47117,9.17494],[80.47114,9.17449],[80.47095,9.17405],[80.47066,9.17384],[80.47033,9.17383],[80.47001,9.17404],[80.46944,9.17383],[80.46911,9.17328],[80.46911,9.17284],[80.46931,9.17253],[80.47021,9.17224],[80.47047,9.17155],[80.4713,9.17106],[80.47172,9.17129],[80.47226,9.1712],[80.47265,9.17129],[80.47302,9.17153],[80.47417,9.17055],[80.47538,9.16995],[80.47681,9.16913],[80.47724,9.1688],[80.47743,9.16836],[80.47793,9.16487],[80.47773,9.16354],[80.4778,9.16256],[80.47778,9.16172],[80.47848,9.16083],[80.47797,9.16043],[80.47744,9.16016],[80.47677,9.1601],[80.47639,9.16018],[80.476,9.16036],[80.47553,9.1604],[80.47525,9.16037],[80.47499,9.15997],[80.47465,9.15884],[80.47357,9.1574],[80.47321,9.15772],[80.47291,9.15813],[80.47266,9.1588],[80.47272,9.15953],[80.47289,9.16019],[80.47326,9.16078],[80.47487,9.16209],[80.47466,9.16255],[80.47416,9.16272],[80.47363,9.16279],[80.47298,9.16276],[80.47312,9.16325],[80.47295,9.16376],[80.47164,9.16418],[80.47102,9.16409],[80.47033,9.16414],[80.47069,9.1629],[80.47057,9.16214],[80.47062,9.16149],[80.47112,9.15951],[80.47031,9.15939],[80.47105,9.15808],[80.46999,9.15718],[80.46984,9.15612],[80.46995,9.15559],[80.46967,9.15494],[80.46973,9.15417],[80.46958,9.15323],[80.46972,9.15241],[80.47019,9.15228],[80.47034,9.15168],[80.47018,9.15126],[80.47041,9.15105],[80.47089,9.15096],[80.47125,9.15065],[80.47136,9.15],[80.47099,9.14955],[80.47065,9.14936],[80.47039,9.14937],[80.47019,9.14888],[80.46985,9.14868],[80.46976,9.14832],[80.47008,9.14782],[80.47028,9.14691],[80.47062,9.14601],[80.47053,9.14535],[80.47103,9.14508],[80.47124,9.14453],[80.47102,9.14416],[80.47112,9.14367],[80.47097,9.14347],[80.47043,9.14324],[80.46971,9.14301],[80.46844,9.1424],[80.46813,9.14237],[80.46769,9.14222],[80.46724,9.14197],[80.4643,9.14083],[80.46388,9.14084],[80.46312,9.14063],[80.4628,9.14151],[80.46317,9.14232],[80.46284,9.14296],[80.46316,9.14354],[80.46211,9.14376],[80.45973,9.14405],[80.45963,9.14485],[80.45513,9.144],[80.45484,9.14579],[80.45323,9.14548],[80.45274,9.14467],[80.45174,9.1446],[80.45108,9.14379],[80.44887,9.14398],[80.44834,9.14451],[80.44846,9.1465],[80.44818,9.14771],[80.44683,9.14782],[80.44477,9.14896],[80.44398,9.1487],[80.4438,9.14799],[80.44327,9.14732],[80.44245,9.14743],[80.44202,9.14785],[80.44205,9.14849],[80.44196,9.14973],[80.44108,9.15044],[80.44015,9.15052],[80.43756,9.15093],[80.43069,9.16273],[80.42408,9.15936],[80.4267,9.15506],[80.42928,9.15068],[80.43069,9.14934],[80.432,9.15004],[80.4319,9.14816],[80.43063,9.14652],[80.43325,9.14258],[80.43445,9.14441],[80.43548,9.14574],[80.43701,9.14546],[80.43843,9.14171],[80.43805,9.14145],[80.43775,9.14116],[80.43818,9.13974],[80.43983,9.13789],[80.43924,9.13698],[80.44043,9.13539],[80.44128,9.13539],[80.44184,9.13441],[80.43939,9.13344],[80.4375,9.13372],[80.4345,9.13177],[80.43153,9.13126],[80.42867,9.13005],[80.41904,9.13037],[80.41852,9.12957],[80.41896,9.12868],[80.41915,9.1286],[80.42029,9.1286],[80.42188,9.1284],[80.42378,9.12837],[80.42479,9.12816],[80.42656,9.12816],[80.42738,9.12804],[80.42825,9.12816],[80.42867,9.1281],[80.42894,9.12786],[80.42928,9.12667],[80.42974,9.12648],[80.43006,9.12612],[80.43019,9.1256],[80.42975,9.12399],[80.4298,9.12346],[80.43007,9.12295],[80.43047,9.12272],[80.43094,9.12263],[80.43124,9.12265],[80.43147,9.1228],[80.4317,9.1234],[80.43191,9.12366],[80.43216,9.12371],[80.43248,9.12357],[80.43285,9.12354],[80.43323,9.12366],[80.43358,9.12385],[80.43378,9.12414],[80.43379,9.12448],[80.4339,9.12483],[80.43406,9.12508],[80.43436,9.12538],[80.43471,9.1255],[80.43491,9.12553],[80.43528,9.12549],[80.43553,9.12523],[80.43575,9.1248],[80.43596,9.12469],[80.4365,9.12455],[80.43706,9.12447],[80.43781,9.12454],[80.43807,9.12473],[80.43955,9.12617],[80.44029,9.12751],[80.44076,9.12751],[80.44103,9.12727],[80.44114,9.12707],[80.44129,9.1264],[80.4414,9.12588],[80.44142,9.12523],[80.44152,9.12447],[80.44171,9.12365],[80.44169,9.12333],[80.44137,9.12291],[80.44132,9.1227],[80.44108,9.12265],[80.44065,9.12236],[80.44007,9.1224],[80.43984,9.12228],[80.43972,9.12203],[80.43954,9.1219],[80.43925,9.12187],[80.43892,9.12196],[80.43862,9.12193],[80.43845,9.12185],[80.43832,9.12168],[80.4383,9.12148],[80.43839,9.12121],[80.43833,9.12105],[80.43757,9.12094],[80.43719,9.12083],[80.43686,9.12058],[80.43663,9.12019],[80.43653,9.11921],[80.43673,9.1189],[80.43696,9.11879],[80.43754,9.11875],[80.43784,9.11858],[80.43795,9.11839],[80.43849,9.11677],[80.43858,9.11633],[80.43879,9.11614],[80.43924,9.11601],[80.43939,9.11585],[80.43954,9.11556],[80.43977,9.11549],[80.44003,9.11555],[80.44034,9.11572],[80.44098,9.11617],[80.44135,9.11616],[80.44169,9.11605],[80.44227,9.11615],[80.44247,9.11606],[80.44271,9.11559],[80.44263,9.11539],[80.44243,9.11531],[80.44202,9.11531],[80.44177,9.11513],[80.44144,9.11475],[80.44158,9.11452],[80.44164,9.1137],[80.44185,9.11297],[80.44235,9.11267],[80.44292,9.11273],[80.44311,9.11289],[80.44332,9.11337],[80.44354,9.11348],[80.44377,9.11345],[80.44392,9.11348],[80.44408,9.11363],[80.44424,9.11366],[80.44448,9.11355],[80.44469,9.11364],[80.44492,9.11399],[80.44485,9.11426],[80.44504,9.11438],[80.44512,9.11454],[80.44539,9.11481],[80.44547,9.11502],[80.4455,9.11532],[80.44535,9.11676],[80.44537,9.11733],[80.44528,9.11752],[80.44508,9.11772],[80.44452,9.11794],[80.44431,9.11788],[80.4449,9.12077],[80.44589,9.12114],[80.44673,9.1217],[80.44715,9.12188],[80.44745,9.12209],[80.44755,9.12236],[80.44779,9.12244],[80.44796,9.12234],[80.4526,9.11182],[80.4575,9.10247],[80.46025,9.09571],[80.46192,9.09322],[80.46348,9.09007],[80.46605,9.08706],[80.46507,9.08532],[80.4638,9.08341],[80.46582,9.08059],[80.46915,9.08313],[80.47153,9.08448],[80.47473,9.08598],[80.47702,9.08412],[80.47658,9.08318],[80.47736,9.08229],[80.47853,9.08285],[80.48041,9.081],[80.47556,9.07815],[80.47572,9.07662],[80.4769,9.07445],[80.47858,9.07456],[80.47957,9.07743],[80.48161,9.07905],[80.48336,9.07741],[80.48374,9.07607],[80.48205,9.07479],[80.48116,9.07266],[80.48047,9.06967],[80.48064,9.06687],[80.48126,9.06108],[80.48213,9.05984],[80.48375,9.0604],[80.48679,9.06254],[80.48783,9.06362],[80.48917,9.06631],[80.48977,9.0683],[80.49036,9.06992],[80.49177,9.07125],[80.49261,9.07021],[80.49245,9.06935],[80.49374,9.0675],[80.49481,9.06662],[80.49589,9.06646],[80.49714,9.06666],[80.49784,9.06621],[80.49791,9.0652],[80.49709,9.06444],[80.49644,9.06328],[80.49678,9.06212],[80.4979,9.06204],[80.49902,9.06228],[80.4996,9.0618],[80.49881,9.06072],[80.49608,9.0594],[80.49381,9.05814],[80.49323,9.05591],[80.49379,9.05394],[80.49522,9.05269],[80.49509,9.05061],[80.49437,9.04974],[80.49293,9.04875],[80.49043,9.04758],[80.48956,9.04688],[80.4897,9.04606],[80.49032,9.04503],[80.49147,9.04426],[80.49228,9.04274],[80.49275,9.04144],[80.4947,9.03853],[80.4966,9.03549],[80.49813,9.03283],[80.50018,9.02765],[80.50178,9.02296],[80.50217,9.01901],[80.50282,9.01489],[80.50444,9.01118],[80.50634,9.0075],[80.50461,9.00804],[80.50265,9.00815],[80.50196,9.00647],[80.50225,9.00575],[80.50337,9.00447],[80.50336,9.00355],[80.50378,9.00305],[80.50418,9.00302],[80.50521,9.00345],[80.50606,9.0036],[80.50709,9.00289],[80.5079,9.00285],[80.50901,9.00212],[80.51002,8.99988],[80.51219,8.99563],[80.51381,8.99165],[80.5145,8.99051],[80.51752,8.98453],[80.51644,8.98451],[80.51603,8.98376],[80.51587,8.98154],[80.51587,8.97941],[80.51472,8.97933],[80.51463,8.9791],[80.51476,8.97873],[80.515,8.97868],[80.51564,8.97749],[80.51663,8.97703],[80.51746,8.97678],[80.51776,8.97549],[80.51797,8.97344],[80.51857,8.97171],[80.51883,8.96989],[80.51829,8.96807],[80.51814,8.96694],[80.51841,8.96591],[80.51949,8.96461],[80.51463,8.96431],[80.51356,8.96431],[80.51264,8.96362],[80.51169,8.96316],[80.51049,8.96305],[80.50956,8.9633],[80.50848,8.96302],[80.50775,8.96212],[80.50776,8.96083],[80.50794,8.95988],[80.50801,8.959],[80.50793,8.95768],[80.50858,8.95634],[80.5102,8.95598],[80.51146,8.95498],[80.51324,8.95417],[80.51443,8.95382],[80.51546,8.95319],[80.51636,8.95385],[80.51742,8.95407],[80.51817,8.95348],[80.51814,8.95227],[80.51859,8.95141],[80.51918,8.95067],[80.51924,8.95002],[80.51897,8.94946],[80.51841,8.9491],[80.51803,8.94834],[80.51728,8.94768],[80.51703,8.94699],[80.51626,8.94677],[80.5155,8.94691],[80.51429,8.94772],[80.51332,8.94761],[80.51262,8.94702],[80.51254,8.94525],[80.51028,8.94453],[80.50943,8.94305],[80.50838,8.94217],[80.50713,8.94165],[80.50577,8.94083],[80.50672,8.93822],[80.50676,8.93715],[80.50636,8.93663],[80.50562,8.9351],[80.50514,8.93324],[80.50524,8.93185],[80.50618,8.93042],[80.50394,8.92382],[80.50394,8.92146],[80.50761,8.92028],[80.50715,8.91807],[80.50582,8.91833],[80.50582,8.9172],[80.50765,8.91687],[80.50737,8.91504],[80.50648,8.91124],[80.50618,8.90965],[80.50629,8.9081],[80.50666,8.90639],[80.50625,8.90362],[80.50562,8.90232],[80.50475,8.90067],[80.50375,8.89959],[80.5031,8.90143],[80.50465,8.90265],[80.50525,8.90374],[80.50514,8.90503],[80.50389,8.90542],[80.5024,8.9054],[80.50113,8.90522],[80.49804,8.90638],[80.49689,8.90633],[80.49635,8.90553],[80.49673,8.90495],[80.49662,8.90439],[80.49624,8.90384],[80.49587,8.90358],[80.49535,8.90353],[80.49479,8.90317],[80.49451,8.90232],[80.49419,8.90165],[80.49415,8.90111],[80.49397,8.90023],[80.49358,8.89885],[80.49409,8.89889],[80.49442,8.89918],[80.49503,8.89925],[80.49545,8.89913],[80.4965,8.89823],[80.49697,8.89807],[80.4973,8.89813],[80.49771,8.8983],[80.49797,8.89805],[80.49817,8.89699],[80.49861,8.89662],[80.49937,8.89656],[80.49997,8.89604],[80.50039,8.89594],[80.50083,8.89598],[80.50116,8.89687],[80.50125,8.89851],[80.50172,8.89833],[80.50227,8.89831],[80.5026,8.89841],[80.50285,8.89812],[80.50307,8.89815],[80.5029,8.89763],[80.50245,8.89671],[80.50205,8.89605],[80.50174,8.89536],[80.50154,8.89477],[80.50129,8.89332],[80.5013,8.89218],[80.50152,8.89018],[80.50149,8.88951],[80.50141,8.88907],[80.50062,8.88722],[80.50049,8.88681],[80.50004,8.88702],[80.49985,8.8873],[80.49963,8.88737],[80.49931,8.88722],[80.4984,8.88702],[80.49778,8.88725],[80.49693,8.88726],[80.4967,8.88701],[80.49663,8.88665],[80.49607,8.88648],[80.49605,8.88729],[80.49556,8.88745],[80.49507,8.88733],[80.49475,8.88705],[80.49468,8.88666],[80.49469,8.88624],[80.49513,8.88575],[80.49433,8.88531],[80.49387,8.88512],[80.49352,8.88511],[80.4937,8.88572],[80.49366,8.88626],[80.4935,8.88689],[80.4935,8.88743],[80.49365,8.88793],[80.49451,8.88898],[80.49505,8.8894],[80.49558,8.88972],[80.49595,8.8901],[80.49607,8.89073],[80.49605,8.89257],[80.49541,8.89282],[80.49467,8.89352],[80.49381,8.89389],[80.493,8.894],[80.49251,8.89396],[80.49187,8.89367],[80.48876,8.89298],[80.48723,8.89257],[80.48691,8.89279],[80.48625,8.8929],[80.48546,8.89182],[80.48524,8.89125],[80.48494,8.89079],[80.4846,8.89063],[80.4841,8.8908],[80.48413,8.89153],[80.48462,8.8934],[80.48522,8.89473],[80.48394,8.895],[80.48344,8.89337],[80.48231,8.89351],[80.48138,8.89327],[80.48049,8.89298],[80.48056,8.89325],[80.47983,8.89357],[80.48021,8.89444],[80.47887,8.89458],[80.47808,8.89292],[80.47847,8.89277],[80.47806,8.89208],[80.47796,8.89148],[80.47645,8.89148],[80.47654,8.89203],[80.47652,8.89252],[80.47612,8.89273],[80.47251,8.89224],[80.47147,8.89194],[80.47121,8.89115],[80.47079,8.89112],[80.47038,8.8912],[80.46993,8.89143],[80.4687,8.89248],[80.46713,8.89504],[80.46195,8.89885],[80.4604,8.90048],[80.46081,8.90089],[80.46003,8.90168],[80.45984,8.90222],[80.45978,8.90302],[80.46084,8.90454],[80.46126,8.90539],[80.46136,8.90582],[80.46136,8.90648],[80.45792,8.90758],[80.45688,8.90816],[80.45502,8.90896],[80.45261,8.90822],[80.4524,8.90845],[80.45192,8.90926],[80.4515,8.90973],[80.45096,8.91002],[80.45049,8.91039],[80.4486,8.9107],[80.44037,8.90935],[80.4384,8.90896],[80.43721,8.90942],[80.43586,8.91077],[80.4347,8.915],[80.43312,8.91358],[80.43196,8.91202],[80.42962,8.91096],[80.42781,8.91057],[80.4217,8.91878],[80.42301,8.91817],[80.42433,8.91799],[80.4262,8.91833],[80.42875,8.9192],[80.42982,8.92089],[80.43023,8.92257],[80.42945,8.92439],[80.4272,8.92614],[80.42524,8.92696],[80.42301,8.92719],[80.42087,8.92676],[80.41635,8.9224],[80.41546,8.92194],[80.41289,8.92147],[80.4119,8.92138],[80.41105,8.92215],[80.41015,8.92327],[80.41213,8.92699],[80.41531,8.92893],[80.419,8.93172],[80.41969,8.93288],[80.42103,8.93339],[80.42228,8.93309],[80.42359,8.93292],[80.42567,8.9339],[80.42749,8.93521],[80.42789,8.93629],[80.42771,8.93852],[80.42636,8.94001],[80.42498,8.94181],[80.42322,8.9433],[80.42154,8.94419],[80.42026,8.9433],[80.41993,8.94241],[80.41888,8.94234],[80.41781,8.94013],[80.41679,8.93777],[80.41466,8.9347],[80.41206,8.93157],[80.40443,8.92967],[80.40306,8.93088],[80.40231,8.93277],[80.40236,8.93404],[80.40209,8.9347],[80.39952,8.93389],[80.39812,8.93542],[80.39826,8.93762],[80.40123,8.93863],[80.40144,8.94045],[80.40064,8.94118],[80.39962,8.94329],[80.39867,8.94346],[80.39503,8.94233],[80.3938,8.94298],[80.39363,8.94426],[80.39454,8.94544],[80.39456,8.94764],[80.39559,8.94874],[80.39519,8.95167],[80.39518,8.9528],[80.39561,8.95396],[80.39634,8.95503],[80.39679,8.957],[80.39706,8.95782],[80.39752,8.95869],[80.3964,8.95966],[80.39526,8.96084],[80.39403,8.96194],[80.39247,8.96235],[80.39125,8.96236],[80.39013,8.96338],[80.38816,8.96496],[80.38932,8.96646],[80.38692,8.96877],[80.38698,8.97038],[80.38566,8.97223],[80.38024,8.97573],[80.37845,8.97773],[80.3763,8.97944],[80.37392,8.98041],[80.37187,8.98194],[80.36949,8.98195],[80.36778,8.98183],[80.36166,8.98255],[80.35812,8.98356],[80.3555,8.9842],[80.35228,8.9841],[80.35079,8.98487],[80.35003,8.98754],[80.34877,8.98899],[80.34807,8.9893],[80.34681,8.9894],[80.34634,8.99223],[80.34444,8.99226],[80.34409,8.99301],[80.34246,8.99327],[80.33818,8.99909],[80.33775,9.00107],[80.33571,9.00293],[80.33569,9.00473],[80.33667,9.00712],[80.33644,9.0093],[80.33575,9.0109],[80.3348,9.01243],[80.33419,9.01245],[80.33277,9.0122],[80.3326,9.014],[80.3328,9.01539],[80.33415,9.0158],[80.33473,9.01712],[80.33521,9.01881],[80.33483,9.0213],[80.33354,9.02121],[80.33209,9.02095],[80.32896,9.01967],[80.32813,9.01846],[80.32783,9.01751],[80.3269,9.01697],[80.32544,9.01748],[80.32324,9.01757],[80.32021,9.02136],[80.3207,9.02233],[80.32011,9.02383],[80.32098,9.02497],[80.32004,9.0268],[80.32032,9.02783],[80.31844,9.02925],[80.31922,9.03082],[80.31972,9.03203],[80.31979,9.03289],[80.31933,9.03365],[80.31846,9.03431],[80.31724,9.03459],[80.31494,9.03416],[80.3146,9.033],[80.31298,9.03254],[80.31043,9.03659],[80.31098,9.03843],[80.30981,9.03936],[80.30772,9.04027],[80.30841,9.04146],[80.30933,9.04209],[80.31005,9.04083],[80.31171,9.03974],[80.31324,9.03889],[80.3148,9.0376],[80.31495,9.04043],[80.31568,9.04257],[80.3164,9.04386],[80.31707,9.04527],[80.31824,9.04688],[80.31798,9.04837],[80.31652,9.05009],[80.31925,9.0508],[80.32215,9.052],[80.32367,9.05329],[80.32527,9.05516],[80.32584,9.0561],[80.32759,9.05788],[80.33016,9.061],[80.33233,9.0629],[80.33453,9.06383],[80.33682,9.06576],[80.33769,9.06589],[80.33804,9.0642],[80.33853,9.06276],[80.33951,9.06154],[80.34081,9.06095],[80.34197,9.06007],[80.34272,9.05919],[80.34395,9.05876],[80.34565,9.05907],[80.34739,9.0604],[80.34871,9.06301],[80.34889,9.06581],[80.34823,9.06955],[80.347,9.07203],[80.34672,9.07378],[80.34738,9.07587],[80.34881,9.07739],[80.35077,9.07806],[80.35324,9.07821],[80.35437,9.07864],[80.35606,9.07872],[80.35729,9.07816],[80.35858,9.07832],[80.3605,9.07887],[80.36201,9.07857],[80.36355,9.07688],[80.3649,9.07617],[80.36597,9.07602],[80.36693,9.07643],[80.36759,9.07732],[80.36846,9.07787],[80.36996,9.07785],[80.37105,9.07757],[80.37249,9.07648],[80.37411,9.07584],[80.37545,9.0759],[80.37701,9.0766],[80.38041,9.07609],[80.38557,9.07462],[80.38901,9.07479],[80.39236,9.07587],[80.39414,9.07613],[80.39565,9.0752],[80.39739,9.07635],[80.39571,9.08006],[80.39151,9.08078],[80.38854,9.08211],[80.38556,9.08511],[80.38269,9.08633],[80.38146,9.08931],[80.38022,9.09071],[80.37921,9.09116],[80.37824,9.09118],[80.37589,9.08969],[80.37489,9.08966],[80.37217,9.09086],[80.36871,9.09188],[80.36803,9.09274],[80.36828,9.09429],[80.37001,9.09771],[80.36997,9.09878],[80.36919,9.09973],[80.3677,9.09991],[80.36582,9.09927],[80.3652,9.10037],[80.36571,9.10245],[80.36814,9.1053],[80.36943,9.10512],[80.37049,9.10545],[80.37169,9.10816],[80.37381,9.11044],[80.37707,9.11317],[80.37794,9.11545],[80.3779,9.11735],[80.37755,9.12068],[80.37881,9.12176],[80.38277,9.12314],[80.38629,9.12646],[80.38775,9.12714],[80.389,9.12728],[80.38901,9.12506],[80.39031,9.12519],[80.39109,9.12741],[80.39335,9.12374],[80.39353,9.12205],[80.39474,9.12121],[80.39459,9.11929],[80.39577,9.11852],[80.39693,9.11803],[80.39796,9.1186],[80.39848,9.11988],[80.39985,9.12144],[80.39998,9.12272],[80.39859,9.12521],[80.40089,9.1253],[80.40186,9.12474],[80.40246,9.1255],[80.40239,9.12633],[80.4031,9.12692],[80.405,9.12698],[80.40536,9.12694],[80.40581,9.12711],[80.40616,9.12705],[80.40641,9.12691],[80.40662,9.12692],[80.40683,9.12701],[80.40727,9.12751],[80.40736,9.12788],[80.40756,9.12806],[80.40784,9.12819],[80.40805,9.12817],[80.40832,9.12802],[80.40865,9.12752],[80.40897,9.12722],[80.40926,9.12721],[80.40947,9.12738],[80.4096,9.12759],[80.40968,9.12782],[80.40959,9.12803],[80.40934,9.12825],[80.40875,9.12859],[80.40808,9.12942],[80.40717,9.13023],[80.40515,9.13054],[80.40432,9.12993],[80.40337,9.13007],[80.40347,9.13074],[80.40422,9.1333],[80.40384,9.13486],[80.40099,9.13597],[80.3985,9.13598],[80.39759,9.13485],[80.39471,9.13588],[80.39417,9.13423],[80.3938,9.13334],[80.3939,9.13171],[80.39326,9.13008],[80.39158,9.12951],[80.3896,9.13023],[80.38722,9.13141],[80.38794,9.13233],[80.38815,9.13358],[80.38756,9.1347],[80.38605,9.13608],[80.38487,9.13657],[80.38273,9.1367],[80.38127,9.13714],[80.37982,9.1369],[80.37831,9.1358],[80.37835,9.13437],[80.3789,9.13353],[80.36142,9.13854],[80.36243,9.14041],[80.3608,9.14125],[80.36036,9.14008],[80.36009,9.13901],[80.3602,9.13889],[80.35449,9.14052],[80.35293,9.14048],[80.35181,9.13958],[80.3482,9.13703],[80.34597,9.13605],[80.34422,9.13633],[80.34269,9.13786],[80.34116,9.14025],[80.33906,9.13986],[80.34008,9.1365],[80.33756,9.13511],[80.33562,9.13506],[80.33451,9.13468],[80.33382,9.13388],[80.33282,9.13368],[80.33325,9.13503],[80.33313,9.13599],[80.33322,9.13663],[80.3329,9.13744],[80.33234,9.13782],[80.33124,9.13752],[80.33055,9.13675],[80.32898,9.13633],[80.32708,9.13519],[80.32463,9.14021],[80.32337,9.1411],[80.32275,9.14273],[80.3214,9.14351],[80.31981,9.1436],[80.31853,9.14341],[80.31699,9.14184],[80.31601,9.14115],[80.31504,9.13963],[80.31444,9.14063],[80.31448,9.14226],[80.31519,9.1444],[80.31504,9.14596],[80.31414,9.14641],[80.31305,9.14616],[80.31189,9.14655],[80.31079,9.14747],[80.30949,9.14839],[80.31024,9.14977],[80.30801,9.15527],[80.30729,9.1572]],[[80.33042,9.20864],[80.33054,9.20781],[80.33365,9.20689],[80.33459,9.20635],[80.33435,9.20351],[80.33344,9.20268],[80.33183,9.20241],[80.33125,9.20066],[80.33457,9.20017],[80.33619,9.20133],[80.3379,9.19975],[80.33826,9.19817],[80.33824,9.19626],[80.33938,9.19531],[80.34199,9.19569],[80.3437,9.19781],[80.34704,9.19639],[80.35171,9.19555],[80.3477,9.20109],[80.34644,9.20323],[80.34524,9.2056],[80.34507,9.20763],[80.34335,9.20797],[80.34284,9.20882],[80.3437,9.21085],[80.34153,9.21126],[80.3389,9.21119],[80.33595,9.2106],[80.33283,9.20944],[80.33184,9.20901],[80.33098,9.20895],[80.33042,9.20864]],[[80.34663,9.15312],[80.34718,9.15354],[80.34777,9.15381],[80.34847,9.15387],[80.34914,9.15365],[80.34931,9.15428],[80.34896,9.15481],[80.34884,9.15536],[80.349,9.15611],[80.34784,9.15515],[80.34723,9.15441],[80.34663,9.15312]],[[80.35551,9.24047],[80.35663,9.23989],[80.35807,9.23854],[80.35963,9.23802],[80.36023,9.23794],[80.36153,9.23566],[80.36632,9.22963],[80.36695,9.23317],[80.36554,9.23587],[80.36483,9.23787],[80.36451,9.23958],[80.36477,9.23984],[80.36499,9.23987],[80.36544,9.24071],[80.36603,9.24092],[80.36659,9.24122],[80.36398,9.2421],[80.36331,9.24246],[80.36221,9.24321],[80.36113,9.24338],[80.35989,9.24327],[80.35914,9.24301],[80.35591,9.24065],[80.35551,9.24047]],[[80.36007,9.14228],[80.36107,9.14134],[80.36174,9.14092],[80.36243,9.14068],[80.36285,9.14033],[80.36317,9.13995],[80.36362,9.13974],[80.36445,9.13924],[80.36441,9.13969],[80.3642,9.13996],[80.36344,9.14139],[80.36322,9.14187],[80.36292,9.14284],[80.36273,9.14312],[80.36248,9.14326],[80.36176,9.14312],[80.36114,9.14267],[80.36096,9.14236],[80.36072,9.1423],[80.36007,9.14228]],[[80.37923,9.25447],[80.37924,9.25388],[80.37945,9.25281],[80.37948,9.25222],[80.37973,9.25179],[80.38036,9.25176],[80.38095,9.25208],[80.38159,9.25269],[80.38192,9.25356],[80.38168,9.25483],[80.38076,9.25535],[80.38011,9.25543],[80.37951,9.25523],[80.37923,9.25447]],[[80.38309,9.24695],[80.38311,9.24678],[80.38353,9.24665],[80.38369,9.24664],[80.38394,9.24647],[80.38429,9.24638],[80.38441,9.24649],[80.38436,9.24671],[80.38415,9.24687],[80.38365,9.24708],[80.38336,9.24707],[80.38309,9.24695]],[[80.39147,9.14696],[80.39199,9.14616],[80.39245,9.14572],[80.39377,9.14536],[80.39443,9.14608],[80.39477,9.14715],[80.39432,9.14777],[80.39321,9.14763],[80.3922,9.14707],[80.39147,9.14696]],[[80.39541,9.06562],[80.39571,9.06431],[80.39788,9.06526],[80.39835,9.06635],[80.39815,9.067],[80.39708,9.06749],[80.39541,9.06562]],[[80.39783,9.0587],[80.39748,9.05722],[80.39808,9.057],[80.39822,9.05762],[80.39873,9.05746],[80.39878,9.05731],[80.39905,9.05723],[80.39917,9.05759],[80.39897,9.05785],[80.39903,9.05803],[80.39894,9.05827],[80.39902,9.05841],[80.3989,9.05874],[80.39866,9.05863],[80.39783,9.0587]],[[80.39775,9.0587],[80.39865,9.05871],[80.39866,9.05952],[80.39873,9.05952],[80.3988,9.05959],[80.39877,9.0597],[80.39886,9.05976],[80.39891,9.05993],[80.39878,9.06],[80.39891,9.06031],[80.39888,9.06099],[80.39833,9.06105],[80.39842,9.06167],[80.39856,9.06166],[80.39864,9.06211],[80.39871,9.06212],[80.39874,9.06227],[80.39858,9.06229],[80.39859,9.06269],[80.39796,9.06269],[80.39783,9.06119],[80.39791,9.06106],[80.39803,9.06069],[80.39802,9.06044],[80.39786,9.06007],[80.39775,9.0587]],[[80.40115,9.18376],[80.40118,9.1835],[80.40157,9.18372],[80.4019,9.18397],[80.4025,9.18404],[80.40295,9.18421],[80.40302,9.18472],[80.40273,9.18548],[80.40216,9.18595],[80.40152,9.18472],[80.40115,9.18376]],[[80.40624,9.19381],[80.40669,9.19397],[80.40813,9.19423],[80.4085,9.19459],[80.40845,9.1952],[80.40821,9.19575],[80.40782,9.19613],[80.40739,9.1968],[80.40683,9.19505],[80.40624,9.19381]],[[80.41957,9.17595],[80.41971,9.17554],[80.41997,9.17529],[80.42041,9.17516],[80.42131,9.17499],[80.42176,9.17499],[80.42048,9.17564],[80.42006,9.17582],[80.41957,9.17595]],[[80.43594,9.13738],[80.436,9.13638],[80.43637,9.13552],[80.43617,9.1344],[80.4375,9.13606],[80.43801,9.13706],[80.43858,9.13801],[80.43776,9.13781],[80.43709,9.13826],[80.43631,9.13836],[80.43597,9.13823],[80.43594,9.13738]],[[80.44132,9.04361],[80.4415,9.04111],[80.44194,9.04107],[80.44254,9.04132],[80.44303,9.04144],[80.44361,9.04147],[80.44368,9.04169],[80.44393,9.04172],[80.44397,9.04181],[80.44424,9.04178],[80.44434,9.04152],[80.44466,9.04134],[80.4448,9.04133],[80.44484,9.04167],[80.44614,9.04154],[80.44712,9.0413],[80.44757,9.04097],[80.44802,9.04081],[80.44826,9.04078],[80.44842,9.04082],[80.44882,9.04065],[80.44939,9.04031],[80.4495,9.04005],[80.44969,9.04012],[80.45144,9.03942],[80.4519,9.03934],[80.45176,9.03913],[80.45194,9.03891],[80.45215,9.0388],[80.45235,9.03881],[80.4525,9.03897],[80.45274,9.03905],[80.45296,9.03988],[80.45335,9.03984],[80.45352,9.04055],[80.45285,9.04067],[80.45253,9.04079],[80.45225,9.04099],[80.45198,9.04099],[80.45182,9.04104],[80.45173,9.04115],[80.45149,9.04105],[80.45137,9.04114],[80.45133,9.04133],[80.45025,9.04208],[80.44928,9.04303],[80.44941,9.04354],[80.44939,9.04395],[80.44926,9.04485],[80.44914,9.04495],[80.44903,9.04475],[80.44869,9.04461],[80.44863,9.0444],[80.44852,9.04423],[80.44804,9.04439],[80.44781,9.04437],[80.44749,9.04392],[80.44621,9.04392],[80.44599,9.04302],[80.44617,9.04292],[80.44613,9.04274],[80.44545,9.04275],[80.44532,9.04247],[80.44456,9.04268],[80.44442,9.04263],[80.44413,9.04187],[80.44395,9.04199],[80.44438,9.04292],[80.44321,9.04334],[80.44294,9.04354],[80.44294,9.04364],[80.44269,9.04369],[80.44268,9.04388],[80.44222,9.04403],[80.44199,9.04415],[80.4418,9.04408],[80.44163,9.04384],[80.44132,9.04361]],[[80.44352,9.04371],[80.44362,9.0436],[80.44363,9.04341],[80.44374,9.04329],[80.44413,9.04324],[80.44442,9.04301],[80.44447,9.04321],[80.44473,9.04362],[80.44474,9.04373],[80.44499,9.04421],[80.44512,9.04413],[80.44499,9.0439],[80.44511,9.0439],[80.44529,9.04424],[80.44527,9.04434],[80.44498,9.04443],[80.44421,9.04484],[80.44409,9.04485],[80.44384,9.04467],[80.44372,9.04478],[80.44364,9.04462],[80.44364,9.04383],[80.44352,9.04371]],[[80.44689,9.04003],[80.44708,9.03985],[80.44704,9.03977],[80.44713,9.03966],[80.44852,9.03879],[80.44872,9.03911],[80.44999,9.03868],[80.44977,9.03779],[80.45152,9.03759],[80.4518,9.03749],[80.45234,9.03744],[80.45249,9.03844],[80.45146,9.0385],[80.4507,9.03865],[80.45061,9.03883],[80.45003,9.03956],[80.44911,9.04014],[80.4485,9.04047],[80.44744,9.04071],[80.44689,9.04003]],[[80.44893,9.07001],[80.44941,9.0695],[80.45001,9.06869],[80.45025,9.06883],[80.45036,9.06871],[80.45101,9.06928],[80.4509,9.06943],[80.45209,9.07013],[80.45204,9.07025],[80.45229,9.07071],[80.45225,9.07075],[80.45253,9.07115],[80.45266,9.07107],[80.45275,9.07124],[80.45294,9.07115],[80.45311,9.07175],[80.4534,9.07226],[80.45299,9.07256],[80.45301,9.07262],[80.45376,9.07351],[80.45416,9.07386],[80.45465,9.07438],[80.4548,9.07458],[80.45509,9.07523],[80.4553,9.07553],[80.45483,9.0758],[80.45439,9.07554],[80.45425,9.07514],[80.4538,9.07529],[80.454,9.07577],[80.45359,9.07582],[80.4533,9.07528],[80.45327,9.07508],[80.45353,9.07496],[80.45265,9.07425],[80.4521,9.07417],[80.45187,9.07392],[80.4517,9.07388],[80.45167,9.0737],[80.45176,9.07352],[80.45146,9.0732],[80.45135,9.07328],[80.45064,9.07263],[80.45017,9.0724],[80.44945,9.07121],[80.44958,9.0711],[80.44946,9.07098],[80.44961,9.07081],[80.44928,9.07041],[80.4493,9.07035],[80.44893,9.07001]],[[80.45299,9.03804],[80.45299,9.03791],[80.45312,9.03786],[80.4536,9.03737],[80.45387,9.03701],[80.45398,9.03697],[80.4543,9.03738],[80.4548,9.03785],[80.45458,9.03805],[80.45414,9.03814],[80.45422,9.03833],[80.45453,9.03822],[80.45457,9.03834],[80.45495,9.03835],[80.455,9.03844],[80.45495,9.03965],[80.45483,9.03985],[80.4548,9.04053],[80.45386,9.04073],[80.45357,9.04008],[80.45315,9.0385],[80.45345,9.03833],[80.45345,9.03825],[80.45314,9.03826],[80.45299,9.03804]],[[80.45495,9.07481],[80.45505,9.07473],[80.45533,9.07463],[80.45575,9.07459],[80.4561,9.07494],[80.4561,9.07505],[80.45534,9.07551],[80.45495,9.07481]],[[80.45852,9.01286],[80.45861,9.01269],[80.45905,9.01243],[80.45885,9.01209],[80.45881,9.01183],[80.45917,9.01141],[80.4594,9.01138],[80.45956,9.01153],[80.46009,9.01168],[80.46031,9.01155],[80.46132,9.01146],[80.46145,9.01168],[80.46153,9.01169],[80.46197,9.01151],[80.46223,9.01149],[80.46269,9.01127],[80.46284,9.01114],[80.46284,9.01092],[80.46314,9.01058],[80.4635,9.01055],[80.46392,9.01079],[80.46414,9.01072],[80.46493,9.01095],[80.46497,9.01098],[80.46488,9.01118],[80.46495,9.01133],[80.46511,9.01133],[80.46524,9.01123],[80.4654,9.01121],[80.46578,9.01125],[80.46619,9.01121],[80.46696,9.01134],[80.46714,9.0115],[80.46726,9.01186],[80.46741,9.01211],[80.4674,9.01228],[80.46728,9.01241],[80.46728,9.01296],[80.46617,9.01298],[80.46648,9.01463],[80.4665,9.01523],[80.46579,9.01523],[80.46515,9.01498],[80.46505,9.01498],[80.46463,9.01478],[80.46467,9.01441],[80.4646,9.01415],[80.46419,9.01386],[80.46382,9.01375],[80.46357,9.01354],[80.46204,9.01385],[80.46176,9.01377],[80.46122,9.01349],[80.46069,9.01334],[80.45984,9.01336],[80.45926,9.01327],[80.45882,9.01343],[80.45866,9.01329],[80.45852,9.01286]],[[80.46077,8.94139],[80.46114,8.94064],[80.46126,8.94028],[80.46159,8.94009],[80.46204,8.94004],[80.4627,8.93915],[80.46267,8.93873],[80.46313,8.93848],[80.46333,8.93798],[80.46341,8.93762],[80.46361,8.93728],[80.4639,8.93705],[80.46381,8.94002],[80.46319,8.94035],[80.46248,8.94108],[80.462,8.94172],[80.46187,8.9427],[80.46196,8.94282],[80.46149,8.94287],[80.46123,8.94275],[80.46113,8.94214],[80.46078,8.94169],[80.46077,8.94139]],[[80.46109,9.01105],[80.46114,9.0107],[80.46137,9.01047],[80.46143,9.00974],[80.46159,9.00968],[80.46236,9.00967],[80.46275,9.0098],[80.46316,9.00978],[80.46407,9.00947],[80.46468,9.00921],[80.46508,9.00887],[80.46538,9.00872],[80.46589,9.0086],[80.46712,9.00845],[80.4678,9.00804],[80.4686,9.00786],[80.46933,9.00783],[80.4694,9.00845],[80.47002,9.00852],[80.47048,9.00844],[80.47047,9.00811],[80.47052,9.00785],[80.47103,9.00776],[80.47137,9.0091],[80.47077,9.00925],[80.47014,9.0093],[80.47027,9.01004],[80.47088,9.01004],[80.47129,9.01115],[80.47089,9.01138],[80.47108,9.01245],[80.471,9.01255],[80.47045,9.01274],[80.47033,9.01268],[80.47026,9.01279],[80.47013,9.01278],[80.46994,9.01268],[80.46979,9.01249],[80.46964,9.01246],[80.46926,9.01254],[80.46908,9.01243],[80.46851,9.01251],[80.46843,9.01256],[80.46814,9.01257],[80.46757,9.01237],[80.46748,9.01223],[80.46717,9.01132],[80.46704,9.01116],[80.46658,9.01104],[80.46618,9.0111],[80.46603,9.01105],[80.46578,9.01087],[80.46571,9.01059],[80.46548,9.01065],[80.4653,9.01076],[80.46484,9.01054],[80.46424,9.01052],[80.46397,9.01058],[80.46334,9.01031],[80.46314,9.01038],[80.46236,9.01088],[80.46163,9.01117],[80.4614,9.01107],[80.46109,9.01105]],[[80.478,8.92848],[80.47737,8.92943],[80.47436,8.93033],[80.47368,8.93068],[80.47442,8.93207],[80.47201,8.93393],[80.47214,8.93412],[80.4714,8.93473],[80.47084,8.93547],[80.47082,8.93588],[80.4699,8.9359],[80.46865,8.93672],[80.46801,8.93744],[80.46769,8.93761],[80.46432,8.94045],[80.46454,8.93979],[80.46523,8.93816],[80.46729,8.93763],[80.46748,8.93712],[80.46544,8.93748],[80.4672,8.93648],[80.46732,8.93615],[80.46871,8.93627],[80.46936,8.93576],[80.47005,8.9349],[80.47048,8.93388],[80.47179,8.93318],[80.47184,8.93244],[80.47159,8.93191],[80.47074,8.93198],[80.4694,8.93294],[80.46919,8.93357],[80.46835,8.9337],[80.46754,8.93417],[80.46724,8.93427],[80.46717,8.93436],[80.46719,8.93446],[80.46774,8.9344],[80.46829,8.93397],[80.46928,8.93382],[80.46955,8.93444],[80.46961,8.93481],[80.46907,8.93503],[80.46894,8.93549],[80.4685,8.93554],[80.46723,8.93592],[80.4665,8.93587],[80.46542,8.93651],[80.46488,8.93714],[80.46479,8.93789],[80.46418,8.93875],[80.46402,8.93715],[80.46456,8.93664],[80.46503,8.93586],[80.46538,8.93604],[80.46646,8.93509],[80.46724,8.93535],[80.46711,8.93447],[80.4672,8.93421],[80.46881,8.93329],[80.46944,8.93245],[80.47101,8.93151],[80.47418,8.92892],[80.47458,8.92875],[80.478,8.92848]],[[80.47827,8.92847],[80.47611,8.9285],[80.47416,8.92841],[80.47363,8.92893],[80.47292,8.92865],[80.47298,8.92847],[80.47367,8.92738],[80.47335,8.92678],[80.47325,8.92639],[80.47416,8.92374],[80.47536,8.92361],[80.47628,8.92339],[80.47692,8.92305],[80.47796,8.92199],[80.47843,8.92165],[80.4795,8.92125],[80.47974,8.92153],[80.48024,8.92145],[80.48125,8.92086],[80.48238,8.92204],[80.48135,8.9233],[80.48101,8.92507],[80.47874,8.92761],[80.47827,8.92847]],[[80.49251,8.9525],[80.49282,8.95221],[80.49313,8.95241],[80.49446,8.95095],[80.49432,8.9506],[80.49543,8.94959],[80.49513,8.94853],[80.49546,8.94744],[80.49521,8.94698],[80.49714,8.94613],[80.49735,8.94502],[80.49834,8.94411],[80.49742,8.94249],[80.4987,8.94179],[80.49918,8.94183],[80.49966,8.94097],[80.5002,8.94065],[80.50072,8.94056],[80.50094,8.94112],[80.50167,8.94193],[80.50184,8.94256],[80.50161,8.94276],[80.50127,8.9435],[80.50166,8.9443],[80.49927,8.94505],[80.49876,8.94799],[80.49693,8.95011],[80.4968,8.95001],[80.49488,8.95163],[80.49491,8.95215],[80.49391,8.95344],[80.49343,8.95288],[80.49297,8.95344],[80.49251,8.9525]]]}},{"type":"Feature","properties":{"c":"farmland"},"geometry":{"type":"Polygon","coordinates":[[[80.16233,9.2628],[80.16351,9.2626],[80.16386,9.26301],[80.16437,9.26287],[80.16456,9.26235],[80.1651,9.26208],[80.16551,9.2618],[80.16564,9.26129],[80.16552,9.26112],[80.1651,9.261],[80.16482,9.26112],[80.16434,9.26035],[80.16403,9.26014],[80.16388,9.26013],[80.16329,9.26074],[80.16254,9.2617],[80.16233,9.2628]]]}},{"type":"Feature","properties":{"c":"farmland"},"geometry":{"type":"Polygon","coordinates":[[[80.1592,9.27558],[80.15944,9.27562],[80.16036,9.27508],[80.16031,9.27455],[80.16011,9.27452],[80.1598,9.27465],[80.15991,9.27478],[80.15993,9.27489],[80.1597,9.27498],[80.15972,9.27505],[80.15957,9.27516],[80.15944,9.27514],[80.15939,9.275],[80.15931,9.27503],[80.1592,9.27558]]]}},{"type":"Feature","properties":{"c":"farmland"},"geometry":{"type":"Polygon","coordinates":[[[80.15627,9.27412],[80.15696,9.275],[80.15717,9.2752],[80.15645,9.27558],[80.15907,9.27562],[80.1593,9.27424],[80.15883,9.2738],[80.15833,9.27365],[80.15745,9.27377],[80.15695,9.27377],[80.15633,9.27313],[80.15627,9.27412]]]}},{"type":"Feature","properties":{"c":"farmland"},"geometry":{"type":"Polygon","coordinates":[[[80.15624,9.26493],[80.1563,9.26723],[80.15624,9.2681],[80.15639,9.26811],[80.15684,9.26855],[80.1575,9.26945],[80.15911,9.26839],[80.15899,9.26733],[80.15865,9.26664],[80.15753,9.26598],[80.15624,9.26493]]]}},{"type":"Feature","properties":{"c":"farmland"},"geometry":{"type":"Polygon","coordinates":[[[80.38161,9.58979],[80.38198,9.59043],[80.3823,9.59057],[80.38282,9.59054],[80.38345,9.59011],[80.38369,9.58979],[80.3838,9.58918],[80.38367,9.58902],[80.38368,9.58883],[80.38329,9.58843],[80.38285,9.58874],[80.38316,9.58907],[80.3833,9.58941],[80.38293,9.58982],[80.38245,9.58999],[80.38213,9.58953],[80.38215,9.58935],[80.38241,9.58913],[80.38236,9.58902],[80.3826,9.5888],[80.38281,9.58871],[80.38284,9.58855],[80.38236,9.58853],[80.38207,9.58869],[80.38179,9.58892],[80.38171,9.58918],[80.38169,9.58972],[80.38161,9.58979]]]}},{"type":"Feature","properties":{"c":"farmland"},"geometry":{"type":"Polygon","coordinates":[[[80.38778,9.58924],[80.38842,9.58982],[80.38902,9.58918],[80.38884,9.58897],[80.38803,9.58893],[80.38778,9.58924]]]}},{"type":"Feature","properties":{"c":"farmland"},"geometry":{"type":"Polygon","coordinates":[[[80.37931,9.59256],[80.37966,9.59291],[80.38011,9.59275],[80.38051,9.59239],[80.38085,9.59179],[80.38095,9.5912],[80.38083,9.59067],[80.3803,9.59091],[80.38038,9.59131],[80.38016,9.59141],[80.38005,9.59112],[80.38028,9.59101],[80.38023,9.59088],[80.3805,9.59078],[80.38078,9.5906],[80.38057,9.59045],[80.38029,9.59037],[80.37986,9.59044],[80.37952,9.59123],[80.37936,9.59205],[80.37931,9.59256]]]}},{"type":"Feature","properties":{"c":"farmland"},"geometry":{"type":"Polygon","coordinates":[[[80.36804,9.5868],[80.36844,9.58738],[80.36891,9.58712],[80.36848,9.58649],[80.36804,9.5868]]]}},{"type":"Feature","properties":{"c":"farmland"},"geometry":{"type":"Polygon","coordinates":[[[80.3761,9.58664],[80.37612,9.58703],[80.37627,9.58715],[80.37654,9.5872],[80.3769,9.58704],[80.37704,9.58684],[80.37701,9.58664],[80.37689,9.58645],[80.37675,9.58636],[80.37628,9.58634],[80.3761,9.58664]]]}},{"type":"Feature","properties":{"c":"farmland"},"geometry":{"type":"Polygon","coordinates":[[[80.3713,9.58743],[80.37146,9.58792],[80.37138,9.58799],[80.3716,9.58821],[80.37176,9.58809],[80.37187,9.58822],[80.37212,9.58825],[80.37258,9.58807],[80.37267,9.58797],[80.37247,9.58761],[80.37215,9.58777],[80.37194,9.58774],[80.37181,9.58765],[80.37171,9.58749],[80.37172,9.58737],[80.37156,9.58731],[80.3713,9.58743]]]}},{"type":"Feature","properties":{"c":"farmland"},"geometry":{"type":"Polygon","coordinates":[[[80.37008,9.59395],[80.37046,9.59449],[80.37117,9.59396],[80.37189,9.59318],[80.37198,9.59294],[80.37191,9.59263],[80.37167,9.59235],[80.37134,9.59241],[80.37107,9.59237],[80.37102,9.59221],[80.3706,9.59249],[80.37067,9.59255],[80.37057,9.59266],[80.37066,9.59273],[80.3706,9.59291],[80.37041,9.59315],[80.37042,9.59345],[80.37037,9.59364],[80.37008,9.59395]]]}},{"type":"Feature","properties":{"c":"farmland"},"geometry":{"type":"Polygon","coordinates":[[[80.367,9.59151],[80.36715,9.59146],[80.36747,9.59166],[80.36791,9.59238],[80.36761,9.59259],[80.3681,9.59325],[80.36861,9.5928],[80.36879,9.59269],[80.36942,9.59255],[80.36936,9.59246],[80.36958,9.59228],[80.36961,9.592],[80.36945,9.59141],[80.36912,9.59088],[80.36845,9.59075],[80.36721,9.59062],[80.36701,9.59079],[80.367,9.59151]]]}},{"type":"Feature","properties":{"c":"farmland"},"geometry":{"type":"Polygon","coordinates":[[[80.38768,9.59555],[80.38829,9.59638],[80.38853,9.59725],[80.38897,9.59802],[80.38907,9.598],[80.38892,9.59765],[80.38909,9.59751],[80.38916,9.59773],[80.38963,9.59751],[80.38977,9.59753],[80.39002,9.59747],[80.39019,9.59733],[80.39032,9.59739],[80.39042,9.59723],[80.38995,9.59659],[80.38978,9.59622],[80.38966,9.59546],[80.39002,9.59524],[80.39023,9.5954],[80.3909,9.59556],[80.39144,9.59534],[80.39216,9.59486],[80.39203,9.59424],[80.39172,9.59425],[80.39156,9.59487],[80.39109,9.59525],[80.39062,9.59525],[80.39029,9.59497],[80.38999,9.59456],[80.38993,9.59378],[80.3897,9.59394],[80.38965,9.5946],[80.38968,9.59486],[80.38944,9.59507],[80.38884,9.5947],[80.3886,9.59477],[80.3889,9.59494],[80.38914,9.59532],[80.38942,9.5964],[80.38916,9.59652],[80.38888,9.59653],[80.38864,9.59642],[80.38841,9.59619],[80.3881,9.5957],[80.38799,9.59535],[80.38804,9.59508],[80.38768,9.59555]]]}},{"type":"Feature","properties":{"c":"farmland"},"geometry":{"type":"Polygon","coordinates":[[[80.38314,9.59674],[80.38353,9.59768],[80.38381,9.59753],[80.38386,9.59765],[80.38403,9.59759],[80.38406,9.59765],[80.38466,9.59739],[80.38544,9.59693],[80.38595,9.59656],[80.38576,9.59615],[80.3855,9.59606],[80.38543,9.59613],[80.38522,9.59593],[80.38508,9.59587],[80.38446,9.59579],[80.38417,9.59589],[80.3841,9.59596],[80.38432,9.59628],[80.38427,9.59635],[80.38443,9.59662],[80.38396,9.59689],[80.38376,9.59655],[80.38426,9.59632],[80.38428,9.59627],[80.384,9.59591],[80.38339,9.59619],[80.38341,9.59644],[80.38314,9.59674]]]}},{"type":"Feature","properties":{"c":"farmland"},"geometry":{"type":"Polygon","coordinates":[[[80.37754,9.59928],[80.37759,9.60078],[80.37789,9.60144],[80.37826,9.6018],[80.37953,9.60165],[80.38027,9.6013],[80.38097,9.60078],[80.38168,9.60011],[80.38218,9.59958],[80.38268,9.59823],[80.38308,9.5978],[80.38344,9.59763],[80.38313,9.59682],[80.38265,9.59696],[80.38282,9.59721],[80.38196,9.59858],[80.38086,9.59952],[80.37937,9.60061],[80.37851,9.60097],[80.37783,9.59971],[80.37832,9.59895],[80.37905,9.59818],[80.37882,9.59796],[80.37834,9.59826],[80.37828,9.59822],[80.37776,9.59862],[80.37766,9.59884],[80.37754,9.59928]]]}},{"type":"Feature","properties":{"c":"farmland"},"geometry":{"type":"Polygon","coordinates":[[[80.38349,9.60405],[80.38408,9.60457],[80.3843,9.60431],[80.38446,9.60437],[80.38458,9.60422],[80.38473,9.60427],[80.38508,9.60397],[80.38528,9.60394],[80.38544,9.60378],[80.38536,9.60372],[80.38389,9.60346],[80.38349,9.60405]]]}},{"type":"Feature","properties":{"c":"farmland"},"geometry":{"type":"Polygon","coordinates":[[[80.38409,9.60246],[80.38438,9.60291],[80.3842,9.60303],[80.38428,9.60332],[80.38571,9.60358],[80.38651,9.60321],[80.38614,9.60264],[80.38586,9.60279],[80.38527,9.60205],[80.38409,9.60246]]]}},{"type":"Feature","properties":{"c":"farmland"},"geometry":{"type":"Polygon","coordinates":[[[80.39455,9.59466],[80.39487,9.59511],[80.39499,9.59515],[80.39504,9.59524],[80.39529,9.59542],[80.39556,9.59541],[80.39566,9.59548],[80.39583,9.59537],[80.39609,9.59503],[80.39603,9.59496],[80.39611,9.59485],[80.39594,9.59442],[80.39603,9.59436],[80.39591,9.59412],[80.39572,9.59397],[80.39519,9.59385],[80.39485,9.59402],[80.39475,9.59415],[80.39485,9.59448],[80.39499,9.59417],[80.39516,9.59406],[80.39538,9.59412],[80.39559,9.59425],[80.39574,9.5945],[80.39567,9.59473],[80.39538,9.59492],[80.39508,9.59484],[80.39485,9.59452],[80.39455,9.59466]]]}},{"type":"Feature","properties":{"c":"farmland"},"geometry":{"type":"Polygon","coordinates":[[[80.33648,9.59446],[80.33664,9.59468],[80.33726,9.59425],[80.33796,9.59365],[80.33823,9.59402],[80.33892,9.59376],[80.33957,9.59365],[80.34032,9.59367],[80.34063,9.59364],[80.34092,9.59389],[80.34024,9.59477],[80.33924,9.59522],[80.33861,9.59501],[80.33851,9.59529],[80.33888,9.59541],[80.33887,9.59549],[80.33917,9.59563],[80.33939,9.59551],[80.33957,9.59569],[80.33969,9.5956],[80.33984,9.59575],[80.34036,9.59553],[80.34055,9.59595],[80.34097,9.59583],[80.34122,9.59624],[80.34169,9.59605],[80.34226,9.59603],[80.3423,9.59588],[80.34222,9.5955],[80.34244,9.59405],[80.34231,9.59389],[80.34205,9.59395],[80.34214,9.5935],[80.34156,9.59356],[80.34132,9.59333],[80.34072,9.59343],[80.34038,9.59331],[80.33964,9.59322],[80.33859,9.59325],[80.33839,9.59303],[80.33786,9.59332],[80.33648,9.59446]]]}},{"type":"Feature","properties":{"c":"farmland"},"geometry":{"type":"Polygon","coordinates":[[[80.34233,9.5918],[80.34245,9.59242],[80.34262,9.5927],[80.34293,9.59245],[80.3428,9.59212],[80.34297,9.5919],[80.34325,9.59174],[80.34383,9.59158],[80.34399,9.59194],[80.3436,9.59238],[80.34334,9.5925],[80.34304,9.59254],[80.34267,9.59278],[80.34308,9.59334],[80.34345,9.59321],[80.34396,9.59292],[80.34419,9.59264],[80.34443,9.59245],[80.34436,9.59226],[80.34454,9.5921],[80.34446,9.59193],[80.34436,9.59194],[80.3442,9.59163],[80.34371,9.59108],[80.34302,9.59111],[80.34265,9.59121],[80.34234,9.59148],[80.34233,9.5918]]]}},{"type":"Feature","properties":{"c":"farmland"},"geometry":{"type":"Polygon","coordinates":[[[80.33758,9.59189],[80.33771,9.59204],[80.3377,9.59223],[80.33785,9.59241],[80.33832,9.59255],[80.33902,9.59219],[80.33873,9.59163],[80.33844,9.59131],[80.33791,9.59158],[80.33762,9.59179],[80.33758,9.59189]]]}},{"type":"Feature","properties":{"c":"farmland"},"geometry":{"type":"Polygon","coordinates":[[[80.33782,9.58946],[80.33784,9.58978],[80.33803,9.59011],[80.33821,9.59029],[80.33832,9.59033],[80.33931,9.58935],[80.33905,9.58904],[80.33868,9.5888],[80.33812,9.58915],[80.33782,9.58946]]]}},{"type":"Feature","properties":{"c":"farmland"},"geometry":{"type":"Polygon","coordinates":[[[80.36306,9.58458],[80.36326,9.58521],[80.36376,9.58565],[80.36406,9.58564],[80.36478,9.58509],[80.36468,9.58487],[80.36548,9.58418],[80.36517,9.5839],[80.36457,9.58361],[80.36306,9.58458]]]}},{"type":"Feature","properties":{"c":"farmland"},"geometry":{"type":"Polygon","coordinates":[[[80.36162,9.58965],[80.36184,9.59004],[80.36209,9.58975],[80.36194,9.58939],[80.3623,9.58903],[80.36245,9.58925],[80.36243,9.58952],[80.36215,9.58974],[80.36226,9.5899],[80.36326,9.58931],[80.36362,9.58894],[80.36346,9.5882],[80.36331,9.58811],[80.36254,9.58798],[80.36181,9.58851],[80.36184,9.58867],[80.36163,9.58891],[80.36171,9.58905],[80.36162,9.58965]]]}},{"type":"Feature","properties":{"c":"farmland"},"geometry":{"type":"Polygon","coordinates":[[[80.54383,9.39604],[80.54432,9.39633],[80.54443,9.39656],[80.5454,9.39654],[80.54561,9.39628],[80.54556,9.39553],[80.54509,9.39549],[80.54492,9.39555],[80.54496,9.39589],[80.54429,9.39601],[80.54428,9.39571],[80.54395,9.39561],[80.54383,9.39604]]]}},{"type":"Feature","properties":{"c":"park"},"geometry":{"type":"Polygon","coordinates":[[[80.49437,9.37309],[80.49447,9.37312],[80.4945,9.37303],[80.4944,9.373],[80.49437,9.37309]]]}},{"type":"Feature","properties":{"c":"park"},"geometry":{"type":"Polygon","coordinates":[[[80.4953,9.37742],[80.49531,9.37748],[80.49541,9.37747],[80.49541,9.37741],[80.4953,9.37742]]]}},{"type":"Feature","properties":{"c":"forest"},"geometry":{"type":"Polygon","coordinates":[[[80.20091,9.3658],[80.20127,9.36746],[80.20119,9.36924],[80.20155,9.36945],[80.20219,9.36921],[80.20256,9.36858],[80.20294,9.36769],[80.20348,9.36777],[80.20417,9.36718],[80.20404,9.36667],[80.20409,9.36571],[80.20453,9.36426],[80.20493,9.36387],[80.20533,9.36319],[80.20515,9.36289],[80.20529,9.36263],[80.20481,9.36218],[80.20504,9.36168],[80.20595,9.36062],[80.20568,9.36037],[80.20526,9.36041],[80.20472,9.36015],[80.20453,9.35933],[80.20412,9.35901],[80.2032,9.35956],[80.20228,9.35994],[80.20153,9.36307],[80.20144,9.36441],[80.20153,9.36542],[80.20091,9.3658]]]}},{"type":"Feature","properties":{"c":"farmland"},"geometry":{"type":"Polygon","coordinates":[[[80.35777,9.38761],[80.35777,9.38778],[80.35794,9.38778],[80.35795,9.3876],[80.35777,9.38761]]]}},{"type":"Feature","properties":{"c":"forest"},"geometry":{"type":"Polygon","coordinates":[[[80.15468,9.23371],[80.15722,9.23509],[80.15797,9.2375],[80.15938,9.24049],[80.16213,9.23966],[80.16272,9.24302],[80.16197,9.24407],[80.16063,9.24509],[80.15641,9.2467],[80.15971,9.24708],[80.16281,9.24658],[80.1644,9.24699],[80.16588,9.24864],[80.16583,9.25144],[80.1669,9.25513],[80.16721,9.25665],[80.16835,9.25652],[80.17388,9.25319],[80.17586,9.25164],[80.17818,9.25148],[80.17964,9.25491],[80.18123,9.258],[80.18233,9.2591],[80.18335,9.26055],[80.18636,9.26278],[80.18763,9.26288],[80.18858,9.26346],[80.18919,9.26436],[80.18857,9.26535],[80.18745,9.26604],[80.18706,9.26563],[80.18678,9.26519],[80.18577,9.26515],[80.18466,9.26491],[80.18279,9.2655],[80.18186,9.26587],[80.18125,9.26476],[80.18113,9.26401],[80.17891,9.26385],[80.17756,9.26486],[80.17695,9.26646],[80.17641,9.26717],[80.17395,9.26774],[80.17278,9.26856],[80.17276,9.26874],[80.17389,9.27164],[80.17435,9.27204],[80.17509,9.27201],[80.17606,9.27184],[80.177,9.27185],[80.17774,9.27145],[80.1778,9.27057],[80.17836,9.27013],[80.17936,9.27019],[80.18003,9.27151],[80.17993,9.27248],[80.17894,9.27284],[80.17667,9.27399],[80.17513,9.2736],[80.17395,9.27286],[80.1749,9.27568],[80.17566,9.27735],[80.1758,9.27825],[80.17665,9.27909],[80.17781,9.27946],[80.1799,9.27993],[80.18108,9.2809],[80.18172,9.28231],[80.18213,9.28391],[80.18223,9.28476],[80.18273,9.2857],[80.18326,9.2872],[80.18375,9.28932],[80.19083,9.29078],[80.19351,9.29147],[80.1962,9.29231],[80.19841,9.29336],[80.19966,9.29277],[80.2011,9.29162],[80.20203,9.29126],[80.20312,9.29105],[80.20428,9.29164],[80.2046,9.29289],[80.20418,9.29381],[80.20267,9.29403],[80.20161,9.29363],[80.20008,9.29422],[80.19988,9.29455],[80.19959,9.29586],[80.2005,9.29598],[80.20046,9.29762],[80.2002,9.29926],[80.20009,9.30176],[80.19946,9.30181],[80.1986,9.30073],[80.19713,9.30043],[80.19519,9.30154],[80.19456,9.30236],[80.19478,9.30293],[80.19617,9.30327],[80.19768,9.30381],[80.19818,9.30456],[80.20547,9.3067],[80.2103,9.30801],[80.21031,9.30782],[80.21013,9.30765],[80.2102,9.30701],[80.20999,9.30697],[80.21006,9.30669],[80.2102,9.30643],[80.21043,9.30629],[80.21053,9.30646],[80.21049,9.30692],[80.21056,9.30727],[80.21065,9.30742],[80.21098,9.30739],[80.21126,9.30819],[80.2142,9.30893],[80.21448,9.30824],[80.21486,9.30647],[80.21508,9.3065],[80.21538,9.30666],[80.21666,9.30709],[80.21722,9.30703],[80.21758,9.30709],[80.21806,9.30728],[80.21798,9.30742],[80.2183,9.30808],[80.21891,9.30891],[80.22029,9.30657],[80.21869,9.30555],[80.21637,9.30417],[80.21642,9.30261],[80.21653,9.30222],[80.21852,9.30141],[80.21899,9.30134],[80.2208,9.30135],[80.22338,9.30181],[80.22556,9.30078],[80.22851,9.30014],[80.23003,9.29939],[80.23279,9.29772],[80.2337,9.29708],[80.2346,9.29668],[80.23576,9.29664],[80.23679,9.29699],[80.23797,9.29759],[80.23904,9.2983],[80.23937,9.29895],[80.23958,9.29949],[80.23951,9.30017],[80.2387,9.3024],[80.23871,9.30307],[80.23903,9.30397],[80.23931,9.30438],[80.23931,9.30475],[80.24054,9.30601],[80.24253,9.30576],[80.24412,9.30487],[80.24908,9.30552],[80.25049,9.30391],[80.25148,9.30247],[80.25581,9.30408],[80.26023,9.30679],[80.26786,9.30759],[80.26886,9.31137],[80.27693,9.31145],[80.27719,9.30849],[80.27658,9.304],[80.28062,9.30002],[80.28431,9.29561],[80.2868,9.29129],[80.28596,9.28748],[80.28457,9.28231],[80.28096,9.27935],[80.27873,9.27486],[80.2801,9.27079],[80.28045,9.26817],[80.27555,9.26148],[80.27023,9.2608],[80.26277,9.26453],[80.25641,9.26046],[80.26851,9.24796],[80.26697,9.24504],[80.26723,9.24208],[80.26328,9.23953],[80.25581,9.24064],[80.25049,9.23886],[80.2468,9.23657],[80.24586,9.23106],[80.24448,9.22717],[80.19878,9.22666],[80.19627,9.22628],[80.19455,9.22481],[80.19436,9.22384],[80.19314,9.22357],[80.19187,9.22352],[80.19052,9.22323],[80.18747,9.22318],[80.18653,9.22277],[80.1849,9.22293],[80.18218,9.22366],[80.17926,9.22436],[80.175,9.22496],[80.17251,9.22505],[80.16947,9.22537],[80.16258,9.22568],[80.15915,9.22556],[80.15586,9.22744],[80.15552,9.22988],[80.15586,9.23166],[80.15468,9.23371]],[[80.16503,9.23644],[80.16521,9.23616],[80.16541,9.23636],[80.1653,9.23655],[80.16503,9.23644]],[[80.18559,9.22727],[80.18571,9.227],[80.1859,9.22682],[80.1863,9.22668],[80.18676,9.22663],[80.18757,9.22692],[80.18762,9.22714],[80.18756,9.22767],[80.18748,9.22798],[80.18684,9.22825],[80.18618,9.22827],[80.18566,9.22808],[80.18559,9.22727]],[[80.19509,9.23368],[80.19513,9.23333],[80.19534,9.23272],[80.19554,9.23244],[80.19584,9.23233],[80.19662,9.23238],[80.19728,9.23258],[80.19744,9.23288],[80.19745,9.23319],[80.19741,9.23345],[80.19719,9.23382],[80.19688,9.23412],[80.19647,9.23426],[80.19601,9.23435],[80.19545,9.23423],[80.19519,9.23398],[80.19509,9.23368]],[[80.21539,9.23424],[80.21564,9.23345],[80.2162,9.23323],[80.21674,9.23332],[80.21706,9.23366],[80.21704,9.2343],[80.21669,9.23455],[80.21602,9.23483],[80.21554,9.23464],[80.21539,9.23424]],[[80.22014,9.23993],[80.22048,9.23932],[80.22092,9.23898],[80.22154,9.23887],[80.2222,9.23921],[80.22247,9.23982],[80.22245,9.24062],[80.22197,9.24106],[80.2212,9.24136],[80.22066,9.24132],[80.22024,9.24081],[80.22014,9.23993]],[[80.23296,9.26915],[80.23335,9.26879],[80.23352,9.2684],[80.23347,9.26807],[80.23321,9.26766],[80.23332,9.26741],[80.2333,9.26709],[80.23343,9.26716],[80.23381,9.26705],[80.23427,9.26747],[80.23477,9.26769],[80.23457,9.26795],[80.23444,9.26837],[80.23455,9.26894],[80.23367,9.26904],[80.23333,9.26935],[80.23296,9.26915]]]}},{"type":"Feature","properties":{"c":"scrub"},"geometry":{"type":"Polygon","coordinates":[[[80.24904,9.35911],[80.25052,9.36048],[80.25087,9.35861],[80.25049,9.3584],[80.25077,9.35797],[80.24989,9.35787],[80.24913,9.35885],[80.24904,9.35911]]]}},{"type":"Feature","properties":{"c":"farmland"},"geometry":{"type":"Polygon","coordinates":[[[80.24611,9.36227],[80.24683,9.36391],[80.24773,9.36374],[80.24863,9.36289],[80.24968,9.36241],[80.2502,9.36117],[80.2508,9.36073],[80.24904,9.35911],[80.24852,9.36064],[80.2477,9.36155],[80.24658,9.36184],[80.24611,9.36227]]]}},{"type":"Feature","properties":{"c":"forest"},"geometry":{"type":"Polygon","coordinates":[[[80.57109,9.42499],[80.5713,9.42515],[80.57123,9.42533],[80.57134,9.42539],[80.57171,9.42533],[80.57158,9.42497],[80.57135,9.42486],[80.57109,9.42499]]]}},{"type":"Feature","properties":{"c":"forest"},"geometry":{"type":"Polygon","coordinates":[[[80.57651,9.41814],[80.57735,9.4187],[80.57777,9.41862],[80.57742,9.41808],[80.5771,9.41784],[80.57687,9.41758],[80.57677,9.41718],[80.57663,9.4172],[80.57651,9.41814]]]}},{"type":"Feature","properties":{"c":"forest"},"geometry":{"type":"Polygon","coordinates":[[[80.57666,9.41689],[80.57716,9.41726],[80.57765,9.41722],[80.57758,9.41648],[80.57787,9.41591],[80.57771,9.41549],[80.57691,9.41577],[80.57678,9.41609],[80.57666,9.41689]]]}},{"type":"Feature","properties":{"c":"residential"},"geometry":{"type":"Polygon","coordinates":[[[80.43857,9.44812],[80.43867,9.44854],[80.43918,9.44849],[80.43919,9.4488],[80.43905,9.44882],[80.43908,9.44919],[80.43957,9.44911],[80.43955,9.4489],[80.43961,9.44849],[80.4406,9.44838],[80.44058,9.44796],[80.43951,9.44809],[80.43857,9.44812]]]}},{"type":"Feature","properties":{"c":"residential"},"geometry":{"type":"Polygon","coordinates":[[[80.43306,9.45269],[80.43321,9.45329],[80.43322,9.45435],[80.43537,9.45405],[80.43569,9.45367],[80.43759,9.45329],[80.4376,9.45297],[80.43772,9.45255],[80.43857,9.45225],[80.43835,9.45147],[80.43926,9.45115],[80.43917,9.45074],[80.43942,9.45066],[80.43925,9.44948],[80.43651,9.44956],[80.43653,9.45057],[80.43502,9.45056],[80.43466,9.45067],[80.43401,9.4516],[80.43365,9.45194],[80.43359,9.45206],[80.43311,9.45204],[80.43306,9.45269]]]}},{"type":"Feature","properties":{"c":"park"},"geometry":{"type":"Polygon","coordinates":[[[80.21446,9.47653],[80.2145,9.47681],[80.21474,9.47679],[80.21474,9.47652],[80.21446,9.47653]]]}},{"type":"Feature","properties":{"c":"commercial"},"geometry":{"type":"Polygon","coordinates":[[[80.40635,9.52434],[80.40632,9.52442],[80.40635,9.52442],[80.40635,9.52434]]]}},{"type":"Feature","properties":{"c":"commercial"},"geometry":{"type":"Polygon","coordinates":[[[80.40634,9.52415],[80.40633,9.52425],[80.40635,9.52425],[80.40634,9.52415]]]}},{"type":"Feature","properties":{"c":"commercial"},"geometry":{"type":"Polygon","coordinates":[[[80.40639,9.5243],[80.40637,9.52433],[80.40639,9.52434],[80.40639,9.5243]]]}},{"type":"Feature","properties":{"c":"military","n":"Naval Detachment Kalmunai"},"geometry":{"type":"Polygon","coordinates":[[[80.05271,9.59974],[80.0529,9.59995],[80.05303,9.60027],[80.05325,9.60041],[80.05333,9.60054],[80.05395,9.60073],[80.05389,9.60022],[80.05393,9.59997],[80.05427,9.59992],[80.0546,9.59919],[80.05442,9.59886],[80.05426,9.59877],[80.0532,9.59897],[80.05271,9.59974]]]}},{"type":"Feature","properties":{"c":"quarry"},"geometry":{"type":"Polygon","coordinates":[[[80.25822,9.32894],[80.25819,9.32899],[80.25823,9.32898],[80.25822,9.32894]]]}},{"type":"Feature","properties":{"c":"farmland"},"geometry":{"type":"Polygon","coordinates":[[[80.52222,9.37117],[80.52241,9.37131],[80.52334,9.37162],[80.52499,9.3743],[80.52575,9.37721],[80.52558,9.37819],[80.52509,9.37866],[80.52523,9.37927],[80.52897,9.38028],[80.5291,9.37994],[80.5288,9.37925],[80.52829,9.37693],[80.52786,9.3768],[80.52762,9.37576],[80.52643,9.37353],[80.52502,9.37104],[80.52451,9.37038],[80.5243,9.37019],[80.52222,9.37117]]]}},{"type":"Feature","properties":{"c":"farmland"},"geometry":{"type":"Polygon","coordinates":[[[80.52502,9.39099],[80.52553,9.39084],[80.52569,9.39131],[80.52556,9.39138],[80.52559,9.39165],[80.5253,9.39179],[80.52539,9.3921],[80.52575,9.39195],[80.52586,9.39173],[80.52612,9.3917],[80.52649,9.39192],[80.52658,9.39188],[80.52639,9.39164],[80.52618,9.39155],[80.52704,9.39055],[80.52748,9.39143],[80.5289,9.39074],[80.52838,9.39058],[80.5278,9.39016],[80.52765,9.38989],[80.52824,9.38885],[80.52862,9.3878],[80.52884,9.38686],[80.52915,9.38356],[80.52901,9.38301],[80.52891,9.38286],[80.52913,9.38245],[80.52908,9.38192],[80.52891,9.38154],[80.52897,9.38028],[80.52523,9.37927],[80.52651,9.38536],[80.52519,9.38991],[80.52508,9.39086],[80.52502,9.39099]]]}},{"type":"Feature","properties":{"c":"farmland"},"geometry":{"type":"Polygon","coordinates":[[[80.51341,9.37958],[80.51354,9.38068],[80.51358,9.38182],[80.51395,9.3826],[80.51472,9.38391],[80.51534,9.38584],[80.51586,9.38671],[80.51664,9.38773],[80.51846,9.38734],[80.51955,9.38689],[80.51956,9.38674],[80.52009,9.38677],[80.52012,9.38717],[80.52068,9.38719],[80.52075,9.3879],[80.52196,9.38772],[80.52214,9.38863],[80.52099,9.3889],[80.52103,9.38926],[80.52029,9.38947],[80.52046,9.39006],[80.51977,9.39037],[80.51955,9.39149],[80.519,9.39169],[80.51924,9.39226],[80.52126,9.3913],[80.52134,9.39184],[80.52335,9.39145],[80.52333,9.39109],[80.5236,9.39097],[80.52398,9.39093],[80.52403,9.39116],[80.52488,9.39105],[80.52501,9.39084],[80.52512,9.3899],[80.52644,9.38537],[80.52505,9.37873],[80.52497,9.3787],[80.5248,9.37876],[80.52439,9.37878],[80.52359,9.3786],[80.52328,9.37857],[80.52222,9.37864],[80.51866,9.37993],[80.5184,9.37994],[80.51594,9.37937],[80.51521,9.37925],[80.51358,9.37924],[80.51342,9.37929],[80.51341,9.37958]]]}},{"type":"Feature","properties":{"c":"farmland"},"geometry":{"type":"Polygon","coordinates":[[[80.51687,9.34699],[80.5169,9.34798],[80.51713,9.34797],[80.51727,9.34925],[80.51692,9.34927],[80.51709,9.3539],[80.51707,9.35442],[80.5169,9.35548],[80.51731,9.36003],[80.51914,9.36458],[80.51959,9.3656],[80.52072,9.36716],[80.52134,9.36814],[80.52212,9.37101],[80.52222,9.37117],[80.5243,9.37019],[80.52385,9.36968],[80.52333,9.3687],[80.52276,9.36752],[80.52185,9.36595],[80.52123,9.36467],[80.52088,9.36355],[80.52049,9.36289],[80.52046,9.36253],[80.52017,9.36215],[80.5202,9.36167],[80.51925,9.36076],[80.51861,9.35889],[80.51861,9.35831],[80.51899,9.35819],[80.51882,9.35754],[80.51816,9.35645],[80.51809,9.35519],[80.51833,9.35486],[80.51835,9.35388],[80.51816,9.35335],[80.51928,9.35133],[80.51901,9.3511],[80.51892,9.35078],[80.51902,9.35027],[80.51854,9.34992],[80.51834,9.34968],[80.51822,9.34892],[80.51799,9.34833],[80.51801,9.34781],[80.51783,9.34776],[80.51747,9.34685],[80.51687,9.34699]]]}},{"type":"Feature","properties":{"c":"farmland"},"geometry":{"type":"Polygon","coordinates":[[[80.51383,9.41848],[80.51392,9.41872],[80.5141,9.41873],[80.51412,9.41848],[80.51383,9.41848]]]}},{"type":"Feature","properties":{"c":"farmland"},"geometry":{"type":"Polygon","coordinates":[[[80.51335,9.41804],[80.51335,9.41819],[80.5137,9.4182],[80.5136,9.418],[80.51335,9.41804]]]}},{"type":"Feature","properties":{"c":"farmland"},"geometry":{"type":"Polygon","coordinates":[[[80.51401,9.41814],[80.51403,9.41846],[80.51427,9.41846],[80.51426,9.41815],[80.51401,9.41814]]]}},{"type":"Feature","properties":{"c":"farmland"},"geometry":{"type":"Polygon","coordinates":[[[80.51367,9.41815],[80.51383,9.41848],[80.51403,9.41846],[80.51401,9.41814],[80.51367,9.41815]]]}},{"type":"Feature","properties":{"c":"farmland"},"geometry":{"type":"Polygon","coordinates":[[[80.51358,9.4179],[80.51367,9.41815],[80.51391,9.41814],[80.51391,9.41788],[80.51358,9.4179]]]}},{"type":"Feature","properties":{"c":"farmland"},"geometry":{"type":"Polygon","coordinates":[[[80.51391,9.41788],[80.51391,9.41814],[80.51426,9.41815],[80.51424,9.41791],[80.51418,9.41787],[80.51391,9.41788]]]}},{"type":"Feature","properties":{"c":"farmland"},"geometry":{"type":"Polygon","coordinates":[[[80.51372,9.4175],[80.51376,9.41787],[80.51404,9.41788],[80.51403,9.41749],[80.51372,9.4175]]]}},{"type":"Feature","properties":{"c":"farmland"},"geometry":{"type":"Polygon","coordinates":[[[80.5137,9.41728],[80.51372,9.4175],[80.51403,9.41749],[80.51401,9.41727],[80.5137,9.41728]]]}},{"type":"Feature","properties":{"c":"farmland"},"geometry":{"type":"Polygon","coordinates":[[[80.51285,9.41807],[80.51288,9.41821],[80.51312,9.41815],[80.51305,9.41799],[80.51285,9.41807]]]}},{"type":"Feature","properties":{"c":"farmland"},"geometry":{"type":"Polygon","coordinates":[[[80.51281,9.41784],[80.51285,9.41807],[80.51305,9.41799],[80.51298,9.41784],[80.51281,9.41784]]]}},{"type":"Feature","properties":{"c":"farmland"},"geometry":{"type":"Polygon","coordinates":[[[80.51308,9.41805],[80.51317,9.41819],[80.51335,9.41819],[80.51332,9.41798],[80.51308,9.41805]]]}},{"type":"Feature","properties":{"c":"farmland"},"geometry":{"type":"Polygon","coordinates":[[[80.51366,9.41695],[80.5137,9.41728],[80.51401,9.41727],[80.51396,9.41698],[80.51366,9.41695]]]}},{"type":"Feature","properties":{"c":"farmland"},"geometry":{"type":"Polygon","coordinates":[[[80.51396,9.41698],[80.51401,9.41727],[80.51436,9.41725],[80.5143,9.41696],[80.51396,9.41698]]]}},{"type":"Feature","properties":{"c":"farmland"},"geometry":{"type":"Polygon","coordinates":[[[80.5143,9.41696],[80.51436,9.41725],[80.51461,9.41728],[80.51478,9.41722],[80.5147,9.41696],[80.5143,9.41696]]]}},{"type":"Feature","properties":{"c":"farmland"},"geometry":{"type":"Polygon","coordinates":[[[80.51427,9.41666],[80.5143,9.41696],[80.5147,9.41696],[80.51464,9.41667],[80.51427,9.41666]]]}},{"type":"Feature","properties":{"c":"farmland"},"geometry":{"type":"Polygon","coordinates":[[[80.51423,9.41635],[80.51427,9.41666],[80.51464,9.41667],[80.5145,9.41636],[80.51423,9.41635]]]}},{"type":"Feature","properties":{"c":"farmland"},"geometry":{"type":"Polygon","coordinates":[[[80.51421,9.41608],[80.51423,9.41635],[80.5145,9.41636],[80.51441,9.41608],[80.51421,9.41608]]]}},{"type":"Feature","properties":{"c":"farmland"},"geometry":{"type":"Polygon","coordinates":[[[80.51457,9.41577],[80.5147,9.41606],[80.51495,9.41606],[80.51483,9.41578],[80.51457,9.41577]]]}},{"type":"Feature","properties":{"c":"farmland"},"geometry":{"type":"Polygon","coordinates":[[[80.51418,9.41578],[80.51421,9.41608],[80.51441,9.41608],[80.51435,9.41577],[80.51418,9.41578]]]}},{"type":"Feature","properties":{"c":"farmland"},"geometry":{"type":"Polygon","coordinates":[[[80.51435,9.41577],[80.51441,9.41608],[80.51461,9.4161],[80.5147,9.41606],[80.51457,9.41577],[80.51435,9.41577]]]}},{"type":"Feature","properties":{"c":"farmland"},"geometry":{"type":"Polygon","coordinates":[[[80.51435,9.41546],[80.51435,9.41577],[80.51483,9.41578],[80.51467,9.41551],[80.51435,9.41546]]]}},{"type":"Feature","properties":{"c":"farmland"},"geometry":{"type":"Polygon","coordinates":[[[80.51404,9.41576],[80.51435,9.41577],[80.51435,9.41546],[80.51405,9.41547],[80.51404,9.41576]]]}},{"type":"Feature","properties":{"c":"farmland"},"geometry":{"type":"Polygon","coordinates":[[[80.51362,9.41575],[80.51391,9.41576],[80.51385,9.41548],[80.51365,9.41548],[80.51362,9.41575]]]}},{"type":"Feature","properties":{"c":"farmland"},"geometry":{"type":"Polygon","coordinates":[[[80.51336,9.41576],[80.5134,9.4161],[80.51363,9.4161],[80.51362,9.41575],[80.51336,9.41576]]]}},{"type":"Feature","properties":{"c":"farmland"},"geometry":{"type":"Polygon","coordinates":[[[80.51312,9.41577],[80.51313,9.41597],[80.51339,9.41596],[80.51336,9.41576],[80.51312,9.41577]]]}},{"type":"Feature","properties":{"c":"farmland"},"geometry":{"type":"Polygon","coordinates":[[[80.51391,9.41576],[80.51394,9.4161],[80.51421,9.41608],[80.51418,9.41578],[80.51391,9.41576]]]}},{"type":"Feature","properties":{"c":"farmland"},"geometry":{"type":"Polygon","coordinates":[[[80.51362,9.41575],[80.51363,9.4161],[80.51394,9.4161],[80.51391,9.41576],[80.51362,9.41575]]]}},{"type":"Feature","properties":{"c":"farmland"},"geometry":{"type":"Polygon","coordinates":[[[80.51313,9.41597],[80.51314,9.41611],[80.5134,9.4161],[80.51339,9.41596],[80.51313,9.41597]]]}},{"type":"Feature","properties":{"c":"farmland"},"geometry":{"type":"Polygon","coordinates":[[[80.51275,9.41585],[80.51297,9.41639],[80.51317,9.41638],[80.51312,9.41577],[80.51275,9.41585]]]}},{"type":"Feature","properties":{"c":"farmland"},"geometry":{"type":"Polygon","coordinates":[[[80.51297,9.41639],[80.51306,9.41664],[80.51319,9.41665],[80.51317,9.41638],[80.51297,9.41639]]]}},{"type":"Feature","properties":{"c":"farmland"},"geometry":{"type":"Polygon","coordinates":[[[80.51306,9.41664],[80.5132,9.41696],[80.51348,9.41695],[80.51347,9.41664],[80.51306,9.41664]]]}},{"type":"Feature","properties":{"c":"farmland"},"geometry":{"type":"Polygon","coordinates":[[[80.5132,9.41696],[80.51334,9.41727],[80.5135,9.41727],[80.51348,9.41695],[80.5132,9.41696]]]}},{"type":"Feature","properties":{"c":"farmland"},"geometry":{"type":"Polygon","coordinates":[[[80.51317,9.41638],[80.51319,9.41665],[80.51347,9.41664],[80.51343,9.41637],[80.51317,9.41638]]]}},{"type":"Feature","properties":{"c":"farmland"},"geometry":{"type":"Polygon","coordinates":[[[80.51396,9.41698],[80.5143,9.41696],[80.51427,9.41666],[80.51397,9.41664],[80.51396,9.41698]]]}},{"type":"Feature","properties":{"c":"farmland"},"geometry":{"type":"Polygon","coordinates":[[[80.51395,9.41637],[80.51397,9.41664],[80.51427,9.41666],[80.51423,9.41635],[80.51395,9.41637]]]}},{"type":"Feature","properties":{"c":"farmland"},"geometry":{"type":"Polygon","coordinates":[[[80.51343,9.41637],[80.51347,9.41664],[80.51365,9.41664],[80.51363,9.41635],[80.51343,9.41637]]]}},{"type":"Feature","properties":{"c":"farmland"},"geometry":{"type":"Polygon","coordinates":[[[80.51394,9.4161],[80.51395,9.41637],[80.51423,9.41635],[80.51421,9.41608],[80.51394,9.4161]]]}},{"type":"Feature","properties":{"c":"farmland"},"geometry":{"type":"Polygon","coordinates":[[[80.51314,9.41611],[80.51317,9.41638],[80.51343,9.41637],[80.5134,9.4161],[80.51314,9.41611]]]}},{"type":"Feature","properties":{"c":"farmland"},"geometry":{"type":"Polygon","coordinates":[[[80.5134,9.4161],[80.51343,9.41637],[80.51363,9.41635],[80.51363,9.4161],[80.5134,9.4161]]]}},{"type":"Feature","properties":{"c":"farmland"},"geometry":{"type":"Polygon","coordinates":[[[80.51363,9.41635],[80.51395,9.41637],[80.51394,9.4161],[80.51363,9.4161],[80.51363,9.41635]]]}},{"type":"Feature","properties":{"c":"farmland"},"geometry":{"type":"Polygon","coordinates":[[[80.51363,9.41635],[80.51365,9.41664],[80.51397,9.41664],[80.51395,9.41637],[80.51363,9.41635]]]}},{"type":"Feature","properties":{"c":"farmland"},"geometry":{"type":"Polygon","coordinates":[[[80.51365,9.41664],[80.51366,9.41695],[80.51396,9.41698],[80.51397,9.41664],[80.51365,9.41664]]]}},{"type":"Feature","properties":{"c":"farmland"},"geometry":{"type":"Polygon","coordinates":[[[80.51347,9.41664],[80.51348,9.41695],[80.51366,9.41695],[80.51365,9.41664],[80.51347,9.41664]]]}},{"type":"Feature","properties":{"c":"farmland"},"geometry":{"type":"Polygon","coordinates":[[[80.51348,9.41695],[80.5135,9.41727],[80.5137,9.41728],[80.51366,9.41695],[80.51348,9.41695]]]}},{"type":"Feature","properties":{"c":"farmland"},"geometry":{"type":"Polygon","coordinates":[[[80.51279,9.41735],[80.51298,9.41784],[80.51353,9.4178],[80.51336,9.41735],[80.51279,9.41735]]]}},{"type":"Feature","properties":{"c":"farmland"},"geometry":{"type":"Polygon","coordinates":[[[80.51298,9.41784],[80.51308,9.41805],[80.51332,9.41798],[80.5133,9.41782],[80.51298,9.41784]]]}},{"type":"Feature","properties":{"c":"farmland"},"geometry":{"type":"Polygon","coordinates":[[[80.5133,9.41782],[80.51335,9.41804],[80.5136,9.418],[80.51353,9.4178],[80.5133,9.41782]]]}},{"type":"Feature","properties":{"c":"farmland"},"geometry":{"type":"Polygon","coordinates":[[[80.51334,9.41727],[80.51343,9.41754],[80.51372,9.4175],[80.5137,9.41728],[80.51334,9.41727]]]}},{"type":"Feature","properties":{"c":"farmland"},"geometry":{"type":"Polygon","coordinates":[[[80.51343,9.41754],[80.51358,9.4179],[80.51376,9.41787],[80.51372,9.4175],[80.51343,9.41754]]]}},{"type":"Feature","properties":{"c":"farmland"},"geometry":{"type":"Polygon","coordinates":[[[80.50895,9.41643],[80.50905,9.41663],[80.50925,9.41653],[80.50916,9.41633],[80.50895,9.41643]]]}},{"type":"Feature","properties":{"c":"farmland"},"geometry":{"type":"Polygon","coordinates":[[[80.5091,9.41618],[80.50925,9.41653],[80.50942,9.41646],[80.50928,9.41611],[80.5091,9.41618]]]}},{"type":"Feature","properties":{"c":"farmland"},"geometry":{"type":"Polygon","coordinates":[[[80.50934,9.41627],[80.50942,9.41646],[80.50964,9.41639],[80.50955,9.41617],[80.50934,9.41627]]]}},{"type":"Feature","properties":{"c":"farmland"},"geometry":{"type":"Polygon","coordinates":[[[80.50955,9.41617],[80.50964,9.41639],[80.50986,9.4163],[80.50979,9.41609],[80.50955,9.41617]]]}},{"type":"Feature","properties":{"c":"farmland"},"geometry":{"type":"Polygon","coordinates":[[[80.50979,9.41609],[80.50986,9.4163],[80.51007,9.41624],[80.50999,9.41601],[80.50979,9.41609]]]}},{"type":"Feature","properties":{"c":"farmland"},"geometry":{"type":"Polygon","coordinates":[[[80.51001,9.41604],[80.51007,9.41624],[80.51029,9.41617],[80.5102,9.41595],[80.51001,9.41604]]]}},{"type":"Feature","properties":{"c":"farmland"},"geometry":{"type":"Polygon","coordinates":[[[80.5102,9.41595],[80.51029,9.41617],[80.51052,9.41608],[80.51041,9.41585],[80.5102,9.41595]]]}},{"type":"Feature","properties":{"c":"farmland"},"geometry":{"type":"Polygon","coordinates":[[[80.51041,9.41585],[80.51052,9.41608],[80.51071,9.41603],[80.5106,9.41578],[80.51041,9.41585]]]}},{"type":"Feature","properties":{"c":"farmland"},"geometry":{"type":"Polygon","coordinates":[[[80.52133,9.42528],[80.52148,9.42566],[80.52185,9.42554],[80.52168,9.42517],[80.52133,9.42528]]]}},{"type":"Feature","properties":{"c":"farmland"},"geometry":{"type":"Polygon","coordinates":[[[80.5216,9.42338],[80.5217,9.42357],[80.52184,9.42361],[80.52198,9.42356],[80.52207,9.42336],[80.52201,9.42322],[80.52187,9.42315],[80.52171,9.42318],[80.5216,9.42338]]]}},{"type":"Feature","properties":{"c":"farmland"},"geometry":{"type":"Polygon","coordinates":[[[80.52182,9.42432],[80.52184,9.42456],[80.52245,9.42454],[80.52241,9.42413],[80.52182,9.42432]]]}},{"type":"Feature","properties":{"c":"farmland"},"geometry":{"type":"Polygon","coordinates":[[[80.52247,9.42251],[80.52258,9.42285],[80.52296,9.42274],[80.52281,9.42239],[80.52247,9.42251]]]}},{"type":"Feature","properties":{"c":"park"},"geometry":{"type":"Polygon","coordinates":[[[80.52251,9.41811],[80.52266,9.4185],[80.52314,9.41838],[80.52295,9.4179],[80.52251,9.41811]]]}},{"type":"Feature","properties":{"c":"forest"},"geometry":{"type":"Polygon","coordinates":[[[80.14138,9.27781],[80.14237,9.27851],[80.14383,9.27822],[80.14505,9.27782],[80.14544,9.27748],[80.14531,9.27728],[80.14545,9.27573],[80.14519,9.27451],[80.14486,9.27343],[80.14449,9.27351],[80.14453,9.2737],[80.14412,9.2739],[80.14409,9.27438],[80.1437,9.27462],[80.14315,9.27379],[80.14426,9.27314],[80.1439,9.27177],[80.14318,9.27186],[80.1427,9.27583],[80.14138,9.27781]]]}},{"type":"Feature","properties":{"c":"forest"},"geometry":{"type":"Polygon","coordinates":[[[80.13868,9.2757],[80.1389,9.27598],[80.13908,9.27663],[80.13915,9.27774],[80.13941,9.27784],[80.14038,9.27765],[80.14071,9.27635],[80.1401,9.27564],[80.13868,9.2757]]]}},{"type":"Feature","properties":{"c":"farmland"},"geometry":{"type":"Polygon","coordinates":[[[80.57977,9.39863],[80.57983,9.39873],[80.57998,9.39883],[80.58033,9.39882],[80.58034,9.39865],[80.58053,9.39863],[80.58055,9.39813],[80.58005,9.39814],[80.57977,9.39863]]]}},{"type":"Feature","properties":{"c":"farmland"},"geometry":{"type":"Polygon","coordinates":[[[80.58055,9.39813],[80.58056,9.39827],[80.5808,9.39828],[80.58078,9.39813],[80.58055,9.39813]]]}},{"type":"Feature","properties":{"c":"farmland"},"geometry":{"type":"Polygon","coordinates":[[[80.58085,9.39843],[80.58092,9.39855],[80.58099,9.39855],[80.581,9.39842],[80.58085,9.39843]]]}},{"type":"Feature","properties":{"c":"farmland"},"geometry":{"type":"Polygon","coordinates":[[[80.5808,9.39828],[80.58085,9.39843],[80.581,9.39842],[80.581,9.39829],[80.5808,9.39828]]]}},{"type":"Feature","properties":{"c":"farmland"},"geometry":{"type":"Polygon","coordinates":[[[80.58078,9.39813],[80.5808,9.39828],[80.581,9.39829],[80.58099,9.39812],[80.58078,9.39813]]]}},{"type":"Feature","properties":{"c":"farmland"},"geometry":{"type":"Polygon","coordinates":[[[80.58099,9.39812],[80.581,9.39833],[80.5812,9.39831],[80.58118,9.39811],[80.58099,9.39812]]]}},{"type":"Feature","properties":{"c":"farmland"},"geometry":{"type":"Polygon","coordinates":[[[80.58099,9.39855],[80.58119,9.39854],[80.5812,9.39831],[80.581,9.39833],[80.58099,9.39855]]]}},{"type":"Feature","properties":{"c":"farmland"},"geometry":{"type":"Polygon","coordinates":[[[80.58119,9.39854],[80.58143,9.39854],[80.58144,9.3983],[80.5812,9.39832],[80.58119,9.39854]]]}},{"type":"Feature","properties":{"c":"farmland"},"geometry":{"type":"Polygon","coordinates":[[[80.58118,9.39811],[80.5812,9.39832],[80.58144,9.3983],[80.58144,9.39812],[80.58118,9.39811]]]}},{"type":"Feature","properties":{"c":"farmland"},"geometry":{"type":"Polygon","coordinates":[[[80.58118,9.39885],[80.58144,9.39885],[80.58141,9.39884],[80.58144,9.39868],[80.58119,9.3987],[80.58118,9.39885]]]}},{"type":"Feature","properties":{"c":"industrial"},"geometry":{"type":"Polygon","coordinates":[[[80.48933,9.35813],[80.48934,9.3582],[80.48943,9.3582],[80.48939,9.35814],[80.48933,9.35813]]]}},{"type":"Feature","properties":{"c":"residential"},"geometry":{"type":"Polygon","coordinates":[[[80.56086,9.38086],[80.56086,9.38111],[80.561,9.38111],[80.561,9.38086],[80.56086,9.38086]]]}},{"type":"Feature","properties":{"c":"residential"},"geometry":{"type":"Polygon","coordinates":[[[80.56115,9.38102],[80.56115,9.38109],[80.56124,9.38109],[80.56123,9.38101],[80.56115,9.38102]]]}},{"type":"Feature","properties":{"c":"farmland"},"geometry":{"type":"Polygon","coordinates":[[[80.45761,9.39168],[80.45768,9.39345],[80.45766,9.39391],[80.45894,9.39395],[80.45899,9.39337],[80.45894,9.39288],[80.45897,9.39209],[80.45889,9.39161],[80.45761,9.39168]]]}},{"type":"Feature","properties":{"c":"farmland"},"geometry":{"type":"Polygon","coordinates":[[[80.45755,9.38547],[80.45757,9.38639],[80.45766,9.38715],[80.4576,9.38831],[80.45761,9.38922],[80.45787,9.38924],[80.45806,9.38893],[80.45829,9.38836],[80.45869,9.38792],[80.4592,9.38748],[80.45992,9.38723],[80.46009,9.38733],[80.46087,9.38911],[80.46087,9.38945],[80.46072,9.39017],[80.46075,9.39064],[80.46097,9.39073],[80.46145,9.39068],[80.46166,9.39015],[80.4622,9.39007],[80.46292,9.38581],[80.46333,9.38474],[80.464,9.38327],[80.46358,9.38097],[80.46374,9.38013],[80.46354,9.37909],[80.46328,9.37899],[80.46315,9.3793],[80.46313,9.37925],[80.46125,9.37913],[80.46149,9.37891],[80.46152,9.37841],[80.46147,9.37815],[80.46133,9.37797],[80.46105,9.37773],[80.46093,9.37736],[80.461,9.3772],[80.46088,9.37695],[80.45955,9.37661],[80.45931,9.37768],[80.45937,9.37843],[80.45924,9.37842],[80.45919,9.37907],[80.45883,9.37904],[80.45876,9.37961],[80.45887,9.38025],[80.45878,9.38052],[80.4586,9.38035],[80.45855,9.3814],[80.45848,9.38164],[80.45811,9.38154],[80.45807,9.38203],[80.45781,9.38201],[80.4578,9.38298],[80.45858,9.38305],[80.45818,9.38433],[80.45788,9.38436],[80.45818,9.38533],[80.45755,9.38547]]]}},{"type":"Feature","properties":{"c":"residential"},"geometry":{"type":"Polygon","coordinates":[[[80.43637,9.40936],[80.43971,9.40923],[80.44171,9.40645],[80.43694,9.40682],[80.43637,9.40936]]]}},{"type":"Feature","properties":{"c":"residential"},"geometry":{"type":"Polygon","coordinates":[[[80.43553,9.4211],[80.437,9.42195],[80.43715,9.4222],[80.43748,9.42235],[80.43791,9.42162],[80.43779,9.42148],[80.4384,9.42074],[80.43815,9.42052],[80.43897,9.41912],[80.43943,9.41954],[80.44002,9.41867],[80.44014,9.41833],[80.43999,9.4182],[80.44054,9.41707],[80.4401,9.41685],[80.43886,9.41886],[80.43735,9.41857],[80.4363,9.42004],[80.43603,9.42021],[80.43553,9.4211]]]}},{"type":"Feature","properties":{"c":"residential"},"geometry":{"type":"Polygon","coordinates":[[[80.43515,9.42549],[80.43554,9.42567],[80.43583,9.42539],[80.43604,9.42544],[80.43656,9.42489],[80.43636,9.42466],[80.43682,9.42398],[80.43625,9.4236],[80.43515,9.42549]]]}},{"type":"Feature","properties":{"c":"residential"},"geometry":{"type":"Polygon","coordinates":[[[80.41811,9.39177],[80.41868,9.3926],[80.4189,9.39351],[80.41945,9.39346],[80.41954,9.39381],[80.42049,9.39362],[80.42053,9.39392],[80.42226,9.39338],[80.42175,9.3922],[80.42285,9.39183],[80.42246,9.39094],[80.41923,9.3905],[80.41863,9.39136],[80.41811,9.39177]]]}},{"type":"Feature","properties":{"c":"scrub"},"geometry":{"type":"Polygon","coordinates":[[[80.41923,9.3905],[80.42246,9.39094],[80.42285,9.39183],[80.42365,9.39174],[80.42443,9.39209],[80.42482,9.39338],[80.42559,9.39508],[80.42559,9.39559],[80.42593,9.39648],[80.42599,9.39705],[80.42597,9.39736],[80.42689,9.39981],[80.42725,9.40096],[80.42719,9.40013],[80.42675,9.39873],[80.42685,9.39841],[80.427,9.39836],[80.42747,9.39915],[80.42772,9.39916],[80.4273,9.39823],[80.42689,9.39824],[80.42676,9.39781],[80.42721,9.39781],[80.42696,9.39685],[80.42652,9.39699],[80.42634,9.39607],[80.42627,9.39462],[80.42602,9.39244],[80.42552,9.39164],[80.42256,9.39008],[80.41952,9.3895],[80.41923,9.3905]]]}},{"type":"Feature","properties":{"c":"scrub"},"geometry":{"type":"Polygon","coordinates":[[[80.4247,9.40307],[80.42474,9.40364],[80.42617,9.40362],[80.42785,9.40491],[80.42813,9.40569],[80.42846,9.40569],[80.42825,9.40512],[80.42844,9.40503],[80.42807,9.40396],[80.42704,9.40403],[80.42686,9.4037],[80.4271,9.40278],[80.42686,9.40268],[80.42649,9.40303],[80.4247,9.40307]]]}},{"type":"Feature","properties":{"c":"residential"},"geometry":{"type":"Polygon","coordinates":[[[80.32149,9.40731],[80.3216,9.40732],[80.3216,9.40722],[80.3215,9.40721],[80.32149,9.40731]]]}},{"type":"Feature","properties":{"c":"residential"},"geometry":{"type":"Polygon","coordinates":[[[80.32968,9.4086],[80.32976,9.40862],[80.32978,9.40854],[80.32971,9.40853],[80.32968,9.4086]]]}},{"type":"Feature","properties":{"c":"farmland"},"geometry":{"type":"Polygon","coordinates":[[[80.45009,9.41381],[80.45057,9.41445],[80.45222,9.41517],[80.45293,9.4154],[80.45283,9.41379],[80.45159,9.41371],[80.45037,9.4132],[80.45009,9.41381]]]}},{"type":"Feature","properties":{"c":"farmland"},"geometry":{"type":"Polygon","coordinates":[[[80.44215,9.40491],[80.44226,9.40643],[80.44557,9.40623],[80.44556,9.40569],[80.44351,9.40578],[80.44342,9.40483],[80.44215,9.40491]]]}},{"type":"Feature","properties":{"c":"farmland"},"geometry":{"type":"Polygon","coordinates":[[[80.44721,9.40378],[80.44772,9.40553],[80.4479,9.40553],[80.44794,9.40584],[80.44866,9.40571],[80.44835,9.40481],[80.44812,9.4048],[80.44815,9.40431],[80.44799,9.40405],[80.44794,9.40366],[80.44775,9.4035],[80.44721,9.40378]]]}},{"type":"Feature","properties":{"c":"farmland"},"geometry":{"type":"Polygon","coordinates":[[[80.40081,9.48566],[80.40099,9.4863],[80.40214,9.48586],[80.40193,9.48526],[80.40081,9.48566]]]}},{"type":"Feature","properties":{"c":"farmland"},"geometry":{"type":"Polygon","coordinates":[[[80.40951,9.48168],[80.41048,9.48174],[80.41051,9.48114],[80.40999,9.48108],[80.40952,9.48111],[80.40951,9.48168]]]}},{"type":"Feature","properties":{"c":"farmyard"},"geometry":{"type":"Polygon","coordinates":[[[80.22416,9.39608],[80.22567,9.39949],[80.22719,9.40015],[80.22814,9.40024],[80.22969,9.39991],[80.22999,9.39957],[80.23045,9.39829],[80.2302,9.39779],[80.2291,9.39799],[80.22856,9.39794],[80.22806,9.39776],[80.22675,9.39649],[80.22586,9.39497],[80.22444,9.39525],[80.22416,9.39608]]]}},{"type":"Feature","properties":{"c":"forest"},"geometry":{"type":"Polygon","coordinates":[[[80.18216,9.42065],[80.1827,9.42414],[80.18561,9.42357],[80.18972,9.42161],[80.19575,9.42127],[80.19752,9.42244],[80.19917,9.42176],[80.20017,9.42041],[80.20223,9.41998],[80.20515,9.42153],[80.20815,9.41856],[80.21116,9.41705],[80.21679,9.41745],[80.2189,9.41662],[80.22088,9.41668],[80.22339,9.4172],[80.22554,9.41545],[80.22683,9.41228],[80.22694,9.41068],[80.22601,9.40876],[80.22581,9.40746],[80.22604,9.40397],[80.22578,9.40294],[80.22707,9.40356],[80.22758,9.40707],[80.22783,9.40957],[80.22816,9.41189],[80.22761,9.41436],[80.22766,9.4165],[80.23045,9.41603],[80.23246,9.41716],[80.23442,9.41662],[80.23893,9.4168],[80.24336,9.41755],[80.24607,9.4169],[80.24977,9.41725],[80.25223,9.41884],[80.25534,9.41803],[80.25456,9.41506],[80.25634,9.41243],[80.2545,9.41092],[80.25146,9.4101],[80.25112,9.40821],[80.25226,9.40584],[80.2556,9.40447],[80.25823,9.40556],[80.25757,9.40211],[80.25707,9.39904],[80.25688,9.39413],[80.25474,9.39507],[80.25398,9.3952],[80.253,9.39518],[80.25251,9.39508],[80.25217,9.39476],[80.24994,9.3898],[80.25359,9.38708],[80.25433,9.3866],[80.25491,9.38598],[80.25486,9.38545],[80.25439,9.38487],[80.25321,9.3846],[80.25235,9.38487],[80.25126,9.3853],[80.24913,9.38629],[80.24753,9.38663],[80.24545,9.38701],[80.24517,9.38686],[80.24504,9.38642],[80.24531,9.38615],[80.24908,9.38503],[80.25108,9.38454],[80.2521,9.38397],[80.25233,9.38279],[80.25502,9.38196],[80.25572,9.38117],[80.25527,9.38055],[80.25516,9.37746],[80.25673,9.3749],[80.25941,9.37304],[80.25886,9.36911],[80.25913,9.36734],[80.26032,9.36609],[80.26129,9.36487],[80.26197,9.36429],[80.26253,9.36429],[80.26309,9.36451],[80.26392,9.36505],[80.26456,9.36596],[80.2655,9.36833],[80.26612,9.37003],[80.26576,9.37031],[80.26591,9.37087],[80.26579,9.37149],[80.26532,9.37209],[80.26508,9.37231],[80.26424,9.37229],[80.264,9.37223],[80.26315,9.37279],[80.26211,9.37393],[80.26151,9.37365],[80.26038,9.37445],[80.26013,9.37433],[80.25991,9.37454],[80.26019,9.37503],[80.26036,9.37585],[80.2608,9.3763],[80.26144,9.37655],[80.26174,9.37706],[80.262,9.3779],[80.26211,9.37973],[80.26176,9.3802],[80.26185,9.38045],[80.26379,9.37988],[80.26404,9.37959],[80.26409,9.37904],[80.264,9.37844],[80.26411,9.37811],[80.26469,9.37742],[80.26564,9.37694],[80.26592,9.37688],[80.26699,9.37759],[80.267,9.37845],[80.26672,9.37931],[80.26698,9.38034],[80.26844,9.38055],[80.26851,9.38171],[80.27035,9.38026],[80.27012,9.37908],[80.26999,9.37768],[80.27014,9.37667],[80.27253,9.37525],[80.27401,9.37451],[80.27599,9.37291],[80.2773,9.37111],[80.27768,9.37012],[80.27789,9.36917],[80.27858,9.36843],[80.27827,9.36751],[80.27984,9.36632],[80.27824,9.36479],[80.27813,9.36589],[80.27751,9.36657],[80.27681,9.36685],[80.27573,9.36646],[80.27544,9.36588],[80.27367,9.36588],[80.27376,9.36406],[80.27418,9.36289],[80.27349,9.36281],[80.27319,9.36111],[80.27375,9.36096],[80.2733,9.35978],[80.27302,9.35978],[80.27292,9.35641],[80.27298,9.35556],[80.27268,9.35518],[80.27252,9.35473],[80.2725,9.35413],[80.27304,9.35356],[80.27349,9.35321],[80.27413,9.3529],[80.27453,9.353],[80.27533,9.35371],[80.27553,9.35364],[80.27527,9.35231],[80.27469,9.35123],[80.27431,9.35027],[80.27462,9.3488],[80.27773,9.34869],[80.2793,9.34753],[80.27991,9.34718],[80.28064,9.34724],[80.2818,9.34801],[80.28247,9.34861],[80.28294,9.34859],[80.28312,9.34814],[80.28341,9.34796],[80.28341,9.34734],[80.28376,9.34708],[80.28416,9.34654],[80.28487,9.34654],[80.2853,9.34592],[80.28535,9.34539],[80.28449,9.34533],[80.28453,9.34495],[80.28364,9.34494],[80.28349,9.34351],[80.28556,9.34358],[80.28584,9.34309],[80.28485,9.34254],[80.28515,9.34159],[80.2849,9.34113],[80.28557,9.34001],[80.28607,9.33988],[80.28674,9.33812],[80.2872,9.33826],[80.28737,9.33799],[80.28792,9.33783],[80.28763,9.33755],[80.28765,9.33641],[80.28726,9.33575],[80.28764,9.33504],[80.28756,9.33451],[80.28708,9.33444],[80.28667,9.33467],[80.28653,9.33507],[80.28602,9.3352],[80.28538,9.33523],[80.28439,9.33505],[80.28392,9.33453],[80.28351,9.33436],[80.28316,9.33471],[80.2825,9.33499],[80.28219,9.33492],[80.28209,9.33417],[80.28179,9.33357],[80.28143,9.33371],[80.28142,9.33482],[80.28129,9.33493],[80.28098,9.33492],[80.28075,9.33446],[80.28013,9.33419],[80.27969,9.33445],[80.27932,9.33457],[80.27897,9.3343],[80.27845,9.33436],[80.27848,9.33348],[80.27797,9.3335],[80.27797,9.33311],[80.2784,9.33308],[80.27827,9.33264],[80.27864,9.33224],[80.27848,9.33178],[80.2788,9.33146],[80.27934,9.3314],[80.27932,9.33086],[80.27972,9.33088],[80.27962,9.33042],[80.28,9.33036],[80.27999,9.33007],[80.28021,9.33003],[80.2804,9.32986],[80.28025,9.32955],[80.28079,9.3296],[80.28109,9.32939],[80.28084,9.32891],[80.28101,9.32838],[80.28109,9.32735],[80.28157,9.32701],[80.28137,9.32676],[80.28129,9.32644],[80.28034,9.32671],[80.28025,9.32592],[80.28048,9.32578],[80.28177,9.32552],[80.28206,9.32498],[80.28243,9.32492],[80.28213,9.32445],[80.28249,9.32415],[80.28309,9.32415],[80.28377,9.32431],[80.28393,9.3242],[80.28433,9.3237],[80.28405,9.32313],[80.28413,9.32237],[80.28458,9.32245],[80.28494,9.32264],[80.28521,9.32235],[80.28563,9.32223],[80.28602,9.32231],[80.28612,9.32141],[80.2853,9.32101],[80.2848,9.3205],[80.28451,9.3196],[80.2846,9.31893],[80.28486,9.31871],[80.28472,9.31824],[80.28518,9.31781],[80.28788,9.31755],[80.28788,9.31686],[80.28829,9.31675],[80.28849,9.31616],[80.28851,9.31552],[80.28817,9.31538],[80.28813,9.31484],[80.28349,9.3151],[80.28185,9.31329],[80.28041,9.31315],[80.27949,9.31593],[80.27802,9.31356],[80.26962,9.31382],[80.26761,9.31394],[80.26686,9.31481],[80.26641,9.31566],[80.26352,9.31553],[80.26349,9.31502],[80.26306,9.31406],[80.26194,9.31362],[80.26223,9.3124],[80.26117,9.31207],[80.26045,9.31175],[80.25951,9.31208],[80.2597,9.3136],[80.26,9.31413],[80.25922,9.31511],[80.2586,9.31542],[80.25852,9.31666],[80.25922,9.31744],[80.2594,9.31842],[80.25875,9.3195],[80.25905,9.31992],[80.25982,9.32031],[80.26031,9.32037],[80.26099,9.321],[80.26139,9.32201],[80.2614,9.32436],[80.26117,9.32581],[80.26172,9.32645],[80.26249,9.32692],[80.26243,9.32784],[80.26138,9.32899],[80.26093,9.3303],[80.25968,9.33042],[80.25937,9.33178],[80.25858,9.33216],[80.25755,9.33219],[80.2565,9.33294],[80.25628,9.33401],[80.25559,9.33462],[80.25581,9.33538],[80.25626,9.33577],[80.25734,9.33587],[80.25811,9.3364],[80.2587,9.33764],[80.25847,9.33891],[80.25797,9.33963],[80.25793,9.34071],[80.25766,9.34201],[80.25649,9.3424],[80.25594,9.34224],[80.25542,9.34122],[80.25501,9.33968],[80.25431,9.33926],[80.25394,9.33864],[80.25335,9.33835],[80.25298,9.33756],[80.25232,9.33757],[80.25145,9.33745],[80.25029,9.33675],[80.25052,9.33585],[80.25174,9.33568],[80.25314,9.33503],[80.25327,9.33435],[80.25224,9.33383],[80.2512,9.33353],[80.2516,9.33253],[80.25271,9.33234],[80.25357,9.33312],[80.25455,9.33325],[80.25522,9.3329],[80.25547,9.33223],[80.25409,9.33],[80.25232,9.32837],[80.25175,9.32537],[80.25218,9.32357],[80.25132,9.32142],[80.24972,9.32047],[80.24966,9.31889],[80.25044,9.31817],[80.25034,9.31724],[80.24871,9.31677],[80.24713,9.31736],[80.24555,9.31764],[80.24331,9.31747],[80.24145,9.31669],[80.23989,9.31706],[80.23844,9.31954],[80.23756,9.32171],[80.23678,9.32236],[80.23639,9.32328],[80.23748,9.32459],[80.23901,9.32487],[80.2403,9.32402],[80.24234,9.32428],[80.24374,9.32382],[80.24498,9.3243],[80.24576,9.32496],[80.24606,9.32631],[80.24578,9.32694],[80.24422,9.32747],[80.24304,9.32801],[80.24235,9.33013],[80.2421,9.33178],[80.24099,9.3325],[80.24016,9.33273],[80.23881,9.33204],[80.23697,9.33132],[80.23651,9.33062],[80.23603,9.33091],[80.23542,9.33249],[80.23522,9.3339],[80.23425,9.33502],[80.23389,9.33589],[80.23314,9.33699],[80.23312,9.33967],[80.23604,9.34415],[80.23988,9.35569],[80.23852,9.35702],[80.23514,9.35687],[80.2332,9.3599],[80.22861,9.36482],[80.22312,9.36811],[80.21792,9.37213],[80.21652,9.37174],[80.21452,9.37211],[80.21252,9.3748],[80.20963,9.37636],[80.20838,9.37662],[80.20821,9.37778],[80.20815,9.37906],[80.20732,9.37996],[80.20632,9.38127],[80.20532,9.38342],[80.2058,9.38453],[80.20616,9.38497],[80.20603,9.38519],[80.2058,9.38525],[80.20505,9.38639],[80.20469,9.38756],[80.20474,9.38865],[80.20492,9.38923],[80.20523,9.38959],[80.20513,9.39033],[80.20455,9.39092],[80.20312,9.3913],[80.20083,9.39102],[80.19958,9.39107],[80.19816,9.39127],[80.19793,9.39148],[80.19602,9.39205],[80.19522,9.39284],[80.19295,9.39438],[80.19136,9.39528],[80.19105,9.396],[80.1903,9.39719],[80.18979,9.39767],[80.18837,9.39997],[80.18829,9.40222],[80.1884,9.40317],[80.1891,9.40387],[80.19023,9.40378],[80.19162,9.40206],[80.1931,9.4015],[80.19443,9.40178],[80.1938,9.40316],[80.19224,9.40486],[80.19203,9.4057],[80.19255,9.40735],[80.19187,9.40941],[80.19076,9.41073],[80.18868,9.41155],[80.18625,9.41305],[80.18436,9.41455],[80.18252,9.41748],[80.18216,9.42065]],[[80.20769,9.38603],[80.20775,9.38473],[80.20784,9.38416],[80.20828,9.3832],[80.20889,9.38263],[80.20973,9.38228],[80.21056,9.38237],[80.21127,9.38302],[80.21148,9.38347],[80.21115,9.38422],[80.21063,9.38489],[80.20897,9.38596],[80.20839,9.38652],[80.2082,9.38656],[80.20784,9.38654],[80.20769,9.38603]],[[80.20969,9.39038],[80.20977,9.39015],[80.20997,9.39004],[80.2103,9.38972],[80.21077,9.38966],[80.21111,9.38971],[80.21125,9.38999],[80.21132,9.39052],[80.21107,9.39065],[80.21059,9.39075],[80.21026,9.39062],[80.20976,9.39064],[80.20969,9.39038]],[[80.21116,9.37755],[80.21157,9.37786],[80.21174,9.3782],[80.21192,9.37843],[80.21218,9.37863],[80.21257,9.37859],[80.21284,9.37838],[80.21308,9.37835],[80.21335,9.37819],[80.21377,9.37844],[80.2143,9.3789],[80.21437,9.37908],[80.21432,9.37918],[80.21452,9.37952],[80.21463,9.37961],[80.21475,9.37961],[80.21483,9.37933],[80.21496,9.37924],[80.21514,9.37918],[80.21545,9.37922],[80.2156,9.37907],[80.21599,9.37888],[80.21622,9.37887],[80.21662,9.37873],[80.2168,9.3788],[80.21717,9.37871],[80.21729,9.37877],[80.21737,9.37891],[80.21748,9.37899],[80.21779,9.37899],[80.21839,9.37912],[80.21871,9.37908],[80.21923,9.37916],[80.22032,9.37861],[80.22071,9.37794],[80.22064,9.37724],[80.22092,9.37683],[80.22135,9.37654],[80.22193,9.37658],[80.22328,9.37683],[80.22388,9.37743],[80.22416,9.37802],[80.22421,9.37878],[80.2244,9.37916],[80.22399,9.3795],[80.22129,9.38056],[80.21981,9.381],[80.21912,9.38145],[80.21794,9.38181],[80.21764,9.382],[80.2173,9.38208],[80.217,9.38183],[80.2168,9.3816],[80.2161,9.38153],[80.21479,9.38164],[80.21423,9.38164],[80.21386,9.38151],[80.21354,9.38126],[80.21307,9.38098],[80.2124,9.38037],[80.21204,9.37978],[80.21189,9.37908],[80.21161,9.37868],[80.21155,9.37844],[80.2112,9.37786],[80.21116,9.37755]],[[80.21144,9.4107],[80.21198,9.41013],[80.21273,9.40962],[80.21379,9.40938],[80.21437,9.40981],[80.21336,9.41093],[80.21276,9.41142],[80.21216,9.4117],[80.21163,9.41154],[80.21144,9.4107]],[[80.21378,9.40241],[80.21575,9.39891],[80.21567,9.39769],[80.21869,9.39767],[80.21938,9.39836],[80.2206,9.40194],[80.21974,9.40334],[80.21798,9.4041],[80.21455,9.404],[80.21378,9.40241]],[[80.21453,9.3953],[80.21457,9.39521],[80.21478,9.39505],[80.21504,9.39461],[80.21558,9.39477],[80.2161,9.39471],[80.21645,9.39482],[80.21672,9.39528],[80.21669,9.39568],[80.21639,9.396],[80.21593,9.39618],[80.21501,9.39629],[80.21479,9.39612],[80.2146,9.39569],[80.21453,9.3953]],[[80.21493,9.38518],[80.21505,9.38486],[80.21526,9.38473],[80.21649,9.38424],[80.21695,9.38432],[80.21724,9.38459],[80.21732,9.38492],[80.2172,9.38522],[80.21689,9.38541],[80.21549,9.38571],[80.21519,9.38553],[80.21493,9.38518]],[[80.21705,9.39618],[80.21711,9.39485],[80.21735,9.39393],[80.21819,9.39346],[80.21883,9.39282],[80.21939,9.39276],[80.22022,9.39293],[80.22083,9.39371],[80.22103,9.39463],[80.22108,9.39509],[80.22086,9.39553],[80.2204,9.39603],[80.21987,9.39651],[80.21878,9.39707],[80.21824,9.39716],[80.21784,9.39713],[80.21745,9.397],[80.21705,9.39618]],[[80.22082,9.39896],[80.2214,9.39836],[80.22202,9.3981],[80.22241,9.39804],[80.22305,9.39811],[80.22351,9.39858],[80.22337,9.39903],[80.22312,9.39943],[80.223,9.40034],[80.22246,9.40024],[80.22178,9.40026],[80.2212,9.40014],[80.22084,9.39959],[80.22082,9.39896]],[[80.22416,9.39608],[80.22444,9.39525],[80.22586,9.39497],[80.22675,9.39649],[80.22806,9.39776],[80.22856,9.39794],[80.2291,9.39799],[80.2302,9.39779],[80.23045,9.39829],[80.22999,9.39957],[80.22969,9.39991],[80.22814,9.40024],[80.22719,9.40015],[80.22567,9.39949],[80.22416,9.39608]],[[80.22505,9.37501],[80.22508,9.37412],[80.22577,9.37345],[80.22674,9.37314],[80.22711,9.3737],[80.22745,9.37393],[80.22813,9.37336],[80.22916,9.37264],[80.2301,9.37309],[80.23074,9.37383],[80.23082,9.37491],[80.23044,9.37571],[80.22969,9.37662],[80.22891,9.3772],[80.22749,9.37796],[80.22712,9.37854],[80.22678,9.37835],[80.22691,9.37787],[80.2262,9.37767],[80.22535,9.37624],[80.22505,9.37501]],[[80.22741,9.39641],[80.22747,9.39569],[80.22759,9.39513],[80.22774,9.39485],[80.22839,9.39388],[80.22916,9.39337],[80.22991,9.39314],[80.23069,9.39308],[80.23164,9.39308],[80.23259,9.39316],[80.23319,9.39368],[80.23334,9.39426],[80.23329,9.39481],[80.23313,9.39532],[80.23269,9.39606],[80.23216,9.39663],[80.23152,9.39709],[80.23047,9.39769],[80.22911,9.39796],[80.22844,9.39786],[80.2278,9.39729],[80.22741,9.39641]],[[80.22947,9.40474],[80.2299,9.40396],[80.2306,9.40338],[80.2312,9.40306],[80.23174,9.40316],[80.23259,9.40373],[80.23335,9.4041],[80.23399,9.40428],[80.23527,9.40386],[80.23665,9.40468],[80.2378,9.40484],[80.2386,9.40468],[80.23964,9.40414],[80.24035,9.40422],[80.24095,9.40487],[80.24123,9.40589],[80.24092,9.40684],[80.2402,9.40745],[80.23948,9.40747],[80.23902,9.40703],[80.23805,9.40664],[80.23582,9.40719],[80.23491,9.40732],[80.23437,9.407],[80.23386,9.40634],[80.23333,9.40609],[80.23292,9.40555],[80.23219,9.40546],[80.23153,9.40591],[80.23079,9.40618],[80.23017,9.40631],[80.22972,9.40585],[80.22947,9.40474]],[[80.23505,9.37365],[80.23513,9.37334],[80.23566,9.37313],[80.23584,9.37344],[80.23601,9.37311],[80.23644,9.37293],[80.23646,9.37258],[80.23676,9.37178],[80.23712,9.37176],[80.23715,9.37145],[80.23739,9.37115],[80.23754,9.37081],[80.23723,9.37044],[80.2376,9.3706],[80.23799,9.37087],[80.23821,9.37114],[80.23827,9.37208],[80.23808,9.37258],[80.23781,9.373],[80.23697,9.37336],[80.23695,9.37373],[80.23664,9.37402],[80.23583,9.37423],[80.23544,9.37409],[80.23512,9.37385],[80.23512,9.3737],[80.23505,9.37365]],[[80.23812,9.36491],[80.23826,9.36434],[80.23839,9.36419],[80.23858,9.36413],[80.23894,9.36413],[80.23929,9.36434],[80.23939,9.36413],[80.23974,9.36422],[80.2401,9.36468],[80.24075,9.36516],[80.24124,9.36571],[80.24161,9.3664],[80.24119,9.36628],[80.24086,9.36661],[80.23952,9.36629],[80.2389,9.36609],[80.23858,9.36574],[80.23812,9.36491]],[[80.23831,9.3941],[80.23863,9.39335],[80.23943,9.39263],[80.24051,9.39223],[80.24144,9.39215],[80.24246,9.39265],[80.24322,9.39341],[80.24337,9.39479],[80.24293,9.39564],[80.24214,9.3961],[80.24166,9.39629],[80.24096,9.39656],[80.24028,9.39668],[80.23934,9.39628],[80.23871,9.39563],[80.2385,9.39505],[80.23831,9.3941]],[[80.23918,9.40094],[80.23955,9.40053],[80.24014,9.40012],[80.24071,9.39983],[80.24101,9.39992],[80.24118,9.40013],[80.24109,9.40042],[80.24085,9.40066],[80.2403,9.40106],[80.23962,9.40141],[80.23924,9.40139],[80.23918,9.40094]],[[80.24226,9.36897],[80.24245,9.36864],[80.24262,9.36856],[80.24274,9.36889],[80.24291,9.36899],[80.24284,9.36858],[80.24306,9.36834],[80.24291,9.36816],[80.24297,9.36796],[80.2432,9.368],[80.24337,9.36809],[80.24378,9.36796],[80.24405,9.3678],[80.24408,9.36939],[80.244,9.36965],[80.24373,9.36999],[80.24346,9.3702],[80.24308,9.37008],[80.24261,9.37028],[80.24237,9.37013],[80.24234,9.3698],[80.24242,9.36958],[80.24226,9.36897]],[[80.2435,9.40393],[80.24378,9.40285],[80.2444,9.40196],[80.24401,9.40118],[80.2442,9.40008],[80.24554,9.39885],[80.24601,9.39779],[80.24523,9.39576],[80.24571,9.39493],[80.24669,9.39487],[80.24757,9.39504],[80.24824,9.39699],[80.24742,9.39777],[80.24693,9.399],[80.24691,9.40012],[80.24644,9.40105],[80.24614,9.40207],[80.24551,9.40347],[80.24444,9.4038],[80.2435,9.40393]],[[80.24487,9.39262],[80.24527,9.3918],[80.24588,9.39144],[80.24677,9.39156],[80.24732,9.39217],[80.24692,9.39283],[80.24604,9.3934],[80.24544,9.39323],[80.24487,9.39262]],[[80.2458,9.36043],[80.24628,9.35641],[80.24656,9.35556],[80.24719,9.35455],[80.24785,9.35434],[80.2485,9.3546],[80.24943,9.35581],[80.24952,9.35704],[80.24913,9.35885],[80.24989,9.35787],[80.25077,9.35797],[80.25049,9.3584],[80.25087,9.35861],[80.25052,9.36048],[80.2508,9.36073],[80.2502,9.36117],[80.24968,9.36241],[80.24863,9.36289],[80.24773,9.36374],[80.24683,9.36391],[80.24611,9.36227],[80.24658,9.36184],[80.24595,9.36127],[80.2458,9.36043]],[[80.24751,9.32928],[80.24756,9.3291],[80.24769,9.32891],[80.24803,9.32886],[80.24826,9.32905],[80.24842,9.32925],[80.24849,9.32956],[80.24834,9.3298],[80.24857,9.32968],[80.2488,9.32968],[80.24883,9.32985],[80.24868,9.33012],[80.24852,9.33021],[80.24817,9.33023],[80.24778,9.32979],[80.24751,9.32928]],[[80.25008,9.37635],[80.25019,9.37605],[80.25058,9.37576],[80.25118,9.37575],[80.25146,9.37597],[80.25155,9.37631],[80.25066,9.37689],[80.25047,9.37685],[80.25022,9.37665],[80.25008,9.37635]],[[80.25012,9.37201],[80.25016,9.37156],[80.25029,9.37113],[80.2506,9.37059],[80.25043,9.37044],[80.25083,9.36999],[80.25124,9.36963],[80.25136,9.36969],[80.25167,9.36965],[80.25196,9.36952],[80.25223,9.36949],[80.25254,9.36932],[80.25268,9.36945],[80.25301,9.36928],[80.25313,9.36945],[80.25332,9.36927],[80.25357,9.36967],[80.25363,9.36995],[80.2538,9.37032],[80.25371,9.37128],[80.25323,9.37122],[80.25279,9.37145],[80.25258,9.37161],[80.25242,9.37187],[80.25232,9.37183],[80.25189,9.3716],[80.25202,9.37138],[80.25173,9.37111],[80.25214,9.37078],[80.2516,9.37014],[80.25146,9.37029],[80.25133,9.37012],[80.25114,9.3703],[80.25121,9.37038],[80.25103,9.37056],[80.25093,9.37044],[80.25057,9.37093],[80.25022,9.37204],[80.25043,9.37212],[80.25038,9.37272],[80.25048,9.37313],[80.25064,9.37308],[80.25075,9.37317],[80.25086,9.37314],[80.25092,9.3732],[80.25063,9.3733],[80.25084,9.37369],[80.25092,9.37367],[80.25106,9.3739],[80.25202,9.37349],[80.25183,9.37294],[80.25204,9.37288],[80.252,9.37252],[80.25158,9.37248],[80.25165,9.37217],[80.2519,9.37226],[80.25192,9.37216],[80.25227,9.37227],[80.25225,9.37297],[80.25236,9.37374],[80.2512,9.37429],[80.25073,9.37364],[80.25055,9.37328],[80.25036,9.3733],[80.25023,9.37302],[80.25012,9.37201]],[[80.25029,9.32251],[80.25048,9.32239],[80.25034,9.32196],[80.25036,9.32158],[80.25052,9.32144],[80.25102,9.32153],[80.25113,9.32176],[80.25096,9.322],[80.25093,9.32222],[80.25102,9.32246],[80.25091,9.32249],[80.25084,9.3226],[80.25066,9.32257],[80.25062,9.32252],[80.25037,9.32257],[80.25029,9.32251]],[[80.25071,9.35013],[80.25093,9.34943],[80.25126,9.34914],[80.25169,9.34898],[80.252,9.34895],[80.25231,9.34904],[80.25254,9.34929],[80.25303,9.35018],[80.25309,9.3505],[80.25308,9.3509],[80.25283,9.35128],[80.25251,9.35148],[80.25194,9.35162],[80.25148,9.35155],[80.25089,9.35122],[80.25079,9.35097],[80.25071,9.35013]],[[80.25228,9.37246],[80.25261,9.37172],[80.2529,9.37154],[80.2532,9.37144],[80.2535,9.37147],[80.25384,9.37163],[80.25397,9.37174],[80.25418,9.37216],[80.25418,9.37243],[80.2541,9.37276],[80.25384,9.37309],[80.25346,9.37337],[80.25281,9.37338],[80.25256,9.37322],[80.25234,9.37285],[80.25228,9.37246]],[[80.254,9.37385],[80.25415,9.3734],[80.25462,9.37357],[80.25478,9.37399],[80.25471,9.37404],[80.25444,9.37408],[80.25436,9.37381],[80.25402,9.37394],[80.254,9.37385]],[[80.25416,9.34706],[80.25448,9.34659],[80.25497,9.34642],[80.25546,9.34658],[80.25574,9.3469],[80.25579,9.34733],[80.25547,9.34785],[80.25517,9.34807],[80.25463,9.34788],[80.2542,9.34756],[80.25416,9.34706]],[[80.26207,9.35546],[80.26236,9.35488],[80.26223,9.3543],[80.26245,9.35359],[80.26319,9.35376],[80.26349,9.35442],[80.264,9.35488],[80.2634,9.35551],[80.26283,9.3556],[80.26207,9.35546]],[[80.26433,9.36108],[80.2644,9.36059],[80.26477,9.36019],[80.26522,9.36004],[80.26565,9.36004],[80.26605,9.36022],[80.26618,9.36065],[80.26633,9.36252],[80.26628,9.3629],[80.26608,9.36318],[80.26582,9.36337],[80.26543,9.36343],[80.26502,9.36309],[80.26469,9.3625],[80.26444,9.36165],[80.26433,9.36108]],[[80.26595,9.36831],[80.26605,9.36776],[80.26625,9.36744],[80.26655,9.36722],[80.2671,9.36717],[80.26867,9.36722],[80.26925,9.36743],[80.26971,9.36793],[80.26983,9.36854],[80.2697,9.36923],[80.26909,9.36993],[80.26835,9.37023],[80.26772,9.37022],[80.26713,9.37008],[80.26652,9.36968],[80.26617,9.36905],[80.26595,9.36831]]]}},{"type":"Feature","properties":{"c":"farmyard"},"geometry":{"type":"Polygon","coordinates":[[[80.21378,9.40241],[80.21455,9.404],[80.21798,9.4041],[80.21974,9.40334],[80.2206,9.40194],[80.21938,9.39836],[80.21869,9.39767],[80.21567,9.39769],[80.21575,9.39891],[80.21378,9.40241]]]}},{"type":"Feature","properties":{"c":"farmyard"},"geometry":{"type":"Polygon","coordinates":[[[80.13615,9.42579],[80.13656,9.42613],[80.1367,9.4266],[80.13697,9.42674],[80.13729,9.42656],[80.13725,9.42604],[80.13712,9.42584],[80.1366,9.42545],[80.13615,9.42579]]]}},{"type":"Feature","properties":{"c":"forest"},"geometry":{"type":"Polygon","coordinates":[[[80.12322,9.42255],[80.12329,9.42273],[80.1235,9.42289],[80.12538,9.42358],[80.12624,9.42413],[80.12699,9.42447],[80.12744,9.4248],[80.12858,9.4251],[80.12892,9.42522],[80.12908,9.42534],[80.12916,9.42528],[80.12915,9.42519],[80.12888,9.42486],[80.12868,9.42476],[80.12796,9.42468],[80.12732,9.42434],[80.12628,9.42363],[80.12496,9.42303],[80.12635,9.42353],[80.12762,9.42384],[80.12809,9.42402],[80.12889,9.42442],[80.13085,9.42526],[80.13184,9.42599],[80.13271,9.42684],[80.13265,9.42712],[80.13448,9.42857],[80.13525,9.42903],[80.13576,9.42942],[80.13654,9.43011],[80.13681,9.43009],[80.13686,9.42998],[80.13655,9.42946],[80.13677,9.42918],[80.13651,9.42895],[80.1362,9.42895],[80.13611,9.42884],[80.1356,9.42852],[80.1335,9.42695],[80.1321,9.42565],[80.13186,9.42528],[80.13168,9.42526],[80.13149,9.42508],[80.13151,9.42495],[80.13135,9.425],[80.13087,9.42464],[80.13037,9.42441],[80.12756,9.42335],[80.12408,9.42191],[80.12381,9.42188],[80.12347,9.42196],[80.12332,9.42223],[80.12322,9.42255]]]}},{"type":"Feature","properties":{"c":"farmland"},"geometry":{"type":"Polygon","coordinates":[[[80.1733,9.36997],[80.17845,9.38252],[80.18117,9.3812],[80.17611,9.36889],[80.1733,9.36997]]]}},{"type":"Feature","properties":{"c":"scrub"},"geometry":{"type":"Polygon","coordinates":[[[80.16195,9.34938],[80.16247,9.35084],[80.16482,9.35565],[80.17027,9.35451],[80.16595,9.34401],[80.16204,9.34402],[80.16195,9.34938]]]}},{"type":"Feature","properties":{"c":"forest"},"geometry":{"type":"Polygon","coordinates":[[[80.05368,9.38355],[80.05396,9.38447],[80.05379,9.38536],[80.05389,9.38646],[80.05394,9.39063],[80.0541,9.39121],[80.05506,9.39235],[80.0562,9.3931],[80.05756,9.39448],[80.06094,9.39649],[80.06239,9.39716],[80.06529,9.39836],[80.06676,9.39886],[80.06861,9.39972],[80.06999,9.40086],[80.07068,9.40174],[80.07146,9.40215],[80.07277,9.40333],[80.07446,9.40391],[80.0754,9.40393],[80.07683,9.40432],[80.07841,9.40521],[80.07884,9.40494],[80.07933,9.40482],[80.07976,9.40493],[80.08015,9.40551],[80.0808,9.40463],[80.08088,9.40404],[80.08146,9.40388],[80.08228,9.40348],[80.08314,9.40479],[80.08254,9.40521],[80.08354,9.40577],[80.08427,9.406],[80.08485,9.40602],[80.08579,9.40687],[80.08674,9.40706],[80.08789,9.40773],[80.08801,9.4081],[80.08869,9.40841],[80.09211,9.4097],[80.09256,9.41004],[80.09314,9.41006],[80.09508,9.41166],[80.09684,9.41173],[80.09823,9.41265],[80.1015,9.41358],[80.10361,9.41367],[80.10394,9.41342],[80.10417,9.41299],[80.10482,9.41286],[80.10725,9.41382],[80.10787,9.41391],[80.10813,9.41423],[80.10871,9.41405],[80.10945,9.41452],[80.11121,9.41501],[80.11353,9.41551],[80.11467,9.41677],[80.11614,9.41788],[80.1172,9.41917],[80.11862,9.4204],[80.11943,9.42137],[80.12106,9.42213],[80.12194,9.42248],[80.12221,9.42248],[80.12297,9.42224],[80.12308,9.42206],[80.12342,9.42179],[80.12345,9.42154],[80.12307,9.42107],[80.12315,9.42056],[80.12404,9.42081],[80.12454,9.42114],[80.12539,9.42131],[80.126,9.42135],[80.12778,9.42207],[80.12886,9.4223],[80.12901,9.42221],[80.12912,9.42208],[80.12931,9.42205],[80.13127,9.42254],[80.13208,9.4228],[80.1329,9.4233],[80.13313,9.42334],[80.13332,9.42345],[80.13385,9.42266],[80.13632,9.42363],[80.13669,9.42383],[80.13674,9.42395],[80.13661,9.42402],[80.13683,9.42431],[80.13701,9.42423],[80.13719,9.42397],[80.1375,9.4238],[80.13955,9.42493],[80.13872,9.42547],[80.13842,9.4256],[80.13752,9.42579],[80.13754,9.42656],[80.13763,9.42709],[80.13822,9.42798],[80.13912,9.42875],[80.14022,9.42951],[80.14135,9.43055],[80.14329,9.43121],[80.14483,9.43155],[80.14657,9.43274],[80.14864,9.43465],[80.15169,9.43681],[80.15266,9.43784],[80.15524,9.43878],[80.15633,9.43977],[80.15844,9.4423],[80.16009,9.44394],[80.16046,9.44393],[80.16106,9.44491],[80.16214,9.44588],[80.16277,9.44608],[80.16353,9.44566],[80.1634,9.44469],[80.16357,9.44188],[80.16339,9.4414],[80.16284,9.44086],[80.16227,9.44075],[80.16179,9.44091],[80.16148,9.44138],[80.16152,9.44245],[80.1614,9.44272],[80.16113,9.44292],[80.16088,9.44296],[80.1606,9.44287],[80.16041,9.44263],[80.16031,9.44215],[80.16037,9.4414],[80.16077,9.4408],[80.16093,9.43981],[80.16109,9.43924],[80.16165,9.43871],[80.16241,9.43814],[80.16286,9.43818],[80.16326,9.43802],[80.16299,9.43696],[80.16252,9.43662],[80.16215,9.43695],[80.16177,9.43678],[80.16204,9.43646],[80.16216,9.43548],[80.16318,9.43456],[80.16336,9.43353],[80.16303,9.43186],[80.16343,9.43077],[80.16472,9.42995],[80.16613,9.42991],[80.16723,9.43013],[80.16775,9.42999],[80.16895,9.42888],[80.17051,9.42684],[80.17422,9.42549],[80.17596,9.42328],[80.17725,9.42258],[80.17794,9.42149],[80.17866,9.42063],[80.17898,9.4195],[80.17914,9.41782],[80.17972,9.41637],[80.18093,9.41212],[80.18085,9.41004],[80.18161,9.40931],[80.18418,9.40794],[80.18348,9.40758],[80.18317,9.40693],[80.18364,9.40701],[80.18426,9.40639],[80.18437,9.40667],[80.18474,9.40679],[80.18515,9.40513],[80.1847,9.40512],[80.18431,9.40411],[80.18463,9.40342],[80.18429,9.40317],[80.18426,9.40186],[80.18376,9.40164],[80.18445,9.40135],[80.18511,9.40047],[80.18612,9.39765],[80.18681,9.39666],[80.18764,9.39413],[80.18904,9.39305],[80.1906,9.3909],[80.19196,9.38838],[80.19302,9.38802],[80.19281,9.38541],[80.19487,9.38256],[80.19411,9.38195],[80.18852,9.38199],[80.18712,9.38268],[80.18551,9.38428],[80.18392,9.38402],[80.18262,9.38242],[80.18158,9.38036],[80.18287,9.37984],[80.1862,9.37716],[80.18786,9.37346],[80.18986,9.37277],[80.19141,9.37353],[80.19338,9.37406],[80.19635,9.37453],[80.19783,9.37385],[80.19826,9.37236],[80.19791,9.37152],[80.1983,9.36833],[80.19766,9.36785],[80.19825,9.36398],[80.1994,9.36191],[80.20093,9.35982],[80.20157,9.35965],[80.2014,9.35861],[80.19869,9.35803],[80.19818,9.35806],[80.19772,9.35832],[80.19724,9.35869],[80.19699,9.35922],[80.19608,9.36216],[80.19482,9.36292],[80.19321,9.36469],[80.18926,9.36272],[80.18867,9.36202],[80.1884,9.361],[80.18848,9.36053],[80.18884,9.36001],[80.18915,9.35943],[80.18901,9.35871],[80.18889,9.35759],[80.18938,9.35654],[80.19038,9.35582],[80.19195,9.35412],[80.19106,9.35109],[80.1912,9.34925],[80.19277,9.34824],[80.19369,9.34803],[80.19475,9.34682],[80.19495,9.34469],[80.19712,9.34333],[80.19913,9.33889],[80.19872,9.33625],[80.19584,9.33176],[80.19228,9.32815],[80.1919,9.32419],[80.19446,9.32363],[80.19523,9.32286],[80.19403,9.32142],[80.19592,9.31977],[80.1954,9.31902],[80.1945,9.31798],[80.19122,9.31678],[80.18553,9.3165],[80.18315,9.31508],[80.18336,9.31622],[80.18315,9.31723],[80.18256,9.31813],[80.18142,9.31872],[80.18273,9.32143],[80.18221,9.32314],[80.18038,9.32434],[80.17942,9.32371],[80.17837,9.32245],[80.17918,9.31756],[80.17791,9.31608],[80.17667,9.31593],[80.17566,9.31711],[80.1756,9.32008],[80.17477,9.32052],[80.17268,9.32127],[80.1644,9.32136],[80.16271,9.31547],[80.16132,9.31444],[80.1602,9.31323],[80.15456,9.31354],[80.15332,9.31528],[80.15268,9.31518],[80.15219,9.31558],[80.1517,9.31578],[80.15036,9.31779],[80.14855,9.31969],[80.14825,9.3209],[80.14731,9.32179],[80.14573,9.323],[80.14196,9.32467],[80.1413,9.32434],[80.13914,9.32496],[80.13747,9.32584],[80.13565,9.32591],[80.13483,9.32579],[80.13361,9.32695],[80.13456,9.32745],[80.13515,9.32822],[80.13532,9.32927],[80.13491,9.32972],[80.13319,9.32993],[80.1324,9.33075],[80.13169,9.33188],[80.13039,9.33291],[80.129,9.33381],[80.12735,9.33393],[80.12585,9.33444],[80.1243,9.33572],[80.12236,9.33659],[80.12088,9.33691],[80.1198,9.33768],[80.11818,9.33792],[80.11739,9.33934],[80.11622,9.34053],[80.11488,9.34095],[80.11389,9.34116],[80.11256,9.34224],[80.11066,9.34344],[80.10885,9.34405],[80.10767,9.34425],[80.10714,9.34382],[80.10625,9.3443],[80.1054,9.34361],[80.10647,9.34245],[80.1049,9.34246],[80.10454,9.34179],[80.10492,9.34095],[80.1034,9.3403],[80.1025,9.34011],[80.10119,9.34098],[80.10075,9.34228],[80.10229,9.3429],[80.10341,9.34467],[80.10442,9.34446],[80.10522,9.34577],[80.10345,9.34723],[80.10309,9.34643],[80.10105,9.34752],[80.10038,9.346],[80.09864,9.34745],[80.09875,9.34804],[80.09783,9.34857],[80.0974,9.34826],[80.09693,9.35111],[80.096,9.35187],[80.09535,9.35154],[80.0956,9.35068],[80.09579,9.34948],[80.09498,9.34858],[80.09282,9.34874],[80.09234,9.3481],[80.09124,9.34843],[80.09029,9.3471],[80.08927,9.34595],[80.09034,9.34516],[80.08897,9.34291],[80.08623,9.34425],[80.08404,9.34581],[80.08131,9.34832],[80.08218,9.35008],[80.08264,9.35147],[80.08268,9.35356],[80.08124,9.35408],[80.08143,9.35653],[80.08379,9.35698],[80.08348,9.35871],[80.08216,9.35937],[80.08126,9.35997],[80.08064,9.36019],[80.07984,9.35956],[80.08012,9.35871],[80.07959,9.35799],[80.07882,9.35793],[80.0786,9.35836],[80.07874,9.35887],[80.07827,9.35912],[80.07773,9.35858],[80.07727,9.35841],[80.07668,9.35738],[80.07516,9.35957],[80.07593,9.3602],[80.07511,9.36105],[80.07435,9.3611],[80.07375,9.36214],[80.0727,9.36323],[80.07375,9.36421],[80.07459,9.36419],[80.07608,9.3655],[80.07727,9.36518],[80.07842,9.3667],[80.08031,9.3664],[80.08211,9.36762],[80.0848,9.36852],[80.08778,9.37156],[80.08928,9.37184],[80.09055,9.37239],[80.09097,9.37281],[80.09119,9.37344],[80.09106,9.37449],[80.09018,9.37522],[80.08889,9.3753],[80.08734,9.37458],[80.08786,9.37783],[80.08754,9.38073],[80.08662,9.38218],[80.08358,9.38309],[80.08166,9.38386],[80.08045,9.3847],[80.07944,9.38363],[80.07922,9.38241],[80.08016,9.38176],[80.07887,9.3805],[80.07868,9.37974],[80.07782,9.37925],[80.07647,9.37928],[80.07525,9.37902],[80.07421,9.3766],[80.07319,9.37589],[80.07219,9.37574],[80.07092,9.37634],[80.06982,9.37798],[80.06776,9.37826],[80.06629,9.37951],[80.06571,9.38284],[80.06465,9.38484],[80.06309,9.38644],[80.06258,9.39036],[80.06302,9.39231],[80.06372,9.39405],[80.0651,9.39614],[80.06493,9.39701],[80.06383,9.39717],[80.06254,9.39626],[80.06133,9.39582],[80.0605,9.39546],[80.06127,9.39499],[80.06188,9.3943],[80.0613,9.39379],[80.06052,9.39423],[80.05899,9.39405],[80.05666,9.39205],[80.05528,9.39153],[80.05511,9.38993],[80.05461,9.38831],[80.05563,9.38861],[80.05502,9.38703],[80.05536,9.38612],[80.05454,9.38611],[80.05463,9.38478],[80.05514,9.38416],[80.05472,9.38372],[80.05423,9.38188],[80.05465,9.3808],[80.05514,9.37973],[80.05561,9.3781],[80.05617,9.37781],[80.05574,9.37759],[80.05594,9.37659],[80.05645,9.37618],[80.05725,9.37539],[80.05735,9.37462],[80.05726,9.37382],[80.05665,9.37325],[80.0568,9.37244],[80.05645,9.37234],[80.05653,9.36865],[80.05741,9.36783],[80.05757,9.36688],[80.0583,9.36665],[80.05897,9.36684],[80.05979,9.36651],[80.05996,9.36566],[80.05999,9.36311],[80.06095,9.36195],[80.06088,9.36123],[80.06109,9.36002],[80.05927,9.36172],[80.05751,9.36299],[80.05513,9.36511],[80.05468,9.36595],[80.05434,9.36828],[80.05427,9.37014],[80.05475,9.37153],[80.05558,9.37316],[80.05679,9.37487],[80.05606,9.37552],[80.05566,9.37616],[80.05497,9.37754],[80.05491,9.37824],[80.0546,9.37921],[80.05404,9.3803],[80.05375,9.38166],[80.05368,9.38355]],[[80.10294,9.39197],[80.10304,9.39158],[80.1039,9.39076],[80.10344,9.38988],[80.10363,9.38831],[80.10334,9.38741],[80.10339,9.38658],[80.1036,9.386],[80.10399,9.38572],[80.10512,9.38557],[80.10637,9.38573],[80.10754,9.3872],[80.10824,9.38757],[80.10869,9.38852],[80.10828,9.38952],[80.10692,9.39092],[80.10591,9.39086],[80.10548,9.39099],[80.10539,9.39138],[80.10504,9.39205],[80.10458,9.39251],[80.104,9.39281],[80.10339,9.39287],[80.10304,9.39236],[80.10294,9.39197]],[[80.11014,9.37884],[80.11119,9.37807],[80.11464,9.38265],[80.11359,9.38342],[80.11014,9.37884]],[[80.11252,9.41286],[80.11262,9.41272],[80.11272,9.41267],[80.1127,9.41258],[80.11256,9.41244],[80.11261,9.4123],[80.11258,9.41221],[80.11313,9.4123],[80.11315,9.41235],[80.11328,9.41239],[80.11338,9.41256],[80.11368,9.41276],[80.11319,9.41314],[80.11309,9.41305],[80.11287,9.41298],[80.11283,9.41289],[80.11266,9.41294],[80.11252,9.41286]],[[80.12715,9.4158],[80.12736,9.41552],[80.12754,9.41546],[80.12775,9.41552],[80.12786,9.41576],[80.12772,9.41592],[80.12769,9.4162],[80.12762,9.41619],[80.12755,9.41631],[80.12747,9.41628],[80.12753,9.41618],[80.12751,9.41599],[80.12742,9.41599],[80.12739,9.41606],[80.12733,9.41605],[80.12721,9.41596],[80.12722,9.41589],[80.12715,9.4158]],[[80.13491,9.41916],[80.13498,9.41902],[80.13537,9.41904],[80.13551,9.41897],[80.13565,9.41898],[80.13586,9.41914],[80.13592,9.41926],[80.13628,9.41954],[80.13635,9.41963],[80.13636,9.4198],[80.13633,9.41983],[80.1362,9.41971],[80.13578,9.4196],[80.13556,9.41968],[80.13535,9.41964],[80.13523,9.41977],[80.13505,9.41956],[80.13502,9.41931],[80.13494,9.41926],[80.13491,9.41916]],[[80.13589,9.32749],[80.13601,9.32717],[80.13628,9.32703],[80.13712,9.32681],[80.13867,9.32666],[80.13782,9.32798],[80.13728,9.32859],[80.13712,9.32907],[80.13706,9.32967],[80.1363,9.32871],[80.13601,9.328],[80.13589,9.32749]],[[80.15188,9.4112],[80.15194,9.41096],[80.15213,9.4108],[80.15234,9.41084],[80.15252,9.41063],[80.15266,9.41064],[80.15278,9.4104],[80.15287,9.41049],[80.15316,9.41028],[80.15327,9.41033],[80.15335,9.4103],[80.15326,9.41015],[80.15336,9.41005],[80.15345,9.41013],[80.15386,9.41011],[80.15404,9.41021],[80.15458,9.41027],[80.15476,9.41033],[80.15482,9.4106],[80.15494,9.41074],[80.15482,9.41098],[80.15481,9.4114],[80.15467,9.41163],[80.15445,9.41183],[80.15424,9.41234],[80.15415,9.41248],[80.15396,9.41255],[80.1537,9.41244],[80.15363,9.41207],[80.15337,9.41183],[80.1533,9.412],[80.15317,9.41179],[80.15293,9.41173],[80.15259,9.41151],[80.15237,9.41151],[80.15204,9.41126],[80.15198,9.41133],[80.15188,9.4112]],[[80.15831,9.32189],[80.16142,9.32111],[80.16235,9.32452],[80.1595,9.3253],[80.15831,9.32189]],[[80.16112,9.36012],[80.16146,9.35985],[80.1616,9.35999],[80.16199,9.35971],[80.16229,9.36001],[80.16246,9.36028],[80.16237,9.36043],[80.16226,9.3603],[80.162,9.36015],[80.16176,9.36012],[80.16153,9.36037],[80.16135,9.36046],[80.16121,9.3604],[80.16113,9.36027],[80.16112,9.36012]],[[80.16195,9.34938],[80.16204,9.34402],[80.16595,9.34401],[80.17027,9.35451],[80.16482,9.35565],[80.16247,9.35084],[80.16195,9.34938]],[[80.16366,9.3854],[80.1638,9.38485],[80.16381,9.38411],[80.1639,9.38393],[80.16406,9.38385],[80.16425,9.38383],[80.16432,9.38408],[80.16481,9.38424],[80.16493,9.38459],[80.16468,9.38578],[80.16443,9.38586],[80.16394,9.38584],[80.16369,9.38554],[80.16366,9.3854]],[[80.16374,9.35771],[80.16386,9.3575],[80.16387,9.35717],[80.16399,9.35696],[80.16424,9.35702],[80.16422,9.35736],[80.16436,9.35769],[80.16432,9.35794],[80.16384,9.35814],[80.16374,9.35771]],[[80.16407,9.39502],[80.16422,9.39473],[80.16447,9.39472],[80.16466,9.395],[80.16467,9.39518],[80.16456,9.39524],[80.16421,9.39527],[80.16407,9.39518],[80.16407,9.39502]],[[80.16587,9.34091],[80.16612,9.3404],[80.1667,9.33986],[80.16867,9.33918],[80.16934,9.33858],[80.16975,9.33766],[80.1698,9.33598],[80.17046,9.33557],[80.17261,9.33489],[80.17429,9.33307],[80.17489,9.33211],[80.17512,9.33145],[80.17619,9.33106],[80.17878,9.33091],[80.17966,9.33113],[80.1808,9.33149],[80.18188,9.33242],[80.18062,9.33299],[80.17973,9.33388],[80.17864,9.33468],[80.17725,9.33637],[80.17545,9.33895],[80.17388,9.3409],[80.17273,9.3417],[80.1719,9.34212],[80.17134,9.3422],[80.17059,9.34193],[80.16882,9.34186],[80.16666,9.34195],[80.16625,9.34185],[80.16601,9.34143],[80.16587,9.34091]],[[80.16665,9.36333],[80.16684,9.36266],[80.16735,9.362],[80.1677,9.36185],[80.16833,9.36179],[80.16891,9.36218],[80.16941,9.36279],[80.16941,9.36368],[80.16894,9.36425],[80.16843,9.36457],[80.16782,9.36462],[80.16724,9.36441],[80.16684,9.36405],[80.16665,9.36333]],[[80.16888,9.35759],[80.16914,9.3568],[80.16951,9.3565],[80.17002,9.35645],[80.17058,9.35664],[80.17096,9.35699],[80.17113,9.35746],[80.17109,9.358],[80.1708,9.35855],[80.17042,9.3589],[80.16995,9.35897],[80.1695,9.35883],[80.16914,9.35861],[80.16888,9.35814],[80.16888,9.35759]],[[80.17174,9.32593],[80.17201,9.3252],[80.17267,9.32486],[80.17333,9.3253],[80.17332,9.32609],[80.17284,9.32649],[80.17216,9.32645],[80.17174,9.32593]],[[80.17213,9.3889],[80.17224,9.38867],[80.17269,9.38805],[80.17316,9.38774],[80.1738,9.3875],[80.17402,9.38769],[80.17378,9.38831],[80.17378,9.38871],[80.17363,9.38899],[80.17294,9.38949],[80.17269,9.3896],[80.17245,9.38947],[80.17219,9.38926],[80.17213,9.3889]],[[80.1733,9.36997],[80.17611,9.36889],[80.18117,9.3812],[80.17845,9.38252],[80.1733,9.36997]],[[80.17342,9.32247],[80.17357,9.32157],[80.17418,9.3208],[80.1752,9.32084],[80.17659,9.32165],[80.17692,9.32234],[80.17689,9.32304],[80.1767,9.32379],[80.17637,9.32445],[80.17681,9.3252],[80.17674,9.326],[80.17623,9.32647],[80.17569,9.32658],[80.17484,9.32645],[80.17466,9.32586],[80.17484,9.32515],[80.17538,9.32446],[80.17437,9.32394],[80.17374,9.32335],[80.17342,9.32247]],[[80.17833,9.39644],[80.17837,9.39612],[80.17846,9.39591],[80.17865,9.39574],[80.17891,9.39559],[80.17919,9.3957],[80.17919,9.39621],[80.179,9.39652],[80.17833,9.39644]],[[80.18286,9.33761],[80.18291,9.33733],[80.18312,9.3373],[80.1834,9.33735],[80.18394,9.33797],[80.1843,9.33787],[80.18482,9.33817],[80.18652,9.33894],[80.187,9.339],[80.18752,9.33899],[80.18792,9.33888],[80.18815,9.33909],[80.18796,9.33966],[80.18824,9.33996],[80.18795,9.34039],[80.1877,9.34043],[80.18756,9.34069],[80.18671,9.34092],[80.1858,9.3408],[80.18468,9.3404],[80.18415,9.34009],[80.18355,9.33945],[80.18319,9.33882],[80.18328,9.33843],[80.18286,9.33761]],[[80.18514,9.34751],[80.18521,9.34699],[80.18573,9.34621],[80.18639,9.34591],[80.18705,9.3459],[80.18744,9.346],[80.18772,9.34637],[80.18787,9.34671],[80.18775,9.3473],[80.18737,9.34808],[80.18696,9.34795],[80.18614,9.3481],[80.18554,9.34799],[80.18514,9.34751]]]}},{"type":"Feature","properties":{"c":"forest"},"geometry":{"type":"Polygon","coordinates":[[[80.05368,9.38355],[80.05396,9.38447],[80.05379,9.38536],[80.05389,9.38646],[80.05394,9.39063],[80.0541,9.39121],[80.05506,9.39235],[80.0562,9.3931],[80.05756,9.39448],[80.06094,9.39649],[80.06239,9.39716],[80.06529,9.39836],[80.06676,9.39886],[80.06861,9.39972],[80.06999,9.40086],[80.07068,9.40174],[80.07146,9.40215],[80.07277,9.40333],[80.07446,9.40391],[80.0754,9.40393],[80.07683,9.40432],[80.07841,9.40521],[80.07884,9.40494],[80.07933,9.40482],[80.07976,9.40493],[80.08015,9.40551],[80.0808,9.40463],[80.08088,9.40404],[80.08146,9.40388],[80.08228,9.40348],[80.08314,9.40479],[80.08254,9.40521],[80.08354,9.40577],[80.08427,9.406],[80.08485,9.40602],[80.08579,9.40687],[80.08674,9.40706],[80.08789,9.40773],[80.08801,9.4081],[80.08869,9.40841],[80.09211,9.4097],[80.09256,9.41004],[80.09314,9.41006],[80.09508,9.41166],[80.09684,9.41173],[80.09823,9.41265],[80.1015,9.41358],[80.10361,9.41367],[80.10394,9.41342],[80.10417,9.41299],[80.10482,9.41286],[80.10725,9.41382],[80.10787,9.41391],[80.10813,9.41423],[80.10871,9.41405],[80.10945,9.41452],[80.11121,9.41501],[80.11353,9.41551],[80.11467,9.41677],[80.11614,9.41788],[80.1172,9.41917],[80.11862,9.4204],[80.11943,9.42137],[80.12106,9.42213],[80.12194,9.42248],[80.12221,9.42248],[80.12297,9.42224],[80.12308,9.42206],[80.12342,9.42179],[80.12345,9.42154],[80.12307,9.42107],[80.12315,9.42056],[80.12404,9.42081],[80.12454,9.42114],[80.12539,9.42131],[80.126,9.42135],[80.12778,9.42207],[80.12886,9.4223],[80.12901,9.42221],[80.12912,9.42208],[80.12931,9.42205],[80.13127,9.42254],[80.13208,9.4228],[80.1329,9.4233],[80.13313,9.42334],[80.13332,9.42345],[80.13385,9.42266],[80.13632,9.42363],[80.13669,9.42383],[80.13674,9.42395],[80.13661,9.42402],[80.13683,9.42431],[80.13701,9.42423],[80.13719,9.42397],[80.1375,9.4238],[80.13955,9.42493],[80.13872,9.42547],[80.13842,9.4256],[80.13752,9.42579],[80.13754,9.42656],[80.13763,9.42709],[80.13822,9.42798],[80.13912,9.42875],[80.14022,9.42951],[80.14135,9.43055],[80.14329,9.43121],[80.14483,9.43155],[80.14657,9.43274],[80.14864,9.43465],[80.15169,9.43681],[80.15266,9.43784],[80.15524,9.43878],[80.15633,9.43977],[80.15844,9.4423],[80.16009,9.44394],[80.16046,9.44393],[80.16106,9.44491],[80.16214,9.44588],[80.16277,9.44608],[80.16353,9.44566],[80.1634,9.44469],[80.16357,9.44188],[80.16339,9.4414],[80.16284,9.44086],[80.16227,9.44075],[80.16179,9.44091],[80.16148,9.44138],[80.16152,9.44245],[80.1614,9.44272],[80.16113,9.44292],[80.16088,9.44296],[80.1606,9.44287],[80.16041,9.44263],[80.16031,9.44215],[80.16037,9.4414],[80.16077,9.4408],[80.16093,9.43981],[80.16109,9.43924],[80.16165,9.43871],[80.16241,9.43814],[80.16286,9.43818],[80.16326,9.43802],[80.16299,9.43696],[80.16252,9.43662],[80.16215,9.43695],[80.16177,9.43678],[80.16204,9.43646],[80.16216,9.43548],[80.16318,9.43456],[80.16336,9.43353],[80.16303,9.43186],[80.16343,9.43077],[80.16472,9.42995],[80.16613,9.42991],[80.16723,9.43013],[80.16775,9.42999],[80.16895,9.42888],[80.17051,9.42684],[80.17422,9.42549],[80.17596,9.42328],[80.17725,9.42258],[80.17794,9.42149],[80.17866,9.42063],[80.17898,9.4195],[80.17914,9.41782],[80.17972,9.41637],[80.18093,9.41212],[80.18085,9.41004],[80.18161,9.40931],[80.18418,9.40794],[80.18348,9.40758],[80.18317,9.40693],[80.18364,9.40701],[80.18426,9.40639],[80.18437,9.40667],[80.18474,9.40679],[80.18515,9.40513],[80.1847,9.40512],[80.18431,9.40411],[80.18463,9.40342],[80.18429,9.40317],[80.18426,9.40186],[80.18376,9.40164],[80.18445,9.40135],[80.18511,9.40047],[80.18612,9.39765],[80.18681,9.39666],[80.18764,9.39413],[80.18904,9.39305],[80.1906,9.3909],[80.19196,9.38838],[80.19302,9.38802],[80.19281,9.38541],[80.19487,9.38256],[80.19411,9.38195],[80.18852,9.38199],[80.18712,9.38268],[80.18551,9.38428],[80.18392,9.38402],[80.18262,9.38242],[80.18158,9.38036],[80.18287,9.37984],[80.1862,9.37716],[80.18786,9.37346],[80.18986,9.37277],[80.19141,9.37353],[80.19338,9.37406],[80.19635,9.37453],[80.19783,9.37385],[80.19826,9.37236],[80.19791,9.37152],[80.1983,9.36833],[80.19766,9.36785],[80.19825,9.36398],[80.1994,9.36191],[80.20093,9.35982],[80.20157,9.35965],[80.2014,9.35861],[80.19869,9.35803],[80.19818,9.35806],[80.19772,9.35832],[80.19724,9.35869],[80.19699,9.35922],[80.19608,9.36216],[80.19482,9.36292],[80.19321,9.36469],[80.18926,9.36272],[80.18867,9.36202],[80.1884,9.361],[80.18848,9.36053],[80.18884,9.36001],[80.18915,9.35943],[80.18901,9.35871],[80.18889,9.35759],[80.18938,9.35654],[80.19038,9.35582],[80.19195,9.35412],[80.19106,9.35109],[80.1912,9.34925],[80.19277,9.34824],[80.19369,9.34803],[80.19475,9.34682],[80.19495,9.34469],[80.19712,9.34333],[80.19913,9.33889],[80.19872,9.33625],[80.19584,9.33176],[80.19228,9.32815],[80.1919,9.32419],[80.19446,9.32363],[80.19523,9.32286],[80.19403,9.32142],[80.19592,9.31977],[80.1954,9.31902],[80.1945,9.31798],[80.19122,9.31678],[80.18553,9.3165],[80.18315,9.31508],[80.18336,9.31622],[80.18315,9.31723],[80.18256,9.31813],[80.18142,9.31872],[80.18273,9.32143],[80.18221,9.32314],[80.18038,9.32434],[80.17942,9.32371],[80.17837,9.32245],[80.17918,9.31756],[80.17791,9.31608],[80.17667,9.31593],[80.17566,9.31711],[80.1756,9.32008],[80.17477,9.32052],[80.17268,9.32127],[80.1644,9.32136],[80.16271,9.31547],[80.16132,9.31444],[80.1602,9.31323],[80.15456,9.31354],[80.15332,9.31528],[80.15268,9.31518],[80.15219,9.31558],[80.1517,9.31578],[80.15036,9.31779],[80.14855,9.31969],[80.14825,9.3209],[80.14731,9.32179],[80.14573,9.323],[80.14196,9.32467],[80.1413,9.32434],[80.13914,9.32496],[80.13747,9.32584],[80.13565,9.32591],[80.13483,9.32579],[80.13361,9.32695],[80.13456,9.32745],[80.13515,9.32822],[80.13532,9.32927],[80.13491,9.32972],[80.13319,9.32993],[80.1324,9.33075],[80.13169,9.33188],[80.13039,9.33291],[80.129,9.33381],[80.12735,9.33393],[80.12585,9.33444],[80.1243,9.33572],[80.12236,9.33659],[80.12088,9.33691],[80.1198,9.33768],[80.11818,9.33792],[80.11739,9.33934],[80.11622,9.34053],[80.11488,9.34095],[80.11389,9.34116],[80.11256,9.34224],[80.11066,9.34344],[80.10885,9.34405],[80.10767,9.34425],[80.10714,9.34382],[80.10625,9.3443],[80.1054,9.34361],[80.10647,9.34245],[80.1049,9.34246],[80.10454,9.34179],[80.10492,9.34095],[80.1034,9.3403],[80.1025,9.34011],[80.10119,9.34098],[80.10075,9.34228],[80.10229,9.3429],[80.10341,9.34467],[80.10442,9.34446],[80.10522,9.34577],[80.10345,9.34723],[80.10309,9.34643],[80.10105,9.34752],[80.10038,9.346],[80.09864,9.34745],[80.09875,9.34804],[80.09783,9.34857],[80.0974,9.34826],[80.09693,9.35111],[80.096,9.35187],[80.09535,9.35154],[80.0956,9.35068],[80.09579,9.34948],[80.09498,9.34858],[80.09282,9.34874],[80.09234,9.3481],[80.09124,9.34843],[80.09029,9.3471],[80.08927,9.34595],[80.09034,9.34516],[80.08897,9.34291],[80.08623,9.34425],[80.08404,9.34581],[80.08131,9.34832],[80.08218,9.35008],[80.08264,9.35147],[80.08268,9.35356],[80.08124,9.35408],[80.08143,9.35653],[80.08379,9.35698],[80.08348,9.35871],[80.08216,9.35937],[80.08126,9.35997],[80.08064,9.36019],[80.07984,9.35956],[80.08012,9.35871],[80.07959,9.35799],[80.07882,9.35793],[80.0786,9.35836],[80.07874,9.35887],[80.07827,9.35912],[80.07773,9.35858],[80.07727,9.35841],[80.07668,9.35738],[80.07516,9.35957],[80.07593,9.3602],[80.07511,9.36105],[80.07435,9.3611],[80.07375,9.36214],[80.0727,9.36323],[80.07375,9.36421],[80.07459,9.36419],[80.07608,9.3655],[80.07727,9.36518],[80.07842,9.3667],[80.08031,9.3664],[80.08211,9.36762],[80.0848,9.36852],[80.08778,9.37156],[80.08928,9.37184],[80.09055,9.37239],[80.09097,9.37281],[80.09119,9.37344],[80.09106,9.37449],[80.09018,9.37522],[80.08889,9.3753],[80.08734,9.37458],[80.08786,9.37783],[80.08754,9.38073],[80.08662,9.38218],[80.08358,9.38309],[80.08166,9.38386],[80.08045,9.3847],[80.07944,9.38363],[80.07922,9.38241],[80.08016,9.38176],[80.07887,9.3805],[80.07868,9.37974],[80.07782,9.37925],[80.07647,9.37928],[80.07525,9.37902],[80.07421,9.3766],[80.07319,9.37589],[80.07219,9.37574],[80.07092,9.37634],[80.06982,9.37798],[80.06776,9.37826],[80.06629,9.37951],[80.06571,9.38284],[80.06465,9.38484],[80.06309,9.38644],[80.06258,9.39036],[80.06302,9.39231],[80.06372,9.39405],[80.0651,9.39614],[80.06493,9.39701],[80.06383,9.39717],[80.06254,9.39626],[80.06133,9.39582],[80.0605,9.39546],[80.06127,9.39499],[80.06188,9.3943],[80.0613,9.39379],[80.06052,9.39423],[80.05899,9.39405],[80.05666,9.39205],[80.05528,9.39153],[80.05511,9.38993],[80.05461,9.38831],[80.05563,9.38861],[80.05502,9.38703],[80.05536,9.38612],[80.05454,9.38611],[80.05463,9.38478],[80.05514,9.38416],[80.05472,9.38372],[80.05423,9.38188],[80.05465,9.3808],[80.05514,9.37973],[80.05561,9.3781],[80.05617,9.37781],[80.05574,9.37759],[80.05594,9.37659],[80.05645,9.37618],[80.05725,9.37539],[80.05735,9.37462],[80.05726,9.37382],[80.05665,9.37325],[80.0568,9.37244],[80.05645,9.37234],[80.05653,9.36865],[80.05741,9.36783],[80.05757,9.36688],[80.0583,9.36665],[80.05897,9.36684],[80.05979,9.36651],[80.05996,9.36566],[80.05999,9.36311],[80.06095,9.36195],[80.06088,9.36123],[80.06109,9.36002],[80.05927,9.36172],[80.05751,9.36299],[80.05513,9.36511],[80.05468,9.36595],[80.05434,9.36828],[80.05427,9.37014],[80.05475,9.37153],[80.05558,9.37316],[80.05679,9.37487],[80.05606,9.37552],[80.05566,9.37616],[80.05497,9.37754],[80.05491,9.37824],[80.0546,9.37921],[80.05404,9.3803],[80.05375,9.38166],[80.05368,9.38355]],[[80.07321,9.40114],[80.07332,9.40093],[80.07354,9.40083],[80.07377,9.40089],[80.07391,9.40106],[80.07393,9.40117],[80.07391,9.40129],[80.07378,9.40147],[80.07356,9.40154],[80.07334,9.40146],[80.07326,9.40137],[80.07321,9.40114]],[[80.07361,9.38408],[80.07365,9.38393],[80.07385,9.38395],[80.07384,9.38417],[80.0738,9.38421],[80.07368,9.38419],[80.07361,9.38408]],[[80.07512,9.38096],[80.07521,9.38086],[80.07524,9.38091],[80.0752,9.38097],[80.07512,9.38096]],[[80.07527,9.381],[80.07533,9.38092],[80.0754,9.38096],[80.0754,9.38107],[80.07534,9.38109],[80.07527,9.381]],[[80.0754,9.38066],[80.07543,9.38055],[80.07558,9.38061],[80.07554,9.38072],[80.0754,9.38066]],[[80.07827,9.38161],[80.07834,9.38156],[80.07847,9.38158],[80.07852,9.38177],[80.07836,9.3818],[80.07827,9.38161]],[[80.09112,9.40059],[80.09124,9.40048],[80.09151,9.40049],[80.09158,9.40055],[80.09158,9.40069],[80.09145,9.4008],[80.09136,9.40081],[80.09112,9.40059]],[[80.09541,9.4057],[80.09543,9.40553],[80.09558,9.40548],[80.09571,9.40569],[80.09541,9.4057]],[[80.10294,9.39197],[80.10304,9.39158],[80.1039,9.39076],[80.10344,9.38988],[80.10363,9.38831],[80.10334,9.38741],[80.10339,9.38658],[80.1036,9.386],[80.10399,9.38572],[80.10512,9.38557],[80.10637,9.38573],[80.10754,9.3872],[80.10824,9.38757],[80.10869,9.38852],[80.10828,9.38952],[80.10692,9.39092],[80.10591,9.39086],[80.10548,9.39099],[80.10539,9.39138],[80.10504,9.39205],[80.10458,9.39251],[80.104,9.39281],[80.10339,9.39287],[80.10304,9.39236],[80.10294,9.39197]],[[80.11014,9.37884],[80.11119,9.37807],[80.11464,9.38265],[80.11359,9.38342],[80.11014,9.37884]],[[80.11252,9.41286],[80.11262,9.41272],[80.11272,9.41267],[80.1127,9.41258],[80.11256,9.41244],[80.11261,9.4123],[80.11258,9.41221],[80.11313,9.4123],[80.11315,9.41235],[80.11328,9.41239],[80.11338,9.41256],[80.11368,9.41276],[80.11319,9.41314],[80.11309,9.41305],[80.11287,9.41298],[80.11283,9.41289],[80.11266,9.41294],[80.11252,9.41286]],[[80.1187,9.42005],[80.11874,9.42],[80.119,9.41996],[80.11921,9.42001],[80.12018,9.42059],[80.12038,9.42085],[80.12106,9.42099],[80.1213,9.42121],[80.12207,9.42175],[80.12297,9.42214],[80.12214,9.42239],[80.12154,9.42194],[80.1198,9.42119],[80.11926,9.42068],[80.11903,9.42036],[80.1187,9.42005]],[[80.12715,9.4158],[80.12736,9.41552],[80.12754,9.41546],[80.12775,9.41552],[80.12786,9.41576],[80.12772,9.41592],[80.12769,9.4162],[80.12762,9.41619],[80.12755,9.41631],[80.12747,9.41628],[80.12753,9.41618],[80.12751,9.41599],[80.12742,9.41599],[80.12739,9.41606],[80.12733,9.41605],[80.12721,9.41596],[80.12722,9.41589],[80.12715,9.4158]],[[80.13125,9.42169],[80.13139,9.42153],[80.13147,9.42154],[80.13162,9.42142],[80.13184,9.42156],[80.13189,9.42174],[80.13165,9.42194],[80.13141,9.42185],[80.13125,9.42169]],[[80.13491,9.41916],[80.13498,9.41902],[80.13537,9.41904],[80.13551,9.41897],[80.13565,9.41898],[80.13586,9.41914],[80.13592,9.41926],[80.13628,9.41954],[80.13635,9.41963],[80.13636,9.4198],[80.13633,9.41983],[80.1362,9.41971],[80.13578,9.4196],[80.13556,9.41968],[80.13535,9.41964],[80.13523,9.41977],[80.13505,9.41956],[80.13502,9.41931],[80.13494,9.41926],[80.13491,9.41916]],[[80.13589,9.32749],[80.13601,9.32717],[80.13628,9.32703],[80.13712,9.32681],[80.13867,9.32666],[80.13782,9.32798],[80.13728,9.32859],[80.13712,9.32907],[80.13706,9.32967],[80.1363,9.32871],[80.13601,9.328],[80.13589,9.32749]],[[80.13766,9.42619],[80.1378,9.42593],[80.13799,9.42586],[80.13819,9.4261],[80.13825,9.42609],[80.13827,9.42614],[80.13822,9.42616],[80.13826,9.42636],[80.1382,9.42647],[80.13801,9.42655],[80.1379,9.42656],[80.13783,9.42651],[80.13779,9.42655],[80.13774,9.42652],[80.13766,9.42619]],[[80.15188,9.4112],[80.15194,9.41096],[80.15213,9.4108],[80.15234,9.41084],[80.15252,9.41063],[80.15266,9.41064],[80.15278,9.4104],[80.15287,9.41049],[80.15316,9.41028],[80.15327,9.41033],[80.15335,9.4103],[80.15326,9.41015],[80.15336,9.41005],[80.15345,9.41013],[80.15386,9.41011],[80.15404,9.41021],[80.15458,9.41027],[80.15476,9.41033],[80.15482,9.4106],[80.15494,9.41074],[80.15482,9.41098],[80.15481,9.4114],[80.15467,9.41163],[80.15445,9.41183],[80.15424,9.41234],[80.15415,9.41248],[80.15396,9.41255],[80.1537,9.41244],[80.15363,9.41207],[80.15337,9.41183],[80.1533,9.412],[80.15317,9.41179],[80.15293,9.41173],[80.15259,9.41151],[80.15237,9.41151],[80.15204,9.41126],[80.15198,9.41133],[80.15188,9.4112]],[[80.15831,9.32189],[80.16142,9.32111],[80.16235,9.32452],[80.1595,9.3253],[80.15831,9.32189]],[[80.16112,9.36012],[80.16146,9.35985],[80.1616,9.35999],[80.16199,9.35971],[80.16229,9.36001],[80.16246,9.36028],[80.16237,9.36043],[80.16226,9.3603],[80.162,9.36015],[80.16176,9.36012],[80.16153,9.36037],[80.16135,9.36046],[80.16121,9.3604],[80.16113,9.36027],[80.16112,9.36012]],[[80.16195,9.34938],[80.16204,9.34402],[80.16595,9.34401],[80.17027,9.35451],[80.16482,9.35565],[80.16247,9.35084],[80.16195,9.34938]],[[80.16366,9.3854],[80.1638,9.38485],[80.16381,9.38411],[80.1639,9.38393],[80.16406,9.38385],[80.16425,9.38383],[80.16432,9.38408],[80.16481,9.38424],[80.16493,9.38459],[80.16468,9.38578],[80.16443,9.38586],[80.16394,9.38584],[80.16369,9.38554],[80.16366,9.3854]],[[80.16374,9.35771],[80.16386,9.3575],[80.16387,9.35717],[80.16399,9.35696],[80.16424,9.35702],[80.16422,9.35736],[80.16436,9.35769],[80.16432,9.35794],[80.16384,9.35814],[80.16374,9.35771]],[[80.16407,9.39502],[80.16422,9.39473],[80.16447,9.39472],[80.16466,9.395],[80.16467,9.39518],[80.16456,9.39524],[80.16421,9.39527],[80.16407,9.39518],[80.16407,9.39502]],[[80.16587,9.34091],[80.16612,9.3404],[80.1667,9.33986],[80.16867,9.33918],[80.16934,9.33858],[80.16975,9.33766],[80.1698,9.33598],[80.17046,9.33557],[80.17261,9.33489],[80.17429,9.33307],[80.17489,9.33211],[80.17512,9.33145],[80.17619,9.33106],[80.17878,9.33091],[80.17966,9.33113],[80.1808,9.33149],[80.18188,9.33242],[80.18062,9.33299],[80.17973,9.33388],[80.17864,9.33468],[80.17725,9.33637],[80.17545,9.33895],[80.17388,9.3409],[80.17273,9.3417],[80.1719,9.34212],[80.17134,9.3422],[80.17059,9.34193],[80.16882,9.34186],[80.16666,9.34195],[80.16625,9.34185],[80.16601,9.34143],[80.16587,9.34091]],[[80.16665,9.36333],[80.16684,9.36266],[80.16735,9.362],[80.1677,9.36185],[80.16833,9.36179],[80.16891,9.36218],[80.16941,9.36279],[80.16941,9.36368],[80.16894,9.36425],[80.16843,9.36457],[80.16782,9.36462],[80.16724,9.36441],[80.16684,9.36405],[80.16665,9.36333]],[[80.16888,9.35759],[80.16914,9.3568],[80.16951,9.3565],[80.17002,9.35645],[80.17058,9.35664],[80.17096,9.35699],[80.17113,9.35746],[80.17109,9.358],[80.1708,9.35855],[80.17042,9.3589],[80.16995,9.35897],[80.1695,9.35883],[80.16914,9.35861],[80.16888,9.35814],[80.16888,9.35759]],[[80.17174,9.32593],[80.17201,9.3252],[80.17267,9.32486],[80.17333,9.3253],[80.17332,9.32609],[80.17284,9.32649],[80.17216,9.32645],[80.17174,9.32593]],[[80.17213,9.3889],[80.17224,9.38867],[80.17269,9.38805],[80.17316,9.38774],[80.1738,9.3875],[80.17402,9.38769],[80.17378,9.38831],[80.17378,9.38871],[80.17363,9.38899],[80.17294,9.38949],[80.17269,9.3896],[80.17245,9.38947],[80.17219,9.38926],[80.17213,9.3889]],[[80.17308,9.34446],[80.17319,9.34436],[80.17335,9.34434],[80.17355,9.34441],[80.17363,9.34462],[80.17365,9.34496],[80.17314,9.34475],[80.17308,9.34446]],[[80.1733,9.36997],[80.17611,9.36889],[80.18117,9.3812],[80.17845,9.38252],[80.1733,9.36997]],[[80.17342,9.32247],[80.17357,9.32157],[80.17418,9.3208],[80.1752,9.32084],[80.17659,9.32165],[80.17692,9.32234],[80.17689,9.32304],[80.1767,9.32379],[80.17637,9.32445],[80.17681,9.3252],[80.17674,9.326],[80.17623,9.32647],[80.17569,9.32658],[80.17484,9.32645],[80.17466,9.32586],[80.17484,9.32515],[80.17538,9.32446],[80.17437,9.32394],[80.17374,9.32335],[80.17342,9.32247]],[[80.17833,9.39644],[80.17837,9.39612],[80.17846,9.39591],[80.17865,9.39574],[80.17891,9.39559],[80.17919,9.3957],[80.17919,9.39621],[80.179,9.39652],[80.17833,9.39644]],[[80.18286,9.33761],[80.18291,9.33733],[80.18312,9.3373],[80.1834,9.33735],[80.18394,9.33797],[80.1843,9.33787],[80.18482,9.33817],[80.18652,9.33894],[80.187,9.339],[80.18752,9.33899],[80.18792,9.33888],[80.18815,9.33909],[80.18796,9.33966],[80.18824,9.33996],[80.18795,9.34039],[80.1877,9.34043],[80.18756,9.34069],[80.18671,9.34092],[80.1858,9.3408],[80.18468,9.3404],[80.18415,9.34009],[80.18355,9.33945],[80.18319,9.33882],[80.18328,9.33843],[80.18286,9.33761]],[[80.18514,9.34751],[80.18521,9.34699],[80.18573,9.34621],[80.18639,9.34591],[80.18705,9.3459],[80.18744,9.346],[80.18772,9.34637],[80.18787,9.34671],[80.18775,9.3473],[80.18737,9.34808],[80.18696,9.34795],[80.18614,9.3481],[80.18554,9.34799],[80.18514,9.34751]],[[80.19076,9.36931],[80.19128,9.36906],[80.19232,9.36882],[80.19255,9.369],[80.19259,9.36931],[80.19257,9.36967],[80.19201,9.37035],[80.19156,9.37066],[80.19119,9.37041],[80.19085,9.36989],[80.19076,9.36931]]]}},{"type":"Feature","properties":{"c":"farmland"},"geometry":{"type":"Polygon","coordinates":[[[80.15831,9.32189],[80.1595,9.3253],[80.16235,9.32452],[80.16142,9.32111],[80.15831,9.32189]]]}},{"type":"Feature","properties":{"c":"forest"},"geometry":{"type":"Polygon","coordinates":[[[80.19799,9.34749],[80.19805,9.34859],[80.19865,9.34931],[80.19974,9.3494],[80.20067,9.34897],[80.20069,9.34817],[80.2002,9.34721],[80.19917,9.34654],[80.19829,9.34673],[80.19799,9.34749]]]}},{"type":"Feature","properties":{"c":"forest"},"geometry":{"type":"Polygon","coordinates":[[[80.21015,9.35969],[80.21022,9.35994],[80.21044,9.36003],[80.21075,9.35998],[80.21125,9.35967],[80.21157,9.35931],[80.21222,9.35895],[80.21248,9.35856],[80.21311,9.35828],[80.21362,9.35742],[80.21355,9.3569],[80.21316,9.35659],[80.21229,9.35674],[80.21154,9.35704],[80.21104,9.35766],[80.21098,9.35829],[80.21103,9.3592],[80.2107,9.3593],[80.21015,9.35969]]]}},{"type":"Feature","properties":{"c":"forest"},"geometry":{"type":"Polygon","coordinates":[[[80.19691,9.38022],[80.19706,9.38088],[80.19746,9.38112],[80.19823,9.38123],[80.19918,9.38097],[80.19955,9.38071],[80.19965,9.38045],[80.19929,9.37918],[80.19894,9.37894],[80.19823,9.3789],[80.19749,9.37919],[80.19709,9.37962],[80.19691,9.38022]]]}},{"type":"Feature","properties":{"c":"forest"},"geometry":{"type":"Polygon","coordinates":[[[80.20848,9.371],[80.20852,9.37169],[80.20876,9.37226],[80.2095,9.37292],[80.20967,9.37375],[80.20973,9.3744],[80.2101,9.37509],[80.21073,9.3753],[80.21126,9.3752],[80.21135,9.37452],[80.21163,9.37402],[80.21169,9.37322],[80.21156,9.37256],[80.21173,9.3718],[80.21211,9.37104],[80.21257,9.3703],[80.21346,9.37007],[80.21484,9.3696],[80.21495,9.369],[80.21484,9.36855],[80.21562,9.36808],[80.21562,9.36776],[80.21517,9.36751],[80.21452,9.36754],[80.21378,9.3672],[80.21287,9.36721],[80.2124,9.36758],[80.21209,9.36823],[80.21137,9.36893],[80.2101,9.36973],[80.2086,9.37046],[80.20848,9.371]]]}},{"type":"Feature","properties":{"c":"forest"},"geometry":{"type":"Polygon","coordinates":[[[80.20312,9.37395],[80.2032,9.3742],[80.20482,9.37566],[80.20535,9.37586],[80.2058,9.37567],[80.20653,9.37513],[80.20801,9.37211],[80.20816,9.37155],[80.20798,9.37116],[80.20759,9.37104],[80.207,9.3712],[80.20524,9.37265],[80.20434,9.3731],[80.20334,9.37351],[80.20315,9.37369],[80.20312,9.37395]]]}},{"type":"Feature","properties":{"c":"forest"},"geometry":{"type":"Polygon","coordinates":[[[80.20236,9.35702],[80.20251,9.3576],[80.20279,9.35766],[80.20315,9.35805],[80.20341,9.3579],[80.20361,9.35758],[80.20386,9.3569],[80.20415,9.3567],[80.20442,9.35674],[80.20462,9.35613],[80.2045,9.35565],[80.20445,9.35474],[80.20406,9.35391],[80.20369,9.35376],[80.20304,9.35425],[80.20272,9.3547],[80.20252,9.3556],[80.20277,9.35605],[80.20236,9.35702]]]}},{"type":"Feature","properties":{"c":"forest"},"geometry":{"type":"Polygon","coordinates":[[[80.20638,9.36586],[80.20662,9.36629],[80.207,9.36656],[80.20724,9.36642],[80.20758,9.36588],[80.20767,9.36537],[80.20752,9.36505],[80.20777,9.36425],[80.20779,9.36375],[80.20847,9.36325],[80.20853,9.36265],[80.20832,9.36252],[80.20831,9.36237],[80.20847,9.36236],[80.20875,9.3621],[80.20866,9.36164],[80.20806,9.3613],[80.20751,9.36114],[80.20718,9.36152],[80.20723,9.36261],[80.20718,9.36408],[80.2064,9.36526],[80.20638,9.36586]]]}},{"type":"Feature","properties":{"c":"residential"},"geometry":{"type":"Polygon","coordinates":[[[80.38836,9.41538],[80.38863,9.41655],[80.3898,9.41792],[80.39028,9.41758],[80.39002,9.41718],[80.39155,9.4162],[80.3916,9.4158],[80.39122,9.41535],[80.39133,9.41507],[80.39333,9.41367],[80.39205,9.41315],[80.39112,9.41287],[80.39028,9.41288],[80.38981,9.41303],[80.391,9.41501],[80.39098,9.41524],[80.3893,9.41613],[80.3886,9.41522],[80.38836,9.41538]]]}},{"type":"Feature","properties":{"c":"farmyard"},"geometry":{"type":"Polygon","coordinates":[[[80.38234,9.41472],[80.38246,9.4151],[80.383,9.41535],[80.38361,9.41521],[80.38356,9.41493],[80.38263,9.41469],[80.38234,9.41472]]]}},{"type":"Feature","properties":{"c":"farmyard"},"geometry":{"type":"Polygon","coordinates":[[[80.38466,9.40972],[80.38562,9.41097],[80.38592,9.4108],[80.38624,9.41123],[80.38649,9.41127],[80.38734,9.40972],[80.38674,9.40852],[80.38638,9.40858],[80.38615,9.40818],[80.38535,9.40846],[80.38518,9.40882],[80.38534,9.40936],[80.38466,9.40972]]]}},{"type":"Feature","properties":{"c":"farmyard"},"geometry":{"type":"Polygon","coordinates":[[[80.37913,9.40964],[80.38002,9.41054],[80.38088,9.41001],[80.38072,9.40974],[80.38229,9.40891],[80.38255,9.40914],[80.38308,9.40911],[80.38357,9.40856],[80.38276,9.40736],[80.38183,9.4079],[80.38151,9.40851],[80.38039,9.40904],[80.37961,9.40953],[80.37943,9.40934],[80.37913,9.40964]]]}},{"type":"Feature","properties":{"c":"farmyard"},"geometry":{"type":"Polygon","coordinates":[[[80.3785,9.40849],[80.3789,9.40887],[80.37947,9.40847],[80.38024,9.40803],[80.37966,9.40738],[80.37884,9.40787],[80.3785,9.40849]]]}},{"type":"Feature","properties":{"c":"farmyard"},"geometry":{"type":"Polygon","coordinates":[[[80.37737,9.40507],[80.37781,9.40526],[80.37802,9.40476],[80.37758,9.40458],[80.37737,9.40507]]]}},{"type":"Feature","properties":{"c":"forest"},"geometry":{"type":"Polygon","coordinates":[[[80.3482,9.42169],[80.34851,9.42186],[80.34911,9.42189],[80.3493,9.42151],[80.34924,9.42116],[80.34886,9.42095],[80.34832,9.42098],[80.3482,9.42169]]]}},{"type":"Feature","properties":{"c":"residential","n":"Kn/Pannakkandy H.T.M.S"},"geometry":{"type":"Polygon","coordinates":[[[80.43782,9.40584],[80.4379,9.40665],[80.43874,9.40657],[80.43866,9.40576],[80.43782,9.40584]]]}},{"type":"Feature","properties":{"c":"farmyard"},"geometry":{"type":"Polygon","coordinates":[[[80.4421,9.41225],[80.4424,9.41236],[80.44288,9.41123],[80.44315,9.41133],[80.44331,9.41097],[80.44303,9.41082],[80.44315,9.41053],[80.44274,9.41042],[80.4421,9.41225]]]}},{"type":"Feature","properties":{"c":"farmland"},"geometry":{"type":"Polygon","coordinates":[[[80.4418,9.41221],[80.44191,9.41291],[80.4419,9.41654],[80.44894,9.41654],[80.45037,9.4132],[80.45159,9.41371],[80.45283,9.41379],[80.45287,9.40702],[80.45071,9.40585],[80.44487,9.40627],[80.44527,9.411],[80.44277,9.40987],[80.44241,9.41012],[80.44236,9.41063],[80.4418,9.41221]]]}},{"type":"Feature","properties":{"c":"farmyard"},"geometry":{"type":"Polygon","coordinates":[[[80.4514,9.41565],[80.45189,9.41586],[80.45222,9.41517],[80.45172,9.41495],[80.4514,9.41565]]]}},{"type":"Feature","properties":{"c":"residential"},"geometry":{"type":"Polygon","coordinates":[[[80.32269,9.39592],[80.32419,9.3978],[80.32477,9.39765],[80.32516,9.39743],[80.32572,9.39812],[80.32508,9.39847],[80.32499,9.39895],[80.32527,9.39957],[80.32617,9.3998],[80.32615,9.40062],[80.32649,9.40127],[80.32715,9.40133],[80.32825,9.40134],[80.32819,9.40304],[80.32832,9.40348],[80.3289,9.40402],[80.3295,9.40443],[80.33064,9.40465],[80.33021,9.40554],[80.32974,9.4061],[80.32866,9.40637],[80.32871,9.40748],[80.3285,9.40878],[80.33005,9.40882],[80.33057,9.4082],[80.33171,9.40839],[80.33573,9.40714],[80.33586,9.40374],[80.34414,9.40331],[80.35459,9.40076],[80.35793,9.39774],[80.35975,9.39735],[80.36015,9.39744],[80.36379,9.40133],[80.36952,9.40054],[80.37599,9.39667],[80.37852,9.39771],[80.37929,9.39897],[80.38023,9.39786],[80.38055,9.39804],[80.38094,9.39725],[80.38311,9.39836],[80.38345,9.39783],[80.3845,9.3985],[80.38382,9.39911],[80.38345,9.39922],[80.3823,9.39938],[80.38185,9.39996],[80.38229,9.40044],[80.3833,9.40056],[80.38454,9.39975],[80.38484,9.40017],[80.38645,9.39911],[80.38715,9.39932],[80.39058,9.39938],[80.39229,9.39959],[80.39472,9.40021],[80.39467,9.40061],[80.39545,9.40067],[80.39585,9.40049],[80.39893,9.40111],[80.39898,9.40182],[80.4,9.40138],[80.40113,9.40168],[80.40372,9.40179],[80.40407,9.40213],[80.40455,9.4018],[80.40454,9.40164],[80.40549,9.40142],[80.40622,9.40137],[80.40631,9.40182],[80.40634,9.40262],[80.40604,9.40269],[80.40597,9.40318],[80.40647,9.40331],[80.40653,9.40523],[80.40606,9.40559],[80.40652,9.40614],[80.4067,9.40948],[80.4064,9.40964],[80.40576,9.40952],[80.40602,9.41092],[80.40727,9.41272],[80.40802,9.41279],[80.4087,9.41258],[80.40886,9.40927],[80.41001,9.40311],[80.41192,9.40226],[80.41361,9.39995],[80.41446,9.39535],[80.41406,9.3946],[80.41224,9.39483],[80.41239,9.38285],[80.4137,9.38092],[80.41829,9.37738],[80.41687,9.37285],[80.41516,9.36828],[80.41151,9.35774],[80.40997,9.3564],[80.40303,9.35433],[80.39934,9.35545],[80.39252,9.36108],[80.39121,9.36468],[80.38634,9.36335],[80.38389,9.36068],[80.38195,9.3609],[80.37641,9.36226],[80.37101,9.36242],[80.36532,9.36312],[80.3615,9.36522],[80.36137,9.36622],[80.35877,9.36889],[80.35703,9.36921],[80.35494,9.36587],[80.35752,9.36441],[80.357,9.36388],[80.35374,9.36596],[80.35411,9.36814],[80.3539,9.36876],[80.35327,9.36895],[80.35291,9.36881],[80.35206,9.37021],[80.35197,9.37074],[80.35002,9.37164],[80.34943,9.37495],[80.34684,9.37563],[80.34635,9.37738],[80.3465,9.37849],[80.34752,9.37945],[80.34817,9.37989],[80.34993,9.38081],[80.35489,9.38259],[80.35508,9.38233],[80.35805,9.38373],[80.35748,9.38781],[80.35664,9.38975],[80.33596,9.38841],[80.33517,9.3888],[80.33276,9.39659],[80.33248,9.39703],[80.33165,9.39749],[80.33089,9.39801],[80.33015,9.39807],[80.32916,9.39779],[80.32835,9.39743],[80.3271,9.39697],[80.32677,9.39654],[80.32601,9.39583],[80.32512,9.39532],[80.32434,9.39523],[80.32269,9.39592]]]}},{"type":"Feature","properties":{"c":"farmland"},"geometry":{"type":"Polygon","coordinates":[[[80.07958,9.37049],[80.07993,9.37097],[80.08081,9.37191],[80.08245,9.37203],[80.08329,9.37177],[80.0834,9.37207],[80.08521,9.37173],[80.08549,9.37221],[80.08697,9.37132],[80.08667,9.37104],[80.0861,9.37091],[80.08418,9.36942],[80.08315,9.36874],[80.08303,9.3689],[80.08229,9.36886],[80.08174,9.36907],[80.08027,9.36885],[80.07958,9.37049]]]}},{"type":"Feature","properties":{"c":"farmland"},"geometry":{"type":"Polygon","coordinates":[[[80.4656,9.40987],[80.46578,9.40998],[80.46581,9.41007],[80.46577,9.41023],[80.46581,9.41029],[80.4658,9.41067],[80.46601,9.41069],[80.46603,9.41098],[80.46597,9.41106],[80.46616,9.41126],[80.46636,9.41124],[80.46638,9.41132],[80.46647,9.4113],[80.46656,9.41137],[80.46677,9.41103],[80.46691,9.41101],[80.46686,9.41066],[80.46672,9.41055],[80.46681,9.41046],[80.46683,9.41024],[80.46679,9.4099],[80.46584,9.40971],[80.46582,9.40964],[80.4657,9.40963],[80.4656,9.40987]]]}},{"type":"Feature","properties":{"c":"grass"},"geometry":{"type":"Polygon","coordinates":[[[80.40689,9.52371],[80.40694,9.52383],[80.40706,9.52388],[80.40718,9.52383],[80.40724,9.52369],[80.40718,9.52357],[80.40706,9.52352],[80.40693,9.52358],[80.40689,9.52371]]]}},{"type":"Feature","properties":{"c":"military","n":"522nd Brigade"},"geometry":{"type":"Polygon","coordinates":[[[80.38627,9.56685],[80.38839,9.56935],[80.3901,9.56817],[80.3901,9.56799],[80.39017,9.56794],[80.39023,9.5679],[80.3904,9.56797],[80.39108,9.56749],[80.39074,9.56696],[80.39077,9.56649],[80.3907,9.56597],[80.39051,9.56548],[80.38992,9.56494],[80.38928,9.56465],[80.38771,9.56552],[80.38627,9.56685]]]}},{"type":"Feature","properties":{"c":"farmland"},"geometry":{"type":"Polygon","coordinates":[[[80.35925,9.40415],[80.36128,9.40815],[80.36249,9.40671],[80.36142,9.40442],[80.36221,9.40332],[80.3609,9.4012],[80.35925,9.40415]]]}},{"type":"Feature","properties":{"c":"farmland"},"geometry":{"type":"Polygon","coordinates":[[[80.3635,9.40448],[80.36458,9.40658],[80.36662,9.40618],[80.36524,9.40343],[80.3635,9.40448]]]}},{"type":"Feature","properties":{"c":"farmland"},"geometry":{"type":"Polygon","coordinates":[[[80.37066,9.40338],[80.37104,9.40518],[80.37147,9.40661],[80.37179,9.40699],[80.37299,9.40605],[80.3727,9.40338],[80.37133,9.40172],[80.37066,9.40338]]]}},{"type":"Feature","properties":{"c":"farmland"},"geometry":{"type":"Polygon","coordinates":[[[80.37019,9.40163],[80.37066,9.40338],[80.37133,9.40172],[80.3708,9.40117],[80.37019,9.40163]]]}},{"type":"Feature","properties":{"c":"farmland"},"geometry":{"type":"Polygon","coordinates":[[[80.37515,9.40284],[80.37538,9.40368],[80.37635,9.40382],[80.37829,9.4043],[80.37899,9.40288],[80.37554,9.40112],[80.37515,9.40284]]]}},{"type":"Feature","properties":{"c":"farmland"},"geometry":{"type":"Polygon","coordinates":[[[80.37575,9.40122],[80.37899,9.40288],[80.37963,9.40176],[80.37951,9.40167],[80.37986,9.40088],[80.37936,9.40057],[80.37986,9.39989],[80.37919,9.39946],[80.37841,9.39848],[80.3778,9.39905],[80.37741,9.39922],[80.37719,9.39918],[80.37672,9.39946],[80.3762,9.40007],[80.37608,9.40099],[80.37575,9.40122]]]}},{"type":"Feature","properties":{"c":"forest"},"geometry":{"type":"Polygon","coordinates":[[[80.39397,9.57667],[80.39462,9.57766],[80.39489,9.57758],[80.39488,9.57751],[80.39497,9.57747],[80.39433,9.57644],[80.39397,9.57667]]]}},{"type":"Feature","properties":{"c":"forest","n":"Sakti Agro Int Coconut Unit"},"geometry":{"type":"Polygon","coordinates":[[[80.39235,9.57557],[80.39243,9.57575],[80.39255,9.57587],[80.3935,9.57585],[80.39377,9.57619],[80.39379,9.57642],[80.39456,9.576],[80.39592,9.57554],[80.39565,9.57349],[80.39505,9.57353],[80.39499,9.57319],[80.39266,9.57311],[80.39298,9.57374],[80.39304,9.57399],[80.39301,9.57431],[80.39277,9.5748],[80.39252,9.57507],[80.39238,9.57536],[80.39235,9.57557]]]}},{"type":"Feature","properties":{"c":"farmland"},"geometry":{"type":"Polygon","coordinates":[[[80.34132,9.37335],[80.34213,9.3757],[80.34168,9.37693],[80.34433,9.37808],[80.34507,9.37753],[80.34677,9.37436],[80.34639,9.37424],[80.34649,9.37327],[80.34634,9.37324],[80.3463,9.37224],[80.34723,9.37175],[80.34727,9.37116],[80.34643,9.37154],[80.34618,9.37125],[80.34644,9.37085],[80.3462,9.37059],[80.34659,9.36996],[80.34642,9.36986],[80.34671,9.36952],[80.34655,9.36939],[80.34637,9.36933],[80.34661,9.36891],[80.34608,9.36861],[80.34552,9.3685],[80.34443,9.36864],[80.34272,9.36964],[80.34236,9.37025],[80.34199,9.37112],[80.34132,9.37335]]]}},{"type":"Feature","properties":{"c":"farmland"},"geometry":{"type":"Polygon","coordinates":[[[80.32322,9.38047],[80.32341,9.38293],[80.32415,9.38385],[80.32485,9.38381],[80.32715,9.38523],[80.32952,9.38614],[80.33394,9.38556],[80.3349,9.38429],[80.33478,9.38163],[80.33705,9.37981],[80.33596,9.37791],[80.33385,9.37667],[80.33365,9.37631],[80.33056,9.37771],[80.32943,9.3771],[80.32812,9.37795],[80.3267,9.37672],[80.32459,9.37776],[80.32322,9.38047]]]}},{"type":"Feature","properties":{"c":"industrial"},"geometry":{"type":"Polygon","coordinates":[[[80.20769,9.50917],[80.20778,9.5093],[80.20786,9.50925],[80.20776,9.50912],[80.20769,9.50917]]]}},{"type":"Feature","properties":{"c":"farmland"},"geometry":{"type":"Polygon","coordinates":[[[80.29012,9.34688],[80.29036,9.34713],[80.29161,9.34711],[80.29641,9.34944],[80.30158,9.34251],[80.30053,9.34186],[80.30072,9.34133],[80.29933,9.33976],[80.29733,9.33826],[80.29654,9.33875],[80.29566,9.33866],[80.29506,9.33925],[80.29457,9.33953],[80.29416,9.3404],[80.2927,9.34429],[80.29012,9.34688]]]}},{"type":"Feature","properties":{"c":"farmland"},"geometry":{"type":"Polygon","coordinates":[[[80.38608,9.32964],[80.38716,9.33394],[80.38827,9.33347],[80.39076,9.33394],[80.39179,9.32966],[80.39025,9.32676],[80.38739,9.32553],[80.3863,9.32587],[80.38608,9.32964]]]}},{"type":"Feature","properties":{"c":"farmland"},"geometry":{"type":"Polygon","coordinates":[[[80.37378,9.34928],[80.37549,9.34908],[80.37564,9.34876],[80.37553,9.34762],[80.37528,9.34702],[80.37479,9.34652],[80.37455,9.34641],[80.37426,9.34666],[80.37412,9.34721],[80.37425,9.34737],[80.37408,9.34764],[80.37424,9.34819],[80.37412,9.34852],[80.37394,9.34856],[80.37407,9.34888],[80.37378,9.34928]]]}},{"type":"Feature","properties":{"c":"farmland"},"geometry":{"type":"Polygon","coordinates":[[[80.31754,9.3157],[80.31811,9.31648],[80.3184,9.31614],[80.31839,9.3157],[80.31808,9.31529],[80.31754,9.3157]]]}},{"type":"Feature","properties":{"c":"farmland"},"geometry":{"type":"Polygon","coordinates":[[[80.31724,9.31518],[80.31749,9.31559],[80.31802,9.31522],[80.31777,9.31487],[80.31724,9.31518]]]}},{"type":"Feature","properties":{"c":"farmland"},"geometry":{"type":"Polygon","coordinates":[[[80.31654,9.31562],[80.31711,9.3163],[80.31757,9.31586],[80.31714,9.31523],[80.31654,9.31562]]]}},{"type":"Feature","properties":{"c":"farmland"},"geometry":{"type":"Polygon","coordinates":[[[80.31581,9.3131],[80.31642,9.31405],[80.31722,9.31356],[80.31639,9.31255],[80.31581,9.3131]]]}},{"type":"Feature","properties":{"c":"farmland"},"geometry":{"type":"Polygon","coordinates":[[[80.31512,9.33841],[80.31699,9.33957],[80.31805,9.33961],[80.31847,9.3354],[80.31883,9.33341],[80.31941,9.33163],[80.3168,9.33133],[80.31647,9.33146],[80.31628,9.33222],[80.3163,9.33521],[80.3162,9.33656],[80.31512,9.33841]]]}},{"type":"Feature","properties":{"c":"farmland"},"geometry":{"type":"Polygon","coordinates":[[[80.37891,9.36652],[80.37896,9.36683],[80.37969,9.36687],[80.3797,9.36667],[80.37961,9.36661],[80.37891,9.36652]]]}},{"type":"Feature","properties":{"c":"farmland"},"geometry":{"type":"Polygon","coordinates":[[[80.37986,9.36688],[80.38028,9.36693],[80.38031,9.36682],[80.37987,9.36678],[80.37986,9.36688]]]}},{"type":"Feature","properties":{"c":"farmland"},"geometry":{"type":"Polygon","coordinates":[[[80.37904,9.36721],[80.3794,9.36725],[80.37939,9.36712],[80.37906,9.36711],[80.37904,9.36721]]]}},{"type":"Feature","properties":{"c":"forest"},"geometry":{"type":"Polygon","coordinates":[[[80.26067,9.45333],[80.26073,9.45362],[80.26105,9.45355],[80.26099,9.45326],[80.26067,9.45333]]]}},{"type":"Feature","properties":{"c":"forest"},"geometry":{"type":"Polygon","coordinates":[[[80.25944,9.45356],[80.25953,9.45384],[80.25983,9.45374],[80.25987,9.45343],[80.25944,9.45356]]]}},{"type":"Feature","properties":{"c":"forest"},"geometry":{"type":"Polygon","coordinates":[[[80.26012,9.45395],[80.26015,9.45415],[80.26035,9.45412],[80.26032,9.45392],[80.26012,9.45395]]]}},{"type":"Feature","properties":{"c":"forest"},"geometry":{"type":"Polygon","coordinates":[[[80.25983,9.4535],[80.25998,9.45382],[80.26055,9.45357],[80.2604,9.45324],[80.25983,9.4535]]]}},{"type":"Feature","properties":{"c":"forest"},"geometry":{"type":"Polygon","coordinates":[[[80.26151,9.45869],[80.26189,9.4593],[80.26279,9.45875],[80.26241,9.45814],[80.26151,9.45869]]]}},{"type":"Feature","properties":{"c":"forest"},"geometry":{"type":"Polygon","coordinates":[[[80.24912,9.47085],[80.25032,9.47093],[80.25038,9.46999],[80.24918,9.46992],[80.24912,9.47085]]]}},{"type":"Feature","properties":{"c":"forest"},"geometry":{"type":"Polygon","coordinates":[[[80.05442,9.60014],[80.05631,9.60226],[80.05647,9.60305],[80.05752,9.60327],[80.0583,9.60358],[80.05925,9.60453],[80.06025,9.60657],[80.06048,9.60793],[80.06158,9.60804],[80.06061,9.60572],[80.06072,9.60399],[80.06167,9.60185],[80.06191,9.60146],[80.06152,9.60036],[80.05995,9.5999],[80.05724,9.59813],[80.0564,9.59778],[80.05558,9.59789],[80.0547,9.59844],[80.05442,9.60014]]]}},{"type":"Feature","properties":{"c":"scrub"},"geometry":{"type":"Polygon","coordinates":[[[80.05644,9.59748],[80.06021,9.59984],[80.06178,9.60045],[80.0621,9.60146],[80.0652,9.59923],[80.06813,9.59842],[80.06819,9.59352],[80.06825,9.59264],[80.06819,9.59183],[80.05896,9.59614],[80.05741,9.59722],[80.05644,9.59748]]]}},{"type":"Feature","properties":{"c":"forest"},"geometry":{"type":"Polygon","coordinates":[[[80.0599,9.60621],[80.06001,9.60812],[80.0603,9.60984],[80.06102,9.6111],[80.0624,9.60997],[80.06343,9.60889],[80.06423,9.60832],[80.06394,9.60715],[80.06344,9.60707],[80.06255,9.6065],[80.061,9.6046],[80.06073,9.60568],[80.06158,9.60755],[80.06164,9.60813],[80.06111,9.60813],[80.06046,9.60806],[80.06018,9.60674],[80.0599,9.60621]]]}},{"type":"Feature","properties":{"c":"farmland"},"geometry":{"type":"Polygon","coordinates":[[[80.10694,9.57835],[80.1076,9.57905],[80.10795,9.57902],[80.10839,9.57874],[80.10851,9.5786],[80.10839,9.57837],[80.10857,9.57828],[80.10844,9.57798],[80.10787,9.57836],[80.1075,9.57802],[80.10694,9.57835]]]}},{"type":"Feature","properties":{"c":"forest"},"geometry":{"type":"Polygon","coordinates":[[[80.09843,9.57773],[80.09847,9.57788],[80.09886,9.57816],[80.0988,9.57778],[80.09843,9.57773]]]}},{"type":"Feature","properties":{"c":"forest"},"geometry":{"type":"Polygon","coordinates":[[[80.09863,9.57884],[80.09944,9.57895],[80.1025,9.57902],[80.10383,9.57828],[80.10435,9.57747],[80.10399,9.57666],[80.10281,9.57688],[80.10268,9.57619],[80.10224,9.57528],[80.102,9.57599],[80.10149,9.57572],[80.10102,9.5765],[80.10106,9.57714],[80.1014,9.57733],[80.10146,9.57811],[80.10131,9.57795],[80.10107,9.57821],[80.10044,9.57828],[80.09977,9.57738],[80.09948,9.57678],[80.09967,9.57789],[80.09948,9.5777],[80.09922,9.57833],[80.09906,9.57833],[80.09875,9.5785],[80.09863,9.57884]]]}},{"type":"Feature","properties":{"c":"forest"},"geometry":{"type":"Polygon","coordinates":[[[80.09942,9.57596],[80.09965,9.57631],[80.09995,9.57669],[80.10005,9.57656],[80.09967,9.57577],[80.09942,9.57596]]]}},{"type":"Feature","properties":{"c":"forest"},"geometry":{"type":"Polygon","coordinates":[[[80.09901,9.57627],[80.0992,9.57657],[80.09942,9.57663],[80.09937,9.57646],[80.09918,9.57618],[80.09901,9.57627]]]}},{"type":"Feature","properties":{"c":"forest"},"geometry":{"type":"Polygon","coordinates":[[[80.0999,9.57699],[80.1002,9.57731],[80.10038,9.57734],[80.10057,9.57705],[80.1007,9.57712],[80.10065,9.57692],[80.10083,9.57677],[80.10042,9.5762],[80.10048,9.57604],[80.10006,9.57674],[80.10001,9.57694],[80.0999,9.57699]]]}},{"type":"Feature","properties":{"c":"forest"},"geometry":{"type":"Polygon","coordinates":[[[80.10645,9.57122],[80.10679,9.5721],[80.10693,9.57229],[80.10789,9.57266],[80.1084,9.57227],[80.11038,9.57163],[80.11006,9.57088],[80.10867,9.57096],[80.10859,9.57126],[80.1086,9.57198],[80.1079,9.57105],[80.10729,9.57063],[80.10645,9.57122]]]}},{"type":"Feature","properties":{"c":"farmland"},"geometry":{"type":"Polygon","coordinates":[[[80.16509,9.54106],[80.16635,9.54372],[80.17066,9.54213],[80.17214,9.54132],[80.1725,9.54124],[80.17263,9.5413],[80.17585,9.54022],[80.18089,9.53871],[80.1844,9.53826],[80.18796,9.53659],[80.18841,9.53602],[80.18816,9.53575],[80.18258,9.53589],[80.17099,9.53586],[80.17029,9.53992],[80.16719,9.53919],[80.16509,9.54106]]]}},{"type":"Feature","properties":{"c":"grass"},"geometry":{"type":"Polygon","coordinates":[[[80.15635,9.54515],[80.15637,9.5479],[80.15657,9.54792],[80.15754,9.54722],[80.15809,9.54729],[80.16167,9.5455],[80.16175,9.54493],[80.16257,9.54462],[80.16397,9.54351],[80.16449,9.54394],[80.16561,9.54392],[80.16608,9.54373],[80.16438,9.54023],[80.16395,9.54012],[80.16328,9.54036],[80.16291,9.54125],[80.16218,9.54185],[80.16173,9.54176],[80.16098,9.54222],[80.16014,9.54307],[80.15952,9.54302],[80.15865,9.54326],[80.1585,9.54392],[80.15781,9.54425],[80.15734,9.54425],[80.15756,9.5453],[80.15745,9.54585],[80.15726,9.54589],[80.15635,9.54515]]]}},{"type":"Feature","properties":{"c":"scrub"},"geometry":{"type":"Polygon","coordinates":[[[80.16104,9.54905],[80.1672,9.54432],[80.17105,9.54275],[80.17141,9.54317],[80.17372,9.54199],[80.17248,9.54219],[80.17162,9.54278],[80.17195,9.54222],[80.16855,9.54318],[80.16466,9.54507],[80.16245,9.54632],[80.16125,9.54847],[80.16104,9.54905]]]}},{"type":"Feature","properties":{"c":"scrub"},"geometry":{"type":"Polygon","coordinates":[[[80.18922,9.53994],[80.18949,9.5407],[80.19039,9.54068],[80.19136,9.53999],[80.19094,9.53951],[80.18982,9.53911],[80.18922,9.53994]]]}},{"type":"Feature","properties":{"c":"farmland"},"geometry":{"type":"Polygon","coordinates":[[[80.1926,9.53593],[80.19386,9.53625],[80.19582,9.53682],[80.197,9.53695],[80.19749,9.53661],[80.19678,9.53583],[80.1926,9.53593]]]}},{"type":"Feature","properties":{"c":"forest"},"geometry":{"type":"Polygon","coordinates":[[[80.2593,9.45441],[80.2595,9.45468],[80.25974,9.45451],[80.25954,9.45424],[80.2593,9.45441]]]}},{"type":"Feature","properties":{"c":"recreation_ground"},"geometry":{"type":"Polygon","coordinates":[[[80.42065,9.36201],[80.42071,9.36215],[80.42081,9.3622],[80.42097,9.36212],[80.42101,9.36201],[80.42096,9.3619],[80.42085,9.36185],[80.42073,9.36187],[80.42065,9.36201]]]}},{"type":"Feature","properties":{"c":"farmland"},"geometry":{"type":"Polygon","coordinates":[[[80.28372,9.63443],[80.28467,9.6351],[80.28505,9.63506],[80.28536,9.63482],[80.28573,9.63494],[80.28619,9.63452],[80.28681,9.63425],[80.28797,9.6342],[80.28817,9.63403],[80.28893,9.63399],[80.28903,9.63447],[80.29006,9.63415],[80.29026,9.63399],[80.29009,9.63371],[80.28982,9.63391],[80.28782,9.63262],[80.28765,9.63238],[80.28635,9.63278],[80.28478,9.63358],[80.28372,9.63443]]]}}]}