{"type":"FeatureCollection","features":[{"type":"Feature","properties":{"c":"scrub"},"geometry":{"type":"Polygon","coordinates":[[[80.13484,7.41995],[80.13486,7.42011],[80.13509,7.42021],[80.13527,7.42042],[80.13545,7.42043],[80.1359,7.42013],[80.13629,7.42014],[80.1371,7.42038],[80.13721,7.42029],[80.1372,7.42018],[80.13703,7.42011],[80.13663,7.41974],[80.13598,7.41972],[80.13574,7.41965],[80.13484,7.41995]]]}},{"type":"Feature","properties":{"c":"cemetery","n":"Galgammulla Cemetry"},"geometry":{"type":"Polygon","coordinates":[[[80.12761,7.42171],[80.12782,7.42203],[80.12829,7.42177],[80.12811,7.4214],[80.12761,7.42171]]]}},{"type":"Feature","properties":{"c":"forest"},"geometry":{"type":"Polygon","coordinates":[[[80.1859,7.40251],[80.18594,7.40275],[80.18605,7.40291],[80.18689,7.40308],[80.18797,7.40314],[80.18829,7.4033],[80.18844,7.40347],[80.18862,7.40403],[80.1887,7.40436],[80.18872,7.40464],[80.18867,7.40524],[80.18855,7.40538],[80.18786,7.40571],[80.18772,7.40588],[80.1877,7.40606],[80.18787,7.40671],[80.18792,7.40737],[80.188,7.40768],[80.18844,7.40835],[80.18855,7.40883],[80.18845,7.40983],[80.18801,7.4106],[80.18793,7.41089],[80.18797,7.41116],[80.18805,7.41138],[80.18888,7.41245],[80.18894,7.41278],[80.1889,7.41304],[80.1888,7.41335],[80.1886,7.41368],[80.18808,7.41436],[80.18788,7.41472],[80.18772,7.41551],[80.18772,7.41631],[80.18766,7.41675],[80.18755,7.41692],[80.18729,7.41703],[80.18651,7.41706],[80.1864,7.41719],[80.18632,7.41741],[80.1863,7.41788],[80.18633,7.41857],[80.1864,7.41881],[80.1866,7.41905],[80.18674,7.41936],[80.18683,7.41986],[80.18698,7.42011],[80.18711,7.42023],[80.18727,7.42032],[80.18754,7.42035],[80.18774,7.42031],[80.1881,7.42015],[80.18839,7.41994],[80.18879,7.41987],[80.18894,7.41995],[80.18933,7.4205],[80.18949,7.42065],[80.1899,7.42075],[80.1903,7.42064],[80.19053,7.42066],[80.19069,7.42074],[80.19085,7.42089],[80.19137,7.4216],[80.19175,7.4218],[80.19191,7.42179],[80.19201,7.4217],[80.19207,7.42147],[80.19205,7.42103],[80.19212,7.42076],[80.19224,7.42046],[80.19257,7.41992],[80.1926,7.41944],[80.19255,7.41917],[80.19243,7.41888],[80.19044,7.4171],[80.1905,7.41673],[80.19184,7.41609],[80.19139,7.41504],[80.19123,7.41479],[80.19101,7.41459],[80.19078,7.41402],[80.19076,7.41335],[80.19085,7.41307],[80.19135,7.41259],[80.19168,7.41209],[80.19179,7.41182],[80.19181,7.41116],[80.19162,7.40973],[80.19163,7.4094],[80.192,7.40865],[80.192,7.40846],[80.1917,7.40789],[80.19156,7.40738],[80.19155,7.40635],[80.19142,7.40578],[80.19133,7.40556],[80.19122,7.40543],[80.19075,7.40519],[80.1905,7.40493],[80.18985,7.40391],[80.1898,7.40362],[80.18987,7.40355],[80.18999,7.40358],[80.1913,7.40487],[80.19148,7.40489],[80.19163,7.40479],[80.19183,7.40452],[80.19198,7.40428],[80.19213,7.40389],[80.1922,7.40327],[80.19219,7.40237],[80.19209,7.40225],[80.1916,7.40217],[80.19139,7.40206],[80.19126,7.40185],[80.19115,7.40144],[80.19088,7.40113],[80.19072,7.4011],[80.19056,7.4011],[80.19038,7.40123],[80.19021,7.40162],[80.18968,7.40224],[80.18936,7.40232],[80.18908,7.4022],[80.18886,7.40203],[80.18842,7.40119],[80.18832,7.40108],[80.18817,7.40102],[80.18803,7.40102],[80.1875,7.40121],[80.18663,7.40174],[80.18599,7.40226],[80.1859,7.40251]]]}},{"type":"Feature","properties":{"c":"farmland"},"geometry":{"type":"Polygon","coordinates":[[[80.16537,7.39198],[80.16514,7.3927],[80.1658,7.39295],[80.16645,7.39304],[80.1665,7.39271],[80.16654,7.39268],[80.17044,7.39255],[80.17102,7.39152],[80.17111,7.3915],[80.17131,7.3916],[80.17134,7.39182],[80.17164,7.39211],[80.17165,7.39216],[80.17148,7.39251],[80.17324,7.39246],[80.17353,7.39147],[80.1739,7.39113],[80.17396,7.38974],[80.17358,7.3886],[80.17361,7.38755],[80.17391,7.3867],[80.17378,7.38635],[80.17395,7.38603],[80.17406,7.38593],[80.17433,7.38582],[80.1748,7.3858],[80.17528,7.38587],[80.1754,7.38617],[80.17594,7.38641],[80.17596,7.38647],[80.17647,7.38674],[80.17649,7.3868],[80.17638,7.38701],[80.17649,7.38713],[80.17668,7.38697],[80.1768,7.38708],[80.17682,7.38713],[80.1767,7.38736],[80.1769,7.38758],[80.17712,7.38821],[80.17762,7.3886],[80.17784,7.38929],[80.17792,7.38935],[80.17813,7.38934],[80.1782,7.39024],[80.17796,7.39035],[80.17783,7.39156],[80.178,7.39245],[80.178,7.39349],[80.1781,7.39391],[80.17802,7.39423],[80.17807,7.39429],[80.17847,7.39445],[80.17892,7.39447],[80.17898,7.39441],[80.17884,7.39368],[80.179,7.39308],[80.17909,7.39308],[80.17926,7.39343],[80.17931,7.39346],[80.18005,7.39362],[80.18063,7.39296],[80.18112,7.3928],[80.18117,7.39247],[80.18071,7.39173],[80.18084,7.39128],[80.18079,7.39036],[80.18078,7.39032],[80.18046,7.39027],[80.18032,7.39003],[80.18034,7.38996],[80.18065,7.38986],[80.18066,7.3898],[80.18033,7.38864],[80.18076,7.38822],[80.18153,7.38802],[80.18166,7.38768],[80.18163,7.38762],[80.18136,7.38745],[80.1812,7.38758],[80.18096,7.3875],[80.18087,7.38712],[80.18079,7.38709],[80.18021,7.38721],[80.17985,7.38756],[80.17888,7.38735],[80.17823,7.38639],[80.17777,7.3863],[80.17762,7.38589],[80.17764,7.38581],[80.17808,7.38533],[80.17799,7.3849],[80.17792,7.38488],[80.17743,7.38533],[80.17691,7.38535],[80.17636,7.38506],[80.17575,7.38493],[80.17514,7.38442],[80.1736,7.38436],[80.17354,7.38432],[80.17349,7.38379],[80.17061,7.38296],[80.17056,7.38299],[80.17056,7.38408],[80.16969,7.38442],[80.16962,7.38438],[80.16962,7.38387],[80.1688,7.38401],[80.16853,7.38505],[80.16867,7.38565],[80.16872,7.38566],[80.16975,7.38543],[80.16978,7.38546],[80.16981,7.38663],[80.16777,7.3879],[80.16767,7.38817],[80.16698,7.3883],[80.16679,7.38819],[80.16643,7.38823],[80.16639,7.38828],[80.16651,7.38894],[80.16709,7.38901],[80.16889,7.38847],[80.16897,7.38825],[80.1693,7.38818],[80.16935,7.38819],[80.16948,7.38896],[80.16952,7.38899],[80.16992,7.3889],[80.16996,7.38884],[80.16986,7.3882],[80.17014,7.38746],[80.17019,7.38742],[80.17055,7.3874],[80.17091,7.38781],[80.17091,7.38788],[80.17079,7.38815],[80.17083,7.38846],[80.17044,7.38919],[80.17012,7.38946],[80.16999,7.38973],[80.16967,7.38982],[80.1695,7.39026],[80.16877,7.39065],[80.1682,7.39132],[80.16762,7.39139],[80.16726,7.39173],[80.16642,7.39156],[80.16618,7.39099],[80.16613,7.39095],[80.16568,7.39092],[80.16547,7.39145],[80.16537,7.39198]]]}},{"type":"Feature","properties":{"c":"farmland","n":"Cropland"},"geometry":{"type":"Polygon","coordinates":[[[80.14527,7.48101],[80.14527,7.48175],[80.14543,7.48204],[80.1457,7.48229],[80.14644,7.48229],[80.14638,7.48192],[80.14603,7.48143],[80.14545,7.48098],[80.14527,7.48101]]]}},{"type":"Feature","properties":{"c":"farmland","n":"Cropland"},"geometry":{"type":"Polygon","coordinates":[[[80.14526,7.47962],[80.14526,7.48054],[80.14591,7.4801],[80.14589,7.47959],[80.14526,7.47962]]]}},{"type":"Feature","properties":{"c":"farmland"},"geometry":{"type":"Polygon","coordinates":[[[80.16284,7.49865],[80.16382,7.49861],[80.16391,7.49816],[80.1641,7.49771],[80.16422,7.4977],[80.16448,7.49724],[80.16453,7.49621],[80.16475,7.49591],[80.16477,7.49536],[80.16501,7.49504],[80.16489,7.4947],[80.1651,7.49321],[80.16391,7.49321],[80.16359,7.49399],[80.16355,7.49462],[80.16367,7.49504],[80.16358,7.49543],[80.16358,7.49572],[80.16372,7.49588],[80.16365,7.49631],[80.16346,7.49653],[80.16337,7.49681],[80.16315,7.49686],[80.16288,7.49743],[80.16284,7.49769],[80.16301,7.49776],[80.16291,7.49812],[80.16284,7.49865]]]}},{"type":"Feature","properties":{"c":"farmland"},"geometry":{"type":"Polygon","coordinates":[[[80.18185,7.47047],[80.18187,7.47131],[80.18229,7.47135],[80.18227,7.47063],[80.18185,7.47047]]]}},{"type":"Feature","properties":{"c":"farmland"},"geometry":{"type":"Polygon","coordinates":[[[80.18238,7.4697],[80.18244,7.47002],[80.18272,7.47002],[80.18273,7.46944],[80.18254,7.46944],[80.18238,7.4697]]]}},{"type":"Feature","properties":{"c":"farmland"},"geometry":{"type":"Polygon","coordinates":[[[80.17942,7.47031],[80.17997,7.47018],[80.18004,7.47005],[80.18004,7.46967],[80.17968,7.46967],[80.17944,7.46982],[80.17942,7.47031]]]}},{"type":"Feature","properties":{"c":"farmland"},"geometry":{"type":"Polygon","coordinates":[[[80.1808,7.46935],[80.181,7.47029],[80.18115,7.47038],[80.18226,7.47012],[80.18233,7.46988],[80.18223,7.46958],[80.18109,7.46921],[80.1808,7.46935]]]}},{"type":"Feature","properties":{"c":"farmland"},"geometry":{"type":"Polygon","coordinates":[[[80.18018,7.47028],[80.18042,7.47109],[80.18073,7.47099],[80.18078,7.47035],[80.1804,7.47018],[80.18018,7.47028]]]}},{"type":"Feature","properties":{"c":"farmland"},"geometry":{"type":"Polygon","coordinates":[[[80.1797,7.4682],[80.17977,7.4687],[80.18008,7.4687],[80.18011,7.46812],[80.1797,7.4682]]]}},{"type":"Feature","properties":{"c":"farmland"},"geometry":{"type":"Polygon","coordinates":[[[80.18241,7.46983],[80.18227,7.4707],[80.18337,7.47108],[80.18367,7.47005],[80.18241,7.46983]]]}},{"type":"Feature","properties":{"c":"farmland"},"geometry":{"type":"Polygon","coordinates":[[[80.17835,7.46822],[80.17912,7.46851],[80.17917,7.46835],[80.17946,7.46839],[80.17955,7.46747],[80.17918,7.46682],[80.17918,7.46602],[80.17841,7.46599],[80.17835,7.46822]]]}},{"type":"Feature","properties":{"c":"residential"},"geometry":{"type":"Polygon","coordinates":[[[80.14777,7.45355],[80.14781,7.45369],[80.14791,7.45365],[80.14787,7.45352],[80.14777,7.45355]]]}},{"type":"Feature","properties":{"c":"farmland"},"geometry":{"type":"Polygon","coordinates":[[[80.14527,7.45237],[80.14528,7.45464],[80.1456,7.4545],[80.14568,7.4545],[80.146,7.45438],[80.14592,7.45419],[80.14593,7.45395],[80.14602,7.4538],[80.14584,7.45333],[80.14586,7.453],[80.14582,7.45292],[80.14597,7.45271],[80.14596,7.45239],[80.14527,7.45237]]]}},{"type":"Feature","properties":{"c":"farmland"},"geometry":{"type":"Polygon","coordinates":[[[80.14525,7.45506],[80.14555,7.45506],[80.14564,7.45496],[80.14572,7.45464],[80.14527,7.45477],[80.14525,7.45506]]]}},{"type":"Feature","properties":{"c":"farmland"},"geometry":{"type":"Polygon","coordinates":[[[80.1792,7.44947],[80.17998,7.44947],[80.18013,7.44926],[80.18035,7.44918],[80.18078,7.44917],[80.1807,7.44858],[80.18041,7.44853],[80.18032,7.44845],[80.17997,7.44856],[80.17978,7.44802],[80.17926,7.44812],[80.1792,7.44947]]]}},{"type":"Feature","properties":{"c":"farmland"},"geometry":{"type":"Polygon","coordinates":[[[80.17825,7.4493],[80.17856,7.44909],[80.17882,7.44917],[80.17902,7.44902],[80.17905,7.44811],[80.17826,7.44793],[80.17825,7.4493]]]}},{"type":"Feature","properties":{"c":"farmland"},"geometry":{"type":"Polygon","coordinates":[[[80.17915,7.44712],[80.17918,7.44788],[80.17926,7.44794],[80.17992,7.44786],[80.18039,7.44765],[80.18046,7.44723],[80.18078,7.44708],[80.17941,7.44694],[80.17915,7.44712]]]}},{"type":"Feature","properties":{"c":"farmland"},"geometry":{"type":"Polygon","coordinates":[[[80.18056,7.50381],[80.18068,7.50397],[80.18089,7.50395],[80.18089,7.5036],[80.18056,7.50381]]]}},{"type":"Feature","properties":{"c":"farmland"},"geometry":{"type":"Polygon","coordinates":[[[80.18093,7.49891],[80.18212,7.49957],[80.18261,7.49961],[80.18312,7.49918],[80.18314,7.49872],[80.18111,7.49866],[80.18093,7.49891]]]}},{"type":"Feature","properties":{"c":"farmland"},"geometry":{"type":"Polygon","coordinates":[[[80.17823,7.49977],[80.17924,7.49973],[80.17924,7.49871],[80.17827,7.49872],[80.17823,7.49977]]]}},{"type":"Feature","properties":{"c":"farmland"},"geometry":{"type":"Polygon","coordinates":[[[80.15296,7.44457],[80.15333,7.44453],[80.15354,7.44476],[80.15396,7.44599],[80.15419,7.44625],[80.15443,7.44628],[80.15493,7.44595],[80.15509,7.44591],[80.15515,7.44584],[80.15521,7.44554],[80.15589,7.4455],[80.15633,7.44533],[80.15672,7.44536],[80.15734,7.44565],[80.15734,7.44583],[80.15754,7.44592],[80.15767,7.4462],[80.15787,7.44622],[80.15775,7.44677],[80.15738,7.44743],[80.15724,7.44782],[80.15702,7.44801],[80.15629,7.44792],[80.15583,7.44772],[80.15553,7.4477],[80.15525,7.44782],[80.15536,7.44808],[80.15571,7.4482],[80.15627,7.44869],[80.15654,7.44885],[80.15702,7.44933],[80.15709,7.44965],[80.15703,7.45013],[80.15692,7.45022],[80.15687,7.45069],[80.15659,7.4508],[80.15653,7.45099],[80.15631,7.45111],[80.15627,7.45233],[80.15639,7.45233],[80.1566,7.45212],[80.1567,7.45216],[80.15691,7.45202],[80.15722,7.45215],[80.15807,7.45198],[80.15886,7.45261],[80.1591,7.45261],[80.15945,7.45256],[80.15977,7.45233],[80.16002,7.45233],[80.16008,7.45212],[80.16037,7.45198],[80.16075,7.45171],[80.16142,7.45147],[80.16151,7.45174],[80.16164,7.45186],[80.16182,7.45184],[80.16212,7.45173],[80.1625,7.4517],[80.16297,7.4517],[80.16336,7.45176],[80.16357,7.45172],[80.16359,7.45159],[80.16438,7.45162],[80.16496,7.45155],[80.16506,7.45166],[80.16532,7.45172],[80.1656,7.45171],[80.16581,7.45165],[80.16669,7.45082],[80.16779,7.45001],[80.16815,7.44981],[80.16872,7.44973],[80.1692,7.44974],[80.16924,7.44982],[80.16939,7.44989],[80.16953,7.4499],[80.1696,7.44981],[80.17048,7.44992],[80.17074,7.44988],[80.1707,7.44946],[80.17041,7.44945],[80.16989,7.44927],[80.16976,7.44933],[80.16919,7.44918],[80.1689,7.44892],[80.16869,7.4489],[80.16847,7.44894],[80.16837,7.44875],[80.1684,7.44863],[80.16833,7.44841],[80.16808,7.44835],[80.16787,7.44835],[80.16755,7.44863],[80.16759,7.44899],[80.16723,7.44926],[80.16683,7.44976],[80.16639,7.45002],[80.16588,7.45041],[80.16552,7.45077],[80.16536,7.45085],[80.16502,7.45083],[80.16453,7.45066],[80.16416,7.45077],[80.16373,7.45065],[80.1635,7.45067],[80.16336,7.45075],[80.163,7.45064],[80.16238,7.45017],[80.16253,7.44989],[80.16249,7.4498],[80.16246,7.44942],[80.16265,7.44927],[80.16282,7.44925],[80.16284,7.44897],[80.16228,7.44878],[80.16207,7.44935],[80.16225,7.44955],[80.16224,7.44965],[80.16206,7.4497],[80.16177,7.44967],[80.16158,7.44997],[80.16164,7.4501],[80.162,7.45009],[80.1619,7.45021],[80.16163,7.45036],[80.16095,7.45052],[80.1609,7.45064],[80.16057,7.45089],[80.15979,7.45094],[80.15946,7.45108],[80.15859,7.451],[80.15833,7.45093],[80.15809,7.45073],[80.15809,7.45039],[80.15838,7.45007],[80.15871,7.44911],[80.15875,7.44883],[80.15872,7.4486],[80.15855,7.4482],[80.15845,7.44748],[80.15848,7.44714],[80.15871,7.44651],[80.15872,7.44632],[80.1587,7.44615],[80.1585,7.44602],[80.15851,7.4457],[80.15861,7.44556],[80.15885,7.44544],[80.15899,7.44493],[80.15954,7.44413],[80.15957,7.44377],[80.15987,7.44351],[80.16021,7.44332],[80.16033,7.4433],[80.1607,7.44357],[80.16072,7.44369],[80.16056,7.44378],[80.16035,7.44402],[80.16026,7.44423],[80.16028,7.44445],[80.16161,7.44406],[80.16184,7.4441],[80.16201,7.44479],[80.16272,7.4445],[80.16285,7.4445],[80.16289,7.44538],[80.16312,7.44557],[80.16333,7.44559],[80.16344,7.4458],[80.16365,7.4459],[80.16378,7.44574],[80.16379,7.44551],[80.16372,7.44543],[80.16358,7.44544],[80.16353,7.44523],[80.16369,7.44496],[80.16366,7.44466],[80.16396,7.44378],[80.16427,7.44379],[80.16436,7.44362],[80.1646,7.4436],[80.16469,7.4437],[80.16471,7.44381],[80.16511,7.444],[80.16549,7.44396],[80.16576,7.44385],[80.1665,7.44386],[80.16688,7.44377],[80.16702,7.44387],[80.16767,7.44376],[80.16848,7.44339],[80.16949,7.44328],[80.16985,7.44341],[80.17051,7.44343],[80.17183,7.44403],[80.17218,7.44403],[80.17246,7.44417],[80.17271,7.44419],[80.17289,7.44437],[80.17321,7.44451],[80.17342,7.44446],[80.17355,7.44402],[80.17342,7.44386],[80.17302,7.44364],[80.17289,7.4434],[80.17287,7.44326],[80.17315,7.44295],[80.17315,7.44254],[80.17301,7.44239],[80.17221,7.44217],[80.17191,7.44165],[80.17127,7.4415],[80.17098,7.44128],[80.17055,7.44104],[80.17022,7.44099],[80.17002,7.44112],[80.16998,7.44135],[80.16988,7.44141],[80.16972,7.44143],[80.16947,7.44178],[80.16913,7.44199],[80.169,7.44218],[80.16881,7.44233],[80.16868,7.44236],[80.16861,7.44249],[80.16861,7.44265],[80.16706,7.44288],[80.16673,7.44287],[80.1663,7.44242],[80.16621,7.44206],[80.16621,7.44046],[80.16616,7.44008],[80.16608,7.4399],[80.1658,7.43983],[80.16572,7.43996],[80.16568,7.44033],[80.16574,7.44078],[80.16573,7.44172],[80.16565,7.44203],[80.1655,7.44232],[80.16517,7.44234],[80.16492,7.44241],[80.16382,7.44249],[80.16345,7.44244],[80.16316,7.4425],[80.16268,7.44281],[80.16216,7.44292],[80.1617,7.44316],[80.16154,7.44317],[80.16138,7.44308],[80.16126,7.44294],[80.16106,7.44296],[80.16087,7.44287],[80.1607,7.44286],[80.1606,7.44279],[80.16071,7.44228],[80.16057,7.44203],[80.16056,7.44182],[80.16056,7.44082],[80.16068,7.44059],[80.16099,7.44065],[80.16129,7.44098],[80.16159,7.44098],[80.16231,7.44112],[80.16266,7.44132],[80.16285,7.44123],[80.16308,7.44101],[80.16325,7.44093],[80.16345,7.44106],[80.16359,7.44124],[80.16384,7.44134],[80.164,7.4413],[80.16409,7.44116],[80.16393,7.4409],[80.16389,7.4407],[80.16399,7.44057],[80.16417,7.44046],[80.16417,7.4403],[80.1638,7.43997],[80.16372,7.43965],[80.16385,7.43964],[80.16384,7.43948],[80.16378,7.43909],[80.16368,7.43892],[80.16367,7.43871],[80.16362,7.43861],[80.16298,7.4387],[80.16295,7.43851],[80.16292,7.43828],[80.16298,7.43818],[80.16347,7.4381],[80.1636,7.43799],[80.1636,7.43782],[80.16293,7.43765],[80.16217,7.43762],[80.162,7.4374],[80.16188,7.43713],[80.16186,7.43693],[80.16165,7.43681],[80.16093,7.43673],[80.1608,7.43718],[80.16133,7.43754],[80.1614,7.43785],[80.16116,7.43888],[80.16144,7.43895],[80.1612,7.43996],[80.16056,7.44012],[80.16028,7.4407],[80.1601,7.4408],[80.15987,7.44073],[80.15943,7.44038],[80.15899,7.43991],[80.15866,7.4393],[80.15882,7.43825],[80.15867,7.43701],[80.15847,7.43709],[80.15757,7.43548],[80.15713,7.43524],[80.1573,7.43501],[80.1569,7.43479],[80.15661,7.43535],[80.15668,7.43577],[80.15724,7.43602],[80.15794,7.43728],[80.15821,7.43874],[80.15798,7.43886],[80.15769,7.43863],[80.15746,7.43834],[80.15714,7.43753],[80.15672,7.43777],[80.15686,7.43837],[80.15623,7.43873],[80.15656,7.43934],[80.15696,7.43934],[80.15737,7.43957],[80.15836,7.44042],[80.15879,7.44059],[80.15912,7.44109],[80.15967,7.44144],[80.15988,7.44171],[80.15985,7.44194],[80.15997,7.44206],[80.15996,7.44233],[80.15966,7.44279],[80.1594,7.44267],[80.15921,7.44302],[80.15889,7.4434],[80.15869,7.44328],[80.15842,7.44323],[80.15823,7.44339],[80.15752,7.4434],[80.15742,7.4432],[80.15716,7.44307],[80.15668,7.44298],[80.15639,7.44298],[80.15585,7.44284],[80.15579,7.44296],[80.1558,7.44321],[80.15629,7.44353],[80.15641,7.44368],[80.15635,7.44397],[80.15605,7.44423],[80.15572,7.44419],[80.1554,7.44398],[80.15508,7.44399],[80.15495,7.44413],[80.15467,7.44395],[80.15397,7.44384],[80.15322,7.44366],[80.15296,7.44457]]]}},{"type":"Feature","properties":{"c":"forest"},"geometry":{"type":"Polygon","coordinates":[[[80.17625,7.48097],[80.17631,7.48141],[80.17639,7.48148],[80.17649,7.48144],[80.17672,7.48106],[80.17699,7.48084],[80.17711,7.48054],[80.17701,7.48033],[80.17659,7.48014],[80.17641,7.48011],[80.17637,7.48054],[80.17625,7.48097]]]}},{"type":"Feature","properties":{"c":"farmland"},"geometry":{"type":"Polygon","coordinates":[[[80.17462,7.48043],[80.17462,7.48065],[80.17494,7.48077],[80.17506,7.48099],[80.1751,7.4812],[80.17544,7.48149],[80.17555,7.48181],[80.17556,7.48215],[80.17565,7.48237],[80.17577,7.48239],[80.17598,7.48231],[80.17742,7.48139],[80.17765,7.48116],[80.17784,7.48065],[80.17804,7.48057],[80.17807,7.48046],[80.1778,7.48008],[80.17749,7.47995],[80.17728,7.47967],[80.17639,7.47951],[80.17603,7.47951],[80.17591,7.47957],[80.17571,7.47983],[80.1747,7.48035],[80.17462,7.48043]],[[80.17625,7.48097],[80.17637,7.48054],[80.17641,7.48011],[80.17659,7.48014],[80.17701,7.48033],[80.17711,7.48054],[80.17699,7.48084],[80.17672,7.48106],[80.17649,7.48144],[80.17639,7.48148],[80.17631,7.48141],[80.17625,7.48097]]]}},{"type":"Feature","properties":{"c":"farmland"},"geometry":{"type":"Polygon","coordinates":[[[80.17774,7.47823],[80.17784,7.47837],[80.17817,7.47847],[80.17846,7.47863],[80.17874,7.47861],[80.17886,7.47881],[80.1788,7.47932],[80.1787,7.4794],[80.1788,7.47959],[80.17872,7.48022],[80.17841,7.4806],[80.17796,7.48071],[80.1778,7.48087],[80.1778,7.48092],[80.17812,7.48101],[80.17823,7.48111],[80.17831,7.48126],[80.17851,7.48134],[80.17864,7.48145],[80.17866,7.48185],[80.17861,7.48231],[80.17866,7.48247],[80.17869,7.48284],[80.17874,7.48294],[80.1789,7.4831],[80.17894,7.48326],[80.17884,7.48352],[80.17851,7.48358],[80.17841,7.48366],[80.17835,7.48388],[80.17848,7.48405],[80.17945,7.48419],[80.17963,7.48417],[80.17973,7.48407],[80.18003,7.48392],[80.18007,7.48382],[80.17999,7.48374],[80.17976,7.48369],[80.1796,7.48352],[80.17959,7.48336],[80.17972,7.48328],[80.17972,7.483],[80.1798,7.48282],[80.17971,7.48256],[80.17963,7.48248],[80.17942,7.48243],[80.17941,7.48231],[80.17943,7.48226],[80.17954,7.48225],[80.17958,7.48215],[80.17954,7.48175],[80.17958,7.48164],[80.17957,7.48158],[80.17947,7.48151],[80.17954,7.4813],[80.17947,7.48114],[80.17951,7.48097],[80.17943,7.48081],[80.17944,7.48059],[80.17963,7.48018],[80.17979,7.47997],[80.17981,7.47975],[80.17967,7.47931],[80.17942,7.47908],[80.17932,7.47877],[80.17889,7.47858],[80.17875,7.47847],[80.17872,7.4782],[80.17865,7.47805],[80.1782,7.47812],[80.17791,7.4781],[80.17781,7.47814],[80.17774,7.47823]]]}},{"type":"Feature","properties":{"c":"farmland"},"geometry":{"type":"Polygon","coordinates":[[[80.18047,7.47797],[80.18064,7.47856],[80.18072,7.47864],[80.18075,7.47849],[80.18085,7.47835],[80.18112,7.47826],[80.18182,7.47783],[80.18228,7.47771],[80.18235,7.47749],[80.18226,7.47723],[80.18227,7.47711],[80.18251,7.47696],[80.18248,7.47684],[80.1817,7.47675],[80.1816,7.47679],[80.18125,7.47699],[80.1812,7.47721],[80.18106,7.47729],[80.1811,7.4775],[80.1812,7.4777],[80.18075,7.47777],[80.18047,7.47797]]]}},{"type":"Feature","properties":{"c":"farmland"},"geometry":{"type":"Polygon","coordinates":[[[80.17492,7.4965],[80.17522,7.49677],[80.17539,7.49706],[80.17555,7.49709],[80.17563,7.49736],[80.17576,7.49745],[80.17618,7.4974],[80.17626,7.49754],[80.1763,7.49737],[80.17638,7.49735],[80.17634,7.4973],[80.17663,7.49728],[80.1767,7.49766],[80.17665,7.49832],[80.17674,7.49865],[80.17673,7.49902],[80.17683,7.49924],[80.1769,7.4996],[80.17695,7.49963],[80.17699,7.49986],[80.17748,7.49984],[80.17743,7.49948],[80.17727,7.49906],[80.17723,7.49868],[80.17725,7.49863],[80.17759,7.49854],[80.17768,7.49838],[80.17777,7.498],[80.17777,7.49744],[80.17783,7.49723],[80.17804,7.49696],[80.17808,7.49649],[80.17806,7.49639],[80.17791,7.4962],[80.17792,7.49577],[80.17758,7.49578],[80.17749,7.49542],[80.17725,7.49528],[80.17712,7.49457],[80.17722,7.49457],[80.17732,7.49519],[80.17756,7.49544],[80.17761,7.49567],[80.178,7.49565],[80.1781,7.49561],[80.17812,7.49551],[80.17804,7.49537],[80.17786,7.49522],[80.17778,7.49501],[80.1778,7.49495],[80.17807,7.4946],[80.17854,7.49445],[80.17881,7.49427],[80.17881,7.49404],[80.17864,7.49374],[80.17848,7.49365],[80.17835,7.49335],[80.17833,7.49313],[80.17843,7.49267],[80.17837,7.49249],[80.17818,7.49237],[80.17816,7.49221],[80.17825,7.49208],[80.17846,7.492],[80.17882,7.49175],[80.17884,7.49165],[80.17865,7.49153],[80.17859,7.4912],[80.17846,7.49102],[80.17824,7.49094],[80.17805,7.49079],[80.17804,7.49047],[80.17811,7.49027],[80.1781,7.48982],[80.17827,7.48943],[80.17838,7.48929],[80.1789,7.48911],[80.1792,7.48888],[80.17958,7.48886],[80.17972,7.48855],[80.17972,7.48823],[80.17987,7.48794],[80.17985,7.48777],[80.17958,7.48758],[80.17947,7.48739],[80.17945,7.48706],[80.1793,7.48673],[80.17919,7.48657],[80.17888,7.4863],[80.17878,7.48633],[80.17836,7.48669],[80.17833,7.48692],[80.17837,7.48719],[80.17817,7.48729],[80.17807,7.48749],[80.17819,7.48789],[80.17809,7.48809],[80.17794,7.48815],[80.17772,7.48812],[80.17756,7.48816],[80.17721,7.48852],[80.17695,7.48843],[80.17678,7.48827],[80.17539,7.48862],[80.17536,7.48884],[80.17526,7.48906],[80.17534,7.48914],[80.17588,7.48925],[80.17601,7.48993],[80.1759,7.4904],[80.1756,7.49052],[80.17533,7.49056],[80.17514,7.49078],[80.17515,7.49109],[80.17552,7.49238],[80.17566,7.49331],[80.17546,7.49339],[80.17499,7.49339],[80.17502,7.4948],[80.17529,7.49491],[80.17582,7.49489],[80.17587,7.49492],[80.17584,7.49526],[80.17592,7.49534],[80.17615,7.49541],[80.17616,7.49546],[80.17585,7.49557],[80.17556,7.49581],[80.17577,7.49588],[80.17576,7.49594],[80.17555,7.49613],[80.17545,7.49634],[80.17537,7.49642],[80.17521,7.49642],[80.1751,7.49621],[80.17501,7.49617],[80.17496,7.49619],[80.17492,7.4965]]]}},{"type":"Feature","properties":{"c":"farmland"},"geometry":{"type":"Polygon","coordinates":[[[80.17733,7.49881],[80.17735,7.49897],[80.17762,7.49985],[80.17916,7.49982],[80.1793,7.49978],[80.17924,7.49869],[80.17944,7.49817],[80.17963,7.49804],[80.17964,7.4977],[80.17975,7.49757],[80.18011,7.49764],[80.18011,7.49795],[80.18033,7.4986],[80.18054,7.49881],[80.18206,7.4994],[80.18228,7.49937],[80.18248,7.49908],[80.18242,7.49857],[80.18225,7.49844],[80.18215,7.49842],[80.18209,7.49851],[80.18172,7.49844],[80.18146,7.49828],[80.1813,7.49824],[80.18108,7.49807],[80.18078,7.49765],[80.18059,7.49753],[80.18017,7.49742],[80.17973,7.49738],[80.1797,7.49728],[80.17978,7.49682],[80.17977,7.49653],[80.17938,7.49516],[80.17949,7.49467],[80.17974,7.49427],[80.17986,7.49378],[80.17998,7.49365],[80.18014,7.49359],[80.18036,7.49333],[80.18049,7.49288],[80.18035,7.4928],[80.18033,7.49262],[80.18021,7.49267],[80.17997,7.49267],[80.1797,7.49236],[80.17917,7.49225],[80.17905,7.49214],[80.17924,7.49178],[80.17937,7.49081],[80.17932,7.49026],[80.17963,7.48947],[80.17987,7.48934],[80.17988,7.48928],[80.17984,7.48918],[80.17952,7.48905],[80.17922,7.48903],[80.17899,7.48924],[80.17845,7.4894],[80.17831,7.48957],[80.17821,7.48995],[80.17816,7.49071],[80.17837,7.4908],[80.17855,7.49094],[80.17867,7.49115],[80.17871,7.49143],[80.17895,7.49166],[80.17888,7.49181],[80.17859,7.49199],[80.17831,7.49222],[80.1783,7.49228],[80.17845,7.49244],[80.17851,7.4926],[80.17844,7.49298],[80.17845,7.49337],[80.17852,7.4935],[80.17871,7.49363],[80.17891,7.49392],[80.17893,7.49418],[80.17889,7.49434],[80.17881,7.49443],[80.17841,7.49464],[80.17812,7.49473],[80.17788,7.495],[80.17823,7.49543],[80.1782,7.49559],[80.17803,7.49588],[80.17804,7.49616],[80.17814,7.49635],[80.17815,7.49676],[80.17808,7.49709],[80.17785,7.4974],[80.17786,7.49809],[80.17773,7.49853],[80.17767,7.49863],[80.1774,7.49872],[80.17733,7.49881]]]}},{"type":"Feature","properties":{"c":"forest"},"geometry":{"type":"Polygon","coordinates":[[[80.16818,7.47656],[80.16823,7.47666],[80.16878,7.47683],[80.16885,7.47703],[80.17003,7.47664],[80.17041,7.47659],[80.17075,7.47638],[80.17124,7.47619],[80.17201,7.47603],[80.17207,7.47609],[80.17123,7.47625],[80.17039,7.47669],[80.17004,7.4767],[80.16896,7.47713],[80.16879,7.47727],[80.16879,7.4775],[80.1689,7.47792],[80.16888,7.47869],[80.16904,7.47901],[80.16924,7.47911],[80.16929,7.47922],[80.16923,7.47965],[80.16942,7.47979],[80.16999,7.47984],[80.17008,7.47992],[80.17032,7.48031],[80.1705,7.48046],[80.17108,7.48045],[80.17143,7.48052],[80.17163,7.48062],[80.17176,7.48081],[80.17198,7.48081],[80.17211,7.48059],[80.17232,7.48049],[80.17253,7.48053],[80.17351,7.48303],[80.17381,7.48373],[80.17394,7.48383],[80.17417,7.48383],[80.17439,7.48374],[80.17444,7.48352],[80.1743,7.48344],[80.1742,7.48348],[80.17401,7.48369],[80.17391,7.48367],[80.17426,7.48329],[80.17384,7.48254],[80.1735,7.48225],[80.17353,7.48214],[80.17367,7.48202],[80.17359,7.48189],[80.17362,7.48178],[80.17406,7.48174],[80.17409,7.48194],[80.1738,7.48219],[80.17383,7.48224],[80.17399,7.48217],[80.1741,7.4822],[80.17405,7.48229],[80.17383,7.48234],[80.17383,7.48239],[80.17393,7.48244],[80.17409,7.48243],[80.17414,7.48258],[80.17438,7.48272],[80.17437,7.48283],[80.17426,7.48296],[80.17431,7.48306],[80.17445,7.48317],[80.17454,7.48312],[80.17456,7.483],[80.17461,7.48297],[80.17471,7.48301],[80.17473,7.48312],[80.17488,7.48305],[80.17515,7.48308],[80.1751,7.48299],[80.17515,7.48289],[80.17532,7.48283],[80.17536,7.48293],[80.17548,7.48292],[80.17553,7.48288],[80.17553,7.48276],[80.17559,7.48267],[80.17589,7.48269],[80.17609,7.48284],[80.1762,7.48284],[80.17624,7.48273],[80.17643,7.48262],[80.17654,7.48264],[80.17653,7.48276],[80.17643,7.48295],[80.17689,7.48294],[80.17676,7.48263],[80.17676,7.48251],[80.17696,7.48241],[80.17704,7.48249],[80.17707,7.4827],[80.17718,7.48276],[80.17735,7.4826],[80.17736,7.48237],[80.17776,7.48209],[80.17786,7.48214],[80.17782,7.48267],[80.17791,7.48273],[80.17801,7.4827],[80.17813,7.48272],[80.17814,7.48283],[80.1781,7.48293],[80.17788,7.48296],[80.17785,7.48307],[80.17788,7.48329],[80.17786,7.48339],[80.17775,7.48343],[80.17764,7.48339],[80.17755,7.48346],[80.17754,7.48356],[80.17762,7.48364],[80.17764,7.48375],[80.17759,7.48385],[80.17736,7.48381],[80.17729,7.48389],[80.17772,7.48402],[80.17779,7.48411],[80.17774,7.48444],[80.17779,7.48454],[80.17791,7.48455],[80.17801,7.4845],[80.17815,7.48431],[80.17816,7.4842],[80.1781,7.484],[80.17793,7.48382],[80.17802,7.48376],[80.17814,7.48379],[80.17828,7.48411],[80.17928,7.48436],[80.17934,7.48446],[80.17931,7.48467],[80.17912,7.48478],[80.17889,7.48478],[80.17857,7.48469],[80.17848,7.48475],[80.17862,7.48493],[80.17883,7.48501],[80.17888,7.48512],[80.17856,7.48507],[80.17784,7.48476],[80.17762,7.48449],[80.17761,7.48438],[80.17766,7.48427],[80.17763,7.48417],[80.17758,7.48414],[80.17744,7.48416],[80.17735,7.48409],[80.17728,7.48416],[80.17726,7.48431],[80.17702,7.48444],[80.17699,7.48461],[80.17705,7.4847],[80.17715,7.48474],[80.17731,7.48473],[80.17734,7.48462],[80.17744,7.48467],[80.17747,7.48477],[80.17727,7.48494],[80.17737,7.48499],[80.17756,7.485],[80.17762,7.48509],[80.17761,7.48519],[80.17749,7.48522],[80.17744,7.48531],[80.17739,7.48531],[80.17727,7.48519],[80.17727,7.48503],[80.17717,7.48501],[80.17701,7.48515],[80.17691,7.48514],[80.17687,7.4851],[80.17691,7.485],[80.17683,7.48494],[80.17665,7.48501],[80.17665,7.48512],[80.17655,7.48518],[80.17634,7.48524],[80.17624,7.48544],[80.17614,7.48548],[80.17605,7.48542],[80.17596,7.48548],[80.17574,7.48551],[80.17572,7.48561],[80.17594,7.48571],[80.17625,7.4856],[80.17631,7.48569],[80.17624,7.48577],[80.17629,7.48587],[80.1765,7.48597],[80.17699,7.48597],[80.17709,7.48588],[80.1769,7.48578],[80.17683,7.48568],[80.17695,7.48568],[80.1776,7.48593],[80.17794,7.48598],[80.17815,7.48591],[80.17821,7.48547],[80.17832,7.48548],[80.17847,7.48579],[80.1786,7.48592],[80.17899,7.48594],[80.17914,7.48602],[80.17912,7.48612],[80.17886,7.48619],[80.17888,7.4863],[80.17919,7.48657],[80.1793,7.48673],[80.17945,7.48706],[80.17947,7.48739],[80.17958,7.48758],[80.17987,7.48783],[80.17985,7.48805],[80.17972,7.48823],[80.17972,7.48855],[80.17958,7.48886],[80.1792,7.48888],[80.1789,7.48911],[80.17838,7.48929],[80.17827,7.48943],[80.1781,7.48982],[80.17811,7.49027],[80.17804,7.49047],[80.17805,7.49079],[80.17824,7.49094],[80.17846,7.49102],[80.17859,7.4912],[80.17865,7.49153],[80.17884,7.49165],[80.17882,7.49175],[80.17846,7.492],[80.17825,7.49208],[80.17816,7.49221],[80.17818,7.49237],[80.17837,7.49249],[80.17843,7.49267],[80.17833,7.49313],[80.17835,7.49335],[80.17848,7.49365],[80.17864,7.49374],[80.17881,7.49404],[80.17881,7.49427],[80.17854,7.49445],[80.17807,7.4946],[80.1778,7.49495],[80.17778,7.49501],[80.17786,7.49522],[80.17804,7.49537],[80.17812,7.49551],[80.1781,7.49561],[80.178,7.49565],[80.17761,7.49567],[80.17756,7.49544],[80.17732,7.49519],[80.17722,7.49457],[80.17712,7.49457],[80.17725,7.49528],[80.17749,7.49542],[80.17758,7.49578],[80.17792,7.49577],[80.17791,7.4962],[80.17806,7.49639],[80.17808,7.49649],[80.17804,7.49696],[80.17783,7.49723],[80.17777,7.49744],[80.17777,7.498],[80.17768,7.49838],[80.17759,7.49854],[80.17725,7.49863],[80.17723,7.49868],[80.17727,7.49906],[80.17743,7.49948],[80.17748,7.49984],[80.17758,7.49982],[80.17733,7.49881],[80.1774,7.49872],[80.17767,7.49863],[80.17786,7.49809],[80.17785,7.4974],[80.17808,7.49709],[80.17815,7.49676],[80.17814,7.49635],[80.17804,7.49616],[80.17803,7.49588],[80.1782,7.49559],[80.17823,7.49543],[80.17788,7.495],[80.17812,7.49473],[80.17841,7.49464],[80.17881,7.49443],[80.17889,7.49434],[80.17893,7.49418],[80.17891,7.49392],[80.17871,7.49363],[80.17852,7.4935],[80.17842,7.4932],[80.17851,7.4926],[80.17845,7.49244],[80.17832,7.49232],[80.17831,7.49222],[80.17888,7.49181],[80.17895,7.49166],[80.17871,7.49143],[80.17867,7.49115],[80.17855,7.49094],[80.17837,7.4908],[80.17816,7.49071],[80.17814,7.49066],[80.17821,7.48995],[80.17831,7.48957],[80.17845,7.4894],[80.17899,7.48924],[80.17922,7.48903],[80.17952,7.48905],[80.17984,7.48918],[80.17987,7.48934],[80.17963,7.48947],[80.17932,7.49026],[80.17937,7.49081],[80.17924,7.49178],[80.17905,7.49214],[80.17917,7.49225],[80.1797,7.49236],[80.17997,7.49267],[80.18021,7.49267],[80.18038,7.4926],[80.18052,7.49247],[80.18088,7.49245],[80.18108,7.49216],[80.18106,7.49179],[80.18114,7.49146],[80.18129,7.4913],[80.1815,7.49121],[80.18153,7.49099],[80.18171,7.49071],[80.18164,7.49025],[80.18171,7.48981],[80.18152,7.48975],[80.18089,7.48993],[80.18066,7.48988],[80.18039,7.48966],[80.1803,7.48924],[80.17986,7.48913],[80.17972,7.48902],[80.17995,7.4878],[80.17981,7.4876],[80.17957,7.48743],[80.17956,7.48704],[80.17931,7.48649],[80.17925,7.4861],[80.17932,7.48603],[80.17964,7.48611],[80.17972,7.48604],[80.17991,7.48534],[80.17999,7.48473],[80.17999,7.48456],[80.17988,7.48426],[80.17992,7.48422],[80.18008,7.48423],[80.18011,7.48418],[80.18008,7.48402],[80.18022,7.48392],[80.1802,7.48369],[80.1798,7.48345],[80.17981,7.48329],[80.17995,7.48318],[80.17988,7.48285],[80.17992,7.48269],[80.17983,7.48249],[80.17975,7.4815],[80.17957,7.48075],[80.17957,7.48051],[80.17986,7.48001],[80.17989,7.47985],[80.17979,7.47941],[80.17974,7.4793],[80.17953,7.4791],[80.17944,7.47889],[80.17941,7.47867],[80.17897,7.47853],[80.17879,7.47818],[80.17877,7.47802],[80.17865,7.47805],[80.17872,7.4782],[80.17875,7.47847],[80.17889,7.47858],[80.17932,7.47877],[80.17942,7.47908],[80.17967,7.47931],[80.17981,7.47975],[80.17979,7.47997],[80.17963,7.48018],[80.17944,7.48059],[80.17943,7.48081],[80.17951,7.48097],[80.17947,7.48114],[80.17954,7.4813],[80.17947,7.48151],[80.17957,7.48158],[80.17958,7.48164],[80.17954,7.48175],[80.17958,7.48215],[80.17954,7.48225],[80.17943,7.48226],[80.17941,7.48231],[80.17942,7.48243],[80.17963,7.48248],[80.17971,7.48256],[80.1798,7.48282],[80.17972,7.483],[80.17972,7.48328],[80.17959,7.48336],[80.1796,7.48352],[80.17976,7.48369],[80.17999,7.48374],[80.18007,7.48382],[80.18003,7.48392],[80.17973,7.48407],[80.17963,7.48417],[80.17945,7.48419],[80.17848,7.48405],[80.17835,7.48388],[80.17841,7.48366],[80.17851,7.48358],[80.17884,7.48352],[80.17894,7.48326],[80.1789,7.4831],[80.17874,7.48294],[80.17869,7.48284],[80.17866,7.48247],[80.17861,7.48231],[80.17866,7.48185],[80.17864,7.48145],[80.17851,7.48134],[80.17831,7.48126],[80.17823,7.48111],[80.17812,7.48101],[80.1778,7.48092],[80.1778,7.48087],[80.17796,7.48071],[80.17841,7.4806],[80.17872,7.48022],[80.1788,7.47959],[80.1787,7.4794],[80.1788,7.47932],[80.17886,7.47881],[80.17874,7.47861],[80.17846,7.47863],[80.17834,7.47872],[80.17802,7.47872],[80.17801,7.47877],[80.17805,7.47882],[80.17821,7.4789],[80.17821,7.47907],[80.17811,7.4792],[80.17794,7.47923],[80.17772,7.47906],[80.17788,7.47883],[80.17789,7.47872],[80.17782,7.47858],[80.17792,7.47845],[80.17774,7.47823],[80.17781,7.47814],[80.1776,7.4781],[80.17753,7.47802],[80.17738,7.47747],[80.17729,7.47732],[80.17707,7.47725],[80.17668,7.47723],[80.17614,7.47745],[80.17592,7.47746],[80.17562,7.47743],[80.17545,7.47728],[80.17538,7.47699],[80.17554,7.47685],[80.17556,7.47657],[80.17523,7.47647],[80.1752,7.4763],[80.1749,7.47635],[80.17483,7.47628],[80.17494,7.47613],[80.17513,7.47611],[80.17543,7.47626],[80.17554,7.47628],[80.17556,7.47623],[80.1754,7.47605],[80.17541,7.47588],[80.17547,7.47579],[80.17557,7.47582],[80.17561,7.47577],[80.17559,7.47555],[80.17576,7.47541],[80.17571,7.47507],[80.17574,7.4749],[80.17569,7.47487],[80.17534,7.47484],[80.1751,7.47499],[80.17502,7.47491],[80.175,7.47475],[80.17492,7.4746],[80.17467,7.47462],[80.17458,7.47468],[80.17441,7.47497],[80.17426,7.47513],[80.17419,7.47533],[80.17389,7.47546],[80.17355,7.47544],[80.17352,7.4756],[80.17342,7.47564],[80.17323,7.47551],[80.17322,7.47541],[80.17342,7.47511],[80.17342,7.475],[80.17319,7.47476],[80.17277,7.47466],[80.17288,7.47424],[80.17267,7.47418],[80.17259,7.47409],[80.17271,7.47391],[80.17301,7.47376],[80.173,7.47354],[80.17247,7.47295],[80.17236,7.47263],[80.17216,7.47254],[80.17206,7.47258],[80.17203,7.47269],[80.17216,7.473],[80.17212,7.47353],[80.17239,7.47417],[80.17254,7.47437],[80.17256,7.47448],[80.17249,7.47468],[80.17227,7.47476],[80.17207,7.47466],[80.17173,7.47417],[80.17161,7.47382],[80.17168,7.47349],[80.17193,7.47322],[80.17188,7.47312],[80.1716,7.47296],[80.17107,7.47288],[80.17092,7.47274],[80.17082,7.47238],[80.1706,7.4723],[80.17049,7.47237],[80.17052,7.47261],[80.17062,7.47282],[80.17056,7.47302],[80.17,7.47303],[80.16988,7.47321],[80.16986,7.47344],[80.17004,7.47356],[80.17028,7.47358],[80.17035,7.47372],[80.17103,7.47377],[80.17112,7.47384],[80.17122,7.47416],[80.1714,7.47429],[80.17159,7.47457],[80.17182,7.47496],[80.1718,7.47504],[80.17172,7.47512],[80.17124,7.47529],[80.17101,7.47532],[80.17094,7.4754],[80.17073,7.47543],[80.17052,7.47537],[80.16984,7.47577],[80.16963,7.4758],[80.16945,7.47592],[80.16903,7.47608],[80.16859,7.47619],[80.16822,7.47646],[80.16818,7.47656]],[[80.17182,7.4776],[80.17201,7.47747],[80.1719,7.47728],[80.17236,7.47712],[80.17256,7.47721],[80.1727,7.47738],[80.17268,7.47749],[80.17254,7.47767],[80.17223,7.47775],[80.172,7.47774],[80.17189,7.47769],[80.17182,7.4776]],[[80.17251,7.48038],[80.17254,7.48028],[80.17277,7.48027],[80.17293,7.4801],[80.17326,7.47998],[80.17372,7.47998],[80.17394,7.48006],[80.17404,7.48025],[80.17405,7.48058],[80.17396,7.48078],[80.17401,7.48111],[80.1741,7.48118],[80.17421,7.48118],[80.17426,7.48128],[80.17423,7.48139],[80.17441,7.48154],[80.17445,7.48164],[80.17442,7.48175],[80.17432,7.48173],[80.17416,7.48159],[80.17372,7.48157],[80.17357,7.48128],[80.17336,7.48126],[80.17313,7.48076],[80.17305,7.48068],[80.17294,7.48069],[80.17263,7.48038],[80.17251,7.48038]],[[80.17351,7.47608],[80.17355,7.47593],[80.17367,7.47593],[80.17405,7.47617],[80.17412,7.4765],[80.17406,7.47671],[80.17408,7.47681],[80.17449,7.47711],[80.17449,7.47733],[80.17438,7.47751],[80.17444,7.47762],[80.17494,7.47797],[80.175,7.47807],[80.17491,7.47812],[80.17427,7.47803],[80.17386,7.47786],[80.17359,7.47763],[80.17354,7.47753],[80.17357,7.47742],[80.17382,7.47734],[80.17406,7.47718],[80.17403,7.47708],[80.17373,7.47693],[80.17367,7.47684],[80.17367,7.47662],[80.17351,7.47608]],[[80.17462,7.48065],[80.17462,7.48043],[80.1747,7.48035],[80.17571,7.47983],[80.17591,7.47957],[80.17603,7.47951],[80.17639,7.47951],[80.17728,7.47967],[80.17749,7.47995],[80.1778,7.48008],[80.17807,7.48046],[80.17804,7.48057],[80.17784,7.48065],[80.17765,7.48116],[80.17742,7.48139],[80.17598,7.48231],[80.17577,7.48239],[80.17565,7.48237],[80.17556,7.48215],[80.17555,7.48181],[80.17544,7.48149],[80.1751,7.4812],[80.17506,7.48099],[80.17494,7.48077],[80.17462,7.48065]]]}},{"type":"Feature","properties":{"c":"farmland"},"geometry":{"type":"Polygon","coordinates":[[[80.12305,7.45264],[80.12319,7.45274],[80.12348,7.45314],[80.12358,7.45315],[80.1238,7.45298],[80.12385,7.45288],[80.12378,7.45274],[80.12368,7.45268],[80.12361,7.45247],[80.12346,7.45223],[80.12336,7.45217],[80.12323,7.45218],[80.12306,7.45247],[80.12305,7.45264]]]}},{"type":"Feature","properties":{"c":"farmland"},"geometry":{"type":"Polygon","coordinates":[[[80.12354,7.45324],[80.12362,7.45351],[80.12388,7.45388],[80.12402,7.45398],[80.12419,7.45401],[80.12444,7.45357],[80.12459,7.45349],[80.12518,7.45388],[80.12545,7.45397],[80.12555,7.45395],[80.12556,7.45382],[80.12549,7.45358],[80.12533,7.45341],[80.12524,7.45333],[80.12461,7.45314],[80.12436,7.453],[80.12391,7.45293],[80.12354,7.45324]]]}},{"type":"Feature","properties":{"c":"farmland"},"geometry":{"type":"Polygon","coordinates":[[[80.11831,7.44968],[80.11842,7.44994],[80.11865,7.45026],[80.11903,7.45071],[80.1193,7.4509],[80.11934,7.45116],[80.11979,7.45152],[80.12028,7.45179],[80.12069,7.45186],[80.12099,7.45206],[80.12175,7.45269],[80.12195,7.45308],[80.12215,7.45335],[80.12285,7.45359],[80.12312,7.4538],[80.12386,7.45477],[80.12388,7.45494],[80.1238,7.45529],[80.12381,7.4565],[80.12394,7.45662],[80.12461,7.4569],[80.1247,7.45684],[80.12484,7.45659],[80.12485,7.45648],[80.12477,7.45628],[80.12489,7.45603],[80.12476,7.45578],[80.1246,7.45507],[80.12475,7.45483],[80.12474,7.45457],[80.12463,7.45456],[80.12452,7.45444],[80.12431,7.45436],[80.12387,7.45399],[80.12356,7.45358],[80.12347,7.45324],[80.12315,7.45276],[80.12304,7.45274],[80.12241,7.45227],[80.1224,7.45215],[80.12249,7.45196],[80.1225,7.45179],[80.12224,7.45147],[80.12175,7.4513],[80.12086,7.45112],[80.12018,7.45057],[80.11983,7.4505],[80.11959,7.45019],[80.11916,7.44985],[80.11903,7.44953],[80.11895,7.44944],[80.11884,7.44947],[80.11866,7.44961],[80.11831,7.44968]]]}},{"type":"Feature","properties":{"c":"farmland"},"geometry":{"type":"Polygon","coordinates":[[[80.12023,7.44677],[80.12036,7.44688],[80.12068,7.447],[80.12085,7.44715],[80.12112,7.4472],[80.12147,7.44721],[80.12164,7.447],[80.12171,7.44674],[80.12168,7.44663],[80.12158,7.44658],[80.12137,7.44656],[80.12107,7.44661],[80.12087,7.44671],[80.12029,7.44667],[80.12023,7.44677]]]}},{"type":"Feature","properties":{"c":"farmland"},"geometry":{"type":"Polygon","coordinates":[[[80.11669,7.44561],[80.11695,7.4457],[80.1174,7.44572],[80.11787,7.44581],[80.11817,7.44596],[80.11822,7.44606],[80.11824,7.44633],[80.11832,7.44641],[80.11861,7.44638],[80.11882,7.44648],[80.11954,7.44654],[80.12013,7.44669],[80.12038,7.44661],[80.12087,7.44668],[80.12134,7.44643],[80.12107,7.44632],[80.12086,7.4461],[80.12081,7.44595],[80.12094,7.44571],[80.12081,7.44551],[80.12063,7.44549],[80.12016,7.44573],[80.12005,7.44573],[80.11974,7.44559],[80.11943,7.44539],[80.11918,7.44512],[80.11902,7.44509],[80.11883,7.44512],[80.11837,7.44505],[80.11805,7.44489],[80.11769,7.44489],[80.1176,7.44495],[80.11707,7.44506],[80.11694,7.44532],[80.11674,7.44545],[80.11669,7.44561]]]}},{"type":"Feature","properties":{"c":"farmland"},"geometry":{"type":"Polygon","coordinates":[[[80.11514,7.44459],[80.1154,7.44523],[80.11603,7.44611],[80.11631,7.44638],[80.11644,7.44692],[80.11665,7.44725],[80.11751,7.44723],[80.11765,7.44714],[80.11773,7.44721],[80.11795,7.4482],[80.11804,7.44841],[80.1181,7.4488],[80.11838,7.44931],[80.11836,7.44954],[80.11858,7.44954],[80.11909,7.44932],[80.11907,7.44916],[80.11884,7.44913],[80.11881,7.44908],[80.1188,7.44896],[80.1189,7.44883],[80.11892,7.44872],[80.11883,7.44852],[80.11866,7.44825],[80.1184,7.44802],[80.11847,7.44742],[80.11833,7.44715],[80.11808,7.44684],[80.11787,7.44677],[80.11787,7.44671],[80.11818,7.44643],[80.11816,7.446],[80.11744,7.44578],[80.11693,7.44578],[80.1163,7.44549],[80.11608,7.44537],[80.11588,7.44514],[80.11562,7.445],[80.11542,7.44452],[80.11514,7.44459]]]}},{"type":"Feature","properties":{"c":"farmland"},"geometry":{"type":"Polygon","coordinates":[[[80.12919,7.44732],[80.12958,7.44719],[80.12976,7.44731],[80.12997,7.44735],[80.13004,7.44744],[80.13008,7.44771],[80.13003,7.44781],[80.13003,7.44803],[80.12996,7.44832],[80.13004,7.44839],[80.13001,7.44856],[80.13002,7.44862],[80.13007,7.44864],[80.13023,7.44858],[80.13027,7.44848],[80.13019,7.44839],[80.13018,7.44828],[80.13038,7.44816],[80.1305,7.44797],[80.1305,7.44764],[80.13056,7.44749],[80.13088,7.44738],[80.13142,7.44749],[80.13158,7.44747],[80.13182,7.44709],[80.13183,7.44687],[80.13174,7.44673],[80.13137,7.44654],[80.13073,7.44637],[80.13033,7.44639],[80.13011,7.44632],[80.12991,7.44659],[80.12967,7.44679],[80.12925,7.44681],[80.12919,7.44732]]]}},{"type":"Feature","properties":{"c":"farmland"},"geometry":{"type":"Polygon","coordinates":[[[80.12615,7.44749],[80.12623,7.44816],[80.12628,7.44819],[80.12638,7.44815],[80.12656,7.4478],[80.12716,7.44757],[80.12734,7.44742],[80.12798,7.44722],[80.12855,7.44724],[80.12889,7.44736],[80.12916,7.44734],[80.12922,7.44674],[80.12872,7.44656],[80.12833,7.44659],[80.12781,7.44649],[80.12752,7.44653],[80.12742,7.4465],[80.12728,7.44639],[80.1271,7.44638],[80.12688,7.44657],[80.12683,7.44696],[80.12646,7.44704],[80.12639,7.44714],[80.12643,7.44741],[80.12633,7.44748],[80.12615,7.44749]]]}},{"type":"Feature","properties":{"c":"farmland"},"geometry":{"type":"Polygon","coordinates":[[[80.1235,7.44771],[80.12378,7.44774],[80.12409,7.44791],[80.12449,7.44789],[80.12463,7.44781],[80.12483,7.4479],[80.12517,7.44791],[80.12528,7.44809],[80.12548,7.44821],[80.12593,7.44824],[80.12608,7.44814],[80.1261,7.44803],[80.12609,7.44792],[80.12597,7.44773],[80.12542,7.44769],[80.12452,7.44749],[80.12435,7.44735],[80.12408,7.44741],[80.1235,7.44771]]]}},{"type":"Feature","properties":{"c":"farmland"},"geometry":{"type":"Polygon","coordinates":[[[80.12334,7.44791],[80.12338,7.44807],[80.12352,7.44813],[80.12369,7.44831],[80.12391,7.44846],[80.12412,7.44853],[80.12454,7.4489],[80.12476,7.44916],[80.12492,7.4492],[80.12512,7.44912],[80.12526,7.44857],[80.12518,7.44803],[80.12474,7.44797],[80.12466,7.44788],[80.12447,7.44798],[80.12401,7.44795],[80.12382,7.44783],[80.1236,7.44783],[80.12349,7.44777],[80.12344,7.44778],[80.12334,7.44791]]]}},{"type":"Feature","properties":{"c":"forest"},"geometry":{"type":"Polygon","coordinates":[[[80.16351,7.43467],[80.16351,7.4348],[80.16359,7.4348],[80.16359,7.43467],[80.16351,7.43467]]]}},{"type":"Feature","properties":{"c":"farmland"},"geometry":{"type":"Polygon","coordinates":[[[80.15311,7.42078],[80.15388,7.42078],[80.15463,7.42059],[80.15476,7.42046],[80.15476,7.4203],[80.15445,7.42045],[80.15394,7.42052],[80.15338,7.42041],[80.15314,7.42045],[80.15311,7.42078]]]}},{"type":"Feature","properties":{"c":"farmland"},"geometry":{"type":"Polygon","coordinates":[[[80.1524,7.42037],[80.15258,7.42055],[80.15279,7.42042],[80.15293,7.4202],[80.15343,7.42004],[80.15335,7.41975],[80.15257,7.41998],[80.1524,7.42037]]]}},{"type":"Feature","properties":{"c":"farmland"},"geometry":{"type":"Polygon","coordinates":[[[80.14919,7.42261],[80.14951,7.42334],[80.14983,7.42336],[80.15003,7.42303],[80.15015,7.4226],[80.15036,7.42222],[80.15097,7.42242],[80.1515,7.4223],[80.15197,7.4221],[80.1524,7.42246],[80.15285,7.42245],[80.15344,7.42262],[80.15408,7.42366],[80.15444,7.42393],[80.15484,7.42391],[80.15511,7.42382],[80.15519,7.42363],[80.15464,7.42332],[80.15472,7.423],[80.15447,7.42292],[80.15295,7.4216],[80.15291,7.42088],[80.15284,7.42072],[80.15261,7.42103],[80.15219,7.42059],[80.15165,7.42105],[80.15141,7.42117],[80.15084,7.42188],[80.15056,7.42193],[80.1502,7.42144],[80.1502,7.42088],[80.1498,7.42091],[80.14979,7.42185],[80.14958,7.42247],[80.14919,7.42261]]]}},{"type":"Feature","properties":{"c":"farmland"},"geometry":{"type":"Polygon","coordinates":[[[80.1435,7.42924],[80.1437,7.42987],[80.14415,7.42973],[80.14441,7.43038],[80.14465,7.43066],[80.14489,7.43115],[80.14452,7.4312],[80.14482,7.43163],[80.14504,7.43244],[80.14541,7.43254],[80.14527,7.43291],[80.14524,7.43391],[80.14586,7.43391],[80.14582,7.4323],[80.14585,7.43166],[80.14559,7.43036],[80.14566,7.42993],[80.14551,7.42951],[80.14513,7.42935],[80.145,7.42838],[80.14488,7.42672],[80.14485,7.42547],[80.14456,7.42532],[80.14482,7.42455],[80.1457,7.42469],[80.14677,7.42516],[80.14787,7.42644],[80.14864,7.42846],[80.14807,7.4287],[80.14832,7.4291],[80.14893,7.42894],[80.14937,7.43031],[80.14957,7.43147],[80.14984,7.43243],[80.15031,7.43343],[80.15033,7.43393],[80.15051,7.43463],[80.15046,7.43526],[80.15028,7.4358],[80.14971,7.43604],[80.14971,7.43677],[80.1506,7.43792],[80.15053,7.43876],[80.15009,7.43911],[80.15018,7.43941],[80.15054,7.43926],[80.15115,7.4404],[80.15138,7.44031],[80.1515,7.43904],[80.15199,7.43893],[80.15193,7.43859],[80.15151,7.43863],[80.15151,7.43826],[80.15111,7.43776],[80.1507,7.43705],[80.15052,7.43692],[80.151,7.43558],[80.15233,7.43548],[80.15321,7.43573],[80.15481,7.43573],[80.15558,7.43558],[80.15548,7.43501],[80.15525,7.43497],[80.15474,7.43529],[80.15479,7.43542],[80.15378,7.43544],[80.1521,7.43463],[80.15142,7.43388],[80.15109,7.43304],[80.151,7.4321],[80.15145,7.43155],[80.15317,7.43202],[80.15374,7.43229],[80.15374,7.43256],[80.15437,7.43294],[80.15504,7.43303],[80.15502,7.43209],[80.15423,7.43176],[80.15403,7.43115],[80.15308,7.43103],[80.15273,7.43069],[80.15237,7.42968],[80.15166,7.42922],[80.15081,7.42816],[80.14982,7.42853],[80.14951,7.42797],[80.15054,7.42762],[80.15009,7.42728],[80.14923,7.42742],[80.14912,7.42689],[80.14946,7.42658],[80.1493,7.42597],[80.14878,7.42529],[80.14937,7.42437],[80.14926,7.42379],[80.1477,7.42388],[80.14759,7.42332],[80.1479,7.42279],[80.1489,7.42259],[80.14878,7.42226],[80.14769,7.42176],[80.14713,7.42079],[80.14746,7.42008],[80.14788,7.41988],[80.14836,7.4201],[80.14855,7.41969],[80.14822,7.41885],[80.14945,7.41648],[80.15032,7.41529],[80.15135,7.41492],[80.15149,7.4143],[80.15228,7.41337],[80.15387,7.41297],[80.15391,7.41229],[80.1534,7.41145],[80.15309,7.41103],[80.15244,7.41119],[80.15273,7.41187],[80.15168,7.41224],[80.1515,7.41304],[80.15049,7.41426],[80.15013,7.41434],[80.1496,7.41535],[80.14872,7.41568],[80.14819,7.41622],[80.14717,7.41691],[80.1474,7.41765],[80.1473,7.418],[80.14625,7.41814],[80.14552,7.41961],[80.14446,7.41887],[80.14429,7.41818],[80.14397,7.41907],[80.14393,7.42038],[80.14457,7.42034],[80.14449,7.42105],[80.14482,7.42116],[80.14511,7.42092],[80.14512,7.42054],[80.14541,7.42045],[80.14571,7.4208],[80.1465,7.42242],[80.14644,7.42302],[80.1457,7.42324],[80.14545,7.42387],[80.14461,7.42395],[80.14438,7.42405],[80.14397,7.4257],[80.1443,7.42683],[80.14423,7.42756],[80.14443,7.42788],[80.14432,7.4283],[80.14454,7.4287],[80.14441,7.42907],[80.1435,7.42924]],[[80.14634,7.42428],[80.14635,7.42395],[80.14667,7.42375],[80.14758,7.42426],[80.14772,7.42412],[80.14795,7.42453],[80.14809,7.42505],[80.14788,7.42517],[80.14773,7.42497],[80.14748,7.42503],[80.14688,7.42485],[80.14673,7.42455],[80.14634,7.42428]],[[80.1498,7.42975],[80.1506,7.42935],[80.15189,7.42992],[80.15237,7.43062],[80.15173,7.43102],[80.15103,7.43082],[80.15027,7.43087],[80.1498,7.42975]]]}},{"type":"Feature","properties":{"c":"forest","n":"Palm trees"},"geometry":{"type":"Polygon","coordinates":[[[80.15175,7.41844],[80.15209,7.41841],[80.15213,7.41851],[80.15236,7.41854],[80.15239,7.41862],[80.1525,7.41867],[80.15256,7.41864],[80.15259,7.41857],[80.15252,7.41854],[80.15305,7.4186],[80.15305,7.41864],[80.15315,7.41868],[80.15331,7.41856],[80.1533,7.41851],[80.15321,7.41849],[80.1532,7.41844],[80.15327,7.41839],[80.15324,7.41835],[80.15306,7.41832],[80.15295,7.41817],[80.153,7.4181],[80.15284,7.41794],[80.15297,7.41761],[80.15311,7.41757],[80.15321,7.4174],[80.15328,7.41738],[80.15332,7.41719],[80.15324,7.41718],[80.15313,7.41726],[80.15279,7.41715],[80.1527,7.41734],[80.15266,7.41757],[80.15236,7.4178],[80.15224,7.41797],[80.15217,7.41795],[80.15203,7.41808],[80.15175,7.41844]]]}},{"type":"Feature","properties":{"c":"farmland"},"geometry":{"type":"Polygon","coordinates":[[[80.11438,7.44422],[80.11439,7.44468],[80.11446,7.44488],[80.11457,7.445],[80.11465,7.44537],[80.11515,7.44569],[80.11515,7.44579],[80.11528,7.44588],[80.11523,7.44596],[80.11525,7.44628],[80.1153,7.44638],[80.11543,7.44646],[80.11549,7.4466],[80.1157,7.44682],[80.11575,7.44679],[80.1158,7.44683],[80.11583,7.44692],[80.11575,7.44713],[80.11579,7.44723],[80.11573,7.44752],[80.11588,7.44797],[80.11583,7.44845],[80.11589,7.44882],[80.1159,7.44961],[80.11659,7.44961],[80.11659,7.44954],[80.11653,7.44946],[80.11663,7.4492],[80.11661,7.44916],[80.11646,7.4492],[80.1164,7.44909],[80.11658,7.44884],[80.11675,7.44813],[80.1166,7.44779],[80.11659,7.44737],[80.11641,7.44705],[80.1162,7.44685],[80.11627,7.44667],[80.11624,7.44648],[80.11627,7.44642],[80.11588,7.44618],[80.11588,7.44606],[80.11581,7.44605],[80.11582,7.44596],[80.11575,7.44581],[80.11537,7.44529],[80.11506,7.4446],[80.11506,7.44456],[80.11529,7.4445],[80.11532,7.44427],[80.11545,7.44435],[80.11547,7.4442],[80.11438,7.44422]]]}},{"type":"Feature","properties":{"c":"farmland"},"geometry":{"type":"Polygon","coordinates":[[[80.11266,7.43912],[80.11276,7.4392],[80.11294,7.43917],[80.11309,7.43929],[80.11327,7.43935],[80.11337,7.43951],[80.11335,7.43985],[80.11345,7.43995],[80.11384,7.44015],[80.11397,7.44039],[80.11456,7.4404],[80.11479,7.44051],[80.11475,7.4408],[80.1148,7.44084],[80.11476,7.44096],[80.11479,7.44108],[80.11487,7.44109],[80.11518,7.44151],[80.11532,7.44214],[80.1155,7.44231],[80.11554,7.4421],[80.11567,7.4421],[80.11595,7.44199],[80.11613,7.44186],[80.11629,7.44189],[80.11648,7.44187],[80.11724,7.4421],[80.11754,7.44202],[80.11765,7.44186],[80.11773,7.44132],[80.11769,7.44114],[80.11761,7.44133],[80.11753,7.44131],[80.1174,7.44116],[80.11737,7.44101],[80.1171,7.44099],[80.11706,7.44089],[80.1167,7.44072],[80.11667,7.44063],[80.11644,7.4404],[80.11643,7.44032],[80.11629,7.44031],[80.11614,7.44007],[80.11562,7.44009],[80.11527,7.4397],[80.11511,7.43958],[80.11496,7.43955],[80.11471,7.4393],[80.11388,7.4383],[80.11378,7.43826],[80.11366,7.4383],[80.11319,7.43829],[80.11307,7.4382],[80.11296,7.43833],[80.11288,7.43854],[80.11288,7.43873],[80.11276,7.43884],[80.11266,7.43912]]]}},{"type":"Feature","properties":{"c":"forest"},"geometry":{"type":"Polygon","coordinates":[[[80.15904,7.46414],[80.15926,7.46431],[80.15947,7.4641],[80.1597,7.46398],[80.15948,7.46381],[80.15915,7.46383],[80.15904,7.46414]]]}},{"type":"Feature","properties":{"c":"forest"},"geometry":{"type":"Polygon","coordinates":[[[80.1586,7.46179],[80.15874,7.46212],[80.159,7.46217],[80.1592,7.46238],[80.1594,7.46232],[80.15954,7.46223],[80.15963,7.46203],[80.15968,7.46158],[80.15965,7.4613],[80.15931,7.46109],[80.1587,7.46126],[80.1586,7.46179]]]}},{"type":"Feature","properties":{"c":"forest"},"geometry":{"type":"Polygon","coordinates":[[[80.15258,7.46292],[80.15321,7.46344],[80.15345,7.4632],[80.15315,7.4628],[80.15285,7.46258],[80.15276,7.4627],[80.15277,7.46287],[80.15265,7.46282],[80.15258,7.46292]]]}},{"type":"Feature","properties":{"c":"farmland"},"geometry":{"type":"Polygon","coordinates":[[[80.17943,7.46171],[80.17967,7.46222],[80.17996,7.46221],[80.18006,7.46173],[80.17999,7.46144],[80.18009,7.46138],[80.18015,7.46117],[80.18038,7.46107],[80.18021,7.46075],[80.17975,7.46096],[80.17971,7.46139],[80.17945,7.46148],[80.17943,7.46171]]]}},{"type":"Feature","properties":{"c":"farmland"},"geometry":{"type":"Polygon","coordinates":[[[80.13417,7.45973],[80.13417,7.46019],[80.13481,7.46024],[80.13487,7.46056],[80.13528,7.46071],[80.13539,7.46053],[80.13622,7.46077],[80.13632,7.46106],[80.1361,7.46152],[80.13602,7.46248],[80.13609,7.46262],[80.13592,7.46371],[80.13581,7.46378],[80.1355,7.46436],[80.13529,7.46465],[80.13561,7.46484],[80.13593,7.4645],[80.13619,7.46352],[80.13642,7.46168],[80.1366,7.46125],[80.13693,7.46118],[80.13713,7.46094],[80.1382,7.46123],[80.13843,7.46156],[80.1392,7.46177],[80.13952,7.46161],[80.1408,7.46219],[80.14145,7.46217],[80.14209,7.46237],[80.14238,7.46334],[80.14221,7.46378],[80.141,7.46409],[80.14087,7.46504],[80.14174,7.46491],[80.14208,7.46508],[80.14231,7.46496],[80.14255,7.46542],[80.1426,7.46706],[80.14269,7.46707],[80.14288,7.46668],[80.14279,7.46733],[80.14265,7.46727],[80.1424,7.46744],[80.14252,7.46794],[80.14273,7.46805],[80.14267,7.46777],[80.14283,7.4677],[80.14283,7.46756],[80.14335,7.46745],[80.14364,7.46831],[80.14306,7.46844],[80.14289,7.46812],[80.14268,7.46817],[80.14262,7.46828],[80.14257,7.46828],[80.1426,7.46809],[80.1425,7.46802],[80.14133,7.4683],[80.14105,7.46803],[80.14007,7.46783],[80.13992,7.46824],[80.13848,7.46791],[80.13831,7.46797],[80.13839,7.46854],[80.13791,7.46843],[80.13779,7.46894],[80.13867,7.47019],[80.13911,7.47032],[80.13932,7.46972],[80.14025,7.4699],[80.14032,7.4695],[80.14202,7.46919],[80.14228,7.46985],[80.143,7.47005],[80.14333,7.46928],[80.1439,7.46942],[80.14435,7.46846],[80.14398,7.46678],[80.14405,7.46591],[80.14389,7.46578],[80.14318,7.46608],[80.14341,7.46373],[80.14444,7.46271],[80.14471,7.46274],[80.14478,7.46223],[80.14469,7.46199],[80.14475,7.46118],[80.14519,7.4607],[80.14529,7.46009],[80.14512,7.45983],[80.14403,7.45988],[80.14401,7.45943],[80.14378,7.45929],[80.14221,7.46054],[80.14105,7.46079],[80.1409,7.46047],[80.14046,7.46103],[80.14004,7.46096],[80.13957,7.46035],[80.13779,7.4605],[80.13725,7.4602],[80.13539,7.46011],[80.13494,7.45935],[80.13417,7.45973]]]}},{"type":"Feature","properties":{"c":"farmland"},"geometry":{"type":"Polygon","coordinates":[[[80.14067,7.45478],[80.14079,7.45482],[80.14077,7.45487],[80.1407,7.45485],[80.1407,7.45495],[80.14087,7.45492],[80.14099,7.45478],[80.14138,7.45498],[80.14151,7.45489],[80.14151,7.4548],[80.14156,7.45478],[80.1417,7.45479],[80.14189,7.45494],[80.14194,7.45477],[80.14208,7.45481],[80.14227,7.45471],[80.14222,7.45458],[80.14215,7.45456],[80.14235,7.45453],[80.14234,7.45448],[80.14249,7.4544],[80.14246,7.4543],[80.14255,7.45423],[80.14266,7.45422],[80.14269,7.45409],[80.14289,7.45402],[80.14318,7.4541],[80.14318,7.454],[80.14342,7.45397],[80.14362,7.45414],[80.14366,7.45428],[80.1438,7.45431],[80.14396,7.45444],[80.14407,7.45441],[80.14418,7.45447],[80.14426,7.45466],[80.14448,7.45451],[80.14452,7.45452],[80.14448,7.45459],[80.14438,7.45462],[80.1444,7.45477],[80.14448,7.4548],[80.14473,7.45462],[80.1447,7.45459],[80.14475,7.45413],[80.14473,7.45404],[80.14488,7.45396],[80.14478,7.45394],[80.14478,7.45389],[80.1443,7.45364],[80.14392,7.45351],[80.14389,7.4533],[80.14387,7.45335],[80.14374,7.45336],[80.14375,7.45342],[80.1437,7.45344],[80.14365,7.45335],[80.14355,7.45342],[80.14344,7.45342],[80.14335,7.4535],[80.14333,7.45339],[80.1432,7.45346],[80.14307,7.45336],[80.14297,7.4534],[80.1429,7.45327],[80.14276,7.45326],[80.14276,7.45318],[80.1427,7.45316],[80.14274,7.45305],[80.1427,7.45305],[80.14268,7.45297],[80.1426,7.45296],[80.14268,7.45293],[80.14266,7.4529],[80.14216,7.45277],[80.14203,7.45285],[80.14204,7.45268],[80.14186,7.45257],[80.14174,7.45257],[80.14155,7.45264],[80.14143,7.45277],[80.14131,7.45274],[80.14114,7.45282],[80.14131,7.45309],[80.14163,7.45318],[80.14193,7.4535],[80.14189,7.45354],[80.14189,7.45368],[80.14175,7.4538],[80.14169,7.45383],[80.1416,7.45378],[80.14149,7.45386],[80.14157,7.45412],[80.14153,7.45432],[80.14155,7.45453],[80.14151,7.45452],[80.14146,7.45428],[80.14112,7.45426],[80.14106,7.45422],[80.14092,7.45435],[80.14084,7.45436],[80.1408,7.45452],[80.14074,7.45455],[80.14068,7.45464],[80.14071,7.45476],[80.14067,7.45478]]]}},{"type":"Feature","properties":{"c":"farmland","n":"Irrigable Area Anicut Scheme"},"geometry":{"type":"Polygon","coordinates":[[[80.14486,7.51317],[80.14505,7.51398],[80.14494,7.51496],[80.14511,7.51587],[80.14546,7.51694],[80.14567,7.51734],[80.14674,7.51836],[80.14707,7.51892],[80.1476,7.52015],[80.14724,7.52092],[80.14709,7.522],[80.14752,7.52236],[80.14707,7.52281],[80.14724,7.52298],[80.14741,7.52358],[80.1482,7.52317],[80.14887,7.52275],[80.14958,7.52213],[80.14992,7.522],[80.15052,7.52243],[80.15114,7.52185],[80.15082,7.52138],[80.15146,7.52068],[80.15198,7.5203],[80.15239,7.51983],[80.15277,7.51919],[80.15331,7.51792],[80.15359,7.51738],[80.15425,7.51677],[80.15404,7.51504],[80.15402,7.51424],[80.1541,7.51332],[80.15329,7.51307],[80.15318,7.51426],[80.1532,7.51502],[80.15297,7.51679],[80.15267,7.51717],[80.15157,7.51787],[80.15106,7.51832],[80.15059,7.51853],[80.14986,7.51911],[80.14936,7.51919],[80.14906,7.51936],[80.14923,7.52026],[80.14842,7.52092],[80.14874,7.52147],[80.1481,7.52194],[80.14786,7.52143],[80.14801,7.52087],[80.14812,7.51987],[80.14825,7.51928],[80.1473,7.51787],[80.14634,7.51707],[80.14574,7.51626],[80.14541,7.51502],[80.14511,7.51315],[80.14513,7.51243],[80.14537,7.51175],[80.14567,7.51109],[80.14586,7.51081],[80.14516,7.51081],[80.14496,7.51181],[80.14486,7.51317]]]}},{"type":"Feature","properties":{"c":"farmland","n":"Irrigable Area Multiiple Anicuts and Tanks"},"geometry":{"type":"Polygon","coordinates":[[[80.18824,7.50993],[80.18833,7.51045],[80.18836,7.5115],[80.18848,7.51164],[80.18834,7.51173],[80.18832,7.5118],[80.18829,7.51242],[80.18843,7.51273],[80.18849,7.51277],[80.18844,7.51287],[80.18851,7.51312],[80.18862,7.5132],[80.18855,7.51328],[80.18867,7.51357],[80.18899,7.51397],[80.18908,7.51393],[80.18923,7.51375],[80.18935,7.51378],[80.1896,7.51369],[80.18963,7.51345],[80.18977,7.51347],[80.1898,7.51339],[80.1899,7.51346],[80.1899,7.51332],[80.18997,7.51319],[80.19005,7.5132],[80.19053,7.51303],[80.19046,7.51285],[80.19052,7.51279],[80.19078,7.51305],[80.19097,7.51315],[80.191,7.51335],[80.19117,7.51364],[80.19107,7.51385],[80.19134,7.51426],[80.19124,7.51435],[80.19142,7.51468],[80.19166,7.51494],[80.19176,7.51501],[80.19198,7.51477],[80.19219,7.51489],[80.1926,7.51532],[80.19245,7.51554],[80.19253,7.5158],[80.19273,7.51595],[80.19295,7.51591],[80.19319,7.51575],[80.19344,7.51592],[80.19369,7.51598],[80.19375,7.5161],[80.19393,7.51609],[80.19378,7.5163],[80.19382,7.51668],[80.19354,7.51712],[80.19368,7.51748],[80.1941,7.51799],[80.19424,7.51786],[80.19444,7.51821],[80.1945,7.5187],[80.19547,7.51931],[80.19567,7.5197],[80.19571,7.52004],[80.19616,7.52096],[80.19614,7.52119],[80.19589,7.5215],[80.19586,7.52162],[80.19552,7.52147],[80.1951,7.52237],[80.1947,7.52271],[80.19441,7.52331],[80.19511,7.52388],[80.19539,7.524],[80.19545,7.52374],[80.19565,7.52334],[80.19599,7.52291],[80.1963,7.52235],[80.19652,7.52225],[80.19685,7.5223],[80.19699,7.52239],[80.19713,7.52289],[80.19726,7.52304],[80.19729,7.5234],[80.19717,7.52354],[80.19715,7.52371],[80.19707,7.52386],[80.19717,7.52404],[80.19716,7.52457],[80.19685,7.52537],[80.19722,7.52553],[80.19743,7.5253],[80.19756,7.52537],[80.19773,7.52506],[80.19786,7.52493],[80.19786,7.52465],[80.19809,7.52467],[80.19852,7.52485],[80.19913,7.52487],[80.19928,7.52481],[80.19937,7.52456],[80.19942,7.52422],[80.19934,7.52417],[80.19917,7.5242],[80.19899,7.52409],[80.19887,7.52383],[80.19874,7.52325],[80.19863,7.52306],[80.19854,7.52297],[80.19831,7.52295],[80.1981,7.52261],[80.19788,7.52243],[80.1977,7.52212],[80.19753,7.52203],[80.19759,7.52187],[80.19757,7.52174],[80.19748,7.52156],[80.19756,7.52124],[80.19765,7.52112],[80.19778,7.52115],[80.19792,7.52133],[80.19805,7.52133],[80.19854,7.52166],[80.19871,7.52186],[80.19875,7.52201],[80.1989,7.52212],[80.19899,7.52227],[80.19922,7.52241],[80.2,7.52256],[80.20022,7.52264],[80.20064,7.52294],[80.20068,7.52288],[80.20119,7.52308],[80.2015,7.52289],[80.20167,7.52291],[80.20172,7.52307],[80.20168,7.52326],[80.20198,7.52355],[80.20162,7.52401],[80.20136,7.52421],[80.20068,7.5251],[80.20053,7.52522],[80.20024,7.52575],[80.20006,7.52631],[80.20006,7.52679],[80.19996,7.52686],[80.19977,7.52734],[80.19968,7.52739],[80.19977,7.52767],[80.19998,7.52776],[80.20009,7.52786],[80.19995,7.52794],[80.19983,7.52789],[80.19968,7.52794],[80.19948,7.52861],[80.19948,7.52873],[80.19962,7.52909],[80.19978,7.52908],[80.19991,7.52874],[80.20009,7.52874],[80.20015,7.5285],[80.20028,7.5285],[80.20062,7.52866],[80.20066,7.52853],[80.20086,7.52841],[80.20096,7.52842],[80.20099,7.52829],[80.20109,7.52829],[80.20116,7.52804],[80.20115,7.5278],[80.20081,7.52782],[80.2008,7.52747],[80.20064,7.52707],[80.20066,7.52676],[80.2008,7.52657],[80.20072,7.5263],[80.2008,7.52598],[80.20078,7.52581],[80.2013,7.52495],[80.20169,7.52461],[80.20194,7.52455],[80.20211,7.52455],[80.20233,7.52464],[80.20254,7.52493],[80.20277,7.52512],[80.20349,7.52557],[80.2036,7.52573],[80.20365,7.52598],[80.20373,7.52609],[80.20364,7.52667],[80.20342,7.52738],[80.20389,7.5279],[80.204,7.52827],[80.20394,7.52837],[80.20447,7.52884],[80.20463,7.52871],[80.20465,7.52864],[80.20459,7.52824],[80.20443,7.52824],[80.20434,7.52768],[80.20424,7.52756],[80.2042,7.52719],[80.20424,7.52693],[80.20472,7.52657],[80.20467,7.52645],[80.20477,7.52623],[80.20506,7.52603],[80.20548,7.52603],[80.2065,7.52552],[80.20669,7.52538],[80.20693,7.52506],[80.20709,7.52456],[80.20717,7.52446],[80.20707,7.52429],[80.20695,7.52447],[80.20694,7.52467],[80.20687,7.52476],[80.20674,7.52479],[80.20673,7.52501],[80.20611,7.52502],[80.20595,7.52506],[80.20595,7.52527],[80.20583,7.52542],[80.20496,7.52553],[80.20447,7.52549],[80.20418,7.52534],[80.20392,7.5251],[80.20364,7.52472],[80.20349,7.52421],[80.20336,7.52404],[80.20309,7.52389],[80.20263,7.52293],[80.20245,7.52233],[80.20267,7.5221],[80.20296,7.52163],[80.20311,7.52167],[80.2033,7.52185],[80.20349,7.52164],[80.20345,7.52113],[80.20363,7.52078],[80.20375,7.52077],[80.20417,7.52099],[80.20438,7.52116],[80.20455,7.5212],[80.20519,7.52092],[80.20599,7.52083],[80.20611,7.52079],[80.20611,7.52054],[80.20624,7.52041],[80.2064,7.52048],[80.20685,7.51989],[80.2071,7.51972],[80.2069,7.51952],[80.20635,7.5199],[80.20636,7.52011],[80.20594,7.52039],[80.20574,7.5205],[80.20556,7.52051],[80.20518,7.52029],[80.20507,7.51997],[80.20481,7.52001],[80.2046,7.51994],[80.2044,7.52002],[80.20423,7.52016],[80.20376,7.5202],[80.20334,7.52035],[80.20308,7.52049],[80.20258,7.52092],[80.20239,7.52093],[80.20223,7.52079],[80.20212,7.52103],[80.20191,7.5211],[80.20177,7.52109],[80.20158,7.52098],[80.2013,7.521],[80.20116,7.52092],[80.20112,7.52085],[80.20178,7.52],[80.20118,7.51976],[80.20077,7.52049],[80.20032,7.52077],[80.20013,7.52081],[80.19964,7.52073],[80.19933,7.52077],[80.19903,7.52064],[80.19895,7.52068],[80.19859,7.52052],[80.19844,7.52018],[80.19836,7.51945],[80.19824,7.51921],[80.19736,7.51858],[80.19621,7.51836],[80.19592,7.51809],[80.19575,7.51778],[80.19556,7.51775],[80.19547,7.51696],[80.19556,7.51687],[80.19596,7.5169],[80.19612,7.51686],[80.19623,7.51627],[80.19641,7.51591],[80.19667,7.51561],[80.19693,7.51549],[80.19716,7.51529],[80.19741,7.51489],[80.19767,7.51482],[80.19829,7.51474],[80.19852,7.51481],[80.1986,7.51466],[80.19873,7.51471],[80.19868,7.51484],[80.19884,7.51487],[80.19917,7.51522],[80.19883,7.51549],[80.19871,7.51571],[80.19858,7.51582],[80.19843,7.51586],[80.19834,7.51595],[80.19829,7.5162],[80.19822,7.51625],[80.19827,7.51644],[80.19864,7.51658],[80.19896,7.51661],[80.19929,7.51643],[80.19966,7.51632],[80.20009,7.51621],[80.20036,7.5162],[80.20035,7.51654],[80.20044,7.51658],[80.20066,7.51657],[80.20093,7.51645],[80.20122,7.51647],[80.20122,7.51659],[80.20164,7.51674],[80.20199,7.51695],[80.20189,7.51734],[80.20204,7.51747],[80.2022,7.5175],[80.20216,7.51769],[80.20221,7.51781],[80.20241,7.51782],[80.20304,7.51625],[80.20278,7.51624],[80.20248,7.5161],[80.20223,7.51576],[80.2019,7.51551],[80.20169,7.51518],[80.20157,7.51511],[80.20115,7.51506],[80.2009,7.51509],[80.20018,7.51491],[80.19994,7.51477],[80.19934,7.51422],[80.19889,7.51391],[80.19858,7.51376],[80.19731,7.51389],[80.19659,7.51426],[80.19638,7.51459],[80.19616,7.51462],[80.19572,7.51509],[80.19553,7.51484],[80.1954,7.51457],[80.1951,7.51426],[80.19497,7.51433],[80.19482,7.51424],[80.19449,7.51439],[80.19436,7.51419],[80.19428,7.51381],[80.19414,7.51365],[80.19393,7.51325],[80.19388,7.51276],[80.19396,7.51241],[80.19391,7.51193],[80.19394,7.51032],[80.19424,7.50925],[80.1945,7.50902],[80.19496,7.50908],[80.19514,7.50918],[80.19562,7.50924],[80.1964,7.50925],[80.19659,7.50912],[80.19679,7.50925],[80.19669,7.50956],[80.19757,7.50965],[80.19774,7.50973],[80.19807,7.50973],[80.19869,7.50963],[80.19917,7.5098],[80.19971,7.51009],[80.20015,7.51067],[80.20077,7.51116],[80.20265,7.51176],[80.20293,7.5119],[80.2032,7.51222],[80.20338,7.51279],[80.20348,7.51293],[80.20371,7.51303],[80.2042,7.51307],[80.20492,7.51329],[80.20611,7.51398],[80.20641,7.51314],[80.20548,7.51235],[80.20423,7.51116],[80.20365,7.51095],[80.20335,7.51047],[80.2027,7.51015],[80.20183,7.51],[80.20149,7.50983],[80.2012,7.50953],[80.20113,7.50935],[80.2013,7.50894],[80.20145,7.50875],[80.20226,7.50835],[80.20259,7.50825],[80.20329,7.50826],[80.20363,7.5084],[80.20382,7.50844],[80.20398,7.50842],[80.20406,7.50776],[80.20329,7.5076],[80.20273,7.50742],[80.20277,7.5065],[80.2025,7.50642],[80.2022,7.50672],[80.20149,7.50721],[80.20138,7.50713],[80.20128,7.50727],[80.20136,7.50736],[80.20124,7.50757],[80.20068,7.50745],[80.20008,7.50742],[80.20009,7.5078],[80.19867,7.50806],[80.19855,7.50815],[80.19845,7.50834],[80.19828,7.50842],[80.19801,7.50839],[80.19774,7.50817],[80.1976,7.50814],[80.19742,7.50789],[80.19727,7.50786],[80.19705,7.5077],[80.19664,7.5079],[80.19646,7.50794],[80.19642,7.50776],[80.19652,7.50744],[80.19643,7.50617],[80.19647,7.50602],[80.19685,7.50587],[80.19695,7.50579],[80.19711,7.50543],[80.1972,7.50492],[80.19735,7.50459],[80.19715,7.50438],[80.19702,7.50432],[80.19723,7.50407],[80.19751,7.5042],[80.19755,7.50385],[80.19782,7.50357],[80.19801,7.50321],[80.19823,7.50296],[80.19836,7.50251],[80.19852,7.50231],[80.19852,7.50219],[80.1992,7.50172],[80.19954,7.50161],[80.1997,7.50149],[80.19983,7.5012],[80.20011,7.50016],[80.19839,7.49898],[80.19831,7.49915],[80.19804,7.49921],[80.19771,7.49939],[80.19735,7.4997],[80.19702,7.49989],[80.19685,7.49995],[80.19669,7.49991],[80.19652,7.49965],[80.19587,7.49749],[80.19524,7.49717],[80.19513,7.4969],[80.19498,7.49671],[80.19464,7.4965],[80.19464,7.49609],[80.19478,7.49579],[80.1948,7.4956],[80.19471,7.49517],[80.19483,7.49497],[80.19483,7.49479],[80.19467,7.49427],[80.19485,7.49419],[80.19502,7.49404],[80.19518,7.49369],[80.19522,7.49339],[80.19516,7.4927],[80.19524,7.49243],[80.19516,7.49222],[80.19472,7.49197],[80.1946,7.49162],[80.19438,7.49138],[80.19429,7.49067],[80.19393,7.49013],[80.19369,7.4901],[80.19328,7.49039],[80.19307,7.49061],[80.19316,7.49073],[80.19343,7.49088],[80.19364,7.49107],[80.19387,7.49145],[80.19393,7.49172],[80.19392,7.49213],[80.19397,7.49246],[80.19436,7.49234],[80.19442,7.49261],[80.19408,7.49279],[80.1941,7.4929],[80.19426,7.49321],[80.1945,7.49312],[80.19459,7.49321],[80.19461,7.49342],[80.19441,7.49348],[80.19443,7.49376],[80.19432,7.49413],[80.19417,7.49425],[80.19413,7.49435],[80.19401,7.49428],[80.19392,7.49429],[80.19369,7.49469],[80.19368,7.49487],[80.19385,7.49489],[80.19398,7.49535],[80.19405,7.49587],[80.19417,7.49584],[80.19427,7.49573],[80.19441,7.49575],[80.19444,7.49587],[80.19414,7.49647],[80.19412,7.49697],[80.19413,7.49707],[80.19433,7.49699],[80.19443,7.49709],[80.19441,7.49815],[80.19436,7.49864],[80.19438,7.49879],[80.19451,7.49888],[80.19449,7.49894],[80.19402,7.4988],[80.19395,7.49919],[80.19411,7.49929],[80.1941,7.4994],[80.19447,7.49966],[80.19442,7.49975],[80.19426,7.49967],[80.19419,7.49979],[80.19445,7.49997],[80.19455,7.50014],[80.19463,7.5002],[80.19477,7.50011],[80.19503,7.50054],[80.19508,7.5009],[80.195,7.50123],[80.19472,7.50187],[80.19465,7.50217],[80.19447,7.50241],[80.19481,7.50279],[80.19359,7.50366],[80.19346,7.50366],[80.19344,7.5035],[80.19278,7.50357],[80.19258,7.50346],[80.19247,7.50329],[80.19241,7.50305],[80.19187,7.50292],[80.19193,7.50392],[80.19209,7.50389],[80.19219,7.5042],[80.19213,7.50441],[80.19203,7.50442],[80.19177,7.50485],[80.19158,7.50487],[80.19118,7.50474],[80.19104,7.50493],[80.19097,7.50551],[80.1911,7.50562],[80.19109,7.50575],[80.19121,7.50582],[80.19104,7.50658],[80.19071,7.50667],[80.19056,7.50687],[80.19053,7.50702],[80.19034,7.50703],[80.19033,7.50711],[80.19042,7.50722],[80.19024,7.50732],[80.19015,7.50764],[80.18997,7.50797],[80.18994,7.50816],[80.18999,7.50829],[80.1899,7.50843],[80.18978,7.50852],[80.1895,7.50859],[80.18934,7.50859],[80.18886,7.50845],[80.18869,7.50854],[80.18863,7.5089],[80.189,7.50903],[80.18899,7.5091],[80.18872,7.5097],[80.18861,7.50985],[80.18841,7.50986],[80.18824,7.50993]]]}},{"type":"Feature","properties":{"c":"farmland","n":"Irrigable Area"},"geometry":{"type":"Polygon","coordinates":[[[80.18751,7.50996],[80.18752,7.51018],[80.18778,7.51039],[80.18784,7.51057],[80.1878,7.51088],[80.188,7.51095],[80.18818,7.51092],[80.18818,7.51027],[80.18809,7.50993],[80.18793,7.50998],[80.18751,7.50996]]]}},{"type":"Feature","properties":{"c":"farmland","n":"Irrigable Area"},"geometry":{"type":"Polygon","coordinates":[[[80.18695,7.50935],[80.18706,7.50978],[80.1875,7.50977],[80.1877,7.50982],[80.18791,7.50969],[80.18777,7.50921],[80.18757,7.50923],[80.18755,7.50896],[80.18759,7.50869],[80.18736,7.50871],[80.18716,7.50879],[80.18711,7.50897],[80.1873,7.50906],[80.18733,7.50919],[80.18729,7.50928],[80.18707,7.50927],[80.18695,7.50935]]]}},{"type":"Feature","properties":{"c":"farmland","n":"Irrigable Area"},"geometry":{"type":"Polygon","coordinates":[[[80.1846,7.51103],[80.18491,7.51115],[80.18507,7.51132],[80.18485,7.51153],[80.18538,7.51189],[80.18527,7.51234],[80.18614,7.5126],[80.18632,7.51247],[80.18702,7.51219],[80.18752,7.5118],[80.18741,7.51166],[80.18721,7.51112],[80.18668,7.50942],[80.18615,7.50939],[80.18607,7.50965],[80.18568,7.50961],[80.18595,7.51076],[80.18584,7.51096],[80.18517,7.51096],[80.1851,7.51084],[80.18491,7.51081],[80.1846,7.51103]]]}},{"type":"Feature","properties":{"c":"farmland","n":"Irrigable Area Multiiple Anicuts and Tanks"},"geometry":{"type":"Polygon","coordinates":[[[80.16952,7.52065],[80.16963,7.5213],[80.16988,7.52121],[80.17013,7.52134],[80.17036,7.52193],[80.17038,7.52209],[80.17029,7.52245],[80.17033,7.5226],[80.17106,7.52247],[80.17139,7.52225],[80.17192,7.52148],[80.1721,7.52134],[80.17212,7.52078],[80.1723,7.52021],[80.17232,7.52001],[80.17208,7.51917],[80.172,7.51876],[80.17195,7.51769],[80.17241,7.51775],[80.17258,7.51814],[80.17288,7.51842],[80.17318,7.51844],[80.17359,7.51836],[80.17339,7.51808],[80.17346,7.51788],[80.17382,7.51783],[80.17407,7.51812],[80.1748,7.51868],[80.175,7.51894],[80.17518,7.5193],[80.17528,7.51969],[80.17532,7.52085],[80.17497,7.52098],[80.17493,7.52161],[80.17508,7.52186],[80.17514,7.52269],[80.17512,7.52289],[80.17488,7.52292],[80.1749,7.52394],[80.17485,7.52413],[80.17579,7.5242],[80.17606,7.52376],[80.17655,7.52379],[80.17702,7.52385],[80.17731,7.52396],[80.17738,7.52438],[80.1775,7.52439],[80.17762,7.52433],[80.17773,7.52437],[80.17795,7.52406],[80.17792,7.52353],[80.17798,7.52344],[80.17813,7.5235],[80.17807,7.52288],[80.1777,7.52288],[80.17766,7.52261],[80.17759,7.52263],[80.17758,7.52251],[80.17753,7.52249],[80.17741,7.52251],[80.17739,7.52246],[80.17746,7.52233],[80.17739,7.52215],[80.17726,7.52209],[80.17713,7.52183],[80.17697,7.52187],[80.17661,7.52213],[80.17669,7.52231],[80.17664,7.52234],[80.17652,7.52236],[80.17642,7.52224],[80.17636,7.52185],[80.17645,7.52112],[80.17644,7.521],[80.17634,7.52094],[80.17629,7.5208],[80.17639,7.52062],[80.17681,7.52069],[80.17696,7.52083],[80.1772,7.52124],[80.17747,7.52124],[80.17751,7.52138],[80.17768,7.52138],[80.1778,7.52155],[80.178,7.52146],[80.17807,7.52149],[80.17815,7.52163],[80.17869,7.52144],[80.17867,7.52138],[80.17896,7.52133],[80.17883,7.52076],[80.17853,7.52082],[80.17844,7.52057],[80.17838,7.52054],[80.17829,7.52063],[80.17819,7.52053],[80.17811,7.52057],[80.17808,7.52046],[80.17796,7.52031],[80.17791,7.52028],[80.17781,7.52035],[80.17771,7.52028],[80.17758,7.52003],[80.17756,7.51987],[80.1774,7.5197],[80.17726,7.51962],[80.17691,7.51957],[80.17673,7.51943],[80.17668,7.51947],[80.17659,7.51927],[80.17648,7.5186],[80.17638,7.51844],[80.17613,7.51827],[80.17602,7.51803],[80.17548,7.5175],[80.17547,7.51738],[80.17572,7.51725],[80.17603,7.51718],[80.17601,7.51709],[80.17645,7.517],[80.17648,7.51709],[80.1767,7.51708],[80.17688,7.51715],[80.17711,7.51713],[80.17729,7.51703],[80.17768,7.51714],[80.17803,7.51712],[80.17814,7.51727],[80.17866,7.51721],[80.17886,7.51728],[80.17887,7.51744],[80.17895,7.51761],[80.17912,7.51753],[80.17958,7.5176],[80.18004,7.51783],[80.18029,7.51808],[80.18038,7.51837],[80.18037,7.5192],[80.1805,7.51959],[80.18065,7.5198],[80.1806,7.52005],[80.18073,7.52035],[80.18052,7.52039],[80.18045,7.52053],[80.18065,7.52073],[80.18059,7.52085],[80.18059,7.52118],[80.18048,7.52124],[80.18033,7.52122],[80.18031,7.52159],[80.18045,7.52194],[80.18033,7.52202],[80.18054,7.52263],[80.18073,7.5226],[80.18081,7.52327],[80.1809,7.52337],[80.18109,7.52331],[80.18127,7.52333],[80.18183,7.52363],[80.1822,7.52372],[80.18281,7.524],[80.18316,7.52451],[80.18294,7.52503],[80.18295,7.52518],[80.18314,7.52554],[80.18316,7.52575],[80.18309,7.52588],[80.18334,7.52595],[80.18342,7.52562],[80.18358,7.52543],[80.18384,7.52535],[80.18411,7.52532],[80.18434,7.52537],[80.1845,7.52548],[80.18468,7.52571],[80.18474,7.52603],[80.18489,7.52615],[80.18497,7.52628],[80.18499,7.52649],[80.18515,7.52683],[80.18544,7.52729],[80.18557,7.52725],[80.18641,7.5264],[80.18637,7.52624],[80.18617,7.52595],[80.18608,7.52557],[80.18617,7.52531],[80.18648,7.52512],[80.18616,7.52472],[80.18599,7.52485],[80.18589,7.52471],[80.18609,7.52459],[80.18601,7.52448],[80.18569,7.5245],[80.18552,7.5243],[80.18524,7.52366],[80.18485,7.52372],[80.1847,7.52366],[80.18458,7.52353],[80.18455,7.52337],[80.18458,7.52328],[80.18445,7.52283],[80.18445,7.52255],[80.18443,7.52251],[80.18434,7.52258],[80.18415,7.52249],[80.1841,7.52244],[80.18413,7.52227],[80.18404,7.52208],[80.18384,7.52196],[80.18353,7.52167],[80.18373,7.52157],[80.18367,7.52146],[80.1835,7.52146],[80.18343,7.5215],[80.1832,7.52097],[80.18334,7.52087],[80.18322,7.5205],[80.18298,7.52059],[80.18291,7.52046],[80.18285,7.52012],[80.18247,7.52007],[80.18235,7.51994],[80.18213,7.51944],[80.18205,7.51937],[80.182,7.51925],[80.18198,7.51899],[80.18189,7.51879],[80.18179,7.51871],[80.1815,7.51796],[80.18136,7.51725],[80.1814,7.51704],[80.18187,7.51698],[80.18243,7.51718],[80.18314,7.517],[80.18354,7.517],[80.18424,7.51722],[80.18456,7.51745],[80.18471,7.51763],[80.18492,7.51769],[80.18501,7.51777],[80.18512,7.5177],[80.18518,7.51783],[80.18521,7.51795],[80.18516,7.51804],[80.18506,7.51808],[80.185,7.51818],[80.18504,7.51858],[80.18496,7.51883],[80.18517,7.51895],[80.18528,7.51896],[80.18549,7.51877],[80.18558,7.51876],[80.18582,7.51888],[80.1858,7.51899],[80.18559,7.51928],[80.18578,7.51934],[80.1858,7.51931],[80.18589,7.51931],[80.18596,7.51945],[80.18603,7.51938],[80.18608,7.51954],[80.18688,7.52001],[80.18702,7.51964],[80.18703,7.51952],[80.18697,7.51952],[80.18696,7.51945],[80.187,7.51929],[80.18722,7.51928],[80.18734,7.51933],[80.18746,7.51919],[80.18762,7.5192],[80.18771,7.51925],[80.18767,7.51999],[80.18779,7.52004],[80.18807,7.51997],[80.18813,7.52],[80.18818,7.52013],[80.18828,7.52019],[80.18839,7.52018],[80.18857,7.52007],[80.18884,7.5197],[80.18897,7.51961],[80.189,7.51927],[80.18929,7.51875],[80.18936,7.51866],[80.18958,7.51858],[80.18959,7.51832],[80.1897,7.51825],[80.18986,7.51823],[80.19,7.51804],[80.18999,7.51797],[80.18976,7.51802],[80.18965,7.51798],[80.18963,7.51784],[80.18918,7.51761],[80.18893,7.51781],[80.18845,7.51766],[80.18797,7.51728],[80.18771,7.51731],[80.18735,7.51722],[80.18706,7.51721],[80.18688,7.51722],[80.18683,7.51728],[80.18639,7.51699],[80.18622,7.51697],[80.18604,7.51685],[80.18596,7.51694],[80.18593,7.51679],[80.18581,7.51667],[80.18534,7.51637],[80.18492,7.51586],[80.18487,7.51589],[80.18475,7.51569],[80.18454,7.5155],[80.18448,7.51534],[80.1842,7.51535],[80.18395,7.51527],[80.18378,7.51516],[80.18369,7.51493],[80.18377,7.51447],[80.18349,7.51432],[80.1832,7.51395],[80.18254,7.51361],[80.18214,7.51358],[80.18201,7.51368],[80.18198,7.51378],[80.18152,7.51382],[80.18137,7.51379],[80.18126,7.51388],[80.18115,7.51412],[80.18079,7.51456],[80.18051,7.51471],[80.18014,7.51479],[80.17999,7.51464],[80.17999,7.51447],[80.17982,7.51411],[80.17973,7.51413],[80.17956,7.51439],[80.17944,7.51441],[80.17928,7.51435],[80.17912,7.51407],[80.17903,7.51401],[80.17863,7.51407],[80.17857,7.51412],[80.17855,7.51434],[80.17846,7.51442],[80.17827,7.51448],[80.17766,7.5145],[80.17707,7.5149],[80.17644,7.51515],[80.17634,7.51529],[80.17621,7.51535],[80.17605,7.51533],[80.1759,7.51539],[80.17531,7.51535],[80.17522,7.51532],[80.175,7.51503],[80.17452,7.5149],[80.17444,7.51481],[80.17431,7.51476],[80.1737,7.51463],[80.17337,7.51473],[80.17324,7.51471],[80.17315,7.51479],[80.17276,7.51482],[80.17265,7.51488],[80.17268,7.515],[80.17263,7.51514],[80.17247,7.5152],[80.17199,7.51525],[80.17191,7.51522],[80.17177,7.51498],[80.17177,7.51472],[80.17156,7.51475],[80.17161,7.515],[80.17141,7.51515],[80.17117,7.51522],[80.17097,7.51522],[80.17098,7.51496],[80.17075,7.51505],[80.17066,7.51499],[80.17056,7.51501],[80.17054,7.51518],[80.17033,7.51537],[80.17041,7.51575],[80.17037,7.51615],[80.17056,7.51698],[80.17076,7.51838],[80.17116,7.5187],[80.17099,7.51892],[80.17071,7.5189],[80.17067,7.51955],[80.17071,7.51987],[80.17058,7.51994],[80.17042,7.51978],[80.17023,7.51974],[80.16999,7.51987],[80.16996,7.52004],[80.1696,7.52032],[80.16952,7.52065]]]}},{"type":"Feature","properties":{"c":"farmland","n":"Irrigable Area Multiiple Anicuts and Tanks"},"geometry":{"type":"Polygon","coordinates":[[[80.16112,7.51072],[80.16117,7.51081],[80.16147,7.51093],[80.16159,7.51107],[80.16183,7.51124],[80.16192,7.51147],[80.16189,7.51172],[80.16196,7.51206],[80.16207,7.51214],[80.16211,7.5123],[80.16209,7.51262],[80.1622,7.51269],[80.16215,7.51288],[80.1623,7.51295],[80.16261,7.51234],[80.16274,7.51226],[80.16293,7.51223],[80.16296,7.51204],[80.16321,7.51202],[80.16325,7.51213],[80.16402,7.51224],[80.16411,7.51232],[80.16418,7.51258],[80.16403,7.51286],[80.16392,7.51301],[80.1638,7.51302],[80.16371,7.51325],[80.16344,7.51349],[80.16342,7.51361],[80.16382,7.51367],[80.16397,7.5136],[80.16408,7.51349],[80.16431,7.51301],[80.16499,7.51254],[80.1651,7.51255],[80.16524,7.51263],[80.16547,7.51294],[80.16575,7.5131],[80.16597,7.5129],[80.16617,7.51284],[80.16661,7.51286],[80.16713,7.51341],[80.16742,7.51362],[80.16787,7.51364],[80.16812,7.51392],[80.16849,7.51409],[80.16871,7.51439],[80.17012,7.51507],[80.17015,7.51477],[80.17022,7.51468],[80.17055,7.51468],[80.17113,7.51461],[80.17214,7.51441],[80.17212,7.51457],[80.17232,7.51459],[80.17259,7.5144],[80.17303,7.51457],[80.17337,7.51463],[80.17395,7.51427],[80.17422,7.51437],[80.17451,7.51441],[80.17456,7.51449],[80.17448,7.51465],[80.17471,7.51485],[80.17503,7.51493],[80.17543,7.51522],[80.17583,7.51528],[80.17648,7.51511],[80.1771,7.51481],[80.17758,7.51448],[80.17789,7.51442],[80.17822,7.51442],[80.17842,7.51431],[80.17849,7.51412],[80.1786,7.514],[80.1789,7.51394],[80.17913,7.514],[80.17936,7.51429],[80.17967,7.51418],[80.17971,7.51407],[80.17994,7.51407],[80.1802,7.51456],[80.18036,7.51467],[80.18055,7.51459],[80.18084,7.51434],[80.18126,7.51379],[80.18155,7.51366],[80.18201,7.51368],[80.18214,7.51358],[80.18254,7.51361],[80.1832,7.51395],[80.18349,7.51432],[80.18367,7.51443],[80.18406,7.51457],[80.18445,7.51463],[80.18461,7.51493],[80.18486,7.51512],[80.18533,7.51498],[80.18557,7.51482],[80.18577,7.51437],[80.18598,7.51418],[80.18611,7.51436],[80.18647,7.51467],[80.18668,7.51469],[80.18713,7.51412],[80.18643,7.5139],[80.18597,7.51361],[80.18564,7.51348],[80.18543,7.51318],[80.18538,7.51297],[80.18508,7.51306],[80.18487,7.51244],[80.18471,7.5122],[80.18422,7.51197],[80.18408,7.51181],[80.18376,7.51158],[80.18332,7.51144],[80.18262,7.51219],[80.18198,7.5127],[80.18132,7.51284],[80.18066,7.51347],[80.18036,7.51353],[80.18004,7.51349],[80.1799,7.51342],[80.17966,7.51307],[80.17926,7.51306],[80.17923,7.51343],[80.1789,7.51342],[80.17865,7.51329],[80.17815,7.51341],[80.17771,7.51351],[80.17636,7.51412],[80.17587,7.51422],[80.17557,7.51415],[80.17497,7.51393],[80.17477,7.51379],[80.17449,7.5135],[80.17439,7.51281],[80.17455,7.51203],[80.17478,7.51145],[80.17498,7.51141],[80.17514,7.5111],[80.17489,7.51099],[80.17504,7.51074],[80.17545,7.51075],[80.17569,7.51031],[80.1761,7.50985],[80.17701,7.50942],[80.17713,7.50917],[80.17713,7.50892],[80.17706,7.50863],[80.17739,7.5081],[80.17769,7.50783],[80.17818,7.50751],[80.17884,7.5069],[80.17925,7.50673],[80.1808,7.50673],[80.18087,7.50627],[80.18101,7.50599],[80.18145,7.50572],[80.18191,7.50562],[80.18246,7.50567],[80.1826,7.5059],[80.18306,7.50621],[80.18329,7.50593],[80.18359,7.50518],[80.18329,7.50533],[80.18295,7.5052],[80.18245,7.50483],[80.18247,7.5045],[80.18275,7.50375],[80.18312,7.50341],[80.18329,7.50316],[80.18333,7.50296],[80.18294,7.50275],[80.18256,7.50353],[80.18244,7.50367],[80.18179,7.50413],[80.18147,7.50457],[80.18121,7.50447],[80.18095,7.50495],[80.17994,7.50504],[80.17974,7.50498],[80.17962,7.50489],[80.17974,7.50457],[80.17981,7.50414],[80.18017,7.50348],[80.18019,7.50334],[80.18015,7.50329],[80.18028,7.50276],[80.18028,7.50262],[80.18015,7.50214],[80.18007,7.50202],[80.17985,7.5019],[80.17978,7.50177],[80.17978,7.50148],[80.17921,7.50032],[80.17913,7.49994],[80.17771,7.49995],[80.17788,7.50039],[80.17787,7.50065],[80.17741,7.50065],[80.17763,7.5013],[80.17771,7.50192],[80.17759,7.50268],[80.17734,7.50357],[80.17737,7.50384],[80.17751,7.50422],[80.17751,7.50455],[80.17756,7.50459],[80.17746,7.50489],[80.17709,7.5053],[80.17702,7.50547],[80.17671,7.50574],[80.17661,7.50594],[80.1763,7.50623],[80.17623,7.50639],[80.17601,7.50658],[80.1756,7.50719],[80.17501,7.50746],[80.17488,7.50757],[80.17471,7.50799],[80.1742,7.50856],[80.17393,7.50836],[80.1739,7.50855],[80.1738,7.50867],[80.17368,7.50867],[80.17336,7.50816],[80.17312,7.50799],[80.17294,7.5081],[80.17272,7.50835],[80.17326,7.50875],[80.17345,7.50848],[80.17342,7.50875],[80.1735,7.50889],[80.17343,7.50898],[80.17356,7.50902],[80.17362,7.50913],[80.17355,7.50925],[80.17342,7.50922],[80.17338,7.50925],[80.17334,7.50986],[80.17357,7.5101],[80.17384,7.51024],[80.17411,7.51026],[80.17436,7.5104],[80.17395,7.51057],[80.17391,7.51066],[80.17395,7.51094],[80.17412,7.51109],[80.17405,7.5112],[80.17366,7.51141],[80.17326,7.51134],[80.17319,7.51124],[80.17286,7.5113],[80.1728,7.51104],[80.1724,7.51101],[80.17218,7.51112],[80.17204,7.51126],[80.17151,7.51129],[80.17128,7.51138],[80.17126,7.51148],[80.17113,7.51157],[80.17065,7.51174],[80.17022,7.51138],[80.17016,7.51138],[80.17002,7.51152],[80.16988,7.51154],[80.16967,7.51145],[80.16955,7.51128],[80.16962,7.51063],[80.16986,7.50981],[80.16979,7.50967],[80.16984,7.50933],[80.16975,7.50921],[80.16998,7.50896],[80.16975,7.50859],[80.16951,7.50799],[80.16964,7.50756],[80.16963,7.50735],[80.16987,7.50695],[80.16981,7.50685],[80.17003,7.50669],[80.17015,7.50616],[80.17022,7.50605],[80.17043,7.50593],[80.17061,7.50573],[80.17059,7.50565],[80.16955,7.50537],[80.16947,7.50583],[80.16931,7.50606],[80.16896,7.50596],[80.16895,7.50581],[80.16862,7.50555],[80.16855,7.50542],[80.16866,7.50474],[80.16862,7.50423],[80.169,7.50435],[80.16912,7.50447],[80.16922,7.50421],[80.16908,7.50404],[80.16887,7.50393],[80.16872,7.50378],[80.1685,7.50261],[80.1686,7.50259],[80.16886,7.50223],[80.16921,7.50196],[80.16938,7.50162],[80.16949,7.50153],[80.16966,7.5016],[80.16989,7.50143],[80.16998,7.50121],[80.17006,7.5005],[80.16975,7.50049],[80.1691,7.50066],[80.16893,7.50092],[80.16886,7.50137],[80.16848,7.50182],[80.16809,7.50212],[80.16813,7.50228],[80.16756,7.5026],[80.16747,7.50298],[80.16766,7.50306],[80.1677,7.50338],[80.16722,7.50344],[80.16715,7.50356],[80.16712,7.50392],[80.16722,7.50393],[80.16723,7.504],[80.16736,7.50401],[80.16738,7.50414],[80.16759,7.50413],[80.16755,7.50474],[80.16736,7.5048],[80.16726,7.50504],[80.16716,7.50503],[80.16712,7.50528],[80.16737,7.5053],[80.1673,7.50586],[80.16754,7.5058],[80.16758,7.50583],[80.16756,7.50609],[80.16743,7.50618],[80.16751,7.50676],[80.16731,7.50684],[80.16711,7.50681],[80.16663,7.50692],[80.16635,7.5069],[80.16627,7.50683],[80.16622,7.50666],[80.16605,7.50668],[80.16604,7.50659],[80.16613,7.50651],[80.16623,7.50628],[80.16611,7.50589],[80.1659,7.50598],[80.16583,7.50594],[80.16573,7.50546],[80.16586,7.50525],[80.1656,7.50503],[80.16522,7.50498],[80.16512,7.50487],[80.16502,7.50464],[80.1643,7.5047],[80.16425,7.50492],[80.16432,7.50524],[80.16414,7.50551],[80.16413,7.5058],[80.16448,7.50577],[80.1646,7.50586],[80.16487,7.5064],[80.16469,7.50652],[80.16472,7.50666],[80.16484,7.50686],[80.16465,7.50694],[80.16467,7.50734],[80.16436,7.5075],[80.16423,7.50743],[80.16414,7.50755],[80.16392,7.5077],[80.16386,7.50791],[80.16394,7.5083],[80.16434,7.5085],[80.16492,7.50853],[80.16578,7.50877],[80.16602,7.50879],[80.16598,7.50869],[80.16606,7.50865],[80.16619,7.50865],[80.16626,7.50872],[80.16644,7.50862],[80.16653,7.50868],[80.16655,7.50881],[80.16687,7.50885],[80.16694,7.50876],[80.16716,7.5088],[80.16726,7.50877],[80.16749,7.50819],[80.16755,7.50814],[80.16847,7.50805],[80.16868,7.50814],[80.16887,7.50834],[80.16901,7.5086],[80.16904,7.50882],[80.16898,7.50897],[80.16888,7.50903],[80.16876,7.5089],[80.16844,7.50888],[80.16817,7.50901],[80.16817,7.50928],[80.16832,7.50936],[80.16841,7.50955],[80.16835,7.50977],[80.16837,7.51052],[80.16832,7.51066],[80.16837,7.51099],[80.16848,7.51124],[80.16829,7.51134],[80.16826,7.51144],[80.16765,7.51143],[80.1669,7.51118],[80.16538,7.511],[80.16517,7.51091],[80.16494,7.51064],[80.16493,7.51038],[80.16515,7.50952],[80.165,7.50935],[80.16405,7.50909],[80.16374,7.50961],[80.16364,7.50994],[80.16351,7.50991],[80.16307,7.51003],[80.16155,7.50983],[80.16146,7.5102],[80.16112,7.51072]]]}},{"type":"Feature","properties":{"c":"farmland","n":"Irrigable Area Multiiple Anicuts and Tanks"},"geometry":{"type":"Polygon","coordinates":[[[80.19137,7.48457],[80.19146,7.48475],[80.19167,7.48488],[80.19189,7.48515],[80.19231,7.48645],[80.19236,7.48682],[80.19218,7.48736],[80.19225,7.48742],[80.19209,7.48775],[80.19209,7.4878],[80.19218,7.48788],[80.1922,7.488],[80.19215,7.48804],[80.19213,7.48834],[80.19191,7.48928],[80.19207,7.48952],[80.19232,7.4897],[80.19236,7.48984],[80.19231,7.48988],[80.19248,7.49026],[80.19262,7.49041],[80.19306,7.49018],[80.19301,7.48991],[80.19322,7.48979],[80.19348,7.48956],[80.19354,7.48915],[80.19344,7.48901],[80.19316,7.48898],[80.19303,7.48892],[80.19271,7.48815],[80.19289,7.48759],[80.19321,7.48713],[80.19324,7.48693],[80.19317,7.48647],[80.19326,7.4863],[80.19327,7.48573],[80.19322,7.48566],[80.19305,7.48576],[80.19281,7.48519],[80.19246,7.4851],[80.19237,7.48492],[80.19208,7.48464],[80.19212,7.48448],[80.19205,7.48406],[80.19208,7.48396],[80.19167,7.48384],[80.19144,7.48388],[80.1914,7.48394],[80.19146,7.48423],[80.19137,7.48457]]]}},{"type":"Feature","properties":{"c":"farmland","n":"Irrigable Area Multiiple Anicuts and Tanks"},"geometry":{"type":"Polygon","coordinates":[[[80.15671,7.51961],[80.15715,7.51997],[80.15798,7.52045],[80.15836,7.52064],[80.15877,7.52068],[80.15882,7.52098],[80.1592,7.52095],[80.15903,7.52137],[80.15951,7.52174],[80.15976,7.52095],[80.16005,7.52069],[80.16041,7.52051],[80.16063,7.52028],[80.16071,7.51979],[80.16086,7.51979],[80.16119,7.5199],[80.1612,7.52019],[80.16138,7.52055],[80.16233,7.52124],[80.16302,7.5215],[80.1632,7.52176],[80.1636,7.52195],[80.16475,7.52302],[80.16541,7.52275],[80.16524,7.52247],[80.16505,7.52187],[80.16505,7.52122],[80.16512,7.52102],[80.16548,7.52086],[80.1659,7.52081],[80.16664,7.52093],[80.16691,7.52114],[80.16731,7.52125],[80.16746,7.52114],[80.16757,7.52054],[80.16756,7.52037],[80.16739,7.52005],[80.16728,7.5197],[80.16711,7.51978],[80.16681,7.51924],[80.16638,7.51921],[80.16561,7.51931],[80.16539,7.51918],[80.16521,7.51876],[80.16502,7.51852],[80.16524,7.51834],[80.16548,7.51825],[80.16566,7.51834],[80.16565,7.51787],[80.16573,7.5176],[80.16536,7.51745],[80.16512,7.51773],[80.16492,7.51768],[80.16466,7.51826],[80.1644,7.51798],[80.16421,7.51753],[80.16415,7.5169],[80.16423,7.51609],[80.16419,7.51536],[80.16473,7.51453],[80.16558,7.51353],[80.16515,7.51307],[80.16498,7.51323],[80.1648,7.51353],[80.16456,7.51375],[80.16393,7.51391],[80.16363,7.51389],[80.16334,7.51422],[80.16294,7.51433],[80.16281,7.51426],[80.16274,7.51449],[80.16227,7.51453],[80.16204,7.51436],[80.16171,7.51449],[80.16189,7.51457],[80.16204,7.51482],[80.16197,7.5151],[80.1618,7.51544],[80.16123,7.51591],[80.16062,7.51556],[80.16046,7.51525],[80.1592,7.5142],[80.15889,7.51408],[80.15816,7.51365],[80.15752,7.51344],[80.15728,7.51413],[80.158,7.51444],[80.15871,7.51483],[80.15936,7.51553],[80.15973,7.51603],[80.15975,7.51638],[80.15919,7.51695],[80.15863,7.51723],[80.1577,7.51755],[80.15751,7.51786],[80.15731,7.51786],[80.15707,7.51802],[80.15687,7.51823],[80.15681,7.51847],[80.1569,7.51887],[80.15715,7.51888],[80.15695,7.51934],[80.15671,7.51961]]]}},{"type":"Feature","properties":{"c":"farmland","n":"Irrigable Area"},"geometry":{"type":"Polygon","coordinates":[[[80.18763,7.49416],[80.18767,7.49435],[80.18791,7.49436],[80.18813,7.49447],[80.18826,7.49447],[80.18874,7.49462],[80.18873,7.49475],[80.1886,7.49506],[80.18842,7.49535],[80.18867,7.49542],[80.18906,7.49532],[80.18931,7.49518],[80.18938,7.49509],[80.18964,7.49503],[80.18981,7.49459],[80.18955,7.49449],[80.18972,7.49356],[80.18959,7.49344],[80.18879,7.49323],[80.18854,7.4932],[80.18843,7.49362],[80.18828,7.49384],[80.18815,7.49381],[80.18806,7.49409],[80.18794,7.49414],[80.18763,7.49416]]]}},{"type":"Feature","properties":{"c":"farmland","n":"Irrigable Area"},"geometry":{"type":"Polygon","coordinates":[[[80.18445,7.49455],[80.18468,7.49489],[80.18485,7.49506],[80.18633,7.49566],[80.18695,7.49578],[80.18733,7.49563],[80.18792,7.4955],[80.18763,7.49424],[80.18738,7.49438],[80.18702,7.49446],[80.18643,7.49444],[80.18594,7.4943],[80.18541,7.49393],[80.185,7.49399],[80.18504,7.49383],[80.18496,7.49368],[80.18489,7.49357],[80.18464,7.49345],[80.18448,7.49346],[80.18471,7.49378],[80.18473,7.49403],[80.18445,7.49447],[80.18445,7.49455]]]}},{"type":"Feature","properties":{"c":"farmland","n":"Irrigable Area Multiiple Anicuts and Tanks"},"geometry":{"type":"Polygon","coordinates":[[[80.17877,7.47802],[80.17893,7.47839],[80.17904,7.47855],[80.17939,7.47864],[80.17945,7.47871],[80.17952,7.47895],[80.17984,7.47944],[80.1799,7.47975],[80.17985,7.48003],[80.17959,7.48056],[80.1796,7.48072],[80.17974,7.4813],[80.17984,7.48242],[80.17999,7.48312],[80.17998,7.4832],[80.17987,7.48328],[80.17986,7.48342],[80.1799,7.4835],[80.1802,7.48366],[80.18023,7.48386],[80.1801,7.48403],[80.18013,7.48418],[80.17992,7.48423],[80.18001,7.48441],[80.18001,7.48507],[80.17976,7.48602],[80.1797,7.48613],[80.1793,7.48607],[80.17928,7.48617],[80.17955,7.48731],[80.17986,7.48762],[80.17998,7.4878],[80.17987,7.48818],[80.17976,7.48894],[80.17983,7.4891],[80.18033,7.48925],[80.18039,7.48958],[80.18057,7.48984],[80.18101,7.48988],[80.18151,7.48973],[80.1817,7.48974],[80.18163,7.48897],[80.18144,7.48825],[80.18117,7.48829],[80.18096,7.48813],[80.18036,7.48792],[80.18053,7.48756],[80.18056,7.48758],[80.18067,7.48747],[80.18082,7.48713],[80.18084,7.48688],[80.18073,7.4868],[80.18067,7.48669],[80.1809,7.48624],[80.18089,7.48589],[80.18106,7.48491],[80.18121,7.48468],[80.18144,7.48455],[80.18179,7.48423],[80.18173,7.48394],[80.18156,7.48356],[80.18159,7.48343],[80.18082,7.48342],[80.18064,7.48314],[80.18094,7.48308],[80.18102,7.48292],[80.18113,7.48284],[80.18114,7.48297],[80.18124,7.48312],[80.18144,7.48323],[80.18164,7.48323],[80.18167,7.48232],[80.18105,7.48241],[80.18062,7.48238],[80.18048,7.48209],[80.18031,7.4794],[80.18059,7.47903],[80.18073,7.47871],[80.18064,7.47858],[80.1805,7.47814],[80.18021,7.47816],[80.18018,7.47795],[80.17984,7.47801],[80.17935,7.47794],[80.17877,7.47802]]]}},{"type":"Feature","properties":{"c":"farmland","n":"Irrigable Area Multiiple Anicuts and Tanks"},"geometry":{"type":"Polygon","coordinates":[[[80.18041,7.4926],[80.18043,7.49276],[80.18052,7.49292],[80.18045,7.49348],[80.18079,7.49359],[80.18106,7.49355],[80.18121,7.49333],[80.18136,7.49322],[80.1816,7.49312],[80.18177,7.49314],[80.18228,7.49326],[80.1824,7.49344],[80.18274,7.49357],[80.18298,7.49374],[80.18291,7.49402],[80.18307,7.49403],[80.1834,7.49313],[80.18369,7.49264],[80.18329,7.49211],[80.18321,7.49182],[80.18324,7.4916],[80.18338,7.49125],[80.1838,7.49054],[80.18434,7.49007],[80.18458,7.48988],[80.18483,7.48993],[80.18498,7.48977],[80.18529,7.48966],[80.18539,7.48875],[80.18516,7.48863],[80.18428,7.48877],[80.18383,7.48899],[80.18359,7.48924],[80.18344,7.48923],[80.18316,7.489],[80.1828,7.48915],[80.18268,7.48954],[80.18252,7.4898],[80.18175,7.48981],[80.18178,7.49072],[80.18167,7.49086],[80.18158,7.49126],[80.18158,7.49149],[80.18134,7.49207],[80.1809,7.49251],[80.18041,7.4926]]]}},{"type":"Feature","properties":{"c":"forest"},"geometry":{"type":"Polygon","coordinates":[[[80.17957,7.52553],[80.18001,7.52638],[80.18063,7.52606],[80.181,7.52514],[80.18043,7.52508],[80.17957,7.52553]]]}},{"type":"Feature","properties":{"c":"forest"},"geometry":{"type":"Polygon","coordinates":[[[80.18056,7.5269],[80.18112,7.52756],[80.18173,7.52705],[80.18178,7.52588],[80.18056,7.5269]]]}},{"type":"Feature","properties":{"c":"forest"},"geometry":{"type":"Polygon","coordinates":[[[80.18185,7.5264],[80.182,7.52661],[80.18286,7.52634],[80.18235,7.52574],[80.18196,7.52607],[80.18185,7.5264]]]}},{"type":"Feature","properties":{"c":"forest"},"geometry":{"type":"Polygon","coordinates":[[[80.17781,7.52485],[80.17787,7.52627],[80.1788,7.52624],[80.17875,7.52483],[80.17839,7.52499],[80.17857,7.52482],[80.17781,7.52485]]]}},{"type":"Feature","properties":{"c":"forest"},"geometry":{"type":"Polygon","coordinates":[[[80.18406,7.48092],[80.18533,7.48217],[80.18664,7.4824],[80.1895,7.48042],[80.18963,7.47829],[80.18861,7.47648],[80.1872,7.47627],[80.18617,7.4768],[80.18406,7.48092]]]}},{"type":"Feature","properties":{"c":"forest"},"geometry":{"type":"Polygon","coordinates":[[[80.19228,7.47912],[80.19236,7.47936],[80.19268,7.47929],[80.19259,7.47901],[80.19228,7.47912]]]}},{"type":"Feature","properties":{"c":"forest"},"geometry":{"type":"Polygon","coordinates":[[[80.19235,7.47946],[80.19241,7.4797],[80.1926,7.47975],[80.19264,7.48021],[80.1929,7.48019],[80.19301,7.48023],[80.19372,7.47982],[80.19361,7.47963],[80.19339,7.47948],[80.19351,7.47921],[80.19322,7.47908],[80.19292,7.4791],[80.19279,7.47936],[80.19246,7.47938],[80.19235,7.47946]]]}},{"type":"Feature","properties":{"c":"forest"},"geometry":{"type":"Polygon","coordinates":[[[80.18925,7.5213],[80.18989,7.52271],[80.19047,7.52246],[80.18983,7.52104],[80.18925,7.5213]]]}},{"type":"Feature","properties":{"c":"forest"},"geometry":{"type":"Polygon","coordinates":[[[80.17484,7.50443],[80.1755,7.50459],[80.17557,7.50432],[80.17661,7.50351],[80.17518,7.50314],[80.17484,7.50443]]]}},{"type":"Feature","properties":{"c":"forest"},"geometry":{"type":"Polygon","coordinates":[[[80.18157,7.53239],[80.18179,7.5333],[80.18361,7.53334],[80.18382,7.53257],[80.18316,7.5324],[80.18157,7.53239]]]}},{"type":"Feature","properties":{"c":"forest"},"geometry":{"type":"Polygon","coordinates":[[[80.18509,7.52087],[80.18519,7.52182],[80.18555,7.52171],[80.18552,7.52137],[80.18582,7.52117],[80.18628,7.52103],[80.18657,7.52088],[80.18696,7.52055],[80.18655,7.52027],[80.18639,7.52041],[80.18615,7.52019],[80.18557,7.52037],[80.18509,7.52087]]]}},{"type":"Feature","properties":{"c":"farmland"},"geometry":{"type":"Polygon","coordinates":[[[80.19547,7.5269],[80.19584,7.5271],[80.19575,7.5272],[80.19607,7.52732],[80.19636,7.52693],[80.19698,7.52745],[80.1972,7.52735],[80.19698,7.52716],[80.19679,7.52686],[80.19658,7.52671],[80.19658,7.52634],[80.19667,7.52623],[80.19741,7.52587],[80.19726,7.52563],[80.19669,7.52548],[80.19595,7.52638],[80.19557,7.5267],[80.19547,7.5269]]]}},{"type":"Feature","properties":{"c":"farmland"},"geometry":{"type":"Polygon","coordinates":[[[80.18367,7.52035],[80.18409,7.52032],[80.18412,7.52067],[80.18471,7.5206],[80.18503,7.5208],[80.18528,7.52053],[80.18509,7.52032],[80.18527,7.51975],[80.18528,7.51934],[80.18475,7.5192],[80.18462,7.51982],[80.18438,7.51996],[80.18371,7.51996],[80.18367,7.52035]]]}},{"type":"Feature","properties":{"c":"forest"},"geometry":{"type":"Polygon","coordinates":[[[80.18983,7.5209],[80.19054,7.52212],[80.19237,7.52179],[80.19278,7.52141],[80.19383,7.52122],[80.19412,7.5209],[80.1948,7.52067],[80.19582,7.52103],[80.196,7.52082],[80.1958,7.52048],[80.19551,7.52064],[80.19539,7.52038],[80.19563,7.52022],[80.19542,7.51934],[80.19468,7.51895],[80.19425,7.51831],[80.19422,7.51808],[80.19292,7.51848],[80.19147,7.51867],[80.19197,7.51958],[80.19129,7.51937],[80.19107,7.52038],[80.19067,7.52047],[80.1905,7.51963],[80.19016,7.51978],[80.19017,7.52045],[80.18983,7.5209]]]}},{"type":"Feature","properties":{"c":"farmland"},"geometry":{"type":"Polygon","coordinates":[[[80.18378,7.50946],[80.18456,7.5104],[80.18476,7.51023],[80.18474,7.50996],[80.18459,7.50993],[80.18456,7.50963],[80.18485,7.50941],[80.18472,7.50924],[80.18458,7.50936],[80.18448,7.50904],[80.18425,7.50911],[80.18378,7.5094],[80.18378,7.50946]]]}},{"type":"Feature","properties":{"c":"farmland"},"geometry":{"type":"Polygon","coordinates":[[[80.16819,7.52386],[80.16905,7.52476],[80.17007,7.5238],[80.17001,7.52265],[80.16963,7.52213],[80.16871,7.52241],[80.16851,7.5231],[80.16874,7.52334],[80.16819,7.52386]]]}},{"type":"Feature","properties":{"c":"farmland"},"geometry":{"type":"Polygon","coordinates":[[[80.14928,7.51237],[80.15198,7.51379],[80.15284,7.51216],[80.15234,7.50957],[80.1525,7.50907],[80.15248,7.50827],[80.15173,7.50829],[80.14928,7.51237]]]}},{"type":"Feature","properties":{"c":"farmland"},"geometry":{"type":"Polygon","coordinates":[[[80.14666,7.51135],[80.14882,7.5126],[80.15095,7.50899],[80.14996,7.50842],[80.14901,7.50736],[80.14666,7.51135]]]}},{"type":"Feature","properties":{"c":"farmland"},"geometry":{"type":"Polygon","coordinates":[[[80.14765,7.50265],[80.14823,7.50676],[80.1505,7.50765],[80.15226,7.50455],[80.14988,7.50355],[80.14959,7.50394],[80.14765,7.50265]]]}},{"type":"Feature","properties":{"c":"farmland"},"geometry":{"type":"Polygon","coordinates":[[[80.14782,7.50227],[80.14974,7.50343],[80.15235,7.50422],[80.1543,7.50181],[80.15554,7.49954],[80.15411,7.49877],[80.148,7.50147],[80.14782,7.50227]]]}},{"type":"Feature","properties":{"c":"forest"},"geometry":{"type":"Polygon","coordinates":[[[80.18838,7.53305],[80.18911,7.53335],[80.18967,7.53203],[80.18848,7.53193],[80.18838,7.53305]]]}},{"type":"Feature","properties":{"c":"forest"},"geometry":{"type":"Polygon","coordinates":[[[80.18924,7.53302],[80.18954,7.53316],[80.1894,7.53345],[80.19078,7.53411],[80.19182,7.53194],[80.19156,7.53182],[80.19074,7.532],[80.1904,7.53216],[80.18979,7.53187],[80.18924,7.53302]]]}},{"type":"Feature","properties":{"c":"farmland"},"geometry":{"type":"Polygon","coordinates":[[[80.19368,7.53354],[80.19375,7.53345],[80.19437,7.5337],[80.19393,7.53505],[80.19645,7.53509],[80.19712,7.53322],[80.19631,7.53243],[80.19552,7.53156],[80.19424,7.53199],[80.19368,7.53354]]]}},{"type":"Feature","properties":{"c":"farmland"},"geometry":{"type":"Polygon","coordinates":[[[80.20912,7.52209],[80.20923,7.52226],[80.20961,7.52245],[80.21008,7.52247],[80.21028,7.52233],[80.20986,7.5222],[80.20978,7.52211],[80.20999,7.52211],[80.21082,7.52189],[80.21078,7.52176],[80.21095,7.52164],[80.21111,7.52177],[80.21163,7.52153],[80.21125,7.52096],[80.21098,7.52095],[80.21058,7.52077],[80.21044,7.52085],[80.21031,7.52061],[80.20991,7.52075],[80.2099,7.52133],[80.20966,7.52157],[80.2092,7.52172],[80.20912,7.52209]]]}},{"type":"Feature","properties":{"c":"farmland"},"geometry":{"type":"Polygon","coordinates":[[[80.2104,7.51869],[80.2122,7.5206],[80.21166,7.52078],[80.21137,7.52098],[80.21168,7.52136],[80.2122,7.5212],[80.21385,7.52218],[80.21434,7.52168],[80.21354,7.52115],[80.21361,7.51973],[80.21357,7.51929],[80.21336,7.51869],[80.21303,7.51881],[80.21298,7.51996],[80.21226,7.51992],[80.2112,7.51869],[80.21151,7.51837],[80.21105,7.51827],[80.2104,7.51869]]]}},{"type":"Feature","properties":{"c":"farmland"},"geometry":{"type":"Polygon","coordinates":[[[80.22334,7.50873],[80.22385,7.50909],[80.22418,7.50877],[80.22368,7.5083],[80.22436,7.5076],[80.22495,7.50712],[80.22563,7.50631],[80.22463,7.50578],[80.22399,7.50719],[80.22357,7.50778],[80.2234,7.50774],[80.22334,7.50873]]]}},{"type":"Feature","properties":{"c":"farmland"},"geometry":{"type":"Polygon","coordinates":[[[80.22403,7.50361],[80.22477,7.50444],[80.22525,7.50385],[80.22479,7.50301],[80.22436,7.50317],[80.22403,7.50361]]]}},{"type":"Feature","properties":{"c":"farmland"},"geometry":{"type":"Polygon","coordinates":[[[80.22167,7.50217],[80.22189,7.50255],[80.22226,7.50288],[80.22256,7.50269],[80.2231,7.50306],[80.22376,7.50318],[80.22468,7.50282],[80.22523,7.50202],[80.22423,7.50076],[80.22366,7.50081],[80.22332,7.50098],[80.2233,7.50163],[80.22308,7.50203],[80.22167,7.50217]]]}},{"type":"Feature","properties":{"c":"farmland"},"geometry":{"type":"Polygon","coordinates":[[[80.19777,7.51815],[80.19951,7.51863],[80.19982,7.51789],[80.19805,7.51739],[80.19777,7.51815]]]}},{"type":"Feature","properties":{"c":"farmland"},"geometry":{"type":"Polygon","coordinates":[[[80.16282,7.49232],[80.16323,7.49294],[80.16512,7.49315],[80.16561,7.49273],[80.16654,7.49327],[80.16692,7.49296],[80.16656,7.49205],[80.16632,7.49205],[80.16615,7.49132],[80.16662,7.49064],[80.16719,7.48869],[80.16662,7.48832],[80.16654,7.48671],[80.16672,7.48653],[80.16657,7.48612],[80.16578,7.48627],[80.16588,7.48662],[80.16546,7.48679],[80.16529,7.48664],[80.16524,7.48576],[80.16421,7.48574],[80.16425,7.48645],[80.16566,7.48888],[80.16544,7.48963],[80.16486,7.49087],[80.16475,7.49079],[80.16425,7.49167],[80.16322,7.49139],[80.16282,7.49232]]]}},{"type":"Feature","properties":{"c":"farmland"},"geometry":{"type":"Polygon","coordinates":[[[80.20739,7.52032],[80.20885,7.52074],[80.20918,7.51957],[80.20777,7.51929],[80.20739,7.52032]]]}},{"type":"Feature","properties":{"c":"farmland"},"geometry":{"type":"Polygon","coordinates":[[[80.20123,7.50244],[80.20191,7.50248],[80.20276,7.50279],[80.20302,7.50227],[80.20205,7.50194],[80.20169,7.50169],[80.20123,7.50244]]]}},{"type":"Feature","properties":{"c":"farmland"},"geometry":{"type":"Polygon","coordinates":[[[80.20516,7.49755],[80.20741,7.49762],[80.20873,7.49807],[80.21011,7.49632],[80.20916,7.49518],[80.20864,7.49549],[80.20811,7.49599],[80.20762,7.49588],[80.20663,7.4969],[80.20519,7.49699],[80.20516,7.49755]]]}},{"type":"Feature","properties":{"c":"farmland"},"geometry":{"type":"Polygon","coordinates":[[[80.20234,7.49796],[80.20286,7.49896],[80.20321,7.49881],[80.20356,7.49847],[80.20484,7.49886],[80.20534,7.49873],[80.20531,7.49913],[80.20547,7.4993],[80.20651,7.49955],[80.20739,7.5005],[80.20736,7.50065],[80.20787,7.50123],[80.20787,7.50172],[80.20748,7.50165],[80.20756,7.50207],[80.2077,7.50207],[80.20773,7.5022],[80.20833,7.50222],[80.20893,7.50192],[80.20836,7.49995],[80.20932,7.50028],[80.21079,7.50148],[80.21185,7.50243],[80.21154,7.50281],[80.21154,7.50343],[80.21198,7.5035],[80.2121,7.50327],[80.21251,7.50314],[80.21243,7.50272],[80.21366,7.50315],[80.21393,7.50301],[80.21367,7.50273],[80.21236,7.5019],[80.21118,7.50093],[80.21122,7.50044],[80.2106,7.49998],[80.20848,7.49817],[80.20754,7.49779],[80.20642,7.49782],[80.20567,7.49789],[80.20489,7.49753],[80.2037,7.49678],[80.20338,7.49723],[80.20253,7.49714],[80.20234,7.49796]]]}},{"type":"Feature","properties":{"c":"farmland"},"geometry":{"type":"Polygon","coordinates":[[[80.20772,7.49567],[80.20814,7.49577],[80.20844,7.49547],[80.20817,7.49525],[80.20845,7.4949],[80.2081,7.49476],[80.20772,7.49567]]]}},{"type":"Feature","properties":{"c":"farmland"},"geometry":{"type":"Polygon","coordinates":[[[80.20037,7.49116],[80.20037,7.49198],[80.20074,7.49247],[80.20127,7.49397],[80.2011,7.49467],[80.20086,7.49472],[80.20039,7.49575],[80.20083,7.496],[80.20158,7.49621],[80.20264,7.49702],[80.20349,7.49679],[80.20349,7.49642],[80.20319,7.49622],[80.20318,7.49627],[80.20289,7.49638],[80.20226,7.4957],[80.20299,7.49453],[80.20354,7.49448],[80.20377,7.49391],[80.20432,7.49374],[80.20455,7.49312],[80.20534,7.49267],[80.2062,7.49286],[80.20717,7.49114],[80.20748,7.49027],[80.20739,7.48965],[80.20733,7.48834],[80.20762,7.48714],[80.20753,7.48688],[80.20771,7.48595],[80.2071,7.48575],[80.2068,7.48682],[80.20673,7.48782],[80.20658,7.48823],[80.20667,7.48844],[80.20698,7.48882],[80.20702,7.48975],[80.20666,7.48979],[80.20655,7.49013],[80.20697,7.49019],[80.20687,7.49073],[80.20652,7.4912],[80.20572,7.49096],[80.20548,7.49113],[80.20516,7.49202],[80.20457,7.492],[80.20409,7.49275],[80.20306,7.49296],[80.20302,7.4923],[80.20268,7.49209],[80.20237,7.49132],[80.20231,7.4906],[80.20235,7.48963],[80.20145,7.48929],[80.20091,7.48938],[80.20069,7.49056],[80.20037,7.49116]]]}},{"type":"Feature","properties":{"c":"farmland"},"geometry":{"type":"Polygon","coordinates":[[[80.2024,7.49568],[80.20307,7.49621],[80.20321,7.49599],[80.20406,7.49602],[80.20421,7.49558],[80.20474,7.49574],[80.20468,7.49547],[80.20507,7.49531],[80.20524,7.49489],[80.206,7.49488],[80.20629,7.49446],[80.20625,7.49408],[80.20665,7.49416],[80.20696,7.49382],[80.20716,7.49321],[80.20771,7.49335],[80.20797,7.49296],[80.20779,7.49288],[80.20846,7.49206],[80.20898,7.49227],[80.20914,7.49187],[80.20937,7.49045],[80.20974,7.49016],[80.20963,7.48922],[80.2092,7.48907],[80.20914,7.48799],[80.20968,7.48651],[80.20892,7.48644],[80.20865,7.48609],[80.20809,7.48598],[80.20783,7.48639],[80.20762,7.48777],[80.20749,7.48928],[80.20772,7.49057],[80.20628,7.49295],[80.20534,7.49278],[80.2046,7.49326],[80.20449,7.49376],[80.2038,7.49411],[80.20355,7.49474],[80.20309,7.49461],[80.2024,7.49568]]]}},{"type":"Feature","properties":{"c":"farmland"},"geometry":{"type":"Polygon","coordinates":[[[80.19908,7.49194],[80.19934,7.49202],[80.19937,7.49117],[80.19915,7.49116],[80.19908,7.49194]]]}},{"type":"Feature","properties":{"c":"farmland"},"geometry":{"type":"Polygon","coordinates":[[[80.19977,7.48602],[80.1998,7.48641],[80.19995,7.487],[80.20112,7.48755],[80.20132,7.48728],[80.20124,7.48639],[80.20065,7.48583],[80.19977,7.48602]]]}},{"type":"Feature","properties":{"c":"farmland"},"geometry":{"type":"Polygon","coordinates":[[[80.20101,7.48899],[80.20238,7.48951],[80.20333,7.4882],[80.20304,7.48818],[80.20289,7.48766],[80.20281,7.4869],[80.20296,7.48667],[80.20285,7.48566],[80.20195,7.48532],[80.20187,7.48547],[80.20207,7.48562],[80.20191,7.48594],[80.20166,7.4861],[80.20143,7.48653],[80.20143,7.48744],[80.20115,7.48776],[80.20119,7.48804],[80.20101,7.48899]]]}},{"type":"Feature","properties":{"c":"farmland"},"geometry":{"type":"Polygon","coordinates":[[[80.20354,7.4883],[80.2036,7.48869],[80.20431,7.48847],[80.20502,7.48862],[80.20507,7.48822],[80.20404,7.48801],[80.20399,7.48819],[80.20354,7.4883]]]}},{"type":"Feature","properties":{"c":"farmland"},"geometry":{"type":"Polygon","coordinates":[[[80.21597,7.47967],[80.21771,7.4798],[80.21816,7.47867],[80.21608,7.47839],[80.21597,7.47967]]]}},{"type":"Feature","properties":{"c":"farmland"},"geometry":{"type":"Polygon","coordinates":[[[80.2178,7.48006],[80.21854,7.48007],[80.21868,7.47979],[80.21902,7.47988],[80.21906,7.47996],[80.21932,7.47993],[80.21928,7.47941],[80.21946,7.47944],[80.21988,7.47984],[80.22011,7.4794],[80.22043,7.47855],[80.22124,7.47717],[80.22082,7.47691],[80.22064,7.47694],[80.21989,7.47635],[80.22012,7.47562],[80.22009,7.47545],[80.21987,7.47544],[80.21978,7.47532],[80.2195,7.47539],[80.21953,7.47593],[80.21919,7.47594],[80.21907,7.4765],[80.21912,7.47715],[80.21901,7.47749],[80.21941,7.47796],[80.2194,7.47817],[80.21897,7.47813],[80.21906,7.47847],[80.21877,7.47893],[80.2184,7.47892],[80.2178,7.48006]]]}},{"type":"Feature","properties":{"c":"farmland"},"geometry":{"type":"Polygon","coordinates":[[[80.21427,7.47575],[80.21537,7.47591],[80.21558,7.47462],[80.21435,7.4747],[80.21427,7.47575]]]}},{"type":"Feature","properties":{"c":"farmland"},"geometry":{"type":"Polygon","coordinates":[[[80.21336,7.47386],[80.21363,7.47394],[80.21428,7.47403],[80.21444,7.47463],[80.21549,7.47451],[80.21571,7.4747],[80.21615,7.47465],[80.21765,7.47343],[80.21739,7.47287],[80.21733,7.47207],[80.21381,7.47178],[80.21349,7.47305],[80.21367,7.47338],[80.21344,7.47351],[80.21336,7.47386]]]}},{"type":"Feature","properties":{"c":"farmland"},"geometry":{"type":"Polygon","coordinates":[[[80.21594,7.46928],[80.21858,7.46974],[80.2196,7.46753],[80.21635,7.46697],[80.21594,7.46928]]]}},{"type":"Feature","properties":{"c":"farmland"},"geometry":{"type":"Polygon","coordinates":[[[80.2164,7.48413],[80.21782,7.48482],[80.21833,7.48502],[80.21832,7.48536],[80.21777,7.48558],[80.21753,7.48545],[80.21743,7.48574],[80.21786,7.48586],[80.2182,7.48573],[80.21848,7.4854],[80.21854,7.48479],[80.2183,7.48482],[80.21824,7.48368],[80.21867,7.48355],[80.21962,7.48338],[80.21953,7.48276],[80.21874,7.48287],[80.21867,7.48238],[80.21896,7.48181],[80.21894,7.48013],[80.21766,7.4803],[80.2164,7.48413]]]}},{"type":"Feature","properties":{"c":"farmland"},"geometry":{"type":"Polygon","coordinates":[[[80.22463,7.50547],[80.22463,7.50569],[80.22576,7.50634],[80.22582,7.50617],[80.22597,7.50624],[80.22622,7.50619],[80.2274,7.50548],[80.22744,7.50527],[80.22735,7.5051],[80.22603,7.50442],[80.22611,7.50427],[80.22543,7.50393],[80.22475,7.50464],[80.22478,7.5051],[80.22463,7.50547]]]}},{"type":"Feature","properties":{"c":"farmland"},"geometry":{"type":"Polygon","coordinates":[[[80.19247,7.48127],[80.19286,7.48154],[80.19329,7.48086],[80.19377,7.48122],[80.19427,7.48209],[80.19441,7.4819],[80.19486,7.48216],[80.19571,7.48219],[80.197,7.48185],[80.19698,7.48234],[80.19822,7.48262],[80.19918,7.48357],[80.19978,7.48326],[80.19963,7.48243],[80.20033,7.48178],[80.20043,7.4812],[80.20076,7.48027],[80.20107,7.47989],[80.20088,7.47955],[80.20117,7.47894],[80.20011,7.47855],[80.19928,7.48173],[80.19753,7.48137],[80.19546,7.47974],[80.19496,7.48003],[80.19383,7.48005],[80.1928,7.48042],[80.19276,7.48079],[80.19256,7.48081],[80.19247,7.48127]]]}},{"type":"Feature","properties":{"c":"farmland"},"geometry":{"type":"Polygon","coordinates":[[[80.19992,7.47613],[80.20014,7.47849],[80.20129,7.47896],[80.20127,7.47933],[80.20164,7.47968],[80.20209,7.47962],[80.2023,7.47884],[80.20186,7.47866],[80.20204,7.47835],[80.20303,7.47874],[80.20316,7.47833],[80.2037,7.47777],[80.20399,7.47776],[80.20425,7.4773],[80.20425,7.47684],[80.2037,7.47696],[80.20346,7.47664],[80.20321,7.4768],[80.2031,7.47753],[80.20264,7.47827],[80.20217,7.47762],[80.20184,7.47731],[80.20169,7.47686],[80.20181,7.47654],[80.20176,7.47613],[80.20119,7.47587],[80.20015,7.47595],[80.19992,7.47613]]]}},{"type":"Feature","properties":{"c":"farmland"},"geometry":{"type":"Polygon","coordinates":[[[80.20262,7.48358],[80.20293,7.48367],[80.20317,7.48366],[80.20372,7.48373],[80.20385,7.48346],[80.2037,7.48349],[80.20378,7.48337],[80.2038,7.48317],[80.20373,7.48322],[80.20368,7.48306],[80.20382,7.48295],[80.20402,7.48267],[80.2035,7.48249],[80.20316,7.48334],[80.20268,7.48334],[80.20262,7.48358]]]}},{"type":"Feature","properties":{"c":"farmland"},"geometry":{"type":"Polygon","coordinates":[[[80.20215,7.48522],[80.2029,7.48553],[80.2036,7.48385],[80.20317,7.48383],[80.20309,7.48423],[80.20285,7.48421],[80.20259,7.48479],[80.20215,7.48522]]]}},{"type":"Feature","properties":{"c":"farmland"},"geometry":{"type":"Polygon","coordinates":[[[80.20714,7.48558],[80.20872,7.48588],[80.20906,7.48623],[80.20963,7.48623],[80.20965,7.48459],[80.20986,7.48423],[80.21027,7.48383],[80.21011,7.48293],[80.20993,7.48292],[80.20995,7.48326],[80.20911,7.48323],[80.20936,7.48201],[80.20997,7.48179],[80.21005,7.4822],[80.21064,7.48218],[80.21066,7.48098],[80.21126,7.47984],[80.21168,7.4794],[80.21198,7.47789],[80.21192,7.47754],[80.21241,7.4771],[80.21223,7.47681],[80.21157,7.4772],[80.21125,7.47801],[80.21097,7.47779],[80.21087,7.47723],[80.20986,7.4771],[80.20977,7.47852],[80.20949,7.47921],[80.20902,7.47962],[80.2092,7.4799],[80.20859,7.48146],[80.2082,7.48222],[80.20714,7.48558]]]}},{"type":"Feature","properties":{"c":"farmland"},"geometry":{"type":"Polygon","coordinates":[[[80.20982,7.48612],[80.20994,7.48647],[80.21042,7.48632],[80.21054,7.48576],[80.21023,7.4857],[80.20985,7.48534],[80.20982,7.48612]]]}},{"type":"Feature","properties":{"c":"farmland"},"geometry":{"type":"Polygon","coordinates":[[[80.21173,7.48375],[80.21188,7.48385],[80.21216,7.48344],[80.21218,7.4832],[80.21177,7.48317],[80.21173,7.48375]]]}},{"type":"Feature","properties":{"c":"farmland"},"geometry":{"type":"Polygon","coordinates":[[[80.21274,7.48323],[80.21315,7.4833],[80.21336,7.4829],[80.21282,7.4828],[80.21274,7.48323]]]}},{"type":"Feature","properties":{"c":"farmland"},"geometry":{"type":"Polygon","coordinates":[[[80.21059,7.48954],[80.21131,7.48959],[80.21144,7.48931],[80.2118,7.48897],[80.21151,7.48886],[80.21146,7.48904],[80.21125,7.48899],[80.21119,7.48887],[80.21072,7.48884],[80.21059,7.48954]]]}},{"type":"Feature","properties":{"c":"farmland"},"geometry":{"type":"Polygon","coordinates":[[[80.2095,7.49538],[80.21026,7.4963],[80.21055,7.49599],[80.21117,7.49581],[80.21155,7.49545],[80.21277,7.49491],[80.21294,7.4951],[80.21349,7.49515],[80.21341,7.49391],[80.21346,7.49353],[80.21365,7.49316],[80.21339,7.49278],[80.21259,7.49292],[80.21212,7.49353],[80.21065,7.49354],[80.21035,7.49418],[80.21051,7.49455],[80.21038,7.49474],[80.2095,7.49538]]]}},{"type":"Feature","properties":{"c":"farmland"},"geometry":{"type":"Polygon","coordinates":[[[80.21357,7.4923],[80.21385,7.4924],[80.2141,7.49234],[80.21398,7.49326],[80.21433,7.49356],[80.21505,7.49313],[80.21504,7.4925],[80.21531,7.49233],[80.21561,7.49181],[80.21558,7.49119],[80.21528,7.49078],[80.21653,7.49036],[80.21634,7.48981],[80.21567,7.49018],[80.21558,7.4899],[80.21522,7.4901],[80.21463,7.49089],[80.2144,7.49085],[80.21415,7.49114],[80.2136,7.492],[80.21364,7.49216],[80.21357,7.4923]]]}},{"type":"Feature","properties":{"c":"farmland"},"geometry":{"type":"Polygon","coordinates":[[[80.21215,7.49908],[80.2122,7.49957],[80.213,7.49913],[80.21302,7.49941],[80.2135,7.49947],[80.21385,7.49944],[80.21403,7.49868],[80.21368,7.49806],[80.21264,7.49846],[80.21215,7.49908]]]}},{"type":"Feature","properties":{"c":"farmland"},"geometry":{"type":"Polygon","coordinates":[[[80.20879,7.49829],[80.21003,7.49929],[80.21128,7.50003],[80.21132,7.50094],[80.21264,7.50198],[80.21409,7.50281],[80.21523,7.5022],[80.2153,7.50188],[80.2155,7.50146],[80.21507,7.50134],[80.21489,7.50098],[80.21553,7.50071],[80.21554,7.49986],[80.21512,7.49968],[80.21433,7.5002],[80.21436,7.5006],[80.21323,7.50112],[80.212,7.50025],[80.21205,7.49939],[80.21103,7.4992],[80.21192,7.49902],[80.21196,7.49833],[80.21082,7.49763],[80.2105,7.49835],[80.20919,7.4977],[80.20879,7.49829]]]}},{"type":"Feature","properties":{"c":"farmland"},"geometry":{"type":"Polygon","coordinates":[[[80.21562,7.49972],[80.2156,7.50064],[80.21578,7.50065],[80.21636,7.50051],[80.21695,7.49949],[80.21681,7.49942],[80.21689,7.49923],[80.21726,7.499],[80.21711,7.49869],[80.21672,7.49895],[80.21627,7.49963],[80.21613,7.49952],[80.21597,7.49965],[80.21578,7.49958],[80.21562,7.49972]]]}},{"type":"Feature","properties":{"c":"farmland"},"geometry":{"type":"Polygon","coordinates":[[[80.21422,7.50312],[80.2147,7.50284],[80.21506,7.50316],[80.21597,7.50298],[80.21601,7.50259],[80.21821,7.50274],[80.2197,7.5025],[80.22046,7.50316],[80.221,7.50313],[80.22124,7.50344],[80.22152,7.50316],[80.22173,7.50269],[80.22157,7.5017],[80.22112,7.50131],[80.22121,7.50088],[80.22018,7.50054],[80.21999,7.50116],[80.21955,7.50107],[80.21965,7.50059],[80.21778,7.50071],[80.21567,7.50145],[80.21537,7.50233],[80.21433,7.50289],[80.21422,7.50312]]]}},{"type":"Feature","properties":{"c":"farmland"},"geometry":{"type":"Polygon","coordinates":[[[80.21347,7.50441],[80.21385,7.50463],[80.21467,7.5056],[80.21496,7.50626],[80.21494,7.50662],[80.21486,7.50691],[80.21512,7.50704],[80.21592,7.50653],[80.21532,7.5055],[80.21512,7.50475],[80.21512,7.5033],[80.21453,7.50323],[80.21355,7.50354],[80.21373,7.50419],[80.21347,7.50441]]]}},{"type":"Feature","properties":{"c":"farmland"},"geometry":{"type":"Polygon","coordinates":[[[80.21544,7.50802],[80.21591,7.50829],[80.21625,7.5087],[80.21675,7.5079],[80.21706,7.50723],[80.21785,7.50737],[80.21848,7.50754],[80.21843,7.5079],[80.21908,7.5082],[80.21939,7.50795],[80.21893,7.50754],[80.21891,7.50698],[80.21673,7.50684],[80.2162,7.50648],[80.21604,7.5067],[80.21642,7.50699],[80.21563,7.50766],[80.21544,7.50802]]]}},{"type":"Feature","properties":{"c":"farmland"},"geometry":{"type":"Polygon","coordinates":[[[80.21081,7.48552],[80.21119,7.48574],[80.21101,7.48643],[80.21093,7.48767],[80.21087,7.48797],[80.21276,7.48854],[80.2137,7.48823],[80.21348,7.48739],[80.21361,7.48657],[80.21326,7.4862],[80.21381,7.48545],[80.21184,7.48492],[80.21106,7.48485],[80.21081,7.48552]]]}},{"type":"Feature","properties":{"c":"farmland"},"geometry":{"type":"Polygon","coordinates":[[[80.2149,7.4899],[80.21539,7.48982],[80.21585,7.48942],[80.21599,7.48901],[80.21641,7.48856],[80.21672,7.4875],[80.21674,7.48703],[80.21701,7.48667],[80.21704,7.48641],[80.2169,7.48645],[80.21763,7.48497],[80.21707,7.48472],[80.21696,7.48482],[80.21677,7.48468],[80.21632,7.48485],[80.21627,7.48517],[80.21598,7.48504],[80.21575,7.48514],[80.21574,7.48547],[80.21615,7.48594],[80.21619,7.48666],[80.21587,7.48714],[80.2161,7.48763],[80.21531,7.48859],[80.2149,7.4899]]]}},{"type":"Feature","properties":{"c":"farmland"},"geometry":{"type":"Polygon","coordinates":[[[80.17899,7.53686],[80.18013,7.53686],[80.18062,7.53646],[80.18077,7.53573],[80.18006,7.53538],[80.17932,7.53582],[80.17899,7.53686]]]}},{"type":"Feature","properties":{"c":"farmland"},"geometry":{"type":"Polygon","coordinates":[[[80.17625,7.5353],[80.17633,7.53645],[80.17705,7.53607],[80.17759,7.53559],[80.17838,7.53614],[80.17868,7.53557],[80.17838,7.535],[80.17781,7.53431],[80.17752,7.53445],[80.17625,7.5353]]]}},{"type":"Feature","properties":{"c":"farmland"},"geometry":{"type":"Polygon","coordinates":[[[80.19849,7.49887],[80.20017,7.50004],[80.20046,7.49928],[80.20073,7.49935],[80.20085,7.49918],[80.2025,7.49907],[80.20215,7.49789],[80.20233,7.49716],[80.20163,7.49664],[80.20133,7.49632],[80.20039,7.49589],[80.19972,7.4975],[80.19892,7.49831],[80.19849,7.49887]]]}},{"type":"Feature","properties":{"c":"farmland"},"geometry":{"type":"Polygon","coordinates":[[[80.12098,7.4153],[80.12112,7.41589],[80.12282,7.41659],[80.12292,7.41655],[80.12298,7.4161],[80.12393,7.41527],[80.12425,7.41478],[80.12435,7.41478],[80.12443,7.41462],[80.12439,7.41444],[80.12401,7.41449],[80.12361,7.41493],[80.12284,7.4155],[80.12217,7.41574],[80.12186,7.41522],[80.12165,7.41524],[80.12155,7.41512],[80.12134,7.41527],[80.12098,7.4153]]]}},{"type":"Feature","properties":{"c":"farmland"},"geometry":{"type":"Polygon","coordinates":[[[80.11846,7.42659],[80.11862,7.4269],[80.11887,7.427],[80.11917,7.42742],[80.11936,7.42718],[80.11954,7.4272],[80.1198,7.42692],[80.11983,7.42666],[80.11999,7.42672],[80.11998,7.42695],[80.12054,7.42685],[80.12056,7.42674],[80.12069,7.4267],[80.12072,7.42686],[80.12114,7.4269],[80.12268,7.42745],[80.12306,7.42654],[80.12326,7.42621],[80.1235,7.42548],[80.12321,7.42506],[80.12244,7.42606],[80.12182,7.42672],[80.12103,7.42642],[80.12104,7.42606],[80.12054,7.42594],[80.11988,7.42625],[80.11941,7.4259],[80.11846,7.42659]]]}},{"type":"Feature","properties":{"c":"farmland"},"geometry":{"type":"Polygon","coordinates":[[[80.17227,7.5285],[80.17275,7.52991],[80.17313,7.52979],[80.17304,7.52945],[80.17358,7.52925],[80.1746,7.52908],[80.17471,7.52939],[80.17516,7.52921],[80.17507,7.52892],[80.17533,7.52866],[80.17682,7.52845],[80.177,7.52786],[80.17648,7.52779],[80.17573,7.52784],[80.17464,7.52785],[80.17457,7.52761],[80.17434,7.52761],[80.17408,7.52796],[80.17361,7.52816],[80.17326,7.52837],[80.17277,7.52853],[80.17227,7.5285]]]}},{"type":"Feature","properties":{"c":"farmland"},"geometry":{"type":"Polygon","coordinates":[[[80.16565,7.53067],[80.16596,7.53102],[80.16585,7.53123],[80.16603,7.53142],[80.16666,7.53141],[80.16699,7.53162],[80.16735,7.53195],[80.16778,7.53212],[80.16833,7.53212],[80.16838,7.53194],[80.16852,7.53176],[80.16864,7.53145],[80.16881,7.53141],[80.16888,7.53115],[80.16914,7.53097],[80.16964,7.53091],[80.17017,7.53069],[80.17079,7.53071],[80.17086,7.53051],[80.17136,7.53039],[80.17176,7.53106],[80.172,7.53097],[80.17236,7.53109],[80.17237,7.53083],[80.17251,7.53034],[80.17223,7.53014],[80.17232,7.52989],[80.17263,7.52997],[80.1725,7.52947],[80.1722,7.52884],[80.17182,7.52885],[80.17139,7.52857],[80.17082,7.52846],[80.17092,7.52814],[80.17098,7.52753],[80.17086,7.5274],[80.17035,7.52752],[80.1705,7.52798],[80.17046,7.52836],[80.17009,7.52941],[80.16982,7.52968],[80.16939,7.5299],[80.16938,7.53009],[80.16916,7.53023],[80.16821,7.53052],[80.16791,7.53077],[80.16688,7.53048],[80.16696,7.53018],[80.16695,7.52985],[80.16701,7.52955],[80.16734,7.52933],[80.16737,7.52909],[80.16681,7.5286],[80.16631,7.52844],[80.16621,7.52863],[80.16624,7.52898],[80.16639,7.52911],[80.16659,7.5295],[80.1665,7.52965],[80.16641,7.53007],[80.16626,7.53032],[80.16591,7.53009],[80.16587,7.53026],[80.16565,7.53067]]]}},{"type":"Feature","properties":{"c":"farmland"},"geometry":{"type":"Polygon","coordinates":[[[80.16092,7.53153],[80.16105,7.53231],[80.16142,7.53221],[80.16162,7.53209],[80.16196,7.53237],[80.16204,7.53257],[80.16229,7.53282],[80.16201,7.53315],[80.16249,7.5332],[80.16265,7.53293],[80.16303,7.53289],[80.16325,7.53264],[80.16322,7.53227],[80.16415,7.5323],[80.16467,7.5322],[80.16483,7.53205],[80.16492,7.5323],[80.16568,7.53271],[80.1663,7.53296],[80.16622,7.53337],[80.16714,7.5336],[80.16725,7.53378],[80.16795,7.53418],[80.16886,7.53495],[80.16936,7.53544],[80.16927,7.53577],[80.16918,7.53589],[80.16958,7.53623],[80.16987,7.53637],[80.16996,7.53673],[80.17016,7.53684],[80.17028,7.53674],[80.17063,7.5376],[80.17105,7.5376],[80.17128,7.53732],[80.17118,7.53714],[80.1708,7.53684],[80.17114,7.5362],[80.17187,7.53599],[80.17203,7.53564],[80.17209,7.53517],[80.17224,7.53486],[80.17249,7.53399],[80.17253,7.53371],[80.17209,7.53297],[80.17162,7.53316],[80.17106,7.53317],[80.17068,7.53314],[80.17017,7.53294],[80.16872,7.53268],[80.16854,7.53241],[80.16832,7.53224],[80.168,7.5323],[80.16764,7.53227],[80.16672,7.53155],[80.16603,7.53154],[80.16581,7.53131],[80.16543,7.53122],[80.16535,7.5311],[80.16472,7.53095],[80.16477,7.53133],[80.1643,7.53127],[80.16389,7.53093],[80.16351,7.53097],[80.16337,7.53072],[80.16329,7.5304],[80.16298,7.53041],[80.16287,7.53077],[80.16243,7.53049],[80.16223,7.53068],[80.16206,7.53096],[80.16178,7.53115],[80.16166,7.53141],[80.16092,7.53153]]]}},{"type":"Feature","properties":{"c":"farmland"},"geometry":{"type":"Polygon","coordinates":[[[80.17146,7.40992],[80.17168,7.41002],[80.17191,7.41005],[80.17215,7.41037],[80.17244,7.41046],[80.17318,7.41028],[80.17368,7.41029],[80.17422,7.41001],[80.17462,7.41002],[80.1756,7.41089],[80.17579,7.41085],[80.1762,7.41094],[80.17651,7.4113],[80.17669,7.41126],[80.17673,7.41093],[80.17656,7.41061],[80.17626,7.41045],[80.17648,7.4099],[80.17643,7.40976],[80.17602,7.40969],[80.17617,7.40903],[80.17592,7.40874],[80.17526,7.40825],[80.17471,7.40828],[80.17448,7.40843],[80.1738,7.40832],[80.17378,7.40802],[80.17333,7.40825],[80.17318,7.40808],[80.17307,7.40817],[80.17287,7.40805],[80.17246,7.40815],[80.17225,7.40805],[80.17175,7.40813],[80.17193,7.40897],[80.17179,7.4096],[80.17146,7.40992]]]}},{"type":"Feature","properties":{"c":"farmland"},"geometry":{"type":"Polygon","coordinates":[[[80.16747,7.41627],[80.16749,7.41645],[80.16778,7.41654],[80.16819,7.4164],[80.16851,7.41641],[80.16899,7.41676],[80.16939,7.41688],[80.17016,7.41686],[80.17054,7.41682],[80.17135,7.41654],[80.17177,7.41658],[80.17186,7.41673],[80.17202,7.416],[80.17065,7.41645],[80.17029,7.41649],[80.16902,7.41636],[80.16871,7.41618],[80.16853,7.41599],[80.1682,7.41589],[80.16773,7.41595],[80.16756,7.41603],[80.16747,7.41627]]]}},{"type":"Feature","properties":{"c":"farmland"},"geometry":{"type":"Polygon","coordinates":[[[80.17894,7.42621],[80.17952,7.42695],[80.1798,7.42808],[80.17995,7.4292],[80.1797,7.42992],[80.17978,7.43031],[80.17957,7.43085],[80.17968,7.43139],[80.17954,7.43207],[80.17987,7.43204],[80.18,7.4318],[80.18,7.43128],[80.18007,7.43096],[80.18007,7.43065],[80.18001,7.43043],[80.18008,7.43024],[80.18007,7.42987],[80.18037,7.42909],[80.18013,7.42908],[80.18014,7.42808],[80.18005,7.42776],[80.18017,7.42755],[80.18051,7.42722],[80.17987,7.42671],[80.1794,7.42624],[80.17894,7.42621]]]}},{"type":"Feature","properties":{"c":"farmland"},"geometry":{"type":"Polygon","coordinates":[[[80.16316,7.42727],[80.16363,7.42749],[80.16404,7.42759],[80.16436,7.42746],[80.16439,7.42779],[80.16473,7.42799],[80.16501,7.42805],[80.16535,7.42851],[80.16542,7.42816],[80.16553,7.42796],[80.16634,7.42779],[80.16663,7.4281],[80.16779,7.42833],[80.16818,7.42803],[80.16835,7.4277],[80.16749,7.42707],[80.16766,7.42671],[80.16768,7.4261],[80.16759,7.42571],[80.16798,7.42488],[80.16837,7.42446],[80.16886,7.42434],[80.16981,7.42423],[80.17024,7.42523],[80.17073,7.42666],[80.17031,7.42755],[80.17061,7.42851],[80.17067,7.42886],[80.17106,7.42916],[80.17182,7.42952],[80.17177,7.42905],[80.17235,7.42886],[80.17256,7.42872],[80.1725,7.42759],[80.17265,7.4267],[80.17338,7.42638],[80.17317,7.42577],[80.17269,7.42614],[80.1722,7.42597],[80.17188,7.42575],[80.17138,7.42466],[80.17043,7.42297],[80.17022,7.42288],[80.16977,7.42234],[80.16947,7.42186],[80.16901,7.42269],[80.16825,7.42334],[80.16798,7.4233],[80.16738,7.42396],[80.16649,7.42463],[80.16602,7.42535],[80.16541,7.42578],[80.16419,7.42535],[80.16361,7.42626],[80.16333,7.42633],[80.16316,7.42727]]]}},{"type":"Feature","properties":{"c":"farmland"},"geometry":{"type":"Polygon","coordinates":[[[80.15965,7.43333],[80.16007,7.43369],[80.16106,7.4324],[80.16175,7.43191],[80.16218,7.43153],[80.16235,7.43178],[80.16306,7.43195],[80.16241,7.43283],[80.16191,7.4328],[80.16186,7.43333],[80.16212,7.43341],[80.16297,7.43348],[80.163,7.43333],[80.16331,7.43343],[80.16363,7.43266],[80.16323,7.43261],[80.16334,7.4323],[80.16378,7.43232],[80.16427,7.43219],[80.16441,7.43256],[80.16487,7.43296],[80.16438,7.43375],[80.16445,7.43453],[80.16423,7.43462],[80.16422,7.4349],[80.16495,7.4354],[80.16594,7.43549],[80.16643,7.43514],[80.16638,7.43491],[80.16641,7.43446],[80.16692,7.4338],[80.16705,7.43258],[80.16666,7.43243],[80.16641,7.43199],[80.16646,7.43132],[80.1661,7.43059],[80.16563,7.42982],[80.16549,7.4297],[80.16532,7.42872],[80.1649,7.42821],[80.16409,7.42774],[80.16318,7.4274],[80.1631,7.42764],[80.1636,7.42777],[80.16318,7.4289],[80.16267,7.42945],[80.1624,7.42922],[80.16218,7.42988],[80.16181,7.43009],[80.16095,7.4313],[80.16061,7.43212],[80.15965,7.43333]]]}}]}