{"type":"FeatureCollection","features":[{"type":"Feature","properties":{"c":"meadow"},"geometry":{"type":"Polygon","coordinates":[[[80.01209,7.57053],[80.01207,7.57093],[80.01224,7.57115],[80.01255,7.57128],[80.01288,7.57189],[80.01307,7.57205],[80.01383,7.57226],[80.0145,7.57232],[80.01485,7.57166],[80.01499,7.57159],[80.01483,7.57133],[80.01383,7.57079],[80.01358,7.57055],[80.01346,7.57024],[80.0135,7.56975],[80.0132,7.56951],[80.01304,7.56981],[80.01287,7.5704],[80.01237,7.57045],[80.01209,7.57053]]]}},{"type":"Feature","properties":{"c":"farmland","n":"Nithalawa Yaya"},"geometry":{"type":"Polygon","coordinates":[[[79.99396,7.59121],[79.99461,7.59224],[79.99475,7.59218],[79.99487,7.59221],[79.99515,7.59216],[79.9953,7.59209],[79.99582,7.59218],[79.9961,7.5931],[79.99618,7.59312],[79.9965,7.5931],[79.99639,7.59275],[79.99652,7.5927],[79.99645,7.59238],[79.99653,7.59223],[79.99651,7.59197],[79.99688,7.59178],[79.99687,7.59169],[79.99695,7.59162],[79.9972,7.59158],[79.99728,7.59174],[79.99744,7.59176],[79.99754,7.59167],[79.99777,7.5916],[79.99811,7.59171],[79.99817,7.59164],[79.99833,7.59162],[79.99846,7.59154],[79.99854,7.59176],[79.99882,7.59195],[79.99899,7.59155],[79.99899,7.59126],[79.99869,7.59086],[79.99852,7.58997],[79.9982,7.59005],[79.99773,7.5903],[79.99711,7.59045],[79.99652,7.59066],[79.99644,7.59066],[79.9964,7.59059],[79.99616,7.59062],[79.99601,7.59042],[79.99597,7.59016],[79.99582,7.59008],[79.99515,7.5903],[79.99425,7.59047],[79.99432,7.59081],[79.99396,7.59121]]]}},{"type":"Feature","properties":{"c":"quarry"},"geometry":{"type":"Polygon","coordinates":[[[80.01332,7.5974],[80.0135,7.59767],[80.01356,7.59768],[80.01484,7.59701],[80.01499,7.59682],[80.015,7.59668],[80.01494,7.59652],[80.01481,7.59646],[80.01422,7.59651],[80.014,7.59645],[80.01377,7.59623],[80.01366,7.59625],[80.01354,7.59636],[80.01332,7.5974]]]}},{"type":"Feature","properties":{"c":"farmland"},"geometry":{"type":"Polygon","coordinates":[[[79.97008,7.65557],[79.97055,7.65571],[79.97099,7.65575],[79.971,7.65567],[79.97089,7.65532],[79.9709,7.65486],[79.97081,7.6547],[79.97091,7.65458],[79.971,7.65404],[79.97041,7.65393],[79.97039,7.65443],[79.9701,7.6549],[79.97008,7.65557]]]}},{"type":"Feature","properties":{"c":"residential"},"geometry":{"type":"Polygon","coordinates":[[[79.95592,7.65113],[79.9561,7.65125],[79.95689,7.65115],[79.9585,7.65115],[79.95854,7.65023],[79.95845,7.64892],[79.95825,7.64861],[79.95782,7.64851],[79.95727,7.64847],[79.95693,7.64837],[79.95677,7.64842],[79.95673,7.6485],[79.95685,7.64862],[79.95681,7.64883],[79.95628,7.65009],[79.95608,7.65044],[79.95596,7.65083],[79.95592,7.65113]]]}},{"type":"Feature","properties":{"c":"farmland"},"geometry":{"type":"Polygon","coordinates":[[[79.95677,7.6474],[79.95703,7.64823],[79.95717,7.6484],[79.95762,7.64823],[79.95776,7.64806],[79.9575,7.64755],[79.95722,7.64717],[79.95677,7.6474]]]}},{"type":"Feature","properties":{"c":"farmland"},"geometry":{"type":"Polygon","coordinates":[[[79.95543,7.64869],[79.95596,7.64866],[79.95666,7.64853],[79.95676,7.64838],[79.95689,7.64834],[79.95648,7.64743],[79.95604,7.64768],[79.95559,7.64806],[79.95546,7.64828],[79.95543,7.64869]]]}},{"type":"Feature","properties":{"c":"farmland"},"geometry":{"type":"Polygon","coordinates":[[[79.95402,7.6466],[79.95414,7.6474],[79.95442,7.64776],[79.95454,7.6478],[79.95515,7.64763],[79.95515,7.64723],[79.95529,7.64691],[79.9553,7.64671],[79.95519,7.64654],[79.95492,7.64637],[79.95462,7.64627],[79.95434,7.64626],[79.95402,7.6466]]]}},{"type":"Feature","properties":{"c":"residential"},"geometry":{"type":"Polygon","coordinates":[[[79.95506,7.6457],[79.95513,7.6459],[79.95529,7.64606],[79.95531,7.64634],[79.95537,7.64653],[79.95553,7.64654],[79.95568,7.64634],[79.95598,7.6462],[79.9564,7.64622],[79.95638,7.64654],[79.95624,7.64677],[79.95618,7.64709],[79.95595,7.64719],[79.95596,7.64732],[79.9561,7.64755],[79.95631,7.64747],[79.95694,7.64701],[79.9571,7.64673],[79.95721,7.64619],[79.95707,7.64568],[79.95654,7.64569],[79.95587,7.64558],[79.95507,7.64559],[79.95506,7.6457]]]}},{"type":"Feature","properties":{"c":"meadow"},"geometry":{"type":"Polygon","coordinates":[[[79.98538,7.66942],[79.98608,7.6696],[79.9861,7.66917],[79.98603,7.66892],[79.98592,7.66903],[79.98584,7.66904],[79.98577,7.66898],[79.98545,7.66901],[79.98538,7.66942]]]}},{"type":"Feature","properties":{"c":"farmland"},"geometry":{"type":"Polygon","coordinates":[[[79.99022,7.6742],[79.99057,7.67444],[79.9912,7.67421],[79.99141,7.67375],[79.99155,7.67328],[79.99084,7.67312],[79.99065,7.67371],[79.9903,7.67396],[79.99022,7.6742]]]}},{"type":"Feature","properties":{"c":"farmland"},"geometry":{"type":"Polygon","coordinates":[[[79.9904,7.67281],[79.99082,7.67294],[79.991,7.67269],[79.99107,7.67242],[79.99099,7.67227],[79.99044,7.67222],[79.9904,7.67281]]]}},{"type":"Feature","properties":{"c":"meadow"},"geometry":{"type":"Polygon","coordinates":[[[79.98848,7.67021],[79.98865,7.67027],[79.9889,7.66961],[79.98873,7.66955],[79.98848,7.67021]]]}},{"type":"Feature","properties":{"c":"meadow"},"geometry":{"type":"Polygon","coordinates":[[[79.98612,7.67],[79.98621,7.67027],[79.98636,7.67025],[79.98669,7.67006],[79.98675,7.66994],[79.98664,7.66985],[79.98612,7.67]]]}},{"type":"Feature","properties":{"c":"farmland"},"geometry":{"type":"Polygon","coordinates":[[[79.99149,7.6735],[79.99236,7.67354],[79.99256,7.67402],[79.99306,7.67412],[79.99319,7.67359],[79.99263,7.67348],[79.99253,7.67336],[79.99155,7.67328],[79.99149,7.6735]]]}},{"type":"Feature","properties":{"c":"farmland"},"geometry":{"type":"Polygon","coordinates":[[[79.99338,7.67335],[79.99386,7.67381],[79.99466,7.6738],[79.99498,7.67305],[79.99457,7.6729],[79.99478,7.67244],[79.99475,7.67172],[79.99512,7.67157],[79.99626,7.67135],[79.99636,7.67155],[79.9968,7.67157],[79.99654,7.67061],[79.99522,7.67056],[79.99428,7.67082],[79.99442,7.67211],[79.99403,7.67277],[79.99359,7.67267],[79.99338,7.67335]]]}},{"type":"Feature","properties":{"c":"residential"},"geometry":{"type":"Polygon","coordinates":[[[79.98302,7.66957],[79.98373,7.67105],[79.98474,7.67124],[79.98519,7.67238],[79.98449,7.67266],[79.98488,7.67459],[79.98606,7.67428],[79.98698,7.67338],[79.98698,7.67273],[79.98749,7.67254],[79.98793,7.67244],[79.98934,7.67294],[79.99007,7.67235],[79.99045,7.67144],[79.99125,7.67186],[79.99208,7.67242],[79.99355,7.67262],[79.99398,7.67273],[79.99438,7.67207],[79.99423,7.67077],[79.99517,7.67051],[79.99652,7.67049],[79.99594,7.66889],[79.9956,7.66822],[79.99517,7.66778],[79.99384,7.66679],[79.99321,7.66621],[79.99252,7.66544],[79.9919,7.66571],[79.99151,7.66633],[79.99094,7.66672],[79.99033,7.66752],[79.99084,7.66785],[79.99093,7.66836],[79.99083,7.6689],[79.99055,7.66942],[79.9903,7.6697],[79.98944,7.66927],[79.9887,7.6692],[79.98826,7.67012],[79.98721,7.67018],[79.98772,7.67158],[79.98726,7.67184],[79.98698,7.67118],[79.98617,7.67043],[79.98583,7.66953],[79.98374,7.66906],[79.98302,7.66957]]]}},{"type":"Feature","properties":{"c":"farmland","n":"Irrigable Area"},"geometry":{"type":"Polygon","coordinates":[[[79.99637,7.62884],[79.99648,7.6293],[79.99709,7.62909],[79.9981,7.62893],[79.99858,7.62878],[79.99886,7.62906],[79.99887,7.62926],[79.99856,7.62967],[79.99833,7.62988],[79.99805,7.62998],[79.99798,7.63013],[79.99775,7.63018],[79.99709,7.63147],[79.99699,7.63173],[79.99698,7.63205],[79.9971,7.63225],[79.99744,7.63249],[79.99762,7.63218],[79.99799,7.63135],[79.99818,7.63115],[79.99826,7.631],[79.99976,7.62984],[79.99987,7.62962],[79.99992,7.62907],[80.00021,7.62902],[79.99937,7.62765],[79.99927,7.6276],[79.9989,7.62771],[79.99843,7.62832],[79.99796,7.6285],[79.99724,7.62858],[79.99683,7.62855],[79.99661,7.62865],[79.99637,7.62884]]]}},{"type":"Feature","properties":{"c":"farmland"},"geometry":{"type":"Polygon","coordinates":[[[79.99388,7.62523],[79.99392,7.62632],[79.99455,7.62649],[79.99524,7.62645],[79.99567,7.62611],[79.99633,7.62572],[79.99669,7.62568],[79.99667,7.62523],[79.99678,7.62524],[79.99676,7.62537],[79.99709,7.62548],[79.99725,7.62559],[79.99771,7.62558],[79.99816,7.62551],[79.99814,7.62509],[79.99775,7.62508],[79.99777,7.62524],[79.99745,7.62525],[79.99729,7.62501],[79.99639,7.62502],[79.99566,7.62476],[79.99514,7.62479],[79.99388,7.62523]]]}},{"type":"Feature","properties":{"c":"farmland","n":"Irrigable Area"},"geometry":{"type":"Polygon","coordinates":[[[79.95359,7.62694],[79.95378,7.62754],[79.95531,7.62665],[79.95587,7.62565],[79.95559,7.62553],[79.95479,7.62631],[79.95359,7.62694]]]}},{"type":"Feature","properties":{"c":"farmland"},"geometry":{"type":"Polygon","coordinates":[[[79.95089,7.62804],[79.95139,7.62878],[79.95231,7.62854],[79.95212,7.62815],[79.95153,7.62787],[79.95089,7.62804]]]}},{"type":"Feature","properties":{"c":"farmland"},"geometry":{"type":"Polygon","coordinates":[[[79.95067,7.62714],[79.95136,7.62768],[79.9522,7.62805],[79.95225,7.62825],[79.95238,7.62841],[79.95271,7.6284],[79.95267,7.62815],[79.95296,7.62793],[79.95329,7.62811],[79.95366,7.62768],[79.95342,7.62697],[79.95284,7.62703],[79.95237,7.62691],[79.95198,7.62674],[79.95105,7.62649],[79.95067,7.62714]]]}},{"type":"Feature","properties":{"c":"farmland"},"geometry":{"type":"Polygon","coordinates":[[[79.92649,7.62793],[79.92703,7.62794],[79.92747,7.62804],[79.92814,7.62856],[79.92866,7.62803],[79.92881,7.62798],[79.92913,7.62801],[79.93038,7.62834],[79.93163,7.6292],[79.93174,7.62941],[79.93218,7.62975],[79.93234,7.63008],[79.93234,7.6307],[79.93255,7.63077],[79.93308,7.63071],[79.9334,7.63046],[79.9334,7.63019],[79.93362,7.63016],[79.93367,7.63026],[79.93368,7.62987],[79.93432,7.63],[79.93534,7.63],[79.93576,7.6304],[79.93675,7.63087],[79.93721,7.63116],[79.93757,7.63177],[79.9376,7.63231],[79.93791,7.63239],[79.93766,7.63261],[79.93791,7.63316],[79.93793,7.63342],[79.93775,7.63378],[79.93774,7.63468],[79.93803,7.63546],[79.93792,7.63575],[79.93774,7.63584],[79.93777,7.63625],[79.9387,7.63614],[79.93882,7.63581],[79.93865,7.63507],[79.93894,7.63399],[79.939,7.6331],[79.93875,7.63179],[79.93829,7.63053],[79.93805,7.62899],[79.93819,7.62779],[79.93814,7.62638],[79.9384,7.62591],[79.93821,7.62578],[79.93766,7.6259],[79.93791,7.62542],[79.93794,7.62493],[79.93917,7.62485],[79.93921,7.624],[79.93705,7.62354],[79.93651,7.62472],[79.93595,7.62516],[79.93556,7.62624],[79.93547,7.62703],[79.93474,7.62706],[79.93442,7.62631],[79.93428,7.6261],[79.93278,7.6258],[79.93077,7.62578],[79.93074,7.62537],[79.9305,7.62537],[79.92938,7.62495],[79.92869,7.62496],[79.92748,7.62479],[79.92735,7.62577],[79.92684,7.62613],[79.92663,7.62655],[79.92649,7.62793]]]}},{"type":"Feature","properties":{"c":"farmland"},"geometry":{"type":"Polygon","coordinates":[[[79.9217,7.6211],[79.92226,7.62138],[79.92246,7.62185],[79.92243,7.6222],[79.92247,7.62245],[79.92246,7.62279],[79.92256,7.62324],[79.92369,7.62335],[79.92484,7.62276],[79.92505,7.62231],[79.92517,7.62232],[79.92533,7.62254],[79.92546,7.62254],[79.92557,7.61838],[79.92459,7.61846],[79.92349,7.61932],[79.92346,7.61891],[79.92215,7.61974],[79.92184,7.62037],[79.92186,7.62071],[79.9217,7.6211]]]}},{"type":"Feature","properties":{"c":"farmland"},"geometry":{"type":"Polygon","coordinates":[[[79.90829,7.57311],[79.90832,7.57336],[79.90867,7.57326],[79.90865,7.57305],[79.90829,7.57311]]]}},{"type":"Feature","properties":{"c":"farmland"},"geometry":{"type":"Polygon","coordinates":[[[79.90865,7.57305],[79.90867,7.57326],[79.90891,7.57318],[79.90888,7.573],[79.90865,7.57305]]]}},{"type":"Feature","properties":{"c":"farmland"},"geometry":{"type":"Polygon","coordinates":[[[79.90814,7.57335],[79.90815,7.5734],[79.90832,7.57336],[79.90831,7.57332],[79.90814,7.57335]]]}},{"type":"Feature","properties":{"c":"farmland"},"geometry":{"type":"Polygon","coordinates":[[[79.90811,7.57313],[79.90814,7.57335],[79.90831,7.57332],[79.90829,7.57311],[79.90811,7.57313]]]}},{"type":"Feature","properties":{"c":"farmland"},"geometry":{"type":"Polygon","coordinates":[[[79.9065,7.5705],[79.90652,7.57079],[79.90673,7.57071],[79.90672,7.57047],[79.9065,7.5705]]]}},{"type":"Feature","properties":{"c":"farmland"},"geometry":{"type":"Polygon","coordinates":[[[79.90652,7.57079],[79.90661,7.57099],[79.90682,7.57088],[79.90673,7.57071],[79.90652,7.57079]]]}},{"type":"Feature","properties":{"c":"farmland"},"geometry":{"type":"Polygon","coordinates":[[[79.90672,7.57047],[79.90673,7.57071],[79.90682,7.57088],[79.90691,7.57085],[79.90693,7.57045],[79.90672,7.57047]]]}},{"type":"Feature","properties":{"c":"farmland"},"geometry":{"type":"Polygon","coordinates":[[[79.90693,7.57045],[79.90691,7.57085],[79.90712,7.5708],[79.90707,7.57044],[79.90693,7.57045]]]}},{"type":"Feature","properties":{"c":"farmland"},"geometry":{"type":"Polygon","coordinates":[[[79.90707,7.57044],[79.90712,7.5708],[79.90732,7.57074],[79.90727,7.57045],[79.90707,7.57044]]]}},{"type":"Feature","properties":{"c":"farmland"},"geometry":{"type":"Polygon","coordinates":[[[79.95151,7.62896],[79.95161,7.62992],[79.95216,7.63095],[79.95294,7.63218],[79.95317,7.63238],[79.95344,7.63305],[79.95488,7.63376],[79.95484,7.63428],[79.95445,7.63424],[79.95444,7.63436],[79.95507,7.63459],[79.95544,7.63344],[79.95517,7.63334],[79.9546,7.63294],[79.9545,7.63301],[79.95431,7.63282],[79.95434,7.63259],[79.95421,7.63231],[79.95398,7.63221],[79.95364,7.63179],[79.95343,7.63125],[79.95282,7.63019],[79.95279,7.63006],[79.95291,7.63],[79.95272,7.6292],[79.95275,7.62901],[79.95298,7.62854],[79.95151,7.62896]]]}},{"type":"Feature","properties":{"c":"forest"},"geometry":{"type":"Polygon","coordinates":[[[79.94769,7.62987],[79.94852,7.63233],[79.94892,7.63415],[79.95014,7.6344],[79.95212,7.63436],[79.95279,7.6346],[79.95329,7.63517],[79.95415,7.63507],[79.95445,7.63424],[79.95484,7.63428],[79.95488,7.63376],[79.95344,7.63305],[79.95317,7.63238],[79.95294,7.63218],[79.95216,7.63095],[79.95161,7.62992],[79.95151,7.62896],[79.95088,7.62912],[79.95035,7.62952],[79.94992,7.62922],[79.94931,7.62895],[79.94769,7.62987]]]}},{"type":"Feature","properties":{"c":"residential"},"geometry":{"type":"Polygon","coordinates":[[[79.95356,7.56761],[79.9544,7.56904],[79.95597,7.56889],[79.95619,7.56858],[79.95614,7.56791],[79.95503,7.56726],[79.95365,7.56742],[79.95356,7.56761]]]}},{"type":"Feature","properties":{"c":"residential"},"geometry":{"type":"Polygon","coordinates":[[[79.93635,7.58195],[79.93646,7.58233],[79.93654,7.5841],[79.93638,7.58447],[79.93651,7.58458],[79.93676,7.58444],[79.93723,7.58459],[79.93782,7.58488],[79.93823,7.58578],[79.94091,7.58578],[79.94182,7.58588],[79.94219,7.58583],[79.9423,7.58568],[79.94289,7.58557],[79.94324,7.58613],[79.94359,7.58589],[79.94353,7.58533],[79.94409,7.58495],[79.94493,7.58415],[79.9447,7.58347],[79.94429,7.58337],[79.94388,7.58311],[79.94451,7.58272],[79.94514,7.58195],[79.94517,7.58167],[79.94572,7.58145],[79.94551,7.58118],[79.94475,7.58125],[79.94441,7.58108],[79.94417,7.58073],[79.94521,7.58063],[79.94546,7.58038],[79.94527,7.57941],[79.94477,7.57939],[79.9443,7.57946],[79.94435,7.57989],[79.9441,7.57989],[79.94353,7.57953],[79.94313,7.57999],[79.94337,7.58043],[79.94331,7.58099],[79.94401,7.58228],[79.94293,7.5826],[79.94246,7.58234],[79.94201,7.58225],[79.94173,7.58226],[79.9416,7.5831],[79.94149,7.58348],[79.94166,7.58508],[79.94053,7.58488],[79.93989,7.58442],[79.93921,7.58451],[79.93869,7.58418],[79.93823,7.58295],[79.93831,7.58252],[79.93779,7.58197],[79.93654,7.58173],[79.93635,7.58195]]]}},{"type":"Feature","properties":{"c":"farmland"},"geometry":{"type":"Polygon","coordinates":[[[79.99722,7.55739],[79.99749,7.55853],[79.99833,7.55855],[79.99842,7.55833],[79.99828,7.55801],[79.99842,7.55788],[79.99855,7.55738],[79.99876,7.55695],[79.99904,7.55665],[79.99913,7.55649],[79.99928,7.55643],[79.99929,7.55632],[79.99943,7.55619],[79.9996,7.55615],[79.99969,7.55594],[79.99991,7.55575],[80.00037,7.55563],[80.0006,7.55571],[80.00076,7.55586],[80.00093,7.55646],[80.00109,7.5564],[80.0011,7.55663],[80.00104,7.55679],[80.00109,7.557],[80.00139,7.55724],[80.00139,7.55737],[80.00153,7.55764],[80.00164,7.55775],[80.00165,7.55813],[80.00157,7.55819],[80.00173,7.55849],[80.00204,7.55857],[80.00234,7.55845],[80.00244,7.55824],[80.00239,7.55801],[80.00239,7.55686],[80.00226,7.55681],[80.00224,7.55627],[80.00244,7.55612],[80.00241,7.55575],[80.00197,7.55563],[80.00117,7.5544],[80.00099,7.55432],[80.00074,7.55385],[80.00067,7.55338],[80.00069,7.55311],[79.99913,7.55311],[79.99929,7.55332],[79.99984,7.55385],[79.99998,7.55408],[79.99989,7.55491],[80.00006,7.55513],[79.9997,7.5553],[79.99943,7.55524],[79.99901,7.55544],[79.99861,7.55551],[79.99861,7.55563],[79.99828,7.55588],[79.99827,7.55607],[79.99766,7.55663],[79.99722,7.55739]]]}},{"type":"Feature","properties":{"c":"farmland"},"geometry":{"type":"Polygon","coordinates":[[[80.01505,7.5693],[80.01528,7.56947],[80.01543,7.5693],[80.01519,7.5691],[80.01505,7.5693]]]}},{"type":"Feature","properties":{"c":"farmland"},"geometry":{"type":"Polygon","coordinates":[[[80.01525,7.56882],[80.01558,7.56911],[80.01592,7.56869],[80.01603,7.56867],[80.01586,7.56826],[80.01569,7.56845],[80.01561,7.56838],[80.01547,7.56861],[80.0154,7.56858],[80.01525,7.56882]]]}},{"type":"Feature","properties":{"c":"farmland"},"geometry":{"type":"Polygon","coordinates":[[[79.99887,7.67062],[79.999,7.6712],[79.99921,7.67121],[79.99937,7.67115],[79.99942,7.67118],[79.99969,7.67108],[80.00017,7.67079],[80.0006,7.67045],[80.0009,7.67031],[80.00129,7.67033],[80.00164,7.67019],[80.00175,7.66982],[80.00147,7.6694],[80.00136,7.66909],[80.00124,7.66904],[80.00026,7.66943],[80.00032,7.66961],[79.99985,7.66979],[79.9999,7.66992],[79.99929,7.67032],[79.99941,7.67046],[79.99887,7.67062]]]}},{"type":"Feature","properties":{"c":"farmland","n":"Karuwalagas wewa Irrigable Area"},"geometry":{"type":"Polygon","coordinates":[[[80.01881,7.66411],[80.01881,7.66445],[80.01899,7.66467],[80.01903,7.66489],[80.01918,7.66491],[80.01941,7.6652],[80.01949,7.66541],[80.01982,7.66591],[80.01986,7.66607],[80.01985,7.66639],[80.0197,7.66656],[80.01963,7.66674],[80.02007,7.66674],[80.0203,7.66679],[80.02077,7.66718],[80.0212,7.66773],[80.02151,7.6672],[80.0216,7.66664],[80.0218,7.6665],[80.02202,7.66648],[80.02231,7.6666],[80.02267,7.66679],[80.02284,7.66716],[80.02312,7.66716],[80.02337,7.6669],[80.02377,7.66681],[80.02386,7.66663],[80.02434,7.6664],[80.02435,7.66624],[80.0238,7.66619],[80.0238,7.6665],[80.02299,7.66646],[80.02239,7.6665],[80.02238,7.66626],[80.0221,7.66629],[80.0221,7.6661],[80.02167,7.66602],[80.02145,7.66628],[80.02125,7.66669],[80.02126,7.66695],[80.02108,7.6671],[80.02111,7.66691],[80.02103,7.66675],[80.02094,7.66688],[80.02048,7.66664],[80.02052,7.66627],[80.02087,7.6663],[80.02098,7.66658],[80.02115,7.66624],[80.02088,7.66606],[80.02053,7.66596],[80.02037,7.66577],[80.02044,7.66561],[80.02065,7.66561],[80.02065,7.66539],[80.02046,7.66539],[80.01983,7.6657],[80.01981,7.66526],[80.01947,7.66455],[80.01963,7.66455],[80.01985,7.66507],[80.0201,7.66494],[80.01989,7.66469],[80.01983,7.66421],[80.01973,7.66395],[80.01951,7.66362],[80.01935,7.6635],[80.01938,7.66323],[80.01919,7.66327],[80.01915,7.66348],[80.01896,7.66342],[80.01881,7.66411]]]}},{"type":"Feature","properties":{"c":"farmland","n":"Irrigable Area Multiple Tanks"},"geometry":{"type":"Polygon","coordinates":[[[80.04205,7.67404],[80.04269,7.67462],[80.0434,7.67549],[80.04331,7.67555],[80.04337,7.67577],[80.04305,7.67587],[80.04315,7.67625],[80.04357,7.6762],[80.04471,7.67563],[80.04436,7.67516],[80.04426,7.67512],[80.04387,7.67527],[80.04328,7.67464],[80.04344,7.67448],[80.04301,7.67396],[80.04245,7.6735],[80.04221,7.67376],[80.04205,7.67404]]]}},{"type":"Feature","properties":{"c":"farmland","n":"Weerapokuna Wewa Irrigable Area"},"geometry":{"type":"Polygon","coordinates":[[[79.98991,7.64273],[79.99041,7.64343],[79.99053,7.64351],[79.99098,7.64356],[79.99128,7.64372],[79.99141,7.64393],[79.99171,7.64422],[79.99184,7.6443],[79.99211,7.64432],[79.99227,7.64446],[79.9924,7.64501],[79.99281,7.64528],[79.99311,7.6456],[79.99326,7.64597],[79.99345,7.64622],[79.99365,7.64629],[79.99404,7.64656],[79.99438,7.64711],[79.99451,7.64763],[79.99509,7.64744],[79.99512,7.64728],[79.99501,7.64691],[79.99482,7.64671],[79.99442,7.6464],[79.9938,7.64556],[79.99312,7.64511],[79.99273,7.64467],[79.99247,7.64427],[79.99165,7.64346],[79.99196,7.64322],[79.99178,7.64296],[79.99116,7.64335],[79.99105,7.6433],[79.99087,7.64301],[79.99056,7.64279],[79.99034,7.6427],[79.98991,7.64273]]]}},{"type":"Feature","properties":{"c":"farmland","n":"Ambalapath Wewa Irrigable Area"},"geometry":{"type":"Polygon","coordinates":[[[80.01586,7.66477],[80.01592,7.66489],[80.01667,7.66524],[80.01721,7.66566],[80.01738,7.66503],[80.0173,7.66492],[80.01726,7.66471],[80.01764,7.66465],[80.01776,7.66415],[80.01823,7.66405],[80.01824,7.66385],[80.01836,7.66373],[80.0186,7.66365],[80.01867,7.66342],[80.01871,7.66302],[80.01888,7.66304],[80.01885,7.66335],[80.0191,7.66344],[80.01916,7.6632],[80.01938,7.66318],[80.01962,7.66257],[80.01951,7.66253],[80.01925,7.66298],[80.01902,7.66292],[80.01867,7.66272],[80.01872,7.66254],[80.01891,7.6625],[80.01899,7.6621],[80.01923,7.66211],[80.0194,7.66193],[80.01956,7.66189],[80.01968,7.66193],[80.01973,7.66183],[80.01963,7.66176],[80.01963,7.66142],[80.01975,7.6614],[80.01975,7.66116],[80.01983,7.66112],[80.01992,7.6607],[80.02002,7.66073],[80.02002,7.66089],[80.02029,7.66093],[80.02037,7.66075],[80.02009,7.66065],[80.01971,7.66041],[80.01981,7.66027],[80.02008,7.66037],[80.02036,7.65956],[80.02081,7.65966],[80.02085,7.65959],[80.01999,7.65936],[80.01984,7.6597],[80.01967,7.65969],[80.01937,7.65993],[80.01922,7.65989],[80.01927,7.65971],[80.0189,7.65973],[80.0188,7.66],[80.01892,7.66005],[80.01881,7.66043],[80.0188,7.66091],[80.0186,7.66108],[80.01878,7.66124],[80.01881,7.66142],[80.01872,7.66151],[80.0188,7.66159],[80.01867,7.66209],[80.01856,7.66229],[80.0184,7.66244],[80.01822,7.66274],[80.01805,7.66276],[80.01801,7.66299],[80.01778,7.66316],[80.01781,7.66299],[80.01766,7.66285],[80.0175,7.66283],[80.01743,7.66324],[80.01708,7.66327],[80.01679,7.66324],[80.01671,7.66352],[80.01653,7.66353],[80.01621,7.66343],[80.01608,7.66357],[80.01602,7.66373],[80.01591,7.66422],[80.01586,7.66477]]]}},{"type":"Feature","properties":{"c":"farmland","n":"Irrigable Area Multiple Tanks"},"geometry":{"type":"Polygon","coordinates":[[[79.9563,7.67206],[79.95667,7.67206],[79.95663,7.67161],[79.95681,7.67166],[79.95683,7.67205],[79.95763,7.67208],[79.95762,7.67221],[79.95854,7.67243],[79.95848,7.67257],[79.9589,7.67272],[79.95899,7.67258],[79.95932,7.6727],[79.95924,7.67289],[79.95945,7.67305],[79.9597,7.67308],[79.95991,7.67299],[79.96031,7.67325],[79.96062,7.67362],[79.9605,7.67381],[79.96054,7.67387],[79.96044,7.67401],[79.96055,7.67418],[79.96093,7.67425],[79.96085,7.67394],[79.96086,7.67375],[79.96068,7.67343],[79.96077,7.67327],[79.96091,7.67323],[79.96102,7.67311],[79.96103,7.67298],[79.96092,7.67279],[79.95965,7.67173],[79.95922,7.67148],[79.9589,7.67138],[79.95779,7.67132],[79.95724,7.67148],[79.95641,7.67135],[79.9563,7.67147],[79.9563,7.67206]]]}},{"type":"Feature","properties":{"c":"farmland","n":"Irrigable Area Multiple Tanks"},"geometry":{"type":"Polygon","coordinates":[[[79.95716,7.67052],[79.95729,7.67072],[79.95769,7.67088],[79.95781,7.67101],[79.95814,7.67104],[79.9586,7.67097],[79.95941,7.67114],[79.9599,7.67132],[79.96039,7.67156],[79.96072,7.67186],[79.96099,7.67201],[79.96131,7.67234],[79.96153,7.6727],[79.96164,7.673],[79.96181,7.67319],[79.96162,7.67324],[79.96154,7.67332],[79.96145,7.67384],[79.96149,7.67416],[79.9616,7.67444],[79.96175,7.67466],[79.9618,7.67493],[79.96177,7.6751],[79.96168,7.67526],[79.96173,7.67627],[79.96188,7.67693],[79.96228,7.6774],[79.96224,7.67746],[79.96163,7.67711],[79.96161,7.67696],[79.96153,7.67697],[79.96146,7.67754],[79.96115,7.6776],[79.96116,7.67793],[79.96178,7.67795],[79.96187,7.67757],[79.9621,7.67752],[79.96214,7.67788],[79.9622,7.678],[79.96221,7.67852],[79.96236,7.67858],[79.96266,7.67861],[79.96262,7.67936],[79.96257,7.67945],[79.96249,7.67947],[79.96247,7.67976],[79.96263,7.67979],[79.96255,7.68012],[79.9627,7.68015],[79.96269,7.68027],[79.96322,7.68035],[79.96335,7.67969],[79.96337,7.67895],[79.9637,7.67896],[79.96381,7.67909],[79.96401,7.67972],[79.96401,7.68017],[79.9639,7.68018],[79.96398,7.68082],[79.96411,7.68096],[79.96409,7.68115],[79.96423,7.68117],[79.96433,7.68199],[79.9647,7.68204],[79.96471,7.68133],[79.96487,7.68141],[79.96491,7.68186],[79.96487,7.68214],[79.96505,7.68225],[79.96503,7.68234],[79.96491,7.68238],[79.96528,7.68352],[79.96576,7.68345],[79.96603,7.68348],[79.96613,7.6836],[79.9663,7.68419],[79.96714,7.68402],[79.96675,7.68259],[79.96639,7.68255],[79.96618,7.68126],[79.96607,7.68125],[79.96598,7.681],[79.96637,7.68099],[79.9665,7.68135],[79.96669,7.68127],[79.96677,7.6811],[79.96694,7.68107],[79.9676,7.68068],[79.96769,7.68088],[79.96807,7.68074],[79.96815,7.68113],[79.96809,7.68154],[79.96812,7.68173],[79.9685,7.68164],[79.96845,7.6811],[79.96857,7.68046],[79.96906,7.68037],[79.96907,7.68018],[79.96931,7.68011],[79.96945,7.68099],[79.97044,7.68079],[79.97078,7.68079],[79.9708,7.68095],[79.97068,7.68101],[79.97066,7.68114],[79.97081,7.68135],[79.97111,7.68146],[79.97138,7.68164],[79.97163,7.6819],[79.97168,7.68227],[79.9721,7.68217],[79.97199,7.68184],[79.97181,7.68156],[79.97161,7.68138],[79.97238,7.68095],[79.9725,7.68112],[79.97275,7.68119],[79.97312,7.68114],[79.97316,7.68205],[79.9737,7.68214],[79.97392,7.68108],[79.97343,7.68095],[79.97336,7.6808],[79.97312,7.68076],[79.97351,7.68056],[79.97342,7.6803],[79.9737,7.68012],[79.97365,7.67982],[79.97342,7.6798],[79.97322,7.67948],[79.97296,7.67924],[79.97268,7.67912],[79.97233,7.67854],[79.97268,7.67813],[79.97214,7.67769],[79.97148,7.67805],[79.97108,7.6779],[79.97058,7.6776],[79.97033,7.67737],[79.97008,7.67726],[79.96956,7.6773],[79.96901,7.67741],[79.96881,7.67794],[79.96983,7.67787],[79.96978,7.67828],[79.96953,7.67835],[79.96937,7.67826],[79.96878,7.67847],[79.96785,7.67869],[79.96763,7.67871],[79.96734,7.67861],[79.96769,7.67848],[79.96764,7.67819],[79.96795,7.67813],[79.96804,7.67794],[79.96797,7.67774],[79.96766,7.67752],[79.96755,7.67687],[79.96763,7.67645],[79.96765,7.67577],[79.96804,7.67559],[79.96789,7.67478],[79.96748,7.67488],[79.96688,7.67493],[79.96694,7.67455],[79.9669,7.6742],[79.967,7.67358],[79.96696,7.67326],[79.96675,7.67329],[79.96659,7.67261],[79.96579,7.6725],[79.96574,7.67265],[79.96514,7.67276],[79.96501,7.6727],[79.96487,7.67257],[79.96476,7.67231],[79.96436,7.67214],[79.96441,7.67189],[79.96426,7.672],[79.9641,7.67205],[79.96377,7.67203],[79.96339,7.67181],[79.9629,7.67188],[79.9627,7.67176],[79.96266,7.67155],[79.96271,7.67131],[79.96214,7.67156],[79.96082,7.67093],[79.96024,7.67085],[79.95968,7.67059],[79.95902,7.67051],[79.9581,7.67057],[79.95716,7.67052]],[[79.96312,7.67757],[79.96316,7.67736],[79.96364,7.67724],[79.96364,7.67784],[79.96314,7.67786],[79.96312,7.67757]]]}},{"type":"Feature","properties":{"c":"farmland","n":"Irrigable Area Multiple Tanks"},"geometry":{"type":"Polygon","coordinates":[[[79.97575,7.67955],[79.97615,7.68],[79.97632,7.68007],[79.97621,7.6804],[79.97597,7.6807],[79.9759,7.68088],[79.97599,7.68119],[79.97612,7.68141],[79.97698,7.68187],[79.97763,7.68188],[79.97789,7.68185],[79.97825,7.68173],[79.97849,7.68143],[79.9786,7.68118],[79.97902,7.68087],[79.97969,7.68117],[79.98005,7.68093],[79.98038,7.6805],[79.98063,7.68007],[79.98096,7.68001],[79.98123,7.68008],[79.98128,7.6803],[79.98074,7.68059],[79.98046,7.68083],[79.98024,7.68116],[79.97999,7.6814],[79.97971,7.68149],[79.97952,7.68144],[79.97914,7.68122],[79.97888,7.68139],[79.97869,7.68184],[79.97817,7.68209],[79.97761,7.68228],[79.97661,7.68205],[79.97674,7.68237],[79.97658,7.68286],[79.97674,7.68388],[79.97646,7.68584],[79.97809,7.68669],[79.98118,7.6889],[79.98169,7.68832],[79.98231,7.68796],[79.983,7.68743],[79.98371,7.68732],[79.98446,7.6876],[79.98504,7.68801],[79.98549,7.68839],[79.9857,7.68896],[79.98656,7.68911],[79.9874,7.68941],[79.98789,7.68973],[79.9883,7.6886],[79.98776,7.68803],[79.98725,7.6862],[79.98708,7.68607],[79.98562,7.68616],[79.98525,7.68592],[79.98525,7.68554],[79.98538,7.68496],[79.98534,7.68437],[79.98519,7.68401],[79.98495,7.68367],[79.98482,7.68316],[79.98371,7.68088],[79.98371,7.68035],[79.98354,7.67933],[79.98367,7.6789],[79.98341,7.67873],[79.98343,7.67771],[79.98463,7.67771],[79.98577,7.67759],[79.98585,7.6771],[79.98603,7.67688],[79.98645,7.67671],[79.98676,7.6765],[79.98723,7.67635],[79.98727,7.67584],[79.98718,7.6755],[79.98721,7.67474],[79.98691,7.67425],[79.98637,7.67444],[79.9853,7.67454],[79.98487,7.67463],[79.98467,7.67361],[79.98408,7.67334],[79.98366,7.67332],[79.98298,7.67346],[79.98236,7.67319],[79.98182,7.67279],[79.98151,7.67265],[79.98133,7.67264],[79.98133,7.67246],[79.9809,7.67235],[79.98036,7.67191],[79.97998,7.67248],[79.98068,7.6729],[79.98091,7.67353],[79.98057,7.67393],[79.98096,7.67464],[79.98126,7.67508],[79.9816,7.67532],[79.98199,7.67549],[79.98212,7.67583],[79.98185,7.6766],[79.98181,7.67721],[79.98209,7.67729],[79.98222,7.67764],[79.98229,7.67818],[79.98171,7.67885],[79.98127,7.67924],[79.98065,7.67951],[79.98038,7.6797],[79.98018,7.67969],[79.97969,7.67996],[79.97923,7.67988],[79.97885,7.67974],[79.97819,7.67976],[79.97788,7.6797],[79.97746,7.67992],[79.97695,7.67999],[79.97637,7.67965],[79.97575,7.67955]]]}},{"type":"Feature","properties":{"c":"farmland","n":"Irrigable Area Multiple Tanks"},"geometry":{"type":"Polygon","coordinates":[[[79.95376,7.6662],[79.95393,7.66638],[79.95381,7.6671],[79.95382,7.6673],[79.95415,7.66745],[79.95424,7.66809],[79.9554,7.66803],[79.95541,7.66824],[79.95563,7.66847],[79.95599,7.66933],[79.95631,7.6694],[79.95632,7.66914],[79.95621,7.66897],[79.95605,7.66835],[79.95662,7.66842],[79.95683,7.66909],[79.95717,7.66903],[79.95727,7.66916],[79.95781,7.66897],[79.9579,7.6691],[79.95862,7.66875],[79.95839,7.66827],[79.95825,7.6678],[79.95824,7.66753],[79.95839,7.66723],[79.958,7.66577],[79.95797,7.6655],[79.95798,7.66526],[79.95834,7.66451],[79.95847,7.6645],[79.95858,7.66463],[79.95846,7.66505],[79.95832,7.66515],[79.9582,7.66539],[79.95834,7.66576],[79.95844,7.66629],[79.9596,7.66595],[79.95955,7.66558],[79.95996,7.66554],[79.96013,7.66579],[79.96038,7.66568],[79.96054,7.66545],[79.96071,7.66534],[79.96081,7.66499],[79.96082,7.66433],[79.9611,7.66433],[79.96135,7.66424],[79.96181,7.66429],[79.96206,7.66416],[79.96203,7.66388],[79.96196,7.66379],[79.96144,7.66392],[79.96134,7.66344],[79.96229,7.66295],[79.9621,7.66185],[79.96206,7.6618],[79.96138,7.66216],[79.96071,7.66151],[79.9603,7.66118],[79.95954,7.66014],[79.9593,7.66023],[79.95921,7.66004],[79.95921,7.6599],[79.95999,7.65985],[79.9604,7.65995],[79.96047,7.66007],[79.96111,7.66012],[79.96236,7.66035],[79.96254,7.66078],[79.96286,7.66126],[79.96295,7.66184],[79.96306,7.66203],[79.96337,7.6623],[79.96338,7.66252],[79.96402,7.66269],[79.96414,7.6632],[79.96559,7.66279],[79.96543,7.66259],[79.9656,7.66248],[79.96615,7.66242],[79.96624,7.6623],[79.96634,7.66231],[79.96645,7.66253],[79.96664,7.66249],[79.96645,7.66134],[79.96633,7.6614],[79.96629,7.66169],[79.96579,7.6619],[79.96561,7.66209],[79.96512,7.66213],[79.96514,7.66196],[79.96526,7.66185],[79.96537,7.66159],[79.96532,7.66139],[79.96521,7.66126],[79.96491,7.66123],[79.96492,7.66092],[79.96487,7.66074],[79.96484,7.66066],[79.96474,7.66068],[79.96467,7.66027],[79.96411,7.66034],[79.96409,7.66008],[79.96431,7.66001],[79.9644,7.65983],[79.96452,7.65982],[79.96464,7.6596],[79.96475,7.65953],[79.96531,7.65953],[79.96513,7.65864],[79.96501,7.6586],[79.96465,7.65863],[79.96457,7.6587],[79.96466,7.65899],[79.96454,7.65902],[79.96434,7.65894],[79.96416,7.65901],[79.96398,7.65897],[79.96382,7.65901],[79.96361,7.65894],[79.96338,7.65901],[79.96327,7.659],[79.96352,7.65798],[79.96328,7.6579],[79.96325,7.65823],[79.96314,7.65822],[79.96317,7.65802],[79.96251,7.65785],[79.9622,7.65766],[79.96155,7.65745],[79.96114,7.65723],[79.9606,7.65722],[79.96031,7.65713],[79.96029,7.65707],[79.95998,7.65708],[79.95851,7.65664],[79.95802,7.65794],[79.95796,7.65838],[79.95739,7.65817],[79.95659,7.65809],[79.95629,7.65815],[79.95554,7.65817],[79.955,7.65784],[79.9547,7.65777],[79.95393,7.6574],[79.95397,7.65818],[79.95425,7.65872],[79.95439,7.65968],[79.9546,7.66032],[79.95475,7.66132],[79.95582,7.6614],[79.95579,7.66124],[79.95653,7.66126],[79.9568,7.66133],[79.95691,7.66111],[79.95751,7.66122],[79.95763,7.66221],[79.9567,7.66227],[79.95654,7.66306],[79.95486,7.66306],[79.95469,7.66363],[79.95482,7.66412],[79.95485,7.6645],[79.95456,7.66453],[79.95445,7.66517],[79.95394,7.66517],[79.95381,7.6653],[79.95388,7.6655],[79.95388,7.66583],[79.95376,7.6662]]]}},{"type":"Feature","properties":{"c":"farmland","n":"Irrigable Area Multiple Tanks"},"geometry":{"type":"Polygon","coordinates":[[[79.94805,7.65842],[79.94836,7.65882],[79.94869,7.65875],[79.94938,7.65849],[79.94971,7.65847],[79.9501,7.65825],[79.95029,7.65809],[79.95047,7.65813],[79.95046,7.65848],[79.95033,7.65865],[79.94857,7.65913],[79.94912,7.66017],[79.94938,7.66006],[79.94947,7.66009],[79.94952,7.66024],[79.94948,7.66031],[79.94972,7.66034],[79.94993,7.6603],[79.95032,7.66007],[79.9504,7.65999],[79.95036,7.65968],[79.9504,7.65953],[79.9511,7.65941],[79.95117,7.65987],[79.95139,7.65989],[79.95155,7.6598],[79.95195,7.65972],[79.95205,7.66015],[79.95212,7.66026],[79.9521,7.66046],[79.95227,7.66059],[79.95227,7.66073],[79.95239,7.66081],[79.95334,7.66104],[79.95323,7.66082],[79.95317,7.66016],[79.95341,7.66013],[79.95345,7.66033],[79.95427,7.66034],[79.95387,7.65862],[79.95376,7.65856],[79.95368,7.65831],[79.95366,7.65807],[79.95356,7.65802],[79.95353,7.65774],[79.95322,7.65773],[79.95288,7.65761],[79.9527,7.65769],[79.95247,7.65758],[79.95244,7.6579],[79.95206,7.65794],[79.95203,7.65781],[79.95208,7.65754],[79.95136,7.65736],[79.95106,7.65721],[79.95097,7.65726],[79.95086,7.65721],[79.95074,7.65709],[79.95066,7.6568],[79.95011,7.65684],[79.94981,7.65698],[79.94957,7.65739],[79.94946,7.65737],[79.94934,7.65745],[79.94941,7.65789],[79.94924,7.65803],[79.949,7.65806],[79.9488,7.6579],[79.94826,7.65819],[79.94805,7.65842]]]}},{"type":"Feature","properties":{"c":"farmland","n":"Irrigable Area"},"geometry":{"type":"Polygon","coordinates":[[[79.94665,7.65697],[79.94676,7.65742],[79.94743,7.65802],[79.94812,7.65758],[79.94805,7.65694],[79.94765,7.65697],[79.94762,7.65677],[79.94717,7.6569],[79.94665,7.65697]]]}},{"type":"Feature","properties":{"c":"farmland","n":"Marawila wewa-1-2 Irrigable Area"},"geometry":{"type":"Polygon","coordinates":[[[79.92404,7.65681],[79.92446,7.65834],[79.92584,7.65928],[79.92704,7.65962],[79.92914,7.66123],[79.9303,7.66298],[79.93086,7.66438],[79.93137,7.66723],[79.9306,7.66859],[79.93013,7.66982],[79.93056,7.67076],[79.93116,7.67352],[79.93189,7.67476],[79.93253,7.67569],[79.93378,7.67659],[79.93455,7.67744],[79.93584,7.6768],[79.9373,7.67616],[79.93906,7.67578],[79.94026,7.67522],[79.94154,7.67395],[79.94309,7.67446],[79.94408,7.67395],[79.94575,7.67374],[79.94648,7.67089],[79.94747,7.67059],[79.94884,7.67097],[79.94996,7.67097],[79.9509,7.6711],[79.95159,7.67097],[79.95146,7.66982],[79.95099,7.66936],[79.95021,7.66923],[79.94897,7.66923],[79.94824,7.66927],[79.94768,7.6694],[79.94725,7.6688],[79.94716,7.66844],[79.94692,7.66812],[79.94606,7.66738],[79.9458,7.66696],[79.94537,7.66711],[79.94476,7.66765],[79.94456,7.66787],[79.94394,7.6688],[79.94339,7.66876],[79.94275,7.66853],[79.94208,7.6684],[79.94198,7.66755],[79.942,7.66652],[79.94181,7.66291],[79.9425,7.6626],[79.94434,7.66105],[79.94609,7.66151],[79.94592,7.65986],[79.94594,7.65934],[79.94614,7.65868],[79.94575,7.6583],[79.94502,7.65804],[79.94463,7.65745],[79.94446,7.65677],[79.94421,7.65634],[79.94313,7.65634],[79.94202,7.65736],[79.94116,7.6577],[79.93987,7.65783],[79.93893,7.65783],[79.93828,7.65736],[79.94004,7.65706],[79.94043,7.656],[79.94056,7.65511],[79.94056,7.65413],[79.94036,7.65334],[79.93989,7.65307],[79.93912,7.65302],[79.93803,7.65315],[79.93755,7.65336],[79.9356,7.65304],[79.93433,7.65149],[79.93309,7.6529],[79.93107,7.65409],[79.92893,7.65464],[79.9267,7.65506],[79.92485,7.65549],[79.92404,7.65681]]]}},{"type":"Feature","properties":{"c":"farmland","n":"Irrigable Area Multiple Tanks"},"geometry":{"type":"Polygon","coordinates":[[[79.95514,7.63488],[79.95537,7.63489],[79.95544,7.63541],[79.95556,7.63587],[79.95522,7.6366],[79.95522,7.63678],[79.95535,7.63698],[79.95559,7.63802],[79.95549,7.63843],[79.95549,7.63867],[79.9557,7.63968],[79.95561,7.63986],[79.95563,7.6405],[79.95585,7.64039],[79.95585,7.63988],[79.95595,7.63977],[79.95589,7.63944],[79.95587,7.63826],[79.95602,7.63727],[79.95595,7.63684],[79.95614,7.63673],[79.95571,7.63447],[79.95589,7.63425],[79.95626,7.63423],[79.95818,7.63558],[79.95889,7.63636],[79.95943,7.63678],[79.95944,7.63699],[79.95969,7.63727],[79.95978,7.63808],[79.95959,7.63939],[79.95928,7.64007],[79.95905,7.64088],[79.95902,7.6414],[79.95914,7.6415],[79.9589,7.64175],[79.95885,7.64206],[79.95886,7.6423],[79.95894,7.64244],[79.95882,7.64274],[79.95865,7.64408],[79.95897,7.64438],[79.95925,7.64423],[79.95929,7.64316],[79.95939,7.64246],[79.95932,7.64202],[79.95939,7.64192],[79.95957,7.64127],[79.95957,7.64077],[79.95965,7.64043],[79.95991,7.64008],[79.96007,7.63998],[79.96019,7.64],[79.96057,7.64033],[79.96083,7.64045],[79.96097,7.64007],[79.96063,7.63995],[79.96054,7.63973],[79.96015,7.63944],[79.96013,7.63905],[79.96025,7.63869],[79.96032,7.63822],[79.96035,7.63768],[79.96031,7.6374],[79.96051,7.63733],[79.9616,7.63786],[79.962,7.63799],[79.9622,7.63815],[79.96254,7.6383],[79.96299,7.63869],[79.96343,7.6393],[79.96358,7.6394],[79.96389,7.63946],[79.9643,7.63962],[79.96505,7.64015],[79.96534,7.64055],[79.96546,7.64083],[79.96547,7.64133],[79.96564,7.64186],[79.96572,7.64253],[79.96567,7.64283],[79.96575,7.6431],[79.96627,7.64299],[79.96612,7.6425],[79.96595,7.64163],[79.96593,7.64117],[79.9658,7.64054],[79.96579,7.64007],[79.96589,7.6398],[79.96568,7.63975],[79.96464,7.63924],[79.96423,7.63893],[79.96373,7.63825],[79.9634,7.63822],[79.96328,7.63812],[79.96299,7.63763],[79.96278,7.63745],[79.96225,7.63721],[79.9621,7.63707],[79.96176,7.63707],[79.96154,7.63698],[79.96094,7.63656],[79.95969,7.63607],[79.95953,7.63576],[79.95908,7.6354],[79.95876,7.63522],[79.9578,7.63429],[79.95706,7.63402],[79.95653,7.63372],[79.95611,7.63341],[79.95589,7.63347],[79.95566,7.63341],[79.95547,7.63379],[79.95522,7.63446],[79.95514,7.63488]]]}},{"type":"Feature","properties":{"c":"farmland","n":"Irrigable Area Multiple Tanks"},"geometry":{"type":"Polygon","coordinates":[[[79.96596,7.63948],[79.96647,7.63924],[79.96661,7.63913],[79.9672,7.6389],[79.96751,7.63873],[79.96758,7.63878],[79.96758,7.63891],[79.96804,7.63878],[79.96815,7.63882],[79.96837,7.63908],[79.96867,7.63884],[79.96876,7.63887],[79.96904,7.6386],[79.96895,7.63763],[79.96884,7.63749],[79.96791,7.63807],[79.96776,7.63821],[79.9673,7.63834],[79.96725,7.63839],[79.96719,7.63864],[79.96712,7.63871],[79.96617,7.6389],[79.96596,7.63948]]]}},{"type":"Feature","properties":{"c":"farmland","n":"Irrigable Area Multiple Tanks"},"geometry":{"type":"Polygon","coordinates":[[[79.96818,7.67453],[79.96823,7.67473],[79.96839,7.67477],[79.96858,7.67538],[79.96928,7.67516],[79.96947,7.67556],[79.97005,7.67544],[79.9704,7.67619],[79.97072,7.67613],[79.97071,7.67554],[79.97133,7.67565],[79.97165,7.67564],[79.97176,7.67642],[79.97144,7.67649],[79.97153,7.67663],[79.97199,7.67683],[79.97244,7.67675],[79.97271,7.67689],[79.97266,7.67709],[79.97318,7.6775],[79.973,7.67766],[79.97321,7.67796],[79.9734,7.67815],[79.97378,7.6784],[79.97384,7.67831],[79.97367,7.67791],[79.97381,7.67761],[79.9738,7.67734],[79.97369,7.67714],[79.97312,7.67648],[79.97278,7.67591],[79.97288,7.67527],[79.97274,7.67484],[79.97254,7.67487],[79.97239,7.67465],[79.97226,7.67465],[79.97186,7.67481],[79.97164,7.67433],[79.97183,7.67341],[79.972,7.673],[79.9728,7.67256],[79.97343,7.67181],[79.97376,7.67155],[79.97417,7.67109],[79.9743,7.67127],[79.97451,7.67129],[79.97448,7.67149],[79.97468,7.67151],[79.97475,7.67165],[79.97492,7.67158],[79.97488,7.6713],[79.9747,7.67107],[79.9749,7.67092],[79.97502,7.67068],[79.97519,7.67078],[79.97539,7.67081],[79.97563,7.67065],[79.97613,7.67055],[79.97615,7.67021],[79.97626,7.67014],[79.97624,7.66976],[79.97608,7.66938],[79.97642,7.66933],[79.97643,7.66911],[79.97666,7.66877],[79.97706,7.66861],[79.97753,7.66835],[79.9778,7.66838],[79.97801,7.66863],[79.97809,7.66897],[79.97785,7.66998],[79.97797,7.67041],[79.97816,7.67063],[79.97817,7.6708],[79.97799,7.67081],[79.9781,7.67119],[79.97823,7.67132],[79.97837,7.67138],[79.97839,7.67169],[79.97853,7.67189],[79.9787,7.67163],[79.97856,7.6711],[79.97836,7.67104],[79.97831,7.67095],[79.97832,7.67084],[79.97844,7.67068],[79.97856,7.67068],[79.97863,7.67075],[79.97926,7.67084],[79.97922,7.6706],[79.97965,7.67054],[79.97937,7.67],[79.97935,7.66972],[79.97899,7.66975],[79.979,7.66923],[79.97896,7.66901],[79.97902,7.66894],[79.97921,7.66889],[79.97918,7.66857],[79.97923,7.66828],[79.97878,7.66841],[79.97842,7.66792],[79.97872,7.66789],[79.97843,7.66668],[79.97895,7.6662],[79.97782,7.66564],[79.97708,7.6652],[79.97661,7.66502],[79.97634,7.66477],[79.97639,7.66494],[79.97631,7.66519],[79.97614,7.66517],[79.97599,7.66537],[79.97573,7.66544],[79.97566,7.66559],[79.97552,7.66554],[79.9754,7.66579],[79.97503,7.66562],[79.97485,7.66573],[79.97465,7.66574],[79.97459,7.66592],[79.97461,7.66613],[79.97492,7.6673],[79.9745,7.66737],[79.97451,7.66743],[79.97436,7.66737],[79.97421,7.66675],[79.97399,7.66672],[79.97398,7.66648],[79.97416,7.6665],[79.9741,7.66631],[79.97397,7.66618],[79.97426,7.66617],[79.97438,7.66579],[79.97421,7.66561],[79.97395,7.66566],[79.97369,7.66558],[79.97361,7.66576],[79.97322,7.66597],[79.97307,7.66588],[79.97279,7.66592],[79.97288,7.66617],[79.97215,7.66669],[79.972,7.66692],[79.97226,7.66737],[79.97246,7.66788],[79.97288,7.66788],[79.97343,7.66803],[79.97344,7.66863],[79.97304,7.66896],[79.97303,7.66911],[79.97289,7.66912],[79.97288,7.66951],[79.97319,7.66955],[79.97326,7.6697],[79.97316,7.66993],[79.97297,7.67023],[79.97275,7.67038],[79.97241,7.67025],[79.97215,7.67065],[79.9725,7.67083],[79.97242,7.67093],[79.9722,7.67105],[79.97186,7.67112],[79.97149,7.67143],[79.97056,7.67092],[79.97027,7.67099],[79.97008,7.67136],[79.97072,7.67231],[79.97027,7.67246],[79.96903,7.67223],[79.96882,7.67234],[79.9686,7.67286],[79.96863,7.67313],[79.96883,7.67316],[79.96887,7.67336],[79.96886,7.6736],[79.96874,7.67385],[79.96877,7.67406],[79.96839,7.67407],[79.96834,7.67415],[79.96835,7.67439],[79.96818,7.67453]]]}},{"type":"Feature","properties":{"c":"farmland","n":"Kumbuk Wewa Irrigable Area"},"geometry":{"type":"Polygon","coordinates":[[[79.97779,7.6619],[79.97898,7.66209],[79.97903,7.66189],[79.97927,7.66156],[79.97954,7.66098],[79.97966,7.66057],[79.9795,7.66048],[79.97978,7.65941],[79.98026,7.65954],[79.98058,7.65896],[79.98054,7.6588],[79.98058,7.65858],[79.97896,7.6581],[79.97874,7.65947],[79.9788,7.65952],[79.9788,7.65987],[79.97856,7.65998],[79.97852,7.66024],[79.97819,7.66033],[79.97826,7.66069],[79.97779,7.6619]]]}},{"type":"Feature","properties":{"c":"farmland","n":"Gedara Wewa Irrigable Area"},"geometry":{"type":"Polygon","coordinates":[[[79.95835,7.64665],[79.9586,7.64729],[79.95876,7.64752],[79.95894,7.64803],[79.95915,7.64818],[79.95936,7.64824],[79.95938,7.64858],[79.95958,7.6487],[79.95982,7.64826],[79.96005,7.64764],[79.95986,7.64763],[79.95971,7.64749],[79.95961,7.6473],[79.95943,7.64722],[79.95932,7.64655],[79.95935,7.64643],[79.95955,7.64625],[79.95963,7.64608],[79.95961,7.64564],[79.95953,7.6454],[79.95952,7.64509],[79.95944,7.64493],[79.95912,7.64464],[79.95867,7.64437],[79.95853,7.64436],[79.9584,7.64444],[79.95838,7.64457],[79.95864,7.64512],[79.95924,7.64612],[79.9591,7.64611],[79.95867,7.64631],[79.95839,7.64652],[79.95835,7.64665]]]}},{"type":"Feature","properties":{"c":"farmland","n":"Makulapokuna Pahala wewa Irrigable Area"},"geometry":{"type":"Polygon","coordinates":[[[79.99014,7.67009],[79.99041,7.67014],[79.99044,7.67018],[79.99037,7.67024],[79.99071,7.67047],[79.99069,7.67019],[79.99085,7.66985],[79.99034,7.66977],[79.99014,7.67009]]]}},{"type":"Feature","properties":{"c":"farmland","n":"Irrigable Area"},"geometry":{"type":"Polygon","coordinates":[[[79.99942,7.62753],[79.99998,7.6285],[80.00066,7.62821],[80.00083,7.62798],[80.00066,7.62773],[80.00034,7.62706],[79.99942,7.62753]]]}},{"type":"Feature","properties":{"c":"farmland","n":"Irrigable Area"},"geometry":{"type":"Polygon","coordinates":[[[79.95075,7.66799],[79.9508,7.6686],[79.95135,7.66882],[79.95211,7.66934],[79.95229,7.66955],[79.95218,7.66979],[79.95204,7.66989],[79.95201,7.67025],[79.9521,7.67041],[79.95208,7.67067],[79.95243,7.67075],[79.95233,7.67131],[79.95269,7.67148],[79.95272,7.67177],[79.95299,7.67173],[79.95301,7.67186],[79.95316,7.67196],[79.9533,7.67193],[79.95343,7.67175],[79.95336,7.67158],[79.95316,7.67152],[79.95323,7.67075],[79.95354,7.67072],[79.95366,7.67009],[79.95327,7.67003],[79.95305,7.66967],[79.95272,7.66965],[79.95271,7.6694],[79.95309,7.66916],[79.95345,7.66881],[79.95331,7.66848],[79.95286,7.66846],[79.95269,7.66837],[79.95262,7.66813],[79.95208,7.66788],[79.95185,7.6677],[79.95162,7.66712],[79.95134,7.66704],[79.95132,7.66751],[79.95098,7.66753],[79.951,7.668],[79.95075,7.66799]]]}},{"type":"Feature","properties":{"c":"farmland","n":"Irrigable Area Multiple Tanks"},"geometry":{"type":"Polygon","coordinates":[[[80.00312,7.63203],[80.0031,7.63238],[80.00321,7.63253],[80.0035,7.63257],[80.00386,7.63292],[80.00374,7.63343],[80.00379,7.63364],[80.00388,7.63379],[80.00406,7.63393],[80.00424,7.63369],[80.00444,7.63364],[80.0048,7.63413],[80.00502,7.63463],[80.00556,7.63514],[80.00573,7.63551],[80.00599,7.6365],[80.00609,7.63708],[80.00611,7.63773],[80.0062,7.63814],[80.00612,7.63831],[80.00617,7.63894],[80.00615,7.63913],[80.00621,7.63955],[80.00599,7.63956],[80.006,7.64008],[80.00616,7.64014],[80.00587,7.64056],[80.006,7.64107],[80.00605,7.6416],[80.00594,7.64176],[80.00579,7.64175],[80.00595,7.64206],[80.00597,7.64249],[80.00633,7.64299],[80.00642,7.64363],[80.00633,7.64414],[80.00633,7.64445],[80.00593,7.64564],[80.00589,7.64677],[80.00622,7.64705],[80.00628,7.64744],[80.00674,7.64785],[80.00701,7.64825],[80.00795,7.64985],[80.00809,7.65029],[80.00807,7.65072],[80.008,7.65102],[80.00807,7.65211],[80.00796,7.6525],[80.00788,7.65329],[80.00792,7.65352],[80.00802,7.65354],[80.00811,7.65378],[80.00813,7.65396],[80.00806,7.65418],[80.0081,7.65476],[80.00827,7.6556],[80.00833,7.65622],[80.00813,7.65631],[80.00795,7.65788],[80.00792,7.65845],[80.00927,7.65852],[80.00945,7.65844],[80.00987,7.65811],[80.01002,7.65805],[80.00993,7.65786],[80.01018,7.65741],[80.01022,7.65715],[80.01016,7.65702],[80.01042,7.65701],[80.01062,7.65691],[80.01067,7.6571],[80.01112,7.65715],[80.01172,7.65712],[80.01195,7.65706],[80.012,7.65662],[80.012,7.65609],[80.01188,7.65595],[80.01148,7.65581],[80.01126,7.65551],[80.01123,7.65535],[80.01146,7.65488],[80.01141,7.65466],[80.0113,7.65445],[80.01113,7.65443],[80.01089,7.65366],[80.01078,7.65344],[80.01038,7.65306],[80.01032,7.65284],[80.01035,7.65243],[80.01031,7.65231],[80.01067,7.65216],[80.011,7.65223],[80.01149,7.65222],[80.01164,7.65196],[80.01115,7.65189],[80.01078,7.65166],[80.01044,7.65129],[80.01015,7.65067],[80.01047,7.65056],[80.01042,7.65002],[80.01048,7.6498],[80.01025,7.64942],[80.01026,7.64913],[80.01062,7.64909],[80.01028,7.64827],[80.01028,7.648],[80.01043,7.6479],[80.01126,7.64795],[80.01138,7.64748],[80.01083,7.64723],[80.01065,7.64708],[80.01018,7.64644],[80.01034,7.64509],[80.01063,7.64459],[80.01055,7.6443],[80.01027,7.644],[80.01007,7.64353],[80.01012,7.64292],[80.00992,7.64267],[80.00932,7.64237],[80.00903,7.64211],[80.00921,7.6414],[80.00955,7.64095],[80.00945,7.64025],[80.00969,7.63981],[80.00988,7.63921],[80.00991,7.63963],[80.0109,7.63967],[80.01133,7.63987],[80.01202,7.63997],[80.01263,7.64021],[80.01376,7.64098],[80.01352,7.64141],[80.01341,7.64173],[80.01397,7.64204],[80.01422,7.64189],[80.01445,7.64142],[80.01514,7.6419],[80.01683,7.64267],[80.01725,7.64301],[80.01731,7.64343],[80.01776,7.64389],[80.01792,7.64415],[80.01799,7.64446],[80.01801,7.64532],[80.01834,7.64499],[80.02011,7.64285],[80.01997,7.64269],[80.01985,7.64276],[80.0198,7.64288],[80.01969,7.6429],[80.0196,7.64277],[80.0195,7.6428],[80.01938,7.64296],[80.01918,7.64295],[80.01909,7.64309],[80.01893,7.64295],[80.01907,7.64272],[80.01914,7.64244],[80.01851,7.64233],[80.01835,7.64218],[80.01838,7.6419],[80.01815,7.64143],[80.01793,7.64123],[80.01724,7.64094],[80.01765,7.64026],[80.01771,7.63989],[80.01812,7.63971],[80.01871,7.63964],[80.01926,7.6397],[80.01983,7.63992],[80.01996,7.63976],[80.02,7.63945],[80.01951,7.63922],[80.01897,7.63922],[80.0189,7.63928],[80.01864,7.63924],[80.01864,7.63906],[80.0185,7.63898],[80.01837,7.63873],[80.01815,7.6385],[80.01781,7.63827],[80.01761,7.63822],[80.01762,7.63846],[80.01776,7.63857],[80.0178,7.63872],[80.01743,7.63877],[80.01726,7.63874],[80.01659,7.63777],[80.01643,7.63767],[80.01632,7.63791],[80.01607,7.63788],[80.01569,7.63794],[80.01549,7.63809],[80.01546,7.63819],[80.01479,7.6383],[80.01459,7.63805],[80.01458,7.63785],[80.01469,7.63783],[80.01469,7.63773],[80.0145,7.63765],[80.0145,7.63717],[80.01436,7.63705],[80.01419,7.63703],[80.01409,7.63679],[80.01431,7.63674],[80.01453,7.63677],[80.01469,7.63671],[80.0149,7.63656],[80.01497,7.63627],[80.01431,7.63596],[80.01421,7.63594],[80.01392,7.63613],[80.01374,7.63619],[80.0136,7.63612],[80.01344,7.63582],[80.01323,7.63607],[80.01308,7.63575],[80.01293,7.63571],[80.01273,7.63582],[80.01246,7.63619],[80.01238,7.63668],[80.01224,7.63678],[80.0122,7.63699],[80.01212,7.63715],[80.01196,7.63726],[80.01153,7.63716],[80.01053,7.6371],[80.01014,7.63689],[80.00977,7.63657],[80.0094,7.63653],[80.00951,7.63613],[80.00947,7.6359],[80.00888,7.63507],[80.00879,7.63477],[80.0086,7.63443],[80.00842,7.63443],[80.00822,7.63429],[80.00803,7.634],[80.00777,7.63387],[80.00748,7.63388],[80.00697,7.6336],[80.00646,7.63379],[80.00621,7.63357],[80.00614,7.63336],[80.00596,7.63314],[80.00524,7.63264],[80.00521,7.63251],[80.00455,7.63237],[80.00434,7.63239],[80.00423,7.63234],[80.0041,7.63218],[80.0041,7.63197],[80.00399,7.63186],[80.00388,7.6319],[80.00376,7.63212],[80.00342,7.63221],[80.00312,7.63203]]]}},{"type":"Feature","properties":{"c":"farmland","n":"Irrigable Area Multiiple Anicuts"},"geometry":{"type":"Polygon","coordinates":[[[80.00179,7.54544],[80.0031,7.54582],[80.00386,7.546],[80.00373,7.54563],[80.00282,7.54518],[80.00248,7.54516],[80.00209,7.54503],[80.00185,7.54501],[80.00179,7.54544]]]}},{"type":"Feature","properties":{"c":"farmland","n":"Irrigable Area Multiiple Anicuts"},"geometry":{"type":"Polygon","coordinates":[[[79.99313,7.53382],[79.99369,7.534],[79.99383,7.53417],[79.99385,7.53445],[79.99394,7.53459],[79.9942,7.53459],[79.99434,7.53484],[79.99434,7.53524],[79.99451,7.53584],[79.99451,7.53601],[79.99442,7.5362],[79.9942,7.53643],[79.99417,7.53659],[79.99445,7.53708],[79.99472,7.53716],[79.99493,7.53734],[79.9951,7.5376],[79.99517,7.53796],[79.99526,7.53814],[79.9956,7.53816],[79.99598,7.53848],[79.99647,7.53864],[79.99725,7.53899],[79.99797,7.53909],[79.99839,7.53936],[79.99869,7.53948],[79.99921,7.53943],[79.99932,7.53968],[79.99959,7.53998],[79.99981,7.54002],[80.00016,7.53984],[79.99984,7.53954],[79.99982,7.53931],[79.99997,7.53898],[80.00018,7.53873],[80.00035,7.53863],[80.00077,7.53866],[80.00097,7.53877],[80.00138,7.53886],[80.00198,7.53865],[80.00259,7.5385],[80.00425,7.53781],[80.00537,7.53752],[80.00576,7.53731],[80.0059,7.53717],[80.00533,7.53637],[80.00352,7.53714],[80.00322,7.53748],[80.00291,7.53743],[80.00268,7.53732],[80.00193,7.53751],[80.00128,7.53783],[80.0003,7.53807],[79.99954,7.53797],[79.99843,7.53772],[79.99785,7.53772],[79.99721,7.53729],[79.99642,7.53654],[79.99652,7.53628],[79.99672,7.53603],[79.99664,7.53574],[79.99597,7.53537],[79.99554,7.53504],[79.99496,7.53449],[79.99464,7.53374],[79.99409,7.53388],[79.99394,7.53378],[79.99369,7.53371],[79.99348,7.53371],[79.99313,7.53382]]]}},{"type":"Feature","properties":{"c":"farmland","n":"Irrigable Area Multiiple Anicuts"},"geometry":{"type":"Polygon","coordinates":[[[79.98727,7.54238],[79.98752,7.54265],[79.98832,7.54284],[79.98848,7.54259],[79.98831,7.54236],[79.98863,7.54143],[79.98887,7.54103],[79.98912,7.54074],[79.98987,7.54038],[79.99058,7.54027],[79.99148,7.54064],[79.99244,7.54088],[79.9925,7.54068],[79.99215,7.54025],[79.99208,7.54004],[79.99242,7.54023],[79.99305,7.54071],[79.9936,7.54103],[79.99384,7.54142],[79.99342,7.54172],[79.99363,7.5423],[79.99376,7.54298],[79.99371,7.54321],[79.9935,7.54321],[79.99372,7.54395],[79.99362,7.54428],[79.99362,7.54482],[79.99382,7.54536],[79.99384,7.54615],[79.99373,7.54661],[79.99339,7.54759],[79.99272,7.5484],[79.99195,7.54917],[79.99181,7.54924],[79.99171,7.54939],[79.99178,7.54988],[79.99106,7.55061],[79.99126,7.55077],[79.99143,7.551],[79.99146,7.55082],[79.99196,7.55031],[79.99229,7.54986],[79.99273,7.54939],[79.9927,7.54923],[79.99312,7.54868],[79.99426,7.54774],[79.99462,7.54719],[79.99474,7.54682],[79.99476,7.54659],[79.99458,7.54609],[79.99577,7.54591],[79.99576,7.54634],[79.99597,7.5469],[79.99615,7.54722],[79.99579,7.54742],[79.9956,7.54761],[79.99585,7.54788],[79.99612,7.54807],[79.99691,7.54852],[79.99711,7.54872],[79.99745,7.54921],[79.99774,7.54945],[79.99791,7.55011],[79.99834,7.55089],[79.99804,7.55107],[79.99729,7.55225],[79.99695,7.55258],[79.9957,7.55295],[79.99514,7.55344],[79.99471,7.5537],[79.99409,7.55415],[79.99334,7.55458],[79.99269,7.55508],[79.99195,7.55591],[79.99092,7.55787],[79.9898,7.55946],[79.99126,7.55987],[79.99167,7.55863],[79.99231,7.5575],[79.99309,7.55631],[79.99379,7.55544],[79.99478,7.55457],[79.99609,7.55395],[79.99796,7.55346],[79.99854,7.55323],[79.99897,7.55295],[79.99913,7.55311],[80.00069,7.55311],[80.00103,7.55319],[80.00199,7.55297],[80.00218,7.55246],[80.001,7.55274],[80.00057,7.55268],[80.00032,7.55219],[79.99991,7.55168],[79.99938,7.5516],[79.99936,7.55123],[79.99943,7.55115],[79.99969,7.55111],[79.99947,7.55067],[79.99946,7.55053],[79.99955,7.55043],[79.99986,7.55029],[79.99994,7.55009],[80.00015,7.55006],[80.00057,7.55044],[80.00071,7.55033],[80.00054,7.5499],[80.00054,7.54961],[79.99976,7.54963],[79.99942,7.54975],[79.99898,7.54945],[79.99898,7.54924],[79.99927,7.54889],[79.99943,7.54831],[79.99935,7.54814],[79.99925,7.54773],[79.99884,7.54755],[79.99839,7.54758],[79.99717,7.54753],[79.99687,7.54743],[79.99669,7.54731],[79.99614,7.54665],[79.99596,7.54624],[79.9966,7.54651],[79.99717,7.54687],[79.99748,7.54681],[79.99761,7.54667],[79.9977,7.54637],[79.9959,7.54526],[79.99564,7.54516],[79.99549,7.5449],[79.99554,7.54479],[79.99575,7.54475],[79.99583,7.54461],[79.99579,7.54442],[79.99556,7.54426],[79.99512,7.5442],[79.99478,7.54378],[79.99508,7.54342],[79.99509,7.54328],[79.99496,7.54289],[79.99495,7.54267],[79.99514,7.54237],[79.99518,7.54221],[79.9961,7.54186],[79.99618,7.54159],[79.99622,7.54102],[79.99667,7.54102],[79.99771,7.54122],[79.9978,7.54139],[79.99782,7.54158],[79.99797,7.54178],[79.99802,7.54216],[79.99819,7.54238],[79.99842,7.54253],[79.99888,7.54271],[79.99925,7.54256],[79.99937,7.54243],[79.99941,7.54232],[79.9993,7.54194],[79.99919,7.54122],[79.99881,7.54073],[79.99835,7.54033],[79.99824,7.54004],[79.9982,7.53971],[79.99802,7.53946],[79.9978,7.5394],[79.99743,7.5395],[79.99696,7.53942],[79.99627,7.53965],[79.99579,7.53974],[79.99534,7.53953],[79.99466,7.53909],[79.99456,7.53853],[79.99443,7.53816],[79.99421,7.53782],[79.99397,7.5376],[79.99386,7.53732],[79.99387,7.53673],[79.99397,7.53619],[79.99418,7.53604],[79.99364,7.53566],[79.9935,7.5353],[79.9935,7.53476],[79.99325,7.53472],[79.99238,7.53537],[79.992,7.53587],[79.99164,7.53568],[79.99136,7.53708],[79.99144,7.53762],[79.99174,7.53805],[79.99188,7.53836],[79.99184,7.53876],[79.99161,7.53904],[79.99094,7.53905],[79.9902,7.539],[79.98968,7.53883],[79.98943,7.53854],[79.98919,7.53842],[79.98918,7.53886],[79.98934,7.53931],[79.9892,7.53969],[79.98869,7.54005],[79.98802,7.54119],[79.98751,7.5419],[79.98727,7.54238]]]}},{"type":"Feature","properties":{"c":"farmland","n":"Irrigable Area Multiiple Anicuts"},"geometry":{"type":"Polygon","coordinates":[[[79.97661,7.51893],[79.97728,7.51964],[79.97801,7.5192],[79.9787,7.51941],[79.97914,7.51948],[79.97941,7.51941],[79.97998,7.51994],[79.98036,7.52013],[79.98057,7.52076],[79.98078,7.52117],[79.98099,7.52128],[79.98155,7.52134],[79.98188,7.52175],[79.9825,7.52213],[79.98267,7.5223],[79.98301,7.52214],[79.98361,7.52202],[79.98407,7.52209],[79.98394,7.52067],[79.98441,7.51977],[79.98435,7.51937],[79.98398,7.51916],[79.98291,7.51883],[79.98266,7.51864],[79.98222,7.51853],[79.98198,7.51853],[79.98178,7.51846],[79.98134,7.51809],[79.9804,7.51783],[79.97961,7.51783],[79.9794,7.51795],[79.97916,7.51799],[79.979,7.51773],[79.97856,7.51753],[79.97837,7.51727],[79.97826,7.51699],[79.97802,7.51686],[79.97793,7.51706],[79.97807,7.51812],[79.97801,7.51838],[79.97733,7.51863],[79.97723,7.51878],[79.97701,7.51877],[79.9769,7.51861],[79.97664,7.5188],[79.97661,7.51893]]]}},{"type":"Feature","properties":{"c":"farmland","n":"Irrigable Area Multiiple Anicuts and Tanks"},"geometry":{"type":"Polygon","coordinates":[[[80.02407,7.54634],[80.02436,7.54657],[80.02425,7.54691],[80.02429,7.5471],[80.02469,7.5474],[80.02495,7.54766],[80.02507,7.54794],[80.02518,7.54843],[80.02569,7.54875],[80.02597,7.54923],[80.02686,7.54972],[80.02702,7.54989],[80.02709,7.55001],[80.02716,7.55052],[80.02711,7.5507],[80.02728,7.55083],[80.02755,7.55058],[80.02782,7.55046],[80.02822,7.55059],[80.02905,7.55141],[80.02941,7.55155],[80.02971,7.55176],[80.02971,7.55198],[80.0301,7.55274],[80.03068,7.55368],[80.0307,7.55393],[80.03057,7.55459],[80.03036,7.55485],[80.02997,7.55504],[80.02971,7.55536],[80.02959,7.55576],[80.03001,7.55567],[80.03029,7.55689],[80.03001,7.55731],[80.03008,7.55791],[80.03049,7.55831],[80.03079,7.5578],[80.03079,7.55716],[80.03124,7.55593],[80.03154,7.55459],[80.03207,7.55444],[80.03261,7.55421],[80.03353,7.55433],[80.03401,7.55491],[80.03448,7.55527],[80.03499,7.5558],[80.03619,7.55682],[80.0368,7.55721],[80.03791,7.55823],[80.03828,7.55846],[80.03873,7.55823],[80.03918,7.55859],[80.03875,7.55899],[80.03847,7.55891],[80.03823,7.55923],[80.03847,7.55959],[80.03823,7.55997],[80.0381,7.56003],[80.03804,7.56038],[80.03864,7.56035],[80.03889,7.55955],[80.03962,7.55879],[80.0398,7.5588],[80.04022,7.55918],[80.04089,7.55993],[80.04135,7.56059],[80.04134,7.56106],[80.04124,7.56138],[80.04099,7.56157],[80.04071,7.56189],[80.04072,7.56217],[80.04049,7.56235],[80.04064,7.56259],[80.04085,7.56272],[80.04072,7.56313],[80.04055,7.56345],[80.03993,7.56384],[80.03963,7.56418],[80.03952,7.56416],[80.03911,7.5644],[80.03879,7.56474],[80.0386,7.56481],[80.03848,7.56495],[80.03865,7.56567],[80.03879,7.5659],[80.04025,7.56522],[80.04148,7.56418],[80.04168,7.56366],[80.0416,7.56329],[80.04171,7.56295],[80.04197,7.56285],[80.04204,7.56116],[80.04195,7.56059],[80.04201,7.56013],[80.04221,7.55988],[80.04265,7.56009],[80.04294,7.56059],[80.04339,7.56096],[80.04399,7.56168],[80.04446,7.56188],[80.04492,7.56217],[80.04525,7.56279],[80.04529,7.56325],[80.04583,7.56478],[80.04537,7.56496],[80.04508,7.56513],[80.04508,7.56553],[80.04521,7.56566],[80.04482,7.566],[80.04475,7.56621],[80.04452,7.56649],[80.04424,7.56666],[80.04385,7.56679],[80.04328,7.56732],[80.0436,7.56782],[80.04381,7.56792],[80.04416,7.56763],[80.04499,7.56716],[80.04529,7.56719],[80.0454,7.56701],[80.04597,7.56663],[80.04653,7.56546],[80.04674,7.56545],[80.04684,7.56596],[80.04708,7.56658],[80.04721,7.56674],[80.04762,7.56686],[80.04788,7.56708],[80.04848,7.56844],[80.04893,7.56861],[80.04974,7.56867],[80.0503,7.56882],[80.05075,7.56887],[80.05091,7.56864],[80.05123,7.56862],[80.05132,7.56835],[80.05135,7.56804],[80.05084,7.56792],[80.05003,7.56757],[80.04962,7.567],[80.04929,7.56625],[80.04907,7.56604],[80.04873,7.56599],[80.04863,7.56563],[80.04833,7.56541],[80.04844,7.56519],[80.04879,7.56497],[80.04888,7.56463],[80.04873,7.56423],[80.0488,7.56401],[80.04899,7.56394],[80.04887,7.56352],[80.04924,7.56328],[80.0492,7.56305],[80.05011,7.56308],[80.04964,7.56234],[80.04935,7.56221],[80.04926,7.56241],[80.04929,7.56274],[80.04902,7.56288],[80.04861,7.56297],[80.04848,7.56268],[80.04846,7.56252],[80.04818,7.56255],[80.04727,7.56291],[80.0476,7.56343],[80.04758,7.56369],[80.0472,7.56389],[80.04671,7.56392],[80.04648,7.56273],[80.04588,7.5619],[80.04578,7.56165],[80.04588,7.56148],[80.04629,7.56151],[80.04686,7.56175],[80.04709,7.56139],[80.04741,7.56144],[80.04772,7.56125],[80.04775,7.56071],[80.04742,7.56066],[80.04662,7.56027],[80.04619,7.56017],[80.04575,7.5599],[80.04538,7.55945],[80.04498,7.55937],[80.04463,7.55907],[80.04438,7.55874],[80.04433,7.55851],[80.04458,7.55838],[80.04565,7.55877],[80.0458,7.55865],[80.04635,7.55888],[80.04643,7.55908],[80.04679,7.55894],[80.04677,7.55817],[80.04639,7.55828],[80.04606,7.55829],[80.0455,7.55801],[80.04524,7.55773],[80.04517,7.55744],[80.04501,7.55713],[80.04456,7.55687],[80.04438,7.55665],[80.04425,7.55637],[80.04434,7.55626],[80.04466,7.55614],[80.04487,7.556],[80.04509,7.55563],[80.04509,7.55543],[80.04549,7.55524],[80.04587,7.55588],[80.0461,7.55573],[80.04635,7.55581],[80.04632,7.556],[80.04667,7.5562],[80.04735,7.55624],[80.04758,7.55609],[80.04764,7.55589],[80.04814,7.55588],[80.04834,7.55598],[80.04864,7.55599],[80.04899,7.5559],[80.04913,7.55598],[80.04962,7.55677],[80.04985,7.55697],[80.04998,7.55688],[80.05022,7.55716],[80.05027,7.55741],[80.05022,7.55748],[80.0502,7.55766],[80.05041,7.55767],[80.05109,7.55749],[80.05187,7.55701],[80.05185,7.55686],[80.05153,7.5566],[80.0513,7.55619],[80.0509,7.55606],[80.05072,7.55566],[80.05075,7.55543],[80.05121,7.55494],[80.05126,7.5547],[80.05155,7.55463],[80.0518,7.55416],[80.05186,7.55395],[80.05211,7.55385],[80.05249,7.55387],[80.05308,7.55398],[80.05335,7.55419],[80.0539,7.55447],[80.05406,7.55481],[80.05418,7.55494],[80.05451,7.55498],[80.05488,7.55488],[80.0554,7.55505],[80.05559,7.5553],[80.05574,7.55506],[80.05603,7.55427],[80.05626,7.55395],[80.05688,7.5538],[80.0575,7.55369],[80.05821,7.55372],[80.05907,7.5541],[80.05911,7.55438],[80.05907,7.55461],[80.05943,7.55469],[80.05958,7.55452],[80.05967,7.55431],[80.05995,7.55414],[80.06065,7.55423],[80.06073,7.55443],[80.06159,7.55495],[80.06212,7.55519],[80.06194,7.55595],[80.06181,7.55611],[80.0625,7.55636],[80.06272,7.55536],[80.06273,7.55511],[80.06259,7.5547],[80.06266,7.55466],[80.06274,7.55481],[80.06286,7.55482],[80.06291,7.55472],[80.06287,7.55457],[80.06297,7.55448],[80.06313,7.55471],[80.0635,7.5549],[80.0637,7.55494],[80.06393,7.55471],[80.06433,7.55468],[80.06487,7.55435],[80.06502,7.55446],[80.06524,7.55446],[80.06613,7.55424],[80.06645,7.55424],[80.06714,7.55413],[80.06685,7.55252],[80.06675,7.55221],[80.06662,7.5521],[80.06589,7.55215],[80.06558,7.55227],[80.0655,7.55247],[80.06552,7.55278],[80.06547,7.55303],[80.06495,7.55331],[80.06376,7.55366],[80.06339,7.55386],[80.06291,7.55385],[80.06252,7.55397],[80.06241,7.55383],[80.06187,7.55361],[80.06181,7.55351],[80.06164,7.55356],[80.06159,7.55332],[80.06168,7.55323],[80.0615,7.55301],[80.06161,7.55285],[80.06191,7.55268],[80.06213,7.55279],[80.06235,7.55259],[80.06248,7.55263],[80.0632,7.55307],[80.0634,7.55311],[80.06355,7.55309],[80.06371,7.5528],[80.0638,7.55219],[80.06376,7.55153],[80.06359,7.55176],[80.06317,7.5517],[80.06227,7.55122],[80.0621,7.55104],[80.06206,7.55078],[80.06212,7.55064],[80.06235,7.55043],[80.06247,7.55013],[80.06297,7.54988],[80.06274,7.54948],[80.06249,7.54967],[80.062,7.55029],[80.06174,7.55037],[80.06151,7.55059],[80.06154,7.55101],[80.06122,7.55121],[80.06133,7.55156],[80.06124,7.55167],[80.061,7.55153],[80.0607,7.55157],[80.06046,7.55167],[80.06032,7.55189],[80.06013,7.55199],[80.06004,7.55218],[80.0598,7.55235],[80.05932,7.55231],[80.0586,7.55267],[80.05843,7.55264],[80.05831,7.55252],[80.0582,7.55189],[80.05776,7.55203],[80.05745,7.55206],[80.05709,7.5522],[80.05685,7.55222],[80.05661,7.55235],[80.05615,7.55274],[80.05594,7.55276],[80.05558,7.55299],[80.05514,7.55301],[80.05498,7.55286],[80.05497,7.55271],[80.05503,7.55254],[80.05517,7.55248],[80.05529,7.55226],[80.05534,7.55184],[80.0555,7.55131],[80.0555,7.55102],[80.05539,7.55076],[80.05529,7.55064],[80.05478,7.55037],[80.05472,7.55018],[80.05497,7.54927],[80.05499,7.549],[80.05489,7.54862],[80.05535,7.54793],[80.05606,7.54794],[80.05642,7.548],[80.05663,7.54711],[80.05706,7.54707],[80.05775,7.54708],[80.05782,7.54676],[80.05819,7.54671],[80.05822,7.54589],[80.05814,7.54478],[80.05798,7.54402],[80.05784,7.54401],[80.05754,7.54416],[80.05723,7.54414],[80.05705,7.54423],[80.0569,7.54439],[80.05662,7.54431],[80.05638,7.54395],[80.05642,7.54373],[80.05636,7.54329],[80.0565,7.54306],[80.05675,7.54305],[80.05684,7.54299],[80.05697,7.54267],[80.05766,7.54266],[80.05689,7.53994],[80.05649,7.54021],[80.05632,7.54052],[80.05656,7.54127],[80.05659,7.54153],[80.05653,7.54186],[80.05624,7.54256],[80.05607,7.54283],[80.05592,7.54293],[80.05577,7.54315],[80.05574,7.54287],[80.05599,7.54236],[80.05588,7.54222],[80.05526,7.54231],[80.05514,7.54245],[80.05509,7.54304],[80.05495,7.54317],[80.05478,7.54307],[80.05467,7.5429],[80.05466,7.54217],[80.05455,7.54207],[80.05408,7.54205],[80.05388,7.54211],[80.05381,7.54244],[80.05351,7.54289],[80.05281,7.54342],[80.05279,7.5436],[80.0525,7.54399],[80.05255,7.54428],[80.05272,7.54473],[80.05302,7.54518],[80.05302,7.54552],[80.05331,7.54568],[80.0534,7.54586],[80.05344,7.54623],[80.05262,7.54667],[80.05243,7.54696],[80.05241,7.54725],[80.05213,7.54796],[80.05179,7.54845],[80.0516,7.54898],[80.05154,7.54908],[80.05113,7.54927],[80.05103,7.54988],[80.05117,7.55003],[80.05135,7.55008],[80.05144,7.55017],[80.0514,7.55051],[80.05118,7.55107],[80.05099,7.55111],[80.05058,7.55107],[80.05029,7.55077],[80.05014,7.55086],[80.04996,7.55077],[80.04982,7.55055],[80.04973,7.5505],[80.04955,7.55056],[80.0492,7.55116],[80.0494,7.55128],[80.04935,7.55164],[80.04917,7.55177],[80.04885,7.55119],[80.04873,7.55108],[80.04852,7.551],[80.04819,7.55097],[80.04809,7.55079],[80.04856,7.55058],[80.04926,7.54975],[80.04926,7.54957],[80.04884,7.54934],[80.04856,7.54957],[80.04743,7.55023],[80.04698,7.55063],[80.0466,7.55081],[80.0463,7.55074],[80.04606,7.55074],[80.04584,7.55102],[80.04534,7.55139],[80.04532,7.55165],[80.04498,7.55157],[80.04501,7.5512],[80.04421,7.55118],[80.04417,7.55151],[80.04349,7.55148],[80.04326,7.5519],[80.04332,7.55218],[80.04318,7.55242],[80.0431,7.55272],[80.04295,7.55284],[80.04324,7.5532],[80.04309,7.55341],[80.04303,7.55375],[80.04279,7.55395],[80.0429,7.55432],[80.04266,7.55437],[80.04263,7.55458],[80.04266,7.55492],[80.04279,7.5552],[80.04267,7.55539],[80.04229,7.55535],[80.04198,7.55539],[80.04113,7.55537],[80.04105,7.55559],[80.04079,7.55594],[80.04067,7.55622],[80.04051,7.55637],[80.04007,7.55635],[80.03991,7.55612],[80.03984,7.55556],[80.03961,7.55495],[80.03944,7.555],[80.03928,7.5553],[80.03909,7.55535],[80.03898,7.5553],[80.03887,7.55515],[80.03878,7.55483],[80.03859,7.55477],[80.03814,7.55484],[80.03795,7.55472],[80.03787,7.55451],[80.03815,7.55394],[80.0381,7.55369],[80.03784,7.55328],[80.03755,7.55312],[80.0374,7.55309],[80.03694,7.55318],[80.03638,7.55275],[80.03601,7.5527],[80.0358,7.55276],[80.03569,7.55296],[80.03543,7.55301],[80.0352,7.55271],[80.03501,7.55257],[80.03478,7.55254],[80.03474,7.55279],[80.03445,7.55286],[80.03409,7.55271],[80.03397,7.55257],[80.03389,7.55236],[80.03388,7.55217],[80.03367,7.5523],[80.03324,7.55269],[80.03316,7.55292],[80.03318,7.55328],[80.03283,7.55331],[80.03269,7.55328],[80.03291,7.55303],[80.033,7.55281],[80.03276,7.55249],[80.03239,7.5527],[80.03235,7.55247],[80.03248,7.55239],[80.03251,7.55217],[80.03244,7.55196],[80.03224,7.55178],[80.03177,7.55227],[80.03158,7.5523],[80.03128,7.5518],[80.0313,7.55109],[80.03146,7.55042],[80.03164,7.55035],[80.03263,7.55087],[80.03288,7.5507],[80.0331,7.55031],[80.03357,7.54969],[80.03371,7.54958],[80.03371,7.54917],[80.03361,7.54905],[80.03276,7.54872],[80.03249,7.54857],[80.03211,7.54824],[80.03189,7.54828],[80.03173,7.54841],[80.03117,7.5485],[80.03065,7.54882],[80.03036,7.54883],[80.03004,7.54869],[80.02982,7.54875],[80.02958,7.5487],[80.02937,7.54887],[80.02898,7.54909],[80.02869,7.54903],[80.02834,7.54914],[80.0281,7.54901],[80.028,7.54876],[80.02778,7.54858],[80.02667,7.54812],[80.02618,7.54783],[80.026,7.54754],[80.02593,7.5472],[80.0256,7.54669],[80.02548,7.54659],[80.02505,7.54645],[80.02474,7.54629],[80.02449,7.54626],[80.02407,7.54634]]]}},{"type":"Feature","properties":{"c":"farmland","n":"Irrigable Area Multiiple Anicuts and Tanks"},"geometry":{"type":"Polygon","coordinates":[[[80.02057,7.54345],[80.02097,7.54357],[80.02142,7.54349],[80.02165,7.54374],[80.02226,7.54412],[80.02243,7.54446],[80.02265,7.54467],[80.02353,7.54495],[80.02395,7.54522],[80.0241,7.54584],[80.02435,7.546],[80.02477,7.54608],[80.02526,7.54628],[80.02597,7.54672],[80.02609,7.54697],[80.02643,7.54729],[80.02674,7.54772],[80.02711,7.54792],[80.02761,7.54799],[80.02687,7.54621],[80.02662,7.54575],[80.02666,7.54513],[80.02729,7.54489],[80.02762,7.54539],[80.02824,7.54606],[80.02843,7.5468],[80.02866,7.54745],[80.02887,7.54777],[80.03054,7.54831],[80.03114,7.54827],[80.03183,7.54802],[80.03181,7.5472],[80.03161,7.54665],[80.03196,7.54661],[80.03205,7.5462],[80.03203,7.54586],[80.03271,7.54563],[80.03281,7.54471],[80.03265,7.54381],[80.03232,7.54364],[80.03198,7.54327],[80.03171,7.5429],[80.0314,7.54185],[80.03155,7.5413],[80.03195,7.54017],[80.03257,7.53984],[80.03289,7.53984],[80.03322,7.53956],[80.03384,7.53939],[80.03361,7.53877],[80.0333,7.53842],[80.03294,7.53822],[80.0325,7.53809],[80.033,7.5377],[80.03317,7.5373],[80.03381,7.53727],[80.03396,7.53697],[80.03418,7.53677],[80.03504,7.53659],[80.03518,7.53646],[80.03487,7.5357],[80.03492,7.53526],[80.03553,7.53497],[80.03524,7.53447],[80.03502,7.53432],[80.03558,7.53416],[80.03581,7.53395],[80.03558,7.53344],[80.03544,7.53335],[80.03492,7.53345],[80.03435,7.53336],[80.03465,7.53315],[80.03471,7.53287],[80.03467,7.53269],[80.03427,7.53255],[80.03367,7.53252],[80.03309,7.53259],[80.03228,7.53257],[80.03235,7.53231],[80.03261,7.53204],[80.03294,7.53181],[80.03368,7.53173],[80.03406,7.53177],[80.03338,7.53026],[80.03318,7.52991],[80.03314,7.52938],[80.03306,7.52918],[80.03266,7.52934],[80.03243,7.52962],[80.03213,7.52983],[80.03184,7.53028],[80.03147,7.53048],[80.03116,7.5308],[80.03117,7.53113],[80.03084,7.53129],[80.03062,7.53105],[80.03073,7.53063],[80.03066,7.53022],[80.03085,7.52987],[80.03132,7.5296],[80.03161,7.52936],[80.03196,7.52896],[80.03214,7.52855],[80.03246,7.52835],[80.03301,7.52759],[80.03343,7.52719],[80.0336,7.5269],[80.03364,7.52668],[80.03304,7.52627],[80.03271,7.5267],[80.03254,7.52684],[80.03198,7.52714],[80.03172,7.52751],[80.03111,7.52764],[80.03073,7.52727],[80.03068,7.52696],[80.03095,7.52659],[80.03129,7.52642],[80.03163,7.52537],[80.03178,7.52521],[80.03286,7.5253],[80.03316,7.52523],[80.03344,7.52531],[80.03318,7.52606],[80.0333,7.52622],[80.03367,7.5265],[80.03404,7.5266],[80.0344,7.52571],[80.03445,7.52498],[80.03433,7.52463],[80.03436,7.52448],[80.03484,7.52431],[80.0357,7.52371],[80.0363,7.5237],[80.0368,7.52352],[80.03745,7.52293],[80.03761,7.52293],[80.03757,7.52259],[80.03661,7.52275],[80.03646,7.52202],[80.03645,7.52182],[80.03654,7.5217],[80.03641,7.52155],[80.03615,7.52137],[80.03525,7.52132],[80.03465,7.52135],[80.03392,7.52127],[80.03367,7.52148],[80.03322,7.52169],[80.03015,7.52222],[80.0303,7.52303],[80.02956,7.52363],[80.0294,7.52396],[80.02901,7.52414],[80.02866,7.52453],[80.02875,7.52534],[80.02881,7.52556],[80.02874,7.52616],[80.02816,7.52631],[80.02797,7.52695],[80.02764,7.52727],[80.02791,7.52766],[80.02828,7.52788],[80.02887,7.52803],[80.02936,7.52833],[80.02952,7.529],[80.02965,7.52971],[80.0297,7.5305],[80.02983,7.53125],[80.02989,7.53209],[80.02977,7.53353],[80.02993,7.53414],[80.03001,7.53564],[80.02978,7.53676],[80.02939,7.53738],[80.02858,7.53791],[80.02821,7.53804],[80.02731,7.53672],[80.02727,7.53615],[80.02695,7.53549],[80.0268,7.53404],[80.02622,7.53249],[80.02611,7.53185],[80.02574,7.53142],[80.02454,7.53153],[80.02426,7.53185],[80.02433,7.53217],[80.02491,7.53242],[80.02551,7.53279],[80.02613,7.53406],[80.02617,7.5343],[80.02609,7.53498],[80.02577,7.53583],[80.02643,7.53696],[80.0268,7.5373],[80.02714,7.53804],[80.02729,7.53866],[80.02733,7.53913],[80.02697,7.5403],[80.02707,7.54144],[80.02654,7.54147],[80.02551,7.54121],[80.02437,7.53981],[80.02405,7.53957],[80.02366,7.53974],[80.02379,7.54038],[80.02411,7.54076],[80.02433,7.5413],[80.02437,7.54168],[80.0242,7.54191],[80.02364,7.54174],[80.02306,7.54174],[80.0225,7.54208],[80.02177,7.54232],[80.02094,7.54298],[80.02096,7.54319],[80.02057,7.54345]],[[80.02833,7.53893],[80.02839,7.53873],[80.02873,7.53852],[80.02912,7.53838],[80.02939,7.53851],[80.02948,7.53881],[80.02971,7.53905],[80.02962,7.5393],[80.02928,7.53943],[80.02904,7.53964],[80.02873,7.53977],[80.02861,7.53975],[80.02845,7.53948],[80.02833,7.53918],[80.02833,7.53893]],[[80.02885,7.54175],[80.02916,7.54116],[80.02942,7.54106],[80.02959,7.54106],[80.03014,7.54081],[80.03056,7.5411],[80.03087,7.54164],[80.03068,7.54235],[80.03044,7.54292],[80.02996,7.54294],[80.02938,7.54314],[80.02907,7.54267],[80.02886,7.5422],[80.02885,7.54175]],[[80.02968,7.54453],[80.02995,7.54437],[80.03035,7.54484],[80.03053,7.54497],[80.03079,7.54505],[80.03096,7.54501],[80.03096,7.54565],[80.03064,7.54575],[80.03027,7.54568],[80.03001,7.54557],[80.02984,7.54535],[80.02984,7.54487],[80.02974,7.54473],[80.02968,7.54453]],[[80.03065,7.54604],[80.031,7.54574],[80.03131,7.54602],[80.03132,7.54646],[80.03104,7.54669],[80.0308,7.54644],[80.03065,7.5462],[80.03065,7.54604]],[[80.03194,7.53386],[80.03199,7.5332],[80.03207,7.53302],[80.03225,7.53298],[80.03253,7.53301],[80.0327,7.53338],[80.03292,7.53336],[80.03308,7.53325],[80.03335,7.53316],[80.0335,7.5332],[80.03359,7.53339],[80.03357,7.53371],[80.03367,7.5342],[80.03364,7.53436],[80.03354,7.53447],[80.03348,7.53445],[80.03332,7.53417],[80.03334,7.53403],[80.03319,7.53386],[80.03305,7.53388],[80.03262,7.53409],[80.03203,7.53405],[80.03194,7.53386]],[[80.03281,7.53582],[80.03291,7.53565],[80.03331,7.53557],[80.03364,7.53565],[80.03403,7.53634],[80.03398,7.53647],[80.03365,7.53666],[80.03354,7.53644],[80.03342,7.53637],[80.03341,7.5367],[80.03331,7.53684],[80.03312,7.5368],[80.03298,7.53666],[80.03281,7.53601],[80.03281,7.53582]]]}},{"type":"Feature","properties":{"c":"farmland","n":"Irrigable Area Multiiple Anicuts and Tanks"},"geometry":{"type":"Polygon","coordinates":[[[80.01628,7.54386],[80.01678,7.54406],[80.0168,7.54424],[80.0171,7.54451],[80.01719,7.54469],[80.01711,7.54499],[80.01761,7.54493],[80.01823,7.54502],[80.01858,7.54512],[80.01875,7.54527],[80.01875,7.54558],[80.01861,7.54599],[80.01945,7.54615],[80.02015,7.54619],[80.02014,7.54644],[80.0203,7.54667],[80.02042,7.54697],[80.02071,7.54708],[80.02073,7.54672],[80.02059,7.5464],[80.02056,7.54611],[80.02069,7.54576],[80.02212,7.54552],[80.0224,7.54555],[80.02277,7.54527],[80.02307,7.54515],[80.02218,7.54486],[80.02194,7.54432],[80.0216,7.544],[80.02125,7.54379],[80.02047,7.5437],[80.01967,7.54354],[80.01943,7.54334],[80.01897,7.54352],[80.01887,7.54345],[80.01878,7.54325],[80.01877,7.54306],[80.01862,7.54307],[80.01838,7.54324],[80.01805,7.54334],[80.01764,7.54314],[80.01745,7.54293],[80.01723,7.54301],[80.01675,7.54327],[80.0164,7.54358],[80.01628,7.54386]]]}},{"type":"Feature","properties":{"c":"farmland","n":"Irrigable Area Multiiple Anicuts"},"geometry":{"type":"Polygon","coordinates":[[[80.00312,7.54498],[80.00342,7.54505],[80.00376,7.54521],[80.00392,7.54536],[80.0041,7.54562],[80.00418,7.54591],[80.0044,7.54633],[80.00464,7.54653],[80.00485,7.54657],[80.00495,7.54669],[80.00531,7.54762],[80.00608,7.54743],[80.00607,7.54659],[80.00616,7.54642],[80.00626,7.54606],[80.00649,7.54622],[80.00677,7.54627],[80.007,7.54623],[80.0074,7.54601],[80.008,7.54589],[80.0087,7.54597],[80.00943,7.54643],[80.00975,7.54648],[80.01053,7.54636],[80.01153,7.54574],[80.01196,7.54569],[80.01239,7.54587],[80.01249,7.54601],[80.01289,7.54687],[80.01294,7.54713],[80.01306,7.54733],[80.01341,7.54707],[80.01311,7.54621],[80.01309,7.546],[80.0132,7.54591],[80.01326,7.54563],[80.01314,7.54542],[80.01261,7.54519],[80.01303,7.54491],[80.01308,7.54468],[80.01286,7.54461],[80.0126,7.54465],[80.01204,7.54439],[80.01143,7.54435],[80.01091,7.54453],[80.01057,7.54445],[80.0104,7.54434],[80.00975,7.54436],[80.00935,7.54461],[80.00883,7.54469],[80.00849,7.54535],[80.00829,7.54554],[80.00803,7.54557],[80.00777,7.5453],[80.00732,7.54522],[80.00714,7.54508],[80.0071,7.54473],[80.00692,7.54465],[80.00619,7.54468],[80.00567,7.54464],[80.00534,7.5447],[80.00518,7.54487],[80.00491,7.54497],[80.0045,7.54466],[80.00387,7.54456],[80.0036,7.54459],[80.00312,7.54498]]]}},{"type":"Feature","properties":{"c":"farmland","n":"Irrigable Area"},"geometry":{"type":"Polygon","coordinates":[[[80.00777,7.54407],[80.00784,7.54424],[80.00841,7.54433],[80.0087,7.54427],[80.00908,7.5441],[80.00949,7.544],[80.00967,7.54403],[80.01057,7.54372],[80.01078,7.54381],[80.01091,7.54402],[80.01111,7.54384],[80.01125,7.54336],[80.01145,7.54339],[80.01157,7.54348],[80.01192,7.54352],[80.01229,7.54335],[80.01209,7.54312],[80.01219,7.54272],[80.01241,7.5425],[80.01352,7.54242],[80.01381,7.54276],[80.01411,7.54275],[80.01443,7.54258],[80.01481,7.54251],[80.01519,7.54253],[80.01588,7.54284],[80.01593,7.54217],[80.01813,7.54218],[80.01829,7.54203],[80.01837,7.54177],[80.01877,7.54172],[80.0189,7.54166],[80.01897,7.54153],[80.01894,7.54138],[80.01822,7.54116],[80.01796,7.5408],[80.01791,7.54046],[80.01794,7.53983],[80.01818,7.53926],[80.01836,7.53903],[80.01676,7.53852],[80.01626,7.53839],[80.01609,7.53843],[80.01594,7.53862],[80.0161,7.53884],[80.01628,7.53897],[80.01623,7.53937],[80.01603,7.53971],[80.01561,7.53975],[80.01475,7.54017],[80.0136,7.54039],[80.01348,7.54024],[80.01342,7.53986],[80.01327,7.53947],[80.01323,7.53888],[80.013,7.53879],[80.01259,7.53887],[80.01238,7.54028],[80.01208,7.54088],[80.012,7.54137],[80.01203,7.54162],[80.01139,7.54144],[80.01091,7.54169],[80.01048,7.54202],[80.01025,7.54235],[80.0098,7.54271],[80.00917,7.54308],[80.00875,7.54311],[80.00804,7.54365],[80.00782,7.54385],[80.00777,7.54407]]]}},{"type":"Feature","properties":{"c":"farmland","n":"Irrigable Area"},"geometry":{"type":"Polygon","coordinates":[[[80.00937,7.66875],[80.00942,7.66897],[80.00958,7.66911],[80.00984,7.66921],[80.01013,7.6694],[80.01083,7.66965],[80.01094,7.6698],[80.01068,7.67045],[80.01084,7.6705],[80.0109,7.67037],[80.01112,7.67013],[80.01125,7.66968],[80.01163,7.66931],[80.01182,7.66917],[80.01224,7.66902],[80.01258,7.66872],[80.01279,7.6687],[80.01315,7.66762],[80.01239,7.66756],[80.01142,7.66768],[80.0109,7.66764],[80.01074,7.66819],[80.01047,7.66823],[80.01026,7.66834],[80.00992,7.6683],[80.00964,7.66832],[80.00937,7.66875]],[[80.01042,7.66898],[80.01042,7.66866],[80.01052,7.66857],[80.01076,7.66855],[80.01073,7.66908],[80.01065,7.66912],[80.01056,7.669],[80.01042,7.66898]],[[80.01086,7.66912],[80.01092,7.66855],[80.01104,7.66851],[80.01153,7.6686],[80.0115,7.66876],[80.01126,7.66914],[80.01108,7.66925],[80.01098,7.66925],[80.01086,7.66912]]]}},{"type":"Feature","properties":{"c":"farmland","n":"Irrigable Area Multiiple Anicuts and Tanks"},"geometry":{"type":"Polygon","coordinates":[[[80.0247,7.66419],[80.02514,7.66435],[80.02571,7.66444],[80.02599,7.66444],[80.02633,7.66431],[80.02665,7.66436],[80.02676,7.66445],[80.02697,7.66479],[80.02722,7.66477],[80.02771,7.6643],[80.02891,7.66478],[80.02934,7.66567],[80.03001,7.66585],[80.02996,7.66595],[80.03006,7.66653],[80.03025,7.66707],[80.03012,7.66722],[80.03013,7.66762],[80.03037,7.66829],[80.03069,7.66843],[80.03083,7.66929],[80.03113,7.66934],[80.03132,7.66931],[80.03176,7.66941],[80.03199,7.6694],[80.03199,7.66908],[80.03186,7.66872],[80.03122,7.66778],[80.03098,7.66728],[80.03089,7.66694],[80.0308,7.66639],[80.03098,7.66534],[80.03142,7.66526],[80.03273,7.66561],[80.03288,7.6653],[80.03332,7.66578],[80.03361,7.66592],[80.03416,7.66606],[80.03405,7.6664],[80.03438,7.66667],[80.03463,7.66754],[80.03475,7.66759],[80.03511,7.66873],[80.03533,7.6697],[80.0356,7.67001],[80.03573,7.6704],[80.03602,7.6706],[80.03631,7.67096],[80.03666,7.67202],[80.03675,7.67225],[80.03703,7.67265],[80.03712,7.67299],[80.03779,7.67277],[80.03822,7.67268],[80.03807,7.67225],[80.03733,7.67182],[80.03711,7.67158],[80.03691,7.6713],[80.03666,7.67062],[80.03623,7.6702],[80.03597,7.66975],[80.03575,7.66882],[80.03584,7.66807],[80.03602,7.66745],[80.03601,7.66704],[80.03627,7.6669],[80.03675,7.66677],[80.03769,7.66664],[80.03804,7.66667],[80.03853,7.66662],[80.03903,7.6665],[80.03996,7.6665],[80.04052,7.6666],[80.04116,7.66657],[80.0419,7.66646],[80.04236,7.66652],[80.04217,7.66682],[80.04216,7.66696],[80.0423,7.66714],[80.04255,7.66729],[80.04271,7.66737],[80.04398,7.66752],[80.04455,7.66793],[80.04501,7.6681],[80.04551,7.66693],[80.04581,7.66697],[80.04586,7.66687],[80.04604,7.66625],[80.04593,7.66588],[80.04591,7.6656],[80.04622,7.6658],[80.04658,7.66591],[80.04746,7.66572],[80.04748,7.66533],[80.04719,7.66527],[80.04727,7.66506],[80.04794,7.66509],[80.04811,7.66484],[80.0484,7.66469],[80.04828,7.66441],[80.04777,7.66396],[80.04763,7.66436],[80.04741,7.66454],[80.04734,7.6648],[80.04707,7.66469],[80.04706,7.66449],[80.04691,7.66439],[80.04671,7.6645],[80.04655,7.66488],[80.04638,7.66473],[80.04588,7.6646],[80.04538,7.66454],[80.04515,7.66444],[80.04485,7.66418],[80.04461,7.66407],[80.04436,7.66383],[80.04417,7.66339],[80.04421,7.66306],[80.04433,7.66278],[80.04457,7.66269],[80.04463,7.66236],[80.04458,7.66186],[80.04397,7.66174],[80.04411,7.66147],[80.04453,7.66148],[80.04465,7.66081],[80.04428,7.66087],[80.04321,7.6612],[80.0433,7.66147],[80.04316,7.66217],[80.04277,7.6625],[80.04257,7.66243],[80.04225,7.66251],[80.04183,7.6629],[80.04176,7.66306],[80.04086,7.6632],[80.04052,7.66321],[80.04024,7.663],[80.04013,7.66272],[80.03996,7.66248],[80.03971,7.66227],[80.0397,7.66182],[80.03942,7.66184],[80.03941,7.66224],[80.03927,7.66242],[80.03943,7.66355],[80.03909,7.66358],[80.03877,7.66354],[80.03795,7.66379],[80.03728,7.66408],[80.03697,7.66409],[80.03631,7.664],[80.03583,7.66408],[80.03451,7.66375],[80.03347,7.66312],[80.0332,7.66301],[80.0324,7.66294],[80.03133,7.66249],[80.0311,7.66218],[80.03091,7.66144],[80.03112,7.66123],[80.03073,7.66018],[80.03063,7.66008],[80.03007,7.66005],[80.02939,7.66017],[80.02808,7.65965],[80.02765,7.65975],[80.0274,7.66018],[80.02707,7.6604],[80.02662,7.66054],[80.02657,7.6609],[80.02665,7.6611],[80.02655,7.66138],[80.02614,7.6615],[80.02577,7.66175],[80.02554,7.66198],[80.02529,7.66264],[80.02522,7.66318],[80.02505,7.66374],[80.02492,7.66397],[80.02481,7.66393],[80.0247,7.66419]]]}},{"type":"Feature","properties":{"c":"farmland","n":"Irrigable Area"},"geometry":{"type":"Polygon","coordinates":[[[80.0155,7.65526],[80.01594,7.65557],[80.0157,7.65615],[80.01573,7.65627],[80.0159,7.65639],[80.01595,7.65661],[80.0169,7.65647],[80.01711,7.65653],[80.01739,7.65679],[80.01779,7.65656],[80.01804,7.65653],[80.01836,7.65665],[80.01907,7.65713],[80.01908,7.65738],[80.01902,7.65769],[80.01918,7.65796],[80.01921,7.65831],[80.01945,7.6584],[80.01956,7.65837],[80.01972,7.65841],[80.02,7.65853],[80.02042,7.65853],[80.02085,7.65873],[80.02112,7.65876],[80.02152,7.65899],[80.02183,7.6593],[80.02189,7.65943],[80.02206,7.6595],[80.02221,7.65953],[80.02232,7.6594],[80.02255,7.65943],[80.02284,7.65973],[80.02295,7.65995],[80.02341,7.66024],[80.0235,7.66034],[80.0235,7.66068],[80.02358,7.66087],[80.0238,7.66051],[80.02391,7.66051],[80.02412,7.66073],[80.02424,7.66079],[80.02429,7.66075],[80.02429,7.66054],[80.0244,7.66006],[80.02449,7.65922],[80.02454,7.65908],[80.02504,7.65848],[80.02519,7.65851],[80.02529,7.65843],[80.02519,7.65825],[80.02486,7.65823],[80.02465,7.65815],[80.02426,7.65775],[80.02432,7.6575],[80.02444,7.65734],[80.02467,7.65714],[80.02491,7.65701],[80.02499,7.6564],[80.0251,7.65631],[80.02475,7.65605],[80.02467,7.6559],[80.02414,7.65723],[80.02346,7.65699],[80.02356,7.65666],[80.02293,7.65643],[80.02298,7.6561],[80.02236,7.65597],[80.02215,7.65581],[80.02188,7.65588],[80.0218,7.65622],[80.02143,7.65619],[80.02082,7.65604],[80.02057,7.65611],[80.02034,7.65605],[80.01993,7.65574],[80.01951,7.65567],[80.01962,7.65547],[80.01933,7.65551],[80.0192,7.65544],[80.01903,7.65546],[80.01875,7.65537],[80.01877,7.65487],[80.01871,7.65475],[80.01858,7.65471],[80.01851,7.65472],[80.01844,7.65509],[80.0176,7.65529],[80.01727,7.65543],[80.01731,7.65506],[80.01758,7.65468],[80.01659,7.65424],[80.0164,7.65421],[80.0162,7.65434],[80.01597,7.65485],[80.01566,7.65494],[80.0155,7.65526]]]}},{"type":"Feature","properties":{"c":"farmland","n":"Irrigable Area"},"geometry":{"type":"Polygon","coordinates":[[[80.01145,7.65521],[80.0115,7.65557],[80.01193,7.65587],[80.01208,7.65611],[80.01201,7.65704],[80.01255,7.65713],[80.01287,7.65677],[80.01351,7.65672],[80.01414,7.65685],[80.01504,7.65653],[80.01519,7.65632],[80.0154,7.65553],[80.01534,7.65515],[80.01476,7.65513],[80.01444,7.65536],[80.01381,7.65538],[80.01317,7.65519],[80.01263,7.65492],[80.01182,7.65496],[80.01145,7.65521]]]}},{"type":"Feature","properties":{"c":"farmland"},"geometry":{"type":"Polygon","coordinates":[[[79.95882,7.59827],[79.95917,7.59837],[79.9591,7.59857],[79.95917,7.59855],[79.95924,7.59865],[79.95937,7.59865],[79.95945,7.59834],[79.95959,7.59832],[79.95958,7.5984],[79.95968,7.59842],[79.95977,7.59833],[79.95993,7.59834],[79.95996,7.59823],[79.95989,7.59816],[79.95979,7.59823],[79.9597,7.59812],[79.95893,7.59795],[79.95887,7.59797],[79.95882,7.59827]]]}},{"type":"Feature","properties":{"c":"farmland"},"geometry":{"type":"Polygon","coordinates":[[[79.98526,7.69057],[79.98584,7.69162],[79.98647,7.69261],[79.98651,7.69277],[79.98626,7.69284],[79.98672,7.69368],[79.98717,7.69354],[79.98748,7.69335],[79.9879,7.69297],[79.98746,7.69207],[79.98593,7.69024],[79.98526,7.69057]]]}},{"type":"Feature","properties":{"c":"farmland"},"geometry":{"type":"Polygon","coordinates":[[[79.98743,7.69095],[79.98744,7.69162],[79.98784,7.69183],[79.98873,7.69198],[79.9889,7.69142],[79.98893,7.69113],[79.98885,7.69105],[79.9881,7.69069],[79.98783,7.6907],[79.98781,7.6909],[79.98743,7.69095]]]}},{"type":"Feature","properties":{"c":"orchard"},"geometry":{"type":"Polygon","coordinates":[[[79.9888,7.69198],[79.98919,7.69199],[79.99136,7.69465],[79.99216,7.69411],[79.99183,7.69357],[79.99164,7.69333],[79.99127,7.69252],[79.9902,7.69175],[79.98999,7.69146],[79.98942,7.69101],[79.98911,7.69095],[79.9888,7.69198]]]}},{"type":"Feature","properties":{"c":"farmland"},"geometry":{"type":"Polygon","coordinates":[[[79.90749,7.56389],[79.90831,7.56448],[79.90896,7.56431],[79.91042,7.5647],[79.91226,7.56474],[79.91311,7.56491],[79.91404,7.5648],[79.91451,7.56518],[79.91464,7.5656],[79.91417,7.56716],[79.91405,7.56733],[79.91396,7.56764],[79.91396,7.56825],[79.91441,7.56843],[79.91443,7.56838],[79.91456,7.56836],[79.91477,7.56837],[79.9149,7.56724],[79.91492,7.56666],[79.91487,7.5663],[79.9151,7.5658],[79.91576,7.56463],[79.91608,7.56451],[79.91627,7.56404],[79.91599,7.56377],[79.91492,7.56339],[79.91496,7.56382],[79.91468,7.56402],[79.91275,7.56446],[79.91054,7.564],[79.90879,7.56371],[79.90816,7.56322],[79.90782,7.56276],[79.90757,7.56334],[79.90749,7.56389]]]}},{"type":"Feature","properties":{"c":"farmland","n":"paddy land"},"geometry":{"type":"Polygon","coordinates":[[[79.92601,7.5454],[79.92623,7.54589],[79.92621,7.54611],[79.92644,7.54631],[79.92668,7.5464],[79.92678,7.54657],[79.92683,7.54711],[79.92683,7.5473],[79.92667,7.54737],[79.92669,7.54762],[79.92661,7.54782],[79.9263,7.54798],[79.92629,7.54817],[79.92651,7.5485],[79.92637,7.54907],[79.92635,7.54975],[79.92703,7.54982],[79.92701,7.54954],[79.92681,7.54946],[79.92677,7.54916],[79.92706,7.54829],[79.92724,7.54832],[79.92732,7.54765],[79.92757,7.54692],[79.92757,7.54644],[79.92742,7.54632],[79.9271,7.54533],[79.92711,7.54482],[79.92701,7.54462],[79.9268,7.54462],[79.92652,7.5445],[79.92649,7.54438],[79.92659,7.54423],[79.92644,7.54377],[79.92647,7.54355],[79.92655,7.54346],[79.92691,7.54367],[79.92702,7.54399],[79.92716,7.5441],[79.92731,7.54364],[79.92727,7.54301],[79.92618,7.54295],[79.92611,7.54374],[79.92613,7.54408],[79.92618,7.5442],[79.92613,7.5443],[79.92609,7.54456],[79.92613,7.54484],[79.92607,7.54529],[79.92601,7.5454]]]}},{"type":"Feature","properties":{"c":"farmland"},"geometry":{"type":"Polygon","coordinates":[[[79.92571,7.54636],[79.92574,7.5468],[79.92591,7.54752],[79.92608,7.54748],[79.92636,7.54777],[79.92652,7.5476],[79.92668,7.54726],[79.92668,7.54691],[79.92663,7.54675],[79.92642,7.54661],[79.92636,7.54643],[79.9262,7.5462],[79.92612,7.54574],[79.92595,7.54548],[79.92587,7.54556],[79.92571,7.54636]]]}},{"type":"Feature","properties":{"c":"farmland"},"geometry":{"type":"Polygon","coordinates":[[[79.96616,7.57539],[79.96677,7.57587],[79.96685,7.57575],[79.96673,7.57549],[79.96636,7.57518],[79.96616,7.57539]]]}},{"type":"Feature","properties":{"c":"farmland","n":"Irrigable Area Multiiple Anicuts"},"geometry":{"type":"Polygon","coordinates":[[[79.96176,7.56401],[79.96223,7.56417],[79.96238,7.56449],[79.96269,7.56471],[79.96313,7.56483],[79.96338,7.56515],[79.9642,7.56559],[79.9641,7.56622],[79.96413,7.56648],[79.96384,7.56649],[79.96377,7.56691],[79.96336,7.56689],[79.9633,7.56728],[79.96392,7.56725],[79.96407,7.56759],[79.96464,7.56813],[79.96491,7.56801],[79.96506,7.56767],[79.96509,7.56721],[79.96489,7.56669],[79.96427,7.56686],[79.96417,7.56666],[79.96431,7.56647],[79.96453,7.56579],[79.96479,7.56544],[79.96507,7.5654],[79.9647,7.56482],[79.96466,7.56463],[79.96513,7.56481],[79.96591,7.56441],[79.96627,7.56467],[79.96626,7.56512],[79.9669,7.56536],[79.96669,7.56615],[79.96669,7.56765],[79.96633,7.56828],[79.96633,7.56897],[79.96577,7.56904],[79.96547,7.56985],[79.9658,7.57004],[79.96588,7.571],[79.96612,7.5718],[79.96588,7.57227],[79.96582,7.57274],[79.96602,7.57293],[79.96648,7.57313],[79.96723,7.57268],[79.96732,7.5729],[79.96777,7.57277],[79.9679,7.57293],[79.96814,7.57277],[79.96846,7.57285],[79.96843,7.57327],[79.96942,7.57447],[79.96987,7.57493],[79.96988,7.57528],[79.97015,7.57551],[79.97032,7.57549],[79.97041,7.57533],[79.97031,7.57519],[79.97035,7.57509],[79.97036,7.57466],[79.97018,7.57467],[79.96998,7.57456],[79.96988,7.57438],[79.96958,7.57417],[79.96904,7.57353],[79.96912,7.57339],[79.96972,7.57369],[79.96984,7.57352],[79.96869,7.57256],[79.96721,7.57118],[79.96725,7.571],[79.96817,7.57104],[79.96827,7.57036],[79.96723,7.57044],[79.96673,7.56957],[79.96712,7.56936],[79.96707,7.5691],[79.96682,7.56926],[79.96687,7.56833],[79.96704,7.56802],[79.96737,7.56768],[79.96735,7.5669],[79.96715,7.56653],[79.96748,7.56552],[79.96728,7.56481],[79.9674,7.56408],[79.96745,7.56438],[79.96757,7.56437],[79.9676,7.564],[79.96776,7.56379],[79.96773,7.56326],[79.968,7.56327],[79.96803,7.56315],[79.96779,7.56303],[79.9678,7.56268],[79.96761,7.56262],[79.96749,7.56207],[79.96787,7.56184],[79.96782,7.56146],[79.96791,7.56104],[79.96802,7.56088],[79.96828,7.56006],[79.96795,7.5595],[79.96798,7.55929],[79.96818,7.55907],[79.96827,7.55869],[79.96825,7.5585],[79.96934,7.55866],[79.96941,7.55877],[79.97023,7.55889],[79.97058,7.55902],[79.97105,7.55902],[79.97125,7.55853],[79.97066,7.55853],[79.97024,7.55827],[79.97005,7.55824],[79.96989,7.55847],[79.96879,7.55819],[79.96845,7.55781],[79.96783,7.55738],[79.96906,7.556],[79.9697,7.55546],[79.97026,7.5549],[79.9715,7.55393],[79.97128,7.55375],[79.96999,7.55465],[79.9677,7.55656],[79.96672,7.55626],[79.96719,7.55668],[79.96685,7.55696],[79.966,7.55662],[79.96568,7.55706],[79.9663,7.5577],[79.96693,7.55874],[79.96714,7.55941],[79.96709,7.56091],[79.96721,7.56168],[79.96708,7.5622],[79.96706,7.56283],[79.96681,7.56318],[79.96683,7.56399],[79.96665,7.56411],[79.96592,7.56404],[79.96533,7.56408],[79.96484,7.56384],[79.96446,7.56372],[79.96413,7.56425],[79.96441,7.56436],[79.96456,7.56458],[79.96434,7.56514],[79.96394,7.56487],[79.96357,7.56477],[79.96337,7.56492],[79.96328,7.56467],[79.96292,7.56448],[79.96243,7.56392],[79.96202,7.56363],[79.96176,7.56401]]]}},{"type":"Feature","properties":{"c":"farmland"},"geometry":{"type":"Polygon","coordinates":[[[79.92501,7.5526],[79.92527,7.55279],[79.92546,7.55282],[79.92545,7.55292],[79.92572,7.55298],[79.92582,7.55281],[79.92594,7.55237],[79.92611,7.55226],[79.92632,7.55242],[79.92695,7.55242],[79.92742,7.55295],[79.92767,7.55308],[79.92791,7.55355],[79.92809,7.55366],[79.92835,7.55396],[79.9286,7.55402],[79.92916,7.55465],[79.92973,7.55513],[79.9303,7.55547],[79.93091,7.55607],[79.93131,7.55657],[79.93193,7.55757],[79.93219,7.55763],[79.93224,7.5578],[79.93241,7.55782],[79.93244,7.55787],[79.93242,7.55799],[79.93257,7.55805],[79.93253,7.55812],[79.93289,7.55874],[79.93323,7.5591],[79.93333,7.55942],[79.93362,7.55923],[79.93407,7.55907],[79.93397,7.55898],[79.93409,7.55856],[79.93414,7.55846],[79.93427,7.55841],[79.93442,7.55823],[79.93462,7.55815],[79.93478,7.5582],[79.93482,7.55809],[79.93505,7.55823],[79.93505,7.55752],[79.93502,7.55718],[79.93494,7.55702],[79.93495,7.55682],[79.93465,7.5568],[79.93334,7.55685],[79.93289,7.55651],[79.93192,7.55536],[79.93172,7.55487],[79.93171,7.55453],[79.93184,7.55413],[79.93173,7.55405],[79.9319,7.55389],[79.93204,7.55403],[79.93232,7.55382],[79.9323,7.55367],[79.93218,7.55357],[79.93216,7.55346],[79.93239,7.55347],[79.93248,7.55353],[79.93258,7.55351],[79.93275,7.55328],[79.93242,7.55284],[79.9323,7.55282],[79.9322,7.55299],[79.93151,7.55305],[79.93115,7.55304],[79.93076,7.55333],[79.92992,7.55317],[79.92826,7.55187],[79.9281,7.55186],[79.92769,7.55153],[79.92773,7.5514],[79.9275,7.55111],[79.92731,7.55096],[79.92717,7.55007],[79.92644,7.54996],[79.92606,7.54997],[79.9257,7.55047],[79.92575,7.55074],[79.92564,7.5509],[79.9256,7.55134],[79.92532,7.55183],[79.92501,7.5526]]]}},{"type":"Feature","properties":{"c":"orchard"},"geometry":{"type":"Polygon","coordinates":[[[79.95168,7.52722],[79.95275,7.52821],[79.95356,7.52952],[79.95398,7.53009],[79.9545,7.52985],[79.95516,7.5298],[79.9557,7.52989],[79.95595,7.5302],[79.95711,7.53061],[79.95743,7.53069],[79.95782,7.53067],[79.95814,7.53075],[79.95848,7.5303],[79.95843,7.52943],[79.95937,7.52862],[79.96003,7.5272],[79.96007,7.52656],[79.96066,7.52607],[79.96087,7.52564],[79.96073,7.52457],[79.96084,7.52413],[79.96076,7.52349],[79.96054,7.5226],[79.96023,7.52176],[79.95949,7.52131],[79.95909,7.5213],[79.95908,7.52157],[79.95879,7.52177],[79.95851,7.5221],[79.95819,7.52199],[79.95821,7.52144],[79.95835,7.52127],[79.95834,7.52061],[79.95806,7.51977],[79.9567,7.52018],[79.9564,7.52007],[79.95626,7.5199],[79.95409,7.51998],[79.95421,7.52133],[79.95414,7.52141],[79.95318,7.52154],[79.95289,7.52305],[79.9528,7.52566],[79.9526,7.52585],[79.95266,7.52659],[79.95168,7.52722]]]}},{"type":"Feature","properties":{"c":"orchard"},"geometry":{"type":"Polygon","coordinates":[[[79.94773,7.53539],[79.95025,7.53718],[79.95279,7.53361],[79.953,7.53364],[79.95372,7.53402],[79.95451,7.53263],[79.95368,7.53217],[79.95281,7.5321],[79.9518,7.53264],[79.94912,7.53309],[79.94773,7.53539]]]}},{"type":"Feature","properties":{"c":"farmland"},"geometry":{"type":"Polygon","coordinates":[[[79.91363,7.55698],[79.91385,7.55718],[79.91397,7.55704],[79.91454,7.55613],[79.9151,7.55547],[79.91501,7.55532],[79.91429,7.55577],[79.91396,7.55614],[79.91375,7.55652],[79.91363,7.55698]]]}},{"type":"Feature","properties":{"c":"farmland","n":"paddy fie"},"geometry":{"type":"Polygon","coordinates":[[[79.93573,7.55073],[79.93605,7.55132],[79.9369,7.55088],[79.93863,7.55079],[79.94,7.55089],[79.94049,7.55113],[79.94128,7.55163],[79.94205,7.55167],[79.94281,7.552],[79.94289,7.55142],[79.94241,7.55122],[79.94205,7.55123],[79.94125,7.55104],[79.94031,7.55042],[79.93914,7.55027],[79.93839,7.55024],[79.93764,7.55028],[79.93749,7.55043],[79.93689,7.55032],[79.93662,7.55048],[79.93623,7.5505],[79.93609,7.55066],[79.93573,7.55073]]]}},{"type":"Feature","properties":{"c":"farmland","n":"paddy fields"},"geometry":{"type":"Polygon","coordinates":[[[79.93248,7.55274],[79.9328,7.55315],[79.93312,7.553],[79.9334,7.55272],[79.93386,7.55239],[79.93443,7.55219],[79.9347,7.55195],[79.93542,7.55155],[79.93575,7.55149],[79.93581,7.55135],[79.93554,7.55081],[79.93538,7.55099],[79.93498,7.55125],[79.93471,7.55151],[79.93435,7.55173],[79.93365,7.55186],[79.93345,7.55196],[79.93321,7.55217],[79.93267,7.55246],[79.93248,7.55274]]]}},{"type":"Feature","properties":{"c":"farmland"},"geometry":{"type":"Polygon","coordinates":[[[79.93671,7.55462],[79.9368,7.55469],[79.93682,7.55482],[79.93672,7.55501],[79.93672,7.55513],[79.93689,7.5551],[79.9373,7.55516],[79.93761,7.55424],[79.9375,7.55417],[79.9373,7.55425],[79.93698,7.5543],[79.9369,7.55437],[79.93695,7.55442],[79.93671,7.55462]]]}},{"type":"Feature","properties":{"c":"grass"},"geometry":{"type":"Polygon","coordinates":[[[79.94917,7.65455],[79.94934,7.65479],[79.94941,7.65481],[79.94941,7.65475],[79.94931,7.65466],[79.94939,7.6546],[79.94937,7.65451],[79.94948,7.65449],[79.94947,7.65446],[79.94938,7.65445],[79.94931,7.65449],[79.94923,7.65446],[79.94925,7.65451],[79.94917,7.65455]]]}},{"type":"Feature","properties":{"c":"grass"},"geometry":{"type":"Polygon","coordinates":[[[79.94968,7.65466],[79.94975,7.65471],[79.94979,7.65464],[79.94973,7.6546],[79.94968,7.65466]]]}},{"type":"Feature","properties":{"c":"farmland"},"geometry":{"type":"Polygon","coordinates":[[[79.92237,7.55475],[79.9226,7.55505],[79.92266,7.55496],[79.92276,7.55496],[79.9228,7.55527],[79.92294,7.55531],[79.92335,7.55518],[79.92355,7.55504],[79.92349,7.55483],[79.9237,7.55461],[79.92383,7.55451],[79.92387,7.55461],[79.92422,7.5544],[79.92453,7.55411],[79.92456,7.55392],[79.92477,7.55389],[79.92508,7.55364],[79.92511,7.55353],[79.92527,7.55351],[79.92547,7.55334],[79.92551,7.55311],[79.92498,7.55284],[79.92477,7.55304],[79.92482,7.55305],[79.92478,7.55314],[79.92467,7.55314],[79.9245,7.55327],[79.92449,7.55333],[79.92415,7.55348],[79.92383,7.55369],[79.92374,7.5536],[79.92358,7.55366],[79.92322,7.55404],[79.92319,7.55422],[79.92311,7.55427],[79.92307,7.55441],[79.92237,7.55475]]]}},{"type":"Feature","properties":{"c":"farmland","n":"paddy fields"},"geometry":{"type":"Polygon","coordinates":[[[79.92511,7.54939],[79.92528,7.54959],[79.92533,7.54988],[79.9254,7.55],[79.92553,7.55004],[79.92595,7.54985],[79.92601,7.5495],[79.92611,7.54934],[79.92614,7.54879],[79.92607,7.5485],[79.9261,7.54827],[79.92603,7.5481],[79.9258,7.54807],[79.92568,7.54829],[79.92545,7.54892],[79.92517,7.54916],[79.92511,7.54939]]]}},{"type":"Feature","properties":{"c":"farmland"},"geometry":{"type":"Polygon","coordinates":[[[79.91351,7.57042],[79.91361,7.57051],[79.91417,7.57071],[79.91418,7.57046],[79.9142,7.57041],[79.91441,7.57038],[79.91457,7.57007],[79.91469,7.56961],[79.91445,7.56949],[79.91417,7.56926],[79.91402,7.56937],[79.91386,7.56939],[79.91381,7.56952],[79.91383,7.56958],[79.91374,7.56965],[79.91358,7.57016],[79.9136,7.57034],[79.91351,7.57042]]]}},{"type":"Feature","properties":{"c":"farmland","n":"paddy fields"},"geometry":{"type":"Polygon","coordinates":[[[79.91203,7.5717],[79.9122,7.57185],[79.91243,7.5719],[79.91272,7.57207],[79.91273,7.57258],[79.91319,7.5727],[79.91319,7.57295],[79.91337,7.57295],[79.9134,7.57397],[79.91347,7.57397],[79.91404,7.57365],[79.91406,7.57355],[79.91398,7.57351],[79.91398,7.57344],[79.91407,7.57341],[79.91405,7.57334],[79.91399,7.57334],[79.91423,7.57301],[79.91417,7.57298],[79.91429,7.57281],[79.91465,7.57252],[79.91465,7.57221],[79.9148,7.57192],[79.91426,7.57178],[79.91396,7.57147],[79.91413,7.57088],[79.91357,7.57068],[79.91348,7.57056],[79.91339,7.57056],[79.91312,7.57079],[79.91264,7.571],[79.91225,7.57128],[79.91222,7.5712],[79.91213,7.57122],[79.91203,7.5717]]]}},{"type":"Feature","properties":{"c":"farmland","n":"paddy fields"},"geometry":{"type":"Polygon","coordinates":[[[79.90639,7.57069],[79.90646,7.57085],[79.9067,7.57102],[79.90669,7.57114],[79.90704,7.57145],[79.90733,7.57146],[79.90762,7.57138],[79.90762,7.57124],[79.90787,7.57117],[79.90784,7.57084],[79.908,7.57078],[79.90836,7.57089],[79.90851,7.57084],[79.90874,7.57069],[79.90896,7.57068],[79.90907,7.57052],[79.9091,7.5706],[79.9093,7.57069],[79.90928,7.57084],[79.90943,7.57092],[79.91041,7.57098],[79.91045,7.57104],[79.91052,7.571],[79.91075,7.57108],[79.91106,7.57128],[79.91125,7.5713],[79.91132,7.57137],[79.91127,7.57146],[79.91134,7.57159],[79.91142,7.57156],[79.91149,7.57171],[79.91164,7.57179],[79.91165,7.57197],[79.9117,7.57198],[79.91183,7.57185],[79.91197,7.57163],[79.912,7.57117],[79.91167,7.57108],[79.9116,7.57115],[79.91133,7.57108],[79.91136,7.57101],[79.91129,7.57096],[79.91085,7.57074],[79.91019,7.57025],[79.91012,7.57027],[79.91005,7.57019],[79.90914,7.56997],[79.9091,7.56981],[79.90917,7.56962],[79.90949,7.56918],[79.90956,7.56905],[79.90956,7.56891],[79.90914,7.56857],[79.90912,7.5685],[79.90902,7.56857],[79.90896,7.56854],[79.90859,7.56861],[79.90828,7.56902],[79.90829,7.56907],[79.90788,7.56924],[79.90786,7.5694],[79.90753,7.56992],[79.90715,7.56994],[79.90694,7.57003],[79.90644,7.57003],[79.90639,7.57069]]]}}]}