{"type":"FeatureCollection","features":[{"type":"Feature","properties":{"c":"industrial","n":"Giribawa Divisional Secretariat Office"},"geometry":{"type":"Polygon","coordinates":[[[80.1968,8.11544],[80.19714,8.11608],[80.19757,8.11589],[80.19728,8.11512],[80.1968,8.11544]]]}},{"type":"Feature","properties":{"c":"farmland"},"geometry":{"type":"Polygon","coordinates":[[[80.27086,8.08531],[80.27098,8.08558],[80.27143,8.08571],[80.27303,8.08598],[80.27344,8.08638],[80.27366,8.08667],[80.27389,8.08677],[80.27403,8.08659],[80.27448,8.08679],[80.27457,8.08665],[80.27415,8.08646],[80.2742,8.08599],[80.2741,8.08565],[80.27406,8.08527],[80.2739,8.08487],[80.27355,8.08458],[80.27334,8.08425],[80.27323,8.08376],[80.27296,8.08304],[80.27257,8.08256],[80.27237,8.08263],[80.27186,8.08304],[80.27159,8.08315],[80.27126,8.08335],[80.2712,8.08363],[80.27116,8.08443],[80.27086,8.08531]]]}},{"type":"Feature","properties":{"c":"farmland","n":"Paddy_Area"},"geometry":{"type":"Polygon","coordinates":[[[80.2581,8.10686],[80.25849,8.107],[80.25898,8.10753],[80.25961,8.10744],[80.2599,8.1071],[80.25994,8.10676],[80.26032,8.10638],[80.26039,8.10608],[80.26044,8.10542],[80.26132,8.10514],[80.26097,8.10463],[80.26049,8.10448],[80.25995,8.10442],[80.25951,8.1045],[80.25905,8.10482],[80.25879,8.10561],[80.25861,8.10589],[80.25862,8.10621],[80.25817,8.10652],[80.2581,8.10686]]]}},{"type":"Feature","properties":{"c":"farmland","n":"Paddy_Area"},"geometry":{"type":"Polygon","coordinates":[[[80.24363,8.10214],[80.24363,8.10278],[80.24378,8.10397],[80.24499,8.10364],[80.24555,8.10384],[80.24603,8.10391],[80.24629,8.10355],[80.2462,8.10246],[80.24631,8.10106],[80.24554,8.10093],[80.24466,8.10095],[80.24401,8.10108],[80.24386,8.10191],[80.24363,8.10214]]]}},{"type":"Feature","properties":{"c":"farmland","n":"Paddy_Area"},"geometry":{"type":"Polygon","coordinates":[[[80.24856,8.10112],[80.24927,8.10136],[80.24974,8.10168],[80.24993,8.10227],[80.25,8.10295],[80.24912,8.10338],[80.24903,8.10414],[80.24946,8.10435],[80.25008,8.1045],[80.25066,8.10488],[80.25126,8.10516],[80.25156,8.10525],[80.25264,8.1051],[80.25199,8.10465],[80.25148,8.10399],[80.25135,8.10327],[80.25107,8.10248],[80.25107,8.10176],[80.25133,8.10013],[80.25159,8.09936],[80.25105,8.09902],[80.25043,8.09913],[80.24991,8.0993],[80.24948,8.09917],[80.24875,8.10017],[80.24856,8.10112]]]}},{"type":"Feature","properties":{"c":"farmland","n":"Paddy_Area"},"geometry":{"type":"Polygon","coordinates":[[[80.24805,8.09579],[80.24858,8.09613],[80.24878,8.09645],[80.24878,8.09702],[80.24884,8.09739],[80.24953,8.09743],[80.25038,8.09804],[80.25118,8.09832],[80.25268,8.09938],[80.25382,8.10004],[80.25416,8.09938],[80.25375,8.09753],[80.25367,8.09683],[80.25403,8.09626],[80.25581,8.09477],[80.25618,8.09341],[80.25599,8.09227],[80.25599,8.09044],[80.25577,8.08919],[80.25446,8.08889],[80.25371,8.08935],[80.25307,8.08992],[80.2529,8.09034],[80.25267,8.09064],[80.25233,8.09085],[80.25197,8.09137],[80.25197,8.092],[80.25185,8.09229],[80.2512,8.09314],[80.25085,8.09373],[80.25059,8.09394],[80.25042,8.09391],[80.25007,8.09394],[80.24974,8.09388],[80.24944,8.09392],[80.24805,8.09579]]]}},{"type":"Feature","properties":{"c":"farmland","n":"Paddy_Area"},"geometry":{"type":"Polygon","coordinates":[[[80.24962,8.11654],[80.25048,8.11694],[80.25121,8.11667],[80.2518,8.11679],[80.25288,8.11555],[80.25337,8.11488],[80.2544,8.11385],[80.25463,8.11336],[80.25506,8.11196],[80.25481,8.11185],[80.2544,8.11205],[80.25406,8.11233],[80.25355,8.11236],[80.25314,8.11224],[80.25259,8.11253],[80.25196,8.11331],[80.25133,8.11422],[80.25065,8.11507],[80.2499,8.1159],[80.24962,8.11654]]]}},{"type":"Feature","properties":{"c":"farmland"},"geometry":{"type":"Polygon","coordinates":[[[80.21795,8.08133],[80.21806,8.08156],[80.21819,8.08199],[80.21832,8.08209],[80.21873,8.08209],[80.21931,8.08197],[80.2202,8.08211],[80.22058,8.08209],[80.2217,8.08191],[80.22309,8.08195],[80.22358,8.08181],[80.22353,8.08128],[80.22368,8.08128],[80.22368,8.08093],[80.22402,8.08092],[80.22403,8.08104],[80.2244,8.08101],[80.22457,8.08096],[80.22451,8.08083],[80.2248,8.08075],[80.22472,8.08056],[80.22466,8.08002],[80.22462,8.08003],[80.22452,8.07994],[80.22469,8.07948],[80.2248,8.07941],[80.22558,8.07925],[80.22559,8.07907],[80.2261,8.07912],[80.22618,8.07876],[80.22555,8.07842],[80.22572,8.07812],[80.22626,8.07848],[80.22635,8.07822],[80.22603,8.07801],[80.22606,8.07791],[80.22597,8.07784],[80.226,8.07777],[80.2259,8.07769],[80.2261,8.0775],[80.22619,8.07721],[80.22632,8.07722],[80.22633,8.07706],[80.2266,8.07659],[80.22655,8.07649],[80.2275,8.0761],[80.22755,8.07618],[80.22777,8.07592],[80.22786,8.07563],[80.22795,8.07491],[80.22783,8.07488],[80.22787,8.07476],[80.22768,8.07461],[80.22765,8.07451],[80.22665,8.0738],[80.22638,8.07355],[80.22627,8.07361],[80.22611,8.07351],[80.22601,8.07351],[80.22587,8.07363],[80.22585,8.07374],[80.22574,8.07382],[80.22559,8.07383],[80.22558,8.07375],[80.22576,8.07362],[80.22575,8.07353],[80.22556,8.07339],[80.22551,8.07344],[80.2254,8.07341],[80.2253,8.07353],[80.22515,8.07347],[80.22478,8.07367],[80.22461,8.07367],[80.22453,8.0734],[80.22461,8.07321],[80.22489,8.07309],[80.22501,8.07305],[80.22507,8.0731],[80.22524,8.07304],[80.22494,8.07244],[80.22494,8.07237],[80.22479,8.07221],[80.22464,8.0721],[80.22434,8.07232],[80.22409,8.07208],[80.22442,8.07182],[80.22404,8.07155],[80.22392,8.07179],[80.22404,8.07184],[80.22397,8.07196],[80.22403,8.07204],[80.22335,8.0724],[80.22323,8.07273],[80.22291,8.07259],[80.22267,8.0726],[80.22252,8.07266],[80.22244,8.07278],[80.22228,8.07288],[80.22175,8.07265],[80.2215,8.07283],[80.22203,8.07347],[80.22213,8.07367],[80.22215,8.07406],[80.22223,8.07435],[80.22218,8.07511],[80.22254,8.07554],[80.22298,8.07524],[80.223,8.07509],[80.22328,8.07495],[80.22338,8.07504],[80.22373,8.07493],[80.22384,8.07479],[80.2238,8.07461],[80.2242,8.07461],[80.22485,8.07483],[80.22511,8.07444],[80.22543,8.07442],[80.2256,8.07395],[80.22572,8.07394],[80.22571,8.0744],[80.22565,8.07466],[80.22556,8.07483],[80.22549,8.07488],[80.22527,8.07463],[80.22515,8.07468],[80.22496,8.07504],[80.22448,8.07493],[80.22441,8.07485],[80.22413,8.07479],[80.22393,8.07505],[80.22372,8.07515],[80.22339,8.07515],[80.22322,8.07523],[80.22318,8.07541],[80.22298,8.07542],[80.22252,8.0758],[80.22236,8.07589],[80.22214,8.07588],[80.22186,8.07601],[80.22179,8.07631],[80.22137,8.07687],[80.22127,8.07685],[80.22119,8.07697],[80.2205,8.07756],[80.22019,8.07789],[80.22011,8.07791],[80.21993,8.07823],[80.21992,8.0784],[80.2198,8.07846],[80.21965,8.07864],[80.21912,8.07937],[80.21878,8.07999],[80.21893,8.08012],[80.21883,8.08064],[80.21867,8.08094],[80.21795,8.08133]]]}},{"type":"Feature","properties":{"c":"farmland","n":"Paddy_Area"},"geometry":{"type":"Polygon","coordinates":[[[80.2596,8.08915],[80.25973,8.08926],[80.25989,8.0893],[80.26068,8.0892],[80.26098,8.08934],[80.26155,8.08933],[80.26191,8.08877],[80.26201,8.08845],[80.26184,8.08831],[80.2616,8.08824],[80.26099,8.08819],[80.26071,8.08804],[80.26036,8.08797],[80.25971,8.08797],[80.25973,8.08856],[80.2596,8.08915]]]}},{"type":"Feature","properties":{"c":"farmland"},"geometry":{"type":"Polygon","coordinates":[[[80.21856,8.07965],[80.21877,8.07974],[80.22031,8.07747],[80.22074,8.07726],[80.22073,8.0771],[80.22081,8.07699],[80.22103,8.07694],[80.22114,8.07668],[80.22123,8.07662],[80.22137,8.07668],[80.22148,8.07646],[80.22181,8.07622],[80.22186,8.07601],[80.22214,8.07588],[80.2221,8.07568],[80.2222,8.07566],[80.22237,8.07575],[80.22259,8.0756],[80.22218,8.07511],[80.22223,8.07435],[80.22215,8.07406],[80.22213,8.07367],[80.22203,8.07347],[80.2215,8.07283],[80.22135,8.07286],[80.22123,8.07279],[80.22121,8.07266],[80.2209,8.07264],[80.22088,8.07245],[80.22109,8.07203],[80.22077,8.07199],[80.22073,8.07163],[80.22063,8.07164],[80.2206,8.0715],[80.22035,8.07162],[80.22031,8.07178],[80.22019,8.07187],[80.22024,8.07227],[80.22056,8.07226],[80.22057,8.07236],[80.22063,8.07237],[80.22069,8.07265],[80.22061,8.07264],[80.22061,8.07297],[80.22026,8.07296],[80.22027,8.07263],[80.22006,8.07265],[80.2196,8.07335],[80.21983,8.0734],[80.22027,8.07341],[80.22026,8.07356],[80.21956,8.07358],[80.21949,8.07367],[80.21984,8.07383],[80.22043,8.07389],[80.22037,8.07438],[80.22014,8.07434],[80.2199,8.07405],[80.21937,8.074],[80.21935,8.07429],[80.21952,8.07429],[80.21962,8.07474],[80.21988,8.07475],[80.21992,8.07521],[80.21976,8.07519],[80.21971,8.07527],[80.2195,8.07636],[80.21943,8.07638],[80.21927,8.07683],[80.21909,8.07678],[80.21898,8.07711],[80.21919,8.07714],[80.21958,8.07709],[80.21932,8.07801],[80.21942,8.07807],[80.21932,8.07833],[80.21899,8.0782],[80.21878,8.07865],[80.21891,8.07871],[80.21856,8.07965]]]}},{"type":"Feature","properties":{"c":"farmland"},"geometry":{"type":"Polygon","coordinates":[[[80.20792,8.07759],[80.20811,8.07782],[80.20858,8.07822],[80.20927,8.07957],[80.20963,8.07979],[80.21079,8.0792],[80.211,8.07912],[80.21133,8.07914],[80.21238,8.07831],[80.21259,8.07822],[80.2141,8.0784],[80.21411,8.07792],[80.21332,8.07778],[80.21304,8.0773],[80.21314,8.07725],[80.21308,8.07704],[80.21316,8.077],[80.21308,8.07662],[80.21276,8.07639],[80.21236,8.07626],[80.21146,8.07557],[80.21027,8.07505],[80.2093,8.0747],[80.20901,8.07444],[80.20895,8.07432],[80.20868,8.07453],[80.20855,8.07476],[80.20822,8.07677],[80.20812,8.07719],[80.20793,8.07749],[80.20792,8.07759]]]}},{"type":"Feature","properties":{"c":"farmland"},"geometry":{"type":"Polygon","coordinates":[[[80.21409,8.08292],[80.21432,8.08329],[80.21442,8.08394],[80.21501,8.08481],[80.21528,8.08579],[80.21706,8.08594],[80.21711,8.08532],[80.21678,8.08526],[80.21683,8.08515],[80.21709,8.08519],[80.21711,8.08501],[80.21736,8.08493],[80.21757,8.08476],[80.2177,8.08432],[80.21756,8.08419],[80.21761,8.08397],[80.21748,8.08363],[80.21766,8.08358],[80.21776,8.08391],[80.21778,8.08418],[80.21798,8.08422],[80.21783,8.08463],[80.21793,8.08475],[80.21781,8.08502],[80.21758,8.08506],[80.21726,8.08569],[80.21734,8.08596],[80.21671,8.08688],[80.21676,8.08716],[80.21705,8.08794],[80.21787,8.08835],[80.21849,8.08767],[80.21937,8.08785],[80.21937,8.08723],[80.21942,8.08701],[80.21953,8.08695],[80.21963,8.08658],[80.21982,8.08659],[80.21962,8.08708],[80.21981,8.08717],[80.21968,8.08737],[80.21973,8.08786],[80.21986,8.08814],[80.21987,8.08838],[80.21961,8.08911],[80.21963,8.08924],[80.21947,8.08919],[80.2194,8.08947],[80.21975,8.08961],[80.21925,8.09048],[80.22032,8.09096],[80.22056,8.0907],[80.22197,8.09084],[80.22191,8.09112],[80.22248,8.09136],[80.22274,8.09141],[80.22286,8.09137],[80.22294,8.09099],[80.22326,8.09108],[80.2234,8.09053],[80.22286,8.0904],[80.22298,8.08991],[80.22304,8.08984],[80.22325,8.08983],[80.22327,8.09001],[80.22369,8.09004],[80.22391,8.09026],[80.22449,8.09033],[80.2245,8.08875],[80.22426,8.08881],[80.22393,8.08904],[80.22356,8.08907],[80.2235,8.08888],[80.2234,8.08888],[80.22333,8.08904],[80.22295,8.08906],[80.2226,8.08914],[80.22194,8.08909],[80.22201,8.08837],[80.22178,8.08827],[80.22185,8.08704],[80.22168,8.08695],[80.22169,8.08664],[80.22233,8.08635],[80.22236,8.08618],[80.22257,8.08583],[80.22287,8.08589],[80.22301,8.08582],[80.22326,8.08586],[80.22324,8.08595],[80.22364,8.08603],[80.22361,8.08622],[80.22388,8.08626],[80.22415,8.08654],[80.22489,8.08649],[80.22481,8.08601],[80.22458,8.08602],[80.22456,8.08574],[80.22436,8.08559],[80.22436,8.08519],[80.22402,8.0851],[80.2242,8.08452],[80.22424,8.08417],[80.22372,8.08392],[80.22378,8.08377],[80.22423,8.08365],[80.22442,8.08361],[80.22454,8.08376],[80.22485,8.08366],[80.22481,8.08332],[80.22549,8.08321],[80.22548,8.08302],[80.22533,8.08302],[80.22534,8.08278],[80.22522,8.08276],[80.22519,8.08229],[80.2242,8.08216],[80.22411,8.08202],[80.22329,8.08213],[80.22323,8.08195],[80.22311,8.08199],[80.22171,8.08197],[80.22051,8.08216],[80.21928,8.08202],[80.21903,8.08207],[80.21832,8.08209],[80.21814,8.0823],[80.21823,8.08246],[80.21825,8.08296],[80.21795,8.08296],[80.21796,8.08286],[80.21812,8.08283],[80.21813,8.08272],[80.21806,8.08235],[80.2179,8.08183],[80.21797,8.08163],[80.21758,8.08098],[80.21645,8.08123],[80.2163,8.08089],[80.21644,8.08084],[80.2164,8.08071],[80.21619,8.08072],[80.21591,8.08057],[80.21574,8.08071],[80.21584,8.08086],[80.21566,8.08104],[80.21557,8.08096],[80.21509,8.08144],[80.21517,8.08161],[80.21509,8.08197],[80.215,8.08213],[80.2148,8.08235],[80.21426,8.08258],[80.21435,8.08281],[80.21409,8.08292]]]}},{"type":"Feature","properties":{"c":"farmland","n":"Paddy_Area"},"geometry":{"type":"Polygon","coordinates":[[[80.24472,8.09029],[80.24516,8.09062],[80.24549,8.0903],[80.24559,8.09052],[80.24589,8.09061],[80.24629,8.091],[80.2468,8.09129],[80.24665,8.09009],[80.24636,8.08952],[80.2458,8.08925],[80.24513,8.08926],[80.24472,8.09029]]]}},{"type":"Feature","properties":{"c":"scrub"},"geometry":{"type":"Polygon","coordinates":[[[80.24158,8.13292],[80.24168,8.13309],[80.24176,8.13307],[80.24237,8.13248],[80.24285,8.13181],[80.2439,8.13054],[80.24479,8.13005],[80.24488,8.12982],[80.24485,8.12971],[80.2446,8.12967],[80.2434,8.13024],[80.24306,8.13009],[80.24294,8.13011],[80.24188,8.13138],[80.24158,8.13292]]]}},{"type":"Feature","properties":{"c":"scrub"},"geometry":{"type":"Polygon","coordinates":[[[80.22652,8.12278],[80.22686,8.12364],[80.227,8.12366],[80.2281,8.12292],[80.22811,8.12282],[80.22735,8.12189],[80.22721,8.12191],[80.22657,8.12264],[80.22652,8.12278]]]}},{"type":"Feature","properties":{"c":"farmland"},"geometry":{"type":"Polygon","coordinates":[[[80.11251,8.10059],[80.11289,8.10065],[80.11404,8.10114],[80.11439,8.10166],[80.1145,8.10195],[80.11445,8.10223],[80.11464,8.10289],[80.11485,8.1032],[80.11528,8.10363],[80.11549,8.10361],[80.11588,8.10342],[80.11639,8.10328],[80.11656,8.10312],[80.11669,8.10262],[80.11674,8.1018],[80.11681,8.10143],[80.11667,8.10117],[80.11655,8.10068],[80.11642,8.10054],[80.11587,8.10038],[80.11549,8.10039],[80.11528,8.10033],[80.11507,8.1001],[80.11482,8.09995],[80.11455,8.09984],[80.11358,8.09966],[80.11341,8.09958],[80.11323,8.09923],[80.11286,8.09949],[80.11271,8.09965],[80.11251,8.10059]]]}},{"type":"Feature","properties":{"c":"farmland"},"geometry":{"type":"Polygon","coordinates":[[[80.13637,8.08176],[80.13648,8.0818],[80.13657,8.08195],[80.13666,8.08217],[80.13672,8.08249],[80.13749,8.08228],[80.13827,8.08198],[80.13794,8.08127],[80.13777,8.08113],[80.13798,8.08082],[80.13795,8.0807],[80.13774,8.08062],[80.13742,8.08059],[80.13734,8.08098],[80.13717,8.08106],[80.13702,8.08128],[80.13695,8.08126],[80.13687,8.08109],[80.13682,8.08107],[80.13667,8.08119],[80.13639,8.08163],[80.13637,8.08176]]]}},{"type":"Feature","properties":{"c":"residential"},"geometry":{"type":"Polygon","coordinates":[[[80.19427,8.10147],[80.19437,8.10207],[80.19489,8.10218],[80.19531,8.10198],[80.19562,8.10113],[80.19557,8.10081],[80.19456,8.10086],[80.19427,8.10147]]]}},{"type":"Feature","properties":{"c":"residential"},"geometry":{"type":"Polygon","coordinates":[[[80.17772,8.10192],[80.17889,8.10293],[80.17947,8.10327],[80.18099,8.10219],[80.1806,8.10166],[80.1807,8.10045],[80.18064,8.0995],[80.18019,8.09899],[80.17841,8.09952],[80.17772,8.10192]]]}},{"type":"Feature","properties":{"c":"residential"},"geometry":{"type":"Polygon","coordinates":[[[80.18089,8.09787],[80.18122,8.0996],[80.18229,8.09924],[80.18263,8.09834],[80.18449,8.0976],[80.18494,8.09714],[80.18332,8.09558],[80.18229,8.09574],[80.1827,8.09727],[80.18184,8.09732],[80.18089,8.09787]]]}},{"type":"Feature","properties":{"c":"forest"},"geometry":{"type":"Polygon","coordinates":[[[80.15758,8.10587],[80.15775,8.10639],[80.15917,8.10539],[80.16036,8.105],[80.16165,8.10497],[80.16108,8.10579],[80.15966,8.10605],[80.15897,8.1066],[80.15913,8.10745],[80.1614,8.10776],[80.16085,8.10894],[80.16033,8.11032],[80.16139,8.11165],[80.16152,8.11407],[80.1619,8.11664],[80.16168,8.11752],[80.16224,8.11739],[80.16247,8.11778],[80.16244,8.11835],[80.16439,8.11773],[80.16609,8.11598],[80.16707,8.1145],[80.16852,8.11296],[80.17089,8.1107],[80.17113,8.10885],[80.17246,8.10882],[80.1738,8.10982],[80.17449,8.10947],[80.17513,8.10817],[80.17453,8.1081],[80.17407,8.10755],[80.17417,8.10651],[80.17557,8.10571],[80.17401,8.1057],[80.17353,8.10508],[80.17301,8.10409],[80.17391,8.10395],[80.17486,8.10412],[80.17545,8.10437],[80.17567,8.10512],[80.17642,8.1047],[80.17613,8.10362],[80.17632,8.10271],[80.17532,8.10246],[80.17488,8.10147],[80.17531,8.10018],[80.17726,8.10116],[80.17786,8.10031],[80.177,8.10042],[80.17656,8.09949],[80.17954,8.09724],[80.17916,8.09625],[80.18115,8.09582],[80.18243,8.09365],[80.18095,8.0917],[80.17901,8.09075],[80.17602,8.09163],[80.17513,8.08921],[80.17315,8.08888],[80.17143,8.08989],[80.17049,8.0908],[80.16953,8.09243],[80.16794,8.09318],[80.16702,8.09482],[80.16626,8.09635],[80.16635,8.09718],[80.16695,8.09812],[80.16522,8.09933],[80.16335,8.09975],[80.16257,8.10093],[80.16331,8.1014],[80.16335,8.1019],[80.16279,8.10216],[80.16149,8.10185],[80.16081,8.10274],[80.15957,8.10308],[80.15758,8.10587]]]}},{"type":"Feature","properties":{"c":"residential"},"geometry":{"type":"Polygon","coordinates":[[[80.18275,8.10043],[80.18278,8.10188],[80.1838,8.10251],[80.18458,8.102],[80.18351,8.10033],[80.18275,8.10043]]]}},{"type":"Feature","properties":{"c":"residential"},"geometry":{"type":"Polygon","coordinates":[[[80.18963,8.10114],[80.19053,8.10306],[80.19165,8.10281],[80.19144,8.10119],[80.191,8.10061],[80.18982,8.10069],[80.18963,8.10114]]]}},{"type":"Feature","properties":{"c":"residential"},"geometry":{"type":"Polygon","coordinates":[[[80.19167,8.08394],[80.19175,8.08588],[80.19258,8.08741],[80.19208,8.09035],[80.19225,8.09084],[80.19268,8.09088],[80.19393,8.08947],[80.19528,8.08708],[80.19487,8.08536],[80.19402,8.08494],[80.19431,8.08372],[80.19348,8.08371],[80.19167,8.08394]]]}},{"type":"Feature","properties":{"c":"farmland"},"geometry":{"type":"Polygon","coordinates":[[[80.15631,8.1027],[80.15961,8.1027],[80.16249,8.10053],[80.16372,8.09835],[80.16541,8.09767],[80.16794,8.09321],[80.17125,8.08888],[80.16937,8.08801],[80.16807,8.08661],[80.16794,8.0852],[80.16634,8.08534],[80.16601,8.08425],[80.16279,8.08561],[80.16102,8.08624],[80.16543,8.091],[80.1657,8.09205],[80.16516,8.09321],[80.16375,8.09414],[80.16054,8.09779],[80.15927,8.09801],[80.15813,8.09701],[80.15636,8.0966],[80.15631,8.1027]]]}},{"type":"Feature","properties":{"c":"meadow"},"geometry":{"type":"Polygon","coordinates":[[[80.22812,8.03762],[80.22816,8.0381],[80.22851,8.03814],[80.22882,8.03829],[80.22892,8.03862],[80.22976,8.03865],[80.22992,8.0397],[80.23031,8.03959],[80.23052,8.03966],[80.23085,8.03985],[80.23108,8.04008],[80.23117,8.04026],[80.23144,8.04015],[80.23181,8.03962],[80.23228,8.03908],[80.23235,8.0386],[80.23262,8.0383],[80.23269,8.03805],[80.23255,8.03755],[80.23223,8.03758],[80.23182,8.03752],[80.23164,8.03737],[80.23147,8.03712],[80.23129,8.03706],[80.23119,8.03697],[80.23113,8.03681],[80.23128,8.03659],[80.23101,8.03643],[80.23067,8.0369],[80.2304,8.03716],[80.23021,8.03716],[80.23021,8.03734],[80.23012,8.03759],[80.22966,8.03762],[80.22951,8.03752],[80.22952,8.03738],[80.2298,8.0372],[80.22962,8.03663],[80.2289,8.03664],[80.22871,8.03678],[80.22812,8.03762]]]}},{"type":"Feature","properties":{"c":"forest"},"geometry":{"type":"Polygon","coordinates":[[[80.22568,8.03884],[80.22686,8.0396],[80.22677,8.03978],[80.227,8.03999],[80.22679,8.04034],[80.22707,8.04057],[80.2277,8.04074],[80.22777,8.04087],[80.22826,8.04106],[80.22848,8.04081],[80.22861,8.04089],[80.22898,8.0413],[80.22958,8.04151],[80.22976,8.04179],[80.22998,8.04186],[80.23029,8.0416],[80.23042,8.04143],[80.23063,8.04157],[80.23083,8.04132],[80.23065,8.0411],[80.2309,8.04089],[80.23094,8.04076],[80.23079,8.04045],[80.23102,8.04026],[80.23088,8.04007],[80.23037,8.03975],[80.23031,8.03959],[80.22997,8.03968],[80.22963,8.03984],[80.22871,8.03958],[80.22892,8.03862],[80.22882,8.03829],[80.22851,8.03814],[80.22816,8.0381],[80.2278,8.03812],[80.22768,8.03839],[80.2274,8.03862],[80.22704,8.03867],[80.22631,8.03824],[80.22611,8.03822],[80.22568,8.03884]]]}},{"type":"Feature","properties":{"c":"forest"},"geometry":{"type":"Polygon","coordinates":[[[80.22951,8.03752],[80.22966,8.03762],[80.23012,8.03759],[80.23021,8.03734],[80.23021,8.03716],[80.23011,8.03643],[80.22966,8.03643],[80.22962,8.03663],[80.2298,8.0372],[80.22952,8.03738],[80.22951,8.03752]]]}},{"type":"Feature","properties":{"c":"scrub"},"geometry":{"type":"Polygon","coordinates":[[[80.22951,8.03468],[80.22959,8.03475],[80.22961,8.03538],[80.22957,8.03544],[80.22967,8.03545],[80.22966,8.03643],[80.23011,8.03643],[80.23021,8.03716],[80.2304,8.03716],[80.23067,8.0369],[80.23119,8.03614],[80.23117,8.03583],[80.23101,8.03585],[80.23093,8.03549],[80.23118,8.03537],[80.23112,8.03524],[80.231,8.03525],[80.23095,8.03505],[80.23079,8.035],[80.23059,8.03451],[80.23033,8.03409],[80.23021,8.03415],[80.23036,8.03453],[80.22951,8.03468]]]}},{"type":"Feature","properties":{"c":"forest"},"geometry":{"type":"Polygon","coordinates":[[[80.22848,8.0352],[80.22853,8.03534],[80.22864,8.0354],[80.22857,8.03592],[80.22886,8.03599],[80.22885,8.03641],[80.2289,8.03664],[80.22962,8.03663],[80.22967,8.03545],[80.22957,8.03544],[80.22961,8.03538],[80.22959,8.03475],[80.22951,8.03468],[80.23036,8.03453],[80.23021,8.03415],[80.23006,8.03402],[80.22991,8.03372],[80.22964,8.03363],[80.22905,8.03408],[80.22919,8.03446],[80.22875,8.03479],[80.2288,8.03503],[80.22848,8.0352]]]}},{"type":"Feature","properties":{"c":"scrub"},"geometry":{"type":"Polygon","coordinates":[[[80.22611,8.03822],[80.22631,8.03824],[80.22704,8.03867],[80.2274,8.03862],[80.22768,8.03839],[80.2278,8.03812],[80.22695,8.03783],[80.2265,8.0379],[80.22611,8.03822]]]}},{"type":"Feature","properties":{"c":"scrub"},"geometry":{"type":"Polygon","coordinates":[[[80.22728,8.03408],[80.22752,8.03437],[80.22771,8.03496],[80.22807,8.03509],[80.22809,8.03493],[80.22833,8.03494],[80.22831,8.03466],[80.22837,8.0346],[80.22875,8.03479],[80.22919,8.03446],[80.22905,8.03408],[80.22964,8.03363],[80.22949,8.03352],[80.22927,8.03345],[80.22855,8.03335],[80.22857,8.03296],[80.22846,8.03285],[80.22767,8.03293],[80.22767,8.03318],[80.22779,8.03319],[80.22782,8.03335],[80.22783,8.03386],[80.22754,8.03394],[80.22728,8.03408]]]}},{"type":"Feature","properties":{"c":"forest"},"geometry":{"type":"Polygon","coordinates":[[[80.22855,8.03335],[80.22902,8.03339],[80.22949,8.03352],[80.22964,8.03363],[80.22991,8.03372],[80.22994,8.0338],[80.23023,8.03369],[80.2302,8.03334],[80.22977,8.03317],[80.22983,8.03307],[80.22973,8.033],[80.22909,8.03272],[80.22878,8.03269],[80.22887,8.03301],[80.2287,8.03305],[80.22857,8.03296],[80.22855,8.03335]]]}},{"type":"Feature","properties":{"c":"farmland"},"geometry":{"type":"Polygon","coordinates":[[[80.225,8.03347],[80.22506,8.03369],[80.22546,8.03395],[80.22585,8.03377],[80.22581,8.03354],[80.22623,8.03327],[80.22601,8.03289],[80.22553,8.03302],[80.22547,8.03324],[80.22532,8.03319],[80.22524,8.03338],[80.22502,8.0333],[80.225,8.03347]]]}},{"type":"Feature","properties":{"c":"forest"},"geometry":{"type":"Polygon","coordinates":[[[80.22546,8.03395],[80.22555,8.0341],[80.22599,8.03391],[80.22645,8.03466],[80.22709,8.0347],[80.22715,8.0349],[80.22771,8.03496],[80.22752,8.03437],[80.22703,8.03379],[80.2269,8.03349],[80.22679,8.03307],[80.22631,8.03315],[80.22608,8.03284],[80.2263,8.03256],[80.22629,8.03237],[80.22618,8.03244],[80.22601,8.03276],[80.22601,8.03289],[80.22623,8.03327],[80.22581,8.03354],[80.22585,8.03377],[80.22546,8.03395]]]}},{"type":"Feature","properties":{"c":"scrub"},"geometry":{"type":"Polygon","coordinates":[[[80.22293,8.03538],[80.22378,8.03556],[80.22406,8.03585],[80.22475,8.03691],[80.22507,8.0371],[80.22585,8.03586],[80.22695,8.03583],[80.22714,8.03545],[80.22715,8.0349],[80.22709,8.0347],[80.22645,8.03466],[80.22599,8.03391],[80.22555,8.0341],[80.22546,8.03395],[80.22506,8.03369],[80.22426,8.03382],[80.22334,8.03385],[80.22293,8.03538]]]}},{"type":"Feature","properties":{"c":"meadow"},"geometry":{"type":"Polygon","coordinates":[[[80.22148,8.03495],[80.22221,8.03511],[80.22237,8.03438],[80.22181,8.03426],[80.22148,8.03495]]]}},{"type":"Feature","properties":{"c":"meadow"},"geometry":{"type":"Polygon","coordinates":[[[80.22239,8.03868],[80.22291,8.03894],[80.22345,8.038],[80.22385,8.0382],[80.22419,8.03788],[80.22428,8.03767],[80.2244,8.03757],[80.22433,8.03708],[80.22351,8.037],[80.22318,8.03722],[80.22303,8.0375],[80.2227,8.03753],[80.22261,8.03781],[80.22296,8.038],[80.22288,8.03812],[80.22273,8.03805],[80.22239,8.03868]]]}},{"type":"Feature","properties":{"c":"farmland"},"geometry":{"type":"Polygon","coordinates":[[[80.21832,8.03204],[80.21884,8.03257],[80.21935,8.03214],[80.21915,8.03185],[80.21891,8.03204],[80.21867,8.03179],[80.21853,8.03193],[80.21847,8.03188],[80.21832,8.03204]]]}},{"type":"Feature","properties":{"c":"farmland"},"geometry":{"type":"Polygon","coordinates":[[[80.21915,8.03342],[80.21936,8.03365],[80.21953,8.03419],[80.21988,8.03425],[80.21986,8.03363],[80.21971,8.03362],[80.2194,8.03324],[80.21915,8.03342]]]}},{"type":"Feature","properties":{"c":"meadow"},"geometry":{"type":"Polygon","coordinates":[[[80.21786,8.0319],[80.21835,8.03275],[80.21915,8.03342],[80.2194,8.03324],[80.21889,8.03276],[80.21884,8.03257],[80.21812,8.03183],[80.21786,8.0319]]]}},{"type":"Feature","properties":{"c":"meadow"},"geometry":{"type":"Polygon","coordinates":[[[80.22041,8.0293],[80.22081,8.02997],[80.22103,8.0299],[80.22133,8.02989],[80.22185,8.03001],[80.22204,8.02962],[80.22189,8.02957],[80.22207,8.02899],[80.22176,8.02875],[80.22133,8.02898],[80.22111,8.02892],[80.22041,8.0293]]]}},{"type":"Feature","properties":{"c":"scrub"},"geometry":{"type":"Polygon","coordinates":[[[80.21904,8.03041],[80.21924,8.03074],[80.21968,8.03091],[80.22018,8.03125],[80.22047,8.03111],[80.22101,8.03161],[80.22116,8.03164],[80.22113,8.03206],[80.22153,8.03212],[80.22172,8.03149],[80.22187,8.03154],[80.22209,8.03111],[80.22148,8.03093],[80.22124,8.03076],[80.22135,8.0304],[80.22162,8.03046],[80.22185,8.03001],[80.22133,8.02989],[80.22103,8.0299],[80.22081,8.02997],[80.22026,8.03031],[80.22,8.02995],[80.21904,8.03041]]]}},{"type":"Feature","properties":{"c":"meadow"},"geometry":{"type":"Polygon","coordinates":[[[80.22124,8.03076],[80.22148,8.03093],[80.22181,8.03104],[80.22223,8.03023],[80.22185,8.03001],[80.22162,8.03046],[80.22135,8.0304],[80.22124,8.03076]]]}},{"type":"Feature","properties":{"c":"meadow"},"geometry":{"type":"Polygon","coordinates":[[[80.2188,8.03114],[80.21933,8.03212],[80.21967,8.03178],[80.21996,8.0321],[80.22019,8.03183],[80.22056,8.03215],[80.22058,8.03233],[80.22051,8.03245],[80.22074,8.03259],[80.22113,8.03206],[80.22116,8.03164],[80.22101,8.03161],[80.22047,8.03111],[80.22018,8.03125],[80.21968,8.03091],[80.21924,8.03074],[80.2188,8.03114]]]}},{"type":"Feature","properties":{"c":"scrub"},"geometry":{"type":"Polygon","coordinates":[[[80.21938,8.03573],[80.22,8.03608],[80.22017,8.03554],[80.22026,8.03478],[80.22057,8.03415],[80.22057,8.03403],[80.22107,8.0341],[80.22115,8.03371],[80.22127,8.03366],[80.22121,8.0333],[80.22127,8.03317],[80.22074,8.03259],[80.22061,8.03293],[80.22025,8.03311],[80.22041,8.03347],[80.21987,8.03349],[80.21988,8.03425],[80.21953,8.03419],[80.21953,8.03499],[80.21938,8.03573]]]}},{"type":"Feature","properties":{"c":"forest"},"geometry":{"type":"Polygon","coordinates":[[[80.22074,8.03259],[80.22127,8.03317],[80.22121,8.0333],[80.22127,8.03366],[80.22132,8.03374],[80.22153,8.03374],[80.22162,8.0342],[80.22237,8.03438],[80.22274,8.03342],[80.22234,8.03326],[80.22257,8.0327],[80.2222,8.03258],[80.22245,8.03177],[80.22172,8.03149],[80.22153,8.03212],[80.22113,8.03206],[80.22074,8.03259]]]}},{"type":"Feature","properties":{"c":"scrub"},"geometry":{"type":"Polygon","coordinates":[[[80.22334,8.03385],[80.22419,8.03383],[80.22506,8.03369],[80.225,8.03347],[80.22502,8.0333],[80.22524,8.03338],[80.22532,8.03319],[80.22547,8.03324],[80.22553,8.03302],[80.22601,8.03289],[80.22601,8.03276],[80.22546,8.03258],[80.22539,8.03243],[80.22571,8.0321],[80.22516,8.03199],[80.22504,8.03239],[80.22423,8.03287],[80.22361,8.0331],[80.22334,8.03385]]]}},{"type":"Feature","properties":{"c":"meadow"},"geometry":{"type":"Polygon","coordinates":[[[80.22086,8.03725],[80.22127,8.0375],[80.22138,8.03733],[80.22193,8.03755],[80.22211,8.03693],[80.221,8.03694],[80.22086,8.03725]]]}},{"type":"Feature","properties":{"c":"scrub"},"geometry":{"type":"Polygon","coordinates":[[[80.22091,8.03643],[80.22114,8.03659],[80.221,8.03694],[80.22211,8.03693],[80.22215,8.03641],[80.22107,8.03599],[80.22091,8.03643]]]}},{"type":"Feature","properties":{"c":"farmland"},"geometry":{"type":"Polygon","coordinates":[[[80.21931,8.03614],[80.21935,8.0365],[80.21958,8.0367],[80.22,8.03608],[80.21938,8.03573],[80.21931,8.03614]]]}},{"type":"Feature","properties":{"c":"meadow"},"geometry":{"type":"Polygon","coordinates":[[[80.21892,8.03692],[80.22056,8.03813],[80.22085,8.03774],[80.22066,8.03764],[80.2207,8.03754],[80.2205,8.03743],[80.22004,8.03733],[80.21995,8.03724],[80.22004,8.03714],[80.22003,8.0369],[80.21964,8.03664],[80.21958,8.0367],[80.21935,8.0365],[80.21929,8.03682],[80.21892,8.03692]]]}},{"type":"Feature","properties":{"c":"farmland"},"geometry":{"type":"Polygon","coordinates":[[[80.22135,8.0387],[80.22296,8.03985],[80.22338,8.03918],[80.22239,8.03868],[80.22234,8.03875],[80.22161,8.03835],[80.22135,8.0387]]]}},{"type":"Feature","properties":{"c":"meadow"},"geometry":{"type":"Polygon","coordinates":[[[80.21678,8.03644],[80.21762,8.03689],[80.21761,8.03825],[80.21822,8.03831],[80.21862,8.03797],[80.21916,8.03744],[80.21932,8.03722],[80.2172,8.03561],[80.21678,8.03644]]]}},{"type":"Feature","properties":{"c":"farmland"},"geometry":{"type":"Polygon","coordinates":[[[80.21862,8.03797],[80.21919,8.03847],[80.21915,8.03876],[80.21982,8.03874],[80.22021,8.03882],[80.22021,8.03929],[80.22064,8.03946],[80.22101,8.03927],[80.22122,8.03932],[80.2214,8.03873],[80.21932,8.03722],[80.21916,8.03744],[80.21862,8.03797]]]}},{"type":"Feature","properties":{"c":"scrub"},"geometry":{"type":"Polygon","coordinates":[[[80.21311,8.03828],[80.21313,8.03844],[80.21331,8.03871],[80.21371,8.03916],[80.21359,8.03934],[80.21444,8.04],[80.2147,8.0399],[80.21464,8.03971],[80.21496,8.03907],[80.21533,8.03926],[80.21527,8.03942],[80.21562,8.03958],[80.21596,8.03968],[80.21632,8.03966],[80.2164,8.03904],[80.21584,8.03881],[80.21607,8.0377],[80.21664,8.03783],[80.21672,8.0376],[80.21748,8.03776],[80.21752,8.03754],[80.21644,8.03695],[80.21674,8.03633],[80.21617,8.03605],[80.21587,8.03661],[80.21592,8.03666],[80.21557,8.0372],[80.21521,8.03697],[80.21453,8.03718],[80.214,8.03693],[80.21408,8.03656],[80.21379,8.03653],[80.2137,8.03719],[80.21372,8.03768],[80.21337,8.03761],[80.21327,8.03827],[80.21311,8.03828]]]}},{"type":"Feature","properties":{"c":"forest"},"geometry":{"type":"Polygon","coordinates":[[[80.21464,8.03971],[80.2147,8.0399],[80.21561,8.04025],[80.21638,8.04047],[80.21665,8.04003],[80.21664,8.0397],[80.21632,8.03966],[80.21596,8.03968],[80.21562,8.03958],[80.21527,8.03942],[80.21533,8.03926],[80.21496,8.03907],[80.21464,8.03971]]]}},{"type":"Feature","properties":{"c":"meadow"},"geometry":{"type":"Polygon","coordinates":[[[80.21674,8.03711],[80.21725,8.03738],[80.21738,8.03746],[80.21737,8.03705],[80.2169,8.0368],[80.21674,8.03711]]]}},{"type":"Feature","properties":{"c":"meadow"},"geometry":{"type":"Polygon","coordinates":[[[80.21584,8.03881],[80.2164,8.03904],[80.21648,8.03835],[80.21664,8.03783],[80.21607,8.0377],[80.21584,8.03881]]]}},{"type":"Feature","properties":{"c":"farmland"},"geometry":{"type":"Polygon","coordinates":[[[80.21662,8.03894],[80.21708,8.03903],[80.21715,8.0387],[80.2167,8.03862],[80.21662,8.03894]]]}},{"type":"Feature","properties":{"c":"farmland"},"geometry":{"type":"Polygon","coordinates":[[[80.21158,8.03483],[80.21292,8.03606],[80.21347,8.03558],[80.21255,8.0346],[80.21158,8.03483]]]}},{"type":"Feature","properties":{"c":"meadow"},"geometry":{"type":"Polygon","coordinates":[[[80.21234,8.03711],[80.21297,8.03736],[80.21315,8.03693],[80.21251,8.03666],[80.21234,8.03711]]]}},{"type":"Feature","properties":{"c":"meadow"},"geometry":{"type":"Polygon","coordinates":[[[80.2104,8.03496],[80.21049,8.03578],[80.21126,8.03607],[80.21142,8.03565],[80.21239,8.03645],[80.21277,8.03607],[80.21189,8.03528],[80.21146,8.035],[80.21146,8.03483],[80.2104,8.03496]]]}},{"type":"Feature","properties":{"c":"farmland"},"geometry":{"type":"Polygon","coordinates":[[[80.21121,8.03398],[80.21185,8.0346],[80.21277,8.03439],[80.21284,8.03432],[80.21256,8.03406],[80.21242,8.03411],[80.21226,8.03397],[80.21236,8.03362],[80.21267,8.03302],[80.21202,8.03276],[80.21147,8.03266],[80.21121,8.03398]]]}},{"type":"Feature","properties":{"c":"meadow"},"geometry":{"type":"Polygon","coordinates":[[[80.20973,8.03342],[80.2102,8.03386],[80.21027,8.03404],[80.21033,8.03471],[80.21031,8.03486],[80.21061,8.03486],[80.21185,8.0346],[80.21068,8.03354],[80.21093,8.03327],[80.21103,8.03265],[80.21029,8.0325],[80.20996,8.03286],[80.20997,8.03303],[80.20973,8.03342]]]}},{"type":"Feature","properties":{"c":"forest"},"geometry":{"type":"Polygon","coordinates":[[[80.21068,8.03354],[80.21121,8.03398],[80.21147,8.03266],[80.21175,8.03271],[80.21182,8.03243],[80.21114,8.03219],[80.21093,8.03327],[80.21068,8.03354]]]}},{"type":"Feature","properties":{"c":"forest"},"geometry":{"type":"Polygon","coordinates":[[[80.20918,8.03205],[80.20937,8.03244],[80.20996,8.03286],[80.21029,8.0325],[80.21052,8.03256],[80.21074,8.03198],[80.2102,8.03163],[80.20991,8.03135],[80.20954,8.03193],[80.20918,8.03205]]]}},{"type":"Feature","properties":{"c":"scrub"},"geometry":{"type":"Polygon","coordinates":[[[80.2078,8.03275],[80.20817,8.03286],[80.20802,8.03329],[80.2088,8.03372],[80.20865,8.03404],[80.20982,8.03489],[80.21031,8.03486],[80.21033,8.03471],[80.21027,8.03404],[80.2102,8.03386],[80.20957,8.03328],[80.20942,8.03278],[80.20954,8.03257],[80.20937,8.03244],[80.2091,8.03263],[80.20871,8.03245],[80.20832,8.03185],[80.20809,8.03199],[80.2078,8.03275]]]}},{"type":"Feature","properties":{"c":"meadow"},"geometry":{"type":"Polygon","coordinates":[[[80.21275,8.03621],[80.21301,8.03643],[80.21349,8.03657],[80.21378,8.03663],[80.21379,8.03653],[80.21408,8.03656],[80.21412,8.03636],[80.21392,8.03631],[80.21399,8.03606],[80.21376,8.03596],[80.21386,8.03563],[80.21357,8.03548],[80.21275,8.03621]]]}},{"type":"Feature","properties":{"c":"meadow"},"geometry":{"type":"Polygon","coordinates":[[[80.20904,8.03721],[80.2091,8.03735],[80.20934,8.03732],[80.20943,8.0374],[80.20942,8.03759],[80.21018,8.03768],[80.21025,8.03789],[80.21048,8.03794],[80.21077,8.03816],[80.21114,8.03803],[80.21116,8.03763],[80.21095,8.03733],[80.21112,8.03676],[80.21116,8.03637],[80.21074,8.03619],[80.21071,8.03627],[80.21034,8.03648],[80.21008,8.03653],[80.20985,8.03643],[80.20962,8.03678],[80.20924,8.03681],[80.20904,8.03721]]]}},{"type":"Feature","properties":{"c":"forest"},"geometry":{"type":"Polygon","coordinates":[[[80.20821,8.03561],[80.20892,8.03612],[80.2088,8.03642],[80.20844,8.03611],[80.20821,8.03636],[80.20862,8.03672],[80.20904,8.03721],[80.20924,8.03681],[80.20962,8.03678],[80.20985,8.03643],[80.20974,8.03633],[80.20984,8.03614],[80.21005,8.03607],[80.21006,8.0359],[80.21028,8.03592],[80.21043,8.03578],[80.2104,8.03543],[80.20992,8.03547],[80.20991,8.03529],[80.20971,8.03529],[80.20888,8.03551],[80.20867,8.03521],[80.20821,8.03561]]]}},{"type":"Feature","properties":{"c":"meadow"},"geometry":{"type":"Polygon","coordinates":[[[80.20803,8.03579],[80.20844,8.03611],[80.2088,8.03642],[80.20892,8.03612],[80.20821,8.03561],[80.20803,8.03579]]]}},{"type":"Feature","properties":{"c":"scrub"},"geometry":{"type":"Polygon","coordinates":[[[80.20773,8.0357],[80.20787,8.0359],[80.20803,8.03579],[80.20858,8.03527],[80.20895,8.03505],[80.20886,8.03478],[80.20918,8.03465],[80.2093,8.0345],[80.20877,8.03413],[80.20841,8.03486],[80.20804,8.03495],[80.20778,8.03536],[80.20787,8.03547],[80.20773,8.0357]]]}},{"type":"Feature","properties":{"c":"scrub"},"geometry":{"type":"Polygon","coordinates":[[[80.21398,8.02552],[80.21418,8.02587],[80.21417,8.02625],[80.21407,8.02649],[80.21412,8.02678],[80.21431,8.0268],[80.21433,8.02639],[80.21445,8.02594],[80.21496,8.02619],[80.21494,8.02644],[80.21518,8.02714],[80.21567,8.02707],[80.2156,8.02681],[80.21581,8.02675],[80.21576,8.02665],[80.21602,8.02633],[80.2166,8.02643],[80.2168,8.02635],[80.21656,8.02603],[80.21668,8.02585],[80.21613,8.02563],[80.21487,8.025],[80.21462,8.02496],[80.2145,8.02552],[80.21402,8.02547],[80.21398,8.02552]]]}},{"type":"Feature","properties":{"c":"forest"},"geometry":{"type":"Polygon","coordinates":[[[80.21576,8.02665],[80.21595,8.02712],[80.21643,8.02714],[80.21676,8.02725],[80.2179,8.02802],[80.21809,8.02771],[80.21844,8.02687],[80.2187,8.02692],[80.21872,8.02699],[80.21894,8.02703],[80.21967,8.02699],[80.21992,8.02662],[80.21935,8.02636],[80.21897,8.02643],[80.21886,8.0262],[80.21817,8.02635],[80.2183,8.02663],[80.21831,8.02681],[80.21824,8.02689],[80.21794,8.02697],[80.21777,8.02696],[80.21804,8.02638],[80.21793,8.02643],[80.21768,8.02691],[80.21749,8.02699],[80.2171,8.02684],[80.21706,8.02669],[80.21717,8.02653],[80.21713,8.02647],[80.2172,8.02638],[80.21711,8.02622],[80.2166,8.02643],[80.21602,8.02633],[80.21576,8.02665]]]}},{"type":"Feature","properties":{"c":"scrub"},"geometry":{"type":"Polygon","coordinates":[[[80.21765,8.0285],[80.21825,8.02888],[80.21849,8.02863],[80.2181,8.02831],[80.21841,8.02799],[80.21851,8.02805],[80.21893,8.02768],[80.21856,8.02728],[80.21834,8.02717],[80.21809,8.02771],[80.21765,8.0285]]]}},{"type":"Feature","properties":{"c":"farmland"},"geometry":{"type":"Polygon","coordinates":[[[80.20904,8.02775],[80.20939,8.02808],[80.20913,8.02849],[80.20913,8.02857],[80.2093,8.02918],[80.20976,8.03006],[80.20993,8.03001],[80.20998,8.03025],[80.21028,8.03053],[80.21038,8.0305],[80.21066,8.03064],[80.21071,8.03075],[80.21129,8.03109],[80.21136,8.03121],[80.21132,8.03143],[80.21173,8.03169],[80.21156,8.03233],[80.21278,8.0329],[80.21291,8.03264],[80.21304,8.03261],[80.21342,8.03238],[80.21368,8.03206],[80.21446,8.03231],[80.21455,8.032],[80.21486,8.03204],[80.21491,8.03232],[80.21539,8.03271],[80.21671,8.0308],[80.21658,8.03072],[80.21621,8.03066],[80.21609,8.03053],[80.21607,8.03038],[80.21616,8.03017],[80.21567,8.02975],[80.21548,8.02964],[80.2155,8.02936],[80.21445,8.02885],[80.21433,8.02897],[80.21423,8.02897],[80.21361,8.02887],[80.21295,8.02819],[80.21242,8.02852],[80.2123,8.02842],[80.21224,8.02846],[80.21169,8.02942],[80.21071,8.02878],[80.21015,8.02814],[80.20976,8.02778],[80.20927,8.02741],[80.20904,8.02775]]]}},{"type":"Feature","properties":{"c":"scrub"},"geometry":{"type":"Polygon","coordinates":[[[80.2115,8.02636],[80.2115,8.02702],[80.21156,8.02742],[80.21187,8.02803],[80.21205,8.02821],[80.21242,8.02852],[80.21295,8.02819],[80.21361,8.02887],[80.21423,8.02897],[80.21433,8.02897],[80.21445,8.02885],[80.21446,8.02856],[80.21415,8.02814],[80.21355,8.02802],[80.21342,8.02783],[80.21379,8.02698],[80.21385,8.02691],[80.21372,8.02655],[80.21361,8.02662],[80.2133,8.02641],[80.21333,8.02632],[80.21316,8.02621],[80.21227,8.02587],[80.2121,8.0262],[80.21195,8.02615],[80.21193,8.02635],[80.2115,8.02636]]]}},{"type":"Feature","properties":{"c":"scrub"},"geometry":{"type":"Polygon","coordinates":[[[80.20924,8.0304],[80.20966,8.03108],[80.20999,8.03145],[80.21039,8.03176],[80.21092,8.03208],[80.21107,8.03175],[80.21165,8.03198],[80.21173,8.03169],[80.21132,8.03143],[80.21136,8.03121],[80.21129,8.03109],[80.21071,8.03075],[80.21066,8.03064],[80.21038,8.0305],[80.21028,8.03053],[80.20998,8.03025],[80.20993,8.03001],[80.20976,8.03006],[80.20924,8.0304]]]}},{"type":"Feature","properties":{"c":"meadow"},"geometry":{"type":"Polygon","coordinates":[[[80.20724,8.03312],[80.20787,8.03355],[80.20802,8.03329],[80.20817,8.03286],[80.2078,8.03275],[80.20809,8.03199],[80.20832,8.03185],[80.20871,8.03245],[80.2091,8.03263],[80.20937,8.03244],[80.20918,8.03205],[80.20954,8.03193],[80.20991,8.03135],[80.20957,8.03094],[80.20935,8.03131],[80.20957,8.0315],[80.20941,8.03175],[80.20888,8.03191],[80.20877,8.03165],[80.20862,8.03161],[80.20839,8.03119],[80.20846,8.03103],[80.20834,8.03078],[80.20752,8.0311],[80.20782,8.03154],[80.20766,8.0318],[80.20724,8.03312]]]}},{"type":"Feature","properties":{"c":"farmland"},"geometry":{"type":"Polygon","coordinates":[[[80.20687,8.03129],[80.20702,8.0313],[80.20702,8.03115],[80.20719,8.03114],[80.20719,8.03107],[80.2075,8.03102],[80.20737,8.0307],[80.20749,8.03067],[80.20741,8.03047],[80.20705,8.03056],[80.20693,8.03087],[80.20687,8.03129]]]}},{"type":"Feature","properties":{"c":"meadow"},"geometry":{"type":"Polygon","coordinates":[[[80.2069,8.03019],[80.20705,8.03056],[80.20741,8.03047],[80.20758,8.03029],[80.20744,8.03012],[80.20714,8.02996],[80.20702,8.03013],[80.2069,8.03019]]]}},{"type":"Feature","properties":{"c":"forest"},"geometry":{"type":"Polygon","coordinates":[[[80.20568,8.03142],[80.20616,8.03153],[80.20625,8.03131],[80.20649,8.03129],[80.20675,8.03147],[80.20661,8.03208],[80.20747,8.0324],[80.20766,8.0318],[80.20782,8.03154],[80.2075,8.03102],[80.20719,8.03107],[80.20719,8.03114],[80.20702,8.03115],[80.20702,8.0313],[80.20687,8.03129],[80.20693,8.03087],[80.20705,8.03056],[80.2069,8.03019],[80.2066,8.03027],[80.20631,8.03022],[80.20606,8.03064],[80.20579,8.03082],[80.20568,8.03142]]]}},{"type":"Feature","properties":{"c":"farmland"},"geometry":{"type":"Polygon","coordinates":[[[80.20687,8.03876],[80.20734,8.03887],[80.20754,8.03837],[80.20779,8.03794],[80.2072,8.03768],[80.20707,8.03794],[80.20687,8.03876]]]}},{"type":"Feature","properties":{"c":"meadow"},"geometry":{"type":"Polygon","coordinates":[[[80.20634,8.03688],[80.20696,8.03756],[80.20686,8.03777],[80.20707,8.03794],[80.2072,8.03768],[80.20779,8.03794],[80.20754,8.03837],[80.20734,8.03887],[80.20764,8.03871],[80.20791,8.0384],[80.20829,8.03861],[80.20857,8.03792],[80.20822,8.03767],[80.20828,8.03742],[80.20883,8.03744],[80.20904,8.03721],[80.20862,8.03672],[80.20781,8.03594],[80.2069,8.0364],[80.20634,8.03688]]]}},{"type":"Feature","properties":{"c":"meadow"},"geometry":{"type":"Polygon","coordinates":[[[80.20559,8.03059],[80.20579,8.03082],[80.20606,8.03064],[80.20615,8.03051],[80.20581,8.0303],[80.20559,8.03059]]]}},{"type":"Feature","properties":{"c":"meadow"},"geometry":{"type":"Polygon","coordinates":[[[80.20461,8.0319],[80.20511,8.03194],[80.20519,8.03079],[80.20492,8.03063],[80.20468,8.03081],[80.20461,8.0314],[80.20461,8.0319]]]}},{"type":"Feature","properties":{"c":"scrub"},"geometry":{"type":"Polygon","coordinates":[[[80.19931,8.02708],[80.19948,8.02772],[80.19967,8.02786],[80.1998,8.02803],[80.2,8.02849],[80.20022,8.02855],[80.20026,8.02881],[80.20031,8.02886],[80.20042,8.02879],[80.20084,8.02875],[80.20087,8.02885],[80.20109,8.02889],[80.20151,8.02879],[80.20142,8.02846],[80.20157,8.0284],[80.2019,8.02815],[80.20174,8.02777],[80.20269,8.02727],[80.20238,8.02664],[80.20195,8.02684],[80.20162,8.02622],[80.20155,8.02629],[80.20098,8.02657],[80.20068,8.02659],[80.20024,8.02689],[80.19931,8.02708]]]}},{"type":"Feature","properties":{"c":"meadow"},"geometry":{"type":"Polygon","coordinates":[[[80.19799,8.02772],[80.19809,8.02782],[80.1982,8.02826],[80.19844,8.02835],[80.19848,8.02843],[80.1985,8.02853],[80.19843,8.02859],[80.19825,8.02861],[80.19809,8.02887],[80.19822,8.029],[80.19847,8.02897],[80.19881,8.02901],[80.19894,8.0291],[80.19928,8.02912],[80.19933,8.0288],[80.1993,8.02852],[80.19944,8.02852],[80.19992,8.02835],[80.1998,8.02803],[80.19967,8.02786],[80.19948,8.02772],[80.19931,8.02708],[80.19812,8.0273],[80.19799,8.02772]]]}},{"type":"Feature","properties":{"c":"scrub"},"geometry":{"type":"Polygon","coordinates":[[[80.19928,8.02912],[80.19952,8.02912],[80.19963,8.02902],[80.19961,8.02876],[80.19996,8.02871],[80.2,8.02849],[80.19992,8.02835],[80.19944,8.02852],[80.1993,8.02852],[80.19933,8.0288],[80.19928,8.02912]]]}},{"type":"Feature","properties":{"c":"forest"},"geometry":{"type":"Polygon","coordinates":[[[80.19941,8.02912],[80.19941,8.02942],[80.19962,8.02942],[80.19971,8.02952],[80.20108,8.02934],[80.20119,8.02949],[80.20172,8.02939],[80.20183,8.02915],[80.20185,8.02897],[80.20211,8.02877],[80.2019,8.02815],[80.20157,8.0284],[80.20142,8.02846],[80.20151,8.02879],[80.20109,8.02889],[80.20087,8.02885],[80.20084,8.02875],[80.20042,8.02879],[80.20031,8.02886],[80.20026,8.02881],[80.20022,8.02855],[80.2,8.02849],[80.19996,8.02871],[80.19961,8.02876],[80.19963,8.02902],[80.19952,8.02912],[80.19941,8.02912]]]}},{"type":"Feature","properties":{"c":"meadow"},"geometry":{"type":"Polygon","coordinates":[[[80.20031,8.02946],[80.2005,8.02989],[80.20091,8.02979],[80.20127,8.03031],[80.20155,8.03025],[80.20148,8.02994],[80.20138,8.02977],[80.20215,8.02964],[80.20185,8.02897],[80.20183,8.02915],[80.20172,8.02939],[80.20119,8.02949],[80.20108,8.02934],[80.20031,8.02946]]]}},{"type":"Feature","properties":{"c":"scrub"},"geometry":{"type":"Polygon","coordinates":[[[80.20138,8.02977],[80.20148,8.02994],[80.20155,8.03025],[80.2021,8.03016],[80.20221,8.03032],[80.20287,8.03004],[80.20337,8.03032],[80.20358,8.03002],[80.20263,8.02939],[80.20245,8.0296],[80.20138,8.02977]]]}},{"type":"Feature","properties":{"c":"farmland"},"geometry":{"type":"Polygon","coordinates":[[[80.20035,8.0315],[80.20096,8.03145],[80.20092,8.03097],[80.20036,8.03108],[80.20035,8.0315]]]}},{"type":"Feature","properties":{"c":"scrub"},"geometry":{"type":"Polygon","coordinates":[[[80.20002,8.03114],[80.20016,8.03181],[80.20005,8.03212],[80.20018,8.03219],[80.20067,8.03214],[80.20057,8.03188],[80.20099,8.03175],[80.20096,8.03145],[80.20035,8.0315],[80.20036,8.03108],[80.20002,8.03114]]]}},{"type":"Feature","properties":{"c":"forest"},"geometry":{"type":"Polygon","coordinates":[[[80.20008,8.03236],[80.20034,8.03244],[80.20078,8.03242],[80.20126,8.03265],[80.20128,8.0329],[80.2012,8.03314],[80.202,8.03344],[80.20199,8.03357],[80.20215,8.03368],[80.20257,8.03303],[80.20287,8.03273],[80.20306,8.03238],[80.20308,8.03223],[80.20281,8.03159],[80.20278,8.03135],[80.20143,8.03165],[80.20135,8.0314],[80.20096,8.03145],[80.20099,8.03175],[80.20057,8.03188],[80.20067,8.03214],[80.20018,8.03219],[80.20008,8.03236]]]}},{"type":"Feature","properties":{"c":"meadow"},"geometry":{"type":"Polygon","coordinates":[[[80.20109,8.03358],[80.20147,8.03368],[80.20142,8.03391],[80.20196,8.03413],[80.20215,8.03368],[80.20199,8.03357],[80.202,8.03344],[80.2012,8.03314],[80.20109,8.03358]]]}},{"type":"Feature","properties":{"c":"scrub"},"geometry":{"type":"Polygon","coordinates":[[[80.19951,8.0327],[80.19951,8.03343],[80.19974,8.03398],[80.20052,8.03371],[80.20077,8.03376],[80.20094,8.03431],[80.20107,8.03448],[80.20157,8.03467],[80.20175,8.03457],[80.20183,8.03447],[80.20196,8.03413],[80.20142,8.03391],[80.20147,8.03368],[80.20109,8.03358],[80.2012,8.03314],[80.20064,8.0334],[80.19996,8.03309],[80.20027,8.03242],[80.20008,8.03236],[80.20018,8.03219],[80.20005,8.03212],[80.19987,8.03214],[80.19969,8.03241],[80.19966,8.03266],[80.19951,8.0327]]]}},{"type":"Feature","properties":{"c":"forest"},"geometry":{"type":"Polygon","coordinates":[[[80.19883,8.03453],[80.19946,8.03451],[80.19945,8.03471],[80.1992,8.03474],[80.19915,8.03504],[80.19938,8.0356],[80.19944,8.03569],[80.19974,8.03576],[80.20006,8.03575],[80.20006,8.03525],[80.20013,8.03507],[80.20048,8.03522],[80.20072,8.03514],[80.20057,8.03465],[80.20104,8.03443],[80.20094,8.03431],[80.20077,8.03376],[80.20052,8.03371],[80.20026,8.03377],[80.19961,8.03402],[80.19952,8.03389],[80.19937,8.03389],[80.1994,8.03363],[80.19916,8.03361],[80.19899,8.03392],[80.19885,8.03432],[80.19883,8.03453]]]}},{"type":"Feature","properties":{"c":"farmland"},"geometry":{"type":"Polygon","coordinates":[[[80.20155,8.03583],[80.20155,8.03611],[80.20246,8.03613],[80.20339,8.0357],[80.20371,8.0357],[80.20391,8.0358],[80.20411,8.03626],[80.20396,8.03688],[80.20444,8.03704],[80.20447,8.03699],[80.20459,8.03702],[80.20473,8.03664],[80.20465,8.03661],[80.20471,8.0364],[80.20449,8.03634],[80.20459,8.03596],[80.20469,8.03595],[80.20471,8.03584],[80.2048,8.03576],[80.20483,8.03552],[80.20459,8.03536],[80.2047,8.03504],[80.20488,8.03508],[80.20494,8.03445],[80.20477,8.03441],[80.20465,8.03432],[80.20424,8.0343],[80.20427,8.03412],[80.20433,8.03409],[80.20501,8.03431],[80.20516,8.03385],[80.2051,8.03331],[80.20466,8.03325],[80.20463,8.03345],[80.20451,8.03344],[80.20449,8.03364],[80.2039,8.03354],[80.20332,8.03363],[80.20328,8.03421],[80.20309,8.03418],[80.20305,8.03434],[80.20292,8.0345],[80.20265,8.03454],[80.20253,8.03497],[80.202,8.03475],[80.20188,8.03508],[80.20176,8.03507],[80.20166,8.03524],[80.20163,8.03582],[80.20155,8.03583]]]}},{"type":"Feature","properties":{"c":"scrub"},"geometry":{"type":"Polygon","coordinates":[[[80.20189,8.03431],[80.20221,8.03446],[80.20209,8.03479],[80.20253,8.03497],[80.20281,8.03407],[80.20328,8.03421],[80.20332,8.03363],[80.20287,8.0335],[80.20245,8.03324],[80.20215,8.03368],[80.20189,8.03431]]]}},{"type":"Feature","properties":{"c":"forest"},"geometry":{"type":"Polygon","coordinates":[[[80.20265,8.03454],[80.20292,8.0345],[80.20305,8.03434],[80.20309,8.03418],[80.20281,8.03407],[80.20265,8.03454]]]}},{"type":"Feature","properties":{"c":"farmland"},"geometry":{"type":"Polygon","coordinates":[[[80.20517,8.03317],[80.20518,8.03326],[80.20525,8.03383],[80.20546,8.03377],[80.20552,8.03346],[80.20548,8.0329],[80.20522,8.03296],[80.20523,8.03309],[80.20517,8.03317]]]}},{"type":"Feature","properties":{"c":"scrub"},"geometry":{"type":"Polygon","coordinates":[[[80.20434,8.03315],[80.2051,8.03331],[80.20516,8.03385],[80.20525,8.03383],[80.20517,8.03317],[80.20523,8.03309],[80.20522,8.03296],[80.20499,8.03301],[80.20498,8.03287],[80.20444,8.03288],[80.20434,8.03293],[80.20434,8.03315]]]}},{"type":"Feature","properties":{"c":"meadow"},"geometry":{"type":"Polygon","coordinates":[[[80.20551,8.03386],[80.20572,8.03392],[80.2061,8.03395],[80.20611,8.03379],[80.20657,8.03386],[80.20664,8.03367],[80.20689,8.03365],[80.20686,8.03349],[80.20671,8.03346],[80.20667,8.03339],[80.20636,8.03343],[80.20631,8.0335],[80.20565,8.0335],[80.20551,8.03386]]]}},{"type":"Feature","properties":{"c":"meadow"},"geometry":{"type":"Polygon","coordinates":[[[80.20615,8.03466],[80.20646,8.03478],[80.20647,8.0345],[80.20661,8.03406],[80.20618,8.03409],[80.20615,8.03466]]]}},{"type":"Feature","properties":{"c":"forest"},"geometry":{"type":"Polygon","coordinates":[[[80.20424,8.0343],[80.20465,8.03432],[80.20477,8.03441],[80.20494,8.03445],[80.20492,8.03486],[80.20553,8.03508],[80.20588,8.03502],[80.20606,8.03506],[80.20615,8.03466],[80.20618,8.03409],[80.20661,8.03406],[80.20657,8.03386],[80.20611,8.03379],[80.2061,8.03395],[80.20572,8.03392],[80.20551,8.03386],[80.20565,8.0335],[80.20552,8.03346],[80.20546,8.03377],[80.20516,8.03385],[80.20501,8.03431],[80.20433,8.03409],[80.20427,8.03412],[80.20424,8.0343]]]}},{"type":"Feature","properties":{"c":"scrub"},"geometry":{"type":"Polygon","coordinates":[[[80.20459,8.03536],[80.20483,8.03552],[80.20528,8.03568],[80.20553,8.03519],[80.20586,8.03537],[80.20553,8.03604],[80.20583,8.03618],[80.20614,8.03549],[80.20655,8.03518],[80.20695,8.03582],[80.20719,8.03572],[80.20714,8.03552],[80.20752,8.03531],[80.20781,8.03557],[80.20787,8.03547],[80.20778,8.03536],[80.20804,8.03495],[80.20841,8.03486],[80.20696,8.03411],[80.20661,8.03406],[80.20647,8.0345],[80.20646,8.03478],[80.20615,8.03466],[80.20606,8.03506],[80.20588,8.03502],[80.20553,8.03508],[80.20492,8.03486],[80.20488,8.03508],[80.2047,8.03504],[80.20459,8.03536]]]}},{"type":"Feature","properties":{"c":"meadow"},"geometry":{"type":"Polygon","coordinates":[[[80.20607,8.03563],[80.20628,8.03573],[80.20636,8.03563],[80.20645,8.03563],[80.20678,8.03608],[80.20682,8.03607],[80.20692,8.03619],[80.20697,8.03637],[80.20718,8.03626],[80.20707,8.03599],[80.20723,8.0359],[80.20719,8.03572],[80.20695,8.03582],[80.20655,8.03518],[80.20614,8.03549],[80.20607,8.03563]]]}},{"type":"Feature","properties":{"c":"meadow"},"geometry":{"type":"Polygon","coordinates":[[[80.20449,8.03634],[80.20471,8.0364],[80.20465,8.03661],[80.20502,8.03676],[80.20497,8.03692],[80.20573,8.0372],[80.20611,8.03639],[80.20589,8.03621],[80.20519,8.03587],[80.20528,8.03568],[80.20483,8.03552],[80.2048,8.03576],[80.20471,8.03584],[80.20469,8.03595],[80.20459,8.03596],[80.20449,8.03634]]]}},{"type":"Feature","properties":{"c":"meadow"},"geometry":{"type":"Polygon","coordinates":[[[80.20379,8.03738],[80.20391,8.03799],[80.2042,8.0384],[80.20426,8.03836],[80.2045,8.03779],[80.20443,8.03776],[80.2045,8.03758],[80.20415,8.03739],[80.20429,8.03699],[80.20396,8.03688],[80.20379,8.03738]]]}},{"type":"Feature","properties":{"c":"farmland"},"geometry":{"type":"Polygon","coordinates":[[[80.20426,8.03836],[80.20467,8.03869],[80.20534,8.03898],[80.20547,8.03882],[80.20503,8.03867],[80.20506,8.03843],[80.20472,8.03832],[80.2048,8.03813],[80.20441,8.03801],[80.20426,8.03836]]]}},{"type":"Feature","properties":{"c":"scrub"},"geometry":{"type":"Polygon","coordinates":[[[80.20876,8.03782],[80.20914,8.0383],[80.20948,8.0384],[80.20965,8.03819],[80.20978,8.03824],[80.20976,8.03807],[80.21008,8.03795],[80.21002,8.03768],[80.20942,8.03759],[80.20943,8.0374],[80.20934,8.03732],[80.2091,8.03735],[80.20904,8.03721],[80.20883,8.03744],[80.20884,8.03765],[80.20876,8.03782]]]}},{"type":"Feature","properties":{"c":"farmland"},"geometry":{"type":"Polygon","coordinates":[[[80.20885,8.03872],[80.20887,8.0389],[80.20897,8.03895],[80.2096,8.03907],[80.20985,8.03919],[80.20993,8.03893],[80.20964,8.03877],[80.20974,8.03858],[80.20984,8.03862],[80.21001,8.03832],[80.20965,8.03819],[80.20948,8.0384],[80.20959,8.03846],[80.20958,8.0386],[80.20937,8.03869],[80.20917,8.03864],[80.20915,8.03878],[80.20885,8.03872]]]}},{"type":"Feature","properties":{"c":"forest"},"geometry":{"type":"Polygon","coordinates":[[[80.20705,8.03894],[80.2073,8.039],[80.20728,8.03942],[80.20765,8.03947],[80.2077,8.03938],[80.20786,8.03941],[80.20802,8.03923],[80.20825,8.03926],[80.20834,8.03908],[80.20847,8.03908],[80.20854,8.03901],[80.20891,8.03903],[80.20897,8.03895],[80.20887,8.0389],[80.20885,8.03872],[80.20915,8.03878],[80.20917,8.03864],[80.20937,8.03869],[80.20958,8.0386],[80.20959,8.03846],[80.20914,8.0383],[80.20876,8.03782],[80.20861,8.03781],[80.20829,8.03861],[80.20791,8.0384],[80.20764,8.03871],[80.20734,8.03887],[80.20709,8.03881],[80.20705,8.03894]]]}},{"type":"Feature","properties":{"c":"farmland"},"geometry":{"type":"Polygon","coordinates":[[[80.2203,8.03466],[80.22148,8.03495],[80.22181,8.03426],[80.22126,8.03411],[80.22057,8.03403],[80.22057,8.03415],[80.2203,8.03466]]]}},{"type":"Feature","properties":{"c":"farmland"},"geometry":{"type":"Polygon","coordinates":[[[80.20887,8.04013],[80.20916,8.04025],[80.2093,8.04023],[80.2097,8.04041],[80.20992,8.04043],[80.21025,8.04054],[80.21028,8.04044],[80.2111,8.04047],[80.21126,8.03984],[80.21024,8.03947],[80.20952,8.0391],[80.20929,8.03907],[80.2093,8.039],[80.20897,8.03895],[80.20891,8.03903],[80.20887,8.04013]]]}},{"type":"Feature","properties":{"c":"meadow"},"geometry":{"type":"Polygon","coordinates":[[[80.21093,8.04113],[80.21174,8.04137],[80.21195,8.04097],[80.21234,8.04122],[80.21292,8.04064],[80.21283,8.04035],[80.21254,8.04024],[80.21197,8.03989],[80.21186,8.03975],[80.21137,8.03972],[80.2112,8.04045],[80.21093,8.04113]]]}},{"type":"Feature","properties":{"c":"meadow"},"geometry":{"type":"Polygon","coordinates":[[[80.21287,8.04186],[80.21319,8.04203],[80.21371,8.0414],[80.21369,8.04092],[80.21321,8.04089],[80.21287,8.04186]]]}},{"type":"Feature","properties":{"c":"forest"},"geometry":{"type":"Polygon","coordinates":[[[80.21212,8.04143],[80.21287,8.04186],[80.21321,8.04089],[80.21369,8.04092],[80.21371,8.0414],[80.21343,8.04174],[80.21412,8.04195],[80.21424,8.04164],[80.21444,8.04158],[80.21466,8.04158],[80.21474,8.04127],[80.21513,8.04146],[80.2153,8.04146],[80.21531,8.04182],[80.21564,8.04192],[80.21574,8.0418],[80.216,8.04179],[80.21614,8.04138],[80.21598,8.04133],[80.21584,8.04064],[80.21544,8.04054],[80.21533,8.04093],[80.21503,8.04086],[80.21467,8.04052],[80.21438,8.04066],[80.21418,8.04049],[80.21376,8.04073],[80.21344,8.04062],[80.21292,8.04064],[80.21212,8.04143]]]}},{"type":"Feature","properties":{"c":"forest"},"geometry":{"type":"Polygon","coordinates":[[[80.21186,8.03975],[80.21197,8.03989],[80.21254,8.04024],[80.21283,8.04035],[80.21273,8.04008],[80.21346,8.03949],[80.21371,8.03916],[80.21331,8.03871],[80.21313,8.03844],[80.21311,8.03828],[80.21327,8.03827],[80.21333,8.03791],[80.2129,8.03779],[80.2127,8.03887],[80.21261,8.03893],[80.2123,8.03885],[80.21186,8.03975]]]}},{"type":"Feature","properties":{"c":"forest"},"geometry":{"type":"Polygon","coordinates":[[[80.21362,8.04015],[80.2138,8.04041],[80.21437,8.04024],[80.21444,8.04],[80.21378,8.03949],[80.21368,8.03976],[80.21362,8.04015]]]}},{"type":"Feature","properties":{"c":"meadow"},"geometry":{"type":"Polygon","coordinates":[[[80.21273,8.04008],[80.21292,8.04064],[80.21344,8.04062],[80.21376,8.04073],[80.21418,8.04049],[80.21438,8.04066],[80.21467,8.04052],[80.21503,8.04086],[80.21533,8.04093],[80.21544,8.04054],[80.21584,8.04064],[80.21598,8.04133],[80.21614,8.04138],[80.21609,8.04152],[80.21647,8.04159],[80.21664,8.04096],[80.21642,8.04091],[80.21638,8.04047],[80.21561,8.04025],[80.2147,8.0399],[80.21444,8.04],[80.21437,8.04024],[80.2138,8.04041],[80.21362,8.04015],[80.21368,8.03976],[80.21378,8.03949],[80.21359,8.03934],[80.21273,8.04008]]]}},{"type":"Feature","properties":{"c":"meadow"},"geometry":{"type":"Polygon","coordinates":[[[80.2138,8.04271],[80.21471,8.04349],[80.21514,8.04254],[80.21591,8.04271],[80.21614,8.04201],[80.21594,8.04194],[80.216,8.04179],[80.21574,8.0418],[80.21564,8.04192],[80.21531,8.04182],[80.2153,8.04146],[80.21513,8.04146],[80.21474,8.04127],[80.21466,8.04158],[80.21444,8.04158],[80.21424,8.04164],[80.2138,8.04271]]]}},{"type":"Feature","properties":{"c":"meadow"},"geometry":{"type":"Polygon","coordinates":[[[80.2168,8.04214],[80.21698,8.04298],[80.21733,8.04293],[80.21793,8.04274],[80.21767,8.04184],[80.2168,8.04214]]]}},{"type":"Feature","properties":{"c":"scrub"},"geometry":{"type":"Polygon","coordinates":[[[80.21638,8.04047],[80.21642,8.04091],[80.21664,8.04096],[80.21647,8.04159],[80.21671,8.04167],[80.2168,8.04214],[80.21767,8.04184],[80.21752,8.04133],[80.21749,8.04104],[80.21715,8.04097],[80.21711,8.03991],[80.21664,8.0397],[80.21665,8.04003],[80.21638,8.04047]]]}},{"type":"Feature","properties":{"c":"orchard"},"geometry":{"type":"Polygon","coordinates":[[[80.20701,8.03413],[80.20813,8.03472],[80.2083,8.03438],[80.20758,8.03401],[80.20741,8.0341],[80.20715,8.03391],[80.20701,8.03413]]]}},{"type":"Feature","properties":{"c":"orchard"},"geometry":{"type":"Polygon","coordinates":[[[80.21195,8.0433],[80.21214,8.04335],[80.21208,8.04356],[80.21232,8.04365],[80.21241,8.04345],[80.21265,8.0434],[80.2128,8.04302],[80.21246,8.04292],[80.21213,8.04294],[80.21201,8.04302],[80.21195,8.0433]]]}},{"type":"Feature","properties":{"c":"meadow"},"geometry":{"type":"Polygon","coordinates":[[[80.19204,8.02308],[80.19222,8.02364],[80.19249,8.02366],[80.19256,8.02398],[80.19273,8.02403],[80.19269,8.02422],[80.19271,8.02491],[80.19287,8.02501],[80.19294,8.02526],[80.19273,8.02542],[80.19268,8.02555],[80.19267,8.02625],[80.19244,8.02681],[80.1927,8.02692],[80.1932,8.02698],[80.19409,8.02677],[80.19463,8.0265],[80.19481,8.02647],[80.19506,8.02648],[80.19577,8.02673],[80.19646,8.02658],[80.19722,8.02649],[80.19675,8.0244],[80.1966,8.02443],[80.19643,8.02418],[80.19614,8.02443],[80.19566,8.02392],[80.19542,8.02339],[80.19477,8.02349],[80.19444,8.02257],[80.19394,8.02239],[80.19405,8.02265],[80.19365,8.02273],[80.19331,8.0227],[80.19299,8.02255],[80.19283,8.02289],[80.19244,8.02288],[80.19213,8.0228],[80.19204,8.02308]]]}},{"type":"Feature","properties":{"c":"meadow"},"geometry":{"type":"Polygon","coordinates":[[[80.19523,8.02792],[80.19539,8.0281],[80.19589,8.02843],[80.19627,8.0286],[80.19642,8.02839],[80.19683,8.02837],[80.197,8.02841],[80.19724,8.02874],[80.19751,8.02866],[80.1975,8.0284],[80.1973,8.0276],[80.19766,8.02725],[80.19687,8.02651],[80.19577,8.02673],[80.1957,8.02721],[80.19573,8.02742],[80.19523,8.02792]]]}},{"type":"Feature","properties":{"c":"scrub"},"geometry":{"type":"Polygon","coordinates":[[[80.19687,8.02651],[80.19766,8.02725],[80.1973,8.0276],[80.19737,8.02787],[80.19799,8.02772],[80.19812,8.0273],[80.20002,8.02695],[80.19987,8.02645],[80.19982,8.02606],[80.19934,8.02602],[80.19906,8.02572],[80.1986,8.02544],[80.19802,8.02552],[80.19795,8.0249],[80.19815,8.02476],[80.19815,8.02443],[80.19742,8.02466],[80.1976,8.02517],[80.19699,8.0254],[80.19722,8.02649],[80.19687,8.02651]]]}},{"type":"Feature","properties":{"c":"forest"},"geometry":{"type":"Polygon","coordinates":[[[80.19737,8.02787],[80.1975,8.0284],[80.19751,8.02866],[80.1978,8.02865],[80.19794,8.0287],[80.19809,8.02887],[80.19825,8.02861],[80.19843,8.02859],[80.1985,8.02853],[80.19844,8.02835],[80.1982,8.02826],[80.19809,8.02782],[80.19799,8.02772],[80.19737,8.02787]]]}},{"type":"Feature","properties":{"c":"farmland"},"geometry":{"type":"Polygon","coordinates":[[[80.1982,8.03033],[80.19889,8.03046],[80.19885,8.03011],[80.19877,8.03012],[80.19875,8.02992],[80.19885,8.02989],[80.19887,8.02955],[80.19861,8.02941],[80.19826,8.02939],[80.1982,8.03033]]]}},{"type":"Feature","properties":{"c":"scrub"},"geometry":{"type":"Polygon","coordinates":[[[80.19822,8.029],[80.19843,8.02922],[80.19869,8.02921],[80.19881,8.02901],[80.19847,8.02897],[80.19822,8.029]]]}},{"type":"Feature","properties":{"c":"scrub"},"geometry":{"type":"Polygon","coordinates":[[[80.1977,8.02935],[80.19825,8.02948],[80.19827,8.02931],[80.1982,8.02919],[80.19788,8.02903],[80.19773,8.02914],[80.1977,8.02935]]]}},{"type":"Feature","properties":{"c":"meadow"},"geometry":{"type":"Polygon","coordinates":[[[80.19869,8.0293],[80.19892,8.02939],[80.19897,8.02946],[80.19893,8.02954],[80.19887,8.02955],[80.19885,8.02989],[80.19894,8.03003],[80.19935,8.02988],[80.19956,8.03028],[80.19988,8.0302],[80.19971,8.02952],[80.19962,8.02942],[80.19941,8.02942],[80.19941,8.02912],[80.19894,8.0291],[80.19881,8.02901],[80.19869,8.02921],[80.19869,8.0293]]]}},{"type":"Feature","properties":{"c":"scrub"},"geometry":{"type":"Polygon","coordinates":[[[80.19605,8.02914],[80.19688,8.02947],[80.19706,8.02918],[80.19731,8.02923],[80.19735,8.02906],[80.1972,8.02864],[80.197,8.02841],[80.1966,8.02837],[80.19642,8.02839],[80.19627,8.0286],[80.19605,8.02914]]]}},{"type":"Feature","properties":{"c":"meadow"},"geometry":{"type":"Polygon","coordinates":[[[80.19711,8.02978],[80.19711,8.03],[80.19719,8.03017],[80.19718,8.03043],[80.19804,8.03031],[80.1982,8.03033],[80.19825,8.02948],[80.1977,8.02935],[80.19773,8.02914],[80.19788,8.02903],[80.19808,8.02913],[80.1982,8.02919],[80.19827,8.02931],[80.19826,8.02939],[80.19861,8.02941],[80.19859,8.02936],[80.19863,8.0293],[80.19869,8.0293],[80.19869,8.02921],[80.19843,8.02922],[80.19794,8.0287],[80.1978,8.02865],[80.19751,8.02866],[80.19724,8.02874],[80.19735,8.02906],[80.19729,8.02931],[80.19733,8.02952],[80.19727,8.02979],[80.19711,8.02978]]]}},{"type":"Feature","properties":{"c":"forest"},"geometry":{"type":"Polygon","coordinates":[[[80.19688,8.02947],[80.19692,8.03045],[80.19718,8.03043],[80.19719,8.03017],[80.19711,8.03],[80.19711,8.02978],[80.19727,8.02979],[80.19733,8.02952],[80.19731,8.02923],[80.19706,8.02918],[80.19688,8.02947]]]}},{"type":"Feature","properties":{"c":"farmland"},"geometry":{"type":"Polygon","coordinates":[[[80.19763,8.03069],[80.19763,8.03091],[80.19776,8.0311],[80.1979,8.03107],[80.19791,8.031],[80.19804,8.03096],[80.19823,8.03166],[80.19836,8.03169],[80.19827,8.03243],[80.19917,8.03267],[80.19951,8.0327],[80.19966,8.03266],[80.19969,8.03241],[80.19987,8.03214],[80.20005,8.03212],[80.20016,8.03181],[80.20002,8.03114],[80.19942,8.03128],[80.19939,8.03096],[80.19948,8.03087],[80.19939,8.03082],[80.19893,8.03108],[80.19868,8.03058],[80.19869,8.03044],[80.1983,8.03036],[80.19831,8.03053],[80.19823,8.03068],[80.19807,8.03073],[80.19804,8.03043],[80.19771,8.0305],[80.19771,8.03065],[80.19763,8.03069]]]}},{"type":"Feature","properties":{"c":"scrub"},"geometry":{"type":"Polygon","coordinates":[[[80.19776,8.0311],[80.19794,8.03151],[80.19801,8.03181],[80.19795,8.03191],[80.19795,8.03214],[80.19787,8.0322],[80.19788,8.0325],[80.19824,8.0325],[80.19836,8.03169],[80.19823,8.03166],[80.19804,8.03096],[80.19791,8.031],[80.1979,8.03107],[80.19776,8.0311]]]}},{"type":"Feature","properties":{"c":"meadow"},"geometry":{"type":"Polygon","coordinates":[[[80.19732,8.03299],[80.19823,8.0329],[80.19824,8.0325],[80.19788,8.0325],[80.19733,8.03267],[80.19732,8.03299]]]}},{"type":"Feature","properties":{"c":"farmland"},"geometry":{"type":"Polygon","coordinates":[[[80.19643,8.03332],[80.19675,8.0335],[80.19723,8.03352],[80.19733,8.03285],[80.19696,8.03284],[80.19697,8.03264],[80.19649,8.03266],[80.19643,8.03332]]]}},{"type":"Feature","properties":{"c":"farmland"},"geometry":{"type":"Polygon","coordinates":[[[80.19194,8.02739],[80.19205,8.02744],[80.19211,8.02761],[80.1922,8.02766],[80.19212,8.02782],[80.19247,8.02797],[80.19273,8.02776],[80.19287,8.02779],[80.1932,8.02765],[80.19327,8.02772],[80.19377,8.02738],[80.19389,8.02758],[80.19404,8.0276],[80.19423,8.02774],[80.1945,8.02782],[80.19449,8.02798],[80.19463,8.02804],[80.19482,8.02804],[80.195,8.02793],[80.19463,8.0273],[80.19439,8.02662],[80.19409,8.02677],[80.1932,8.02698],[80.19308,8.02697],[80.19304,8.02711],[80.19242,8.027],[80.19217,8.02706],[80.19201,8.02717],[80.19194,8.02739]]]}},{"type":"Feature","properties":{"c":"scrub"},"geometry":{"type":"Polygon","coordinates":[[[80.19231,8.02861],[80.19221,8.02885],[80.19248,8.02908],[80.19274,8.02945],[80.19275,8.0296],[80.19281,8.02965],[80.19312,8.02964],[80.19317,8.02943],[80.19332,8.02938],[80.19333,8.02958],[80.19366,8.02945],[80.19388,8.02942],[80.19393,8.02956],[80.19419,8.02953],[80.1945,8.02941],[80.1946,8.02963],[80.19476,8.02961],[80.19483,8.02935],[80.19516,8.02935],[80.19522,8.02986],[80.19537,8.03022],[80.19573,8.03014],[80.19581,8.03007],[80.19578,8.02957],[80.1963,8.02979],[80.19647,8.02933],[80.19605,8.02914],[80.19627,8.0286],[80.19589,8.02843],[80.19539,8.0281],[80.19523,8.02792],[80.19573,8.02742],[80.1957,8.02721],[80.19577,8.02673],[80.19506,8.02648],[80.19463,8.0265],[80.19439,8.02662],[80.19463,8.0273],[80.195,8.02793],[80.19482,8.02804],[80.19463,8.02804],[80.19449,8.02798],[80.1945,8.02782],[80.19423,8.02774],[80.19404,8.0276],[80.19389,8.02758],[80.19377,8.02738],[80.19327,8.02772],[80.1932,8.02765],[80.19287,8.02779],[80.19273,8.02776],[80.19263,8.02782],[80.19236,8.0281],[80.19231,8.02861]]]}},{"type":"Feature","properties":{"c":"farmland"},"geometry":{"type":"Polygon","coordinates":[[[80.19324,8.03026],[80.19366,8.03059],[80.19395,8.03056],[80.19384,8.02999],[80.19388,8.02996],[80.19392,8.02973],[80.19393,8.02956],[80.19388,8.02942],[80.19366,8.02945],[80.19327,8.02962],[80.19324,8.03026]]]}},{"type":"Feature","properties":{"c":"scrub"},"geometry":{"type":"Polygon","coordinates":[[[80.1948,8.03195],[80.19508,8.03245],[80.19528,8.03304],[80.19581,8.03347],[80.19592,8.03391],[80.19639,8.03396],[80.19687,8.03389],[80.19723,8.03352],[80.19675,8.0335],[80.19643,8.03332],[80.19649,8.03266],[80.19697,8.03264],[80.19696,8.03284],[80.19733,8.03285],[80.19732,8.03258],[80.19719,8.03227],[80.19669,8.03234],[80.19662,8.03189],[80.19704,8.03185],[80.19669,8.03047],[80.19647,8.0304],[80.19641,8.0308],[80.19605,8.03088],[80.19597,8.03066],[80.19564,8.0308],[80.19574,8.031],[80.19574,8.03122],[80.19544,8.03136],[80.19539,8.03171],[80.1948,8.03195]]]}},{"type":"Feature","properties":{"c":"meadow"},"geometry":{"type":"Polygon","coordinates":[[[80.19384,8.02999],[80.19395,8.03056],[80.19407,8.03054],[80.19415,8.03058],[80.19442,8.03089],[80.19443,8.031],[80.19465,8.03094],[80.19436,8.03021],[80.1944,8.02995],[80.19448,8.02976],[80.1946,8.02963],[80.1945,8.02941],[80.19419,8.02953],[80.19393,8.02956],[80.19388,8.02996],[80.19384,8.02999]]]}},{"type":"Feature","properties":{"c":"meadow"},"geometry":{"type":"Polygon","coordinates":[[[80.19298,8.03139],[80.19306,8.03146],[80.19362,8.03144],[80.19385,8.03159],[80.19398,8.03156],[80.19403,8.03137],[80.19397,8.03131],[80.19371,8.03124],[80.19364,8.03098],[80.19372,8.03083],[80.1938,8.03081],[80.19386,8.03074],[80.19395,8.03056],[80.19366,8.03059],[80.19324,8.03026],[80.19327,8.03063],[80.19322,8.03083],[80.19313,8.03102],[80.19306,8.03107],[80.19298,8.03139]]]}},{"type":"Feature","properties":{"c":"farmland"},"geometry":{"type":"Polygon","coordinates":[[[80.19315,8.03898],[80.19316,8.03924],[80.19416,8.03948],[80.19437,8.03974],[80.19483,8.03983],[80.19486,8.03967],[80.19631,8.03966],[80.19637,8.03933],[80.19825,8.03881],[80.1983,8.03872],[80.1985,8.0387],[80.19867,8.03874],[80.19895,8.03857],[80.19906,8.03839],[80.1994,8.03839],[80.19959,8.03877],[80.19983,8.03877],[80.19993,8.0371],[80.19985,8.03666],[80.19956,8.03665],[80.1994,8.03672],[80.19935,8.03681],[80.197,8.03672],[80.19664,8.03675],[80.19656,8.03645],[80.19615,8.03646],[80.19595,8.03709],[80.196,8.03742],[80.19574,8.03758],[80.19595,8.03797],[80.19559,8.03812],[80.19482,8.03832],[80.19477,8.03808],[80.19436,8.03806],[80.1943,8.03827],[80.19367,8.03836],[80.19364,8.03852],[80.19339,8.0386],[80.19321,8.03893],[80.19315,8.03898]]]}},{"type":"Feature","properties":{"c":"scrub"},"geometry":{"type":"Polygon","coordinates":[[[80.19218,8.03592],[80.19241,8.03621],[80.19223,8.03649],[80.19282,8.03661],[80.19362,8.03669],[80.19365,8.0368],[80.1944,8.03688],[80.19447,8.03704],[80.1958,8.03719],[80.19595,8.03709],[80.19606,8.03679],[80.19615,8.03646],[80.19611,8.03634],[80.19595,8.03636],[80.19588,8.03627],[80.19563,8.03621],[80.19507,8.03593],[80.19487,8.0358],[80.19479,8.03568],[80.19477,8.03549],[80.19496,8.03519],[80.19532,8.03481],[80.19579,8.03451],[80.19602,8.03444],[80.196,8.03422],[80.19524,8.03395],[80.19527,8.03453],[80.19522,8.03468],[80.19509,8.03478],[80.19487,8.03483],[80.19446,8.03492],[80.19429,8.03489],[80.19406,8.03515],[80.19411,8.03543],[80.19439,8.03576],[80.19472,8.03602],[80.19478,8.03618],[80.19466,8.03625],[80.1941,8.03599],[80.19348,8.03586],[80.1931,8.03585],[80.19301,8.03568],[80.19304,8.0355],[80.19337,8.0351],[80.19369,8.03483],[80.19372,8.03471],[80.19362,8.03459],[80.19308,8.03486],[80.19262,8.03482],[80.19252,8.03536],[80.19266,8.03549],[80.19262,8.0357],[80.19236,8.0357],[80.19218,8.03592]]]}},{"type":"Feature","properties":{"c":"forest"},"geometry":{"type":"Polygon","coordinates":[[[80.19301,8.03568],[80.1931,8.03585],[80.19348,8.03586],[80.1941,8.03599],[80.19466,8.03625],[80.19478,8.03618],[80.19472,8.03602],[80.19439,8.03576],[80.19411,8.03543],[80.19406,8.03515],[80.19429,8.03489],[80.19446,8.03492],[80.19487,8.03483],[80.19509,8.03478],[80.19522,8.03468],[80.19527,8.03453],[80.19524,8.03395],[80.19428,8.03397],[80.19425,8.03454],[80.19393,8.03455],[80.19391,8.03438],[80.19361,8.03438],[80.19362,8.03459],[80.19372,8.03471],[80.19369,8.03483],[80.19337,8.0351],[80.19304,8.0355],[80.19301,8.03568]]]}},{"type":"Feature","properties":{"c":"farmland"},"geometry":{"type":"Polygon","coordinates":[[[80.19524,8.03395],[80.19576,8.03415],[80.196,8.03422],[80.19588,8.03373],[80.1954,8.03394],[80.19524,8.03395]]]}},{"type":"Feature","properties":{"c":"forest"},"geometry":{"type":"Polygon","coordinates":[[[80.19233,8.03305],[80.19235,8.03315],[80.19245,8.03324],[80.19312,8.03354],[80.19344,8.03367],[80.19382,8.03368],[80.1939,8.03336],[80.19378,8.03329],[80.19375,8.03315],[80.19363,8.03307],[80.19366,8.0327],[80.19378,8.03246],[80.19377,8.03217],[80.19364,8.03219],[80.19362,8.03181],[80.19299,8.0318],[80.19265,8.03185],[80.19261,8.03211],[80.19233,8.03305]]]}},{"type":"Feature","properties":{"c":"scrub"},"geometry":{"type":"Polygon","coordinates":[[[80.19176,8.03906],[80.19204,8.03912],[80.19215,8.0392],[80.1924,8.03927],[80.19237,8.03942],[80.19247,8.0397],[80.19264,8.03975],[80.19271,8.03954],[80.19312,8.0395],[80.19334,8.03964],[80.19339,8.03958],[80.19379,8.03954],[80.19403,8.03962],[80.19404,8.03982],[80.19457,8.04013],[80.1947,8.03982],[80.19437,8.03974],[80.19416,8.03948],[80.19316,8.03924],[80.19315,8.03898],[80.19321,8.03893],[80.19339,8.0386],[80.19364,8.03852],[80.19367,8.03836],[80.1943,8.03827],[80.19436,8.03806],[80.19477,8.03808],[80.19482,8.03832],[80.19559,8.03812],[80.19595,8.03797],[80.19574,8.03758],[80.19542,8.0378],[80.1952,8.03788],[80.1943,8.03795],[80.19422,8.03807],[80.19405,8.03809],[80.19402,8.03797],[80.19363,8.03815],[80.19362,8.03826],[80.1932,8.03843],[80.19317,8.03865],[80.19303,8.03864],[80.19295,8.03891],[80.19279,8.03892],[80.19276,8.03907],[80.19251,8.03898],[80.19246,8.03908],[80.19179,8.03889],[80.19176,8.03906]]]}},{"type":"Feature","properties":{"c":"forest"},"geometry":{"type":"Polygon","coordinates":[[[80.19193,8.03535],[80.192,8.03555],[80.19211,8.03557],[80.19218,8.03592],[80.19236,8.0357],[80.19262,8.0357],[80.19266,8.03549],[80.19252,8.03536],[80.19254,8.03528],[80.19233,8.0353],[80.19195,8.03521],[80.19193,8.03535]]]}},{"type":"Feature","properties":{"c":"forest"},"geometry":{"type":"Polygon","coordinates":[[[80.19237,8.03472],[80.19262,8.03482],[80.19308,8.03486],[80.19362,8.03459],[80.19361,8.03438],[80.19317,8.03381],[80.19315,8.03367],[80.1929,8.03356],[80.1927,8.03366],[80.19266,8.03411],[80.19237,8.03472]]]}},{"type":"Feature","properties":{"c":"meadow"},"geometry":{"type":"Polygon","coordinates":[[[80.19312,8.03354],[80.19317,8.03381],[80.19361,8.03438],[80.19391,8.03438],[80.19388,8.03401],[80.19398,8.03399],[80.19398,8.03366],[80.19344,8.03367],[80.19312,8.03354]]]}},{"type":"Feature","properties":{"c":"scrub"},"geometry":{"type":"Polygon","coordinates":[[[80.19118,8.02984],[80.19125,8.02989],[80.19134,8.02973],[80.19144,8.02966],[80.19155,8.02969],[80.19162,8.02978],[80.19166,8.02993],[80.19156,8.03032],[80.19163,8.0304],[80.19144,8.03062],[80.19175,8.0309],[80.19214,8.03088],[80.19213,8.03123],[80.19217,8.03132],[80.19274,8.03147],[80.19306,8.03146],[80.19298,8.03139],[80.193,8.03121],[80.19322,8.03083],[80.19327,8.03063],[80.19323,8.03042],[80.19327,8.02962],[80.19295,8.02967],[80.19282,8.02984],[80.19265,8.0299],[80.19242,8.02989],[80.19229,8.02976],[80.19207,8.02983],[80.19146,8.02941],[80.19135,8.02951],[80.19118,8.02984]]]}},{"type":"Feature","properties":{"c":"scrub"},"geometry":{"type":"Polygon","coordinates":[[[80.18806,8.0292],[80.18809,8.02945],[80.18869,8.02927],[80.18981,8.02932],[80.1898,8.0296],[80.18994,8.02962],[80.19025,8.02977],[80.19028,8.02993],[80.19038,8.02994],[80.1904,8.0298],[80.19084,8.02979],[80.19091,8.02975],[80.19096,8.02947],[80.19086,8.02921],[80.19097,8.02893],[80.19106,8.02878],[80.1912,8.02873],[80.19148,8.02878],[80.19148,8.02866],[80.19153,8.02858],[80.19138,8.02859],[80.19132,8.02839],[80.19124,8.02833],[80.19103,8.02831],[80.19083,8.0281],[80.19065,8.02802],[80.19063,8.02792],[80.19043,8.02796],[80.18984,8.02831],[80.1898,8.02838],[80.18981,8.02854],[80.18947,8.02886],[80.18927,8.02875],[80.18893,8.02872],[80.18887,8.02875],[80.1888,8.02891],[80.18849,8.02906],[80.18849,8.02911],[80.18856,8.02912],[80.18881,8.02903],[80.18931,8.02903],[80.18941,8.02905],[80.18945,8.02911],[80.18942,8.02916],[80.18869,8.02917],[80.18831,8.02926],[80.18832,8.02921],[80.18849,8.02911],[80.18848,8.02906],[80.18806,8.0292]]]}},{"type":"Feature","properties":{"c":"farmland"},"geometry":{"type":"Polygon","coordinates":[[[80.18758,8.03062],[80.18783,8.03098],[80.18822,8.03136],[80.18861,8.03165],[80.18887,8.03193],[80.1891,8.03165],[80.18933,8.03148],[80.1905,8.03149],[80.19064,8.03102],[80.1908,8.03103],[80.1909,8.03093],[80.19117,8.03097],[80.19126,8.03111],[80.19148,8.03117],[80.19214,8.03102],[80.19214,8.03088],[80.19175,8.0309],[80.19144,8.03062],[80.19163,8.0304],[80.19156,8.03032],[80.19156,8.0302],[80.19166,8.02993],[80.19155,8.02969],[80.19144,8.02966],[80.19134,8.02973],[80.19125,8.02989],[80.1911,8.02978],[80.19091,8.02975],[80.19084,8.02979],[80.1904,8.0298],[80.19038,8.02994],[80.19028,8.02993],[80.19025,8.02977],[80.18994,8.02962],[80.1898,8.0296],[80.18981,8.02932],[80.18869,8.02927],[80.18809,8.02945],[80.18776,8.02988],[80.18792,8.03017],[80.18766,8.03033],[80.18771,8.0305],[80.18758,8.03062]]]}},{"type":"Feature","properties":{"c":"forest"},"geometry":{"type":"Polygon","coordinates":[[[80.18841,8.03216],[80.18849,8.03238],[80.18893,8.03222],[80.1893,8.0325],[80.1895,8.03253],[80.18987,8.03238],[80.1899,8.03192],[80.18902,8.03173],[80.18878,8.03199],[80.18841,8.03216]]]}},{"type":"Feature","properties":{"c":"forest"},"geometry":{"type":"Polygon","coordinates":[[[80.18866,8.03445],[80.18921,8.03478],[80.18933,8.03464],[80.18981,8.03476],[80.18997,8.03484],[80.18998,8.03492],[80.18991,8.03512],[80.19133,8.03566],[80.1915,8.0354],[80.19143,8.03529],[80.19143,8.03498],[80.19116,8.03472],[80.1911,8.03453],[80.1911,8.03439],[80.19118,8.03426],[80.19119,8.03412],[80.19098,8.03391],[80.19071,8.03389],[80.19043,8.03373],[80.1905,8.03345],[80.18998,8.03324],[80.18982,8.03276],[80.18966,8.03279],[80.18961,8.03299],[80.18949,8.03309],[80.18952,8.03315],[80.1898,8.03321],[80.18974,8.03344],[80.18915,8.0334],[80.18916,8.03368],[80.18884,8.03365],[80.18866,8.03445]]]}},{"type":"Feature","properties":{"c":"meadow"},"geometry":{"type":"Polygon","coordinates":[[[80.18844,8.03358],[80.18916,8.03368],[80.18915,8.0334],[80.18974,8.03344],[80.1898,8.03321],[80.18952,8.03315],[80.18949,8.03309],[80.18961,8.03299],[80.18966,8.03279],[80.18982,8.03276],[80.18998,8.03324],[80.19017,8.03332],[80.19028,8.03317],[80.19034,8.03291],[80.19023,8.032],[80.1899,8.03192],[80.18987,8.03238],[80.1895,8.03253],[80.1893,8.0325],[80.18893,8.03222],[80.18849,8.03238],[80.18844,8.03358]]]}},{"type":"Feature","properties":{"c":"farmland"},"geometry":{"type":"Polygon","coordinates":[[[80.19142,8.03419],[80.19164,8.03429],[80.19162,8.03434],[80.19195,8.03447],[80.19187,8.03466],[80.19202,8.03472],[80.19191,8.03505],[80.19195,8.03521],[80.19233,8.0353],[80.19254,8.03528],[80.19262,8.03482],[80.19237,8.03472],[80.1926,8.03425],[80.19212,8.03407],[80.19221,8.03384],[80.19164,8.03362],[80.19142,8.03419]]]}},{"type":"Feature","properties":{"c":"scrub"},"geometry":{"type":"Polygon","coordinates":[[[80.19017,8.03332],[80.1905,8.03345],[80.19043,8.03373],[80.19071,8.03389],[80.19098,8.03391],[80.19119,8.03412],[80.19118,8.03426],[80.1911,8.03439],[80.1911,8.03453],[80.19116,8.03472],[80.19143,8.03498],[80.19143,8.03529],[80.1915,8.0354],[80.19144,8.0355],[80.19157,8.0355],[80.19164,8.03534],[80.19174,8.03533],[80.19184,8.03553],[80.19201,8.03559],[80.19191,8.03505],[80.19202,8.03472],[80.19187,8.03466],[80.19195,8.03447],[80.19162,8.03434],[80.19164,8.03429],[80.19142,8.03419],[80.19155,8.03392],[80.1918,8.03306],[80.19196,8.03299],[80.19213,8.03298],[80.1922,8.03267],[80.19148,8.03244],[80.19147,8.03194],[80.19024,8.03183],[80.19028,8.03263],[80.19034,8.03291],[80.19028,8.03317],[80.19017,8.03332]]]}},{"type":"Feature","properties":{"c":"meadow"},"geometry":{"type":"Polygon","coordinates":[[[80.19916,8.03361],[80.1994,8.03363],[80.19937,8.03389],[80.19952,8.03389],[80.19961,8.03402],[80.19974,8.03398],[80.19951,8.03343],[80.19951,8.0327],[80.19917,8.03267],[80.19916,8.03361]]]}},{"type":"Feature","properties":{"c":"meadow"},"geometry":{"type":"Polygon","coordinates":[[[80.19164,8.03362],[80.19221,8.03384],[80.19212,8.03407],[80.1926,8.03425],[80.19266,8.03411],[80.1927,8.03366],[80.1929,8.03356],[80.19315,8.03367],[80.19312,8.03354],[80.19286,8.0334],[80.19254,8.0336],[80.19174,8.03329],[80.19164,8.03362]]]}},{"type":"Feature","properties":{"c":"forest"},"geometry":{"type":"Polygon","coordinates":[[[80.18944,8.03562],[80.18959,8.03576],[80.18959,8.03584],[80.18976,8.03589],[80.18953,8.03637],[80.18948,8.03663],[80.18991,8.03672],[80.19003,8.03669],[80.19029,8.03604],[80.19022,8.03587],[80.18994,8.0356],[80.18996,8.03547],[80.18971,8.03549],[80.18944,8.03562]]]}},{"type":"Feature","properties":{"c":"meadow"},"geometry":{"type":"Polygon","coordinates":[[[80.18808,8.03617],[80.18843,8.0365],[80.18867,8.03636],[80.18888,8.03638],[80.18931,8.0366],[80.18948,8.03663],[80.18953,8.03637],[80.18976,8.03589],[80.18959,8.03584],[80.18959,8.03576],[80.18944,8.03562],[80.18971,8.03549],[80.18934,8.0354],[80.18928,8.03543],[80.18894,8.03532],[80.18877,8.03575],[80.18837,8.03596],[80.18823,8.0359],[80.18808,8.03617]]]}},{"type":"Feature","properties":{"c":"scrub"},"geometry":{"type":"Polygon","coordinates":[[[80.18602,8.03282],[80.18683,8.03314],[80.18687,8.03368],[80.18684,8.03382],[80.18648,8.03379],[80.18655,8.03431],[80.18648,8.03447],[80.1872,8.03442],[80.18726,8.0345],[80.18755,8.03444],[80.18765,8.03423],[80.18764,8.03331],[80.1879,8.03328],[80.188,8.03389],[80.18812,8.03407],[80.1885,8.03422],[80.18855,8.03443],[80.18866,8.03445],[80.18884,8.03365],[80.18844,8.03358],[80.18849,8.03238],[80.18841,8.03216],[80.18887,8.03193],[80.18861,8.03165],[80.18822,8.03136],[80.18783,8.03098],[80.18767,8.03111],[80.18834,8.03167],[80.18759,8.03207],[80.1872,8.03212],[80.18709,8.03228],[80.18679,8.03239],[80.18638,8.03266],[80.18615,8.03259],[80.18602,8.03282]]]}},{"type":"Feature","properties":{"c":"scrub"},"geometry":{"type":"Polygon","coordinates":[[[80.19052,8.03676],[80.19062,8.03702],[80.1907,8.037],[80.19082,8.03674],[80.19112,8.03662],[80.19128,8.03639],[80.19109,8.03628],[80.19109,8.03621],[80.19118,8.03614],[80.19133,8.03616],[80.19153,8.03594],[80.19176,8.03598],[80.1918,8.03591],[80.19218,8.03592],[80.19211,8.03557],[80.192,8.03555],[80.19206,8.03573],[80.19202,8.03579],[80.19191,8.03582],[80.19154,8.03571],[80.19147,8.03563],[80.1915,8.03551],[80.19144,8.0355],[80.19133,8.03566],[80.19138,8.03568],[80.19134,8.03591],[80.19106,8.03585],[80.19095,8.0361],[80.19077,8.03634],[80.1907,8.03658],[80.19052,8.03676]]]}},{"type":"Feature","properties":{"c":"farmland"},"geometry":{"type":"Polygon","coordinates":[[[80.18578,8.03194],[80.18599,8.03252],[80.18638,8.03266],[80.18679,8.03239],[80.18709,8.03228],[80.1872,8.03212],[80.18759,8.03207],[80.18834,8.03167],[80.18767,8.03111],[80.18738,8.03099],[80.18693,8.03071],[80.1867,8.03086],[80.18591,8.031],[80.18584,8.03131],[80.18608,8.03183],[80.18578,8.03194]]]}},{"type":"Feature","properties":{"c":"farmland"},"geometry":{"type":"Polygon","coordinates":[[[80.18512,8.03535],[80.18519,8.03564],[80.1853,8.03579],[80.18557,8.03588],[80.18557,8.03598],[80.18537,8.0361],[80.18567,8.03721],[80.18607,8.03752],[80.18626,8.03836],[80.18657,8.0387],[80.18666,8.03872],[80.18659,8.03885],[80.18673,8.03892],[80.18693,8.03864],[80.18718,8.03881],[80.1871,8.039],[80.18744,8.03922],[80.18746,8.03943],[80.18767,8.03962],[80.18784,8.0397],[80.18817,8.03971],[80.18824,8.03985],[80.1884,8.03988],[80.18855,8.03979],[80.18898,8.03972],[80.18899,8.03991],[80.18964,8.03993],[80.18979,8.04012],[80.19021,8.04012],[80.1903,8.03997],[80.19089,8.04],[80.19089,8.04012],[80.19107,8.04016],[80.19114,8.04034],[80.19227,8.04041],[80.19224,8.04086],[80.19277,8.04104],[80.19289,8.04092],[80.19301,8.04095],[80.19315,8.04064],[80.19353,8.04073],[80.19354,8.04085],[80.19429,8.04104],[80.19435,8.04124],[80.19445,8.04129],[80.19446,8.04138],[80.19466,8.04151],[80.19488,8.04185],[80.19524,8.04118],[80.19513,8.04106],[80.19511,8.0408],[80.19481,8.0406],[80.19496,8.04038],[80.19404,8.03982],[80.19403,8.03962],[80.19379,8.03954],[80.19339,8.03958],[80.19334,8.03964],[80.19312,8.0395],[80.19271,8.03954],[80.19264,8.03975],[80.19247,8.0397],[80.19237,8.03942],[80.1924,8.03927],[80.19215,8.0392],[80.19204,8.03912],[80.19176,8.03906],[80.19179,8.03889],[80.19246,8.03908],[80.19251,8.03898],[80.19276,8.03907],[80.19279,8.03892],[80.19295,8.03891],[80.19303,8.03864],[80.19317,8.03865],[80.1932,8.03843],[80.19362,8.03826],[80.19363,8.03815],[80.19402,8.03797],[80.19405,8.03809],[80.19422,8.03807],[80.1943,8.03795],[80.1952,8.03788],[80.19542,8.0378],[80.196,8.03742],[80.19595,8.03709],[80.1958,8.03719],[80.19447,8.03704],[80.1944,8.03688],[80.19365,8.0368],[80.19362,8.03669],[80.19282,8.03661],[80.19223,8.03649],[80.19241,8.03621],[80.19238,8.03613],[80.19218,8.03592],[80.1918,8.03591],[80.19176,8.03598],[80.19153,8.03594],[80.19133,8.03616],[80.19118,8.03614],[80.19109,8.03621],[80.19109,8.03628],[80.19128,8.03639],[80.19112,8.03662],[80.19082,8.03674],[80.19077,8.0369],[80.1907,8.037],[80.19062,8.03702],[80.19052,8.03676],[80.1907,8.03658],[80.19077,8.03634],[80.19095,8.0361],[80.19106,8.03585],[80.19134,8.03591],[80.19138,8.03568],[80.18991,8.03512],[80.18996,8.03547],[80.18994,8.0356],[80.19022,8.03587],[80.19029,8.03604],[80.19003,8.03669],[80.18991,8.03672],[80.18931,8.0366],[80.18888,8.03638],[80.18867,8.03636],[80.18843,8.0365],[80.18813,8.03624],[80.188,8.03607],[80.18783,8.03602],[80.18745,8.03577],[80.18734,8.03564],[80.18716,8.03514],[80.18701,8.03495],[80.18678,8.03446],[80.18648,8.03447],[80.18647,8.03492],[80.18654,8.03517],[80.18623,8.03526],[80.18612,8.03516],[80.18585,8.03524],[80.18512,8.03535]]]}},{"type":"Feature","properties":{"c":"farmland"},"geometry":{"type":"Polygon","coordinates":[[[80.18678,8.03446],[80.18701,8.03495],[80.18716,8.03514],[80.18734,8.03564],[80.18745,8.03577],[80.18783,8.03602],[80.188,8.03607],[80.18808,8.03617],[80.18823,8.0359],[80.18837,8.03596],[80.18877,8.03575],[80.18894,8.03532],[80.18928,8.03543],[80.18934,8.0354],[80.18971,8.03549],[80.18996,8.03547],[80.18991,8.03512],[80.18855,8.03443],[80.1885,8.03422],[80.18812,8.03407],[80.188,8.03389],[80.18763,8.03393],[80.18765,8.03423],[80.18755,8.03444],[80.18726,8.0345],[80.1872,8.03442],[80.18678,8.03446]]]}},{"type":"Feature","properties":{"c":"farmland"},"geometry":{"type":"Polygon","coordinates":[[[80.18638,8.04099],[80.18711,8.04102],[80.1878,8.04112],[80.18809,8.03978],[80.18765,8.03976],[80.18743,8.03958],[80.18725,8.03935],[80.18697,8.03933],[80.18672,8.03956],[80.18647,8.04048],[80.18638,8.04099]]]}},{"type":"Feature","properties":{"c":"farmland"},"geometry":{"type":"Polygon","coordinates":[[[80.18816,8.04048],[80.18848,8.04045],[80.18873,8.04035],[80.1891,8.04039],[80.18912,8.04005],[80.18892,8.04004],[80.18889,8.0399],[80.18843,8.03993],[80.18832,8.04004],[80.18816,8.04048]]]}},{"type":"Feature","properties":{"c":"scrub"},"geometry":{"type":"Polygon","coordinates":[[[80.18631,8.03927],[80.18672,8.03956],[80.18697,8.03933],[80.18725,8.03935],[80.18743,8.03958],[80.18765,8.03976],[80.18809,8.03978],[80.1878,8.04112],[80.18772,8.04125],[80.18784,8.0414],[80.18829,8.04162],[80.18868,8.04137],[80.18854,8.04096],[80.18816,8.04098],[80.18816,8.04048],[80.18832,8.04004],[80.18843,8.03993],[80.18889,8.0399],[80.18892,8.04004],[80.18912,8.04005],[80.18916,8.03991],[80.18899,8.03991],[80.18898,8.03972],[80.18855,8.03979],[80.1884,8.03988],[80.18824,8.03985],[80.18817,8.03971],[80.18784,8.0397],[80.18767,8.03962],[80.18746,8.03943],[80.18744,8.03922],[80.1871,8.039],[80.18718,8.03881],[80.18693,8.03864],[80.18673,8.03892],[80.18659,8.03885],[80.18666,8.03872],[80.18657,8.0387],[80.18631,8.03927]]]}},{"type":"Feature","properties":{"c":"scrub"},"geometry":{"type":"Polygon","coordinates":[[[80.18385,8.03817],[80.18428,8.03827],[80.18414,8.0389],[80.18453,8.0391],[80.18478,8.03916],[80.18485,8.03777],[80.18495,8.03776],[80.18524,8.03725],[80.18464,8.0371],[80.18457,8.0373],[80.18437,8.03722],[80.1842,8.03758],[80.18388,8.03762],[80.18385,8.03817]]]}},{"type":"Feature","properties":{"c":"meadow"},"geometry":{"type":"Polygon","coordinates":[[[80.18485,8.03777],[80.18481,8.03933],[80.18498,8.03943],[80.18508,8.03997],[80.186,8.03981],[80.18619,8.03988],[80.18609,8.04015],[80.18617,8.04019],[80.18605,8.04054],[80.18603,8.04106],[80.18637,8.04108],[80.18647,8.04048],[80.18672,8.03956],[80.18631,8.03927],[80.18657,8.0387],[80.18626,8.03836],[80.18607,8.03752],[80.18567,8.03721],[80.18524,8.03725],[80.18495,8.03776],[80.18485,8.03777]]]}},{"type":"Feature","properties":{"c":"scrub"},"geometry":{"type":"Polygon","coordinates":[[[80.18508,8.03997],[80.18519,8.04037],[80.1859,8.04054],[80.18601,8.04078],[80.18617,8.04019],[80.18609,8.04015],[80.18619,8.03988],[80.186,8.03981],[80.18508,8.03997]]]}},{"type":"Feature","properties":{"c":"meadow"},"geometry":{"type":"Polygon","coordinates":[[[80.18268,8.03728],[80.18307,8.03753],[80.183,8.03827],[80.18306,8.03869],[80.18325,8.03887],[80.18372,8.03884],[80.18414,8.0389],[80.18428,8.03827],[80.18385,8.03817],[80.18388,8.03762],[80.1842,8.03758],[80.18437,8.03722],[80.18287,8.03665],[80.18268,8.03728]]]}},{"type":"Feature","properties":{"c":"scrub"},"geometry":{"type":"Polygon","coordinates":[[[80.17973,8.03505],[80.18003,8.03518],[80.18006,8.03535],[80.18021,8.03556],[80.18033,8.03557],[80.18043,8.03546],[80.1806,8.03558],[80.18063,8.03575],[80.18081,8.03584],[80.18088,8.0361],[80.18122,8.03622],[80.18131,8.03599],[80.18171,8.03614],[80.18192,8.03617],[80.18197,8.03608],[80.18218,8.03604],[80.18269,8.03613],[80.18262,8.03659],[80.18244,8.03712],[80.18268,8.03728],[80.18287,8.03665],[80.18296,8.03594],[80.18199,8.03581],[80.18158,8.0358],[80.18177,8.03507],[80.18091,8.03474],[80.18012,8.03462],[80.17988,8.03443],[80.17973,8.03505]]]}},{"type":"Feature","properties":{"c":"farmland"},"geometry":{"type":"Polygon","coordinates":[[[80.18192,8.03617],[80.18193,8.03643],[80.18262,8.03659],[80.18269,8.03613],[80.18218,8.03604],[80.18197,8.03608],[80.18192,8.03617]]]}},{"type":"Feature","properties":{"c":"scrub"},"geometry":{"type":"Polygon","coordinates":[[[80.18225,8.02912],[80.18284,8.02912],[80.18294,8.02924],[80.18349,8.02955],[80.18386,8.0296],[80.18385,8.02974],[80.1836,8.02998],[80.18307,8.02989],[80.18286,8.03036],[80.18338,8.03047],[80.18344,8.03052],[80.18372,8.03055],[80.18374,8.03065],[80.18389,8.03067],[80.18385,8.03093],[80.18324,8.03089],[80.18308,8.03094],[80.18323,8.03131],[80.18335,8.03144],[80.18354,8.03145],[80.18353,8.03167],[80.18385,8.03169],[80.18351,8.0332],[80.18367,8.03317],[80.18448,8.03326],[80.1847,8.03319],[80.185,8.03263],[80.18503,8.0322],[80.18559,8.0323],[80.1856,8.03252],[80.18583,8.03258],[80.18599,8.03252],[80.18578,8.03194],[80.18608,8.03183],[80.18584,8.03131],[80.18591,8.031],[80.1865,8.0309],[80.1862,8.03059],[80.18632,8.03027],[80.18657,8.02995],[80.18694,8.02967],[80.18712,8.02975],[80.18724,8.02991],[80.18752,8.03011],[80.18739,8.03049],[80.18758,8.03062],[80.18771,8.0305],[80.18766,8.03033],[80.18792,8.03017],[80.18776,8.02988],[80.18809,8.02945],[80.18806,8.0292],[80.18793,8.02924],[80.18784,8.02935],[80.18766,8.02939],[80.18752,8.02893],[80.18736,8.02883],[80.18684,8.02881],[80.18684,8.02856],[80.18611,8.0286],[80.18596,8.02848],[80.1859,8.02818],[80.18564,8.02784],[80.18481,8.02811],[80.18417,8.02847],[80.1842,8.02897],[80.18393,8.02902],[80.18393,8.02924],[80.18364,8.02925],[80.18267,8.02879],[80.18225,8.02871],[80.18225,8.02912]]]}},{"type":"Feature","properties":{"c":"forest"},"geometry":{"type":"Polygon","coordinates":[[[80.1862,8.03059],[80.1865,8.0309],[80.1867,8.03086],[80.18693,8.03071],[80.18738,8.03099],[80.18767,8.03111],[80.18783,8.03098],[80.18758,8.03062],[80.18739,8.03049],[80.18752,8.03011],[80.18724,8.02991],[80.18712,8.02975],[80.18694,8.02967],[80.18657,8.02995],[80.18632,8.03027],[80.1862,8.03059]]]}},{"type":"Feature","properties":{"c":"forest"},"geometry":{"type":"Polygon","coordinates":[[[80.18564,8.02784],[80.1859,8.02818],[80.18596,8.02848],[80.18611,8.0286],[80.18684,8.02856],[80.18684,8.02881],[80.18736,8.02883],[80.18752,8.02893],[80.18766,8.02939],[80.18784,8.02935],[80.18793,8.02924],[80.18849,8.02906],[80.18826,8.0287],[80.1881,8.02869],[80.18776,8.02857],[80.18732,8.02829],[80.18675,8.02783],[80.18657,8.02777],[80.18637,8.02781],[80.18616,8.02778],[80.1858,8.02762],[80.18564,8.02784]]]}},{"type":"Feature","properties":{"c":"farmland"},"geometry":{"type":"Polygon","coordinates":[[[80.18187,8.02716],[80.18213,8.02721],[80.1824,8.02717],[80.18248,8.02781],[80.18263,8.02778],[80.18265,8.02797],[80.18243,8.02805],[80.18206,8.02801],[80.18193,8.02853],[80.18225,8.02871],[80.18267,8.02879],[80.18364,8.02925],[80.18393,8.02924],[80.18393,8.02902],[80.1842,8.02897],[80.18417,8.02847],[80.18494,8.02807],[80.18497,8.02774],[80.18489,8.02746],[80.18472,8.02727],[80.18458,8.02691],[80.18488,8.02681],[80.18477,8.02673],[80.18476,8.02659],[80.1849,8.0266],[80.18487,8.02642],[80.18459,8.02638],[80.18389,8.02669],[80.18365,8.02657],[80.18352,8.02657],[80.18352,8.02673],[80.18343,8.02674],[80.18334,8.02656],[80.18318,8.02644],[80.18299,8.02617],[80.18257,8.02609],[80.18225,8.02598],[80.18217,8.0265],[80.18194,8.02654],[80.18187,8.02716]]]}},{"type":"Feature","properties":{"c":"forest"},"geometry":{"type":"Polygon","coordinates":[[[80.17907,8.02981],[80.17922,8.02993],[80.17937,8.0299],[80.17947,8.02994],[80.17962,8.03008],[80.18118,8.03043],[80.18225,8.03088],[80.1824,8.03035],[80.18184,8.03017],[80.18139,8.02991],[80.18074,8.02982],[80.18071,8.02973],[80.1801,8.02953],[80.18008,8.02945],[80.18,8.02943],[80.17989,8.02945],[80.17983,8.02941],[80.17961,8.02955],[80.1792,8.02949],[80.17907,8.02981]]]}},{"type":"Feature","properties":{"c":"scrub"},"geometry":{"type":"Polygon","coordinates":[[[80.18184,8.03017],[80.1824,8.03035],[80.18225,8.03088],[80.18248,8.03096],[80.18257,8.0307],[80.18284,8.03045],[80.18293,8.03013],[80.18264,8.02997],[80.182,8.02976],[80.18184,8.03017]]]}},{"type":"Feature","properties":{"c":"scrub"},"geometry":{"type":"Polygon","coordinates":[[[80.18155,8.02768],[80.18156,8.02827],[80.18193,8.02853],[80.18206,8.02801],[80.18243,8.02805],[80.18265,8.02797],[80.18263,8.02778],[80.18248,8.02781],[80.1824,8.02717],[80.18213,8.02721],[80.18187,8.02716],[80.18181,8.02734],[80.18155,8.02768]]]}},{"type":"Feature","properties":{"c":"farmland"},"geometry":{"type":"Polygon","coordinates":[[[80.18003,8.02917],[80.18013,8.02926],[80.18008,8.02945],[80.1801,8.02953],[80.18071,8.02973],[80.18074,8.02982],[80.18139,8.02991],[80.18184,8.03017],[80.182,8.02976],[80.18264,8.02997],[80.18293,8.03013],[80.18307,8.02989],[80.1836,8.02998],[80.18385,8.02974],[80.18386,8.0296],[80.18349,8.02955],[80.18294,8.02924],[80.18284,8.02912],[80.18225,8.02912],[80.18225,8.02885],[80.18099,8.02852],[80.18088,8.02881],[80.18088,8.02906],[80.18062,8.02909],[80.18059,8.02881],[80.18044,8.02882],[80.18011,8.02893],[80.18003,8.02917]]]}},{"type":"Feature","properties":{"c":"scrub"},"geometry":{"type":"Polygon","coordinates":[[[80.17965,8.02874],[80.17974,8.02907],[80.18003,8.02917],[80.18011,8.02893],[80.18044,8.02882],[80.18059,8.02881],[80.18062,8.02909],[80.18088,8.02906],[80.18088,8.02881],[80.18099,8.02852],[80.18111,8.02855],[80.181,8.02808],[80.18082,8.02827],[80.18068,8.02832],[80.18051,8.02836],[80.18009,8.02827],[80.18012,8.02842],[80.17994,8.02847],[80.17978,8.02841],[80.17965,8.02874]]]}},{"type":"Feature","properties":{"c":"forest"},"geometry":{"type":"Polygon","coordinates":[[[80.18537,8.0154],[80.18657,8.02089],[80.18674,8.02109],[80.18804,8.02138],[80.18815,8.02105],[80.18852,8.02092],[80.18881,8.02088],[80.18901,8.02067],[80.18917,8.02063],[80.18953,8.02071],[80.18983,8.02089],[80.1902,8.02097],[80.18985,8.02182],[80.18952,8.02237],[80.18899,8.02242],[80.18869,8.02238],[80.18841,8.02223],[80.18802,8.02231],[80.18775,8.02352],[80.18785,8.02355],[80.18794,8.02372],[80.18804,8.02381],[80.18839,8.02399],[80.1885,8.02424],[80.18892,8.02421],[80.18919,8.02447],[80.1898,8.02461],[80.19013,8.02464],[80.19045,8.02475],[80.19037,8.0252],[80.19032,8.02526],[80.18994,8.02526],[80.18963,8.02516],[80.18957,8.02505],[80.18945,8.02498],[80.18935,8.02499],[80.18912,8.02512],[80.18902,8.02524],[80.18876,8.02536],[80.18861,8.0254],[80.18843,8.02539],[80.18795,8.02528],[80.18783,8.02547],[80.18835,8.02579],[80.18847,8.02592],[80.18865,8.02594],[80.1889,8.02594],[80.18906,8.02587],[80.18925,8.02564],[80.18936,8.02559],[80.18962,8.02562],[80.18986,8.02582],[80.18993,8.02596],[80.18988,8.02621],[80.18976,8.02626],[80.18928,8.02619],[80.18892,8.02626],[80.18882,8.02621],[80.1887,8.02602],[80.18849,8.02598],[80.18841,8.02601],[80.18828,8.02615],[80.18803,8.02599],[80.18775,8.02548],[80.18765,8.02552],[80.1874,8.02552],[80.18677,8.02574],[80.18679,8.02584],[80.18675,8.02594],[80.18663,8.02601],[80.18672,8.02619],[80.18674,8.02642],[80.18716,8.02636],[80.1872,8.02649],[80.18718,8.02674],[80.18743,8.02664],[80.18751,8.02669],[80.18754,8.02692],[80.1874,8.02786],[80.18753,8.0283],[80.1877,8.02829],[80.18776,8.02785],[80.18795,8.02758],[80.188,8.02739],[80.18814,8.02724],[80.18843,8.02719],[80.18859,8.02725],[80.18876,8.02746],[80.18887,8.02771],[80.18892,8.02802],[80.1887,8.02837],[80.18851,8.02855],[80.18826,8.0287],[80.18849,8.02906],[80.1888,8.02891],[80.18887,8.02875],[80.18893,8.02872],[80.18927,8.02875],[80.18947,8.02886],[80.18981,8.02854],[80.1898,8.02838],[80.18984,8.02831],[80.19043,8.02796],[80.19063,8.02792],[80.19077,8.02761],[80.19122,8.02766],[80.19131,8.02787],[80.19141,8.02794],[80.19124,8.02833],[80.19132,8.02839],[80.19157,8.02832],[80.19171,8.02835],[80.1917,8.02823],[80.19179,8.02786],[80.19205,8.02786],[80.19212,8.02782],[80.1922,8.02766],[80.19211,8.02761],[80.19205,8.02744],[80.19194,8.02739],[80.19201,8.02717],[80.19217,8.02706],[80.19242,8.027],[80.19244,8.02681],[80.19267,8.02625],[80.19268,8.02555],[80.19273,8.02542],[80.19294,8.02526],[80.19287,8.02501],[80.19271,8.02491],[80.19269,8.02422],[80.19273,8.02403],[80.19256,8.02398],[80.19249,8.02366],[80.19222,8.02364],[80.19204,8.02308],[80.19213,8.0228],[80.19244,8.02288],[80.19283,8.02289],[80.19299,8.02255],[80.19277,8.02238],[80.19286,8.02224],[80.19355,8.02238],[80.19394,8.02239],[80.19412,8.02191],[80.19396,8.02135],[80.19402,8.02115],[80.19425,8.02105],[80.19462,8.02098],[80.19487,8.02073],[80.19534,8.02111],[80.19567,8.02096],[80.19617,8.02043],[80.19629,8.02008],[80.19617,8.01962],[80.19563,8.01906],[80.19565,8.01887],[80.19527,8.0185],[80.19538,8.01732],[80.19481,8.01721],[80.19469,8.01709],[80.19463,8.01694],[80.19465,8.0167],[80.19458,8.01656],[80.19435,8.01638],[80.19425,8.01663],[80.19407,8.01682],[80.19377,8.01653],[80.19374,8.0164],[80.19351,8.01637],[80.19295,8.0158],[80.19316,8.01552],[80.19272,8.01523],[80.19145,8.01465],[80.19098,8.0147],[80.19026,8.01447],[80.19018,8.01427],[80.18993,8.01488],[80.18997,8.0153],[80.18978,8.01534],[80.18925,8.01513],[80.18943,8.01444],[80.18991,8.0145],[80.19006,8.01424],[80.18843,8.0137],[80.18873,8.01272],[80.18811,8.01252],[80.18786,8.0135],[80.18744,8.01374],[80.18677,8.01351],[80.18598,8.01344],[80.18586,8.01356],[80.18554,8.0136],[80.18559,8.01475],[80.18574,8.01472],[80.18594,8.0148],[80.18654,8.01512],[80.18722,8.01519],[80.18728,8.01588],[80.18695,8.01599],[80.18661,8.01593],[80.18643,8.01565],[80.18631,8.01555],[80.18577,8.01532],[80.18537,8.0154]]]}},{"type":"Feature","properties":{"c":"scrub"},"geometry":{"type":"Polygon","coordinates":[[[80.19242,8.027],[80.19304,8.02711],[80.19308,8.02697],[80.1927,8.02692],[80.19244,8.02681],[80.19242,8.027]]]}},{"type":"Feature","properties":{"c":"scrub"},"geometry":{"type":"Polygon","coordinates":[[[80.17565,8.02448],[80.17634,8.02477],[80.17646,8.02478],[80.17644,8.02462],[80.17631,8.02457],[80.17619,8.02422],[80.17628,8.02413],[80.17686,8.02392],[80.17725,8.02368],[80.17731,8.02361],[80.17729,8.02353],[80.17722,8.02353],[80.17722,8.02342],[80.17714,8.02344],[80.17714,8.02365],[80.17696,8.02367],[80.17699,8.02351],[80.17688,8.02341],[80.17671,8.02333],[80.17658,8.02338],[80.17652,8.02355],[80.17641,8.02356],[80.17633,8.02372],[80.17616,8.0238],[80.17604,8.02378],[80.17583,8.02403],[80.1757,8.02408],[80.17572,8.0244],[80.17565,8.02448]]]}},{"type":"Feature","properties":{"c":"forest"},"geometry":{"type":"Polygon","coordinates":[[[80.17347,8.01306],[80.17373,8.01321],[80.17379,8.01335],[80.17377,8.01362],[80.17659,8.01961],[80.17656,8.01972],[80.17657,8.02082],[80.17649,8.02095],[80.17657,8.02207],[80.17691,8.02227],[80.17739,8.02234],[80.17785,8.02247],[80.17794,8.02238],[80.17812,8.02233],[80.17821,8.02236],[80.17806,8.02258],[80.17807,8.0227],[80.17816,8.02281],[80.17814,8.0229],[80.17803,8.02295],[80.17816,8.02368],[80.17834,8.02364],[80.17842,8.02379],[80.17896,8.02787],[80.17987,8.02821],[80.18051,8.02836],[80.18082,8.02827],[80.181,8.02808],[80.18099,8.02787],[80.18111,8.02776],[80.18137,8.02763],[80.18155,8.02768],[80.18181,8.02734],[80.18187,8.02716],[80.1818,8.02686],[80.18163,8.02669],[80.1814,8.02657],[80.18134,8.02641],[80.18136,8.02623],[80.18189,8.02616],[80.18201,8.02588],[80.18191,8.02585],[80.18188,8.02564],[80.18217,8.02553],[80.1821,8.02542],[80.18205,8.02516],[80.1819,8.02499],[80.18186,8.02487],[80.18209,8.02465],[80.18225,8.0246],[80.18252,8.02203],[80.18247,8.02183],[80.1825,8.02157],[80.18224,8.02134],[80.18221,8.02122],[80.18199,8.02111],[80.18188,8.02006],[80.1828,8.01969],[80.18282,8.01955],[80.1826,8.01917],[80.18252,8.01918],[80.18251,8.01925],[80.18198,8.01907],[80.1819,8.01896],[80.18221,8.01822],[80.18181,8.01783],[80.18152,8.01823],[80.1812,8.01841],[80.18073,8.01843],[80.18004,8.0182],[80.17963,8.01749],[80.17862,8.01713],[80.17873,8.01679],[80.17851,8.01674],[80.17846,8.01666],[80.17842,8.01638],[80.17843,8.01622],[80.17853,8.01597],[80.17869,8.01582],[80.17936,8.01588],[80.17975,8.016],[80.17997,8.01596],[80.18014,8.0159],[80.18024,8.01578],[80.18039,8.01576],[80.18126,8.01225],[80.18116,8.01218],[80.18108,8.01191],[80.18108,8.01152],[80.18005,8.01136],[80.1799,8.01029],[80.17967,8.01067],[80.17968,8.01126],[80.17932,8.01143],[80.17901,8.01127],[80.17891,8.012],[80.17825,8.0113],[80.17783,8.01106],[80.17773,8.01068],[80.17711,8.01059],[80.17676,8.01083],[80.17639,8.01037],[80.1763,8.01049],[80.1768,8.01099],[80.17609,8.01126],[80.17587,8.01108],[80.17581,8.01094],[80.17555,8.01107],[80.17525,8.01105],[80.17479,8.01096],[80.17437,8.0108],[80.17421,8.01098],[80.17429,8.01108],[80.1743,8.01124],[80.17423,8.01149],[80.17405,8.01169],[80.17397,8.01204],[80.17414,8.01213],[80.17427,8.01239],[80.17433,8.01257],[80.17431,8.01275],[80.17418,8.01275],[80.17411,8.01307],[80.17393,8.01308],[80.17393,8.01299],[80.17376,8.013],[80.17377,8.01275],[80.17355,8.01267],[80.17347,8.01306]]]}},{"type":"Feature","properties":{"c":"farmland"},"geometry":{"type":"Polygon","coordinates":[[[80.1749,8.02517],[80.17509,8.02552],[80.17554,8.0257],[80.17575,8.02554],[80.17619,8.02561],[80.17624,8.02571],[80.17621,8.02584],[80.17637,8.02589],[80.17678,8.02581],[80.17698,8.02552],[80.1768,8.0253],[80.17675,8.02479],[80.17634,8.02477],[80.17553,8.02445],[80.17538,8.02427],[80.17515,8.0244],[80.17492,8.02464],[80.1749,8.02517]]]}},{"type":"Feature","properties":{"c":"forest"},"geometry":{"type":"Polygon","coordinates":[[[80.1725,8.024],[80.17335,8.02444],[80.17337,8.0247],[80.17311,8.0254],[80.17324,8.0256],[80.17367,8.02585],[80.17376,8.02637],[80.17402,8.02656],[80.1745,8.02651],[80.17477,8.0267],[80.17496,8.02712],[80.17486,8.02733],[80.17476,8.02739],[80.17491,8.0281],[80.17512,8.02821],[80.17534,8.02824],[80.17553,8.02817],[80.17563,8.02796],[80.17581,8.02781],[80.17615,8.02778],[80.17628,8.02824],[80.17666,8.02833],[80.17685,8.0285],[80.177,8.02847],[80.17706,8.02876],[80.17718,8.0289],[80.17754,8.0291],[80.17789,8.02913],[80.17817,8.02945],[80.17838,8.02955],[80.1785,8.0295],[80.17867,8.02955],[80.17869,8.02965],[80.17889,8.02977],[80.17907,8.02981],[80.1792,8.02949],[80.17926,8.02947],[80.17961,8.02955],[80.17983,8.02941],[80.18008,8.02945],[80.18013,8.02926],[80.18003,8.02917],[80.17974,8.02907],[80.17965,8.02874],[80.17915,8.02852],[80.17901,8.02882],[80.17889,8.02879],[80.17864,8.02858],[80.17896,8.02787],[80.17842,8.02387],[80.1782,8.02386],[80.17803,8.02295],[80.17787,8.02282],[80.17785,8.02247],[80.17739,8.02234],[80.17739,8.02248],[80.17729,8.02254],[80.17719,8.02248],[80.17724,8.02231],[80.17691,8.02227],[80.17689,8.02239],[80.17679,8.02252],[80.1767,8.02255],[80.1765,8.02248],[80.17641,8.02253],[80.17638,8.02268],[80.17661,8.02303],[80.17656,8.02322],[80.17644,8.02341],[80.17621,8.02355],[80.17598,8.02361],[80.17604,8.02378],[80.17625,8.02378],[80.17633,8.02372],[80.17641,8.02356],[80.17652,8.02355],[80.17658,8.02338],[80.17671,8.02333],[80.17699,8.02351],[80.17696,8.02367],[80.17714,8.02365],[80.17714,8.02344],[80.17722,8.02342],[80.17722,8.02353],[80.17729,8.02353],[80.17731,8.02361],[80.17725,8.02368],[80.17686,8.02392],[80.17628,8.02413],[80.17619,8.02422],[80.17631,8.02457],[80.17644,8.02462],[80.17653,8.02452],[80.17658,8.02453],[80.17655,8.02477],[80.17675,8.02479],[80.1768,8.0253],[80.17698,8.02552],[80.17678,8.02581],[80.17637,8.02589],[80.17621,8.02584],[80.17605,8.02595],[80.17587,8.02593],[80.17581,8.02574],[80.17587,8.02554],[80.17575,8.02554],[80.17554,8.0257],[80.17509,8.02552],[80.1749,8.02517],[80.17492,8.02464],[80.17515,8.0244],[80.17538,8.02427],[80.17532,8.02406],[80.17535,8.02374],[80.17484,8.02321],[80.17445,8.02326],[80.1741,8.02293],[80.17403,8.0227],[80.17363,8.02255],[80.17357,8.02273],[80.17346,8.02284],[80.17336,8.02283],[80.17331,8.02293],[80.17303,8.02302],[80.17294,8.0232],[80.17282,8.02318],[80.1725,8.024]]]}},{"type":"Feature","properties":{"c":"scrub"},"geometry":{"type":"Polygon","coordinates":[[[80.17491,8.0281],[80.17492,8.02845],[80.17528,8.02861],[80.17549,8.02859],[80.17553,8.02828],[80.17589,8.02829],[80.17598,8.02816],[80.17628,8.02824],[80.17615,8.02778],[80.17581,8.02781],[80.17563,8.02796],[80.17553,8.02817],[80.17534,8.02824],[80.17512,8.02821],[80.17491,8.0281]]]}},{"type":"Feature","properties":{"c":"scrub"},"geometry":{"type":"Polygon","coordinates":[[[80.17581,8.02871],[80.17635,8.02894],[80.17656,8.02898],[80.17654,8.02912],[80.17735,8.0293],[80.1775,8.02922],[80.17785,8.02936],[80.17778,8.02954],[80.17894,8.03],[80.17907,8.02981],[80.17889,8.02977],[80.17869,8.02965],[80.17867,8.02955],[80.1785,8.0295],[80.17838,8.02955],[80.17817,8.02945],[80.17789,8.02913],[80.17754,8.0291],[80.17709,8.02883],[80.17706,8.02872],[80.17688,8.02872],[80.17669,8.02881],[80.17653,8.02876],[80.17646,8.02881],[80.17637,8.02878],[80.17638,8.02856],[80.17629,8.02854],[80.1761,8.02871],[80.17586,8.0286],[80.17581,8.02871]]]}},{"type":"Feature","properties":{"c":"scrub"},"geometry":{"type":"Polygon","coordinates":[[[80.17483,8.03036],[80.1752,8.0307],[80.17576,8.03064],[80.17586,8.0307],[80.1759,8.03086],[80.17616,8.03083],[80.17625,8.03074],[80.17653,8.03071],[80.17655,8.03046],[80.17665,8.03038],[80.17731,8.03039],[80.17785,8.03028],[80.17799,8.03029],[80.17814,8.0304],[80.17827,8.0304],[80.17866,8.0302],[80.17879,8.02993],[80.17852,8.02983],[80.17846,8.03013],[80.17789,8.03013],[80.17736,8.03021],[80.17726,8.03006],[80.17695,8.03017],[80.17692,8.0301],[80.17642,8.03041],[80.17581,8.03055],[80.17565,8.03036],[80.17555,8.03039],[80.17553,8.03052],[80.17535,8.03046],[80.17523,8.03048],[80.17486,8.03018],[80.17483,8.03036]]]}},{"type":"Feature","properties":{"c":"farmland"},"geometry":{"type":"Polygon","coordinates":[[[80.17456,8.03107],[80.17502,8.03132],[80.17572,8.03135],[80.17571,8.03149],[80.17696,8.03193],[80.17727,8.03212],[80.17751,8.03206],[80.17767,8.03209],[80.17797,8.03228],[80.17845,8.03103],[80.17866,8.0302],[80.17827,8.0304],[80.17814,8.0304],[80.17799,8.03029],[80.17785,8.03028],[80.17731,8.03039],[80.17665,8.03038],[80.17655,8.03046],[80.17653,8.03071],[80.17625,8.03074],[80.17616,8.03083],[80.1759,8.03086],[80.17586,8.0307],[80.17576,8.03064],[80.1752,8.0307],[80.17483,8.03036],[80.17456,8.03107]]]}},{"type":"Feature","properties":{"c":"scrub"},"geometry":{"type":"Polygon","coordinates":[[[80.17428,8.03187],[80.17453,8.03202],[80.17469,8.03221],[80.17494,8.03268],[80.17501,8.03272],[80.17511,8.03263],[80.17518,8.03247],[80.17542,8.03229],[80.17544,8.03215],[80.17576,8.03211],[80.17603,8.03225],[80.17614,8.03213],[80.17601,8.03208],[80.17586,8.03195],[80.17593,8.03183],[80.17635,8.03201],[80.17717,8.03214],[80.17726,8.03221],[80.17743,8.03257],[80.17786,8.03289],[80.17796,8.03255],[80.17813,8.03258],[80.17817,8.03222],[80.17843,8.03161],[80.17889,8.03027],[80.17907,8.03],[80.17922,8.02993],[80.17907,8.02981],[80.17894,8.03],[80.17879,8.02993],[80.17866,8.0302],[80.17845,8.03103],[80.17797,8.03228],[80.17767,8.03209],[80.17751,8.03206],[80.17727,8.03212],[80.17696,8.03193],[80.17571,8.03149],[80.17572,8.03135],[80.17502,8.03132],[80.17456,8.03107],[80.17428,8.03187]]]}},{"type":"Feature","properties":{"c":"farmland"},"geometry":{"type":"Polygon","coordinates":[[[80.17486,8.03018],[80.17523,8.03048],[80.17535,8.03046],[80.17553,8.03052],[80.17555,8.03039],[80.17565,8.03036],[80.17581,8.03055],[80.17642,8.03041],[80.17692,8.0301],[80.17695,8.03017],[80.17726,8.03006],[80.17736,8.03021],[80.17789,8.03013],[80.17846,8.03013],[80.17852,8.02983],[80.17778,8.02954],[80.17785,8.02936],[80.1775,8.02922],[80.17735,8.0293],[80.17654,8.02912],[80.17656,8.02898],[80.17635,8.02894],[80.17581,8.02871],[80.17586,8.0286],[80.1761,8.02871],[80.17629,8.02854],[80.17638,8.02856],[80.17637,8.02878],[80.17646,8.02881],[80.17653,8.02876],[80.17669,8.02881],[80.17688,8.02872],[80.17706,8.02872],[80.177,8.02847],[80.17685,8.0285],[80.17666,8.02833],[80.17598,8.02816],[80.17589,8.02829],[80.17553,8.02828],[80.17549,8.02859],[80.17528,8.02861],[80.17492,8.02845],[80.17486,8.03018]]]}},{"type":"Feature","properties":{"c":"scrub"},"geometry":{"type":"Polygon","coordinates":[[[80.17955,8.04102],[80.17955,8.04138],[80.17962,8.04173],[80.17969,8.04183],[80.17985,8.04191],[80.17991,8.04147],[80.17991,8.04109],[80.18008,8.04062],[80.18022,8.04049],[80.18015,8.04028],[80.18023,8.03971],[80.18023,8.03935],[80.18009,8.03915],[80.17994,8.03918],[80.17983,8.03981],[80.17993,8.03983],[80.18009,8.03997],[80.18001,8.04027],[80.18006,8.0405],[80.17999,8.04056],[80.17963,8.04047],[80.17955,8.04102]]]}},{"type":"Feature","properties":{"c":"scrub"},"geometry":{"type":"Polygon","coordinates":[[[80.17962,8.04014],[80.17963,8.04047],[80.1799,8.04054],[80.17987,8.0402],[80.17993,8.03983],[80.17983,8.03981],[80.17985,8.03962],[80.17971,8.03967],[80.17962,8.04014]]]}},{"type":"Feature","properties":{"c":"forest"},"geometry":{"type":"Polygon","coordinates":[[[80.16924,8.03593],[80.16938,8.03652],[80.16976,8.03738],[80.17012,8.03795],[80.17038,8.03847],[80.17066,8.03878],[80.17063,8.03978],[80.17053,8.0401],[80.17073,8.04024],[80.17268,8.0423],[80.17327,8.04273],[80.17354,8.04378],[80.17387,8.04415],[80.1746,8.04412],[80.17518,8.04371],[80.17601,8.04358],[80.17669,8.04367],[80.17721,8.0439],[80.17969,8.04183],[80.17962,8.04173],[80.17955,8.04138],[80.17964,8.0399],[80.17971,8.03967],[80.17985,8.03962],[80.17994,8.03918],[80.18047,8.03889],[80.18069,8.03883],[80.18116,8.03887],[80.18199,8.03875],[80.18184,8.03778],[80.18157,8.03722],[80.18175,8.03706],[80.18205,8.03702],[80.18211,8.03647],[80.18193,8.03643],[80.18192,8.03617],[80.18171,8.03614],[80.18131,8.03599],[80.18122,8.03622],[80.18088,8.0361],[80.18081,8.03584],[80.18063,8.03575],[80.1806,8.03558],[80.18043,8.03546],[80.18033,8.03557],[80.18021,8.03556],[80.18006,8.03535],[80.18003,8.03518],[80.17973,8.03505],[80.17988,8.03443],[80.17937,8.034],[80.17924,8.03377],[80.17889,8.03342],[80.1786,8.03334],[80.17835,8.03341],[80.17802,8.03359],[80.17789,8.0336],[80.17774,8.03352],[80.17774,8.03345],[80.1779,8.0333],[80.17804,8.03303],[80.17813,8.03258],[80.17796,8.03255],[80.17786,8.03289],[80.17743,8.03257],[80.17726,8.03221],[80.17717,8.03214],[80.17635,8.03201],[80.17593,8.03183],[80.17586,8.03195],[80.17601,8.03208],[80.17614,8.03213],[80.17603,8.03225],[80.17576,8.03211],[80.17544,8.03215],[80.17542,8.03229],[80.17518,8.03247],[80.17511,8.03263],[80.17501,8.03272],[80.17494,8.03268],[80.17469,8.03221],[80.17453,8.03202],[80.17428,8.03187],[80.17404,8.03259],[80.17327,8.03275],[80.17257,8.03259],[80.17087,8.03191],[80.1697,8.03151],[80.16983,8.03255],[80.17,8.03309],[80.16989,8.03363],[80.16961,8.03418],[80.16927,8.03526],[80.16924,8.03593]]]}},{"type":"Feature","properties":{"c":"farmland"},"geometry":{"type":"Polygon","coordinates":[[[80.18158,8.0358],[80.18199,8.03581],[80.18296,8.03594],[80.18287,8.03665],[80.18457,8.0373],[80.18464,8.0371],[80.18524,8.03725],[80.18567,8.03721],[80.18537,8.0361],[80.18525,8.03608],[80.18515,8.03592],[80.1853,8.03579],[80.18519,8.03564],[80.18515,8.03548],[80.18501,8.03549],[80.18492,8.03563],[80.1847,8.0355],[80.18473,8.03542],[80.18492,8.03535],[80.18497,8.03539],[80.18585,8.03524],[80.18575,8.0352],[80.18546,8.03482],[80.18522,8.03474],[80.18492,8.03447],[80.18493,8.03431],[80.1852,8.03433],[80.18552,8.03428],[80.18567,8.03431],[80.18569,8.0344],[80.18614,8.03467],[80.18647,8.03467],[80.18655,8.03431],[80.18648,8.03379],[80.18684,8.03382],[80.18687,8.03368],[80.18683,8.03314],[80.18602,8.03282],[80.18615,8.03259],[80.18599,8.03252],[80.18583,8.03258],[80.1856,8.03252],[80.18559,8.0323],[80.18503,8.0322],[80.185,8.03263],[80.1847,8.03319],[80.18448,8.03326],[80.18367,8.03317],[80.18351,8.0332],[80.18385,8.03169],[80.18353,8.03167],[80.18354,8.03145],[80.18335,8.03144],[80.18323,8.03131],[80.18308,8.03094],[80.18324,8.03089],[80.18385,8.03093],[80.18389,8.03067],[80.18374,8.03065],[80.18372,8.03055],[80.18344,8.03052],[80.18338,8.03047],[80.18286,8.03036],[80.18284,8.03045],[80.18257,8.0307],[80.18248,8.03096],[80.18259,8.03118],[80.18241,8.03256],[80.18258,8.03282],[80.1824,8.03322],[80.18224,8.03327],[80.18158,8.0358]]]}},{"type":"Feature","properties":{"c":"scrub"},"geometry":{"type":"Polygon","coordinates":[[[80.18515,8.03592],[80.18525,8.03608],[80.18537,8.0361],[80.18557,8.03598],[80.18557,8.03588],[80.1853,8.03579],[80.18515,8.03592]]]}},{"type":"Feature","properties":{"c":"scrub"},"geometry":{"type":"Polygon","coordinates":[[[80.1847,8.0355],[80.18492,8.03563],[80.18501,8.03549],[80.18515,8.03548],[80.18512,8.03535],[80.18497,8.03539],[80.18492,8.03535],[80.18473,8.03542],[80.1847,8.0355]]]}},{"type":"Feature","properties":{"c":"scrub"},"geometry":{"type":"Polygon","coordinates":[[[80.16442,8.02691],[80.16451,8.02693],[80.1647,8.02657],[80.16476,8.02628],[80.16502,8.02618],[80.16511,8.02607],[80.16521,8.02606],[80.16526,8.02614],[80.16556,8.02616],[80.16575,8.02641],[80.16601,8.02645],[80.16612,8.02664],[80.16633,8.02674],[80.16642,8.02674],[80.16658,8.02691],[80.16682,8.02728],[80.16697,8.02716],[80.16699,8.02695],[80.16658,8.02664],[80.16631,8.02657],[80.16617,8.02639],[80.16591,8.02635],[80.16581,8.02628],[80.16579,8.02614],[80.16568,8.02613],[80.16553,8.02595],[80.16516,8.02592],[80.16502,8.02598],[80.16493,8.02609],[80.16469,8.02616],[80.16464,8.02612],[80.1647,8.02563],[80.16465,8.02542],[80.16469,8.02522],[80.16485,8.02501],[80.16473,8.02492],[80.16458,8.02525],[80.16452,8.02554],[80.16451,8.02646],[80.16442,8.02691]]]}},{"type":"Feature","properties":{"c":"farmland"},"geometry":{"type":"Polygon","coordinates":[[[80.16413,8.02813],[80.16457,8.02832],[80.16524,8.02835],[80.16522,8.02872],[80.16562,8.02882],[80.16577,8.02891],[80.16579,8.02913],[80.16644,8.02918],[80.16669,8.02877],[80.16686,8.02877],[80.16716,8.02888],[80.16782,8.02936],[80.16803,8.02805],[80.1682,8.0281],[80.16804,8.02902],[80.16817,8.02925],[80.16863,8.0294],[80.16867,8.02954],[80.16891,8.02956],[80.16911,8.02976],[80.16943,8.02992],[80.16988,8.02998],[80.17076,8.02785],[80.17156,8.02571],[80.1718,8.02532],[80.17213,8.02498],[80.17263,8.02513],[80.17311,8.0254],[80.17337,8.0247],[80.17335,8.02444],[80.1725,8.024],[80.17174,8.02374],[80.17164,8.02394],[80.17116,8.02455],[80.1709,8.02476],[80.17077,8.02503],[80.1705,8.02496],[80.1702,8.02556],[80.16976,8.02613],[80.16946,8.026],[80.16912,8.02594],[80.1677,8.02523],[80.16732,8.02519],[80.1662,8.02523],[80.1661,8.02525],[80.16608,8.02539],[80.16621,8.02556],[80.16612,8.02562],[80.16577,8.0255],[80.16573,8.02543],[80.16485,8.02501],[80.16469,8.02522],[80.16465,8.02542],[80.1647,8.02563],[80.16464,8.02612],[80.16469,8.02616],[80.16483,8.02613],[80.16516,8.02592],[80.16553,8.02595],[80.16568,8.02613],[80.16579,8.02614],[80.16581,8.02628],[80.16591,8.02635],[80.16617,8.02639],[80.16631,8.02657],[80.16658,8.02664],[80.16693,8.02687],[80.16699,8.02695],[80.16697,8.02716],[80.16682,8.02728],[80.16658,8.02691],[80.16642,8.02674],[80.16633,8.02674],[80.16612,8.02664],[80.16601,8.02645],[80.16575,8.02641],[80.16556,8.02616],[80.16548,8.02612],[80.16534,8.02615],[80.16526,8.02614],[80.16521,8.02606],[80.16511,8.02607],[80.16502,8.02618],[80.16476,8.02628],[80.1647,8.02657],[80.16451,8.02693],[80.16442,8.02691],[80.16423,8.02787],[80.16413,8.02813]]]}},{"type":"Feature","properties":{"c":"scrub"},"geometry":{"type":"Polygon","coordinates":[[[80.17113,8.02687],[80.17164,8.02708],[80.17302,8.02676],[80.17349,8.02676],[80.17402,8.02656],[80.17376,8.02637],[80.17367,8.02585],[80.17324,8.0256],[80.17311,8.0254],[80.17263,8.02513],[80.17213,8.02498],[80.1718,8.02532],[80.17156,8.02571],[80.17113,8.02687]]]}},{"type":"Feature","properties":{"c":"meadow"},"geometry":{"type":"Polygon","coordinates":[[[80.16389,8.02919],[80.16492,8.02922],[80.16509,8.02933],[80.1652,8.02931],[80.16524,8.02835],[80.16457,8.02832],[80.16413,8.02813],[80.16394,8.02866],[80.16404,8.02871],[80.16389,8.02919]]]}},{"type":"Feature","properties":{"c":"farmland"},"geometry":{"type":"Polygon","coordinates":[[[80.16313,8.03236],[80.16315,8.03306],[80.1636,8.0332],[80.16357,8.03343],[80.16362,8.03359],[80.16384,8.03382],[80.16454,8.03426],[80.16427,8.03438],[80.16431,8.03476],[80.16423,8.03478],[80.16425,8.0353],[80.1644,8.03531],[80.1645,8.03572],[80.16457,8.03656],[80.16527,8.03668],[80.16589,8.03691],[80.16643,8.03721],[80.16697,8.03605],[80.16759,8.03594],[80.16769,8.03545],[80.16703,8.03505],[80.16705,8.03473],[80.16687,8.03453],[80.1665,8.03442],[80.16583,8.03375],[80.16556,8.0336],[80.16552,8.03331],[80.16527,8.03326],[80.16476,8.03222],[80.16435,8.0322],[80.16417,8.03211],[80.16386,8.03258],[80.16313,8.03236]]]}},{"type":"Feature","properties":{"c":"scrub"},"geometry":{"type":"Polygon","coordinates":[[[80.16344,8.03004],[80.16385,8.03035],[80.164,8.03017],[80.1649,8.03037],[80.16524,8.03037],[80.16532,8.0303],[80.16525,8.03012],[80.1652,8.02931],[80.16509,8.02933],[80.16492,8.02922],[80.16389,8.02919],[80.16404,8.02871],[80.16394,8.02866],[80.16365,8.02958],[80.16344,8.03004]]]}},{"type":"Feature","properties":{"c":"scrub"},"geometry":{"type":"Polygon","coordinates":[[[80.16789,8.02908],[80.16804,8.02902],[80.16815,8.02851],[80.1682,8.0281],[80.16803,8.02805],[80.16789,8.02908]]]}},{"type":"Feature","properties":{"c":"forest"},"geometry":{"type":"Polygon","coordinates":[[[80.16462,8.03094],[80.16502,8.03115],[80.1648,8.03149],[80.16493,8.03179],[80.16476,8.03222],[80.16527,8.03326],[80.16552,8.03331],[80.16556,8.0336],[80.16583,8.03375],[80.1665,8.03442],[80.16687,8.03453],[80.16705,8.03473],[80.16703,8.03505],[80.16769,8.03545],[80.16759,8.03594],[80.16799,8.03591],[80.16849,8.03544],[80.16876,8.0354],[80.16926,8.03544],[80.16927,8.03526],[80.16961,8.03418],[80.16989,8.03363],[80.17,8.03309],[80.16983,8.03255],[80.16958,8.03054],[80.1694,8.0303],[80.16947,8.03013],[80.16981,8.03011],[80.16988,8.02998],[80.16943,8.02992],[80.16911,8.02976],[80.16891,8.02956],[80.16867,8.02954],[80.16863,8.0294],[80.16817,8.02925],[80.16804,8.02902],[80.16789,8.02908],[80.16782,8.02936],[80.16716,8.02888],[80.16686,8.02877],[80.16669,8.02877],[80.16644,8.02918],[80.16579,8.02913],[80.16577,8.02891],[80.16562,8.02882],[80.16522,8.02872],[80.1652,8.02931],[80.16525,8.03012],[80.16532,8.0303],[80.16524,8.03037],[80.16511,8.0304],[80.1649,8.03037],[80.16462,8.03094]]]}},{"type":"Feature","properties":{"c":"forest"},"geometry":{"type":"Polygon","coordinates":[[[80.16238,8.03665],[80.16248,8.03701],[80.16247,8.03717],[80.16303,8.03737],[80.16319,8.03753],[80.16315,8.03787],[80.16307,8.03809],[80.16294,8.03819],[80.16259,8.03818],[80.16253,8.03821],[80.16259,8.03836],[80.16272,8.03849],[80.16299,8.03872],[80.16417,8.03846],[80.16459,8.03858],[80.16464,8.03824],[80.16384,8.03817],[80.16379,8.03789],[80.16391,8.03762],[80.16378,8.03687],[80.16347,8.03664],[80.16321,8.0368],[80.16259,8.03672],[80.16255,8.03662],[80.16238,8.03665]]]}},{"type":"Feature","properties":{"c":"forest"},"geometry":{"type":"Polygon","coordinates":[[[80.16423,8.03738],[80.16427,8.03763],[80.16437,8.03782],[80.16463,8.03785],[80.16467,8.03766],[80.16494,8.03731],[80.16477,8.03715],[80.16448,8.03713],[80.1643,8.03722],[80.16423,8.03738]]]}},{"type":"Feature","properties":{"c":"scrub"},"geometry":{"type":"Polygon","coordinates":[[[80.16347,8.03664],[80.16378,8.03687],[80.16391,8.03762],[80.16379,8.03789],[80.16384,8.03817],[80.16464,8.03824],[80.16463,8.03785],[80.16437,8.03782],[80.16427,8.03763],[80.16423,8.03738],[80.1643,8.03722],[80.16448,8.03713],[80.16466,8.03713],[80.16477,8.03715],[80.16494,8.03731],[80.16526,8.03711],[80.1652,8.03698],[80.16506,8.0369],[80.16443,8.03695],[80.16436,8.03699],[80.16432,8.0371],[80.16425,8.03712],[80.16419,8.03709],[80.16426,8.03669],[80.16384,8.03655],[80.16367,8.03655],[80.16347,8.03664]]]}},{"type":"Feature","properties":{"c":"farmland"},"geometry":{"type":"Polygon","coordinates":[[[80.16847,8.03862],[80.16944,8.03955],[80.1703,8.03979],[80.17031,8.03909],[80.17054,8.0391],[80.17055,8.03866],[80.17038,8.03847],[80.17012,8.03795],[80.16976,8.03738],[80.16926,8.03758],[80.16847,8.03862]]]}},{"type":"Feature","properties":{"c":"scrub"},"geometry":{"type":"Polygon","coordinates":[[[80.16832,8.03871],[80.16909,8.03942],[80.16947,8.03967],[80.1704,8.03993],[80.17053,8.0401],[80.17063,8.03978],[80.17066,8.03878],[80.17055,8.03866],[80.17054,8.0391],[80.17031,8.03909],[80.1703,8.03979],[80.16944,8.03955],[80.16847,8.03862],[80.16832,8.03871]]]}},{"type":"Feature","properties":{"c":"forest"},"geometry":{"type":"Polygon","coordinates":[[[80.24201,8.04812],[80.24227,8.04824],[80.24237,8.04819],[80.24249,8.04821],[80.24275,8.04838],[80.24306,8.04868],[80.24327,8.04904],[80.24347,8.04927],[80.2434,8.04953],[80.24321,8.04976],[80.24306,8.04981],[80.24291,8.04978],[80.24286,8.04986],[80.24283,8.05023],[80.24277,8.05037],[80.2428,8.05048],[80.2429,8.05057],[80.2429,8.05119],[80.24283,8.0513],[80.24271,8.05137],[80.24269,8.05164],[80.24269,8.05197],[80.2432,8.05197],[80.24329,8.05208],[80.24307,8.05227],[80.24301,8.05238],[80.24301,8.0525],[80.24355,8.05259],[80.24362,8.05269],[80.2436,8.05281],[80.24334,8.05322],[80.2433,8.05365],[80.24322,8.05391],[80.24325,8.054],[80.24334,8.05402],[80.24369,8.05378],[80.24421,8.0537],[80.24433,8.05373],[80.24444,8.05383],[80.24456,8.05408],[80.2446,8.0543],[80.24478,8.05444],[80.24483,8.05502],[80.24541,8.05491],[80.24567,8.05461],[80.2457,8.05438],[80.24557,8.05412],[80.24561,8.05379],[80.2457,8.05356],[80.246,8.05335],[80.24617,8.05344],[80.24621,8.05354],[80.24606,8.05399],[80.24611,8.05408],[80.24629,8.05418],[80.24672,8.05414],[80.24686,8.05408],[80.24688,8.05382],[80.24665,8.0538],[80.24644,8.05361],[80.24628,8.0532],[80.24619,8.05269],[80.24611,8.0527],[80.24608,8.05276],[80.24599,8.0528],[80.24587,8.05268],[80.24594,8.05257],[80.24586,8.05247],[80.2457,8.05241],[80.24567,8.05234],[80.24577,8.0522],[80.24573,8.05215],[80.24575,8.05207],[80.24582,8.052],[80.24589,8.05201],[80.24584,8.05134],[80.24571,8.05112],[80.24538,8.05081],[80.24533,8.05071],[80.24534,8.05048],[80.2455,8.05019],[80.24547,8.04991],[80.24536,8.04983],[80.2455,8.04971],[80.24553,8.04942],[80.24551,8.049],[80.24536,8.04894],[80.24536,8.0488],[80.24547,8.04877],[80.24552,8.04866],[80.24573,8.04846],[80.24583,8.04843],[80.24582,8.04821],[80.24545,8.04804],[80.24524,8.0482],[80.24521,8.04836],[80.24502,8.04807],[80.24529,8.04772],[80.24526,8.04764],[80.2451,8.04763],[80.24501,8.04749],[80.24492,8.0475],[80.24468,8.04784],[80.2447,8.04811],[80.24451,8.04859],[80.24455,8.0487],[80.24463,8.04876],[80.24489,8.04876],[80.24487,8.04912],[80.24493,8.04921],[80.2449,8.04924],[80.24449,8.04897],[80.24447,8.04859],[80.24436,8.0485],[80.24392,8.04825],[80.24326,8.04814],[80.24303,8.04803],[80.24291,8.04791],[80.24282,8.04762],[80.24281,8.04737],[80.24253,8.04731],[80.24217,8.04759],[80.24207,8.04771],[80.24208,8.04799],[80.24201,8.04812]]]}},{"type":"Feature","properties":{"c":"farmland"},"geometry":{"type":"Polygon","coordinates":[[[80.24678,8.05463],[80.24684,8.0548],[80.24706,8.05482],[80.24708,8.05495],[80.24725,8.05501],[80.24724,8.05515],[80.24756,8.05521],[80.2477,8.05474],[80.24761,8.05399],[80.24699,8.05416],[80.24704,8.05436],[80.24696,8.05453],[80.24678,8.05463]]]}},{"type":"Feature","properties":{"c":"scrub"},"geometry":{"type":"Polygon","coordinates":[[[80.24601,8.05559],[80.24604,8.05567],[80.24642,8.05553],[80.24654,8.05569],[80.2466,8.05564],[80.24703,8.05573],[80.24696,8.05614],[80.24719,8.05632],[80.2473,8.0563],[80.2475,8.05574],[80.2478,8.05559],[80.24792,8.05525],[80.24804,8.05515],[80.24824,8.05512],[80.24882,8.05527],[80.24902,8.05501],[80.24897,8.05483],[80.24867,8.05446],[80.24849,8.05433],[80.24818,8.05432],[80.24793,8.05417],[80.24786,8.05422],[80.24794,8.0543],[80.24797,8.05442],[80.24786,8.05467],[80.2478,8.0547],[80.24776,8.0544],[80.24781,8.05423],[80.24766,8.05423],[80.2477,8.05474],[80.24756,8.05521],[80.24724,8.05515],[80.24725,8.05501],[80.24708,8.05495],[80.24706,8.05482],[80.24684,8.0548],[80.24678,8.05463],[80.24696,8.05453],[80.24704,8.05436],[80.24699,8.05416],[80.24686,8.05408],[80.24672,8.05414],[80.24679,8.05431],[80.24687,8.05432],[80.24696,8.05442],[80.24681,8.05454],[80.2467,8.05443],[80.24657,8.05459],[80.24664,8.05494],[80.24641,8.05505],[80.24646,8.05517],[80.24607,8.05539],[80.24601,8.05559]]]}},{"type":"Feature","properties":{"c":"scrub"},"geometry":{"type":"Polygon","coordinates":[[[80.24882,8.05527],[80.24884,8.0554],[80.24898,8.05547],[80.24912,8.05546],[80.24947,8.0556],[80.24996,8.05562],[80.25013,8.05571],[80.25028,8.05517],[80.24918,8.05514],[80.24902,8.05501],[80.24882,8.05527]]]}},{"type":"Feature","properties":{"c":"scrub"},"geometry":{"type":"Polygon","coordinates":[[[80.24756,8.05351],[80.2478,8.05374],[80.24781,8.0539],[80.24761,8.05399],[80.24766,8.05423],[80.24786,8.05422],[80.24793,8.05417],[80.24788,8.05403],[80.24792,8.05391],[80.24811,8.05387],[80.24831,8.05396],[80.24839,8.0543],[80.24854,8.05436],[80.24858,8.05419],[80.24857,8.05374],[80.24836,8.0537],[80.24828,8.05364],[80.24826,8.05354],[80.24786,8.05344],[80.24772,8.05322],[80.2476,8.05326],[80.24756,8.05351]]]}},{"type":"Feature","properties":{"c":"meadow"},"geometry":{"type":"Polygon","coordinates":[[[80.24582,8.05153],[80.24586,8.05188],[80.24609,8.05195],[80.24643,8.05229],[80.24648,8.05243],[80.24646,8.05256],[80.24636,8.05261],[80.24644,8.05316],[80.2467,8.05314],[80.24688,8.05382],[80.24686,8.05408],[80.24699,8.05416],[80.24761,8.05399],[80.24781,8.0539],[80.2478,8.05374],[80.24756,8.05351],[80.2476,8.05326],[80.24772,8.05322],[80.24786,8.05344],[80.24826,8.05354],[80.24828,8.05364],[80.24836,8.0537],[80.24857,8.05374],[80.24858,8.05419],[80.24854,8.05436],[80.24882,8.05462],[80.24907,8.05507],[80.24918,8.05514],[80.24943,8.05517],[80.25021,8.05516],[80.2505,8.05522],[80.2507,8.05517],[80.25077,8.05563],[80.25099,8.05566],[80.2511,8.05562],[80.25127,8.05566],[80.2514,8.05503],[80.2504,8.05451],[80.2503,8.05456],[80.25013,8.05453],[80.25005,8.05457],[80.24986,8.05431],[80.25002,8.05421],[80.25008,8.05404],[80.25003,8.05394],[80.24977,8.05415],[80.24966,8.05404],[80.24992,8.05382],[80.24978,8.05363],[80.24969,8.05367],[80.24962,8.05361],[80.2498,8.05335],[80.25009,8.05332],[80.25007,8.05301],[80.24988,8.05302],[80.2499,8.05285],[80.24978,8.05254],[80.2497,8.05174],[80.24942,8.05161],[80.24922,8.05171],[80.24877,8.05163],[80.24858,8.05154],[80.24859,8.05181],[80.2482,8.05192],[80.24824,8.05228],[80.24776,8.05241],[80.24749,8.0524],[80.24707,8.05141],[80.2467,8.05123],[80.24612,8.05139],[80.246,8.0515],[80.24582,8.05153]]]}},{"type":"Feature","properties":{"c":"farmland"},"geometry":{"type":"Polygon","coordinates":[[[80.24337,8.05473],[80.24337,8.05489],[80.24351,8.05493],[80.24351,8.05505],[80.24339,8.05509],[80.24339,8.05519],[80.24431,8.0554],[80.24465,8.05528],[80.2446,8.05448],[80.24425,8.05436],[80.24349,8.05428],[80.24344,8.0546],[80.24337,8.05473]]]}},{"type":"Feature","properties":{"c":"farmland"},"geometry":{"type":"Polygon","coordinates":[[[80.24454,8.05539],[80.24457,8.05612],[80.245,8.0561],[80.245,8.05554],[80.24532,8.0555],[80.24532,8.05554],[80.24562,8.05553],[80.24568,8.05521],[80.24563,8.05502],[80.24526,8.05517],[80.24491,8.05521],[80.24487,8.05529],[80.24454,8.05539]]]}},{"type":"Feature","properties":{"c":"scrub"},"geometry":{"type":"Polygon","coordinates":[[[80.24334,8.05402],[80.24349,8.05428],[80.24425,8.05436],[80.2446,8.05448],[80.24465,8.05528],[80.24444,8.05538],[80.24487,8.05529],[80.24491,8.05521],[80.24526,8.05517],[80.24563,8.05502],[80.24568,8.05521],[80.24562,8.05553],[80.24532,8.05554],[80.24532,8.0555],[80.245,8.05554],[80.245,8.0561],[80.24529,8.05674],[80.24543,8.05661],[80.24562,8.05659],[80.24577,8.05677],[80.2462,8.05675],[80.24638,8.05663],[80.24621,8.05661],[80.24614,8.05648],[80.24607,8.05605],[80.24588,8.05599],[80.24572,8.05583],[80.24581,8.05516],[80.2457,8.05489],[80.24571,8.05451],[80.24541,8.05491],[80.24483,8.05502],[80.24478,8.05444],[80.2446,8.0543],[80.24456,8.05408],[80.24444,8.05383],[80.24433,8.05373],[80.24421,8.0537],[80.24369,8.05378],[80.24334,8.05402]]]}},{"type":"Feature","properties":{"c":"meadow"},"geometry":{"type":"Polygon","coordinates":[[[80.24557,8.05412],[80.2457,8.05438],[80.2457,8.05489],[80.24581,8.05516],[80.24572,8.05583],[80.24588,8.05599],[80.24607,8.05605],[80.24614,8.05648],[80.24621,8.05661],[80.24638,8.05663],[80.24652,8.05654],[80.24671,8.05653],[80.24683,8.05645],[80.247,8.05646],[80.24719,8.05632],[80.24696,8.05614],[80.24703,8.05573],[80.2466,8.05564],[80.24654,8.05569],[80.24642,8.05553],[80.24604,8.05567],[80.24601,8.05559],[80.24607,8.05539],[80.24646,8.05517],[80.24641,8.05505],[80.24664,8.05494],[80.24657,8.05459],[80.24679,8.05431],[80.24672,8.05414],[80.24629,8.05418],[80.24611,8.05408],[80.24606,8.05399],[80.24621,8.05354],[80.24617,8.05344],[80.246,8.05335],[80.2457,8.05356],[80.24561,8.05379],[80.24557,8.05412]]]}},{"type":"Feature","properties":{"c":"farmland"},"geometry":{"type":"Polygon","coordinates":[[[80.24382,8.05616],[80.24396,8.05646],[80.2444,8.05646],[80.24437,8.05609],[80.24385,8.05612],[80.24382,8.05616]]]}},{"type":"Feature","properties":{"c":"farmland"},"geometry":{"type":"Polygon","coordinates":[[[80.24369,8.05569],[80.24386,8.05608],[80.24418,8.05603],[80.24415,8.05564],[80.24404,8.05552],[80.2437,8.05557],[80.24369,8.05569]]]}},{"type":"Feature","properties":{"c":"scrub"},"geometry":{"type":"Polygon","coordinates":[[[80.24268,8.05498],[80.24303,8.05509],[80.24305,8.05553],[80.24315,8.05553],[80.24329,8.05519],[80.24392,8.05535],[80.24391,8.05541],[80.24372,8.05541],[80.2437,8.05557],[80.24404,8.05552],[80.24415,8.05564],[80.24418,8.05603],[80.24386,8.05608],[80.24369,8.05569],[80.24351,8.05578],[80.24337,8.05594],[80.24362,8.05607],[80.24376,8.05622],[80.24379,8.05637],[80.24396,8.05646],[80.24382,8.05616],[80.24385,8.05612],[80.24437,8.05609],[80.2444,8.05646],[80.24461,8.05644],[80.24454,8.05539],[80.24431,8.0554],[80.24339,8.05519],[80.24339,8.05509],[80.24351,8.05505],[80.24351,8.05493],[80.24337,8.05489],[80.24337,8.05473],[80.24344,8.0546],[80.24349,8.05428],[80.24334,8.05402],[80.24325,8.054],[80.24318,8.05431],[80.24331,8.05434],[80.24329,8.05473],[80.24324,8.05485],[80.24287,8.0548],[80.24276,8.05469],[80.24268,8.05498]]]}},{"type":"Feature","properties":{"c":"scrub"},"geometry":{"type":"Polygon","coordinates":[[[80.24396,8.05646],[80.24402,8.05681],[80.24417,8.05691],[80.24417,8.05711],[80.24429,8.05707],[80.24428,8.05743],[80.24447,8.05765],[80.24469,8.05763],[80.24464,8.0575],[80.24454,8.0575],[80.24452,8.05736],[80.24468,8.05724],[80.24516,8.05727],[80.24536,8.05702],[80.24535,8.05686],[80.245,8.0561],[80.24457,8.05612],[80.24461,8.05644],[80.24396,8.05646]]]}},{"type":"Feature","properties":{"c":"forest"},"geometry":{"type":"Polygon","coordinates":[[[80.24301,8.05951],[80.24327,8.06016],[80.24421,8.06009],[80.24711,8.06012],[80.24705,8.05867],[80.2443,8.05862],[80.24421,8.05865],[80.2439,8.05829],[80.24381,8.05809],[80.24375,8.05747],[80.24382,8.05736],[80.24411,8.05733],[80.24429,8.05766],[80.24447,8.05765],[80.24428,8.05743],[80.24429,8.05707],[80.24417,8.05711],[80.24417,8.05691],[80.24402,8.05681],[80.24369,8.057],[80.24352,8.05702],[80.24342,8.05678],[80.24321,8.05677],[80.24322,8.05709],[80.24328,8.05707],[80.2434,8.05718],[80.24345,8.05748],[80.24334,8.05823],[80.24332,8.05892],[80.2432,8.05937],[80.24312,8.05949],[80.24301,8.05951]]]}},{"type":"Feature","properties":{"c":"forest"},"geometry":{"type":"Polygon","coordinates":[[[80.24429,8.05766],[80.2444,8.05783],[80.24447,8.05828],[80.24431,8.0584],[80.2443,8.05862],[80.24705,8.05867],[80.24711,8.06012],[80.24818,8.06008],[80.24812,8.05947],[80.24832,8.05931],[80.24841,8.05932],[80.24815,8.05884],[80.24799,8.05884],[80.24791,8.05873],[80.24789,8.05859],[80.24802,8.05844],[80.24803,8.05809],[80.24846,8.05796],[80.24862,8.05798],[80.24874,8.05804],[80.24875,8.05818],[80.24944,8.05817],[80.24957,8.05799],[80.24991,8.05802],[80.24957,8.05858],[80.24952,8.05909],[80.25041,8.05896],[80.2509,8.05847],[80.251,8.05826],[80.25083,8.05796],[80.25126,8.05699],[80.25146,8.05688],[80.25159,8.05695],[80.25164,8.05707],[80.25194,8.05697],[80.25187,8.05681],[80.25191,8.05653],[80.25162,8.05642],[80.25147,8.05665],[80.25112,8.0565],[80.25105,8.05642],[80.25117,8.05601],[80.25083,8.05592],[80.25062,8.05626],[80.25042,8.0563],[80.25035,8.05636],[80.25022,8.05631],[80.25036,8.05598],[80.25051,8.05587],[80.2508,8.05576],[80.2509,8.05565],[80.25077,8.05563],[80.2507,8.05517],[80.2505,8.05522],[80.25028,8.05517],[80.25013,8.05571],[80.25013,8.05585],[80.25001,8.05583],[80.24995,8.056],[80.24987,8.05607],[80.24943,8.05605],[80.24917,8.05599],[80.24907,8.05609],[80.24895,8.05604],[80.24856,8.0564],[80.24865,8.05661],[80.24841,8.05669],[80.2482,8.05653],[80.24786,8.05584],[80.2478,8.05559],[80.2475,8.05574],[80.2473,8.0563],[80.2474,8.05641],[80.24782,8.05659],[80.24811,8.0568],[80.24814,8.05691],[80.24811,8.05704],[80.24799,8.05714],[80.24783,8.05718],[80.24773,8.05754],[80.24764,8.0576],[80.24756,8.05778],[80.24744,8.05775],[80.2471,8.05742],[80.24703,8.05726],[80.24713,8.05714],[80.24756,8.05726],[80.24771,8.0571],[80.24768,8.05698],[80.24746,8.05674],[80.24719,8.05632],[80.247,8.05646],[80.24683,8.05645],[80.24671,8.05653],[80.24652,8.05654],[80.2462,8.05675],[80.24577,8.05677],[80.24562,8.05659],[80.24543,8.05661],[80.24529,8.05674],[80.24536,8.05702],[80.24516,8.05727],[80.24468,8.05724],[80.24452,8.05736],[80.24454,8.0575],[80.24464,8.0575],[80.24469,8.05763],[80.24429,8.05766]]]}},{"type":"Feature","properties":{"c":"scrub"},"geometry":{"type":"Polygon","coordinates":[[[80.24703,8.05726],[80.2471,8.05742],[80.24744,8.05775],[80.24756,8.05778],[80.24764,8.0576],[80.24773,8.05754],[80.24783,8.05718],[80.24799,8.05714],[80.24811,8.05704],[80.24811,8.0568],[80.24782,8.05659],[80.2474,8.05641],[80.2473,8.0563],[80.24719,8.05632],[80.24746,8.05674],[80.24768,8.05698],[80.24771,8.0571],[80.24756,8.05726],[80.24722,8.05714],[80.24713,8.05714],[80.24703,8.05726]]]}},{"type":"Feature","properties":{"c":"meadow"},"geometry":{"type":"Polygon","coordinates":[[[80.2478,8.05559],[80.24786,8.05584],[80.2482,8.05653],[80.24841,8.05669],[80.24865,8.05661],[80.24856,8.0564],[80.24895,8.05604],[80.24907,8.05609],[80.24917,8.05599],[80.24943,8.05605],[80.24987,8.05607],[80.24995,8.056],[80.25001,8.05583],[80.25013,8.05585],[80.25013,8.05571],[80.24996,8.05562],[80.24947,8.0556],[80.24912,8.05546],[80.24898,8.05547],[80.24884,8.0554],[80.24882,8.05527],[80.24824,8.05512],[80.24804,8.05515],[80.24792,8.05525],[80.2478,8.05559]]]}},{"type":"Feature","properties":{"c":"scrub"},"geometry":{"type":"Polygon","coordinates":[[[80.25022,8.05631],[80.25035,8.05636],[80.25042,8.0563],[80.25062,8.05626],[80.25083,8.05592],[80.25117,8.05601],[80.25105,8.05642],[80.25112,8.0565],[80.25147,8.05665],[80.25162,8.05642],[80.25191,8.05653],[80.25203,8.05648],[80.25202,8.05623],[80.25224,8.0562],[80.25214,8.05568],[80.25236,8.05568],[80.2525,8.05541],[80.2525,8.05531],[80.25243,8.05524],[80.25232,8.05533],[80.25217,8.05534],[80.2521,8.05521],[80.25197,8.05531],[80.25199,8.05553],[80.25161,8.0557],[80.2511,8.05562],[80.2509,8.05565],[80.2508,8.05576],[80.25051,8.05587],[80.25036,8.05598],[80.25022,8.05631]]]}},{"type":"Feature","properties":{"c":"forest"},"geometry":{"type":"Polygon","coordinates":[[[80.24711,8.06012],[80.2475,8.06251],[80.2483,8.06238],[80.24816,8.06164],[80.24899,8.06153],[80.24903,8.06179],[80.24927,8.06175],[80.24935,8.06222],[80.25019,8.06209],[80.25013,8.0618],[80.25086,8.06171],[80.25073,8.06092],[80.2516,8.06063],[80.25184,8.06176],[80.25289,8.06165],[80.25285,8.06132],[80.25341,8.06122],[80.25352,8.06145],[80.2534,8.06177],[80.25391,8.06199],[80.25402,8.06176],[80.25446,8.06193],[80.25495,8.06204],[80.25508,8.0615],[80.25539,8.06151],[80.25542,8.06135],[80.25518,8.06131],[80.25518,8.06099],[80.25497,8.06091],[80.25498,8.06078],[80.25465,8.06064],[80.25465,8.06047],[80.2541,8.06036],[80.25399,8.05991],[80.25412,8.05983],[80.25409,8.05968],[80.25373,8.05972],[80.25364,8.0592],[80.25393,8.0591],[80.25412,8.05931],[80.25434,8.05912],[80.25408,8.05869],[80.25429,8.05861],[80.25456,8.05828],[80.25453,8.05811],[80.25455,8.05781],[80.25464,8.0575],[80.25443,8.05739],[80.25427,8.05756],[80.25413,8.05801],[80.25427,8.05815],[80.25426,8.05826],[80.25418,8.05827],[80.25377,8.058],[80.25366,8.05811],[80.25367,8.0583],[80.25355,8.05836],[80.25321,8.05833],[80.25306,8.05839],[80.25311,8.05852],[80.25264,8.05854],[80.25266,8.05831],[80.25261,8.05822],[80.25269,8.05783],[80.2526,8.05777],[80.25269,8.05748],[80.25274,8.05747],[80.25272,8.05734],[80.25248,8.0573],[80.25216,8.05737],[80.25194,8.05697],[80.25164,8.05707],[80.25163,8.05724],[80.25133,8.05774],[80.2513,8.05795],[80.25141,8.05819],[80.25127,8.05849],[80.25104,8.05867],[80.25069,8.05917],[80.25041,8.0594],[80.25017,8.05952],[80.24963,8.05964],[80.24949,8.05963],[80.2494,8.05951],[80.24936,8.05934],[80.24942,8.05919],[80.24952,8.05909],[80.24957,8.05858],[80.24942,8.05855],[80.24944,8.05817],[80.24875,8.05818],[80.24858,8.05827],[80.24841,8.05847],[80.24833,8.05866],[80.24815,8.05884],[80.24841,8.05932],[80.24836,8.05959],[80.24828,8.05968],[80.24817,8.05966],[80.24818,8.06008],[80.24711,8.06012]]]}},{"type":"Feature","properties":{"c":"quarry"},"geometry":{"type":"Polygon","coordinates":[[[80.25261,8.05822],[80.25266,8.05831],[80.25264,8.05854],[80.25278,8.05856],[80.25311,8.05852],[80.25306,8.05839],[80.25321,8.05833],[80.25337,8.05834],[80.25345,8.05824],[80.25358,8.05826],[80.2536,8.05832],[80.25367,8.0583],[80.25366,8.05811],[80.25352,8.05797],[80.25336,8.05813],[80.25324,8.05808],[80.25314,8.05793],[80.25305,8.05803],[80.25305,8.05816],[80.25301,8.05815],[80.25297,8.05792],[80.25289,8.05788],[80.25295,8.05758],[80.25274,8.05747],[80.25279,8.05756],[80.25277,8.05766],[80.25269,8.05783],[80.25261,8.05822]]]}},{"type":"Feature","properties":{"c":"meadow"},"geometry":{"type":"Polygon","coordinates":[[[80.25364,8.0592],[80.25373,8.05972],[80.25409,8.05968],[80.25412,8.05983],[80.25399,8.05991],[80.25405,8.06015],[80.25449,8.05991],[80.25446,8.05965],[80.25393,8.0591],[80.25364,8.0592]]]}},{"type":"Feature","properties":{"c":"meadow"},"geometry":{"type":"Polygon","coordinates":[[[80.24035,8.04698],[80.24056,8.04787],[80.24095,8.04874],[80.24098,8.04917],[80.24136,8.04916],[80.24157,8.04933],[80.24202,8.04938],[80.24235,8.04959],[80.24336,8.04914],[80.24306,8.04868],[80.24275,8.04838],[80.24249,8.04821],[80.24237,8.04819],[80.24227,8.04824],[80.24186,8.04808],[80.24173,8.04797],[80.24133,8.04741],[80.24121,8.0474],[80.24103,8.04701],[80.24078,8.04705],[80.24069,8.04689],[80.24035,8.04698]]]}},{"type":"Feature","properties":{"c":"forest"},"geometry":{"type":"Polygon","coordinates":[[[80.23924,8.04897],[80.23948,8.04932],[80.2397,8.04939],[80.23974,8.04954],[80.24008,8.04972],[80.24012,8.04996],[80.24028,8.04994],[80.24026,8.04929],[80.24019,8.04919],[80.23994,8.04908],[80.23975,8.04879],[80.23946,8.04879],[80.23928,8.04887],[80.23924,8.04897]]]}},{"type":"Feature","properties":{"c":"forest"},"geometry":{"type":"Polygon","coordinates":[[[80.24293,8.0562],[80.24305,8.05645],[80.24313,8.0565],[80.24319,8.05636],[80.24332,8.05637],[80.24356,8.05667],[80.24374,8.05677],[80.2439,8.05675],[80.24391,8.05687],[80.24402,8.05681],[80.24396,8.05646],[80.24379,8.05637],[80.24365,8.05645],[80.24354,8.05639],[80.24337,8.05626],[80.24325,8.05604],[80.24309,8.05616],[80.24293,8.0562]]]}},{"type":"Feature","properties":{"c":"farmland"},"geometry":{"type":"Polygon","coordinates":[[[80.24224,8.05613],[80.24238,8.05648],[80.24286,8.05655],[80.24305,8.05645],[80.24293,8.0562],[80.24264,8.05626],[80.24255,8.05599],[80.24224,8.05613]]]}},{"type":"Feature","properties":{"c":"farmland"},"geometry":{"type":"Polygon","coordinates":[[[80.24159,8.05569],[80.24188,8.05583],[80.24205,8.05583],[80.2421,8.05587],[80.24221,8.05583],[80.24232,8.05601],[80.2425,8.0559],[80.24236,8.05556],[80.24245,8.0555],[80.24275,8.05551],[80.2429,8.05538],[80.24295,8.05529],[80.24294,8.05503],[80.24243,8.05495],[80.2424,8.05511],[80.24207,8.05509],[80.24193,8.05504],[80.24195,8.05485],[80.2418,8.05483],[80.24159,8.05569]]]}},{"type":"Feature","properties":{"c":"farmland"},"geometry":{"type":"Polygon","coordinates":[[[80.2414,8.05412],[80.24187,8.05413],[80.24179,8.05444],[80.24194,8.05446],[80.24196,8.05439],[80.24213,8.0544],[80.24211,8.05451],[80.24232,8.05454],[80.2423,8.05464],[80.24247,8.05467],[80.24252,8.05449],[80.24278,8.05457],[80.24276,8.05469],[80.24287,8.0548],[80.24324,8.05485],[80.24329,8.05473],[80.24331,8.05434],[80.24291,8.05422],[80.24276,8.05411],[80.24262,8.05407],[80.24264,8.05391],[80.24257,8.05388],[80.24262,8.05356],[80.24252,8.05354],[80.24245,8.0537],[80.24227,8.05364],[80.24228,8.05359],[80.24155,8.05347],[80.2414,8.05412]]]}},{"type":"Feature","properties":{"c":"farmland"},"geometry":{"type":"Polygon","coordinates":[[[80.23914,8.05343],[80.24011,8.05384],[80.24032,8.05356],[80.23969,8.05291],[80.23933,8.05314],[80.23914,8.05343]]]}},{"type":"Feature","properties":{"c":"farmland"},"geometry":{"type":"Polygon","coordinates":[[[80.24089,8.0541],[80.2414,8.05412],[80.24149,8.05373],[80.24112,8.05367],[80.24105,8.05398],[80.24091,8.05397],[80.24089,8.0541]]]}},{"type":"Feature","properties":{"c":"forest"},"geometry":{"type":"Polygon","coordinates":[[[80.24195,8.05278],[80.24195,8.05296],[80.24206,8.05298],[80.2421,8.05312],[80.24225,8.05316],[80.24243,8.05328],[80.24258,8.0533],[80.24267,8.05313],[80.24262,8.05296],[80.24276,8.05286],[80.2428,8.05256],[80.24275,8.05247],[80.24222,8.05236],[80.24209,8.05245],[80.24195,8.05278]]]}},{"type":"Feature","properties":{"c":"scrub"},"geometry":{"type":"Polygon","coordinates":[[[80.24114,8.05257],[80.24121,8.0528],[80.24132,8.05291],[80.24154,8.05302],[80.24189,8.05308],[80.24195,8.05296],[80.24199,8.05264],[80.24209,8.05245],[80.24222,8.05236],[80.24275,8.05247],[80.2428,8.05256],[80.24279,8.05269],[80.24276,8.05286],[80.24262,8.05296],[80.24267,8.05313],[80.24265,8.05321],[80.24258,8.0533],[80.24251,8.0533],[80.2421,8.05312],[80.2421,8.05329],[80.2423,8.05342],[80.24229,8.05348],[80.24262,8.05356],[80.24257,8.05388],[80.24264,8.05391],[80.24262,8.05407],[80.24318,8.05431],[80.24334,8.05322],[80.2436,8.05281],[80.24362,8.05269],[80.24355,8.05259],[80.24301,8.0525],[80.24301,8.05238],[80.24307,8.05227],[80.24329,8.05208],[80.2432,8.05197],[80.24269,8.05197],[80.24271,8.05137],[80.24238,8.05141],[80.24215,8.05128],[80.24192,8.05134],[80.24183,8.052],[80.2414,8.05228],[80.24114,8.05257]]]}},{"type":"Feature","properties":{"c":"scrub"},"geometry":{"type":"Polygon","coordinates":[[[80.24012,8.04996],[80.24012,8.05037],[80.24018,8.05057],[80.24049,8.05052],[80.24061,8.05046],[80.24085,8.0502],[80.24143,8.05016],[80.24155,8.04999],[80.2419,8.04995],[80.2421,8.05007],[80.24219,8.05007],[80.24241,8.04987],[80.2425,8.04988],[80.24266,8.04946],[80.24235,8.04959],[80.24202,8.04938],[80.24157,8.04933],[80.24136,8.04916],[80.24053,8.04914],[80.24019,8.04919],[80.24026,8.04929],[80.24028,8.04994],[80.24012,8.04996]]]}},{"type":"Feature","properties":{"c":"meadow"},"geometry":{"type":"Polygon","coordinates":[[[80.23875,8.04884],[80.23883,8.04894],[80.23924,8.04897],[80.23928,8.04887],[80.23946,8.04879],[80.23975,8.04879],[80.23994,8.04908],[80.24006,8.04916],[80.24098,8.04917],[80.24095,8.04874],[80.24056,8.04787],[80.24049,8.04749],[80.23955,8.04767],[80.23902,8.04793],[80.23885,8.04794],[80.23882,8.04832],[80.23928,8.04828],[80.23935,8.04865],[80.23898,8.0487],[80.23875,8.04884]]]}},{"type":"Feature","properties":{"c":"scrub"},"geometry":{"type":"Polygon","coordinates":[[[80.23031,8.03959],[80.23037,8.03975],[80.23088,8.04007],[80.23102,8.04026],[80.23079,8.04045],[80.23094,8.04076],[80.2309,8.04089],[80.23065,8.0411],[80.2314,8.04188],[80.23127,8.04204],[80.23141,8.04218],[80.23122,8.04239],[80.23123,8.04276],[80.23139,8.04276],[80.23139,8.04264],[80.2317,8.04266],[80.23166,8.04279],[80.23216,8.04286],[80.23221,8.04235],[80.23228,8.04234],[80.23229,8.04222],[80.23256,8.04229],[80.23259,8.04216],[80.23273,8.04219],[80.23272,8.04229],[80.23308,8.04236],[80.23314,8.04213],[80.23334,8.04219],[80.23328,8.04241],[80.23345,8.04251],[80.23357,8.04223],[80.23412,8.04209],[80.2343,8.04247],[80.23457,8.04246],[80.23428,8.04165],[80.23411,8.04171],[80.23389,8.04123],[80.23378,8.04118],[80.23329,8.04127],[80.23322,8.04137],[80.23325,8.04147],[80.23338,8.04145],[80.23341,8.04157],[80.23315,8.04164],[80.23302,8.04139],[80.23291,8.0414],[80.23279,8.04129],[80.23264,8.0413],[80.23256,8.04122],[80.2325,8.04109],[80.23254,8.04097],[80.23245,8.04096],[80.23222,8.04134],[80.23184,8.04108],[80.23151,8.04068],[80.23125,8.04023],[80.23117,8.04026],[80.23108,8.04008],[80.23085,8.03985],[80.23031,8.03959]]]}},{"type":"Feature","properties":{"c":"farmland"},"geometry":{"type":"Polygon","coordinates":[[[80.2415,8.05588],[80.2416,8.05594],[80.24153,8.0562],[80.24163,8.05638],[80.24171,8.05635],[80.24177,8.05644],[80.24198,8.0563],[80.24193,8.05623],[80.24212,8.05612],[80.24203,8.05597],[80.2419,8.05595],[80.24188,8.05583],[80.24159,8.05569],[80.2415,8.05588]]]}},{"type":"Feature","properties":{"c":"scrub"},"geometry":{"type":"Polygon","coordinates":[[[80.24158,8.05466],[80.24165,8.05478],[80.24195,8.05485],[80.24193,8.05504],[80.2424,8.05511],[80.24243,8.05495],[80.24268,8.05498],[80.24278,8.05457],[80.24252,8.05449],[80.24247,8.05467],[80.2423,8.05464],[80.24232,8.05454],[80.24211,8.05451],[80.24213,8.0544],[80.24196,8.05439],[80.24194,8.05446],[80.24179,8.05444],[80.24187,8.05413],[80.24165,8.05412],[80.24167,8.05442],[80.24158,8.05466]]]}},{"type":"Feature","properties":{"c":"scrub"},"geometry":{"type":"Polygon","coordinates":[[[80.24152,8.05659],[80.24184,8.05723],[80.24152,8.05773],[80.24257,8.05921],[80.24276,8.05919],[80.24264,8.0589],[80.24261,8.05791],[80.24279,8.05719],[80.24322,8.05709],[80.24321,8.05677],[80.24313,8.0565],[80.24305,8.05645],[80.24286,8.05655],[80.24238,8.05648],[80.24224,8.05613],[80.24152,8.05659]]]}},{"type":"Feature","properties":{"c":"scrub"},"geometry":{"type":"Polygon","coordinates":[[[80.24313,8.0565],[80.24321,8.05677],[80.24342,8.05678],[80.24352,8.05702],[80.24369,8.057],[80.24391,8.05687],[80.2439,8.05675],[80.24374,8.05677],[80.24356,8.05667],[80.24332,8.05637],[80.24319,8.05636],[80.24313,8.0565]]]}},{"type":"Feature","properties":{"c":"scrub"},"geometry":{"type":"Polygon","coordinates":[[[80.24188,8.05583],[80.2419,8.05595],[80.24203,8.05597],[80.24212,8.05612],[80.24193,8.05623],[80.24198,8.0563],[80.24255,8.05599],[80.24264,8.05626],[80.24309,8.05616],[80.24325,8.05604],[80.24321,8.0559],[80.24301,8.05585],[80.24297,8.05575],[80.24319,8.0557],[80.24315,8.05553],[80.24305,8.05553],[80.24303,8.05509],[80.24294,8.05503],[80.24295,8.05529],[80.2429,8.05538],[80.24275,8.05551],[80.24245,8.0555],[80.24236,8.05556],[80.2425,8.0559],[80.24232,8.05601],[80.24221,8.05583],[80.2421,8.05587],[80.24205,8.05583],[80.24188,8.05583]]]}},{"type":"Feature","properties":{"c":"scrub"},"geometry":{"type":"Polygon","coordinates":[[[80.24268,8.06041],[80.24285,8.06067],[80.24309,8.06087],[80.24323,8.06089],[80.2436,8.06083],[80.24404,8.06067],[80.2442,8.06073],[80.24421,8.06009],[80.24327,8.06016],[80.24268,8.06041]]]}},{"type":"Feature","properties":{"c":"farmland"},"geometry":{"type":"Polygon","coordinates":[[[80.2389,8.05513],[80.23997,8.0565],[80.24066,8.05611],[80.24054,8.05574],[80.24082,8.05563],[80.24061,8.05516],[80.24043,8.05446],[80.24033,8.05451],[80.24035,8.05457],[80.24007,8.05468],[80.23956,8.05397],[80.2392,8.0544],[80.23929,8.05462],[80.23942,8.0546],[80.23946,8.0548],[80.2389,8.05513]]]}},{"type":"Feature","properties":{"c":"farmland"},"geometry":{"type":"Polygon","coordinates":[[[80.23731,8.05363],[80.23796,8.05416],[80.23871,8.05489],[80.2389,8.05513],[80.23933,8.05487],[80.23929,8.05462],[80.2392,8.0544],[80.23867,8.05418],[80.23894,8.05385],[80.23914,8.05343],[80.23896,8.05335],[80.23904,8.05324],[80.23915,8.05329],[80.23925,8.05313],[80.23937,8.05304],[80.23923,8.0529],[80.23831,8.05272],[80.2382,8.053],[80.23857,8.05327],[80.23849,8.05341],[80.23839,8.05336],[80.23823,8.05346],[80.23805,8.05334],[80.23793,8.05344],[80.23766,8.05323],[80.23731,8.05363]]]}},{"type":"Feature","properties":{"c":"meadow"},"geometry":{"type":"Polygon","coordinates":[[[80.23867,8.05418],[80.2392,8.0544],[80.23956,8.05397],[80.23972,8.05367],[80.23914,8.05343],[80.23894,8.05385],[80.23867,8.05418]]]}},{"type":"Feature","properties":{"c":"scrub"},"geometry":{"type":"Polygon","coordinates":[[[80.23956,8.05397],[80.24007,8.05468],[80.24035,8.05457],[80.24033,8.05451],[80.24043,8.05446],[80.24061,8.05516],[80.24082,8.05563],[80.24054,8.05574],[80.24066,8.05611],[80.2408,8.05603],[80.2412,8.05677],[80.24177,8.05644],[80.24171,8.05635],[80.24163,8.05638],[80.24153,8.0562],[80.2416,8.05594],[80.2415,8.05588],[80.24157,8.05573],[80.24142,8.05585],[80.24125,8.05592],[80.24114,8.05592],[80.24107,8.05586],[80.24048,8.05414],[80.24047,8.05395],[80.24052,8.05383],[80.24059,8.05381],[80.24055,8.05366],[80.24032,8.05356],[80.24011,8.05384],[80.23972,8.05367],[80.23956,8.05397]]]}},{"type":"Feature","properties":{"c":"meadow"},"geometry":{"type":"Polygon","coordinates":[[[80.23969,8.05291],[80.24032,8.05356],[80.24055,8.05366],[80.24059,8.05381],[80.24064,8.05382],[80.24079,8.05409],[80.24089,8.0541],[80.24091,8.05397],[80.24105,8.05398],[80.24112,8.05367],[80.24149,8.05373],[80.24155,8.05347],[80.24228,8.05359],[80.24227,8.05364],[80.24245,8.0537],[80.24252,8.05354],[80.2421,8.05342],[80.24206,8.05298],[80.24195,8.05296],[80.24189,8.05308],[80.24154,8.05302],[80.24132,8.05291],[80.24115,8.05269],[80.24114,8.05257],[80.24118,8.05249],[80.2414,8.05228],[80.24183,8.052],[80.24192,8.05134],[80.24111,8.05142],[80.24097,8.05136],[80.24073,8.05169],[80.24048,8.05194],[80.24082,8.05221],[80.24066,8.05242],[80.24058,8.05236],[80.2402,8.05283],[80.24045,8.05305],[80.24026,8.05324],[80.23982,8.05278],[80.23969,8.05291]]]}},{"type":"Feature","properties":{"c":"meadow"},"geometry":{"type":"Polygon","coordinates":[[[80.2421,8.05329],[80.24216,8.05339],[80.24214,8.05344],[80.24229,8.05348],[80.2423,8.05342],[80.2421,8.05329]]]}},{"type":"Feature","properties":{"c":"farmland"},"geometry":{"type":"Polygon","coordinates":[[[80.23854,8.05266],[80.23881,8.05272],[80.23903,8.05269],[80.23927,8.0528],[80.23931,8.05276],[80.23947,8.05285],[80.23954,8.05278],[80.23964,8.05285],[80.23974,8.05274],[80.23946,8.05257],[80.23959,8.05238],[80.23951,8.05233],[80.23963,8.05211],[80.24012,8.05235],[80.24051,8.05182],[80.23991,8.05154],[80.23984,8.05169],[80.23941,8.05148],[80.23953,8.0511],[80.23902,8.05101],[80.23868,8.05203],[80.23881,8.05214],[80.23874,8.05229],[80.23883,8.05238],[80.23874,8.05256],[80.23858,8.05252],[80.23854,8.05266]]]}},{"type":"Feature","properties":{"c":"farmland"},"geometry":{"type":"Polygon","coordinates":[[[80.24011,8.05137],[80.24034,8.05144],[80.24039,8.05135],[80.24073,8.0515],[80.24088,8.05118],[80.24051,8.05107],[80.24046,8.051],[80.24021,8.05093],[80.24011,8.05137]]]}},{"type":"Feature","properties":{"c":"meadow"},"geometry":{"type":"Polygon","coordinates":[[[80.23869,8.05059],[80.2388,8.05064],[80.23883,8.05098],[80.23953,8.0511],[80.24002,8.05124],[80.24007,8.0508],[80.24018,8.05057],[80.24012,8.05037],[80.24008,8.04972],[80.23974,8.04954],[80.2397,8.04939],[80.23948,8.04932],[80.23924,8.04897],[80.23883,8.04894],[80.23875,8.04911],[80.23875,8.04951],[80.23884,8.04959],[80.23884,8.04964],[80.23874,8.04998],[80.23869,8.05059]]]}},{"type":"Feature","properties":{"c":"scrub"},"geometry":{"type":"Polygon","coordinates":[[[80.23999,8.05132],[80.24011,8.05137],[80.24021,8.05093],[80.24046,8.051],[80.24051,8.05107],[80.24088,8.05118],[80.24073,8.0515],[80.24084,8.05155],[80.24099,8.0513],[80.241,8.05107],[80.24064,8.05098],[80.24018,8.05057],[80.2401,8.05067],[80.23999,8.05132]]]}},{"type":"Feature","properties":{"c":"orchard"},"geometry":{"type":"Polygon","coordinates":[[[80.24108,8.05076],[80.24111,8.05142],[80.24192,8.05134],[80.24198,8.05073],[80.24108,8.05076]]]}},{"type":"Feature","properties":{"c":"scrub"},"geometry":{"type":"Polygon","coordinates":[[[80.24097,8.05136],[80.24111,8.05142],[80.24108,8.05076],[80.24097,8.05076],[80.241,8.05123],[80.24097,8.05136]]]}},{"type":"Feature","properties":{"c":"meadow"},"geometry":{"type":"Polygon","coordinates":[[[80.24098,8.05021],[80.24097,8.05076],[80.24198,8.05073],[80.24192,8.05134],[80.24215,8.05128],[80.24226,8.05063],[80.2425,8.04988],[80.24241,8.04987],[80.24219,8.05007],[80.2421,8.05007],[80.2419,8.04995],[80.24176,8.04995],[80.24155,8.04999],[80.24143,8.05016],[80.24098,8.05021]]]}},{"type":"Feature","properties":{"c":"farmland"},"geometry":{"type":"Polygon","coordinates":[[[80.23749,8.05051],[80.23751,8.05111],[80.23759,8.05123],[80.2376,8.05161],[80.23866,8.05159],[80.23873,8.0511],[80.23864,8.05106],[80.23863,8.05079],[80.23851,8.05076],[80.23853,8.05046],[80.23749,8.05051]]]}},{"type":"Feature","properties":{"c":"farmland"},"geometry":{"type":"Polygon","coordinates":[[[80.23643,8.05245],[80.2366,8.05264],[80.23648,8.05278],[80.23694,8.05331],[80.23731,8.05363],[80.23766,8.05323],[80.23755,8.05315],[80.23782,8.05283],[80.23739,8.05251],[80.23733,8.0526],[80.23706,8.0524],[80.237,8.05251],[80.23665,8.0522],[80.23643,8.05245]]]}},{"type":"Feature","properties":{"c":"scrub"},"geometry":{"type":"Polygon","coordinates":[[[80.23543,8.0505],[80.23636,8.05179],[80.23589,8.05212],[80.23648,8.05278],[80.2366,8.05264],[80.23643,8.05245],[80.23665,8.0522],[80.237,8.05251],[80.23706,8.0524],[80.23733,8.0526],[80.23739,8.05251],[80.23782,8.05283],[80.23755,8.05315],[80.23793,8.05344],[80.23805,8.05334],[80.23823,8.05346],[80.23839,8.05336],[80.23849,8.05341],[80.23857,8.05327],[80.2382,8.053],[80.23831,8.05272],[80.23923,8.0529],[80.23937,8.05304],[80.23925,8.05313],[80.23915,8.05329],[80.23904,8.05324],[80.23896,8.05335],[80.23914,8.05343],[80.23933,8.05314],[80.2396,8.05298],[80.23982,8.05278],[80.23974,8.05274],[80.23964,8.05285],[80.23954,8.05278],[80.23947,8.05285],[80.23931,8.05276],[80.23927,8.0528],[80.23903,8.05269],[80.23881,8.05272],[80.23854,8.05266],[80.23858,8.05252],[80.23874,8.05256],[80.23883,8.05238],[80.23874,8.05229],[80.23881,8.05214],[80.23868,8.05203],[80.23902,8.05101],[80.23883,8.05098],[80.2388,8.05064],[80.23869,8.05059],[80.23874,8.04998],[80.2386,8.0502],[80.23851,8.05076],[80.23863,8.05079],[80.23864,8.05106],[80.23873,8.0511],[80.23866,8.05159],[80.2376,8.05161],[80.23759,8.05123],[80.23751,8.05111],[80.23747,8.05043],[80.23684,8.05046],[80.23674,8.05032],[80.23647,8.05031],[80.23643,8.05022],[80.23648,8.05008],[80.23663,8.05005],[80.23688,8.04987],[80.23689,8.04948],[80.23697,8.04928],[80.2367,8.04917],[80.23667,8.0493],[80.23633,8.04927],[80.23632,8.04935],[80.23551,8.05009],[80.23568,8.05027],[80.23543,8.0505]]]}},{"type":"Feature","properties":{"c":"scrub"},"geometry":{"type":"Polygon","coordinates":[[[80.23261,8.0489],[80.23373,8.04966],[80.23403,8.04998],[80.23446,8.04964],[80.23485,8.05008],[80.23442,8.05044],[80.23473,8.05081],[80.23527,8.05035],[80.23523,8.0503],[80.23549,8.05007],[80.23488,8.04941],[80.23474,8.04951],[80.23452,8.04926],[80.23472,8.04907],[80.23468,8.04883],[80.23461,8.04878],[80.23469,8.04817],[80.23448,8.04815],[80.2342,8.04798],[80.23386,8.04788],[80.23382,8.04835],[80.23339,8.04829],[80.2331,8.04809],[80.23261,8.0489]]]}},{"type":"Feature","properties":{"c":"scrub"},"geometry":{"type":"Polygon","coordinates":[[[80.2315,8.04804],[80.2317,8.04834],[80.23189,8.04846],[80.23211,8.04811],[80.23284,8.04858],[80.2331,8.04809],[80.23289,8.04797],[80.23261,8.04792],[80.23255,8.04747],[80.2324,8.04749],[80.23237,8.04721],[80.23224,8.04722],[80.23226,8.04736],[80.23195,8.04748],[80.23197,8.04757],[80.23168,8.04769],[80.23177,8.04792],[80.2315,8.04804]]]}},{"type":"Feature","properties":{"c":"scrub"},"geometry":{"type":"Polygon","coordinates":[[[80.23019,8.04568],[80.23035,8.04598],[80.23059,8.04585],[80.23076,8.04615],[80.23099,8.04604],[80.23111,8.04628],[80.23142,8.04612],[80.2316,8.04582],[80.23158,8.04572],[80.23174,8.04557],[80.23105,8.04511],[80.23092,8.04506],[80.23052,8.04504],[80.23035,8.04513],[80.23027,8.04523],[80.23043,8.04555],[80.23019,8.04568]]]}},{"type":"Feature","properties":{"c":"scrub"},"geometry":{"type":"Polygon","coordinates":[[[80.22904,8.04409],[80.22967,8.0448],[80.23,8.0454],[80.23026,8.04525],[80.23044,8.04506],[80.23098,8.04504],[80.23106,8.04491],[80.23089,8.04486],[80.23101,8.04369],[80.23081,8.04365],[80.23088,8.04334],[80.23094,8.04334],[80.23102,8.04312],[80.23091,8.04308],[80.23086,8.04321],[80.23032,8.04301],[80.23014,8.04358],[80.23059,8.04375],[80.23071,8.04463],[80.23067,8.04486],[80.23013,8.04469],[80.23012,8.04477],[80.2298,8.04474],[80.22979,8.04461],[80.22996,8.0445],[80.22983,8.04437],[80.22963,8.04455],[80.22932,8.04428],[80.22942,8.04413],[80.2295,8.04418],[80.22971,8.04395],[80.22952,8.04377],[80.22931,8.04403],[80.22914,8.04392],[80.22904,8.04409]]]}},{"type":"Feature","properties":{"c":"scrub"},"geometry":{"type":"Polygon","coordinates":[[[80.22788,8.04326],[80.22847,8.04361],[80.22867,8.04334],[80.22887,8.04346],[80.22895,8.04335],[80.22933,8.04363],[80.22944,8.04351],[80.23009,8.04371],[80.23018,8.04353],[80.22985,8.04345],[80.22989,8.04309],[80.23002,8.04312],[80.2301,8.04289],[80.22994,8.04278],[80.23006,8.04258],[80.22982,8.04235],[80.22973,8.04242],[80.22967,8.04235],[80.22954,8.04241],[80.22951,8.04235],[80.22939,8.0424],[80.22922,8.04219],[80.22976,8.04179],[80.22958,8.04151],[80.22898,8.0413],[80.22887,8.04115],[80.22867,8.04163],[80.22895,8.04174],[80.22885,8.04198],[80.22856,8.04189],[80.22827,8.04251],[80.22847,8.04261],[80.22838,8.04278],[80.22817,8.04269],[80.22788,8.04326]]]}},{"type":"Feature","properties":{"c":"scrub"},"geometry":{"type":"Polygon","coordinates":[[[80.22334,8.03819],[80.22377,8.03842],[80.22367,8.0386],[80.22448,8.03902],[80.22432,8.03931],[80.22412,8.03921],[80.22385,8.03944],[80.22369,8.03977],[80.22462,8.04036],[80.22604,8.0414],[80.22621,8.04118],[80.22593,8.04096],[80.22659,8.04023],[80.22679,8.04034],[80.227,8.03999],[80.22677,8.03978],[80.22686,8.0396],[80.22568,8.03884],[80.22611,8.03822],[80.2265,8.0379],[80.22507,8.0371],[80.22473,8.03764],[80.2244,8.03757],[80.22428,8.03767],[80.22419,8.03788],[80.22385,8.0382],[80.22345,8.038],[80.22334,8.03819]]]}},{"type":"Feature","properties":{"c":"meadow"},"geometry":{"type":"Polygon","coordinates":[[[80.22593,8.04096],[80.22645,8.04136],[80.22676,8.0409],[80.22707,8.04057],[80.22659,8.04023],[80.22593,8.04096]]]}},{"type":"Feature","properties":{"c":"scrub"},"geometry":{"type":"Polygon","coordinates":[[[80.22583,8.04187],[80.22625,8.04218],[80.22658,8.04178],[80.22776,8.04252],[80.22787,8.0423],[80.22827,8.04251],[80.22844,8.04216],[80.22775,8.0419],[80.22799,8.04122],[80.22735,8.04097],[80.22745,8.0407],[80.22707,8.04057],[80.22676,8.0409],[80.22645,8.04136],[80.22621,8.04118],[80.22604,8.0414],[80.22613,8.04147],[80.22583,8.04187]]]}},{"type":"Feature","properties":{"c":"meadow"},"geometry":{"type":"Polygon","coordinates":[[[80.22735,8.04097],[80.22799,8.04122],[80.22775,8.0419],[80.22815,8.04205],[80.22837,8.04153],[80.22867,8.04163],[80.22887,8.04115],[80.22848,8.04081],[80.22826,8.04106],[80.22777,8.04087],[80.2277,8.04074],[80.22745,8.0407],[80.22735,8.04097]]]}},{"type":"Feature","properties":{"c":"meadow"},"geometry":{"type":"Polygon","coordinates":[[[80.22726,8.04288],[80.22788,8.04326],[80.22816,8.04272],[80.22753,8.04239],[80.22726,8.04288]]]}},{"type":"Feature","properties":{"c":"farmland"},"geometry":{"type":"Polygon","coordinates":[[[80.21925,8.04067],[80.2193,8.04095],[80.21943,8.04104],[80.21943,8.04135],[80.21959,8.04138],[80.2198,8.04204],[80.21989,8.04203],[80.22016,8.04265],[80.22008,8.04278],[80.22055,8.04333],[80.2206,8.04349],[80.22073,8.0436],[80.22083,8.04454],[80.22096,8.04485],[80.22133,8.04476],[80.22137,8.04431],[80.22126,8.04429],[80.22128,8.04415],[80.22107,8.04412],[80.22108,8.04397],[80.22102,8.04386],[80.22122,8.04368],[80.22101,8.04349],[80.2211,8.04339],[80.22117,8.04342],[80.2213,8.04337],[80.22157,8.04396],[80.22169,8.04397],[80.22166,8.04413],[80.222,8.04417],[80.22211,8.04425],[80.22211,8.04431],[80.22242,8.04439],[80.22294,8.04428],[80.22322,8.0445],[80.22317,8.04456],[80.22328,8.04463],[80.22332,8.04459],[80.22356,8.04473],[80.22366,8.04492],[80.22363,8.04501],[80.22382,8.04506],[80.22406,8.04469],[80.22445,8.04424],[80.22478,8.04356],[80.2236,8.04305],[80.22345,8.04305],[80.22265,8.04273],[80.22252,8.04302],[80.2222,8.04305],[80.22209,8.04302],[80.22204,8.04288],[80.22187,8.04289],[80.22182,8.04281],[80.2219,8.04272],[80.22175,8.04251],[80.22142,8.04247],[80.22139,8.04235],[80.22126,8.04234],[80.22122,8.04222],[80.22111,8.0422],[80.22111,8.04135],[80.22103,8.0412],[80.22118,8.04021],[80.22102,8.04011],[80.22079,8.04008],[80.21998,8.04051],[80.21951,8.04066],[80.21925,8.04067]]]}},{"type":"Feature","properties":{"c":"scrub"},"geometry":{"type":"Polygon","coordinates":[[[80.22056,8.03987],[80.22069,8.04014],[80.22079,8.04008],[80.22102,8.04011],[80.22118,8.04021],[80.22103,8.0412],[80.22111,8.04135],[80.22111,8.0422],[80.22122,8.04222],[80.22126,8.04234],[80.22139,8.04235],[80.22142,8.04247],[80.22175,8.04251],[80.2219,8.04272],[80.22182,8.04281],[80.22187,8.04289],[80.22204,8.04288],[80.22209,8.04302],[80.2222,8.04305],[80.22252,8.04302],[80.22265,8.04273],[80.22279,8.04279],[80.22317,8.04208],[80.22353,8.04205],[80.22359,8.04182],[80.22429,8.04077],[80.22335,8.04013],[80.22316,8.04044],[80.22279,8.04126],[80.22172,8.04056],[80.2221,8.03986],[80.22122,8.03932],[80.22101,8.03927],[80.22064,8.03946],[80.22056,8.03987]]]}},{"type":"Feature","properties":{"c":"forest"},"geometry":{"type":"Polygon","coordinates":[[[80.22279,8.04279],[80.22345,8.04305],[80.2236,8.04305],[80.22478,8.04356],[80.22505,8.04309],[80.22482,8.04294],[80.22505,8.04263],[80.22517,8.04234],[80.22485,8.04213],[80.22499,8.04192],[80.22443,8.04159],[80.22414,8.04207],[80.22362,8.04177],[80.22353,8.04205],[80.22317,8.04208],[80.22279,8.04279]]]}},{"type":"Feature","properties":{"c":"scrub"},"geometry":{"type":"Polygon","coordinates":[[[80.22443,8.04159],[80.22499,8.04192],[80.22485,8.04213],[80.22508,8.04228],[80.22523,8.04203],[80.22552,8.04219],[80.22572,8.04179],[80.22522,8.04144],[80.22507,8.04166],[80.22489,8.04155],[80.22505,8.04132],[80.22473,8.04108],[80.22443,8.04159]]]}},{"type":"Feature","properties":{"c":"farmland"},"geometry":{"type":"Polygon","coordinates":[[[80.22143,8.0464],[80.22186,8.04678],[80.22202,8.047],[80.22209,8.047],[80.22245,8.04749],[80.2226,8.04735],[80.22246,8.04717],[80.22274,8.04695],[80.22228,8.04655],[80.22222,8.04664],[80.22213,8.04658],[80.22218,8.04647],[80.22212,8.04639],[80.22186,8.04626],[80.22162,8.04597],[80.22143,8.0464]]]}},{"type":"Feature","properties":{"c":"farmland"},"geometry":{"type":"Polygon","coordinates":[[[80.22114,8.04545],[80.22121,8.04571],[80.22132,8.0458],[80.22159,8.0459],[80.22172,8.04554],[80.22176,8.04517],[80.22199,8.04517],[80.222,8.04474],[80.22156,8.04468],[80.2215,8.04478],[80.22139,8.04477],[80.22137,8.04487],[80.22126,8.04486],[80.22117,8.04496],[80.22114,8.04545]]]}},{"type":"Feature","properties":{"c":"scrub"},"geometry":{"type":"Polygon","coordinates":[[[80.22096,8.04485],[80.22117,8.04496],[80.22126,8.04486],[80.22137,8.04487],[80.22139,8.04477],[80.2215,8.04478],[80.22156,8.04468],[80.222,8.04474],[80.22199,8.04517],[80.22176,8.04517],[80.22172,8.04554],[80.22159,8.0459],[80.22174,8.04616],[80.22218,8.04647],[80.22231,8.04609],[80.22248,8.04585],[80.22298,8.0456],[80.22285,8.04524],[80.22321,8.04479],[80.22363,8.04501],[80.22366,8.04492],[80.22356,8.04473],[80.22332,8.04459],[80.22328,8.04463],[80.22317,8.04456],[80.22322,8.0445],[80.22294,8.04428],[80.22242,8.04439],[80.22211,8.04431],[80.22211,8.04425],[80.222,8.04417],[80.22166,8.04413],[80.22169,8.04397],[80.22157,8.04396],[80.2213,8.04337],[80.22117,8.04342],[80.2211,8.04339],[80.22101,8.04349],[80.22122,8.04368],[80.22102,8.04386],[80.22108,8.04397],[80.22107,8.04412],[80.22128,8.04415],[80.22126,8.04429],[80.22137,8.04431],[80.22133,8.04476],[80.22096,8.04485]]]}},{"type":"Feature","properties":{"c":"scrub"},"geometry":{"type":"Polygon","coordinates":[[[80.22023,8.04702],[80.22106,8.04773],[80.22139,8.04736],[80.22165,8.04743],[80.22177,8.04757],[80.22139,8.04798],[80.22166,8.04826],[80.22155,8.04847],[80.22194,8.04894],[80.22224,8.04899],[80.2226,8.04869],[80.22272,8.04867],[80.22304,8.04875],[80.22326,8.04867],[80.22339,8.04859],[80.22342,8.04845],[80.2237,8.04829],[80.22362,8.04806],[80.22366,8.04789],[80.22376,8.04788],[80.22395,8.048],[80.2241,8.04796],[80.22416,8.04788],[80.22453,8.04798],[80.22507,8.04795],[80.22501,8.04738],[80.22489,8.04734],[80.22474,8.04716],[80.22464,8.04722],[80.22419,8.04674],[80.22438,8.04654],[80.22415,8.0465],[80.22415,8.04622],[80.22449,8.04623],[80.22451,8.04618],[80.224,8.04608],[80.2239,8.046],[80.22375,8.04557],[80.22388,8.0452],[80.22457,8.04435],[80.22496,8.04343],[80.22488,8.04339],[80.22445,8.04424],[80.22406,8.04469],[80.22382,8.04506],[80.22363,8.04501],[80.22346,8.04542],[80.22321,8.04555],[80.22316,8.04583],[80.22319,8.04629],[80.22292,8.04654],[80.22266,8.04631],[80.2224,8.04665],[80.22274,8.04695],[80.22246,8.04717],[80.2226,8.04735],[80.22245,8.04749],[80.22209,8.047],[80.22202,8.047],[80.22186,8.04678],[80.22143,8.0464],[80.2214,8.04649],[80.22096,8.04628],[80.22093,8.04635],[80.22086,8.04633],[80.22089,8.04621],[80.22072,8.0461],[80.22042,8.04646],[80.22023,8.04702]]]}},{"type":"Feature","properties":{"c":"farmland"},"geometry":{"type":"Polygon","coordinates":[[[80.22419,8.04674],[80.22464,8.04722],[80.22493,8.04699],[80.22479,8.04669],[80.22469,8.04677],[80.22438,8.04654],[80.22419,8.04674]]]}},{"type":"Feature","properties":{"c":"forest"},"geometry":{"type":"Polygon","coordinates":[[[80.22224,8.04899],[80.22257,8.04934],[80.22298,8.04955],[80.22326,8.04957],[80.2234,8.04964],[80.22397,8.04967],[80.22449,8.04992],[80.22473,8.04997],[80.2253,8.04992],[80.22575,8.04964],[80.22614,8.04958],[80.22621,8.04963],[80.22639,8.05013],[80.22648,8.05018],[80.22661,8.05011],[80.22672,8.0499],[80.22675,8.04971],[80.22662,8.04958],[80.2266,8.0492],[80.22674,8.04896],[80.22668,8.0486],[80.22674,8.04853],[80.22675,8.04839],[80.22662,8.04805],[80.22647,8.04797],[80.22616,8.04768],[80.22598,8.04767],[80.22571,8.04775],[80.22562,8.04794],[80.2255,8.04798],[80.22507,8.04795],[80.2247,8.04799],[80.22416,8.04788],[80.2241,8.04796],[80.22395,8.048],[80.22376,8.04788],[80.22366,8.04789],[80.22362,8.04806],[80.2237,8.04829],[80.22342,8.04845],[80.22339,8.04859],[80.22304,8.04875],[80.22272,8.04867],[80.2226,8.04869],[80.22224,8.04899]]]}},{"type":"Feature","properties":{"c":"farmland"},"geometry":{"type":"Polygon","coordinates":[[[80.22598,8.05364],[80.22611,8.05399],[80.22644,8.05436],[80.22662,8.05429],[80.22671,8.05442],[80.22719,8.05431],[80.2269,8.0533],[80.2268,8.05327],[80.22644,8.05335],[80.22612,8.05348],[80.22598,8.05364]]]}},{"type":"Feature","properties":{"c":"forest"},"geometry":{"type":"Polygon","coordinates":[[[80.22538,8.04378],[80.22543,8.04419],[80.22571,8.04421],[80.22591,8.04404],[80.22637,8.04405],[80.22648,8.04374],[80.22676,8.04383],[80.22666,8.04414],[80.227,8.04449],[80.227,8.04467],[80.22719,8.04473],[80.22737,8.04433],[80.22749,8.04434],[80.22768,8.04379],[80.22739,8.04369],[80.22735,8.04381],[80.22684,8.04368],[80.22593,8.04331],[80.22575,8.04307],[80.22552,8.04357],[80.22543,8.04355],[80.22538,8.04378]]]}},{"type":"Feature","properties":{"c":"orchard"},"geometry":{"type":"Polygon","coordinates":[[[80.22844,8.04575],[80.22877,8.04598],[80.22986,8.04514],[80.22971,8.04487],[80.22944,8.04505],[80.22898,8.04453],[80.22855,8.04504],[80.22875,8.04539],[80.22844,8.04575]]]}},{"type":"Feature","properties":{"c":"meadow"},"geometry":{"type":"Polygon","coordinates":[[[80.22709,8.04493],[80.2275,8.04529],[80.22765,8.04527],[80.22781,8.04497],[80.22809,8.04464],[80.22749,8.04434],[80.22737,8.04433],[80.22709,8.04493]]]}},{"type":"Feature","properties":{"c":"scrub"},"geometry":{"type":"Polygon","coordinates":[[[80.22739,8.04369],[80.22768,8.04379],[80.22749,8.04434],[80.22809,8.04464],[80.22781,8.04497],[80.22765,8.04527],[80.22844,8.04575],[80.22875,8.04539],[80.22855,8.04504],[80.22898,8.04453],[80.22924,8.04431],[80.22892,8.04397],[80.22858,8.04432],[80.22837,8.04415],[80.22854,8.0439],[80.22827,8.04371],[80.22837,8.04355],[80.22772,8.04317],[80.22754,8.04354],[80.22746,8.04351],[80.22739,8.04369]]]}},{"type":"Feature","properties":{"c":"meadow"},"geometry":{"type":"Polygon","coordinates":[[[80.22898,8.04453],[80.22944,8.04505],[80.22971,8.04487],[80.22924,8.04431],[80.22898,8.04453]]]}},{"type":"Feature","properties":{"c":"scrub"},"geometry":{"type":"Polygon","coordinates":[[[80.22521,8.04512],[80.22535,8.04554],[80.22544,8.04551],[80.22541,8.04533],[80.22552,8.04506],[80.22557,8.04472],[80.2256,8.04463],[80.22582,8.04455],[80.22585,8.04429],[80.22612,8.04426],[80.22668,8.04466],[80.22682,8.04431],[80.22666,8.04414],[80.22637,8.04405],[80.22591,8.04404],[80.22571,8.04421],[80.22543,8.04419],[80.22537,8.04478],[80.22521,8.04512]]]}},{"type":"Feature","properties":{"c":"meadow"},"geometry":{"type":"Polygon","coordinates":[[[80.22668,8.04466],[80.2269,8.04483],[80.22703,8.04487],[80.2271,8.0447],[80.227,8.04467],[80.227,8.04449],[80.22682,8.04431],[80.22668,8.04466]]]}},{"type":"Feature","properties":{"c":"scrub"},"geometry":{"type":"Polygon","coordinates":[[[80.22552,8.04506],[80.22577,8.04504],[80.22592,8.0451],[80.22617,8.0454],[80.22643,8.04556],[80.2266,8.04556],[80.22708,8.04534],[80.22749,8.04535],[80.2275,8.04529],[80.22709,8.04493],[80.22719,8.04473],[80.2271,8.0447],[80.22703,8.04487],[80.2269,8.04483],[80.22612,8.04426],[80.22585,8.04429],[80.22582,8.04455],[80.2256,8.04463],[80.22553,8.04484],[80.22552,8.04506]]]}},{"type":"Feature","properties":{"c":"meadow"},"geometry":{"type":"Polygon","coordinates":[[[80.22535,8.04554],[80.22541,8.04599],[80.22562,8.04614],[80.22546,8.04645],[80.22551,8.04671],[80.22576,8.04663],[80.22573,8.04648],[80.2258,8.04639],[80.22608,8.04638],[80.22628,8.04632],[80.22654,8.04604],[80.22685,8.04589],[80.2272,8.0458],[80.2275,8.04554],[80.22749,8.04535],[80.22735,8.04532],[80.22708,8.04534],[80.2266,8.04556],[80.22643,8.04556],[80.22617,8.0454],[80.22592,8.0451],[80.22577,8.04504],[80.22552,8.04506],[80.22541,8.04533],[80.22544,8.04551],[80.22535,8.04554]]]}},{"type":"Feature","properties":{"c":"scrub"},"geometry":{"type":"Polygon","coordinates":[[[80.22449,8.04623],[80.22492,8.04644],[80.22479,8.04669],[80.22493,8.04699],[80.22474,8.04716],[80.22489,8.04734],[80.22501,8.04738],[80.22507,8.04795],[80.2255,8.04798],[80.22562,8.04794],[80.22571,8.04775],[80.22598,8.04767],[80.22616,8.04768],[80.22631,8.04782],[80.22641,8.04741],[80.2264,8.04714],[80.22662,8.04707],[80.22668,8.04691],[80.22665,8.04682],[80.22633,8.04664],[80.22628,8.04632],[80.22608,8.04638],[80.22608,8.04666],[80.22576,8.04663],[80.22551,8.04671],[80.22546,8.04645],[80.22562,8.04614],[80.22541,8.04599],[80.22519,8.04627],[80.22496,8.04636],[80.22451,8.04618],[80.22449,8.04623]]]}},{"type":"Feature","properties":{"c":"forest"},"geometry":{"type":"Polygon","coordinates":[[[80.22628,8.04632],[80.22633,8.04664],[80.22665,8.04682],[80.22668,8.04691],[80.22662,8.04707],[80.2264,8.04714],[80.22641,8.04741],[80.22631,8.04782],[80.22662,8.04805],[80.2267,8.04781],[80.22689,8.04774],[80.22701,8.04775],[80.22717,8.04787],[80.22716,8.04801],[80.22699,8.04822],[80.22695,8.04861],[80.22708,8.04877],[80.22738,8.04899],[80.22739,8.04905],[80.22754,8.04911],[80.22769,8.04928],[80.22774,8.04954],[80.22817,8.05016],[80.22847,8.05031],[80.22864,8.05031],[80.22883,8.0501],[80.22889,8.05014],[80.22896,8.05032],[80.22906,8.05028],[80.22915,8.05011],[80.22924,8.05014],[80.22925,8.05051],[80.22917,8.05079],[80.22895,8.05085],[80.22892,8.0509],[80.22893,8.05134],[80.22902,8.05142],[80.22933,8.05128],[80.22928,8.05111],[80.22935,8.05089],[80.22972,8.05008],[80.22991,8.05003],[80.2301,8.04973],[80.23016,8.04949],[80.23025,8.04942],[80.23042,8.04939],[80.23054,8.04944],[80.23061,8.0493],[80.2306,8.0492],[80.23053,8.04917],[80.23051,8.04902],[80.23057,8.04878],[80.231,8.04882],[80.23103,8.04842],[80.23082,8.04836],[80.2305,8.04837],[80.22997,8.04856],[80.22958,8.04816],[80.23011,8.04788],[80.22993,8.04753],[80.2302,8.04743],[80.23003,8.04707],[80.22989,8.04713],[80.22982,8.04695],[80.22994,8.04673],[80.22976,8.0464],[80.22936,8.04659],[80.22926,8.04683],[80.22915,8.04689],[80.22899,8.04671],[80.22871,8.04661],[80.2286,8.04676],[80.22857,8.04688],[80.22843,8.04689],[80.22824,8.04701],[80.22802,8.04695],[80.22789,8.0468],[80.22783,8.04663],[80.22765,8.04656],[80.22762,8.04644],[80.22776,8.0462],[80.22787,8.04618],[80.22786,8.04611],[80.22753,8.04573],[80.2275,8.04554],[80.2272,8.0458],[80.22685,8.04589],[80.22654,8.04604],[80.22628,8.04632]]]}},{"type":"Feature","properties":{"c":"forest"},"geometry":{"type":"Polygon","coordinates":[[[80.2229,8.05156],[80.22296,8.05194],[80.22309,8.05204],[80.22332,8.05212],[80.22335,8.05224],[80.22329,8.05247],[80.22333,8.0526],[80.22344,8.05271],[80.22418,8.05279],[80.22424,8.05269],[80.22433,8.05269],[80.22446,8.05287],[80.22442,8.05296],[80.22445,8.05307],[80.22459,8.05326],[80.22471,8.05321],[80.22476,8.05313],[80.22476,8.05285],[80.22488,8.05288],[80.22503,8.0531],[80.22513,8.05311],[80.22575,8.05281],[80.22605,8.05278],[80.22629,8.05286],[80.22645,8.05281],[80.22628,8.05254],[80.22623,8.05218],[80.22629,8.05205],[80.22643,8.05195],[80.22663,8.05191],[80.22675,8.05199],[80.2269,8.05219],[80.22693,8.05241],[80.22686,8.05264],[80.2269,8.05271],[80.22724,8.05288],[80.22768,8.05286],[80.22778,8.0526],[80.22776,8.05251],[80.22764,8.05238],[80.22749,8.0523],[80.22735,8.0523],[80.22724,8.05217],[80.22727,8.05191],[80.22761,8.05155],[80.22748,8.05142],[80.22748,8.05132],[80.22754,8.05124],[80.22766,8.05119],[80.22781,8.0512],[80.22795,8.05128],[80.22839,8.0513],[80.22871,8.05089],[80.22861,8.05057],[80.22864,8.05031],[80.22847,8.05031],[80.22817,8.05016],[80.22797,8.05018],[80.22768,8.05031],[80.22753,8.05045],[80.22748,8.05053],[80.22749,8.05064],[80.22741,8.05073],[80.22716,8.05054],[80.22669,8.05037],[80.2262,8.05052],[80.22608,8.05065],[80.22554,8.05089],[80.22517,8.05094],[80.22468,8.05088],[80.22454,8.05092],[80.22443,8.05099],[80.22443,8.05122],[80.22438,8.05133],[80.22426,8.05138],[80.22367,8.05141],[80.22353,8.05134],[80.22319,8.05131],[80.22301,8.05141],[80.2229,8.05156]]]}},{"type":"Feature","properties":{"c":"forest"},"geometry":{"type":"Polygon","coordinates":[[[80.21921,8.05534],[80.21946,8.05573],[80.21958,8.05579],[80.22027,8.05576],[80.2204,8.05567],[80.22047,8.0554],[80.22053,8.05533],[80.22086,8.0552],[80.221,8.05523],[80.22097,8.05535],[80.2213,8.05543],[80.22175,8.05548],[80.22231,8.05539],[80.22277,8.05547],[80.22293,8.05576],[80.223,8.05578],[80.22339,8.05564],[80.22359,8.05576],[80.22384,8.05567],[80.2239,8.0556],[80.22402,8.05561],[80.22409,8.05564],[80.22407,8.05575],[80.22396,8.0559],[80.22387,8.05594],[80.22378,8.05587],[80.22367,8.05592],[80.22373,8.05611],[80.2236,8.05611],[80.22342,8.056],[80.22331,8.05602],[80.22328,8.05609],[80.22339,8.05632],[80.22344,8.05678],[80.22356,8.05684],[80.22372,8.05677],[80.22391,8.05693],[80.22429,8.05705],[80.22459,8.05689],[80.22498,8.05698],[80.22511,8.05694],[80.22505,8.05679],[80.22504,8.0566],[80.22492,8.05659],[80.22483,8.05653],[80.22484,8.05639],[80.22489,8.05627],[80.22509,8.05624],[80.22524,8.05606],[80.22522,8.05578],[80.2253,8.05572],[80.22531,8.05564],[80.22521,8.05558],[80.22518,8.0555],[80.22522,8.05541],[80.2253,8.05538],[80.22545,8.05547],[80.22551,8.05543],[80.22557,8.0552],[80.2252,8.05469],[80.22506,8.05472],[80.22508,8.05483],[80.22504,8.05487],[80.22492,8.05484],[80.22488,8.05462],[80.2246,8.05463],[80.22451,8.05471],[80.22463,8.05478],[80.22459,8.0549],[80.22449,8.05494],[80.22419,8.05491],[80.22413,8.05487],[80.22409,8.05461],[80.22402,8.05453],[80.22404,8.05438],[80.22411,8.05426],[80.22431,8.05412],[80.22463,8.05404],[80.22475,8.05391],[80.22482,8.0539],[80.22485,8.05362],[80.22478,8.05355],[80.22457,8.05357],[80.22451,8.05372],[80.22439,8.05379],[80.22418,8.05369],[80.22406,8.05342],[80.22337,8.05329],[80.22288,8.05296],[80.22269,8.05291],[80.2225,8.05322],[80.22254,8.05366],[80.22248,8.05406],[80.22235,8.05428],[80.22172,8.05458],[80.22153,8.05461],[80.22152,8.05418],[80.22145,8.05403],[80.2213,8.05395],[80.22106,8.05396],[80.22065,8.05421],[80.2202,8.05455],[80.22011,8.05468],[80.22011,8.05506],[80.22,8.05516],[80.21946,8.05516],[80.21921,8.05534]]]}},{"type":"Feature","properties":{"c":"scrub"},"geometry":{"type":"Polygon","coordinates":[[[80.22402,8.05453],[80.22409,8.05461],[80.22413,8.05487],[80.22419,8.05491],[80.22449,8.05494],[80.22459,8.0549],[80.22463,8.05478],[80.22458,8.05473],[80.22424,8.05471],[80.22436,8.05449],[80.22425,8.05438],[80.22417,8.05437],[80.22416,8.05427],[80.22411,8.05426],[80.22404,8.05438],[80.22402,8.05453]]]}},{"type":"Feature","properties":{"c":"forest"},"geometry":{"type":"Polygon","coordinates":[[[80.22411,8.05426],[80.22416,8.05427],[80.22417,8.05437],[80.22425,8.05438],[80.22436,8.05449],[80.22424,8.05464],[80.22424,8.05471],[80.22431,8.05473],[80.22451,8.05471],[80.2246,8.05463],[80.22488,8.05462],[80.22498,8.05447],[80.2248,8.05425],[80.22474,8.05407],[80.22463,8.05404],[80.22431,8.05412],[80.22411,8.05426]]]}},{"type":"Feature","properties":{"c":"farmland"},"geometry":{"type":"Polygon","coordinates":[[[80.21996,8.0568],[80.22051,8.05692],[80.22076,8.05717],[80.22096,8.05711],[80.22102,8.0572],[80.22105,8.05741],[80.22142,8.05744],[80.22143,8.05728],[80.22175,8.05725],[80.22175,8.05732],[80.22192,8.05733],[80.22198,8.05727],[80.22231,8.05738],[80.22258,8.05737],[80.22261,8.05681],[80.22275,8.05633],[80.22255,8.05626],[80.22261,8.05597],[80.22206,8.05582],[80.222,8.05582],[80.22193,8.05608],[80.22177,8.05599],[80.22186,8.05557],[80.22083,8.0554],[80.22056,8.05543],[80.21996,8.0568]]]}},{"type":"Feature","properties":{"c":"meadow"},"geometry":{"type":"Polygon","coordinates":[[[80.22255,8.05626],[80.22275,8.05633],[80.22261,8.05681],[80.22258,8.05737],[80.22292,8.0574],[80.22347,8.05717],[80.22356,8.05684],[80.22344,8.05678],[80.22339,8.05632],[80.22328,8.05609],[80.22261,8.05597],[80.22255,8.05626]]]}},{"type":"Feature","properties":{"c":"scrub"},"geometry":{"type":"Polygon","coordinates":[[[80.22205,8.05545],[80.22206,8.05582],[80.22261,8.05597],[80.22328,8.05609],[80.22331,8.05602],[80.22342,8.056],[80.22368,8.05614],[80.22373,8.05611],[80.22367,8.05592],[80.22378,8.05587],[80.22387,8.05594],[80.22396,8.0559],[80.22407,8.05575],[80.22409,8.05564],[80.2239,8.0556],[80.22384,8.05567],[80.22359,8.05576],[80.22339,8.05564],[80.223,8.05578],[80.22293,8.05576],[80.22277,8.05547],[80.22231,8.05539],[80.22205,8.05545]]]}},{"type":"Feature","properties":{"c":"forest"},"geometry":{"type":"Polygon","coordinates":[[[80.22333,8.05763],[80.22351,8.05784],[80.22378,8.05779],[80.22387,8.0579],[80.22392,8.0582],[80.22388,8.0585],[80.22376,8.05883],[80.22381,8.05893],[80.22393,8.05897],[80.22406,8.05885],[80.22451,8.05894],[80.22446,8.05916],[80.22448,8.05976],[80.22476,8.05978],[80.2252,8.05972],[80.22532,8.05963],[80.22531,8.05932],[80.22538,8.05916],[80.22521,8.05902],[80.22538,8.05885],[80.22552,8.05885],[80.22556,8.05875],[80.22548,8.05858],[80.22529,8.0585],[80.22501,8.05858],[80.22492,8.05879],[80.22475,8.05879],[80.22444,8.05866],[80.22426,8.0584],[80.22433,8.05822],[80.22449,8.05818],[80.22454,8.05812],[80.22446,8.05755],[80.22429,8.05748],[80.22408,8.05753],[80.22398,8.05748],[80.2235,8.05747],[80.22333,8.05763]]]}},{"type":"Feature","properties":{"c":"scrub"},"geometry":{"type":"Polygon","coordinates":[[[80.2275,8.04529],[80.22753,8.04573],[80.22786,8.04611],[80.22787,8.04618],[80.22838,8.04637],[80.22871,8.04661],[80.22899,8.04671],[80.22915,8.04689],[80.22926,8.04683],[80.22936,8.04659],[80.22919,8.04631],[80.22965,8.04606],[80.22973,8.04617],[80.23027,8.0459],[80.22986,8.04514],[80.22877,8.04598],[80.22765,8.04527],[80.2275,8.04529]]]}},{"type":"Feature","properties":{"c":"scrub"},"geometry":{"type":"Polygon","coordinates":[[[80.22976,8.0464],[80.22994,8.04673],[80.22982,8.04695],[80.22989,8.04713],[80.23003,8.04707],[80.2302,8.04743],[80.22993,8.04753],[80.23011,8.04788],[80.23052,8.04769],[80.23048,8.0476],[80.23066,8.0475],[80.23061,8.0474],[80.23049,8.04745],[80.23029,8.04711],[80.23043,8.04704],[80.2304,8.04699],[80.2305,8.04693],[80.23039,8.04673],[80.23029,8.04677],[80.23002,8.04627],[80.22976,8.0464]]]}},{"type":"Feature","properties":{"c":"meadow"},"geometry":{"type":"Polygon","coordinates":[[[80.2304,8.04699],[80.23066,8.0475],[80.23109,8.04729],[80.23078,8.04677],[80.2304,8.04699]]]}},{"type":"Feature","properties":{"c":"meadow"},"geometry":{"type":"Polygon","coordinates":[[[80.22958,8.04816],[80.22997,8.04856],[80.2305,8.04837],[80.23082,8.04836],[80.23103,8.04842],[80.23072,8.04785],[80.23063,8.04789],[80.23052,8.04769],[80.22958,8.04816]]]}},{"type":"Feature","properties":{"c":"meadow"},"geometry":{"type":"Polygon","coordinates":[[[80.23051,8.04902],[80.23053,8.04917],[80.2306,8.0492],[80.23061,8.0493],[80.23054,8.04944],[80.23074,8.04968],[80.23117,8.04941],[80.2311,8.0493],[80.23126,8.0491],[80.23141,8.04927],[80.23156,8.04913],[80.2314,8.04893],[80.23142,8.0487],[80.23119,8.04869],[80.23112,8.04884],[80.23057,8.04878],[80.23051,8.04902]]]}},{"type":"Feature","properties":{"c":"scrub"},"geometry":{"type":"Polygon","coordinates":[[[80.231,8.04882],[80.23112,8.04884],[80.23119,8.04869],[80.23142,8.0487],[80.23143,8.04856],[80.23128,8.04856],[80.23118,8.04836],[80.23103,8.04842],[80.231,8.04882]]]}},{"type":"Feature","properties":{"c":"scrub"},"geometry":{"type":"Polygon","coordinates":[[[80.22648,8.05018],[80.22656,8.0504],[80.22669,8.05037],[80.22694,8.05044],[80.22741,8.05073],[80.22749,8.05064],[80.22748,8.05053],[80.22753,8.05045],[80.22768,8.05031],[80.22797,8.05018],[80.22817,8.05016],[80.22774,8.04954],[80.22769,8.04928],[80.22754,8.04911],[80.22739,8.04905],[80.22738,8.04899],[80.22708,8.04877],[80.22695,8.04861],[80.22699,8.04822],[80.22716,8.04801],[80.22717,8.04787],[80.22701,8.04775],[80.22689,8.04774],[80.2267,8.04781],[80.22664,8.04792],[80.22662,8.04805],[80.22675,8.04839],[80.22674,8.04853],[80.22668,8.0486],[80.22674,8.04896],[80.2266,8.0492],[80.2266,8.0494],[80.22662,8.04958],[80.22675,8.04971],[80.22672,8.0499],[80.22661,8.05011],[80.22648,8.05018]]]}},{"type":"Feature","properties":{"c":"scrub"},"geometry":{"type":"Polygon","coordinates":[[[80.22723,8.05207],[80.22728,8.05225],[80.22764,8.05238],[80.22776,8.05251],[80.22778,8.0526],[80.22768,8.05286],[80.22784,8.05286],[80.22784,8.05295],[80.22803,8.05295],[80.22803,8.05307],[80.22858,8.05307],[80.22874,8.0537],[80.22898,8.05367],[80.22882,8.05316],[80.22901,8.05313],[80.22902,8.05283],[80.22975,8.05284],[80.22976,8.05277],[80.22964,8.05272],[80.2298,8.05247],[80.22991,8.0524],[80.23,8.05248],[80.23008,8.05268],[80.23044,8.05255],[80.23055,8.05244],[80.23046,8.05229],[80.23054,8.05224],[80.23077,8.05226],[80.23112,8.05241],[80.23125,8.0522],[80.23126,8.0517],[80.23104,8.05152],[80.23084,8.05146],[80.23049,8.05124],[80.23041,8.05112],[80.23046,8.05055],[80.23076,8.05011],[80.23071,8.04973],[80.23074,8.04968],[80.23067,8.04957],[80.23054,8.04944],[80.23042,8.04939],[80.23025,8.04942],[80.23016,8.04949],[80.2301,8.04973],[80.22991,8.05003],[80.22985,8.05026],[80.22984,8.05061],[80.22988,8.05075],[80.22981,8.05088],[80.22968,8.05094],[80.22954,8.05119],[80.22902,8.05142],[80.22893,8.05134],[80.22892,8.0509],[80.22895,8.05085],[80.22917,8.05079],[80.22925,8.05039],[80.22906,8.05041],[80.22883,8.0501],[80.22864,8.05031],[80.22861,8.05057],[80.22871,8.05089],[80.2285,8.0512],[80.22839,8.0513],[80.22795,8.05128],[80.22781,8.0512],[80.22766,8.05119],[80.22754,8.05124],[80.22748,8.05142],[80.22761,8.05155],[80.22727,8.05191],[80.22723,8.05207]]]}},{"type":"Feature","properties":{"c":"farmland"},"geometry":{"type":"Polygon","coordinates":[[[80.23009,8.05363],[80.23037,8.05422],[80.23098,8.05402],[80.23104,8.05414],[80.23199,8.05384],[80.23195,8.05353],[80.23189,8.05353],[80.23188,8.05306],[80.23146,8.05312],[80.23141,8.0532],[80.23124,8.05324],[80.23125,8.05335],[80.23061,8.05338],[80.23009,8.05363]]]}},{"type":"Feature","properties":{"c":"forest"},"geometry":{"type":"Polygon","coordinates":[[[80.2269,8.0533],[80.22724,8.05446],[80.22784,8.05452],[80.22778,8.0541],[80.22793,8.05403],[80.22788,8.05368],[80.2278,8.05356],[80.22772,8.05318],[80.2278,8.05306],[80.22784,8.05286],[80.22768,8.05286],[80.22754,8.05298],[80.2272,8.05299],[80.22726,8.05323],[80.22718,8.05327],[80.2271,8.0532],[80.2269,8.0533]]]}},{"type":"Feature","properties":{"c":"scrub"},"geometry":{"type":"Polygon","coordinates":[[[80.22605,8.05278],[80.22611,8.05305],[80.22621,8.05303],[80.22628,8.0531],[80.22609,8.05328],[80.22612,8.05348],[80.22644,8.05335],[80.2268,8.05327],[80.2269,8.0533],[80.2271,8.0532],[80.22718,8.05327],[80.22726,8.05323],[80.2272,8.05299],[80.22754,8.05298],[80.22768,8.05286],[80.22724,8.05288],[80.2269,8.05271],[80.22686,8.05264],[80.22693,8.05241],[80.2269,8.05219],[80.22675,8.05199],[80.22663,8.05191],[80.22643,8.05195],[80.22629,8.05205],[80.22623,8.05218],[80.22628,8.05254],[80.22645,8.05281],[80.22629,8.05286],[80.22605,8.05278]]]}},{"type":"Feature","properties":{"c":"scrub"},"geometry":{"type":"Polygon","coordinates":[[[80.22269,8.05291],[80.22288,8.05296],[80.22337,8.05329],[80.22406,8.05342],[80.22418,8.05369],[80.22439,8.05379],[80.22451,8.05372],[80.22457,8.05357],[80.22478,8.05355],[80.22485,8.05362],[80.22482,8.0539],[80.22475,8.05391],[80.22463,8.05404],[80.22474,8.05407],[80.2248,8.05425],[80.22498,8.05447],[80.22488,8.05462],[80.22492,8.05484],[80.22504,8.05487],[80.22508,8.05483],[80.22506,8.05472],[80.2252,8.05469],[80.22557,8.0552],[80.22562,8.05519],[80.22563,8.05479],[80.22571,8.05468],[80.22581,8.05462],[80.22624,8.05459],[80.22671,8.05442],[80.22662,8.05429],[80.22644,8.05436],[80.22611,8.05399],[80.22598,8.05364],[80.22612,8.05348],[80.22609,8.05328],[80.22601,8.05322],[80.22611,8.05305],[80.22605,8.05278],[80.22575,8.05281],[80.22513,8.05311],[80.22503,8.0531],[80.22488,8.05288],[80.22476,8.05285],[80.22476,8.05313],[80.22471,8.05321],[80.22459,8.05326],[80.22445,8.05307],[80.22442,8.05296],[80.22446,8.05287],[80.22433,8.05269],[80.22424,8.05269],[80.22418,8.05279],[80.22344,8.05271],[80.22333,8.0526],[80.22329,8.05247],[80.22335,8.05224],[80.22332,8.05212],[80.22309,8.05204],[80.22296,8.05194],[80.22269,8.05291]]]}},{"type":"Feature","properties":{"c":"scrub"},"geometry":{"type":"Polygon","coordinates":[[[80.21914,8.05095],[80.21914,8.05149],[80.21934,8.05204],[80.21964,8.05245],[80.21961,8.05269],[80.21942,8.05311],[80.21948,8.05328],[80.2196,8.05334],[80.22028,8.05284],[80.22046,8.05287],[80.22062,8.05308],[80.22072,8.05349],[80.22046,8.05399],[80.22047,8.05414],[80.22054,8.05429],[80.22106,8.05396],[80.2213,8.05395],[80.22145,8.05403],[80.22152,8.05418],[80.22153,8.05461],[80.22172,8.05458],[80.22212,8.05441],[80.22235,8.05428],[80.22245,8.05417],[80.22254,8.05366],[80.2225,8.05322],[80.22269,8.05291],[80.22296,8.05194],[80.2229,8.05156],[80.22301,8.05141],[80.22319,8.05131],[80.22353,8.05134],[80.22367,8.05141],[80.22426,8.05138],[80.22438,8.05133],[80.22443,8.05122],[80.22443,8.05099],[80.22454,8.05092],[80.22468,8.05088],[80.22517,8.05094],[80.22554,8.05089],[80.22608,8.05065],[80.2262,8.05052],[80.22656,8.0504],[80.22648,8.05018],[80.22639,8.05013],[80.22621,8.04963],[80.22614,8.04958],[80.22575,8.04964],[80.2253,8.04992],[80.22473,8.04997],[80.22449,8.04992],[80.22397,8.04967],[80.2234,8.04964],[80.22326,8.04957],[80.22298,8.04955],[80.22257,8.04934],[80.22224,8.04899],[80.22194,8.04894],[80.22188,8.049],[80.22187,8.04912],[80.22159,8.04906],[80.22155,8.04914],[80.2214,8.04908],[80.22145,8.04897],[80.22137,8.04893],[80.22145,8.04879],[80.22138,8.04873],[80.22166,8.04826],[80.22106,8.04773],[80.22076,8.04845],[80.22061,8.04861],[80.22075,8.04862],[80.22073,8.04887],[80.22054,8.0489],[80.2203,8.0488],[80.2199,8.04904],[80.21954,8.04954],[80.21964,8.04963],[80.2197,8.04996],[80.21968,8.05015],[80.21942,8.0505],[80.21925,8.05063],[80.21914,8.05095]]]}},{"type":"Feature","properties":{"c":"farmland"},"geometry":{"type":"Polygon","coordinates":[[[80.22137,8.04893],[80.22145,8.04897],[80.2214,8.04908],[80.22155,8.04914],[80.22159,8.04906],[80.22187,8.04912],[80.22188,8.049],[80.22194,8.04894],[80.22155,8.04847],[80.22138,8.04873],[80.22145,8.04879],[80.22137,8.04893]]]}},{"type":"Feature","properties":{"c":"farmland"},"geometry":{"type":"Polygon","coordinates":[[[80.22042,8.04867],[80.22043,8.04885],[80.22054,8.0489],[80.22073,8.04887],[80.22075,8.04862],[80.22061,8.04861],[80.22042,8.04867]]]}},{"type":"Feature","properties":{"c":"meadow"},"geometry":{"type":"Polygon","coordinates":[[[80.22296,8.03985],[80.22347,8.04021],[80.22375,8.03966],[80.22347,8.0395],[80.22338,8.03967],[80.22316,8.03954],[80.22296,8.03985]]]}},{"type":"Feature","properties":{"c":"farmland"},"geometry":{"type":"Polygon","coordinates":[[[80.22215,8.06045],[80.22216,8.06065],[80.22222,8.06072],[80.22246,8.0607],[80.22265,8.0605],[80.22265,8.0601],[80.2224,8.06015],[80.22241,8.06033],[80.22232,8.06034],[80.22231,8.06043],[80.22215,8.06045]]]}},{"type":"Feature","properties":{"c":"scrub"},"geometry":{"type":"Polygon","coordinates":[[[80.2204,8.05843],[80.22142,8.06048],[80.22231,8.06043],[80.22232,8.06034],[80.22241,8.06033],[80.2224,8.06015],[80.22215,8.06014],[80.22212,8.05969],[80.22204,8.05959],[80.22183,8.05954],[80.22168,8.05909],[80.22258,8.05887],[80.22301,8.05868],[80.22325,8.05831],[80.22327,8.05781],[80.22321,8.0577],[80.22347,8.05753],[80.22347,8.05717],[80.22292,8.0574],[80.22231,8.05738],[80.22198,8.05727],[80.22192,8.05733],[80.22175,8.05732],[80.22175,8.05725],[80.22143,8.05728],[80.22142,8.05744],[80.22105,8.05741],[80.22102,8.0572],[80.22096,8.05711],[80.22076,8.05717],[80.22085,8.0573],[80.22089,8.05763],[80.2204,8.05843]]]}},{"type":"Feature","properties":{"c":"meadow"},"geometry":{"type":"Polygon","coordinates":[[[80.22168,8.05909],[80.22183,8.05954],[80.22204,8.05959],[80.22212,8.05969],[80.22215,8.06014],[80.22265,8.0601],[80.22265,8.0605],[80.22281,8.06049],[80.22291,8.06034],[80.22298,8.0601],[80.22305,8.05968],[80.22305,8.05934],[80.22297,8.05926],[80.22289,8.05925],[80.22287,8.05916],[80.22344,8.0591],[80.22354,8.05906],[80.22376,8.05883],[80.22388,8.0585],[80.22392,8.0582],[80.22387,8.0579],[80.22378,8.05779],[80.22351,8.05784],[80.22333,8.05763],[80.22326,8.05767],[80.22321,8.0577],[80.22327,8.05781],[80.22325,8.05831],[80.22301,8.05868],[80.22258,8.05887],[80.22168,8.05909]]]}},{"type":"Feature","properties":{"c":"scrub"},"geometry":{"type":"Polygon","coordinates":[[[80.22347,8.05717],[80.2235,8.05747],[80.22398,8.05748],[80.22408,8.05753],[80.22429,8.05748],[80.22446,8.05755],[80.22454,8.05812],[80.22449,8.05818],[80.22433,8.05822],[80.22426,8.0584],[80.22444,8.05866],[80.22475,8.05879],[80.22492,8.05879],[80.22501,8.05858],[80.22512,8.05854],[80.22529,8.0585],[80.22548,8.05858],[80.22556,8.05875],[80.22552,8.05885],[80.22538,8.05885],[80.22521,8.05902],[80.22538,8.05916],[80.22531,8.05932],[80.22532,8.05963],[80.2252,8.05972],[80.22525,8.05982],[80.22538,8.0599],[80.22564,8.0598],[80.22584,8.05935],[80.2261,8.05916],[80.22672,8.05909],[80.22691,8.05901],[80.22685,8.05886],[80.22665,8.05888],[80.22616,8.0587],[80.22578,8.05834],[80.22575,8.05805],[80.22551,8.05756],[80.22517,8.0574],[80.22513,8.0573],[80.22517,8.05719],[80.22529,8.05721],[80.22552,8.0571],[80.22546,8.05696],[80.22525,8.05683],[80.22505,8.05679],[80.22511,8.05694],[80.22498,8.05698],[80.22459,8.05689],[80.22429,8.05705],[80.22391,8.05693],[80.22386,8.05684],[80.22367,8.05677],[80.22356,8.05684],[80.22347,8.05717]]]}},{"type":"Feature","properties":{"c":"scrub"},"geometry":{"type":"Polygon","coordinates":[[[80.22281,8.06049],[80.22301,8.06075],[80.22377,8.06065],[80.22385,8.06076],[80.22431,8.06051],[80.22442,8.06038],[80.22447,8.06008],[80.2245,8.05956],[80.22446,8.05916],[80.22451,8.05894],[80.22406,8.05885],[80.22393,8.05897],[80.22381,8.05893],[80.22376,8.05883],[80.22354,8.05906],[80.22344,8.0591],[80.22287,8.05916],[80.22289,8.05925],[80.22297,8.05926],[80.22305,8.05934],[80.22305,8.05968],[80.22298,8.0601],[80.22291,8.06034],[80.22281,8.06049]]]}},{"type":"Feature","properties":{"c":"scrub"},"geometry":{"type":"Polygon","coordinates":[[[80.22483,8.05653],[80.22492,8.05659],[80.22504,8.0566],[80.22541,8.05633],[80.22556,8.05637],[80.22572,8.05672],[80.22564,8.05685],[80.22574,8.05694],[80.22582,8.05694],[80.22617,8.05653],[80.22623,8.05624],[80.22607,8.05601],[80.22595,8.05599],[80.22583,8.05549],[80.22565,8.05539],[80.22564,8.05533],[80.2257,8.05524],[80.22562,8.05519],[80.22557,8.0552],[80.22551,8.05543],[80.22545,8.05547],[80.2253,8.05538],[80.22522,8.05541],[80.22518,8.0555],[80.22521,8.05558],[80.22531,8.05564],[80.2253,8.05572],[80.22522,8.05578],[80.22524,8.05606],[80.22509,8.05624],[80.22489,8.05627],[80.22483,8.05653]]]}},{"type":"Feature","properties":{"c":"forest"},"geometry":{"type":"Polygon","coordinates":[[[80.22504,8.0566],[80.22505,8.05679],[80.22515,8.05678],[80.22546,8.05696],[80.22552,8.0571],[80.22529,8.05721],[80.22517,8.05719],[80.22513,8.0573],[80.22517,8.0574],[80.22551,8.05756],[80.22575,8.05805],[80.22578,8.05834],[80.22616,8.0587],[80.22665,8.05888],[80.22685,8.05886],[80.22691,8.05901],[80.22684,8.05906],[80.22652,8.0591],[80.22593,8.05945],[80.22583,8.05965],[80.22574,8.06022],[80.22571,8.0603],[80.22562,8.06033],[80.22564,8.06045],[80.22576,8.0605],[80.22587,8.06046],[80.22586,8.06004],[80.2259,8.05981],[80.22604,8.05963],[80.22659,8.0592],[80.22671,8.05918],[80.22677,8.05921],[80.22677,8.05947],[80.22685,8.05969],[80.22697,8.05986],[80.22713,8.05999],[80.22715,8.06009],[80.22739,8.06011],[80.2274,8.06029],[80.22757,8.06041],[80.22771,8.06034],[80.22755,8.05995],[80.22772,8.05991],[80.22832,8.05999],[80.22863,8.05994],[80.2287,8.06003],[80.22881,8.06006],[80.2291,8.05996],[80.22921,8.05973],[80.22922,8.0596],[80.22903,8.05914],[80.22878,8.05894],[80.22865,8.05849],[80.22869,8.05843],[80.22847,8.05821],[80.22812,8.05832],[80.22788,8.05817],[80.22779,8.05819],[80.22765,8.05812],[80.22752,8.05817],[80.22727,8.0585],[80.22713,8.05855],[80.22697,8.05845],[80.22696,8.05835],[80.22711,8.0582],[80.22748,8.05796],[80.2275,8.05789],[80.22735,8.0577],[80.22734,8.05754],[80.22752,8.0571],[80.22727,8.05682],[80.22728,8.05672],[80.22698,8.05649],[80.2272,8.05596],[80.22815,8.05521],[80.22798,8.05504],[80.22699,8.05592],[80.22704,8.05599],[80.22651,8.05705],[80.22646,8.05703],[80.22647,8.05664],[80.22654,8.05634],[80.22644,8.05601],[80.22621,8.05562],[80.2257,8.05524],[80.22564,8.05533],[80.22565,8.05539],[80.22583,8.05549],[80.22591,8.05592],[80.22595,8.05599],[80.22607,8.05601],[80.22623,8.05624],[80.22617,8.05653],[80.22582,8.05694],[80.22574,8.05694],[80.22564,8.05685],[80.22572,8.05672],[80.22556,8.05637],[80.22541,8.05633],[80.22504,8.0566]]]}},{"type":"Feature","properties":{"c":"farmland"},"geometry":{"type":"Polygon","coordinates":[[[80.22585,8.06036],[80.22591,8.06061],[80.22612,8.06071],[80.2263,8.06062],[80.22614,8.06044],[80.22612,8.06014],[80.22629,8.06014],[80.22627,8.0604],[80.2264,8.06042],[80.2265,8.0606],[80.22661,8.06062],[80.22663,8.0607],[80.22698,8.06074],[80.22721,8.06071],[80.22732,8.06064],[80.22732,8.06046],[80.22722,8.06038],[80.22722,8.06029],[80.2274,8.06029],[80.22739,8.06011],[80.22715,8.06009],[80.22713,8.05999],[80.22697,8.05986],[80.22685,8.05969],[80.22677,8.05947],[80.22677,8.05921],[80.22671,8.05918],[80.22659,8.0592],[80.22628,8.05943],[80.22604,8.05963],[80.2259,8.05981],[80.22585,8.06036]]]}},{"type":"Feature","properties":{"c":"scrub"},"geometry":{"type":"Polygon","coordinates":[[[80.22696,8.05835],[80.22701,8.0585],[80.22713,8.05855],[80.22727,8.0585],[80.22752,8.05817],[80.22765,8.05812],[80.22779,8.05819],[80.22788,8.05817],[80.22812,8.05832],[80.22847,8.05821],[80.22795,8.05759],[80.22765,8.0574],[80.22748,8.05719],[80.22734,8.05754],[80.22735,8.0577],[80.2275,8.05789],[80.22748,8.05796],[80.22711,8.0582],[80.22696,8.05835]]]}},{"type":"Feature","properties":{"c":"farmland"},"geometry":{"type":"Polygon","coordinates":[[[80.22698,8.05649],[80.22728,8.05672],[80.22727,8.05682],[80.22752,8.0571],[80.22748,8.05719],[80.22765,8.0574],[80.22795,8.05759],[80.22869,8.05843],[80.22884,8.05835],[80.22891,8.05823],[80.22885,8.05818],[80.22933,8.05704],[80.23037,8.05683],[80.23036,8.05676],[80.23148,8.05671],[80.23133,8.05634],[80.23156,8.05621],[80.23153,8.0561],[80.23162,8.05603],[80.23174,8.05609],[80.23185,8.05606],[80.23179,8.0556],[80.23167,8.05549],[80.23189,8.05526],[80.2316,8.05513],[80.23056,8.05504],[80.23005,8.05533],[80.23011,8.05575],[80.22964,8.05583],[80.22959,8.05579],[80.22933,8.05583],[80.22921,8.05591],[80.22858,8.05544],[80.22815,8.05521],[80.2272,8.05596],[80.22698,8.05649]]]}},{"type":"Feature","properties":{"c":"farmland"},"geometry":{"type":"Polygon","coordinates":[[[80.22882,8.05316],[80.22898,8.05367],[80.22917,8.05364],[80.22979,8.05376],[80.22987,8.05366],[80.22992,8.05324],[80.22977,8.05322],[80.22975,8.05284],[80.22902,8.05283],[80.22901,8.05313],[80.22882,8.05316]]]}},{"type":"Feature","properties":{"c":"forest"},"geometry":{"type":"Polygon","coordinates":[[[80.22964,8.05272],[80.22976,8.05277],[80.22977,8.05322],[80.23008,8.05324],[80.23044,8.05307],[80.23048,8.05312],[80.23067,8.05299],[80.23091,8.053],[80.23112,8.05241],[80.23077,8.05226],[80.23054,8.05224],[80.23046,8.05229],[80.23055,8.05244],[80.23044,8.05255],[80.23008,8.05268],[80.23,8.05248],[80.22991,8.0524],[80.2298,8.05247],[80.22964,8.05272]]]}},{"type":"Feature","properties":{"c":"forest"},"geometry":{"type":"Polygon","coordinates":[[[80.23046,8.05055],[80.23041,8.05112],[80.23049,8.05124],[80.23084,8.05146],[80.23104,8.05152],[80.23126,8.0517],[80.23161,8.05154],[80.23182,8.05107],[80.23227,8.05106],[80.23253,8.05144],[80.23263,8.05148],[80.23271,8.05135],[80.23266,8.05115],[80.23282,8.05115],[80.23291,8.05149],[80.23316,8.05152],[80.23343,8.05149],[80.23347,8.05111],[80.23316,8.05103],[80.23324,8.05078],[80.23352,8.05088],[80.23426,8.05025],[80.23373,8.04966],[80.23358,8.04989],[80.2338,8.05021],[80.23378,8.05031],[80.23353,8.05031],[80.23345,8.05023],[80.23321,8.05019],[80.23292,8.05022],[80.23276,8.05052],[80.23258,8.05047],[80.23255,8.05059],[80.23248,8.05066],[80.23239,8.05066],[80.23227,8.05062],[80.23208,8.05029],[80.23198,8.05032],[80.23191,8.0504],[80.23192,8.05053],[80.23185,8.05075],[80.23179,8.05082],[80.23167,8.05085],[80.23161,8.05079],[80.23163,8.05067],[80.23153,8.05039],[80.23161,8.05008],[80.23153,8.04984],[80.23173,8.04961],[80.23198,8.04902],[80.23173,8.04888],[80.23166,8.04902],[80.23141,8.04927],[80.23126,8.0491],[80.2311,8.0493],[80.23117,8.04941],[80.23075,8.04966],[80.23071,8.04973],[80.23076,8.05011],[80.23046,8.05055]]]}},{"type":"Feature","properties":{"c":"scrub"},"geometry":{"type":"Polygon","coordinates":[[[80.23153,8.04984],[80.23161,8.05008],[80.23153,8.05039],[80.23163,8.05067],[80.23161,8.05079],[80.23167,8.05085],[80.23179,8.05082],[80.23185,8.05075],[80.23192,8.05053],[80.23191,8.0504],[80.23198,8.05032],[80.23208,8.05029],[80.23197,8.05008],[80.23202,8.04996],[80.23231,8.04993],[80.23254,8.0503],[80.23258,8.05047],[80.23276,8.05052],[80.23288,8.05027],[80.23306,8.05019],[80.23345,8.05023],[80.23353,8.05031],[80.23378,8.05031],[80.2338,8.05021],[80.23358,8.04989],[80.23373,8.04966],[80.23243,8.04879],[80.23219,8.04914],[80.23198,8.04902],[80.23173,8.04961],[80.23153,8.04984]]]}},{"type":"Feature","properties":{"c":"meadow"},"geometry":{"type":"Polygon","coordinates":[[[80.22777,8.05339],[80.22788,8.05368],[80.22817,8.05367],[80.22823,8.05394],[80.22778,8.0541],[80.22784,8.05452],[80.22835,8.05453],[80.2284,8.05432],[80.22842,8.05339],[80.22777,8.05339]]]}},{"type":"Feature","properties":{"c":"meadow"},"geometry":{"type":"Polygon","coordinates":[[[80.22966,8.05412],[80.22975,8.0544],[80.22999,8.05436],[80.23037,8.05422],[80.23009,8.05363],[80.23061,8.05338],[80.23048,8.05326],[80.23048,8.05312],[80.23044,8.05307],[80.23008,8.05324],[80.22992,8.05324],[80.22987,8.05366],[80.22979,8.05376],[80.22966,8.05412]]]}},{"type":"Feature","properties":{"c":"meadow"},"geometry":{"type":"Polygon","coordinates":[[[80.23048,8.05312],[80.23061,8.05338],[80.23084,8.05338],[80.23125,8.05335],[80.23124,8.05324],[80.23141,8.0532],[80.23146,8.05312],[80.23188,8.05306],[80.23189,8.05259],[80.2318,8.05253],[80.23178,8.05231],[80.23154,8.05231],[80.23151,8.05226],[80.23125,8.0522],[80.23107,8.05252],[80.23091,8.053],[80.23067,8.05299],[80.23048,8.05312]]]}},{"type":"Feature","properties":{"c":"farmland"},"geometry":{"type":"Polygon","coordinates":[[[80.23202,8.05352],[80.23278,8.05363],[80.23279,8.05324],[80.23246,8.05314],[80.23227,8.05333],[80.23205,8.0533],[80.23202,8.05352]]]}},{"type":"Feature","properties":{"c":"meadow"},"geometry":{"type":"Polygon","coordinates":[[[80.23189,8.05259],[80.23188,8.05306],[80.23206,8.05304],[80.23221,8.05309],[80.23238,8.05322],[80.23246,8.05314],[80.2321,8.05259],[80.23203,8.05256],[80.23189,8.05259]]]}},{"type":"Feature","properties":{"c":"farmland"},"geometry":{"type":"Polygon","coordinates":[[[80.23245,8.0519],[80.23255,8.05193],[80.23267,8.05183],[80.23279,8.05159],[80.23284,8.05159],[80.23286,8.05171],[80.23299,8.05169],[80.23297,8.05161],[80.23322,8.0516],[80.23322,8.05152],[80.23291,8.05149],[80.23282,8.05115],[80.23266,8.05115],[80.23271,8.05135],[80.23245,8.0519]]]}},{"type":"Feature","properties":{"c":"scrub"},"geometry":{"type":"Polygon","coordinates":[[[80.23125,8.0522],[80.23151,8.05226],[80.23156,8.05223],[80.23163,8.0523],[80.23178,8.05231],[80.2318,8.05253],[80.23189,8.05259],[80.23203,8.05256],[80.23213,8.05263],[80.23236,8.05244],[80.23241,8.05204],[80.23255,8.05193],[80.23245,8.0519],[80.23263,8.05148],[80.23253,8.05144],[80.23227,8.05106],[80.23182,8.05107],[80.23161,8.05154],[80.23126,8.0517],[80.23125,8.0522]]]}},{"type":"Feature","properties":{"c":"forest"},"geometry":{"type":"Polygon","coordinates":[[[80.23213,8.05263],[80.23246,8.05314],[80.23255,8.05317],[80.23263,8.05283],[80.23287,8.05288],[80.23279,8.05324],[80.23306,8.05328],[80.23315,8.05221],[80.23342,8.0521],[80.23355,8.05189],[80.23369,8.05181],[80.23374,8.05146],[80.23322,8.05152],[80.23322,8.0516],[80.23297,8.05161],[80.23299,8.05169],[80.23286,8.05171],[80.23284,8.05159],[80.23279,8.05159],[80.23267,8.05183],[80.23241,8.05204],[80.23236,8.05244],[80.23213,8.05263]]]}},{"type":"Feature","properties":{"c":"scrub"},"geometry":{"type":"Polygon","coordinates":[[[80.22798,8.05504],[80.22815,8.05521],[80.22858,8.05544],[80.22879,8.05517],[80.22878,8.05466],[80.22923,8.05467],[80.22928,8.0548],[80.22926,8.05523],[80.22929,8.05531],[80.22894,8.05571],[80.22921,8.05591],[80.22933,8.05583],[80.22959,8.05579],[80.22964,8.05583],[80.23011,8.05575],[80.23005,8.05533],[80.23056,8.05504],[80.2316,8.05513],[80.23189,8.05526],[80.23198,8.05517],[80.2316,8.05501],[80.23104,8.05493],[80.23058,8.05492],[80.2298,8.05535],[80.22976,8.05531],[80.22978,8.05519],[80.22999,8.05436],[80.22975,8.0544],[80.22966,8.05412],[80.22979,8.05376],[80.22917,8.05364],[80.22874,8.0537],[80.22841,8.05385],[80.22838,8.05449],[80.22798,8.05504]]]}},{"type":"Feature","properties":{"c":"farmland"},"geometry":{"type":"Polygon","coordinates":[[[80.23898,8.05585],[80.23909,8.05606],[80.23918,8.05658],[80.23985,8.0564],[80.23927,8.05565],[80.23898,8.05585]]]}},{"type":"Feature","properties":{"c":"farmland"},"geometry":{"type":"Polygon","coordinates":[[[80.23841,8.05816],[80.23846,8.05929],[80.23879,8.05929],[80.2388,8.0591],[80.23893,8.05907],[80.23893,8.05904],[80.23927,8.05904],[80.23929,8.05879],[80.23891,8.05878],[80.23896,8.05822],[80.23841,8.05816]]]}},{"type":"Feature","properties":{"c":"scrub"},"geometry":{"type":"Polygon","coordinates":[[[80.23918,8.05707],[80.23926,8.05767],[80.23942,8.0581],[80.24016,8.05756],[80.2398,8.05691],[80.23969,8.05695],[80.23956,8.05649],[80.23918,8.05658],[80.23918,8.05707]]]}},{"type":"Feature","properties":{"c":"farmland"},"geometry":{"type":"Polygon","coordinates":[[[80.23036,8.05968],[80.23055,8.06007],[80.23056,8.06028],[80.23075,8.06027],[80.23076,8.06035],[80.23067,8.06041],[80.23067,8.06048],[80.23081,8.06052],[80.23084,8.06066],[80.23056,8.06069],[80.23065,8.061],[80.23097,8.06094],[80.23109,8.0613],[80.23118,8.06173],[80.23109,8.06177],[80.23106,8.06213],[80.2312,8.06215],[80.23115,8.06247],[80.23135,8.06272],[80.23147,8.0626],[80.23183,8.06285],[80.23211,8.06251],[80.23209,8.06242],[80.23218,8.06233],[80.23234,8.06228],[80.23234,8.0621],[80.23252,8.06204],[80.23259,8.06183],[80.23273,8.06182],[80.23278,8.06191],[80.2329,8.06188],[80.2329,8.06182],[80.23296,8.0618],[80.23316,8.06184],[80.23327,8.06176],[80.23338,8.06178],[80.23334,8.06194],[80.23313,8.06204],[80.23308,8.06198],[80.23277,8.06207],[80.23271,8.06219],[80.23259,8.06223],[80.23257,8.06236],[80.23264,8.06244],[80.23247,8.06272],[80.23223,8.06273],[80.23218,8.06283],[80.23233,8.06305],[80.23217,8.06329],[80.23206,8.06329],[80.23195,8.06347],[80.23182,8.06353],[80.23156,8.06392],[80.23171,8.06401],[80.23182,8.06386],[80.23198,8.06379],[80.23292,8.06415],[80.23313,8.06403],[80.23363,8.06404],[80.23397,8.06397],[80.23413,8.06467],[80.23698,8.06512],[80.23699,8.06485],[80.23722,8.06486],[80.23721,8.06459],[80.23789,8.06457],[80.23821,8.06465],[80.23822,8.06423],[80.23742,8.06416],[80.23742,8.06367],[80.23768,8.06366],[80.23768,8.06348],[80.2378,8.06347],[80.2378,8.06314],[80.23773,8.06298],[80.23762,8.06301],[80.23747,8.0629],[80.23719,8.06213],[80.23718,8.06199],[80.23738,8.06204],[80.23743,8.06191],[80.23729,8.06186],[80.23736,8.06161],[80.23723,8.06154],[80.23734,8.06114],[80.23722,8.06109],[80.2373,8.06074],[80.23719,8.0606],[80.23734,8.06035],[80.23716,8.06024],[80.23731,8.06],[80.23717,8.05992],[80.23738,8.05967],[80.23753,8.05969],[80.23782,8.05952],[80.23832,8.05952],[80.23827,8.05855],[80.23795,8.05855],[80.23793,8.05875],[80.23775,8.05884],[80.23766,8.05873],[80.23759,8.05877],[80.23753,8.05869],[80.23774,8.05847],[80.2377,8.05834],[80.23759,8.05828],[80.23737,8.0584],[80.23731,8.05837],[80.23721,8.05847],[80.23712,8.05844],[80.23695,8.05818],[80.23711,8.05782],[80.23652,8.05766],[80.2364,8.05767],[80.23606,8.05809],[80.23584,8.05798],[80.23573,8.058],[80.23563,8.05814],[80.23558,8.05829],[80.23579,8.05839],[80.23565,8.05874],[80.23499,8.05855],[80.23488,8.05873],[80.23511,8.05879],[80.23502,8.05904],[80.23494,8.05903],[80.23481,8.05939],[80.23462,8.05964],[80.23467,8.05978],[80.23461,8.05985],[80.23417,8.05999],[80.23395,8.06019],[80.23378,8.06011],[80.23355,8.06026],[80.23349,8.06025],[80.23342,8.06009],[80.23255,8.05998],[80.23247,8.05957],[80.23263,8.05917],[80.23237,8.05892],[80.23168,8.05912],[80.23036,8.05968]]]}},{"type":"Feature","properties":{"c":"scrub"},"geometry":{"type":"Polygon","coordinates":[[[80.23279,8.0648],[80.23303,8.06483],[80.2331,8.06438],[80.2334,8.0644],[80.23341,8.06459],[80.23358,8.0647],[80.23375,8.06467],[80.23367,8.06404],[80.23313,8.06403],[80.23292,8.06415],[80.23279,8.0648]]]}},{"type":"Feature","properties":{"c":"scrub"},"geometry":{"type":"Polygon","coordinates":[[[80.2364,8.05767],[80.23652,8.05766],[80.23711,8.05782],[80.23695,8.05818],[80.23712,8.05844],[80.23721,8.05847],[80.23731,8.05837],[80.23737,8.0584],[80.23759,8.05828],[80.2377,8.05834],[80.23774,8.05847],[80.23753,8.05869],[80.23759,8.05877],[80.23766,8.05873],[80.23775,8.05884],[80.23793,8.05875],[80.23795,8.05855],[80.23827,8.05855],[80.23833,8.05929],[80.23846,8.05929],[80.23841,8.05816],[80.23896,8.05822],[80.23891,8.05852],[80.23931,8.05855],[80.23927,8.05896],[80.23941,8.05896],[80.23944,8.05911],[80.23973,8.05921],[80.23971,8.05863],[80.23951,8.05828],[80.23937,8.05833],[80.23923,8.05809],[80.23913,8.05802],[80.23901,8.05797],[80.23843,8.05795],[80.23771,8.05783],[80.23644,8.05746],[80.2364,8.05767]]]}},{"type":"Feature","properties":{"c":"farmland"},"geometry":{"type":"Polygon","coordinates":[[[80.23561,8.05351],[80.23588,8.05372],[80.23584,8.05377],[80.23626,8.05408],[80.23637,8.05407],[80.23671,8.05425],[80.23723,8.05362],[80.23693,8.05337],[80.23617,8.05251],[80.23572,8.0529],[80.23598,8.05322],[80.23561,8.05351]]]}},{"type":"Feature","properties":{"c":"farmland"},"geometry":{"type":"Polygon","coordinates":[[[80.23492,8.05542],[80.23513,8.05547],[80.23516,8.05539],[80.23535,8.05544],[80.23537,8.05553],[80.23549,8.05558],[80.23543,8.05576],[80.23568,8.05583],[80.23597,8.05526],[80.23575,8.0551],[80.23564,8.05531],[80.23502,8.05506],[80.23492,8.05542]]]}},{"type":"Feature","properties":{"c":"meadow"},"geometry":{"type":"Polygon","coordinates":[[[80.23247,8.05957],[80.23255,8.05998],[80.23307,8.06003],[80.2332,8.05956],[80.23256,8.05934],[80.23247,8.05957]]]}},{"type":"Feature","properties":{"c":"scrub"},"geometry":{"type":"Polygon","coordinates":[[[80.23307,8.06003],[80.23342,8.06009],[80.23349,8.06025],[80.23355,8.06026],[80.23378,8.06011],[80.23352,8.06002],[80.23364,8.05972],[80.2332,8.05956],[80.23307,8.06003]]]}},{"type":"Feature","properties":{"c":"scrub"},"geometry":{"type":"Polygon","coordinates":[[[80.23383,8.06014],[80.23395,8.06019],[80.23417,8.05999],[80.23461,8.05985],[80.23467,8.05978],[80.23462,8.05964],[80.23481,8.05939],[80.23494,8.05903],[80.23502,8.05904],[80.23511,8.05879],[80.23488,8.05873],[80.23476,8.05889],[80.23442,8.05878],[80.23383,8.06014]]]}},{"type":"Feature","properties":{"c":"scrub"},"geometry":{"type":"Polygon","coordinates":[[[80.23497,8.05731],[80.23511,8.05785],[80.23548,8.05796],[80.23532,8.05833],[80.23512,8.05829],[80.23499,8.05855],[80.23565,8.05874],[80.23579,8.05839],[80.23558,8.05829],[80.23563,8.05814],[80.23573,8.058],[80.23584,8.05798],[80.23606,8.05809],[80.2364,8.05767],[80.23644,8.05746],[80.2357,8.05725],[80.23544,8.05722],[80.23517,8.05728],[80.23504,8.05721],[80.23497,8.05731]]]}},{"type":"Feature","properties":{"c":"farmland"},"geometry":{"type":"Polygon","coordinates":[[[80.23516,8.05598],[80.23527,8.05601],[80.23525,8.05609],[80.23558,8.05616],[80.23565,8.05585],[80.23523,8.05573],[80.23516,8.05598]]]}},{"type":"Feature","properties":{"c":"scrub"},"geometry":{"type":"Polygon","coordinates":[[[80.23452,8.05619],[80.23558,8.05643],[80.23573,8.05619],[80.23525,8.05609],[80.23527,8.05601],[80.23516,8.05598],[80.23523,8.05573],[80.23489,8.05565],[80.23484,8.05586],[80.23461,8.05581],[80.23452,8.05619]]]}},{"type":"Feature","properties":{"c":"scrub"},"geometry":{"type":"Polygon","coordinates":[[[80.23505,8.05452],[80.23586,8.05486],[80.23575,8.0551],[80.23597,8.05526],[80.23587,8.0554],[80.23616,8.05546],[80.23663,8.05471],[80.23672,8.05443],[80.23671,8.05425],[80.23637,8.05407],[80.23626,8.05408],[80.23584,8.05377],[80.23588,8.05372],[80.23561,8.05351],[80.23598,8.05322],[80.23572,8.0529],[80.23519,8.05333],[80.23505,8.05452]]]}},{"type":"Feature","properties":{"c":"farmland"},"geometry":{"type":"Polygon","coordinates":[[[80.23133,8.05634],[80.23159,8.05709],[80.2316,8.05725],[80.2317,8.05728],[80.23197,8.05704],[80.23194,8.05684],[80.23204,8.05679],[80.23185,8.05609],[80.23133,8.05634]]]}},{"type":"Feature","properties":{"c":"meadow"},"geometry":{"type":"Polygon","coordinates":[[[80.23162,8.05396],[80.23205,8.05513],[80.23228,8.05504],[80.23219,8.05479],[80.23235,8.05474],[80.2324,8.05487],[80.23269,8.05485],[80.23274,8.05399],[80.23199,8.05384],[80.23162,8.05396]]]}},{"type":"Feature","properties":{"c":"scrub"},"geometry":{"type":"Polygon","coordinates":[[[80.23188,8.05306],[80.23189,8.05353],[80.23202,8.05352],[80.23205,8.0533],[80.23227,8.05333],[80.23238,8.05322],[80.23221,8.05309],[80.23206,8.05304],[80.23188,8.05306]]]}},{"type":"Feature","properties":{"c":"scrub"},"geometry":{"type":"Polygon","coordinates":[[[80.23268,8.05497],[80.2334,8.0551],[80.23354,8.05503],[80.23392,8.05509],[80.23398,8.05472],[80.23382,8.0547],[80.23385,8.05453],[80.23398,8.05454],[80.23411,8.05376],[80.23411,8.05344],[80.23337,8.05333],[80.23331,8.05406],[80.23343,8.05408],[80.23339,8.05432],[80.23305,8.05428],[80.23303,8.05453],[80.2327,8.05449],[80.23268,8.05497]]]}},{"type":"Feature","properties":{"c":"scrub"},"geometry":{"type":"Polygon","coordinates":[[[80.23337,8.05333],[80.23421,8.05346],[80.23431,8.05316],[80.23464,8.05329],[80.2348,8.05304],[80.23448,8.0528],[80.23459,8.05266],[80.23449,8.05236],[80.23372,8.05254],[80.23373,8.05276],[80.2334,8.05278],[80.23337,8.05333]]]}},{"type":"Feature","properties":{"c":"scrub"},"geometry":{"type":"Polygon","coordinates":[[[80.23343,8.05149],[80.23374,8.05146],[80.23413,8.05189],[80.23435,8.05172],[80.23419,8.05153],[80.23432,8.05142],[80.23411,8.05116],[80.23431,8.051],[80.23408,8.05071],[80.23396,8.0508],[80.23381,8.05063],[80.23352,8.05088],[80.23343,8.05149]]]}},{"type":"Feature","properties":{"c":"scrub"},"geometry":{"type":"Polygon","coordinates":[[[80.23153,8.0561],[80.23156,8.05621],[80.23185,8.05609],[80.23197,8.0564],[80.23215,8.05638],[80.23217,8.05616],[80.23243,8.05617],[80.23246,8.05592],[80.23226,8.05588],[80.23228,8.05539],[80.23214,8.05532],[80.23205,8.05513],[80.23167,8.05549],[80.23179,8.0556],[80.23185,8.05606],[80.23174,8.05609],[80.23162,8.05603],[80.23153,8.0561]]]}},{"type":"Feature","properties":{"c":"scrub"},"geometry":{"type":"Polygon","coordinates":[[[80.23244,8.05604],[80.23277,8.0561],[80.23274,8.05647],[80.23315,8.05653],[80.23319,8.05618],[80.23339,8.05621],[80.23346,8.05594],[80.23329,8.0559],[80.2325,8.05549],[80.23244,8.05604]]]}},{"type":"Feature","properties":{"c":"farmland"},"geometry":{"type":"Polygon","coordinates":[[[80.23221,8.05804],[80.23238,8.05826],[80.23258,8.05815],[80.23247,8.05799],[80.23283,8.05771],[80.23278,8.05759],[80.23221,8.05804]]]}},{"type":"Feature","properties":{"c":"scrub"},"geometry":{"type":"Polygon","coordinates":[[[80.23182,8.05773],[80.23234,8.05828],[80.23238,8.05826],[80.23221,8.05804],[80.23262,8.05772],[80.23249,8.05753],[80.23236,8.05761],[80.23225,8.05743],[80.23182,8.05773]]]}},{"type":"Feature","properties":{"c":"meadow"},"geometry":{"type":"Polygon","coordinates":[[[80.2316,8.05725],[80.23166,8.05747],[80.23182,8.05773],[80.23244,8.0573],[80.23238,8.0572],[80.23257,8.05706],[80.23252,8.05684],[80.23238,8.05681],[80.23207,8.05702],[80.23216,8.05712],[80.23188,8.05737],[80.23178,8.05727],[80.23175,8.0573],[80.2316,8.05725]]]}},{"type":"Feature","properties":{"c":"meadow"},"geometry":{"type":"Polygon","coordinates":[[[80.23302,8.05883],[80.23352,8.05906],[80.23361,8.059],[80.23376,8.05875],[80.23334,8.05855],[80.23324,8.05871],[80.23313,8.05865],[80.23302,8.05883]]]}},{"type":"Feature","properties":{"c":"scrub"},"geometry":{"type":"Polygon","coordinates":[[[80.23012,8.05949],[80.23036,8.05968],[80.23168,8.05912],[80.23237,8.05892],[80.23263,8.05917],[80.23256,8.05934],[80.2327,8.05939],[80.23288,8.05898],[80.23301,8.05905],[80.2331,8.05888],[80.23302,8.05883],[80.23313,8.05865],[80.23324,8.05871],[80.23363,8.05805],[80.23358,8.05761],[80.23288,8.05763],[80.23291,8.05797],[80.23234,8.05828],[80.23254,8.05836],[80.23254,8.0586],[80.23248,8.05865],[80.2308,8.05931],[80.23012,8.05949]]]}},{"type":"Feature","properties":{"c":"scrub"},"geometry":{"type":"Polygon","coordinates":[[[80.24024,8.05872],[80.24024,8.05962],[80.24108,8.05965],[80.24107,8.05976],[80.24115,8.05977],[80.24131,8.05965],[80.24161,8.05974],[80.2419,8.05964],[80.24176,8.05929],[80.24112,8.05929],[80.24111,8.05884],[80.24061,8.05831],[80.24032,8.0585],[80.24024,8.05872]]]}},{"type":"Feature","properties":{"c":"farmland"},"geometry":{"type":"Polygon","coordinates":[[[80.24084,8.05999],[80.24093,8.06003],[80.24096,8.06035],[80.24116,8.06051],[80.24125,8.06047],[80.24126,8.06023],[80.24144,8.0597],[80.24131,8.05965],[80.24115,8.05977],[80.24107,8.05976],[80.24108,8.05965],[80.24088,8.05964],[80.24084,8.05999]]]}},{"type":"Feature","properties":{"c":"scrub"},"geometry":{"type":"Polygon","coordinates":[[[80.22865,8.05849],[80.22878,8.05894],[80.22903,8.05914],[80.22922,8.0596],[80.22918,8.05984],[80.2291,8.05996],[80.22898,8.06002],[80.22903,8.06026],[80.22982,8.06036],[80.22992,8.0598],[80.23019,8.05955],[80.22994,8.05938],[80.22964,8.05895],[80.22933,8.05867],[80.22884,8.05835],[80.22865,8.05849]]]}},{"type":"Feature","properties":{"c":"scrub"},"geometry":{"type":"Polygon","coordinates":[[[80.2304,8.06636],[80.23046,8.06641],[80.23043,8.06676],[80.23072,8.0669],[80.23084,8.06672],[80.2309,8.06645],[80.23075,8.06624],[80.23084,8.06607],[80.23076,8.06598],[80.23091,8.06585],[80.23119,8.06536],[80.23113,8.06521],[80.23128,8.065],[80.23128,8.0649],[80.23145,8.06471],[80.23143,8.06462],[80.23159,8.06442],[80.23177,8.06428],[80.23203,8.0642],[80.23214,8.06405],[80.2327,8.06421],[80.23274,8.06408],[80.23198,8.06379],[80.23182,8.06386],[80.23171,8.06401],[80.23156,8.06392],[80.23182,8.06353],[80.23195,8.06347],[80.23206,8.06329],[80.23217,8.06329],[80.23233,8.06305],[80.23218,8.06283],[80.23223,8.06273],[80.23247,8.06272],[80.23264,8.06244],[80.23257,8.06236],[80.23259,8.06223],[80.23271,8.06219],[80.23277,8.06207],[80.23308,8.06198],[80.23313,8.06204],[80.23334,8.06194],[80.23338,8.06178],[80.23327,8.06176],[80.23316,8.06184],[80.23296,8.0618],[80.2329,8.06182],[80.2329,8.06188],[80.23278,8.06191],[80.23273,8.06182],[80.23259,8.06183],[80.23252,8.06204],[80.23234,8.0621],[80.23234,8.06228],[80.23218,8.06233],[80.23209,8.06242],[80.23211,8.06251],[80.23183,8.06285],[80.23198,8.06297],[80.23186,8.06325],[80.23174,8.06336],[80.23161,8.06362],[80.23138,8.06377],[80.23136,8.06404],[80.231,8.06441],[80.23086,8.06468],[80.23093,8.06488],[80.23064,8.06539],[80.2307,8.06569],[80.23053,8.06594],[80.23051,8.0662],[80.2304,8.06636]]]}},{"type":"Feature","properties":{"c":"scrub"},"geometry":{"type":"Polygon","coordinates":[[[80.23975,8.061],[80.24045,8.06131],[80.24076,8.06106],[80.24108,8.06067],[80.24122,8.06056],[80.24141,8.06061],[80.24145,8.06054],[80.24125,8.06047],[80.24116,8.06051],[80.24096,8.06035],[80.24093,8.06003],[80.24084,8.05999],[80.24088,8.05964],[80.24024,8.05962],[80.24021,8.06014],[80.24058,8.06013],[80.24061,8.06024],[80.24058,8.06045],[80.24065,8.06066],[80.24051,8.0608],[80.24044,8.06098],[80.24035,8.06098],[80.23991,8.06078],[80.23975,8.061]]]}},{"type":"Feature","properties":{"c":"farmland"},"geometry":{"type":"Polygon","coordinates":[[[80.21964,8.04679],[80.22023,8.04702],[80.22042,8.04646],[80.22072,8.0461],[80.22009,8.04585],[80.21964,8.04679]]]}},{"type":"Feature","properties":{"c":"forest"},"geometry":{"type":"Polygon","coordinates":[[[80.21924,8.04445],[80.21997,8.04479],[80.2198,8.0451],[80.22001,8.04532],[80.22047,8.04548],[80.22069,8.0455],[80.22106,8.04569],[80.22121,8.04571],[80.22114,8.04545],[80.22117,8.04496],[80.22096,8.04485],[80.22083,8.04454],[80.22073,8.0436],[80.2206,8.04349],[80.22055,8.04333],[80.22008,8.04278],[80.22016,8.04265],[80.22009,8.04248],[80.21975,8.04266],[80.21961,8.04387],[80.21952,8.04399],[80.21942,8.044],[80.21924,8.04445]]]}},{"type":"Feature","properties":{"c":"meadow"},"geometry":{"type":"Polygon","coordinates":[[[80.21952,8.04663],[80.21968,8.04669],[80.22009,8.04585],[80.22072,8.0461],[80.22097,8.04624],[80.22096,8.04628],[80.2214,8.04649],[80.22162,8.04597],[80.22159,8.0459],[80.22069,8.0455],[80.22047,8.04548],[80.22001,8.04532],[80.21968,8.0458],[80.21952,8.04663]]]}},{"type":"Feature","properties":{"c":"farmland"},"geometry":{"type":"Polygon","coordinates":[[[80.21838,8.04063],[80.21839,8.04132],[80.21851,8.04134],[80.21855,8.04141],[80.21935,8.04135],[80.21929,8.04104],[80.21916,8.04086],[80.219,8.04084],[80.21898,8.04061],[80.21841,8.04056],[80.21838,8.04063]]]}},{"type":"Feature","properties":{"c":"farmland"},"geometry":{"type":"Polygon","coordinates":[[[80.21894,8.0402],[80.21924,8.04035],[80.21925,8.04067],[80.21951,8.04066],[80.21998,8.04051],[80.22069,8.04014],[80.22056,8.03987],[80.22064,8.03946],[80.22021,8.03929],[80.22021,8.03882],[80.21952,8.03873],[80.21915,8.03876],[80.21907,8.0388],[80.2191,8.03991],[80.21894,8.0402]]]}},{"type":"Feature","properties":{"c":"scrub"},"geometry":{"type":"Polygon","coordinates":[[[80.21825,8.03984],[80.21897,8.03992],[80.21894,8.0402],[80.2191,8.03991],[80.21907,8.03903],[80.21834,8.03899],[80.21825,8.03984]]]}},{"type":"Feature","properties":{"c":"forest"},"geometry":{"type":"Polygon","coordinates":[[[80.21822,8.03831],[80.21822,8.03849],[80.21835,8.03851],[80.21834,8.03899],[80.21907,8.03903],[80.21907,8.0388],[80.21915,8.03876],[80.21919,8.03847],[80.21862,8.03797],[80.21822,8.03831]]]}},{"type":"Feature","properties":{"c":"scrub"},"geometry":{"type":"Polygon","coordinates":[[[80.21598,8.03577],[80.21624,8.03591],[80.21617,8.03605],[80.21674,8.03633],[80.21671,8.03641],[80.21678,8.03644],[80.2172,8.03561],[80.21638,8.03501],[80.21598,8.03577]]]}},{"type":"Feature","properties":{"c":"forest"},"geometry":{"type":"Polygon","coordinates":[[[80.21632,8.03966],[80.21664,8.0397],[80.21711,8.03991],[80.21723,8.03982],[80.21724,8.03936],[80.2164,8.03904],[80.21632,8.03966]]]}},{"type":"Feature","properties":{"c":"orchard"},"geometry":{"type":"Polygon","coordinates":[[[80.21766,8.04015],[80.21888,8.0403],[80.21894,8.0402],[80.21897,8.03992],[80.21825,8.03984],[80.21779,8.03974],[80.21766,8.04015]]]}},{"type":"Feature","properties":{"c":"meadow"},"geometry":{"type":"Polygon","coordinates":[[[80.21769,8.04113],[80.21839,8.04132],[80.21838,8.04063],[80.21809,8.0406],[80.21797,8.04086],[80.21777,8.04087],[80.21769,8.04113]]]}},{"type":"Feature","properties":{"c":"scrub"},"geometry":{"type":"Polygon","coordinates":[[[80.21761,8.0416],[80.21771,8.04196],[80.21803,8.0419],[80.21808,8.04214],[80.21777,8.0422],[80.21783,8.04239],[80.21865,8.04227],[80.21888,8.04194],[80.21888,8.0417],[80.21919,8.04169],[80.21925,8.04188],[80.21938,8.04185],[80.21949,8.04214],[80.21902,8.04237],[80.21879,8.04255],[80.21834,8.04266],[80.21854,8.04366],[80.21808,8.04376],[80.2181,8.04403],[80.21822,8.04431],[80.21854,8.04418],[80.21863,8.04442],[80.21833,8.04455],[80.21857,8.04505],[80.21905,8.04475],[80.2198,8.0451],[80.21997,8.04479],[80.21924,8.04445],[80.21942,8.044],[80.21952,8.04399],[80.21961,8.04387],[80.21975,8.04266],[80.22009,8.04248],[80.21989,8.04203],[80.2198,8.04204],[80.21959,8.04138],[80.21943,8.04135],[80.21943,8.04104],[80.2193,8.04095],[80.21925,8.04067],[80.21898,8.04067],[80.219,8.04084],[80.21916,8.04086],[80.21929,8.04104],[80.21935,8.04135],[80.21855,8.04141],[80.21851,8.04134],[80.21769,8.04113],[80.21773,8.04135],[80.21787,8.04133],[80.21791,8.04154],[80.21761,8.0416]]]}},{"type":"Feature","properties":{"c":"scrub"},"geometry":{"type":"Polygon","coordinates":[[[80.21851,8.04629],[80.21855,8.04686],[80.21887,8.04673],[80.21898,8.04694],[80.2187,8.04711],[80.21913,8.04788],[80.21919,8.0482],[80.21949,8.04833],[80.2199,8.04864],[80.21983,8.04888],[80.21966,8.04883],[80.21954,8.04885],[80.21916,8.04942],[80.21944,8.04946],[80.21954,8.04954],[80.2199,8.04904],[80.2203,8.0488],[80.22043,8.04885],[80.22042,8.04867],[80.22061,8.04861],[80.22076,8.04845],[80.22106,8.04773],[80.22023,8.04702],[80.21949,8.04673],[80.21968,8.0458],[80.22001,8.04532],[80.2198,8.0451],[80.21938,8.04491],[80.21926,8.04524],[80.21928,8.04563],[80.21939,8.04564],[80.21938,8.0458],[80.21894,8.0458],[80.21891,8.04631],[80.21851,8.04629]]]}},{"type":"Feature","properties":{"c":"forest"},"geometry":{"type":"Polygon","coordinates":[[[80.21527,8.04412],[80.21546,8.04427],[80.21538,8.04464],[80.21604,8.04497],[80.216,8.04507],[80.21615,8.04514],[80.21623,8.04524],[80.21656,8.04536],[80.21663,8.04532],[80.2169,8.04543],[80.21703,8.04528],[80.2172,8.04528],[80.21736,8.04538],[80.2176,8.04505],[80.21774,8.04498],[80.21786,8.04498],[80.21793,8.0451],[80.21775,8.04536],[80.21769,8.04571],[80.21782,8.0458],[80.21827,8.04534],[80.2186,8.04515],[80.21833,8.04455],[80.21799,8.04464],[80.21775,8.04418],[80.21749,8.0442],[80.21713,8.04434],[80.21697,8.0446],[80.21685,8.04458],[80.21679,8.04451],[80.21679,8.04441],[80.21669,8.04432],[80.21655,8.04429],[80.21642,8.04435],[80.21623,8.04434],[80.21592,8.04408],[80.21585,8.04412],[80.21571,8.04411],[80.21539,8.04392],[80.21527,8.04412]]]}},{"type":"Feature","properties":{"c":"farmland"},"geometry":{"type":"Polygon","coordinates":[[[80.21594,8.04194],[80.21614,8.04201],[80.21599,8.04248],[80.21611,8.04254],[80.21611,8.0427],[80.21646,8.04268],[80.21647,8.04284],[80.21684,8.04281],[80.21668,8.04205],[80.21677,8.042],[80.21671,8.04167],[80.21609,8.04152],[80.21594,8.04194]]]}},{"type":"Feature","properties":{"c":"scrub"},"geometry":{"type":"Polygon","coordinates":[[[80.21647,8.04284],[80.21648,8.04296],[80.21698,8.04298],[80.21677,8.042],[80.21668,8.04205],[80.21684,8.04281],[80.21647,8.04284]]]}},{"type":"Feature","properties":{"c":"scrub"},"geometry":{"type":"Polygon","coordinates":[[[80.21495,8.04299],[80.21544,8.04311],[80.21562,8.04264],[80.21514,8.04254],[80.21495,8.04299]]]}},{"type":"Feature","properties":{"c":"scrub"},"geometry":{"type":"Polygon","coordinates":[[[80.21491,8.04363],[80.21571,8.04411],[80.21585,8.04412],[80.21592,8.04408],[80.21623,8.04434],[80.21642,8.04435],[80.21655,8.04429],[80.21669,8.04432],[80.21679,8.04441],[80.21679,8.04451],[80.21685,8.04458],[80.21697,8.0446],[80.21713,8.04434],[80.21727,8.04427],[80.21775,8.04418],[80.21744,8.0429],[80.21708,8.04297],[80.21707,8.04323],[80.21682,8.04323],[80.21681,8.04298],[80.21641,8.04296],[80.21595,8.04307],[80.21591,8.04328],[80.21557,8.04322],[80.21539,8.04355],[80.21504,8.04338],[80.21491,8.04363]]]}},{"type":"Feature","properties":{"c":"scrub"},"geometry":{"type":"Polygon","coordinates":[[[80.21779,8.04425],[80.21799,8.04464],[80.21833,8.04455],[80.21816,8.04419],[80.21779,8.04425]]]}},{"type":"Feature","properties":{"c":"farmland"},"geometry":{"type":"Polygon","coordinates":[[[80.2122,8.04465],[80.2126,8.04476],[80.21335,8.04515],[80.21329,8.04541],[80.21341,8.04547],[80.21351,8.04532],[80.21358,8.04536],[80.21357,8.04546],[80.21413,8.04581],[80.21427,8.04561],[80.21464,8.04589],[80.21471,8.04585],[80.21471,8.04575],[80.21513,8.04558],[80.21535,8.04591],[80.21577,8.04595],[80.21577,8.04571],[80.21566,8.04559],[80.21604,8.04497],[80.21538,8.04464],[80.21541,8.04449],[80.21421,8.04386],[80.21354,8.04369],[80.21357,8.04356],[80.21281,8.04338],[80.21241,8.04345],[80.21232,8.04365],[80.21234,8.04413],[80.2122,8.04465]]]}},{"type":"Feature","properties":{"c":"forest"},"geometry":{"type":"Polygon","coordinates":[[[80.21328,8.04321],[80.21361,8.04341],[80.21354,8.04369],[80.21421,8.04386],[80.21485,8.0442],[80.2151,8.04375],[80.21471,8.04349],[80.21367,8.04261],[80.21328,8.04321]]]}},{"type":"Feature","properties":{"c":"meadow"},"geometry":{"type":"Polygon","coordinates":[[[80.21485,8.0442],[80.21511,8.04434],[80.21541,8.04449],[80.21546,8.04427],[80.21527,8.04412],[80.21539,8.04392],[80.2151,8.04375],[80.21485,8.0442]]]}},{"type":"Feature","properties":{"c":"meadow"},"geometry":{"type":"Polygon","coordinates":[[[80.21593,8.04519],[80.2161,8.04528],[80.21613,8.04546],[80.21633,8.04562],[80.21647,8.04567],[80.21661,8.0456],[80.21692,8.04586],[80.21726,8.04532],[80.21703,8.04528],[80.2169,8.04543],[80.21663,8.04532],[80.21656,8.04536],[80.21623,8.04524],[80.21615,8.04514],[80.216,8.04507],[80.21593,8.04519]]]}},{"type":"Feature","properties":{"c":"farmland"},"geometry":{"type":"Polygon","coordinates":[[[80.21381,8.04581],[80.21401,8.04695],[80.21406,8.04704],[80.21412,8.04708],[80.21464,8.04699],[80.21455,8.04636],[80.21435,8.04638],[80.21423,8.04629],[80.21411,8.04598],[80.21383,8.04572],[80.21381,8.04581]]]}},{"type":"Feature","properties":{"c":"farmland"},"geometry":{"type":"Polygon","coordinates":[[[80.2142,8.046],[80.21441,8.0463],[80.21459,8.04626],[80.21471,8.04649],[80.21491,8.04635],[80.21449,8.04597],[80.21459,8.04586],[80.21443,8.04573],[80.2142,8.046]]]}},{"type":"Feature","properties":{"c":"scrub"},"geometry":{"type":"Polygon","coordinates":[[[80.21383,8.04572],[80.21411,8.04598],[80.21423,8.04629],[80.21435,8.04638],[80.21455,8.04636],[80.21462,8.04668],[80.21464,8.04699],[80.21412,8.04708],[80.21416,8.0472],[80.21523,8.04705],[80.21598,8.04686],[80.21638,8.0467],[80.21673,8.04635],[80.21736,8.04538],[80.21726,8.04532],[80.21692,8.04586],[80.21661,8.0456],[80.21647,8.04567],[80.21633,8.04562],[80.21608,8.04597],[80.2159,8.04599],[80.21599,8.04671],[80.2153,8.04685],[80.21531,8.04643],[80.21499,8.04615],[80.21517,8.0461],[80.21535,8.04591],[80.21513,8.04558],[80.21471,8.04575],[80.21471,8.04585],[80.21464,8.04589],[80.21459,8.04586],[80.21449,8.04597],[80.21491,8.04635],[80.21471,8.04649],[80.21459,8.04626],[80.21441,8.0463],[80.2142,8.046],[80.21443,8.04573],[80.21427,8.04561],[80.21413,8.04581],[80.21386,8.04562],[80.21383,8.04572]]]}},{"type":"Feature","properties":{"c":"forest"},"geometry":{"type":"Polygon","coordinates":[[[80.21566,8.04559],[80.21577,8.04571],[80.21577,8.04595],[80.2159,8.04599],[80.21608,8.04597],[80.21633,8.04562],[80.21613,8.04546],[80.2161,8.04528],[80.21593,8.04519],[80.21566,8.04559]]]}},{"type":"Feature","properties":{"c":"farmland"},"geometry":{"type":"Polygon","coordinates":[[[80.21499,8.04615],[80.21531,8.04643],[80.2153,8.04685],[80.21599,8.04671],[80.2159,8.04599],[80.21535,8.04591],[80.21517,8.0461],[80.21499,8.04615]]]}},{"type":"Feature","properties":{"c":"scrub"},"geometry":{"type":"Polygon","coordinates":[[[80.21718,8.04707],[80.21719,8.04745],[80.21727,8.04767],[80.21743,8.04784],[80.21789,8.04792],[80.21785,8.04765],[80.21794,8.04764],[80.21796,8.04772],[80.2181,8.04782],[80.21831,8.0477],[80.21851,8.0479],[80.2189,8.04858],[80.21914,8.04832],[80.21919,8.04817],[80.21913,8.04788],[80.21855,8.04686],[80.21819,8.04686],[80.21818,8.04617],[80.21851,8.04616],[80.2186,8.04515],[80.21827,8.04534],[80.21782,8.0458],[80.21769,8.04571],[80.21726,8.04643],[80.21753,8.04647],[80.21763,8.04679],[80.21762,8.04703],[80.21718,8.04707]]]}},{"type":"Feature","properties":{"c":"scrub"},"geometry":{"type":"Polygon","coordinates":[[[80.21786,8.04773],[80.21789,8.04792],[80.2181,8.04782],[80.21796,8.04772],[80.21786,8.04773]]]}},{"type":"Feature","properties":{"c":"forest"},"geometry":{"type":"Polygon","coordinates":[[[80.21606,8.04814],[80.21611,8.04834],[80.21613,8.04883],[80.21621,8.04887],[80.21622,8.04906],[80.21644,8.04917],[80.21651,8.04926],[80.21707,8.04937],[80.21748,8.04935],[80.21772,8.04925],[80.21786,8.04938],[80.21777,8.04949],[80.21823,8.0496],[80.21843,8.04973],[80.21838,8.04994],[80.21825,8.04996],[80.21817,8.05003],[80.21821,8.05016],[80.21838,8.05022],[80.21849,8.05035],[80.21902,8.05044],[80.21925,8.05063],[80.21942,8.0505],[80.21968,8.05015],[80.2197,8.04996],[80.21964,8.04963],[80.21944,8.04946],[80.21909,8.0494],[80.21902,8.04932],[80.21901,8.04887],[80.21889,8.04865],[80.2189,8.04858],[80.21839,8.04775],[80.21831,8.0477],[80.21803,8.04788],[80.21789,8.04792],[80.21743,8.04784],[80.21727,8.04767],[80.21719,8.04745],[80.21718,8.04707],[80.21678,8.04682],[80.21617,8.04733],[80.21618,8.0476],[80.21606,8.04814]]]}},{"type":"Feature","properties":{"c":"meadow"},"geometry":{"type":"Polygon","coordinates":[[[80.21678,8.04682],[80.21718,8.04707],[80.21762,8.04703],[80.21763,8.04679],[80.21753,8.04647],[80.21726,8.04643],[80.21678,8.04682]]]}},{"type":"Feature","properties":{"c":"forest"},"geometry":{"type":"Polygon","coordinates":[[[80.21072,8.04649],[80.21089,8.0465],[80.21099,8.04669],[80.21128,8.04689],[80.21126,8.04707],[80.21135,8.04714],[80.21117,8.04734],[80.21122,8.04754],[80.21132,8.0476],[80.21128,8.04777],[80.21133,8.04814],[80.21123,8.04832],[80.21146,8.04869],[80.21158,8.04935],[80.21175,8.0496],[80.21191,8.04965],[80.21199,8.04962],[80.21208,8.04946],[80.21276,8.04929],[80.21306,8.04931],[80.21344,8.04921],[80.21362,8.04932],[80.21427,8.04958],[80.21452,8.04958],[80.21465,8.04945],[80.2147,8.04929],[80.21486,8.04919],[80.21503,8.04918],[80.21504,8.04891],[80.21528,8.04864],[80.21534,8.04846],[80.21528,8.04836],[80.21514,8.0483],[80.21499,8.04807],[80.21449,8.04793],[80.2141,8.0479],[80.21394,8.04778],[80.21363,8.04776],[80.21359,8.04767],[80.21364,8.04753],[80.21386,8.04731],[80.21416,8.0472],[80.21412,8.04708],[80.21401,8.04695],[80.21381,8.04581],[80.21386,8.04562],[80.21357,8.04546],[80.21358,8.04536],[80.21351,8.04532],[80.21341,8.04547],[80.21329,8.04541],[80.21335,8.04515],[80.21308,8.04504],[80.21302,8.04497],[80.21271,8.04519],[80.21251,8.04515],[80.21239,8.04527],[80.2122,8.04535],[80.21205,8.0452],[80.21206,8.04502],[80.21196,8.04492],[80.21182,8.04488],[80.21159,8.04503],[80.21119,8.04544],[80.21111,8.04569],[80.21099,8.0457],[80.21101,8.04622],[80.21073,8.04634],[80.21072,8.04649]]]}},{"type":"Feature","properties":{"c":"scrub"},"geometry":{"type":"Polygon","coordinates":[[[80.21394,8.04778],[80.2141,8.0479],[80.21449,8.04793],[80.21499,8.04807],[80.21514,8.0483],[80.21528,8.04836],[80.21534,8.04846],[80.21528,8.04864],[80.21504,8.04891],[80.21503,8.04918],[80.21486,8.04919],[80.2147,8.04929],[80.21465,8.04945],[80.21452,8.04958],[80.21459,8.04964],[80.21504,8.0496],[80.21508,8.04967],[80.21498,8.04978],[80.21498,8.05006],[80.21489,8.0502],[80.21503,8.05048],[80.21526,8.05053],[80.21539,8.05046],[80.21552,8.05015],[80.21567,8.05003],[80.21631,8.05003],[80.21661,8.05008],[80.21675,8.04997],[80.21695,8.04992],[80.21692,8.04978],[80.21681,8.04975],[80.21642,8.04982],[80.21627,8.0498],[80.21618,8.04972],[80.21651,8.04943],[80.2168,8.04941],[80.21681,8.04932],[80.21651,8.04926],[80.21644,8.04917],[80.21626,8.04909],[80.21621,8.04887],[80.21613,8.04883],[80.21611,8.04834],[80.21606,8.04814],[80.21618,8.0476],[80.21617,8.04733],[80.21604,8.04741],[80.21567,8.04793],[80.21553,8.04801],[80.21537,8.04801],[80.21497,8.04784],[80.21459,8.04776],[80.21394,8.04778]]]}},{"type":"Feature","properties":{"c":"scrub"},"geometry":{"type":"Polygon","coordinates":[[[80.21726,8.04991],[80.21727,8.05003],[80.21733,8.05011],[80.21792,8.05024],[80.21811,8.05052],[80.21822,8.05057],[80.21841,8.0505],[80.21849,8.05035],[80.21838,8.05022],[80.21821,8.05016],[80.21817,8.05003],[80.21825,8.04996],[80.21838,8.04994],[80.21843,8.04973],[80.21823,8.0496],[80.21777,8.04949],[80.21786,8.04938],[80.21772,8.04925],[80.21748,8.04935],[80.21755,8.04961],[80.21726,8.04991]]]}},{"type":"Feature","properties":{"c":"meadow"},"geometry":{"type":"Polygon","coordinates":[[[80.21281,8.04338],[80.21357,8.04356],[80.21361,8.04341],[80.21328,8.04321],[80.21296,8.04311],[80.21281,8.04338]]]}},{"type":"Feature","properties":{"c":"scrub"},"geometry":{"type":"Polygon","coordinates":[[[80.21265,8.0434],[80.21281,8.04338],[80.21296,8.04311],[80.21328,8.04321],[80.21345,8.04291],[80.21324,8.04279],[80.21345,8.04243],[80.2138,8.04271],[80.21387,8.0426],[80.21319,8.04203],[80.21287,8.04186],[80.21281,8.042],[80.21316,8.04222],[80.21265,8.0434]]]}},{"type":"Feature","properties":{"c":"forest"},"geometry":{"type":"Polygon","coordinates":[[[80.21046,8.04237],[80.21086,8.04278],[80.21114,8.04331],[80.21105,8.04334],[80.21116,8.04356],[80.2115,8.04347],[80.21171,8.04348],[80.21185,8.04331],[80.21195,8.0433],[80.21201,8.04302],[80.21213,8.04294],[80.21246,8.04292],[80.2128,8.04302],[80.21288,8.04285],[80.21247,8.04264],[80.21263,8.04232],[80.21213,8.04209],[80.21201,8.04231],[80.21165,8.04217],[80.21176,8.04195],[80.21128,8.04176],[80.21112,8.04195],[80.21065,8.04171],[80.21057,8.04184],[80.21046,8.04237]]]}},{"type":"Feature","properties":{"c":"scrub"},"geometry":{"type":"Polygon","coordinates":[[[80.21125,8.04152],[80.21165,8.04166],[80.21158,8.04188],[80.21176,8.04195],[80.21165,8.04217],[80.21201,8.04231],[80.21234,8.04171],[80.21281,8.042],[80.21287,8.04186],[80.21193,8.04133],[80.2121,8.04107],[80.21195,8.04097],[80.21174,8.04137],[80.21133,8.04125],[80.21125,8.04152]]]}},{"type":"Feature","properties":{"c":"scrub"},"geometry":{"type":"Polygon","coordinates":[[[80.21065,8.04171],[80.21112,8.04195],[80.21128,8.04176],[80.21135,8.04179],[80.21142,8.04158],[80.21079,8.04141],[80.21065,8.04171]]]}},{"type":"Feature","properties":{"c":"forest"},"geometry":{"type":"Polygon","coordinates":[[[80.20848,8.04107],[80.20869,8.04122],[80.20877,8.04078],[80.20906,8.04084],[80.20898,8.04135],[80.2093,8.04144],[80.20943,8.04092],[80.21056,8.04128],[80.21081,8.04074],[80.20992,8.04043],[80.2097,8.04041],[80.2093,8.04023],[80.20916,8.04025],[80.2087,8.04009],[80.20848,8.04107]]]}},{"type":"Feature","properties":{"c":"scrub"},"geometry":{"type":"Polygon","coordinates":[[[80.20957,8.04151],[80.20994,8.04162],[80.21012,8.04113],[80.20972,8.04101],[80.20957,8.04151]]]}},{"type":"Feature","properties":{"c":"scrub"},"geometry":{"type":"Polygon","coordinates":[[[80.21016,8.0417],[80.21057,8.04184],[80.21065,8.04171],[80.2112,8.04045],[80.21137,8.03972],[80.21129,8.03973],[80.2111,8.04047],[80.21028,8.04044],[80.21025,8.04054],[80.21081,8.04074],[80.21056,8.04128],[80.21035,8.04121],[80.21016,8.0417]]]}},{"type":"Feature","properties":{"c":"scrub"},"geometry":{"type":"Polygon","coordinates":[[[80.21034,8.03496],[80.21043,8.03578],[80.21049,8.03585],[80.2105,8.03599],[80.21067,8.03606],[80.21064,8.03617],[80.2109,8.03624],[80.21116,8.03637],[80.21112,8.03676],[80.21095,8.03733],[80.21116,8.03763],[80.21114,8.03803],[80.21117,8.0382],[80.21182,8.03849],[80.21191,8.03829],[80.21163,8.03819],[80.21171,8.03794],[80.21201,8.03806],[80.21212,8.03769],[80.21169,8.03751],[80.21186,8.037],[80.21177,8.03695],[80.21185,8.03673],[80.21216,8.03627],[80.21142,8.03565],[80.21126,8.03607],[80.21049,8.03578],[80.2104,8.03496],[80.21034,8.03496]]]}},{"type":"Feature","properties":{"c":"scrub"},"geometry":{"type":"Polygon","coordinates":[[[80.21031,8.03486],[80.21034,8.03496],[80.2104,8.03496],[80.21146,8.03483],[80.21146,8.035],[80.21189,8.03528],[80.21277,8.03607],[80.21239,8.03645],[80.21248,8.03651],[80.21233,8.03684],[80.21216,8.03753],[80.21333,8.03791],[80.21337,8.03761],[80.21294,8.03743],[80.21297,8.03736],[80.21234,8.03711],[80.21251,8.03666],[80.2137,8.03719],[80.21378,8.03663],[80.21301,8.03643],[80.21275,8.03621],[80.21292,8.03606],[80.21217,8.03468],[80.21255,8.0346],[80.2125,8.03447],[80.21061,8.03486],[80.21031,8.03486]]]}},{"type":"Feature","properties":{"c":"scrub"},"geometry":{"type":"Polygon","coordinates":[[[80.20942,8.03278],[80.20957,8.03328],[80.20973,8.03342],[80.20997,8.03303],[80.20996,8.03286],[80.20954,8.03257],[80.20942,8.03278]]]}},{"type":"Feature","properties":{"c":"orchard"},"geometry":{"type":"Polygon","coordinates":[[[80.21294,8.03743],[80.21337,8.03761],[80.21372,8.03768],[80.2137,8.03719],[80.21315,8.03693],[80.21294,8.03743]]]}},{"type":"Feature","properties":{"c":"forest"},"geometry":{"type":"Polygon","coordinates":[[[80.20929,8.03907],[80.20952,8.0391],[80.21024,8.03947],[80.21126,8.03984],[80.21129,8.03973],[80.21137,8.03972],[80.2114,8.03958],[80.20993,8.03893],[80.20985,8.03919],[80.2096,8.03907],[80.2093,8.039],[80.20929,8.03907]]]}},{"type":"Feature","properties":{"c":"scrub"},"geometry":{"type":"Polygon","coordinates":[[[80.20964,8.03877],[80.21006,8.03899],[80.21034,8.03839],[80.21162,8.03896],[80.21182,8.03849],[80.21117,8.0382],[80.21114,8.03803],[80.21077,8.03816],[80.21048,8.03794],[80.21025,8.03789],[80.21018,8.03768],[80.21002,8.03768],[80.21008,8.03795],[80.20976,8.03807],[80.20978,8.03824],[80.21001,8.03832],[80.20984,8.03862],[80.20974,8.03858],[80.20964,8.03877]]]}},{"type":"Feature","properties":{"c":"scrub"},"geometry":{"type":"Polygon","coordinates":[[[80.2042,8.0384],[80.20461,8.03877],[80.20539,8.03908],[80.20554,8.03879],[80.20555,8.03855],[80.20506,8.03843],[80.20503,8.03867],[80.20547,8.03882],[80.20534,8.03898],[80.20467,8.03869],[80.20426,8.03836],[80.2042,8.0384]]]}},{"type":"Feature","properties":{"c":"scrub"},"geometry":{"type":"Polygon","coordinates":[[[80.20441,8.03801],[80.2048,8.03813],[80.20472,8.03832],[80.20526,8.03848],[80.20535,8.0382],[80.20563,8.03828],[80.20572,8.03803],[80.20545,8.03793],[80.20573,8.0372],[80.20515,8.03698],[80.20484,8.0379],[80.2045,8.03779],[80.20441,8.03801]]]}},{"type":"Feature","properties":{"c":"scrub"},"geometry":{"type":"Polygon","coordinates":[[[80.20415,8.03739],[80.20442,8.03754],[80.20459,8.03702],[80.20447,8.03699],[80.20444,8.03704],[80.20429,8.03699],[80.20415,8.03739]]]}},{"type":"Feature","properties":{"c":"scrub"},"geometry":{"type":"Polygon","coordinates":[[[80.20752,8.04272],[80.2076,8.04302],[80.20811,8.0432],[80.20837,8.04296],[80.20849,8.04275],[80.20843,8.04268],[80.20839,8.04274],[80.20825,8.04272],[80.2082,8.04281],[80.20806,8.04279],[80.20791,8.0427],[80.20796,8.04258],[80.20772,8.04245],[80.20755,8.04255],[80.20752,8.04272]]]}},{"type":"Feature","properties":{"c":"scrub"},"geometry":{"type":"Polygon","coordinates":[[[80.20883,8.04306],[80.20908,8.04317],[80.20904,8.04328],[80.20916,8.0433],[80.20923,8.04321],[80.20943,8.04322],[80.20947,8.04315],[80.20968,8.04316],[80.20974,8.04304],[80.20986,8.04311],[80.20983,8.04319],[80.21006,8.04323],[80.21005,8.04331],[80.2103,8.04335],[80.21035,8.04345],[80.21047,8.04347],[80.21051,8.04319],[80.21046,8.04237],[80.21057,8.04184],[80.21026,8.04173],[80.21013,8.04218],[80.20967,8.04205],[80.20946,8.0428],[80.209,8.04257],[80.20883,8.04306]]]}},{"type":"Feature","properties":{"c":"meadow"},"geometry":{"type":"Polygon","coordinates":[[[80.20857,8.04179],[80.20879,8.04193],[80.20882,8.04186],[80.20965,8.04215],[80.20967,8.04205],[80.21013,8.04218],[80.21026,8.04173],[80.20898,8.04135],[80.20892,8.04154],[80.20874,8.04144],[80.20857,8.04179]]]}},{"type":"Feature","properties":{"c":"scrub"},"geometry":{"type":"Polygon","coordinates":[[[80.20808,8.04079],[80.20848,8.04107],[80.2087,8.04009],[80.20887,8.04013],[80.20891,8.03903],[80.20871,8.03902],[80.2087,8.03934],[80.20876,8.03941],[80.20876,8.03952],[80.2086,8.03953],[80.2086,8.03936],[80.20854,8.03935],[80.20851,8.03948],[80.20841,8.03953],[80.20839,8.03963],[80.20855,8.03968],[80.20854,8.04002],[80.20833,8.03999],[80.20822,8.04016],[80.20808,8.04079]]]}},{"type":"Feature","properties":{"c":"meadow"},"geometry":{"type":"Polygon","coordinates":[[[80.20765,8.04056],[80.20808,8.04079],[80.20822,8.04016],[80.20783,8.04008],[80.20765,8.04056]]]}},{"type":"Feature","properties":{"c":"farmland"},"geometry":{"type":"Polygon","coordinates":[[[80.20415,8.04146],[80.20415,8.04183],[80.20451,8.04197],[80.20454,8.04205],[80.20445,8.04275],[80.20452,8.0429],[80.20485,8.04283],[80.20497,8.04297],[80.20513,8.04303],[80.20516,8.04313],[80.20551,8.0433],[80.20565,8.04303],[80.20564,8.04292],[80.20572,8.04272],[80.20605,8.04287],[80.2057,8.04342],[80.20669,8.04406],[80.20706,8.04371],[80.20695,8.04358],[80.20679,8.04348],[80.20688,8.04338],[80.20726,8.04363],[80.20722,8.04383],[80.2073,8.04389],[80.20707,8.04458],[80.20729,8.04463],[80.20734,8.04455],[80.20773,8.04469],[80.20782,8.04463],[80.20793,8.04467],[80.20787,8.0448],[80.20805,8.04485],[80.20819,8.04462],[80.20861,8.04485],[80.20833,8.04537],[80.20879,8.0455],[80.2089,8.04528],[80.20929,8.04542],[80.20938,8.04528],[80.20947,8.04532],[80.20963,8.0451],[80.20916,8.04491],[80.20927,8.04472],[80.20976,8.04492],[80.20986,8.04478],[80.21035,8.04345],[80.2103,8.04335],[80.21005,8.04331],[80.21006,8.04323],[80.20983,8.04319],[80.20986,8.04311],[80.20974,8.04304],[80.20968,8.04316],[80.20947,8.04315],[80.20943,8.04322],[80.20923,8.04321],[80.20916,8.0433],[80.20904,8.04328],[80.20908,8.04317],[80.20883,8.04306],[80.20837,8.04296],[80.20811,8.0432],[80.2076,8.04302],[80.20752,8.04272],[80.20755,8.04255],[80.20772,8.04245],[80.20795,8.04186],[80.20773,8.04175],[80.20743,8.04167],[80.20728,8.04193],[80.20712,8.04179],[80.20728,8.04155],[80.2071,8.04136],[80.20732,8.04121],[80.20723,8.04104],[80.2076,8.04069],[80.20783,8.04008],[80.20822,8.04016],[80.20833,8.03999],[80.20854,8.04002],[80.20855,8.03968],[80.20839,8.03963],[80.20841,8.03953],[80.20851,8.03948],[80.20854,8.03935],[80.2086,8.03936],[80.2086,8.03953],[80.20876,8.03952],[80.20876,8.03941],[80.2087,8.03934],[80.20871,8.03902],[80.20854,8.03901],[80.20847,8.03908],[80.20834,8.03908],[80.20825,8.03926],[80.20802,8.03923],[80.20786,8.03941],[80.2077,8.03938],[80.20765,8.03947],[80.20728,8.03942],[80.2073,8.039],[80.20705,8.03894],[80.20707,8.03889],[80.20671,8.03874],[80.20662,8.03887],[80.20628,8.03891],[80.20625,8.03902],[80.2062,8.03904],[80.20555,8.03887],[80.20569,8.0396],[80.20563,8.04054],[80.20549,8.04071],[80.20497,8.0411],[80.20451,8.04134],[80.20415,8.04146]]]}},{"type":"Feature","properties":{"c":"scrub"},"geometry":{"type":"Polygon","coordinates":[[[80.2071,8.04136],[80.20728,8.04155],[80.20712,8.04179],[80.20728,8.04193],[80.20743,8.04167],[80.20734,8.04161],[80.20738,8.04148],[80.20733,8.04126],[80.20741,8.04116],[80.20736,8.04105],[80.20764,8.04074],[80.2076,8.04069],[80.20723,8.04104],[80.20732,8.04121],[80.2071,8.04136]]]}},{"type":"Feature","properties":{"c":"scrub"},"geometry":{"type":"Polygon","coordinates":[[[80.20773,8.04175],[80.20795,8.04186],[80.20824,8.04191],[80.20831,8.04176],[80.2079,8.04169],[80.20798,8.04151],[80.20784,8.04146],[80.20773,8.04175]]]}},{"type":"Feature","properties":{"c":"scrub"},"geometry":{"type":"Polygon","coordinates":[[[80.20842,8.04123],[80.20874,8.04144],[80.20892,8.04154],[80.20898,8.04135],[80.20848,8.04107],[80.20842,8.04123]]]}},{"type":"Feature","properties":{"c":"farmland"},"geometry":{"type":"Polygon","coordinates":[[[80.20733,8.04126],[80.20738,8.04148],[80.20734,8.04161],[80.20743,8.04167],[80.20773,8.04175],[80.20784,8.04146],[80.20798,8.04151],[80.2079,8.04169],[80.20831,8.04176],[80.20824,8.04191],[80.20795,8.04186],[80.20772,8.04245],[80.20796,8.04258],[80.20791,8.0427],[80.2082,8.04281],[80.20825,8.04272],[80.20839,8.04274],[80.20843,8.04268],[80.20849,8.04275],[80.20837,8.04296],[80.20883,8.04306],[80.209,8.04257],[80.20946,8.0428],[80.20965,8.04215],[80.20882,8.04186],[80.20879,8.04193],[80.20857,8.04179],[80.20874,8.04144],[80.20842,8.04123],[80.20848,8.04107],[80.20789,8.04067],[80.20765,8.04056],[80.2076,8.04069],[80.20764,8.04074],[80.20736,8.04105],[80.20741,8.04116],[80.20733,8.04126]]]}},{"type":"Feature","properties":{"c":"forest"},"geometry":{"type":"Polygon","coordinates":[[[80.20606,8.04438],[80.20614,8.04455],[80.20634,8.0446],[80.20643,8.04487],[80.20702,8.0448],[80.2073,8.04389],[80.20722,8.04383],[80.20726,8.04363],[80.20688,8.04338],[80.20679,8.04348],[80.20695,8.04358],[80.20706,8.04371],[80.20659,8.04421],[80.20625,8.04401],[80.20606,8.04438]]]}},{"type":"Feature","properties":{"c":"meadow"},"geometry":{"type":"Polygon","coordinates":[[[80.20912,8.04681],[80.20964,8.04693],[80.2098,8.04646],[80.20988,8.04606],[80.20961,8.04594],[80.20936,8.04592],[80.20912,8.04681]]]}},{"type":"Feature","properties":{"c":"scrub"},"geometry":{"type":"Polygon","coordinates":[[[80.20702,8.0448],[80.20755,8.04484],[80.20761,8.04476],[80.20782,8.04484],[80.20793,8.04467],[80.20782,8.04463],[80.20773,8.04469],[80.20734,8.04455],[80.20729,8.04463],[80.20707,8.04458],[80.20702,8.0448]]]}},{"type":"Feature","properties":{"c":"scrub"},"geometry":{"type":"Polygon","coordinates":[[[80.20797,8.04504],[80.20807,8.04522],[80.20819,8.0453],[80.20817,8.04543],[80.20906,8.04572],[80.20891,8.04625],[80.20879,8.04621],[80.20861,8.04702],[80.20913,8.04703],[80.20916,8.04682],[80.20912,8.04681],[80.20936,8.04592],[80.20961,8.04594],[80.20988,8.04606],[80.2098,8.04646],[80.20994,8.04653],[80.21003,8.04634],[80.2099,8.04626],[80.20999,8.04558],[80.2097,8.04552],[80.20952,8.04538],[80.20995,8.04481],[80.21047,8.04347],[80.21035,8.04345],[80.20996,8.04458],[80.20976,8.04492],[80.20927,8.04472],[80.20916,8.04491],[80.20963,8.0451],[80.20947,8.04532],[80.20938,8.04528],[80.20929,8.04542],[80.2089,8.04528],[80.20879,8.0455],[80.20833,8.04537],[80.20861,8.04485],[80.20819,8.04462],[80.20797,8.04504]]]}},{"type":"Feature","properties":{"c":"farmland"},"geometry":{"type":"Polygon","coordinates":[[[80.20969,8.04677],[80.20997,8.04688],[80.21001,8.04796],[80.2109,8.04781],[80.21088,8.04749],[80.21084,8.04744],[80.21094,8.04728],[80.21117,8.04734],[80.21135,8.04714],[80.21126,8.04707],[80.21128,8.04689],[80.21099,8.04669],[80.21089,8.0465],[80.21072,8.04649],[80.21073,8.04634],[80.21101,8.04622],[80.21099,8.0457],[80.21065,8.0457],[80.21038,8.0456],[80.20999,8.04558],[80.2099,8.04626],[80.21003,8.04634],[80.20994,8.04653],[80.2098,8.04646],[80.20969,8.04677]]]}},{"type":"Feature","properties":{"c":"scrub"},"geometry":{"type":"Polygon","coordinates":[[[80.21182,8.04488],[80.21196,8.04492],[80.21206,8.04502],[80.21205,8.0452],[80.2122,8.04535],[80.21239,8.04527],[80.21251,8.04515],[80.21271,8.04519],[80.21302,8.04497],[80.2126,8.04476],[80.2122,8.04465],[80.21207,8.04465],[80.21182,8.04488]]]}},{"type":"Feature","properties":{"c":"scrub"},"geometry":{"type":"Polygon","coordinates":[[[80.21171,8.04348],[80.21208,8.04364],[80.2121,8.04375],[80.21233,8.04382],[80.21232,8.04365],[80.21208,8.04356],[80.21214,8.04335],[80.21185,8.04331],[80.21171,8.04348]]]}},{"type":"Feature","properties":{"c":"farmland"},"geometry":{"type":"Polygon","coordinates":[[[80.20913,8.04703],[80.20926,8.0474],[80.20994,8.04741],[80.20993,8.04701],[80.20916,8.04682],[80.20913,8.04703]]]}},{"type":"Feature","properties":{"c":"scrub"},"geometry":{"type":"Polygon","coordinates":[[[80.20926,8.0474],[80.20936,8.04777],[80.20953,8.04794],[80.21001,8.04796],[80.20997,8.04688],[80.20969,8.04677],[80.20964,8.04693],[80.20993,8.04701],[80.20994,8.04741],[80.20926,8.0474]]]}},{"type":"Feature","properties":{"c":"farmland"},"geometry":{"type":"Polygon","coordinates":[[[80.20701,8.04497],[80.20723,8.04504],[80.20716,8.04528],[80.20739,8.04538],[80.20737,8.0456],[80.20756,8.04561],[80.20753,8.04608],[80.20737,8.04608],[80.20731,8.0466],[80.20764,8.04663],[80.20776,8.04671],[80.20796,8.04666],[80.20802,8.04652],[80.2082,8.04657],[80.20817,8.04673],[80.20864,8.04683],[80.20879,8.04621],[80.20891,8.04625],[80.20906,8.04572],[80.20817,8.04543],[80.20819,8.0453],[80.20807,8.04522],[80.20797,8.04504],[80.20805,8.04485],[80.20787,8.0448],[80.20782,8.04484],[80.20761,8.04476],[80.20755,8.04484],[80.20702,8.0448],[80.20701,8.04497]]]}},{"type":"Feature","properties":{"c":"scrub"},"geometry":{"type":"Polygon","coordinates":[[[80.20828,8.04772],[80.20848,8.04777],[80.20858,8.04732],[80.20871,8.04733],[80.20881,8.04743],[80.20923,8.04732],[80.20913,8.04703],[80.20887,8.04703],[80.20856,8.04721],[80.20841,8.04742],[80.20828,8.04772]]]}},{"type":"Feature","properties":{"c":"scrub"},"geometry":{"type":"Polygon","coordinates":[[[80.20864,8.04809],[80.20871,8.0482],[80.20902,8.04838],[80.20912,8.04839],[80.20925,8.04833],[80.20932,8.0482],[80.20921,8.04789],[80.20911,8.04778],[80.20887,8.04768],[80.20875,8.04771],[80.20869,8.04781],[80.20864,8.04809]]]}},{"type":"Feature","properties":{"c":"scrub"},"geometry":{"type":"Polygon","coordinates":[[[80.21037,8.04787],[80.21057,8.0485],[80.2108,8.04857],[80.21088,8.04865],[80.21086,8.04886],[80.2109,8.04891],[80.21107,8.04893],[80.21132,8.04923],[80.21158,8.04935],[80.21146,8.04869],[80.21123,8.04832],[80.21133,8.04814],[80.21128,8.04777],[80.21132,8.0476],[80.21122,8.04754],[80.21117,8.04734],[80.21094,8.04728],[80.21084,8.04744],[80.21088,8.04749],[80.2109,8.04781],[80.21037,8.04787]]]}},{"type":"Feature","properties":{"c":"farmland"},"geometry":{"type":"Polygon","coordinates":[[[80.20679,8.04662],[80.20692,8.04663],[80.20695,8.04668],[80.2072,8.04668],[80.20731,8.0466],[80.20737,8.04608],[80.20682,8.04595],[80.20679,8.04662]]]}},{"type":"Feature","properties":{"c":"scrub"},"geometry":{"type":"Polygon","coordinates":[[[80.20679,8.04679],[80.20683,8.0469],[80.20716,8.0471],[80.20767,8.04719],[80.20735,8.04699],[80.20732,8.04688],[80.20861,8.04702],[80.20864,8.04683],[80.20817,8.04673],[80.2082,8.04657],[80.20802,8.04652],[80.20796,8.04666],[80.20776,8.04671],[80.20764,8.04663],[80.20731,8.0466],[80.2072,8.04668],[80.20695,8.04668],[80.20692,8.04663],[80.20679,8.04662],[80.20679,8.04679]]]}},{"type":"Feature","properties":{"c":"scrub"},"geometry":{"type":"Polygon","coordinates":[[[80.20517,8.04373],[80.20555,8.04373],[80.20569,8.04513],[80.20612,8.04509],[80.20605,8.04517],[80.20572,8.04522],[80.20575,8.04534],[80.20617,8.0453],[80.20656,8.04562],[80.20661,8.04573],[80.20683,8.04574],[80.20696,8.04545],[80.20738,8.04565],[80.20737,8.04608],[80.20753,8.04608],[80.20756,8.04561],[80.20737,8.0456],[80.20739,8.04538],[80.20716,8.04528],[80.20723,8.04504],[80.20701,8.04497],[80.20702,8.0448],[80.20643,8.04487],[80.20634,8.0446],[80.20614,8.04455],[80.20606,8.04438],[80.20625,8.04401],[80.20659,8.04421],[80.20669,8.04406],[80.2057,8.04342],[80.20605,8.04287],[80.20572,8.04272],[80.20564,8.04292],[80.20565,8.04303],[80.20551,8.0433],[80.20538,8.04323],[80.20532,8.04353],[80.20517,8.04353],[80.20517,8.04373]]]}},{"type":"Feature","properties":{"c":"farmland"},"geometry":{"type":"Polygon","coordinates":[[[80.20437,8.04388],[80.2045,8.04394],[80.20466,8.04392],[80.20467,8.04406],[80.20496,8.0441],[80.20494,8.04422],[80.20515,8.04429],[80.20519,8.04439],[80.20508,8.04466],[80.20513,8.04514],[80.20566,8.04509],[80.20555,8.04373],[80.20517,8.04373],[80.20517,8.04353],[80.20532,8.04353],[80.20532,8.04339],[80.20507,8.04339],[80.20507,8.04325],[80.20461,8.04314],[80.20463,8.04366],[80.20455,8.04365],[80.20452,8.04376],[80.20442,8.04372],[80.20437,8.04388]]]}},{"type":"Feature","properties":{"c":"scrub"},"geometry":{"type":"Polygon","coordinates":[[[80.20268,8.04312],[80.20336,8.04312],[80.20421,8.04348],[80.2041,8.0438],[80.20437,8.04388],[80.20442,8.04372],[80.20452,8.04376],[80.20455,8.04365],[80.20463,8.04366],[80.20461,8.04314],[80.20445,8.04309],[80.20441,8.04302],[80.20496,8.0431],[80.205,8.04316],[80.20492,8.04322],[80.20507,8.04325],[80.20507,8.04339],[80.20532,8.04339],[80.20538,8.04323],[80.20516,8.04313],[80.20513,8.04303],[80.20497,8.04297],[80.20485,8.04283],[80.20452,8.0429],[80.20445,8.04275],[80.20454,8.04205],[80.20451,8.04197],[80.20415,8.04183],[80.20415,8.04146],[80.20451,8.04134],[80.20404,8.04114],[80.20339,8.04053],[80.20311,8.04032],[80.20292,8.04025],[80.20276,8.04092],[80.20328,8.04095],[80.20368,8.04122],[80.20366,8.0413],[80.2041,8.04153],[80.20407,8.04193],[80.20396,8.04206],[80.2038,8.04199],[80.20371,8.04209],[80.20383,8.04214],[80.20372,8.04242],[80.20285,8.0422],[80.20268,8.04312]]]}},{"type":"Feature","properties":{"c":"farmland"},"geometry":{"type":"Polygon","coordinates":[[[80.20338,8.04198],[80.20371,8.04209],[80.2038,8.04199],[80.20396,8.04206],[80.20407,8.04193],[80.2041,8.04153],[80.20366,8.0413],[80.20338,8.04198]]]}},{"type":"Feature","properties":{"c":"forest"},"geometry":{"type":"Polygon","coordinates":[[[80.20367,8.04445],[80.20375,8.04489],[80.20372,8.04559],[80.20441,8.04571],[80.2046,8.04524],[80.20447,8.04455],[80.20367,8.04445]]]}},{"type":"Feature","properties":{"c":"farmland"},"geometry":{"type":"Polygon","coordinates":[[[80.20384,8.04729],[80.20397,8.04737],[80.20392,8.04765],[80.20401,8.04779],[80.2043,8.04789],[80.20491,8.04791],[80.20519,8.04771],[80.20526,8.04746],[80.20523,8.04728],[80.20509,8.04693],[80.20493,8.04671],[80.2044,8.04672],[80.2039,8.04666],[80.20384,8.04729]]]}},{"type":"Feature","properties":{"c":"meadow"},"geometry":{"type":"Polygon","coordinates":[[[80.20353,8.04656],[80.2039,8.04666],[80.2044,8.04672],[80.20493,8.04671],[80.205,8.04665],[80.205,8.04634],[80.20517,8.04529],[80.20562,8.04536],[80.20575,8.04534],[80.20566,8.04509],[80.2046,8.04519],[80.20441,8.04571],[80.20403,8.04564],[80.204,8.04586],[80.20369,8.04582],[80.20353,8.04656]]]}},{"type":"Feature","properties":{"c":"scrub"},"geometry":{"type":"Polygon","coordinates":[[[80.20453,8.04487],[80.2046,8.04519],[80.20513,8.04514],[80.20508,8.04466],[80.20519,8.04439],[80.20515,8.04429],[80.20494,8.04422],[80.20477,8.04485],[80.20453,8.04487]]]}},{"type":"Feature","properties":{"c":"scrub"},"geometry":{"type":"Polygon","coordinates":[[[80.20356,8.04378],[80.20367,8.04445],[80.2043,8.04455],[80.20434,8.04423],[80.20491,8.04433],[80.20496,8.0441],[80.20467,8.04406],[80.20466,8.04392],[80.2045,8.04394],[80.2041,8.0438],[80.20404,8.04396],[80.20356,8.04378]]]}},{"type":"Feature","properties":{"c":"farmland"},"geometry":{"type":"Polygon","coordinates":[[[80.20175,8.04002],[80.2018,8.04046],[80.20224,8.04047],[80.20229,8.04013],[80.20175,8.04002]]]}},{"type":"Feature","properties":{"c":"meadow"},"geometry":{"type":"Polygon","coordinates":[[[80.20052,8.04253],[80.20069,8.04306],[80.2012,8.04297],[80.20113,8.04243],[80.20052,8.04253]]]}},{"type":"Feature","properties":{"c":"scrub"},"geometry":{"type":"Polygon","coordinates":[[[80.19961,8.04062],[80.19969,8.04081],[80.19998,8.04069],[80.20015,8.04107],[80.20046,8.04093],[80.20027,8.04046],[80.20048,8.04035],[80.20068,8.04071],[80.20115,8.04049],[80.2011,8.04031],[80.20139,8.04024],[80.20147,8.04051],[80.2018,8.04046],[80.20175,8.04002],[80.20156,8.03996],[80.20096,8.03961],[80.20062,8.03953],[80.20038,8.03971],[80.20024,8.0401],[80.20008,8.0403],[80.19961,8.04062]]]}},{"type":"Feature","properties":{"c":"scrub"},"geometry":{"type":"Polygon","coordinates":[[[80.20602,8.03862],[80.20628,8.0387],[80.20628,8.03891],[80.20662,8.03887],[80.20671,8.03874],[80.20707,8.03889],[80.20709,8.03881],[80.20687,8.03876],[80.20707,8.03794],[80.20686,8.03777],[80.20696,8.03756],[80.20664,8.03721],[80.20637,8.03755],[80.20602,8.03862]]]}},{"type":"Feature","properties":{"c":"scrub"},"geometry":{"type":"Polygon","coordinates":[[[80.2043,8.04878],[80.20432,8.04891],[80.20476,8.04902],[80.20495,8.04929],[80.20525,8.0495],[80.2053,8.04943],[80.20528,8.04919],[80.20489,8.04879],[80.20461,8.04874],[80.20438,8.04864],[80.2043,8.04878]]]}},{"type":"Feature","properties":{"c":"forest"},"geometry":{"type":"Polygon","coordinates":[[[80.20378,8.0485],[80.2043,8.04878],[80.20438,8.04864],[80.20461,8.04874],[80.20489,8.04879],[80.20528,8.04919],[80.2053,8.04943],[80.20525,8.0495],[80.2056,8.05047],[80.20568,8.05044],[80.20583,8.05024],[80.20594,8.05022],[80.20606,8.05035],[80.20604,8.05047],[80.20552,8.05089],[80.20552,8.05114],[80.20564,8.05135],[80.20586,8.05148],[80.20637,8.0515],[80.20676,8.05158],[80.20697,8.05171],[80.20702,8.05189],[80.20702,8.05199],[80.20694,8.05209],[80.20646,8.05196],[80.20624,8.052],[80.20623,8.05236],[80.20614,8.05252],[80.20613,8.05285],[80.2062,8.05296],[80.20613,8.05309],[80.20604,8.05315],[80.2057,8.05319],[80.20564,8.05347],[80.20557,8.05357],[80.20542,8.05349],[80.20492,8.0536],[80.20503,8.05399],[80.20541,8.05404],[80.20589,8.05387],[80.20693,8.05368],[80.20719,8.05356],[80.20717,8.05342],[80.20723,8.05319],[80.20752,8.05326],[80.2077,8.05345],[80.20788,8.05343],[80.2084,8.05317],[80.2086,8.05301],[80.20867,8.05286],[80.20879,8.05281],[80.20892,8.0529],[80.209,8.05308],[80.20915,8.05321],[80.20934,8.05316],[80.20965,8.05293],[80.20982,8.05286],[80.20998,8.05286],[80.21009,8.05297],[80.21028,8.05304],[80.21084,8.05302],[80.2111,8.0529],[80.21128,8.05267],[80.21137,8.05245],[80.21143,8.05177],[80.21137,8.05151],[80.21121,8.05123],[80.21122,8.05101],[80.21146,8.05074],[80.21169,8.0497],[80.21175,8.0496],[80.21158,8.04935],[80.21132,8.04923],[80.21107,8.04893],[80.2109,8.04891],[80.21086,8.04886],[80.21088,8.04865],[80.2108,8.04857],[80.21057,8.0485],[80.21037,8.04787],[80.21001,8.04796],[80.20953,8.04794],[80.20936,8.04777],[80.20921,8.04789],[80.20932,8.0482],[80.20925,8.04833],[80.20912,8.04839],[80.20887,8.0483],[80.20893,8.04875],[80.20904,8.04897],[80.20944,8.04887],[80.20954,8.04906],[80.20977,8.04916],[80.2099,8.04929],[80.20992,8.04945],[80.20966,8.04961],[80.20957,8.04947],[80.2094,8.04937],[80.20934,8.04914],[80.20924,8.04914],[80.20925,8.04959],[80.2092,8.04972],[80.20908,8.04964],[80.20887,8.04913],[80.20878,8.04874],[80.20822,8.0478],[80.2081,8.04779],[80.20797,8.04747],[80.20767,8.04719],[80.20716,8.0471],[80.20683,8.0469],[80.20679,8.04679],[80.20682,8.04595],[80.20737,8.04608],[80.20738,8.04565],[80.20696,8.04545],[80.20683,8.04574],[80.20661,8.04573],[80.20656,8.04562],[80.20617,8.0453],[80.20562,8.04536],[80.20517,8.04529],[80.205,8.04634],[80.205,8.04665],[80.20517,8.04679],[80.20509,8.04693],[80.20523,8.04728],[80.20526,8.04746],[80.20519,8.04771],[80.20491,8.04791],[80.2043,8.04789],[80.20401,8.04779],[80.20385,8.04785],[80.20387,8.04799],[80.20395,8.0481],[80.20394,8.04826],[80.20378,8.0485]]]}},{"type":"Feature","properties":{"c":"forest"},"geometry":{"type":"Polygon","coordinates":[[[80.20822,8.0478],[80.20878,8.04874],[80.20883,8.04894],[80.209,8.0489],[80.20893,8.04875],[80.20887,8.0483],[80.20864,8.04809],[80.20869,8.04781],[80.20875,8.04771],[80.20898,8.0477],[80.20921,8.04789],[80.20936,8.04777],[80.20923,8.04732],[80.20881,8.04743],[80.20871,8.04733],[80.20858,8.04732],[80.20848,8.04777],[80.20828,8.04772],[80.20822,8.0478]]]}},{"type":"Feature","properties":{"c":"scrub"},"geometry":{"type":"Polygon","coordinates":[[[80.20883,8.04894],[80.20908,8.04964],[80.2092,8.04972],[80.20925,8.04959],[80.20924,8.04914],[80.20934,8.04914],[80.2094,8.04937],[80.20957,8.04947],[80.20966,8.04961],[80.20992,8.04945],[80.2099,8.04929],[80.20977,8.04916],[80.20954,8.04906],[80.20944,8.04887],[80.20904,8.04897],[80.209,8.0489],[80.20883,8.04894]]]}},{"type":"Feature","properties":{"c":"meadow"},"geometry":{"type":"Polygon","coordinates":[[[80.20142,8.04507],[80.20173,8.04521],[80.20222,8.04526],[80.20253,8.0454],[80.20276,8.04545],[80.20294,8.04486],[80.20279,8.04479],[80.2026,8.0439],[80.20268,8.04312],[80.20172,8.04316],[80.20172,8.04329],[80.2016,8.0433],[80.20158,8.04395],[80.20169,8.04407],[80.20171,8.04423],[80.20142,8.04507]]]}},{"type":"Feature","properties":{"c":"scrub"},"geometry":{"type":"Polygon","coordinates":[[[80.20216,8.04206],[80.20285,8.0422],[80.20291,8.04189],[80.20338,8.04198],[80.20354,8.04156],[80.20325,8.04143],[80.20224,8.04128],[80.20216,8.04206]]]}},{"type":"Feature","properties":{"c":"meadow"},"geometry":{"type":"Polygon","coordinates":[[[80.2028,8.04443],[80.20287,8.04468],[80.20305,8.04478],[80.20333,8.04481],[80.20372,8.04474],[80.20357,8.04386],[80.20323,8.0439],[80.20304,8.04438],[80.2028,8.04443]]]}},{"type":"Feature","properties":{"c":"scrub"},"geometry":{"type":"Polygon","coordinates":[[[80.2026,8.0439],[80.20279,8.04479],[80.20294,8.04486],[80.20305,8.04478],[80.20287,8.04468],[80.2028,8.04443],[80.20304,8.04438],[80.20323,8.0439],[80.20357,8.04386],[80.20356,8.04347],[80.20305,8.04348],[80.20303,8.04312],[80.20268,8.04312],[80.2026,8.0439]]]}},{"type":"Feature","properties":{"c":"farmland"},"geometry":{"type":"Polygon","coordinates":[[[80.20217,8.04526],[80.2022,8.04593],[80.20234,8.04601],[80.20254,8.04599],[80.20255,8.04609],[80.20267,8.04606],[80.20276,8.04545],[80.20217,8.04526]]]}},{"type":"Feature","properties":{"c":"farmland"},"geometry":{"type":"Polygon","coordinates":[[[80.20115,8.04603],[80.20135,8.04618],[80.20137,8.04628],[80.2017,8.04651],[80.20159,8.04678],[80.2015,8.04737],[80.20129,8.04771],[80.20165,8.04791],[80.20194,8.048],[80.20207,8.04777],[80.2022,8.04771],[80.20226,8.04782],[80.20217,8.04792],[80.20253,8.04834],[80.20316,8.04769],[80.20292,8.04746],[80.2028,8.04719],[80.20241,8.04679],[80.20225,8.04685],[80.20212,8.0467],[80.20211,8.04641],[80.20219,8.0462],[80.2018,8.04595],[80.20183,8.04585],[80.20172,8.04578],[80.2018,8.04559],[80.20142,8.04538],[80.20115,8.04603]]]}},{"type":"Feature","properties":{"c":"scrub"},"geometry":{"type":"Polygon","coordinates":[[[80.20142,8.04538],[80.2018,8.04559],[80.20172,8.04578],[80.20183,8.04585],[80.2018,8.04595],[80.20219,8.0462],[80.20217,8.04526],[80.20173,8.04521],[80.20153,8.04512],[80.20142,8.04538]]]}},{"type":"Feature","properties":{"c":"scrub"},"geometry":{"type":"Polygon","coordinates":[[[80.20211,8.04641],[80.20212,8.0467],[80.20225,8.04685],[80.20241,8.04679],[80.2028,8.04719],[80.20292,8.04746],[80.20316,8.04769],[80.20253,8.04834],[80.20258,8.04837],[80.20316,8.04781],[80.20355,8.0472],[80.20368,8.04738],[80.20377,8.04781],[80.20366,8.04793],[80.20361,8.04834],[80.20382,8.04845],[80.20394,8.04826],[80.20395,8.0481],[80.20387,8.04799],[80.20385,8.04785],[80.20401,8.04779],[80.20392,8.04765],[80.20397,8.04737],[80.20384,8.04729],[80.2039,8.04666],[80.20353,8.04656],[80.20316,8.04635],[80.20325,8.04581],[80.20348,8.04568],[80.20347,8.04545],[80.20373,8.04545],[80.20372,8.04474],[80.20333,8.04481],[80.20305,8.04478],[80.20294,8.04486],[80.20276,8.04545],[80.20267,8.04606],[80.20219,8.0462],[80.20211,8.04641]]]}},{"type":"Feature","properties":{"c":"meadow"},"geometry":{"type":"Polygon","coordinates":[[[80.20082,8.04328],[80.20095,8.04379],[80.2013,8.04379],[80.20124,8.04323],[80.20082,8.04328]]]}},{"type":"Feature","properties":{"c":"scrub"},"geometry":{"type":"Polygon","coordinates":[[[80.2001,8.04429],[80.20012,8.04486],[80.20024,8.04485],[80.20105,8.04525],[80.20112,8.04518],[80.20145,8.04531],[80.20153,8.04512],[80.20142,8.04507],[80.20171,8.04423],[80.20169,8.04407],[80.20158,8.04395],[80.2016,8.0433],[80.20172,8.04329],[80.20172,8.04316],[80.20268,8.04312],[80.20274,8.04277],[80.20175,8.04261],[80.20172,8.04234],[80.20113,8.04243],[80.2013,8.04379],[80.20129,8.04414],[80.20096,8.04415],[80.20097,8.04425],[80.2001,8.04429]]]}},{"type":"Feature","properties":{"c":"farmland"},"geometry":{"type":"Polygon","coordinates":[[[80.19782,8.04565],[80.19792,8.04602],[80.19823,8.04596],[80.19831,8.04612],[80.19843,8.04608],[80.19862,8.04625],[80.19875,8.04612],[80.19886,8.0462],[80.19892,8.04612],[80.19919,8.0463],[80.19936,8.04636],[80.19949,8.04615],[80.19977,8.04624],[80.19985,8.046],[80.19967,8.04596],[80.19969,8.04587],[80.19983,8.04587],[80.19987,8.04576],[80.20024,8.04586],[80.20029,8.04573],[80.20049,8.0458],[80.20055,8.04574],[80.20063,8.04575],[80.20065,8.0458],[80.20115,8.04603],[80.20145,8.04531],[80.20112,8.04518],[80.20105,8.04525],[80.20024,8.04485],[80.19973,8.04481],[80.19974,8.04463],[80.19907,8.04446],[80.19906,8.04474],[80.199,8.0449],[80.19881,8.04521],[80.19866,8.04533],[80.19871,8.04543],[80.19837,8.04555],[80.19782,8.04565]]]}},{"type":"Feature","properties":{"c":"scrub"},"geometry":{"type":"Polygon","coordinates":[[[80.1988,8.043],[80.19893,8.04371],[80.19927,8.04367],[80.1993,8.04386],[80.20023,8.0438],[80.20027,8.04428],[80.20059,8.04427],[80.20058,8.044],[80.20095,8.04399],[80.20093,8.04385],[80.2013,8.04386],[80.2013,8.04379],[80.20095,8.04379],[80.20076,8.04305],[80.20069,8.04306],[80.20025,8.04173],[80.19991,8.04186],[80.2,8.04216],[80.19979,8.04223],[80.19968,8.04197],[80.19948,8.04205],[80.1991,8.04252],[80.19911,8.04291],[80.1988,8.043]]]}},{"type":"Feature","properties":{"c":"scrub"},"geometry":{"type":"Polygon","coordinates":[[[80.19901,8.04416],[80.19907,8.04446],[80.19974,8.04463],[80.19971,8.04414],[80.19901,8.04416]]]}},{"type":"Feature","properties":{"c":"scrub"},"geometry":{"type":"Polygon","coordinates":[[[80.19967,8.04596],[80.19985,8.046],[80.19968,8.04668],[80.19991,8.04712],[80.20012,8.0472],[80.20071,8.04771],[80.20097,8.04786],[80.20129,8.04771],[80.2015,8.04737],[80.20159,8.04678],[80.2017,8.04651],[80.20137,8.04628],[80.20135,8.04618],[80.20115,8.04603],[80.20065,8.0458],[80.20063,8.04575],[80.20055,8.04574],[80.20049,8.0458],[80.20029,8.04573],[80.20024,8.04586],[80.19987,8.04576],[80.19983,8.04587],[80.19969,8.04587],[80.19967,8.04596]]]}},{"type":"Feature","properties":{"c":"forest"},"geometry":{"type":"Polygon","coordinates":[[[80.19782,8.04631],[80.19795,8.04706],[80.19853,8.04734],[80.19864,8.04757],[80.1987,8.04757],[80.19883,8.04683],[80.19894,8.04656],[80.19904,8.04651],[80.19944,8.04661],[80.1995,8.04676],[80.19951,8.04707],[80.19967,8.0475],[80.19977,8.04758],[80.19972,8.04792],[80.19985,8.04796],[80.19978,8.04861],[80.19989,8.04875],[80.19978,8.04901],[80.19969,8.04901],[80.19964,8.04924],[80.19967,8.0496],[80.20026,8.04972],[80.20107,8.04965],[80.20107,8.04938],[80.20093,8.04897],[80.20061,8.04902],[80.20059,8.04888],[80.2006,8.04856],[80.2009,8.04838],[80.20097,8.04786],[80.20071,8.04771],[80.20012,8.0472],[80.19991,8.04712],[80.19968,8.04668],[80.19977,8.04624],[80.19949,8.04615],[80.19936,8.04636],[80.19919,8.0463],[80.19892,8.04612],[80.19886,8.0462],[80.19875,8.04612],[80.19862,8.04625],[80.19843,8.04608],[80.19831,8.04612],[80.19823,8.04596],[80.19792,8.04602],[80.19798,8.04627],[80.19782,8.04631]]]}},{"type":"Feature","properties":{"c":"farmland"},"geometry":{"type":"Polygon","coordinates":[[[80.20251,8.04997],[80.20253,8.05048],[80.20268,8.05047],[80.20269,8.05072],[80.2031,8.0507],[80.20314,8.05051],[80.20325,8.05051],[80.20323,8.04999],[80.20336,8.04997],[80.20336,8.04973],[80.20317,8.04971],[80.20311,8.04963],[80.2029,8.0496],[80.20287,8.04973],[80.20273,8.04974],[80.2027,8.04995],[80.20251,8.04997]]]}},{"type":"Feature","properties":{"c":"meadow"},"geometry":{"type":"Polygon","coordinates":[[[80.20247,8.04877],[80.20289,8.04925],[80.2029,8.0496],[80.20311,8.04963],[80.20315,8.04955],[80.20339,8.04956],[80.20338,8.0493],[80.20344,8.04927],[80.20348,8.04918],[80.20335,8.04913],[80.20333,8.04897],[80.20335,8.04881],[80.2035,8.0486],[80.20353,8.04846],[80.20338,8.04853],[80.203,8.04858],[80.20256,8.04878],[80.20247,8.04877]]]}},{"type":"Feature","properties":{"c":"forest"},"geometry":{"type":"Polygon","coordinates":[[[80.20335,8.04881],[80.20335,8.04913],[80.20348,8.04918],[80.20344,8.04927],[80.20338,8.0493],[80.20345,8.04994],[80.20367,8.04999],[80.20382,8.0503],[80.20378,8.0504],[80.20348,8.05047],[80.2035,8.05055],[80.20359,8.05062],[80.20398,8.0507],[80.2043,8.05084],[80.20491,8.05086],[80.2051,8.0508],[80.20527,8.05111],[80.20544,8.0512],[80.20555,8.05119],[80.20552,8.05089],[80.20574,8.05068],[80.2056,8.05047],[80.20525,8.0495],[80.20495,8.04929],[80.20476,8.04902],[80.20432,8.04891],[80.2043,8.04878],[80.20378,8.0485],[80.20382,8.04845],[80.20361,8.04834],[80.20335,8.04881]]]}},{"type":"Feature","properties":{"c":"scrub"},"geometry":{"type":"Polygon","coordinates":[[[80.19786,8.04786],[80.19851,8.04798],[80.19833,8.04893],[80.19845,8.04962],[80.19853,8.04965],[80.19967,8.0496],[80.19964,8.04924],[80.19969,8.04901],[80.19978,8.04901],[80.19989,8.04875],[80.19978,8.04861],[80.19985,8.04796],[80.19972,8.04792],[80.19977,8.04758],[80.19967,8.0475],[80.19951,8.04707],[80.1995,8.04676],[80.19944,8.04661],[80.19904,8.04651],[80.19894,8.04656],[80.19883,8.04683],[80.1987,8.04757],[80.19864,8.04757],[80.19853,8.04734],[80.19795,8.04706],[80.19786,8.04786]]]}},{"type":"Feature","properties":{"c":"scrub"},"geometry":{"type":"Polygon","coordinates":[[[80.19967,8.0496],[80.19974,8.05007],[80.20013,8.05007],[80.20016,8.05038],[80.20038,8.05033],[80.2004,8.05059],[80.2003,8.05059],[80.2003,8.05145],[80.20063,8.05155],[80.20175,8.05149],[80.20192,8.05154],[80.20207,8.05192],[80.20206,8.05202],[80.20214,8.05205],[80.20242,8.05181],[80.20247,8.0517],[80.20236,8.05148],[80.2024,8.0513],[80.20255,8.0509],[80.2027,8.05084],[80.20269,8.05065],[80.20233,8.05077],[80.2023,8.05068],[80.20269,8.05052],[80.20268,8.05047],[80.20253,8.05048],[80.20251,8.04997],[80.2027,8.04995],[80.20273,8.04974],[80.20287,8.04973],[80.20292,8.04936],[80.20289,8.04925],[80.20243,8.04869],[80.20243,8.0486],[80.20258,8.04837],[80.20217,8.04792],[80.20226,8.04782],[80.2022,8.04771],[80.20207,8.04777],[80.20194,8.048],[80.20165,8.04791],[80.20129,8.04771],[80.20097,8.04786],[80.2009,8.04838],[80.2006,8.04856],[80.20059,8.04888],[80.20061,8.04902],[80.20093,8.04897],[80.20107,8.04938],[80.20107,8.04965],[80.20026,8.04972],[80.19967,8.0496]]]}},{"type":"Feature","properties":{"c":"scrub"},"geometry":{"type":"Polygon","coordinates":[[[80.20269,8.05072],[80.20274,8.05089],[80.20286,8.05087],[80.20294,8.05103],[80.20304,8.05108],[80.20312,8.0511],[80.20328,8.05097],[80.2033,8.05085],[80.2031,8.05077],[80.2031,8.0507],[80.20269,8.05072]]]}},{"type":"Feature","properties":{"c":"scrub"},"geometry":{"type":"Polygon","coordinates":[[[80.20311,8.04963],[80.20317,8.04971],[80.20336,8.04973],[80.20336,8.04997],[80.20323,8.04999],[80.20325,8.05051],[80.20328,8.05062],[80.20351,8.05073],[80.20359,8.05062],[80.2035,8.05055],[80.20348,8.05047],[80.20378,8.0504],[80.20382,8.0503],[80.20375,8.0501],[80.20367,8.04999],[80.20345,8.04994],[80.20339,8.04956],[80.20315,8.04955],[80.20311,8.04963]]]}},{"type":"Feature","properties":{"c":"scrub"},"geometry":{"type":"Polygon","coordinates":[[[80.21421,8.05562],[80.21425,8.05607],[80.21459,8.05682],[80.21541,8.05656],[80.21528,8.05628],[80.21535,8.0561],[80.21549,8.05607],[80.21599,8.05613],[80.21691,8.05606],[80.21708,8.05612],[80.21731,8.05608],[80.21733,8.05623],[80.21759,8.05627],[80.21762,8.05635],[80.2175,8.05664],[80.21755,8.05668],[80.21757,8.05659],[80.21765,8.05658],[80.21763,8.05674],[80.21784,8.05687],[80.21782,8.0567],[80.21787,8.05664],[80.21797,8.05663],[80.21974,8.05695],[80.21987,8.05691],[80.21996,8.0568],[80.22056,8.05543],[80.22083,8.0554],[80.22186,8.05557],[80.22184,8.05576],[80.22206,8.05582],[80.22205,8.05545],[80.22175,8.05548],[80.2213,8.05543],[80.22097,8.05535],[80.221,8.05523],[80.22086,8.0552],[80.22053,8.05533],[80.22047,8.0554],[80.2204,8.05567],[80.22027,8.05576],[80.21958,8.05579],[80.21946,8.05573],[80.21921,8.05534],[80.21907,8.05544],[80.2185,8.05555],[80.21803,8.05521],[80.21782,8.05528],[80.21764,8.05526],[80.21736,8.05513],[80.21725,8.0552],[80.21706,8.05499],[80.21674,8.05508],[80.21662,8.0552],[80.21652,8.05524],[80.21523,8.05513],[80.21484,8.055],[80.21452,8.05496],[80.21461,8.05511],[80.21461,8.05523],[80.21426,8.05542],[80.21421,8.05562]]]}},{"type":"Feature","properties":{"c":"scrub"},"geometry":{"type":"Polygon","coordinates":[[[80.21648,8.0565],[80.21672,8.05668],[80.21685,8.05659],[80.21705,8.05667],[80.21704,8.05645],[80.21708,8.05638],[80.21693,8.05642],[80.21668,8.05633],[80.21648,8.0565]]]}},{"type":"Feature","properties":{"c":"scrub"},"geometry":{"type":"Polygon","coordinates":[[[80.21738,8.05683],[80.21756,8.05691],[80.21756,8.05699],[80.21774,8.05707],[80.21778,8.05729],[80.21786,8.05732],[80.2179,8.05723],[80.21799,8.05727],[80.2181,8.05719],[80.21818,8.05719],[80.21832,8.05732],[80.21832,8.05761],[80.21818,8.05767],[80.21815,8.05773],[80.2182,8.0578],[80.2182,8.05797],[80.218,8.0581],[80.21793,8.05802],[80.21779,8.0581],[80.21781,8.05823],[80.21786,8.05831],[80.218,8.05828],[80.21806,8.05818],[80.21826,8.05809],[80.21829,8.05814],[80.21852,8.05815],[80.21871,8.0587],[80.21877,8.05916],[80.21802,8.05931],[80.21822,8.05992],[80.21859,8.05991],[80.21887,8.05982],[80.21913,8.05955],[80.21923,8.05954],[80.21935,8.0596],[80.21943,8.05974],[80.21955,8.06025],[80.21989,8.06051],[80.22004,8.06046],[80.22028,8.06013],[80.22058,8.06013],[80.22068,8.06009],[80.22079,8.06009],[80.22115,8.06052],[80.22142,8.06048],[80.2204,8.05843],[80.22029,8.05848],[80.22005,8.05843],[80.21979,8.05868],[80.21947,8.05875],[80.21933,8.05887],[80.21918,8.05912],[80.21902,8.05919],[80.21856,8.0573],[80.2183,8.05707],[80.21784,8.05687],[80.2175,8.05664],[80.21738,8.05683]]]}},{"type":"Feature","properties":{"c":"farmland"},"geometry":{"type":"Polygon","coordinates":[[[80.2088,8.05935],[80.20889,8.06022],[80.20942,8.06023],[80.20946,8.06056],[80.21032,8.06058],[80.21045,8.06243],[80.21227,8.06316],[80.21242,8.06283],[80.21167,8.06254],[80.21177,8.06227],[80.21153,8.06212],[80.21164,8.06195],[80.21183,8.06203],[80.21206,8.06164],[80.21287,8.06125],[80.21297,8.06103],[80.21311,8.06102],[80.2134,8.06075],[80.21337,8.06065],[80.214,8.06035],[80.21444,8.06026],[80.21458,8.06033],[80.21478,8.0602],[80.21471,8.05998],[80.21486,8.05989],[80.21496,8.06011],[80.21527,8.05994],[80.21521,8.05971],[80.21534,8.05967],[80.21527,8.05943],[80.2154,8.05939],[80.21543,8.05953],[80.21578,8.05944],[80.21585,8.05948],[80.2168,8.05922],[80.2169,8.05948],[80.21877,8.05916],[80.21871,8.0587],[80.21852,8.05815],[80.21829,8.05814],[80.21826,8.05809],[80.21806,8.05818],[80.218,8.05828],[80.21786,8.05831],[80.21781,8.05823],[80.21779,8.0581],[80.21793,8.05802],[80.218,8.0581],[80.2182,8.05797],[80.2182,8.0578],[80.21815,8.05773],[80.21818,8.05767],[80.21832,8.05761],[80.21832,8.05732],[80.21818,8.05719],[80.2181,8.05719],[80.21799,8.05727],[80.2179,8.05723],[80.21786,8.05732],[80.21778,8.05729],[80.21774,8.05707],[80.21756,8.05699],[80.21756,8.05691],[80.21738,8.05683],[80.21682,8.05693],[80.21675,8.05696],[80.21668,8.0571],[80.21642,8.05712],[80.21623,8.05703],[80.2158,8.05706],[80.21569,8.05741],[80.21523,8.05743],[80.21525,8.05811],[80.21501,8.05819],[80.21453,8.05821],[80.21449,8.05836],[80.21434,8.05833],[80.21434,8.05806],[80.21423,8.05806],[80.21422,8.05793],[80.2143,8.05791],[80.21431,8.05698],[80.21332,8.05687],[80.2133,8.05669],[80.21314,8.05659],[80.21122,8.05697],[80.21135,8.05735],[80.21162,8.05753],[80.21163,8.05797],[80.21137,8.05814],[80.21115,8.05822],[80.21088,8.05852],[80.21115,8.05912],[80.21089,8.05921],[80.2108,8.05915],[80.21041,8.05926],[80.21027,8.05941],[80.21023,8.05956],[80.21016,8.05956],[80.21017,8.05874],[80.21047,8.05863],[80.21034,8.05829],[80.21009,8.05837],[80.2099,8.05853],[80.20958,8.05856],[80.20949,8.05929],[80.20927,8.05937],[80.2088,8.05935]]]}},{"type":"Feature","properties":{"c":"scrub"},"geometry":{"type":"Polygon","coordinates":[[[80.21114,8.0568],[80.21122,8.05697],[80.21314,8.05659],[80.2134,8.05623],[80.21344,8.05606],[80.21332,8.05562],[80.21321,8.05549],[80.21289,8.05529],[80.2127,8.05467],[80.21262,8.05453],[80.21242,8.05445],[80.21224,8.05431],[80.21198,8.05431],[80.21171,8.05439],[80.21156,8.0546],[80.21216,8.05458],[80.21252,8.05482],[80.21272,8.05508],[80.21289,8.05544],[80.21318,8.05581],[80.21319,8.05612],[80.21311,8.05623],[80.21294,8.05627],[80.2122,8.05659],[80.21114,8.0568]]]}},{"type":"Feature","properties":{"c":"scrub"},"geometry":{"type":"Polygon","coordinates":[[[80.21422,8.05793],[80.21423,8.05806],[80.21434,8.05806],[80.21434,8.05833],[80.21449,8.05836],[80.21453,8.05821],[80.21501,8.05819],[80.21525,8.05811],[80.21523,8.05743],[80.21569,8.05741],[80.2158,8.05706],[80.21623,8.05703],[80.21642,8.05712],[80.21668,8.0571],[80.21675,8.05696],[80.21652,8.05689],[80.21652,8.05682],[80.21635,8.0567],[80.21625,8.0567],[80.21617,8.05675],[80.21541,8.05656],[80.21485,8.05676],[80.21431,8.05685],[80.2143,8.05791],[80.21422,8.05793]]]}},{"type":"Feature","properties":{"c":"forest"},"geometry":{"type":"Polygon","coordinates":[[[80.21887,8.05982],[80.21888,8.06032],[80.21907,8.06049],[80.21964,8.06055],[80.21981,8.06046],[80.21955,8.06025],[80.21943,8.05974],[80.21935,8.0596],[80.21923,8.05954],[80.21913,8.05955],[80.21887,8.05982]]]}},{"type":"Feature","properties":{"c":"meadow"},"geometry":{"type":"Polygon","coordinates":[[[80.19926,8.05147],[80.2003,8.05145],[80.2003,8.05059],[80.20011,8.05059],[80.19991,8.05069],[80.19968,8.05071],[80.19949,8.05086],[80.19927,8.0512],[80.19926,8.05147]]]}},{"type":"Feature","properties":{"c":"meadow"},"geometry":{"type":"Polygon","coordinates":[[[80.19827,8.0504],[80.19974,8.05007],[80.19967,8.0496],[80.19853,8.04965],[80.19845,8.04962],[80.19827,8.0504]]]}},{"type":"Feature","properties":{"c":"forest"},"geometry":{"type":"Polygon","coordinates":[[[80.19827,8.0504],[80.19831,8.0509],[80.19852,8.05168],[80.19897,8.05151],[80.19926,8.05147],[80.19927,8.0512],[80.19949,8.05086],[80.19968,8.05071],[80.19991,8.05069],[80.20011,8.05059],[80.2004,8.05059],[80.20038,8.05033],[80.20016,8.05038],[80.20013,8.05007],[80.20003,8.05005],[80.19974,8.05007],[80.19827,8.0504]]]}},{"type":"Feature","properties":{"c":"scrub"},"geometry":{"type":"Polygon","coordinates":[[[80.20375,8.05067],[80.2038,8.05077],[80.20402,8.05087],[80.20411,8.05109],[80.20426,8.05106],[80.20434,8.05117],[80.20472,8.05121],[80.20477,8.05151],[80.20464,8.05161],[80.20442,8.05169],[80.20446,8.05178],[80.20461,8.05189],[80.20541,8.05176],[80.20548,8.05197],[80.20534,8.05239],[80.20522,8.05251],[80.20487,8.05241],[80.20478,8.05268],[80.20488,8.05305],[80.20502,8.05318],[80.20531,8.05326],[80.20542,8.05349],[80.20557,8.05357],[80.20564,8.05347],[80.2057,8.05319],[80.20604,8.05315],[80.2062,8.05296],[80.20613,8.05285],[80.20614,8.05252],[80.20623,8.05236],[80.20624,8.052],[80.20646,8.05196],[80.20654,8.05153],[80.20586,8.05148],[80.20564,8.05135],[80.20555,8.05119],[80.20544,8.0512],[80.20527,8.05111],[80.2051,8.0508],[80.20491,8.05086],[80.20455,8.05088],[80.20375,8.05067]]]}},{"type":"Feature","properties":{"c":"scrub"},"geometry":{"type":"Polygon","coordinates":[[[80.20262,8.05284],[80.20276,8.0529],[80.20288,8.05288],[80.20302,8.05274],[80.20348,8.05252],[80.20377,8.05252],[80.20397,8.05243],[80.20447,8.05249],[80.20461,8.05247],[80.20465,8.05237],[80.20459,8.05226],[80.20409,8.05206],[80.20383,8.05173],[80.20365,8.0517],[80.20353,8.05173],[80.20347,8.05205],[80.20353,8.0522],[80.20353,8.05238],[80.20347,8.05242],[80.20338,8.05239],[80.20315,8.05218],[80.20327,8.05166],[80.2032,8.05153],[80.20285,8.05143],[80.20272,8.05165],[80.20271,8.05197],[80.20286,8.05216],[80.20302,8.05223],[80.20309,8.05234],[80.20307,8.05246],[80.20286,8.05264],[80.20263,8.05272],[80.20262,8.05284]]]}},{"type":"Feature","properties":{"c":"forest"},"geometry":{"type":"Polygon","coordinates":[[[80.21187,8.05199],[80.21215,8.05233],[80.21232,8.05244],[80.21344,8.05245],[80.21363,8.05226],[80.21381,8.05215],[80.21401,8.05187],[80.21432,8.05173],[80.21452,8.05171],[80.21469,8.05183],[80.21492,8.0521],[80.21518,8.05227],[80.216,8.05234],[80.21635,8.05232],[80.21647,8.05191],[80.21709,8.05166],[80.21704,8.05092],[80.21695,8.0509],[80.21691,8.05082],[80.21694,8.05068],[80.21711,8.05064],[80.21718,8.05065],[80.2172,8.05081],[80.21843,8.05096],[80.21854,8.05103],[80.21825,8.05182],[80.21843,8.05198],[80.2186,8.05236],[80.2186,8.05247],[80.21849,8.05255],[80.21845,8.05267],[80.21853,8.05282],[80.21915,8.05286],[80.21923,8.05303],[80.21942,8.05311],[80.21961,8.05269],[80.21964,8.05245],[80.21934,8.05204],[80.21914,8.05149],[80.21914,8.05095],[80.21925,8.05063],[80.21902,8.05044],[80.21849,8.05035],[80.21841,8.0505],[80.21822,8.05057],[80.21811,8.05052],[80.21792,8.05024],[80.21733,8.05011],[80.21727,8.05003],[80.21726,8.04991],[80.21755,8.04961],[80.21748,8.04935],[80.21726,8.04934],[80.21707,8.04937],[80.21681,8.04932],[80.2168,8.04941],[80.21651,8.04943],[80.21618,8.04972],[80.21627,8.0498],[80.21642,8.04982],[80.21681,8.04975],[80.21692,8.04978],[80.21695,8.04992],[80.21675,8.04997],[80.21661,8.05008],[80.21631,8.05003],[80.21567,8.05003],[80.21552,8.05015],[80.21539,8.05046],[80.21526,8.05053],[80.21503,8.05048],[80.21489,8.0502],[80.21498,8.05006],[80.21498,8.04978],[80.21508,8.04967],[80.21504,8.0496],[80.21459,8.04964],[80.21452,8.04958],[80.21427,8.04958],[80.21352,8.04926],[80.21337,8.04937],[80.21324,8.04976],[80.21331,8.05004],[80.21355,8.0505],[80.21353,8.05063],[80.21341,8.05066],[80.21324,8.05055],[80.21302,8.05027],[80.21288,8.05025],[80.21247,8.05085],[80.21232,8.05096],[80.21205,8.05102],[80.21206,8.05126],[80.21197,8.05153],[80.21199,8.05165],[80.21187,8.05199]]]}},{"type":"Feature","properties":{"c":"scrub"},"geometry":{"type":"Polygon","coordinates":[[[80.21054,8.05305],[80.21066,8.05343],[80.21084,8.0532],[80.21136,8.05298],[80.21159,8.05281],[80.21175,8.0528],[80.21182,8.05293],[80.21199,8.05295],[80.21246,8.05273],[80.21264,8.05278],[80.21276,8.05275],[80.21288,8.05265],[80.21295,8.0528],[80.21289,8.05319],[80.21261,8.0533],[80.21262,8.0536],[80.21252,8.05365],[80.21257,8.05387],[80.21299,8.05391],[80.2131,8.05368],[80.21344,8.05364],[80.21345,8.05355],[80.2136,8.05339],[80.21385,8.05332],[80.21389,8.05312],[80.21425,8.05297],[80.21466,8.05286],[80.21473,8.05305],[80.21496,8.05306],[80.21506,8.05295],[80.21506,8.05285],[80.21528,8.05274],[80.21538,8.05283],[80.21556,8.05278],[80.21563,8.05272],[80.21561,8.05256],[80.21573,8.05229],[80.21518,8.05227],[80.21508,8.05223],[80.21452,8.05171],[80.21432,8.05173],[80.21401,8.05187],[80.21381,8.05215],[80.21363,8.05226],[80.21344,8.05245],[80.21232,8.05244],[80.21215,8.05233],[80.21187,8.05199],[80.21199,8.05165],[80.21197,8.05153],[80.21206,8.05126],[80.21205,8.05102],[80.21232,8.05096],[80.21247,8.05085],[80.21288,8.05025],[80.21302,8.05027],[80.21324,8.05055],[80.21341,8.05066],[80.21353,8.05063],[80.21355,8.0505],[80.21331,8.05004],[80.21324,8.04976],[80.21337,8.04937],[80.21352,8.04926],[80.21344,8.04921],[80.21306,8.04931],[80.21276,8.04929],[80.21208,8.04946],[80.21199,8.04962],[80.21191,8.04965],[80.21175,8.0496],[80.21169,8.0497],[80.21146,8.05074],[80.21122,8.05101],[80.21121,8.05123],[80.21137,8.05151],[80.21143,8.05177],[80.21137,8.05245],[80.21128,8.05267],[80.2111,8.0529],[80.21084,8.05302],[80.21054,8.05305]]]}},{"type":"Feature","properties":{"c":"forest"},"geometry":{"type":"Polygon","coordinates":[[[80.21704,8.05092],[80.21709,8.05166],[80.21714,8.05183],[80.2173,8.05205],[80.21765,8.05214],[80.2177,8.05223],[80.21804,8.05234],[80.2186,8.05236],[80.21843,8.05198],[80.21825,8.05182],[80.2181,8.05181],[80.21803,8.05168],[80.21804,8.05149],[80.21833,8.05096],[80.2172,8.05081],[80.21716,8.05088],[80.21704,8.05092]]]}},{"type":"Feature","properties":{"c":"scrub"},"geometry":{"type":"Polygon","coordinates":[[[80.216,8.05234],[80.21613,8.05273],[80.21644,8.05294],[80.21705,8.05299],[80.21756,8.05284],[80.21769,8.05289],[80.21772,8.05302],[80.21757,8.05323],[80.21747,8.05324],[80.21736,8.05333],[80.21709,8.0533],[80.21707,8.05335],[80.21771,8.05359],[80.21806,8.05341],[80.21821,8.0532],[80.2182,8.053],[80.21849,8.05298],[80.21854,8.05318],[80.21863,8.05322],[80.21923,8.05303],[80.21915,8.05286],[80.21905,8.05283],[80.21853,8.05282],[80.21845,8.05267],[80.21849,8.05255],[80.2186,8.05247],[80.2186,8.05236],[80.21804,8.05234],[80.2177,8.05223],[80.21765,8.05214],[80.2173,8.05205],[80.21714,8.05183],[80.21709,8.05166],[80.21647,8.05191],[80.21635,8.05232],[80.216,8.05234]]]}},{"type":"Feature","properties":{"c":"scrub"},"geometry":{"type":"Polygon","coordinates":[[[80.21811,8.05387],[80.21812,8.054],[80.21821,8.0541],[80.21857,8.05417],[80.21869,8.05425],[80.21878,8.05423],[80.21871,8.05402],[80.2186,8.05394],[80.21846,8.05391],[80.21839,8.05377],[80.21831,8.05375],[80.21829,8.05383],[80.21815,8.0538],[80.21811,8.05387]]]}},{"type":"Feature","properties":{"c":"scrub"},"geometry":{"type":"Polygon","coordinates":[[[80.21283,8.05512],[80.21289,8.05529],[80.2133,8.05519],[80.21349,8.05528],[80.2136,8.05529],[80.21366,8.05526],[80.2137,8.05506],[80.21377,8.05502],[80.21364,8.05488],[80.21338,8.055],[80.21317,8.05489],[80.21283,8.05512]]]}},{"type":"Feature","properties":{"c":"scrub"},"geometry":{"type":"Polygon","coordinates":[[[80.21885,8.05466],[80.21897,8.05505],[80.21907,8.05517],[80.21923,8.05516],[80.2193,8.05528],[80.21946,8.05516],[80.22,8.05516],[80.22011,8.05506],[80.22011,8.05468],[80.2202,8.05455],[80.22006,8.05442],[80.2199,8.05439],[80.21937,8.05452],[80.21913,8.0545],[80.21892,8.05457],[80.21885,8.05466]]]}},{"type":"Feature","properties":{"c":"forest"},"geometry":{"type":"Polygon","coordinates":[[[80.21788,8.05352],[80.21821,8.05384],[80.21829,8.05383],[80.21831,8.05375],[80.21839,8.05377],[80.21846,8.05391],[80.2186,8.05394],[80.21871,8.05402],[80.21892,8.05457],[80.21913,8.0545],[80.21937,8.05452],[80.2199,8.05439],[80.22006,8.05442],[80.2202,8.05455],[80.22054,8.05429],[80.22047,8.05414],[80.22046,8.05399],[80.22072,8.05349],[80.22062,8.05308],[80.22046,8.05287],[80.22028,8.05284],[80.2196,8.05334],[80.21948,8.05328],[80.21942,8.05311],[80.21923,8.05303],[80.21863,8.05322],[80.21854,8.05318],[80.21849,8.05298],[80.2182,8.053],[80.21821,8.0532],[80.21806,8.05341],[80.21788,8.05352]]]}},{"type":"Feature","properties":{"c":"forest"},"geometry":{"type":"Polygon","coordinates":[[[80.21224,8.05431],[80.21242,8.05445],[80.21262,8.05453],[80.2127,8.05467],[80.21283,8.05512],[80.21317,8.05489],[80.21338,8.055],[80.21364,8.05488],[80.21372,8.05494],[80.21377,8.05502],[80.2137,8.05506],[80.21366,8.05526],[80.2136,8.05529],[80.21349,8.05528],[80.2133,8.05519],[80.21289,8.05529],[80.21321,8.05549],[80.21332,8.05562],[80.21342,8.05588],[80.21344,8.05606],[80.2134,8.05623],[80.21314,8.05659],[80.2133,8.05669],[80.21332,8.05687],[80.21363,8.05688],[80.21385,8.05695],[80.21431,8.05698],[80.21431,8.05685],[80.21459,8.05682],[80.21425,8.05607],[80.21421,8.05562],[80.21426,8.05542],[80.21461,8.05523],[80.21461,8.05511],[80.21452,8.05496],[80.21484,8.055],[80.21523,8.05513],[80.21652,8.05524],[80.21662,8.0552],[80.21674,8.05508],[80.21706,8.05499],[80.21725,8.0552],[80.21736,8.05513],[80.21764,8.05526],[80.21782,8.05528],[80.21803,8.05521],[80.2185,8.05555],[80.21907,8.05544],[80.2193,8.05528],[80.21923,8.05516],[80.21907,8.05517],[80.21897,8.05505],[80.21885,8.05466],[80.21892,8.05457],[80.21878,8.05423],[80.21869,8.05425],[80.21857,8.05417],[80.21821,8.0541],[80.21812,8.054],[80.21811,8.05387],[80.21815,8.0538],[80.21788,8.05352],[80.21771,8.05359],[80.21707,8.05335],[80.21709,8.0533],[80.21736,8.05333],[80.21747,8.05324],[80.21757,8.05323],[80.21772,8.05302],[80.21769,8.05289],[80.21756,8.05284],[80.21705,8.05299],[80.21644,8.05294],[80.21613,8.05273],[80.216,8.05234],[80.21573,8.05229],[80.21561,8.05256],[80.21563,8.05272],[80.21556,8.05278],[80.21538,8.05283],[80.21528,8.05274],[80.21506,8.05285],[80.21506,8.05295],[80.21496,8.05306],[80.21473,8.05305],[80.21466,8.05286],[80.21425,8.05297],[80.21389,8.05312],[80.21385,8.05332],[80.2136,8.05339],[80.21345,8.05355],[80.21344,8.05364],[80.2131,8.05368],[80.21299,8.05391],[80.21257,8.05387],[80.21224,8.05431]]]}},{"type":"Feature","properties":{"c":"scrub"},"geometry":{"type":"Polygon","coordinates":[[[80.20633,8.05379],[80.20642,8.05411],[80.2065,8.05423],[80.20721,8.05413],[80.20726,8.05399],[80.20745,8.05382],[80.20799,8.05372],[80.20839,8.05357],[80.20847,8.05363],[80.20896,8.05368],[80.20904,8.05353],[80.20934,8.05362],[80.20944,8.0535],[80.20956,8.05346],[80.20968,8.0535],[80.2097,8.05368],[80.21023,8.05378],[80.21058,8.05357],[80.21066,8.05343],[80.21054,8.05305],[80.21028,8.05304],[80.21009,8.05297],[80.20998,8.05286],[80.20982,8.05286],[80.20965,8.05293],[80.20934,8.05316],[80.20915,8.05321],[80.209,8.05308],[80.20892,8.0529],[80.20879,8.05281],[80.20867,8.05286],[80.2086,8.05301],[80.2084,8.05317],[80.20788,8.05343],[80.2077,8.05345],[80.20762,8.05339],[80.20747,8.05349],[80.20693,8.05368],[80.20633,8.05379]]]}},{"type":"Feature","properties":{"c":"meadow"},"geometry":{"type":"Polygon","coordinates":[[[80.20947,8.05622],[80.20947,8.05638],[80.20961,8.05657],[80.21005,8.05662],[80.21032,8.05659],[80.2105,8.05651],[80.21063,8.05633],[80.21062,8.05591],[80.21052,8.05581],[80.20981,8.05593],[80.20962,8.05601],[80.20947,8.05622]]]}},{"type":"Feature","properties":{"c":"scrub"},"geometry":{"type":"Polygon","coordinates":[[[80.20874,8.056],[80.20878,8.05624],[80.20901,8.05646],[80.20957,8.05652],[80.20947,8.05638],[80.20947,8.05622],[80.20962,8.05601],[80.20981,8.05593],[80.21052,8.05581],[80.21051,8.05573],[80.20908,8.05568],[80.20896,8.05553],[80.20879,8.05577],[80.20874,8.056]]]}},{"type":"Feature","properties":{"c":"scrub"},"geometry":{"type":"Polygon","coordinates":[[[80.20952,8.05689],[80.20964,8.05735],[80.20975,8.0581],[80.20963,8.05839],[80.20994,8.05839],[80.21001,8.05845],[80.21009,8.05837],[80.21034,8.05829],[80.21047,8.05863],[80.21017,8.05874],[80.21016,8.05956],[80.21023,8.05956],[80.21027,8.05941],[80.21041,8.05926],[80.2108,8.05915],[80.21089,8.05921],[80.21115,8.05912],[80.21088,8.05852],[80.21115,8.05822],[80.21137,8.05814],[80.21163,8.05797],[80.21162,8.05753],[80.21135,8.05735],[80.21114,8.0568],[80.21091,8.05642],[80.21096,8.05607],[80.21087,8.05595],[80.21062,8.05591],[80.21063,8.05633],[80.2105,8.05651],[80.21005,8.05662],[80.20961,8.05657],[80.20952,8.05671],[80.20952,8.05689]]]}},{"type":"Feature","properties":{"c":"forest"},"geometry":{"type":"Polygon","coordinates":[[[80.19852,8.05168],[80.19889,8.0526],[80.19895,8.05288],[80.19905,8.05304],[80.19921,8.05297],[80.19933,8.0532],[80.19933,8.05344],[80.19946,8.05363],[80.19952,8.05357],[80.19952,8.05342],[80.19964,8.05341],[80.19976,8.05353],[80.19982,8.05368],[80.19978,8.05381],[80.19962,8.05388],[80.19949,8.05388],[80.19941,8.05375],[80.19931,8.05407],[80.19944,8.05424],[80.19955,8.05422],[80.19977,8.05432],[80.19999,8.0543],[80.20011,8.05445],[80.20018,8.05488],[80.20029,8.05487],[80.20039,8.05471],[80.20072,8.05441],[80.20081,8.05461],[80.20073,8.05473],[80.20074,8.05484],[80.20086,8.05489],[80.20106,8.05473],[80.20138,8.05458],[80.20164,8.05461],[80.20167,8.05474],[80.20184,8.05478],[80.20238,8.05466],[80.20265,8.05452],[80.20291,8.05454],[80.20348,8.05443],[80.20424,8.05421],[80.20441,8.054],[80.20448,8.05408],[80.20477,8.05408],[80.20483,8.05414],[80.205,8.05407],[80.20528,8.05409],[80.20536,8.05418],[80.20513,8.05435],[80.20504,8.05469],[80.20511,8.05483],[80.20536,8.05486],[80.20538,8.055],[80.20524,8.05504],[80.20513,8.055],[80.20497,8.05505],[80.20477,8.05524],[80.20421,8.05547],[80.20415,8.05539],[80.20419,8.05525],[80.20416,8.0551],[80.20396,8.05488],[80.20385,8.05447],[80.20371,8.05452],[80.20376,8.05466],[80.20373,8.05472],[80.20344,8.0547],[80.20295,8.05476],[80.20345,8.0554],[80.20335,8.05554],[80.20328,8.05558],[80.20299,8.05546],[80.2026,8.05558],[80.20254,8.05555],[80.20256,8.05544],[80.2024,8.05491],[80.20169,8.05514],[80.2015,8.05527],[80.20085,8.05603],[80.2006,8.05616],[80.20061,8.05658],[80.20069,8.05724],[80.20026,8.05752],[80.20042,8.05818],[80.20057,8.05838],[80.20095,8.05847],[80.20104,8.05861],[80.20104,8.05873],[80.20091,8.05881],[80.20059,8.05888],[80.20054,8.05901],[80.20057,8.0593],[80.20046,8.05943],[80.20051,8.05959],[80.20072,8.05963],[80.20079,8.05971],[80.20078,8.05983],[80.20071,8.0599],[80.2007,8.06006],[80.20055,8.06014],[80.20076,8.06036],[80.20096,8.06034],[80.20106,8.06006],[80.20119,8.06004],[80.20124,8.06014],[80.20137,8.06011],[80.2015,8.06027],[80.20163,8.06018],[80.20174,8.06023],[80.20183,8.06013],[80.20175,8.05999],[80.20163,8.05991],[80.2018,8.05956],[80.202,8.05939],[80.20211,8.05908],[80.2022,8.05895],[80.20243,8.05872],[80.20274,8.05857],[80.20294,8.0588],[80.20286,8.05896],[80.20271,8.05911],[80.20278,8.05929],[80.20265,8.05935],[80.20251,8.05917],[80.2024,8.05916],[80.20208,8.05949],[80.2021,8.05959],[80.20221,8.05966],[80.2023,8.05981],[80.2025,8.05991],[80.20257,8.06018],[80.20272,8.06021],[80.20271,8.06032],[80.20284,8.06037],[80.20299,8.06031],[80.20298,8.06042],[80.20307,8.06049],[80.20354,8.06051],[80.20358,8.06043],[80.20373,8.06042],[80.20365,8.06001],[80.20365,8.05979],[80.2039,8.05918],[80.20506,8.05919],[80.20529,8.05904],[80.20543,8.05919],[80.20559,8.05919],[80.20613,8.05903],[80.20625,8.05891],[80.20629,8.05873],[80.20637,8.05869],[80.20659,8.05889],[80.20664,8.05913],[80.20676,8.05927],[80.20699,8.05927],[80.20712,8.05941],[80.20724,8.05945],[80.2073,8.0596],[80.20701,8.05975],[80.20692,8.05985],[80.20736,8.06026],[80.20756,8.06039],[80.20806,8.06033],[80.20826,8.06041],[80.20838,8.06034],[80.20838,8.06005],[80.20845,8.06008],[80.20859,8.06057],[80.20869,8.06059],[80.20877,8.06054],[80.20889,8.06022],[80.2088,8.05935],[80.20927,8.05937],[80.20949,8.05929],[80.2096,8.05848],[80.20975,8.0581],[80.20964,8.05735],[80.20952,8.05689],[80.20952,8.05671],[80.20961,8.05657],[80.20957,8.05652],[80.20901,8.05646],[80.20888,8.05638],[80.20878,8.05624],[80.20874,8.056],[80.20879,8.05577],[80.20896,8.05553],[80.20908,8.05568],[80.21051,8.05573],[80.21052,8.05581],[80.21062,8.05591],[80.21087,8.05595],[80.21096,8.05607],[80.21126,8.05491],[80.21171,8.05439],[80.21198,8.05431],[80.21224,8.05431],[80.21257,8.05387],[80.21252,8.05365],[80.21262,8.0536],[80.21261,8.0533],[80.21289,8.05319],[80.21295,8.0528],[80.21288,8.05265],[80.21276,8.05275],[80.21264,8.05278],[80.21246,8.05273],[80.21199,8.05295],[80.21182,8.05293],[80.21175,8.0528],[80.21159,8.05281],[80.21136,8.05298],[80.21084,8.0532],[80.21058,8.05357],[80.21023,8.05378],[80.2097,8.05368],[80.20968,8.0535],[80.20956,8.05346],[80.20944,8.0535],[80.20934,8.05362],[80.20904,8.05353],[80.20896,8.05368],[80.20847,8.05363],[80.20839,8.05357],[80.20799,8.05372],[80.20745,8.05382],[80.20726,8.05399],[80.20721,8.05413],[80.2065,8.05423],[80.20642,8.05411],[80.20633,8.05379],[80.20589,8.05387],[80.20541,8.05404],[80.20503,8.05399],[80.20492,8.0536],[80.20542,8.05349],[80.20531,8.05326],[80.20502,8.05318],[80.20488,8.05305],[80.20448,8.05317],[80.20438,8.05326],[80.2043,8.05348],[80.20417,8.05348],[80.20412,8.05339],[80.2039,8.05331],[80.20365,8.05342],[80.20333,8.05334],[80.20288,8.05288],[80.20276,8.0529],[80.20262,8.05284],[80.20263,8.05272],[80.20214,8.05205],[80.20206,8.05202],[80.20207,8.05192],[80.20192,8.05154],[80.20175,8.05149],[80.20063,8.05155],[80.2003,8.05145],[80.19926,8.05147],[80.19897,8.05151],[80.19852,8.05168]]]}},{"type":"Feature","properties":{"c":"forest"},"geometry":{"type":"Polygon","coordinates":[[[80.20288,8.05288],[80.20315,8.05314],[80.20341,8.05312],[80.2034,8.05303],[80.2035,8.05301],[80.20375,8.0534],[80.2039,8.05331],[80.20377,8.05297],[80.20398,8.05288],[80.2041,8.05272],[80.20425,8.05272],[80.20434,8.05282],[80.20448,8.05317],[80.20488,8.05305],[80.20478,8.05268],[80.20482,8.05251],[80.20487,8.05241],[80.20522,8.05251],[80.20534,8.05239],[80.20544,8.05215],[80.20548,8.05197],[80.20544,8.05182],[80.20541,8.05176],[80.20461,8.05189],[80.20446,8.05178],[80.20442,8.05169],[80.20391,8.05179],[80.20395,8.05192],[80.20409,8.05206],[80.20459,8.05226],[80.20465,8.05237],[80.20461,8.05247],[80.20426,8.05249],[80.20397,8.05243],[80.20377,8.05252],[80.20348,8.05252],[80.20302,8.05274],[80.20288,8.05288]]]}},{"type":"Feature","properties":{"c":"forest"},"geometry":{"type":"Polygon","coordinates":[[[80.20214,8.05205],[80.20263,8.05272],[80.20286,8.05264],[80.20307,8.05246],[80.20309,8.05234],[80.20302,8.05223],[80.20286,8.05216],[80.20271,8.05197],[80.20272,8.05165],[80.20285,8.05143],[80.2032,8.05153],[80.20327,8.05166],[80.20315,8.05218],[80.20347,8.05242],[80.20353,8.05238],[80.20353,8.0522],[80.20347,8.05205],[80.20353,8.05173],[80.20365,8.0517],[80.20391,8.05179],[80.20442,8.05169],[80.20464,8.05161],[80.20477,8.05151],[80.20476,8.05137],[80.20472,8.05121],[80.20434,8.05117],[80.20426,8.05106],[80.20411,8.05109],[80.20402,8.05087],[80.2038,8.05077],[80.20375,8.05067],[80.20359,8.05062],[80.20351,8.05073],[80.20328,8.05062],[80.20325,8.05051],[80.20314,8.05051],[80.2031,8.05077],[80.2033,8.05085],[80.20328,8.05097],[80.20312,8.0511],[80.20294,8.05103],[80.20286,8.05087],[80.20274,8.05089],[80.2027,8.05084],[80.20255,8.0509],[80.20236,8.05148],[80.20247,8.0517],[80.20242,8.05181],[80.20214,8.05205]]]}},{"type":"Feature","properties":{"c":"scrub"},"geometry":{"type":"Polygon","coordinates":[[[80.20256,8.05544],[80.20254,8.05555],[80.2026,8.05558],[80.20299,8.05546],[80.20328,8.05558],[80.20342,8.05547],[80.20345,8.0554],[80.20285,8.05529],[80.20282,8.05537],[80.20264,8.05546],[80.20256,8.05544]]]}},{"type":"Feature","properties":{"c":"forest"},"geometry":{"type":"Polygon","coordinates":[[[80.2024,8.05491],[80.20256,8.05544],[80.20264,8.05546],[80.20274,8.05542],[80.20282,8.05537],[80.20285,8.05529],[80.20345,8.0554],[80.20295,8.05476],[80.2026,8.05482],[80.2024,8.05491]]]}},{"type":"Feature","properties":{"c":"scrub"},"geometry":{"type":"Polygon","coordinates":[[[80.20167,8.05474],[80.20169,8.05514],[80.2026,8.05482],[80.20344,8.0547],[80.20373,8.05472],[80.20376,8.05466],[80.20371,8.05452],[80.20385,8.05447],[80.20396,8.05488],[80.20416,8.0551],[80.20419,8.05525],[80.20415,8.05539],[80.20421,8.05547],[80.20477,8.05524],[80.20497,8.05505],[80.20513,8.055],[80.20524,8.05504],[80.20538,8.055],[80.20536,8.05486],[80.20511,8.05483],[80.20504,8.05469],[80.20513,8.05435],[80.20536,8.05418],[80.20528,8.05409],[80.205,8.05407],[80.20483,8.05414],[80.20477,8.05408],[80.20448,8.05408],[80.20441,8.054],[80.20424,8.05421],[80.20348,8.05443],[80.20291,8.05454],[80.20265,8.05452],[80.20238,8.05466],[80.20202,8.05476],[80.20184,8.05478],[80.20167,8.05474]]]}},{"type":"Feature","properties":{"c":"scrub"},"geometry":{"type":"Polygon","coordinates":[[[80.19944,8.05424],[80.19952,8.05434],[80.19949,8.05462],[80.19955,8.05488],[80.19944,8.0555],[80.19953,8.05547],[80.19954,8.05534],[80.19964,8.05523],[80.20029,8.05495],[80.20074,8.05484],[80.20073,8.05473],[80.20081,8.05461],[80.20072,8.05441],[80.20039,8.05471],[80.20029,8.05487],[80.20018,8.05488],[80.20011,8.05445],[80.19999,8.0543],[80.19977,8.05432],[80.19955,8.05422],[80.19944,8.05424]]]}},{"type":"Feature","properties":{"c":"scrub"},"geometry":{"type":"Polygon","coordinates":[[[80.19905,8.05304],[80.19949,8.05388],[80.19962,8.05388],[80.19978,8.05381],[80.19982,8.05368],[80.19976,8.05353],[80.19964,8.05341],[80.19952,8.05342],[80.19952,8.05357],[80.19946,8.05363],[80.19933,8.05344],[80.19933,8.0532],[80.19921,8.05297],[80.19905,8.05304]]]}},{"type":"Feature","properties":{"c":"orchard"},"geometry":{"type":"Polygon","coordinates":[[[80.22056,8.03813],[80.22135,8.0387],[80.22161,8.03835],[80.22141,8.03821],[80.22152,8.03808],[80.2209,8.03767],[80.22056,8.03813]]]}},{"type":"Feature","properties":{"c":"scrub"},"geometry":{"type":"Polygon","coordinates":[[[80.22141,8.03821],[80.22234,8.03875],[80.22248,8.03851],[80.22221,8.03836],[80.22213,8.03845],[80.22152,8.03808],[80.22141,8.03821]]]}},{"type":"Feature","properties":{"c":"forest"},"geometry":{"type":"Polygon","coordinates":[[[80.21983,8.03636],[80.22004,8.03651],[80.21986,8.03678],[80.22003,8.0369],[80.22004,8.03714],[80.21995,8.03724],[80.22004,8.03733],[80.2205,8.03743],[80.2207,8.03754],[80.22114,8.03659],[80.22091,8.03643],[80.22107,8.03599],[80.22014,8.03567],[80.22,8.03608],[80.21983,8.03636]]]}},{"type":"Feature","properties":{"c":"meadow"},"geometry":{"type":"Polygon","coordinates":[[[80.21964,8.03664],[80.21986,8.03678],[80.22004,8.03651],[80.21983,8.03636],[80.21964,8.03664]]]}},{"type":"Feature","properties":{"c":"forest"},"geometry":{"type":"Polygon","coordinates":[[[80.22275,8.03615],[80.22287,8.03618],[80.22282,8.03658],[80.22297,8.03661],[80.22283,8.03752],[80.22303,8.0375],[80.22318,8.03722],[80.22351,8.037],[80.22356,8.03668],[80.22383,8.03668],[80.2239,8.03638],[80.22451,8.03654],[80.22406,8.03585],[80.22378,8.03556],[80.22293,8.03538],[80.22275,8.03615]]]}},{"type":"Feature","properties":{"c":"forest"},"geometry":{"type":"Polygon","coordinates":[[[80.22252,8.03398],[80.22289,8.03411],[80.22269,8.0347],[80.22257,8.03531],[80.22293,8.03538],[80.22334,8.03385],[80.22361,8.0331],[80.223,8.0329],[80.22252,8.03398]]]}},{"type":"Feature","properties":{"c":"farmland"},"geometry":{"type":"Polygon","coordinates":[[[80.19772,8.05757],[80.19793,8.05773],[80.1979,8.05802],[80.19804,8.05806],[80.19799,8.05832],[80.19815,8.05839],[80.1981,8.05858],[80.19789,8.05868],[80.19774,8.05892],[80.19782,8.05904],[80.198,8.0591],[80.19811,8.05891],[80.19826,8.05896],[80.19818,8.05916],[80.19869,8.05931],[80.19872,8.05922],[80.19905,8.05926],[80.19908,8.05934],[80.20035,8.05932],[80.20023,8.0588],[80.20015,8.05876],[80.20006,8.05812],[80.20014,8.0581],[80.20014,8.05791],[80.20033,8.05786],[80.20023,8.05738],[80.2001,8.0574],[80.20008,8.05713],[80.19969,8.05703],[80.2,8.05655],[80.19999,8.05634],[80.1995,8.05575],[80.19941,8.05576],[80.19907,8.05559],[80.19889,8.05582],[80.1985,8.05588],[80.19847,8.05618],[80.19876,8.05631],[80.19858,8.05659],[80.19856,8.05683],[80.19842,8.05719],[80.19827,8.05713],[80.1983,8.05704],[80.19817,8.05695],[80.19778,8.05741],[80.19772,8.05757]]]}},{"type":"Feature","properties":{"c":"scrub"},"geometry":{"type":"Polygon","coordinates":[[[80.19809,8.05518],[80.19813,8.05533],[80.19824,8.05541],[80.19839,8.05588],[80.1984,8.05611],[80.19847,8.05618],[80.1985,8.05588],[80.19889,8.05582],[80.19907,8.05559],[80.19941,8.05576],[80.1995,8.05575],[80.19999,8.05634],[80.2,8.05655],[80.19969,8.05703],[80.20008,8.05713],[80.2001,8.0574],[80.20023,8.05738],[80.20026,8.05752],[80.20069,8.05724],[80.20066,8.05686],[80.20038,8.05662],[80.19983,8.05598],[80.19953,8.05547],[80.19944,8.0555],[80.19952,8.05508],[80.19923,8.05526],[80.19888,8.05537],[80.19861,8.05508],[80.19839,8.05504],[80.19827,8.05493],[80.19816,8.05493],[80.19809,8.05518]]]}},{"type":"Feature","properties":{"c":"scrub"},"geometry":{"type":"Polygon","coordinates":[[[80.19657,8.06055],[80.19787,8.061],[80.19842,8.06145],[80.19886,8.06158],[80.19924,8.06152],[80.19954,8.06138],[80.19955,8.06113],[80.19919,8.06119],[80.19897,8.06104],[80.19886,8.06081],[80.19883,8.06059],[80.19895,8.06056],[80.19909,8.06059],[80.1994,8.06087],[80.19957,8.06087],[80.19962,8.05948],[80.20014,8.0596],[80.20008,8.06002],[80.2005,8.0601],[80.20055,8.06014],[80.2007,8.06006],[80.20071,8.0599],[80.20078,8.05983],[80.20079,8.05971],[80.20072,8.05963],[80.20051,8.05959],[80.20046,8.05943],[80.20057,8.0593],[80.20054,8.05901],[80.20059,8.05888],[80.20079,8.05885],[80.20104,8.05873],[80.20104,8.05861],[80.20095,8.05847],[80.20057,8.05838],[80.20042,8.05818],[80.20033,8.05786],[80.20014,8.05791],[80.20014,8.0581],[80.20006,8.05812],[80.20015,8.05876],[80.20023,8.0588],[80.20035,8.05932],[80.19908,8.05934],[80.19905,8.05926],[80.19872,8.05922],[80.19869,8.05931],[80.19818,8.05916],[80.19826,8.05896],[80.19811,8.05891],[80.198,8.0591],[80.19782,8.05904],[80.19774,8.05892],[80.19756,8.05904],[80.19771,8.05916],[80.19779,8.05932],[80.19783,8.05954],[80.1978,8.0597],[80.1977,8.05983],[80.19735,8.06003],[80.19693,8.06008],[80.19657,8.06055]]]}},{"type":"Feature","properties":{"c":"scrub"},"geometry":{"type":"Polygon","coordinates":[[[80.1994,8.06113],[80.19955,8.06113],[80.19957,8.06087],[80.1994,8.06087],[80.1994,8.06113]]]}},{"type":"Feature","properties":{"c":"scrub"},"geometry":{"type":"Polygon","coordinates":[[[80.20096,8.06034],[80.201,8.06081],[80.20115,8.06082],[80.20122,8.06089],[80.20127,8.06087],[80.20128,8.06078],[80.20143,8.06079],[80.20158,8.0609],[80.20187,8.06096],[80.20192,8.06114],[80.20242,8.06107],[80.20251,8.06079],[80.20276,8.06077],[80.20278,8.06066],[80.20295,8.06074],[80.20302,8.06069],[80.20303,8.06062],[80.20313,8.06062],[80.20314,8.06083],[80.20305,8.06098],[80.2031,8.06101],[80.20332,8.06097],[80.20332,8.06066],[80.2037,8.06074],[80.2039,8.06071],[80.20404,8.06083],[80.20435,8.06083],[80.20446,8.06093],[80.20503,8.06106],[80.20642,8.06114],[80.20654,8.06101],[80.20667,8.06075],[80.20682,8.06071],[80.20681,8.06062],[80.20689,8.06058],[80.20703,8.06056],[80.20768,8.0607],[80.20785,8.06089],[80.208,8.06089],[80.208,8.06076],[80.20775,8.06038],[80.20756,8.06039],[80.20736,8.06026],[80.20709,8.05998],[80.20698,8.05994],[80.20692,8.05985],[80.20701,8.05975],[80.2073,8.0596],[80.20724,8.05945],[80.20712,8.05941],[80.20699,8.05927],[80.20676,8.05927],[80.20664,8.05913],[80.20659,8.05889],[80.20637,8.05869],[80.20629,8.05873],[80.20625,8.05891],[80.20613,8.05903],[80.20559,8.05919],[80.20543,8.05919],[80.20529,8.05904],[80.20506,8.05919],[80.2039,8.05918],[80.20365,8.05979],[80.20365,8.06001],[80.20373,8.06042],[80.20358,8.06043],[80.20354,8.06051],[80.20307,8.06049],[80.20298,8.06042],[80.20299,8.06031],[80.20284,8.06037],[80.20271,8.06032],[80.20272,8.06021],[80.20257,8.06018],[80.2025,8.05991],[80.2023,8.05981],[80.20221,8.05966],[80.2021,8.05959],[80.20208,8.05949],[80.2024,8.05916],[80.20251,8.05917],[80.20265,8.05935],[80.20278,8.05929],[80.20271,8.05911],[80.20286,8.05896],[80.20294,8.0588],[80.20274,8.05857],[80.20243,8.05872],[80.2022,8.05895],[80.20211,8.05908],[80.202,8.05939],[80.2018,8.05956],[80.20163,8.05991],[80.20175,8.05999],[80.20183,8.06013],[80.20174,8.06023],[80.20163,8.06018],[80.2015,8.06027],[80.20137,8.06011],[80.20124,8.06014],[80.20119,8.06004],[80.20106,8.06006],[80.20096,8.06034]]]}},{"type":"Feature","properties":{"c":"farmland"},"geometry":{"type":"Polygon","coordinates":[[[80.1985,8.04154],[80.19853,8.04167],[80.19903,8.04156],[80.19886,8.04104],[80.19855,8.04117],[80.19859,8.04144],[80.1985,8.04154]]]}},{"type":"Feature","properties":{"c":"scrub"},"geometry":{"type":"Polygon","coordinates":[[[80.19769,8.04148],[80.19783,8.0417],[80.19787,8.04187],[80.1978,8.04239],[80.19793,8.04321],[80.1981,8.0435],[80.19826,8.04367],[80.19865,8.04385],[80.1986,8.04361],[80.1989,8.04355],[80.1988,8.043],[80.19848,8.04304],[80.19841,8.04247],[80.19873,8.04237],[80.1985,8.04154],[80.19859,8.04144],[80.19855,8.04117],[80.19902,8.041],[80.1988,8.04046],[80.19831,8.04098],[80.19769,8.04148]]]}},{"type":"Feature","properties":{"c":"farmland"},"geometry":{"type":"Polygon","coordinates":[[[80.19439,8.04238],[80.19441,8.04257],[80.1947,8.04302],[80.19479,8.043],[80.19508,8.04352],[80.19497,8.0436],[80.19503,8.04373],[80.19541,8.04386],[80.19551,8.04381],[80.19657,8.04265],[80.1973,8.04204],[80.19751,8.0416],[80.19621,8.04078],[80.19631,8.03966],[80.19501,8.03967],[80.19494,8.04011],[80.19484,8.0403],[80.19522,8.04057],[80.19522,8.04072],[80.19536,8.0409],[80.19529,8.04107],[80.19543,8.04119],[80.19498,8.04197],[80.19466,8.0421],[80.19449,8.04222],[80.19439,8.04238]]]}},{"type":"Feature","properties":{"c":"scrub"},"geometry":{"type":"Polygon","coordinates":[[[80.19481,8.0406],[80.19511,8.0408],[80.19513,8.04106],[80.19524,8.04118],[80.19488,8.04185],[80.19495,8.04199],[80.19543,8.04119],[80.19529,8.04107],[80.19536,8.0409],[80.19522,8.04072],[80.19522,8.04057],[80.19496,8.04038],[80.19481,8.0406]]]}},{"type":"Feature","properties":{"c":"scrub"},"geometry":{"type":"Polygon","coordinates":[[[80.19457,8.04013],[80.19484,8.0403],[80.19494,8.04011],[80.19501,8.03967],[80.19486,8.03967],[80.19483,8.03983],[80.1947,8.03982],[80.19457,8.04013]]]}},{"type":"Feature","properties":{"c":"scrub"},"geometry":{"type":"Polygon","coordinates":[[[80.19588,8.03627],[80.19595,8.03636],[80.19611,8.03634],[80.19615,8.03646],[80.19656,8.03645],[80.19664,8.03675],[80.197,8.03672],[80.19935,8.03681],[80.1994,8.03672],[80.19956,8.03665],[80.19985,8.03666],[80.19993,8.0371],[80.19983,8.03877],[80.19984,8.03907],[80.19998,8.03907],[80.19999,8.03835],[80.20013,8.03656],[80.20024,8.03641],[80.20023,8.03623],[80.19971,8.03625],[80.19945,8.0361],[80.19906,8.03611],[80.19906,8.03634],[80.19863,8.03632],[80.19864,8.0359],[80.19841,8.03593],[80.19804,8.03614],[80.19779,8.03611],[80.19757,8.03614],[80.19735,8.0362],[80.19724,8.03628],[80.19707,8.03565],[80.19694,8.03571],[80.19686,8.03583],[80.19681,8.03619],[80.19676,8.03625],[80.19599,8.0363],[80.19588,8.03627]]]}},{"type":"Feature","properties":{"c":"scrub"},"geometry":{"type":"Polygon","coordinates":[[[80.19707,8.03565],[80.19715,8.03594],[80.19798,8.03577],[80.19814,8.0361],[80.19841,8.03593],[80.19833,8.03567],[80.19879,8.03555],[80.19885,8.03432],[80.19899,8.03392],[80.19916,8.03361],[80.19896,8.03381],[80.19869,8.03424],[80.19849,8.03492],[80.19823,8.03538],[80.198,8.0355],[80.19707,8.03565]]]}},{"type":"Feature","properties":{"c":"scrub"},"geometry":{"type":"Polygon","coordinates":[[[80.20004,8.03616],[80.20005,8.03624],[80.20023,8.03623],[80.20024,8.03641],[80.201,8.03617],[80.20155,8.03611],[80.20155,8.03583],[80.20163,8.03582],[80.20166,8.03524],[80.20078,8.03567],[80.20059,8.03541],[80.20047,8.03556],[80.20042,8.03575],[80.20017,8.03591],[80.20004,8.03616]]]}},{"type":"Feature","properties":{"c":"meadow"},"geometry":{"type":"Polygon","coordinates":[[[80.19606,8.04868],[80.19615,8.04936],[80.19657,8.0493],[80.1966,8.04936],[80.19688,8.04934],[80.19702,8.04998],[80.19712,8.04999],[80.19715,8.0501],[80.19704,8.05014],[80.19719,8.0507],[80.19742,8.05065],[80.19753,8.05107],[80.19754,8.05132],[80.19771,8.05182],[80.19829,8.05166],[80.19817,8.05116],[80.19836,8.0511],[80.19827,8.0504],[80.19845,8.04962],[80.19833,8.04893],[80.19851,8.04798],[80.19807,8.0479],[80.19803,8.04819],[80.19782,8.04816],[80.19782,8.04793],[80.19707,8.04784],[80.19707,8.04808],[80.19654,8.04807],[80.19661,8.04861],[80.19606,8.04868]]]}},{"type":"Feature","properties":{"c":"scrub"},"geometry":{"type":"Polygon","coordinates":[[[80.19541,8.04646],[80.19554,8.04706],[80.19577,8.047],[80.19585,8.04739],[80.19615,8.04735],[80.19623,8.04781],[80.19651,8.04782],[80.19654,8.04807],[80.19681,8.04807],[80.19679,8.04782],[80.19698,8.04783],[80.19698,8.04747],[80.19694,8.04699],[80.19668,8.04701],[80.19653,8.04641],[80.19674,8.04637],[80.19658,8.04564],[80.19605,8.04571],[80.19614,8.04601],[80.19582,8.04607],[80.19587,8.04634],[80.19541,8.04646]]]}},{"type":"Feature","properties":{"c":"scrub"},"geometry":{"type":"Polygon","coordinates":[[[80.19658,8.04564],[80.19668,8.04602],[80.19708,8.04597],[80.19712,8.04611],[80.19755,8.04604],[80.19765,8.04635],[80.19798,8.04627],[80.19782,8.04565],[80.19837,8.04555],[80.19871,8.04543],[80.19866,8.04533],[80.19813,8.04548],[80.19658,8.04564]]]}},{"type":"Feature","properties":{"c":"scrub"},"geometry":{"type":"Polygon","coordinates":[[[80.19698,8.04738],[80.19698,8.04783],[80.19758,8.04793],[80.19759,8.04766],[80.19788,8.04767],[80.19792,8.04737],[80.19698,8.04738]]]}},{"type":"Feature","properties":{"c":"meadow"},"geometry":{"type":"Polygon","coordinates":[[[80.19259,8.04906],[80.19276,8.04919],[80.19293,8.04924],[80.19318,8.04944],[80.19349,8.04931],[80.19345,8.04898],[80.19357,8.04893],[80.1937,8.04899],[80.19491,8.04851],[80.19497,8.04834],[80.19485,8.04821],[80.19485,8.04811],[80.19494,8.04804],[80.19482,8.04759],[80.19458,8.04762],[80.19442,8.04616],[80.19353,8.04625],[80.19385,8.04763],[80.19378,8.04798],[80.19313,8.04792],[80.19304,8.0483],[80.19287,8.04849],[80.19278,8.0485],[80.19268,8.04869],[80.19259,8.04906]]]}},{"type":"Feature","properties":{"c":"forest"},"geometry":{"type":"Polygon","coordinates":[[[80.19451,8.04693],[80.19458,8.04762],[80.19482,8.04759],[80.19494,8.04804],[80.19485,8.04811],[80.19485,8.04821],[80.19497,8.04834],[80.19491,8.04851],[80.19507,8.04862],[80.19532,8.04856],[80.19542,8.04843],[80.19556,8.04845],[80.19574,8.04799],[80.19569,8.04772],[80.19547,8.04771],[80.19539,8.04731],[80.1951,8.04727],[80.19503,8.04691],[80.19451,8.04693]]]}},{"type":"Feature","properties":{"c":"scrub"},"geometry":{"type":"Polygon","coordinates":[[[80.19449,8.04668],[80.19451,8.04693],[80.19503,8.04691],[80.195,8.04668],[80.19449,8.04668]]]}},{"type":"Feature","properties":{"c":"scrub"},"geometry":{"type":"Polygon","coordinates":[[[80.19503,8.04691],[80.1951,8.04727],[80.19539,8.04731],[80.19559,8.04727],[80.19545,8.04661],[80.19521,8.04666],[80.19523,8.04691],[80.19503,8.04691]]]}},{"type":"Feature","properties":{"c":"scrub"},"geometry":{"type":"Polygon","coordinates":[[[80.19275,8.04955],[80.19297,8.05001],[80.19316,8.05004],[80.19338,8.04984],[80.19451,8.04934],[80.19445,8.04911],[80.19449,8.04901],[80.19481,8.04901],[80.1949,8.04921],[80.1961,8.04897],[80.19606,8.04868],[80.19661,8.04861],[80.19658,8.04837],[80.19603,8.04844],[80.19595,8.04786],[80.19574,8.04799],[80.19556,8.04845],[80.19542,8.04843],[80.19532,8.04856],[80.19507,8.04862],[80.19491,8.04851],[80.1937,8.04899],[80.19357,8.04893],[80.19345,8.04898],[80.19349,8.04931],[80.19318,8.04944],[80.19307,8.04933],[80.19275,8.04955]]]}},{"type":"Feature","properties":{"c":"scrub"},"geometry":{"type":"Polygon","coordinates":[[[80.19498,8.05083],[80.19512,8.05091],[80.19535,8.05095],[80.19605,8.05094],[80.19709,8.05147],[80.19757,8.05183],[80.19771,8.05182],[80.19754,8.05132],[80.19753,8.05107],[80.19742,8.05065],[80.19719,8.0507],[80.19704,8.05014],[80.19715,8.0501],[80.19712,8.04999],[80.19702,8.04998],[80.19688,8.04934],[80.1966,8.04936],[80.19657,8.0493],[80.19588,8.04943],[80.19572,8.04955],[80.1957,8.0497],[80.19593,8.05017],[80.19586,8.05033],[80.19576,8.05041],[80.19541,8.05039],[80.19527,8.05046],[80.19506,8.0506],[80.19498,8.05083]]]}},{"type":"Feature","properties":{"c":"farmland"},"geometry":{"type":"Polygon","coordinates":[[[80.19325,8.04496],[80.19359,8.04519],[80.19367,8.04579],[80.19411,8.04575],[80.19412,8.04551],[80.19446,8.04556],[80.19441,8.04603],[80.19461,8.04611],[80.1949,8.04599],[80.19488,8.04579],[80.19496,8.0455],[80.19462,8.04538],[80.1947,8.04513],[80.19459,8.0451],[80.19463,8.04472],[80.19385,8.04462],[80.19368,8.04451],[80.19325,8.04496]]]}},{"type":"Feature","properties":{"c":"scrub"},"geometry":{"type":"Polygon","coordinates":[[[80.19359,8.04303],[80.19389,8.04353],[80.19392,8.0438],[80.19405,8.04405],[80.19363,8.04446],[80.19385,8.04462],[80.19463,8.04472],[80.19459,8.0451],[80.1947,8.04513],[80.19462,8.04538],[80.19496,8.0455],[80.19488,8.04579],[80.19491,8.04606],[80.19541,8.04583],[80.19568,8.04576],[80.19706,8.04559],[80.19699,8.04549],[80.19667,8.0453],[80.19655,8.04514],[80.19631,8.04499],[80.19612,8.04493],[80.19566,8.04503],[80.19533,8.04497],[80.19508,8.04461],[80.19465,8.04429],[80.1946,8.0441],[80.19466,8.04398],[80.19485,8.04386],[80.19503,8.04385],[80.19545,8.04398],[80.19561,8.04395],[80.19681,8.04266],[80.19677,8.04261],[80.19731,8.04217],[80.19757,8.04165],[80.19751,8.0416],[80.19722,8.04214],[80.19657,8.04265],[80.19551,8.04381],[80.19541,8.04386],[80.19503,8.04373],[80.19497,8.0436],[80.19464,8.04358],[80.19463,8.04311],[80.1947,8.04302],[80.19441,8.04257],[80.19439,8.04238],[80.19449,8.04222],[80.19438,8.04202],[80.1942,8.04209],[80.19399,8.04206],[80.19392,8.04216],[80.194,8.04225],[80.19359,8.04303]]]}},{"type":"Feature","properties":{"c":"scrub"},"geometry":{"type":"Polygon","coordinates":[[[80.19269,8.04536],[80.19283,8.04555],[80.19284,8.04594],[80.19309,8.04593],[80.19307,8.04634],[80.19391,8.0462],[80.19388,8.04577],[80.19367,8.04579],[80.19359,8.04519],[80.19325,8.04496],[80.19368,8.04451],[80.19363,8.04446],[80.19312,8.045],[80.19269,8.04536]]]}},{"type":"Feature","properties":{"c":"forest"},"geometry":{"type":"Polygon","coordinates":[[[80.193,8.04689],[80.19312,8.04733],[80.19333,8.04733],[80.19347,8.04711],[80.19373,8.04704],[80.19353,8.04625],[80.19317,8.04632],[80.1933,8.0468],[80.193,8.04689]]]}},{"type":"Feature","properties":{"c":"meadow"},"geometry":{"type":"Polygon","coordinates":[[[80.19267,8.04696],[80.19276,8.04736],[80.19292,8.04775],[80.19313,8.04773],[80.19312,8.04733],[80.193,8.04689],[80.19267,8.04696]]]}},{"type":"Feature","properties":{"c":"scrub"},"geometry":{"type":"Polygon","coordinates":[[[80.19312,8.04733],[80.19313,8.04792],[80.19378,8.04798],[80.19385,8.04763],[80.19373,8.04704],[80.19347,8.04711],[80.19333,8.04733],[80.19312,8.04733]]]}},{"type":"Feature","properties":{"c":"forest"},"geometry":{"type":"Polygon","coordinates":[[[80.19262,8.05051],[80.19266,8.0509],[80.19279,8.05088],[80.19313,8.05069],[80.19318,8.0505],[80.1937,8.05053],[80.19375,8.05063],[80.19393,8.0507],[80.19421,8.05073],[80.19448,8.05065],[80.19453,8.05052],[80.19506,8.0506],[80.19541,8.05039],[80.19576,8.05041],[80.19586,8.05033],[80.19593,8.05017],[80.1957,8.0497],[80.19572,8.04955],[80.19588,8.04943],[80.19615,8.04936],[80.1961,8.04897],[80.1949,8.04921],[80.19481,8.04901],[80.19449,8.04901],[80.19445,8.04911],[80.19451,8.04934],[80.19338,8.04984],[80.19316,8.05004],[80.19297,8.05001],[80.19262,8.05051]]]}},{"type":"Feature","properties":{"c":"farmland"},"geometry":{"type":"Polygon","coordinates":[[[80.19303,8.04108],[80.1935,8.04124],[80.1936,8.04098],[80.19313,8.04083],[80.19303,8.04108]]]}},{"type":"Feature","properties":{"c":"farmland"},"geometry":{"type":"Polygon","coordinates":[[[80.19399,8.04206],[80.1942,8.04209],[80.19426,8.04117],[80.19403,8.04113],[80.19399,8.04206]]]}},{"type":"Feature","properties":{"c":"forest"},"geometry":{"type":"Polygon","coordinates":[[[80.1942,8.04209],[80.19438,8.04202],[80.19449,8.04222],[80.19466,8.0421],[80.19495,8.04199],[80.19466,8.04151],[80.19446,8.04138],[80.19445,8.04129],[80.19426,8.04117],[80.1942,8.04209]]]}},{"type":"Feature","properties":{"c":"scrub"},"geometry":{"type":"Polygon","coordinates":[[[80.19277,8.04104],[80.19303,8.04108],[80.19313,8.04083],[80.1936,8.04098],[80.1935,8.04124],[80.19363,8.04129],[80.19369,8.04116],[80.19402,8.04126],[80.19403,8.04113],[80.19426,8.04117],[80.19435,8.04124],[80.19429,8.04104],[80.19354,8.04085],[80.19353,8.04073],[80.19315,8.04064],[80.19301,8.04095],[80.19289,8.04092],[80.19277,8.04104]]]}},{"type":"Feature","properties":{"c":"farmland"},"geometry":{"type":"Polygon","coordinates":[[[80.19141,8.04084],[80.19218,8.04089],[80.1922,8.0405],[80.19141,8.04044],[80.19141,8.04084]]]}},{"type":"Feature","properties":{"c":"scrub"},"geometry":{"type":"Polygon","coordinates":[[[80.19141,8.04036],[80.19141,8.04044],[80.1922,8.0405],[80.19218,8.04089],[80.19204,8.04088],[80.19203,8.0412],[80.19294,8.04138],[80.193,8.04133],[80.19326,8.0414],[80.19322,8.04161],[80.19359,8.04175],[80.19369,8.04143],[80.19361,8.0414],[80.19363,8.04129],[80.19224,8.04086],[80.19227,8.04041],[80.19141,8.04036]]]}},{"type":"Feature","properties":{"c":"scrub"},"geometry":{"type":"Polygon","coordinates":[[[80.19338,8.04193],[80.19392,8.04216],[80.19399,8.04206],[80.194,8.04188],[80.19346,8.0417],[80.19338,8.04193]]]}},{"type":"Feature","properties":{"c":"forest"},"geometry":{"type":"Polygon","coordinates":[[[80.18816,8.04098],[80.18854,8.04096],[80.1886,8.04085],[80.1891,8.04081],[80.1891,8.04039],[80.18873,8.04035],[80.18848,8.04045],[80.18816,8.04048],[80.18816,8.04098]]]}},{"type":"Feature","properties":{"c":"scrub"},"geometry":{"type":"Polygon","coordinates":[[[80.1891,8.04081],[80.19,8.04083],[80.19001,8.04132],[80.19081,8.04145],[80.19152,8.04152],[80.19154,8.04112],[80.19203,8.0412],[80.19204,8.04088],[80.19141,8.04084],[80.19141,8.04036],[80.19114,8.04034],[80.19107,8.04016],[80.19089,8.04012],[80.19089,8.04],[80.1903,8.03997],[80.19021,8.04012],[80.18979,8.04012],[80.18964,8.03993],[80.18916,8.03991],[80.1891,8.04081]]]}},{"type":"Feature","properties":{"c":"scrub"},"geometry":{"type":"Polygon","coordinates":[[[80.18829,8.04162],[80.18838,8.04181],[80.18853,8.04198],[80.18875,8.04206],[80.18902,8.04207],[80.18954,8.042],[80.18969,8.04193],[80.18978,8.04181],[80.18994,8.04184],[80.19027,8.04237],[80.19045,8.04238],[80.1905,8.04258],[80.19076,8.04274],[80.19135,8.04283],[80.19177,8.043],[80.19255,8.04301],[80.19267,8.04253],[80.19147,8.0423],[80.19148,8.04214],[80.19082,8.04201],[80.19096,8.04147],[80.18992,8.04132],[80.1899,8.04165],[80.18981,8.04175],[80.18878,8.04171],[80.18868,8.04137],[80.18829,8.04162]]]}},{"type":"Feature","properties":{"c":"scrub"},"geometry":{"type":"Polygon","coordinates":[[[80.18576,8.04105],[80.18577,8.0411],[80.186,8.04114],[80.18772,8.04125],[80.1878,8.04112],[80.18711,8.04102],[80.18638,8.04099],[80.18637,8.04108],[80.18576,8.04105]]]}},{"type":"Feature","properties":{"c":"forest"},"geometry":{"type":"Polygon","coordinates":[[[80.19231,8.04246],[80.19267,8.04253],[80.19255,8.04301],[80.19322,8.04329],[80.19343,8.04276],[80.1932,8.04267],[80.1933,8.04243],[80.19285,8.04228],[80.19299,8.04182],[80.19251,8.04172],[80.19231,8.04246]]]}},{"type":"Feature","properties":{"c":"forest"},"geometry":{"type":"Polygon","coordinates":[[[80.19607,8.05971],[80.19611,8.06009],[80.19622,8.06022],[80.19641,8.06031],[80.1967,8.06033],[80.19693,8.06008],[80.19735,8.06003],[80.1977,8.05983],[80.1978,8.0597],[80.19783,8.05954],[80.19779,8.05932],[80.19771,8.05916],[80.19756,8.05904],[80.19738,8.05919],[80.19708,8.0592],[80.19704,8.05932],[80.19697,8.05933],[80.19674,8.05932],[80.1966,8.05911],[80.19651,8.05911],[80.19648,8.05925],[80.19614,8.05952],[80.19607,8.05971]]]}},{"type":"Feature","properties":{"c":"farmland"},"geometry":{"type":"Polygon","coordinates":[[[80.19954,8.06138],[80.19958,8.06214],[80.20029,8.06206],[80.2003,8.06199],[80.20096,8.06191],[80.20172,8.06189],[80.20174,8.0618],[80.20212,8.06178],[80.20211,8.06159],[80.2024,8.06154],[80.20242,8.06107],[80.20192,8.06114],[80.20187,8.06096],[80.20158,8.0609],[80.20143,8.06079],[80.20128,8.06078],[80.20127,8.06087],[80.20122,8.06089],[80.20115,8.06082],[80.201,8.06081],[80.20096,8.06034],[80.20076,8.06036],[80.2005,8.0601],[80.20008,8.06002],[80.20014,8.0596],[80.19962,8.05948],[80.19954,8.06138]]]}},{"type":"Feature","properties":{"c":"forest"},"geometry":{"type":"Polygon","coordinates":[[[80.19458,8.06041],[80.19465,8.06063],[80.19486,8.06074],[80.19538,8.06086],[80.19556,8.06083],[80.19561,8.06077],[80.19562,8.06068],[80.19547,8.06062],[80.19543,8.06051],[80.19515,8.06044],[80.19515,8.06031],[80.19508,8.06017],[80.19513,8.06002],[80.19504,8.05999],[80.19489,8.05997],[80.19478,8.06001],[80.19462,8.06021],[80.19458,8.06041]]]}},{"type":"Feature","properties":{"c":"forest"},"geometry":{"type":"Polygon","coordinates":[[[80.19518,8.05973],[80.1952,8.06008],[80.19528,8.06028],[80.19567,8.06037],[80.19589,8.06031],[80.19594,8.06],[80.19584,8.0597],[80.19556,8.0595],[80.19518,8.05973]]]}},{"type":"Feature","properties":{"c":"scrub"},"geometry":{"type":"Polygon","coordinates":[[[80.19771,8.05769],[80.19784,8.05781],[80.19789,8.05868],[80.1981,8.05858],[80.19815,8.05839],[80.19799,8.05832],[80.19804,8.05806],[80.1979,8.05802],[80.19793,8.05773],[80.19772,8.05757],[80.19771,8.05769]]]}},{"type":"Feature","properties":{"c":"scrub"},"geometry":{"type":"Polygon","coordinates":[[[80.19489,8.05997],[80.19513,8.06002],[80.19508,8.06017],[80.19515,8.06031],[80.19515,8.06044],[80.19543,8.06051],[80.19547,8.06062],[80.19562,8.06068],[80.19561,8.06077],[80.19585,8.06083],[80.19634,8.06076],[80.19657,8.06055],[80.1967,8.06033],[80.19641,8.06031],[80.19622,8.06022],[80.19611,8.06009],[80.19607,8.05971],[80.19614,8.05952],[80.19648,8.05925],[80.19651,8.05911],[80.1966,8.05911],[80.19674,8.05932],[80.19704,8.05932],[80.19708,8.0592],[80.19738,8.05919],[80.19748,8.05908],[80.19774,8.05892],[80.19641,8.05905],[80.19629,8.05897],[80.19604,8.05903],[80.19589,8.05925],[80.19556,8.0595],[80.19584,8.0597],[80.19592,8.05987],[80.19589,8.06031],[80.19579,8.06035],[80.19567,8.06037],[80.19528,8.06028],[80.1952,8.06008],[80.19518,8.05973],[80.195,8.05981],[80.19489,8.05997]]]}},{"type":"Feature","properties":{"c":"scrub"},"geometry":{"type":"Polygon","coordinates":[[[80.19713,8.05691],[80.19723,8.05704],[80.19755,8.057],[80.19782,8.05705],[80.19768,8.05754],[80.19771,8.05769],[80.19778,8.05741],[80.19817,8.05695],[80.1983,8.05704],[80.19827,8.05713],[80.19842,8.05719],[80.19856,8.05683],[80.19858,8.05659],[80.19876,8.05631],[80.19847,8.05618],[80.19807,8.05656],[80.19763,8.05665],[80.19735,8.05664],[80.19716,8.05677],[80.19713,8.05691]]]}},{"type":"Feature","properties":{"c":"scrub"},"geometry":{"type":"Polygon","coordinates":[[[80.19387,8.0605],[80.19387,8.0606],[80.19424,8.06038],[80.19448,8.06035],[80.19458,8.06041],[80.19462,8.06021],[80.195,8.05981],[80.19495,8.05974],[80.19484,8.05978],[80.19482,8.05986],[80.19471,8.05994],[80.19441,8.06009],[80.19436,8.06017],[80.19387,8.0605]]]}},{"type":"Feature","properties":{"c":"forest"},"geometry":{"type":"Polygon","coordinates":[[[80.19202,8.04922],[80.19204,8.04932],[80.19218,8.04942],[80.19246,8.04957],[80.19258,8.04959],[80.19275,8.04955],[80.19307,8.04933],[80.19276,8.04919],[80.19259,8.04906],[80.19261,8.04896],[80.1923,8.04883],[80.19214,8.04896],[80.19202,8.04922]]]}},{"type":"Feature","properties":{"c":"farmland"},"geometry":{"type":"Polygon","coordinates":[[[80.1931,8.04344],[80.1933,8.04355],[80.19339,8.04337],[80.19318,8.04327],[80.1931,8.04344]]]}},{"type":"Feature","properties":{"c":"scrub"},"geometry":{"type":"Polygon","coordinates":[[[80.19249,8.04332],[80.19365,8.04398],[80.19392,8.0438],[80.19389,8.04353],[80.19369,8.04319],[80.19355,8.04344],[80.19339,8.04337],[80.1933,8.04355],[80.1931,8.04344],[80.19318,8.04327],[80.19255,8.04301],[80.19249,8.04332]]]}},{"type":"Feature","properties":{"c":"forest"},"geometry":{"type":"Polygon","coordinates":[[[80.18528,8.04104],[80.18591,8.04447],[80.18733,8.04442],[80.18772,8.04424],[80.18819,8.04417],[80.1883,8.04429],[80.18827,8.04451],[80.18859,8.04463],[80.18866,8.04445],[80.189,8.04427],[80.18914,8.04434],[80.18924,8.04453],[80.18921,8.04472],[80.18897,8.04485],[80.18868,8.04489],[80.18865,8.04557],[80.18873,8.04563],[80.18873,8.04572],[80.18867,8.04581],[80.1883,8.04583],[80.18879,8.04697],[80.19099,8.04651],[80.19162,8.04649],[80.19172,8.04635],[80.19156,8.04623],[80.1918,8.04589],[80.19165,8.04575],[80.19181,8.04553],[80.19216,8.0458],[80.19312,8.045],[80.19259,8.04461],[80.19291,8.04408],[80.19181,8.04352],[80.19177,8.043],[80.19135,8.04283],[80.19076,8.04274],[80.1905,8.04258],[80.19045,8.04238],[80.19027,8.04237],[80.18994,8.04184],[80.18978,8.04181],[80.18969,8.04193],[80.18954,8.042],[80.18902,8.04207],[80.18875,8.04206],[80.18853,8.04198],[80.18838,8.04181],[80.18829,8.04162],[80.18784,8.0414],[80.18772,8.04125],[80.18684,8.04164],[80.18669,8.04163],[80.1866,8.04159],[80.18631,8.0413],[80.18585,8.04123],[80.18577,8.04115],[80.18576,8.04105],[80.18528,8.04104]]]}},{"type":"Feature","properties":{"c":"scrub"},"geometry":{"type":"Polygon","coordinates":[[[80.18886,8.04937],[80.19029,8.04976],[80.19068,8.04981],[80.19077,8.04963],[80.19088,8.04962],[80.1913,8.0498],[80.19148,8.04983],[80.19166,8.04977],[80.19181,8.04965],[80.19204,8.04932],[80.19202,8.04922],[80.19214,8.04896],[80.1923,8.04883],[80.19261,8.04896],[80.19268,8.04869],[80.19278,8.0485],[80.19287,8.04849],[80.19304,8.0483],[80.19313,8.04773],[80.19292,8.04775],[80.19276,8.04736],[80.19261,8.04663],[80.1923,8.04661],[80.19202,8.04668],[80.19175,8.04681],[80.19137,8.04707],[80.19146,8.0472],[80.19124,8.04736],[80.19097,8.04713],[80.19088,8.04731],[80.19071,8.04749],[80.19092,8.0478],[80.1905,8.04811],[80.19027,8.0478],[80.19021,8.04784],[80.18983,8.04818],[80.19013,8.04847],[80.18955,8.0491],[80.1892,8.04884],[80.18896,8.04914],[80.18886,8.04937]]]}},{"type":"Feature","properties":{"c":"forest"},"geometry":{"type":"Polygon","coordinates":[[[80.17985,8.04191],[80.18317,8.04348],[80.18468,8.04492],[80.18489,8.04502],[80.18488,8.04525],[80.18481,8.04535],[80.18542,8.0462],[80.18572,8.04637],[80.18574,8.04659],[80.18569,8.04665],[80.18529,8.04662],[80.18314,8.04666],[80.18302,8.0464],[80.183,8.04616],[80.18308,8.04585],[80.18253,8.0454],[80.18192,8.04576],[80.18172,8.0461],[80.18152,8.04695],[80.18146,8.04704],[80.18124,8.04699],[80.18122,8.04692],[80.18094,8.04684],[80.18087,8.04736],[80.18101,8.0476],[80.18131,8.04784],[80.1816,8.04816],[80.18167,8.04863],[80.18164,8.04889],[80.18158,8.04898],[80.18101,8.04894],[80.18093,8.0492],[80.18093,8.04942],[80.18126,8.04961],[80.18124,8.04972],[80.18098,8.04972],[80.181,8.04991],[80.18113,8.05012],[80.18132,8.05002],[80.18137,8.05023],[80.1807,8.05056],[80.18073,8.05062],[80.1814,8.05047],[80.18154,8.05079],[80.1817,8.05093],[80.18209,8.0511],[80.18283,8.05091],[80.18327,8.05094],[80.18338,8.05098],[80.18339,8.05115],[80.18331,8.0513],[80.18344,8.05136],[80.1842,8.05116],[80.18425,8.05109],[80.18429,8.05087],[80.18479,8.05055],[80.18487,8.05058],[80.18492,8.05071],[80.18527,8.05085],[80.18577,8.05096],[80.18594,8.05094],[80.18606,8.05086],[80.18604,8.05064],[80.18611,8.05043],[80.18674,8.05023],[80.18851,8.04942],[80.18845,8.04923],[80.18821,8.04934],[80.18766,8.04811],[80.18779,8.04798],[80.18796,8.04793],[80.18812,8.04804],[80.18842,8.04798],[80.18853,8.04792],[80.18856,8.04781],[80.18846,8.04777],[80.18847,8.04765],[80.18866,8.04759],[80.18884,8.04761],[80.1891,8.04784],[80.18915,8.04798],[80.19024,8.0473],[80.18989,8.04672],[80.18879,8.04697],[80.18822,8.04564],[80.18821,8.04555],[80.18826,8.0455],[80.18865,8.04557],[80.18868,8.04489],[80.18859,8.04463],[80.18827,8.04451],[80.18816,8.04467],[80.18789,8.0448],[80.18746,8.04488],[80.18735,8.04469],[80.18733,8.04442],[80.18591,8.04447],[80.18519,8.04037],[80.18488,8.04035],[80.18475,8.03996],[80.18424,8.03973],[80.18412,8.03961],[80.18413,8.03943],[80.18384,8.03932],[80.18372,8.03945],[80.18325,8.03932],[80.18325,8.03887],[80.18306,8.03869],[80.18284,8.0387],[80.18264,8.03856],[80.18254,8.03892],[80.18207,8.03898],[80.18199,8.03875],[80.18116,8.03887],[80.18069,8.03883],[80.18047,8.03889],[80.17994,8.03918],[80.18009,8.03915],[80.18023,8.03935],[80.18023,8.03971],[80.18015,8.04028],[80.18022,8.04049],[80.18008,8.04062],[80.17991,8.04109],[80.17991,8.04147],[80.17985,8.04191]]]}},{"type":"Feature","properties":{"c":"scrub"},"geometry":{"type":"Polygon","coordinates":[[[80.18989,8.04672],[80.19024,8.0473],[80.19065,8.04705],[80.19066,8.04693],[80.19094,8.04678],[80.19099,8.04651],[80.18989,8.04672]]]}},{"type":"Feature","properties":{"c":"farmland"},"geometry":{"type":"Polygon","coordinates":[[[80.18816,8.04824],[80.18845,8.04882],[80.18893,8.04863],[80.18875,8.04819],[80.18843,8.04813],[80.18816,8.04824]]]}},{"type":"Feature","properties":{"c":"meadow"},"geometry":{"type":"Polygon","coordinates":[[[80.18766,8.04811],[80.1881,8.04907],[80.18848,8.04889],[80.18816,8.04824],[80.18843,8.04813],[80.18875,8.04819],[80.18915,8.04798],[80.1891,8.04784],[80.18884,8.04761],[80.18866,8.04759],[80.18847,8.04765],[80.18846,8.04777],[80.18856,8.04781],[80.18853,8.04792],[80.18842,8.04798],[80.18812,8.04804],[80.18796,8.04793],[80.18779,8.04798],[80.18766,8.04811]]]}},{"type":"Feature","properties":{"c":"meadow"},"geometry":{"type":"Polygon","coordinates":[[[80.18845,8.04882],[80.18867,8.04928],[80.18893,8.04905],[80.18906,8.04886],[80.18893,8.04863],[80.18845,8.04882]]]}},{"type":"Feature","properties":{"c":"forest"},"geometry":{"type":"Polygon","coordinates":[[[80.18251,8.04514],[80.18257,8.04523],[80.18253,8.0454],[80.18308,8.04585],[80.18319,8.04573],[80.18344,8.04566],[80.18379,8.04567],[80.18394,8.04571],[80.18398,8.04577],[80.18394,8.04583],[80.18374,8.04592],[80.18374,8.04628],[80.18362,8.04644],[80.18325,8.04664],[80.18529,8.04662],[80.18524,8.04642],[80.18527,8.04631],[80.18532,8.04623],[80.18542,8.0462],[80.18481,8.04535],[80.1845,8.04546],[80.18432,8.04537],[80.18432,8.04515],[80.18455,8.04495],[80.18468,8.04492],[80.18317,8.04348],[80.18251,8.04514]]]}},{"type":"Feature","properties":{"c":"scrub"},"geometry":{"type":"Polygon","coordinates":[[[80.18453,8.0391],[80.18461,8.03955],[80.18459,8.03988],[80.18475,8.03996],[80.18488,8.04035],[80.18519,8.04037],[80.18498,8.03943],[80.18481,8.03933],[80.18478,8.03916],[80.18453,8.0391]]]}},{"type":"Feature","properties":{"c":"scrub"},"geometry":{"type":"Polygon","coordinates":[[[80.18264,8.03856],[80.18284,8.0387],[80.18306,8.03869],[80.183,8.03827],[80.18264,8.03856]]]}},{"type":"Feature","properties":{"c":"scrub"},"geometry":{"type":"Polygon","coordinates":[[[80.17929,8.04844],[80.17965,8.04873],[80.17974,8.0487],[80.1799,8.04881],[80.17996,8.04914],[80.17982,8.04941],[80.17982,8.04989],[80.17986,8.05005],[80.17995,8.05008],[80.18002,8.04997],[80.18002,8.04984],[80.1801,8.04966],[80.18003,8.04938],[80.18016,8.04914],[80.18021,8.04879],[80.18031,8.04867],[80.18113,8.0483],[80.18122,8.04831],[80.1813,8.04835],[80.18133,8.04845],[80.1812,8.04862],[80.18122,8.04893],[80.18139,8.04899],[80.18158,8.04898],[80.18164,8.04889],[80.18167,8.04863],[80.1816,8.04816],[80.18131,8.04784],[80.18101,8.0476],[80.18087,8.04736],[80.18094,8.04684],[80.18095,8.04621],[80.18082,8.04618],[80.18076,8.04702],[80.18069,8.04731],[80.18091,8.04772],[80.1811,8.04792],[80.18113,8.048],[80.18109,8.04805],[80.18085,8.04801],[80.18068,8.04804],[80.18038,8.04828],[80.18006,8.04867],[80.17998,8.04868],[80.17985,8.04862],[80.17966,8.04842],[80.17951,8.04834],[80.17939,8.04831],[80.1793,8.04835],[80.17929,8.04844]]]}},{"type":"Feature","properties":{"c":"scrub"},"geometry":{"type":"Polygon","coordinates":[[[80.17837,8.04961],[80.17843,8.04981],[80.17881,8.05026],[80.17873,8.05036],[80.17854,8.05047],[80.17895,8.05047],[80.17891,8.05025],[80.17915,8.04997],[80.17914,8.04977],[80.17903,8.04964],[80.1786,8.04944],[80.17842,8.04948],[80.17837,8.04961]]]}},{"type":"Feature","properties":{"c":"scrub"},"geometry":{"type":"Polygon","coordinates":[[[80.17777,8.05095],[80.17785,8.05174],[80.17793,8.05188],[80.17898,8.05274],[80.17926,8.05244],[80.17924,8.05229],[80.18011,8.05139],[80.18027,8.0513],[80.18028,8.0511],[80.18005,8.05113],[80.17968,8.05134],[80.1794,8.05124],[80.17936,8.05111],[80.17948,8.0509],[80.17948,8.05076],[80.17942,8.05063],[80.17914,8.0505],[80.17895,8.05047],[80.17778,8.05047],[80.17777,8.05095]]]}},{"type":"Feature","properties":{"c":"forest"},"geometry":{"type":"Polygon","coordinates":[[[80.1786,8.04944],[80.17903,8.04964],[80.17914,8.04977],[80.17915,8.04997],[80.17891,8.05025],[80.1789,8.05035],[80.17895,8.05047],[80.17914,8.0505],[80.17942,8.05063],[80.17948,8.05076],[80.17948,8.0509],[80.17936,8.05111],[80.1794,8.05124],[80.17968,8.05134],[80.18005,8.05113],[80.18028,8.0511],[80.18032,8.05099],[80.18032,8.05072],[80.1807,8.05056],[80.18067,8.05049],[80.18076,8.0504],[80.18113,8.05012],[80.181,8.04991],[80.18098,8.04972],[80.18081,8.04967],[80.18066,8.04949],[80.18082,8.04938],[80.18093,8.04942],[80.18093,8.0492],[80.18101,8.04894],[80.18122,8.04893],[80.1812,8.04862],[80.18133,8.04845],[80.1813,8.04835],[80.18113,8.0483],[80.18031,8.04867],[80.18021,8.04879],[80.18016,8.04914],[80.18003,8.04938],[80.1801,8.04966],[80.18002,8.04984],[80.18002,8.04997],[80.17995,8.05008],[80.17986,8.05005],[80.17982,8.04989],[80.17982,8.04941],[80.17996,8.04914],[80.1799,8.04881],[80.17974,8.0487],[80.17965,8.04873],[80.17929,8.04844],[80.1786,8.04944]]]}},{"type":"Feature","properties":{"c":"forest"},"geometry":{"type":"Polygon","coordinates":[[[80.17721,8.0439],[80.17742,8.04408],[80.17756,8.04443],[80.17746,8.04478],[80.17743,8.04507],[80.17747,8.04539],[80.1779,8.04608],[80.17805,8.04657],[80.17801,8.04698],[80.17776,8.04731],[80.17774,8.04773],[80.17781,8.048],[80.17782,8.0485],[80.1776,8.0489],[80.17741,8.04951],[80.17753,8.04962],[80.1777,8.04954],[80.17811,8.04983],[80.17837,8.0497],[80.17842,8.04948],[80.1786,8.04944],[80.17929,8.04844],[80.1793,8.04835],[80.17939,8.04831],[80.17951,8.04834],[80.17966,8.04842],[80.17985,8.04862],[80.17998,8.04868],[80.18006,8.04867],[80.18038,8.04828],[80.18068,8.04804],[80.18085,8.04801],[80.18109,8.04805],[80.18113,8.048],[80.1811,8.04792],[80.18091,8.04772],[80.18069,8.04731],[80.18076,8.04702],[80.18082,8.04618],[80.18095,8.04621],[80.18094,8.04684],[80.18122,8.04692],[80.18148,8.04603],[80.18166,8.0457],[80.18234,8.04515],[80.18251,8.04514],[80.18317,8.04348],[80.17969,8.04183],[80.17721,8.0439]]]}},{"type":"Feature","properties":{"c":"forest"},"geometry":{"type":"Polygon","coordinates":[[[80.17708,8.05006],[80.17721,8.05038],[80.17746,8.05048],[80.17854,8.05047],[80.17873,8.05036],[80.17881,8.05026],[80.17837,8.0497],[80.17811,8.04983],[80.17813,8.04996],[80.17808,8.05007],[80.17778,8.05005],[80.17769,8.04999],[80.17753,8.04962],[80.17741,8.04951],[80.17734,8.04971],[80.17708,8.05006]]]}},{"type":"Feature","properties":{"c":"scrub"},"geometry":{"type":"Polygon","coordinates":[[[80.18093,8.05217],[80.18095,8.05229],[80.18105,8.05236],[80.18106,8.05249],[80.18121,8.0525],[80.18126,8.05281],[80.18151,8.05283],[80.18154,8.0524],[80.18184,8.05245],[80.18208,8.05238],[80.18202,8.05187],[80.18187,8.05191],[80.18189,8.05198],[80.18178,8.05201],[80.18157,8.05196],[80.18167,8.05158],[80.18161,8.05148],[80.18148,8.0515],[80.18146,8.05165],[80.18141,8.05166],[80.18139,8.05196],[80.18107,8.05187],[80.18097,8.05194],[80.18107,8.05207],[80.18093,8.05217]]]}},{"type":"Feature","properties":{"c":"scrub"},"geometry":{"type":"Polygon","coordinates":[[[80.18209,8.0511],[80.18223,8.05116],[80.1823,8.05128],[80.18245,8.05128],[80.18247,8.05144],[80.18308,8.0514],[80.18317,8.05155],[80.18348,8.05146],[80.18347,8.05177],[80.18332,8.05185],[80.18335,8.05207],[80.18352,8.05215],[80.18364,8.05248],[80.18371,8.0531],[80.18395,8.05303],[80.18368,8.05166],[80.18375,8.05159],[80.18373,8.05131],[80.18344,8.05136],[80.18331,8.0513],[80.18339,8.05115],[80.18338,8.05098],[80.18307,8.0509],[80.18248,8.05098],[80.18228,8.05108],[80.18209,8.0511]]]}},{"type":"Feature","properties":{"c":"scrub"},"geometry":{"type":"Polygon","coordinates":[[[80.1841,8.05119],[80.18413,8.05128],[80.18461,8.0512],[80.1847,8.05139],[80.18498,8.05143],[80.18512,8.05137],[80.18524,8.05153],[80.18592,8.0512],[80.18594,8.05094],[80.18577,8.05096],[80.18527,8.05085],[80.18492,8.05071],[80.18487,8.05058],[80.18479,8.05055],[80.18429,8.05087],[80.18425,8.05109],[80.1841,8.05119]]]}},{"type":"Feature","properties":{"c":"farmland"},"geometry":{"type":"Polygon","coordinates":[[[80.18027,8.0513],[80.18097,8.05194],[80.18107,8.05187],[80.18139,8.05196],[80.18141,8.05166],[80.18146,8.05165],[80.18148,8.0515],[80.18161,8.05148],[80.18167,8.05158],[80.18157,8.05196],[80.18178,8.05201],[80.18189,8.05198],[80.18187,8.05191],[80.18202,8.05187],[80.18208,8.05238],[80.18278,8.05211],[80.18335,8.05207],[80.18332,8.05185],[80.18347,8.05177],[80.18348,8.05146],[80.18317,8.05155],[80.18308,8.0514],[80.18247,8.05144],[80.18245,8.05128],[80.1823,8.05128],[80.18223,8.05116],[80.18209,8.0511],[80.18195,8.05114],[80.1816,8.0511],[80.18162,8.05092],[80.18143,8.05074],[80.18121,8.05073],[80.18112,8.05053],[80.18073,8.05062],[80.1807,8.05056],[80.18032,8.05072],[80.18027,8.0513]]]}},{"type":"Feature","properties":{"c":"scrub"},"geometry":{"type":"Polygon","coordinates":[[[80.18112,8.05053],[80.18121,8.05073],[80.18143,8.05074],[80.18162,8.05092],[80.1816,8.0511],[80.18195,8.05114],[80.18209,8.0511],[80.1817,8.05093],[80.18154,8.05079],[80.1814,8.05047],[80.18112,8.05053]]]}},{"type":"Feature","properties":{"c":"farmland"},"geometry":{"type":"Polygon","coordinates":[[[80.17924,8.05229],[80.17926,8.05244],[80.17967,8.05276],[80.17963,8.05284],[80.18008,8.05309],[80.18044,8.0534],[80.1805,8.0535],[80.1805,8.05377],[80.18094,8.05393],[80.1811,8.05377],[80.18123,8.05375],[80.18137,8.05382],[80.18151,8.05377],[80.1818,8.0538],[80.18196,8.05364],[80.18259,8.05358],[80.18321,8.05325],[80.18327,8.05309],[80.18345,8.05306],[80.18347,8.05314],[80.18371,8.0531],[80.18364,8.05248],[80.18352,8.05215],[80.18335,8.05207],[80.18278,8.05211],[80.18198,8.05244],[80.18184,8.05245],[80.18154,8.0524],[80.18151,8.05283],[80.18126,8.05281],[80.18121,8.0525],[80.18106,8.05249],[80.18105,8.05236],[80.18095,8.05229],[80.18093,8.05217],[80.18107,8.05207],[80.18027,8.0513],[80.18011,8.05139],[80.17924,8.05229]]]}},{"type":"Feature","properties":{"c":"scrub"},"geometry":{"type":"Polygon","coordinates":[[[80.17795,8.05309],[80.17804,8.05324],[80.17818,8.05324],[80.17831,8.05353],[80.17849,8.05375],[80.17864,8.05362],[80.17854,8.05339],[80.17857,8.05324],[80.17898,8.05274],[80.17817,8.05209],[80.17808,8.0522],[80.17814,8.05243],[80.178,8.05262],[80.17805,8.05302],[80.17795,8.05309]]]}},{"type":"Feature","properties":{"c":"scrub"},"geometry":{"type":"Polygon","coordinates":[[[80.17898,8.05274],[80.17958,8.05322],[80.17989,8.05358],[80.1802,8.05356],[80.18025,8.05373],[80.1805,8.05377],[80.1805,8.0535],[80.18031,8.05325],[80.17963,8.05284],[80.17967,8.05276],[80.17926,8.05244],[80.17898,8.05274]]]}},{"type":"Feature","properties":{"c":"forest"},"geometry":{"type":"Polygon","coordinates":[[[80.17854,8.05339],[80.17864,8.05362],[80.17859,8.05366],[80.17891,8.05393],[80.179,8.05411],[80.17929,8.05411],[80.17937,8.05416],[80.17952,8.05414],[80.17968,8.05419],[80.17994,8.05405],[80.18019,8.05412],[80.18025,8.05373],[80.1802,8.05356],[80.17989,8.05358],[80.17958,8.05322],[80.17898,8.05274],[80.17857,8.05324],[80.17854,8.05339]]]}},{"type":"Feature","properties":{"c":"forest"},"geometry":{"type":"Polygon","coordinates":[[[80.18019,8.05412],[80.18027,8.05418],[80.18048,8.05447],[80.18063,8.05451],[80.18067,8.05475],[80.18095,8.05487],[80.18102,8.05528],[80.18142,8.05588],[80.18143,8.05598],[80.18135,8.0561],[80.18125,8.05615],[80.18133,8.05652],[80.18149,8.05651],[80.18153,8.05639],[80.18163,8.05637],[80.18178,8.05651],[80.18197,8.05652],[80.18218,8.05683],[80.18219,8.05708],[80.18246,8.05717],[80.18293,8.05706],[80.18306,8.05682],[80.18315,8.05675],[80.18313,8.05662],[80.18318,8.05643],[80.18416,8.05589],[80.18427,8.05592],[80.18443,8.05606],[80.18464,8.0564],[80.18473,8.05644],[80.18487,8.05585],[80.18528,8.05478],[80.18567,8.05424],[80.18636,8.05346],[80.18619,8.05331],[80.18589,8.0533],[80.18568,8.05338],[80.18562,8.05351],[80.18545,8.05365],[80.18539,8.05347],[80.1858,8.05294],[80.18579,8.0528],[80.18566,8.05268],[80.18532,8.05288],[80.18525,8.05312],[80.18492,8.05323],[80.18471,8.05338],[80.18465,8.05357],[80.18448,8.05367],[80.18443,8.05375],[80.1844,8.05414],[80.18421,8.05445],[80.18413,8.05443],[80.18409,8.05433],[80.18409,8.05385],[80.18395,8.05303],[80.18347,8.05314],[80.18345,8.05306],[80.18327,8.05309],[80.18321,8.05325],[80.18294,8.05342],[80.18259,8.05358],[80.18196,8.05364],[80.1818,8.0538],[80.18151,8.05377],[80.18137,8.05382],[80.18123,8.05375],[80.1811,8.05377],[80.18094,8.05393],[80.18025,8.05373],[80.18019,8.05412]]]}},{"type":"Feature","properties":{"c":"scrub"},"geometry":{"type":"Polygon","coordinates":[[[80.18303,8.05687],[80.18315,8.05694],[80.18333,8.05695],[80.18394,8.05672],[80.18409,8.05677],[80.18461,8.05662],[80.18464,8.0564],[80.18443,8.05606],[80.18427,8.05592],[80.18416,8.05589],[80.18318,8.05643],[80.18313,8.05662],[80.18315,8.05675],[80.18303,8.05687]]]}},{"type":"Feature","properties":{"c":"scrub"},"geometry":{"type":"Polygon","coordinates":[[[80.18524,8.05153],[80.18555,8.05202],[80.18567,8.05233],[80.18571,8.05259],[80.18566,8.05268],[80.18579,8.0528],[80.1858,8.05294],[80.18539,8.05347],[80.18539,8.05358],[80.18545,8.05365],[80.1855,8.05364],[80.18568,8.05338],[80.18589,8.0533],[80.18619,8.05331],[80.18636,8.05346],[80.18677,8.05301],[80.18722,8.05363],[80.18649,8.05447],[80.18689,8.05467],[80.18717,8.05417],[80.18738,8.05358],[80.18792,8.05349],[80.1881,8.05314],[80.18837,8.05288],[80.18863,8.05273],[80.18899,8.05219],[80.18898,8.05161],[80.18787,8.05156],[80.18762,8.05199],[80.18726,8.05246],[80.18712,8.05231],[80.18708,8.05213],[80.18662,8.05208],[80.18649,8.05203],[80.1865,8.05031],[80.18611,8.05043],[80.18604,8.05064],[80.18606,8.05086],[80.18594,8.05094],[80.18592,8.0512],[80.18524,8.05153]]]}},{"type":"Feature","properties":{"c":"forest"},"geometry":{"type":"Polygon","coordinates":[[[80.18708,8.05213],[80.18712,8.05231],[80.18726,8.05246],[80.18779,8.05173],[80.18805,8.05112],[80.18773,8.05101],[80.18738,8.0518],[80.18722,8.05204],[80.18711,8.05204],[80.18708,8.05213]]]}},{"type":"Feature","properties":{"c":"farmland"},"geometry":{"type":"Polygon","coordinates":[[[80.18941,8.05214],[80.19,8.05218],[80.19005,8.05168],[80.18943,8.05161],[80.18941,8.05214]]]}},{"type":"Feature","properties":{"c":"farmland"},"geometry":{"type":"Polygon","coordinates":[[[80.18787,8.05156],[80.18898,8.05161],[80.189,8.05142],[80.18922,8.05144],[80.18931,8.05059],[80.18968,8.05062],[80.1897,8.05104],[80.19074,8.05134],[80.19073,8.05007],[80.19068,8.04981],[80.19029,8.04976],[80.18886,8.04937],[80.18787,8.05156]]]}},{"type":"Feature","properties":{"c":"scrub"},"geometry":{"type":"Polygon","coordinates":[[[80.18922,8.05144],[80.18944,8.05145],[80.18943,8.05161],[80.19005,8.05168],[80.19079,8.05165],[80.19074,8.05134],[80.1897,8.05104],[80.18968,8.05062],[80.18931,8.05059],[80.18922,8.05144]]]}},{"type":"Feature","properties":{"c":"meadow"},"geometry":{"type":"Polygon","coordinates":[[[80.19074,8.04974],[80.19084,8.04984],[80.19088,8.04996],[80.19097,8.04995],[80.19132,8.05005],[80.1915,8.05018],[80.19158,8.05059],[80.19156,8.05078],[80.19141,8.05099],[80.19152,8.05118],[80.19178,8.05129],[80.192,8.05146],[80.19212,8.05143],[80.19224,8.05132],[80.19275,8.05109],[80.19263,8.0508],[80.19262,8.05051],[80.19297,8.05001],[80.19275,8.04955],[80.19246,8.04957],[80.19204,8.04932],[80.19181,8.04965],[80.19148,8.04983],[80.1913,8.0498],[80.19088,8.04962],[80.19077,8.04963],[80.19074,8.04974]]]}},{"type":"Feature","properties":{"c":"scrub"},"geometry":{"type":"Polygon","coordinates":[[[80.19068,8.04981],[80.19073,8.05007],[80.19074,8.05134],[80.19079,8.05165],[80.19093,8.05169],[80.19101,8.05154],[80.19089,8.05153],[80.19084,8.05063],[80.19088,8.04996],[80.19084,8.04984],[80.19074,8.04974],[80.19068,8.04981]]]}},{"type":"Feature","properties":{"c":"meadow"},"geometry":{"type":"Polygon","coordinates":[[[80.18608,8.05379],[80.18632,8.05397],[80.18645,8.05384],[80.18661,8.05395],[80.18648,8.05422],[80.18662,8.05433],[80.18699,8.05388],[80.1864,8.05342],[80.18608,8.05379]]]}},{"type":"Feature","properties":{"c":"farmland"},"geometry":{"type":"Polygon","coordinates":[[[80.1865,8.05031],[80.18649,8.05203],[80.18662,8.05208],[80.18708,8.05213],[80.18711,8.05204],[80.18722,8.05204],[80.18738,8.0518],[80.18773,8.05101],[80.18805,8.05112],[80.18862,8.04987],[80.18841,8.04972],[80.1883,8.04953],[80.1865,8.05031]]]}},{"type":"Feature","properties":{"c":"forest"},"geometry":{"type":"Polygon","coordinates":[[[80.19386,8.0558],[80.19441,8.05597],[80.19451,8.05583],[80.1954,8.05562],[80.19547,8.05555],[80.19543,8.05523],[80.19535,8.05518],[80.19516,8.05476],[80.19494,8.05458],[80.19489,8.055],[80.19498,8.05505],[80.19506,8.0552],[80.19497,8.05536],[80.1946,8.05544],[80.19448,8.05534],[80.19443,8.05515],[80.19416,8.05485],[80.19406,8.05522],[80.19399,8.05531],[80.1939,8.05533],[80.19396,8.05545],[80.19406,8.05537],[80.19428,8.05535],[80.19437,8.05536],[80.19446,8.05551],[80.19434,8.05565],[80.19414,8.05566],[80.19397,8.05579],[80.19386,8.0558]]]}},{"type":"Feature","properties":{"c":"forest"},"geometry":{"type":"Polygon","coordinates":[[[80.19444,8.05618],[80.19445,8.05631],[80.19452,8.0564],[80.19467,8.05644],[80.19498,8.05624],[80.1951,8.05635],[80.19518,8.05679],[80.19545,8.05683],[80.19569,8.05644],[80.19572,8.05618],[80.19566,8.056],[80.19572,8.05589],[80.19599,8.05567],[80.19627,8.05553],[80.19654,8.0555],[80.19638,8.0546],[80.19621,8.05454],[80.19615,8.05441],[80.19619,8.05433],[80.19643,8.05418],[80.19638,8.05407],[80.19616,8.05411],[80.19607,8.054],[80.19535,8.05425],[80.19553,8.05443],[80.19555,8.05457],[80.19554,8.05503],[80.19543,8.05523],[80.19547,8.05555],[80.1954,8.05562],[80.19466,8.05582],[80.19466,8.05592],[80.19446,8.056],[80.19452,8.05607],[80.19444,8.05618]]]}},{"type":"Feature","properties":{"c":"forest"},"geometry":{"type":"Polygon","coordinates":[[[80.18525,8.0568],[80.18536,8.05717],[80.18591,8.05692],[80.18645,8.05677],[80.18653,8.05688],[80.18673,8.05691],[80.18681,8.05697],[80.18702,8.05694],[80.18707,8.05683],[80.18735,8.05679],[80.18753,8.05638],[80.1879,8.05615],[80.18801,8.05613],[80.18816,8.05619],[80.18814,8.05634],[80.18793,8.05654],[80.18785,8.05702],[80.18778,8.0572],[80.1873,8.05774],[80.18675,8.05798],[80.18679,8.05822],[80.18693,8.05849],[80.18684,8.05858],[80.18691,8.05875],[80.1872,8.05917],[80.18708,8.0593],[80.18626,8.05982],[80.18699,8.06118],[80.18797,8.06074],[80.18804,8.0608],[80.18804,8.06099],[80.18808,8.06106],[80.18855,8.06104],[80.18855,8.06083],[80.1884,8.06076],[80.18843,8.06066],[80.18865,8.06062],[80.18872,8.06056],[80.18866,8.0599],[80.1887,8.05984],[80.18895,8.05979],[80.18931,8.05996],[80.18937,8.0599],[80.18939,8.05974],[80.18926,8.0596],[80.18926,8.05946],[80.18931,8.0594],[80.1894,8.05939],[80.18954,8.05955],[80.18949,8.05966],[80.18956,8.05971],[80.18981,8.05957],[80.18984,8.05943],[80.1898,8.05931],[80.18996,8.05887],[80.19013,8.05877],[80.19052,8.05878],[80.19105,8.05902],[80.19116,8.05916],[80.19153,8.05918],[80.19162,8.05909],[80.1917,8.05892],[80.19182,8.0589],[80.19206,8.05907],[80.19223,8.05907],[80.19221,8.05877],[80.19247,8.05868],[80.19255,8.05842],[80.1925,8.05822],[80.19203,8.05799],[80.19186,8.05786],[80.1918,8.05772],[80.19212,8.05718],[80.19242,8.05705],[80.19245,8.05686],[80.1924,8.05666],[80.19216,8.05643],[80.19179,8.05629],[80.19139,8.05602],[80.19125,8.05557],[80.1913,8.05543],[80.19141,8.05536],[80.1916,8.05529],[80.19233,8.05518],[80.19246,8.05509],[80.19258,8.05474],[80.19282,8.05457],[80.19291,8.0544],[80.19306,8.05433],[80.19328,8.05454],[80.19356,8.05457],[80.1937,8.05463],[80.19372,8.05491],[80.1938,8.05498],[80.19388,8.05486],[80.1941,8.05477],[80.19443,8.05515],[80.19489,8.055],[80.19494,8.05449],[80.19505,8.05443],[80.19517,8.05421],[80.19535,8.05425],[80.19607,8.054],[80.1965,8.0538],[80.19663,8.05381],[80.19669,8.05387],[80.19666,8.05396],[80.19638,8.05407],[80.19643,8.05418],[80.19654,8.05418],[80.19667,8.05437],[80.19638,8.0546],[80.19654,8.0555],[80.19669,8.05557],[80.19676,8.05569],[80.19666,8.056],[80.19646,8.05614],[80.19651,8.05634],[80.19641,8.05645],[80.19623,8.05655],[80.19617,8.0567],[80.19629,8.05699],[80.19656,8.05701],[80.19713,8.05691],[80.19716,8.05677],[80.19735,8.05664],[80.19774,8.05662],[80.1976,8.05625],[80.1976,8.05617],[80.1977,8.05608],[80.19796,8.05611],[80.19827,8.05601],[80.19831,8.05611],[80.1984,8.05611],[80.19835,8.05575],[80.19824,8.05541],[80.19813,8.05533],[80.19809,8.05518],[80.19816,8.05493],[80.19827,8.05493],[80.19839,8.05504],[80.19861,8.05508],[80.19888,8.05537],[80.19923,8.05526],[80.19952,8.05508],[80.19955,8.05488],[80.19949,8.05462],[80.19952,8.05434],[80.19931,8.05407],[80.19941,8.05375],[80.19895,8.05288],[80.19889,8.0526],[80.19851,8.05163],[80.19757,8.05183],[80.19709,8.05147],[80.19605,8.05094],[80.19512,8.05091],[80.19498,8.05083],[80.19506,8.0506],[80.19471,8.05052],[80.19453,8.05052],[80.19448,8.05065],[80.19421,8.05073],[80.19419,8.05093],[80.1941,8.05105],[80.1936,8.05117],[80.19297,8.05121],[80.19272,8.05144],[80.19258,8.05177],[80.19246,8.0518],[80.19228,8.05171],[80.19212,8.05143],[80.192,8.05146],[80.19178,8.05129],[80.19152,8.05118],[80.19141,8.05099],[80.19104,8.05114],[80.19104,8.05146],[80.191,8.05162],[80.19093,8.05169],[80.19079,8.05165],[80.19005,8.05168],[80.19,8.05218],[80.18941,8.05214],[80.18942,8.05185],[80.18898,8.05182],[80.18899,8.05219],[80.18863,8.05273],[80.18837,8.05288],[80.1881,8.05314],[80.18792,8.05349],[80.18738,8.05358],[80.18717,8.05417],[80.18689,8.05467],[80.18739,8.05496],[80.18735,8.05505],[80.18698,8.05531],[80.18666,8.05517],[80.18653,8.0552],[80.18636,8.05535],[80.18612,8.05532],[80.18607,8.055],[80.18586,8.05497],[80.1856,8.05533],[80.18567,8.05559],[80.1858,8.05578],[80.18558,8.05586],[80.1856,8.05594],[80.18528,8.05608],[80.18548,8.05673],[80.18525,8.0568]]]}},{"type":"Feature","properties":{"c":"forest"},"geometry":{"type":"Polygon","coordinates":[[[80.19762,8.0563],[80.19774,8.05662],[80.19786,8.05661],[80.19807,8.05656],[80.19847,8.05618],[80.1984,8.05611],[80.19831,8.05611],[80.19812,8.05621],[80.19762,8.0563]]]}},{"type":"Feature","properties":{"c":"scrub"},"geometry":{"type":"Polygon","coordinates":[[[80.19125,8.05557],[80.19139,8.05602],[80.19179,8.05629],[80.19216,8.05643],[80.1924,8.05666],[80.19245,8.05686],[80.19242,8.05705],[80.19212,8.05718],[80.1918,8.05772],[80.19186,8.05786],[80.19203,8.05799],[80.1925,8.05822],[80.19255,8.05842],[80.19273,8.05841],[80.19288,8.05885],[80.19372,8.05869],[80.19452,8.05837],[80.19456,8.05807],[80.19466,8.05793],[80.19502,8.0578],[80.19544,8.05785],[80.19572,8.05782],[80.19591,8.05771],[80.19609,8.05748],[80.19629,8.05699],[80.19617,8.0567],[80.19623,8.05655],[80.19641,8.05645],[80.19651,8.05634],[80.19646,8.05614],[80.19596,8.05621],[80.19572,8.05618],[80.19569,8.05644],[80.19545,8.05683],[80.19518,8.05679],[80.1951,8.05635],[80.19498,8.05624],[80.19467,8.05644],[80.19452,8.0564],[80.19445,8.05631],[80.19444,8.05618],[80.19452,8.05607],[80.19446,8.056],[80.1942,8.05588],[80.19393,8.05584],[80.19381,8.0557],[80.19346,8.05556],[80.19335,8.05531],[80.19345,8.05511],[80.19365,8.05504],[80.1937,8.05498],[80.1937,8.05463],[80.19356,8.05457],[80.19328,8.05454],[80.19306,8.05433],[80.19291,8.0544],[80.19282,8.05457],[80.19258,8.05474],[80.19246,8.05509],[80.19233,8.05518],[80.1916,8.05529],[80.1913,8.05543],[80.19125,8.05557]]]}},{"type":"Feature","properties":{"c":"forest"},"geometry":{"type":"Polygon","coordinates":[[[80.19335,8.05531],[80.19346,8.05556],[80.19369,8.05568],[80.19381,8.0557],[80.19387,8.05552],[80.19396,8.05545],[80.19383,8.05528],[80.19378,8.05516],[80.1938,8.05498],[80.19372,8.05491],[80.19365,8.05504],[80.19345,8.05511],[80.19335,8.05531]]]}},{"type":"Feature","properties":{"c":"forest"},"geometry":{"type":"Polygon","coordinates":[[[80.19124,8.05963],[80.19124,8.05983],[80.19138,8.05988],[80.19168,8.0599],[80.19174,8.05999],[80.19198,8.06],[80.19211,8.06009],[80.19229,8.06013],[80.19246,8.06009],[80.19336,8.06012],[80.19403,8.05995],[80.19405,8.06008],[80.19369,8.06024],[80.19387,8.0605],[80.19436,8.06017],[80.19441,8.06009],[80.19482,8.05986],[80.19484,8.05978],[80.19495,8.05974],[80.195,8.05981],[80.19556,8.0595],[80.19589,8.05925],[80.19604,8.05903],[80.19629,8.05897],[80.19641,8.05905],[80.19774,8.05892],[80.19789,8.05868],[80.19791,8.05848],[80.19784,8.05781],[80.19771,8.05769],[80.19768,8.05754],[80.19782,8.05705],[80.19755,8.057],[80.19723,8.05704],[80.19713,8.05691],[80.19656,8.05701],[80.19629,8.05699],[80.19609,8.05748],[80.19591,8.05771],[80.19572,8.05782],[80.19526,8.05785],[80.19502,8.0578],[80.19466,8.05793],[80.19456,8.05807],[80.19452,8.05837],[80.19372,8.05869],[80.19288,8.05885],[80.19273,8.05841],[80.19255,8.05842],[80.19247,8.05868],[80.19255,8.05909],[80.19247,8.05931],[80.192,8.05911],[80.19189,8.05915],[80.19181,8.05919],[80.19178,8.05928],[80.19187,8.05952],[80.19184,8.0596],[80.19174,8.05966],[80.19132,8.05961],[80.19124,8.05963]]]}},{"type":"Feature","properties":{"c":"scrub"},"geometry":{"type":"Polygon","coordinates":[[[80.18586,8.05497],[80.18607,8.055],[80.18612,8.05532],[80.18636,8.05535],[80.18653,8.0552],[80.18666,8.05517],[80.18665,8.05506],[80.1863,8.05474],[80.18662,8.05433],[80.18648,8.05422],[80.18586,8.05497]]]}},{"type":"Feature","properties":{"c":"farmland"},"geometry":{"type":"Polygon","coordinates":[[[80.1864,8.05342],[80.18699,8.05388],[80.18722,8.05363],[80.18677,8.05301],[80.1864,8.05342]]]}},{"type":"Feature","properties":{"c":"meadow"},"geometry":{"type":"Polygon","coordinates":[[[80.18483,8.05598],[80.18531,8.05585],[80.18538,8.05605],[80.1856,8.05594],[80.18558,8.05586],[80.1858,8.05578],[80.18567,8.05559],[80.1856,8.05533],[80.18539,8.05551],[80.18516,8.05558],[80.18496,8.05558],[80.18483,8.05598]]]}},{"type":"Feature","properties":{"c":"scrub"},"geometry":{"type":"Polygon","coordinates":[[[80.18496,8.05558],[80.18516,8.05558],[80.18539,8.05551],[80.1856,8.05533],[80.18586,8.05497],[80.1854,8.05461],[80.18528,8.05478],[80.18496,8.05558]]]}},{"type":"Feature","properties":{"c":"scrub"},"geometry":{"type":"Polygon","coordinates":[[[80.18516,8.05855],[80.18556,8.05906],[80.18647,8.0585],[80.18633,8.05816],[80.1873,8.05774],[80.18778,8.0572],[80.18785,8.05702],[80.18793,8.05654],[80.18814,8.05634],[80.18816,8.05619],[80.18801,8.05613],[80.1879,8.05615],[80.18753,8.05638],[80.18735,8.05679],[80.18707,8.05683],[80.18702,8.05694],[80.18681,8.05697],[80.18673,8.05691],[80.18653,8.05688],[80.18645,8.05677],[80.18591,8.05692],[80.18536,8.05717],[80.1857,8.05814],[80.18516,8.05855]]]}},{"type":"Feature","properties":{"c":"meadow"},"geometry":{"type":"Polygon","coordinates":[[[80.18556,8.05906],[80.18626,8.05982],[80.18708,8.0593],[80.1872,8.05917],[80.18691,8.05875],[80.18684,8.05858],[80.18693,8.05849],[80.18679,8.05822],[80.18675,8.05798],[80.18633,8.05816],[80.18647,8.0585],[80.18556,8.05906]]]}},{"type":"Feature","properties":{"c":"farmland"},"geometry":{"type":"Polygon","coordinates":[[[80.18875,8.06022],[80.18908,8.0603],[80.18896,8.06048],[80.18882,8.06047],[80.18878,8.06055],[80.189,8.0607],[80.18915,8.06072],[80.18958,8.06062],[80.18974,8.06014],[80.18923,8.05995],[80.18895,8.05979],[80.18878,8.05991],[80.18875,8.06022]]]}},{"type":"Feature","properties":{"c":"scrub"},"geometry":{"type":"Polygon","coordinates":[[[80.18864,8.06003],[80.18872,8.06056],[80.18878,8.06055],[80.18882,8.06047],[80.18896,8.06048],[80.18908,8.0603],[80.18875,8.06022],[80.18878,8.05991],[80.18895,8.05979],[80.1887,8.05984],[80.18864,8.06003]]]}},{"type":"Feature","properties":{"c":"forest"},"geometry":{"type":"Polygon","coordinates":[[[80.19198,8.06052],[80.19204,8.06064],[80.19231,8.06075],[80.19294,8.06072],[80.19303,8.06083],[80.19316,8.06084],[80.1932,8.06097],[80.19361,8.06097],[80.1938,8.06082],[80.19387,8.0606],[80.19387,8.0605],[80.19369,8.06024],[80.19346,8.06024],[80.19309,8.06049],[80.19284,8.06056],[80.19218,8.06053],[80.19206,8.06048],[80.19198,8.06052]]]}},{"type":"Feature","properties":{"c":"scrub"},"geometry":{"type":"Polygon","coordinates":[[[80.19343,8.0601],[80.19346,8.06024],[80.19369,8.06024],[80.19405,8.06008],[80.19405,8.05999],[80.19403,8.05995],[80.19371,8.06],[80.19343,8.0601]]]}},{"type":"Feature","properties":{"c":"scrub"},"geometry":{"type":"Polygon","coordinates":[[[80.19116,8.05916],[80.19126,8.05944],[80.19124,8.05963],[80.19174,8.05966],[80.19184,8.0596],[80.19187,8.05952],[80.19178,8.05928],[80.19181,8.05919],[80.19189,8.05915],[80.192,8.05911],[80.19247,8.05931],[80.19255,8.05909],[80.19247,8.05868],[80.19221,8.05877],[80.19223,8.05907],[80.19206,8.05907],[80.19182,8.0589],[80.1917,8.05892],[80.19162,8.05909],[80.19153,8.05918],[80.19116,8.05916]]]}},{"type":"Feature","properties":{"c":"meadow"},"geometry":{"type":"Polygon","coordinates":[[[80.18931,8.05996],[80.18974,8.06014],[80.19011,8.06013],[80.19014,8.06043],[80.19046,8.06041],[80.19065,8.06025],[80.19116,8.06015],[80.19124,8.05983],[80.19126,8.05944],[80.19116,8.05916],[80.19105,8.05902],[80.19052,8.05878],[80.19013,8.05877],[80.18996,8.05887],[80.18983,8.05919],[80.18981,8.05957],[80.18956,8.05971],[80.18949,8.05966],[80.18939,8.05974],[80.18937,8.0599],[80.18931,8.05996]]]}},{"type":"Feature","properties":{"c":"scrub"},"geometry":{"type":"Polygon","coordinates":[[[80.1884,8.06076],[80.18855,8.06083],[80.18855,8.06104],[80.18895,8.06118],[80.18917,8.06132],[80.18917,8.06139],[80.18956,8.06158],[80.19021,8.06176],[80.19045,8.06213],[80.19079,8.06225],[80.19133,8.06209],[80.1914,8.06199],[80.19208,8.06188],[80.19201,8.06123],[80.19214,8.06123],[80.19217,8.06112],[80.19228,8.06108],[80.19231,8.06075],[80.19204,8.06064],[80.19198,8.06052],[80.19206,8.06048],[80.19202,8.06039],[80.19229,8.06013],[80.19211,8.06009],[80.19198,8.06],[80.19174,8.05999],[80.19168,8.0599],[80.19138,8.05988],[80.19124,8.05983],[80.19116,8.06015],[80.19065,8.06025],[80.19046,8.06041],[80.19014,8.06043],[80.19011,8.06013],[80.18974,8.06014],[80.18958,8.06062],[80.18915,8.06072],[80.18899,8.06069],[80.18878,8.06055],[80.18843,8.06066],[80.1884,8.06076]]]}},{"type":"Feature","properties":{"c":"scrub"},"geometry":{"type":"Polygon","coordinates":[[[80.17893,8.05608],[80.17899,8.05615],[80.17894,8.05627],[80.17917,8.05641],[80.17923,8.0564],[80.17946,8.05657],[80.17941,8.05663],[80.17979,8.05696],[80.1797,8.05712],[80.18016,8.05735],[80.18025,8.05666],[80.17982,8.05647],[80.17955,8.0561],[80.17916,8.05581],[80.17908,8.05581],[80.17893,8.05608]]]}},{"type":"Feature","properties":{"c":"farmland"},"geometry":{"type":"Polygon","coordinates":[[[80.17582,8.05192],[80.17601,8.05228],[80.17618,8.05228],[80.17646,8.05256],[80.17657,8.05255],[80.1766,8.05265],[80.17651,8.05276],[80.17675,8.05327],[80.17676,8.05347],[80.17665,8.05375],[80.17685,8.05411],[80.17701,8.05423],[80.17728,8.05414],[80.17735,8.05424],[80.17716,8.05488],[80.17733,8.05495],[80.17715,8.05539],[80.17725,8.05572],[80.17721,8.05593],[80.17728,8.05604],[80.17726,8.0563],[80.17749,8.05652],[80.17748,8.05673],[80.17762,8.05677],[80.17767,8.05666],[80.17791,8.05675],[80.17792,8.05687],[80.17827,8.05683],[80.17861,8.05686],[80.17908,8.05581],[80.17916,8.05581],[80.17955,8.0561],[80.17982,8.05647],[80.18025,8.05666],[80.18135,8.0561],[80.18143,8.05598],[80.18142,8.05588],[80.18102,8.05528],[80.18095,8.05487],[80.18067,8.05475],[80.18063,8.05451],[80.18048,8.05447],[80.18027,8.05418],[80.17994,8.05405],[80.17968,8.05419],[80.17937,8.05416],[80.17929,8.05411],[80.179,8.05411],[80.17891,8.05393],[80.17859,8.05366],[80.17849,8.05375],[80.17831,8.05353],[80.17818,8.05324],[80.17804,8.05324],[80.17795,8.05309],[80.17805,8.05302],[80.178,8.05262],[80.17814,8.05243],[80.17808,8.0522],[80.17817,8.05209],[80.17793,8.05188],[80.17785,8.05174],[80.17777,8.05095],[80.17778,8.05047],[80.17746,8.05048],[80.17721,8.05038],[80.17708,8.05006],[80.17646,8.05107],[80.17582,8.05192]]]}},{"type":"Feature","properties":{"c":"forest"},"geometry":{"type":"Polygon","coordinates":[[[80.18467,8.05963],[80.18554,8.05976],[80.18556,8.05985],[80.18552,8.05992],[80.18536,8.06],[80.18516,8.0602],[80.18517,8.06036],[80.18523,8.06055],[80.18574,8.0609],[80.18584,8.06092],[80.18592,8.06052],[80.18604,8.06042],[80.18641,8.06057],[80.18659,8.06048],[80.18636,8.05996],[80.18619,8.05973],[80.18556,8.05906],[80.18528,8.05937],[80.18467,8.05963]]]}},{"type":"Feature","properties":{"c":"scrub"},"geometry":{"type":"Polygon","coordinates":[[[80.18584,8.06092],[80.18662,8.06127],[80.18675,8.06128],[80.18699,8.06118],[80.18659,8.06048],[80.18641,8.06057],[80.18604,8.06042],[80.18592,8.06052],[80.18584,8.06092]]]}},{"type":"Feature","properties":{"c":"forest"},"geometry":{"type":"Polygon","coordinates":[[[80.18292,8.05793],[80.18308,8.0584],[80.18311,8.05936],[80.18321,8.05958],[80.18342,8.05976],[80.1844,8.05974],[80.18456,8.05977],[80.18481,8.05954],[80.18528,8.05937],[80.18484,8.0589],[80.18449,8.05804],[80.18424,8.05807],[80.184,8.05722],[80.18436,8.05717],[80.18429,8.05694],[80.18447,8.05688],[80.18443,8.05665],[80.18409,8.05677],[80.18394,8.05672],[80.18333,8.05695],[80.18315,8.05694],[80.18303,8.05687],[80.18293,8.05706],[80.18307,8.0571],[80.18292,8.05768],[80.18292,8.05793]]]}},{"type":"Feature","properties":{"c":"scrub"},"geometry":{"type":"Polygon","coordinates":[[[80.184,8.05722],[80.18424,8.05807],[80.18449,8.05804],[80.18442,8.05773],[80.18487,8.05762],[80.18481,8.0573],[80.1845,8.05736],[80.18442,8.05716],[80.184,8.05722]]]}},{"type":"Feature","properties":{"c":"scrub"},"geometry":{"type":"Polygon","coordinates":[[[80.18492,8.05899],[80.18528,8.05937],[80.18556,8.05906],[80.18526,8.05869],[80.18492,8.05899]]]}},{"type":"Feature","properties":{"c":"farmland"},"geometry":{"type":"Polygon","coordinates":[[[80.17856,8.05697],[80.179,8.05712],[80.17904,8.05706],[80.17919,8.05718],[80.17909,8.05736],[80.1791,8.05746],[80.17941,8.05758],[80.17972,8.05789],[80.18016,8.05735],[80.1797,8.05712],[80.17979,8.05696],[80.17941,8.05663],[80.17946,8.05657],[80.17923,8.0564],[80.17917,8.05641],[80.17894,8.05627],[80.17899,8.05615],[80.17893,8.05608],[80.17856,8.05697]]]}},{"type":"Feature","properties":{"c":"farmland"},"geometry":{"type":"Polygon","coordinates":[[[80.17972,8.05789],[80.17988,8.05819],[80.18043,8.05879],[80.18064,8.0587],[80.18079,8.05873],[80.18089,8.05889],[80.18081,8.05955],[80.181,8.06011],[80.1825,8.06074],[80.18314,8.06107],[80.18333,8.06094],[80.18371,8.0608],[80.18367,8.06057],[80.18374,8.06033],[80.18404,8.06034],[80.18416,8.06023],[80.18421,8.06003],[80.1842,8.05974],[80.18342,8.05976],[80.18321,8.05958],[80.18311,8.05936],[80.18308,8.0584],[80.18292,8.05793],[80.18292,8.05768],[80.18307,8.0571],[80.18293,8.05706],[80.18246,8.05717],[80.18219,8.05708],[80.18218,8.05683],[80.18197,8.05652],[80.18178,8.05651],[80.18163,8.05637],[80.18153,8.05639],[80.18149,8.05651],[80.18133,8.05652],[80.18125,8.05615],[80.18025,8.05666],[80.18016,8.05735],[80.17972,8.05789]]]}},{"type":"Feature","properties":{"c":"scrub"},"geometry":{"type":"Polygon","coordinates":[[[80.18314,8.06107],[80.18327,8.06141],[80.18342,8.06114],[80.18361,8.06104],[80.18394,8.06106],[80.18401,8.06116],[80.18401,8.06132],[80.18379,8.06175],[80.18359,8.06198],[80.18348,8.06203],[80.18341,8.062],[80.1834,8.06285],[80.18327,8.0631],[80.18358,8.06327],[80.18433,8.0616],[80.1845,8.06058],[80.18468,8.05996],[80.18483,8.05967],[80.18467,8.05963],[80.18456,8.05977],[80.1842,8.05974],[80.18421,8.06003],[80.18416,8.06023],[80.18404,8.06034],[80.18374,8.06033],[80.18367,8.06057],[80.18371,8.0608],[80.18333,8.06094],[80.18314,8.06107]]]}},{"type":"Feature","properties":{"c":"scrub"},"geometry":{"type":"Polygon","coordinates":[[[80.18133,8.0607],[80.18228,8.06104],[80.1825,8.06074],[80.18139,8.06028],[80.18133,8.0607]]]}},{"type":"Feature","properties":{"c":"scrub"},"geometry":{"type":"Polygon","coordinates":[[[80.18043,8.05879],[80.18084,8.05929],[80.18089,8.05889],[80.18079,8.05873],[80.18064,8.0587],[80.18043,8.05879]]]}},{"type":"Feature","properties":{"c":"scrub"},"geometry":{"type":"Polygon","coordinates":[[[80.19212,8.05143],[80.19228,8.05171],[80.19246,8.0518],[80.19258,8.05177],[80.19272,8.05144],[80.19297,8.05121],[80.1936,8.05117],[80.1941,8.05105],[80.19419,8.05093],[80.19421,8.05073],[80.19393,8.0507],[80.19375,8.05063],[80.1937,8.05053],[80.19318,8.0505],[80.19313,8.05069],[80.19279,8.05088],[80.19266,8.0509],[80.19275,8.05109],[80.19224,8.05132],[80.19212,8.05143]]]}},{"type":"Feature","properties":{"c":"scrub"},"geometry":{"type":"Polygon","coordinates":[[[80.18699,8.06118],[80.18723,8.06161],[80.18809,8.06126],[80.18823,8.06113],[80.18823,8.06106],[80.18808,8.06106],[80.18804,8.06099],[80.18804,8.0608],[80.18797,8.06074],[80.18699,8.06118]]]}},{"type":"Feature","properties":{"c":"scrub"},"geometry":{"type":"Polygon","coordinates":[[[80.17551,8.05786],[80.17554,8.05804],[80.17567,8.05819],[80.17587,8.05822],[80.17617,8.05837],[80.17638,8.05876],[80.17687,8.05905],[80.17692,8.05915],[80.17671,8.05927],[80.17633,8.0593],[80.17623,8.05936],[80.17619,8.05987],[80.17614,8.06002],[80.17602,8.06012],[80.17596,8.06024],[80.17598,8.06043],[80.17609,8.06039],[80.17644,8.06006],[80.17655,8.06008],[80.17653,8.06035],[80.17662,8.06037],[80.17687,8.06026],[80.17702,8.05991],[80.17712,8.05938],[80.17722,8.05943],[80.17724,8.05965],[80.17736,8.05997],[80.1776,8.06008],[80.17775,8.06005],[80.17777,8.05994],[80.1776,8.05962],[80.17764,8.05953],[80.17778,8.05947],[80.17784,8.05928],[80.17779,8.05896],[80.17794,8.0586],[80.17804,8.05848],[80.17803,8.05831],[80.17789,8.05796],[80.17776,8.05792],[80.17765,8.05797],[80.17754,8.05812],[80.17712,8.05813],[80.17719,8.05868],[80.17698,8.05875],[80.17673,8.05871],[80.17657,8.0586],[80.17655,8.0585],[80.17668,8.05818],[80.17629,8.05785],[80.1758,8.05772],[80.17562,8.05777],[80.17551,8.05786]]]}},{"type":"Feature","properties":{"c":"scrub"},"geometry":{"type":"Polygon","coordinates":[[[80.17658,8.05844],[80.17673,8.05851],[80.17718,8.05857],[80.17712,8.05813],[80.17699,8.05815],[80.17692,8.05822],[80.1768,8.05825],[80.17668,8.05818],[80.17658,8.05844]]]}},{"type":"Feature","properties":{"c":"scrub"},"geometry":{"type":"Polygon","coordinates":[[[80.17576,8.05524],[80.17576,8.05538],[80.17599,8.0559],[80.17662,8.05622],[80.17708,8.0569],[80.17743,8.05721],[80.17774,8.05728],[80.17819,8.05716],[80.17877,8.05736],[80.1789,8.05745],[80.17904,8.05777],[80.17934,8.05801],[80.17943,8.05822],[80.17956,8.05836],[80.17983,8.05836],[80.17996,8.05828],[80.17988,8.05819],[80.17981,8.058],[80.17951,8.05766],[80.17941,8.05758],[80.1791,8.05746],[80.17909,8.05736],[80.17919,8.05718],[80.17904,8.05706],[80.179,8.05712],[80.17856,8.05697],[80.17861,8.05686],[80.17846,8.05684],[80.17792,8.05687],[80.17791,8.05675],[80.17767,8.05666],[80.17762,8.05677],[80.17748,8.05673],[80.17749,8.05652],[80.17726,8.0563],[80.17728,8.05604],[80.17721,8.05593],[80.17725,8.05572],[80.17715,8.05539],[80.17733,8.05495],[80.17716,8.05488],[80.17735,8.05424],[80.17728,8.05414],[80.17701,8.05423],[80.17685,8.05411],[80.17665,8.05375],[80.17648,8.05366],[80.17635,8.05366],[80.17632,8.05374],[80.17644,8.05379],[80.17645,8.05386],[80.17633,8.05421],[80.17618,8.05457],[80.17576,8.05524]]]}},{"type":"Feature","properties":{"c":"scrub"},"geometry":{"type":"Polygon","coordinates":[[[80.17518,8.05589],[80.17522,8.05616],[80.17533,8.05621],[80.17571,8.05605],[80.17583,8.05605],[80.17592,8.05617],[80.17598,8.05618],[80.17611,8.05612],[80.17619,8.05613],[80.17629,8.05602],[80.17599,8.0559],[80.1759,8.05567],[80.17589,8.05575],[80.17584,8.05577],[80.17538,8.05576],[80.17524,8.05581],[80.17518,8.05589]]]}},{"type":"Feature","properties":{"c":"scrub"},"geometry":{"type":"Polygon","coordinates":[[[80.1752,8.0568],[80.1752,8.05693],[80.17531,8.0571],[80.17547,8.05721],[80.1756,8.05724],[80.17593,8.05718],[80.17612,8.05702],[80.17618,8.05676],[80.17627,8.05671],[80.1762,8.05647],[80.17602,8.05654],[80.17595,8.05667],[80.17571,8.05672],[80.17555,8.05657],[80.17543,8.05657],[80.17526,8.05668],[80.1752,8.0568]]]}},{"type":"Feature","properties":{"c":"forest"},"geometry":{"type":"Polygon","coordinates":[[[80.17533,8.05621],[80.17543,8.05657],[80.17555,8.05657],[80.17571,8.05672],[80.17595,8.05667],[80.17602,8.05654],[80.1762,8.05647],[80.17627,8.05671],[80.17618,8.05676],[80.17612,8.05702],[80.17593,8.05718],[80.1756,8.05724],[80.17547,8.05721],[80.17551,8.05786],[80.17562,8.05777],[80.1758,8.05772],[80.17602,8.05777],[80.17629,8.05785],[80.1768,8.05825],[80.17692,8.05822],[80.17699,8.05815],[80.17754,8.05812],[80.17765,8.05797],[80.17776,8.05792],[80.17789,8.05796],[80.17803,8.05831],[80.17804,8.05848],[80.17794,8.0586],[80.17779,8.05896],[80.17784,8.05928],[80.17778,8.05947],[80.17764,8.05953],[80.1776,8.05962],[80.17777,8.05994],[80.17775,8.06005],[80.17787,8.06015],[80.17815,8.06013],[80.17874,8.05993],[80.1791,8.05975],[80.17936,8.05956],[80.17952,8.0591],[80.17982,8.05851],[80.17983,8.05836],[80.17956,8.05836],[80.17943,8.05822],[80.17934,8.05801],[80.17904,8.05777],[80.1789,8.05745],[80.17877,8.05736],[80.17819,8.05716],[80.17774,8.05728],[80.17743,8.05721],[80.17708,8.0569],[80.17662,8.05622],[80.17629,8.05602],[80.17619,8.05613],[80.17611,8.05612],[80.17598,8.05618],[80.17592,8.05617],[80.17583,8.05605],[80.17571,8.05605],[80.17533,8.05621]]]}},{"type":"Feature","properties":{"c":"scrub"},"geometry":{"type":"Polygon","coordinates":[[[80.16701,8.12611],[80.16749,8.12841],[80.16925,8.12904],[80.17321,8.1274],[80.17549,8.1267],[80.17639,8.12608],[80.17665,8.12596],[80.17768,8.12507],[80.17883,8.1232],[80.17597,8.12183],[80.17147,8.12354],[80.16861,8.12433],[80.16781,8.12358],[80.16701,8.12611]]]}},{"type":"Feature","properties":{"c":"scrub"},"geometry":{"type":"Polygon","coordinates":[[[80.17058,8.05641],[80.17082,8.0566],[80.17085,8.0569],[80.17095,8.05693],[80.17107,8.05705],[80.17121,8.05691],[80.17147,8.05687],[80.17135,8.05673],[80.17136,8.05651],[80.17149,8.05634],[80.17158,8.05637],[80.17158,8.05645],[80.17169,8.05648],[80.1719,8.05641],[80.17181,8.05631],[80.17172,8.05629],[80.17175,8.05615],[80.17169,8.05607],[80.17159,8.05608],[80.17159,8.05613],[80.17105,8.05605],[80.17096,8.05614],[80.17092,8.05637],[80.17072,8.05639],[80.17064,8.05635],[80.17059,8.05636],[80.17058,8.05641]]]}},{"type":"Feature","properties":{"c":"scrub"},"geometry":{"type":"Polygon","coordinates":[[[80.17114,8.05786],[80.17122,8.05806],[80.1712,8.0582],[80.17126,8.05841],[80.17143,8.05853],[80.17138,8.0587],[80.17148,8.05876],[80.17163,8.05876],[80.17179,8.05844],[80.17198,8.05843],[80.17197,8.05824],[80.17209,8.0581],[80.17223,8.05806],[80.1724,8.05793],[80.17241,8.05784],[80.1724,8.05779],[80.17231,8.0578],[80.17228,8.05787],[80.17188,8.0579],[80.17179,8.05802],[80.17148,8.05793],[80.17131,8.05778],[80.17117,8.05778],[80.17114,8.05786]]]}},{"type":"Feature","properties":{"c":"scrub"},"geometry":{"type":"Polygon","coordinates":[[[80.17481,8.0578],[80.17487,8.05791],[80.17503,8.05793],[80.17515,8.05806],[80.17529,8.05805],[80.17525,8.05796],[80.17529,8.05784],[80.17514,8.05784],[80.17497,8.05769],[80.17483,8.05773],[80.17481,8.0578]]]}},{"type":"Feature","properties":{"c":"scrub"},"geometry":{"type":"Polygon","coordinates":[[[80.17388,8.05778],[80.17391,8.05796],[80.17399,8.05804],[80.1741,8.05802],[80.17416,8.05796],[80.17428,8.058],[80.17431,8.05797],[80.1742,8.05787],[80.17388,8.05778]]]}},{"type":"Feature","properties":{"c":"scrub"},"geometry":{"type":"Polygon","coordinates":[[[80.16802,8.05242],[80.16811,8.05252],[80.16831,8.05257],[80.1686,8.05276],[80.16883,8.05279],[80.16908,8.05299],[80.16934,8.05311],[80.1695,8.05329],[80.16966,8.0537],[80.16968,8.05415],[80.16976,8.05425],[80.16995,8.0543],[80.16998,8.05447],[80.16982,8.0548],[80.16982,8.05495],[80.17007,8.05529],[80.17037,8.05537],[80.17042,8.05546],[80.1704,8.05558],[80.17027,8.05574],[80.17033,8.0558],[80.17078,8.0556],[80.17085,8.05551],[80.17065,8.05526],[80.17061,8.05487],[80.17043,8.05466],[80.17044,8.05454],[80.17057,8.05445],[80.17061,8.05414],[80.17051,8.05364],[80.1708,8.05345],[80.17083,8.05289],[80.17073,8.05268],[80.17057,8.05257],[80.17044,8.05275],[80.17015,8.05265],[80.16996,8.05249],[80.16997,8.0522],[80.16993,8.05214],[80.16921,8.05214],[80.16906,8.05202],[80.16872,8.05163],[80.16869,8.0515],[80.16858,8.05144],[80.16852,8.05147],[80.16853,8.05221],[80.16818,8.05222],[80.16807,8.05228],[80.16802,8.05242]]]}},{"type":"Feature","properties":{"c":"forest"},"geometry":{"type":"Polygon","coordinates":[[[80.17043,8.05466],[80.17061,8.05487],[80.17065,8.05526],[80.17085,8.05551],[80.17078,8.0556],[80.17105,8.05605],[80.17159,8.05613],[80.17159,8.05608],[80.17169,8.05607],[80.17175,8.05615],[80.17172,8.05629],[80.17181,8.05631],[80.1719,8.05641],[80.17169,8.05648],[80.17158,8.05645],[80.17158,8.05637],[80.17149,8.05634],[80.17136,8.05651],[80.17135,8.05673],[80.17147,8.05687],[80.17121,8.05691],[80.17107,8.05705],[80.17117,8.05778],[80.17131,8.05778],[80.17148,8.05793],[80.17179,8.05802],[80.17188,8.0579],[80.17228,8.05787],[80.17231,8.0578],[80.1724,8.05779],[80.1724,8.05793],[80.17223,8.05806],[80.17209,8.0581],[80.17197,8.05824],[80.17198,8.05843],[80.17179,8.05844],[80.17163,8.05876],[80.17148,8.05876],[80.17137,8.059],[80.17119,8.05916],[80.17119,8.05938],[80.17132,8.05958],[80.17193,8.05985],[80.172,8.06006],[80.17258,8.06026],[80.17287,8.0603],[80.17388,8.05944],[80.17399,8.05804],[80.17391,8.05796],[80.17388,8.05778],[80.1742,8.05787],[80.17431,8.05797],[80.17487,8.05791],[80.17481,8.0578],[80.17483,8.05773],[80.17497,8.05769],[80.17514,8.05784],[80.17529,8.05784],[80.17525,8.05796],[80.17529,8.05805],[80.17554,8.05804],[80.17547,8.05721],[80.17531,8.0571],[80.1752,8.05693],[80.1752,8.0568],[80.17526,8.05668],[80.17543,8.05657],[80.17533,8.05621],[80.17522,8.05616],[80.17518,8.05589],[80.17524,8.05581],[80.17538,8.05576],[80.17589,8.05575],[80.1759,8.05567],[80.17576,8.05538],[80.17576,8.05524],[80.17618,8.05457],[80.17633,8.05421],[80.17645,8.05386],[80.17644,8.05379],[80.17632,8.05374],[80.17635,8.05366],[80.17648,8.05366],[80.17665,8.05375],[80.17676,8.05347],[80.17675,8.05327],[80.17651,8.05276],[80.1766,8.05265],[80.17657,8.05255],[80.17646,8.05256],[80.17618,8.05228],[80.17586,8.05233],[80.17567,8.05258],[80.1758,8.05313],[80.17596,8.05353],[80.17593,8.05369],[80.17575,8.05375],[80.17533,8.05363],[80.17515,8.05372],[80.17514,8.05441],[80.17488,8.05451],[80.17468,8.05465],[80.17448,8.05498],[80.17428,8.0549],[80.17419,8.05469],[80.17367,8.05448],[80.17337,8.05448],[80.17275,8.05465],[80.17249,8.05494],[80.17226,8.0551],[80.17203,8.05518],[80.17183,8.05509],[80.17176,8.0549],[80.17169,8.05414],[80.17156,8.05375],[80.17135,8.05345],[80.17115,8.05299],[80.17083,8.05289],[80.1708,8.05345],[80.17051,8.05364],[80.17061,8.05414],[80.17057,8.05445],[80.17044,8.05454],[80.17043,8.05466]]]}},{"type":"Feature","properties":{"c":"forest"},"geometry":{"type":"Polygon","coordinates":[[[80.17287,8.0603],[80.1729,8.06128],[80.17305,8.06138],[80.17591,8.06135],[80.17596,8.06024],[80.17602,8.06012],[80.17614,8.06002],[80.17619,8.05987],[80.17623,8.05936],[80.17633,8.0593],[80.17671,8.05927],[80.17692,8.05915],[80.17687,8.05905],[80.17638,8.05876],[80.17617,8.05837],[80.17587,8.05822],[80.17567,8.05819],[80.17554,8.05804],[80.17523,8.05808],[80.17507,8.05801],[80.17497,8.05791],[80.17428,8.058],[80.17416,8.05796],[80.1741,8.05802],[80.17399,8.05804],[80.17388,8.05944],[80.17287,8.0603]]]}},{"type":"Feature","properties":{"c":"scrub"},"geometry":{"type":"Polygon","coordinates":[[[80.16717,8.05409],[80.16721,8.05424],[80.1673,8.05434],[80.16739,8.05435],[80.16748,8.05452],[80.16761,8.05454],[80.16768,8.0546],[80.16779,8.05462],[80.16803,8.05455],[80.16822,8.05434],[80.16834,8.05438],[80.16843,8.05447],[80.1687,8.05451],[80.16881,8.05462],[80.169,8.05463],[80.16897,8.05446],[80.16884,8.05429],[80.16856,8.0543],[80.16835,8.05425],[80.16826,8.05417],[80.16816,8.05393],[80.16804,8.05395],[80.16794,8.05391],[80.16788,8.0538],[80.16772,8.05375],[80.16729,8.05373],[80.16728,8.05383],[80.16733,8.05393],[80.16721,8.05401],[80.16717,8.05409]]]}},{"type":"Feature","properties":{"c":"scrub"},"geometry":{"type":"Polygon","coordinates":[[[80.16605,8.05193],[80.16688,8.05245],[80.16742,8.05256],[80.16766,8.05255],[80.16776,8.05241],[80.1677,8.05228],[80.16719,8.05227],[80.1669,8.05222],[80.16654,8.05198],[80.16609,8.05184],[80.16605,8.05193]]]}},{"type":"Feature","properties":{"c":"scrub"},"geometry":{"type":"Polygon","coordinates":[[[80.16277,8.05362],[80.16275,8.05385],[80.16282,8.05394],[80.16311,8.05373],[80.16346,8.05366],[80.16379,8.05347],[80.16381,8.0534],[80.16377,8.05332],[80.16368,8.0534],[80.16343,8.05339],[80.16332,8.05343],[80.1633,8.0536],[80.16307,8.05361],[80.16294,8.05354],[80.16277,8.05362]]]}},{"type":"Feature","properties":{"c":"scrub"},"geometry":{"type":"Polygon","coordinates":[[[80.1678,8.04482],[80.16789,8.04495],[80.16809,8.04492],[80.16825,8.04483],[80.16825,8.04462],[80.1684,8.04432],[80.16838,8.04399],[80.16853,8.04361],[80.16866,8.04347],[80.16866,8.04334],[80.16851,8.04334],[80.16836,8.04352],[80.16808,8.04436],[80.16794,8.0445],[80.16797,8.04459],[80.1678,8.04482]]]}},{"type":"Feature","properties":{"c":"scrub"},"geometry":{"type":"Polygon","coordinates":[[[80.16286,8.04742],[80.16291,8.0475],[80.16327,8.04772],[80.16344,8.04806],[80.16354,8.04816],[80.16387,8.04816],[80.16401,8.04807],[80.1642,8.04809],[80.1645,8.04823],[80.16484,8.04823],[80.16497,8.04819],[80.16492,8.0481],[80.16472,8.04809],[80.16425,8.04793],[80.16379,8.04766],[80.16337,8.04762],[80.16315,8.0475],[80.16286,8.04742]]]}},{"type":"Feature","properties":{"c":"forest"},"geometry":{"type":"Polygon","coordinates":[[[80.15737,8.04585],[80.15895,8.04688],[80.15955,8.04702],[80.15949,8.04728],[80.1593,8.04729],[80.1592,8.04745],[80.15925,8.04845],[80.15955,8.04879],[80.16026,8.04917],[80.16038,8.04928],[80.16112,8.04916],[80.16111,8.04897],[80.16117,8.04894],[80.16142,8.04898],[80.16148,8.04904],[80.16314,8.04893],[80.16315,8.04884],[80.16326,8.0488],[80.16319,8.04862],[80.16311,8.04854],[80.16327,8.04848],[80.16331,8.04852],[80.16354,8.04816],[80.16344,8.04806],[80.16327,8.04772],[80.16291,8.0475],[80.16286,8.04742],[80.16315,8.0475],[80.16337,8.04762],[80.16379,8.04766],[80.16425,8.04793],[80.16472,8.04809],[80.16492,8.0481],[80.16497,8.04819],[80.16897,8.04871],[80.16918,8.04768],[80.16935,8.04718],[80.16965,8.04699],[80.16975,8.04656],[80.16995,8.04624],[80.17026,8.04594],[80.16825,8.04483],[80.16809,8.04492],[80.16789,8.04495],[80.1678,8.04482],[80.16797,8.04459],[80.16794,8.0445],[80.16808,8.04436],[80.16836,8.04352],[80.16851,8.04334],[80.16866,8.04334],[80.17053,8.0401],[80.1704,8.03993],[80.16947,8.03967],[80.16909,8.03942],[80.16832,8.03871],[80.16716,8.03926],[80.16681,8.03964],[80.16657,8.03999],[80.16642,8.0405],[80.16641,8.04106],[80.1663,8.04131],[80.16583,8.04162],[80.16534,8.0416],[80.16418,8.04086],[80.16385,8.04071],[80.16377,8.0404],[80.16376,8.03979],[80.164,8.03932],[80.16426,8.0391],[80.16453,8.03911],[80.16459,8.03858],[80.16417,8.03846],[80.16299,8.03872],[80.16259,8.03836],[80.16253,8.03821],[80.16235,8.0385],[80.1621,8.03864],[80.16169,8.03867],[80.16146,8.03861],[80.1613,8.03848],[80.1612,8.0383],[80.16099,8.03852],[80.16059,8.03816],[80.16022,8.03875],[80.15945,8.03801],[80.15917,8.03827],[80.15891,8.03859],[80.15873,8.03912],[80.15931,8.03928],[80.1593,8.03958],[80.15985,8.03967],[80.16015,8.03966],[80.1602,8.04019],[80.15934,8.04013],[80.15934,8.04031],[80.15985,8.04036],[80.15986,8.04048],[80.15996,8.0406],[80.15987,8.04066],[80.15931,8.04066],[80.15852,8.04077],[80.15844,8.041],[80.1591,8.0412],[80.15907,8.04127],[80.15958,8.04154],[80.15974,8.04149],[80.16006,8.04155],[80.16024,8.04222],[80.16065,8.04223],[80.16086,8.04229],[80.16094,8.04208],[80.16093,8.04192],[80.16111,8.04191],[80.16127,8.04208],[80.16156,8.04225],[80.16161,8.0425],[80.1614,8.04288],[80.1612,8.04298],[80.1609,8.04296],[80.16058,8.04285],[80.16032,8.0426],[80.16006,8.04243],[80.15908,8.04306],[80.15883,8.04334],[80.15868,8.04379],[80.15883,8.04407],[80.15898,8.04474],[80.15836,8.04488],[80.1584,8.04515],[80.15765,8.04512],[80.15737,8.04585]]]}},{"type":"Feature","properties":{"c":"forest"},"geometry":{"type":"Polygon","coordinates":[[[80.16825,8.04462],[80.16825,8.04483],[80.17026,8.04594],[80.1707,8.04543],[80.17111,8.04513],[80.17131,8.04458],[80.17138,8.04403],[80.17158,8.04355],[80.17223,8.0427],[80.17268,8.0423],[80.17073,8.04024],[80.17053,8.0401],[80.16866,8.04334],[80.16866,8.04347],[80.16853,8.04361],[80.16838,8.04399],[80.1684,8.04432],[80.16825,8.04462]]]}},{"type":"Feature","properties":{"c":"scrub"},"geometry":{"type":"Polygon","coordinates":[[[80.1593,8.04256],[80.15945,8.04282],[80.16006,8.04243],[80.16032,8.0426],[80.16058,8.04285],[80.1609,8.04296],[80.1612,8.04298],[80.1614,8.04288],[80.16161,8.0425],[80.16156,8.04225],[80.16127,8.04208],[80.16111,8.04191],[80.16093,8.04192],[80.16094,8.04208],[80.16086,8.04229],[80.16065,8.04223],[80.16024,8.04222],[80.16006,8.04155],[80.15974,8.04149],[80.15958,8.04154],[80.15947,8.04194],[80.15959,8.04201],[80.15965,8.04234],[80.1593,8.04256]]]}},{"type":"Feature","properties":{"c":"farmland"},"geometry":{"type":"Polygon","coordinates":[[[80.1541,8.04796],[80.15443,8.04864],[80.15441,8.04889],[80.15435,8.04894],[80.15445,8.04911],[80.1546,8.04968],[80.15472,8.04965],[80.1549,8.0502],[80.15519,8.05087],[80.15704,8.05026],[80.15686,8.04973],[80.1569,8.04969],[80.15682,8.04943],[80.1571,8.04935],[80.15703,8.04918],[80.15693,8.0492],[80.1569,8.04897],[80.15678,8.04875],[80.1566,8.04876],[80.15621,8.04792],[80.15621,8.04782],[80.15605,8.04764],[80.15556,8.04728],[80.15499,8.04744],[80.1541,8.04796]]]}},{"type":"Feature","properties":{"c":"scrub"},"geometry":{"type":"Polygon","coordinates":[[[80.15605,8.04764],[80.15621,8.04782],[80.15621,8.04792],[80.1566,8.04876],[80.15678,8.04875],[80.1569,8.04897],[80.15727,8.04885],[80.15735,8.04915],[80.15748,8.05037],[80.15759,8.05034],[80.15756,8.05007],[80.15758,8.04962],[80.15764,8.04951],[80.15772,8.0495],[80.15773,8.04924],[80.15783,8.04918],[80.15786,8.04895],[80.15802,8.04867],[80.15822,8.04862],[80.15837,8.04867],[80.15882,8.04861],[80.15895,8.04852],[80.15925,8.04845],[80.15925,8.04818],[80.15919,8.04811],[80.15834,8.04836],[80.15787,8.04817],[80.15778,8.04803],[80.15776,8.04784],[80.15757,8.04792],[80.15737,8.04788],[80.15722,8.04774],[80.15721,8.04736],[80.15702,8.04684],[80.15683,8.04678],[80.15679,8.04656],[80.15696,8.04642],[80.15697,8.04636],[80.15693,8.04634],[80.15655,8.04645],[80.15679,8.04712],[80.15688,8.04753],[80.15666,8.04759],[80.1564,8.04748],[80.15628,8.0475],[80.15605,8.04764]]]}},{"type":"Feature","properties":{"c":"scrub"},"geometry":{"type":"Polygon","coordinates":[[[80.16111,8.04897],[80.16112,8.04916],[80.16134,8.04913],[80.16148,8.04904],[80.16142,8.04898],[80.16117,8.04894],[80.16111,8.04897]]]}},{"type":"Feature","properties":{"c":"scrub"},"geometry":{"type":"Polygon","coordinates":[[[80.16311,8.04854],[80.16319,8.04862],[80.16326,8.0488],[80.16315,8.04884],[80.16312,8.04904],[80.16319,8.04904],[80.16325,8.0489],[80.16332,8.04888],[80.1634,8.04892],[80.16342,8.04904],[80.16365,8.04893],[80.16345,8.04885],[80.16342,8.04871],[80.16329,8.04864],[80.16327,8.04848],[80.16311,8.04854]]]}},{"type":"Feature","properties":{"c":"scrub"},"geometry":{"type":"Polygon","coordinates":[[[80.1633,8.05033],[80.16347,8.05071],[80.16366,8.05072],[80.16396,8.05084],[80.16402,8.0508],[80.1633,8.05033]]]}},{"type":"Feature","properties":{"c":"scrub"},"geometry":{"type":"Polygon","coordinates":[[[80.16209,8.05158],[80.16214,8.05164],[80.16228,8.05165],[80.1623,8.05149],[80.16214,8.05145],[80.16209,8.05158]]]}},{"type":"Feature","properties":{"c":"scrub"},"geometry":{"type":"Polygon","coordinates":[[[80.16007,8.04999],[80.16011,8.05007],[80.1603,8.04997],[80.16049,8.05014],[80.16059,8.05007],[80.16071,8.05006],[80.16098,8.05028],[80.16105,8.05027],[80.16108,8.0502],[80.16102,8.05014],[80.16103,8.05007],[80.1612,8.05017],[80.16126,8.0503],[80.16199,8.05037],[80.16202,8.05031],[80.16178,8.05023],[80.16143,8.05021],[80.16129,8.05014],[80.16123,8.05005],[80.16088,8.04981],[80.16077,8.04968],[80.16077,8.04953],[80.16064,8.04943],[80.16047,8.04942],[80.16046,8.04927],[80.1603,8.04932],[80.16026,8.04941],[80.1604,8.04955],[80.16031,8.0498],[80.16026,8.04982],[80.16021,8.04977],[80.16015,8.04978],[80.16007,8.04999]]]}},{"type":"Feature","properties":{"c":"scrub"},"geometry":{"type":"Polygon","coordinates":[[[80.16019,8.0505],[80.16017,8.05067],[80.16066,8.05071],[80.16057,8.05054],[80.16048,8.05051],[80.16019,8.0505]]]}},{"type":"Feature","properties":{"c":"scrub"},"geometry":{"type":"Polygon","coordinates":[[[80.1612,8.05084],[80.16138,8.05094],[80.16146,8.05091],[80.16159,8.05099],[80.16163,8.05097],[80.16159,8.05077],[80.1615,8.05072],[80.16125,8.05068],[80.1612,8.05084]]]}},{"type":"Feature","properties":{"c":"scrub"},"geometry":{"type":"Polygon","coordinates":[[[80.15934,8.04865],[80.15946,8.04896],[80.15967,8.049],[80.15972,8.04891],[80.15967,8.04885],[80.15955,8.04879],[80.15938,8.04861],[80.15934,8.04865]]]}},{"type":"Feature","properties":{"c":"forest"},"geometry":{"type":"Polygon","coordinates":[[[80.16329,8.04864],[80.16342,8.04871],[80.16345,8.04885],[80.16365,8.04893],[80.16342,8.04904],[80.1633,8.05033],[80.16359,8.05055],[80.16395,8.05072],[80.16402,8.0508],[80.16396,8.05084],[80.16605,8.05193],[80.16609,8.05184],[80.16654,8.05198],[80.1669,8.05222],[80.16719,8.05227],[80.1677,8.05228],[80.16776,8.05241],[80.16802,8.05242],[80.16807,8.05228],[80.16818,8.05222],[80.16853,8.05221],[80.16852,8.05147],[80.16858,8.05144],[80.16897,8.04871],[80.16497,8.04819],[80.16484,8.04823],[80.1645,8.04823],[80.1642,8.04809],[80.16401,8.04807],[80.16387,8.04816],[80.16354,8.04816],[80.16331,8.04852],[80.16329,8.04864]]]}},{"type":"Feature","properties":{"c":"forest"},"geometry":{"type":"Polygon","coordinates":[[[80.16858,8.05144],[80.16869,8.0515],[80.16872,8.05163],[80.16906,8.05202],[80.16921,8.05214],[80.16993,8.05214],[80.16997,8.0522],[80.16996,8.05249],[80.17015,8.05265],[80.17044,8.05275],[80.17057,8.05257],[80.17073,8.05268],[80.17095,8.0523],[80.17078,8.0518],[80.17091,8.05068],[80.1715,8.04937],[80.1712,8.04913],[80.17083,8.04905],[80.17056,8.04935],[80.17036,8.05007],[80.16997,8.05021],[80.16954,8.05013],[80.16921,8.04997],[80.16884,8.04965],[80.16858,8.05144]]]}},{"type":"Feature","properties":{"c":"forest"},"geometry":{"type":"Polygon","coordinates":[[[80.1672,8.05253],[80.16729,8.05373],[80.16772,8.05375],[80.16788,8.0538],[80.16794,8.05391],[80.16804,8.05395],[80.16816,8.05393],[80.16826,8.05417],[80.16835,8.05425],[80.16856,8.0543],[80.16884,8.05429],[80.16897,8.05446],[80.169,8.05463],[80.16982,8.05495],[80.16982,8.0548],[80.16998,8.05447],[80.16995,8.0543],[80.16976,8.05425],[80.16968,8.05415],[80.16966,8.0537],[80.1695,8.05329],[80.16934,8.05311],[80.16908,8.05299],[80.16883,8.05279],[80.1686,8.05276],[80.16831,8.05257],[80.16811,8.05252],[80.16802,8.05242],[80.16776,8.05241],[80.16766,8.05255],[80.1672,8.05253]]]}},{"type":"Feature","properties":{"c":"forest"},"geometry":{"type":"Polygon","coordinates":[[[80.15682,8.04943],[80.1569,8.04969],[80.15686,8.04973],[80.15704,8.05026],[80.15728,8.05023],[80.15737,8.05041],[80.15748,8.05037],[80.15735,8.04915],[80.15727,8.04885],[80.1569,8.04897],[80.15693,8.0492],[80.15703,8.04918],[80.1571,8.04935],[80.15682,8.04943]]]}},{"type":"Feature","properties":{"c":"forest"},"geometry":{"type":"Polygon","coordinates":[[[80.16009,8.05282],[80.16017,8.05278],[80.16026,8.05285],[80.16033,8.05285],[80.16043,8.05271],[80.16062,8.05265],[80.16089,8.05287],[80.16091,8.05271],[80.16118,8.05285],[80.1612,8.05084],[80.16125,8.05068],[80.16159,8.05077],[80.16163,8.05097],[80.16214,8.05145],[80.1623,8.05149],[80.16347,8.05071],[80.1633,8.05033],[80.16342,8.04904],[80.1634,8.04892],[80.16325,8.0489],[80.16319,8.04904],[80.16312,8.04904],[80.16312,8.04893],[80.16148,8.04904],[80.16134,8.04913],[80.16046,8.04927],[80.16047,8.04942],[80.16064,8.04943],[80.16077,8.04953],[80.16077,8.04968],[80.16088,8.04981],[80.16123,8.05005],[80.16129,8.05014],[80.16143,8.05021],[80.16178,8.05023],[80.16202,8.05031],[80.16199,8.05037],[80.16126,8.0503],[80.1612,8.05017],[80.16103,8.05007],[80.16102,8.05014],[80.16108,8.0502],[80.16105,8.05027],[80.16098,8.05028],[80.16071,8.05006],[80.16059,8.05007],[80.16049,8.05014],[80.16048,8.05051],[80.16057,8.05054],[80.16066,8.05071],[80.16009,8.05282]]]}},{"type":"Feature","properties":{"c":"scrub"},"geometry":{"type":"Polygon","coordinates":[[[80.16008,8.05285],[80.16014,8.05291],[80.16031,8.0529],[80.16073,8.05273],[80.16062,8.05265],[80.16043,8.05271],[80.16033,8.05285],[80.16026,8.05285],[80.16017,8.05278],[80.16008,8.05285]]]}},{"type":"Feature","properties":{"c":"scrub"},"geometry":{"type":"Polygon","coordinates":[[[80.16091,8.05271],[80.16089,8.05287],[80.16103,8.05293],[80.16111,8.05295],[80.16119,8.0529],[80.16118,8.05285],[80.16091,8.05271]]]}},{"type":"Feature","properties":{"c":"scrub"},"geometry":{"type":"Polygon","coordinates":[[[80.16894,8.05896],[80.169,8.0591],[80.16919,8.05912],[80.16935,8.05904],[80.16942,8.05896],[80.16948,8.0587],[80.16974,8.05855],[80.16965,8.05849],[80.16908,8.05857],[80.16906,8.05871],[80.16915,8.0588],[80.16913,8.05886],[80.169,8.05886],[80.16894,8.05896]]]}},{"type":"Feature","properties":{"c":"scrub"},"geometry":{"type":"Polygon","coordinates":[[[80.17043,8.05841],[80.17046,8.05853],[80.17046,8.05879],[80.17058,8.05871],[80.17067,8.05857],[80.17056,8.0581],[80.17049,8.05812],[80.17043,8.05841]]]}},{"type":"Feature","properties":{"c":"scrub"},"geometry":{"type":"Polygon","coordinates":[[[80.17113,8.05943],[80.17118,8.05956],[80.17115,8.05966],[80.17119,8.05973],[80.1713,8.05969],[80.17137,8.05993],[80.17158,8.05994],[80.17195,8.06025],[80.17209,8.06028],[80.17225,8.06022],[80.17227,8.06015],[80.172,8.06006],[80.17193,8.05985],[80.17132,8.05958],[80.17119,8.05938],[80.17113,8.05943]]]}},{"type":"Feature","properties":{"c":"scrub"},"geometry":{"type":"Polygon","coordinates":[[[80.16969,8.05951],[80.16975,8.05969],[80.17007,8.05989],[80.17007,8.06005],[80.17002,8.06016],[80.17022,8.06028],[80.17032,8.06015],[80.17023,8.06005],[80.17029,8.05994],[80.17055,8.05988],[80.17062,8.0598],[80.17063,8.05965],[80.17055,8.05942],[80.1702,8.05941],[80.16982,8.05963],[80.16975,8.05949],[80.16969,8.05951]]]}},{"type":"Feature","properties":{"c":"scrub"},"geometry":{"type":"Polygon","coordinates":[[[80.1699,8.05878],[80.16997,8.05902],[80.17027,8.05877],[80.17021,8.05853],[80.16993,8.05865],[80.1699,8.05878]]]}},{"type":"Feature","properties":{"c":"forest"},"geometry":{"type":"Polygon","coordinates":[[[80.16874,8.05937],[80.16877,8.05957],[80.16915,8.05983],[80.16969,8.06003],[80.1699,8.06017],[80.17002,8.06016],[80.17007,8.06005],[80.17007,8.05989],[80.16975,8.05969],[80.16969,8.05951],[80.16975,8.05949],[80.16982,8.05963],[80.1702,8.05941],[80.17055,8.05942],[80.17063,8.05965],[80.17062,8.0598],[80.17055,8.05988],[80.17029,8.05994],[80.17023,8.06005],[80.17032,8.06015],[80.17029,8.06023],[80.17022,8.06028],[80.17016,8.06021],[80.17005,8.06021],[80.17002,8.06029],[80.17015,8.06037],[80.17027,8.06039],[80.17054,8.0603],[80.17062,8.06035],[80.17063,8.06045],[80.17076,8.06049],[80.17086,8.06067],[80.171,8.06069],[80.17108,8.06062],[80.17113,8.06035],[80.17108,8.06026],[80.17109,8.06007],[80.1712,8.06005],[80.17158,8.06018],[80.17173,8.06005],[80.17158,8.05994],[80.17137,8.05993],[80.1713,8.05969],[80.17119,8.05973],[80.17115,8.05966],[80.17118,8.05956],[80.17113,8.05943],[80.17119,8.05938],[80.17119,8.05916],[80.17137,8.059],[80.17148,8.05876],[80.17138,8.0587],[80.17143,8.05853],[80.17126,8.05841],[80.17122,8.0583],[80.17122,8.05806],[80.17114,8.05786],[80.17056,8.0581],[80.17067,8.05857],[80.17058,8.05871],[80.17046,8.05879],[80.17043,8.05841],[80.17021,8.05853],[80.17027,8.05877],[80.16997,8.05902],[80.16991,8.05892],[80.16993,8.05865],[80.16974,8.05855],[80.16948,8.0587],[80.16942,8.05896],[80.16935,8.05904],[80.16919,8.05912],[80.169,8.0591],[80.16874,8.05937]]]}},{"type":"Feature","properties":{"c":"scrub"},"geometry":{"type":"Polygon","coordinates":[[[80.16483,8.05826],[80.16479,8.05847],[80.16491,8.05847],[80.16498,8.05842],[80.16532,8.05851],[80.16547,8.05846],[80.16554,8.05807],[80.16561,8.05807],[80.16573,8.05788],[80.16571,8.05781],[80.16561,8.05776],[80.1656,8.05744],[80.16554,8.05741],[80.16539,8.05752],[80.16522,8.05743],[80.16505,8.05745],[80.16499,8.05753],[80.16508,8.05788],[80.16492,8.05802],[80.16492,8.05817],[80.16483,8.05826]]]}},{"type":"Feature","properties":{"c":"forest"},"geometry":{"type":"Polygon","coordinates":[[[80.15756,8.05007],[80.15759,8.05034],[80.15777,8.05057],[80.15819,8.051],[80.15855,8.05127],[80.15857,8.05141],[80.1585,8.05162],[80.15864,8.05187],[80.1587,8.0521],[80.1588,8.05314],[80.1589,8.05366],[80.15972,8.05416],[80.15967,8.05485],[80.15976,8.05508],[80.16008,8.05537],[80.16017,8.05558],[80.16028,8.05564],[80.16033,8.05576],[80.16042,8.05577],[80.16055,8.05569],[80.16078,8.05583],[80.16092,8.05579],[80.16097,8.05587],[80.16134,8.05586],[80.16139,8.05577],[80.16157,8.0557],[80.16208,8.05571],[80.1621,8.05576],[80.16134,8.05589],[80.16134,8.05621],[80.16154,8.0569],[80.16173,8.05685],[80.16188,8.05672],[80.16194,8.05688],[80.16203,8.05695],[80.16227,8.05686],[80.16233,8.057],[80.16239,8.05701],[80.16249,8.05718],[80.16267,8.05715],[80.16499,8.05753],[80.16505,8.05745],[80.16522,8.05743],[80.16539,8.05752],[80.16554,8.05741],[80.1656,8.05744],[80.16561,8.05776],[80.16571,8.05781],[80.16573,8.05788],[80.16561,8.05807],[80.16554,8.05807],[80.16547,8.05846],[80.16716,8.05982],[80.16728,8.05979],[80.1674,8.05994],[80.1675,8.05998],[80.16772,8.0599],[80.1681,8.05993],[80.16816,8.05984],[80.1683,8.05981],[80.16822,8.0597],[80.16823,8.05959],[80.16839,8.05936],[80.16864,8.05922],[80.16874,8.05937],[80.169,8.0591],[80.16894,8.05896],[80.169,8.05886],[80.16913,8.05886],[80.16915,8.0588],[80.16906,8.05871],[80.16908,8.05857],[80.16965,8.05849],[80.16993,8.05865],[80.17043,8.05841],[80.17049,8.05812],[80.17114,8.05786],[80.17117,8.05778],[80.17107,8.05705],[80.17095,8.05693],[80.17085,8.0569],[80.17082,8.0566],[80.17058,8.05641],[80.17059,8.05636],[80.17064,8.05635],[80.17072,8.05639],[80.17092,8.05637],[80.17096,8.05614],[80.17105,8.05605],[80.17078,8.0556],[80.17033,8.0558],[80.17027,8.05574],[80.1704,8.05558],[80.17042,8.05546],[80.17037,8.05537],[80.17007,8.05529],[80.16982,8.05495],[80.169,8.05463],[80.16881,8.05462],[80.1687,8.05451],[80.16843,8.05447],[80.16834,8.05438],[80.16822,8.05434],[80.16803,8.05455],[80.16779,8.05462],[80.16748,8.05452],[80.16739,8.05435],[80.1673,8.05434],[80.16721,8.05424],[80.16717,8.05409],[80.16721,8.05401],[80.16733,8.05393],[80.16728,8.05383],[80.1672,8.05253],[80.16673,8.05237],[80.16605,8.05193],[80.16396,8.05084],[80.16366,8.05072],[80.16347,8.05071],[80.1623,8.05149],[80.16231,8.05158],[80.16381,8.0534],[80.16379,8.05347],[80.16346,8.05366],[80.16311,8.05373],[80.16282,8.05394],[80.16275,8.05385],[80.16277,8.05362],[80.16209,8.05158],[80.16214,8.05145],[80.16163,8.05097],[80.16159,8.05099],[80.16146,8.05091],[80.16138,8.05094],[80.1612,8.05084],[80.16119,8.0529],[80.16111,8.05295],[80.16103,8.05293],[80.16073,8.05273],[80.16031,8.0529],[80.16014,8.05291],[80.16008,8.05285],[80.16066,8.05071],[80.16017,8.05067],[80.16019,8.0505],[80.16048,8.05051],[80.16049,8.05014],[80.1603,8.04997],[80.16007,8.05006],[80.16015,8.04978],[80.16021,8.04977],[80.16026,8.04982],[80.16031,8.0498],[80.1604,8.04955],[80.16026,8.04941],[80.1603,8.04932],[80.16038,8.04928],[80.16026,8.04917],[80.15972,8.04891],[80.15967,8.049],[80.15946,8.04896],[80.15934,8.04865],[80.15938,8.04861],[80.15925,8.04845],[80.15895,8.04852],[80.15882,8.04861],[80.15837,8.04867],[80.15822,8.04862],[80.15802,8.04867],[80.15786,8.04895],[80.15783,8.04918],[80.15773,8.04924],[80.15772,8.0495],[80.15764,8.04951],[80.15758,8.04962],[80.15756,8.05007]]]}},{"type":"Feature","properties":{"c":"forest"},"geometry":{"type":"Polygon","coordinates":[[[80.16214,8.05164],[80.16277,8.05362],[80.16294,8.05354],[80.16307,8.05361],[80.1633,8.0536],[80.16332,8.05343],[80.16368,8.0534],[80.16377,8.05332],[80.16231,8.05158],[80.16228,8.05165],[80.16214,8.05164]]]}},{"type":"Feature","properties":{"c":"scrub"},"geometry":{"type":"Polygon","coordinates":[[[80.15844,8.05166],[80.15856,8.0519],[80.15861,8.05217],[80.15878,8.05373],[80.1594,8.05408],[80.15958,8.05425],[80.15962,8.05435],[80.15956,8.05489],[80.1597,8.05515],[80.15998,8.05545],[80.16005,8.05564],[80.16017,8.05558],[80.16008,8.05537],[80.15976,8.05508],[80.15967,8.05485],[80.15972,8.05416],[80.1589,8.05366],[80.1588,8.05314],[80.1587,8.0521],[80.15864,8.05187],[80.1585,8.05162],[80.15844,8.05166]]]}},{"type":"Feature","properties":{"c":"scrub"},"geometry":{"type":"Polygon","coordinates":[[[80.16154,8.0569],[80.16165,8.05702],[80.16163,8.05725],[80.1617,8.05735],[80.16188,8.05728],[80.16186,8.057],[80.16202,8.05707],[80.16225,8.05729],[80.16238,8.05732],[80.16268,8.05723],[80.16287,8.05726],[80.16289,8.05718],[80.16267,8.05715],[80.16249,8.05718],[80.16239,8.05701],[80.16233,8.057],[80.16227,8.05686],[80.16203,8.05695],[80.16194,8.05688],[80.16188,8.05672],[80.16173,8.05685],[80.16154,8.0569]]]}},{"type":"Feature","properties":{"c":"scrub"},"geometry":{"type":"Polygon","coordinates":[[[80.16134,8.05586],[80.16149,8.05588],[80.16158,8.05583],[80.16167,8.05586],[80.1621,8.05576],[80.16208,8.05571],[80.16185,8.05569],[80.16157,8.0557],[80.16139,8.05577],[80.16134,8.05586]]]}},{"type":"Feature","properties":{"c":"scrub"},"geometry":{"type":"Polygon","coordinates":[[[80.1598,8.05735],[80.15995,8.05741],[80.16011,8.05698],[80.1603,8.05619],[80.16028,8.05588],[80.16043,8.05582],[80.16075,8.05591],[80.1607,8.05606],[80.16077,8.0561],[80.16085,8.05604],[80.16085,8.05596],[80.16097,8.05587],[80.16092,8.05579],[80.16078,8.05583],[80.16055,8.05569],[80.16042,8.05577],[80.16033,8.05576],[80.16028,8.05564],[80.16017,8.05558],[80.15984,8.05572],[80.15993,8.05586],[80.16007,8.05576],[80.16018,8.05584],[80.1602,8.05604],[80.1601,8.05649],[80.16006,8.05654],[80.15999,8.05654],[80.15995,8.05698],[80.1598,8.05735]]]}},{"type":"Feature","properties":{"c":"forest"},"geometry":{"type":"Polygon","coordinates":[[[80.15993,8.05586],[80.15999,8.05605],[80.15999,8.05654],[80.16006,8.05654],[80.16017,8.05627],[80.16018,8.05584],[80.16007,8.05576],[80.15993,8.05586]]]}},{"type":"Feature","properties":{"c":"scrub"},"geometry":{"type":"Polygon","coordinates":[[[80.16064,8.05663],[80.16073,8.05667],[80.16107,8.05663],[80.16112,8.0565],[80.16134,8.05655],[80.16141,8.05652],[80.16136,8.05633],[80.16124,8.05646],[80.16087,8.05637],[80.16076,8.05655],[80.16064,8.05663]]]}},{"type":"Feature","properties":{"c":"forest"},"geometry":{"type":"Polygon","coordinates":[[[80.1599,8.05774],[80.16002,8.05804],[80.16022,8.05825],[80.1606,8.0586],[80.16069,8.05858],[80.16078,8.05862],[80.16083,8.05873],[80.16101,8.05861],[80.16106,8.0587],[80.16118,8.05866],[80.16154,8.05874],[80.16166,8.05865],[80.16218,8.05882],[80.16224,8.05879],[80.16227,8.05885],[80.16244,8.0589],[80.16261,8.05866],[80.16288,8.0586],[80.16293,8.05833],[80.16278,8.05824],[80.1627,8.05799],[80.16284,8.05792],[80.163,8.05811],[80.16303,8.05823],[80.16299,8.05833],[80.16306,8.05854],[80.16324,8.05852],[80.16366,8.05858],[80.16372,8.05866],[80.16395,8.05869],[80.16402,8.05875],[80.16408,8.0589],[80.16387,8.05909],[80.16386,8.0593],[80.16719,8.06006],[80.16716,8.05982],[80.16547,8.05846],[80.16532,8.05851],[80.16498,8.05842],[80.16491,8.05847],[80.16479,8.05847],[80.16483,8.05826],[80.16492,8.05817],[80.16492,8.05802],[80.16508,8.05788],[80.16499,8.05753],[80.16289,8.05718],[80.16287,8.05726],[80.16268,8.05723],[80.16238,8.05732],[80.16216,8.05724],[80.16193,8.05701],[80.16186,8.057],[80.16185,8.05705],[80.1619,8.05713],[80.16188,8.05728],[80.1617,8.05735],[80.16163,8.05725],[80.16165,8.05702],[80.16154,8.0569],[80.16141,8.05652],[80.16134,8.05655],[80.16112,8.0565],[80.16107,8.05663],[80.16067,8.05667],[80.16064,8.05663],[80.16076,8.05655],[80.16087,8.05637],[80.16124,8.05646],[80.16136,8.05633],[80.16134,8.05586],[80.16097,8.05587],[80.16085,8.05596],[80.16085,8.05604],[80.16077,8.0561],[80.1607,8.05606],[80.16075,8.05591],[80.16043,8.05582],[80.16028,8.05588],[80.1603,8.05619],[80.16011,8.05698],[80.15998,8.05724],[80.15995,8.05741],[80.16001,8.05746],[80.1599,8.05774]]]}},{"type":"Feature","properties":{"c":"forest"},"geometry":{"type":"Polygon","coordinates":[[[80.16288,8.0586],[80.16306,8.05854],[80.16299,8.05833],[80.16293,8.05833],[80.16288,8.0586]]]}},{"type":"Feature","properties":{"c":"scrub"},"geometry":{"type":"Polygon","coordinates":[[[80.16288,8.0586],[80.16292,8.05881],[80.16312,8.05894],[80.16315,8.05906],[80.163,8.05914],[80.16302,8.0592],[80.16311,8.05921],[80.16313,8.05929],[80.16328,8.05935],[80.16353,8.0592],[80.16362,8.05908],[80.16362,8.05896],[80.16375,8.05898],[80.16373,8.05913],[80.16386,8.05923],[80.16387,8.05909],[80.16408,8.0589],[80.16395,8.05869],[80.16372,8.05866],[80.16366,8.05858],[80.16324,8.05852],[80.16288,8.0586]]]}},{"type":"Feature","properties":{"c":"farmland"},"geometry":{"type":"Polygon","coordinates":[[[80.15773,8.05622],[80.15786,8.05623],[80.15788,8.05638],[80.15781,8.0564],[80.15781,8.0565],[80.15791,8.05653],[80.15788,8.05661],[80.15777,8.05661],[80.15778,8.05672],[80.15784,8.05673],[80.15788,8.05684],[80.15777,8.05733],[80.15797,8.05742],[80.15807,8.05769],[80.1582,8.0577],[80.15814,8.05796],[80.15825,8.05822],[80.15871,8.05801],[80.15888,8.05836],[80.15931,8.05817],[80.15927,8.05805],[80.15963,8.05791],[80.15959,8.05765],[80.15941,8.05772],[80.15938,8.0576],[80.15926,8.05763],[80.1592,8.05753],[80.15911,8.05754],[80.15903,8.05735],[80.15946,8.05705],[80.15956,8.05706],[80.15956,8.05717],[80.15967,8.05719],[80.15969,8.05706],[80.1599,8.05714],[80.15997,8.05686],[80.16,8.0562],[80.15998,8.05599],[80.15991,8.05582],[80.15985,8.05587],[80.15972,8.05586],[80.15959,8.05578],[80.15942,8.05589],[80.15928,8.0559],[80.15916,8.0557],[80.159,8.05574],[80.15877,8.05571],[80.15874,8.05564],[80.1583,8.05565],[80.15779,8.05579],[80.15773,8.05622]]]}},{"type":"Feature","properties":{"c":"farmland"},"geometry":{"type":"Polygon","coordinates":[[[80.15849,8.05889],[80.15857,8.05907],[80.15871,8.05906],[80.15874,8.05915],[80.15869,8.05918],[80.15888,8.05958],[80.15894,8.05958],[80.15906,8.05981],[80.15961,8.05954],[80.15975,8.05985],[80.15976,8.06005],[80.15999,8.06003],[80.16004,8.06018],[80.16017,8.06019],[80.16025,8.06027],[80.16048,8.06025],[80.16068,8.05994],[80.16042,8.05976],[80.16048,8.0596],[80.16023,8.05944],[80.16044,8.05926],[80.15978,8.05811],[80.15936,8.05829],[80.15939,8.0584],[80.15866,8.05869],[80.15863,8.0588],[80.15849,8.05889]]]}},{"type":"Feature","properties":{"c":"scrub"},"geometry":{"type":"Polygon","coordinates":[[[80.15888,8.05836],[80.15897,8.05855],[80.15939,8.0584],[80.15936,8.05829],[80.15978,8.05811],[80.16037,8.05917],[80.16077,8.05957],[80.16075,8.05966],[80.16086,8.05993],[80.1612,8.05989],[80.16136,8.05975],[80.1615,8.05972],[80.16156,8.05964],[80.16178,8.05974],[80.16189,8.05964],[80.16176,8.05952],[80.16174,8.05939],[80.16179,8.0593],[80.162,8.0593],[80.16201,8.05913],[80.16208,8.059],[80.16219,8.05899],[80.16243,8.05907],[80.16241,8.05917],[80.16233,8.05925],[80.16234,8.05934],[80.16245,8.05939],[80.16263,8.05935],[80.16279,8.05938],[80.16295,8.0595],[80.16303,8.05946],[80.16302,8.05936],[80.16265,8.05921],[80.16272,8.05893],[80.16235,8.05888],[80.16224,8.05879],[80.16218,8.05882],[80.16166,8.05865],[80.16154,8.05874],[80.16118,8.05866],[80.16106,8.0587],[80.16101,8.05861],[80.16083,8.05873],[80.16078,8.05862],[80.16069,8.05858],[80.1606,8.0586],[80.16022,8.05825],[80.15993,8.0579],[80.1599,8.05774],[80.16001,8.05746],[80.1598,8.05735],[80.1599,8.05714],[80.15969,8.05706],[80.15967,8.05719],[80.15956,8.05717],[80.15956,8.05706],[80.15946,8.05705],[80.15903,8.05735],[80.15911,8.05754],[80.1592,8.05753],[80.15926,8.05763],[80.15938,8.0576],[80.15941,8.05772],[80.15959,8.05765],[80.15963,8.05791],[80.15927,8.05805],[80.15931,8.05817],[80.15888,8.05836]]]}},{"type":"Feature","properties":{"c":"forest"},"geometry":{"type":"Polygon","coordinates":[[[80.16174,8.05939],[80.16176,8.05952],[80.16207,8.05976],[80.16234,8.06036],[80.16249,8.06042],[80.16293,8.06043],[80.16306,8.06056],[80.16323,8.06102],[80.16363,8.06146],[80.16388,8.06139],[80.16402,8.06095],[80.16433,8.06085],[80.16446,8.06085],[80.16452,8.06078],[80.16515,8.06091],[80.16531,8.06065],[80.16588,8.06088],[80.16767,8.06092],[80.16767,8.06066],[80.16742,8.06004],[80.16719,8.06006],[80.16386,8.0593],[80.16386,8.05923],[80.16373,8.05913],[80.16375,8.05898],[80.16362,8.05896],[80.16362,8.05908],[80.16353,8.0592],[80.16328,8.05935],[80.16313,8.05929],[80.16311,8.05921],[80.16302,8.0592],[80.163,8.05914],[80.16315,8.05906],[80.16312,8.05894],[80.16292,8.05881],[80.16288,8.0586],[80.16261,8.05866],[80.16244,8.0589],[80.16272,8.05893],[80.16265,8.05921],[80.16302,8.05936],[80.16303,8.05946],[80.16295,8.0595],[80.16279,8.05938],[80.16263,8.05935],[80.16245,8.05939],[80.16234,8.05934],[80.16233,8.05925],[80.16241,8.05917],[80.16243,8.05907],[80.16219,8.05899],[80.16208,8.059],[80.16201,8.05913],[80.162,8.0593],[80.16179,8.0593],[80.16174,8.05939]]]}},{"type":"Feature","properties":{"c":"scrub"},"geometry":{"type":"Polygon","coordinates":[[[80.15816,8.06085],[80.15866,8.06089],[80.1587,8.0608],[80.15895,8.06068],[80.16003,8.06069],[80.1613,8.06058],[80.16164,8.0606],[80.16172,8.06074],[80.16174,8.06094],[80.16196,8.06067],[80.16195,8.06043],[80.1619,8.06034],[80.16169,8.06033],[80.16025,8.06054],[80.15873,8.06056],[80.15831,8.0605],[80.15816,8.06085]]]}},{"type":"Feature","properties":{"c":"forest"},"geometry":{"type":"Polygon","coordinates":[[[80.15763,8.05936],[80.15796,8.0598],[80.15805,8.06026],[80.15804,8.06045],[80.15873,8.06056],[80.1598,8.06055],[80.16072,8.06049],[80.16144,8.06037],[80.16068,8.05994],[80.16048,8.06025],[80.16025,8.06027],[80.16017,8.06019],[80.16004,8.06018],[80.15999,8.06003],[80.15976,8.06005],[80.15975,8.05985],[80.15961,8.05954],[80.15906,8.05981],[80.15894,8.05958],[80.15888,8.05958],[80.15869,8.05918],[80.15874,8.05915],[80.15871,8.05906],[80.15857,8.05907],[80.15849,8.05889],[80.15763,8.05936]]]}},{"type":"Feature","properties":{"c":"forest"},"geometry":{"type":"Polygon","coordinates":[[[80.16023,8.05944],[80.16048,8.0596],[80.16042,8.05976],[80.16144,8.06037],[80.1619,8.06034],[80.16195,8.06043],[80.16196,8.06067],[80.16174,8.06094],[80.16179,8.06115],[80.16197,8.06148],[80.16199,8.06184],[80.16216,8.06189],[80.16225,8.06179],[80.16242,8.06174],[80.16259,8.06177],[80.16266,8.06189],[80.16276,8.06194],[80.16305,8.06196],[80.16326,8.06186],[80.16337,8.06167],[80.16342,8.06141],[80.16319,8.06112],[80.16299,8.06058],[80.16288,8.0605],[80.16224,8.06045],[80.16194,8.0599],[80.1617,8.05969],[80.16156,8.05964],[80.1615,8.05972],[80.16136,8.05975],[80.1612,8.05989],[80.16086,8.05993],[80.16075,8.05966],[80.16077,8.05957],[80.16044,8.05926],[80.16023,8.05944]]]}},{"type":"Feature","properties":{"c":"scrub"},"geometry":{"type":"Polygon","coordinates":[[[80.16178,8.05974],[80.16201,8.06],[80.16224,8.06045],[80.16288,8.0605],[80.16299,8.06058],[80.16319,8.06112],[80.16352,8.06148],[80.16363,8.06146],[80.16323,8.06102],[80.16306,8.06056],[80.16293,8.06043],[80.16249,8.06042],[80.16234,8.06036],[80.16207,8.05976],[80.16189,8.05964],[80.16178,8.05974]]]}},{"type":"Feature","properties":{"c":"meadow"},"geometry":{"type":"Polygon","coordinates":[[[80.15633,8.05605],[80.15666,8.05689],[80.15683,8.05703],[80.15695,8.057],[80.15704,8.05712],[80.15736,8.05706],[80.15746,8.05699],[80.15743,8.0567],[80.15751,8.05661],[80.15746,8.05638],[80.15737,8.05638],[80.15729,8.05603],[80.15715,8.05598],[80.15713,8.05584],[80.15699,8.05583],[80.15696,8.05571],[80.15675,8.05577],[80.15633,8.05605]]]}},{"type":"Feature","properties":{"c":"farmland"},"geometry":{"type":"Polygon","coordinates":[[[80.15699,8.05458],[80.15721,8.05534],[80.15764,8.05519],[80.15785,8.05519],[80.15797,8.05512],[80.15804,8.05501],[80.15801,8.05493],[80.15793,8.05487],[80.15793,8.05476],[80.15775,8.05443],[80.15747,8.0544],[80.15699,8.05458]]]}},{"type":"Feature","properties":{"c":"forest"},"geometry":{"type":"Polygon","coordinates":[[[80.15666,8.0557],[80.15675,8.05577],[80.15696,8.05571],[80.15699,8.05583],[80.15713,8.05584],[80.15715,8.05598],[80.15729,8.05603],[80.15737,8.05638],[80.15746,8.05638],[80.15751,8.05661],[80.15743,8.0567],[80.15746,8.05699],[80.15736,8.05706],[80.15752,8.05728],[80.15777,8.05733],[80.15788,8.05684],[80.15784,8.05673],[80.15778,8.05672],[80.15777,8.05661],[80.15788,8.05661],[80.15791,8.05653],[80.15781,8.0565],[80.15781,8.0564],[80.15788,8.05638],[80.15786,8.05623],[80.15773,8.05622],[80.15779,8.05579],[80.1583,8.05565],[80.15874,8.05564],[80.15877,8.05571],[80.159,8.05574],[80.15916,8.0557],[80.15928,8.0559],[80.15942,8.05589],[80.15959,8.05578],[80.15972,8.05586],[80.15985,8.05587],[80.15991,8.05582],[80.15984,8.05572],[80.16005,8.05564],[80.15998,8.05545],[80.1597,8.05515],[80.15956,8.05489],[80.15962,8.05435],[80.15958,8.05425],[80.1594,8.05408],[80.15878,8.05373],[80.15861,8.05217],[80.15848,8.05173],[80.15835,8.05156],[80.15799,8.05133],[80.15773,8.05107],[80.15744,8.05119],[80.15779,8.0524],[80.15774,8.05265],[80.15711,8.05264],[80.15709,8.05286],[80.15692,8.05298],[80.15708,8.05336],[80.15733,8.05334],[80.15739,8.05356],[80.15726,8.05358],[80.15706,8.05386],[80.15715,8.05407],[80.15731,8.0541],[80.15747,8.0544],[80.15775,8.05443],[80.15798,8.05432],[80.1581,8.05463],[80.15806,8.05473],[80.15793,8.05476],[80.15793,8.05487],[80.15801,8.05493],[80.15804,8.05501],[80.15797,8.05512],[80.15785,8.05519],[80.15764,8.05519],[80.15721,8.05534],[80.15713,8.05509],[80.15689,8.05517],[80.15691,8.05548],[80.15668,8.05558],[80.15666,8.0557]]]}},{"type":"Feature","properties":{"c":"scrub"},"geometry":{"type":"Polygon","coordinates":[[[80.15775,8.05443],[80.15793,8.05476],[80.15806,8.05473],[80.1581,8.05463],[80.15798,8.05432],[80.15775,8.05443]]]}},{"type":"Feature","properties":{"c":"meadow"},"geometry":{"type":"Polygon","coordinates":[[[80.15708,8.05336],[80.15714,8.05353],[80.15722,8.05353],[80.15726,8.05358],[80.15739,8.05356],[80.15733,8.05334],[80.15708,8.05336]]]}},{"type":"Feature","properties":{"c":"forest"},"geometry":{"type":"Polygon","coordinates":[[[80.15609,8.05331],[80.15613,8.05371],[80.15637,8.05374],[80.15659,8.05384],[80.15706,8.05386],[80.15726,8.05358],[80.15722,8.05353],[80.15714,8.05353],[80.15692,8.05298],[80.15683,8.05298],[80.15682,8.05283],[80.15661,8.05267],[80.1564,8.05261],[80.15634,8.05267],[80.15648,8.05292],[80.15639,8.05319],[80.15609,8.05331]]]}},{"type":"Feature","properties":{"c":"scrub"},"geometry":{"type":"Polygon","coordinates":[[[80.16716,8.05982],[80.16719,8.06006],[80.16742,8.06004],[80.16767,8.06066],[80.16767,8.06092],[80.16731,8.06152],[80.16731,8.06164],[80.1674,8.06173],[80.16804,8.06185],[80.1682,8.06185],[80.16829,8.06178],[80.16851,8.06148],[80.16852,8.06135],[80.16864,8.0613],[80.16871,8.0612],[80.16867,8.0611],[80.16834,8.06092],[80.16832,8.06086],[80.16835,8.06071],[80.16853,8.06053],[80.16856,8.06022],[80.16852,8.06009],[80.16856,8.06002],[80.16888,8.06013],[80.16922,8.06005],[80.16977,8.06016],[80.16979,8.06013],[80.16969,8.06003],[80.16915,8.05983],[80.16877,8.05957],[80.16871,8.05927],[80.16864,8.05922],[80.16839,8.05936],[80.16823,8.05959],[80.16822,8.0597],[80.1683,8.05981],[80.16816,8.05984],[80.1681,8.05993],[80.16772,8.0599],[80.1675,8.05998],[80.1674,8.05994],[80.16728,8.05979],[80.16716,8.05982]]]}},{"type":"Feature","properties":{"c":"forest"},"geometry":{"type":"Polygon","coordinates":[[[80.15362,8.06002],[80.15366,8.06028],[80.15395,8.06053],[80.15565,8.0615],[80.15588,8.06174],[80.15603,8.06156],[80.15703,8.0614],[80.15793,8.06134],[80.1579,8.06113],[80.15816,8.06085],[80.15831,8.0605],[80.15804,8.06045],[80.15805,8.06026],[80.15796,8.0598],[80.15763,8.05936],[80.15863,8.0588],[80.15866,8.05869],[80.15897,8.05855],[80.15871,8.05801],[80.15825,8.05822],[80.15814,8.05796],[80.1582,8.0577],[80.15807,8.05769],[80.15797,8.05742],[80.15752,8.05728],[80.15736,8.05706],[80.15704,8.05712],[80.15695,8.057],[80.15683,8.05703],[80.15666,8.05689],[80.15633,8.05605],[80.15675,8.05577],[80.15666,8.0557],[80.15645,8.05578],[80.15621,8.0557],[80.15605,8.05533],[80.15581,8.05534],[80.15542,8.05546],[80.15516,8.05585],[80.15511,8.05637],[80.15498,8.05693],[80.15471,8.05701],[80.15458,8.05751],[80.15462,8.05796],[80.1548,8.05868],[80.15467,8.05903],[80.15438,8.05935],[80.15383,8.05975],[80.15362,8.06002]]]}},{"type":"Feature","properties":{"c":"farmland"},"geometry":{"type":"Polygon","coordinates":[[[80.15309,8.04994],[80.15322,8.05053],[80.15323,8.05107],[80.15336,8.05164],[80.15411,8.05145],[80.15457,8.05107],[80.15434,8.0504],[80.15416,8.0501],[80.15407,8.04985],[80.15365,8.05006],[80.15338,8.05005],[80.15333,8.04985],[80.15309,8.04994]]]}},{"type":"Feature","properties":{"c":"forest"},"geometry":{"type":"Polygon","coordinates":[[[80.15389,8.04829],[80.15402,8.04851],[80.15397,8.04885],[80.15401,8.04905],[80.15418,8.04938],[80.15402,8.04955],[80.15416,8.0501],[80.15434,8.0504],[80.1549,8.0502],[80.15472,8.04965],[80.1546,8.04968],[80.15445,8.04911],[80.15435,8.04894],[80.15441,8.04889],[80.15443,8.04864],[80.1541,8.04796],[80.15392,8.04806],[80.15389,8.04829]]]}},{"type":"Feature","properties":{"c":"forest"},"geometry":{"type":"Polygon","coordinates":[[[80.14804,8.053],[80.14815,8.0532],[80.14833,8.05316],[80.14853,8.05345],[80.1486,8.05368],[80.1485,8.05388],[80.14813,8.05394],[80.14807,8.05433],[80.14834,8.05443],[80.14841,8.05453],[80.14845,8.055],[80.14859,8.05547],[80.14858,8.05583],[80.14869,8.05605],[80.14884,8.05616],[80.14922,8.0572],[80.14927,8.05747],[80.14922,8.05772],[80.14946,8.05849],[80.14997,8.05841],[80.15015,8.05732],[80.15016,8.05677],[80.15009,8.05611],[80.15013,8.05583],[80.15031,8.05571],[80.15065,8.05568],[80.15092,8.05572],[80.15155,8.05527],[80.15122,8.05486],[80.15118,8.05475],[80.15124,8.05464],[80.15138,8.05456],[80.15113,8.05423],[80.15096,8.05413],[80.1508,8.05373],[80.15074,8.05343],[80.15079,8.05296],[80.15097,8.05291],[80.15102,8.05309],[80.15091,8.05318],[80.15084,8.05334],[80.15086,8.05355],[80.15097,8.05372],[80.15145,8.05362],[80.15162,8.0535],[80.15175,8.05351],[80.15183,8.05363],[80.15183,8.05377],[80.15168,8.05393],[80.15224,8.05436],[80.15269,8.05388],[80.15294,8.0539],[80.15317,8.05368],[80.15331,8.05306],[80.15362,8.05292],[80.15364,8.05254],[80.15336,8.05164],[80.15323,8.05107],[80.15322,8.05053],[80.15309,8.04994],[80.15333,8.04985],[80.15327,8.04971],[80.1535,8.04959],[80.15373,8.04919],[80.15384,8.04914],[80.15392,8.04903],[80.15369,8.04852],[80.1535,8.04825],[80.15323,8.04809],[80.15231,8.04774],[80.15171,8.04734],[80.15138,8.04727],[80.15133,8.04776],[80.15144,8.04776],[80.15142,8.04814],[80.15107,8.04812],[80.15108,8.04786],[80.15017,8.04783],[80.15017,8.04863],[80.14935,8.04862],[80.14899,8.04995],[80.14878,8.05044],[80.14915,8.05061],[80.149,8.05093],[80.14861,8.05078],[80.14835,8.05129],[80.14868,8.05144],[80.14851,8.05186],[80.14819,8.05177],[80.14807,8.0521],[80.14824,8.05232],[80.14824,8.05267],[80.14821,8.05292],[80.14804,8.053]]]}},{"type":"Feature","properties":{"c":"scrub"},"geometry":{"type":"Polygon","coordinates":[[[80.1508,8.05373],[80.15096,8.05413],[80.15117,8.05429],[80.1514,8.05421],[80.15158,8.05407],[80.15183,8.05377],[80.15183,8.05363],[80.15175,8.05351],[80.15162,8.0535],[80.15145,8.05362],[80.1508,8.05373]]]}},{"type":"Feature","properties":{"c":"scrub"},"geometry":{"type":"Polygon","coordinates":[[[80.15118,8.05475],[80.15127,8.05493],[80.1514,8.0548],[80.1514,8.05471],[80.1515,8.05465],[80.15145,8.05456],[80.15138,8.05456],[80.15124,8.05464],[80.15118,8.05475]]]}},{"type":"Feature","properties":{"c":"forest"},"geometry":{"type":"Polygon","coordinates":[[[80.15117,8.05429],[80.15138,8.05456],[80.15145,8.05456],[80.1515,8.05465],[80.1514,8.05471],[80.1514,8.0548],[80.15127,8.05493],[80.15155,8.05527],[80.15185,8.05499],[80.1519,8.05473],[80.15224,8.05436],[80.15168,8.05393],[80.1514,8.05421],[80.15117,8.05429]]]}},{"type":"Feature","properties":{"c":"scrub"},"geometry":{"type":"Polygon","coordinates":[[[80.1468,8.05626],[80.14712,8.0566],[80.14744,8.05632],[80.14723,8.05617],[80.14742,8.05579],[80.14766,8.05582],[80.14776,8.05605],[80.14806,8.05609],[80.14842,8.05605],[80.14868,8.05617],[80.14885,8.05639],[80.14902,8.05687],[80.14918,8.05745],[80.14914,8.05769],[80.14918,8.05789],[80.14937,8.05851],[80.14946,8.05849],[80.14922,8.05772],[80.14927,8.05747],[80.14922,8.0572],[80.14884,8.05616],[80.14869,8.05605],[80.14858,8.05583],[80.14859,8.05547],[80.14845,8.055],[80.14841,8.05453],[80.14834,8.05443],[80.14807,8.05433],[80.14784,8.05535],[80.14739,8.05531],[80.14718,8.05585],[80.14707,8.05601],[80.1468,8.05626]]]}},{"type":"Feature","properties":{"c":"scrub"},"geometry":{"type":"Polygon","coordinates":[[[80.14677,8.05354],[80.14714,8.05382],[80.14701,8.05398],[80.14703,8.05413],[80.14735,8.05457],[80.14738,8.05482],[80.14751,8.05487],[80.14768,8.05424],[80.14807,8.05433],[80.14813,8.05394],[80.1485,8.05388],[80.1486,8.05368],[80.14853,8.05345],[80.14833,8.05316],[80.14815,8.0532],[80.14804,8.053],[80.14821,8.05292],[80.14824,8.05267],[80.14824,8.05232],[80.14807,8.0521],[80.14783,8.05201],[80.14768,8.05212],[80.14755,8.05233],[80.14734,8.05233],[80.14743,8.05303],[80.14756,8.05303],[80.14761,8.05338],[80.14747,8.05359],[80.14716,8.05328],[80.14686,8.05322],[80.14677,8.05354]]]}},{"type":"Feature","properties":{"c":"forest"},"geometry":{"type":"Polygon","coordinates":[[[80.14626,8.0503],[80.14644,8.05067],[80.14659,8.05061],[80.14674,8.05075],[80.14663,8.05109],[80.14669,8.05117],[80.14713,8.0514],[80.14734,8.05233],[80.14755,8.05233],[80.14768,8.05212],[80.14783,8.05201],[80.14807,8.0521],[80.14828,8.05144],[80.14815,8.05135],[80.14848,8.05064],[80.14842,8.05062],[80.14874,8.04986],[80.14858,8.0498],[80.14877,8.04884],[80.14778,8.0488],[80.14748,8.0487],[80.1473,8.04878],[80.14735,8.04894],[80.14721,8.04899],[80.14715,8.0493],[80.14706,8.0494],[80.1474,8.04954],[80.14771,8.04974],[80.14772,8.04979],[80.14757,8.04998],[80.14748,8.04992],[80.14727,8.05001],[80.14717,8.05016],[80.14654,8.05035],[80.14626,8.0503]]]}},{"type":"Feature","properties":{"c":"forest"},"geometry":{"type":"Polygon","coordinates":[[[80.12542,8.08186],[80.12853,8.08194],[80.1352,8.08201],[80.13522,8.07901],[80.13517,8.07625],[80.13434,8.07623],[80.1342,8.07629],[80.13424,8.07638],[80.13419,8.07651],[80.13386,8.07646],[80.13381,8.07627],[80.13401,8.07562],[80.134,8.07542],[80.13374,8.07523],[80.13347,8.07454],[80.13354,8.07386],[80.13367,8.07382],[80.13385,8.07388],[80.13398,8.07397],[80.13419,8.07449],[80.13432,8.07459],[80.13458,8.07504],[80.13453,8.07355],[80.13422,8.07358],[80.13422,8.07349],[80.1335,8.0735],[80.13332,8.07327],[80.13328,8.07313],[80.13293,8.07315],[80.13263,8.07357],[80.13243,8.07339],[80.13211,8.07326],[80.13186,8.07332],[80.13185,8.07342],[80.13196,8.07362],[80.13193,8.07377],[80.13186,8.0738],[80.13197,8.07428],[80.13143,8.07463],[80.13022,8.07525],[80.12973,8.07527],[80.13003,8.07571],[80.13017,8.0764],[80.13017,8.07689],[80.13008,8.07763],[80.12946,8.0781],[80.12874,8.07827],[80.12804,8.07834],[80.12779,8.07857],[80.12797,8.07919],[80.1288,8.07976],[80.12881,8.08027],[80.12842,8.08065],[80.12764,8.08089],[80.12666,8.08084],[80.12586,8.08058],[80.12572,8.08094],[80.12582,8.08099],[80.12587,8.0811],[80.12562,8.08165],[80.12542,8.08186]]]}},{"type":"Feature","properties":{"c":"forest"},"geometry":{"type":"Polygon","coordinates":[[[80.13517,8.07625],[80.13522,8.07901],[80.1352,8.08201],[80.13646,8.08272],[80.13655,8.08263],[80.13679,8.08257],[80.13667,8.08235],[80.13666,8.08217],[80.13657,8.08195],[80.13648,8.0818],[80.13637,8.08176],[80.13639,8.08163],[80.13667,8.08119],[80.13682,8.08107],[80.13687,8.08109],[80.13695,8.08126],[80.13702,8.08128],[80.13717,8.08106],[80.13734,8.08098],[80.13742,8.08059],[80.13768,8.08062],[80.13775,8.08033],[80.13794,8.08025],[80.13804,8.08029],[80.13806,8.08036],[80.13814,8.08039],[80.13831,8.08065],[80.13845,8.08068],[80.13877,8.08058],[80.13867,8.08054],[80.13854,8.08028],[80.1384,8.07956],[80.13791,8.07957],[80.13783,8.07963],[80.13771,8.07963],[80.13761,8.07961],[80.13755,8.07953],[80.13738,8.07961],[80.13737,8.07968],[80.13748,8.07983],[80.13746,8.0799],[80.13735,8.07989],[80.13719,8.07978],[80.13722,8.07972],[80.13709,8.07954],[80.13714,8.07943],[80.13726,8.07939],[80.13605,8.07611],[80.13517,8.07625]]]}},{"type":"Feature","properties":{"c":"meadow"},"geometry":{"type":"Polygon","coordinates":[[[80.13768,8.08062],[80.13795,8.0807],[80.13805,8.08062],[80.13831,8.08065],[80.13814,8.08039],[80.13806,8.08036],[80.13804,8.08029],[80.13794,8.08025],[80.13775,8.08033],[80.13768,8.08062]]]}},{"type":"Feature","properties":{"c":"meadow"},"geometry":{"type":"Polygon","coordinates":[[[80.13709,8.07954],[80.13722,8.07972],[80.13719,8.07978],[80.13735,8.07989],[80.13746,8.0799],[80.13748,8.07983],[80.13737,8.07968],[80.13738,8.07961],[80.13755,8.07953],[80.13761,8.07961],[80.13783,8.07963],[80.13791,8.07957],[80.13809,8.07956],[80.13811,8.07943],[80.13806,8.07933],[80.13795,8.07926],[80.13784,8.07927],[80.13771,8.07939],[80.13752,8.07933],[80.13744,8.07938],[80.1372,8.0794],[80.13709,8.07954]]]}},{"type":"Feature","properties":{"c":"meadow"},"geometry":{"type":"Polygon","coordinates":[[[80.13918,8.07921],[80.1392,8.0794],[80.1394,8.07993],[80.1396,8.07968],[80.13933,8.07918],[80.13918,8.07921]]]}},{"type":"Feature","properties":{"c":"meadow"},"geometry":{"type":"Polygon","coordinates":[[[80.13976,8.07868],[80.13979,8.07881],[80.1399,8.07884],[80.14026,8.07877],[80.14041,8.07866],[80.14041,8.0786],[80.14029,8.07853],[80.14024,8.07844],[80.13976,8.07868]]]}},{"type":"Feature","properties":{"c":"forest"},"geometry":{"type":"Polygon","coordinates":[[[80.13605,8.07611],[80.13726,8.07939],[80.13744,8.07938],[80.13752,8.07933],[80.13771,8.07939],[80.13784,8.07927],[80.13795,8.07926],[80.13806,8.07933],[80.13811,8.07943],[80.13809,8.07956],[80.1384,8.07956],[80.13824,8.07901],[80.13828,8.07897],[80.13907,8.0789],[80.1392,8.07899],[80.13918,8.07921],[80.13933,8.07918],[80.13979,8.07881],[80.13976,8.07868],[80.14024,8.07844],[80.1449,8.07776],[80.14638,8.07697],[80.14684,8.07695],[80.14738,8.07679],[80.1479,8.07652],[80.14843,8.07642],[80.1487,8.0763],[80.14873,8.07612],[80.14956,8.07564],[80.15017,8.0754],[80.15057,8.07504],[80.15083,8.07441],[80.15107,8.07428],[80.15129,8.07397],[80.15129,8.07382],[80.15146,8.07368],[80.15172,8.07363],[80.15219,8.07344],[80.15262,8.07312],[80.15393,8.07256],[80.15492,8.07242],[80.15552,8.07241],[80.15633,8.07207],[80.15719,8.07123],[80.15771,8.06921],[80.15813,8.06877],[80.1582,8.06821],[80.1587,8.06701],[80.15839,8.06506],[80.15843,8.0648],[80.15856,8.0646],[80.15857,8.06439],[80.15791,8.06403],[80.15752,8.06391],[80.15749,8.0638],[80.15755,8.0637],[80.15778,8.06378],[80.15834,8.06377],[80.15859,8.06362],[80.15865,8.06344],[80.15859,8.06328],[80.15814,8.06312],[80.15792,8.06292],[80.1576,8.06275],[80.15676,8.06251],[80.15615,8.06245],[80.15595,8.06231],[80.15588,8.06174],[80.15565,8.0615],[80.15395,8.06053],[80.15366,8.06028],[80.15362,8.06002],[80.1529,8.05977],[80.15066,8.05964],[80.151,8.06029],[80.15113,8.06391],[80.15074,8.06424],[80.15001,8.06466],[80.14987,8.06445],[80.14993,8.06419],[80.14833,8.06112],[80.14817,8.06106],[80.14812,8.06092],[80.1476,8.06096],[80.14757,8.06088],[80.14739,8.06082],[80.1472,8.06082],[80.14685,8.06098],[80.14656,8.06103],[80.14662,8.06126],[80.14654,8.06134],[80.14629,8.06142],[80.14613,8.06139],[80.14603,8.06148],[80.14594,8.06144],[80.1458,8.06159],[80.14573,8.06175],[80.14574,8.06184],[80.14589,8.06188],[80.14593,8.06197],[80.14534,8.06207],[80.14482,8.0625],[80.1447,8.06246],[80.14505,8.06209],[80.14519,8.06187],[80.14522,8.06172],[80.14499,8.06167],[80.1446,8.0614],[80.14454,8.06126],[80.14426,8.06111],[80.14418,8.06117],[80.14389,8.06113],[80.14282,8.06129],[80.14244,8.06124],[80.1422,8.06112],[80.142,8.06136],[80.14152,8.06141],[80.14113,8.06153],[80.14083,8.06149],[80.14071,8.06157],[80.14069,8.06182],[80.14058,8.06206],[80.14042,8.06219],[80.14023,8.06224],[80.13963,8.06211],[80.13945,8.06217],[80.13917,8.06242],[80.13925,8.06274],[80.13922,8.06291],[80.13942,8.06314],[80.13943,8.06344],[80.13933,8.06363],[80.13937,8.06375],[80.13944,8.06382],[80.13961,8.06391],[80.13972,8.06389],[80.14,8.06328],[80.1404,8.06288],[80.14085,8.06297],[80.14104,8.06343],[80.14133,8.0636],[80.14104,8.06402],[80.14059,8.06437],[80.14047,8.06465],[80.14079,8.06581],[80.14084,8.06687],[80.14077,8.06688],[80.14094,8.06755],[80.14093,8.06816],[80.1407,8.06818],[80.14049,8.06827],[80.14073,8.06881],[80.14087,8.06982],[80.14109,8.06986],[80.14092,8.07016],[80.14074,8.07032],[80.14053,8.07046],[80.14015,8.07051],[80.14013,8.07039],[80.14002,8.07035],[80.13999,8.07021],[80.14018,8.07006],[80.1401,8.06984],[80.13996,8.06973],[80.13956,8.06975],[80.13943,8.06978],[80.13934,8.06988],[80.1391,8.06991],[80.13914,8.07215],[80.13903,8.07365],[80.13786,8.07466],[80.13605,8.07611]]]}},{"type":"Feature","properties":{"c":"scrub"},"geometry":{"type":"Polygon","coordinates":[[[80.13677,8.08248],[80.13679,8.08257],[80.13829,8.08205],[80.13827,8.08198],[80.13749,8.08228],[80.13677,8.08248]]]}},{"type":"Feature","properties":{"c":"forest"},"geometry":{"type":"Polygon","coordinates":[[[80.13777,8.08113],[80.13794,8.08127],[80.13827,8.08198],[80.13832,8.08195],[80.13838,8.08201],[80.13834,8.08255],[80.13862,8.08267],[80.13883,8.08261],[80.1391,8.08242],[80.1391,8.08228],[80.13955,8.08208],[80.13963,8.08216],[80.13984,8.08224],[80.13994,8.08219],[80.14428,8.08197],[80.14424,8.08163],[80.14406,8.08118],[80.14409,8.08101],[80.14396,8.08038],[80.14404,8.08024],[80.14437,8.08016],[80.1443,8.07942],[80.14413,8.07951],[80.14403,8.07947],[80.14397,8.07925],[80.14362,8.07915],[80.14343,8.07929],[80.14297,8.07939],[80.14284,8.07936],[80.14281,8.07918],[80.14259,8.07914],[80.14254,8.07906],[80.14256,8.07898],[80.14267,8.07889],[80.14286,8.07885],[80.14303,8.07885],[80.14333,8.07903],[80.14345,8.07903],[80.14377,8.07887],[80.14387,8.07872],[80.14421,8.07865],[80.14463,8.07868],[80.14493,8.07856],[80.14481,8.07777],[80.14024,8.07844],[80.14029,8.07853],[80.14041,8.0786],[80.14041,8.07866],[80.14026,8.07877],[80.1399,8.07884],[80.13979,8.07881],[80.13933,8.07918],[80.1396,8.07968],[80.13912,8.08036],[80.13861,8.08065],[80.13845,8.08068],[80.13798,8.08064],[80.13798,8.08082],[80.13777,8.08113]]]}},{"type":"Feature","properties":{"c":"forest"},"geometry":{"type":"Polygon","coordinates":[[[80.14674,8.07998],[80.14689,8.08063],[80.14735,8.08121],[80.14785,8.08136],[80.14837,8.08164],[80.14884,8.0817],[80.14922,8.08167],[80.15038,8.0814],[80.15097,8.08117],[80.15142,8.08087],[80.15185,8.08049],[80.15229,8.07987],[80.15281,8.0789],[80.15282,8.07857],[80.15268,8.07821],[80.15245,8.07804],[80.15179,8.07809],[80.15145,8.07857],[80.15103,8.07901],[80.15037,8.07944],[80.14993,8.07961],[80.14873,8.07984],[80.14841,8.07982],[80.14796,8.07938],[80.14701,8.07934],[80.14688,8.07955],[80.14674,8.07998]]]}},{"type":"Feature","properties":{"c":"scrub"},"geometry":{"type":"Polygon","coordinates":[[[80.1443,8.07942],[80.14437,8.08016],[80.14446,8.08037],[80.14459,8.08048],[80.14472,8.08077],[80.14476,8.0812],[80.14489,8.08131],[80.14515,8.08134],[80.14505,8.08159],[80.14505,8.08173],[80.14512,8.08185],[80.14837,8.08164],[80.14785,8.08136],[80.14735,8.08121],[80.14689,8.08063],[80.14674,8.07998],[80.14688,8.07955],[80.14701,8.07934],[80.14796,8.07938],[80.14841,8.07982],[80.14873,8.07984],[80.14993,8.07961],[80.15037,8.07944],[80.15103,8.07901],[80.15145,8.07857],[80.15179,8.07809],[80.15245,8.07804],[80.15268,8.07821],[80.15282,8.07857],[80.15281,8.0789],[80.15229,8.07987],[80.15185,8.08049],[80.15142,8.08087],[80.15097,8.08117],[80.15127,8.0816],[80.15167,8.08172],[80.15205,8.08171],[80.15252,8.08084],[80.15328,8.07978],[80.15361,8.07888],[80.15409,8.07837],[80.15429,8.07796],[80.15395,8.07724],[80.15371,8.07688],[80.15366,8.07668],[80.15395,8.07604],[80.15398,8.0751],[80.1538,8.07425],[80.15354,8.07344],[80.15319,8.07288],[80.15262,8.07312],[80.15219,8.07344],[80.15172,8.07363],[80.15146,8.07368],[80.15129,8.07382],[80.15129,8.07397],[80.15107,8.07428],[80.15083,8.07441],[80.15057,8.07504],[80.15017,8.0754],[80.14956,8.07564],[80.14873,8.07612],[80.1487,8.0763],[80.14843,8.07642],[80.1479,8.07652],[80.14738,8.07679],[80.14684,8.07695],[80.14638,8.07697],[80.1449,8.07776],[80.14481,8.07777],[80.14485,8.07824],[80.14493,8.07844],[80.14491,8.07864],[80.14477,8.07875],[80.1447,8.07903],[80.1446,8.07918],[80.1443,8.07942]]]}},{"type":"Feature","properties":{"c":"scrub"},"geometry":{"type":"Polygon","coordinates":[[[80.15461,8.07975],[80.15472,8.07983],[80.15565,8.07985],[80.15579,8.07999],[80.15579,8.08024],[80.15529,8.08071],[80.1553,8.08083],[80.1557,8.08155],[80.15608,8.0821],[80.15713,8.08206],[80.15752,8.08193],[80.1576,8.08166],[80.15722,8.08095],[80.15718,8.08053],[80.15749,8.08015],[80.15762,8.07983],[80.15756,8.07957],[80.15738,8.07927],[80.15726,8.07888],[80.15712,8.07864],[80.15677,8.07847],[80.15664,8.07824],[80.15679,8.07784],[80.15722,8.07739],[80.15742,8.07709],[80.15738,8.07687],[80.1572,8.07671],[80.15707,8.07668],[80.15634,8.07674],[80.15625,8.07662],[80.15625,8.07643],[80.15617,8.07641],[80.156,8.07648],[80.15589,8.07667],[80.15545,8.07707],[80.1549,8.07773],[80.15464,8.07792],[80.15472,8.07816],[80.15488,8.07824],[80.15555,8.07819],[80.15564,8.07829],[80.15554,8.07843],[80.15529,8.07846],[80.15481,8.07876],[80.15475,8.07902],[80.15481,8.07923],[80.15478,8.07945],[80.15469,8.07953],[80.15461,8.07975]]]}},{"type":"Feature","properties":{"c":"forest"},"geometry":{"type":"Polygon","coordinates":[[[80.15205,8.08171],[80.15415,8.08199],[80.15608,8.0821],[80.1557,8.08155],[80.1553,8.08083],[80.15529,8.08071],[80.15579,8.08024],[80.15579,8.07999],[80.15565,8.07985],[80.15472,8.07983],[80.15461,8.07975],[80.15469,8.07953],[80.15478,8.07945],[80.15481,8.07923],[80.15475,8.07902],[80.15481,8.07876],[80.15529,8.07846],[80.15554,8.07843],[80.15564,8.07829],[80.15555,8.07819],[80.15488,8.07824],[80.15472,8.07816],[80.15464,8.07792],[80.15429,8.07796],[80.15409,8.07837],[80.15361,8.07888],[80.15328,8.07978],[80.15252,8.08084],[80.15205,8.08171]]]}},{"type":"Feature","properties":{"c":"forest"},"geometry":{"type":"Polygon","coordinates":[[[80.15319,8.07288],[80.15354,8.07344],[80.1538,8.07425],[80.15398,8.0751],[80.15395,8.07604],[80.15366,8.07668],[80.15371,8.07688],[80.15395,8.07724],[80.15429,8.07796],[80.15464,8.07792],[80.1549,8.07773],[80.15545,8.07707],[80.15589,8.07667],[80.156,8.07648],[80.15617,8.07641],[80.15625,8.07643],[80.15625,8.07662],[80.15634,8.07674],[80.15707,8.07668],[80.1572,8.07671],[80.15738,8.07687],[80.15752,8.07662],[80.15783,8.07632],[80.15842,8.07612],[80.15898,8.07613],[80.15936,8.07609],[80.15941,8.07479],[80.1596,8.07412],[80.15998,8.0733],[80.16043,8.07197],[80.16054,8.07122],[80.16052,8.07066],[80.1604,8.07043],[80.16039,8.07024],[80.16048,8.07007],[80.16032,8.06881],[80.15943,8.06896],[80.15912,8.06897],[80.1587,8.06889],[80.15862,8.06909],[80.15863,8.06946],[80.15844,8.06968],[80.15798,8.06981],[80.15789,8.07012],[80.1578,8.07027],[80.15746,8.07025],[80.15719,8.07123],[80.15633,8.07207],[80.15552,8.07241],[80.15492,8.07242],[80.15393,8.07256],[80.15319,8.07288]]]}},{"type":"Feature","properties":{"c":"forest"},"geometry":{"type":"Polygon","coordinates":[[[80.15703,8.0614],[80.15727,8.06235],[80.15738,8.06247],[80.15782,8.06261],[80.15822,8.06297],[80.15887,8.06312],[80.15915,8.06304],[80.15936,8.06308],[80.15976,8.06303],[80.16,8.0629],[80.16027,8.06264],[80.15986,8.06216],[80.15953,8.06207],[80.15913,8.06208],[80.15881,8.06214],[80.15869,8.06219],[80.15846,8.06251],[80.1583,8.06241],[80.15828,8.06196],[80.15813,8.06156],[80.15793,8.06134],[80.15703,8.0614]]]}},{"type":"Feature","properties":{"c":"scrub"},"geometry":{"type":"Polygon","coordinates":[[[80.15588,8.06174],[80.15595,8.06231],[80.15615,8.06245],[80.15676,8.06251],[80.1576,8.06275],[80.15792,8.06292],[80.15814,8.06312],[80.15859,8.06328],[80.15865,8.06344],[80.15859,8.06362],[80.15834,8.06377],[80.15778,8.06378],[80.15755,8.0637],[80.15749,8.0638],[80.15752,8.06391],[80.15791,8.06403],[80.15857,8.06439],[80.15861,8.06436],[80.15849,8.06403],[80.1587,8.06341],[80.15875,8.06337],[80.15891,8.06334],[80.15903,8.06338],[80.15929,8.06356],[80.15954,8.06381],[80.15985,8.06426],[80.15991,8.06424],[80.16007,8.06366],[80.16032,8.06323],[80.16071,8.06347],[80.16078,8.06309],[80.16061,8.0626],[80.16047,8.06254],[80.16038,8.06255],[80.16019,8.06269],[80.16,8.0629],[80.15976,8.06303],[80.15936,8.06308],[80.15915,8.06304],[80.15887,8.06312],[80.15822,8.06297],[80.15782,8.06261],[80.15738,8.06247],[80.15727,8.06235],[80.15703,8.0614],[80.15603,8.06156],[80.15588,8.06174]]]}},{"type":"Feature","properties":{"c":"scrub"},"geometry":{"type":"Polygon","coordinates":[[[80.15793,8.06134],[80.15813,8.06156],[80.15828,8.06196],[80.1583,8.06241],[80.15846,8.06251],[80.15869,8.06219],[80.15913,8.06208],[80.1589,8.06202],[80.15864,8.06173],[80.15848,8.06144],[80.15834,8.06135],[80.15814,8.06127],[80.15793,8.06134]]]}},{"type":"Feature","properties":{"c":"forest"},"geometry":{"type":"Polygon","coordinates":[[[80.15818,8.06836],[80.15837,8.0685],[80.15831,8.06862],[80.15841,8.06882],[80.15912,8.06897],[80.15909,8.06875],[80.15918,8.06839],[80.15979,8.06841],[80.15986,8.06858],[80.15996,8.06865],[80.1605,8.06882],[80.16122,8.06897],[80.1613,8.0689],[80.16145,8.06858],[80.16165,8.06862],[80.16192,8.06854],[80.16208,8.06855],[80.16195,8.0683],[80.16188,8.06801],[80.16156,8.06752],[80.16144,8.06718],[80.16123,8.06682],[80.16095,8.0666],[80.16076,8.06635],[80.16061,8.06603],[80.16046,8.06552],[80.16041,8.06513],[80.16016,8.06486],[80.15991,8.06424],[80.15985,8.06426],[80.15954,8.06381],[80.15929,8.06356],[80.15891,8.06334],[80.1587,8.06341],[80.15849,8.06403],[80.15861,8.06436],[80.15869,8.06437],[80.15877,8.06456],[80.15878,8.06468],[80.15854,8.06493],[80.15854,8.06503],[80.15865,8.06551],[80.15884,8.06572],[80.15868,8.06587],[80.15867,8.06597],[80.15874,8.06626],[80.15882,8.06706],[80.1587,8.06701],[80.1582,8.06821],[80.15818,8.06836]]]}},{"type":"Feature","properties":{"c":"scrub"},"geometry":{"type":"Polygon","coordinates":[[[80.15839,8.06506],[80.1587,8.06701],[80.15882,8.06706],[80.15874,8.06626],[80.15867,8.06597],[80.15868,8.06587],[80.15884,8.06572],[80.15865,8.06551],[80.15854,8.06503],[80.15854,8.06493],[80.15878,8.06468],[80.15869,8.06437],[80.15857,8.06439],[80.15856,8.0646],[80.15843,8.0648],[80.15839,8.06506]]]}},{"type":"Feature","properties":{"c":"scrub"},"geometry":{"type":"Polygon","coordinates":[[[80.15746,8.07025],[80.1578,8.07027],[80.15789,8.07012],[80.15798,8.06981],[80.15844,8.06968],[80.15863,8.06946],[80.15862,8.06909],[80.1587,8.06889],[80.15841,8.06882],[80.15831,8.06862],[80.15837,8.0685],[80.15818,8.06836],[80.15813,8.06877],[80.15771,8.06921],[80.15746,8.07025]]]}},{"type":"Feature","properties":{"c":"scrub"},"geometry":{"type":"Polygon","coordinates":[[[80.15909,8.06875],[80.15912,8.06897],[80.15982,8.06892],[80.16033,8.06878],[80.15996,8.06865],[80.15986,8.06858],[80.15979,8.06841],[80.15961,8.06839],[80.15918,8.06839],[80.15909,8.06875]]]}},{"type":"Feature","properties":{"c":"scrub"},"geometry":{"type":"Polygon","coordinates":[[[80.16081,8.06889],[80.16107,8.06904],[80.16141,8.06937],[80.162,8.06977],[80.16202,8.06969],[80.16188,8.06951],[80.16213,8.0687],[80.16208,8.06855],[80.16192,8.06854],[80.16165,8.06862],[80.16145,8.06858],[80.1613,8.0689],[80.16122,8.06897],[80.16081,8.06889]]]}},{"type":"Feature","properties":{"c":"farmland"},"geometry":{"type":"Polygon","coordinates":[[[80.15991,8.06424],[80.16016,8.06486],[80.16056,8.0653],[80.1609,8.06584],[80.16094,8.06616],[80.16109,8.06627],[80.16123,8.06617],[80.16125,8.06603],[80.16136,8.06595],[80.16157,8.06588],[80.16227,8.0659],[80.16254,8.06631],[80.16276,8.06638],[80.16337,8.06586],[80.16348,8.06586],[80.16359,8.06533],[80.16374,8.06504],[80.16216,8.06435],[80.16046,8.06329],[80.16032,8.06323],[80.16022,8.06335],[80.16001,8.06383],[80.15991,8.06424]]]}},{"type":"Feature","properties":{"c":"scrub"},"geometry":{"type":"Polygon","coordinates":[[[80.16166,8.06402],[80.16216,8.06435],[80.16374,8.06504],[80.16359,8.06533],[80.16348,8.06586],[80.16363,8.06594],[80.16423,8.06446],[80.16428,8.06417],[80.16427,8.06282],[80.1641,8.06237],[80.16403,8.06241],[80.16415,8.06265],[80.16418,8.06289],[80.16418,8.06383],[80.1641,8.06441],[80.16401,8.06452],[80.16389,8.06442],[80.16378,8.06406],[80.16355,8.06395],[80.16293,8.06393],[80.16281,8.06383],[80.16279,8.06346],[80.16249,8.06282],[80.16242,8.06332],[80.16231,8.06347],[80.16204,8.06363],[80.16166,8.06402]]]}},{"type":"Feature","properties":{"c":"forest"},"geometry":{"type":"Polygon","coordinates":[[[80.16244,8.06265],[80.16279,8.06346],[80.16281,8.06383],[80.16293,8.06393],[80.16355,8.06395],[80.16378,8.06406],[80.16389,8.06442],[80.16401,8.06452],[80.1641,8.06441],[80.16415,8.06426],[80.1642,8.06325],[80.16415,8.06265],[80.16396,8.06228],[80.16384,8.06241],[80.1637,8.06243],[80.16361,8.06237],[80.16344,8.06235],[80.16297,8.0624],[80.16261,8.06251],[80.16254,8.06262],[80.16244,8.06265]]]}},{"type":"Feature","properties":{"c":"forest"},"geometry":{"type":"Polygon","coordinates":[[[80.16384,8.06185],[80.16403,8.06208],[80.16449,8.06181],[80.16458,8.06167],[80.16467,8.06171],[80.16467,8.06182],[80.16483,8.06182],[80.1648,8.06168],[80.16493,8.06159],[80.16533,8.06145],[80.16557,8.06142],[80.16559,8.06135],[80.16549,8.06128],[80.16493,8.06126],[80.16467,8.06114],[80.16432,8.06108],[80.16398,8.06108],[80.16392,8.06128],[80.16427,8.06135],[80.1643,8.06147],[80.16413,8.06169],[80.16384,8.06185]]]}},{"type":"Feature","properties":{"c":"scrub"},"geometry":{"type":"Polygon","coordinates":[[[80.16216,8.06189],[80.16227,8.06249],[80.1624,8.06255],[80.16244,8.06265],[80.16254,8.06262],[80.16261,8.06251],[80.16297,8.0624],[80.16344,8.06235],[80.16361,8.06237],[80.1637,8.06243],[80.16384,8.06241],[80.16396,8.06228],[80.16403,8.06241],[80.16439,8.0622],[80.16501,8.06195],[80.16515,8.06181],[80.16517,8.06168],[80.16526,8.06157],[80.16555,8.0616],[80.16557,8.06142],[80.16533,8.06145],[80.16493,8.06159],[80.1648,8.06168],[80.16483,8.06182],[80.16467,8.06182],[80.16467,8.06171],[80.16458,8.06167],[80.16449,8.06181],[80.16403,8.06208],[80.16384,8.06185],[80.16413,8.06169],[80.1643,8.06147],[80.16427,8.06135],[80.16392,8.06128],[80.16388,8.06139],[80.16352,8.06148],[80.16342,8.06141],[80.16337,8.06167],[80.16326,8.06186],[80.16305,8.06196],[80.16276,8.06194],[80.16266,8.06189],[80.16259,8.06177],[80.16242,8.06174],[80.16225,8.06179],[80.16216,8.06189]]]}},{"type":"Feature","properties":{"c":"scrub"},"geometry":{"type":"Polygon","coordinates":[[[80.16398,8.06108],[80.16432,8.06108],[80.16467,8.06114],[80.16493,8.06126],[80.16549,8.06128],[80.16559,8.06135],[80.16555,8.0616],[80.16586,8.06159],[80.16596,8.06155],[80.16598,8.06144],[80.16586,8.06127],[80.16588,8.06088],[80.1654,8.06066],[80.16531,8.06065],[80.16515,8.06091],[80.16452,8.06078],[80.16446,8.06085],[80.16433,8.06085],[80.16402,8.06095],[80.16398,8.06108]]]}},{"type":"Feature","properties":{"c":"farmland"},"geometry":{"type":"Polygon","coordinates":[[[80.16583,8.07358],[80.16745,8.07451],[80.16752,8.0744],[80.16742,8.07422],[80.16776,8.07404],[80.16816,8.07439],[80.16859,8.07425],[80.16818,8.0733],[80.16789,8.07278],[80.16778,8.07267],[80.16785,8.07262],[80.16754,8.07214],[80.1665,8.07284],[80.16583,8.07358]]]}},{"type":"Feature","properties":{"c":"farmland"},"geometry":{"type":"Polygon","coordinates":[[[80.16755,8.0777],[80.16794,8.07846],[80.16826,8.07933],[80.16838,8.0793],[80.16845,8.07939],[80.16879,8.07932],[80.16883,8.07961],[80.16861,8.07967],[80.16862,8.07994],[80.16839,8.07996],[80.16852,8.08055],[80.16886,8.0805],[80.16913,8.08142],[80.16925,8.08158],[80.16903,8.08184],[80.16923,8.0822],[80.16937,8.0821],[80.16957,8.08238],[80.16945,8.08249],[80.16976,8.08295],[80.16978,8.08323],[80.16994,8.08327],[80.17024,8.08355],[80.17058,8.08339],[80.17045,8.08258],[80.1705,8.0823],[80.17038,8.08208],[80.1705,8.082],[80.17088,8.08188],[80.17089,8.08177],[80.17099,8.08174],[80.17108,8.0814],[80.17061,8.08123],[80.17072,8.08087],[80.17072,8.0807],[80.1703,8.08061],[80.16995,8.08047],[80.1699,8.08063],[80.16979,8.08061],[80.16976,8.08043],[80.16959,8.0804],[80.16955,8.08016],[80.16967,8.08003],[80.1696,8.07951],[80.16969,8.07941],[80.16949,8.07877],[80.16931,8.07874],[80.16932,8.07865],[80.16968,8.0786],[80.16955,8.0779],[80.16956,8.07767],[80.16968,8.07767],[80.16967,8.07788],[80.16979,8.07823],[80.16992,8.0782],[80.17013,8.07798],[80.1702,8.07784],[80.17032,8.07729],[80.17007,8.07718],[80.16979,8.07718],[80.16979,8.07726],[80.16845,8.07725],[80.16827,8.0773],[80.1682,8.0774],[80.16755,8.0777]]]}},{"type":"Feature","properties":{"c":"scrub"},"geometry":{"type":"Polygon","coordinates":[[[80.16035,8.07578],[80.16041,8.07588],[80.16061,8.07579],[80.16075,8.07548],[80.1609,8.07543],[80.16093,8.07528],[80.16127,8.07489],[80.16139,8.07454],[80.16188,8.074],[80.16215,8.07347],[80.16252,8.0732],[80.1626,8.07319],[80.1627,8.07327],[80.16269,8.0731],[80.1628,8.07291],[80.16298,8.07282],[80.16299,8.0727],[80.16318,8.07268],[80.16352,8.07303],[80.16363,8.07327],[80.16371,8.07379],[80.16379,8.07376],[80.16369,8.07299],[80.1636,8.07287],[80.16365,8.07258],[80.16345,8.07244],[80.1632,8.07239],[80.16307,8.07237],[80.16281,8.07244],[80.1626,8.07265],[80.16242,8.07302],[80.1623,8.07315],[80.16195,8.07328],[80.16145,8.07375],[80.16128,8.07412],[80.16116,8.07464],[80.16099,8.0747],[80.16094,8.07486],[80.16095,8.07505],[80.16085,8.07525],[80.16065,8.07526],[80.16059,8.07549],[80.16035,8.07578]]]}},{"type":"Feature","properties":{"c":"scrub"},"geometry":{"type":"Polygon","coordinates":[[[80.15936,8.07609],[80.15939,8.07622],[80.15969,8.07606],[80.15957,8.07581],[80.15965,8.07555],[80.15955,8.0753],[80.15955,8.07494],[80.15996,8.07372],[80.16035,8.07331],[80.16023,8.07312],[80.16005,8.07304],[80.15998,8.0733],[80.1596,8.07412],[80.15941,8.07479],[80.15936,8.07609]]]}},{"type":"Feature","properties":{"c":"forest"},"geometry":{"type":"Polygon","coordinates":[[[80.15954,8.0751],[80.15955,8.0753],[80.15965,8.07555],[80.15957,8.07581],[80.15969,8.07606],[80.16035,8.07578],[80.16059,8.07549],[80.16065,8.07526],[80.16085,8.07525],[80.16095,8.07505],[80.16094,8.07486],[80.16099,8.0747],[80.16116,8.07464],[80.16128,8.07412],[80.16145,8.07375],[80.16195,8.07328],[80.1623,8.07315],[80.16242,8.07302],[80.1626,8.07265],[80.16281,8.07244],[80.16307,8.07237],[80.1632,8.07239],[80.16345,8.07244],[80.16365,8.07258],[80.1636,8.07287],[80.16369,8.07299],[80.16379,8.07376],[80.16554,8.07371],[80.16593,8.07337],[80.16625,8.07296],[80.16646,8.07281],[80.1663,8.07274],[80.1662,8.07263],[80.16616,8.07255],[80.16616,8.07229],[80.16583,8.07224],[80.16574,8.07217],[80.16569,8.07204],[80.16571,8.07194],[80.16583,8.07185],[80.16612,8.07187],[80.16625,8.07202],[80.16636,8.07206],[80.16657,8.07205],[80.16667,8.07197],[80.16673,8.07176],[80.16686,8.07174],[80.1677,8.07201],[80.16792,8.07203],[80.16803,8.06809],[80.16798,8.06654],[80.16713,8.06641],[80.16679,8.06644],[80.16655,8.06659],[80.16631,8.06664],[80.16603,8.06652],[80.1659,8.06633],[80.16579,8.06603],[80.16567,8.06589],[80.16546,8.06587],[80.16516,8.06596],[80.16493,8.06612],[80.16466,8.06611],[80.16444,8.06588],[80.16418,8.06573],[80.16376,8.0656],[80.16315,8.06729],[80.16315,8.06752],[80.16325,8.06794],[80.16302,8.0681],[80.16268,8.06813],[80.16225,8.06805],[80.16214,8.06813],[80.16213,8.06827],[80.162,8.06839],[80.16213,8.0686],[80.16213,8.0687],[80.16188,8.06951],[80.16202,8.06969],[80.162,8.06977],[80.16224,8.06991],[80.16218,8.06997],[80.16159,8.0701],[80.16137,8.07004],[80.16124,8.07011],[80.16108,8.07035],[80.16052,8.07066],[80.16054,8.07122],[80.16043,8.07197],[80.16005,8.07304],[80.16023,8.07312],[80.16035,8.07331],[80.15996,8.07372],[80.15966,8.07459],[80.15954,8.0751]]]}},{"type":"Feature","properties":{"c":"meadow"},"geometry":{"type":"Polygon","coordinates":[[[80.16554,8.07371],[80.16677,8.07583],[80.16712,8.07669],[80.16778,8.0766],[80.16828,8.07661],[80.16851,8.07651],[80.16859,8.07631],[80.16862,8.0756],[80.16856,8.0754],[80.16845,8.07536],[80.16835,8.07539],[80.16824,8.07526],[80.16814,8.0751],[80.16812,8.07494],[80.1682,8.07484],[80.16845,8.07475],[80.16853,8.07465],[80.16859,8.07425],[80.16816,8.07439],[80.16776,8.07404],[80.16742,8.07422],[80.16752,8.0744],[80.16745,8.07451],[80.16583,8.07358],[80.16621,8.07312],[80.16616,8.07308],[80.16593,8.07337],[80.16554,8.07371]]]}},{"type":"Feature","properties":{"c":"forest"},"geometry":{"type":"Polygon","coordinates":[[[80.16712,8.07669],[80.16755,8.0777],[80.1682,8.0774],[80.16827,8.0773],[80.16845,8.07725],[80.16846,8.07706],[80.16818,8.07701],[80.16811,8.07693],[80.16811,8.07686],[80.16815,8.07678],[80.16873,8.07671],[80.16885,8.07654],[80.1691,8.07594],[80.16914,8.07554],[80.16896,8.07523],[80.169,8.07465],[80.16888,8.07418],[80.16859,8.07425],[80.16853,8.07465],[80.16845,8.07475],[80.1682,8.07484],[80.16812,8.07494],[80.16814,8.0751],[80.16824,8.07526],[80.16835,8.07539],[80.16845,8.07536],[80.16856,8.0754],[80.16862,8.0756],[80.16859,8.07631],[80.16851,8.07651],[80.16828,8.07661],[80.16778,8.0766],[80.16712,8.07669]]]}},{"type":"Feature","properties":{"c":"scrub"},"geometry":{"type":"Polygon","coordinates":[[[80.16616,8.07308],[80.16621,8.07312],[80.1665,8.07284],[80.16754,8.07214],[80.16785,8.07262],[80.16778,8.07267],[80.16789,8.07278],[80.16818,8.0733],[80.16859,8.07425],[80.16888,8.07418],[80.169,8.07465],[80.16896,8.07523],[80.16914,8.07554],[80.16913,8.07566],[80.16921,8.07564],[80.16957,8.07579],[80.16969,8.07576],[80.16975,8.07568],[80.16989,8.07566],[80.17022,8.07572],[80.17066,8.07604],[80.17079,8.07623],[80.1709,8.07617],[80.17078,8.07601],[80.17057,8.07529],[80.17067,8.07502],[80.17061,8.07476],[80.17042,8.07446],[80.17037,8.07426],[80.17041,8.07414],[80.17035,8.07365],[80.17024,8.0736],[80.17016,8.07363],[80.17009,8.07377],[80.16997,8.07384],[80.16974,8.07375],[80.16957,8.07357],[80.1695,8.07342],[80.16958,8.07296],[80.16951,8.07267],[80.16943,8.07262],[80.1692,8.07254],[80.16915,8.07276],[80.16906,8.0729],[80.16909,8.07309],[80.16901,8.07318],[80.1682,8.07218],[80.16803,8.07206],[80.1677,8.07201],[80.1674,8.0719],[80.16742,8.07206],[80.16739,8.07214],[80.16625,8.07296],[80.16616,8.07308]]]}},{"type":"Feature","properties":{"c":"forest"},"geometry":{"type":"Polygon","coordinates":[[[80.16979,8.07718],[80.17021,8.07721],[80.17032,8.07729],[80.1703,8.07739],[80.17072,8.0775],[80.17105,8.07748],[80.17125,8.0773],[80.17111,8.07704],[80.17096,8.07649],[80.17066,8.07604],[80.17022,8.07572],[80.16995,8.07568],[80.16998,8.07582],[80.16994,8.07624],[80.17007,8.07666],[80.17034,8.07697],[80.17032,8.07705],[80.1698,8.07708],[80.16979,8.07718]]]}},{"type":"Feature","properties":{"c":"scrub"},"geometry":{"type":"Polygon","coordinates":[[[80.16845,8.07725],[80.16979,8.07726],[80.1698,8.07708],[80.16846,8.07706],[80.16845,8.07725]]]}},{"type":"Feature","properties":{"c":"forest"},"geometry":{"type":"Polygon","coordinates":[[[80.15936,8.07643],[80.15963,8.07713],[80.16013,8.07783],[80.1605,8.07805],[80.16108,8.07823],[80.16164,8.07833],[80.16204,8.07848],[80.16238,8.07878],[80.16251,8.07919],[80.16244,8.07933],[80.16215,8.07954],[80.16207,8.07971],[80.16207,8.07993],[80.16227,8.08009],[80.16238,8.08006],[80.16244,8.07993],[80.16261,8.0798],[80.16356,8.07941],[80.16527,8.07976],[80.16537,8.07975],[80.16543,8.07965],[80.16565,8.0788],[80.16553,8.07848],[80.16554,8.07822],[80.16571,8.07786],[80.1658,8.0778],[80.16596,8.07781],[80.16615,8.07765],[80.16623,8.07747],[80.16637,8.07749],[80.16652,8.0776],[80.16691,8.07763],[80.16741,8.07773],[80.16755,8.0777],[80.16677,8.07583],[80.16554,8.07371],[80.16371,8.07379],[80.16363,8.07327],[80.16352,8.07303],[80.16318,8.07268],[80.16299,8.0727],[80.16298,8.07282],[80.1628,8.07291],[80.16269,8.0731],[80.1627,8.07327],[80.1626,8.07319],[80.16252,8.0732],[80.16215,8.07347],[80.16188,8.074],[80.16139,8.07454],[80.16127,8.07489],[80.16093,8.07528],[80.1609,8.07543],[80.16075,8.07548],[80.16061,8.07579],[80.16041,8.07588],[80.16035,8.07578],[80.15969,8.07606],[80.15939,8.07622],[80.15936,8.07643]]]}},{"type":"Feature","properties":{"c":"meadow"},"geometry":{"type":"Polygon","coordinates":[[[80.16057,8.0828],[80.16071,8.08323],[80.16092,8.08341],[80.16137,8.08351],[80.16314,8.08364],[80.16414,8.08359],[80.1644,8.08343],[80.16518,8.0824],[80.16495,8.08239],[80.16465,8.08222],[80.1645,8.08206],[80.16446,8.08195],[80.16445,8.0818],[80.16455,8.08148],[80.16474,8.08111],[80.16484,8.08107],[80.16512,8.0813],[80.16523,8.08147],[80.16534,8.08195],[80.16543,8.08207],[80.16602,8.08222],[80.16624,8.08209],[80.16663,8.08203],[80.16723,8.08122],[80.16694,8.08064],[80.1668,8.0807],[80.16646,8.08072],[80.16635,8.08051],[80.16646,8.08054],[80.16674,8.0804],[80.16679,8.08005],[80.16705,8.08002],[80.16717,8.07994],[80.16726,8.08002],[80.16743,8.07994],[80.16763,8.07956],[80.16764,8.0794],[80.1674,8.07924],[80.16724,8.07908],[80.16714,8.0789],[80.16714,8.07875],[80.16585,8.07839],[80.16597,8.0782],[80.16631,8.07791],[80.16652,8.0776],[80.16637,8.07749],[80.16623,8.07747],[80.16607,8.07772],[80.16596,8.07781],[80.1658,8.0778],[80.16564,8.07798],[80.16554,8.07822],[80.16553,8.07848],[80.16565,8.0788],[80.16543,8.07965],[80.16537,8.07975],[80.16527,8.07976],[80.16356,8.07941],[80.16261,8.0798],[80.16244,8.07993],[80.16238,8.08006],[80.16227,8.08009],[80.16207,8.07993],[80.16188,8.08135],[80.16195,8.08171],[80.16189,8.08221],[80.1612,8.08232],[80.1608,8.08248],[80.16057,8.0828]]]}},{"type":"Feature","properties":{"c":"forest"},"geometry":{"type":"Polygon","coordinates":[[[80.16445,8.0818],[80.1645,8.08206],[80.16465,8.08222],[80.16495,8.08239],[80.16518,8.0824],[80.16541,8.08231],[80.16581,8.08242],[80.16602,8.08222],[80.16543,8.08207],[80.16534,8.08195],[80.16523,8.08147],[80.16512,8.0813],[80.16484,8.08107],[80.16474,8.08111],[80.16445,8.0818]]]}},{"type":"Feature","properties":{"c":"meadow"},"geometry":{"type":"Polygon","coordinates":[[[80.16414,8.08359],[80.16476,8.08361],[80.16505,8.08378],[80.16532,8.08406],[80.16551,8.08435],[80.166,8.08419],[80.16617,8.08402],[80.16664,8.08341],[80.16664,8.08313],[80.16653,8.08296],[80.16633,8.08285],[80.16581,8.08242],[80.16541,8.08231],[80.16518,8.0824],[80.1644,8.08343],[80.16414,8.08359]]]}},{"type":"Feature","properties":{"c":"scrub"},"geometry":{"type":"Polygon","coordinates":[[[80.16635,8.08051],[80.16646,8.08072],[80.1668,8.0807],[80.16694,8.08064],[80.16736,8.08003],[80.16751,8.07998],[80.16781,8.07994],[80.16816,8.08003],[80.16829,8.08017],[80.16843,8.08013],[80.16839,8.07996],[80.16862,8.07994],[80.16861,8.07967],[80.16883,8.07961],[80.16879,8.07932],[80.16845,8.07939],[80.16838,8.0793],[80.16826,8.07933],[80.16794,8.07846],[80.16755,8.0777],[80.16741,8.07773],[80.16724,8.07769],[80.1671,8.07833],[80.16724,8.07842],[80.16725,8.07852],[80.16722,8.07869],[80.16714,8.07875],[80.16714,8.0789],[80.1674,8.07924],[80.16764,8.0794],[80.16763,8.07956],[80.16743,8.07994],[80.16726,8.08002],[80.16717,8.07994],[80.16705,8.08002],[80.16679,8.08005],[80.16674,8.0804],[80.16646,8.08054],[80.16635,8.08051]]]}},{"type":"Feature","properties":{"c":"farmland"},"geometry":{"type":"Polygon","coordinates":[[[80.16585,8.07839],[80.16714,8.07875],[80.16724,8.07863],[80.16724,8.07842],[80.1671,8.07833],[80.16724,8.07769],[80.16652,8.0776],[80.16631,8.07791],[80.16597,8.0782],[80.16585,8.07839]]]}},{"type":"Feature","properties":{"c":"forest"},"geometry":{"type":"Polygon","coordinates":[[[80.16931,8.07874],[80.16949,8.07877],[80.16969,8.07941],[80.16985,8.07939],[80.16999,8.07915],[80.17001,8.07896],[80.17031,8.07873],[80.17028,8.07858],[80.17014,8.07853],[80.16979,8.07823],[80.16967,8.07788],[80.16968,8.07767],[80.16956,8.07767],[80.16955,8.0779],[80.16968,8.0786],[80.16932,8.07865],[80.16931,8.07874]]]}},{"type":"Feature","properties":{"c":"farmland"},"geometry":{"type":"Polygon","coordinates":[[[80.16973,8.07983],[80.16976,8.08],[80.17011,8.08001],[80.17012,8.08023],[80.17,8.08049],[80.1703,8.08061],[80.17078,8.0807],[80.1708,8.08014],[80.17048,8.08009],[80.17046,8.07994],[80.1705,8.0799],[80.17037,8.07929],[80.17026,8.07929],[80.17027,8.07916],[80.16999,8.07915],[80.16992,8.0793],[80.16996,8.07938],[80.16978,8.07953],[80.1698,8.07981],[80.16973,8.07983]]]}},{"type":"Feature","properties":{"c":"scrub"},"geometry":{"type":"Polygon","coordinates":[[[80.16955,8.08016],[80.16959,8.0804],[80.16976,8.08043],[80.16979,8.08061],[80.1699,8.08063],[80.16995,8.08047],[80.17,8.08049],[80.17012,8.08023],[80.17011,8.08001],[80.16976,8.08],[80.16973,8.07983],[80.1698,8.07981],[80.16978,8.07953],[80.16996,8.07938],[80.16992,8.0793],[80.16985,8.07939],[80.16969,8.07941],[80.1696,8.07951],[80.16967,8.08003],[80.16955,8.08016]]]}},{"type":"Feature","properties":{"c":"forest"},"geometry":{"type":"Polygon","coordinates":[[[80.16852,8.08055],[80.16884,8.08148],[80.16913,8.08142],[80.16886,8.0805],[80.16852,8.08055]]]}},{"type":"Feature","properties":{"c":"farmland"},"geometry":{"type":"Polygon","coordinates":[[[80.16785,8.08109],[80.16807,8.08117],[80.16804,8.08103],[80.1683,8.08101],[80.16834,8.08124],[80.16864,8.08121],[80.16836,8.08015],[80.16789,8.08021],[80.16789,8.081],[80.16785,8.08109]]]}},{"type":"Feature","properties":{"c":"meadow"},"geometry":{"type":"Polygon","coordinates":[[[80.16694,8.08064],[80.16723,8.08122],[80.16732,8.08113],[80.16785,8.08112],[80.16779,8.08107],[80.16787,8.08095],[80.16789,8.08021],[80.16829,8.08017],[80.16816,8.08003],[80.16781,8.07994],[80.16736,8.08003],[80.16694,8.08064]]]}},{"type":"Feature","properties":{"c":"scrub"},"geometry":{"type":"Polygon","coordinates":[[[80.16979,8.07823],[80.17014,8.07853],[80.17028,8.07858],[80.17031,8.07873],[80.17023,8.07883],[80.17004,8.07891],[80.16999,8.07915],[80.17027,8.07916],[80.17026,8.07929],[80.17037,8.07929],[80.1705,8.0799],[80.17046,8.07994],[80.17048,8.08009],[80.1708,8.08014],[80.17083,8.07996],[80.17139,8.07984],[80.17183,8.07959],[80.17191,8.07944],[80.17183,8.07929],[80.17142,8.07913],[80.17128,8.07898],[80.17129,8.07884],[80.17124,8.07867],[80.1711,8.07855],[80.17091,8.07846],[80.17072,8.07844],[80.17057,8.07832],[80.1705,8.07818],[80.17053,8.0781],[80.17063,8.07796],[80.17095,8.07782],[80.17155,8.07765],[80.17254,8.07756],[80.17251,8.07744],[80.17185,8.07752],[80.17158,8.07744],[80.17136,8.07724],[80.17117,8.07665],[80.17101,8.07631],[80.1709,8.07617],[80.17079,8.07623],[80.17096,8.07649],[80.17111,8.07704],[80.17125,8.0773],[80.17105,8.07748],[80.1709,8.07751],[80.1703,8.07739],[80.17013,8.07798],[80.16992,8.0782],[80.16979,8.07823]]]}},{"type":"Feature","properties":{"c":"meadow"},"geometry":{"type":"Polygon","coordinates":[[[80.17061,8.08123],[80.17108,8.0814],[80.17124,8.08119],[80.17147,8.08119],[80.17144,8.08075],[80.17149,8.08065],[80.17157,8.08066],[80.17161,8.08053],[80.17143,8.08045],[80.17142,8.08018],[80.17148,8.08],[80.17144,8.07981],[80.17083,8.07996],[80.17078,8.0807],[80.17072,8.0807],[80.17072,8.08087],[80.17061,8.08123]]]}},{"type":"Feature","properties":{"c":"forest"},"geometry":{"type":"Polygon","coordinates":[[[80.1705,8.07818],[80.17057,8.07832],[80.17072,8.07844],[80.17091,8.07846],[80.17124,8.07867],[80.17129,8.07884],[80.17128,8.07898],[80.17142,8.07913],[80.17183,8.07929],[80.17191,8.07944],[80.17183,8.07959],[80.17144,8.07981],[80.17148,8.08],[80.17142,8.08033],[80.17143,8.08045],[80.17161,8.08053],[80.17157,8.08066],[80.17181,8.08076],[80.17202,8.08071],[80.17211,8.08062],[80.17217,8.08032],[80.17206,8.08001],[80.17212,8.07989],[80.1722,8.07982],[80.17244,8.07979],[80.17259,8.07982],[80.1727,8.07978],[80.17288,8.07956],[80.17293,8.07927],[80.17313,8.07922],[80.1733,8.07908],[80.17351,8.07861],[80.1735,8.07842],[80.17339,8.07823],[80.17319,8.07827],[80.17294,8.07823],[80.1727,8.07836],[80.17256,8.07834],[80.17248,8.07803],[80.17254,8.07756],[80.17155,8.07765],[80.17095,8.07782],[80.17063,8.07796],[80.1705,8.07818]]]}},{"type":"Feature","properties":{"c":"scrub"},"geometry":{"type":"Polygon","coordinates":[[[80.17107,8.08145],[80.17127,8.08151],[80.17172,8.08154],[80.17195,8.0814],[80.17225,8.08142],[80.17233,8.08122],[80.17262,8.08083],[80.17272,8.08083],[80.17302,8.08062],[80.17416,8.08145],[80.17417,8.08228],[80.17465,8.08258],[80.1748,8.08265],[80.17542,8.08253],[80.17574,8.08213],[80.17578,8.08181],[80.17559,8.08158],[80.17525,8.08177],[80.17492,8.08185],[80.17482,8.08181],[80.17425,8.08142],[80.1739,8.08107],[80.17212,8.07989],[80.17206,8.08001],[80.17217,8.08032],[80.17211,8.08062],[80.17202,8.08071],[80.17181,8.08076],[80.17149,8.08065],[80.17144,8.08075],[80.17147,8.08119],[80.17124,8.08119],[80.17112,8.0813],[80.17107,8.08145]]]}},{"type":"Feature","properties":{"c":"forest"},"geometry":{"type":"Polygon","coordinates":[[[80.17369,8.07906],[80.17381,8.07926],[80.17398,8.07934],[80.17445,8.07933],[80.17487,8.0792],[80.17509,8.07921],[80.17512,8.07931],[80.17521,8.07937],[80.17533,8.07934],[80.1756,8.07902],[80.17562,8.07881],[80.17552,8.07857],[80.17539,8.07841],[80.17498,8.0782],[80.17482,8.07817],[80.17416,8.07835],[80.17399,8.07847],[80.17393,8.07872],[80.1737,8.07879],[80.17369,8.07906]]]}},{"type":"Feature","properties":{"c":"scrub"},"geometry":{"type":"Polygon","coordinates":[[[80.17248,8.07803],[80.17256,8.07834],[80.1727,8.07836],[80.17294,8.07823],[80.17319,8.07827],[80.17339,8.07823],[80.1735,8.07842],[80.17351,8.07861],[80.1733,8.07908],[80.17313,8.07922],[80.17293,8.07927],[80.17288,8.07956],[80.1727,8.07978],[80.17314,8.0796],[80.17372,8.0795],[80.17411,8.07951],[80.17455,8.07946],[80.17486,8.0795],[80.17516,8.07962],[80.17533,8.07934],[80.17521,8.07937],[80.17512,8.07931],[80.17509,8.07921],[80.17487,8.0792],[80.17445,8.07933],[80.17398,8.07934],[80.17381,8.07926],[80.17369,8.07906],[80.1737,8.07879],[80.17393,8.07872],[80.17399,8.07847],[80.17416,8.07835],[80.17482,8.07817],[80.17498,8.0782],[80.17539,8.07841],[80.17552,8.07857],[80.17562,8.07881],[80.1756,8.07902],[80.17587,8.07906],[80.17722,8.079],[80.17779,8.07907],[80.17805,8.07892],[80.17811,8.07872],[80.17811,8.07848],[80.17804,8.07828],[80.17809,8.0781],[80.17824,8.07787],[80.178,8.07772],[80.17757,8.07757],[80.17687,8.07684],[80.17648,8.07671],[80.17599,8.07671],[80.1748,8.07685],[80.17407,8.07706],[80.17374,8.07726],[80.17338,8.07735],[80.17251,8.07744],[80.17254,8.07756],[80.17248,8.07803]]]}},{"type":"Feature","properties":{"c":"farmland"},"geometry":{"type":"Polygon","coordinates":[[[80.17099,8.08174],[80.17109,8.08195],[80.17147,8.08235],[80.17162,8.08261],[80.1716,8.08274],[80.17234,8.08334],[80.1727,8.08352],[80.17264,8.08368],[80.17364,8.08401],[80.1745,8.0846],[80.17459,8.08421],[80.17456,8.0841],[80.17412,8.0837],[80.17417,8.08314],[80.17431,8.08308],[80.17458,8.08254],[80.17417,8.08228],[80.17416,8.08145],[80.17302,8.08062],[80.17272,8.08083],[80.17262,8.08083],[80.17233,8.08122],[80.17225,8.08142],[80.17195,8.0814],[80.17172,8.08154],[80.17127,8.08151],[80.17107,8.08145],[80.17099,8.08174]]]}},{"type":"Feature","properties":{"c":"scrub"},"geometry":{"type":"Polygon","coordinates":[[[80.17412,8.0837],[80.17456,8.0841],[80.17459,8.08421],[80.17475,8.08392],[80.1744,8.08369],[80.17434,8.08353],[80.17433,8.08331],[80.1748,8.08265],[80.17458,8.08254],[80.17431,8.08308],[80.17417,8.08314],[80.17412,8.0837]]]}},{"type":"Feature","properties":{"c":"scrub"},"geometry":{"type":"Polygon","coordinates":[[[80.16376,8.0656],[80.16418,8.06573],[80.16444,8.06588],[80.16466,8.06611],[80.16493,8.06612],[80.16516,8.06596],[80.16546,8.06587],[80.16567,8.06589],[80.16579,8.06603],[80.1659,8.06633],[80.16603,8.06652],[80.16631,8.06664],[80.16655,8.06659],[80.16693,8.0663],[80.16703,8.06602],[80.16701,8.06533],[80.16715,8.06468],[80.16742,8.06441],[80.1674,8.06423],[80.16713,8.06383],[80.16707,8.06358],[80.16674,8.06335],[80.16624,8.06323],[80.16609,8.06308],[80.16604,8.06279],[80.16593,8.0628],[80.16574,8.06289],[80.16556,8.06314],[80.16541,8.06348],[80.16489,8.06402],[80.16453,8.06468],[80.16427,8.06532],[80.16416,8.06543],[80.16387,8.06535],[80.16376,8.0656]]]}},{"type":"Feature","properties":{"c":"scrub"},"geometry":{"type":"Polygon","coordinates":[[[80.16041,8.06513],[80.16046,8.06552],[80.16061,8.06603],[80.16076,8.06635],[80.16095,8.0666],[80.16123,8.06682],[80.16144,8.06718],[80.16156,8.06752],[80.16188,8.06801],[80.162,8.06839],[80.16213,8.06827],[80.16214,8.06813],[80.16225,8.06805],[80.16268,8.06813],[80.16302,8.0681],[80.16325,8.06794],[80.16315,8.06752],[80.16315,8.06729],[80.16363,8.06594],[80.16348,8.06586],[80.16337,8.06586],[80.16276,8.06638],[80.16254,8.06631],[80.16227,8.0659],[80.16157,8.06588],[80.16125,8.06603],[80.16123,8.06617],[80.16109,8.06627],[80.16094,8.06616],[80.1609,8.06584],[80.16041,8.06513]]]}},{"type":"Feature","properties":{"c":"scrub"},"geometry":{"type":"Polygon","coordinates":[[[80.16977,8.06016],[80.16988,8.06036],[80.17022,8.06054],[80.17042,8.06072],[80.17079,8.06054],[80.17076,8.06049],[80.17063,8.06045],[80.17062,8.06035],[80.17054,8.0603],[80.17027,8.06039],[80.17015,8.06037],[80.17002,8.06029],[80.17005,8.06021],[80.17002,8.06016],[80.16979,8.06013],[80.16977,8.06016]]]}},{"type":"Feature","properties":{"c":"scrub"},"geometry":{"type":"Polygon","coordinates":[[[80.16994,8.06248],[80.17008,8.06272],[80.17035,8.06293],[80.17076,8.06285],[80.17091,8.06277],[80.17128,8.06242],[80.17145,8.06238],[80.17167,8.06245],[80.17182,8.06261],[80.17195,8.06265],[80.172,8.06261],[80.17183,8.06231],[80.17188,8.0622],[80.17218,8.06204],[80.17235,8.06156],[80.17276,8.06136],[80.17268,8.06124],[80.17262,8.06098],[80.17243,8.06107],[80.17247,8.06123],[80.17242,8.06136],[80.17227,8.06139],[80.17211,8.06151],[80.17191,8.06149],[80.17186,8.06132],[80.17162,8.06099],[80.171,8.06069],[80.17086,8.06067],[80.17087,8.06076],[80.17097,8.06084],[80.17097,8.06104],[80.17082,8.06171],[80.17041,8.062],[80.16994,8.06248]]]}},{"type":"Feature","properties":{"c":"scrub"},"geometry":{"type":"Polygon","coordinates":[[[80.171,8.06069],[80.17139,8.06088],[80.17145,8.06073],[80.17157,8.06066],[80.1715,8.06059],[80.17131,8.06057],[80.17127,8.06043],[80.17134,8.06035],[80.17181,8.06015],[80.17173,8.06005],[80.17158,8.06018],[80.1712,8.06005],[80.17109,8.06007],[80.17112,8.06051],[80.17108,8.06062],[80.171,8.06069]]]}},{"type":"Feature","properties":{"c":"forest"},"geometry":{"type":"Polygon","coordinates":[[[80.17127,8.06043],[80.17131,8.06057],[80.1715,8.06059],[80.17157,8.06066],[80.17145,8.06073],[80.17139,8.06088],[80.17162,8.06099],[80.17186,8.06132],[80.17191,8.06149],[80.17211,8.06151],[80.17227,8.06139],[80.17242,8.06136],[80.17247,8.06123],[80.17243,8.06107],[80.17262,8.06098],[80.17268,8.06124],[80.17276,8.06136],[80.17305,8.06138],[80.1729,8.06128],[80.17287,8.0603],[80.17258,8.06026],[80.17227,8.06015],[80.17225,8.06022],[80.17209,8.06028],[80.17195,8.06025],[80.17181,8.06015],[80.17134,8.06035],[80.17127,8.06043]]]}},{"type":"Feature","properties":{"c":"forest"},"geometry":{"type":"Polygon","coordinates":[[[80.16387,8.06535],[80.16416,8.06543],[80.16427,8.06532],[80.16453,8.06468],[80.16489,8.06402],[80.16541,8.06348],[80.16556,8.06314],[80.16574,8.06289],[80.16604,8.06279],[80.16609,8.06308],[80.16624,8.06323],[80.16674,8.06335],[80.16707,8.06358],[80.16713,8.06383],[80.1674,8.06423],[80.16742,8.06441],[80.16715,8.06468],[80.16701,8.06533],[80.16703,8.06602],[80.16693,8.0663],[80.16679,8.06644],[80.16713,8.06641],[80.16798,8.06654],[80.17019,8.0665],[80.17113,8.06605],[80.17153,8.06581],[80.17141,8.06557],[80.17124,8.06551],[80.17092,8.06551],[80.17088,8.06545],[80.17088,8.06521],[80.171,8.06482],[80.17076,8.06285],[80.17035,8.06293],[80.17008,8.06272],[80.16994,8.06248],[80.17041,8.062],[80.17082,8.06171],[80.17093,8.0613],[80.17097,8.06084],[80.17087,8.06076],[80.17079,8.06054],[80.17042,8.06072],[80.17022,8.06054],[80.16988,8.06036],[80.16977,8.06016],[80.1697,8.06012],[80.16922,8.06005],[80.16888,8.06013],[80.16856,8.06002],[80.16852,8.06009],[80.16856,8.06022],[80.16853,8.06053],[80.16835,8.06071],[80.16832,8.06086],[80.16834,8.06092],[80.16867,8.0611],[80.16871,8.0612],[80.16864,8.0613],[80.16852,8.06135],[80.16851,8.06148],[80.1682,8.06185],[80.1674,8.06173],[80.16731,8.06164],[80.16731,8.06152],[80.16767,8.06092],[80.16588,8.06088],[80.16586,8.06127],[80.16598,8.06144],[80.16596,8.06155],[80.16586,8.06159],[80.16526,8.06157],[80.16517,8.06168],[80.16515,8.06181],[80.16501,8.06195],[80.1641,8.06237],[80.16427,8.06282],[80.16428,8.06417],[80.16423,8.06446],[80.16387,8.06535]]]}},{"type":"Feature","properties":{"c":"scrub"},"geometry":{"type":"Polygon","coordinates":[[[80.17539,8.06385],[80.17542,8.06394],[80.17556,8.06388],[80.17598,8.06351],[80.17609,8.06352],[80.17617,8.06358],[80.17624,8.06371],[80.17632,8.06373],[80.17706,8.06359],[80.17769,8.0633],[80.17799,8.06307],[80.17796,8.06222],[80.17787,8.06206],[80.17767,8.06239],[80.17719,8.06254],[80.17702,8.06264],[80.17696,8.06282],[80.17643,8.06315],[80.17615,8.06317],[80.17575,8.06335],[80.17546,8.06369],[80.17539,8.06385]]]}},{"type":"Feature","properties":{"c":"scrub"},"geometry":{"type":"Polygon","coordinates":[[[80.17368,8.06296],[80.17365,8.06319],[80.17375,8.06337],[80.17394,8.0635],[80.17422,8.06348],[80.17442,8.06334],[80.17443,8.06314],[80.17431,8.06291],[80.17384,8.06291],[80.17368,8.06296]]]}},{"type":"Feature","properties":{"c":"scrub"},"geometry":{"type":"Polygon","coordinates":[[[80.17088,8.06545],[80.17092,8.06551],[80.17124,8.06551],[80.17141,8.06557],[80.17153,8.06581],[80.17185,8.06581],[80.17234,8.06527],[80.17278,8.06541],[80.17303,8.06529],[80.17318,8.06516],[80.17398,8.06512],[80.17425,8.06506],[80.17451,8.06479],[80.17464,8.06457],[80.17446,8.06443],[80.17443,8.0643],[80.17449,8.06417],[80.17457,8.06405],[80.17481,8.06406],[80.17488,8.06399],[80.1748,8.06387],[80.17465,8.06386],[80.17444,8.06375],[80.17428,8.06378],[80.17413,8.06396],[80.17412,8.06421],[80.17374,8.06452],[80.17243,8.06482],[80.17219,8.06509],[80.17177,8.06535],[80.1715,8.0653],[80.17124,8.06515],[80.17099,8.06482],[80.17088,8.06521],[80.17088,8.06545]]]}},{"type":"Feature","properties":{"c":"forest"},"geometry":{"type":"Polygon","coordinates":[[[80.17076,8.06285],[80.171,8.06482],[80.17124,8.06515],[80.1715,8.0653],[80.17177,8.06535],[80.17219,8.06509],[80.17243,8.06482],[80.17374,8.06452],[80.17412,8.06421],[80.17413,8.06396],[80.17428,8.06378],[80.17422,8.06348],[80.1741,8.06351],[80.17387,8.06346],[80.17375,8.06337],[80.17365,8.06319],[80.17365,8.06305],[80.17368,8.06296],[80.17384,8.06291],[80.17431,8.06291],[80.17436,8.06137],[80.17276,8.06136],[80.17245,8.06149],[80.17235,8.06156],[80.17218,8.06204],[80.17188,8.0622],[80.17183,8.06231],[80.172,8.06261],[80.17195,8.06265],[80.17182,8.06261],[80.17167,8.06245],[80.17145,8.06238],[80.17128,8.06242],[80.17091,8.06277],[80.17076,8.06285]]]}},{"type":"Feature","properties":{"c":"forest"},"geometry":{"type":"Polygon","coordinates":[[[80.17422,8.06348],[80.17428,8.06378],[80.17444,8.06375],[80.17465,8.06386],[80.1748,8.06387],[80.17488,8.06399],[80.17542,8.06394],[80.17539,8.06385],[80.17546,8.06369],[80.17575,8.06335],[80.17615,8.06317],[80.17643,8.06315],[80.17696,8.06282],[80.17702,8.06264],[80.17719,8.06254],[80.17767,8.06239],[80.17787,8.06206],[80.17771,8.06066],[80.17787,8.06015],[80.17775,8.06005],[80.1776,8.06008],[80.17736,8.05997],[80.17724,8.05965],[80.17722,8.05943],[80.17712,8.05938],[80.17707,8.05949],[80.17702,8.05991],[80.17687,8.06026],[80.17662,8.06037],[80.17653,8.06035],[80.17655,8.06008],[80.17644,8.06006],[80.17609,8.06039],[80.17598,8.06043],[80.17591,8.06135],[80.17436,8.06137],[80.17431,8.06291],[80.17443,8.06314],[80.17442,8.06334],[80.17422,8.06348]]]}},{"type":"Feature","properties":{"c":"scrub"},"geometry":{"type":"Polygon","coordinates":[[[80.17384,8.066],[80.17387,8.06614],[80.17399,8.0662],[80.17421,8.06616],[80.17428,8.06604],[80.17431,8.06573],[80.17423,8.06545],[80.17417,8.06545],[80.17404,8.06561],[80.17384,8.066]]]}},{"type":"Feature","properties":{"c":"scrub"},"geometry":{"type":"Polygon","coordinates":[[[80.17235,8.0669],[80.17269,8.06688],[80.17326,8.06665],[80.17437,8.06642],[80.17436,8.06637],[80.17415,8.06633],[80.17336,8.06634],[80.17319,8.06652],[80.17295,8.06656],[80.17235,8.06684],[80.17235,8.0669]]]}},{"type":"Feature","properties":{"c":"forest"},"geometry":{"type":"Polygon","coordinates":[[[80.17019,8.0665],[80.17235,8.06684],[80.17295,8.06656],[80.17319,8.06652],[80.17336,8.06634],[80.17415,8.06633],[80.17415,8.0662],[80.17399,8.0662],[80.17387,8.06614],[80.17384,8.066],[80.17404,8.06561],[80.17417,8.06545],[80.17423,8.06545],[80.17425,8.06506],[80.17398,8.06512],[80.17318,8.06516],[80.17303,8.06529],[80.17278,8.06541],[80.17234,8.06527],[80.17185,8.06581],[80.17153,8.06581],[80.17113,8.06605],[80.17019,8.0665]]]}},{"type":"Feature","properties":{"c":"forest"},"geometry":{"type":"Polygon","coordinates":[[[80.17415,8.0662],[80.17415,8.06633],[80.17436,8.06637],[80.17437,8.06642],[80.17562,8.06658],[80.17555,8.06614],[80.17595,8.06573],[80.17614,8.06543],[80.17624,8.06502],[80.17623,8.06422],[80.17632,8.06373],[80.17624,8.06371],[80.17617,8.06358],[80.17598,8.06351],[80.17565,8.06383],[80.17542,8.06394],[80.17488,8.06399],[80.17481,8.06406],[80.17457,8.06405],[80.17443,8.0643],[80.17446,8.06443],[80.17464,8.06457],[80.17451,8.06479],[80.17425,8.06506],[80.17423,8.06545],[80.17431,8.06573],[80.17428,8.06604],[80.17415,8.0662]]]}},{"type":"Feature","properties":{"c":"forest"},"geometry":{"type":"Polygon","coordinates":[[[80.16792,8.07203],[80.1682,8.07218],[80.16901,8.07318],[80.16909,8.07309],[80.16906,8.0729],[80.16915,8.07276],[80.1692,8.07254],[80.16933,8.07256],[80.16951,8.07267],[80.16958,8.07296],[80.1695,8.07342],[80.16957,8.07357],[80.16974,8.07375],[80.16997,8.07384],[80.17009,8.07377],[80.17016,8.07363],[80.17024,8.0736],[80.17035,8.07365],[80.17041,8.07414],[80.17037,8.07426],[80.17042,8.07446],[80.17061,8.07476],[80.17067,8.07502],[80.17057,8.07529],[80.17078,8.07601],[80.17101,8.07631],[80.17136,8.07724],[80.17158,8.07744],[80.17185,8.07752],[80.17251,8.07744],[80.17232,8.07704],[80.17232,8.07685],[80.17237,8.07676],[80.17266,8.07666],[80.17317,8.07673],[80.17334,8.07685],[80.17349,8.07732],[80.17374,8.07726],[80.17388,8.07718],[80.17377,8.07702],[80.17372,8.0768],[80.17382,8.07661],[80.17435,8.07623],[80.17449,8.07626],[80.1746,8.07637],[80.17459,8.07681],[80.17467,8.07681],[80.17494,8.07663],[80.17515,8.07659],[80.17554,8.07657],[80.17626,8.07663],[80.17687,8.07684],[80.17757,8.07757],[80.178,8.07772],[80.17809,8.07763],[80.17843,8.07772],[80.17843,8.07757],[80.17849,8.07754],[80.17871,8.07793],[80.17892,8.07805],[80.17892,8.07814],[80.17917,8.07816],[80.1799,8.07791],[80.17989,8.07373],[80.17872,8.07427],[80.17781,8.07459],[80.17717,8.07445],[80.17675,8.07401],[80.17656,8.07355],[80.17636,8.07298],[80.1763,8.07258],[80.17644,8.07223],[80.17692,8.07194],[80.17754,8.07182],[80.17808,8.07166],[80.17848,8.07146],[80.17869,8.07111],[80.1788,8.07076],[80.17867,8.07019],[80.1776,8.06785],[80.17735,8.06764],[80.17628,8.06745],[80.17583,8.06702],[80.17562,8.06658],[80.17437,8.06642],[80.17411,8.06645],[80.17326,8.06665],[80.17269,8.06688],[80.1724,8.06691],[80.17235,8.0669],[80.17235,8.06684],[80.17019,8.0665],[80.16798,8.06654],[80.16803,8.06809],[80.16792,8.07203]]]}},{"type":"Feature","properties":{"c":"scrub"},"geometry":{"type":"Polygon","coordinates":[[[80.17232,8.07685],[80.17232,8.07704],[80.17251,8.07744],[80.17349,8.07732],[80.17334,8.07685],[80.17317,8.07673],[80.17266,8.07666],[80.17237,8.07676],[80.17232,8.07685]]]}},{"type":"Feature","properties":{"c":"scrub"},"geometry":{"type":"Polygon","coordinates":[[[80.17372,8.0768],[80.17377,8.07702],[80.17388,8.07718],[80.17407,8.07706],[80.1748,8.07685],[80.17599,8.07671],[80.17648,8.07671],[80.17626,8.07663],[80.17554,8.07657],[80.17515,8.07659],[80.17494,8.07663],[80.17467,8.07681],[80.17459,8.07681],[80.1746,8.07637],[80.17449,8.07626],[80.17435,8.07623],[80.17382,8.07661],[80.17372,8.0768]]]}},{"type":"Feature","properties":{"c":"scrub"},"geometry":{"type":"Polygon","coordinates":[[[80.178,8.07772],[80.17842,8.07798],[80.17892,8.07814],[80.17892,8.07805],[80.17871,8.07793],[80.17849,8.07754],[80.17843,8.07757],[80.17843,8.07772],[80.17809,8.07763],[80.178,8.07772]]]}},{"type":"Feature","properties":{"c":"forest"},"geometry":{"type":"Polygon","coordinates":[[[80.17804,8.07828],[80.17811,8.07848],[80.17879,8.07872],[80.17891,8.07881],[80.17937,8.07869],[80.17953,8.07873],[80.17937,8.07808],[80.17917,8.07816],[80.1788,8.07812],[80.17824,8.07787],[80.17809,8.0781],[80.17804,8.07828]]]}},{"type":"Feature","properties":{"c":"farmland"},"geometry":{"type":"Polygon","coordinates":[[[80.1762,8.08073],[80.17682,8.08135],[80.17738,8.08136],[80.17751,8.08148],[80.17802,8.08128],[80.17791,8.08108],[80.17805,8.08088],[80.17817,8.08086],[80.17819,8.08072],[80.17835,8.08061],[80.17882,8.08057],[80.17894,8.08066],[80.17958,8.08038],[80.17887,8.07902],[80.17891,8.07881],[80.17879,8.07872],[80.17811,8.07848],[80.17811,8.07872],[80.17805,8.07892],[80.17731,8.07937],[80.17728,8.07961],[80.17706,8.07984],[80.1764,8.08015],[80.1762,8.08073]]]}},{"type":"Feature","properties":{"c":"scrub"},"geometry":{"type":"Polygon","coordinates":[[[80.17516,8.07962],[80.17534,8.07975],[80.17554,8.08003],[80.1757,8.08044],[80.17585,8.08104],[80.17585,8.0813],[80.17559,8.08158],[80.17578,8.08181],[80.17574,8.08213],[80.17639,8.0825],[80.17699,8.08302],[80.17741,8.08295],[80.17747,8.08254],[80.17758,8.08248],[80.1777,8.08227],[80.17843,8.08193],[80.17802,8.08128],[80.17751,8.08148],[80.17738,8.08136],[80.17682,8.08135],[80.1762,8.08073],[80.1764,8.08015],[80.17706,8.07984],[80.17728,8.07961],[80.17731,8.07937],[80.17779,8.07907],[80.17722,8.079],[80.17587,8.07906],[80.1756,8.07902],[80.17516,8.07962]]]}},{"type":"Feature","properties":{"c":"farmland"},"geometry":{"type":"Polygon","coordinates":[[[80.17894,8.08066],[80.17942,8.0817],[80.1801,8.08136],[80.17958,8.08038],[80.17894,8.08066]]]}},{"type":"Feature","properties":{"c":"forest"},"geometry":{"type":"Polygon","coordinates":[[[80.17791,8.08108],[80.1788,8.08259],[80.179,8.08252],[80.17926,8.0825],[80.1795,8.08279],[80.17984,8.0826],[80.18011,8.08187],[80.1799,8.08182],[80.17954,8.08188],[80.17894,8.08066],[80.17882,8.08057],[80.17835,8.08061],[80.17819,8.08072],[80.17817,8.08086],[80.17805,8.08088],[80.17791,8.08108]]]}},{"type":"Feature","properties":{"c":"meadow"},"geometry":{"type":"Polygon","coordinates":[[[80.17758,8.08248],[80.17807,8.08274],[80.17822,8.08277],[80.1788,8.08259],[80.17843,8.08193],[80.1777,8.08227],[80.17758,8.08248]]]}},{"type":"Feature","properties":{"c":"scrub"},"geometry":{"type":"Polygon","coordinates":[[[80.17788,8.072],[80.17802,8.07263],[80.17854,8.07317],[80.17951,8.07391],[80.17989,8.07373],[80.18213,8.07297],[80.18171,8.07147],[80.18112,8.07061],[80.18066,8.07078],[80.18033,8.07069],[80.18013,8.07054],[80.18001,8.07025],[80.17958,8.06994],[80.17927,8.06991],[80.17909,8.06975],[80.17864,8.06902],[80.17812,8.06896],[80.17867,8.07019],[80.1788,8.07076],[80.17869,8.07111],[80.17848,8.07146],[80.17808,8.07166],[80.17788,8.072]]]}},{"type":"Feature","properties":{"c":"forest"},"geometry":{"type":"Polygon","coordinates":[[[80.17989,8.07373],[80.1799,8.07791],[80.18064,8.07801],[80.18172,8.07797],[80.18154,8.07742],[80.18154,8.07623],[80.18176,8.07522],[80.18204,8.07489],[80.18256,8.07456],[80.18294,8.07407],[80.18344,8.07361],[80.18354,8.07337],[80.18325,8.07242],[80.18292,8.07207],[80.18267,8.07166],[80.18233,8.07155],[80.18219,8.07123],[80.18217,8.07105],[80.18239,8.07076],[80.18214,8.07041],[80.18192,8.06991],[80.18185,8.06954],[80.18178,8.06856],[80.18161,8.06861],[80.18076,8.0696],[80.18059,8.0697],[80.18049,8.07],[80.18055,8.07015],[80.18029,8.07034],[80.18013,8.07054],[80.18033,8.07069],[80.18066,8.07078],[80.18112,8.07061],[80.18171,8.07147],[80.18213,8.07297],[80.17989,8.07373]]]}},{"type":"Feature","properties":{"c":"farmland"},"geometry":{"type":"Polygon","coordinates":[[[80.17887,8.07902],[80.1801,8.08136],[80.1811,8.08088],[80.1813,8.08069],[80.18145,8.08043],[80.18173,8.07953],[80.18172,8.07896],[80.18093,8.07909],[80.18064,8.07893],[80.18012,8.07886],[80.17937,8.07869],[80.17891,8.07881],[80.17887,8.07902]]]}},{"type":"Feature","properties":{"c":"scrub"},"geometry":{"type":"Polygon","coordinates":[[[80.17937,8.07808],[80.17953,8.07873],[80.18064,8.07893],[80.18093,8.07909],[80.18172,8.07896],[80.18173,8.07953],[80.18162,8.07993],[80.18222,8.08004],[80.18252,8.08004],[80.18283,8.07997],[80.18312,8.07978],[80.1834,8.07969],[80.18344,8.07961],[80.18344,8.07933],[80.18318,8.07931],[80.18317,8.07908],[80.18265,8.07921],[80.1824,8.07919],[80.18191,8.07843],[80.18172,8.07797],[80.18064,8.07801],[80.1799,8.07791],[80.17937,8.07808]]]}},{"type":"Feature","properties":{"c":"scrub"},"geometry":{"type":"Polygon","coordinates":[[[80.17942,8.0817],[80.17954,8.08188],[80.1799,8.08182],[80.17971,8.08171],[80.18102,8.08103],[80.18119,8.0809],[80.18143,8.08058],[80.18147,8.0806],[80.18155,8.08104],[80.18186,8.08124],[80.18192,8.08112],[80.18181,8.08105],[80.18174,8.08071],[80.1819,8.07999],[80.18162,8.07993],[80.18145,8.08043],[80.1813,8.08069],[80.1811,8.08088],[80.17942,8.0817]]]}},{"type":"Feature","properties":{"c":"scrub"},"geometry":{"type":"Polygon","coordinates":[[[80.18144,8.08227],[80.18162,8.08231],[80.18175,8.08229],[80.1821,8.08195],[80.18209,8.08169],[80.18216,8.08146],[80.18198,8.08135],[80.18188,8.08119],[80.18186,8.08124],[80.18195,8.08142],[80.182,8.08176],[80.18172,8.08213],[80.18159,8.08223],[80.18144,8.08227]]]}},{"type":"Feature","properties":{"c":"forest"},"geometry":{"type":"Polygon","coordinates":[[[80.18111,8.08233],[80.18116,8.08245],[80.1814,8.08269],[80.18156,8.0828],[80.18168,8.0828],[80.18187,8.08289],[80.18206,8.08288],[80.18234,8.08266],[80.18245,8.08246],[80.1824,8.08238],[80.18243,8.08228],[80.18258,8.08217],[80.18295,8.08221],[80.18315,8.08245],[80.18335,8.08251],[80.18347,8.08251],[80.18368,8.08233],[80.18386,8.08228],[80.18433,8.08247],[80.18447,8.08246],[80.18449,8.08241],[80.18439,8.08222],[80.18408,8.08218],[80.18402,8.08211],[80.1838,8.08204],[80.18373,8.08194],[80.18373,8.08174],[80.18364,8.0817],[80.18324,8.08179],[80.18304,8.08171],[80.1827,8.08138],[80.18256,8.08133],[80.18238,8.08107],[80.18192,8.08112],[80.18188,8.08119],[80.18198,8.08135],[80.18216,8.08146],[80.18209,8.08169],[80.1821,8.08195],[80.18203,8.08206],[80.18175,8.08229],[80.18115,8.08226],[80.18111,8.08233]]]}},{"type":"Feature","properties":{"c":"scrub"},"geometry":{"type":"Polygon","coordinates":[[[80.18238,8.08107],[80.18256,8.08133],[80.1827,8.08138],[80.18288,8.08158],[80.18314,8.08176],[80.18336,8.08179],[80.18364,8.0817],[80.18373,8.08174],[80.18373,8.08194],[80.1838,8.08204],[80.18402,8.08211],[80.18408,8.08218],[80.18439,8.08222],[80.18449,8.08241],[80.18447,8.08246],[80.18529,8.08249],[80.18538,8.08154],[80.1853,8.0815],[80.18515,8.08158],[80.18487,8.08158],[80.18471,8.08149],[80.18432,8.08143],[80.18385,8.08143],[80.18371,8.08155],[80.18359,8.08154],[80.18349,8.08147],[80.18323,8.08116],[80.18303,8.08107],[80.18267,8.08101],[80.18238,8.08107]]]}},{"type":"Feature","properties":{"c":"forest"},"geometry":{"type":"Polygon","coordinates":[[[80.18174,8.08071],[80.18181,8.08105],[80.18192,8.08112],[80.18267,8.08101],[80.18303,8.08107],[80.18323,8.08116],[80.18349,8.08147],[80.18359,8.08154],[80.18371,8.08155],[80.18385,8.08143],[80.18432,8.08143],[80.18471,8.08149],[80.18487,8.08158],[80.18515,8.08158],[80.1853,8.0815],[80.18575,8.08171],[80.18618,8.0817],[80.18657,8.08197],[80.18673,8.08201],[80.18908,8.08199],[80.18925,8.08149],[80.18942,8.08123],[80.18948,8.08097],[80.18915,8.0803],[80.18913,8.08008],[80.18932,8.07963],[80.18712,8.07961],[80.18694,8.07949],[80.18705,8.07928],[80.18691,8.07843],[80.18708,8.07816],[80.18699,8.07798],[80.18685,8.07785],[80.18661,8.07684],[80.18669,8.07595],[80.18654,8.07571],[80.18642,8.07525],[80.18627,8.0749],[80.18603,8.07471],[80.18556,8.07474],[80.18506,8.07489],[80.18476,8.07538],[80.18477,8.07576],[80.18499,8.07639],[80.18514,8.07659],[80.1852,8.07694],[80.18501,8.07729],[80.18473,8.0774],[80.18402,8.0773],[80.18378,8.07745],[80.18337,8.07795],[80.18313,8.07854],[80.18318,8.07931],[80.18344,8.07933],[80.18346,8.07943],[80.1834,8.07969],[80.18312,8.07978],[80.18283,8.07997],[80.18252,8.08004],[80.1819,8.07999],[80.18174,8.08071]]]}},{"type":"Feature","properties":{"c":"scrub"},"geometry":{"type":"Polygon","coordinates":[[[80.18489,8.07472],[80.18495,8.07509],[80.18506,8.07489],[80.18556,8.07474],[80.18603,8.07471],[80.18627,8.0749],[80.18642,8.07525],[80.18654,8.07571],[80.18669,8.07595],[80.18661,8.07684],[80.18677,8.0776],[80.18685,8.07785],[80.18699,8.07798],[80.18708,8.07816],[80.18691,8.07843],[80.18705,8.07928],[80.18694,8.07949],[80.18712,8.07961],[80.18731,8.07962],[80.1873,8.07948],[80.18737,8.07929],[80.18774,8.079],[80.18775,8.07848],[80.18786,8.07845],[80.18792,8.07836],[80.1879,8.07816],[80.18776,8.07786],[80.18711,8.07747],[80.18702,8.07721],[80.18699,8.07658],[80.18706,8.07541],[80.18702,8.07476],[80.18659,8.07433],[80.18592,8.07419],[80.18521,8.07436],[80.18499,8.07449],[80.18489,8.07472]]]}},{"type":"Feature","properties":{"c":"meadow"},"geometry":{"type":"Polygon","coordinates":[[[80.18918,8.0817],[80.18937,8.08186],[80.19048,8.08254],[80.1906,8.0827],[80.19122,8.08274],[80.19145,8.08292],[80.19226,8.08301],[80.19263,8.08295],[80.19316,8.08295],[80.19339,8.08105],[80.19278,8.08066],[80.19171,8.08059],[80.19171,8.08102],[80.19071,8.08102],[80.19071,8.08072],[80.19057,8.08039],[80.19037,8.08032],[80.18919,8.08038],[80.18948,8.08097],[80.18942,8.08123],[80.18918,8.0817]]]}},{"type":"Feature","properties":{"c":"farmland"},"geometry":{"type":"Polygon","coordinates":[[[80.18185,8.06954],[80.18192,8.06991],[80.18201,8.07012],[80.18214,8.07041],[80.18239,8.07076],[80.18217,8.07105],[80.18219,8.07123],[80.18233,8.07155],[80.18267,8.07166],[80.18292,8.07207],[80.18325,8.07242],[80.18354,8.07337],[80.18425,8.07223],[80.18412,8.07063],[80.18394,8.07057],[80.18404,8.07046],[80.18394,8.07034],[80.18377,8.07047],[80.18355,8.07024],[80.18342,8.07034],[80.18335,8.07025],[80.18345,8.07006],[80.18333,8.06986],[80.18321,8.06985],[80.1831,8.06969],[80.18299,8.0697],[80.18287,8.06954],[80.18308,8.06941],[80.18295,8.06929],[80.18284,8.06898],[80.18185,8.06954]]]}},{"type":"Feature","properties":{"c":"scrub"},"geometry":{"type":"Polygon","coordinates":[[[80.18178,8.06856],[80.18185,8.06954],[80.18292,8.06892],[80.18261,8.06843],[80.18264,8.06816],[80.18276,8.068],[80.18319,8.06793],[80.18346,8.06784],[80.18355,8.06768],[80.18358,8.06674],[80.18379,8.06628],[80.18352,8.06634],[80.18275,8.06633],[80.18261,8.06698],[80.18273,8.06756],[80.1824,8.06816],[80.18222,8.06835],[80.182,8.06851],[80.18178,8.06856]]]}},{"type":"Feature","properties":{"c":"forest"},"geometry":{"type":"Polygon","coordinates":[[[80.18261,8.06843],[80.18292,8.06892],[80.18284,8.06898],[80.18295,8.06929],[80.18308,8.06941],[80.18287,8.06954],[80.18299,8.0697],[80.1831,8.06969],[80.18321,8.06985],[80.18333,8.06986],[80.18345,8.07006],[80.18335,8.07025],[80.18342,8.07034],[80.18355,8.07024],[80.18377,8.07047],[80.18394,8.07034],[80.18404,8.07046],[80.18394,8.07057],[80.18412,8.07063],[80.18425,8.07054],[80.18434,8.07031],[80.18456,8.07003],[80.18467,8.06972],[80.18496,8.06936],[80.18514,8.06933],[80.1853,8.06944],[80.18627,8.06946],[80.18638,8.06907],[80.18665,8.0689],[80.18727,8.06879],[80.18735,8.06868],[80.18738,8.06837],[80.18723,8.06779],[80.18723,8.06749],[80.18733,8.06737],[80.1872,8.06717],[80.18687,8.06694],[80.18682,8.06674],[80.18633,8.06678],[80.18637,8.06701],[80.18629,8.06716],[80.18617,8.06719],[80.18593,8.06711],[80.18585,8.06697],[80.18594,8.06666],[80.18584,8.06632],[80.18543,8.06633],[80.18526,8.06641],[80.18477,8.06622],[80.18473,8.0661],[80.18458,8.06612],[80.18428,8.06619],[80.18409,8.06646],[80.18403,8.06681],[80.1841,8.06691],[80.1841,8.06702],[80.18403,8.06721],[80.1841,8.06745],[80.18406,8.06762],[80.18397,8.06772],[80.18382,8.06778],[80.18358,8.06804],[80.18323,8.06814],[80.18312,8.06794],[80.18276,8.068],[80.18264,8.06816],[80.18261,8.06843]]]}},{"type":"Feature","properties":{"c":"farmland"},"geometry":{"type":"Polygon","coordinates":[[[80.18584,8.06557],[80.18605,8.06686],[80.18642,8.06675],[80.18693,8.06674],[80.18689,8.06648],[80.18722,8.06646],[80.18729,8.06663],[80.18796,8.06652],[80.18802,8.06666],[80.18831,8.06663],[80.18834,8.06694],[80.1887,8.06693],[80.18863,8.06646],[80.18878,8.06628],[80.18905,8.06631],[80.18904,8.06589],[80.18893,8.06578],[80.18836,8.06546],[80.18807,8.06509],[80.18758,8.06532],[80.18723,8.06539],[80.18725,8.06553],[80.18717,8.06566],[80.18689,8.06581],[80.18675,8.06582],[80.18666,8.06539],[80.18584,8.06557]]]}},{"type":"Feature","properties":{"c":"scrub"},"geometry":{"type":"Polygon","coordinates":[[[80.18312,8.06794],[80.18323,8.06814],[80.18358,8.06804],[80.18382,8.06778],[80.18397,8.06772],[80.18406,8.06762],[80.1841,8.06745],[80.18403,8.06721],[80.1841,8.06691],[80.18403,8.06681],[80.18409,8.06646],[80.18428,8.06619],[80.18458,8.06612],[80.18473,8.0661],[80.18477,8.06622],[80.18526,8.06641],[80.18543,8.06633],[80.18584,8.06632],[80.18594,8.06666],[80.18585,8.06697],[80.18593,8.06711],[80.18617,8.06719],[80.18629,8.06716],[80.18637,8.06701],[80.18633,8.06678],[80.18605,8.06686],[80.18584,8.06557],[80.18666,8.06539],[80.18675,8.06582],[80.18689,8.06581],[80.18717,8.06566],[80.18725,8.06553],[80.18723,8.06539],[80.18656,8.06531],[80.18614,8.06536],[80.18474,8.0657],[80.18447,8.06585],[80.18379,8.06628],[80.18358,8.06674],[80.18355,8.06768],[80.18346,8.06784],[80.18312,8.06794]]]}},{"type":"Feature","properties":{"c":"farmland"},"geometry":{"type":"Polygon","coordinates":[[[80.18761,8.06873],[80.18763,8.06889],[80.18782,8.06886],[80.1879,8.06894],[80.1881,8.06895],[80.18811,8.0691],[80.18778,8.06903],[80.18791,8.06967],[80.18813,8.06988],[80.18875,8.06983],[80.18875,8.06909],[80.18863,8.06911],[80.18862,8.06902],[80.18844,8.06903],[80.18841,8.06892],[80.1887,8.06888],[80.18865,8.06864],[80.18847,8.06866],[80.18848,8.06848],[80.18786,8.06853],[80.18783,8.06872],[80.18761,8.06873]]]}},{"type":"Feature","properties":{"c":"farmland"},"geometry":{"type":"Polygon","coordinates":[[[80.18819,8.0673],[80.18823,8.06788],[80.18846,8.06787],[80.1885,8.06817],[80.18919,8.06813],[80.18922,8.06824],[80.18933,8.06822],[80.18936,8.06831],[80.18966,8.06825],[80.18959,8.06789],[80.18942,8.06793],[80.18935,8.06761],[80.18909,8.06765],[80.18895,8.06714],[80.18873,8.06716],[80.18874,8.06725],[80.18819,8.0673]]]}},{"type":"Feature","properties":{"c":"scrub"},"geometry":{"type":"Polygon","coordinates":[[[80.18682,8.06674],[80.18687,8.06694],[80.1872,8.06717],[80.18733,8.06737],[80.18723,8.06749],[80.18723,8.06779],[80.18738,8.06837],[80.18735,8.06868],[80.18727,8.06879],[80.18699,8.06885],[80.18702,8.0691],[80.1874,8.06903],[80.18755,8.06919],[80.18762,8.06953],[80.18757,8.06992],[80.18813,8.06988],[80.18791,8.06967],[80.18778,8.06903],[80.18811,8.0691],[80.1881,8.06895],[80.1879,8.06894],[80.18782,8.06886],[80.18763,8.06889],[80.18761,8.06873],[80.18783,8.06872],[80.18786,8.06853],[80.18859,8.06845],[80.18846,8.06787],[80.18823,8.06788],[80.18819,8.0673],[80.18874,8.06725],[80.1887,8.06693],[80.18834,8.06694],[80.18831,8.06663],[80.18802,8.06666],[80.18796,8.06652],[80.18729,8.06663],[80.18722,8.06646],[80.18689,8.06648],[80.18693,8.06674],[80.18682,8.06674]]]}},{"type":"Feature","properties":{"c":"forest"},"geometry":{"type":"Polygon","coordinates":[[[80.18511,8.07177],[80.1852,8.07193],[80.18528,8.07236],[80.18545,8.07257],[80.18574,8.07257],[80.18631,8.07219],[80.18677,8.07206],[80.18698,8.07184],[80.18721,8.07171],[80.18741,8.07173],[80.1876,8.07191],[80.18801,8.07208],[80.18869,8.07202],[80.18925,8.07244],[80.18951,8.07251],[80.18958,8.07236],[80.18941,8.07164],[80.18904,8.07151],[80.18841,8.07142],[80.18794,8.07127],[80.18705,8.07085],[80.18705,8.07073],[80.18748,8.07045],[80.18762,8.06953],[80.18755,8.06919],[80.1874,8.06903],[80.18702,8.0691],[80.18699,8.06885],[80.18665,8.0689],[80.18638,8.06907],[80.18627,8.06946],[80.1853,8.06944],[80.18528,8.06988],[80.18515,8.0705],[80.18535,8.07101],[80.18522,8.07128],[80.18511,8.07177]]]}},{"type":"Feature","properties":{"c":"scrub"},"geometry":{"type":"Polygon","coordinates":[[[80.18715,8.07065],[80.18813,8.071],[80.18867,8.07113],[80.1889,8.07114],[80.1898,8.07104],[80.18914,8.06876],[80.18908,8.06828],[80.18922,8.06824],[80.18919,8.06813],[80.18855,8.06817],[80.18859,8.06845],[80.18848,8.06848],[80.18847,8.06866],[80.18865,8.06864],[80.1887,8.06888],[80.18841,8.06892],[80.18844,8.06903],[80.18862,8.06902],[80.18863,8.06911],[80.18875,8.06909],[80.18875,8.06983],[80.18757,8.06992],[80.18748,8.07045],[80.18738,8.07055],[80.18715,8.07065]]]}},{"type":"Feature","properties":{"c":"forest"},"geometry":{"type":"Polygon","coordinates":[[[80.18704,8.07606],[80.18699,8.07704],[80.18711,8.07747],[80.18776,8.07786],[80.1879,8.07816],[80.18792,8.07836],[80.18786,8.07845],[80.18775,8.07848],[80.18774,8.079],[80.18737,8.07929],[80.1873,8.07948],[80.18731,8.07962],[80.18932,8.07963],[80.18913,8.08008],[80.18919,8.08038],[80.19037,8.08032],[80.19057,8.08039],[80.19071,8.08072],[80.19071,8.08102],[80.19171,8.08102],[80.1917,8.08045],[80.19194,8.08045],[80.192,8.08026],[80.19196,8.08012],[80.19181,8.08006],[80.19172,8.07993],[80.19157,8.07952],[80.19154,8.07885],[80.19158,8.07862],[80.19317,8.07858],[80.19316,8.07845],[80.193,8.0782],[80.19297,8.07801],[80.19303,8.07783],[80.19323,8.07751],[80.19323,8.07739],[80.19293,8.07701],[80.19279,8.07694],[80.19242,8.07714],[80.19224,8.07717],[80.19208,8.07697],[80.19198,8.07672],[80.19253,8.07641],[80.19238,8.07573],[80.1927,8.0756],[80.19229,8.07446],[80.19236,8.07426],[80.19251,8.0741],[80.19287,8.07393],[80.19276,8.07334],[80.19264,8.07314],[80.19222,8.07333],[80.19188,8.07325],[80.19186,8.07279],[80.19143,8.0728],[80.19146,8.07322],[80.19098,8.07323],[80.19048,8.07337],[80.19062,8.07391],[80.19038,8.07396],[80.19041,8.07418],[80.1906,8.07422],[80.19102,8.07416],[80.19107,8.07433],[80.19084,8.07456],[80.19063,8.07465],[80.19026,8.07476],[80.18991,8.07475],[80.18969,8.0746],[80.18942,8.07431],[80.1893,8.07414],[80.18927,8.07397],[80.18935,8.07304],[80.19021,8.07282],[80.19012,8.07244],[80.19003,8.07238],[80.18983,8.07235],[80.18974,8.07241],[80.18958,8.07236],[80.18951,8.07251],[80.18925,8.07244],[80.18869,8.07202],[80.18801,8.07208],[80.18808,8.07213],[80.18817,8.07233],[80.18806,8.07248],[80.18784,8.07265],[80.18778,8.07279],[80.18807,8.07309],[80.18839,8.07366],[80.18843,8.07436],[80.18839,8.07465],[80.18811,8.07541],[80.18778,8.07565],[80.18762,8.07586],[80.18738,8.07601],[80.18704,8.07606]]]}},{"type":"Feature","properties":{"c":"scrub"},"geometry":{"type":"Polygon","coordinates":[[[80.18863,8.06646],[80.18873,8.06716],[80.18895,8.06714],[80.18909,8.06765],[80.18935,8.06761],[80.18942,8.06793],[80.18959,8.06789],[80.18966,8.06825],[80.19045,8.0685],[80.19088,8.06872],[80.19141,8.06834],[80.18986,8.06747],[80.19016,8.06684],[80.1894,8.06624],[80.18904,8.06589],[80.18905,8.06631],[80.18878,8.06628],[80.18863,8.06646]]]}},{"type":"Feature","properties":{"c":"scrub"},"geometry":{"type":"Polygon","coordinates":[[[80.19027,8.06984],[80.19066,8.07099],[80.19095,8.07096],[80.19112,8.07087],[80.19097,8.07047],[80.1914,8.0703],[80.19131,8.07001],[80.19095,8.06948],[80.19027,8.06984]]]}},{"type":"Feature","properties":{"c":"forest"},"geometry":{"type":"Polygon","coordinates":[[[80.19094,8.06927],[80.19095,8.06948],[80.19131,8.07001],[80.1914,8.0703],[80.19097,8.07047],[80.19112,8.07087],[80.1914,8.07082],[80.19224,8.07098],[80.19239,8.0707],[80.19223,8.07017],[80.19191,8.07036],[80.19165,8.06994],[80.19193,8.06974],[80.19165,8.06936],[80.19144,8.06917],[80.19094,8.06927]]]}},{"type":"Feature","properties":{"c":"scrub"},"geometry":{"type":"Polygon","coordinates":[[[80.19165,8.06994],[80.19191,8.07036],[80.19223,8.07017],[80.19193,8.06974],[80.19165,8.06994]]]}},{"type":"Feature","properties":{"c":"scrub"},"geometry":{"type":"Polygon","coordinates":[[[80.19062,8.06889],[80.19094,8.06927],[80.19144,8.06917],[80.19165,8.06936],[80.19193,8.06974],[80.19236,8.0694],[80.19176,8.06863],[80.19164,8.06867],[80.19136,8.06838],[80.19062,8.06889]]]}},{"type":"Feature","properties":{"c":"scrub"},"geometry":{"type":"Polygon","coordinates":[[[80.19224,8.07098],[80.19259,8.07106],[80.1927,8.07064],[80.19317,8.07071],[80.19334,8.07026],[80.19335,8.06995],[80.19283,8.07004],[80.19225,8.07025],[80.19239,8.0707],[80.19224,8.07098]]]}},{"type":"Feature","properties":{"c":"scrub"},"geometry":{"type":"Polygon","coordinates":[[[80.18945,8.07186],[80.18958,8.07236],[80.18974,8.07241],[80.18983,8.07235],[80.18992,8.07235],[80.19012,8.07244],[80.19021,8.07282],[80.19031,8.0728],[80.19036,8.07297],[80.19043,8.07296],[80.1903,8.07245],[80.19062,8.07237],[80.19082,8.073],[80.19124,8.07282],[80.1912,8.07217],[80.19094,8.07219],[80.19089,8.07162],[80.19113,8.07154],[80.1919,8.07156],[80.19202,8.07094],[80.19152,8.07085],[80.19139,8.07116],[80.19074,8.07134],[80.18987,8.07182],[80.18966,8.07188],[80.18945,8.07186]]]}},{"type":"Feature","properties":{"c":"farmland"},"geometry":{"type":"Polygon","coordinates":[[[80.18933,8.07342],[80.18989,8.07328],[80.18996,8.07356],[80.18983,8.07362],[80.18996,8.07414],[80.19039,8.07407],[80.19038,8.07396],[80.19062,8.07391],[80.19043,8.07316],[80.19068,8.0731],[80.19066,8.07301],[80.1908,8.07295],[80.19062,8.07235],[80.1903,8.07245],[80.19043,8.07296],[80.19036,8.07297],[80.19031,8.0728],[80.18935,8.07304],[80.18933,8.07342]]]}},{"type":"Feature","properties":{"c":"scrub"},"geometry":{"type":"Polygon","coordinates":[[[80.18927,8.07397],[80.1893,8.07414],[80.18942,8.07431],[80.18969,8.0746],[80.18991,8.07475],[80.19026,8.07476],[80.19063,8.07465],[80.19084,8.07456],[80.19107,8.07433],[80.19102,8.07416],[80.1906,8.07422],[80.19041,8.07418],[80.19039,8.07407],[80.18996,8.07414],[80.18983,8.07362],[80.18996,8.07356],[80.18989,8.07328],[80.18933,8.07342],[80.18927,8.07397]]]}},{"type":"Feature","properties":{"c":"meadow"},"geometry":{"type":"Polygon","coordinates":[[[80.19198,8.07672],[80.19208,8.07697],[80.19224,8.07717],[80.19242,8.07714],[80.19279,8.07694],[80.19293,8.07701],[80.19323,8.07739],[80.19327,8.07729],[80.1927,8.0756],[80.19238,8.07573],[80.19253,8.07641],[80.19198,8.07672]]]}},{"type":"Feature","properties":{"c":"meadow"},"geometry":{"type":"Polygon","coordinates":[[[80.19154,8.07885],[80.19157,8.07952],[80.19172,8.07993],[80.19181,8.08006],[80.19196,8.08012],[80.19337,8.08012],[80.1934,8.07967],[80.19375,8.07953],[80.19446,8.07944],[80.19435,8.07879],[80.19415,8.07814],[80.19362,8.0783],[80.19327,8.07729],[80.19323,8.07751],[80.19303,8.07783],[80.19297,8.07801],[80.193,8.0782],[80.19316,8.07845],[80.19317,8.07858],[80.19158,8.07862],[80.19154,8.07885]]]}},{"type":"Feature","properties":{"c":"scrub"},"geometry":{"type":"Polygon","coordinates":[[[80.1917,8.08045],[80.19171,8.08059],[80.19278,8.08066],[80.19339,8.08105],[80.1943,8.08107],[80.19443,8.08017],[80.19406,8.08015],[80.19408,8.07949],[80.19375,8.07953],[80.1934,8.07967],[80.19337,8.08012],[80.19196,8.08012],[80.19198,8.08041],[80.19194,8.08045],[80.1917,8.08045]]]}},{"type":"Feature","properties":{"c":"meadow"},"geometry":{"type":"Polygon","coordinates":[[[80.19435,8.07879],[80.19444,8.07921],[80.1951,8.07939],[80.19501,8.08009],[80.19509,8.08012],[80.19506,8.08025],[80.19549,8.08038],[80.19575,8.07939],[80.19622,8.07946],[80.19628,8.07911],[80.19587,8.07902],[80.19599,8.07854],[80.19516,8.07861],[80.19435,8.07879]]]}},{"type":"Feature","properties":{"c":"scrub"},"geometry":{"type":"Polygon","coordinates":[[[80.19587,8.07902],[80.19628,8.07911],[80.19609,8.08014],[80.19631,8.08019],[80.19641,8.07991],[80.19718,8.08016],[80.19728,8.08034],[80.19743,8.08039],[80.19795,8.08031],[80.19807,8.08038],[80.19843,8.08046],[80.1987,8.07943],[80.19794,8.07914],[80.19754,8.07889],[80.19628,8.07854],[80.19599,8.07854],[80.19587,8.07902]]]}},{"type":"Feature","properties":{"c":"meadow"},"geometry":{"type":"Polygon","coordinates":[[[80.19533,8.07797],[80.19552,8.07856],[80.19599,8.07854],[80.19643,8.07859],[80.19642,8.07831],[80.19628,8.07778],[80.19598,8.07769],[80.19533,8.07797]]]}},{"type":"Feature","properties":{"c":"farmland"},"geometry":{"type":"Polygon","coordinates":[[[80.19588,8.08088],[80.19658,8.08117],[80.19664,8.08027],[80.19609,8.08014],[80.19608,8.08027],[80.19595,8.08027],[80.19588,8.08088]]]}},{"type":"Feature","properties":{"c":"meadow"},"geometry":{"type":"Polygon","coordinates":[[[80.19631,8.08019],[80.19664,8.08027],[80.19658,8.08117],[80.19711,8.08149],[80.19709,8.08157],[80.19698,8.08163],[80.19692,8.0819],[80.19698,8.08195],[80.19701,8.08231],[80.19713,8.08261],[80.19816,8.08309],[80.19868,8.08197],[80.19928,8.08204],[80.19943,8.08133],[80.19896,8.08123],[80.19904,8.08075],[80.19899,8.08055],[80.19807,8.08038],[80.19795,8.08031],[80.19743,8.08039],[80.19728,8.08034],[80.19718,8.08016],[80.19641,8.07991],[80.19631,8.08019]]]}},{"type":"Feature","properties":{"c":"scrub"},"geometry":{"type":"Polygon","coordinates":[[[80.19926,8.08211],[80.20002,8.08219],[80.20023,8.08225],[80.20045,8.08239],[80.20052,8.08235],[80.20038,8.08224],[80.20015,8.08215],[80.19973,8.08209],[80.1997,8.08202],[80.20008,8.08199],[80.2006,8.0822],[80.2005,8.08198],[80.20037,8.0819],[80.20033,8.08143],[80.20023,8.08135],[80.19993,8.08125],[80.19966,8.08135],[80.19943,8.08133],[80.19926,8.08211]]]}},{"type":"Feature","properties":{"c":"forest"},"geometry":{"type":"Polygon","coordinates":[[[80.19434,8.07263],[80.19464,8.07265],[80.19487,8.0726],[80.19551,8.07238],[80.19563,8.07227],[80.19585,8.0722],[80.19619,8.07225],[80.19638,8.07215],[80.19656,8.07195],[80.19666,8.07202],[80.19679,8.07224],[80.19659,8.07251],[80.19642,8.07288],[80.19651,8.07323],[80.19677,8.07315],[80.19747,8.07306],[80.19759,8.07333],[80.19759,8.07345],[80.19725,8.07347],[80.19711,8.07375],[80.19693,8.07386],[80.19648,8.07388],[80.19636,8.07397],[80.19626,8.07408],[80.19623,8.07423],[80.19635,8.07473],[80.19597,8.07489],[80.19577,8.07522],[80.19586,8.07529],[80.19624,8.07502],[80.19671,8.07553],[80.19707,8.0757],[80.19704,8.07595],[80.19696,8.0761],[80.19682,8.07614],[80.1967,8.07627],[80.19663,8.07645],[80.19662,8.07657],[80.19682,8.0767],[80.19688,8.07686],[80.19683,8.07706],[80.19657,8.07734],[80.19639,8.07736],[80.19613,8.07725],[80.19618,8.07706],[80.19577,8.07707],[80.19558,8.07674],[80.19529,8.07692],[80.19493,8.0772],[80.19518,8.07761],[80.19533,8.07797],[80.19598,8.07769],[80.19628,8.07778],[80.19642,8.07831],[80.19643,8.07859],[80.19754,8.07889],[80.19794,8.07914],[80.1987,8.07943],[80.19843,8.08046],[80.19899,8.08055],[80.19904,8.08075],[80.19896,8.08123],[80.19952,8.08135],[80.19966,8.08135],[80.19993,8.08125],[80.20023,8.08135],[80.20033,8.08143],[80.20037,8.0819],[80.2005,8.08198],[80.2006,8.0822],[80.20084,8.08221],[80.20089,8.08248],[80.20084,8.08277],[80.20107,8.08325],[80.20375,8.08258],[80.20378,8.08237],[80.20356,8.08223],[80.20303,8.08227],[80.20268,8.08206],[80.20256,8.08179],[80.20272,8.08129],[80.20266,8.08118],[80.20228,8.0812],[80.20217,8.08125],[80.20197,8.08142],[80.2019,8.08181],[80.20177,8.08187],[80.20154,8.08168],[80.20144,8.08152],[80.20143,8.08126],[80.20153,8.08108],[80.20188,8.08087],[80.20196,8.08074],[80.20194,8.08064],[80.20186,8.08054],[80.20173,8.0805],[80.20139,8.08064],[80.20111,8.08049],[80.20108,8.08027],[80.20115,8.08012],[80.20131,8.08006],[80.20141,8.07995],[80.20145,8.07978],[80.20085,8.07967],[80.20079,8.07945],[80.20079,8.07926],[80.20111,8.07831],[80.2012,8.07792],[80.20159,8.07801],[80.20162,8.07777],[80.2018,8.07725],[80.2018,8.07705],[80.20169,8.07692],[80.20175,8.07659],[80.20163,8.07654],[80.20143,8.07649],[80.20125,8.07674],[80.20107,8.0768],[80.20084,8.07677],[80.20053,8.07619],[80.20054,8.07601],[80.2006,8.07585],[80.20108,8.07557],[80.20132,8.07504],[80.20148,8.07487],[80.2016,8.07454],[80.20178,8.0745],[80.20206,8.07472],[80.20225,8.07477],[80.20249,8.07463],[80.20279,8.07455],[80.20304,8.07437],[80.20276,8.07427],[80.20277,8.07412],[80.20231,8.07371],[80.20213,8.07321],[80.20216,8.07285],[80.20239,8.07251],[80.20291,8.07205],[80.20094,8.07097],[80.20085,8.07126],[80.20049,8.07167],[80.20029,8.07169],[80.20011,8.07161],[80.19972,8.07218],[80.19952,8.0723],[80.19942,8.07226],[80.1994,8.07212],[80.19949,8.07171],[80.1994,8.07139],[80.19951,8.07108],[80.19948,8.07101],[80.19765,8.07049],[80.19709,8.07119],[80.19692,8.0712],[80.19604,8.07059],[80.19592,8.07077],[80.19528,8.07144],[80.19509,8.07172],[80.19477,8.07201],[80.19467,8.07229],[80.19441,8.07228],[80.19434,8.07263]]]}},{"type":"Feature","properties":{"c":"forest"},"geometry":{"type":"Polygon","coordinates":[[[80.19521,8.07556],[80.19518,8.07581],[80.19533,8.07593],[80.1956,8.07605],[80.19632,8.07606],[80.19638,8.07599],[80.19637,8.07578],[80.19604,8.07527],[80.19581,8.07547],[80.19521,8.07556]]]}},{"type":"Feature","properties":{"c":"scrub"},"geometry":{"type":"Polygon","coordinates":[[[80.19613,8.07725],[80.19639,8.07736],[80.19657,8.07734],[80.19683,8.07706],[80.19688,8.07686],[80.19682,8.0767],[80.19662,8.07657],[80.19663,8.07645],[80.19618,8.07706],[80.19613,8.07725]]]}},{"type":"Feature","properties":{"c":"scrub"},"geometry":{"type":"Polygon","coordinates":[[[80.19649,8.07531],[80.19672,8.07584],[80.1967,8.07627],[80.19682,8.07614],[80.19696,8.0761],[80.19704,8.07595],[80.19707,8.0757],[80.19671,8.07553],[80.19649,8.07531]]]}},{"type":"Feature","properties":{"c":"scrub"},"geometry":{"type":"Polygon","coordinates":[[[80.19427,8.07625],[80.19463,8.07783],[80.19492,8.07866],[80.19552,8.07856],[80.19518,8.07761],[80.19493,8.0772],[80.19558,8.07674],[80.19573,8.07699],[80.19631,8.07632],[80.19638,8.07599],[80.19632,8.07606],[80.1956,8.07605],[80.19545,8.07598],[80.19537,8.07652],[80.19488,8.07644],[80.1949,8.07631],[80.19427,8.07625]]]}},{"type":"Feature","properties":{"c":"farmland"},"geometry":{"type":"Polygon","coordinates":[[[80.19346,8.07464],[80.19375,8.0754],[80.19402,8.07539],[80.19407,8.07597],[80.19431,8.07599],[80.19437,8.07584],[80.19451,8.07586],[80.19448,8.07627],[80.1949,8.07631],[80.19488,8.07644],[80.19537,8.07652],[80.19545,8.07598],[80.19518,8.07581],[80.19517,8.07567],[80.19454,8.0754],[80.19453,8.07523],[80.19445,8.07516],[80.1941,8.07438],[80.19346,8.07464]]]}},{"type":"Feature","properties":{"c":"scrub"},"geometry":{"type":"Polygon","coordinates":[[[80.19357,8.07606],[80.19374,8.07666],[80.19433,8.07655],[80.19427,8.07625],[80.19448,8.07627],[80.19451,8.07586],[80.19437,8.07584],[80.19431,8.07599],[80.19407,8.07597],[80.19402,8.07539],[80.19375,8.0754],[80.19391,8.07596],[80.19357,8.07606]]]}},{"type":"Feature","properties":{"c":"forest"},"geometry":{"type":"Polygon","coordinates":[[[80.19413,8.07378],[80.19427,8.07401],[80.19447,8.07406],[80.19462,8.07406],[80.19524,8.07389],[80.1951,8.07337],[80.19522,8.07281],[80.19536,8.07277],[80.19534,8.07269],[80.19458,8.073],[80.19413,8.07368],[80.19413,8.07378]]]}},{"type":"Feature","properties":{"c":"scrub"},"geometry":{"type":"Polygon","coordinates":[[[80.19249,8.07277],[80.19276,8.07334],[80.1929,8.07408],[80.19337,8.07539],[80.19371,8.07529],[80.19346,8.07464],[80.1941,8.07438],[80.19445,8.07516],[80.19453,8.07523],[80.19454,8.0754],[80.19517,8.07567],[80.19521,8.07556],[80.19581,8.07547],[80.19597,8.07532],[80.19591,8.07524],[80.19586,8.07529],[80.19577,8.07522],[80.19597,8.07489],[80.19635,8.07473],[80.19623,8.07423],[80.19626,8.07408],[80.19636,8.07397],[80.19648,8.07388],[80.19693,8.07386],[80.19711,8.07375],[80.19725,8.07347],[80.19759,8.07345],[80.19759,8.07333],[80.19747,8.07306],[80.19677,8.07315],[80.19651,8.07323],[80.19642,8.07288],[80.19659,8.07251],[80.19679,8.07224],[80.19666,8.07202],[80.19656,8.07195],[80.19638,8.07215],[80.19619,8.07225],[80.19585,8.0722],[80.19563,8.07227],[80.19551,8.07238],[80.19532,8.07243],[80.19536,8.07277],[80.19522,8.07281],[80.1951,8.07337],[80.19524,8.07389],[80.19462,8.07406],[80.19427,8.07401],[80.19413,8.07378],[80.19413,8.07368],[80.19458,8.073],[80.19441,8.07301],[80.19425,8.0731],[80.19404,8.07334],[80.19366,8.07332],[80.19351,8.07322],[80.19314,8.07273],[80.193,8.07267],[80.19292,8.07255],[80.19284,8.07223],[80.19253,8.07213],[80.19249,8.07277]]]}},{"type":"Feature","properties":{"c":"farmland"},"geometry":{"type":"Polygon","coordinates":[[[80.19338,8.07233],[80.19369,8.07247],[80.19435,8.07259],[80.19441,8.07228],[80.19467,8.07229],[80.19477,8.07201],[80.19509,8.07172],[80.19528,8.07144],[80.19592,8.07077],[80.19604,8.07059],[80.19581,8.07043],[80.19572,8.07048],[80.19542,8.07035],[80.19502,8.0704],[80.19474,8.07023],[80.19472,8.07012],[80.19439,8.06998],[80.19382,8.0712],[80.19338,8.07233]]]}},{"type":"Feature","properties":{"c":"scrub"},"geometry":{"type":"Polygon","coordinates":[[[80.19253,8.07213],[80.19291,8.07224],[80.19323,8.07247],[80.1935,8.07255],[80.19409,8.07269],[80.19446,8.07269],[80.19449,8.07264],[80.19434,8.07263],[80.19435,8.07259],[80.19369,8.07247],[80.19338,8.07233],[80.19382,8.0712],[80.19439,8.06998],[80.19472,8.07012],[80.19474,8.07023],[80.19502,8.0704],[80.19542,8.07035],[80.19572,8.07048],[80.19581,8.07043],[80.19594,8.07015],[80.19565,8.07024],[80.19532,8.07016],[80.19513,8.07007],[80.19473,8.06978],[80.19414,8.06959],[80.19384,8.06935],[80.19359,8.06906],[80.1934,8.06905],[80.19363,8.06952],[80.19371,8.06992],[80.19335,8.06995],[80.19331,8.07034],[80.19365,8.07038],[80.19358,8.07096],[80.19293,8.07214],[80.19255,8.07196],[80.19253,8.07213]]]}},{"type":"Feature","properties":{"c":"farmland"},"geometry":{"type":"Polygon","coordinates":[[[80.19581,8.07043],[80.19604,8.07059],[80.19632,8.07015],[80.1966,8.07033],[80.19655,8.07046],[80.19701,8.07068],[80.19722,8.0701],[80.19721,8.06997],[80.19704,8.06991],[80.19709,8.06967],[80.19695,8.06962],[80.19696,8.06955],[80.19629,8.06948],[80.19581,8.07043]]]}},{"type":"Feature","properties":{"c":"forest"},"geometry":{"type":"Polygon","coordinates":[[[80.19695,8.06962],[80.19709,8.06967],[80.19704,8.06991],[80.19721,8.06997],[80.19722,8.0701],[80.19707,8.07047],[80.1973,8.0706],[80.19774,8.06993],[80.19715,8.0696],[80.19716,8.06949],[80.19698,8.06946],[80.19695,8.06962]]]}},{"type":"Feature","properties":{"c":"scrub"},"geometry":{"type":"Polygon","coordinates":[[[80.19604,8.07059],[80.19692,8.0712],[80.19709,8.07119],[80.19765,8.07049],[80.19948,8.07101],[80.19951,8.07108],[80.19954,8.07094],[80.19937,8.07087],[80.19927,8.0707],[80.19914,8.07012],[80.19915,8.06994],[80.19859,8.06985],[80.19856,8.06994],[80.19818,8.06988],[80.1982,8.06924],[80.19776,8.06913],[80.19727,8.06886],[80.19697,8.06874],[80.19695,8.06881],[80.19711,8.06918],[80.19704,8.06938],[80.19697,8.06941],[80.19698,8.06946],[80.19716,8.06949],[80.19715,8.0696],[80.19774,8.06993],[80.1973,8.0706],[80.19707,8.07047],[80.19701,8.07068],[80.19655,8.07046],[80.1966,8.07033],[80.19632,8.07015],[80.19604,8.07059]]]}},{"type":"Feature","properties":{"c":"forest"},"geometry":{"type":"Polygon","coordinates":[[[80.19559,8.06752],[80.196,8.06807],[80.19641,8.06853],[80.19651,8.06888],[80.1968,8.06935],[80.1969,8.0694],[80.19704,8.06938],[80.19711,8.06918],[80.19695,8.06881],[80.19704,8.06848],[80.19714,8.06838],[80.19758,8.0683],[80.19766,8.06815],[80.19728,8.06786],[80.19717,8.06757],[80.19693,8.0674],[80.19645,8.06738],[80.19604,8.06719],[80.19567,8.06738],[80.19559,8.06752]]]}},{"type":"Feature","properties":{"c":"scrub"},"geometry":{"type":"Polygon","coordinates":[[[80.19538,8.06734],[80.19598,8.06835],[80.19623,8.06895],[80.19629,8.06948],[80.19696,8.06955],[80.19697,8.06941],[80.1968,8.06935],[80.19658,8.06903],[80.19641,8.06853],[80.196,8.06807],[80.19559,8.06752],[80.19567,8.06738],[80.19538,8.06734]]]}},{"type":"Feature","properties":{"c":"farmland"},"geometry":{"type":"Polygon","coordinates":[[[80.1906,8.06633],[80.19095,8.06647],[80.19099,8.06655],[80.1911,8.06658],[80.19147,8.06601],[80.19168,8.06615],[80.19179,8.06643],[80.19209,8.06672],[80.19222,8.0666],[80.1923,8.06667],[80.19229,8.06685],[80.19366,8.06789],[80.19403,8.06726],[80.19373,8.06708],[80.19382,8.06628],[80.19381,8.06614],[80.19359,8.06606],[80.19363,8.06539],[80.19341,8.06531],[80.19316,8.06539],[80.19302,8.06527],[80.19281,8.06526],[80.19265,8.06572],[80.19249,8.06565],[80.19244,8.06556],[80.19249,8.06535],[80.19188,8.06507],[80.19181,8.06512],[80.19165,8.06503],[80.19169,8.06495],[80.19163,8.06487],[80.19126,8.06471],[80.19111,8.06519],[80.19123,8.06529],[80.19117,8.0655],[80.19102,8.06556],[80.19099,8.06562],[80.19078,8.06558],[80.1906,8.06633]]]}},{"type":"Feature","properties":{"c":"scrub"},"geometry":{"type":"Polygon","coordinates":[[[80.1911,8.06658],[80.19201,8.06721],[80.19229,8.06685],[80.1923,8.06667],[80.19222,8.0666],[80.19209,8.06672],[80.19179,8.06643],[80.19168,8.06615],[80.19147,8.06601],[80.1911,8.06658]]]}},{"type":"Feature","properties":{"c":"forest"},"geometry":{"type":"Polygon","coordinates":[[[80.19373,8.06708],[80.19414,8.06734],[80.19492,8.0659],[80.19501,8.06577],[80.19529,8.06559],[80.19509,8.06541],[80.19461,8.0653],[80.19452,8.06514],[80.19413,8.06518],[80.19397,8.06533],[80.19397,8.06554],[80.19421,8.0655],[80.19425,8.06617],[80.19381,8.06642],[80.19373,8.06708]]]}},{"type":"Feature","properties":{"c":"scrub"},"geometry":{"type":"Polygon","coordinates":[[[80.19126,8.06471],[80.19163,8.06487],[80.19169,8.06495],[80.19165,8.06503],[80.19181,8.06512],[80.19188,8.06507],[80.19249,8.06535],[80.19244,8.06556],[80.19249,8.06565],[80.19265,8.06572],[80.19281,8.06526],[80.19302,8.06527],[80.19316,8.06539],[80.19341,8.06531],[80.19363,8.06539],[80.19359,8.06606],[80.19381,8.06614],[80.19381,8.06642],[80.19425,8.06617],[80.19421,8.0655],[80.19397,8.06554],[80.19397,8.06533],[80.19385,8.06526],[80.19339,8.06524],[80.19327,8.065],[80.1936,8.06461],[80.19353,8.06448],[80.19292,8.06479],[80.19289,8.06487],[80.1921,8.06468],[80.19201,8.06437],[80.19182,8.06439],[80.19177,8.06434],[80.19137,8.06444],[80.19126,8.06471]]]}},{"type":"Feature","properties":{"c":"scrub"},"geometry":{"type":"Polygon","coordinates":[[[80.19452,8.06514],[80.19461,8.0653],[80.19509,8.06541],[80.19529,8.06559],[80.19564,8.06538],[80.19555,8.06528],[80.19556,8.06516],[80.19549,8.065],[80.19531,8.06474],[80.19452,8.06514]]]}},{"type":"Feature","properties":{"c":"forest"},"geometry":{"type":"Polygon","coordinates":[[[80.19495,8.0666],[80.19502,8.06679],[80.19525,8.06718],[80.19542,8.06706],[80.19548,8.06664],[80.19556,8.06648],[80.19568,8.06641],[80.19574,8.06651],[80.19631,8.06635],[80.1964,8.06638],[80.19647,8.06633],[80.19639,8.06618],[80.19624,8.06613],[80.19599,8.06585],[80.19598,8.06573],[80.19569,8.06535],[80.19519,8.06565],[80.19535,8.06584],[80.19511,8.0661],[80.19496,8.06634],[80.19495,8.0666]]]}},{"type":"Feature","properties":{"c":"scrub"},"geometry":{"type":"Polygon","coordinates":[[[80.19525,8.06718],[80.19538,8.06734],[80.19567,8.06738],[80.19604,8.06719],[80.19645,8.06738],[80.19693,8.0674],[80.19717,8.06757],[80.19698,8.06705],[80.19696,8.0667],[80.19676,8.06671],[80.19674,8.06687],[80.19667,8.06696],[80.19614,8.06706],[80.19583,8.06649],[80.19574,8.06651],[80.19568,8.06641],[80.19556,8.06648],[80.19548,8.06664],[80.19542,8.06706],[80.19525,8.06718]]]}},{"type":"Feature","properties":{"c":"scrub"},"geometry":{"type":"Polygon","coordinates":[[[80.19366,8.06789],[80.19387,8.06804],[80.1948,8.0662],[80.19486,8.06613],[80.19498,8.06612],[80.19496,8.06634],[80.19511,8.0661],[80.19535,8.06584],[80.19519,8.06565],[80.19501,8.06577],[80.19473,8.06622],[80.19414,8.06734],[80.19403,8.06726],[80.19366,8.06789]]]}},{"type":"Feature","properties":{"c":"meadow"},"geometry":{"type":"Polygon","coordinates":[[[80.19575,8.06542],[80.19598,8.06573],[80.19599,8.06585],[80.19624,8.06613],[80.19639,8.06618],[80.19647,8.06633],[80.1964,8.06638],[80.19631,8.06635],[80.19583,8.06649],[80.1961,8.06701],[80.19614,8.06706],[80.19667,8.06696],[80.19674,8.06687],[80.19676,8.06671],[80.19696,8.0667],[80.19703,8.06726],[80.19728,8.06786],[80.19766,8.06815],[80.19758,8.0683],[80.19714,8.06838],[80.19704,8.06848],[80.19697,8.06874],[80.19727,8.06886],[80.19776,8.06913],[80.1982,8.06924],[80.19818,8.06988],[80.19856,8.06994],[80.19859,8.06985],[80.19915,8.06994],[80.19914,8.07012],[80.19927,8.0707],[80.19937,8.07087],[80.19954,8.07094],[80.1994,8.07139],[80.19949,8.07171],[80.1994,8.07212],[80.19942,8.07226],[80.19952,8.0723],[80.19972,8.07218],[80.20011,8.07161],[80.20029,8.07169],[80.20049,8.07167],[80.20085,8.07126],[80.20094,8.07097],[80.2011,8.07106],[80.2012,8.07079],[80.20116,8.07064],[80.20129,8.0703],[80.20112,8.07009],[80.201,8.06981],[80.20084,8.0697],[80.20073,8.06913],[80.20045,8.06886],[80.20025,8.06892],[80.20016,8.06882],[80.2,8.06723],[80.19975,8.06708],[80.1997,8.06691],[80.1996,8.06684],[80.19938,8.06678],[80.19877,8.06677],[80.19869,8.0667],[80.1986,8.06652],[80.19856,8.06628],[80.19807,8.06632],[80.19769,8.06611],[80.19762,8.06587],[80.1976,8.0655],[80.19716,8.06543],[80.19687,8.06506],[80.19679,8.06488],[80.19639,8.06516],[80.19601,8.06526],[80.19601,8.06533],[80.19575,8.06542]]]}},{"type":"Feature","properties":{"c":"scrub"},"geometry":{"type":"Polygon","coordinates":[[[80.20026,8.06694],[80.20022,8.06719],[80.20032,8.06737],[80.20045,8.06742],[80.20041,8.06713],[80.20044,8.06692],[80.20026,8.06694]]]}},{"type":"Feature","properties":{"c":"forest"},"geometry":{"type":"Polygon","coordinates":[[[80.19458,8.06299],[80.1946,8.0631],[80.19479,8.06312],[80.19488,8.0632],[80.19499,8.06317],[80.19567,8.06273],[80.19579,8.06299],[80.19584,8.06338],[80.19593,8.06344],[80.19613,8.06343],[80.1962,8.06352],[80.19624,8.06366],[80.19617,8.06378],[80.19533,8.06427],[80.19548,8.06445],[80.19548,8.0646],[80.19531,8.06474],[80.19549,8.065],[80.19556,8.06516],[80.19555,8.06528],[80.19564,8.06538],[80.19569,8.06535],[80.19575,8.06542],[80.19601,8.06533],[80.19601,8.06526],[80.19639,8.06516],[80.1969,8.06479],[80.19703,8.06487],[80.19741,8.06486],[80.19757,8.06464],[80.19759,8.06451],[80.19754,8.06438],[80.19732,8.06447],[80.1972,8.06424],[80.19713,8.06399],[80.19673,8.0641],[80.1963,8.06297],[80.19509,8.06149],[80.19484,8.06153],[80.19483,8.06177],[80.19507,8.06213],[80.19527,8.06226],[80.1953,8.06236],[80.19519,8.0626],[80.19491,8.0628],[80.19485,8.06289],[80.19458,8.06299]]]}},{"type":"Feature","properties":{"c":"scrub"},"geometry":{"type":"Polygon","coordinates":[[[80.1966,8.06376],[80.19673,8.0641],[80.19713,8.06399],[80.1972,8.06424],[80.19732,8.06447],[80.19754,8.06438],[80.19759,8.06451],[80.19757,8.06464],[80.19741,8.06486],[80.19703,8.06487],[80.1969,8.06479],[80.19679,8.06488],[80.19687,8.06506],[80.19716,8.06543],[80.1976,8.0655],[80.19769,8.06545],[80.19773,8.06519],[80.19787,8.06517],[80.19808,8.06526],[80.19823,8.06541],[80.19844,8.06515],[80.19957,8.06417],[80.19958,8.06392],[80.19948,8.06381],[80.19912,8.0639],[80.19876,8.06351],[80.19835,8.06367],[80.198,8.06372],[80.1978,8.06371],[80.19772,8.06361],[80.19771,8.06346],[80.19752,8.06333],[80.19706,8.06332],[80.1969,8.06346],[80.19675,8.06369],[80.1966,8.06376]]]}},{"type":"Feature","properties":{"c":"forest"},"geometry":{"type":"Polygon","coordinates":[[[80.19769,8.0653],[80.19772,8.06561],[80.19794,8.0657],[80.19795,8.06582],[80.19804,8.06585],[80.19806,8.06564],[80.19823,8.06541],[80.19808,8.06526],[80.19787,8.06517],[80.19773,8.06519],[80.19769,8.0653]]]}},{"type":"Feature","properties":{"c":"scrub"},"geometry":{"type":"Polygon","coordinates":[[[80.1976,8.0655],[80.19762,8.06587],[80.19769,8.06611],[80.19807,8.06632],[80.19845,8.06629],[80.19844,8.06608],[80.19865,8.06581],[80.19821,8.06544],[80.19806,8.06564],[80.19804,8.06585],[80.19795,8.06582],[80.19794,8.0657],[80.19772,8.06561],[80.19769,8.06545],[80.1976,8.0655]]]}},{"type":"Feature","properties":{"c":"forest"},"geometry":{"type":"Polygon","coordinates":[[[80.19844,8.06608],[80.19845,8.06629],[80.19856,8.06628],[80.1986,8.06652],[80.19869,8.0667],[80.19877,8.06677],[80.19938,8.06678],[80.1996,8.06684],[80.1997,8.06691],[80.19975,8.06708],[80.2,8.06723],[80.20022,8.06719],[80.20026,8.06694],[80.20036,8.0669],[80.20044,8.06692],[80.20126,8.06675],[80.20122,8.06657],[80.2013,8.06645],[80.2012,8.06615],[80.20084,8.066],[80.20064,8.06567],[80.20042,8.06554],[80.20034,8.06535],[80.19999,8.06493],[80.20005,8.0648],[80.20002,8.0646],[80.19995,8.06454],[80.19977,8.0647],[80.19971,8.0648],[80.19939,8.06506],[80.19944,8.06515],[80.19939,8.06543],[80.19928,8.06555],[80.1988,8.06567],[80.19844,8.06608]]]}},{"type":"Feature","properties":{"c":"scrub"},"geometry":{"type":"Polygon","coordinates":[[[80.1985,8.06568],[80.19865,8.06581],[80.1988,8.06567],[80.19928,8.06555],[80.19939,8.06543],[80.19944,8.06529],[80.19944,8.06515],[80.19939,8.06506],[80.1993,8.06501],[80.19912,8.06511],[80.1985,8.06568]]]}},{"type":"Feature","properties":{"c":"forest"},"geometry":{"type":"Polygon","coordinates":[[[80.2,8.06723],[80.20016,8.06882],[80.20025,8.06892],[80.20045,8.06886],[80.20073,8.06913],[80.20084,8.0697],[80.201,8.06981],[80.20112,8.07009],[80.20129,8.0703],[80.20116,8.07064],[80.2012,8.07079],[80.2011,8.07106],[80.20291,8.07205],[80.20297,8.07193],[80.20288,8.07185],[80.20259,8.07178],[80.20256,8.07172],[80.20279,8.07149],[80.20297,8.0714],[80.20307,8.07144],[80.20311,8.07152],[80.20301,8.07168],[80.20301,8.07177],[80.20309,8.0718],[80.20341,8.07166],[80.20358,8.07171],[80.20374,8.07168],[80.20423,8.07137],[80.20468,8.07096],[80.20507,8.0708],[80.20519,8.07065],[80.20509,8.07053],[80.20492,8.07053],[80.2047,8.0706],[80.20427,8.07058],[80.2041,8.07039],[80.20401,8.06971],[80.2039,8.06972],[80.20386,8.06967],[80.20385,8.0693],[80.20405,8.06939],[80.2043,8.06918],[80.20408,8.06886],[80.20414,8.06875],[80.204,8.06865],[80.20392,8.06874],[80.20383,8.06869],[80.20376,8.06855],[80.20344,8.06856],[80.20334,8.06846],[80.20317,8.06862],[80.20311,8.06863],[80.20306,8.06854],[80.20306,8.06835],[80.2027,8.06782],[80.20258,8.06797],[80.20202,8.06762],[80.20193,8.06752],[80.20192,8.06685],[80.20135,8.06692],[80.20126,8.06675],[80.20044,8.06692],[80.20041,8.06713],[80.20045,8.06742],[80.20038,8.06742],[80.20022,8.06719],[80.2,8.06723]]]}},{"type":"Feature","properties":{"c":"forest"},"geometry":{"type":"Polygon","coordinates":[[[80.20011,8.06471],[80.20015,8.06497],[80.20045,8.06501],[80.20058,8.0651],[80.20099,8.06512],[80.20105,8.06519],[80.20107,8.06534],[80.20125,8.06552],[80.20119,8.06575],[80.20139,8.06585],[80.20129,8.06597],[80.20132,8.06615],[80.2014,8.06619],[80.20171,8.06593],[80.20172,8.06556],[80.20179,8.06542],[80.20175,8.06533],[80.20182,8.06518],[80.20231,8.06558],[80.20334,8.06597],[80.20353,8.06558],[80.20362,8.065],[80.20333,8.06495],[80.20319,8.06479],[80.20304,8.0648],[80.20304,8.06487],[80.20297,8.06488],[80.20287,8.06472],[80.20277,8.06416],[80.20265,8.06412],[80.20252,8.06395],[80.20236,8.06398],[80.20226,8.06386],[80.20212,8.06398],[80.20197,8.06383],[80.20189,8.06384],[80.2018,8.06376],[80.20167,8.06379],[80.20164,8.06372],[80.20184,8.06365],[80.20174,8.06343],[80.20163,8.06336],[80.20157,8.06325],[80.20164,8.06283],[80.20157,8.06272],[80.20137,8.06267],[80.20116,8.06275],[80.2011,8.06293],[80.20102,8.06296],[80.20084,8.06287],[80.20074,8.0629],[80.2007,8.06305],[80.20097,8.06339],[80.20107,8.0636],[80.20106,8.06372],[80.20084,8.06393],[80.20063,8.06429],[80.20062,8.06441],[80.20052,8.0644],[80.20053,8.06461],[80.20019,8.0646],[80.20011,8.06471]]]}},{"type":"Feature","properties":{"c":"scrub"},"geometry":{"type":"Polygon","coordinates":[[[80.19995,8.06454],[80.20002,8.0646],[80.20005,8.0648],[80.19999,8.06493],[80.20034,8.06535],[80.20042,8.06554],[80.20064,8.06567],[80.20084,8.066],[80.20095,8.06608],[80.20132,8.06615],[80.20129,8.06597],[80.20139,8.06585],[80.20119,8.06575],[80.20125,8.06552],[80.20107,8.06534],[80.20105,8.06519],[80.20099,8.06512],[80.20058,8.0651],[80.20045,8.06501],[80.20015,8.06497],[80.20011,8.06471],[80.20019,8.0646],[80.19995,8.06454]]]}},{"type":"Feature","properties":{"c":"scrub"},"geometry":{"type":"Polygon","coordinates":[[[80.19353,8.06448],[80.1936,8.06461],[80.19409,8.06439],[80.19431,8.06473],[80.19472,8.06455],[80.19483,8.06462],[80.19555,8.06411],[80.19617,8.06378],[80.19624,8.06366],[80.1962,8.06352],[80.19613,8.06343],[80.19593,8.06344],[80.19584,8.06338],[80.19579,8.06299],[80.19567,8.06273],[80.19514,8.06308],[80.19488,8.0632],[80.19494,8.0634],[80.19464,8.06351],[80.19469,8.06369],[80.19368,8.06428],[80.19354,8.06441],[80.19353,8.06448]]]}},{"type":"Feature","properties":{"c":"farmland"},"geometry":{"type":"Polygon","coordinates":[[[80.18723,8.06161],[80.18774,8.06246],[80.18784,8.06275],[80.18775,8.06372],[80.18809,8.06381],[80.18849,8.06379],[80.18877,8.06357],[80.18893,8.06352],[80.18955,8.06378],[80.19034,8.06384],[80.19097,8.0638],[80.19093,8.06365],[80.19107,8.06363],[80.19105,8.06352],[80.19116,8.06351],[80.19148,8.06441],[80.19177,8.06434],[80.19182,8.06439],[80.19201,8.06437],[80.1921,8.06468],[80.19289,8.06487],[80.19292,8.06479],[80.19353,8.06448],[80.19354,8.06441],[80.19368,8.06428],[80.19469,8.06369],[80.19464,8.06351],[80.19494,8.0634],[80.19488,8.0632],[80.19479,8.06312],[80.1946,8.0631],[80.19457,8.06306],[80.19458,8.06299],[80.19485,8.06289],[80.19442,8.06193],[80.19382,8.06217],[80.19374,8.06207],[80.19335,8.06224],[80.19326,8.0621],[80.19338,8.0619],[80.19359,8.06175],[80.19361,8.06097],[80.1932,8.06097],[80.19316,8.06084],[80.19303,8.06083],[80.19294,8.06072],[80.19231,8.06075],[80.19228,8.06108],[80.19217,8.06112],[80.19214,8.06123],[80.19201,8.06123],[80.19208,8.06188],[80.1914,8.06199],[80.19133,8.06209],[80.19079,8.06225],[80.19045,8.06213],[80.19021,8.06176],[80.18956,8.06158],[80.18917,8.06139],[80.18917,8.06132],[80.18895,8.06118],[80.18865,8.06108],[80.18823,8.06113],[80.18809,8.06126],[80.18723,8.06161]]]}},{"type":"Feature","properties":{"c":"scrub"},"geometry":{"type":"Polygon","coordinates":[[[80.18823,8.06106],[80.18823,8.06113],[80.18865,8.06108],[80.18855,8.06104],[80.18823,8.06106]]]}},{"type":"Feature","properties":{"c":"farmland"},"geometry":{"type":"Polygon","coordinates":[[[80.18772,8.06424],[80.18807,8.06509],[80.18828,8.065],[80.18851,8.06499],[80.1894,8.06528],[80.18949,8.06513],[80.19019,8.06538],[80.19045,8.06528],[80.19033,8.06509],[80.19035,8.06503],[80.19051,8.06496],[80.19055,8.06477],[80.19037,8.06469],[80.19062,8.06411],[80.19034,8.064],[80.19005,8.06407],[80.18994,8.06415],[80.18956,8.06408],[80.18941,8.06415],[80.18856,8.06396],[80.18849,8.06398],[80.18848,8.06424],[80.18772,8.06424]]]}},{"type":"Feature","properties":{"c":"scrub"},"geometry":{"type":"Polygon","coordinates":[[[80.18775,8.06372],[80.18772,8.06424],[80.18848,8.06424],[80.18849,8.06398],[80.18856,8.06396],[80.18941,8.06415],[80.18956,8.06408],[80.18958,8.06398],[80.18929,8.06396],[80.18898,8.06386],[80.18896,8.06373],[80.18872,8.06371],[80.18868,8.06365],[80.18849,8.06379],[80.18809,8.06381],[80.18775,8.06372]]]}},{"type":"Feature","properties":{"c":"forest"},"geometry":{"type":"Polygon","coordinates":[[[80.18868,8.06365],[80.18872,8.06371],[80.18896,8.06373],[80.18898,8.06386],[80.18929,8.06396],[80.18956,8.06395],[80.18956,8.06408],[80.18994,8.06415],[80.19005,8.06407],[80.19034,8.064],[80.19062,8.06411],[80.19102,8.06413],[80.19098,8.06398],[80.19112,8.06394],[80.19118,8.064],[80.19132,8.06395],[80.19116,8.06351],[80.19105,8.06352],[80.19107,8.06363],[80.19093,8.06365],[80.19097,8.0638],[80.19034,8.06384],[80.18955,8.06378],[80.18893,8.06352],[80.18868,8.06365]]]}},{"type":"Feature","properties":{"c":"scrub"},"geometry":{"type":"Polygon","coordinates":[[[80.19053,8.06431],[80.19084,8.06442],[80.19091,8.06456],[80.19126,8.06471],[80.19137,8.06444],[80.19148,8.06441],[80.19132,8.06395],[80.19118,8.064],[80.19112,8.06394],[80.19098,8.06398],[80.19102,8.06413],[80.19062,8.06411],[80.19053,8.06431]]]}},{"type":"Feature","properties":{"c":"forest"},"geometry":{"type":"Polygon","coordinates":[[[80.18935,8.06619],[80.18979,8.06656],[80.19029,8.06601],[80.19051,8.06609],[80.19053,8.0663],[80.1906,8.06633],[80.19078,8.06558],[80.19099,8.06562],[80.19102,8.06556],[80.19117,8.0655],[80.19123,8.06529],[80.19111,8.06519],[80.19126,8.06471],[80.19091,8.06456],[80.19084,8.06442],[80.19053,8.06431],[80.19037,8.06469],[80.19055,8.06477],[80.19051,8.06496],[80.19035,8.06503],[80.19033,8.06509],[80.19045,8.06528],[80.19019,8.06538],[80.19,8.06534],[80.18998,8.06546],[80.19005,8.06553],[80.19005,8.0656],[80.18965,8.06586],[80.18935,8.06619]]]}},{"type":"Feature","properties":{"c":"scrub"},"geometry":{"type":"Polygon","coordinates":[[[80.18807,8.06509],[80.18836,8.06546],[80.18893,8.06578],[80.18935,8.06619],[80.18965,8.06586],[80.19005,8.0656],[80.19005,8.06553],[80.18998,8.06546],[80.19,8.06534],[80.18949,8.06513],[80.1894,8.06528],[80.18851,8.06499],[80.18828,8.065],[80.18807,8.06509]]]}},{"type":"Feature","properties":{"c":"scrub"},"geometry":{"type":"Polygon","coordinates":[[[80.18979,8.06656],[80.19041,8.06702],[80.1906,8.06633],[80.19053,8.0663],[80.19051,8.06609],[80.19029,8.06601],[80.18979,8.06656]]]}},{"type":"Feature","properties":{"c":"forest"},"geometry":{"type":"Polygon","coordinates":[[[80.19641,8.08179],[80.1964,8.0821],[80.19652,8.08242],[80.19713,8.08261],[80.19701,8.08231],[80.19698,8.08195],[80.19692,8.0819],[80.19698,8.08163],[80.19709,8.08157],[80.19711,8.08149],[80.19663,8.0812],[80.19651,8.08152],[80.19656,8.08166],[80.1965,8.08178],[80.19641,8.08179]]]}},{"type":"Feature","properties":{"c":"farmland"},"geometry":{"type":"Polygon","coordinates":[[[80.19443,8.08156],[80.19493,8.08161],[80.19503,8.082],[80.1954,8.08209],[80.19601,8.08233],[80.19606,8.08152],[80.19626,8.08104],[80.19595,8.08091],[80.19576,8.08124],[80.19514,8.08113],[80.19449,8.08109],[80.19443,8.08156]]]}},{"type":"Feature","properties":{"c":"forest"},"geometry":{"type":"Polygon","coordinates":[[[80.19548,8.08117],[80.19576,8.08124],[80.19595,8.08091],[80.19567,8.08078],[80.19548,8.08117]]]}},{"type":"Feature","properties":{"c":"meadow"},"geometry":{"type":"Polygon","coordinates":[[[80.19423,8.08154],[80.19443,8.08156],[80.19449,8.08109],[80.19548,8.08117],[80.19555,8.08103],[80.1953,8.08096],[80.19538,8.0807],[80.19484,8.08049],[80.19488,8.07999],[80.19446,8.07993],[80.19423,8.08154]]]}},{"type":"Feature","properties":{"c":"scrub"},"geometry":{"type":"Polygon","coordinates":[[[80.19601,8.08233],[80.19652,8.08242],[80.1964,8.0821],[80.19639,8.08194],[80.19641,8.08179],[80.1965,8.08178],[80.19656,8.08166],[80.19651,8.08152],[80.19663,8.0812],[80.19626,8.08104],[80.19606,8.08152],[80.19601,8.08233]]]}},{"type":"Feature","properties":{"c":"forest"},"geometry":{"type":"Polygon","coordinates":[[[80.19326,8.0621],[80.19335,8.06224],[80.19374,8.06207],[80.19382,8.06217],[80.19415,8.06204],[80.19417,8.06187],[80.19408,8.06174],[80.19412,8.06165],[80.19405,8.06132],[80.19436,8.06126],[80.19443,8.06105],[80.19452,8.06106],[80.19455,8.06086],[80.19467,8.06081],[80.1946,8.06068],[80.19465,8.06063],[80.19458,8.06041],[80.19448,8.06035],[80.19424,8.06038],[80.19387,8.0606],[80.1938,8.06082],[80.19361,8.06097],[80.19359,8.06175],[80.19338,8.0619],[80.19326,8.0621]]]}},{"type":"Feature","properties":{"c":"scrub"},"geometry":{"type":"Polygon","coordinates":[[[80.19405,8.06132],[80.19412,8.06165],[80.19408,8.06174],[80.19417,8.06187],[80.19415,8.06204],[80.19442,8.06193],[80.19485,8.06289],[80.19491,8.0628],[80.19519,8.0626],[80.1953,8.06236],[80.19527,8.06226],[80.19507,8.06213],[80.19483,8.06177],[80.19484,8.06153],[80.19517,8.06148],[80.19467,8.06081],[80.19455,8.06086],[80.19452,8.06106],[80.19443,8.06105],[80.19436,8.06126],[80.19405,8.06132]]]}},{"type":"Feature","properties":{"c":"farmland"},"geometry":{"type":"Polygon","coordinates":[[[80.19876,8.06351],[80.19912,8.0639],[80.19948,8.06381],[80.19958,8.06392],[80.19985,8.06368],[80.20048,8.06293],[80.20056,8.06249],[80.19945,8.06246],[80.19939,8.06291],[80.19876,8.06351]]]}},{"type":"Feature","properties":{"c":"scrub"},"geometry":{"type":"Polygon","coordinates":[[[80.19958,8.06214],[80.19959,8.06246],[80.20056,8.06249],[80.20048,8.06293],[80.2007,8.06305],[80.20074,8.0629],[80.20084,8.06287],[80.20102,8.06296],[80.2011,8.06293],[80.20116,8.06275],[80.20137,8.06267],[80.20157,8.06272],[80.20164,8.06283],[80.20174,8.06278],[80.20173,8.06251],[80.20128,8.06249],[80.20128,8.06221],[80.20148,8.06217],[80.20172,8.06204],[80.20172,8.06189],[80.20096,8.06191],[80.2003,8.06199],[80.20029,8.06206],[80.19958,8.06214]]]}},{"type":"Feature","properties":{"c":"scrub"},"geometry":{"type":"Polygon","coordinates":[[[80.20164,8.06283],[80.20157,8.06325],[80.20163,8.06336],[80.20174,8.06343],[80.20184,8.06365],[80.20164,8.06372],[80.20167,8.06379],[80.2018,8.06376],[80.20189,8.06384],[80.20197,8.06383],[80.20212,8.06398],[80.20226,8.06386],[80.20236,8.06398],[80.20252,8.06395],[80.20265,8.06412],[80.20287,8.06416],[80.20283,8.06375],[80.20259,8.06376],[80.20256,8.06368],[80.20218,8.06373],[80.20175,8.06289],[80.20205,8.0628],[80.20208,8.06259],[80.20227,8.06259],[80.20256,8.06268],[80.20258,8.06246],[80.20173,8.06251],[80.20174,8.06278],[80.20164,8.06283]]]}},{"type":"Feature","properties":{"c":"scrub"},"geometry":{"type":"Polygon","coordinates":[[[80.20103,8.07856],[80.20166,8.07869],[80.20215,8.07849],[80.2022,8.07834],[80.20211,8.07797],[80.20221,8.07766],[80.20249,8.07717],[80.2026,8.07671],[80.20306,8.07612],[80.20326,8.07573],[80.20317,8.07555],[80.20318,8.07526],[80.20346,8.07457],[80.20304,8.07437],[80.20279,8.07455],[80.20249,8.07463],[80.20225,8.07477],[80.20206,8.07472],[80.20178,8.0745],[80.2016,8.07454],[80.20148,8.07487],[80.20132,8.07504],[80.20108,8.07557],[80.20123,8.07603],[80.20159,8.07635],[80.20181,8.07641],[80.20169,8.0768],[80.20169,8.07692],[80.2018,8.07705],[80.2018,8.07725],[80.20162,8.07777],[80.20159,8.07801],[80.2012,8.07792],[80.20103,8.07856]]]}},{"type":"Feature","properties":{"c":"scrub"},"geometry":{"type":"Polygon","coordinates":[[[80.20286,8.0769],[80.20289,8.07726],[80.20302,8.07736],[80.20309,8.0775],[80.20315,8.07775],[80.20314,8.07795],[80.2033,8.07812],[80.20336,8.07788],[80.20335,8.07766],[80.20322,8.07727],[80.20329,8.0772],[80.20339,8.0772],[80.2035,8.07733],[80.20355,8.07764],[80.20362,8.07777],[80.20395,8.07802],[80.2046,8.07828],[80.20521,8.07831],[80.20525,8.07839],[80.20537,8.07844],[80.20538,8.07825],[80.20532,8.0782],[80.20488,8.07807],[80.20479,8.0781],[80.2046,8.07807],[80.20462,8.07798],[80.20442,8.07794],[80.20439,8.07799],[80.20417,8.07791],[80.20374,8.07762],[80.20367,8.07749],[80.20366,8.07717],[80.20373,8.07705],[80.20395,8.07707],[80.20417,8.07676],[80.20406,8.07668],[80.20419,8.07653],[80.20441,8.07665],[80.20478,8.07583],[80.20471,8.07574],[80.20487,8.07544],[80.20482,8.07541],[80.20459,8.07584],[80.20419,8.07634],[80.20376,8.07642],[80.2032,8.07641],[80.20297,8.07655],[80.20296,8.07674],[80.20286,8.0769]]]}},{"type":"Feature","properties":{"c":"meadow"},"geometry":{"type":"Polygon","coordinates":[[[80.20079,8.07926],[80.20085,8.07967],[80.20145,8.07978],[80.20141,8.07995],[80.20131,8.08006],[80.20115,8.08012],[80.20108,8.08027],[80.20111,8.08049],[80.20139,8.08064],[80.20173,8.0805],[80.20186,8.08054],[80.20194,8.08064],[80.20196,8.08074],[80.20188,8.08087],[80.20153,8.08108],[80.20143,8.08126],[80.20144,8.08152],[80.20154,8.08168],[80.20177,8.08187],[80.2019,8.08181],[80.20197,8.08142],[80.20217,8.08125],[80.20228,8.0812],[80.20266,8.08118],[80.20272,8.08129],[80.20269,8.08145],[80.20259,8.08163],[80.20259,8.08191],[80.20268,8.08206],[80.20303,8.08227],[80.20356,8.08223],[80.20378,8.08237],[80.20398,8.08221],[80.20424,8.08212],[80.20462,8.08166],[80.20494,8.08186],[80.20554,8.08201],[80.20704,8.08203],[80.20697,8.08036],[80.20707,8.08019],[80.2073,8.08005],[80.20782,8.07998],[80.20793,8.07978],[80.20798,8.07949],[80.20797,8.07857],[80.2078,8.07821],[80.20769,8.07785],[80.2078,8.07719],[80.20744,8.07654],[80.20669,8.07658],[80.20593,8.07679],[80.20535,8.07706],[80.20484,8.07764],[80.20488,8.07783],[80.20479,8.0781],[80.20488,8.07807],[80.20532,8.0782],[80.20538,8.07825],[80.20537,8.07844],[80.20525,8.07839],[80.20455,8.07843],[80.20393,8.07863],[80.20361,8.07853],[80.20318,8.07802],[80.20309,8.0775],[80.20302,8.07736],[80.20289,8.07726],[80.20286,8.0769],[80.20296,8.07674],[80.20269,8.07657],[80.2026,8.07671],[80.20249,8.07717],[80.20221,8.07766],[80.20211,8.07797],[80.2022,8.07834],[80.20215,8.07849],[80.20166,8.07869],[80.20103,8.07856],[80.20079,8.07926]]]}},{"type":"Feature","properties":{"c":"farmland"},"geometry":{"type":"Polygon","coordinates":[[[80.20366,8.07717],[80.20367,8.07749],[80.20374,8.07762],[80.20417,8.07791],[80.20439,8.07799],[80.20442,8.07794],[80.20462,8.07798],[80.2046,8.07807],[80.20479,8.0781],[80.20488,8.07783],[80.20484,8.07764],[80.20535,8.07706],[80.20593,8.07679],[80.20586,8.07664],[80.20601,8.07654],[80.20653,8.07635],[80.20658,8.07613],[80.20629,8.07571],[80.20643,8.07559],[80.20619,8.07531],[80.20645,8.07489],[80.20589,8.07469],[80.20581,8.07505],[80.20528,8.07516],[80.2052,8.07532],[80.20526,8.07538],[80.20523,8.07544],[80.20494,8.0753],[80.20471,8.07574],[80.20478,8.07583],[80.20441,8.07665],[80.20419,8.07653],[80.20406,8.07668],[80.20417,8.07676],[80.20395,8.07707],[80.20373,8.07705],[80.20366,8.07717]]]}},{"type":"Feature","properties":{"c":"meadow"},"geometry":{"type":"Polygon","coordinates":[[[80.20269,8.07657],[80.20296,8.07674],[80.20297,8.07655],[80.2032,8.07641],[80.20376,8.07642],[80.20419,8.07634],[80.20459,8.07584],[80.20501,8.07502],[80.20444,8.07473],[80.20409,8.07443],[80.20385,8.07443],[80.2037,8.07453],[80.20346,8.07457],[80.20318,8.07526],[80.20317,8.07555],[80.20326,8.07573],[80.20306,8.07612],[80.20269,8.07657]]]}},{"type":"Feature","properties":{"c":"farmland"},"geometry":{"type":"Polygon","coordinates":[[[80.20463,8.07467],[80.20533,8.07503],[80.20528,8.07516],[80.20581,8.07505],[80.20589,8.07469],[80.20545,8.0745],[80.20506,8.07411],[80.20463,8.07467]]]}},{"type":"Feature","properties":{"c":"scrub"},"geometry":{"type":"Polygon","coordinates":[[[80.20211,8.06159],[80.20212,8.06178],[80.20262,8.0618],[80.20332,8.06201],[80.20335,8.06215],[80.20375,8.06228],[80.20385,8.06218],[80.20386,8.06209],[80.20378,8.06208],[80.20378,8.0619],[80.20397,8.06191],[80.20403,8.06184],[80.20419,8.06186],[80.20427,8.06178],[80.20442,8.06179],[80.2044,8.06163],[80.20448,8.06163],[80.20447,8.06153],[80.20406,8.06157],[80.20405,8.06166],[80.20391,8.06176],[80.20377,8.06174],[80.20368,8.06199],[80.2034,8.06192],[80.20344,8.06173],[80.20306,8.0617],[80.203,8.06176],[80.20238,8.06171],[80.2024,8.06154],[80.20211,8.06159]]]}},{"type":"Feature","properties":{"c":"farmland"},"geometry":{"type":"Polygon","coordinates":[[[80.20128,8.06221],[80.20128,8.06249],[80.20203,8.06252],[80.20219,8.06247],[80.20258,8.06246],[80.20256,8.06268],[80.20227,8.06259],[80.20208,8.06259],[80.20205,8.0628],[80.20175,8.06289],[80.20218,8.06373],[80.20256,8.06368],[80.20259,8.06376],[80.20283,8.06375],[80.20286,8.06403],[80.20381,8.064],[80.20465,8.06426],[80.20527,8.06433],[80.20573,8.06445],[80.20582,8.06452],[80.20598,8.06489],[80.20629,8.06502],[80.20673,8.06583],[80.20682,8.06611],[80.20718,8.06599],[80.20753,8.06597],[80.20759,8.06593],[80.20805,8.06593],[80.20802,8.06543],[80.20828,8.06545],[80.20829,8.06567],[80.20883,8.06568],[80.20868,8.06494],[80.20819,8.0649],[80.20813,8.06431],[80.20828,8.06418],[80.20847,8.0641],[80.20848,8.06388],[80.20796,8.0627],[80.20779,8.0622],[80.20761,8.06226],[80.20762,8.06238],[80.20753,8.06244],[80.20754,8.06255],[80.20745,8.06265],[80.20741,8.06265],[80.20731,8.0625],[80.20722,8.06249],[80.20717,8.06267],[80.20675,8.06268],[80.20659,8.06273],[80.20669,8.06303],[80.20651,8.06311],[80.20641,8.06304],[80.20625,8.06304],[80.20614,8.06318],[80.20601,8.06321],[80.20561,8.06311],[80.20544,8.06146],[80.20447,8.06153],[80.20448,8.06163],[80.2044,8.06163],[80.20442,8.06179],[80.20427,8.06178],[80.20419,8.06186],[80.20403,8.06184],[80.20397,8.06191],[80.20378,8.0619],[80.20378,8.06208],[80.20386,8.06209],[80.20385,8.06218],[80.20375,8.06228],[80.20335,8.06215],[80.20332,8.06201],[80.20262,8.0618],[80.20229,8.06181],[80.20229,8.06177],[80.20174,8.0618],[80.20172,8.06204],[80.20148,8.06217],[80.20128,8.06221]]]}},{"type":"Feature","properties":{"c":"scrub"},"geometry":{"type":"Polygon","coordinates":[[[80.20559,8.06294],[80.20561,8.06311],[80.20601,8.06321],[80.20614,8.06318],[80.20625,8.06304],[80.20641,8.06304],[80.20651,8.06311],[80.20669,8.06303],[80.20659,8.06273],[80.20675,8.06268],[80.20717,8.06267],[80.20722,8.06249],[80.20731,8.0625],[80.20741,8.06265],[80.20745,8.06265],[80.20754,8.06255],[80.20753,8.06244],[80.20762,8.06238],[80.20761,8.06226],[80.20645,8.06264],[80.20641,8.0629],[80.20635,8.06296],[80.20616,8.06298],[80.2061,8.06308],[80.20591,8.06308],[80.20587,8.06293],[80.20559,8.06294]]]}},{"type":"Feature","properties":{"c":"farmland"},"geometry":{"type":"Polygon","coordinates":[[[80.20238,8.06171],[80.203,8.06176],[80.20306,8.0617],[80.20344,8.06173],[80.2034,8.06192],[80.20368,8.06199],[80.20377,8.06174],[80.20391,8.06176],[80.20405,8.06166],[80.20406,8.06157],[80.20544,8.06146],[80.20545,8.06109],[80.20465,8.061],[80.20446,8.06093],[80.20435,8.06083],[80.20404,8.06083],[80.2039,8.06071],[80.2037,8.06074],[80.20332,8.06066],[80.20332,8.06097],[80.2031,8.06101],[80.20305,8.06098],[80.20314,8.06083],[80.20313,8.06062],[80.20303,8.06062],[80.20302,8.06069],[80.20295,8.06074],[80.20278,8.06066],[80.20276,8.06077],[80.20251,8.06079],[80.20242,8.06107],[80.20238,8.06171]]]}},{"type":"Feature","properties":{"c":"farmland"},"geometry":{"type":"Polygon","coordinates":[[[80.20544,8.06146],[80.20559,8.06294],[80.20587,8.06293],[80.20591,8.06308],[80.2061,8.06308],[80.20616,8.06298],[80.20635,8.06296],[80.20641,8.0629],[80.20645,8.06264],[80.20779,8.0622],[80.20751,8.06131],[80.20746,8.06093],[80.20732,8.06081],[80.20713,8.06073],[80.20682,8.06071],[80.20667,8.06075],[80.20654,8.06101],[80.20642,8.06114],[80.20545,8.06109],[80.20544,8.06146]]]}},{"type":"Feature","properties":{"c":"scrub"},"geometry":{"type":"Polygon","coordinates":[[[80.20681,8.06062],[80.20682,8.06071],[80.20713,8.06073],[80.20732,8.06081],[80.20746,8.06093],[80.20751,8.06131],[80.20765,8.06182],[80.20796,8.0627],[80.20848,8.06388],[80.20847,8.0641],[80.20828,8.06418],[80.20813,8.06431],[80.20819,8.0649],[80.20868,8.06494],[80.20876,8.06486],[80.20869,8.06481],[80.20862,8.06462],[80.20877,8.06436],[80.20893,8.06434],[80.20919,8.06444],[80.20963,8.06312],[80.20942,8.06308],[80.20918,8.06314],[80.20902,8.06326],[80.20892,8.06345],[80.20897,8.06379],[80.20873,8.06394],[80.20862,8.06387],[80.20809,8.06275],[80.20817,8.0627],[80.20785,8.06195],[80.20759,8.06103],[80.20743,8.0608],[80.20711,8.06065],[80.20703,8.06056],[80.20681,8.06062]]]}},{"type":"Feature","properties":{"c":"scrub"},"geometry":{"type":"Polygon","coordinates":[[[80.2098,8.063],[80.20992,8.06298],[80.21005,8.06273],[80.21016,8.06275],[80.21027,8.06251],[80.21045,8.06243],[80.21037,8.06159],[80.21024,8.06156],[80.21023,8.06164],[80.21032,8.0618],[80.21031,8.06227],[80.21021,8.06243],[80.21003,8.06249],[80.2098,8.063]]]}},{"type":"Feature","properties":{"c":"scrub"},"geometry":{"type":"Polygon","coordinates":[[[80.20809,8.06275],[80.20825,8.06316],[80.20854,8.06375],[80.20855,8.06358],[80.20817,8.0627],[80.20809,8.06275]]]}},{"type":"Feature","properties":{"c":"forest"},"geometry":{"type":"Polygon","coordinates":[[[80.20862,8.06462],[80.20869,8.06481],[80.20876,8.06486],[80.20887,8.0649],[80.20902,8.06487],[80.20919,8.06444],[80.20893,8.06434],[80.20877,8.06436],[80.20862,8.06462]]]}},{"type":"Feature","properties":{"c":"forest"},"geometry":{"type":"Polygon","coordinates":[[[80.20334,8.06597],[80.20342,8.06605],[80.20364,8.06569],[80.20374,8.06566],[80.20415,8.0659],[80.20435,8.06614],[80.20444,8.06618],[80.20468,8.06614],[80.20488,8.06609],[80.205,8.066],[80.20501,8.06588],[80.20509,8.06575],[80.20522,8.06571],[80.20523,8.06564],[80.20496,8.06511],[80.20474,8.06502],[80.20467,8.06509],[80.2045,8.06505],[80.20449,8.06471],[80.20424,8.0645],[80.20415,8.06448],[80.20404,8.06457],[80.20419,8.06484],[80.20419,8.06498],[80.20414,8.06507],[80.20375,8.06506],[80.20362,8.065],[80.20353,8.06558],[80.20334,8.06597]]]}},{"type":"Feature","properties":{"c":"scrub"},"geometry":{"type":"Polygon","coordinates":[[[80.20277,8.06416],[80.20287,8.06472],[80.20297,8.06488],[80.20304,8.06487],[80.20304,8.0648],[80.20319,8.06479],[80.20333,8.06495],[80.20375,8.06506],[80.20414,8.06507],[80.20419,8.06484],[80.20404,8.06457],[80.20415,8.06448],[80.20424,8.0645],[80.20449,8.06471],[80.2045,8.06505],[80.20467,8.06509],[80.20474,8.06502],[80.20496,8.06511],[80.20517,8.0655],[80.20522,8.06571],[80.2053,8.06574],[80.20518,8.06503],[80.20503,8.0649],[80.20513,8.06464],[80.20557,8.06486],[80.20586,8.06508],[80.20574,8.06524],[80.20586,8.06539],[80.2058,8.06557],[80.20596,8.06564],[80.20603,8.06552],[80.20649,8.06536],[80.20629,8.06502],[80.20598,8.06489],[80.20582,8.06452],[80.20559,8.0644],[80.20465,8.06426],[80.20381,8.064],[80.20286,8.06403],[80.20287,8.06416],[80.20277,8.06416]]]}},{"type":"Feature","properties":{"c":"farmland"},"geometry":{"type":"Polygon","coordinates":[[[80.20503,8.0649],[80.20518,8.06503],[80.2053,8.06574],[80.20567,8.06575],[80.20586,8.06539],[80.20574,8.06524],[80.20586,8.06508],[80.20557,8.06486],[80.20513,8.06464],[80.20503,8.0649]]]}},{"type":"Feature","properties":{"c":"farmland"},"geometry":{"type":"Polygon","coordinates":[[[80.20563,8.06593],[80.20567,8.06615],[80.206,8.06624],[80.20632,8.06622],[80.20682,8.06611],[80.20649,8.06536],[80.20603,8.06552],[80.20585,8.06587],[80.20563,8.06593]]]}},{"type":"Feature","properties":{"c":"scrub"},"geometry":{"type":"Polygon","coordinates":[[[80.20342,8.06605],[80.20383,8.06646],[80.20402,8.06658],[80.20415,8.06641],[80.20449,8.0666],[80.20471,8.06662],[80.20499,8.06682],[80.20493,8.06697],[80.20496,8.06704],[80.2052,8.06706],[80.20537,8.06761],[80.20558,8.06769],[80.20566,8.0678],[80.20565,8.06821],[80.2056,8.06831],[80.2055,8.06836],[80.20623,8.06918],[80.20637,8.06917],[80.20669,8.06901],[80.20664,8.06889],[80.20632,8.06882],[80.20631,8.06772],[80.20636,8.06721],[80.20648,8.06688],[80.20652,8.06653],[80.20662,8.06647],[80.20639,8.06634],[80.20752,8.06611],[80.20855,8.06613],[80.20856,8.06599],[80.20832,8.06598],[80.20828,8.06545],[80.20802,8.06543],[80.20805,8.06593],[80.20759,8.06593],[80.20753,8.06597],[80.20718,8.06599],[80.20632,8.06622],[80.206,8.06624],[80.20567,8.06615],[80.20563,8.06593],[80.20585,8.06587],[80.20596,8.06564],[80.2058,8.06557],[80.20567,8.06575],[80.20522,8.06571],[80.20509,8.06575],[80.20501,8.06588],[80.205,8.066],[80.20488,8.06609],[80.20468,8.06614],[80.20444,8.06618],[80.20435,8.06614],[80.20415,8.0659],[80.20374,8.06566],[80.20364,8.06569],[80.20342,8.06605]]]}},{"type":"Feature","properties":{"c":"forest"},"geometry":{"type":"Polygon","coordinates":[[[80.20297,8.06684],[80.20324,8.06696],[80.20334,8.06707],[80.2034,8.06719],[80.20339,8.06731],[80.20347,8.06756],[80.20359,8.06783],[80.20376,8.06804],[80.20366,8.06832],[80.20391,8.06853],[80.20403,8.06846],[80.20411,8.06847],[80.204,8.06865],[80.20414,8.06875],[80.2051,8.06808],[80.2054,8.06839],[80.2056,8.06831],[80.20565,8.06821],[80.20566,8.0678],[80.20558,8.06769],[80.20537,8.06761],[80.2052,8.06706],[80.20496,8.06704],[80.20493,8.06697],[80.20499,8.06682],[80.20471,8.06662],[80.20449,8.0666],[80.20415,8.06641],[80.20402,8.06658],[80.20383,8.06646],[80.20347,8.0661],[80.20297,8.06684]]]}},{"type":"Feature","properties":{"c":"meadow"},"geometry":{"type":"Polygon","coordinates":[[[80.20253,8.06674],[80.20283,8.06695],[80.20297,8.06684],[80.20347,8.0661],[80.20334,8.06597],[80.20279,8.06577],[80.20253,8.06674]]]}},{"type":"Feature","properties":{"c":"forest"},"geometry":{"type":"Polygon","coordinates":[[[80.20208,8.06708],[80.20225,8.06763],[80.2027,8.06782],[80.20292,8.06816],[80.20313,8.06811],[80.20327,8.06814],[80.20344,8.06827],[80.20354,8.0682],[80.2033,8.06779],[80.20325,8.06755],[80.20307,8.06716],[80.20295,8.06701],[80.20253,8.06674],[80.20249,8.06679],[80.20238,8.06677],[80.20212,8.06689],[80.20208,8.06708]]]}},{"type":"Feature","properties":{"c":"scrub"},"geometry":{"type":"Polygon","coordinates":[[[80.20283,8.06695],[80.20295,8.06701],[80.20307,8.06716],[80.20325,8.06755],[80.2033,8.06779],[80.20354,8.0682],[80.20344,8.06827],[80.20327,8.06814],[80.20313,8.06811],[80.20292,8.06816],[80.20306,8.06835],[80.20306,8.06854],[80.20311,8.06863],[80.20317,8.06862],[80.20334,8.06846],[80.20344,8.06856],[80.20376,8.06855],[80.20383,8.06869],[80.20392,8.06874],[80.20411,8.06853],[80.20411,8.06847],[80.20403,8.06846],[80.20391,8.06853],[80.20366,8.06832],[80.20376,8.06804],[80.20359,8.06783],[80.20347,8.06756],[80.20339,8.06731],[80.2034,8.06719],[80.20334,8.06707],[80.20324,8.06696],[80.20297,8.06684],[80.20283,8.06695]]]}},{"type":"Feature","properties":{"c":"scrub"},"geometry":{"type":"Polygon","coordinates":[[[80.2012,8.06615],[80.2013,8.06645],[80.20122,8.06657],[80.20135,8.06692],[80.20192,8.06685],[80.20193,8.06752],[80.20202,8.06762],[80.20258,8.06797],[80.2027,8.06782],[80.20225,8.06763],[80.20208,8.06708],[80.20209,8.06692],[80.20238,8.06677],[80.20249,8.06679],[80.20253,8.06674],[80.20279,8.06577],[80.20231,8.06558],[80.20182,8.06518],[80.20175,8.06533],[80.20179,8.06542],[80.20172,8.06556],[80.20171,8.06593],[80.2014,8.06619],[80.2012,8.06615]]]}},{"type":"Feature","properties":{"c":"meadow"},"geometry":{"type":"Polygon","coordinates":[[[80.20408,8.06886],[80.20445,8.06941],[80.20453,8.0694],[80.2051,8.069],[80.2055,8.06854],[80.2051,8.06808],[80.20414,8.06875],[80.20408,8.06886]]]}},{"type":"Feature","properties":{"c":"forest"},"geometry":{"type":"Polygon","coordinates":[[[80.20532,8.06874],[80.20557,8.06922],[80.20568,8.06929],[80.20583,8.06929],[80.20613,8.06907],[80.2055,8.06836],[80.2054,8.06839],[80.2055,8.06854],[80.20532,8.06874]]]}},{"type":"Feature","properties":{"c":"forest"},"geometry":{"type":"Polygon","coordinates":[[[80.20551,8.06986],[80.20592,8.07045],[80.20605,8.07034],[80.20611,8.07036],[80.20631,8.07094],[80.2065,8.071],[80.20661,8.07096],[80.20664,8.07087],[80.20654,8.07063],[80.20653,8.07038],[80.2066,8.07035],[80.20661,8.07027],[80.20649,8.07023],[80.20655,8.07006],[80.20653,8.06986],[80.20644,8.06985],[80.20638,8.06993],[80.20615,8.06985],[80.20621,8.06967],[80.20636,8.06951],[80.20625,8.06942],[80.20635,8.06929],[80.20623,8.06918],[80.20615,8.06921],[80.20551,8.06986]]]}},{"type":"Feature","properties":{"c":"scrub"},"geometry":{"type":"Polygon","coordinates":[[[80.20385,8.0693],[80.20386,8.06967],[80.2039,8.06972],[80.20401,8.06971],[80.2041,8.07039],[80.20427,8.07058],[80.2047,8.0706],[80.20492,8.07053],[80.20509,8.07053],[80.20519,8.07065],[80.20592,8.07045],[80.20551,8.06986],[80.20599,8.06934],[80.20623,8.06918],[80.20613,8.06907],[80.20583,8.06929],[80.20568,8.06929],[80.20557,8.06922],[80.20532,8.06874],[80.2051,8.069],[80.20453,8.0694],[80.20445,8.06941],[80.2043,8.06918],[80.20405,8.06939],[80.20385,8.0693]]]}},{"type":"Feature","properties":{"c":"forest"},"geometry":{"type":"Polygon","coordinates":[[[80.20633,8.06757],[80.20632,8.06882],[80.20664,8.06889],[80.20728,8.06827],[80.20734,8.06799],[80.20731,8.06787],[80.20747,8.06712],[80.2074,8.06674],[80.20678,8.06656],[80.20662,8.06647],[80.20655,8.06649],[80.20649,8.06666],[80.20648,8.06688],[80.20663,8.06705],[80.20684,8.06704],[80.20695,8.06727],[80.20695,8.06751],[80.20688,8.06762],[80.20675,8.06763],[80.20633,8.06757]]]}},{"type":"Feature","properties":{"c":"scrub"},"geometry":{"type":"Polygon","coordinates":[[[80.20633,8.06757],[80.20688,8.06762],[80.20695,8.06751],[80.20696,8.06737],[80.20691,8.06714],[80.20684,8.06704],[80.20663,8.06705],[80.20648,8.06688],[80.20636,8.06721],[80.20633,8.06757]]]}},{"type":"Feature","properties":{"c":"forest"},"geometry":{"type":"Polygon","coordinates":[[[80.20791,8.06701],[80.20803,8.06716],[80.20824,8.06724],[80.20841,8.06713],[80.20853,8.06697],[80.20862,8.06665],[80.20868,8.06636],[80.2086,8.06621],[80.20853,8.06617],[80.20844,8.06627],[80.20809,8.06639],[80.20802,8.06647],[80.20791,8.06701]]]}},{"type":"Feature","properties":{"c":"scrub"},"geometry":{"type":"Polygon","coordinates":[[[80.20213,8.07321],[80.20231,8.07371],[80.20277,8.07412],[80.20276,8.07427],[80.20346,8.07457],[80.2037,8.07453],[80.20385,8.07443],[80.20409,8.07443],[80.20444,8.07473],[80.20501,8.07502],[80.20482,8.07541],[80.20487,8.07544],[80.20494,8.0753],[80.20523,8.07544],[80.20526,8.07538],[80.2052,8.07532],[80.20533,8.07503],[80.20463,8.07467],[80.20457,8.07468],[80.20409,8.07431],[80.20402,8.07374],[80.20413,8.0735],[80.20414,8.07332],[80.20394,8.07337],[80.20346,8.07337],[80.20331,8.07329],[80.20321,8.07311],[80.20295,8.07313],[80.20275,8.07292],[80.20257,8.07262],[80.20257,8.07246],[80.20298,8.0721],[80.20291,8.07205],[80.20239,8.07251],[80.20216,8.07285],[80.20213,8.07321]]]}},{"type":"Feature","properties":{"c":"scrub"},"geometry":{"type":"Polygon","coordinates":[[[80.20291,8.07205],[80.20298,8.0721],[80.20305,8.07207],[80.20339,8.07217],[80.20401,8.07219],[80.20407,8.07257],[80.2044,8.07255],[80.20435,8.0722],[80.20448,8.07172],[80.20477,8.07148],[80.20483,8.07129],[80.20507,8.07121],[80.205,8.07084],[80.20468,8.07096],[80.20423,8.07137],[80.20374,8.07168],[80.20358,8.07171],[80.20341,8.07166],[80.20309,8.0718],[80.20291,8.07205]]]}},{"type":"Feature","properties":{"c":"scrub"},"geometry":{"type":"Polygon","coordinates":[[[80.20518,8.07222],[80.2053,8.07224],[80.20624,8.07147],[80.20651,8.07146],[80.20732,8.07198],[80.20813,8.07164],[80.20837,8.07146],[80.2087,8.07134],[80.20854,8.07098],[80.20797,8.07071],[80.20786,8.07088],[80.20755,8.07091],[80.20733,8.07105],[80.20696,8.07114],[80.20689,8.07098],[80.20696,8.07097],[80.20695,8.07081],[80.20685,8.07077],[80.20685,8.07066],[80.20654,8.07063],[80.20664,8.07087],[80.20661,8.07096],[80.2065,8.071],[80.20672,8.07114],[80.20688,8.07136],[80.20708,8.07148],[80.20717,8.07162],[80.2071,8.07163],[80.20681,8.07142],[80.2065,8.07129],[80.20629,8.07128],[80.20561,8.07177],[80.20518,8.07222]]]}},{"type":"Feature","properties":{"c":"forest"},"geometry":{"type":"Polygon","coordinates":[[[80.20685,8.07066],[80.20685,8.07077],[80.20695,8.07081],[80.20696,8.07097],[80.20689,8.07098],[80.20696,8.07114],[80.20733,8.07105],[80.20768,8.07083],[80.20796,8.07038],[80.20798,8.0702],[80.2079,8.07016],[80.20782,8.07],[80.20786,8.06993],[80.20817,8.06985],[80.20819,8.06965],[80.20738,8.06968],[80.20749,8.06999],[80.20753,8.07059],[80.20685,8.07066]]]}},{"type":"Feature","properties":{"c":"farmland"},"geometry":{"type":"Polygon","coordinates":[[[80.20649,8.07023],[80.20661,8.07027],[80.2066,8.07035],[80.20653,8.07038],[80.20654,8.07063],[80.20704,8.07067],[80.20753,8.07059],[80.20749,8.06999],[80.20742,8.06983],[80.20731,8.06983],[80.20684,8.06964],[80.20665,8.06971],[80.20653,8.06986],[80.20655,8.07006],[80.20649,8.07023]]]}},{"type":"Feature","properties":{"c":"scrub"},"geometry":{"type":"Polygon","coordinates":[[[80.20615,8.06978],[80.20615,8.06985],[80.20624,8.06991],[80.20638,8.06993],[80.20644,8.06985],[80.20653,8.06986],[80.20665,8.06971],[80.20684,8.06964],[80.20731,8.06983],[80.20742,8.06983],[80.20738,8.06968],[80.20819,8.06965],[80.20817,8.06985],[80.20786,8.06993],[80.20782,8.07006],[80.20798,8.0702],[80.20796,8.07038],[80.20783,8.07064],[80.20768,8.07083],[80.20755,8.07091],[80.20786,8.07088],[80.20797,8.07071],[80.20816,8.07078],[80.20827,8.07066],[80.20841,8.07067],[80.20871,8.07079],[80.20889,8.07099],[80.20895,8.07116],[80.20891,8.07135],[80.20858,8.07138],[80.20872,8.07155],[80.20903,8.07172],[80.20881,8.07216],[80.20907,8.07232],[80.20905,8.07252],[80.20921,8.07255],[80.20941,8.07266],[80.21013,8.07271],[80.21055,8.07198],[80.21069,8.0714],[80.21078,8.07028],[80.21035,8.07037],[80.21017,8.07033],[80.20999,8.07017],[80.20989,8.06996],[80.20994,8.0698],[80.20981,8.06951],[80.20934,8.06965],[80.20915,8.06917],[80.20987,8.06886],[80.20974,8.06873],[80.20945,8.06788],[80.20876,8.06486],[80.20868,8.06494],[80.20883,8.06568],[80.20865,8.06568],[80.20867,8.06599],[80.20856,8.06599],[80.20853,8.06617],[80.20868,8.06629],[80.20868,8.06636],[80.20853,8.06697],[80.20841,8.06713],[80.20824,8.06724],[80.20794,8.06709],[80.20797,8.06719],[80.20794,8.06736],[80.20779,8.06748],[80.20762,8.0675],[80.20755,8.06694],[80.2075,8.0668],[80.2074,8.06674],[80.20747,8.06712],[80.20731,8.06787],[80.20734,8.06799],[80.20728,8.06827],[80.20668,8.06884],[80.20664,8.06889],[80.20669,8.06901],[80.20637,8.06917],[80.20623,8.06918],[80.20635,8.06929],[80.20625,8.06942],[80.20636,8.06951],[80.20615,8.06978]]]}},{"type":"Feature","properties":{"c":"forest"},"geometry":{"type":"Polygon","coordinates":[[[80.20816,8.07078],[80.20854,8.07098],[80.2087,8.07134],[80.20877,8.07138],[80.20891,8.07135],[80.20895,8.07116],[80.20889,8.07099],[80.20871,8.07079],[80.20841,8.07067],[80.20827,8.07066],[80.20816,8.07078]]]}},{"type":"Feature","properties":{"c":"forest"},"geometry":{"type":"Polygon","coordinates":[[[80.20813,8.07164],[80.20815,8.07172],[80.20823,8.07175],[80.20816,8.07208],[80.20816,8.07229],[80.20866,8.07243],[80.20903,8.07172],[80.2087,8.07153],[80.20858,8.07138],[80.20837,8.07146],[80.20813,8.07164]]]}},{"type":"Feature","properties":{"c":"farmland"},"geometry":{"type":"Polygon","coordinates":[[[80.2053,8.07224],[80.20585,8.07261],[80.20617,8.07245],[80.20652,8.07297],[80.20628,8.07308],[80.20619,8.07339],[80.20623,8.07354],[80.20642,8.07368],[80.20657,8.0735],[80.20688,8.0734],[80.20708,8.07398],[80.20767,8.0738],[80.20762,8.0736],[80.20743,8.07326],[80.20747,8.07325],[80.2074,8.07253],[80.20747,8.07205],[80.2068,8.07162],[80.20676,8.07164],[80.20651,8.07146],[80.20641,8.07145],[80.20624,8.07147],[80.20611,8.07156],[80.2053,8.07224]]]}},{"type":"Feature","properties":{"c":"meadow"},"geometry":{"type":"Polygon","coordinates":[[[80.20257,8.07246],[80.20257,8.07262],[80.20264,8.07275],[80.20295,8.07313],[80.20321,8.07311],[80.20331,8.07329],[80.20346,8.07337],[80.20394,8.07337],[80.20414,8.07332],[80.20413,8.0735],[80.20402,8.07374],[80.20406,8.07422],[80.20409,8.07431],[80.20457,8.07468],[80.20463,8.07467],[80.20506,8.07411],[80.20545,8.0745],[80.20567,8.07462],[80.20645,8.07489],[80.20677,8.07435],[80.20708,8.07398],[80.20688,8.0734],[80.20657,8.0735],[80.20642,8.07368],[80.20623,8.07354],[80.20619,8.07339],[80.20628,8.07308],[80.20652,8.07297],[80.20617,8.07245],[80.20585,8.07261],[80.20513,8.07215],[80.20508,8.07192],[80.2052,8.07178],[80.20522,8.07168],[80.20519,8.07153],[80.2051,8.07141],[80.20507,8.07121],[80.20483,8.07129],[80.20477,8.07148],[80.20448,8.07172],[80.20435,8.0722],[80.2044,8.07255],[80.20407,8.07257],[80.20401,8.07219],[80.20339,8.07217],[80.20305,8.07207],[80.20282,8.0722],[80.20257,8.07246]]]}},{"type":"Feature","properties":{"c":"scrub"},"geometry":{"type":"Polygon","coordinates":[[[80.20732,8.07198],[80.20747,8.07205],[80.20747,8.07193],[80.20732,8.07198]]]}},{"type":"Feature","properties":{"c":"meadow"},"geometry":{"type":"Polygon","coordinates":[[[80.20745,8.07217],[80.20772,8.07213],[80.20816,8.07217],[80.20823,8.07175],[80.20815,8.07172],[80.20813,8.07164],[80.20747,8.07193],[80.20745,8.07217]]]}},{"type":"Feature","properties":{"c":"scrub"},"geometry":{"type":"Polygon","coordinates":[[[80.2074,8.07253],[80.20747,8.07325],[80.20743,8.07326],[80.20762,8.0736],[80.20767,8.0738],[80.20777,8.07377],[80.20784,8.07365],[80.20769,8.07354],[80.20803,8.07299],[80.20812,8.07262],[80.20816,8.07217],[80.20772,8.07213],[80.20745,8.07217],[80.2074,8.07253]]]}},{"type":"Feature","properties":{"c":"meadow"},"geometry":{"type":"Polygon","coordinates":[[[80.20769,8.07354],[80.20825,8.07389],[80.20847,8.07395],[80.20866,8.07347],[80.20894,8.07298],[80.20902,8.07275],[80.20907,8.07232],[80.20881,8.07216],[80.20866,8.07243],[80.20816,8.07229],[80.20803,8.07299],[80.20769,8.07354]]]}},{"type":"Feature","properties":{"c":"scrub"},"geometry":{"type":"Polygon","coordinates":[[[80.20586,8.07664],[80.20593,8.07679],[80.20669,8.07658],[80.20744,8.07654],[80.2078,8.07719],[80.20788,8.07699],[80.20778,8.07658],[80.20766,8.07641],[80.20745,8.07629],[80.20711,8.07619],[80.20658,8.07613],[80.20653,8.07635],[80.20601,8.07654],[80.20586,8.07664]]]}},{"type":"Feature","properties":{"c":"forest"},"geometry":{"type":"Polygon","coordinates":[[[80.20847,8.07395],[80.2091,8.0741],[80.20926,8.07404],[80.20937,8.07389],[80.20928,8.07372],[80.20933,8.07336],[80.20951,8.07304],[80.20951,8.07292],[80.20941,8.07266],[80.20921,8.07255],[80.20905,8.07252],[80.20894,8.07298],[80.20866,8.07347],[80.20847,8.07395]]]}},{"type":"Feature","properties":{"c":"forest"},"geometry":{"type":"Polygon","coordinates":[[[80.21001,8.07324],[80.21019,8.07336],[80.21021,8.07354],[80.21046,8.0737],[80.21034,8.07389],[80.21048,8.074],[80.21073,8.07367],[80.21094,8.07359],[80.2109,8.07345],[80.21073,8.07339],[80.21096,8.07299],[80.21086,8.07295],[80.21059,8.07271],[80.21056,8.07241],[80.21047,8.07239],[80.21022,8.07307],[80.21004,8.07306],[80.21001,8.07324]]]}},{"type":"Feature","properties":{"c":"scrub"},"geometry":{"type":"Polygon","coordinates":[[[80.20777,8.07377],[80.2082,8.07411],[80.20835,8.07416],[80.20867,8.07416],[80.20872,8.07422],[80.2087,8.07431],[80.20844,8.07457],[80.20833,8.07477],[80.20825,8.0756],[80.20843,8.07563],[80.20855,8.07476],[80.20868,8.07453],[80.20895,8.07432],[80.20901,8.07444],[80.2093,8.0747],[80.20994,8.07493],[80.21029,8.07436],[80.21005,8.07421],[80.21025,8.0739],[80.21008,8.07381],[80.21021,8.07354],[80.21021,8.07346],[80.21014,8.0733],[80.21001,8.07324],[80.21004,8.07306],[80.21022,8.07307],[80.21047,8.07239],[80.21055,8.07198],[80.21013,8.07271],[80.20941,8.07266],[80.20951,8.07292],[80.20951,8.07304],[80.20933,8.07336],[80.20928,8.07372],[80.20937,8.07389],[80.20926,8.07404],[80.2091,8.0741],[80.20825,8.07389],[80.20784,8.07365],[80.20777,8.07377]]]}},{"type":"Feature","properties":{"c":"scrub"},"geometry":{"type":"Polygon","coordinates":[[[80.20697,8.08036],[80.20703,8.08189],[80.20777,8.08188],[80.20774,8.08121],[80.20756,8.08114],[80.20734,8.08067],[80.20711,8.08047],[80.20715,8.08031],[80.20725,8.08022],[80.20743,8.08018],[80.20784,8.08015],[80.20815,8.08033],[80.20841,8.08033],[80.20855,8.08026],[80.20862,8.08012],[80.20828,8.08015],[80.20798,8.07997],[80.2073,8.08005],[80.20707,8.08019],[80.20697,8.08036]]]}},{"type":"Feature","properties":{"c":"scrub"},"geometry":{"type":"Polygon","coordinates":[[[80.20835,8.07821],[80.20902,8.07958],[80.20963,8.07998],[80.20937,8.08003],[80.20897,8.07985],[80.20884,8.07985],[80.20855,8.08026],[80.20867,8.08023],[80.20882,8.08031],[80.20923,8.08074],[80.20931,8.08069],[80.20931,8.08046],[80.20949,8.08038],[80.20979,8.08035],[80.2101,8.08038],[80.21055,8.08082],[80.21099,8.08048],[80.21053,8.07979],[80.21134,8.07936],[80.21154,8.07917],[80.2115,8.07903],[80.21133,8.07914],[80.211,8.07912],[80.21079,8.0792],[80.20963,8.07979],[80.20927,8.07957],[80.20858,8.07822],[80.20848,8.0781],[80.20835,8.07821]]]}},{"type":"Feature","properties":{"c":"meadow"},"geometry":{"type":"Polygon","coordinates":[[[80.20995,8.0812],[80.2104,8.0818],[80.21052,8.08171],[80.21037,8.08149],[80.21058,8.08131],[80.2108,8.08159],[80.21107,8.08142],[80.21096,8.08121],[80.21049,8.08077],[80.20995,8.0812]]]}},{"type":"Feature","properties":{"c":"farmland"},"geometry":{"type":"Polygon","coordinates":[[[80.21119,8.07944],[80.21138,8.07958],[80.21128,8.07971],[80.21181,8.08024],[80.21192,8.08016],[80.21226,8.08057],[80.21233,8.08055],[80.21236,8.08066],[80.21185,8.0808],[80.21187,8.08092],[80.21178,8.08094],[80.21171,8.08085],[80.21156,8.08093],[80.21189,8.08113],[80.21259,8.08091],[80.21248,8.08055],[80.21256,8.08049],[80.21226,8.08004],[80.21154,8.07917],[80.21119,8.07944]]]}},{"type":"Feature","properties":{"c":"scrub"},"geometry":{"type":"Polygon","coordinates":[[[80.21185,8.08166],[80.21204,8.08193],[80.2124,8.08172],[80.21254,8.08176],[80.21263,8.08229],[80.21275,8.08234],[80.21275,8.08252],[80.21288,8.08258],[80.21343,8.08249],[80.2134,8.08215],[80.21351,8.08194],[80.21289,8.08195],[80.21263,8.08173],[80.21263,8.0816],[80.21274,8.08149],[80.2128,8.08109],[80.21278,8.08082],[80.21256,8.08049],[80.21248,8.08055],[80.21259,8.08091],[80.21203,8.08109],[80.21216,8.08146],[80.21185,8.08166]]]}},{"type":"Feature","properties":{"c":"scrub"},"geometry":{"type":"Polygon","coordinates":[[[80.22024,8.07227],[80.22026,8.07296],[80.22061,8.07297],[80.22061,8.07264],[80.22069,8.07265],[80.22063,8.07237],[80.22057,8.07236],[80.22056,8.07226],[80.22024,8.07227]]]}},{"type":"Feature","properties":{"c":"farmland"},"geometry":{"type":"Polygon","coordinates":[[[80.20902,8.06487],[80.20955,8.06506],[80.2098,8.0654],[80.21002,8.06528],[80.20993,8.06466],[80.21001,8.06461],[80.21009,8.06472],[80.21011,8.06528],[80.21022,8.06533],[80.2103,8.06529],[80.21035,8.06519],[80.21047,8.06511],[80.21114,8.06482],[80.21131,8.06468],[80.21155,8.06429],[80.21165,8.06425],[80.21175,8.06408],[80.21171,8.064],[80.21227,8.06316],[80.21045,8.06243],[80.21033,8.06246],[80.21016,8.06275],[80.21005,8.06273],[80.20992,8.06298],[80.2098,8.063],[80.20963,8.06312],[80.20902,8.06487]]]}},{"type":"Feature","properties":{"c":"forest"},"geometry":{"type":"Polygon","coordinates":[[[80.20942,8.06773],[80.20974,8.06873],[80.20981,8.06883],[80.20987,8.06886],[80.2106,8.0685],[80.21082,8.06846],[80.21074,8.06827],[80.21048,8.06837],[80.21043,8.06823],[80.21055,8.06817],[80.2108,8.06824],[80.21086,8.06822],[80.2109,8.06788],[80.21078,8.06765],[80.21012,8.06756],[80.2101,8.06749],[80.20995,8.06748],[80.2097,8.06765],[80.20942,8.06773]]]}},{"type":"Feature","properties":{"c":"meadow"},"geometry":{"type":"Polygon","coordinates":[[[80.21251,8.06577],[80.21266,8.06622],[80.21286,8.0664],[80.2131,8.06654],[80.21354,8.06633],[80.21324,8.06572],[80.21307,8.0656],[80.21266,8.06582],[80.21259,8.06571],[80.21251,8.06577]]]}},{"type":"Feature","properties":{"c":"forest"},"geometry":{"type":"Polygon","coordinates":[[[80.21139,8.0655],[80.21162,8.06581],[80.21163,8.06587],[80.21152,8.06603],[80.2115,8.06637],[80.21164,8.06641],[80.21182,8.06654],[80.21191,8.06676],[80.21221,8.06672],[80.21191,8.0662],[80.21204,8.06578],[80.21217,8.06566],[80.21222,8.06529],[80.21209,8.06528],[80.21193,8.0651],[80.21181,8.06504],[80.21167,8.06522],[80.21177,8.06529],[80.21173,8.06539],[80.21182,8.06554],[80.21169,8.06545],[80.21162,8.06547],[80.21155,8.06536],[80.21139,8.0655]]]}},{"type":"Feature","properties":{"c":"farmland"},"geometry":{"type":"Polygon","coordinates":[[[80.2097,8.06564],[80.20971,8.06611],[80.20984,8.06611],[80.20986,8.06642],[80.21011,8.06641],[80.21011,8.0661],[80.21033,8.06593],[80.21036,8.06585],[80.21035,8.06562],[80.2097,8.06564]]]}},{"type":"Feature","properties":{"c":"scrub"},"geometry":{"type":"Polygon","coordinates":[[[80.20876,8.06486],[80.20942,8.06773],[80.2096,8.06769],[80.20995,8.06748],[80.2101,8.06749],[80.21011,8.06641],[80.20986,8.06642],[80.20984,8.06611],[80.20971,8.06611],[80.2097,8.06564],[80.21035,8.06562],[80.21028,8.06553],[80.21037,8.06534],[80.21067,8.06513],[80.21131,8.06483],[80.21179,8.06418],[80.21199,8.06371],[80.21216,8.06356],[80.21223,8.06353],[80.21231,8.06361],[80.21277,8.06362],[80.21299,8.06328],[80.21257,8.06301],[80.21262,8.06291],[80.21242,8.06283],[80.21218,8.06334],[80.21171,8.064],[80.21175,8.06408],[80.21165,8.06425],[80.21155,8.06429],[80.21131,8.06468],[80.21114,8.06482],[80.21047,8.06511],[80.21022,8.06533],[80.21011,8.06528],[80.21009,8.06472],[80.21001,8.06461],[80.20993,8.06466],[80.21002,8.06528],[80.2098,8.0654],[80.20955,8.06506],[80.20902,8.06487],[80.20887,8.0649],[80.20876,8.06486]]]}},{"type":"Feature","properties":{"c":"scrub"},"geometry":{"type":"Polygon","coordinates":[[[80.21011,8.0661],[80.21012,8.06756],[80.21078,8.06765],[80.21086,8.06774],[80.2109,8.06788],[80.21086,8.06822],[80.2108,8.06824],[80.21062,8.06817],[80.21048,8.0682],[80.21043,8.06823],[80.21048,8.06837],[80.21074,8.06827],[80.21082,8.06846],[80.21151,8.06854],[80.21181,8.06855],[80.21238,8.06846],[80.21258,8.06837],[80.21324,8.06788],[80.21325,8.06756],[80.21334,8.06723],[80.21355,8.06671],[80.21367,8.06652],[80.21354,8.06633],[80.2131,8.06654],[80.21282,8.06636],[80.21263,8.06664],[80.21191,8.06676],[80.21182,8.06654],[80.21164,8.06641],[80.2115,8.06637],[80.21152,8.06603],[80.21163,8.06587],[80.21162,8.06581],[80.21139,8.0655],[80.21112,8.06566],[80.21075,8.06566],[80.21038,8.06554],[80.21031,8.06546],[80.21028,8.06553],[80.21035,8.06562],[80.21036,8.06585],[80.21029,8.06597],[80.21011,8.0661]]]}},{"type":"Feature","properties":{"c":"meadow"},"geometry":{"type":"Polygon","coordinates":[[[80.21191,8.0662],[80.21221,8.06672],[80.21263,8.06664],[80.21282,8.06636],[80.21266,8.06622],[80.21251,8.06577],[80.21259,8.06571],[80.21266,8.06582],[80.21301,8.06563],[80.21291,8.06553],[80.21295,8.0655],[80.21285,8.0654],[80.21275,8.0654],[80.21231,8.0652],[80.21222,8.06529],[80.21217,8.06566],[80.21204,8.06578],[80.21191,8.0662]]]}},{"type":"Feature","properties":{"c":"forest"},"geometry":{"type":"Polygon","coordinates":[[[80.21196,8.06497],[80.21224,8.06503],[80.21217,8.06517],[80.21225,8.06526],[80.21231,8.0652],[80.21241,8.06522],[80.21275,8.0654],[80.21285,8.0654],[80.21295,8.0655],[80.21291,8.06553],[80.21301,8.06563],[80.21307,8.0656],[80.21327,8.06579],[80.21397,8.06534],[80.21401,8.06526],[80.21392,8.06512],[80.21391,8.06502],[80.2141,8.06495],[80.21411,8.06487],[80.21406,8.06482],[80.21401,8.06461],[80.21407,8.0643],[80.21418,8.06425],[80.21422,8.06431],[80.21414,8.06451],[80.21418,8.06458],[80.21441,8.06474],[80.21468,8.06477],[80.21494,8.06475],[80.21495,8.06457],[80.21466,8.06446],[80.21449,8.0643],[80.21453,8.06397],[80.21477,8.06391],[80.21475,8.06361],[80.21446,8.06362],[80.21431,8.06388],[80.21417,8.06396],[80.21396,8.0639],[80.21416,8.06371],[80.2142,8.06361],[80.21413,8.06343],[80.21345,8.06357],[80.21376,8.06432],[80.21365,8.06449],[80.21299,8.06519],[80.21287,8.06519],[80.21277,8.06524],[80.21269,8.06521],[80.21266,8.06509],[80.21247,8.065],[80.21248,8.06484],[80.2123,8.06488],[80.21218,8.06481],[80.21207,8.06466],[80.21196,8.06497]]]}},{"type":"Feature","properties":{"c":"scrub"},"geometry":{"type":"Polygon","coordinates":[[[80.21207,8.06466],[80.21218,8.06481],[80.2123,8.06488],[80.21263,8.06484],[80.21282,8.06452],[80.21246,8.06416],[80.21238,8.06413],[80.21215,8.06415],[80.21207,8.06466]]]}},{"type":"Feature","properties":{"c":"farmland"},"geometry":{"type":"Polygon","coordinates":[[[80.21215,8.06415],[80.21238,8.06413],[80.21246,8.06416],[80.21282,8.06452],[80.21263,8.06484],[80.21248,8.06484],[80.21247,8.065],[80.21266,8.06509],[80.21269,8.06521],[80.21277,8.06524],[80.21287,8.06519],[80.21299,8.06519],[80.21365,8.06449],[80.21376,8.06432],[80.21345,8.06357],[80.21323,8.06357],[80.21292,8.06337],[80.21277,8.06362],[80.21231,8.06361],[80.21223,8.06353],[80.21216,8.06356],[80.2122,8.06385],[80.21215,8.06415]]]}},{"type":"Feature","properties":{"c":"scrub"},"geometry":{"type":"Polygon","coordinates":[[[80.21155,8.06536],[80.21162,8.06547],[80.21169,8.06545],[80.21182,8.06554],[80.21173,8.06539],[80.21177,8.06529],[80.21167,8.06522],[80.21155,8.06536]]]}},{"type":"Feature","properties":{"c":"scrub"},"geometry":{"type":"Polygon","coordinates":[[[80.21187,8.06506],[80.21209,8.06528],[80.21225,8.06526],[80.21217,8.06517],[80.21224,8.06503],[80.21196,8.06497],[80.21187,8.06506]]]}},{"type":"Feature","properties":{"c":"meadow"},"geometry":{"type":"Polygon","coordinates":[[[80.21324,8.06788],[80.21375,8.06803],[80.21378,8.06796],[80.21386,8.06796],[80.21407,8.06756],[80.21478,8.06771],[80.21483,8.06753],[80.21482,8.06732],[80.2147,8.06693],[80.21426,8.06648],[80.21405,8.06646],[80.21367,8.06652],[80.21355,8.06671],[80.21334,8.06723],[80.21325,8.06756],[80.21324,8.06788]]]}},{"type":"Feature","properties":{"c":"scrub"},"geometry":{"type":"Polygon","coordinates":[[[80.21375,8.06803],[80.21423,8.06831],[80.21464,8.06842],[80.21474,8.06822],[80.21478,8.06771],[80.21407,8.06756],[80.21386,8.06796],[80.21378,8.06796],[80.21375,8.06803]]]}},{"type":"Feature","properties":{"c":"scrub"},"geometry":{"type":"Polygon","coordinates":[[[80.21467,8.06678],[80.21482,8.06732],[80.21483,8.06753],[80.21478,8.06771],[80.2156,8.06778],[80.21564,8.06725],[80.21557,8.06695],[80.21541,8.06649],[80.21524,8.06631],[80.21483,8.06669],[80.21467,8.06678]]]}},{"type":"Feature","properties":{"c":"scrub"},"geometry":{"type":"Polygon","coordinates":[[[80.21327,8.06579],[80.21367,8.06652],[80.21405,8.06646],[80.21426,8.06648],[80.2147,8.06693],[80.21467,8.06678],[80.21494,8.06659],[80.21481,8.0657],[80.21484,8.06548],[80.21491,8.06527],[80.21516,8.06496],[80.21494,8.06475],[80.21455,8.06477],[80.21441,8.06474],[80.21418,8.06458],[80.21414,8.06451],[80.21422,8.06431],[80.21418,8.06425],[80.21407,8.0643],[80.21403,8.06438],[80.21401,8.06461],[80.21406,8.06482],[80.21411,8.06487],[80.2141,8.06495],[80.21391,8.06502],[80.21392,8.06512],[80.21401,8.06526],[80.21397,8.06534],[80.21327,8.06579]]]}},{"type":"Feature","properties":{"c":"scrub"},"geometry":{"type":"Polygon","coordinates":[[[80.20915,8.06917],[80.20934,8.06965],[80.20981,8.06951],[80.20994,8.0698],[80.20989,8.06996],[80.20999,8.07017],[80.21017,8.07033],[80.21035,8.07037],[80.21167,8.0702],[80.21166,8.06974],[80.21143,8.06977],[80.21121,8.06987],[80.21108,8.06973],[80.21111,8.06954],[80.21095,8.06955],[80.21076,8.06847],[80.2106,8.0685],[80.20955,8.06902],[80.20915,8.06917]]]}},{"type":"Feature","properties":{"c":"farmland"},"geometry":{"type":"Polygon","coordinates":[[[80.21094,8.07082],[80.21099,8.07107],[80.21114,8.07129],[80.21141,8.07139],[80.21194,8.07135],[80.21249,8.07138],[80.21249,8.07153],[80.21327,8.07164],[80.21325,8.07119],[80.21406,8.07102],[80.21401,8.07071],[80.21291,8.07076],[80.21287,8.07094],[80.21237,8.07092],[80.21234,8.0711],[80.21177,8.07109],[80.21173,8.07076],[80.21094,8.07082]]]}},{"type":"Feature","properties":{"c":"scrub"},"geometry":{"type":"Polygon","coordinates":[[[80.21047,8.07239],[80.21056,8.07241],[80.21059,8.07271],[80.21086,8.07295],[80.21096,8.07299],[80.21331,8.07302],[80.2137,8.07286],[80.21341,8.07223],[80.21346,8.07219],[80.21367,8.07213],[80.21374,8.07229],[80.21472,8.07215],[80.21458,8.07151],[80.21413,8.07157],[80.21406,8.07102],[80.21325,8.07119],[80.21327,8.07164],[80.21249,8.07153],[80.21249,8.07138],[80.21236,8.07137],[80.21237,8.07172],[80.21245,8.07173],[80.21245,8.07202],[80.21159,8.07196],[80.21162,8.07149],[80.21182,8.07149],[80.21207,8.0714],[80.21213,8.07141],[80.21212,8.07146],[80.2122,8.07146],[80.21221,8.07135],[80.21141,8.07139],[80.21114,8.07129],[80.21099,8.07107],[80.21094,8.07082],[80.21173,8.07076],[80.21177,8.07109],[80.21234,8.0711],[80.21237,8.07092],[80.21287,8.07094],[80.21291,8.07076],[80.21401,8.07071],[80.21396,8.07023],[80.2135,8.07035],[80.21344,8.07014],[80.2129,8.07021],[80.21245,8.06997],[80.21275,8.06937],[80.213,8.06908],[80.21285,8.06875],[80.21264,8.06903],[80.21247,8.06914],[80.21228,8.06848],[80.21167,8.06854],[80.21167,8.0702],[80.21078,8.07028],[80.21069,8.0714],[80.21047,8.07239]]]}},{"type":"Feature","properties":{"c":"farmland"},"geometry":{"type":"Polygon","coordinates":[[[80.21159,8.07196],[80.21245,8.07202],[80.21245,8.07173],[80.21237,8.07172],[80.21236,8.07137],[80.21221,8.07135],[80.2122,8.07146],[80.21212,8.07146],[80.21208,8.07157],[80.21194,8.07164],[80.21167,8.07158],[80.21159,8.07152],[80.21159,8.07196]]]}},{"type":"Feature","properties":{"c":"forest"},"geometry":{"type":"Polygon","coordinates":[[[80.21228,8.06848],[80.21235,8.06877],[80.21247,8.06914],[80.21264,8.06903],[80.21285,8.06875],[80.2127,8.06828],[80.21228,8.06848]]]}},{"type":"Feature","properties":{"c":"meadow"},"geometry":{"type":"Polygon","coordinates":[[[80.2127,8.06828],[80.213,8.06908],[80.21323,8.06916],[80.21361,8.06898],[80.21324,8.06788],[80.2127,8.06828]]]}},{"type":"Feature","properties":{"c":"farmland"},"geometry":{"type":"Polygon","coordinates":[[[80.21337,8.06946],[80.2134,8.06989],[80.2135,8.07035],[80.21409,8.07017],[80.21399,8.06919],[80.21432,8.06907],[80.21432,8.06898],[80.21453,8.06896],[80.21451,8.06866],[80.21402,8.06865],[80.21406,8.0688],[80.21349,8.06904],[80.21354,8.06946],[80.21337,8.06946]]]}},{"type":"Feature","properties":{"c":"scrub"},"geometry":{"type":"Polygon","coordinates":[[[80.21275,8.06937],[80.21321,8.06963],[80.21338,8.06962],[80.21337,8.06946],[80.21354,8.06946],[80.21349,8.06904],[80.21323,8.06916],[80.213,8.06908],[80.21275,8.06937]]]}},{"type":"Feature","properties":{"c":"scrub"},"geometry":{"type":"Polygon","coordinates":[[[80.21324,8.06788],[80.21361,8.06898],[80.21406,8.0688],[80.21402,8.06865],[80.21419,8.06864],[80.21421,8.06842],[80.21362,8.06842],[80.21359,8.06821],[80.21366,8.06801],[80.21324,8.06788]]]}},{"type":"Feature","properties":{"c":"scrub"},"geometry":{"type":"Polygon","coordinates":[[[80.21396,8.07023],[80.21406,8.07102],[80.21445,8.07094],[80.21422,8.06911],[80.21399,8.06919],[80.21409,8.07017],[80.21396,8.07023]]]}},{"type":"Feature","properties":{"c":"scrub"},"geometry":{"type":"Polygon","coordinates":[[[80.20994,8.07493],[80.21146,8.07557],[80.21236,8.07626],[80.21276,8.07639],[80.21308,8.07662],[80.21314,8.07647],[80.21294,8.07632],[80.21242,8.0761],[80.2116,8.07551],[80.21161,8.0754],[80.21174,8.07523],[80.21199,8.07516],[80.21228,8.07484],[80.21251,8.07484],[80.21265,8.07472],[80.21256,8.07455],[80.21295,8.07421],[80.21351,8.07349],[80.21377,8.07365],[80.21408,8.07325],[80.21371,8.07301],[80.2137,8.07286],[80.21331,8.07302],[80.21096,8.07299],[80.21073,8.07339],[80.2109,8.07345],[80.21094,8.07359],[80.2108,8.07362],[80.21063,8.07378],[80.20994,8.07493]]]}},{"type":"Feature","properties":{"c":"farmland"},"geometry":{"type":"Polygon","coordinates":[[[80.21251,8.07484],[80.21269,8.0749],[80.21278,8.07502],[80.21294,8.07497],[80.21318,8.07468],[80.21312,8.07459],[80.21339,8.07417],[80.21358,8.07412],[80.21377,8.07365],[80.21351,8.07349],[80.21295,8.07421],[80.21256,8.07455],[80.21265,8.07472],[80.21251,8.07484]]]}},{"type":"Feature","properties":{"c":"scrub"},"geometry":{"type":"Polygon","coordinates":[[[80.21261,8.07541],[80.21294,8.07613],[80.21317,8.07644],[80.21308,8.07662],[80.21316,8.077],[80.21308,8.07704],[80.21314,8.07725],[80.21304,8.0773],[80.21332,8.07778],[80.21411,8.07792],[80.2141,8.07685],[80.21347,8.07677],[80.2135,8.0764],[80.2134,8.07639],[80.21333,8.07625],[80.2135,8.07557],[80.21361,8.07449],[80.21362,8.07422],[80.21358,8.07412],[80.21339,8.07417],[80.21312,8.07459],[80.21318,8.07468],[80.21294,8.07497],[80.21278,8.07502],[80.21278,8.0751],[80.21261,8.07541]]]}},{"type":"Feature","properties":{"c":"scrub"},"geometry":{"type":"Polygon","coordinates":[[[80.2141,8.07704],[80.2141,8.0784],[80.21413,8.07848],[80.21457,8.07867],[80.21479,8.07808],[80.21478,8.07705],[80.2141,8.07704]]]}},{"type":"Feature","properties":{"c":"forest"},"geometry":{"type":"Polygon","coordinates":[[[80.21335,8.06221],[80.21335,8.06232],[80.21381,8.06299],[80.21388,8.06305],[80.21402,8.063],[80.2141,8.0628],[80.21426,8.06286],[80.21433,8.06301],[80.21431,8.06323],[80.21459,8.06347],[80.21474,8.06345],[80.21487,8.06335],[80.21504,8.06333],[80.21504,8.06309],[80.21513,8.06278],[80.21533,8.0628],[80.21554,8.06307],[80.2157,8.06311],[80.2161,8.06307],[80.21623,8.06298],[80.21616,8.06292],[80.2156,8.06277],[80.21544,8.06263],[80.21538,8.06244],[80.21509,8.06253],[80.21502,8.06247],[80.2147,8.0624],[80.21421,8.06237],[80.21409,8.06232],[80.21398,8.06212],[80.21388,8.06212],[80.21382,8.06202],[80.2137,8.06208],[80.2137,8.06227],[80.21366,8.06232],[80.2136,8.06224],[80.21335,8.06221]]]}},{"type":"Feature","properties":{"c":"scrub"},"geometry":{"type":"Polygon","coordinates":[[[80.21153,8.06212],[80.21177,8.06227],[80.21167,8.06254],[80.21262,8.06291],[80.21257,8.06301],[80.21299,8.06328],[80.21292,8.06337],[80.21323,8.06357],[80.21345,8.06357],[80.21378,8.06348],[80.21372,8.06332],[80.21405,8.06322],[80.2142,8.06361],[80.21416,8.06371],[80.21396,8.0639],[80.21417,8.06396],[80.21426,8.06393],[80.21446,8.06362],[80.21475,8.06361],[80.21474,8.06345],[80.21459,8.06347],[80.21431,8.06323],[80.21433,8.06301],[80.21426,8.06286],[80.21417,8.06282],[80.2141,8.0628],[80.21402,8.063],[80.21388,8.06305],[80.21381,8.06299],[80.21335,8.06232],[80.21335,8.06221],[80.2136,8.06224],[80.21366,8.06232],[80.2137,8.06227],[80.2137,8.06208],[80.21382,8.06202],[80.21388,8.06212],[80.21398,8.06212],[80.21409,8.06232],[80.21421,8.06237],[80.2147,8.0624],[80.21502,8.06247],[80.21509,8.06253],[80.21538,8.06244],[80.21544,8.06263],[80.2156,8.06277],[80.21616,8.06292],[80.21623,8.06298],[80.2176,8.06207],[80.21808,8.06162],[80.21841,8.06103],[80.21822,8.05992],[80.21802,8.05931],[80.2169,8.05948],[80.2168,8.05922],[80.21585,8.05948],[80.21578,8.05944],[80.21543,8.05953],[80.2154,8.05939],[80.21527,8.05943],[80.21534,8.05967],[80.21521,8.05971],[80.21527,8.05994],[80.21496,8.06011],[80.21486,8.05989],[80.21471,8.05998],[80.21478,8.0602],[80.21458,8.06033],[80.21455,8.06064],[80.21473,8.06089],[80.21489,8.06103],[80.21475,8.06129],[80.21452,8.06124],[80.21455,8.06098],[80.2145,8.06094],[80.2141,8.06145],[80.21413,8.06166],[80.2139,8.06174],[80.21388,8.06156],[80.21377,8.06152],[80.21374,8.06141],[80.21382,8.06128],[80.2138,8.06118],[80.21373,8.06114],[80.21345,8.06141],[80.21352,8.06162],[80.21358,8.06168],[80.21358,8.06177],[80.2134,8.06189],[80.21338,8.06197],[80.21327,8.062],[80.21305,8.06152],[80.21305,8.06138],[80.21321,8.06134],[80.2131,8.06113],[80.21318,8.06104],[80.21297,8.06103],[80.21287,8.06125],[80.21206,8.06164],[80.21183,8.06203],[80.21164,8.06195],[80.21153,8.06212]]]}},{"type":"Feature","properties":{"c":"forest"},"geometry":{"type":"Polygon","coordinates":[[[80.21305,8.06138],[80.21305,8.06152],[80.21327,8.062],[80.21338,8.06197],[80.2134,8.06189],[80.21358,8.06177],[80.21358,8.06168],[80.21352,8.06162],[80.21345,8.06141],[80.21373,8.06114],[80.2138,8.06118],[80.21382,8.06128],[80.21374,8.06141],[80.21377,8.06152],[80.21388,8.06156],[80.2139,8.06174],[80.21413,8.06166],[80.2141,8.06145],[80.2145,8.06094],[80.21455,8.06098],[80.21452,8.06124],[80.21465,8.06128],[80.21475,8.06129],[80.21489,8.06103],[80.21473,8.06089],[80.21455,8.06064],[80.21458,8.06033],[80.21444,8.06026],[80.21431,8.06029],[80.21439,8.06036],[80.2144,8.06047],[80.21376,8.06082],[80.21376,8.0609],[80.21319,8.06129],[80.21321,8.06134],[80.21305,8.06138]]]}},{"type":"Feature","properties":{"c":"scrub"},"geometry":{"type":"Polygon","coordinates":[[[80.21311,8.06102],[80.21318,8.06104],[80.21364,8.06066],[80.21433,8.06033],[80.21431,8.06029],[80.214,8.06035],[80.21337,8.06065],[80.2134,8.06075],[80.21311,8.06102]]]}},{"type":"Feature","properties":{"c":"scrub"},"geometry":{"type":"Polygon","coordinates":[[[80.21462,8.0687],[80.21503,8.0687],[80.21507,8.06899],[80.21528,8.06898],[80.21528,8.06911],[80.21553,8.06909],[80.21565,8.06888],[80.21577,8.06899],[80.2159,8.06964],[80.216,8.06962],[80.21578,8.06845],[80.21571,8.06837],[80.21573,8.06831],[80.21583,8.06826],[80.21581,8.06817],[80.21569,8.06823],[80.21542,8.06821],[80.21532,8.06825],[80.21504,8.0682],[80.21505,8.06782],[80.21559,8.06783],[80.2156,8.06778],[80.21478,8.06771],[80.21476,8.06805],[80.21464,8.06842],[80.21462,8.0687]]]}},{"type":"Feature","properties":{"c":"meadow"},"geometry":{"type":"Polygon","coordinates":[[[80.21482,8.06968],[80.21488,8.0699],[80.21502,8.07005],[80.2155,8.06969],[80.21577,8.06957],[80.21567,8.06951],[80.21553,8.06927],[80.21553,8.06909],[80.21528,8.06911],[80.21528,8.06953],[80.21482,8.06968]]]}},{"type":"Feature","properties":{"c":"scrub"},"geometry":{"type":"Polygon","coordinates":[[[80.21542,8.06975],[80.21584,8.07036],[80.21614,8.07026],[80.21616,8.07017],[80.216,8.06962],[80.21587,8.06964],[80.21577,8.06957],[80.21542,8.06975]]]}},{"type":"Feature","properties":{"c":"farmland"},"geometry":{"type":"Polygon","coordinates":[[[80.21504,8.0682],[80.21532,8.06825],[80.21542,8.06821],[80.21569,8.06823],[80.21581,8.06817],[80.21583,8.06826],[80.21591,8.0683],[80.21591,8.06839],[80.21578,8.06845],[80.21584,8.06887],[80.21591,8.06928],[80.21627,8.07067],[80.21668,8.07058],[80.21666,8.07046],[80.21691,8.07043],[80.21719,8.06937],[80.21741,8.06878],[80.21755,8.06854],[80.21731,8.06802],[80.21724,8.06761],[80.21707,8.06761],[80.21703,8.06749],[80.21688,8.0675],[80.21671,8.06763],[80.21666,8.06758],[80.21659,8.0676],[80.21653,8.06752],[80.21666,8.06743],[80.21673,8.06748],[80.21698,8.06729],[80.21711,8.0673],[80.21717,8.06738],[80.21733,8.06735],[80.21744,8.06727],[80.21759,8.06712],[80.21772,8.06664],[80.21764,8.06626],[80.21722,8.0663],[80.21723,8.06541],[80.21711,8.06527],[80.21623,8.06538],[80.21622,8.06544],[80.21597,8.06553],[80.21554,8.06605],[80.2156,8.0661],[80.21548,8.06623],[80.21544,8.06619],[80.21528,8.06635],[80.21541,8.06649],[80.21549,8.06668],[80.21564,8.06725],[80.2156,8.06778],[80.21559,8.06783],[80.21505,8.06782],[80.21504,8.0682]]]}},{"type":"Feature","properties":{"c":"scrub"},"geometry":{"type":"Polygon","coordinates":[[[80.21584,8.07036],[80.2162,8.07099],[80.21717,8.07075],[80.21703,8.07053],[80.21701,8.0704],[80.21704,8.07017],[80.21698,8.07016],[80.21691,8.07043],[80.21666,8.07046],[80.21668,8.07058],[80.21627,8.07067],[80.21614,8.07026],[80.21584,8.07036]]]}},{"type":"Feature","properties":{"c":"scrub"},"geometry":{"type":"Polygon","coordinates":[[[80.21653,8.06752],[80.21659,8.0676],[80.21666,8.06758],[80.21671,8.06763],[80.21688,8.0675],[80.21703,8.06749],[80.21707,8.06761],[80.21724,8.06761],[80.21731,8.06802],[80.21737,8.06819],[80.21743,8.06817],[80.21742,8.06798],[80.21747,8.06789],[80.21739,8.06751],[80.21768,8.06738],[80.2177,8.06721],[80.21763,8.0672],[80.21766,8.06709],[80.21771,8.06706],[80.21766,8.06693],[80.21759,8.06712],[80.21733,8.06735],[80.21717,8.06738],[80.21711,8.0673],[80.21698,8.06729],[80.21673,8.06748],[80.21666,8.06743],[80.21653,8.06752]]]}},{"type":"Feature","properties":{"c":"scrub"},"geometry":{"type":"Polygon","coordinates":[[[80.21867,8.07992],[80.21878,8.07999],[80.21946,8.07887],[80.2198,8.07846],[80.21992,8.0784],[80.21993,8.07823],[80.22011,8.07791],[80.22019,8.07789],[80.2205,8.07756],[80.22119,8.07697],[80.22127,8.07685],[80.22137,8.07687],[80.22181,8.07622],[80.22148,8.07646],[80.22137,8.07668],[80.22123,8.07662],[80.22114,8.07668],[80.22103,8.07694],[80.22081,8.07699],[80.22073,8.0771],[80.22074,8.07726],[80.22031,8.07747],[80.21867,8.07992]]]}},{"type":"Feature","properties":{"c":"forest"},"geometry":{"type":"Polygon","coordinates":[[[80.21797,8.06326],[80.21821,8.06331],[80.21847,8.06346],[80.21859,8.0636],[80.21867,8.06404],[80.21903,8.06408],[80.2192,8.06428],[80.21931,8.06404],[80.21922,8.06386],[80.21915,8.06345],[80.2202,8.06303],[80.22025,8.06311],[80.22022,8.06342],[80.22031,8.06388],[80.22029,8.06418],[80.22033,8.06424],[80.2205,8.06432],[80.2207,8.06437],[80.22081,8.06434],[80.2209,8.06424],[80.22091,8.06378],[80.22082,8.06287],[80.2209,8.06284],[80.2213,8.06289],[80.22146,8.06284],[80.22165,8.06258],[80.22161,8.06249],[80.22145,8.0624],[80.22146,8.0623],[80.22163,8.06221],[80.22164,8.06207],[80.22158,8.06198],[80.22115,8.06187],[80.22097,8.06188],[80.22067,8.06199],[80.22036,8.06184],[80.2203,8.06188],[80.22031,8.0621],[80.22025,8.0622],[80.21988,8.06224],[80.21947,8.06236],[80.21941,8.0624],[80.21937,8.06261],[80.21918,8.06264],[80.21901,8.06278],[80.21872,8.06257],[80.21863,8.06276],[80.21852,8.06285],[80.2182,8.06291],[80.21803,8.06304],[80.21797,8.06326]]]}},{"type":"Feature","properties":{"c":"forest"},"geometry":{"type":"Polygon","coordinates":[[[80.22146,8.06388],[80.22144,8.06429],[80.22151,8.06436],[80.22181,8.06446],[80.22182,8.06454],[80.22154,8.06504],[80.22148,8.06532],[80.22162,8.06538],[80.22201,8.06541],[80.22227,8.06555],[80.2225,8.06547],[80.22271,8.06551],[80.2228,8.06573],[80.22296,8.06583],[80.22313,8.06583],[80.22319,8.06588],[80.22329,8.06587],[80.22333,8.06574],[80.22348,8.06569],[80.2235,8.06543],[80.22373,8.06542],[80.22373,8.06548],[80.22387,8.06547],[80.22352,8.06494],[80.2233,8.0648],[80.2234,8.06459],[80.22328,8.06447],[80.22322,8.06458],[80.22317,8.06457],[80.22275,8.06383],[80.2228,8.06375],[80.22285,8.06375],[80.22287,8.06367],[80.22278,8.06357],[80.22278,8.06347],[80.22294,8.06332],[80.22281,8.06317],[80.2228,8.06305],[80.22268,8.06296],[80.22212,8.06277],[80.22212,8.06305],[80.2222,8.06311],[80.22231,8.06311],[80.22236,8.06324],[80.22229,8.06327],[80.22211,8.06326],[80.22197,8.06351],[80.22202,8.06367],[80.22219,8.06376],[80.22221,8.06398],[80.22215,8.06403],[80.22205,8.06401],[80.22204,8.06393],[80.22189,8.06378],[80.22196,8.06368],[80.22195,8.06357],[80.22187,8.06341],[80.22179,8.06335],[80.22169,8.06342],[80.22175,8.06365],[80.22152,8.06378],[80.22146,8.06388]]]}},{"type":"Feature","properties":{"c":"forest"},"geometry":{"type":"Polygon","coordinates":[[[80.22133,8.06652],[80.22135,8.06662],[80.22171,8.06676],[80.22175,8.06698],[80.2217,8.06718],[80.2219,8.0674],[80.22222,8.06759],[80.22233,8.06749],[80.2223,8.06721],[80.22237,8.06709],[80.2227,8.06698],[80.22286,8.06723],[80.22305,8.06707],[80.2231,8.06694],[80.2231,8.06676],[80.22302,8.06665],[80.22288,8.06662],[80.22283,8.06652],[80.22283,8.06626],[80.22268,8.06608],[80.22263,8.06567],[80.22236,8.06552],[80.22227,8.06555],[80.22212,8.06549],[80.22209,8.06557],[80.22203,8.06553],[80.22182,8.06566],[80.22163,8.06592],[80.2216,8.06626],[80.22151,8.06639],[80.22133,8.06652]]]}},{"type":"Feature","properties":{"c":"farmland"},"geometry":{"type":"Polygon","coordinates":[[[80.21737,8.06819],[80.21755,8.06854],[80.21796,8.06875],[80.21833,8.06884],[80.21836,8.0687],[80.21849,8.06868],[80.21852,8.06887],[80.21863,8.06893],[80.21874,8.06888],[80.2188,8.06897],[80.219,8.06904],[80.21925,8.06852],[80.21941,8.0683],[80.21935,8.06827],[80.21938,8.06812],[80.21901,8.06802],[80.21868,8.06784],[80.21853,8.0677],[80.21843,8.06751],[80.21826,8.06672],[80.21815,8.06669],[80.21766,8.06679],[80.21771,8.06706],[80.21766,8.06709],[80.21763,8.0672],[80.2177,8.06721],[80.21768,8.06738],[80.21739,8.06751],[80.21747,8.06789],[80.21742,8.06798],[80.21743,8.06817],[80.21737,8.06819]]]}},{"type":"Feature","properties":{"c":"meadow"},"geometry":{"type":"Polygon","coordinates":[[[80.21951,8.07256],[80.22001,8.07256],[80.22006,8.07265],[80.22027,8.07263],[80.22019,8.07187],[80.21951,8.07256]]]}},{"type":"Feature","properties":{"c":"meadow"},"geometry":{"type":"Polygon","coordinates":[[[80.2193,8.07206],[80.21944,8.07218],[80.21951,8.07256],[80.22008,8.07198],[80.22002,8.0719],[80.2201,8.07182],[80.21996,8.07165],[80.21987,8.07171],[80.2198,8.07169],[80.21961,8.07193],[80.21954,8.07196],[80.21941,8.0719],[80.2193,8.07206]]]}},{"type":"Feature","properties":{"c":"meadow"},"geometry":{"type":"Polygon","coordinates":[[[80.21993,8.07141],[80.21995,8.07156],[80.22016,8.07166],[80.22018,8.07173],[80.22025,8.07173],[80.2203,8.07157],[80.22061,8.07141],[80.2206,8.07125],[80.22032,8.07121],[80.22013,8.07127],[80.21993,8.07141]]]}},{"type":"Feature","properties":{"c":"farmland"},"geometry":{"type":"Polygon","coordinates":[[[80.21905,8.07332],[80.21911,8.07346],[80.21941,8.07362],[80.21964,8.0733],[80.21949,8.0732],[80.21905,8.07332]]]}},{"type":"Feature","properties":{"c":"scrub"},"geometry":{"type":"Polygon","coordinates":[[[80.21935,8.07295],[80.21974,8.07316],[80.22006,8.07265],[80.22001,8.07256],[80.21951,8.07256],[80.21935,8.07295]]]}},{"type":"Feature","properties":{"c":"scrub"},"geometry":{"type":"Polygon","coordinates":[[[80.21906,8.07196],[80.2193,8.07206],[80.21941,8.0719],[80.21954,8.07196],[80.2198,8.07169],[80.21987,8.07171],[80.21996,8.07165],[80.2201,8.07182],[80.22002,8.0719],[80.22008,8.07198],[80.22031,8.07178],[80.22035,8.07162],[80.2206,8.0715],[80.22061,8.07141],[80.2203,8.07157],[80.22025,8.07173],[80.22018,8.07173],[80.22016,8.07166],[80.21995,8.07156],[80.21993,8.07141],[80.22013,8.07127],[80.22032,8.07121],[80.2206,8.07125],[80.22059,8.07113],[80.2201,8.07114],[80.21966,8.07132],[80.2194,8.0715],[80.21906,8.07196]]]}},{"type":"Feature","properties":{"c":"scrub"},"geometry":{"type":"Polygon","coordinates":[[[80.2221,8.07568],[80.22214,8.07588],[80.22236,8.07589],[80.22285,8.07556],[80.22298,8.07542],[80.22318,8.07541],[80.22322,8.07523],[80.22339,8.07515],[80.22372,8.07515],[80.22393,8.07505],[80.22413,8.07479],[80.22441,8.07485],[80.22448,8.07493],[80.22496,8.07504],[80.22515,8.07468],[80.22527,8.07463],[80.22549,8.07488],[80.22556,8.07483],[80.22565,8.07466],[80.22571,8.0744],[80.22572,8.07394],[80.2256,8.07395],[80.22543,8.07442],[80.22511,8.07444],[80.22485,8.07483],[80.2242,8.07461],[80.2238,8.07461],[80.22384,8.07479],[80.22373,8.07493],[80.22338,8.07504],[80.22328,8.07495],[80.223,8.07509],[80.22298,8.07524],[80.22254,8.07554],[80.22259,8.0756],[80.22246,8.07571],[80.22237,8.07575],[80.2222,8.07566],[80.2221,8.07568]]]}},{"type":"Feature","properties":{"c":"farmland"},"geometry":{"type":"Polygon","coordinates":[[[80.21942,8.06735],[80.21992,8.06753],[80.21989,8.06767],[80.22037,8.06771],[80.22042,8.06719],[80.22021,8.06711],[80.22019,8.06689],[80.21981,8.06691],[80.21956,8.06687],[80.21942,8.06735]]]}},{"type":"Feature","properties":{"c":"scrub"},"geometry":{"type":"Polygon","coordinates":[[[80.21688,8.06464],[80.2172,8.06497],[80.21713,8.06513],[80.21702,8.06517],[80.21703,8.06528],[80.21711,8.06527],[80.21723,8.06541],[80.21722,8.0663],[80.21764,8.06626],[80.21772,8.06664],[80.21766,8.06679],[80.21815,8.06669],[80.21826,8.06672],[80.21843,8.06751],[80.21853,8.0677],[80.21892,8.06798],[80.21938,8.06812],[80.21944,8.06795],[80.21907,8.0679],[80.21886,8.06778],[80.21861,8.06754],[80.21854,8.06736],[80.21854,8.06723],[80.21862,8.06721],[80.21875,8.06728],[80.21891,8.06723],[80.21919,8.06724],[80.21931,8.06736],[80.21942,8.06735],[80.21956,8.06687],[80.21981,8.06691],[80.22019,8.06689],[80.22021,8.06711],[80.22052,8.06721],[80.2206,8.06709],[80.22062,8.06713],[80.2211,8.06721],[80.2217,8.06718],[80.22175,8.06698],[80.22171,8.06676],[80.22135,8.06662],[80.22133,8.06652],[80.22151,8.06639],[80.2216,8.06626],[80.22163,8.06592],[80.22111,8.06583],[80.22102,8.06586],[80.22081,8.06576],[80.22079,8.06567],[80.22049,8.06567],[80.22048,8.0658],[80.22036,8.06592],[80.22031,8.0658],[80.22043,8.06568],[80.2204,8.06546],[80.22017,8.06549],[80.22008,8.06544],[80.22013,8.06531],[80.22007,8.06522],[80.22009,8.06514],[80.2199,8.06504],[80.21962,8.0651],[80.21959,8.06495],[80.21942,8.06491],[80.21933,8.0645],[80.21903,8.06408],[80.21867,8.06404],[80.21797,8.06421],[80.21796,8.06435],[80.21783,8.06437],[80.21777,8.06443],[80.21794,8.06451],[80.21779,8.06458],[80.21756,8.06449],[80.21688,8.06464]]]}},{"type":"Feature","properties":{"c":"scrub"},"geometry":{"type":"Polygon","coordinates":[[[80.21524,8.06631],[80.21528,8.06635],[80.21544,8.06619],[80.21548,8.06623],[80.2156,8.0661],[80.21554,8.06605],[80.21578,8.06572],[80.21597,8.06553],[80.21622,8.06544],[80.21621,8.06534],[80.21605,8.0654],[80.21578,8.06562],[80.21539,8.06616],[80.21524,8.06631]]]}},{"type":"Feature","properties":{"c":"scrub"},"geometry":{"type":"Polygon","coordinates":[[[80.21449,8.0643],[80.21466,8.06446],[80.21495,8.06457],[80.21494,8.06475],[80.21516,8.06496],[80.21554,8.06487],[80.21611,8.06483],[80.21652,8.06459],[80.21688,8.06464],[80.21756,8.06449],[80.21759,8.06444],[80.21777,8.06443],[80.21783,8.06437],[80.21762,8.06431],[80.21766,8.0642],[80.21776,8.06414],[80.21787,8.06414],[80.21797,8.06421],[80.21867,8.06404],[80.21859,8.0636],[80.21833,8.06337],[80.21797,8.06326],[80.21798,8.06312],[80.2182,8.06291],[80.21852,8.06285],[80.21863,8.06276],[80.21872,8.06257],[80.21901,8.06278],[80.21918,8.06264],[80.21937,8.06261],[80.21941,8.0624],[80.21947,8.06236],[80.21988,8.06224],[80.22025,8.0622],[80.22031,8.0621],[80.2203,8.06188],[80.22036,8.06184],[80.22004,8.06046],[80.21989,8.06051],[80.21981,8.06046],[80.21964,8.06055],[80.21907,8.06049],[80.21888,8.06032],[80.21887,8.05982],[80.21859,8.05991],[80.21822,8.05992],[80.21841,8.06103],[80.21808,8.06162],[80.2176,8.06207],[80.2161,8.06307],[80.2157,8.06311],[80.21554,8.06307],[80.21533,8.0628],[80.21513,8.06278],[80.21504,8.06309],[80.21504,8.06333],[80.21487,8.06335],[80.21474,8.06345],[80.21477,8.06391],[80.21453,8.06397],[80.21449,8.0643]]]}},{"type":"Feature","properties":{"c":"scrub"},"geometry":{"type":"Polygon","coordinates":[[[80.22004,8.06046],[80.22036,8.06184],[80.22067,8.06199],[80.22097,8.06188],[80.22115,8.06187],[80.22158,8.06198],[80.22164,8.06207],[80.22163,8.06221],[80.22146,8.0623],[80.22145,8.0624],[80.22161,8.06249],[80.22165,8.06258],[80.22146,8.06284],[80.22161,8.06307],[80.22169,8.06342],[80.22179,8.06335],[80.22187,8.06341],[80.22196,8.06368],[80.22189,8.06378],[80.22204,8.06393],[80.22205,8.06401],[80.22215,8.06403],[80.22221,8.06398],[80.22221,8.06388],[80.22219,8.06376],[80.22202,8.06367],[80.22197,8.06351],[80.22211,8.06326],[80.22229,8.06327],[80.22236,8.06324],[80.22231,8.06311],[80.2222,8.06311],[80.22212,8.06305],[80.22212,8.06277],[80.22268,8.06296],[80.2228,8.06305],[80.22281,8.06317],[80.22294,8.06332],[80.22329,8.06324],[80.22379,8.06324],[80.22382,8.06334],[80.22414,8.06336],[80.22405,8.06271],[80.22382,8.06188],[80.22367,8.06104],[80.22356,8.06105],[80.22348,8.06066],[80.22301,8.06075],[80.22281,8.06049],[80.22265,8.0605],[80.22246,8.0607],[80.22222,8.06072],[80.22216,8.06065],[80.22215,8.06045],[80.22115,8.06052],[80.22079,8.06009],[80.22028,8.06013],[80.22004,8.06046]]]}},{"type":"Feature","properties":{"c":"meadow"},"geometry":{"type":"Polygon","coordinates":[[[80.21915,8.06345],[80.21922,8.06386],[80.21931,8.06404],[80.2192,8.06428],[80.21924,8.0644],[80.21933,8.0645],[80.21942,8.06491],[80.21959,8.06495],[80.21981,8.0649],[80.21956,8.06328],[80.21915,8.06345]]]}},{"type":"Feature","properties":{"c":"meadow"},"geometry":{"type":"Polygon","coordinates":[[[80.21956,8.06328],[80.21981,8.0649],[80.2199,8.06504],[80.22009,8.06514],[80.22016,8.06512],[80.22031,8.0646],[80.22027,8.06425],[80.22032,8.06406],[80.22022,8.06342],[80.22025,8.06311],[80.2202,8.06303],[80.21956,8.06328]]]}},{"type":"Feature","properties":{"c":"scrub"},"geometry":{"type":"Polygon","coordinates":[[[80.22016,8.06512],[80.22029,8.06518],[80.22046,8.06535],[80.22047,8.0654],[80.2204,8.06546],[80.22043,8.06568],[80.22079,8.06567],[80.22087,8.0655],[80.22104,8.06545],[80.22118,8.06551],[80.22121,8.06559],[80.22122,8.06568],[80.22111,8.06583],[80.22131,8.06586],[80.22137,8.06571],[80.22131,8.06546],[80.22119,8.06535],[80.22084,8.06531],[80.22078,8.06522],[80.22074,8.06503],[80.22091,8.06439],[80.2209,8.06424],[80.22081,8.06434],[80.2207,8.06437],[80.22033,8.06424],[80.22029,8.06418],[80.22031,8.0646],[80.22016,8.06512]]]}},{"type":"Feature","properties":{"c":"meadow"},"geometry":{"type":"Polygon","coordinates":[[[80.22074,8.06503],[80.22084,8.06531],[80.22119,8.06535],[80.22131,8.06546],[80.22137,8.06571],[80.22131,8.06586],[80.22163,8.06592],[80.22182,8.06566],[80.22203,8.06553],[80.22209,8.06557],[80.22212,8.06549],[80.22201,8.06541],[80.22162,8.06538],[80.22148,8.06532],[80.22154,8.06504],[80.22182,8.06454],[80.22181,8.06446],[80.22151,8.06436],[80.22144,8.06429],[80.22146,8.06388],[80.22152,8.06378],[80.22175,8.06365],[80.22161,8.06307],[80.22146,8.06284],[80.2213,8.06289],[80.2209,8.06284],[80.22082,8.06287],[80.22091,8.06378],[80.22091,8.06439],[80.22074,8.06503]]]}},{"type":"Feature","properties":{"c":"scrub"},"geometry":{"type":"Polygon","coordinates":[[[80.20005,8.06345],[80.20057,8.06344],[80.20079,8.06356],[80.20107,8.0636],[80.2007,8.06305],[80.20048,8.06293],[80.20005,8.06345]]]}},{"type":"Feature","properties":{"c":"meadow"},"geometry":{"type":"Polygon","coordinates":[[[80.22042,8.06719],[80.22037,8.06771],[80.22088,8.06764],[80.22096,8.0677],[80.22102,8.0684],[80.22116,8.0688],[80.22172,8.0688],[80.22154,8.06829],[80.22152,8.06796],[80.22158,8.06773],[80.22172,8.06765],[80.22173,8.06736],[80.22181,8.0673],[80.2217,8.06718],[80.2211,8.06721],[80.22062,8.06713],[80.22056,8.06736],[80.22052,8.06721],[80.22042,8.06719]]]}},{"type":"Feature","properties":{"c":"scrub"},"geometry":{"type":"Polygon","coordinates":[[[80.21833,8.06884],[80.21853,8.06926],[80.21887,8.0693],[80.2191,8.0697],[80.21927,8.06985],[80.21952,8.06995],[80.21971,8.06996],[80.21942,8.06978],[80.21923,8.06942],[80.2196,8.06966],[80.21988,8.06974],[80.21989,8.06977],[80.22132,8.06971],[80.22116,8.0688],[80.22102,8.0684],[80.22096,8.0677],[80.22088,8.06764],[80.2201,8.06771],[80.21989,8.06767],[80.21992,8.06753],[80.21951,8.06737],[80.21931,8.06736],[80.21932,8.06751],[80.2195,8.06785],[80.21935,8.06827],[80.21941,8.0683],[80.21925,8.06852],[80.219,8.06904],[80.2188,8.06897],[80.21874,8.06888],[80.21863,8.06893],[80.21852,8.06887],[80.21849,8.06868],[80.21836,8.0687],[80.21833,8.06884]]]}},{"type":"Feature","properties":{"c":"farmland"},"geometry":{"type":"Polygon","coordinates":[[[80.21923,8.06942],[80.21942,8.06978],[80.21994,8.07005],[80.22004,8.06979],[80.2196,8.06966],[80.21923,8.06942]]]}},{"type":"Feature","properties":{"c":"scrub"},"geometry":{"type":"Polygon","coordinates":[[[80.21994,8.07005],[80.2204,8.07028],[80.22113,8.06996],[80.2212,8.06997],[80.22128,8.07009],[80.22126,8.07063],[80.22119,8.07088],[80.2211,8.07097],[80.22059,8.07113],[80.2206,8.0715],[80.22063,8.07164],[80.22073,8.07163],[80.22077,8.07199],[80.22109,8.07203],[80.22088,8.07245],[80.2209,8.07264],[80.22121,8.07266],[80.22123,8.07279],[80.22135,8.07286],[80.2215,8.07283],[80.22175,8.07265],[80.22228,8.07288],[80.22244,8.07278],[80.22252,8.07266],[80.22267,8.0726],[80.22291,8.07259],[80.22323,8.07273],[80.22335,8.0724],[80.22403,8.07204],[80.22397,8.07196],[80.22404,8.07184],[80.22392,8.07179],[80.22404,8.07155],[80.22442,8.07182],[80.22453,8.07174],[80.22438,8.07156],[80.22432,8.07144],[80.22434,8.07131],[80.22448,8.07112],[80.22495,8.07085],[80.22504,8.07069],[80.22476,8.07053],[80.2249,8.07028],[80.22443,8.06999],[80.22404,8.07042],[80.22328,8.06998],[80.22243,8.06985],[80.2224,8.06973],[80.22246,8.06898],[80.22212,8.06892],[80.22209,8.0692],[80.22178,8.06918],[80.22181,8.06971],[80.22148,8.06972],[80.22138,8.06941],[80.22127,8.06942],[80.22132,8.06971],[80.22004,8.06979],[80.21994,8.07005]]]}},{"type":"Feature","properties":{"c":"farmland"},"geometry":{"type":"Polygon","coordinates":[[[80.22116,8.0688],[80.22127,8.06942],[80.22138,8.06941],[80.22148,8.06972],[80.22181,8.06971],[80.22178,8.06918],[80.22172,8.06905],[80.22149,8.0691],[80.22144,8.06882],[80.22116,8.0688]]]}},{"type":"Feature","properties":{"c":"scrub"},"geometry":{"type":"Polygon","coordinates":[[[80.22152,8.06796],[80.22159,8.06845],[80.22194,8.06838],[80.22195,8.06807],[80.22185,8.06791],[80.22187,8.06775],[80.22199,8.06765],[80.22222,8.06766],[80.22222,8.06759],[80.22181,8.0673],[80.22173,8.06736],[80.22172,8.06765],[80.22158,8.06773],[80.22152,8.06796]]]}},{"type":"Feature","properties":{"c":"scrub"},"geometry":{"type":"Polygon","coordinates":[[[80.22236,8.06552],[80.22263,8.06567],[80.22268,8.06608],[80.22283,8.06626],[80.22283,8.06652],[80.22288,8.06662],[80.22302,8.06665],[80.2231,8.06676],[80.22305,8.06707],[80.22295,8.06719],[80.22286,8.06723],[80.22281,8.0672],[80.22286,8.0676],[80.22311,8.06769],[80.22311,8.06787],[80.22303,8.06798],[80.22301,8.06825],[80.22355,8.06827],[80.22487,8.06872],[80.22489,8.06842],[80.22507,8.0682],[80.22435,8.06765],[80.22454,8.06737],[80.22437,8.06725],[80.22462,8.06686],[80.22451,8.06678],[80.22461,8.06634],[80.2241,8.06613],[80.22387,8.06612],[80.22389,8.06593],[80.22374,8.06591],[80.22349,8.06591],[80.22349,8.06614],[80.22343,8.06625],[80.22329,8.06626],[80.22326,8.0662],[80.22332,8.06599],[80.22329,8.06587],[80.22296,8.06583],[80.2228,8.06573],[80.22271,8.06551],[80.2225,8.06547],[80.22236,8.06552]]]}},{"type":"Feature","properties":{"c":"scrub"},"geometry":{"type":"Polygon","coordinates":[[[80.22329,8.06578],[80.22331,8.06593],[80.22339,8.06582],[80.22349,8.06591],[80.22374,8.06591],[80.22377,8.0657],[80.22348,8.06564],[80.22348,8.06569],[80.22329,8.06578]]]}},{"type":"Feature","properties":{"c":"meadow"},"geometry":{"type":"Polygon","coordinates":[[[80.22222,8.06759],[80.22222,8.06766],[80.22229,8.06768],[80.22225,8.06813],[80.22301,8.06825],[80.22303,8.06798],[80.22311,8.06787],[80.22311,8.06769],[80.22286,8.0676],[80.22281,8.0672],[80.2227,8.06698],[80.22237,8.06709],[80.2223,8.06721],[80.22233,8.06749],[80.22222,8.06759]]]}},{"type":"Feature","properties":{"c":"scrub"},"geometry":{"type":"Polygon","coordinates":[[[80.22279,8.06991],[80.22312,8.06995],[80.2232,8.06943],[80.22382,8.0698],[80.22403,8.06939],[80.22458,8.06968],[80.22484,8.0691],[80.22487,8.06872],[80.22355,8.06827],[80.22327,8.06824],[80.22316,8.06867],[80.22297,8.06865],[80.22279,8.06991]]]}},{"type":"Feature","properties":{"c":"scrub"},"geometry":{"type":"Polygon","coordinates":[[[80.22447,8.06008],[80.22475,8.05991],[80.22522,8.05977],[80.2252,8.05972],[80.22502,8.05972],[80.22476,8.05978],[80.22448,8.05976],[80.22447,8.06008]]]}},{"type":"Feature","properties":{"c":"scrub"},"geometry":{"type":"Polygon","coordinates":[[[80.22414,8.06062],[80.22427,8.06073],[80.22431,8.06083],[80.22451,8.06066],[80.22451,8.06047],[80.22442,8.06038],[80.22431,8.06051],[80.22414,8.06062]]]}},{"type":"Feature","properties":{"c":"forest"},"geometry":{"type":"Polygon","coordinates":[[[80.22348,8.06066],[80.22356,8.06105],[80.22367,8.06104],[80.22375,8.0615],[80.22422,8.0618],[80.22398,8.06245],[80.22405,8.06271],[80.22426,8.0627],[80.22439,8.06264],[80.22451,8.0625],[80.22464,8.06247],[80.22503,8.06253],[80.22511,8.0625],[80.22504,8.06223],[80.22506,8.06201],[80.22513,8.06187],[80.22527,8.06174],[80.22576,8.06166],[80.22616,8.06173],[80.22638,8.06159],[80.22663,8.06133],[80.22666,8.06123],[80.22659,8.06111],[80.22633,8.06101],[80.22621,8.06104],[80.22584,8.06127],[80.22546,8.06127],[80.2251,8.06136],[80.22476,8.06133],[80.22466,8.06143],[80.2247,8.06183],[80.22459,8.06186],[80.2245,8.06168],[80.22451,8.06151],[80.22461,8.06145],[80.22467,8.06123],[80.22454,8.06112],[80.22429,8.06115],[80.2242,8.06128],[80.22399,8.06138],[80.22393,8.06135],[80.22386,8.0611],[80.22396,8.06102],[80.2244,8.06096],[80.22465,8.06099],[80.22484,8.06106],[80.22541,8.0611],[80.22545,8.06105],[80.22537,8.0609],[80.22493,8.06093],[80.2248,8.06088],[80.22472,8.06069],[80.22474,8.06055],[80.22491,8.06047],[80.22527,8.06052],[80.2254,8.06077],[80.22551,8.06082],[80.22571,8.06081],[80.22575,8.06077],[80.22571,8.06059],[80.22576,8.0605],[80.22564,8.06045],[80.22562,8.06033],[80.22555,8.0603],[80.22558,8.06001],[80.2255,8.05988],[80.22538,8.0599],[80.22522,8.05977],[80.22475,8.05991],[80.22447,8.06008],[80.22442,8.06038],[80.22451,8.06047],[80.22451,8.06066],[80.22431,8.06083],[80.22427,8.06073],[80.22414,8.06062],[80.22385,8.06076],[80.22377,8.06065],[80.22348,8.06066]]]}},{"type":"Feature","properties":{"c":"scrub"},"geometry":{"type":"Polygon","coordinates":[[[80.22375,8.0615],[80.22382,8.06188],[80.22398,8.06245],[80.22422,8.0618],[80.22375,8.0615]]]}},{"type":"Feature","properties":{"c":"farmland"},"geometry":{"type":"Polygon","coordinates":[[[80.22436,8.06625],[80.22461,8.06634],[80.22451,8.06678],[80.22471,8.06691],[80.22476,8.06703],[80.2253,8.06741],[80.22554,8.06763],[80.22589,8.06729],[80.22608,8.06691],[80.22628,8.06699],[80.22622,8.06744],[80.22714,8.06768],[80.22713,8.06787],[80.22787,8.06802],[80.2282,8.06814],[80.22885,8.06855],[80.22895,8.06868],[80.22921,8.06847],[80.22988,8.0677],[80.22984,8.06764],[80.23017,8.06728],[80.23033,8.06699],[80.23026,8.06688],[80.22961,8.06655],[80.22961,8.06643],[80.22943,8.06639],[80.2294,8.06634],[80.22923,8.06637],[80.22898,8.06622],[80.22892,8.06627],[80.22875,8.06624],[80.22873,8.06611],[80.22862,8.06598],[80.22812,8.06568],[80.22791,8.06573],[80.22758,8.06592],[80.2274,8.0659],[80.22734,8.0661],[80.22697,8.06601],[80.22676,8.06609],[80.2267,8.06607],[80.22669,8.06597],[80.22617,8.06568],[80.22611,8.06559],[80.22563,8.06537],[80.22551,8.06552],[80.22529,8.06544],[80.22524,8.0655],[80.22529,8.06557],[80.22517,8.06566],[80.22505,8.06558],[80.22471,8.06597],[80.22463,8.06613],[80.22451,8.0662],[80.22445,8.06616],[80.22436,8.06625]]]}},{"type":"Feature","properties":{"c":"scrub"},"geometry":{"type":"Polygon","coordinates":[[[80.22421,8.06619],[80.22436,8.06625],[80.22445,8.06616],[80.22451,8.0662],[80.22463,8.06613],[80.22471,8.06597],[80.22505,8.06558],[80.22517,8.06566],[80.22529,8.06557],[80.22524,8.0655],[80.22529,8.06544],[80.22551,8.06552],[80.22563,8.06537],[80.22525,8.06519],[80.22421,8.06619]]]}},{"type":"Feature","properties":{"c":"scrub"},"geometry":{"type":"Polygon","coordinates":[[[80.22328,8.06447],[80.2234,8.06459],[80.2233,8.0648],[80.22352,8.06494],[80.22387,8.06547],[80.22426,8.0656],[80.22426,8.06566],[80.22434,8.06568],[80.22438,8.06556],[80.22417,8.06546],[80.22402,8.06526],[80.22408,8.06517],[80.22398,8.06509],[80.22403,8.06499],[80.22398,8.06496],[80.22404,8.06487],[80.22385,8.06475],[80.22371,8.0645],[80.22399,8.06381],[80.22418,8.06387],[80.22422,8.0638],[80.22431,8.06384],[80.22438,8.06393],[80.22462,8.06408],[80.22455,8.06425],[80.22485,8.06439],[80.22481,8.06493],[80.22497,8.06502],[80.22519,8.06377],[80.22524,8.06292],[80.2252,8.0628],[80.22502,8.06269],[80.22495,8.06277],[80.22505,8.06295],[80.22502,8.06313],[80.22407,8.06303],[80.22414,8.06336],[80.22382,8.06334],[80.22382,8.06352],[80.22362,8.06367],[80.22358,8.064],[80.22328,8.06447]]]}},{"type":"Feature","properties":{"c":"farmland"},"geometry":{"type":"Polygon","coordinates":[[[80.22406,8.06283],[80.22407,8.06303],[80.22502,8.06313],[80.22505,8.06295],[80.22495,8.06277],[80.22406,8.06283]]]}},{"type":"Feature","properties":{"c":"farmland"},"geometry":{"type":"Polygon","coordinates":[[[80.2235,8.06543],[80.22348,8.06564],[80.22377,8.0657],[80.22374,8.06591],[80.22389,8.06593],[80.22387,8.06612],[80.2241,8.06613],[80.22421,8.06619],[80.22525,8.06519],[80.22481,8.06493],[80.22485,8.06439],[80.22455,8.06425],[80.22462,8.06408],[80.22438,8.06393],[80.22431,8.06384],[80.22422,8.0638],[80.22418,8.06387],[80.22399,8.06381],[80.22371,8.0645],[80.22385,8.06475],[80.22404,8.06487],[80.22398,8.06496],[80.22403,8.06499],[80.22398,8.06509],[80.22408,8.06517],[80.22402,8.06526],[80.22417,8.06546],[80.22438,8.06556],[80.22434,8.06568],[80.22426,8.06566],[80.22426,8.0656],[80.22387,8.06547],[80.22373,8.06548],[80.22373,8.06542],[80.2235,8.06543]]]}},{"type":"Feature","properties":{"c":"meadow"},"geometry":{"type":"Polygon","coordinates":[[[80.22497,8.06502],[80.22525,8.06519],[80.22611,8.06559],[80.22605,8.06518],[80.22594,8.06508],[80.22606,8.06459],[80.22616,8.06324],[80.22524,8.0631],[80.22519,8.06377],[80.22497,8.06502]]]}},{"type":"Feature","properties":{"c":"forest"},"geometry":{"type":"Polygon","coordinates":[[[80.22594,8.06508],[80.22605,8.06518],[80.22611,8.06559],[80.22617,8.06568],[80.22645,8.06584],[80.22656,8.06566],[80.22643,8.06551],[80.2263,8.06524],[80.2264,8.06498],[80.22669,8.06499],[80.22673,8.06505],[80.22699,8.06491],[80.22684,8.06482],[80.22686,8.06474],[80.22696,8.06471],[80.22711,8.06446],[80.22699,8.06396],[80.22689,8.06377],[80.2269,8.06353],[80.22685,8.06342],[80.22658,8.06336],[80.22652,8.06331],[80.2265,8.06313],[80.22652,8.06306],[80.22668,8.06304],[80.22677,8.0631],[80.22719,8.06295],[80.22732,8.06287],[80.2273,8.06278],[80.22696,8.06282],[80.22691,8.06271],[80.22665,8.06274],[80.22659,8.06263],[80.22616,8.0627],[80.22616,8.06355],[80.22609,8.06392],[80.22606,8.06459],[80.22594,8.06508]]]}},{"type":"Feature","properties":{"c":"scrub"},"geometry":{"type":"Polygon","coordinates":[[[80.22405,8.06271],[80.22406,8.06283],[80.22444,8.06283],[80.22495,8.06277],[80.22502,8.06269],[80.2252,8.0628],[80.22524,8.0631],[80.22616,8.06324],[80.22616,8.0627],[80.22646,8.06267],[80.22641,8.06173],[80.22663,8.06162],[80.22678,8.06161],[80.22699,8.06144],[80.22723,8.06131],[80.22722,8.06122],[80.22673,8.06146],[80.22638,8.06171],[80.22616,8.06173],[80.22576,8.06166],[80.22527,8.06174],[80.22513,8.06187],[80.22506,8.06201],[80.22504,8.06223],[80.22511,8.0625],[80.22503,8.06253],[80.22464,8.06247],[80.22451,8.0625],[80.22439,8.06264],[80.22426,8.0627],[80.22405,8.06271]]]}},{"type":"Feature","properties":{"c":"scrub"},"geometry":{"type":"Polygon","coordinates":[[[80.22386,8.0611],[80.22393,8.06135],[80.22399,8.06138],[80.2242,8.06128],[80.22429,8.06115],[80.22441,8.06112],[80.22454,8.06112],[80.22467,8.06123],[80.22461,8.06145],[80.22451,8.06151],[80.2245,8.06168],[80.22459,8.06186],[80.2247,8.06183],[80.22466,8.06143],[80.22476,8.06133],[80.2251,8.06136],[80.22546,8.06127],[80.22584,8.06127],[80.22621,8.06104],[80.22633,8.06101],[80.22659,8.06111],[80.22666,8.06123],[80.22671,8.06101],[80.22681,8.06094],[80.22695,8.06093],[80.22707,8.06096],[80.22717,8.06106],[80.22723,8.06131],[80.22762,8.06142],[80.22786,8.06137],[80.22793,8.06106],[80.22792,8.06098],[80.22778,8.06085],[80.22757,8.06041],[80.2274,8.06029],[80.22722,8.06029],[80.22722,8.06038],[80.22732,8.06046],[80.22732,8.06064],[80.22721,8.06071],[80.22698,8.06074],[80.22663,8.0607],[80.22661,8.06062],[80.2265,8.0606],[80.2264,8.06042],[80.22627,8.0604],[80.22629,8.06014],[80.22612,8.06014],[80.22614,8.06044],[80.2263,8.06062],[80.22612,8.06071],[80.22591,8.06061],[80.22587,8.06046],[80.22576,8.0605],[80.22571,8.06059],[80.22575,8.06077],[80.22562,8.06082],[80.2254,8.06077],[80.22527,8.06052],[80.22491,8.06047],[80.22474,8.06055],[80.22472,8.06069],[80.2248,8.06088],[80.22493,8.06093],[80.22537,8.0609],[80.22545,8.06105],[80.22541,8.0611],[80.22484,8.06106],[80.22465,8.06099],[80.2244,8.06096],[80.22396,8.06102],[80.22386,8.0611]]]}},{"type":"Feature","properties":{"c":"farmland"},"geometry":{"type":"Polygon","coordinates":[[[80.22641,8.06173],[80.22646,8.06267],[80.22659,8.06263],[80.22665,8.06274],[80.22691,8.06271],[80.22696,8.06282],[80.22768,8.0627],[80.22863,8.06287],[80.22868,8.06258],[80.22792,8.06241],[80.2277,8.06185],[80.2275,8.06179],[80.22743,8.06171],[80.22742,8.06151],[80.22759,8.06151],[80.22762,8.06142],[80.22723,8.06131],[80.22699,8.06144],[80.22678,8.06161],[80.22663,8.06162],[80.22641,8.06173]]]}},{"type":"Feature","properties":{"c":"meadow"},"geometry":{"type":"Polygon","coordinates":[[[80.22762,8.06142],[80.22773,8.06156],[80.22786,8.06162],[80.22785,8.06187],[80.22778,8.06198],[80.22781,8.06206],[80.22818,8.06219],[80.22816,8.06229],[80.22792,8.06241],[80.22868,8.06258],[80.22876,8.06211],[80.22816,8.06209],[80.22811,8.06185],[80.22817,8.0615],[80.22786,8.06137],[80.22762,8.06142]]]}},{"type":"Feature","properties":{"c":"meadow"},"geometry":{"type":"Polygon","coordinates":[[[80.22781,8.06206],[80.22792,8.06241],[80.22807,8.0623],[80.22803,8.06222],[80.22811,8.06214],[80.22781,8.06206]]]}},{"type":"Feature","properties":{"c":"forest"},"geometry":{"type":"Polygon","coordinates":[[[80.22742,8.06151],[80.22743,8.06171],[80.2275,8.06179],[80.2277,8.06185],[80.22778,8.06198],[80.22785,8.06187],[80.22786,8.06162],[80.22773,8.06156],[80.22762,8.06142],[80.22759,8.06151],[80.22742,8.06151]]]}},{"type":"Feature","properties":{"c":"scrub"},"geometry":{"type":"Polygon","coordinates":[[[80.22755,8.05995],[80.22771,8.06034],[80.22794,8.06064],[80.22807,8.06066],[80.2283,8.06046],[80.22847,8.06041],[80.22855,8.06045],[80.22873,8.06034],[80.22882,8.06044],[80.22918,8.06047],[80.2292,8.06028],[80.22903,8.06026],[80.22898,8.06002],[80.22881,8.06006],[80.2287,8.06003],[80.22863,8.05994],[80.22832,8.05999],[80.22772,8.05991],[80.22755,8.05995]]]}},{"type":"Feature","properties":{"c":"forest"},"geometry":{"type":"Polygon","coordinates":[[[80.22757,8.06041],[80.22778,8.06085],[80.22792,8.06098],[80.22786,8.06137],[80.22817,8.0615],[80.22811,8.06185],[80.22816,8.06209],[80.22897,8.06212],[80.22901,8.06179],[80.2291,8.06177],[80.22919,8.06163],[80.22922,8.06127],[80.22933,8.06125],[80.22941,8.06052],[80.22903,8.06043],[80.22882,8.06044],[80.22873,8.06034],[80.22855,8.06045],[80.22847,8.06041],[80.2283,8.06046],[80.22807,8.06066],[80.22794,8.06064],[80.22771,8.06034],[80.22757,8.06041]]]}},{"type":"Feature","properties":{"c":"farmland"},"geometry":{"type":"Polygon","coordinates":[[[80.23025,8.06273],[80.23048,8.06276],[80.23052,8.06261],[80.23071,8.06262],[80.23075,8.06232],[80.2309,8.06233],[80.23096,8.06222],[80.23094,8.06185],[80.23042,8.06183],[80.23038,8.06213],[80.23048,8.06215],[80.23045,8.06226],[80.23033,8.06226],[80.23025,8.06273]]]}},{"type":"Feature","properties":{"c":"scrub"},"geometry":{"type":"Polygon","coordinates":[[[80.22649,8.06322],[80.22658,8.06336],[80.22685,8.06342],[80.2269,8.06353],[80.22689,8.06377],[80.22699,8.06396],[80.22711,8.06446],[80.22696,8.06471],[80.22686,8.06474],[80.22684,8.06482],[80.2271,8.06496],[80.22711,8.06508],[80.2276,8.06502],[80.22759,8.06495],[80.22735,8.06496],[80.22726,8.06489],[80.22735,8.06464],[80.22727,8.06387],[80.22747,8.06352],[80.22757,8.06346],[80.2284,8.06359],[80.22895,8.06349],[80.22922,8.06366],[80.22929,8.06358],[80.22936,8.0636],[80.2294,8.06356],[80.2296,8.0637],[80.22957,8.06378],[80.22967,8.06384],[80.22973,8.06377],[80.22988,8.06384],[80.22992,8.06378],[80.23014,8.06391],[80.2303,8.06371],[80.23036,8.06375],[80.23062,8.06341],[80.23058,8.06339],[80.23039,8.0635],[80.23011,8.06356],[80.22999,8.06337],[80.23009,8.06323],[80.23035,8.06303],[80.23066,8.06292],[80.23102,8.06233],[80.23116,8.06235],[80.2312,8.06215],[80.23095,8.06212],[80.2309,8.06233],[80.23075,8.06232],[80.23071,8.06262],[80.23052,8.06261],[80.23048,8.06276],[80.23025,8.06273],[80.23033,8.06226],[80.23045,8.06226],[80.23048,8.06215],[80.23038,8.06213],[80.23042,8.06183],[80.23094,8.06185],[80.23118,8.06173],[80.23109,8.0613],[80.23051,8.0614],[80.23049,8.06133],[80.22971,8.06138],[80.22971,8.06152],[80.22919,8.06147],[80.22919,8.06163],[80.2291,8.06177],[80.22901,8.06179],[80.22897,8.06212],[80.22876,8.06211],[80.22863,8.06287],[80.22768,8.0627],[80.2273,8.06278],[80.22732,8.06287],[80.22719,8.06295],[80.22677,8.0631],[80.22668,8.06304],[80.22652,8.06306],[80.22649,8.06322]]]}},{"type":"Feature","properties":{"c":"scrub"},"geometry":{"type":"Polygon","coordinates":[[[80.2263,8.06524],[80.2265,8.06559],[80.22667,8.06535],[80.22673,8.06505],[80.22669,8.06499],[80.2264,8.06498],[80.2263,8.06524]]]}},{"type":"Feature","properties":{"c":"scrub"},"geometry":{"type":"Polygon","coordinates":[[[80.23094,8.06185],[80.23095,8.06212],[80.23106,8.06213],[80.23109,8.06177],[80.23094,8.06185]]]}},{"type":"Feature","properties":{"c":"scrub"},"geometry":{"type":"Polygon","coordinates":[[[80.23079,8.06299],[80.23084,8.06305],[80.23101,8.06308],[80.23135,8.06272],[80.23118,8.06255],[80.23108,8.06265],[80.23116,8.06276],[80.23107,8.06285],[80.23089,8.06288],[80.23079,8.06299]]]}},{"type":"Feature","properties":{"c":"farmland"},"geometry":{"type":"Polygon","coordinates":[[[80.23014,8.06391],[80.231,8.06441],[80.23136,8.06404],[80.23138,8.06377],[80.23161,8.06362],[80.23174,8.06336],[80.23186,8.06325],[80.23198,8.06297],[80.23147,8.0626],[80.23101,8.06308],[80.23062,8.06341],[80.23036,8.06375],[80.2303,8.06371],[80.23014,8.06391]]]}},{"type":"Feature","properties":{"c":"farmland"},"geometry":{"type":"Polygon","coordinates":[[[80.22999,8.06337],[80.23011,8.06356],[80.23039,8.0635],[80.23058,8.06339],[80.23062,8.06341],[80.23101,8.06308],[80.23084,8.06305],[80.23079,8.06299],[80.23089,8.06288],[80.23107,8.06285],[80.23116,8.06276],[80.23108,8.06265],[80.23118,8.06255],[80.23116,8.06235],[80.23102,8.06233],[80.23066,8.06292],[80.23035,8.06303],[80.23009,8.06323],[80.22999,8.06337]]]}},{"type":"Feature","properties":{"c":"scrub"},"geometry":{"type":"Polygon","coordinates":[[[80.22674,8.06569],[80.22677,8.06577],[80.22696,8.06589],[80.22697,8.06601],[80.22734,8.0661],[80.22742,8.0657],[80.22709,8.06562],[80.22696,8.06548],[80.22685,8.06549],[80.22674,8.06569]]]}},{"type":"Feature","properties":{"c":"forest"},"geometry":{"type":"Polygon","coordinates":[[[80.22645,8.06584],[80.22669,8.06597],[80.2267,8.06607],[80.22676,8.06609],[80.22697,8.06601],[80.22696,8.06589],[80.22677,8.06577],[80.22674,8.06569],[80.22685,8.06549],[80.22696,8.06548],[80.22709,8.06562],[80.22742,8.0657],[80.2274,8.0659],[80.22758,8.06592],[80.22791,8.06573],[80.22812,8.06568],[80.22809,8.06558],[80.22791,8.06561],[80.22768,8.06531],[80.22772,8.06522],[80.22788,8.0652],[80.22818,8.06488],[80.22831,8.06501],[80.22857,8.06467],[80.22835,8.06441],[80.22779,8.0649],[80.22759,8.06495],[80.2276,8.06502],[80.22711,8.06508],[80.2271,8.06496],[80.22699,8.06491],[80.22673,8.06505],[80.22667,8.06535],[80.2265,8.06559],[80.22656,8.06566],[80.22645,8.06584]]]}},{"type":"Feature","properties":{"c":"scrub"},"geometry":{"type":"Polygon","coordinates":[[[80.22835,8.06441],[80.2285,8.0646],[80.22873,8.06438],[80.22876,8.06439],[80.22885,8.0643],[80.22889,8.06415],[80.22907,8.06398],[80.22907,8.0639],[80.22922,8.06366],[80.22907,8.06358],[80.22901,8.06371],[80.22835,8.06441]]]}},{"type":"Feature","properties":{"c":"scrub"},"geometry":{"type":"Polygon","coordinates":[[[80.2284,8.06585],[80.22862,8.06598],[80.22873,8.06611],[80.22875,8.06624],[80.22892,8.06627],[80.22903,8.06612],[80.22899,8.06603],[80.22881,8.06599],[80.22873,8.0659],[80.22866,8.06593],[80.22853,8.06586],[80.22848,8.06577],[80.2284,8.06585]]]}},{"type":"Feature","properties":{"c":"farmland"},"geometry":{"type":"Polygon","coordinates":[[[80.22768,8.06531],[80.22791,8.06561],[80.22809,8.06558],[80.22812,8.06568],[80.2284,8.06585],[80.22848,8.06577],[80.22853,8.06586],[80.22866,8.06593],[80.22873,8.0659],[80.22881,8.06599],[80.22899,8.06603],[80.22903,8.06612],[80.22898,8.06622],[80.22923,8.06637],[80.22923,8.06628],[80.22932,8.06617],[80.22944,8.06613],[80.22946,8.06628],[80.22952,8.0663],[80.22967,8.0662],[80.22978,8.06624],[80.22982,8.06634],[80.22992,8.06642],[80.22994,8.06655],[80.23006,8.06662],[80.23012,8.06657],[80.23022,8.0666],[80.23027,8.06671],[80.23043,8.06676],[80.23046,8.06641],[80.2304,8.06636],[80.23051,8.0662],[80.23053,8.06594],[80.2307,8.06569],[80.23064,8.06539],[80.23093,8.06488],[80.23086,8.06468],[80.231,8.06441],[80.22992,8.06378],[80.22988,8.06384],[80.22973,8.06377],[80.22967,8.06384],[80.22957,8.06378],[80.2296,8.0637],[80.2294,8.06356],[80.22936,8.0636],[80.22929,8.06358],[80.22907,8.0639],[80.22907,8.06398],[80.22889,8.06415],[80.22885,8.0643],[80.2285,8.0646],[80.22857,8.06467],[80.22831,8.06501],[80.22818,8.06488],[80.22788,8.0652],[80.22772,8.06522],[80.22768,8.06531]]]}},{"type":"Feature","properties":{"c":"forest"},"geometry":{"type":"Polygon","coordinates":[[[80.22895,8.06868],[80.22902,8.06874],[80.22911,8.06869],[80.22916,8.06876],[80.2293,8.06874],[80.22919,8.06864],[80.23004,8.06774],[80.23004,8.06759],[80.23015,8.06749],[80.23031,8.06754],[80.23033,8.06768],[80.23043,8.06774],[80.23049,8.06772],[80.23056,8.06762],[80.23054,8.06746],[80.2308,8.06702],[80.23072,8.0669],[80.23027,8.06671],[80.23022,8.0666],[80.23012,8.06657],[80.23006,8.06662],[80.22994,8.06655],[80.22992,8.06642],[80.22982,8.06634],[80.22978,8.06624],[80.22967,8.0662],[80.22952,8.0663],[80.22946,8.06628],[80.22944,8.06613],[80.22932,8.06617],[80.22923,8.06628],[80.22923,8.06637],[80.2294,8.06634],[80.22943,8.06639],[80.22961,8.06643],[80.22961,8.06655],[80.23026,8.06688],[80.23033,8.06699],[80.23017,8.06728],[80.22984,8.06764],[80.22988,8.0677],[80.22921,8.06847],[80.22895,8.06868]]]}},{"type":"Feature","properties":{"c":"farmland"},"geometry":{"type":"Polygon","coordinates":[[[80.22919,8.06864],[80.2293,8.06874],[80.22958,8.06838],[80.22964,8.06844],[80.22955,8.06863],[80.23066,8.06906],[80.23085,8.06855],[80.23059,8.06843],[80.23082,8.06802],[80.23054,8.06788],[80.23054,8.06781],[80.23033,8.06768],[80.23031,8.06754],[80.23015,8.06749],[80.23004,8.06759],[80.23004,8.06774],[80.22919,8.06864]]]}},{"type":"Feature","properties":{"c":"forest"},"geometry":{"type":"Polygon","coordinates":[[[80.22897,8.06899],[80.22903,8.06907],[80.22928,8.06887],[80.22937,8.06885],[80.22937,8.06909],[80.22942,8.06924],[80.22961,8.06954],[80.22966,8.06954],[80.22969,8.06943],[80.22966,8.06898],[80.22975,8.0687],[80.22955,8.06863],[80.22964,8.06844],[80.22958,8.06838],[80.2293,8.06874],[80.22916,8.06876],[80.22897,8.06899]]]}},{"type":"Feature","properties":{"c":"scrub"},"geometry":{"type":"Polygon","coordinates":[[[80.22865,8.06862],[80.22884,8.06885],[80.22897,8.06884],[80.22903,8.0689],[80.22916,8.06876],[80.22911,8.06869],[80.22902,8.06874],[80.2287,8.06845],[80.22865,8.06862]]]}},{"type":"Feature","properties":{"c":"forest"},"geometry":{"type":"Polygon","coordinates":[[[80.22579,8.06817],[80.22588,8.06835],[80.2262,8.0686],[80.22657,8.06847],[80.22684,8.06845],[80.22806,8.06891],[80.2285,8.06915],[80.22851,8.06926],[80.22815,8.06988],[80.22818,8.06998],[80.22828,8.07003],[80.22853,8.07007],[80.22866,8.06994],[80.22871,8.06978],[80.22896,8.06955],[80.22908,8.06951],[80.22942,8.06983],[80.22961,8.06983],[80.22932,8.06934],[80.22879,8.06912],[80.22866,8.06898],[80.22763,8.06849],[80.22639,8.06809],[80.22633,8.06802],[80.22634,8.06796],[80.22655,8.06788],[80.22667,8.06779],[80.22676,8.06759],[80.22638,8.06748],[80.22638,8.06759],[80.22598,8.06776],[80.2259,8.06783],[80.22579,8.06817]]]}},{"type":"Feature","properties":{"c":"scrub"},"geometry":{"type":"Polygon","coordinates":[[[80.22409,8.07208],[80.22434,8.07232],[80.22464,8.0721],[80.22492,8.07232],[80.22524,8.07304],[80.22507,8.0731],[80.22521,8.0735],[80.2253,8.07353],[80.2254,8.07341],[80.22551,8.07344],[80.22556,8.07339],[80.22575,8.07353],[80.22576,8.07362],[80.22558,8.07375],[80.22559,8.07383],[80.22574,8.07382],[80.22585,8.07374],[80.22587,8.07363],[80.22601,8.07351],[80.22611,8.07351],[80.22627,8.07361],[80.22638,8.07355],[80.22665,8.0738],[80.22765,8.07451],[80.22768,8.07461],[80.22787,8.07476],[80.22783,8.07488],[80.22795,8.07491],[80.22804,8.07406],[80.22769,8.07421],[80.22748,8.07414],[80.22662,8.07348],[80.22614,8.07295],[80.22553,8.0727],[80.22513,8.07226],[80.22453,8.07174],[80.22409,8.07208]]]}},{"type":"Feature","properties":{"c":"farmland"},"geometry":{"type":"Polygon","coordinates":[[[80.22447,8.07005],[80.2249,8.07028],[80.22476,8.07053],[80.22504,8.07069],[80.22528,8.07026],[80.22546,8.06971],[80.22477,8.06946],[80.22447,8.07005]]]}},{"type":"Feature","properties":{"c":"scrub"},"geometry":{"type":"Polygon","coordinates":[[[80.22443,8.06999],[80.22447,8.07005],[80.22477,8.06946],[80.22546,8.06971],[80.22528,8.07026],[80.2251,8.07057],[80.22558,8.07018],[80.22584,8.06977],[80.22631,8.06865],[80.22645,8.06853],[80.2262,8.0686],[80.22588,8.06835],[80.22579,8.06817],[80.2259,8.06783],[80.22598,8.06776],[80.22638,8.06759],[80.22638,8.06748],[80.22622,8.06744],[80.22628,8.06699],[80.22608,8.06691],[80.22589,8.06729],[80.22558,8.06757],[80.22524,8.06807],[80.22489,8.06842],[80.22484,8.0691],[80.22443,8.06999]]]}},{"type":"Feature","properties":{"c":"farmland"},"geometry":{"type":"Polygon","coordinates":[[[80.22837,8.07045],[80.22838,8.07084],[80.22846,8.07123],[80.22862,8.07159],[80.22885,8.07169],[80.22895,8.07166],[80.22908,8.07181],[80.2293,8.07183],[80.22938,8.07175],[80.22938,8.07123],[80.22954,8.07032],[80.22933,8.07035],[80.22927,8.07048],[80.22914,8.07041],[80.22923,8.07021],[80.2295,8.07021],[80.22949,8.06995],[80.22942,8.06983],[80.22908,8.06951],[80.22896,8.06955],[80.22871,8.06978],[80.22866,8.06994],[80.22853,8.07007],[80.22857,8.07016],[80.22864,8.0702],[80.22867,8.07029],[80.22837,8.07045]]]}},{"type":"Feature","properties":{"c":"scrub"},"geometry":{"type":"Polygon","coordinates":[[[80.22804,8.07027],[80.22809,8.07088],[80.22847,8.07167],[80.22884,8.07187],[80.22926,8.072],[80.2293,8.07183],[80.22908,8.07181],[80.22895,8.07166],[80.22885,8.07169],[80.22862,8.07159],[80.22846,8.07123],[80.22838,8.07084],[80.22837,8.07045],[80.22867,8.07029],[80.22864,8.0702],[80.22857,8.07016],[80.22853,8.07007],[80.22828,8.07003],[80.22818,8.06998],[80.22815,8.06988],[80.22804,8.07027]]]}},{"type":"Feature","properties":{"c":"forest"},"geometry":{"type":"Polygon","coordinates":[[[80.22974,8.0703],[80.22971,8.07083],[80.2299,8.07087],[80.23003,8.071],[80.23027,8.07085],[80.23046,8.07086],[80.23066,8.07076],[80.23073,8.0707],[80.23069,8.07059],[80.23047,8.07034],[80.23043,8.07021],[80.23048,8.07013],[80.23061,8.07013],[80.23091,8.0703],[80.23107,8.07046],[80.23119,8.07048],[80.23127,8.07044],[80.23137,8.07031],[80.23151,8.06997],[80.23143,8.06971],[80.23108,8.06971],[80.23103,8.06967],[80.23108,8.0695],[80.23103,8.06922],[80.2302,8.06888],[80.23007,8.06894],[80.22995,8.06914],[80.23004,8.06926],[80.23022,8.06937],[80.2303,8.06964],[80.23025,8.06982],[80.23014,8.06988],[80.22986,8.06975],[80.22971,8.06988],[80.22984,8.07014],[80.22974,8.0703]]]}},{"type":"Feature","properties":{"c":"scrub"},"geometry":{"type":"Polygon","coordinates":[[[80.2289,8.06914],[80.22913,8.06929],[80.22932,8.06934],[80.22961,8.06983],[80.22942,8.06983],[80.22949,8.06995],[80.2295,8.07021],[80.22923,8.07021],[80.22914,8.07041],[80.22927,8.07048],[80.22933,8.07035],[80.22954,8.07032],[80.22938,8.07123],[80.22938,8.07175],[80.22947,8.07177],[80.22953,8.07142],[80.23023,8.0715],[80.23029,8.07166],[80.2303,8.07189],[80.23022,8.07195],[80.23024,8.07199],[80.23105,8.07197],[80.23113,8.07183],[80.23178,8.0717],[80.23148,8.07142],[80.23144,8.07125],[80.23207,8.07016],[80.23151,8.06997],[80.23137,8.07031],[80.23119,8.07048],[80.23107,8.07046],[80.23091,8.0703],[80.23061,8.07013],[80.23048,8.07013],[80.23043,8.07021],[80.23047,8.07034],[80.23069,8.07059],[80.23073,8.0707],[80.23046,8.07086],[80.23027,8.07085],[80.23003,8.071],[80.22998,8.07098],[80.2299,8.07087],[80.22971,8.07083],[80.22968,8.07079],[80.22974,8.0703],[80.22984,8.07014],[80.22971,8.06988],[80.22986,8.06975],[80.22966,8.06954],[80.22961,8.06954],[80.2295,8.06938],[80.22937,8.06909],[80.22937,8.06885],[80.22928,8.06887],[80.2289,8.06914]]]}},{"type":"Feature","properties":{"c":"scrub"},"geometry":{"type":"Polygon","coordinates":[[[80.22965,8.06919],[80.22969,8.06943],[80.22966,8.06954],[80.22986,8.06975],[80.23014,8.06988],[80.23025,8.06982],[80.2303,8.06964],[80.23029,8.06951],[80.23022,8.06937],[80.23004,8.06926],[80.22995,8.06914],[80.23007,8.06894],[80.2302,8.06888],[80.22975,8.0687],[80.22969,8.06883],[80.22965,8.06919]]]}},{"type":"Feature","properties":{"c":"farmland"},"geometry":{"type":"Polygon","coordinates":[[[80.22921,8.07382],[80.22955,8.07378],[80.22963,8.07357],[80.23043,8.07358],[80.23046,8.07373],[80.23035,8.07394],[80.23027,8.07398],[80.23032,8.0741],[80.23063,8.07416],[80.23092,8.07412],[80.23125,8.07398],[80.2314,8.07389],[80.23137,8.07363],[80.23182,8.0735],[80.23184,8.07363],[80.23151,8.07372],[80.23153,8.0738],[80.23175,8.07376],[80.23191,8.07391],[80.23199,8.07388],[80.23222,8.07352],[80.23231,8.0731],[80.23221,8.07263],[80.23204,8.0721],[80.23178,8.0717],[80.23113,8.07183],[80.23105,8.07197],[80.23024,8.07199],[80.23022,8.07195],[80.2303,8.07189],[80.23029,8.07166],[80.23023,8.0715],[80.22953,8.07142],[80.22947,8.07177],[80.22949,8.07217],[80.22926,8.07314],[80.22921,8.07382]]]}},{"type":"Feature","properties":{"c":"forest"},"geometry":{"type":"Polygon","coordinates":[[[80.22852,8.07326],[80.22867,8.07366],[80.22921,8.07382],[80.22926,8.07314],[80.22949,8.07217],[80.22947,8.07177],[80.22938,8.07175],[80.2293,8.07183],[80.22926,8.072],[80.22928,8.07228],[80.22915,8.07264],[80.22897,8.07284],[80.22866,8.073],[80.22852,8.07326]]]}},{"type":"Feature","properties":{"c":"meadow"},"geometry":{"type":"Polygon","coordinates":[[[80.22643,8.07712],[80.22645,8.07752],[80.22692,8.07763],[80.22742,8.07764],[80.22774,8.07671],[80.22739,8.07653],[80.22728,8.07674],[80.22688,8.07698],[80.22647,8.07706],[80.22643,8.07712]]]}},{"type":"Feature","properties":{"c":"scrub"},"geometry":{"type":"Polygon","coordinates":[[[80.2259,8.07769],[80.226,8.07777],[80.22597,8.07784],[80.22606,8.07791],[80.22603,8.07801],[80.22635,8.07822],[80.22689,8.07828],[80.22692,8.07832],[80.22708,8.07835],[80.22765,8.07839],[80.22756,8.07756],[80.22764,8.07721],[80.22756,8.07717],[80.22742,8.07764],[80.22734,8.07766],[80.22692,8.07763],[80.22645,8.07752],[80.22643,8.07712],[80.22647,8.07706],[80.22688,8.07698],[80.22728,8.07674],[80.22746,8.07635],[80.22756,8.07624],[80.2275,8.0761],[80.22655,8.07649],[80.2266,8.07659],[80.22633,8.07706],[80.22632,8.07722],[80.22619,8.07721],[80.2261,8.0775],[80.2259,8.07769]]]}},{"type":"Feature","properties":{"c":"scrub"},"geometry":{"type":"Polygon","coordinates":[[[80.22739,8.07653],[80.22774,8.07671],[80.22756,8.07717],[80.22883,8.07726],[80.22906,8.07651],[80.22955,8.07548],[80.23023,8.0749],[80.23157,8.07402],[80.23151,8.07372],[80.23184,8.07363],[80.23182,8.0735],[80.23137,8.07363],[80.2314,8.07389],[80.23125,8.07398],[80.23092,8.07412],[80.23063,8.07416],[80.23032,8.0741],[80.23027,8.07398],[80.23035,8.07394],[80.23046,8.07373],[80.23043,8.07358],[80.22963,8.07357],[80.22955,8.07378],[80.22935,8.07379],[80.22934,8.07383],[80.22909,8.0738],[80.22867,8.07366],[80.22852,8.07326],[80.22828,8.07383],[80.22804,8.07406],[80.22782,8.07577],[80.22777,8.07592],[80.22755,8.07618],[80.22756,8.07624],[80.22746,8.07635],[80.22739,8.07653]]]}},{"type":"Feature","properties":{"c":"farmland"},"geometry":{"type":"Polygon","coordinates":[[[80.23054,8.06746],[80.23059,8.06774],[80.23141,8.06771],[80.23185,8.06734],[80.23247,8.06739],[80.23248,8.06724],[80.23264,8.06722],[80.23266,8.06742],[80.23278,8.06741],[80.23281,8.06748],[80.23328,8.06741],[80.2333,8.06757],[80.23286,8.06756],[80.23287,8.0677],[80.23298,8.06776],[80.23298,8.06801],[80.23304,8.06812],[80.23352,8.0682],[80.23358,8.06788],[80.23349,8.06786],[80.23349,8.06764],[80.23372,8.0677],[80.23383,8.06768],[80.23421,8.06745],[80.23457,8.06753],[80.23491,8.06746],[80.23496,8.06751],[80.23519,8.06747],[80.23518,8.06736],[80.2358,8.06716],[80.23579,8.06709],[80.23635,8.06706],[80.23687,8.0669],[80.23696,8.06682],[80.237,8.06655],[80.23735,8.06655],[80.23735,8.06622],[80.23708,8.06619],[80.23706,8.0655],[80.23731,8.06538],[80.23732,8.06505],[80.23716,8.06501],[80.23713,8.06513],[80.23698,8.06512],[80.23413,8.06467],[80.23376,8.06478],[80.23383,8.06542],[80.23342,8.06549],[80.23269,8.06539],[80.23292,8.06415],[80.23274,8.06408],[80.2327,8.06421],[80.23214,8.06405],[80.23203,8.0642],[80.23177,8.06428],[80.23159,8.06442],[80.23143,8.06462],[80.23145,8.06471],[80.23128,8.0649],[80.23128,8.065],[80.23113,8.06521],[80.23119,8.06536],[80.23091,8.06585],[80.23076,8.06598],[80.23084,8.06607],[80.23075,8.06624],[80.23129,8.06682],[80.23137,8.067],[80.23123,8.06706],[80.23125,8.06724],[80.23122,8.06728],[80.23108,8.06729],[80.23077,8.0671],[80.23054,8.06746]]]}},{"type":"Feature","properties":{"c":"scrub"},"geometry":{"type":"Polygon","coordinates":[[[80.23072,8.0669],[80.2308,8.06702],[80.23077,8.0671],[80.23108,8.06729],[80.23122,8.06728],[80.23125,8.06724],[80.23123,8.06706],[80.23137,8.067],[80.23129,8.06682],[80.2309,8.06645],[80.23084,8.06672],[80.23072,8.0669]]]}},{"type":"Feature","properties":{"c":"scrub"},"geometry":{"type":"Polygon","coordinates":[[[80.23246,8.06749],[80.23281,8.06757],[80.23281,8.06788],[80.23292,8.06813],[80.23304,8.06812],[80.23298,8.06801],[80.23298,8.06776],[80.23287,8.0677],[80.23286,8.06756],[80.2333,8.06757],[80.23328,8.06741],[80.23281,8.06748],[80.23278,8.06741],[80.23266,8.06742],[80.23264,8.06722],[80.23248,8.06724],[80.23246,8.06749]]]}},{"type":"Feature","properties":{"c":"meadow"},"geometry":{"type":"Polygon","coordinates":[[[80.23141,8.06771],[80.23156,8.06794],[80.23145,8.06809],[80.23156,8.06832],[80.2317,8.06851],[80.2319,8.06845],[80.23238,8.06932],[80.23248,8.06927],[80.23276,8.06936],[80.2332,8.06899],[80.23347,8.06883],[80.23332,8.06847],[80.23333,8.0684],[80.23349,8.06835],[80.23352,8.0682],[80.23292,8.06813],[80.23295,8.06821],[80.23288,8.06823],[80.23299,8.06853],[80.23258,8.06867],[80.23245,8.06833],[80.23285,8.06817],[80.23275,8.0679],[80.23281,8.06788],[80.23281,8.06757],[80.23246,8.06749],[80.23247,8.06739],[80.23185,8.06734],[80.23141,8.06771]]]}},{"type":"Feature","properties":{"c":"meadow"},"geometry":{"type":"Polygon","coordinates":[[[80.23275,8.0679],[80.23288,8.06823],[80.23295,8.06821],[80.23281,8.06788],[80.23275,8.0679]]]}},{"type":"Feature","properties":{"c":"scrub"},"geometry":{"type":"Polygon","coordinates":[[[80.23349,8.06786],[80.23358,8.06788],[80.23349,8.06835],[80.23365,8.06836],[80.23378,8.06818],[80.23572,8.06777],[80.23568,8.06736],[80.23581,8.06734],[80.2358,8.06716],[80.23518,8.06736],[80.23519,8.06747],[80.23496,8.06751],[80.23491,8.06746],[80.23457,8.06753],[80.23421,8.06745],[80.23404,8.06755],[80.23415,8.06795],[80.2338,8.06804],[80.2337,8.06795],[80.23372,8.0677],[80.23355,8.06764],[80.23349,8.06764],[80.23349,8.06786]]]}},{"type":"Feature","properties":{"c":"meadow"},"geometry":{"type":"Polygon","coordinates":[[[80.2337,8.06795],[80.2338,8.06804],[80.23415,8.06795],[80.23404,8.06755],[80.23372,8.0677],[80.2337,8.06795]]]}},{"type":"Feature","properties":{"c":"scrub"},"geometry":{"type":"Polygon","coordinates":[[[80.23696,8.06679],[80.23724,8.06696],[80.2373,8.06735],[80.2378,8.06754],[80.23819,8.06667],[80.23792,8.0666],[80.23801,8.06607],[80.23747,8.06592],[80.23744,8.06556],[80.23731,8.06538],[80.23706,8.0655],[80.23708,8.06619],[80.23735,8.06622],[80.23735,8.06655],[80.237,8.06655],[80.23696,8.06679]]]}},{"type":"Feature","properties":{"c":"meadow"},"geometry":{"type":"Polygon","coordinates":[[[80.23731,8.06538],[80.23744,8.06556],[80.23747,8.06592],[80.23801,8.06607],[80.23792,8.0666],[80.23819,8.06667],[80.23826,8.06629],[80.23819,8.0655],[80.23824,8.06468],[80.23805,8.06467],[80.23797,8.06535],[80.23765,8.06533],[80.23754,8.06521],[80.23732,8.06521],[80.23731,8.06538]]]}},{"type":"Feature","properties":{"c":"meadow"},"geometry":{"type":"Polygon","coordinates":[[[80.23742,8.06367],[80.23742,8.06416],[80.23822,8.06423],[80.23823,8.06371],[80.23791,8.0637],[80.2378,8.06347],[80.23768,8.06348],[80.23768,8.06366],[80.23742,8.06367]]]}},{"type":"Feature","properties":{"c":"scrub"},"geometry":{"type":"Polygon","coordinates":[[[80.23568,8.06736],[80.23572,8.06777],[80.23623,8.06763],[80.23611,8.06709],[80.23579,8.06709],[80.23581,8.06734],[80.23568,8.06736]]]}},{"type":"Feature","properties":{"c":"meadow"},"geometry":{"type":"Polygon","coordinates":[[[80.22452,8.07994],[80.22462,8.08003],[80.22466,8.08002],[80.22465,8.0799],[80.22545,8.07981],[80.2254,8.07952],[80.22523,8.07947],[80.22513,8.07934],[80.2248,8.07941],[80.22469,8.07948],[80.22452,8.07994]]]}},{"type":"Feature","properties":{"c":"farmland"},"geometry":{"type":"Polygon","coordinates":[[[80.22559,8.08038],[80.22583,8.08066],[80.22619,8.08037],[80.22597,8.08012],[80.22559,8.08038]]]}},{"type":"Feature","properties":{"c":"meadow"},"geometry":{"type":"Polygon","coordinates":[[[80.22644,8.07962],[80.22659,8.08003],[80.22771,8.07971],[80.22837,8.0796],[80.22771,8.07869],[80.22656,8.07876],[80.2265,8.07933],[80.22668,8.07936],[80.22669,8.07955],[80.22644,8.07962]]]}},{"type":"Feature","properties":{"c":"forest"},"geometry":{"type":"Polygon","coordinates":[[[80.22814,8.07929],[80.22837,8.0796],[80.22852,8.07994],[80.22893,8.07998],[80.22909,8.07958],[80.2295,8.07974],[80.22987,8.07928],[80.23038,8.07947],[80.23067,8.07901],[80.23011,8.07869],[80.23049,8.07802],[80.23057,8.07772],[80.23088,8.07774],[80.23106,8.07823],[80.23129,8.07832],[80.23134,8.07828],[80.23176,8.07836],[80.23234,8.07741],[80.2322,8.07707],[80.232,8.07721],[80.23176,8.07757],[80.23092,8.07734],[80.23133,8.07712],[80.23091,8.07689],[80.23092,8.07633],[80.23157,8.07536],[80.23134,8.07515],[80.23136,8.07472],[80.23128,8.07459],[80.23101,8.07438],[80.23023,8.0749],[80.22955,8.07548],[80.22906,8.07651],[80.22883,8.07726],[80.22877,8.07726],[80.22846,8.0789],[80.22854,8.07916],[80.22814,8.07929]]]}},{"type":"Feature","properties":{"c":"scrub"},"geometry":{"type":"Polygon","coordinates":[[[80.23011,8.07869],[80.23067,8.07901],[80.23038,8.07947],[80.2307,8.07961],[80.23121,8.07874],[80.23147,8.07879],[80.23176,8.07836],[80.23134,8.07828],[80.23129,8.07832],[80.23106,8.07823],[80.23088,8.07774],[80.23057,8.07772],[80.23049,8.07802],[80.23011,8.07869]]]}},{"type":"Feature","properties":{"c":"scrub"},"geometry":{"type":"Polygon","coordinates":[[[80.2295,8.07974],[80.23045,8.08011],[80.2307,8.07961],[80.22987,8.07928],[80.2295,8.07974]]]}},{"type":"Feature","properties":{"c":"scrub"},"geometry":{"type":"Polygon","coordinates":[[[80.23101,8.07438],[80.23128,8.07459],[80.23136,8.07472],[80.23134,8.07515],[80.23157,8.07536],[80.23189,8.07538],[80.23221,8.076],[80.23223,8.07649],[80.23259,8.07651],[80.2326,8.07668],[80.23302,8.07669],[80.23309,8.07583],[80.23286,8.07579],[80.23244,8.07488],[80.23265,8.07474],[80.2328,8.07456],[80.23284,8.07439],[80.2325,8.07436],[80.23209,8.07423],[80.23199,8.07388],[80.23191,8.07391],[80.23175,8.07376],[80.23153,8.0738],[80.23157,8.07402],[80.23101,8.07438]]]}},{"type":"Feature","properties":{"c":"forest"},"geometry":{"type":"Polygon","coordinates":[[[80.23244,8.07488],[80.23271,8.0755],[80.23347,8.07521],[80.23331,8.07481],[80.23326,8.07441],[80.23284,8.07439],[80.2328,8.07456],[80.23265,8.07474],[80.23244,8.07488]]]}},{"type":"Feature","properties":{"c":"forest"},"geometry":{"type":"Polygon","coordinates":[[[80.23205,8.07408],[80.23209,8.07423],[80.23227,8.0743],[80.23273,8.07438],[80.2327,8.07418],[80.2328,8.07406],[80.23289,8.0741],[80.23319,8.07402],[80.23314,8.07393],[80.23303,8.07394],[80.23293,8.07382],[80.23275,8.07391],[80.23243,8.07388],[80.23229,8.07402],[80.23205,8.07408]]]}},{"type":"Feature","properties":{"c":"scrub"},"geometry":{"type":"Polygon","coordinates":[[[80.23043,8.06774],[80.23054,8.06781],[80.23054,8.06788],[80.23082,8.06802],[80.23059,8.06843],[80.23085,8.06855],[80.23066,8.06906],[80.23103,8.06922],[80.23108,8.06942],[80.23145,8.06949],[80.23149,8.06955],[80.23143,8.06971],[80.23151,8.06997],[80.23207,8.07016],[80.23255,8.06964],[80.2319,8.06845],[80.2317,8.06851],[80.23156,8.06832],[80.23145,8.06809],[80.23156,8.06794],[80.23141,8.06771],[80.23059,8.06774],[80.23056,8.06762],[80.23043,8.06774]]]}},{"type":"Feature","properties":{"c":"scrub"},"geometry":{"type":"Polygon","coordinates":[[[80.23133,8.07569],[80.23181,8.07571],[80.23181,8.07643],[80.23223,8.07649],[80.23221,8.076],[80.23189,8.07538],[80.23157,8.07536],[80.23133,8.07569]]]}},{"type":"Feature","properties":{"c":"meadow"},"geometry":{"type":"Polygon","coordinates":[[[80.2326,8.07668],[80.23262,8.07717],[80.23289,8.07757],[80.23304,8.07741],[80.23295,8.0773],[80.23315,8.07716],[80.23303,8.07694],[80.23302,8.07669],[80.2326,8.07668]]]}},{"type":"Feature","properties":{"c":"meadow"},"geometry":{"type":"Polygon","coordinates":[[[80.23271,8.0755],[80.23286,8.07579],[80.23309,8.07583],[80.2331,8.07596],[80.2335,8.07583],[80.23328,8.07529],[80.23271,8.0755]]]}},{"type":"Feature","properties":{"c":"meadow"},"geometry":{"type":"Polygon","coordinates":[[[80.23326,8.07441],[80.23331,8.07478],[80.23347,8.07521],[80.23404,8.07501],[80.2338,8.07444],[80.23442,8.07439],[80.23444,8.07408],[80.23417,8.07404],[80.23396,8.07407],[80.23326,8.07441]]]}},{"type":"Feature","properties":{"c":"meadow"},"geometry":{"type":"Polygon","coordinates":[[[80.23346,8.07279],[80.23339,8.07352],[80.23405,8.07356],[80.23396,8.07309],[80.2336,8.07284],[80.23346,8.07279]]]}},{"type":"Feature","properties":{"c":"forest"},"geometry":{"type":"Polygon","coordinates":[[[80.23321,8.07321],[80.23339,8.07323],[80.23346,8.07279],[80.2336,8.07284],[80.23396,8.07309],[80.23443,8.07281],[80.23421,8.07193],[80.23379,8.07209],[80.23363,8.07221],[80.23351,8.0721],[80.23338,8.07222],[80.23331,8.07239],[80.23334,8.07247],[80.23323,8.07295],[80.23321,8.07321]]]}},{"type":"Feature","properties":{"c":"scrub"},"geometry":{"type":"Polygon","coordinates":[[[80.2327,8.07418],[80.23273,8.07438],[80.23308,8.07443],[80.23339,8.07437],[80.23375,8.07416],[80.23365,8.07392],[80.23366,8.07377],[80.23409,8.07377],[80.23405,8.07356],[80.23339,8.07352],[80.23339,8.07323],[80.23321,8.07321],[80.23323,8.07295],[80.23317,8.073],[80.23314,8.07393],[80.23319,8.07402],[80.23289,8.0741],[80.2328,8.07406],[80.2327,8.07418]]]}},{"type":"Feature","properties":{"c":"meadow"},"geometry":{"type":"Polygon","coordinates":[[[80.23423,8.07202],[80.23438,8.07259],[80.23495,8.07249],[80.23487,8.07193],[80.23423,8.07202]]]}},{"type":"Feature","properties":{"c":"meadow"},"geometry":{"type":"Polygon","coordinates":[[[80.23211,8.07047],[80.2323,8.07059],[80.2327,8.07028],[80.23311,8.07008],[80.23286,8.06959],[80.23275,8.06959],[80.23239,8.07],[80.23211,8.07047]]]}},{"type":"Feature","properties":{"c":"forest"},"geometry":{"type":"Polygon","coordinates":[[[80.23268,8.06955],[80.23286,8.06959],[80.23311,8.07008],[80.23274,8.07026],[80.23275,8.07029],[80.23311,8.07037],[80.23331,8.07018],[80.23341,8.06989],[80.23336,8.06966],[80.2331,8.06938],[80.23314,8.06928],[80.23332,8.06931],[80.23343,8.06922],[80.2333,8.06894],[80.23287,8.06925],[80.23276,8.06936],[80.23268,8.06955]]]}},{"type":"Feature","properties":{"c":"scrub"},"geometry":{"type":"Polygon","coordinates":[[[80.23144,8.07125],[80.23148,8.07142],[80.23191,8.07186],[80.23204,8.0721],[80.23221,8.07263],[80.23231,8.0731],[80.23229,8.07329],[80.23222,8.07352],[80.23199,8.07388],[80.23205,8.07408],[80.23213,8.07407],[80.23229,8.07402],[80.23235,8.07394],[80.23224,8.07399],[80.23211,8.07397],[80.2324,8.07351],[80.23246,8.07299],[80.23229,8.07229],[80.23212,8.07183],[80.23193,8.07158],[80.23168,8.07139],[80.23166,8.07125],[80.23182,8.07093],[80.23219,8.07089],[80.23255,8.07044],[80.23278,8.07033],[80.23274,8.07026],[80.2327,8.07028],[80.2323,8.07059],[80.23211,8.07047],[80.23239,8.07],[80.23275,8.06959],[80.23268,8.06955],[80.23276,8.06936],[80.23248,8.06927],[80.23238,8.06932],[80.23255,8.06964],[80.23207,8.07016],[80.23144,8.07125]]]}},{"type":"Feature","properties":{"c":"farmland"},"geometry":{"type":"Polygon","coordinates":[[[80.2331,8.06933],[80.23336,8.06966],[80.23359,8.06951],[80.23357,8.06933],[80.23343,8.06922],[80.23332,8.06931],[80.23314,8.06928],[80.2331,8.06933]]]}},{"type":"Feature","properties":{"c":"farmland"},"geometry":{"type":"Polygon","coordinates":[[[80.23364,8.06934],[80.23383,8.07002],[80.23414,8.07006],[80.23421,8.06976],[80.234,8.06974],[80.23398,8.06953],[80.23381,8.06958],[80.23374,8.06931],[80.23364,8.06934]]]}},{"type":"Feature","properties":{"c":"meadow"},"geometry":{"type":"Polygon","coordinates":[[[80.23336,8.06966],[80.23341,8.06989],[80.23339,8.07003],[80.23383,8.07002],[80.23364,8.06934],[80.23357,8.06933],[80.23359,8.06951],[80.23336,8.06966]]]}},{"type":"Feature","properties":{"c":"farmland"},"geometry":{"type":"Polygon","coordinates":[[[80.23397,8.0708],[80.23437,8.07089],[80.23454,8.07026],[80.2342,8.07016],[80.2341,8.07054],[80.23401,8.07053],[80.23397,8.0708]]]}},{"type":"Feature","properties":{"c":"scrub"},"geometry":{"type":"Polygon","coordinates":[[[80.23311,8.07037],[80.23328,8.07045],[80.23353,8.0707],[80.2337,8.07138],[80.23368,8.0716],[80.2336,8.07183],[80.23326,8.07232],[80.23316,8.07276],[80.23317,8.073],[80.23328,8.0728],[80.23334,8.07247],[80.23331,8.07239],[80.23338,8.07222],[80.23351,8.0721],[80.23363,8.07221],[80.23379,8.07209],[80.23421,8.07193],[80.23423,8.07202],[80.23487,8.07193],[80.23486,8.07188],[80.23449,8.07192],[80.23439,8.07188],[80.23437,8.07168],[80.23449,8.07164],[80.23448,8.07136],[80.23456,8.07129],[80.23455,8.07107],[80.2344,8.07108],[80.23437,8.07089],[80.23397,8.0708],[80.23401,8.07053],[80.2341,8.07054],[80.2342,8.07016],[80.23414,8.07006],[80.23339,8.07003],[80.23331,8.07018],[80.23311,8.07037]]]}},{"type":"Feature","properties":{"c":"forest"},"geometry":{"type":"Polygon","coordinates":[[[80.23438,8.07259],[80.23443,8.07281],[80.23468,8.07277],[80.23481,8.07313],[80.23518,8.07295],[80.23506,8.07262],[80.23523,8.07253],[80.23523,8.07237],[80.23541,8.07232],[80.23544,8.07195],[80.23514,8.07198],[80.23513,8.07193],[80.23503,8.07191],[80.23502,8.07185],[80.23486,8.07188],[80.23495,8.07249],[80.23438,8.07259]]]}},{"type":"Feature","properties":{"c":"meadow"},"geometry":{"type":"Polygon","coordinates":[[[80.23506,8.07262],[80.23518,8.07295],[80.23558,8.07278],[80.23568,8.07277],[80.23571,8.07286],[80.23592,8.0728],[80.23589,8.07247],[80.23541,8.07232],[80.23523,8.07237],[80.23523,8.07253],[80.23506,8.07262]]]}},{"type":"Feature","properties":{"c":"scrub"},"geometry":{"type":"Polygon","coordinates":[[[80.23541,8.07232],[80.23589,8.07247],[80.23601,8.07223],[80.23558,8.07213],[80.23556,8.07196],[80.23544,8.07195],[80.23541,8.07232]]]}},{"type":"Feature","properties":{"c":"meadow"},"geometry":{"type":"Polygon","coordinates":[[[80.23538,8.07347],[80.23551,8.0741],[80.23593,8.07403],[80.23592,8.07357],[80.23615,8.0735],[80.23607,8.07323],[80.23538,8.07347]]]}},{"type":"Feature","properties":{"c":"meadow"},"geometry":{"type":"Polygon","coordinates":[[[80.23517,8.07427],[80.23535,8.0746],[80.23545,8.07496],[80.23538,8.07536],[80.23574,8.07583],[80.23604,8.07554],[80.23577,8.0752],[80.23616,8.07482],[80.23589,8.07459],[80.23605,8.07438],[80.23593,8.07422],[80.23593,8.07403],[80.23551,8.0741],[80.23517,8.07427]]]}},{"type":"Feature","properties":{"c":"scrub"},"geometry":{"type":"Polygon","coordinates":[[[80.23591,8.07269],[80.23615,8.0735],[80.23627,8.0735],[80.23631,8.07374],[80.23692,8.07382],[80.23726,8.07409],[80.23762,8.07358],[80.23738,8.07346],[80.23713,8.07346],[80.23697,8.07353],[80.23651,8.07352],[80.23639,8.07285],[80.23615,8.07278],[80.23597,8.07267],[80.23591,8.07269]]]}},{"type":"Feature","properties":{"c":"forest"},"geometry":{"type":"Polygon","coordinates":[[[80.23639,8.07285],[80.23651,8.07352],[80.23697,8.07353],[80.23713,8.07346],[80.23738,8.07346],[80.23762,8.07358],[80.23775,8.07343],[80.23753,8.07321],[80.23802,8.07266],[80.23801,8.07234],[80.23781,8.07225],[80.23783,8.07207],[80.23758,8.07195],[80.23755,8.07064],[80.23737,8.07067],[80.23732,8.07089],[80.23719,8.07107],[80.23717,8.07215],[80.23712,8.07218],[80.23711,8.07228],[80.23697,8.07228],[80.23694,8.07223],[80.23685,8.07221],[80.23684,8.0724],[80.23699,8.07244],[80.23699,8.07256],[80.23715,8.07257],[80.23714,8.07285],[80.23694,8.07285],[80.23689,8.07292],[80.23659,8.07294],[80.2365,8.07293],[80.23644,8.07283],[80.23639,8.07285]]]}},{"type":"Feature","properties":{"c":"meadow"},"geometry":{"type":"Polygon","coordinates":[[[80.23437,8.07089],[80.2344,8.07108],[80.23546,8.07096],[80.2354,8.07064],[80.23519,8.07061],[80.23461,8.07066],[80.23443,8.07064],[80.23437,8.07089]]]}},{"type":"Feature","properties":{"c":"farmland"},"geometry":{"type":"Polygon","coordinates":[[[80.23437,8.07168],[80.23439,8.07188],[80.23449,8.07192],[80.23502,8.07185],[80.23503,8.07191],[80.23513,8.07193],[80.23514,8.07198],[80.23544,8.07195],[80.23545,8.07161],[80.23528,8.07159],[80.23528,8.07142],[80.23521,8.07143],[80.23521,8.071],[80.23455,8.07107],[80.23456,8.07129],[80.23448,8.07136],[80.23449,8.07164],[80.23437,8.07168]]]}},{"type":"Feature","properties":{"c":"scrub"},"geometry":{"type":"Polygon","coordinates":[[[80.23521,8.071],[80.23521,8.07143],[80.23528,8.07142],[80.23528,8.07159],[80.23545,8.07161],[80.23546,8.07096],[80.23521,8.071]]]}},{"type":"Feature","properties":{"c":"farmland"},"geometry":{"type":"Polygon","coordinates":[[[80.23544,8.07195],[80.23556,8.07196],[80.23558,8.07213],[80.23601,8.07223],[80.23589,8.07247],[80.23591,8.07269],[80.23597,8.07267],[80.23615,8.07278],[80.23639,8.07285],[80.23644,8.07283],[80.2365,8.07293],[80.23689,8.07292],[80.23694,8.07285],[80.23714,8.07285],[80.23715,8.07257],[80.23699,8.07256],[80.23699,8.07244],[80.23684,8.0724],[80.23685,8.07221],[80.23694,8.07223],[80.23697,8.07228],[80.23711,8.07228],[80.23712,8.07218],[80.23717,8.07215],[80.2372,8.07145],[80.23696,8.07145],[80.23693,8.0716],[80.23674,8.07158],[80.23672,8.0718],[80.23662,8.0718],[80.23661,8.07192],[80.23641,8.07191],[80.23642,8.07144],[80.23655,8.07059],[80.23631,8.07058],[80.23616,8.07073],[80.2361,8.07087],[80.23546,8.07096],[80.23544,8.07195]]]}},{"type":"Feature","properties":{"c":"forest"},"geometry":{"type":"Polygon","coordinates":[[[80.23641,8.07191],[80.23661,8.07192],[80.23662,8.0718],[80.23672,8.0718],[80.23674,8.07158],[80.23693,8.0716],[80.23696,8.07145],[80.23708,8.07145],[80.23709,8.07111],[80.2366,8.07107],[80.23654,8.0715],[80.23642,8.0715],[80.23641,8.07191]]]}},{"type":"Feature","properties":{"c":"meadow"},"geometry":{"type":"Polygon","coordinates":[[[80.23659,8.06985],[80.23669,8.06986],[80.23666,8.07005],[80.2366,8.07004],[80.2366,8.07052],[80.23666,8.07061],[80.23747,8.07065],[80.23747,8.06994],[80.23735,8.06993],[80.23722,8.06966],[80.23769,8.06941],[80.23764,8.06928],[80.23748,8.06931],[80.23735,8.06909],[80.23709,8.0693],[80.23674,8.06938],[80.23666,8.06948],[80.23659,8.06985]]]}},{"type":"Feature","properties":{"c":"forest"},"geometry":{"type":"Polygon","coordinates":[[[80.23722,8.06966],[80.23735,8.06993],[80.23747,8.06994],[80.23747,8.07025],[80.23764,8.07024],[80.2377,8.07058],[80.23781,8.07068],[80.23789,8.07095],[80.23805,8.07093],[80.23821,8.07124],[80.23834,8.07115],[80.23809,8.07062],[80.23826,8.07048],[80.23807,8.07007],[80.23817,8.07002],[80.23792,8.06939],[80.23757,8.06949],[80.23722,8.06966]]]}},{"type":"Feature","properties":{"c":"meadow"},"geometry":{"type":"Polygon","coordinates":[[[80.23747,8.07025],[80.23747,8.07065],[80.23755,8.07064],[80.23757,8.07171],[80.23775,8.07143],[80.23782,8.07106],[80.2379,8.07103],[80.23781,8.07068],[80.2377,8.07058],[80.23764,8.07024],[80.23747,8.07025]]]}},{"type":"Feature","properties":{"c":"scrub"},"geometry":{"type":"Polygon","coordinates":[[[80.23757,8.07171],[80.23758,8.07195],[80.23783,8.07207],[80.23791,8.07195],[80.23816,8.07209],[80.23857,8.07176],[80.23848,8.07161],[80.23817,8.07163],[80.23797,8.07156],[80.2379,8.07103],[80.23782,8.07106],[80.23775,8.07143],[80.23757,8.07171]]]}},{"type":"Feature","properties":{"c":"meadow"},"geometry":{"type":"Polygon","coordinates":[[[80.23826,8.07097],[80.23834,8.07115],[80.23828,8.07119],[80.23857,8.07176],[80.23896,8.07152],[80.23882,8.07108],[80.23876,8.07108],[80.23869,8.07085],[80.23826,8.07097]]]}},{"type":"Feature","properties":{"c":"farmland"},"geometry":{"type":"Polygon","coordinates":[[[80.23816,8.07209],[80.23843,8.07226],[80.23855,8.07217],[80.23866,8.07226],[80.23891,8.07207],[80.23866,8.07171],[80.23816,8.07209]]]}},{"type":"Feature","properties":{"c":"scrub"},"geometry":{"type":"Polygon","coordinates":[[[80.23866,8.07171],[80.23891,8.07207],[80.23907,8.07191],[80.23896,8.07152],[80.23866,8.07171]]]}},{"type":"Feature","properties":{"c":"farmland"},"geometry":{"type":"Polygon","coordinates":[[[80.23831,8.07043],[80.23836,8.07054],[80.23872,8.07038],[80.23857,8.07014],[80.23835,8.07024],[80.2384,8.07038],[80.23831,8.07043]]]}},{"type":"Feature","properties":{"c":"scrub"},"geometry":{"type":"Polygon","coordinates":[[[80.23792,8.06939],[80.23817,8.07002],[80.23807,8.07007],[80.2383,8.07056],[80.23836,8.07054],[80.23831,8.07043],[80.2384,8.07038],[80.23835,8.07024],[80.23857,8.07014],[80.23872,8.07038],[80.23881,8.07033],[80.23847,8.06992],[80.23816,8.06931],[80.23792,8.06939]]]}},{"type":"Feature","properties":{"c":"forest"},"geometry":{"type":"Polygon","coordinates":[[[80.23442,8.07472],[80.23455,8.07517],[80.2346,8.07521],[80.23474,8.07558],[80.23522,8.07552],[80.23541,8.0754],[80.23537,8.07526],[80.23545,8.07496],[80.23535,8.0746],[80.23485,8.07461],[80.23485,8.07422],[80.23444,8.07408],[80.23442,8.07472]]]}},{"type":"Feature","properties":{"c":"scrub"},"geometry":{"type":"Polygon","coordinates":[[[80.23642,8.0715],[80.23654,8.0715],[80.2366,8.07107],[80.23709,8.07111],[80.23708,8.07145],[80.2372,8.07145],[80.23719,8.07107],[80.23732,8.07089],[80.23737,8.07067],[80.23666,8.07061],[80.2366,8.07052],[80.23655,8.07053],[80.23642,8.0715]]]}},{"type":"Feature","properties":{"c":"scrub"},"geometry":{"type":"Polygon","coordinates":[[[80.23343,8.06922],[80.23357,8.06933],[80.23374,8.06931],[80.23381,8.06958],[80.23398,8.06953],[80.234,8.06974],[80.23421,8.06976],[80.23414,8.07006],[80.2342,8.07016],[80.23454,8.07026],[80.23467,8.06965],[80.23431,8.06963],[80.23405,8.0685],[80.23355,8.06878],[80.23367,8.06909],[80.23343,8.06922]]]}},{"type":"Feature","properties":{"c":"scrub"},"geometry":{"type":"Polygon","coordinates":[[[80.23443,8.07064],[80.2354,8.07064],[80.23546,8.07096],[80.23592,8.07092],[80.2361,8.07087],[80.23616,8.07073],[80.23631,8.07058],[80.23655,8.07059],[80.23655,8.07053],[80.2366,8.07052],[80.2366,8.07015],[80.23609,8.07011],[80.23608,8.06983],[80.23489,8.06979],[80.2349,8.06966],[80.23467,8.06965],[80.23443,8.07064]]]}},{"type":"Feature","properties":{"c":"meadow"},"geometry":{"type":"Polygon","coordinates":[[[80.23719,8.0606],[80.2373,8.06074],[80.23732,8.06071],[80.23788,8.06088],[80.23819,8.06],[80.23785,8.05988],[80.23771,8.06018],[80.23752,8.0601],[80.23719,8.0606]]]}},{"type":"Feature","properties":{"c":"scrub"},"geometry":{"type":"Polygon","coordinates":[[[80.23301,8.07682],[80.23303,8.07694],[80.23359,8.07664],[80.23346,8.07636],[80.23427,8.076],[80.2342,8.07581],[80.2335,8.07583],[80.2331,8.07596],[80.23301,8.07682]]]}},{"type":"Feature","properties":{"c":"farmland"},"geometry":{"type":"Polygon","coordinates":[[[80.2321,8.07986],[80.23236,8.07991],[80.23233,8.08058],[80.23683,8.08063],[80.2368,8.08039],[80.2369,8.08032],[80.23705,8.08031],[80.23713,8.08022],[80.23711,8.08005],[80.23681,8.07977],[80.23702,8.07956],[80.23657,8.07915],[80.23629,8.07934],[80.23584,8.07941],[80.23537,8.07937],[80.23534,8.07942],[80.2348,8.07946],[80.23402,8.07923],[80.23394,8.07894],[80.23412,8.07858],[80.23419,8.07858],[80.23443,8.07807],[80.2335,8.07769],[80.23298,8.07887],[80.2325,8.07869],[80.23241,8.07895],[80.23278,8.0791],[80.23257,8.07953],[80.23218,8.07948],[80.2321,8.07986]]]}},{"type":"Feature","properties":{"c":"farmland"},"geometry":{"type":"Polygon","coordinates":[[[80.23229,8.08061],[80.23237,8.08095],[80.23267,8.0815],[80.23289,8.08143],[80.23304,8.08155],[80.23303,8.08162],[80.23294,8.08162],[80.233,8.08204],[80.23287,8.08204],[80.23289,8.08253],[80.23336,8.08253],[80.23336,8.08289],[80.23319,8.08288],[80.23319,8.08343],[80.23334,8.08342],[80.23338,8.08368],[80.23343,8.08372],[80.2338,8.08369],[80.23381,8.08381],[80.23348,8.08403],[80.23374,8.08441],[80.23389,8.08428],[80.23398,8.08437],[80.23412,8.08437],[80.23435,8.08518],[80.23542,8.08498],[80.23544,8.08492],[80.23556,8.08489],[80.23556,8.0848],[80.23588,8.08474],[80.23592,8.08466],[80.23587,8.08406],[80.23647,8.08398],[80.23665,8.0839],[80.2366,8.08372],[80.23709,8.08346],[80.23751,8.08335],[80.23767,8.08322],[80.23785,8.08319],[80.23811,8.08324],[80.23833,8.08319],[80.23844,8.08368],[80.23851,8.08371],[80.23856,8.08394],[80.23868,8.08391],[80.23861,8.0828],[80.2387,8.08274],[80.23861,8.08241],[80.23823,8.08175],[80.23801,8.08179],[80.23789,8.08163],[80.23665,8.08193],[80.2366,8.08176],[80.23695,8.08168],[80.23683,8.08063],[80.23233,8.08058],[80.23229,8.08061]]]}},{"type":"Feature","properties":{"c":"meadow"},"geometry":{"type":"Polygon","coordinates":[[[80.23155,8.08058],[80.23159,8.0807],[80.23207,8.08053],[80.23215,8.08053],[80.23229,8.08061],[80.23233,8.08058],[80.23236,8.07991],[80.23195,8.07982],[80.23171,8.08034],[80.23155,8.08058]]]}},{"type":"Feature","properties":{"c":"scrub"},"geometry":{"type":"Polygon","coordinates":[[[80.2325,8.07869],[80.23298,8.07887],[80.2335,8.07769],[80.23363,8.07774],[80.23387,8.07724],[80.23365,8.0771],[80.23325,8.07734],[80.23277,8.07774],[80.23316,8.07794],[80.23299,8.07832],[80.23274,8.07825],[80.2325,8.07869]]]}},{"type":"Feature","properties":{"c":"forest"},"geometry":{"type":"Polygon","coordinates":[[[80.23363,8.07774],[80.23443,8.07807],[80.23435,8.07823],[80.23464,8.07833],[80.23477,8.07828],[80.23513,8.07838],[80.23518,8.07888],[80.23466,8.07882],[80.23446,8.07874],[80.2344,8.07891],[80.23455,8.079],[80.23454,8.07909],[80.23473,8.07925],[80.23486,8.07915],[80.23547,8.0792],[80.23586,8.07867],[80.23597,8.07835],[80.23604,8.07798],[80.23602,8.07783],[80.23582,8.07741],[80.23522,8.07764],[80.23506,8.07714],[80.23453,8.07738],[80.23454,8.0775],[80.2344,8.07756],[80.23387,8.07724],[80.23363,8.07774]]]}},{"type":"Feature","properties":{"c":"scrub"},"geometry":{"type":"Polygon","coordinates":[[[80.23394,8.07894],[80.23402,8.07923],[80.2348,8.07946],[80.23534,8.07942],[80.23537,8.07937],[80.23584,8.07941],[80.23629,8.07934],[80.23669,8.07904],[80.23637,8.07773],[80.23602,8.07783],[80.23604,8.07798],[80.23597,8.07835],[80.23586,8.07867],[80.23547,8.0792],[80.23486,8.07915],[80.23473,8.07925],[80.23454,8.07909],[80.23455,8.079],[80.2344,8.07891],[80.23446,8.07874],[80.23466,8.07882],[80.23518,8.07888],[80.23513,8.07838],[80.23477,8.07828],[80.23464,8.07833],[80.23435,8.07823],[80.23419,8.07858],[80.23412,8.07858],[80.23394,8.07894]]]}},{"type":"Feature","properties":{"c":"meadow"},"geometry":{"type":"Polygon","coordinates":[[[80.23506,8.07714],[80.23522,8.07764],[80.23582,8.07741],[80.23602,8.07783],[80.23637,8.07773],[80.23632,8.07739],[80.2366,8.07731],[80.23685,8.07718],[80.23705,8.07742],[80.23752,8.0772],[80.23733,8.07676],[80.2368,8.07702],[80.23657,8.07645],[80.23682,8.07635],[80.23649,8.07582],[80.23595,8.07614],[80.23606,8.0763],[80.23581,8.07647],[80.23593,8.07677],[80.23581,8.0768],[80.23559,8.07644],[80.23524,8.07663],[80.2354,8.077],[80.23506,8.07714]]]}},{"type":"Feature","properties":{"c":"scrub"},"geometry":{"type":"Polygon","coordinates":[[[80.23649,8.07582],[80.23682,8.07635],[80.23723,8.07619],[80.23718,8.07609],[80.23753,8.07596],[80.23745,8.07576],[80.23755,8.07569],[80.23766,8.07537],[80.23755,8.07499],[80.23803,8.07489],[80.23803,8.07475],[80.23794,8.07461],[80.23794,8.07447],[80.23809,8.07443],[80.23769,8.07417],[80.23718,8.07498],[80.23723,8.07519],[80.23686,8.07556],[80.23649,8.07582]]]}},{"type":"Feature","properties":{"c":"farmland"},"geometry":{"type":"Polygon","coordinates":[[[80.23768,8.07601],[80.23778,8.07625],[80.23804,8.07622],[80.23828,8.07613],[80.23823,8.07595],[80.23857,8.07587],[80.2387,8.0756],[80.23893,8.0756],[80.23919,8.0755],[80.23923,8.07555],[80.23932,8.07555],[80.23959,8.07542],[80.23959,8.07518],[80.23973,8.07511],[80.23968,8.07456],[80.23957,8.07452],[80.23839,8.07449],[80.23809,8.07443],[80.23794,8.07447],[80.23794,8.07461],[80.23803,8.07475],[80.23803,8.07527],[80.23773,8.07541],[80.23768,8.07601]]]}},{"type":"Feature","properties":{"c":"meadow"},"geometry":{"type":"Polygon","coordinates":[[[80.23718,8.07609],[80.23736,8.07649],[80.23752,8.07667],[80.23786,8.07652],[80.23768,8.07601],[80.23773,8.07541],[80.23803,8.07527],[80.23803,8.07489],[80.23755,8.07499],[80.23766,8.07537],[80.23755,8.07569],[80.23745,8.07576],[80.23753,8.07596],[80.23718,8.07609]]]}},{"type":"Feature","properties":{"c":"scrub"},"geometry":{"type":"Polygon","coordinates":[[[80.23733,8.07676],[80.23752,8.0772],[80.23777,8.0771],[80.23777,8.07702],[80.2381,8.07679],[80.23797,8.07642],[80.23834,8.07628],[80.23873,8.07676],[80.23892,8.07668],[80.2393,8.07629],[80.2393,8.0761],[80.23918,8.0759],[80.23843,8.07606],[80.2384,8.07591],[80.23823,8.07595],[80.23828,8.07613],[80.23804,8.07622],[80.23778,8.07625],[80.23786,8.07652],[80.23733,8.07676]]]}},{"type":"Feature","properties":{"c":"scrub"},"geometry":{"type":"Polygon","coordinates":[[[80.23632,8.07739],[80.23637,8.07773],[80.23705,8.07742],[80.23685,8.07718],[80.2366,8.07731],[80.23632,8.07739]]]}},{"type":"Feature","properties":{"c":"scrub"},"geometry":{"type":"Polygon","coordinates":[[[80.23657,8.07915],[80.23702,8.07956],[80.23681,8.07977],[80.23711,8.08005],[80.23747,8.0799],[80.23751,8.07977],[80.23769,8.07961],[80.23758,8.07938],[80.2375,8.07939],[80.23753,8.07953],[80.23745,8.07953],[80.23743,8.07939],[80.23713,8.07934],[80.2369,8.07905],[80.23669,8.07904],[80.23657,8.07915]]]}},{"type":"Feature","properties":{"c":"scrub"},"geometry":{"type":"Polygon","coordinates":[[[80.2366,8.08176],[80.23665,8.08193],[80.23789,8.08163],[80.23799,8.08154],[80.23764,8.08068],[80.23751,8.08047],[80.23717,8.0804],[80.23705,8.08031],[80.2369,8.08032],[80.2368,8.08039],[80.23695,8.08168],[80.2366,8.08176]]]}},{"type":"Feature","properties":{"c":"scrub"},"geometry":{"type":"Polygon","coordinates":[[[80.24048,8.08231],[80.24061,8.08252],[80.24087,8.08245],[80.24099,8.0826],[80.2411,8.08264],[80.24127,8.08235],[80.24145,8.08238],[80.24169,8.08224],[80.24184,8.08233],[80.24205,8.08227],[80.24208,8.08221],[80.24146,8.08197],[80.24078,8.08208],[80.24068,8.08202],[80.24056,8.08204],[80.24048,8.08231]]]}},{"type":"Feature","properties":{"c":"scrub"},"geometry":{"type":"Polygon","coordinates":[[[80.24211,8.08091],[80.24214,8.08102],[80.24276,8.08099],[80.24294,8.08094],[80.24302,8.08072],[80.24301,8.08059],[80.24292,8.08056],[80.24265,8.08092],[80.24252,8.08093],[80.24246,8.08087],[80.24248,8.08079],[80.24239,8.08078],[80.24211,8.08091]]]}},{"type":"Feature","properties":{"c":"scrub"},"geometry":{"type":"Polygon","coordinates":[[[80.23959,8.07518],[80.23959,8.07542],[80.23985,8.07563],[80.24008,8.07565],[80.24016,8.07546],[80.24047,8.07544],[80.2405,8.07539],[80.24023,8.07527],[80.24019,8.07519],[80.24026,8.07487],[80.23968,8.07456],[80.23973,8.07511],[80.23959,8.07518]]]}},{"type":"Feature","properties":{"c":"farmland"},"geometry":{"type":"Polygon","coordinates":[[[80.23884,8.07266],[80.23893,8.07278],[80.23908,8.07269],[80.23918,8.07282],[80.23931,8.07275],[80.23941,8.07276],[80.23952,8.07286],[80.23952,8.07304],[80.23958,8.07312],[80.23951,8.07321],[80.23975,8.07343],[80.23961,8.07362],[80.23945,8.07364],[80.23913,8.07339],[80.23901,8.07357],[80.23969,8.07405],[80.23984,8.07378],[80.24004,8.07392],[80.24017,8.07377],[80.24001,8.07366],[80.24005,8.07359],[80.23991,8.07348],[80.23999,8.07328],[80.23984,8.07314],[80.23989,8.07298],[80.23985,8.07286],[80.23993,8.07277],[80.23981,8.07253],[80.23996,8.0724],[80.23965,8.07198],[80.23925,8.07235],[80.23913,8.07225],[80.23888,8.07251],[80.23893,8.07258],[80.23884,8.07266]]]}},{"type":"Feature","properties":{"c":"farmland"},"geometry":{"type":"Polygon","coordinates":[[[80.23799,8.07359],[80.23814,8.07373],[80.23825,8.07362],[80.23837,8.07376],[80.23853,8.07383],[80.23854,8.07395],[80.23872,8.074],[80.23875,8.07371],[80.23861,8.07348],[80.23866,8.07339],[80.23848,8.0732],[80.23826,8.07341],[80.23821,8.07336],[80.23799,8.07359]]]}},{"type":"Feature","properties":{"c":"scrub"},"geometry":{"type":"Polygon","coordinates":[[[80.23787,8.07388],[80.23797,8.074],[80.23817,8.07399],[80.23819,8.07394],[80.23811,8.07379],[80.238,8.07377],[80.23788,8.07382],[80.23787,8.07388]]]}},{"type":"Feature","properties":{"c":"forest"},"geometry":{"type":"Polygon","coordinates":[[[80.23736,8.07395],[80.23813,8.07445],[80.23965,8.07453],[80.23964,8.0742],[80.23954,8.07409],[80.23959,8.07399],[80.23918,8.0737],[80.23911,8.07382],[80.23913,8.07428],[80.239,8.07442],[80.23896,8.0744],[80.23903,8.07418],[80.23892,8.07404],[80.23854,8.07395],[80.23853,8.07383],[80.23837,8.07376],[80.23825,8.07362],[80.23811,8.07379],[80.23817,8.07385],[80.23817,8.07399],[80.23793,8.07398],[80.23788,8.07382],[80.23759,8.07361],[80.23736,8.07395]]]}},{"type":"Feature","properties":{"c":"forest"},"geometry":{"type":"Polygon","coordinates":[[[80.23759,8.07361],[80.23788,8.07382],[80.238,8.07377],[80.23811,8.07379],[80.23814,8.07373],[80.23778,8.0734],[80.23759,8.07361]]]}},{"type":"Feature","properties":{"c":"scrub"},"geometry":{"type":"Polygon","coordinates":[[[80.23848,8.0732],[80.23866,8.07339],[80.23861,8.07348],[80.23875,8.07371],[80.23872,8.074],[80.23892,8.07404],[80.23903,8.07418],[80.23896,8.0744],[80.239,8.07442],[80.23909,8.07436],[80.23914,8.07421],[80.23911,8.07382],[80.23918,8.0737],[80.23901,8.07357],[80.23913,8.07339],[80.23945,8.07364],[80.23961,8.07362],[80.23975,8.07343],[80.23951,8.07321],[80.23958,8.07312],[80.23952,8.07304],[80.2394,8.07306],[80.23929,8.07302],[80.23908,8.07269],[80.23893,8.07278],[80.23884,8.07266],[80.23893,8.07258],[80.23913,8.07225],[80.23925,8.07235],[80.23943,8.07218],[80.23919,8.07193],[80.23888,8.07235],[80.23855,8.07264],[80.23878,8.0729],[80.23848,8.0732]]]}},{"type":"Feature","properties":{"c":"scrub"},"geometry":{"type":"Polygon","coordinates":[[[80.23954,8.07409],[80.23964,8.0742],[80.23965,8.07433],[80.23975,8.07433],[80.23976,8.07422],[80.23997,8.07417],[80.24013,8.07402],[80.24023,8.07382],[80.24017,8.07377],[80.24004,8.07392],[80.23984,8.07378],[80.23969,8.07405],[80.23959,8.07399],[80.23954,8.07409]]]}},{"type":"Feature","properties":{"c":"scrub"},"geometry":{"type":"Polygon","coordinates":[[[80.23942,8.07075],[80.2395,8.07108],[80.23972,8.07129],[80.23983,8.07118],[80.24021,8.07137],[80.24037,8.07127],[80.24037,8.07104],[80.24048,8.0708],[80.24076,8.07026],[80.24089,8.0701],[80.24099,8.07008],[80.24118,8.06983],[80.24131,8.06976],[80.24146,8.06977],[80.24155,8.06986],[80.24175,8.06974],[80.2416,8.06935],[80.24146,8.06922],[80.2413,8.06918],[80.24117,8.06924],[80.24106,8.06931],[80.2409,8.06964],[80.24072,8.06972],[80.24072,8.06978],[80.24083,8.06991],[80.24079,8.06998],[80.24033,8.06998],[80.24026,8.07004],[80.24032,8.07047],[80.24028,8.07054],[80.23987,8.07052],[80.23965,8.07074],[80.23952,8.07071],[80.23942,8.07075]]]}},{"type":"Feature","properties":{"c":"scrub"},"geometry":{"type":"Polygon","coordinates":[[[80.23969,8.07612],[80.23955,8.07693],[80.23961,8.07699],[80.23972,8.07698],[80.23981,8.07688],[80.2398,8.07659],[80.24,8.07632],[80.23995,8.07596],[80.23998,8.0759],[80.23992,8.07587],[80.23969,8.07612]]]}},{"type":"Feature","properties":{"c":"scrub"},"geometry":{"type":"Polygon","coordinates":[[[80.23909,8.07834],[80.23938,8.07917],[80.23953,8.07916],[80.2393,8.07865],[80.23926,8.0783],[80.23917,8.07828],[80.23909,8.07834]]]}},{"type":"Feature","properties":{"c":"scrub"},"geometry":{"type":"Polygon","coordinates":[[[80.23958,8.07984],[80.23963,8.08007],[80.23975,8.08004],[80.23984,8.07995],[80.23976,8.07972],[80.23967,8.0797],[80.23958,8.07984]]]}},{"type":"Feature","properties":{"c":"forest"},"geometry":{"type":"Polygon","coordinates":[[[80.23637,8.07773],[80.23669,8.07904],[80.2369,8.07905],[80.23713,8.07934],[80.23735,8.0792],[80.23759,8.07921],[80.23758,8.07938],[80.23769,8.07961],[80.23751,8.07977],[80.23747,8.0799],[80.23711,8.08005],[80.23713,8.08022],[80.23705,8.08031],[80.23717,8.0804],[80.23751,8.08047],[80.23795,8.08138],[80.23799,8.08154],[80.23789,8.08163],[80.23801,8.08179],[80.23823,8.08175],[80.23831,8.08184],[80.23861,8.08241],[80.2387,8.08274],[80.23882,8.08271],[80.23877,8.08245],[80.23856,8.08188],[80.23834,8.08156],[80.23833,8.08143],[80.23838,8.08139],[80.23847,8.08139],[80.23875,8.08166],[80.23873,8.0819],[80.23879,8.08196],[80.23907,8.08184],[80.23936,8.082],[80.23968,8.08198],[80.23992,8.08205],[80.24006,8.08244],[80.24005,8.08258],[80.24061,8.08252],[80.24048,8.08231],[80.24056,8.08204],[80.24068,8.08202],[80.24078,8.08208],[80.24146,8.08197],[80.24208,8.08221],[80.24211,8.08091],[80.24239,8.08078],[80.24248,8.08079],[80.24246,8.08087],[80.24252,8.08093],[80.24265,8.08092],[80.24292,8.08056],[80.24301,8.08059],[80.24344,8.07988],[80.24321,8.07964],[80.24314,8.07951],[80.24317,8.0793],[80.24257,8.07918],[80.24227,8.07958],[80.24205,8.07954],[80.24203,8.07946],[80.24208,8.07931],[80.24181,8.0792],[80.24156,8.07935],[80.24149,8.07951],[80.24142,8.0795],[80.24149,8.07899],[80.2414,8.07893],[80.24125,8.07896],[80.24128,8.0788],[80.24046,8.07829],[80.24036,8.07839],[80.24029,8.07837],[80.24024,8.07826],[80.24028,8.07818],[80.24015,8.078],[80.23926,8.0783],[80.2393,8.07865],[80.23953,8.07916],[80.23967,8.0797],[80.23976,8.07972],[80.23983,8.07986],[80.23984,8.07995],[80.23975,8.08004],[80.23963,8.08007],[80.23958,8.07984],[80.23909,8.0799],[80.23777,8.0771],[80.23637,8.07773]]]}},{"type":"Feature","properties":{"c":"forest"},"geometry":{"type":"Polygon","coordinates":[[[80.23777,8.07702],[80.23777,8.0771],[80.23909,8.0799],[80.23958,8.07984],[80.23967,8.0797],[80.23953,8.07916],[80.23938,8.07917],[80.23909,8.07834],[80.23917,8.07828],[80.23926,8.0783],[80.24009,8.07801],[80.23994,8.07726],[80.24002,8.07708],[80.23981,8.07688],[80.23972,8.07698],[80.23961,8.07699],[80.23955,8.07693],[80.23969,8.07612],[80.23992,8.07587],[80.23985,8.07563],[80.23959,8.07542],[80.23932,8.07555],[80.23923,8.07555],[80.23919,8.0755],[80.23893,8.0756],[80.2387,8.0756],[80.23857,8.07587],[80.2384,8.07591],[80.23843,8.07606],[80.23918,8.0759],[80.2393,8.0761],[80.2393,8.07629],[80.23892,8.07668],[80.23873,8.07676],[80.23834,8.07628],[80.23797,8.07642],[80.2381,8.07679],[80.23777,8.07702]]]}},{"type":"Feature","properties":{"c":"scrub"},"geometry":{"type":"Polygon","coordinates":[[[80.23713,8.07934],[80.23758,8.07938],[80.23759,8.07921],[80.23735,8.0792],[80.23713,8.07934]]]}},{"type":"Feature","properties":{"c":"forest"},"geometry":{"type":"Polygon","coordinates":[[[80.2398,8.07659],[80.23981,8.07688],[80.24002,8.07708],[80.24013,8.07702],[80.24025,8.07707],[80.24032,8.07724],[80.24036,8.07739],[80.24015,8.078],[80.24028,8.07818],[80.2404,8.07811],[80.24048,8.07822],[80.24046,8.07829],[80.24141,8.07885],[80.2414,8.07893],[80.24149,8.07899],[80.24171,8.07898],[80.24179,8.07903],[80.24181,8.0792],[80.24208,8.07931],[80.24226,8.0793],[80.24257,8.0791],[80.24256,8.0789],[80.2425,8.07884],[80.24222,8.07877],[80.24215,8.07882],[80.2421,8.07872],[80.24215,8.07867],[80.2422,8.07869],[80.243,8.07816],[80.24295,8.07791],[80.24313,8.07775],[80.24325,8.07784],[80.24334,8.0778],[80.24326,8.07765],[80.24331,8.07752],[80.24339,8.0775],[80.24346,8.07765],[80.24384,8.07739],[80.24358,8.07721],[80.24347,8.07668],[80.24353,8.07659],[80.24323,8.07633],[80.24313,8.07644],[80.24296,8.07643],[80.24268,8.07669],[80.24275,8.07684],[80.24267,8.07699],[80.24257,8.07698],[80.24247,8.07686],[80.24243,8.07675],[80.24212,8.07633],[80.2421,8.0764],[80.24162,8.07694],[80.24172,8.07706],[80.24173,8.07722],[80.24165,8.07727],[80.24153,8.07724],[80.24146,8.07712],[80.24147,8.07702],[80.24133,8.07708],[80.24136,8.07724],[80.24135,8.0773],[80.2413,8.07729],[80.24108,8.07682],[80.24112,8.07674],[80.24047,8.07544],[80.24016,8.07546],[80.24008,8.07565],[80.23985,8.07563],[80.23992,8.07587],[80.23998,8.0759],[80.23995,8.07596],[80.24,8.07632],[80.2398,8.07659]]]}},{"type":"Feature","properties":{"c":"forest"},"geometry":{"type":"Polygon","coordinates":[[[80.2421,8.07622],[80.24212,8.07633],[80.24243,8.07675],[80.24257,8.07666],[80.24268,8.07669],[80.24306,8.07633],[80.24314,8.07619],[80.24305,8.07579],[80.2429,8.07585],[80.24281,8.07575],[80.24276,8.07561],[80.2428,8.07555],[80.24277,8.07527],[80.24252,8.07516],[80.24252,8.0752],[80.24238,8.07529],[80.24244,8.0755],[80.24252,8.07549],[80.24258,8.07558],[80.24258,8.07576],[80.24245,8.07583],[80.24236,8.07572],[80.24213,8.0759],[80.24217,8.07598],[80.2421,8.07622]]]}},{"type":"Feature","properties":{"c":"forest"},"geometry":{"type":"Polygon","coordinates":[[[80.23965,8.07433],[80.23965,8.07453],[80.24026,8.07487],[80.24019,8.07519],[80.24023,8.07527],[80.2405,8.07539],[80.24047,8.07544],[80.24112,8.07674],[80.24126,8.07679],[80.24133,8.07708],[80.24154,8.07693],[80.24162,8.07694],[80.24206,8.0764],[80.24199,8.07601],[80.24207,8.07588],[80.24213,8.0759],[80.24236,8.07572],[80.24237,8.0756],[80.24244,8.0755],[80.24235,8.07526],[80.24238,8.07514],[80.24243,8.07511],[80.24277,8.07527],[80.2428,8.07555],[80.24293,8.07555],[80.243,8.07564],[80.24369,8.07501],[80.24333,8.07432],[80.24316,8.07429],[80.24317,8.07423],[80.24327,8.07419],[80.24332,8.07322],[80.24329,8.07314],[80.24335,8.07296],[80.24196,8.07317],[80.2417,8.07258],[80.24153,8.07259],[80.24133,8.07254],[80.24127,8.07243],[80.24111,8.07239],[80.24111,8.07226],[80.23996,8.0724],[80.23981,8.07253],[80.23993,8.07277],[80.23985,8.07286],[80.23989,8.07298],[80.23984,8.07314],[80.23999,8.07328],[80.23991,8.07348],[80.24005,8.07359],[80.24001,8.07366],[80.24023,8.07382],[80.24013,8.07402],[80.23997,8.07417],[80.23976,8.07422],[80.23975,8.07433],[80.23965,8.07433]]]}},{"type":"Feature","properties":{"c":"forest"},"geometry":{"type":"Polygon","coordinates":[[[80.23941,8.07163],[80.23996,8.0724],[80.24111,8.07226],[80.24144,8.07212],[80.24167,8.07213],[80.24173,8.0722],[80.24176,8.07234],[80.24175,8.0725],[80.2417,8.07258],[80.24192,8.07302],[80.24209,8.07297],[80.24215,8.07313],[80.24347,8.07293],[80.24406,8.07225],[80.24404,8.07216],[80.24297,8.07232],[80.24296,8.07225],[80.24307,8.07221],[80.24313,8.0716],[80.24298,8.07161],[80.24296,8.07157],[80.24261,8.07189],[80.24261,8.07198],[80.24254,8.07206],[80.24244,8.07205],[80.24246,8.07188],[80.24216,8.07091],[80.24201,8.07092],[80.24181,8.07082],[80.2416,8.07046],[80.2416,8.07037],[80.2419,8.07014],[80.24175,8.06974],[80.24155,8.06986],[80.24146,8.06977],[80.24131,8.06976],[80.24118,8.06983],[80.24099,8.07008],[80.24089,8.0701],[80.24076,8.07026],[80.24048,8.0708],[80.24037,8.07104],[80.24037,8.07127],[80.24021,8.07137],[80.23983,8.07118],[80.23941,8.07163]]]}},{"type":"Feature","properties":{"c":"forest"},"geometry":{"type":"Polygon","coordinates":[[[80.2413,8.06918],[80.24146,8.06922],[80.2416,8.06935],[80.2419,8.07014],[80.2424,8.07016],[80.2425,8.07028],[80.24255,8.07038],[80.24254,8.07062],[80.24232,8.07072],[80.24215,8.07064],[80.24196,8.07068],[80.24198,8.07077],[80.24216,8.07091],[80.24246,8.07188],[80.24253,8.07185],[80.24261,8.07189],[80.24296,8.07157],[80.24299,8.07148],[80.2431,8.07142],[80.24295,8.06903],[80.24276,8.069],[80.24271,8.06917],[80.24255,8.06935],[80.24233,8.06918],[80.24198,8.06874],[80.24153,8.069],[80.2413,8.06918]]]}},{"type":"Feature","properties":{"c":"forest"},"geometry":{"type":"Polygon","coordinates":[[[80.2422,8.07869],[80.24225,8.07872],[80.24222,8.07877],[80.24258,8.07883],[80.24257,8.07918],[80.24317,8.0793],[80.24337,8.07925],[80.24344,8.07943],[80.24359,8.07951],[80.24368,8.07937],[80.24387,8.0793],[80.24391,8.07925],[80.244,8.07926],[80.24402,8.07939],[80.24446,8.07944],[80.24467,8.07928],[80.24534,8.07916],[80.24543,8.0792],[80.24692,8.07918],[80.24632,8.07497],[80.24612,8.07489],[80.24603,8.07443],[80.24606,8.07403],[80.24635,8.07404],[80.24641,8.07344],[80.24654,8.07303],[80.24644,8.07289],[80.24639,8.07244],[80.2462,8.07232],[80.2463,8.0726],[80.24637,8.07302],[80.24633,8.07304],[80.24622,8.07284],[80.24602,8.07282],[80.24598,8.07289],[80.24591,8.07288],[80.24584,8.07265],[80.24587,8.07259],[80.24597,8.07261],[80.24598,8.07256],[80.24587,8.07232],[80.24586,8.07213],[80.24591,8.07198],[80.24598,8.07196],[80.24568,8.07082],[80.24524,8.07086],[80.24518,8.07071],[80.2453,8.07045],[80.24558,8.07037],[80.2456,8.06874],[80.24482,8.0685],[80.24438,8.06795],[80.24447,8.06783],[80.24437,8.06775],[80.24391,8.06798],[80.24371,8.06784],[80.24363,8.06785],[80.24351,8.068],[80.24365,8.068],[80.24391,8.06814],[80.24396,8.06843],[80.24381,8.06856],[80.24375,8.06872],[80.24406,8.06891],[80.24375,8.06894],[80.24371,8.06898],[80.24358,8.06892],[80.24354,8.0688],[80.2428,8.0687],[80.24276,8.069],[80.24295,8.06903],[80.2431,8.07142],[80.24316,8.07155],[80.24307,8.07221],[80.24315,8.07227],[80.24404,8.07216],[80.24412,8.072],[80.24421,8.07195],[80.24437,8.07203],[80.24438,8.07213],[80.24433,8.07219],[80.24406,8.07225],[80.24347,8.07293],[80.24356,8.07308],[80.24354,8.07315],[80.24332,8.07322],[80.24327,8.07419],[80.24333,8.07423],[80.24333,8.07432],[80.24372,8.075],[80.243,8.07564],[80.24314,8.07619],[80.24323,8.07633],[80.24383,8.07682],[80.24392,8.07698],[80.24401,8.07727],[80.24396,8.07736],[80.24384,8.07739],[80.24325,8.07784],[80.24333,8.07806],[80.24312,8.07816],[80.243,8.07816],[80.2422,8.07869]]]}},{"type":"Feature","properties":{"c":"forest"},"geometry":{"type":"Polygon","coordinates":[[[80.24205,8.08227],[80.24357,8.08264],[80.24392,8.08245],[80.24414,8.08239],[80.24423,8.08242],[80.24426,8.0825],[80.24424,8.08299],[80.24431,8.08306],[80.24487,8.08351],[80.24507,8.08331],[80.24524,8.08336],[80.24589,8.08291],[80.24585,8.08276],[80.24597,8.08258],[80.24608,8.08256],[80.24631,8.08232],[80.24664,8.08174],[80.24663,8.08166],[80.24689,8.08144],[80.24692,8.07918],[80.24543,8.0792],[80.24545,8.07931],[80.24522,8.0796],[80.24506,8.07973],[80.24479,8.07983],[80.2446,8.07983],[80.24445,8.07974],[80.24439,8.07965],[80.24446,8.07944],[80.24402,8.07939],[80.24396,8.07953],[80.24384,8.07963],[80.2437,8.07986],[80.24344,8.07988],[80.24301,8.08059],[80.24302,8.08072],[80.24294,8.08094],[80.24276,8.08099],[80.24214,8.08102],[80.24205,8.08227]]]}},{"type":"Feature","properties":{"c":"forest"},"geometry":{"type":"Polygon","coordinates":[[[80.24598,8.07256],[80.24602,8.07282],[80.24622,8.07284],[80.24619,8.07269],[80.2461,8.0726],[80.24598,8.07256]]]}},{"type":"Feature","properties":{"c":"forest"},"geometry":{"type":"Polygon","coordinates":[[[80.24635,8.07404],[80.24677,8.07414],[80.24688,8.07433],[80.24692,8.07452],[80.24769,8.07442],[80.24767,8.07422],[80.24775,8.07405],[80.24817,8.07395],[80.24841,8.07395],[80.24862,8.07401],[80.24859,8.07259],[80.2485,8.07262],[80.2484,8.07258],[80.24822,8.07264],[80.2481,8.07306],[80.24802,8.0731],[80.24775,8.07299],[80.24771,8.07283],[80.24747,8.07276],[80.24732,8.07304],[80.24704,8.07312],[80.24681,8.07311],[80.24654,8.07303],[80.24641,8.07344],[80.24635,8.07404]]]}},{"type":"Feature","properties":{"c":"forest"},"geometry":{"type":"Polygon","coordinates":[[[80.24713,8.07137],[80.24737,8.07164],[80.24747,8.07184],[80.24739,8.07215],[80.24734,8.07212],[80.24725,8.07227],[80.24746,8.07238],[80.24747,8.07276],[80.24771,8.07283],[80.24817,8.07263],[80.2484,8.07258],[80.2481,8.07238],[80.24794,8.07155],[80.248,8.07133],[80.24713,8.07137]]]}},{"type":"Feature","properties":{"c":"scrub"},"geometry":{"type":"Polygon","coordinates":[[[80.24518,8.07071],[80.24524,8.07086],[80.24568,8.07082],[80.24561,8.0704],[80.24558,8.07037],[80.2453,8.07045],[80.24518,8.07071]]]}},{"type":"Feature","properties":{"c":"scrub"},"geometry":{"type":"Polygon","coordinates":[[[80.23773,8.06769],[80.23777,8.06813],[80.23811,8.06804],[80.23817,8.06833],[80.2384,8.06808],[80.23859,8.06769],[80.23842,8.06756],[80.23863,8.06637],[80.23863,8.06614],[80.23851,8.06581],[80.2385,8.06475],[80.23877,8.06344],[80.2378,8.06341],[80.23784,8.06361],[80.23791,8.0637],[80.23823,8.06371],[80.23824,8.06468],[80.23819,8.0655],[80.23826,8.06629],[80.23816,8.0668],[80.23792,8.06729],[80.23825,8.0674],[80.23816,8.06771],[80.23773,8.06769]]]}},{"type":"Feature","properties":{"c":"scrub"},"geometry":{"type":"Polygon","coordinates":[[[80.24145,8.0641],[80.24146,8.06425],[80.24162,8.06445],[80.24202,8.06467],[80.24206,8.06461],[80.242,8.06453],[80.24174,8.06438],[80.24155,8.06414],[80.24145,8.0641]]]}},{"type":"Feature","properties":{"c":"farmland"},"geometry":{"type":"Polygon","coordinates":[[[80.23934,8.06255],[80.23957,8.06259],[80.23964,8.06202],[80.23943,8.06196],[80.23934,8.06255]]]}},{"type":"Feature","properties":{"c":"scrub"},"geometry":{"type":"Polygon","coordinates":[[[80.23854,8.06343],[80.23871,8.06344],[80.23868,8.06324],[80.23872,8.06312],[80.23882,8.06305],[80.23907,8.063],[80.23912,8.06294],[80.23911,8.06277],[80.23916,8.06274],[80.23936,8.06277],[80.23955,8.0629],[80.23979,8.06284],[80.23983,8.06276],[80.23962,8.06271],[80.23957,8.06259],[80.23934,8.06255],[80.23943,8.06196],[80.23901,8.06166],[80.23875,8.06201],[80.2387,8.06228],[80.23854,8.06227],[80.23854,8.06343]]]}},{"type":"Feature","properties":{"c":"farmland"},"geometry":{"type":"Polygon","coordinates":[[[80.23989,8.06274],[80.24027,8.06285],[80.2403,8.06324],[80.24049,8.06326],[80.24076,8.06397],[80.24114,8.06398],[80.2412,8.06423],[80.24146,8.06425],[80.24145,8.06399],[80.2415,8.06389],[80.24171,8.06397],[80.2418,8.0637],[80.24233,8.0638],[80.24241,8.06376],[80.24237,8.06349],[80.24247,8.06339],[80.2421,8.06268],[80.2421,8.06248],[80.24184,8.06249],[80.24174,8.0623],[80.24158,8.06231],[80.24142,8.06225],[80.24123,8.06231],[80.2411,8.06221],[80.241,8.06138],[80.24108,8.06129],[80.24127,8.06129],[80.24136,8.06122],[80.24139,8.06107],[80.2413,8.06104],[80.24131,8.06092],[80.2411,8.06093],[80.24108,8.06088],[80.24118,8.06077],[80.24108,8.06067],[80.24076,8.06106],[80.24045,8.06131],[80.24015,8.06229],[80.23993,8.06258],[80.23989,8.06274]]]}},{"type":"Feature","properties":{"c":"scrub"},"geometry":{"type":"Polygon","coordinates":[[[80.23943,8.06196],[80.24016,8.06221],[80.24038,8.06163],[80.24045,8.06131],[80.24007,8.06114],[80.23943,8.06196]]]}},{"type":"Feature","properties":{"c":"forest"},"geometry":{"type":"Polygon","coordinates":[[[80.24108,8.06192],[80.2411,8.06221],[80.24123,8.06231],[80.24142,8.06225],[80.24158,8.06231],[80.24174,8.0623],[80.24184,8.06249],[80.24218,8.06249],[80.24234,8.0624],[80.24249,8.06218],[80.2424,8.06206],[80.24205,8.06197],[80.24203,8.06183],[80.24207,8.0617],[80.24171,8.06147],[80.24176,8.06126],[80.24168,8.0612],[80.24148,8.06172],[80.24143,8.06171],[80.24144,8.06189],[80.24108,8.06192]]]}},{"type":"Feature","properties":{"c":"scrub"},"geometry":{"type":"Polygon","coordinates":[[[80.241,8.06138],[80.24108,8.06192],[80.24144,8.06189],[80.24142,8.06126],[80.24136,8.06122],[80.24127,8.06129],[80.24108,8.06129],[80.241,8.06138]]]}},{"type":"Feature","properties":{"c":"scrub"},"geometry":{"type":"Polygon","coordinates":[[[80.24108,8.06067],[80.24118,8.06077],[80.24108,8.06088],[80.2411,8.06093],[80.24131,8.06092],[80.2413,8.06104],[80.24168,8.0612],[80.24176,8.06126],[80.24171,8.06147],[80.24207,8.0617],[80.24225,8.06135],[80.2419,8.06115],[80.24187,8.06092],[80.24189,8.06073],[80.242,8.06058],[80.24216,8.06048],[80.2418,8.05968],[80.24161,8.05974],[80.24165,8.06026],[80.24158,8.06043],[80.24141,8.06061],[80.24122,8.06056],[80.24108,8.06067]]]}},{"type":"Feature","properties":{"c":"forest"},"geometry":{"type":"Polygon","coordinates":[[[80.24189,8.06073],[80.2419,8.06115],[80.24257,8.0615],[80.24251,8.06173],[80.24276,8.06186],[80.24309,8.0613],[80.24323,8.06089],[80.24309,8.06087],[80.24285,8.06067],[80.24268,8.06041],[80.2423,8.06054],[80.24216,8.06048],[80.242,8.06058],[80.24189,8.06073]]]}},{"type":"Feature","properties":{"c":"farmland"},"geometry":{"type":"Polygon","coordinates":[[[80.24203,8.06183],[80.24205,8.06197],[80.2424,8.06206],[80.24249,8.06218],[80.24276,8.06186],[80.24251,8.06173],[80.24257,8.0615],[80.24225,8.06135],[80.24203,8.06183]]]}},{"type":"Feature","properties":{"c":"farmland"},"geometry":{"type":"Polygon","coordinates":[[[80.2421,8.06268],[80.24247,8.06339],[80.24239,8.06343],[80.2425,8.06359],[80.2426,8.06388],[80.24291,8.06419],[80.24297,8.06497],[80.2436,8.065],[80.24426,8.06526],[80.24462,8.06476],[80.24428,8.06463],[80.24421,8.06473],[80.2441,8.06467],[80.24404,8.06457],[80.24407,8.06447],[80.24397,8.06442],[80.24401,8.06422],[80.24384,8.06414],[80.24389,8.06394],[80.24379,8.06386],[80.24382,8.06363],[80.24344,8.06353],[80.24344,8.0634],[80.24368,8.06344],[80.2437,8.0633],[80.24309,8.06302],[80.2432,8.06232],[80.24299,8.06227],[80.24294,8.06232],[80.24263,8.06204],[80.24234,8.0624],[80.24218,8.06249],[80.2421,8.06248],[80.2421,8.06268]]]}},{"type":"Feature","properties":{"c":"meadow"},"geometry":{"type":"Polygon","coordinates":[[[80.24263,8.06204],[80.24283,8.06222],[80.24292,8.06214],[80.24317,8.06224],[80.24341,8.06213],[80.24338,8.06197],[80.24355,8.0619],[80.24356,8.06145],[80.24363,8.06127],[80.24367,8.06119],[80.2438,8.06111],[80.2437,8.06078],[80.24323,8.06089],[80.243,8.0615],[80.24263,8.06204]]]}},{"type":"Feature","properties":{"c":"forest"},"geometry":{"type":"Polygon","coordinates":[[[80.24283,8.06222],[80.24294,8.06232],[80.24299,8.06227],[80.2432,8.06232],[80.24309,8.06302],[80.24386,8.06336],[80.24379,8.06386],[80.24389,8.06394],[80.24384,8.06414],[80.24401,8.06422],[80.24397,8.06442],[80.24407,8.06447],[80.24404,8.06457],[80.2441,8.06467],[80.24421,8.06473],[80.24428,8.06463],[80.24462,8.06476],[80.24426,8.06526],[80.24447,8.06536],[80.24463,8.065],[80.24479,8.06488],[80.24665,8.06505],[80.24672,8.06494],[80.24677,8.06483],[80.24678,8.06374],[80.24664,8.06266],[80.246,8.06268],[80.24593,8.06344],[80.24587,8.06354],[80.24595,8.06405],[80.24592,8.06421],[80.24585,8.06428],[80.24557,8.06431],[80.24514,8.0645],[80.24497,8.06441],[80.24472,8.06405],[80.24466,8.06386],[80.24473,8.06374],[80.24486,8.06366],[80.2451,8.0632],[80.2449,8.06304],[80.24482,8.06291],[80.24412,8.06278],[80.24385,8.06281],[80.2438,8.06278],[80.24383,8.06263],[80.24397,8.0625],[80.24398,8.06203],[80.24392,8.06195],[80.24355,8.0619],[80.24338,8.06197],[80.24341,8.06213],[80.2433,8.06219],[80.24317,8.06224],[80.24292,8.06214],[80.24283,8.06222]]]}},{"type":"Feature","properties":{"c":"forest"},"geometry":{"type":"Polygon","coordinates":[[[80.2384,8.06853],[80.23859,8.0691],[80.23884,8.06955],[80.23928,8.07014],[80.23888,8.07042],[80.23902,8.07066],[80.23937,8.07055],[80.23942,8.07075],[80.23952,8.07071],[80.23965,8.07074],[80.23987,8.07052],[80.24028,8.07054],[80.24032,8.07047],[80.24026,8.07004],[80.24033,8.06998],[80.24079,8.06998],[80.24083,8.06991],[80.24072,8.06978],[80.24072,8.06972],[80.24085,8.0697],[80.24106,8.06931],[80.24153,8.069],[80.241,8.06851],[80.24087,8.06849],[80.24089,8.06823],[80.24121,8.06774],[80.241,8.06766],[80.24095,8.06738],[80.24062,8.06724],[80.24063,8.06718],[80.24074,8.06717],[80.24088,8.06722],[80.24096,8.06708],[80.24095,8.06671],[80.24086,8.06666],[80.2407,8.06665],[80.24046,8.06701],[80.24018,8.06698],[80.23952,8.06665],[80.23934,8.06661],[80.23906,8.06665],[80.23891,8.06692],[80.2389,8.06707],[80.23877,8.06727],[80.23875,8.06744],[80.23885,8.06759],[80.23895,8.06813],[80.23919,8.06826],[80.23947,8.06826],[80.23975,8.06817],[80.24033,8.06835],[80.24022,8.06854],[80.24026,8.06862],[80.24056,8.06868],[80.24045,8.06878],[80.24036,8.0688],[80.24028,8.0687],[80.24001,8.06888],[80.23995,8.06906],[80.23995,8.06921],[80.24002,8.06935],[80.23983,8.06938],[80.23973,8.06928],[80.23964,8.0689],[80.23966,8.06872],[80.23962,8.06862],[80.23951,8.06858],[80.23943,8.0684],[80.23919,8.06838],[80.23894,8.0685],[80.2388,8.06849],[80.23854,8.06832],[80.2384,8.06853]]]}},{"type":"Feature","properties":{"c":"farmland"},"geometry":{"type":"Polygon","coordinates":[[[80.23846,8.06797],[80.23861,8.06806],[80.23854,8.06832],[80.2388,8.06849],[80.23894,8.0685],[80.23911,8.06841],[80.2391,8.06822],[80.23895,8.06813],[80.23885,8.06759],[80.23875,8.06744],[80.23846,8.06797]]]}},{"type":"Feature","properties":{"c":"scrub"},"geometry":{"type":"Polygon","coordinates":[[[80.23817,8.06833],[80.2384,8.06853],[80.23854,8.06832],[80.23861,8.06806],[80.23846,8.06797],[80.23817,8.06833]]]}},{"type":"Feature","properties":{"c":"scrub"},"geometry":{"type":"Polygon","coordinates":[[[80.2391,8.06822],[80.23911,8.06841],[80.23932,8.06837],[80.23943,8.0684],[80.23951,8.06858],[80.23962,8.06862],[80.23968,8.06919],[80.23983,8.06938],[80.24002,8.06935],[80.23995,8.06921],[80.23995,8.06906],[80.24007,8.06882],[80.24028,8.0687],[80.24036,8.0688],[80.24045,8.06878],[80.24056,8.06868],[80.24026,8.06862],[80.24022,8.06854],[80.24033,8.06835],[80.23975,8.06817],[80.23947,8.06826],[80.2391,8.06822]]]}},{"type":"Feature","properties":{"c":"farmland"},"geometry":{"type":"Polygon","coordinates":[[[80.24062,8.06724],[80.24095,8.06738],[80.241,8.06766],[80.24139,8.06786],[80.24153,8.06773],[80.24156,8.06737],[80.24159,8.06732],[80.2417,8.06731],[80.24169,8.06721],[80.24155,8.0672],[80.24153,8.06705],[80.24172,8.06644],[80.24198,8.06629],[80.24201,8.06617],[80.24197,8.06617],[80.24192,8.06604],[80.24116,8.06619],[80.24115,8.06667],[80.24095,8.06671],[80.24096,8.06708],[80.24088,8.06722],[80.24074,8.06717],[80.24063,8.06718],[80.24062,8.06724]]]}},{"type":"Feature","properties":{"c":"forest"},"geometry":{"type":"Polygon","coordinates":[[[80.24096,8.0681],[80.24111,8.06816],[80.24107,8.06842],[80.241,8.06851],[80.24153,8.069],[80.24198,8.06874],[80.24205,8.06882],[80.24257,8.06795],[80.24239,8.06772],[80.24219,8.0677],[80.24178,8.06786],[80.24175,8.06799],[80.24168,8.06801],[80.24121,8.06774],[80.24096,8.0681]]]}},{"type":"Feature","properties":{"c":"forest"},"geometry":{"type":"Polygon","coordinates":[[[80.24139,8.06786],[80.24158,8.06795],[80.24165,8.06785],[80.24178,8.06786],[80.24219,8.0677],[80.24211,8.06745],[80.24216,8.06726],[80.242,8.06714],[80.24178,8.06678],[80.24182,8.06661],[80.24208,8.06642],[80.24198,8.06629],[80.24172,8.06644],[80.24163,8.06665],[80.24153,8.06705],[80.24155,8.0672],[80.24169,8.06721],[80.2417,8.06731],[80.24159,8.06732],[80.24156,8.06737],[80.24153,8.06773],[80.24139,8.06786]]]}},{"type":"Feature","properties":{"c":"forest"},"geometry":{"type":"Polygon","coordinates":[[[80.24192,8.06604],[80.24197,8.06617],[80.24201,8.06617],[80.24198,8.06629],[80.24208,8.06642],[80.24239,8.0665],[80.24266,8.06692],[80.24277,8.06679],[80.2431,8.06678],[80.24326,8.06656],[80.24341,8.06648],[80.24348,8.06655],[80.24335,8.06675],[80.24334,8.06692],[80.24361,8.06725],[80.24365,8.06744],[80.24405,8.06745],[80.24418,8.0674],[80.24419,8.06722],[80.2441,8.06707],[80.24402,8.06676],[80.24407,8.0663],[80.24403,8.06612],[80.24417,8.0661],[80.24412,8.06584],[80.24433,8.06563],[80.24447,8.06536],[80.2436,8.065],[80.24354,8.06517],[80.24343,8.06512],[80.24329,8.06525],[80.24321,8.06526],[80.24319,8.06543],[80.2431,8.06544],[80.24296,8.06556],[80.2428,8.06555],[80.24274,8.06568],[80.24192,8.06604]]]}},{"type":"Feature","properties":{"c":"farmland"},"geometry":{"type":"Polygon","coordinates":[[[80.24247,8.06579],[80.24274,8.06568],[80.2428,8.06555],[80.24296,8.06556],[80.2431,8.06544],[80.24319,8.06543],[80.24321,8.06526],[80.24266,8.06517],[80.24247,8.06579]]]}},{"type":"Feature","properties":{"c":"scrub"},"geometry":{"type":"Polygon","coordinates":[[[80.24284,8.0652],[80.24329,8.06525],[80.24343,8.06512],[80.24354,8.06517],[80.2436,8.065],[80.24297,8.06497],[80.24284,8.0652]]]}},{"type":"Feature","properties":{"c":"scrub"},"geometry":{"type":"Polygon","coordinates":[[[80.24211,8.06745],[80.24219,8.0677],[80.24239,8.06772],[80.24257,8.06795],[80.24218,8.06863],[80.24256,8.06879],[80.24276,8.069],[80.2428,8.0687],[80.24354,8.0688],[80.24362,8.06872],[80.24375,8.06872],[80.24381,8.06856],[80.24374,8.06855],[80.24372,8.0684],[80.24354,8.06824],[80.24346,8.06809],[80.24363,8.06785],[80.24371,8.06784],[80.24391,8.06798],[80.24423,8.0678],[80.24418,8.06773],[80.2443,8.06767],[80.24425,8.06759],[80.24414,8.06761],[80.24405,8.06745],[80.24365,8.06744],[80.24361,8.06725],[80.24334,8.06692],[80.24335,8.06675],[80.24348,8.06655],[80.24341,8.06648],[80.24326,8.06656],[80.2431,8.06678],[80.24277,8.06679],[80.24266,8.06692],[80.24267,8.06703],[80.24253,8.06717],[80.24232,8.06728],[80.24216,8.06726],[80.24211,8.06745]]]}},{"type":"Feature","properties":{"c":"farmland"},"geometry":{"type":"Polygon","coordinates":[[[80.24402,8.06662],[80.24405,8.06693],[80.24419,8.06722],[80.24418,8.0674],[80.24405,8.06745],[80.24414,8.06761],[80.24425,8.06759],[80.2443,8.06767],[80.24418,8.06773],[80.24423,8.0678],[80.24437,8.06775],[80.24447,8.06783],[80.24438,8.06795],[80.24462,8.06829],[80.2449,8.06854],[80.24493,8.06835],[80.24502,8.06818],[80.24517,8.06811],[80.24557,8.06811],[80.24572,8.06794],[80.24595,8.06815],[80.24613,8.068],[80.24614,8.06789],[80.24631,8.06774],[80.24626,8.06763],[80.24635,8.06755],[80.24648,8.06756],[80.24661,8.06742],[80.24686,8.06742],[80.24706,8.06754],[80.24742,8.06745],[80.24743,8.06729],[80.24736,8.06727],[80.24736,8.06716],[80.24722,8.06716],[80.24726,8.06708],[80.24748,8.06699],[80.24794,8.06692],[80.24796,8.06699],[80.24805,8.06697],[80.24837,8.0668],[80.24857,8.06676],[80.24851,8.06657],[80.24842,8.06655],[80.24834,8.06641],[80.24819,8.06642],[80.24818,8.06636],[80.24826,8.06629],[80.24822,8.06602],[80.24813,8.06604],[80.24781,8.06478],[80.24762,8.0648],[80.24683,8.06505],[80.24586,8.06499],[80.24585,8.06549],[80.24507,8.06566],[80.24457,8.06583],[80.24426,8.06597],[80.24428,8.06609],[80.24403,8.06612],[80.24407,8.0663],[80.24402,8.06662]]]}},{"type":"Feature","properties":{"c":"meadow"},"geometry":{"type":"Polygon","coordinates":[[[80.24412,8.06584],[80.24417,8.0661],[80.24428,8.06609],[80.24426,8.06597],[80.24457,8.06583],[80.24507,8.06566],[80.24585,8.06549],[80.24586,8.06499],[80.24479,8.06488],[80.24463,8.065],[80.24433,8.06563],[80.24412,8.06584]]]}},{"type":"Feature","properties":{"c":"forest"},"geometry":{"type":"Polygon","coordinates":[[[80.24397,8.0625],[80.2442,8.06264],[80.24423,8.0628],[80.24482,8.06291],[80.24489,8.06282],[80.24499,8.0628],[80.2451,8.06288],[80.24524,8.06301],[80.24527,8.06315],[80.24521,8.06322],[80.2451,8.0632],[80.24486,8.06366],[80.24507,8.06378],[80.2452,8.06399],[80.24532,8.06407],[80.24544,8.06409],[80.24559,8.06403],[80.24565,8.06392],[80.24546,8.06392],[80.24539,8.06377],[80.2456,8.06363],[80.24556,8.06345],[80.24561,8.0633],[80.24585,8.06327],[80.24595,8.06331],[80.246,8.06268],[80.24568,8.06266],[80.24418,8.06216],[80.24418,8.06184],[80.24413,8.06184],[80.24403,8.06204],[80.24398,8.06203],[80.24397,8.0625]]]}},{"type":"Feature","properties":{"c":"forest"},"geometry":{"type":"Polygon","coordinates":[[[80.24354,8.06161],[80.24355,8.0619],[80.24392,8.06195],[80.24391,8.06182],[80.24398,8.06172],[80.2441,8.06173],[80.24413,8.06184],[80.24418,8.06184],[80.2442,8.06073],[80.24404,8.06067],[80.2437,8.06078],[80.2438,8.06111],[80.24367,8.06119],[80.24354,8.06161]]]}},{"type":"Feature","properties":{"c":"forest"},"geometry":{"type":"Polygon","coordinates":[[[80.24695,8.06339],[80.24713,8.06397],[80.24804,8.0638],[80.24795,8.06322],[80.24695,8.06339]]]}},{"type":"Feature","properties":{"c":"scrub"},"geometry":{"type":"Polygon","coordinates":[[[80.24664,8.06266],[80.24675,8.0633],[80.2468,8.06426],[80.24677,8.06483],[80.24665,8.06505],[80.24698,8.06502],[80.24762,8.0648],[80.24781,8.06478],[80.24826,8.0646],[80.24815,8.06432],[80.24798,8.06444],[80.24718,8.06449],[80.24713,8.06397],[80.24695,8.06339],[80.24686,8.06338],[80.24677,8.06265],[80.24664,8.06266]]]}},{"type":"Feature","properties":{"c":"forest"},"geometry":{"type":"Polygon","coordinates":[[[80.24713,8.06397],[80.24718,8.06449],[80.24736,8.0645],[80.24733,8.0643],[80.24739,8.064],[80.24755,8.06389],[80.24713,8.06397]]]}},{"type":"Feature","properties":{"c":"meadow"},"geometry":{"type":"Polygon","coordinates":[[[80.24733,8.0643],[80.24736,8.0645],[80.24798,8.06444],[80.24815,8.06432],[80.24817,8.06436],[80.24848,8.06422],[80.24861,8.06412],[80.24859,8.06403],[80.24913,8.06385],[80.24914,8.06366],[80.24905,8.06339],[80.24885,8.06332],[80.24853,8.06347],[80.24846,8.06336],[80.24844,8.06314],[80.24795,8.06322],[80.24804,8.0638],[80.24755,8.06389],[80.24739,8.064],[80.24733,8.0643]]]}},{"type":"Feature","properties":{"c":"forest"},"geometry":{"type":"Polygon","coordinates":[[[80.2483,8.06238],[80.24849,8.06344],[80.24861,8.06345],[80.24885,8.06332],[80.24905,8.06339],[80.24914,8.06366],[80.24913,8.06385],[80.24947,8.06401],[80.24964,8.06432],[80.24983,8.06402],[80.24977,8.06369],[80.2498,8.06361],[80.25021,8.06369],[80.25046,8.06408],[80.25158,8.06361],[80.25094,8.0624],[80.24954,8.06286],[80.24935,8.06222],[80.2483,8.06238]]]}},{"type":"Feature","properties":{"c":"scrub"},"geometry":{"type":"Polygon","coordinates":[[[80.24727,8.06256],[80.24733,8.06292],[80.24787,8.06283],[80.24795,8.06322],[80.24844,8.06314],[80.2483,8.06238],[80.24727,8.06256]]]}},{"type":"Feature","properties":{"c":"scrub"},"geometry":{"type":"Polygon","coordinates":[[[80.25013,8.0618],[80.25019,8.06209],[80.25126,8.06187],[80.25121,8.06165],[80.25013,8.0618]]]}},{"type":"Feature","properties":{"c":"meadow"},"geometry":{"type":"Polygon","coordinates":[[[80.25073,8.06092],[80.25086,8.06171],[80.25121,8.06165],[80.25126,8.06187],[80.25184,8.06176],[80.2516,8.06063],[80.25073,8.06092]]]}},{"type":"Feature","properties":{"c":"scrub"},"geometry":{"type":"Polygon","coordinates":[[[80.25405,8.06015],[80.2541,8.06036],[80.25465,8.06047],[80.25465,8.06064],[80.25498,8.06078],[80.25497,8.06091],[80.25518,8.06099],[80.25518,8.06131],[80.25542,8.06135],[80.25539,8.06151],[80.25508,8.0615],[80.25498,8.06194],[80.25542,8.06203],[80.25555,8.06126],[80.25569,8.06113],[80.25668,8.06091],[80.25654,8.06081],[80.25576,8.06085],[80.25565,8.06064],[80.25513,8.06047],[80.2546,8.06023],[80.25449,8.05991],[80.25405,8.06015]]]}},{"type":"Feature","properties":{"c":"scrub"},"geometry":{"type":"Polygon","coordinates":[[[80.24781,8.06478],[80.24792,8.0652],[80.24843,8.06503],[80.24854,8.06539],[80.24878,8.06542],[80.24897,8.0656],[80.24914,8.06544],[80.24895,8.06517],[80.24929,8.0649],[80.24931,8.06476],[80.24966,8.06447],[80.24964,8.06432],[80.24947,8.06401],[80.24913,8.06385],[80.24859,8.06403],[80.24861,8.06412],[80.24817,8.06436],[80.24826,8.0646],[80.24781,8.06478]]]}},{"type":"Feature","properties":{"c":"meadow"},"geometry":{"type":"Polygon","coordinates":[[[80.24792,8.0652],[80.24807,8.06579],[80.24837,8.06571],[80.24832,8.06554],[80.24854,8.06539],[80.24843,8.06503],[80.24792,8.0652]]]}},{"type":"Feature","properties":{"c":"scrub"},"geometry":{"type":"Polygon","coordinates":[[[80.24964,8.06432],[80.24966,8.06447],[80.25046,8.06408],[80.25021,8.06369],[80.2498,8.06361],[80.24977,8.06369],[80.24983,8.06402],[80.24964,8.06432]]]}},{"type":"Feature","properties":{"c":"forest"},"geometry":{"type":"Polygon","coordinates":[[[80.24984,8.06538],[80.25016,8.06597],[80.2505,8.06585],[80.25065,8.06612],[80.25059,8.0663],[80.25093,8.0664],[80.25133,8.06633],[80.25083,8.06552],[80.25086,8.06545],[80.2506,8.06495],[80.24984,8.06538]]]}},{"type":"Feature","properties":{"c":"meadow"},"geometry":{"type":"Polygon","coordinates":[[[80.24948,8.06671],[80.25004,8.06681],[80.25018,8.06619],[80.24976,8.06605],[80.24969,8.06632],[80.24954,8.06629],[80.24948,8.06671]]]}},{"type":"Feature","properties":{"c":"farmland"},"geometry":{"type":"Polygon","coordinates":[[[80.25058,8.0672],[80.25089,8.0673],[80.25092,8.06739],[80.25121,8.06744],[80.25123,8.06733],[80.25112,8.0673],[80.25113,8.06711],[80.25119,8.0671],[80.25119,8.06702],[80.25095,8.06698],[80.25062,8.06708],[80.25058,8.0672]]]}},{"type":"Feature","properties":{"c":"scrub"},"geometry":{"type":"Polygon","coordinates":[[[80.24557,8.06811],[80.24589,8.0683],[80.24674,8.06751],[80.24706,8.06754],[80.24686,8.06742],[80.24661,8.06742],[80.24648,8.06756],[80.24635,8.06755],[80.24626,8.06763],[80.24631,8.06774],[80.24614,8.06789],[80.24613,8.068],[80.24595,8.06815],[80.24572,8.06794],[80.24557,8.06811]]]}},{"type":"Feature","properties":{"c":"scrub"},"geometry":{"type":"Polygon","coordinates":[[[80.24662,8.0692],[80.24703,8.06931],[80.24712,8.06919],[80.24716,8.06885],[80.24707,8.06873],[80.24703,8.06836],[80.24737,8.06746],[80.24691,8.06758],[80.24667,8.06805],[80.24666,8.06825],[80.24683,8.06846],[80.24689,8.06865],[80.24684,8.06897],[80.24669,8.0692],[80.24662,8.0692]]]}},{"type":"Feature","properties":{"c":"farmland"},"geometry":{"type":"Polygon","coordinates":[[[80.24789,8.06711],[80.24793,8.06752],[80.24835,8.06769],[80.24877,8.0676],[80.24858,8.06697],[80.24789,8.06711]]]}},{"type":"Feature","properties":{"c":"meadow"},"geometry":{"type":"Polygon","coordinates":[[[80.24742,8.06745],[80.24752,8.06752],[80.24793,8.06752],[80.24789,8.06711],[80.24774,8.06706],[80.24747,8.06711],[80.24742,8.06745]]]}},{"type":"Feature","properties":{"c":"scrub"},"geometry":{"type":"Polygon","coordinates":[[[80.24722,8.06716],[80.24736,8.06716],[80.24736,8.06727],[80.24743,8.06729],[80.24747,8.06711],[80.24774,8.06706],[80.24789,8.06711],[80.24858,8.06697],[80.24872,8.06744],[80.24897,8.0674],[80.24903,8.06767],[80.24917,8.06778],[80.24935,8.06777],[80.24993,8.06764],[80.24994,8.06729],[80.25004,8.06681],[80.24975,8.06676],[80.24962,8.06738],[80.24937,8.06743],[80.24931,8.06714],[80.24891,8.06722],[80.24873,8.0666],[80.24851,8.06657],[80.24857,8.06676],[80.24837,8.0668],[80.24796,8.06699],[80.24794,8.06692],[80.24748,8.06699],[80.24726,8.06708],[80.24722,8.06716]]]}},{"type":"Feature","properties":{"c":"forest"},"geometry":{"type":"Polygon","coordinates":[[[80.24558,8.07037],[80.24564,8.0705],[80.24568,8.07082],[80.24598,8.07196],[80.24606,8.07204],[80.2462,8.07232],[80.24639,8.07244],[80.24641,8.07238],[80.24653,8.07236],[80.24705,8.0724],[80.24725,8.07227],[80.24734,8.07212],[80.24731,8.07197],[80.24702,8.07184],[80.24695,8.07175],[80.24691,8.07164],[80.24696,8.07148],[80.24704,8.07139],[80.248,8.07133],[80.24818,8.07114],[80.2486,8.07114],[80.24894,8.07122],[80.249,8.07132],[80.24903,8.07162],[80.24908,8.07169],[80.24937,8.07169],[80.24944,8.0718],[80.24941,8.07196],[80.24966,8.072],[80.24963,8.07185],[80.24968,8.07177],[80.2498,8.07177],[80.24983,8.07185],[80.24997,8.0719],[80.25018,8.07187],[80.25011,8.07137],[80.25006,8.07144],[80.24975,8.07139],[80.24975,8.07131],[80.24986,8.07125],[80.25002,8.07125],[80.25074,8.07003],[80.25064,8.06977],[80.25044,8.06872],[80.25035,8.0687],[80.25016,8.06839],[80.24974,8.06866],[80.24977,8.06874],[80.24973,8.06881],[80.2494,8.06881],[80.24933,8.06869],[80.24917,8.06778],[80.24903,8.06767],[80.24897,8.0674],[80.24872,8.06744],[80.24877,8.0676],[80.24835,8.06769],[80.24793,8.06752],[80.24752,8.06752],[80.24742,8.06745],[80.24737,8.06746],[80.24727,8.06765],[80.24703,8.06836],[80.24707,8.06873],[80.24716,8.06885],[80.24716,8.06902],[80.24712,8.06919],[80.24703,8.06931],[80.24662,8.0692],[80.24628,8.06885],[80.24566,8.0687],[80.2456,8.06874],[80.24558,8.07037]]]}},{"type":"Feature","properties":{"c":"forest"},"geometry":{"type":"Polygon","coordinates":[[[80.25044,8.06872],[80.25064,8.06977],[80.25081,8.06976],[80.25099,8.0698],[80.25121,8.06973],[80.25128,8.06956],[80.25124,8.06932],[80.25146,8.06925],[80.25176,8.06927],[80.2519,8.06921],[80.2519,8.06856],[80.25206,8.06843],[80.25201,8.06834],[80.2521,8.06826],[80.2518,8.06772],[80.25177,8.06775],[80.25197,8.06812],[80.25195,8.06817],[80.25189,8.06817],[80.25169,8.06789],[80.25142,8.06774],[80.25146,8.06758],[80.25115,8.06743],[80.25112,8.06754],[80.25102,8.0676],[80.25101,8.06769],[80.25096,8.06772],[80.25056,8.06768],[80.25056,8.06786],[80.25064,8.06803],[80.25108,8.06837],[80.25111,8.06844],[80.25153,8.06861],[80.25152,8.06868],[80.25146,8.06873],[80.25133,8.06872],[80.25113,8.06862],[80.25106,8.06852],[80.25069,8.06849],[80.25058,8.0685],[80.25044,8.06872]]]}},{"type":"Feature","properties":{"c":"forest"},"geometry":{"type":"Polygon","coordinates":[[[80.24917,8.06778],[80.24933,8.06858],[80.24945,8.06847],[80.24957,8.0685],[80.24974,8.06866],[80.25021,8.06835],[80.25036,8.06834],[80.25041,8.06825],[80.25033,8.06807],[80.25045,8.06794],[80.25049,8.06767],[80.2509,8.06769],[80.25081,8.06747],[80.25092,8.06741],[80.25089,8.0673],[80.25058,8.0672],[80.25062,8.06708],[80.25048,8.06707],[80.25044,8.06711],[80.25019,8.06706],[80.25015,8.06685],[80.25029,8.06622],[80.25018,8.06619],[80.24994,8.06729],[80.24993,8.06764],[80.24917,8.06778]]]}},{"type":"Feature","properties":{"c":"forest"},"geometry":{"type":"Polygon","coordinates":[[[80.25017,8.06675],[80.2505,8.06686],[80.25048,8.06707],[80.25062,8.06708],[80.25095,8.06698],[80.25119,8.06702],[80.25119,8.0671],[80.25113,8.06711],[80.25112,8.0673],[80.25123,8.06733],[80.25121,8.06744],[80.2517,8.06767],[80.25177,8.06775],[80.25202,8.06744],[80.25201,8.06735],[80.2518,8.06724],[80.25159,8.06697],[80.25128,8.06684],[80.25118,8.06638],[80.25093,8.0664],[80.25059,8.0663],[80.2505,8.06659],[80.25022,8.06653],[80.25017,8.06675]]]}},{"type":"Feature","properties":{"c":"farmland"},"geometry":{"type":"Polygon","coordinates":[[[80.25064,8.06977],[80.25071,8.06994],[80.25143,8.07036],[80.25144,8.0706],[80.25208,8.07077],[80.2522,8.07088],[80.25233,8.07086],[80.25233,8.07078],[80.25246,8.07078],[80.25252,8.0705],[80.25261,8.07049],[80.25269,8.07041],[80.25269,8.07026],[80.2526,8.07024],[80.25262,8.07008],[80.25272,8.07005],[80.25287,8.06975],[80.25293,8.06937],[80.25252,8.06916],[80.2525,8.06927],[80.25236,8.06935],[80.25223,8.06924],[80.25205,8.06939],[80.25214,8.06959],[80.25201,8.06962],[80.25198,8.06944],[80.25177,8.06951],[80.25179,8.0701],[80.25197,8.0701],[80.25198,8.07017],[80.25188,8.07025],[80.25167,8.07018],[80.25161,8.07024],[80.2515,8.06996],[80.25155,8.06978],[80.25149,8.06949],[80.25127,8.06951],[80.25121,8.06973],[80.25099,8.0698],[80.25081,8.06976],[80.25064,8.06977]]]}},{"type":"Feature","properties":{"c":"scrub"},"geometry":{"type":"Polygon","coordinates":[[[80.2515,8.06996],[80.25161,8.07024],[80.25167,8.07018],[80.25188,8.07025],[80.25198,8.07017],[80.25197,8.0701],[80.25163,8.07007],[80.25155,8.06978],[80.2515,8.06996]]]}},{"type":"Feature","properties":{"c":"farmland"},"geometry":{"type":"Polygon","coordinates":[[[80.2518,8.06772],[80.25206,8.06816],[80.2521,8.06826],[80.25201,8.06834],[80.25206,8.06843],[80.25218,8.06836],[80.25222,8.06822],[80.25241,8.06812],[80.25226,8.06787],[80.2521,8.06777],[80.25202,8.06765],[80.2519,8.06758],[80.2518,8.06772]]]}},{"type":"Feature","properties":{"c":"farmland"},"geometry":{"type":"Polygon","coordinates":[[[80.25226,8.06787],[80.25238,8.06808],[80.25254,8.06805],[80.25262,8.06809],[80.25271,8.06867],[80.25309,8.06865],[80.25302,8.06837],[80.25305,8.06781],[80.25244,8.06779],[80.25226,8.06787]]]}},{"type":"Feature","properties":{"c":"scrub"},"geometry":{"type":"Polygon","coordinates":[[[80.25124,8.06932],[80.25127,8.06951],[80.25149,8.06949],[80.25153,8.06961],[80.25198,8.06944],[80.25201,8.06962],[80.25214,8.06959],[80.25205,8.06939],[80.25223,8.06924],[80.25236,8.06935],[80.2525,8.06927],[80.25252,8.06916],[80.25284,8.06932],[80.25287,8.06922],[80.25282,8.06909],[80.25269,8.06894],[80.25275,8.06882],[80.2529,8.06887],[80.25318,8.06876],[80.25309,8.06865],[80.25271,8.06867],[80.25262,8.06809],[80.25254,8.06805],[80.25238,8.06808],[80.25241,8.06812],[80.25236,8.06817],[80.25222,8.06822],[80.25218,8.06836],[80.2519,8.06856],[80.2519,8.06921],[80.25176,8.06927],[80.25146,8.06925],[80.25124,8.06932]]]}},{"type":"Feature","properties":{"c":"farmland"},"geometry":{"type":"Polygon","coordinates":[[[80.25269,8.06894],[80.25282,8.06909],[80.25287,8.06922],[80.25284,8.06932],[80.25293,8.06937],[80.25287,8.06975],[80.25319,8.06987],[80.25324,8.06964],[80.25318,8.06953],[80.25322,8.06942],[80.25332,8.06945],[80.25343,8.06906],[80.25347,8.06907],[80.25366,8.06869],[80.2536,8.06834],[80.25303,8.06844],[80.25309,8.06865],[80.25318,8.06876],[80.2529,8.06887],[80.25275,8.06882],[80.25269,8.06894]]]}},{"type":"Feature","properties":{"c":"scrub"},"geometry":{"type":"Polygon","coordinates":[[[80.25283,8.06983],[80.25316,8.06998],[80.2533,8.07009],[80.2534,8.06998],[80.25332,8.06969],[80.25334,8.06957],[80.2535,8.06911],[80.25368,8.06887],[80.25366,8.06869],[80.25347,8.06907],[80.25343,8.06906],[80.25332,8.06945],[80.25322,8.06942],[80.25318,8.06953],[80.25324,8.06964],[80.25319,8.06987],[80.25287,8.06975],[80.25283,8.06983]]]}},{"type":"Feature","properties":{"c":"scrub"},"geometry":{"type":"Polygon","coordinates":[[[80.2526,8.07024],[80.25269,8.07026],[80.25274,8.07015],[80.25272,8.07005],[80.25262,8.07008],[80.2526,8.07024]]]}},{"type":"Feature","properties":{"c":"farmland"},"geometry":{"type":"Polygon","coordinates":[[[80.25241,8.07093],[80.25275,8.07118],[80.25303,8.0713],[80.25307,8.07117],[80.25333,8.07113],[80.25326,8.07085],[80.25329,8.07079],[80.25314,8.07076],[80.2533,8.07009],[80.25316,8.06998],[80.25283,8.06983],[80.25272,8.07005],[80.25269,8.07041],[80.25261,8.07049],[80.25252,8.0705],[80.25241,8.07093]]]}},{"type":"Feature","properties":{"c":"scrub"},"geometry":{"type":"Polygon","coordinates":[[[80.25303,8.0713],[80.25323,8.07138],[80.25367,8.07133],[80.25372,8.07099],[80.25363,8.07079],[80.25329,8.07079],[80.25326,8.07085],[80.25333,8.07113],[80.25307,8.07117],[80.25303,8.0713]]]}},{"type":"Feature","properties":{"c":"meadow"},"geometry":{"type":"Polygon","coordinates":[[[80.2507,8.06515],[80.25086,8.06545],[80.25083,8.06552],[80.25133,8.06633],[80.25161,8.06627],[80.25168,8.06674],[80.25159,8.06682],[80.25159,8.06697],[80.2518,8.06724],[80.25201,8.06735],[80.25202,8.06744],[80.2519,8.06758],[80.25226,8.06787],[80.25244,8.06779],[80.25243,8.0675],[80.25251,8.06732],[80.25288,8.06731],[80.25307,8.06701],[80.25274,8.06657],[80.25241,8.06638],[80.25235,8.06621],[80.25234,8.0661],[80.2524,8.06605],[80.25268,8.06597],[80.25267,8.06585],[80.25279,8.06534],[80.25207,8.06547],[80.25225,8.06594],[80.25224,8.066],[80.25218,8.06602],[80.25209,8.06586],[80.2519,8.06588],[80.25144,8.06525],[80.25129,8.0653],[80.25124,8.0654],[80.25118,8.06542],[80.25106,8.06513],[80.25099,8.06514],[80.25089,8.06507],[80.2507,8.06515]]]}},{"type":"Feature","properties":{"c":"scrub"},"geometry":{"type":"Polygon","coordinates":[[[80.25118,8.06638],[80.25128,8.06684],[80.25159,8.06697],[80.25159,8.06682],[80.25168,8.06674],[80.25165,8.06649],[80.25137,8.06655],[80.25129,8.06634],[80.25118,8.06638]]]}},{"type":"Feature","properties":{"c":"scrub"},"geometry":{"type":"Polygon","coordinates":[[[80.25194,8.06495],[80.25202,8.06515],[80.25197,8.06528],[80.25207,8.06547],[80.25267,8.06537],[80.25248,8.0649],[80.25231,8.06485],[80.25194,8.06495]]]}},{"type":"Feature","properties":{"c":"forest"},"geometry":{"type":"Polygon","coordinates":[[[80.2506,8.06495],[80.2507,8.06515],[80.25089,8.06507],[80.25099,8.06514],[80.25106,8.06513],[80.25118,8.06542],[80.25124,8.0654],[80.25129,8.0653],[80.25144,8.06525],[80.2519,8.06588],[80.25209,8.06586],[80.25218,8.06602],[80.25224,8.066],[80.25225,8.06594],[80.25197,8.06528],[80.25202,8.06515],[80.25194,8.06495],[80.25231,8.06485],[80.25248,8.0649],[80.25267,8.06537],[80.25415,8.0653],[80.25426,8.06517],[80.25423,8.06469],[80.25414,8.06471],[80.25409,8.06442],[80.25365,8.0644],[80.25365,8.06405],[80.25418,8.06393],[80.25417,8.06332],[80.25386,8.06337],[80.25269,8.06394],[80.25247,8.06346],[80.25205,8.06375],[80.25228,8.06414],[80.2506,8.06495]]]}},{"type":"Feature","properties":{"c":"forest"},"geometry":{"type":"Polygon","coordinates":[[[80.25101,8.06252],[80.25158,8.06361],[80.25197,8.06341],[80.25182,8.06306],[80.25338,8.06236],[80.25332,8.0622],[80.25312,8.0621],[80.25223,8.06227],[80.2513,8.06253],[80.25124,8.06242],[80.25101,8.06252]]]}},{"type":"Feature","properties":{"c":"scrub"},"geometry":{"type":"Polygon","coordinates":[[[80.25365,8.06405],[80.25365,8.0644],[80.25409,8.06442],[80.25414,8.06471],[80.25423,8.06469],[80.25418,8.06393],[80.25365,8.06405]]]}},{"type":"Feature","properties":{"c":"scrub"},"geometry":{"type":"Polygon","coordinates":[[[80.25239,8.06628],[80.25241,8.06638],[80.25274,8.06657],[80.25303,8.06698],[80.25318,8.06707],[80.25342,8.06643],[80.25334,8.06532],[80.25279,8.06534],[80.25267,8.06585],[80.25268,8.06597],[80.25278,8.06601],[80.25286,8.06619],[80.2527,8.06631],[80.25264,8.06641],[80.25239,8.06628]]]}},{"type":"Feature","properties":{"c":"scrub"},"geometry":{"type":"Polygon","coordinates":[[[80.25242,8.06762],[80.25244,8.06779],[80.25305,8.06781],[80.25303,8.06844],[80.2536,8.06834],[80.25368,8.06887],[80.25389,8.06866],[80.25455,8.0684],[80.25471,8.06841],[80.25485,8.06801],[80.2542,8.06782],[80.2538,8.06782],[80.25308,8.06755],[80.25303,8.06745],[80.25318,8.06707],[80.25307,8.06701],[80.25288,8.06731],[80.25251,8.06732],[80.25242,8.06762]]]}},{"type":"Feature","properties":{"c":"farmland"},"geometry":{"type":"Polygon","coordinates":[[[80.25097,8.07469],[80.25129,8.075],[80.25147,8.07494],[80.25136,8.07451],[80.25157,8.07445],[80.25161,8.0745],[80.25206,8.07452],[80.25212,8.0744],[80.25199,8.07431],[80.25207,8.07406],[80.25194,8.07404],[80.25189,8.0742],[80.25163,8.07429],[80.25158,8.07419],[80.25133,8.07437],[80.25115,8.0744],[80.25097,8.07469]]]}},{"type":"Feature","properties":{"c":"farmland"},"geometry":{"type":"Polygon","coordinates":[[[80.25134,8.07526],[80.25153,8.07572],[80.25166,8.07575],[80.25175,8.07572],[80.25169,8.07551],[80.25178,8.07546],[80.25183,8.07559],[80.25189,8.07555],[80.25187,8.07545],[80.25214,8.07539],[80.25217,8.07553],[80.25191,8.07558],[80.25193,8.07585],[80.25166,8.07609],[80.2517,8.07623],[80.2518,8.07623],[80.25182,8.07643],[80.25203,8.07639],[80.25255,8.07649],[80.25258,8.0758],[80.25298,8.07568],[80.25326,8.07577],[80.25349,8.07577],[80.25341,8.07517],[80.25332,8.07514],[80.25325,8.07525],[80.25311,8.07523],[80.25343,8.07453],[80.25341,8.07447],[80.25354,8.0743],[80.25361,8.07406],[80.25338,8.07404],[80.25331,8.07413],[80.25307,8.07408],[80.25288,8.07393],[80.25264,8.07391],[80.25234,8.07392],[80.25221,8.07397],[80.25215,8.07407],[80.25207,8.07406],[80.25202,8.0742],[80.25238,8.07429],[80.2524,8.07443],[80.25258,8.0745],[80.25247,8.07477],[80.25221,8.07468],[80.25215,8.07482],[80.25238,8.07491],[80.25235,8.07499],[80.25208,8.07491],[80.25185,8.075],[80.25182,8.07493],[80.25154,8.07505],[80.25157,8.0752],[80.25153,8.07526],[80.25146,8.07529],[80.25145,8.07522],[80.25134,8.07526]]]}},{"type":"Feature","properties":{"c":"farmland"},"geometry":{"type":"Polygon","coordinates":[[[80.25348,8.0746],[80.25404,8.07468],[80.25411,8.07429],[80.25401,8.07426],[80.25401,8.07414],[80.25376,8.07414],[80.25368,8.07404],[80.25361,8.07406],[80.25354,8.0743],[80.25361,8.07434],[80.25348,8.0746]]]}},{"type":"Feature","properties":{"c":"scrub"},"geometry":{"type":"Polygon","coordinates":[[[80.25122,8.07519],[80.25139,8.07562],[80.25155,8.07643],[80.25182,8.07643],[80.2518,8.07623],[80.2517,8.07623],[80.25166,8.07609],[80.25193,8.07585],[80.25191,8.07558],[80.25217,8.07553],[80.25214,8.07539],[80.25187,8.07545],[80.25189,8.07555],[80.25183,8.07559],[80.25178,8.07546],[80.25169,8.07551],[80.25175,8.07572],[80.25166,8.07575],[80.25153,8.07572],[80.25134,8.07526],[80.25145,8.07522],[80.25146,8.07529],[80.25153,8.07526],[80.25157,8.0752],[80.25154,8.07505],[80.25182,8.07493],[80.25185,8.075],[80.25208,8.07491],[80.25235,8.07499],[80.25238,8.07491],[80.25215,8.07482],[80.25221,8.07468],[80.25247,8.07477],[80.25258,8.0745],[80.2524,8.07443],[80.25238,8.07429],[80.25202,8.0742],[80.25199,8.07431],[80.25212,8.0744],[80.25206,8.07452],[80.25161,8.0745],[80.25157,8.07445],[80.25136,8.07451],[80.25147,8.07494],[80.25129,8.075],[80.25135,8.07511],[80.25122,8.07519]]]}},{"type":"Feature","properties":{"c":"scrub"},"geometry":{"type":"Polygon","coordinates":[[[80.2471,8.0775],[80.24713,8.07757],[80.24735,8.07766],[80.24745,8.07765],[80.248,8.07741],[80.248,8.07731],[80.24782,8.07712],[80.24769,8.07709],[80.24745,8.0772],[80.24734,8.07746],[80.2471,8.0775]]]}},{"type":"Feature","properties":{"c":"scrub"},"geometry":{"type":"Polygon","coordinates":[[[80.24951,8.07642],[80.24914,8.07682],[80.24929,8.07679],[80.24944,8.07672],[80.24978,8.07677],[80.24974,8.07667],[80.2498,8.07647],[80.2496,8.07639],[80.24951,8.07642]]]}},{"type":"Feature","properties":{"c":"forest"},"geometry":{"type":"Polygon","coordinates":[[[80.24635,8.07518],[80.24668,8.07752],[80.24734,8.07746],[80.24745,8.0772],[80.24769,8.07709],[80.24782,8.07712],[80.248,8.07731],[80.248,8.07741],[80.24871,8.07745],[80.24871,8.07737],[80.24891,8.07728],[80.24903,8.07752],[80.24909,8.0779],[80.24941,8.07767],[80.24946,8.07758],[80.24956,8.07758],[80.24962,8.07762],[80.24978,8.07677],[80.24944,8.07672],[80.24929,8.07679],[80.24914,8.07682],[80.24914,8.07679],[80.24951,8.07642],[80.2496,8.07639],[80.2498,8.07647],[80.24993,8.07638],[80.25002,8.07583],[80.25015,8.07544],[80.25028,8.07522],[80.25047,8.075],[80.25074,8.07479],[80.25097,8.07469],[80.25115,8.0744],[80.24635,8.07518]]]}},{"type":"Feature","properties":{"c":"forest"},"geometry":{"type":"Polygon","coordinates":[[[80.24632,8.07497],[80.24635,8.07518],[80.25115,8.0744],[80.25133,8.07437],[80.25158,8.07419],[80.25163,8.07429],[80.25189,8.0742],[80.25194,8.07404],[80.25215,8.07407],[80.25221,8.07397],[80.25234,8.07392],[80.25288,8.07393],[80.25307,8.07408],[80.25331,8.07413],[80.25338,8.07404],[80.25368,8.07404],[80.25376,8.07414],[80.25385,8.07414],[80.25387,8.07395],[80.2538,8.07392],[80.25378,8.07385],[80.25387,8.07375],[80.25405,8.07381],[80.25478,8.07182],[80.25382,8.07144],[80.25367,8.07133],[80.25323,8.07138],[80.25275,8.07118],[80.25241,8.07093],[80.25246,8.07078],[80.25233,8.07078],[80.25233,8.07086],[80.2522,8.07088],[80.25208,8.07077],[80.25144,8.0706],[80.25143,8.07036],[80.25139,8.07031],[80.25093,8.0701],[80.25071,8.06994],[80.25074,8.07003],[80.25002,8.07125],[80.25011,8.07137],[80.25018,8.07187],[80.25023,8.07192],[80.2502,8.0721],[80.24991,8.07212],[80.24966,8.072],[80.24941,8.07196],[80.2489,8.0722],[80.24859,8.07259],[80.24862,8.07401],[80.24872,8.07413],[80.24878,8.07432],[80.24852,8.07454],[80.24798,8.07466],[80.24769,8.07442],[80.24692,8.07452],[80.2469,8.07471],[80.24678,8.07482],[80.24632,8.07497]]]}},{"type":"Feature","properties":{"c":"forest"},"geometry":{"type":"Polygon","coordinates":[[[80.25405,8.07381],[80.25406,8.07396],[80.25432,8.07417],[80.25441,8.07464],[80.2545,8.07482],[80.25469,8.07488],[80.25479,8.07514],[80.25521,8.07517],[80.25537,8.07514],[80.25564,8.07522],[80.2558,8.07512],[80.25581,8.07504],[80.25624,8.07482],[80.25647,8.07459],[80.25659,8.07441],[80.25637,8.07411],[80.25612,8.0741],[80.25604,8.07394],[80.25609,8.0738],[80.25563,8.07373],[80.25562,8.07382],[80.25536,8.07407],[80.25502,8.07398],[80.2549,8.07383],[80.255,8.07353],[80.25524,8.07316],[80.25531,8.07312],[80.25539,8.07317],[80.25603,8.07275],[80.25563,8.07216],[80.2553,8.07205],[80.25524,8.07225],[80.25514,8.07226],[80.25506,8.0722],[80.25509,8.07195],[80.25478,8.07182],[80.25405,8.07381]]]}},{"type":"Feature","properties":{"c":"forest"},"geometry":{"type":"Polygon","coordinates":[[[80.25539,8.07317],[80.25563,8.07373],[80.25609,8.0738],[80.25615,8.07376],[80.25584,8.07366],[80.25582,8.07359],[80.25585,8.07351],[80.25593,8.07353],[80.25598,8.07331],[80.25582,8.07297],[80.2559,8.07294],[80.25602,8.07298],[80.25616,8.07292],[80.25603,8.07275],[80.25539,8.07317]]]}},{"type":"Feature","properties":{"c":"forest"},"geometry":{"type":"Polygon","coordinates":[[[80.25598,8.07331],[80.25593,8.07365],[80.25643,8.07385],[80.25644,8.07393],[80.25637,8.07411],[80.25659,8.07441],[80.25672,8.07442],[80.2564,8.07336],[80.25631,8.07323],[80.25622,8.07321],[80.2562,8.07313],[80.25626,8.07301],[80.25616,8.07292],[80.25598,8.07302],[80.25602,8.07331],[80.25598,8.07331]]]}},{"type":"Feature","properties":{"c":"scrub"},"geometry":{"type":"Polygon","coordinates":[[[80.25378,8.07385],[80.2538,8.07392],[80.25387,8.07395],[80.25385,8.07414],[80.25401,8.07414],[80.25401,8.07426],[80.25411,8.07429],[80.25404,8.07468],[80.25409,8.07475],[80.25431,8.07488],[80.2545,8.07482],[80.25441,8.07464],[80.25432,8.07417],[80.25406,8.07396],[80.25405,8.07381],[80.25387,8.07375],[80.25378,8.07385]]]}},{"type":"Feature","properties":{"c":"scrub"},"geometry":{"type":"Polygon","coordinates":[[[80.25311,8.07523],[80.25325,8.07525],[80.25332,8.07514],[80.25341,8.07517],[80.2533,8.07501],[80.25331,8.0749],[80.25352,8.07463],[80.25348,8.0746],[80.25361,8.07434],[80.25354,8.0743],[80.25341,8.07447],[80.25343,8.07453],[80.25311,8.07523]]]}},{"type":"Feature","properties":{"c":"farmland"},"geometry":{"type":"Polygon","coordinates":[[[80.25408,8.07153],[80.25554,8.07211],[80.25576,8.07233],[80.25586,8.07227],[80.25613,8.07224],[80.25631,8.07267],[80.25643,8.07319],[80.25636,8.07328],[80.25671,8.07437],[80.25674,8.07467],[80.25683,8.07467],[80.2568,8.07525],[80.25687,8.07548],[80.25694,8.07546],[80.25696,8.07558],[80.25763,8.07532],[80.25759,8.07524],[80.25774,8.07517],[80.25775,8.07521],[80.25818,8.07509],[80.25816,8.07502],[80.25824,8.075],[80.25828,8.07506],[80.2589,8.075],[80.25889,8.07486],[80.25882,8.07487],[80.25881,8.07477],[80.25886,8.07475],[80.25881,8.07459],[80.25891,8.07458],[80.25886,8.07441],[80.25867,8.07415],[80.25885,8.07406],[80.2592,8.07397],[80.25923,8.07406],[80.25951,8.07402],[80.2595,8.07384],[80.25944,8.07385],[80.25919,8.07364],[80.259,8.07323],[80.25881,8.07327],[80.25881,8.07336],[80.25859,8.07338],[80.25823,8.07352],[80.25812,8.07335],[80.25805,8.07338],[80.25799,8.07311],[80.258,8.07278],[80.2576,8.07275],[80.25762,8.0732],[80.25773,8.07345],[80.25765,8.07348],[80.25758,8.07336],[80.25744,8.07337],[80.25739,8.07305],[80.25746,8.07304],[80.25745,8.0728],[80.25731,8.07273],[80.25745,8.07233],[80.25737,8.0723],[80.2575,8.07164],[80.25745,8.07159],[80.2575,8.07147],[80.25757,8.07146],[80.25775,8.07156],[80.2577,8.07169],[80.25796,8.07176],[80.25797,8.07168],[80.25811,8.07163],[80.2581,8.07121],[80.25816,8.07091],[80.2581,8.07062],[80.25815,8.07058],[80.258,8.07024],[80.25807,8.07019],[80.25795,8.06995],[80.25799,8.06984],[80.25789,8.06979],[80.25803,8.06957],[80.25803,8.0694],[80.25766,8.06939],[80.25751,8.06965],[80.25745,8.06968],[80.25719,8.0696],[80.25721,8.06941],[80.25713,8.0694],[80.257,8.06964],[80.25687,8.06969],[80.25682,8.06983],[80.25673,8.06985],[80.25661,8.06981],[80.25657,8.06964],[80.25646,8.06958],[80.25649,8.06952],[80.25622,8.06944],[80.25607,8.06949],[80.25558,8.06937],[80.25563,8.06924],[80.25558,8.06911],[80.2554,8.06901],[80.25522,8.06901],[80.25519,8.06895],[80.25502,8.06898],[80.25497,8.06891],[80.25501,8.06871],[80.25491,8.06869],[80.25485,8.06898],[80.25497,8.06909],[80.25496,8.06914],[80.25482,8.06915],[80.25469,8.06959],[80.25459,8.07026],[80.25408,8.07153]]]}},{"type":"Feature","properties":{"c":"scrub"},"geometry":{"type":"Polygon","coordinates":[[[80.2539,8.07146],[80.25408,8.07153],[80.25459,8.07026],[80.25469,8.06959],[80.25482,8.06915],[80.25496,8.06914],[80.25497,8.06909],[80.25485,8.06898],[80.25487,8.06883],[80.25491,8.06869],[80.25501,8.06871],[80.25502,8.06855],[80.25471,8.06841],[80.25471,8.06885],[80.25444,8.07027],[80.2539,8.07146]]]}},{"type":"Feature","properties":{"c":"meadow"},"geometry":{"type":"Polygon","coordinates":[[[80.25509,8.07195],[80.25506,8.0722],[80.25524,8.07225],[80.2553,8.07205],[80.25509,8.07195]]]}},{"type":"Feature","properties":{"c":"scrub"},"geometry":{"type":"Polygon","coordinates":[[[80.25603,8.07225],[80.25619,8.07262],[80.25637,8.07318],[80.25642,8.07315],[80.25631,8.07267],[80.25613,8.07224],[80.25603,8.07225]]]}},{"type":"Feature","properties":{"c":"meadow"},"geometry":{"type":"Polygon","coordinates":[[[80.25576,8.07233],[80.25603,8.07275],[80.25625,8.07296],[80.25622,8.07321],[80.25636,8.07328],[80.25642,8.07315],[80.25637,8.07318],[80.25603,8.07225],[80.25586,8.07227],[80.25576,8.07233]]]}},{"type":"Feature","properties":{"c":"forest"},"geometry":{"type":"Polygon","coordinates":[[[80.25623,8.07519],[80.25633,8.07535],[80.25638,8.07536],[80.25642,8.0755],[80.25649,8.07553],[80.25648,8.07573],[80.25655,8.07583],[80.25676,8.07587],[80.25686,8.07559],[80.25695,8.07554],[80.25694,8.07546],[80.25687,8.07548],[80.2568,8.07525],[80.25683,8.07467],[80.25674,8.07467],[80.25674,8.07477],[80.25654,8.07472],[80.25643,8.07474],[80.25629,8.07504],[80.25623,8.07506],[80.25623,8.07519]]]}},{"type":"Feature","properties":{"c":"farmland"},"geometry":{"type":"Polygon","coordinates":[[[80.25493,8.07515],[80.25493,8.07535],[80.25518,8.07536],[80.25518,8.07529],[80.25539,8.0753],[80.25555,8.07546],[80.25564,8.07549],[80.2559,8.0755],[80.25591,8.0754],[80.25597,8.07538],[80.25607,8.07538],[80.2561,8.07547],[80.25642,8.0755],[80.25638,8.07536],[80.25633,8.07535],[80.25623,8.07519],[80.25623,8.07506],[80.25629,8.07504],[80.25643,8.07474],[80.25654,8.07472],[80.25674,8.07477],[80.25672,8.07442],[80.25659,8.07441],[80.25647,8.07459],[80.25624,8.07482],[80.25581,8.07504],[80.2558,8.07512],[80.25564,8.07522],[80.25537,8.07514],[80.25493,8.07515]]]}},{"type":"Feature","properties":{"c":"scrub"},"geometry":{"type":"Polygon","coordinates":[[[80.25492,8.07549],[80.25546,8.07553],[80.2555,8.07573],[80.25577,8.07565],[80.256,8.07574],[80.25605,8.07585],[80.25635,8.0759],[80.25637,8.07605],[80.25646,8.07604],[80.25646,8.07584],[80.25655,8.07583],[80.25648,8.07573],[80.25649,8.07553],[80.25623,8.07546],[80.2561,8.07547],[80.25607,8.07538],[80.25591,8.0754],[80.2559,8.0755],[80.25564,8.07549],[80.25555,8.07546],[80.25539,8.0753],[80.25518,8.07529],[80.25518,8.07536],[80.25493,8.07535],[80.25492,8.07549]]]}},{"type":"Feature","properties":{"c":"farmland"},"geometry":{"type":"Polygon","coordinates":[[[80.25479,8.07612],[80.25484,8.07635],[80.25504,8.07642],[80.2551,8.07635],[80.25549,8.07646],[80.25554,8.07625],[80.25562,8.07626],[80.25569,8.07668],[80.25576,8.07683],[80.25607,8.0771],[80.25613,8.07729],[80.25639,8.07724],[80.25652,8.07731],[80.25655,8.07737],[80.25661,8.07736],[80.25659,8.07692],[80.25649,8.07691],[80.25644,8.07681],[80.25644,8.07673],[80.25665,8.07671],[80.25669,8.07658],[80.25653,8.07646],[80.25653,8.07635],[80.2566,8.07635],[80.25656,8.07603],[80.25637,8.07605],[80.25635,8.0759],[80.25605,8.07585],[80.256,8.07574],[80.25577,8.07565],[80.2555,8.07573],[80.25546,8.07553],[80.25492,8.07549],[80.25491,8.07562],[80.25512,8.07564],[80.25512,8.07577],[80.25486,8.07577],[80.25479,8.07612]]]}},{"type":"Feature","properties":{"c":"farmland"},"geometry":{"type":"Polygon","coordinates":[[[80.25494,8.07664],[80.25504,8.07668],[80.25504,8.07689],[80.25537,8.07689],[80.25538,8.07679],[80.25554,8.07678],[80.25556,8.07662],[80.25498,8.07644],[80.25494,8.07664]]]}},{"type":"Feature","properties":{"c":"forest"},"geometry":{"type":"Polygon","coordinates":[[[80.25455,8.0767],[80.25466,8.07676],[80.25475,8.07663],[80.25494,8.07664],[80.25499,8.0764],[80.25484,8.07635],[80.25479,8.07612],[80.25486,8.07577],[80.25512,8.07577],[80.25512,8.07564],[80.25491,8.07562],[80.25493,8.07515],[80.25479,8.07514],[80.2547,8.07528],[80.25466,8.07632],[80.25463,8.07655],[80.25455,8.0767]]]}},{"type":"Feature","properties":{"c":"scrub"},"geometry":{"type":"Polygon","coordinates":[[[80.25498,8.07644],[80.25556,8.07662],[80.25554,8.07678],[80.25538,8.07679],[80.25537,8.07689],[80.25554,8.07689],[80.25551,8.07731],[80.25554,8.07743],[80.25569,8.07743],[80.25613,8.07729],[80.25607,8.0771],[80.25576,8.07683],[80.25569,8.07668],[80.25562,8.07626],[80.25554,8.07625],[80.25549,8.07646],[80.2551,8.07635],[80.25498,8.07644]]]}},{"type":"Feature","properties":{"c":"scrub"},"geometry":{"type":"Polygon","coordinates":[[[80.25466,8.07676],[80.25468,8.07705],[80.25481,8.07705],[80.25484,8.07693],[80.2549,8.07689],[80.25504,8.07689],[80.25504,8.07668],[80.25494,8.07664],[80.25475,8.07663],[80.25466,8.07676]]]}},{"type":"Feature","properties":{"c":"scrub"},"geometry":{"type":"Polygon","coordinates":[[[80.25255,8.07649],[80.25283,8.07665],[80.25313,8.07665],[80.25322,8.07671],[80.25367,8.0768],[80.2538,8.07691],[80.254,8.07698],[80.254,8.07692],[80.25391,8.07684],[80.25391,8.07679],[80.25405,8.07668],[80.25387,8.07645],[80.25379,8.07602],[80.25371,8.07586],[80.25358,8.07579],[80.25326,8.07577],[80.25298,8.07568],[80.25258,8.0758],[80.25255,8.07649]]]}},{"type":"Feature","properties":{"c":"forest"},"geometry":{"type":"Polygon","coordinates":[[[80.24668,8.07752],[80.24692,8.07918],[80.24689,8.08144],[80.24696,8.08152],[80.24752,8.08143],[80.24753,8.08136],[80.24773,8.08127],[80.24778,8.0814],[80.24887,8.08135],[80.24895,8.08114],[80.24904,8.08118],[80.24914,8.08156],[80.24934,8.08149],[80.24934,8.08138],[80.24946,8.08127],[80.24951,8.08158],[80.24974,8.08157],[80.24972,8.0815],[80.24979,8.0814],[80.24972,8.08129],[80.24984,8.08122],[80.2499,8.08135],[80.25014,8.08139],[80.2502,8.0813],[80.25036,8.08163],[80.25054,8.08166],[80.25047,8.0815],[80.25051,8.08146],[80.2507,8.08151],[80.25099,8.08091],[80.25091,8.08085],[80.2509,8.0807],[80.25081,8.08055],[80.25066,8.0805],[80.25074,8.08036],[80.25066,8.08028],[80.25056,8.08032],[80.25052,8.0804],[80.25037,8.08035],[80.25021,8.08048],[80.25015,8.08061],[80.25,8.08065],[80.24991,8.08059],[80.24988,8.08044],[80.24992,8.0803],[80.25005,8.08012],[80.25017,8.07973],[80.25021,8.07966],[80.25029,8.07965],[80.25037,8.07943],[80.25067,8.07938],[80.25065,8.07928],[80.25074,8.07922],[80.2507,8.07909],[80.25046,8.07917],[80.25042,8.07927],[80.25035,8.07931],[80.24925,8.07937],[80.24924,8.07957],[80.24897,8.07956],[80.24886,8.07949],[80.24887,8.07933],[80.24923,8.07928],[80.24927,8.07923],[80.24922,8.07896],[80.24905,8.07911],[80.249,8.07907],[80.24911,8.07886],[80.24922,8.0788],[80.24869,8.07839],[80.24854,8.0784],[80.24854,8.0783],[80.24872,8.07808],[80.24909,8.0779],[80.24903,8.07766],[80.24871,8.07745],[80.248,8.07741],[80.24762,8.0776],[80.24735,8.07766],[80.24713,8.07757],[80.2471,8.0775],[80.24668,8.07752]]]}},{"type":"Feature","properties":{"c":"scrub"},"geometry":{"type":"Polygon","coordinates":[[[80.24872,8.08274],[80.24875,8.08288],[80.24884,8.08298],[80.24927,8.08313],[80.24929,8.08307],[80.2492,8.08301],[80.24922,8.08291],[80.24941,8.08281],[80.24937,8.08274],[80.2492,8.08278],[80.2488,8.08271],[80.24872,8.08274]]]}},{"type":"Feature","properties":{"c":"forest"},"geometry":{"type":"Polygon","coordinates":[[[80.2464,8.08219],[80.24695,8.08223],[80.24701,8.082],[80.24709,8.08203],[80.24712,8.08223],[80.24709,8.08232],[80.24752,8.08227],[80.24736,8.0819],[80.24758,8.0818],[80.2477,8.08191],[80.24767,8.08216],[80.2476,8.08226],[80.24817,8.08285],[80.24831,8.08285],[80.24837,8.08289],[80.24872,8.0828],[80.24872,8.08274],[80.2488,8.08271],[80.2492,8.08278],[80.24937,8.08274],[80.24941,8.08277],[80.24939,8.08285],[80.25144,8.08289],[80.25161,8.08276],[80.25219,8.08196],[80.25201,8.08184],[80.25196,8.08154],[80.25181,8.0815],[80.25159,8.08158],[80.25158,8.08139],[80.25139,8.08112],[80.25142,8.08098],[80.25148,8.08093],[80.25145,8.08081],[80.25137,8.0808],[80.25125,8.08085],[80.25108,8.08082],[80.25105,8.08089],[80.25099,8.08091],[80.2507,8.08151],[80.25076,8.08159],[80.2507,8.0817],[80.25025,8.08162],[80.25014,8.08139],[80.2499,8.08135],[80.24979,8.0814],[80.24976,8.08146],[80.24994,8.08144],[80.24997,8.08155],[80.24947,8.0816],[80.24934,8.08149],[80.24906,8.0816],[80.24899,8.08157],[80.24887,8.08135],[80.24778,8.0814],[80.24771,8.08147],[80.24752,8.08143],[80.24689,8.08155],[80.24685,8.0816],[80.24684,8.0818],[80.24664,8.08174],[80.2464,8.08219]]]}},{"type":"Feature","properties":{"c":"scrub"},"geometry":{"type":"Polygon","coordinates":[[[80.24988,8.08044],[80.24991,8.08059],[80.25,8.08065],[80.25015,8.08061],[80.25021,8.08048],[80.25037,8.08035],[80.25052,8.0804],[80.25056,8.08032],[80.25049,8.08028],[80.25016,8.07982],[80.24988,8.08044]]]}},{"type":"Feature","properties":{"c":"forest"},"geometry":{"type":"Polygon","coordinates":[[[80.25048,8.07944],[80.25066,8.08028],[80.25077,8.08035],[80.25073,8.07968],[80.25077,8.07961],[80.25113,8.0795],[80.25117,8.07943],[80.25112,8.07929],[80.25124,8.0792],[80.2512,8.07913],[80.2511,8.07916],[80.25091,8.07929],[80.25086,8.07938],[80.25088,8.07946],[80.25079,8.0795],[80.25067,8.07938],[80.25048,8.07944]]]}},{"type":"Feature","properties":{"c":"scrub"},"geometry":{"type":"Polygon","coordinates":[[[80.24886,8.07949],[80.24897,8.07956],[80.24924,8.07957],[80.24925,8.07937],[80.24967,8.07932],[80.24966,8.07919],[80.24946,8.07918],[80.24923,8.07928],[80.24887,8.07933],[80.24886,8.07949]]]}},{"type":"Feature","properties":{"c":"scrub"},"geometry":{"type":"Polygon","coordinates":[[[80.24994,8.07931],[80.25035,8.07931],[80.25042,8.07927],[80.25046,8.07917],[80.2507,8.07909],[80.25074,8.07922],[80.25065,8.07928],[80.25067,8.07938],[80.25079,8.0795],[80.25088,8.07946],[80.25086,8.07938],[80.25091,8.07929],[80.2512,8.07913],[80.25124,8.0792],[80.25112,8.07929],[80.25117,8.07943],[80.25158,8.07947],[80.25159,8.0794],[80.25181,8.07938],[80.25188,8.07932],[80.2519,8.07923],[80.25187,8.07906],[80.25171,8.07905],[80.2516,8.07899],[80.25157,8.07884],[80.25135,8.07896],[80.25099,8.07875],[80.25057,8.0784],[80.25053,8.07843],[80.25054,8.07852],[80.25074,8.07879],[80.25074,8.07885],[80.25069,8.0789],[80.25028,8.07896],[80.25022,8.07902],[80.25022,8.07913],[80.25013,8.07919],[80.24997,8.07919],[80.24994,8.07931]]]}},{"type":"Feature","properties":{"c":"scrub"},"geometry":{"type":"Polygon","coordinates":[[[80.2518,8.0797],[80.25196,8.07975],[80.25199,8.07965],[80.25229,8.0794],[80.25238,8.07911],[80.2524,8.07881],[80.25257,8.07858],[80.25257,8.0785],[80.25242,8.07854],[80.2524,8.07848],[80.25256,8.07834],[80.25248,8.07822],[80.25242,8.07822],[80.25221,8.07885],[80.25209,8.07942],[80.2518,8.0797]]]}},{"type":"Feature","properties":{"c":"scrub"},"geometry":{"type":"Polygon","coordinates":[[[80.25066,8.0805],[80.25081,8.08055],[80.2509,8.0807],[80.25091,8.08085],[80.25099,8.08091],[80.25105,8.08089],[80.25108,8.08082],[80.25125,8.08085],[80.25145,8.08081],[80.25148,8.08093],[80.25142,8.08098],[80.25139,8.08112],[80.25158,8.08139],[80.25159,8.08158],[80.25181,8.0815],[80.25196,8.08154],[80.25201,8.08184],[80.25219,8.08196],[80.25224,8.08188],[80.25216,8.08183],[80.25212,8.08171],[80.25212,8.08145],[80.2522,8.08136],[80.2523,8.08134],[80.25256,8.08161],[80.25279,8.08174],[80.25299,8.08169],[80.25235,8.08122],[80.25224,8.08077],[80.25202,8.08081],[80.25199,8.0806],[80.25205,8.07993],[80.25196,8.07975],[80.2518,8.0797],[80.25178,8.07976],[80.25161,8.07975],[80.25158,8.07947],[80.25117,8.07943],[80.25113,8.0795],[80.25077,8.07961],[80.25073,8.07968],[80.25079,8.08032],[80.25066,8.0805]]]}},{"type":"Feature","properties":{"c":"forest"},"geometry":{"type":"Polygon","coordinates":[[[80.24869,8.07839],[80.24922,8.0788],[80.24927,8.07923],[80.2496,8.07917],[80.24966,8.07919],[80.24967,8.07932],[80.24994,8.07931],[80.24997,8.07919],[80.25013,8.07919],[80.25022,8.07913],[80.25022,8.07902],[80.25028,8.07896],[80.25069,8.0789],[80.25074,8.07879],[80.25054,8.07852],[80.25053,8.07843],[80.25057,8.0784],[80.25124,8.0789],[80.25142,8.07894],[80.25151,8.07884],[80.25157,8.07884],[80.2516,8.07899],[80.25171,8.07905],[80.25187,8.07906],[80.25182,8.07795],[80.25159,8.07795],[80.25157,8.07784],[80.25164,8.07778],[80.25131,8.07749],[80.25127,8.07754],[80.25114,8.07752],[80.25112,8.07748],[80.25112,8.07734],[80.25121,8.07732],[80.25132,8.07661],[80.25118,8.07654],[80.25105,8.07654],[80.2507,8.0767],[80.25033,8.07667],[80.24997,8.0768],[80.24978,8.07677],[80.24957,8.07788],[80.24886,8.07818],[80.24869,8.07839]]]}},{"type":"Feature","properties":{"c":"forest"},"geometry":{"type":"Polygon","coordinates":[[[80.25121,8.07732],[80.25133,8.0774],[80.25131,8.07749],[80.25168,8.07779],[80.2517,8.07783],[80.25165,8.07792],[80.25182,8.07795],[80.2519,8.07923],[80.25188,8.07932],[80.25181,8.07938],[80.25159,8.0794],[80.25158,8.07947],[80.25161,8.07975],[80.25178,8.07976],[80.25188,8.07961],[80.25209,8.07942],[80.25221,8.07885],[80.25242,8.07822],[80.25253,8.07826],[80.25256,8.07834],[80.25243,8.07841],[80.25242,8.07854],[80.25257,8.0785],[80.25257,8.07858],[80.25291,8.07851],[80.25302,8.07788],[80.2533,8.07788],[80.25339,8.07792],[80.25347,8.07764],[80.25354,8.0776],[80.25359,8.07766],[80.25372,8.07766],[80.2537,8.07758],[80.25356,8.07757],[80.25356,8.07744],[80.25364,8.07743],[80.254,8.07698],[80.2538,8.07691],[80.25367,8.0768],[80.25322,8.07671],[80.25313,8.07665],[80.25283,8.07665],[80.25255,8.07649],[80.2524,8.07659],[80.2522,8.07661],[80.25172,8.07651],[80.25132,8.07661],[80.25121,8.07732]]]}},{"type":"Feature","properties":{"c":"scrub"},"geometry":{"type":"Polygon","coordinates":[[[80.25154,8.07656],[80.25172,8.07651],[80.2522,8.07661],[80.2524,8.07659],[80.25255,8.07649],[80.25203,8.07639],[80.25155,8.07643],[80.25154,8.07656]]]}},{"type":"Feature","properties":{"c":"farmland"},"geometry":{"type":"Polygon","coordinates":[[[80.25314,8.0822],[80.25341,8.08243],[80.25365,8.08251],[80.25386,8.0825],[80.25388,8.08207],[80.25394,8.08199],[80.25386,8.08162],[80.25391,8.08137],[80.25369,8.0814],[80.25349,8.08163],[80.25314,8.0822]]]}},{"type":"Feature","properties":{"c":"forest"},"geometry":{"type":"Polygon","coordinates":[[[80.25196,8.07975],[80.25205,8.07993],[80.25246,8.07992],[80.25252,8.07978],[80.25275,8.07963],[80.25296,8.07967],[80.25342,8.07966],[80.25337,8.07955],[80.2533,8.07909],[80.25382,8.07906],[80.25402,8.07896],[80.25406,8.07903],[80.25486,8.07906],[80.25512,8.07898],[80.25524,8.07919],[80.25676,8.07884],[80.25664,8.07824],[80.25671,8.07816],[80.25665,8.07791],[80.25672,8.07786],[80.2567,8.07781],[80.25646,8.07789],[80.25643,8.07782],[80.25685,8.07756],[80.25678,8.07735],[80.25655,8.07737],[80.25652,8.07731],[80.25639,8.07724],[80.25554,8.07743],[80.25551,8.07731],[80.25554,8.07689],[80.2549,8.07689],[80.25484,8.07693],[80.25481,8.07705],[80.25468,8.07705],[80.25466,8.07676],[80.25455,8.0767],[80.25429,8.07675],[80.25405,8.07668],[80.25391,8.07679],[80.25391,8.07684],[80.254,8.07692],[80.254,8.07698],[80.25364,8.07743],[80.25371,8.07753],[80.25372,8.07766],[80.25381,8.07772],[80.25383,8.07779],[80.25358,8.07792],[80.25345,8.0778],[80.25339,8.07792],[80.25346,8.07815],[80.2532,8.07816],[80.25297,8.07806],[80.25291,8.07851],[80.25257,8.07858],[80.25245,8.07872],[80.25229,8.0794],[80.25199,8.07965],[80.25196,8.07975]]]}},{"type":"Feature","properties":{"c":"scrub"},"geometry":{"type":"Polygon","coordinates":[[[80.25298,8.08089],[80.25303,8.08112],[80.25312,8.08125],[80.25322,8.08126],[80.2533,8.08123],[80.25344,8.08127],[80.25368,8.08094],[80.2536,8.08079],[80.25354,8.08081],[80.25338,8.081],[80.25328,8.08106],[80.25312,8.08084],[80.25302,8.08084],[80.25298,8.08089]]]}},{"type":"Feature","properties":{"c":"forest"},"geometry":{"type":"Polygon","coordinates":[[[80.25199,8.0806],[80.25202,8.08081],[80.25224,8.08077],[80.25235,8.08122],[80.25299,8.08169],[80.25321,8.08205],[80.25369,8.0814],[80.25379,8.08136],[80.25391,8.08137],[80.25386,8.08162],[80.25394,8.08199],[80.25404,8.08212],[80.25423,8.08198],[80.2543,8.08154],[80.25391,8.081],[80.25384,8.08104],[80.25381,8.08097],[80.25368,8.08094],[80.25344,8.08127],[80.2533,8.08123],[80.25312,8.08125],[80.25303,8.08112],[80.25298,8.08089],[80.25302,8.08084],[80.25312,8.08084],[80.25317,8.08092],[80.25331,8.08081],[80.25327,8.08073],[80.25294,8.08073],[80.25266,8.08053],[80.25273,8.08043],[80.25281,8.0804],[80.25277,8.07991],[80.25205,8.07993],[80.25199,8.0806]]]}},{"type":"Feature","properties":{"c":"farmland"},"geometry":{"type":"Polygon","coordinates":[[[80.25404,8.08212],[80.25413,8.08274],[80.25409,8.0829],[80.2545,8.08318],[80.25459,8.08314],[80.25472,8.08321],[80.25472,8.08331],[80.25597,8.08413],[80.25672,8.08422],[80.25674,8.08381],[80.25712,8.0835],[80.25714,8.08315],[80.25622,8.0831],[80.2562,8.08328],[80.25609,8.08324],[80.25608,8.08305],[80.25597,8.08303],[80.25586,8.08321],[80.25575,8.08314],[80.25578,8.08306],[80.25564,8.08296],[80.25556,8.0828],[80.2553,8.08269],[80.25521,8.08275],[80.25466,8.08232],[80.25455,8.08238],[80.25447,8.0822],[80.25423,8.08198],[80.25404,8.08212]]]}},{"type":"Feature","properties":{"c":"forest"},"geometry":{"type":"Polygon","coordinates":[[[80.25277,8.07991],[80.25281,8.0804],[80.25297,8.08042],[80.25298,8.0806],[80.25309,8.08071],[80.25327,8.08073],[80.25331,8.08069],[80.25337,8.08073],[80.25317,8.08092],[80.25322,8.08103],[80.25328,8.08106],[80.25338,8.081],[80.25344,8.08089],[80.2536,8.08079],[80.25368,8.08094],[80.25381,8.08097],[80.25386,8.08093],[80.25391,8.081],[80.25407,8.08001],[80.25371,8.07958],[80.25364,8.07963],[80.25342,8.07966],[80.25296,8.07967],[80.25288,8.07984],[80.25277,8.07991]]]}},{"type":"Feature","properties":{"c":"farmland"},"geometry":{"type":"Polygon","coordinates":[[[80.25633,8.08311],[80.25714,8.08315],[80.25713,8.08332],[80.25726,8.08333],[80.2573,8.08342],[80.25707,8.08379],[80.25693,8.08424],[80.25726,8.08452],[80.25809,8.08465],[80.25815,8.0849],[80.25879,8.08488],[80.25869,8.08446],[80.25839,8.08445],[80.25817,8.08371],[80.25822,8.08354],[80.25832,8.0835],[80.25832,8.08329],[80.25843,8.08307],[80.2585,8.08276],[80.25826,8.08274],[80.25823,8.08261],[80.25801,8.08248],[80.25779,8.08259],[80.25685,8.08213],[80.25661,8.08267],[80.25633,8.08311]]]}},{"type":"Feature","properties":{"c":"farmland"},"geometry":{"type":"Polygon","coordinates":[[[80.25685,8.08213],[80.25756,8.08247],[80.25771,8.08235],[80.25781,8.08235],[80.258,8.08216],[80.25862,8.08233],[80.25883,8.08235],[80.25897,8.08227],[80.25909,8.08231],[80.25968,8.08232],[80.25974,8.08243],[80.25991,8.08239],[80.26,8.08197],[80.26013,8.08189],[80.26025,8.08168],[80.2604,8.08169],[80.26043,8.08156],[80.26027,8.0815],[80.26044,8.08125],[80.26047,8.08109],[80.26063,8.08107],[80.26055,8.08058],[80.2605,8.08063],[80.26041,8.08057],[80.26041,8.08048],[80.2582,8.08003],[80.25794,8.08083],[80.25775,8.08121],[80.25757,8.08139],[80.25729,8.08137],[80.25685,8.08213]]]}},{"type":"Feature","properties":{"c":"scrub"},"geometry":{"type":"Polygon","coordinates":[[[80.25486,8.07906],[80.25488,8.0792],[80.25524,8.07919],[80.25512,8.07898],[80.25486,8.07906]]]}},{"type":"Feature","properties":{"c":"forest"},"geometry":{"type":"Polygon","coordinates":[[[80.2535,8.07926],[80.25356,8.07951],[80.25369,8.07951],[80.25407,8.08001],[80.25414,8.08004],[80.25408,8.08012],[80.25391,8.081],[80.2543,8.08154],[80.25441,8.08153],[80.25445,8.08158],[80.25443,8.08163],[80.2543,8.08164],[80.25423,8.08198],[80.25447,8.0822],[80.25455,8.08238],[80.25466,8.08232],[80.25482,8.08215],[80.25512,8.08238],[80.25512,8.08243],[80.25493,8.08255],[80.25498,8.08259],[80.25521,8.08275],[80.2553,8.08269],[80.25556,8.0828],[80.25564,8.08296],[80.25578,8.08306],[80.25575,8.08314],[80.25586,8.08321],[80.25597,8.08303],[80.25608,8.08305],[80.25609,8.08324],[80.2562,8.08328],[80.25622,8.0831],[80.25633,8.08311],[80.25661,8.08267],[80.25708,8.08174],[80.25676,8.0816],[80.25667,8.08168],[80.25634,8.08157],[80.25622,8.08146],[80.25651,8.08111],[80.25656,8.08095],[80.25652,8.0808],[80.25621,8.08061],[80.2562,8.08047],[80.25632,8.08027],[80.25662,8.08019],[80.25682,8.08004],[80.25691,8.07984],[80.25689,8.07941],[80.25676,8.07884],[80.25515,8.07921],[80.25488,8.0792],[80.25486,8.07906],[80.25406,8.07903],[80.2539,8.07915],[80.2535,8.07926]]]}},{"type":"Feature","properties":{"c":"farmland"},"geometry":{"type":"Polygon","coordinates":[[[80.25643,8.07782],[80.25646,8.07789],[80.2567,8.07781],[80.25672,8.07786],[80.25665,8.07791],[80.25671,8.07816],[80.25664,8.07824],[80.25668,8.07838],[80.25692,8.07834],[80.25696,8.07804],[80.25677,8.07792],[80.25679,8.07787],[80.25688,8.07791],[80.25692,8.07782],[80.2571,8.07784],[80.25711,8.07776],[80.25707,8.07772],[80.25724,8.0774],[80.25719,8.07731],[80.25729,8.07716],[80.25746,8.07721],[80.25765,8.07735],[80.25775,8.07735],[80.25811,8.0775],[80.2584,8.07612],[80.25805,8.07622],[80.25798,8.07614],[80.25788,8.07614],[80.25757,8.07535],[80.25735,8.07544],[80.25751,8.07586],[80.25728,8.07594],[80.25741,8.07624],[80.25735,8.0763],[80.25726,8.07632],[80.25709,8.07553],[80.25686,8.07559],[80.25676,8.07587],[80.25646,8.07584],[80.25646,8.07604],[80.25656,8.07603],[80.25661,8.07643],[80.25681,8.07659],[80.25691,8.07655],[80.25703,8.07667],[80.25697,8.07676],[80.25669,8.07658],[80.25665,8.07671],[80.25671,8.07677],[80.25669,8.07688],[80.25664,8.07694],[80.25667,8.07722],[80.25672,8.07722],[80.25673,8.07735],[80.25678,8.07735],[80.25685,8.07756],[80.25643,8.07782]]]}},{"type":"Feature","properties":{"c":"scrub"},"geometry":{"type":"Polygon","coordinates":[[[80.25709,8.07553],[80.25726,8.07632],[80.25735,8.0763],[80.25741,8.07624],[80.25728,8.07594],[80.25751,8.07586],[80.25735,8.07544],[80.25709,8.07553]]]}},{"type":"Feature","properties":{"c":"scrub"},"geometry":{"type":"Polygon","coordinates":[[[80.25653,8.07635],[80.25653,8.07646],[80.25697,8.07676],[80.25703,8.07667],[80.25691,8.07655],[80.25681,8.07659],[80.25661,8.07643],[80.2566,8.07635],[80.25653,8.07635]]]}},{"type":"Feature","properties":{"c":"scrub"},"geometry":{"type":"Polygon","coordinates":[[[80.25644,8.07673],[80.25649,8.07691],[80.25659,8.07692],[80.25661,8.07736],[80.25673,8.07735],[80.25664,8.07694],[80.25671,8.07677],[80.25665,8.07671],[80.25644,8.07673]]]}},{"type":"Feature","properties":{"c":"farmland"},"geometry":{"type":"Polygon","coordinates":[[[80.25715,8.07755],[80.25726,8.07761],[80.25717,8.07783],[80.25738,8.07788],[80.25743,8.07781],[80.25748,8.07781],[80.25755,8.07764],[80.25756,8.07746],[80.25746,8.0774],[80.2574,8.07748],[80.25724,8.0774],[80.25715,8.07755]]]}},{"type":"Feature","properties":{"c":"scrub"},"geometry":{"type":"Polygon","coordinates":[[[80.25677,8.07792],[80.25696,8.07804],[80.25692,8.07834],[80.25751,8.07827],[80.25773,8.07812],[80.25783,8.07793],[80.25793,8.07743],[80.25765,8.07735],[80.25746,8.07721],[80.25729,8.07716],[80.25719,8.07731],[80.25724,8.0774],[80.2574,8.07748],[80.25746,8.0774],[80.25756,8.07746],[80.25755,8.07764],[80.25748,8.07781],[80.25743,8.07781],[80.25738,8.07788],[80.25717,8.07783],[80.25726,8.07761],[80.25715,8.07755],[80.25707,8.07772],[80.25711,8.07776],[80.2571,8.07784],[80.25692,8.07782],[80.25688,8.07791],[80.25679,8.07787],[80.25677,8.07792]]]}},{"type":"Feature","properties":{"c":"scrub"},"geometry":{"type":"Polygon","coordinates":[[[80.25757,8.07535],[80.25788,8.07614],[80.25798,8.07614],[80.25805,8.07622],[80.2584,8.07612],[80.25856,8.07615],[80.25875,8.07608],[80.25925,8.07606],[80.25981,8.07595],[80.25999,8.07589],[80.26005,8.07573],[80.25981,8.07546],[80.25971,8.07549],[80.25966,8.07568],[80.2595,8.07571],[80.25949,8.07591],[80.25926,8.07593],[80.25897,8.07546],[80.25903,8.07501],[80.259,8.07468],[80.25919,8.07462],[80.25911,8.07444],[80.25897,8.07427],[80.25889,8.07429],[80.2588,8.07409],[80.25867,8.07415],[80.25886,8.07441],[80.25891,8.07458],[80.25881,8.07459],[80.25886,8.07475],[80.25881,8.07477],[80.25882,8.07487],[80.25889,8.07486],[80.2589,8.075],[80.25828,8.07506],[80.25824,8.075],[80.25816,8.07502],[80.25818,8.07509],[80.25759,8.07524],[80.25763,8.07532],[80.25757,8.07535]]]}},{"type":"Feature","properties":{"c":"farmland"},"geometry":{"type":"Polygon","coordinates":[[[80.25756,8.07241],[80.25768,8.07267],[80.25782,8.07265],[80.2578,8.07241],[80.25784,8.07222],[80.2576,8.07219],[80.25756,8.07241]]]}},{"type":"Feature","properties":{"c":"scrub"},"geometry":{"type":"Polygon","coordinates":[[[80.25731,8.07273],[80.25745,8.0728],[80.25746,8.07304],[80.25739,8.07305],[80.25744,8.07337],[80.25758,8.07336],[80.25765,8.07348],[80.25773,8.07345],[80.25762,8.0732],[80.2576,8.07275],[80.258,8.07278],[80.25801,8.07248],[80.2578,8.07241],[80.25782,8.07265],[80.25768,8.07267],[80.25756,8.07241],[80.2576,8.07219],[80.2582,8.07228],[80.25822,8.07217],[80.25815,8.07193],[80.25815,8.07163],[80.25803,8.07163],[80.25797,8.07168],[80.25796,8.07176],[80.2577,8.07169],[80.25775,8.07156],[80.25757,8.07146],[80.2575,8.07147],[80.25737,8.0723],[80.25745,8.07233],[80.25731,8.07273]]]}},{"type":"Feature","properties":{"c":"forest"},"geometry":{"type":"Polygon","coordinates":[[[80.25908,8.0682],[80.25927,8.06831],[80.25963,8.06836],[80.25966,8.06812],[80.25991,8.06814],[80.25992,8.06775],[80.25978,8.06732],[80.25948,8.06741],[80.25912,8.06781],[80.25908,8.0682]]]}},{"type":"Feature","properties":{"c":"farmland"},"geometry":{"type":"Polygon","coordinates":[[[80.25635,8.0668],[80.25636,8.06692],[80.25664,8.06699],[80.25657,8.0672],[80.25672,8.06731],[80.25715,8.0664],[80.25763,8.06642],[80.25783,8.06634],[80.25824,8.06649],[80.25836,8.06714],[80.25866,8.06713],[80.25874,8.06738],[80.2591,8.06773],[80.25912,8.06781],[80.25948,8.06741],[80.25978,8.06732],[80.25958,8.06699],[80.25946,8.06705],[80.25912,8.06631],[80.2589,8.06641],[80.25898,8.06675],[80.25878,8.06677],[80.25872,8.06644],[80.25859,8.06646],[80.25857,8.06669],[80.25847,8.06671],[80.25843,8.06635],[80.2582,8.06605],[80.25827,8.06598],[80.25845,8.06619],[80.25879,8.06606],[80.25866,8.0658],[80.25883,8.06571],[80.25864,8.06537],[80.25824,8.06498],[80.25779,8.06507],[80.25786,8.06527],[80.25784,8.0656],[80.25776,8.06561],[80.25775,8.06532],[80.25768,8.06527],[80.25766,8.06518],[80.25748,8.06515],[80.25744,8.06537],[80.25739,8.06542],[80.25732,8.06538],[80.25734,8.06532],[80.25724,8.06522],[80.25683,8.06513],[80.25675,8.06553],[80.25693,8.06567],[80.25689,8.06578],[80.25671,8.06572],[80.25661,8.06613],[80.25672,8.06616],[80.25669,8.06624],[80.25651,8.06631],[80.25643,8.06645],[80.25648,8.06649],[80.25635,8.0668]]]}},{"type":"Feature","properties":{"c":"scrub"},"geometry":{"type":"Polygon","coordinates":[[[80.2582,8.06605],[80.25843,8.06635],[80.25847,8.06671],[80.25857,8.06669],[80.25859,8.06646],[80.2589,8.06636],[80.25879,8.06606],[80.25845,8.06619],[80.25827,8.06598],[80.2582,8.06605]]]}},{"type":"Feature","properties":{"c":"farmland"},"geometry":{"type":"Polygon","coordinates":[[[80.25706,8.06418],[80.25726,8.06425],[80.25728,8.06417],[80.25737,8.06417],[80.25743,8.06431],[80.25764,8.06432],[80.25773,8.06465],[80.25779,8.06466],[80.25785,8.06485],[80.25775,8.06487],[80.25779,8.06507],[80.25824,8.06498],[80.25833,8.06506],[80.25826,8.06485],[80.25834,8.06479],[80.25832,8.06463],[80.2582,8.0646],[80.25811,8.06432],[80.25809,8.06396],[80.25793,8.06392],[80.25789,8.06368],[80.25729,8.06367],[80.25729,8.06394],[80.25744,8.06394],[80.25746,8.06403],[80.2571,8.06397],[80.25706,8.06418]]]}},{"type":"Feature","properties":{"c":"scrub"},"geometry":{"type":"Polygon","coordinates":[[[80.25683,8.06513],[80.25724,8.06522],[80.25734,8.06532],[80.25732,8.06538],[80.25739,8.06542],[80.25744,8.06537],[80.25748,8.06515],[80.25766,8.06518],[80.25768,8.06527],[80.25775,8.06532],[80.25776,8.06561],[80.25784,8.0656],[80.25786,8.06527],[80.25775,8.06487],[80.25785,8.06485],[80.25779,8.06466],[80.25773,8.06465],[80.25764,8.06432],[80.25743,8.06431],[80.25737,8.06417],[80.25728,8.06417],[80.25726,8.06425],[80.25706,8.06418],[80.25683,8.06513]]]}},{"type":"Feature","properties":{"c":"scrub"},"geometry":{"type":"Polygon","coordinates":[[[80.25608,8.06359],[80.25664,8.06373],[80.25639,8.06482],[80.25657,8.06488],[80.25646,8.06537],[80.25675,8.06553],[80.2571,8.06397],[80.25746,8.06403],[80.25744,8.06394],[80.25729,8.06394],[80.25729,8.06367],[80.25789,8.06368],[80.25793,8.06392],[80.25809,8.06396],[80.25816,8.06344],[80.25731,8.06322],[80.25617,8.06304],[80.25608,8.06359]]]}},{"type":"Feature","properties":{"c":"scrub"},"geometry":{"type":"Polygon","coordinates":[[[80.25559,8.0654],[80.2556,8.06602],[80.25569,8.06614],[80.25577,8.06605],[80.25585,8.06605],[80.25601,8.06617],[80.25571,8.06651],[80.25595,8.06656],[80.25608,8.06667],[80.25619,8.06668],[80.25627,8.06647],[80.25637,8.06652],[80.25631,8.0667],[80.25638,8.06675],[80.25648,8.06649],[80.25643,8.06645],[80.25651,8.06631],[80.25669,8.06624],[80.25672,8.06616],[80.25661,8.06613],[80.25671,8.06572],[80.25689,8.06578],[80.25693,8.06567],[80.25646,8.06537],[80.25598,8.06525],[80.25578,8.06523],[80.25581,8.06528],[80.25578,8.06541],[80.25559,8.0654]]]}},{"type":"Feature","properties":{"c":"scrub"},"geometry":{"type":"Polygon","coordinates":[[[80.25489,8.06572],[80.25498,8.06632],[80.25539,8.06632],[80.25571,8.06651],[80.25578,8.0664],[80.25571,8.06634],[80.25569,8.06614],[80.2556,8.06602],[80.25559,8.06572],[80.25489,8.06572]]]}},{"type":"Feature","properties":{"c":"forest"},"geometry":{"type":"Polygon","coordinates":[[[80.25495,8.06684],[80.25564,8.06702],[80.25563,8.06745],[80.2561,8.06746],[80.2561,8.06681],[80.25603,8.0666],[80.25571,8.06651],[80.25539,8.06632],[80.25498,8.06632],[80.25495,8.06684]]]}},{"type":"Feature","properties":{"c":"farmland"},"geometry":{"type":"Polygon","coordinates":[[[80.25608,8.06667],[80.2561,8.06685],[80.25623,8.06685],[80.25636,8.06692],[80.25638,8.06675],[80.25631,8.0667],[80.25637,8.06652],[80.25627,8.06647],[80.25619,8.06668],[80.25608,8.06667]]]}},{"type":"Feature","properties":{"c":"forest"},"geometry":{"type":"Polygon","coordinates":[[[80.25561,8.0679],[80.25591,8.06814],[80.25577,8.06868],[80.25605,8.06877],[80.25621,8.06835],[80.25629,8.06841],[80.25628,8.06859],[80.25646,8.06865],[80.2566,8.06863],[80.25674,8.06833],[80.25663,8.06797],[80.25684,8.06752],[80.25677,8.06725],[80.25672,8.06731],[80.25657,8.0672],[80.25656,8.06769],[80.25609,8.06769],[80.2561,8.06746],[80.25563,8.06745],[80.25561,8.0679]]]}},{"type":"Feature","properties":{"c":"meadow"},"geometry":{"type":"Polygon","coordinates":[[[80.25525,8.06741],[80.25546,8.06752],[80.25563,8.06753],[80.25564,8.06702],[80.25557,8.06699],[80.25547,8.06728],[80.25531,8.06725],[80.25525,8.06741]]]}},{"type":"Feature","properties":{"c":"farmland"},"geometry":{"type":"Polygon","coordinates":[[[80.25622,8.06944],[80.25657,8.06955],[80.25662,8.06942],[80.25653,8.06938],[80.2566,8.06919],[80.25657,8.06906],[80.25642,8.069],[80.25634,8.06914],[80.25642,8.06918],[80.25636,8.06932],[80.25628,8.06931],[80.25622,8.06944]]]}},{"type":"Feature","properties":{"c":"forest"},"geometry":{"type":"Polygon","coordinates":[[[80.25519,8.06895],[80.25522,8.06901],[80.2554,8.06901],[80.25558,8.06911],[80.25563,8.06924],[80.25558,8.06937],[80.25607,8.06949],[80.25622,8.06944],[80.25628,8.06931],[80.25636,8.06932],[80.25642,8.06918],[80.25634,8.06914],[80.25642,8.069],[80.25657,8.06906],[80.2566,8.06919],[80.25653,8.06938],[80.25662,8.06942],[80.25657,8.06955],[80.25649,8.06952],[80.25646,8.06958],[80.25657,8.06964],[80.25661,8.06981],[80.25673,8.06985],[80.25682,8.06983],[80.25687,8.06969],[80.257,8.06964],[80.25713,8.0694],[80.25721,8.06941],[80.25719,8.0696],[80.25745,8.06968],[80.25751,8.06965],[80.25766,8.06939],[80.25803,8.0694],[80.25802,8.06925],[80.25745,8.06926],[80.25605,8.06877],[80.25592,8.06912],[80.25544,8.06895],[80.25519,8.06895]]]}},{"type":"Feature","properties":{"c":"scrub"},"geometry":{"type":"Polygon","coordinates":[[[80.25605,8.06877],[80.25703,8.06914],[80.25745,8.06926],[80.25774,8.06927],[80.25895,8.06918],[80.25941,8.06906],[80.25982,8.06905],[80.25984,8.06881],[80.25959,8.06878],[80.25963,8.06836],[80.25927,8.06831],[80.25909,8.06824],[80.25941,8.0686],[80.25944,8.06873],[80.25945,8.06885],[80.25935,8.06904],[80.25917,8.0691],[80.25849,8.06918],[80.25746,8.06919],[80.25623,8.06874],[80.2562,8.06862],[80.25628,8.06859],[80.25626,8.06835],[80.25618,8.0684],[80.25605,8.06877]]]}},{"type":"Feature","properties":{"c":"forest"},"geometry":{"type":"Polygon","coordinates":[[[80.25789,8.06979],[80.25799,8.06984],[80.25795,8.06995],[80.25807,8.07019],[80.258,8.07024],[80.25815,8.07058],[80.25851,8.07042],[80.25846,8.06955],[80.25916,8.06949],[80.25952,8.06951],[80.25953,8.06904],[80.25895,8.06918],[80.25802,8.06925],[80.25803,8.06957],[80.25789,8.06979]]]}},{"type":"Feature","properties":{"c":"forest"},"geometry":{"type":"Polygon","coordinates":[[[80.25456,8.06266],[80.25463,8.06348],[80.25496,8.06347],[80.25499,8.06424],[80.25558,8.06424],[80.25561,8.06352],[80.25608,8.06359],[80.25617,8.06304],[80.2555,8.06291],[80.25557,8.06249],[80.25499,8.06234],[80.25499,8.06267],[80.25456,8.06266]]]}},{"type":"Feature","properties":{"c":"forest"},"geometry":{"type":"Polygon","coordinates":[[[80.25547,8.06175],[80.25574,8.06182],[80.25579,8.06215],[80.25572,8.06253],[80.25635,8.06264],[80.25643,8.06217],[80.25651,8.06212],[80.25675,8.06211],[80.25672,8.06154],[80.25665,8.06124],[80.25678,8.06111],[80.25668,8.06091],[80.25569,8.06113],[80.25555,8.06126],[80.25547,8.06175]]]}},{"type":"Feature","properties":{"c":"meadow"},"geometry":{"type":"Polygon","coordinates":[[[80.2554,8.06216],[80.25577,8.06226],[80.25579,8.06215],[80.25574,8.06182],[80.25547,8.06175],[80.2554,8.06216]]]}},{"type":"Feature","properties":{"c":"farmland"},"geometry":{"type":"Polygon","coordinates":[[[80.25915,8.06613],[80.25948,8.06677],[80.25972,8.06666],[80.25967,8.06655],[80.25953,8.0665],[80.25948,8.06621],[80.25937,8.06603],[80.25915,8.06613]]]}},{"type":"Feature","properties":{"c":"farmland"},"geometry":{"type":"Polygon","coordinates":[[[80.25956,8.06682],[80.25969,8.06711],[80.26018,8.06693],[80.26009,8.06669],[80.25991,8.06672],[80.25983,8.06668],[80.25956,8.06682]]]}},{"type":"Feature","properties":{"c":"farmland"},"geometry":{"type":"Polygon","coordinates":[[[80.26007,8.06599],[80.26018,8.06647],[80.26026,8.06651],[80.26032,8.06645],[80.26043,8.06643],[80.26044,8.06628],[80.26055,8.06628],[80.26061,8.06587],[80.26038,8.06586],[80.26036,8.06597],[80.2602,8.06598],[80.2602,8.0659],[80.26007,8.06599]]]}},{"type":"Feature","properties":{"c":"meadow"},"geometry":{"type":"Polygon","coordinates":[[[80.25966,8.0657],[80.25967,8.06582],[80.25986,8.0659],[80.25989,8.06598],[80.26007,8.06599],[80.26028,8.06584],[80.26037,8.06572],[80.26046,8.06543],[80.26031,8.06548],[80.26011,8.06563],[80.25989,8.0656],[80.25982,8.0657],[80.25966,8.0657]]]}},{"type":"Feature","properties":{"c":"farmland"},"geometry":{"type":"Polygon","coordinates":[[[80.26003,8.06453],[80.26003,8.06461],[80.26015,8.06462],[80.26022,8.06457],[80.26047,8.06457],[80.26049,8.0644],[80.26041,8.06421],[80.26034,8.06416],[80.2603,8.0639],[80.26021,8.06384],[80.2601,8.06384],[80.26011,8.06422],[80.26008,8.06423],[80.26008,8.06451],[80.26003,8.06453]]]}},{"type":"Feature","properties":{"c":"farmland"},"geometry":{"type":"Polygon","coordinates":[[[80.25964,8.06479],[80.26015,8.0648],[80.26015,8.06462],[80.25964,8.0646],[80.25964,8.06479]]]}},{"type":"Feature","properties":{"c":"scrub"},"geometry":{"type":"Polygon","coordinates":[[[80.25826,8.06485],[80.25833,8.06506],[80.25864,8.06537],[80.25883,8.06571],[80.25889,8.06568],[80.25882,8.06543],[80.25884,8.06511],[80.25853,8.06509],[80.25851,8.06461],[80.25832,8.06463],[80.25834,8.06479],[80.25826,8.06485]]]}},{"type":"Feature","properties":{"c":"farmland"},"geometry":{"type":"Polygon","coordinates":[[[80.26039,8.06665],[80.26045,8.06667],[80.26055,8.06686],[80.26076,8.06688],[80.26092,8.06655],[80.2608,8.06646],[80.26074,8.06651],[80.26044,8.0665],[80.26039,8.06665]]]}},{"type":"Feature","properties":{"c":"meadow"},"geometry":{"type":"Polygon","coordinates":[[[80.26024,8.06717],[80.26031,8.06738],[80.26075,8.0673],[80.26077,8.06721],[80.26073,8.06713],[80.26064,8.0671],[80.26024,8.06717]]]}},{"type":"Feature","properties":{"c":"meadow"},"geometry":{"type":"Polygon","coordinates":[[[80.26115,8.06787],[80.26164,8.06793],[80.26166,8.06767],[80.26173,8.06768],[80.2618,8.06747],[80.26179,8.06718],[80.26135,8.0671],[80.26127,8.06744],[80.2612,8.06753],[80.26115,8.06787]]]}},{"type":"Feature","properties":{"c":"farmland"},"geometry":{"type":"Polygon","coordinates":[[[80.25991,8.07027],[80.26028,8.07073],[80.26031,8.07072],[80.2605,8.06991],[80.26038,8.06989],[80.26006,8.06994],[80.25991,8.07027]]]}},{"type":"Feature","properties":{"c":"farmland"},"geometry":{"type":"Polygon","coordinates":[[[80.25899,8.07233],[80.25901,8.07255],[80.25951,8.07277],[80.25958,8.07269],[80.2597,8.07274],[80.25969,8.07285],[80.25974,8.07288],[80.25977,8.07314],[80.25991,8.07316],[80.25996,8.07285],[80.25985,8.07283],[80.25993,8.0724],[80.25984,8.07231],[80.25948,8.07215],[80.25946,8.07205],[80.25939,8.07205],[80.25924,8.07224],[80.2591,8.07216],[80.25899,8.07233]]]}},{"type":"Feature","properties":{"c":"farmland"},"geometry":{"type":"Polygon","coordinates":[[[80.26001,8.07282],[80.26004,8.07305],[80.26012,8.07305],[80.26013,8.07309],[80.26002,8.07315],[80.26011,8.07328],[80.26038,8.07311],[80.26054,8.07308],[80.26054,8.07298],[80.26078,8.07286],[80.26071,8.07258],[80.26065,8.0725],[80.26054,8.07251],[80.26034,8.07263],[80.26037,8.07275],[80.2603,8.0728],[80.26001,8.07282]]]}},{"type":"Feature","properties":{"c":"farmland"},"geometry":{"type":"Polygon","coordinates":[[[80.25944,8.07132],[80.25945,8.0717],[80.25958,8.07176],[80.26005,8.07173],[80.26005,8.07167],[80.25995,8.07161],[80.25982,8.07164],[80.25975,8.07159],[80.2597,8.07119],[80.25955,8.0712],[80.25955,8.07132],[80.25944,8.07132]]]}},{"type":"Feature","properties":{"c":"farmland"},"geometry":{"type":"Polygon","coordinates":[[[80.25975,8.07068],[80.25982,8.07096],[80.26012,8.07093],[80.26016,8.07086],[80.26024,8.07089],[80.26023,8.07099],[80.25982,8.07107],[80.25986,8.07145],[80.2601,8.07154],[80.2601,8.07182],[80.26023,8.07183],[80.26026,8.07176],[80.26034,8.07175],[80.26037,8.07185],[80.26059,8.07182],[80.26058,8.07146],[80.26064,8.07133],[80.26056,8.07082],[80.2603,8.07083],[80.26014,8.07071],[80.26009,8.07073],[80.25996,8.07054],[80.25987,8.0706],[80.25978,8.07048],[80.25975,8.07068]]]}},{"type":"Feature","properties":{"c":"scrub"},"geometry":{"type":"Polygon","coordinates":[[[80.25798,8.07293],[80.25805,8.07338],[80.25812,8.07335],[80.25823,8.07352],[80.25859,8.07338],[80.25881,8.07336],[80.25881,8.07327],[80.259,8.07323],[80.25873,8.07276],[80.25872,8.07266],[80.25901,8.07255],[80.25899,8.07233],[80.25861,8.07236],[80.25821,8.07223],[80.2581,8.0725],[80.25801,8.07248],[80.25802,8.07293],[80.25798,8.07293]]]}},{"type":"Feature","properties":{"c":"meadow"},"geometry":{"type":"Polygon","coordinates":[[[80.26058,8.07146],[80.26059,8.07182],[80.26076,8.07181],[80.26077,8.07174],[80.26091,8.07174],[80.26094,8.07186],[80.26109,8.07183],[80.26101,8.07114],[80.26061,8.07116],[80.26064,8.07133],[80.26058,8.07146]]]}},{"type":"Feature","properties":{"c":"scrub"},"geometry":{"type":"Polygon","coordinates":[[[80.25982,8.07096],[80.25982,8.07107],[80.26023,8.07099],[80.26024,8.07089],[80.26016,8.07086],[80.26012,8.07093],[80.25982,8.07096]]]}},{"type":"Feature","properties":{"c":"scrub"},"geometry":{"type":"Polygon","coordinates":[[[80.2597,8.07119],[80.25975,8.07159],[80.25982,8.07164],[80.25995,8.07161],[80.26005,8.07167],[80.26005,8.07173],[80.2601,8.07173],[80.2601,8.07154],[80.25986,8.07145],[80.25983,8.07118],[80.2597,8.07119]]]}},{"type":"Feature","properties":{"c":"scrub"},"geometry":{"type":"Polygon","coordinates":[[[80.2581,8.07062],[80.25816,8.07091],[80.2581,8.07121],[80.25811,8.07163],[80.25815,8.07163],[80.2583,8.07065],[80.2585,8.07052],[80.25851,8.07042],[80.2581,8.07062]]]}},{"type":"Feature","properties":{"c":"scrub"},"geometry":{"type":"Polygon","coordinates":[[[80.25939,8.07205],[80.25946,8.07205],[80.25948,8.07215],[80.25984,8.07231],[80.25988,8.07225],[80.25969,8.0722],[80.25952,8.07194],[80.25958,8.07176],[80.25945,8.0717],[80.25939,8.07205]]]}},{"type":"Feature","properties":{"c":"scrub"},"geometry":{"type":"Polygon","coordinates":[[[80.25985,8.07283],[80.25996,8.07285],[80.2603,8.0728],[80.26017,8.07253],[80.25993,8.0724],[80.25985,8.07283]]]}},{"type":"Feature","properties":{"c":"forest"},"geometry":{"type":"Polygon","coordinates":[[[80.25957,8.07183],[80.2598,8.07197],[80.25988,8.07217],[80.25984,8.07231],[80.25993,8.0724],[80.26017,8.07253],[80.2603,8.0728],[80.26037,8.07275],[80.26034,8.07263],[80.26054,8.07251],[80.26065,8.0725],[80.26071,8.07258],[80.26117,8.07249],[80.26109,8.07183],[80.26094,8.07186],[80.26091,8.07174],[80.26077,8.07174],[80.26076,8.07181],[80.26037,8.07185],[80.26034,8.07175],[80.26026,8.07176],[80.26023,8.07183],[80.2601,8.07182],[80.2601,8.07173],[80.25958,8.07176],[80.25957,8.07183]]]}},{"type":"Feature","properties":{"c":"scrub"},"geometry":{"type":"Polygon","coordinates":[[[80.25996,8.07054],[80.26009,8.07073],[80.26014,8.07071],[80.2603,8.07083],[80.26056,8.07082],[80.26056,8.07069],[80.26046,8.07068],[80.26043,8.07056],[80.26054,8.07007],[80.26062,8.06993],[80.2605,8.06991],[80.26031,8.07072],[80.26028,8.07073],[80.26007,8.07047],[80.25996,8.07054]]]}},{"type":"Feature","properties":{"c":"scrub"},"geometry":{"type":"Polygon","coordinates":[[[80.26219,8.0705],[80.26222,8.07059],[80.26247,8.07074],[80.26258,8.07069],[80.26284,8.07075],[80.26304,8.07087],[80.26315,8.07082],[80.26322,8.0707],[80.26312,8.07013],[80.26273,8.06992],[80.26251,8.06998],[80.26219,8.0705]]]}},{"type":"Feature","properties":{"c":"forest"},"geometry":{"type":"Polygon","coordinates":[[[80.25951,8.07277],[80.25963,8.07334],[80.25977,8.0734],[80.25981,8.07351],[80.26011,8.07328],[80.26002,8.07315],[80.26013,8.07309],[80.26012,8.07305],[80.26004,8.07305],[80.26002,8.07285],[80.25996,8.07285],[80.25991,8.07316],[80.25977,8.07314],[80.25974,8.07288],[80.25969,8.07285],[80.2597,8.07274],[80.25958,8.07269],[80.25951,8.07277]]]}},{"type":"Feature","properties":{"c":"forest"},"geometry":{"type":"Polygon","coordinates":[[[80.25872,8.07266],[80.25873,8.07276],[80.25919,8.07364],[80.25944,8.07385],[80.2595,8.07384],[80.25961,8.07372],[80.25941,8.07361],[80.25919,8.07337],[80.25906,8.07279],[80.25941,8.07278],[80.25954,8.07283],[80.25951,8.07277],[80.25901,8.07255],[80.25872,8.07266]]]}},{"type":"Feature","properties":{"c":"farmland"},"geometry":{"type":"Polygon","coordinates":[[[80.2588,8.07409],[80.25889,8.07429],[80.25897,8.07427],[80.25911,8.07444],[80.25919,8.07462],[80.259,8.07468],[80.25903,8.07501],[80.25897,8.07546],[80.25926,8.07593],[80.25949,8.07591],[80.2595,8.07571],[80.25966,8.07568],[80.25971,8.07549],[80.25981,8.07546],[80.26005,8.07573],[80.26018,8.07566],[80.26011,8.07545],[80.26024,8.07538],[80.26022,8.0753],[80.26032,8.07527],[80.26028,8.07457],[80.26015,8.07457],[80.26013,8.07451],[80.25996,8.07452],[80.25988,8.07437],[80.25958,8.0744],[80.25951,8.07402],[80.25923,8.07406],[80.2592,8.07397],[80.2588,8.07409]]]}},{"type":"Feature","properties":{"c":"scrub"},"geometry":{"type":"Polygon","coordinates":[[[80.26002,8.0758],[80.26041,8.07568],[80.26056,8.07552],[80.26044,8.07527],[80.2604,8.07457],[80.26028,8.07457],[80.26032,8.07527],[80.26022,8.0753],[80.26024,8.07538],[80.26011,8.07545],[80.26018,8.07566],[80.26005,8.07573],[80.26002,8.0758]]]}},{"type":"Feature","properties":{"c":"meadow"},"geometry":{"type":"Polygon","coordinates":[[[80.25947,8.07601],[80.25962,8.07639],[80.26015,8.07696],[80.26085,8.07635],[80.26088,8.07627],[80.26082,8.0762],[80.26086,8.07609],[80.26099,8.07611],[80.26103,8.07598],[80.26099,8.07589],[80.26086,8.07581],[80.26063,8.07576],[80.26056,8.07581],[80.26051,8.07577],[80.2606,8.0756],[80.26056,8.07552],[80.26041,8.07568],[80.26002,8.0758],[80.25999,8.07589],[80.25947,8.07601]]]}},{"type":"Feature","properties":{"c":"scrub"},"geometry":{"type":"Polygon","coordinates":[[[80.26058,8.07562],[80.26071,8.07564],[80.26075,8.07557],[80.261,8.07556],[80.26121,8.07566],[80.2613,8.07562],[80.26132,8.07557],[80.26122,8.07545],[80.26129,8.07541],[80.26149,8.07547],[80.26171,8.07536],[80.2619,8.07543],[80.26201,8.07534],[80.26205,8.07522],[80.262,8.07514],[80.26194,8.07511],[80.26162,8.07522],[80.26154,8.07509],[80.26161,8.07487],[80.26166,8.0748],[80.26189,8.0747],[80.26188,8.0746],[80.26174,8.07461],[80.2616,8.07478],[80.2615,8.07481],[80.26133,8.07478],[80.26124,8.07488],[80.26116,8.07488],[80.26106,8.07478],[80.26089,8.07479],[80.26075,8.07467],[80.26078,8.0749],[80.26074,8.075],[80.2609,8.07504],[80.26116,8.07497],[80.2612,8.07514],[80.26131,8.07528],[80.26128,8.07535],[80.26119,8.07535],[80.26095,8.07551],[80.26074,8.07547],[80.26066,8.0756],[80.26058,8.07562]]]}},{"type":"Feature","properties":{"c":"scrub"},"geometry":{"type":"Polygon","coordinates":[[[80.2607,8.07434],[80.2608,8.07443],[80.26081,8.07456],[80.26091,8.0746],[80.26104,8.07449],[80.2611,8.07452],[80.26115,8.07465],[80.26126,8.07467],[80.26122,8.07454],[80.26109,8.07446],[80.26108,8.07431],[80.26102,8.07426],[80.26085,8.07424],[80.2607,8.07434]]]}},{"type":"Feature","properties":{"c":"scrub"},"geometry":{"type":"Polygon","coordinates":[[[80.26267,8.07302],[80.26279,8.07322],[80.26312,8.07326],[80.26333,8.07276],[80.26359,8.07269],[80.26367,8.07258],[80.26362,8.07247],[80.26354,8.07237],[80.26312,8.07237],[80.26313,8.07247],[80.263,8.07279],[80.263,8.07301],[80.26288,8.07308],[80.26267,8.07302]]]}},{"type":"Feature","properties":{"c":"scrub"},"geometry":{"type":"Polygon","coordinates":[[[80.26186,8.07191],[80.26187,8.07204],[80.26196,8.07214],[80.26211,8.07206],[80.26214,8.07212],[80.26211,8.07217],[80.26222,8.07234],[80.26252,8.0724],[80.26245,8.0717],[80.26248,8.07165],[80.2621,8.07164],[80.26195,8.07175],[80.26186,8.07191]]]}},{"type":"Feature","properties":{"c":"forest"},"geometry":{"type":"Polygon","coordinates":[[[80.26066,8.07539],[80.26069,8.0755],[80.26095,8.07551],[80.26119,8.07535],[80.26128,8.07535],[80.26131,8.07528],[80.2612,8.07514],[80.26116,8.07497],[80.2609,8.07504],[80.26074,8.075],[80.26076,8.07513],[80.26098,8.07518],[80.26081,8.07534],[80.26066,8.07539]]]}},{"type":"Feature","properties":{"c":"forest"},"geometry":{"type":"Polygon","coordinates":[[[80.2595,8.07384],[80.25958,8.0744],[80.25988,8.07437],[80.25996,8.07452],[80.26013,8.07451],[80.26015,8.07457],[80.2604,8.07457],[80.26041,8.07436],[80.2607,8.07434],[80.26085,8.07424],[80.26102,8.07426],[80.26108,8.07431],[80.26109,8.07446],[80.26122,8.07454],[80.26133,8.07478],[80.2616,8.07478],[80.26174,8.07461],[80.26275,8.07453],[80.26279,8.07322],[80.26259,8.07279],[80.26259,8.07262],[80.26252,8.0724],[80.26222,8.07234],[80.26211,8.07217],[80.26204,8.07222],[80.26198,8.07219],[80.26187,8.07204],[80.26186,8.07191],[80.26195,8.07175],[80.2621,8.07164],[80.26262,8.07163],[80.26287,8.07155],[80.26276,8.07142],[80.26277,8.07135],[80.26281,8.0713],[80.26291,8.07131],[80.26292,8.07119],[80.26301,8.07117],[80.26304,8.07087],[80.26284,8.07075],[80.26264,8.07072],[80.26265,8.07084],[80.26253,8.07083],[80.26247,8.07074],[80.26222,8.07059],[80.26219,8.0705],[80.26184,8.0707],[80.26188,8.07076],[80.26187,8.07091],[80.26154,8.07098],[80.26154,8.07113],[80.26101,8.07114],[80.26117,8.07249],[80.26071,8.07258],[80.26078,8.07286],[80.26054,8.07298],[80.26054,8.07308],[80.26038,8.07311],[80.25981,8.07351],[80.25988,8.0737],[80.25981,8.07375],[80.25961,8.07372],[80.2595,8.07384]]]}},{"type":"Feature","properties":{"c":"forest"},"geometry":{"type":"Polygon","coordinates":[[[80.26075,8.07467],[80.26089,8.07479],[80.26106,8.07478],[80.26116,8.07488],[80.26124,8.07488],[80.26133,8.07478],[80.26104,8.07449],[80.26091,8.0746],[80.26081,8.07456],[80.26075,8.07467]]]}},{"type":"Feature","properties":{"c":"farmland"},"geometry":{"type":"Polygon","coordinates":[[[80.26116,8.07877],[80.26132,8.07902],[80.26149,8.0795],[80.26157,8.08003],[80.26162,8.08103],[80.26157,8.08114],[80.26148,8.08123],[80.2614,8.08124],[80.26139,8.0813],[80.26164,8.08131],[80.26178,8.0814],[80.26175,8.08153],[80.26191,8.08159],[80.26192,8.08171],[80.26222,8.08176],[80.26229,8.08181],[80.26246,8.08181],[80.26257,8.08143],[80.26225,8.08148],[80.2621,8.08138],[80.26208,8.08084],[80.26228,8.08085],[80.2624,8.08097],[80.26247,8.08097],[80.26256,8.08095],[80.26259,8.08088],[80.26255,8.08081],[80.26259,8.08069],[80.26297,8.08074],[80.26293,8.08037],[80.26286,8.08034],[80.26296,8.0799],[80.26289,8.07942],[80.26291,8.07939],[80.26282,8.07912],[80.26289,8.07906],[80.26287,8.07901],[80.26274,8.07911],[80.2627,8.07902],[80.26258,8.07909],[80.26239,8.07902],[80.2623,8.07906],[80.26223,8.07856],[80.26205,8.07854],[80.26191,8.07847],[80.26153,8.07854],[80.26116,8.07877]]]}},{"type":"Feature","properties":{"c":"farmland"},"geometry":{"type":"Polygon","coordinates":[[[80.26038,8.07804],[80.26059,8.07812],[80.2608,8.07832],[80.26116,8.07877],[80.26136,8.07863],[80.26127,8.07851],[80.26128,8.07835],[80.26159,8.07826],[80.2617,8.07836],[80.26201,8.07837],[80.26196,8.07774],[80.26176,8.07774],[80.26158,8.0778],[80.26129,8.07775],[80.26127,8.07789],[80.26115,8.0779],[80.26094,8.0778],[80.26095,8.07768],[80.26084,8.07764],[80.26081,8.07774],[80.26056,8.07774],[80.26038,8.07804]]]}},{"type":"Feature","properties":{"c":"scrub"},"geometry":{"type":"Polygon","coordinates":[[[80.26094,8.0778],[80.26115,8.0779],[80.26127,8.07789],[80.26129,8.07775],[80.26158,8.0778],[80.26176,8.07774],[80.26196,8.07774],[80.26201,8.07837],[80.26182,8.07839],[80.2617,8.07836],[80.26159,8.07826],[80.2615,8.07826],[80.26128,8.07835],[80.26127,8.07851],[80.26136,8.07863],[80.26168,8.0785],[80.26202,8.0785],[80.26207,8.07844],[80.2621,8.07814],[80.26205,8.0779],[80.2621,8.07782],[80.26188,8.07762],[80.2617,8.07752],[80.26152,8.07749],[80.26101,8.07756],[80.26094,8.0778]]]}},{"type":"Feature","properties":{"c":"meadow"},"geometry":{"type":"Polygon","coordinates":[[[80.26135,8.08133],[80.26142,8.08145],[80.26157,8.08208],[80.26166,8.08226],[80.26192,8.08218],[80.26206,8.08208],[80.26206,8.0819],[80.26229,8.08181],[80.26222,8.08176],[80.26192,8.08171],[80.26191,8.08159],[80.26175,8.08153],[80.26178,8.0814],[80.26164,8.08131],[80.26135,8.08133]]]}},{"type":"Feature","properties":{"c":"forest"},"geometry":{"type":"Polygon","coordinates":[[[80.25981,8.08037],[80.26041,8.08048],[80.26041,8.08057],[80.2605,8.08063],[80.26055,8.08058],[80.26063,8.08107],[80.26047,8.08109],[80.26044,8.08125],[80.26027,8.0815],[80.26043,8.08156],[80.26048,8.08147],[80.26044,8.08143],[80.26047,8.08133],[80.26058,8.08136],[80.26093,8.08124],[80.26093,8.08109],[80.26098,8.08103],[80.26125,8.08109],[80.26135,8.08133],[80.26139,8.0813],[80.2614,8.08124],[80.2611,8.08085],[80.26092,8.08067],[80.26062,8.08048],[80.26037,8.08036],[80.25985,8.08023],[80.25981,8.08037]]]}},{"type":"Feature","properties":{"c":"scrub"},"geometry":{"type":"Polygon","coordinates":[[[80.26286,8.08034],[80.26293,8.08037],[80.26307,8.08002],[80.26311,8.08002],[80.26313,8.08015],[80.26327,8.0801],[80.26336,8.07995],[80.26335,8.07989],[80.2632,8.07984],[80.26309,8.07973],[80.26305,8.07981],[80.26295,8.07981],[80.26295,8.08001],[80.26286,8.08034]]]}},{"type":"Feature","properties":{"c":"forest"},"geometry":{"type":"Polygon","coordinates":[[[80.26002,8.07706],[80.2606,8.07774],[80.26081,8.07774],[80.26084,8.07764],[80.26095,8.07768],[80.26101,8.07756],[80.26152,8.07749],[80.2617,8.07752],[80.262,8.07769],[80.2622,8.07796],[80.26268,8.07768],[80.26273,8.07755],[80.26287,8.07751],[80.26275,8.07715],[80.26255,8.07722],[80.26242,8.0771],[80.26252,8.07696],[80.26298,8.07692],[80.26275,8.07453],[80.26188,8.0746],[80.26189,8.0747],[80.26184,8.07474],[80.26166,8.0748],[80.26154,8.07509],[80.26155,8.07515],[80.26162,8.07522],[80.26194,8.07511],[80.262,8.07514],[80.26205,8.07522],[80.26201,8.07534],[80.2619,8.07543],[80.26171,8.07536],[80.26149,8.07547],[80.26129,8.07541],[80.26122,8.07545],[80.26132,8.07557],[80.2613,8.07562],[80.26121,8.07566],[80.261,8.07556],[80.26075,8.07557],[80.26071,8.07564],[80.26058,8.07562],[80.26051,8.07577],[80.26056,8.07581],[80.26063,8.07576],[80.26074,8.07577],[80.26099,8.07589],[80.26103,8.07598],[80.26099,8.07611],[80.26086,8.07609],[80.26082,8.0762],[80.26088,8.07627],[80.26085,8.07635],[80.26002,8.07706]]]}},{"type":"Feature","properties":{"c":"scrub"},"geometry":{"type":"Polygon","coordinates":[[[80.26242,8.0771],[80.26255,8.07722],[80.26275,8.07715],[80.26272,8.07707],[80.26257,8.07705],[80.26252,8.07696],[80.26242,8.0771]]]}},{"type":"Feature","properties":{"c":"scrub"},"geometry":{"type":"Polygon","coordinates":[[[80.2622,8.07796],[80.26231,8.07823],[80.2624,8.0782],[80.26238,8.07809],[80.26242,8.07801],[80.26249,8.07802],[80.26255,8.07791],[80.26273,8.07779],[80.26275,8.07771],[80.26306,8.07773],[80.26305,8.07754],[80.26287,8.07751],[80.26273,8.07755],[80.26268,8.07768],[80.2622,8.07796]]]}},{"type":"Feature","properties":{"c":"forest"},"geometry":{"type":"Polygon","coordinates":[[[80.26208,8.08084],[80.2621,8.08138],[80.26225,8.08148],[80.26257,8.08143],[80.26246,8.08181],[80.26659,8.0818],[80.26675,8.07968],[80.26655,8.07932],[80.26625,8.07929],[80.26619,8.0792],[80.26621,8.07912],[80.26639,8.07898],[80.26663,8.07899],[80.26661,8.0744],[80.26667,8.07303],[80.26668,8.06991],[80.26362,8.07],[80.26339,8.07003],[80.26312,8.07013],[80.26322,8.0707],[80.26315,8.07082],[80.26304,8.07087],[80.26301,8.07117],[80.26303,8.07123],[80.26311,8.07127],[80.26309,8.07138],[80.26313,8.0715],[80.26303,8.07157],[80.26287,8.07155],[80.26262,8.07163],[80.26302,8.072],[80.26312,8.07237],[80.26354,8.07237],[80.26367,8.07258],[80.26359,8.07269],[80.26333,8.07276],[80.26312,8.07326],[80.26279,8.07322],[80.26275,8.07453],[80.26298,8.07692],[80.26252,8.07696],[80.26257,8.07705],[80.26272,8.07707],[80.26287,8.07751],[80.26305,8.07754],[80.26309,8.07766],[80.26306,8.07773],[80.26275,8.07771],[80.26273,8.07779],[80.26255,8.07791],[80.26249,8.07802],[80.26242,8.07801],[80.26238,8.07809],[80.2624,8.0782],[80.26231,8.07823],[80.26223,8.07856],[80.2623,8.07906],[80.26239,8.07902],[80.26258,8.07909],[80.2627,8.07902],[80.26274,8.07911],[80.26287,8.07901],[80.26289,8.07906],[80.26282,8.07912],[80.26291,8.07939],[80.26295,8.07981],[80.26305,8.07981],[80.26309,8.07973],[80.2632,8.07984],[80.26335,8.07989],[80.26334,8.08001],[80.26327,8.0801],[80.26313,8.08015],[80.26313,8.08021],[80.26316,8.08031],[80.26334,8.08029],[80.26336,8.08035],[80.26333,8.08046],[80.2631,8.08055],[80.26297,8.08074],[80.26259,8.08069],[80.26256,8.08095],[80.2624,8.08097],[80.26228,8.08085],[80.26208,8.08084]]]}},{"type":"Feature","properties":{"c":"scrub"},"geometry":{"type":"Polygon","coordinates":[[[80.25907,8.06617],[80.25946,8.06705],[80.25962,8.06696],[80.25956,8.06682],[80.25983,8.06668],[80.25991,8.06672],[80.26024,8.06664],[80.26039,8.06665],[80.26044,8.0665],[80.26043,8.06643],[80.26032,8.06645],[80.26026,8.06651],[80.26018,8.06647],[80.26007,8.06599],[80.25989,8.06598],[80.25986,8.0659],[80.25967,8.06582],[80.25959,8.06585],[80.25987,8.06605],[80.26008,8.06613],[80.2602,8.06659],[80.25971,8.06649],[80.25957,8.06618],[80.25951,8.06591],[80.25935,8.06596],[80.25948,8.06621],[80.25953,8.0665],[80.25967,8.06655],[80.25972,8.06666],[80.25948,8.06677],[80.25915,8.06613],[80.25907,8.06617]]]}},{"type":"Feature","properties":{"c":"forest"},"geometry":{"type":"Polygon","coordinates":[[[80.25927,8.06544],[80.25935,8.06596],[80.25967,8.06582],[80.25966,8.0657],[80.25982,8.0657],[80.25989,8.0656],[80.26011,8.06563],[80.26031,8.06548],[80.26046,8.06543],[80.26045,8.06519],[80.26029,8.06518],[80.26028,8.06488],[80.26015,8.0648],[80.25964,8.06479],[80.25964,8.0646],[80.25935,8.0646],[80.25927,8.06544]]]}},{"type":"Feature","properties":{"c":"scrub"},"geometry":{"type":"Polygon","coordinates":[[[80.25935,8.0646],[80.26003,8.06461],[80.26003,8.06453],[80.26008,8.06451],[80.26008,8.06423],[80.26011,8.06422],[80.2601,8.06384],[80.25943,8.06387],[80.25935,8.0646]]]}},{"type":"Feature","properties":{"c":"scrub"},"geometry":{"type":"Polygon","coordinates":[[[80.26015,8.0648],[80.26028,8.06488],[80.26029,8.06518],[80.26045,8.06519],[80.26046,8.06543],[80.26068,8.06544],[80.26066,8.06456],[80.26047,8.06457],[80.26045,8.06479],[80.26015,8.0648]]]}},{"type":"Feature","properties":{"c":"forest"},"geometry":{"type":"Polygon","coordinates":[[[80.26009,8.06669],[80.26029,8.06715],[80.26064,8.0671],[80.26073,8.06713],[80.26077,8.06721],[80.26075,8.0673],[80.26058,8.06735],[80.26061,8.06752],[80.2607,8.06753],[80.26069,8.06784],[80.26115,8.06787],[80.2612,8.06753],[80.26127,8.06744],[80.26146,8.06678],[80.26092,8.06655],[80.26076,8.06688],[80.26055,8.06686],[80.26045,8.06667],[80.26039,8.06665],[80.26009,8.06669]]]}},{"type":"Feature","properties":{"c":"scrub"},"geometry":{"type":"Polygon","coordinates":[[[80.26092,8.06655],[80.26146,8.06678],[80.26153,8.06658],[80.26172,8.06637],[80.26152,8.06624],[80.26125,8.06619],[80.26111,8.06624],[80.26092,8.06655]]]}},{"type":"Feature","properties":{"c":"forest"},"geometry":{"type":"Polygon","coordinates":[[[80.25943,8.06387],[80.26021,8.06384],[80.2603,8.0639],[80.26034,8.06416],[80.26041,8.06421],[80.26049,8.0644],[80.26047,8.06457],[80.26066,8.06456],[80.26068,8.06544],[80.26046,8.06543],[80.26037,8.06572],[80.2602,8.0659],[80.2602,8.06598],[80.26036,8.06597],[80.26038,8.06586],[80.26061,8.06587],[80.26055,8.06628],[80.26044,8.06628],[80.26044,8.0665],[80.26074,8.06651],[80.2608,8.06646],[80.26092,8.06655],[80.26111,8.06624],[80.26125,8.06619],[80.26162,8.06629],[80.26162,8.06538],[80.26157,8.06536],[80.26152,8.06523],[80.2616,8.06502],[80.26169,8.06489],[80.26179,8.0648],[80.2619,8.06478],[80.26184,8.06438],[80.26168,8.06451],[80.26158,8.0645],[80.2616,8.06433],[80.26168,8.06421],[80.26099,8.06283],[80.26089,8.06294],[80.26077,8.06272],[80.26011,8.06314],[80.25953,8.0632],[80.25943,8.06387]]]}},{"type":"Feature","properties":{"c":"forest"},"geometry":{"type":"Polygon","coordinates":[[[80.26088,8.06263],[80.26099,8.06274],[80.26099,8.06283],[80.26168,8.06421],[80.26186,8.0643],[80.26194,8.06488],[80.26186,8.06499],[80.26187,8.06506],[80.2619,8.0651],[80.26197,8.06506],[80.26202,8.06515],[80.26179,8.06533],[80.26162,8.06538],[80.26162,8.06629],[80.26172,8.06637],[80.26153,8.06658],[80.26135,8.0671],[80.26179,8.06718],[80.2618,8.06747],[80.26173,8.06768],[80.26166,8.06767],[80.26164,8.06793],[80.26348,8.06789],[80.26348,8.06988],[80.26362,8.07],[80.26668,8.06991],[80.2667,8.06882],[80.26695,8.06872],[80.26669,8.06822],[80.2668,8.06804],[80.2668,8.06792],[80.26703,8.06787],[80.26718,8.06767],[80.26719,8.06758],[80.26712,8.06739],[80.26703,8.06743],[80.26698,8.06735],[80.26706,8.0672],[80.26695,8.06704],[80.26676,8.06701],[80.26676,8.06693],[80.26658,8.06691],[80.26654,8.06686],[80.26661,8.06677],[80.2667,8.06675],[80.26667,8.06662],[80.2666,8.06653],[80.26668,8.06642],[80.26681,8.06644],[80.26663,8.06599],[80.26591,8.06609],[80.26586,8.06599],[80.26586,8.06584],[80.26593,8.06578],[80.26589,8.06404],[80.26575,8.06404],[80.26561,8.06394],[80.2654,8.0639],[80.26541,8.0634],[80.26555,8.06304],[80.26549,8.06293],[80.26439,8.06307],[80.26434,8.0629],[80.26448,8.06284],[80.26425,8.06127],[80.26396,8.06121],[80.26358,8.06093],[80.26333,8.0606],[80.2632,8.06056],[80.26273,8.06065],[80.262,8.06104],[80.26154,8.06142],[80.26117,8.06159],[80.26133,8.06196],[80.26118,8.06204],[80.26134,8.0624],[80.26088,8.06263]]]}},{"type":"Feature","properties":{"c":"meadow"},"geometry":{"type":"Polygon","coordinates":[[[80.26654,8.06686],[80.26658,8.06691],[80.26676,8.06693],[80.26676,8.06701],[80.26684,8.06704],[80.26695,8.06704],[80.26705,8.06691],[80.26684,8.06676],[80.26681,8.06644],[80.26668,8.06642],[80.2666,8.06653],[80.26667,8.06662],[80.2667,8.06675],[80.26661,8.06677],[80.26654,8.06686]]]}},{"type":"Feature","properties":{"c":"forest"},"geometry":{"type":"Polygon","coordinates":[[[80.26589,8.06404],[80.26593,8.06578],[80.26605,8.06582],[80.26612,8.06606],[80.26663,8.06599],[80.26681,8.06644],[80.26684,8.06676],[80.26705,8.06691],[80.26695,8.06704],[80.26706,8.0672],[80.26722,8.06716],[80.26728,8.06729],[80.26735,8.06729],[80.26738,8.06741],[80.26779,8.06729],[80.26784,8.06741],[80.26798,8.06736],[80.26812,8.06741],[80.2686,8.06735],[80.26824,8.06549],[80.26843,8.06424],[80.26836,8.06418],[80.2685,8.0638],[80.26835,8.06313],[80.26774,8.06363],[80.26765,8.06359],[80.26752,8.06364],[80.26739,8.06357],[80.26717,8.06367],[80.26687,8.06361],[80.26663,8.0638],[80.26654,8.06373],[80.26638,8.06371],[80.26632,8.06381],[80.26638,8.06386],[80.26634,8.06393],[80.26598,8.06396],[80.26589,8.06404]]]}},{"type":"Feature","properties":{"c":"farmland"},"geometry":{"type":"Polygon","coordinates":[[[80.26698,8.06735],[80.26703,8.06743],[80.26712,8.06739],[80.26719,8.06758],[80.26718,8.06767],[80.26703,8.06787],[80.26702,8.06815],[80.26706,8.06833],[80.26717,8.06851],[80.26746,8.06839],[80.2675,8.06829],[80.26766,8.06826],[80.26772,8.06829],[80.26784,8.06815],[80.26811,8.06804],[80.2682,8.06795],[80.26824,8.06786],[80.26812,8.06741],[80.26798,8.06736],[80.26784,8.06741],[80.26779,8.06729],[80.26738,8.06741],[80.26735,8.06729],[80.26728,8.06729],[80.26722,8.06716],[80.26706,8.0672],[80.26698,8.06735]]]}},{"type":"Feature","properties":{"c":"scrub"},"geometry":{"type":"Polygon","coordinates":[[[80.26689,8.06788],[80.26703,8.06851],[80.26704,8.06869],[80.26714,8.06861],[80.26717,8.06851],[80.26706,8.06833],[80.26702,8.06815],[80.26703,8.06787],[80.26689,8.06788]]]}},{"type":"Feature","properties":{"c":"scrub"},"geometry":{"type":"Polygon","coordinates":[[[80.26921,8.07915],[80.26965,8.07924],[80.26984,8.07914],[80.26989,8.07891],[80.26978,8.07892],[80.26966,8.07883],[80.2696,8.07883],[80.26961,8.07897],[80.26923,8.07907],[80.26921,8.07915]]]}},{"type":"Feature","properties":{"c":"forest"},"geometry":{"type":"Polygon","coordinates":[[[80.26659,8.0818],[80.27321,8.08185],[80.27318,8.08142],[80.27312,8.08143],[80.27309,8.08126],[80.27295,8.08127],[80.27296,8.08103],[80.2729,8.08093],[80.27245,8.08072],[80.27241,8.08065],[80.27218,8.08068],[80.27213,8.08056],[80.27215,8.08038],[80.27238,8.08033],[80.27242,8.08039],[80.27261,8.08037],[80.2726,8.08017],[80.27276,8.08015],[80.27274,8.08007],[80.27305,8.08],[80.27307,8.0792],[80.26989,8.07891],[80.26984,8.07914],[80.26965,8.07924],[80.26921,8.07915],[80.26663,8.07899],[80.26665,8.07915],[80.26689,8.07952],[80.26675,8.07968],[80.26659,8.0818]]]}},{"type":"Feature","properties":{"c":"forest"},"geometry":{"type":"Polygon","coordinates":[[[80.26667,8.07303],[80.26875,8.07312],[80.26892,8.0732],[80.26895,8.07334],[80.2689,8.07353],[80.26915,8.07349],[80.26918,8.0734],[80.2691,8.0734],[80.2691,8.07328],[80.26904,8.07327],[80.26898,8.07311],[80.26908,8.07296],[80.26948,8.07292],[80.26951,8.0728],[80.26964,8.0728],[80.26964,8.07292],[80.26979,8.07292],[80.2698,8.07278],[80.26988,8.07273],[80.27006,8.07272],[80.27006,8.07298],[80.27015,8.07297],[80.27014,8.07273],[80.2703,8.07279],[80.27055,8.07275],[80.27076,8.07276],[80.27114,8.07264],[80.27108,8.07243],[80.27122,8.07235],[80.27131,8.07202],[80.27099,8.0719],[80.27105,8.07171],[80.27127,8.07155],[80.27143,8.07149],[80.27155,8.07158],[80.27151,8.0717],[80.2721,8.07202],[80.27211,8.07187],[80.2718,8.07135],[80.27179,8.07097],[80.27159,8.07088],[80.27153,8.07076],[80.27152,8.07019],[80.27143,8.07013],[80.27123,8.06975],[80.27082,8.06981],[80.27064,8.06996],[80.27057,8.07007],[80.27044,8.07009],[80.27038,8.06998],[80.27028,8.06999],[80.27028,8.07011],[80.27019,8.07025],[80.27016,8.07025],[80.27016,8.06997],[80.27031,8.06985],[80.27045,8.06942],[80.27054,8.0694],[80.27067,8.06914],[80.27062,8.06909],[80.27066,8.06899],[80.27076,8.069],[80.27093,8.06927],[80.27102,8.06931],[80.27109,8.06923],[80.27122,8.06929],[80.27121,8.06912],[80.27099,8.06898],[80.27113,8.0689],[80.27117,8.06882],[80.27109,8.06871],[80.27092,8.06865],[80.27088,8.06858],[80.27091,8.06848],[80.27082,8.06837],[80.27089,8.06834],[80.2709,8.06819],[80.27056,8.06823],[80.27043,8.06817],[80.26997,8.06824],[80.26959,8.06796],[80.2696,8.06785],[80.26992,8.06757],[80.26961,8.06747],[80.26964,8.06723],[80.26958,8.06713],[80.26942,8.06705],[80.2686,8.06735],[80.26812,8.06741],[80.26824,8.06786],[80.26811,8.06804],[80.26784,8.06815],[80.26772,8.06829],[80.26766,8.06826],[80.2675,8.06829],[80.26746,8.06839],[80.26717,8.06851],[80.26714,8.06861],[80.26704,8.06869],[80.2667,8.06882],[80.26667,8.07303]]]}},{"type":"Feature","properties":{"c":"forest"},"geometry":{"type":"Polygon","coordinates":[[[80.26661,8.07434],[80.26681,8.07433],[80.26683,8.07447],[80.26676,8.07455],[80.26663,8.07455],[80.26663,8.07899],[80.26921,8.07915],[80.26923,8.07907],[80.26961,8.07897],[80.2696,8.07883],[80.26966,8.07883],[80.26978,8.07892],[80.27387,8.07929],[80.27387,8.07849],[80.2743,8.07849],[80.27429,8.07826],[80.27378,8.07824],[80.2734,8.0781],[80.27286,8.07702],[80.27291,8.07674],[80.27191,8.07646],[80.27183,8.07559],[80.27171,8.07491],[80.27031,8.07493],[80.26998,8.07379],[80.2694,8.0739],[80.26905,8.07384],[80.26903,8.07351],[80.26876,8.07354],[80.26864,8.07323],[80.26866,8.07313],[80.26667,8.07303],[80.26661,8.07434]]]}},{"type":"Feature","properties":{"c":"forest"},"geometry":{"type":"Polygon","coordinates":[[[80.2602,8.06991],[80.26038,8.06989],[80.26062,8.06993],[80.26063,8.07019],[80.26072,8.07043],[80.26084,8.07047],[80.26093,8.07057],[80.26092,8.07062],[80.26056,8.07069],[80.26061,8.07116],[80.26085,8.07115],[80.26084,8.07084],[80.26106,8.07083],[80.26105,8.07068],[80.26184,8.0707],[80.26219,8.0705],[80.26251,8.06998],[80.26273,8.06992],[80.26312,8.07013],[80.26339,8.07003],[80.26336,8.0699],[80.26348,8.06988],[80.26348,8.06789],[80.26164,8.06793],[80.26069,8.06784],[80.26059,8.06864],[80.26022,8.06865],[80.2602,8.06991]]]}},{"type":"Feature","properties":{"c":"forest"},"geometry":{"type":"Polygon","coordinates":[[[80.24418,8.06216],[80.24568,8.06266],[80.24492,8.06201],[80.24481,8.06216],[80.24471,8.0622],[80.24452,8.06216],[80.24424,8.06185],[80.2442,8.06162],[80.24426,8.06147],[80.24441,8.06141],[80.24454,8.06141],[80.24495,8.06091],[80.24482,8.06072],[80.24479,8.06053],[80.24491,8.06039],[80.24509,8.06036],[80.24514,8.06041],[80.24511,8.06086],[80.24532,8.06086],[80.24533,8.06069],[80.24528,8.06055],[80.24532,8.06042],[80.2454,8.06038],[80.24557,8.06048],[80.24554,8.06077],[80.24676,8.06078],[80.24702,8.06177],[80.24737,8.06173],[80.24711,8.06012],[80.24421,8.06009],[80.24418,8.06216]]]}},{"type":"Feature","properties":{"c":"scrub"},"geometry":{"type":"Polygon","coordinates":[[[80.24536,8.06239],[80.24568,8.06266],[80.246,8.06268],[80.24684,8.06264],[80.2475,8.06251],[80.24737,8.06173],[80.24702,8.06177],[80.24684,8.06108],[80.24664,8.06128],[80.24643,8.06168],[80.24617,8.06168],[80.24621,8.06186],[80.24605,8.06233],[80.24629,8.06232],[80.24633,8.06249],[80.24613,8.06254],[80.24604,8.06249],[80.24602,8.06239],[80.24536,8.06239]]]}},{"type":"Feature","properties":{"c":"scrub"},"geometry":{"type":"Polygon","coordinates":[[[80.24536,8.06239],[80.24602,8.06239],[80.2461,8.06218],[80.24595,8.06216],[80.24578,8.06204],[80.24573,8.06167],[80.24566,8.06156],[80.24566,8.0621],[80.24552,8.06229],[80.24536,8.06239]]]}},{"type":"Feature","properties":{"c":"forest"},"geometry":{"type":"Polygon","coordinates":[[[80.24454,8.06141],[80.2446,8.06148],[80.24455,8.06166],[80.2447,8.06197],[80.24485,8.06207],[80.24492,8.06201],[80.24492,8.06175],[80.24488,8.06168],[80.24507,8.06093],[80.24495,8.06091],[80.24454,8.06141]]]}},{"type":"Feature","properties":{"c":"scrub"},"geometry":{"type":"Polygon","coordinates":[[[80.19824,8.03256],[80.19917,8.03278],[80.19917,8.03267],[80.19827,8.03243],[80.19824,8.03256]]]}},{"type":"Feature","properties":{"c":"forest"},"geometry":{"type":"Polygon","coordinates":[[[80.20435,8.03027],[80.20468,8.03081],[80.20492,8.03063],[80.20519,8.03079],[80.20511,8.03194],[80.20553,8.03198],[80.20554,8.03176],[80.20568,8.03142],[80.20579,8.03082],[80.20504,8.02989],[80.20435,8.03027]]]}},{"type":"Feature","properties":{"c":"scrub"},"geometry":{"type":"Polygon","coordinates":[[[80.20391,8.03023],[80.20438,8.03092],[80.20468,8.03081],[80.20435,8.03027],[80.2048,8.03003],[80.20461,8.02972],[80.20391,8.03023]]]}},{"type":"Feature","properties":{"c":"forest"},"geometry":{"type":"Polygon","coordinates":[[[80.20335,8.03108],[80.20345,8.03151],[80.20461,8.03148],[80.20468,8.03081],[80.20438,8.03092],[80.20391,8.03023],[80.20359,8.03063],[80.20335,8.03108]]]}},{"type":"Feature","properties":{"c":"meadow"},"geometry":{"type":"Polygon","coordinates":[[[80.20616,8.03153],[80.20671,8.03166],[80.20675,8.03147],[80.20649,8.03129],[80.20625,8.03131],[80.20616,8.03153]]]}},{"type":"Feature","properties":{"c":"meadow"},"geometry":{"type":"Polygon","coordinates":[[[80.20559,8.03163],[80.20589,8.0317],[80.20596,8.03147],[80.20568,8.03142],[80.20559,8.03163]]]}},{"type":"Feature","properties":{"c":"forest"},"geometry":{"type":"Polygon","coordinates":[[[80.20585,8.03189],[80.20661,8.03208],[80.20671,8.03166],[80.20596,8.03147],[80.20585,8.03189]]]}},{"type":"Feature","properties":{"c":"scrub"},"geometry":{"type":"Polygon","coordinates":[[[80.20581,8.03206],[80.20608,8.03212],[80.20606,8.03225],[80.20693,8.03252],[80.20737,8.03272],[80.20747,8.0324],[80.20661,8.03208],[80.20585,8.03189],[80.20581,8.03206]]]}},{"type":"Feature","properties":{"c":"forest"},"geometry":{"type":"Polygon","coordinates":[[[80.20737,8.0307],[80.20752,8.0311],[80.20834,8.03078],[80.20822,8.03052],[80.20781,8.03065],[80.20758,8.03029],[80.20741,8.03047],[80.20749,8.03067],[80.20737,8.0307]]]}},{"type":"Feature","properties":{"c":"scrub"},"geometry":{"type":"Polygon","coordinates":[[[80.20428,8.02908],[80.20468,8.02966],[80.20461,8.02972],[80.2048,8.03003],[80.20504,8.02989],[80.20559,8.03059],[80.20581,8.0303],[80.20615,8.03051],[80.20631,8.03022],[80.20597,8.03002],[80.20627,8.02944],[80.20614,8.02933],[80.20644,8.02895],[80.20675,8.02934],[80.20725,8.02929],[80.20748,8.02922],[80.20732,8.02892],[80.20715,8.02895],[80.20703,8.02884],[80.20676,8.0289],[80.2066,8.02871],[80.20632,8.02857],[80.2064,8.02851],[80.20633,8.02842],[80.2058,8.02905],[80.20586,8.02911],[80.20557,8.0294],[80.20502,8.02894],[80.20483,8.02913],[80.20448,8.02881],[80.20428,8.02908]]]}},{"type":"Feature","properties":{"c":"scrub"},"geometry":{"type":"Polygon","coordinates":[[[80.20174,8.02777],[80.20211,8.02877],[80.20185,8.02897],[80.20202,8.02929],[80.20226,8.02905],[80.20269,8.02931],[80.20263,8.02939],[80.20321,8.02978],[80.20376,8.02901],[80.20354,8.02862],[80.20318,8.02876],[80.20298,8.02848],[80.20311,8.02834],[80.20298,8.02812],[80.20273,8.02823],[80.20259,8.02792],[80.20226,8.02807],[80.20208,8.0276],[80.20174,8.02777]]]}},{"type":"Feature","properties":{"c":"forest"},"geometry":{"type":"Polygon","coordinates":[[[80.20297,8.0279],[80.20316,8.02833],[80.20332,8.0283],[80.20376,8.02901],[80.20421,8.02833],[80.20414,8.02827],[80.20428,8.02803],[80.20378,8.02762],[80.20374,8.02718],[80.20411,8.02701],[80.20477,8.02684],[80.20479,8.02747],[80.20508,8.02756],[80.20534,8.0271],[80.20544,8.02716],[80.20559,8.02697],[80.20544,8.02662],[80.20515,8.02675],[80.20501,8.02648],[80.20482,8.02656],[80.20466,8.02626],[80.20408,8.0265],[80.20413,8.02669],[80.2038,8.0268],[80.20376,8.0267],[80.2034,8.02677],[80.20298,8.02692],[80.20298,8.02701],[80.20329,8.02779],[80.20297,8.0279]]]}},{"type":"Feature","properties":{"c":"scrub"},"geometry":{"type":"Polygon","coordinates":[[[80.21881,8.02751],[80.21893,8.02768],[80.21921,8.02747],[80.21967,8.02803],[80.22095,8.0273],[80.22066,8.02674],[80.22016,8.02635],[80.21967,8.02699],[80.21894,8.02703],[80.21889,8.02714],[80.21905,8.02723],[80.21881,8.02751]]]}},{"type":"Feature","properties":{"c":"meadow"},"geometry":{"type":"Polygon","coordinates":[[[80.21838,8.07296],[80.21853,8.07315],[80.21887,8.07325],[80.21899,8.07277],[80.2187,8.0727],[80.21866,8.073],[80.21851,8.07305],[80.21838,8.07296]]]}},{"type":"Feature","properties":{"c":"residential"},"geometry":{"type":"Polygon","coordinates":[[[80.17309,8.08872],[80.17801,8.08973],[80.17813,8.08847],[80.1739,8.08674],[80.17309,8.08872]]]}},{"type":"Feature","properties":{"c":"farmland","n":"paddy area"},"geometry":{"type":"Polygon","coordinates":[[[80.24329,8.08867],[80.24405,8.0894],[80.24404,8.08847],[80.24329,8.08867]]]}},{"type":"Feature","properties":{"c":"farmland","n":"paddy area"},"geometry":{"type":"Polygon","coordinates":[[[80.24096,8.0889],[80.24279,8.08966],[80.24311,8.08743],[80.24162,8.08758],[80.24096,8.0889]]]}},{"type":"Feature","properties":{"c":"farmland"},"geometry":{"type":"Polygon","coordinates":[[[80.23837,8.09439],[80.2389,8.095],[80.23953,8.0946],[80.23891,8.09398],[80.23837,8.09439]]]}},{"type":"Feature","properties":{"c":"farmland"},"geometry":{"type":"Polygon","coordinates":[[[80.23697,8.09661],[80.23796,8.09744],[80.23828,8.09697],[80.23755,8.09572],[80.23697,8.09661]]]}},{"type":"Feature","properties":{"c":"farmland"},"geometry":{"type":"Polygon","coordinates":[[[80.23683,8.09831],[80.23694,8.09907],[80.23937,8.09871],[80.23922,8.09796],[80.23683,8.09831]]]}},{"type":"Feature","properties":{"c":"farmland"},"geometry":{"type":"Polygon","coordinates":[[[80.10374,8.1687],[80.10411,8.16948],[80.10445,8.16998],[80.10462,8.16991],[80.10494,8.1693],[80.10474,8.16918],[80.10469,8.169],[80.10456,8.16884],[80.10436,8.16876],[80.10438,8.16849],[80.10403,8.16836],[80.10399,8.16862],[80.10374,8.1687]]]}},{"type":"Feature","properties":{"c":"farmland"},"geometry":{"type":"Polygon","coordinates":[[[80.1023,8.17068],[80.10328,8.17088],[80.10404,8.17044],[80.10434,8.17016],[80.10363,8.16897],[80.1036,8.16856],[80.10342,8.16835],[80.10338,8.16812],[80.10353,8.16812],[80.10365,8.16804],[80.10375,8.16814],[80.1039,8.168],[80.10458,8.16824],[80.10464,8.16814],[80.10458,8.16797],[80.10425,8.16778],[80.10445,8.1674],[80.10485,8.16769],[80.10559,8.16723],[80.10548,8.16685],[80.10555,8.16668],[80.10575,8.1666],[80.10598,8.16679],[80.10623,8.16684],[80.10649,8.16665],[80.10657,8.1665],[80.10648,8.16642],[80.10611,8.16638],[80.10505,8.1664],[80.10474,8.16663],[80.10463,8.16658],[80.10461,8.16641],[80.10393,8.16679],[80.10362,8.16684],[80.10306,8.1671],[80.10293,8.16699],[80.10273,8.16778],[80.10273,8.16817],[80.10256,8.16893],[80.10267,8.16917],[80.10251,8.16961],[80.1023,8.17068]]]}},{"type":"Feature","properties":{"c":"farmland"},"geometry":{"type":"Polygon","coordinates":[[[80.19325,8.13481],[80.19325,8.1352],[80.19346,8.13527],[80.19343,8.1357],[80.19404,8.13563],[80.195,8.13592],[80.19599,8.13346],[80.19501,8.13262],[80.19449,8.13262],[80.19408,8.13304],[80.19375,8.13364],[80.19325,8.13481]]]}},{"type":"Feature","properties":{"c":"farmland"},"geometry":{"type":"Polygon","coordinates":[[[80.19898,8.13655],[80.1997,8.13678],[80.19987,8.13649],[80.2,8.13613],[80.19908,8.1358],[80.19898,8.13655]]]}},{"type":"Feature","properties":{"c":"farmland"},"geometry":{"type":"Polygon","coordinates":[[[80.19909,8.13402],[80.19915,8.13417],[80.19911,8.13438],[80.19923,8.13449],[80.19943,8.13456],[80.19943,8.13467],[80.19959,8.13469],[80.19974,8.13443],[80.19986,8.13436],[80.20011,8.13401],[80.19928,8.13378],[80.19918,8.13395],[80.19909,8.13402]]]}},{"type":"Feature","properties":{"c":"farmland"},"geometry":{"type":"Polygon","coordinates":[[[80.1774,8.14199],[80.17768,8.14201],[80.1784,8.14104],[80.17811,8.14076],[80.1774,8.14199]]]}},{"type":"Feature","properties":{"c":"farmland"},"geometry":{"type":"Polygon","coordinates":[[[80.1759,8.14199],[80.17655,8.14214],[80.17704,8.14193],[80.17743,8.14195],[80.17742,8.1417],[80.17723,8.14145],[80.17752,8.14101],[80.17737,8.14102],[80.17722,8.14061],[80.17741,8.14012],[80.17764,8.14034],[80.1782,8.14005],[80.17813,8.13976],[80.17784,8.13973],[80.1775,8.13982],[80.17748,8.13991],[80.17696,8.13984],[80.17692,8.14003],[80.17622,8.13992],[80.1759,8.14199]]]}},{"type":"Feature","properties":{"c":"farmland"},"geometry":{"type":"Polygon","coordinates":[[[80.17508,8.14244],[80.17512,8.14254],[80.17518,8.14249],[80.17528,8.14254],[80.17522,8.14262],[80.17528,8.14272],[80.17543,8.14266],[80.17548,8.14268],[80.17568,8.14252],[80.17583,8.14253],[80.17582,8.14231],[80.17562,8.14222],[80.17536,8.14237],[80.17518,8.14232],[80.17508,8.14244]]]}},{"type":"Feature","properties":{"c":"farmland"},"geometry":{"type":"Polygon","coordinates":[[[80.17502,8.14041],[80.17505,8.14082],[80.17569,8.14088],[80.17597,8.14099],[80.17605,8.14047],[80.17502,8.14041]]]}},{"type":"Feature","properties":{"c":"farmland"},"geometry":{"type":"Polygon","coordinates":[[[80.17543,8.13991],[80.17546,8.14009],[80.17611,8.14004],[80.17615,8.13976],[80.17598,8.1395],[80.17562,8.13947],[80.17572,8.13991],[80.17543,8.13991]]]}},{"type":"Feature","properties":{"c":"farmland"},"geometry":{"type":"Polygon","coordinates":[[[80.16944,8.13808],[80.16973,8.13863],[80.17019,8.13842],[80.16988,8.13785],[80.16944,8.13808]]]}},{"type":"Feature","properties":{"c":"farmland"},"geometry":{"type":"Polygon","coordinates":[[[80.17195,8.14505],[80.17205,8.14588],[80.17196,8.14621],[80.1738,8.14623],[80.17304,8.14399],[80.17267,8.14393],[80.17195,8.14505]]]}},{"type":"Feature","properties":{"c":"farmland"},"geometry":{"type":"Polygon","coordinates":[[[80.16979,8.14499],[80.17007,8.14624],[80.17196,8.14621],[80.17194,8.14603],[80.17205,8.14588],[80.17195,8.14505],[80.17181,8.14507],[80.1718,8.14521],[80.17155,8.14527],[80.17147,8.14507],[80.17124,8.14503],[80.17105,8.14505],[80.17098,8.14521],[80.17045,8.14485],[80.17016,8.14426],[80.17025,8.14403],[80.1701,8.14383],[80.16994,8.14384],[80.16979,8.14499]]]}},{"type":"Feature","properties":{"c":"farmland"},"geometry":{"type":"Polygon","coordinates":[[[80.17233,8.13926],[80.17278,8.13958],[80.17297,8.13941],[80.17246,8.13903],[80.17233,8.13926]]]}},{"type":"Feature","properties":{"c":"farmland"},"geometry":{"type":"Polygon","coordinates":[[[80.1751,8.13839],[80.17518,8.1392],[80.17514,8.13936],[80.17558,8.13934],[80.17555,8.13907],[80.17584,8.13912],[80.17627,8.1389],[80.17661,8.13716],[80.17601,8.1371],[80.17579,8.13716],[80.17579,8.1373],[80.17565,8.13732],[80.17562,8.1371],[80.17532,8.1372],[80.17534,8.13741],[80.17525,8.1375],[80.17515,8.13776],[80.1751,8.13839]]]}},{"type":"Feature","properties":{"c":"farmland"},"geometry":{"type":"Polygon","coordinates":[[[80.12335,8.15658],[80.12418,8.15691],[80.12437,8.15663],[80.12437,8.15619],[80.12454,8.15602],[80.12442,8.15494],[80.12452,8.15459],[80.12399,8.15348],[80.12385,8.15257],[80.12395,8.15178],[80.12416,8.15082],[80.12401,8.1507],[80.12387,8.1507],[80.1239,8.1503],[80.12399,8.14991],[80.12339,8.14953],[80.12335,8.15658]]]}},{"type":"Feature","properties":{"c":"farmland"},"geometry":{"type":"Polygon","coordinates":[[[80.1242,8.15226],[80.12446,8.15249],[80.12448,8.15358],[80.12509,8.15404],[80.12523,8.15437],[80.12554,8.15425],[80.12547,8.15348],[80.12639,8.15345],[80.12621,8.15288],[80.12543,8.15312],[80.12533,8.15173],[80.12494,8.15192],[80.12453,8.15183],[80.12423,8.15199],[80.1242,8.15226]]]}},{"type":"Feature","properties":{"c":"farmland"},"geometry":{"type":"Polygon","coordinates":[[[80.13075,8.15702],[80.13376,8.1562],[80.13418,8.15402],[80.13402,8.15444],[80.13378,8.15445],[80.13353,8.1546],[80.13352,8.15481],[80.13333,8.15486],[80.13337,8.15528],[80.13309,8.15533],[80.13294,8.15549],[80.13283,8.15538],[80.13251,8.15551],[80.13257,8.15576],[80.13221,8.15612],[80.13206,8.15612],[80.13075,8.15702]]]}},{"type":"Feature","properties":{"c":"farmland"},"geometry":{"type":"Polygon","coordinates":[[[80.12604,8.15472],[80.12624,8.15494],[80.12681,8.15468],[80.1269,8.15452],[80.12715,8.15443],[80.12697,8.15408],[80.12604,8.15472]]]}},{"type":"Feature","properties":{"c":"farmland"},"geometry":{"type":"Polygon","coordinates":[[[80.12723,8.15677],[80.12731,8.1571],[80.12853,8.15708],[80.12836,8.15678],[80.12812,8.15663],[80.12775,8.15671],[80.12756,8.1569],[80.12723,8.15677]]]}},{"type":"Feature","properties":{"c":"farmland"},"geometry":{"type":"Polygon","coordinates":[[[80.126,8.15662],[80.12629,8.15703],[80.12649,8.15794],[80.12699,8.1576],[80.12748,8.15767],[80.12706,8.15631],[80.12617,8.15653],[80.126,8.15662]]]}},{"type":"Feature","properties":{"c":"farmland"},"geometry":{"type":"Polygon","coordinates":[[[80.12832,8.14927],[80.12898,8.15035],[80.12936,8.15025],[80.13009,8.15065],[80.13039,8.1497],[80.12999,8.14863],[80.12955,8.14825],[80.12932,8.14772],[80.1294,8.1475],[80.12977,8.14759],[80.12976,8.14639],[80.12879,8.14643],[80.12855,8.14678],[80.12875,8.14687],[80.12903,8.14675],[80.12907,8.14718],[80.12874,8.14719],[80.1286,8.14768],[80.1289,8.14784],[80.12895,8.14813],[80.12937,8.14835],[80.12935,8.14862],[80.12895,8.14877],[80.12906,8.14913],[80.12876,8.14935],[80.12857,8.14915],[80.12832,8.14927]]]}},{"type":"Feature","properties":{"c":"farmland"},"geometry":{"type":"Polygon","coordinates":[[[80.13434,8.16298],[80.13439,8.16614],[80.13506,8.16615],[80.13655,8.16311],[80.13646,8.16247],[80.13434,8.16298]]]}},{"type":"Feature","properties":{"c":"farmland"},"geometry":{"type":"Polygon","coordinates":[[[80.13433,8.1614],[80.13436,8.16284],[80.13645,8.16235],[80.13624,8.16101],[80.13614,8.16163],[80.13537,8.16157],[80.13476,8.16201],[80.13451,8.16201],[80.1346,8.1616],[80.13433,8.1614]]]}},{"type":"Feature","properties":{"c":"farmland"},"geometry":{"type":"Polygon","coordinates":[[[80.13977,8.16572],[80.14137,8.16544],[80.1426,8.1662],[80.1426,8.16746],[80.14276,8.16794],[80.14327,8.16744],[80.14346,8.16754],[80.14491,8.167],[80.14517,8.16717],[80.14537,8.16709],[80.14562,8.16754],[80.14618,8.16739],[80.14622,8.16665],[80.14603,8.16661],[80.14624,8.16584],[80.14637,8.16655],[80.14757,8.16648],[80.14749,8.16414],[80.14632,8.16307],[80.14449,8.16125],[80.14366,8.16215],[80.14109,8.16196],[80.13977,8.16572]]]}},{"type":"Feature","properties":{"c":"farmland"},"geometry":{"type":"Polygon","coordinates":[[[80.14649,8.16297],[80.1476,8.16408],[80.14802,8.16709],[80.14924,8.16638],[80.1506,8.16587],[80.15062,8.1656],[80.1509,8.16536],[80.15296,8.16449],[80.15308,8.16087],[80.14665,8.16085],[80.14649,8.16297]]]}},{"type":"Feature","properties":{"c":"farmland"},"geometry":{"type":"Polygon","coordinates":[[[80.15296,8.16449],[80.15336,8.16445],[80.15371,8.16381],[80.15418,8.16389],[80.15455,8.16408],[80.15445,8.16446],[80.1554,8.16574],[80.15616,8.16613],[80.15616,8.16008],[80.15313,8.16003],[80.15296,8.16449]]]}},{"type":"Feature","properties":{"c":"farmland"},"geometry":{"type":"Polygon","coordinates":[[[80.15087,8.15991],[80.15614,8.16001],[80.15616,8.15548],[80.1518,8.15549],[80.15103,8.15652],[80.15087,8.15991]]]}},{"type":"Feature","properties":{"c":"farmland"},"geometry":{"type":"Polygon","coordinates":[[[80.15078,8.16074],[80.1531,8.16087],[80.15312,8.15996],[80.15087,8.15991],[80.15078,8.16074]]]}},{"type":"Feature","properties":{"c":"farmland"},"geometry":{"type":"Polygon","coordinates":[[[80.14388,8.16032],[80.14649,8.16297],[80.14657,8.16078],[80.15078,8.16074],[80.15095,8.15653],[80.15025,8.1565],[80.14792,8.15466],[80.14699,8.15435],[80.14682,8.15408],[80.1462,8.15481],[80.14596,8.15583],[80.14634,8.15582],[80.14638,8.15733],[80.14567,8.15822],[80.14399,8.15861],[80.14388,8.16032]]]}},{"type":"Feature","properties":{"c":"farmland"},"geometry":{"type":"Polygon","coordinates":[[[80.13634,8.16051],[80.1365,8.16124],[80.13922,8.16131],[80.14072,8.16168],[80.14252,8.16196],[80.14362,8.16204],[80.14451,8.16115],[80.14369,8.16036],[80.14371,8.15835],[80.14388,8.15796],[80.14322,8.15737],[80.14312,8.15662],[80.14246,8.156],[80.14218,8.15594],[80.1422,8.15661],[80.14184,8.15676],[80.14043,8.15927],[80.13944,8.1598],[80.13908,8.15922],[80.13906,8.15878],[80.13865,8.1589],[80.13882,8.16009],[80.13844,8.16018],[80.138,8.16005],[80.13793,8.15997],[80.13634,8.16051]]]}},{"type":"Feature","properties":{"c":"farmland"},"geometry":{"type":"Polygon","coordinates":[[[80.15169,8.1554],[80.15611,8.15548],[80.15615,8.15115],[80.15583,8.15122],[80.15563,8.15079],[80.15587,8.15075],[80.1557,8.15013],[80.15472,8.1508],[80.15419,8.15134],[80.15265,8.15195],[80.15209,8.15398],[80.15177,8.15417],[80.15169,8.1554]]]}},{"type":"Feature","properties":{"c":"farmland"},"geometry":{"type":"Polygon","coordinates":[[[80.13438,8.15755],[80.13531,8.15636],[80.13621,8.15534],[80.13662,8.1551],[80.1372,8.15515],[80.14025,8.15302],[80.14188,8.15273],[80.14295,8.15216],[80.1442,8.15079],[80.14384,8.15057],[80.1445,8.14969],[80.14479,8.14937],[80.14645,8.14835],[80.14677,8.14831],[80.14717,8.14809],[80.14699,8.14787],[80.14803,8.14722],[80.1486,8.14764],[80.14905,8.14741],[80.14839,8.14655],[80.14895,8.14623],[80.13649,8.14642],[80.1366,8.14669],[80.13697,8.14686],[80.1369,8.14784],[80.13664,8.14833],[80.13587,8.14852],[80.1354,8.14831],[80.13503,8.14935],[80.13469,8.14992],[80.13443,8.15011],[80.13463,8.15041],[80.13576,8.15073],[80.13654,8.15049],[80.13688,8.15088],[80.13649,8.15132],[80.13589,8.15217],[80.13516,8.15213],[80.13488,8.15311],[80.13438,8.15755]]]}},{"type":"Feature","properties":{"c":"residential"},"geometry":{"type":"Polygon","coordinates":[[[80.12962,8.16909],[80.12964,8.17233],[80.13025,8.17171],[80.1308,8.17247],[80.13217,8.17243],[80.13236,8.17168],[80.13575,8.17172],[80.13575,8.17033],[80.13479,8.1692],[80.12962,8.16909]]]}},{"type":"Feature","properties":{"c":"farmland"},"geometry":{"type":"Polygon","coordinates":[[[80.12962,8.16909],[80.12964,8.17233],[80.13025,8.17171],[80.13048,8.17053],[80.13222,8.17093],[80.13236,8.17168],[80.13575,8.17172],[80.13575,8.17033],[80.13479,8.1692],[80.12962,8.16909]]]}},{"type":"Feature","properties":{"c":"farmland"},"geometry":{"type":"Polygon","coordinates":[[[80.12962,8.16909],[80.13479,8.1692],[80.13504,8.16916],[80.1373,8.16825],[80.13883,8.16618],[80.12962,8.16613],[80.12962,8.16909]]]}},{"type":"Feature","properties":{"c":"farmland"},"geometry":{"type":"Polygon","coordinates":[[[80.1373,8.16825],[80.13832,8.16896],[80.13955,8.16908],[80.14083,8.16894],[80.14098,8.16843],[80.14256,8.16758],[80.1426,8.16746],[80.1426,8.1662],[80.13883,8.16618],[80.1373,8.16825]]]}},{"type":"Feature","properties":{"c":"forest"},"geometry":{"type":"Polygon","coordinates":[[[80.13504,8.16916],[80.13594,8.17023],[80.13593,8.17089],[80.13602,8.17109],[80.13639,8.17102],[80.13727,8.17053],[80.13789,8.16979],[80.13822,8.16928],[80.13901,8.16902],[80.13832,8.16896],[80.1373,8.16825],[80.13504,8.16916]]]}},{"type":"Feature","properties":{"c":"farmland"},"geometry":{"type":"Polygon","coordinates":[[[80.13243,8.17292],[80.13408,8.17288],[80.1342,8.17257],[80.13476,8.17189],[80.13245,8.17186],[80.13243,8.17292]]]}},{"type":"Feature","properties":{"c":"farmland"},"geometry":{"type":"Polygon","coordinates":[[[80.13429,8.17287],[80.13546,8.1729],[80.13531,8.17225],[80.13541,8.17189],[80.13493,8.17181],[80.13431,8.17253],[80.13429,8.17287]]]}},{"type":"Feature","properties":{"c":"farmland"},"geometry":{"type":"Polygon","coordinates":[[[80.1354,8.17219],[80.13563,8.17288],[80.13714,8.17283],[80.13709,8.17258],[80.13646,8.17188],[80.13554,8.17187],[80.13553,8.17196],[80.1354,8.17219]]]}},{"type":"Feature","properties":{"c":"farmland"},"geometry":{"type":"Polygon","coordinates":[[[80.13129,8.17221],[80.13189,8.17285],[80.13226,8.17267],[80.13233,8.17195],[80.13191,8.17218],[80.13129,8.17221]]]}},{"type":"Feature","properties":{"c":"farmland"},"geometry":{"type":"Polygon","coordinates":[[[80.1202,8.15737],[80.12066,8.15797],[80.1208,8.15791],[80.12111,8.15762],[80.12125,8.15772],[80.12136,8.15758],[80.1215,8.15759],[80.12159,8.15753],[80.12142,8.15722],[80.1215,8.1572],[80.12159,8.15724],[80.1217,8.15719],[80.12174,8.15721],[80.12177,8.15718],[80.12168,8.15691],[80.12194,8.15686],[80.12202,8.1567],[80.12208,8.15675],[80.12212,8.15656],[80.12202,8.15639],[80.12215,8.15616],[80.12215,8.156],[80.12223,8.1558],[80.12221,8.15554],[80.12142,8.15583],[80.12123,8.15597],[80.1204,8.15694],[80.1202,8.15737]]]}},{"type":"Feature","properties":{"c":"farmland"},"geometry":{"type":"Polygon","coordinates":[[[80.11644,8.15814],[80.11645,8.15949],[80.11705,8.15949],[80.11684,8.15812],[80.11644,8.15814]]]}},{"type":"Feature","properties":{"c":"farmland"},"geometry":{"type":"Polygon","coordinates":[[[80.11692,8.15808],[80.11713,8.15951],[80.11786,8.15951],[80.11733,8.15798],[80.11692,8.15808]]]}},{"type":"Feature","properties":{"c":"farmland"},"geometry":{"type":"Polygon","coordinates":[[[80.11749,8.15794],[80.11785,8.15874],[80.11809,8.15862],[80.11764,8.15793],[80.11749,8.15794]]]}},{"type":"Feature","properties":{"c":"farmland"},"geometry":{"type":"Polygon","coordinates":[[[80.11789,8.15791],[80.11853,8.15864],[80.11859,8.15866],[80.11866,8.15859],[80.11868,8.15844],[80.11876,8.15838],[80.11874,8.15739],[80.1189,8.15646],[80.11891,8.15599],[80.11813,8.15582],[80.11809,8.15652],[80.11815,8.15678],[80.11798,8.15746],[80.11795,8.15785],[80.11789,8.15791]]]}},{"type":"Feature","properties":{"c":"farmland"},"geometry":{"type":"Polygon","coordinates":[[[80.11963,8.15901],[80.11985,8.15904],[80.11994,8.15913],[80.11985,8.1594],[80.11978,8.15948],[80.12113,8.1595],[80.12117,8.15938],[80.12,8.15872],[80.11978,8.15878],[80.11963,8.15901]]]}},{"type":"Feature","properties":{"c":"farmland"},"geometry":{"type":"Polygon","coordinates":[[[80.12027,8.15867],[80.12029,8.15879],[80.12121,8.15931],[80.12125,8.15928],[80.12129,8.15899],[80.12151,8.1586],[80.1212,8.15826],[80.12027,8.15867]]]}},{"type":"Feature","properties":{"c":"farmland"},"geometry":{"type":"Polygon","coordinates":[[[80.11907,8.15632],[80.11927,8.15693],[80.11933,8.15747],[80.11912,8.1581],[80.11913,8.15837],[80.11932,8.15856],[80.11943,8.15845],[80.11965,8.15845],[80.11965,8.15807],[80.1207,8.1564],[80.11958,8.15506],[80.11907,8.15632]]]}},{"type":"Feature","properties":{"c":"farmland"},"geometry":{"type":"Polygon","coordinates":[[[80.11976,8.15805],[80.12002,8.15839],[80.12021,8.15831],[80.12039,8.15833],[80.12074,8.15818],[80.12063,8.15792],[80.1202,8.15737],[80.11976,8.15805]]]}},{"type":"Feature","properties":{"c":"farmland"},"geometry":{"type":"Polygon","coordinates":[[[80.11813,8.15582],[80.11891,8.15599],[80.11904,8.15597],[80.11973,8.1544],[80.12018,8.15356],[80.12053,8.15317],[80.12115,8.15291],[80.12111,8.15286],[80.11892,8.15288],[80.11874,8.15312],[80.11901,8.15312],[80.11921,8.15326],[80.11934,8.15348],[80.11942,8.15351],[80.11946,8.15364],[80.11939,8.15369],[80.11954,8.15388],[80.1195,8.15397],[80.11935,8.1539],[80.11862,8.1534],[80.11836,8.15448],[80.11813,8.15582]]]}},{"type":"Feature","properties":{"c":"farmland"},"geometry":{"type":"Polygon","coordinates":[[[80.12026,8.15572],[80.12076,8.15636],[80.12122,8.15585],[80.12274,8.15521],[80.12249,8.15387],[80.12194,8.1541],[80.12026,8.15572]]]}},{"type":"Feature","properties":{"c":"farmland"},"geometry":{"type":"Polygon","coordinates":[[[80.11963,8.15497],[80.12009,8.15556],[80.12057,8.15516],[80.12075,8.15511],[80.12184,8.15409],[80.12247,8.15377],[80.12227,8.15246],[80.12066,8.15323],[80.12026,8.15362],[80.11987,8.15439],[80.11963,8.15497]]]}},{"type":"Feature","properties":{"c":"farmland"},"geometry":{"type":"Polygon","coordinates":[[[80.12218,8.15646],[80.12224,8.15648],[80.12235,8.15668],[80.1224,8.15664],[80.12247,8.15667],[80.12274,8.1566],[80.12291,8.15652],[80.12275,8.15532],[80.12226,8.15549],[80.12249,8.15569],[80.12245,8.15599],[80.12259,8.1562],[80.12249,8.15632],[80.1222,8.15633],[80.12218,8.15646]]]}},{"type":"Feature","properties":{"c":"farmland"},"geometry":{"type":"Polygon","coordinates":[[[80.1227,8.15467],[80.123,8.15653],[80.12335,8.15658],[80.12336,8.15467],[80.1227,8.15467]]]}},{"type":"Feature","properties":{"c":"farmland"},"geometry":{"type":"Polygon","coordinates":[[[80.12242,8.15289],[80.1227,8.15458],[80.12337,8.15459],[80.12337,8.15288],[80.12242,8.15289]]]}},{"type":"Feature","properties":{"c":"farmland"},"geometry":{"type":"Polygon","coordinates":[[[80.12123,8.15951],[80.12278,8.15951],[80.12273,8.15925],[80.12171,8.15922],[80.12128,8.15939],[80.12123,8.15951]]]}},{"type":"Feature","properties":{"c":"farmland"},"geometry":{"type":"Polygon","coordinates":[[[80.12194,8.15837],[80.12203,8.15846],[80.12199,8.15865],[80.12211,8.15893],[80.12211,8.15915],[80.12272,8.15917],[80.12281,8.15872],[80.12341,8.15838],[80.12357,8.15821],[80.12386,8.1581],[80.12389,8.15802],[80.12372,8.15797],[80.12344,8.15802],[80.12331,8.15811],[80.12312,8.15808],[80.12289,8.15817],[80.1227,8.15835],[80.12262,8.15825],[80.12249,8.15835],[80.12202,8.15823],[80.12194,8.15837]]]}},{"type":"Feature","properties":{"c":"farmland"},"geometry":{"type":"Polygon","coordinates":[[[80.12348,8.15944],[80.12376,8.15944],[80.12376,8.15951],[80.12764,8.15949],[80.12729,8.15914],[80.12678,8.15876],[80.12638,8.15896],[80.1262,8.1587],[80.12628,8.1586],[80.1265,8.15859],[80.12653,8.15849],[80.12646,8.15841],[80.12593,8.15831],[80.12597,8.15852],[80.12585,8.15861],[80.12567,8.1585],[80.12559,8.15817],[80.12551,8.15811],[80.12523,8.15811],[80.12486,8.15835],[80.12496,8.15867],[80.12479,8.15907],[80.12359,8.15919],[80.12348,8.15944]]]}},{"type":"Feature","properties":{"c":"farmland"},"geometry":{"type":"Polygon","coordinates":[[[80.12775,8.15926],[80.12778,8.1595],[80.12903,8.1595],[80.1286,8.15872],[80.12829,8.1587],[80.12818,8.15887],[80.12816,8.15907],[80.12775,8.15926]]]}},{"type":"Feature","properties":{"c":"farmland"},"geometry":{"type":"Polygon","coordinates":[[[80.12877,8.15792],[80.12885,8.1581],[80.12938,8.15807],[80.12943,8.15801],[80.12934,8.15782],[80.12923,8.15775],[80.12895,8.1578],[80.12877,8.15792]]]}},{"type":"Feature","properties":{"c":"farmland"},"geometry":{"type":"Polygon","coordinates":[[[80.12208,8.15795],[80.12245,8.15799],[80.12333,8.15774],[80.1238,8.15746],[80.12396,8.157],[80.12306,8.15665],[80.12225,8.15702],[80.12214,8.15741],[80.12208,8.15795]]]}},{"type":"Feature","properties":{"c":"farmland"},"geometry":{"type":"Polygon","coordinates":[[[80.12407,8.15763],[80.12407,8.15783],[80.12447,8.15811],[80.12495,8.15813],[80.12526,8.158],[80.12521,8.1572],[80.1248,8.15696],[80.12452,8.15715],[80.12407,8.15763]]]}},{"type":"Feature","properties":{"c":"farmland"},"geometry":{"type":"Polygon","coordinates":[[[80.11358,8.15835],[80.11398,8.15932],[80.11396,8.15951],[80.11445,8.15947],[80.11451,8.15951],[80.11638,8.15951],[80.11639,8.15924],[80.11626,8.15918],[80.1162,8.15907],[80.1162,8.15887],[80.11636,8.15875],[80.11636,8.15817],[80.11549,8.15829],[80.11534,8.15856],[80.11516,8.15854],[80.11516,8.15842],[80.11509,8.15834],[80.11478,8.15851],[80.11406,8.15838],[80.11407,8.15825],[80.11358,8.15835]]]}},{"type":"Feature","properties":{"c":"farmland"},"geometry":{"type":"Polygon","coordinates":[[[80.11342,8.15794],[80.11354,8.15827],[80.11407,8.15816],[80.11409,8.15806],[80.11401,8.15781],[80.11342,8.15794]]]}},{"type":"Feature","properties":{"c":"farmland"},"geometry":{"type":"Polygon","coordinates":[[[80.10345,8.15952],[80.10434,8.15951],[80.10408,8.15896],[80.10345,8.15952]]]}},{"type":"Feature","properties":{"c":"farmland"},"geometry":{"type":"Polygon","coordinates":[[[80.10416,8.1589],[80.10445,8.15952],[80.10564,8.15951],[80.10558,8.1594],[80.10579,8.1593],[80.10576,8.15897],[80.10544,8.15901],[80.10527,8.15893],[80.10525,8.15879],[80.10438,8.15871],[80.10416,8.1589]]]}},{"type":"Feature","properties":{"c":"farmland"},"geometry":{"type":"Polygon","coordinates":[[[80.10584,8.15949],[80.10736,8.15947],[80.1076,8.15942],[80.10759,8.15905],[80.10725,8.1589],[80.10587,8.15884],[80.10584,8.15949]]]}},{"type":"Feature","properties":{"c":"farmland"},"geometry":{"type":"Polygon","coordinates":[[[80.10337,8.158],[80.10366,8.15822],[80.1037,8.15852],[80.10431,8.15857],[80.10433,8.15827],[80.10457,8.15777],[80.10449,8.15765],[80.10469,8.1574],[80.10488,8.1573],[80.10442,8.15683],[80.10424,8.15728],[80.10436,8.15751],[80.10432,8.15767],[80.1041,8.15775],[80.1039,8.15771],[80.10383,8.15763],[80.10363,8.15763],[80.10347,8.15779],[80.10337,8.158]]]}},{"type":"Feature","properties":{"c":"farmland"},"geometry":{"type":"Polygon","coordinates":[[[80.10447,8.15858],[80.10547,8.15867],[80.10549,8.15813],[80.10571,8.1582],[80.10592,8.15782],[80.10582,8.15776],[80.10598,8.15764],[80.10618,8.15776],[80.10618,8.15792],[80.10629,8.15802],[80.10659,8.15761],[80.10621,8.15706],[80.10595,8.15699],[80.10565,8.15656],[80.10534,8.15688],[80.10554,8.15707],[80.1054,8.15738],[80.10503,8.1573],[80.1047,8.15776],[80.10451,8.1582],[80.10447,8.15858]]]}},{"type":"Feature","properties":{"c":"farmland"},"geometry":{"type":"Polygon","coordinates":[[[80.10421,8.15653],[80.10457,8.1568],[80.10489,8.15664],[80.10517,8.1566],[80.1053,8.15673],[80.10593,8.15598],[80.10538,8.15527],[80.1052,8.15545],[80.10484,8.1554],[80.10456,8.15548],[80.10444,8.15568],[80.10462,8.1559],[80.1046,8.15603],[80.10421,8.15653]]]}},{"type":"Feature","properties":{"c":"farmland"},"geometry":{"type":"Polygon","coordinates":[[[80.10537,8.15461],[80.10623,8.15558],[80.10663,8.15503],[80.10647,8.15484],[80.10651,8.1547],[80.10672,8.15442],[80.10677,8.15425],[80.10632,8.15394],[80.10599,8.15422],[80.10585,8.15412],[80.10537,8.15461]]]}},{"type":"Feature","properties":{"c":"farmland"},"geometry":{"type":"Polygon","coordinates":[[[80.10589,8.1563],[80.10625,8.15664],[80.10636,8.15655],[80.10669,8.15691],[80.10692,8.15675],[80.10687,8.15665],[80.10714,8.15648],[80.10741,8.15655],[80.10742,8.1564],[80.10765,8.15629],[80.10773,8.15641],[80.10794,8.15625],[80.10774,8.15584],[80.10757,8.15593],[80.10754,8.1558],[80.10742,8.15582],[80.10733,8.15561],[80.10726,8.15563],[80.10706,8.15536],[80.10688,8.15539],[80.10684,8.15508],[80.10672,8.15506],[80.10589,8.1563]]]}},{"type":"Feature","properties":{"c":"farmland"},"geometry":{"type":"Polygon","coordinates":[[[80.10783,8.15518],[80.10795,8.15551],[80.10833,8.15626],[80.10837,8.15629],[80.10866,8.15613],[80.10859,8.15598],[80.10835,8.15582],[80.10815,8.15559],[80.10825,8.15535],[80.1082,8.15524],[80.10805,8.15508],[80.10783,8.15518]]]}},{"type":"Feature","properties":{"c":"farmland"},"geometry":{"type":"Polygon","coordinates":[[[80.10609,8.15868],[80.1073,8.15881],[80.1077,8.15854],[80.1075,8.15804],[80.10787,8.1582],[80.10832,8.15787],[80.1084,8.15776],[80.10839,8.15749],[80.10855,8.15722],[80.1087,8.15714],[80.10883,8.15714],[80.10901,8.15726],[80.10932,8.15701],[80.10922,8.15678],[80.10947,8.15654],[80.10978,8.15695],[80.11026,8.15679],[80.1105,8.15688],[80.11067,8.15678],[80.11092,8.15676],[80.11088,8.15666],[80.11149,8.15646],[80.1121,8.15651],[80.11184,8.15616],[80.11187,8.15599],[80.11184,8.15584],[80.11118,8.15543],[80.11105,8.1553],[80.11097,8.15513],[80.11078,8.15507],[80.11026,8.15528],[80.11023,8.15572],[80.11004,8.15573],[80.10993,8.15555],[80.10815,8.15657],[80.10821,8.15685],[80.10782,8.15723],[80.10752,8.15691],[80.10716,8.15721],[80.10621,8.15828],[80.10609,8.15868]]]}},{"type":"Feature","properties":{"c":"farmland"},"geometry":{"type":"Polygon","coordinates":[[[80.1091,8.15297],[80.10919,8.15364],[80.10914,8.15455],[80.10925,8.15492],[80.10967,8.15542],[80.11065,8.155],[80.11127,8.15519],[80.11184,8.15567],[80.11287,8.15595],[80.11278,8.15686],[80.11318,8.15783],[80.1144,8.15752],[80.1142,8.15686],[80.11424,8.15557],[80.11455,8.15506],[80.11428,8.15362],[80.11431,8.153],[80.1091,8.15297]]]}},{"type":"Feature","properties":{"c":"farmland"},"geometry":{"type":"Polygon","coordinates":[[[80.10327,8.15155],[80.10331,8.15282],[80.11412,8.15281],[80.1142,8.15252],[80.11454,8.15216],[80.11492,8.15207],[80.11581,8.15128],[80.11633,8.15098],[80.11635,8.14639],[80.10418,8.14634],[80.1042,8.14676],[80.10404,8.14701],[80.10371,8.14698],[80.10345,8.14794],[80.10335,8.14926],[80.10334,8.15015],[80.10428,8.15065],[80.10338,8.15109],[80.10327,8.15155]]]}},{"type":"Feature","properties":{"c":"meadow"},"geometry":{"type":"Polygon","coordinates":[[[80.25929,8.07771],[80.26056,8.07768],[80.25945,8.07651],[80.25929,8.07611],[80.25929,8.07771]]]}},{"type":"Feature","properties":{"c":"farmland"},"geometry":{"type":"Polygon","coordinates":[[[80.11646,8.14822],[80.11644,8.15102],[80.11663,8.15095],[80.11751,8.15084],[80.11731,8.15038],[80.11762,8.15027],[80.11786,8.15037],[80.11809,8.15032],[80.11839,8.15069],[80.11896,8.15037],[80.11913,8.1499],[80.11916,8.1496],[80.11907,8.14936],[80.11852,8.14919],[80.11847,8.14902],[80.11833,8.14885],[80.11786,8.14858],[80.1177,8.14843],[80.11764,8.14823],[80.11646,8.14822]]]}},{"type":"Feature","properties":{"c":"farmland"},"geometry":{"type":"Polygon","coordinates":[[[80.11892,8.15288],[80.12131,8.15281],[80.12217,8.15236],[80.12209,8.15113],[80.12124,8.15007],[80.12051,8.15051],[80.11978,8.15152],[80.11892,8.15288]]]}},{"type":"Feature","properties":{"c":"farmland"},"geometry":{"type":"Polygon","coordinates":[[[80.12218,8.15104],[80.12244,8.15284],[80.1233,8.15283],[80.12333,8.15001],[80.12238,8.15093],[80.12218,8.15104]]]}},{"type":"Feature","properties":{"c":"farmland"},"geometry":{"type":"Polygon","coordinates":[[[80.11649,8.1481],[80.11751,8.14807],[80.11745,8.14778],[80.11782,8.14724],[80.11821,8.147],[80.11856,8.14665],[80.11918,8.14654],[80.11962,8.14653],[80.1197,8.14628],[80.11651,8.14631],[80.11649,8.1481]]]}},{"type":"Feature","properties":{"c":"farmland"},"geometry":{"type":"Polygon","coordinates":[[[80.25817,8.07769],[80.25923,8.07769],[80.25922,8.07611],[80.25891,8.07612],[80.25869,8.0765],[80.25835,8.07692],[80.25817,8.07769]]]}},{"type":"Feature","properties":{"c":"farmland"},"geometry":{"type":"Polygon","coordinates":[[[80.12963,8.16608],[80.13424,8.16606],[80.13426,8.16374],[80.13394,8.16376],[80.13368,8.16356],[80.13369,8.16279],[80.13397,8.1629],[80.13436,8.16284],[80.13433,8.1614],[80.13408,8.1612],[80.13415,8.16093],[80.13377,8.16042],[80.13368,8.16038],[80.13362,8.16028],[80.13372,8.16022],[80.13314,8.15961],[80.13273,8.15963],[80.13267,8.16002],[80.13246,8.16012],[80.13221,8.16001],[80.13201,8.16003],[80.13208,8.16023],[80.13102,8.16115],[80.12968,8.1629],[80.12963,8.16608]]]}},{"type":"Feature","properties":{"c":"farmland"},"geometry":{"type":"Polygon","coordinates":[[[80.13449,8.1613],[80.13458,8.16146],[80.13463,8.16147],[80.13513,8.16145],[80.13539,8.16132],[80.13531,8.16125],[80.1353,8.16111],[80.13526,8.16109],[80.13498,8.16128],[80.13457,8.16127],[80.13449,8.1613]]]}},{"type":"Feature","properties":{"c":"farmland"},"geometry":{"type":"Polygon","coordinates":[[[80.13614,8.15984],[80.13625,8.16034],[80.1365,8.16028],[80.13714,8.16],[80.13695,8.15977],[80.1366,8.15957],[80.13633,8.15956],[80.13614,8.15984]]]}},{"type":"Feature","properties":{"c":"farmland"},"geometry":{"type":"Polygon","coordinates":[[[80.25622,8.08146],[80.25634,8.08157],[80.25667,8.08168],[80.25676,8.0816],[80.25708,8.08174],[80.25729,8.08137],[80.25757,8.08139],[80.25775,8.08121],[80.25794,8.08083],[80.2582,8.08003],[80.25924,8.08025],[80.25924,8.08016],[80.25852,8.07993],[80.25873,8.07951],[80.2592,8.07882],[80.25914,8.0778],[80.25794,8.07779],[80.25778,8.07815],[80.25677,8.07845],[80.25706,8.07958],[80.25679,8.08022],[80.2564,8.08036],[80.25627,8.0805],[80.25635,8.0807],[80.25661,8.08079],[80.2564,8.08125],[80.25622,8.08146]]]}},{"type":"Feature","properties":{"c":"meadow"},"geometry":{"type":"Polygon","coordinates":[[[80.25928,8.07777],[80.25929,8.07871],[80.25947,8.07838],[80.25981,8.0781],[80.26012,8.07797],[80.26036,8.07799],[80.2605,8.07776],[80.25928,8.07777]]]}},{"type":"Feature","properties":{"c":"forest"},"geometry":{"type":"Polygon","coordinates":[[[80.14924,8.16254],[80.14931,8.16262],[80.14961,8.16256],[80.14961,8.16252],[80.14924,8.16254]]]}},{"type":"Feature","properties":{"c":"farmland"},"geometry":{"type":"Polygon","coordinates":[[[80.15306,8.16477],[80.15307,8.16494],[80.15321,8.16497],[80.1534,8.16487],[80.15348,8.16476],[80.15344,8.16469],[80.15306,8.16477]]]}},{"type":"Feature","properties":{"c":"farmland"},"geometry":{"type":"Polygon","coordinates":[[[80.14974,8.16632],[80.1499,8.16669],[80.15011,8.16656],[80.15024,8.1666],[80.15041,8.16645],[80.15054,8.16646],[80.15077,8.16615],[80.1507,8.16597],[80.15062,8.16591],[80.1499,8.16617],[80.14974,8.16632]]]}},{"type":"Feature","properties":{"c":"farmland"},"geometry":{"type":"Polygon","coordinates":[[[80.15066,8.16568],[80.15123,8.16554],[80.15136,8.16544],[80.15134,8.16536],[80.15069,8.16558],[80.15066,8.16568]]]}},{"type":"Feature","properties":{"c":"scrub"},"geometry":{"type":"Polygon","coordinates":[[[80.22261,8.13922],[80.22264,8.14003],[80.223,8.14048],[80.22358,8.14007],[80.2236,8.13944],[80.22347,8.13884],[80.22289,8.13874],[80.22261,8.13922]]]}},{"type":"Feature","properties":{"c":"scrub"},"geometry":{"type":"Polygon","coordinates":[[[80.22121,8.13719],[80.22121,8.14025],[80.22133,8.14085],[80.22146,8.14097],[80.22289,8.14128],[80.22275,8.14054],[80.2225,8.14018],[80.22253,8.13885],[80.22246,8.13845],[80.22121,8.13719]]]}},{"type":"Feature","properties":{"c":"farmland"},"geometry":{"type":"Polygon","coordinates":[[[80.23533,8.12528],[80.23566,8.12532],[80.23604,8.12482],[80.23708,8.12408],[80.23736,8.12362],[80.23742,8.12312],[80.23675,8.12253],[80.23585,8.12354],[80.23549,8.12415],[80.23533,8.12528]]]}},{"type":"Feature","properties":{"c":"forest"},"geometry":{"type":"Polygon","coordinates":[[[80.23718,8.12262],[80.23775,8.12343],[80.23918,8.12314],[80.23998,8.1226],[80.24071,8.12262],[80.24142,8.12319],[80.24138,8.12415],[80.24084,8.12589],[80.24057,8.12604],[80.24071,8.12683],[80.24112,8.12647],[80.24168,8.12645],[80.24231,8.12689],[80.24265,8.12793],[80.24272,8.12611],[80.24306,8.12571],[80.24388,8.12536],[80.24397,8.12417],[80.24401,8.12255],[80.23718,8.12262]]]}},{"type":"Feature","properties":{"c":"farmland"},"geometry":{"type":"Polygon","coordinates":[[[80.25427,8.08866],[80.25436,8.08891],[80.25466,8.08885],[80.25447,8.08852],[80.25432,8.08854],[80.25427,8.08866]]]}},{"type":"Feature","properties":{"c":"farmland"},"geometry":{"type":"Polygon","coordinates":[[[80.2537,8.08506],[80.25378,8.08524],[80.25386,8.08528],[80.25391,8.08521],[80.25408,8.08536],[80.25415,8.08557],[80.25414,8.0857],[80.25448,8.08579],[80.25448,8.08594],[80.25454,8.08599],[80.2546,8.0856],[80.25466,8.0855],[80.25484,8.08556],[80.25492,8.08547],[80.25494,8.08537],[80.25489,8.08532],[80.25474,8.08533],[80.25472,8.08499],[80.25464,8.08487],[80.25448,8.08486],[80.2541,8.08497],[80.25377,8.08486],[80.25372,8.08487],[80.2537,8.08506]]]}},{"type":"Feature","properties":{"c":"forest"},"geometry":{"type":"Polygon","coordinates":[[[80.25841,8.08412],[80.25843,8.08426],[80.25852,8.08437],[80.25864,8.08436],[80.25875,8.08445],[80.25905,8.08448],[80.25943,8.0846],[80.25953,8.08494],[80.25949,8.08538],[80.25923,8.08574],[80.25921,8.08591],[80.25899,8.08613],[80.25899,8.08665],[80.25916,8.0871],[80.25922,8.08765],[80.2596,8.08782],[80.2602,8.08781],[80.26112,8.08804],[80.26187,8.08816],[80.26218,8.08839],[80.26206,8.08871],[80.26202,8.08923],[80.26264,8.08953],[80.26333,8.08978],[80.26383,8.08964],[80.26435,8.08924],[80.26462,8.08894],[80.26476,8.08854],[80.26482,8.08779],[80.26479,8.08698],[80.26482,8.08593],[80.26452,8.08405],[80.26457,8.08361],[80.26458,8.08265],[80.26453,8.08219],[80.26442,8.0819],[80.26233,8.08189],[80.26199,8.08235],[80.26195,8.08256],[80.26211,8.08308],[80.26206,8.08327],[80.26186,8.08335],[80.26153,8.08297],[80.26149,8.08267],[80.26126,8.08248],[80.26108,8.08221],[80.26091,8.08159],[80.26085,8.08152],[80.2607,8.08153],[80.26052,8.08161],[80.26033,8.08189],[80.2602,8.082],[80.25998,8.08247],[80.2594,8.08284],[80.25873,8.08344],[80.25841,8.08412]]]}},{"type":"Feature","properties":{"c":"forest"},"geometry":{"type":"Polygon","coordinates":[[[80.21121,8.09185],[80.2139,8.09184],[80.21389,8.08917],[80.21319,8.08919],[80.21325,8.08936],[80.21321,8.08961],[80.2123,8.0899],[80.21183,8.09026],[80.21172,8.08999],[80.2115,8.09004],[80.21165,8.09041],[80.21139,8.09057],[80.21147,8.09074],[80.21139,8.0909],[80.21191,8.09087],[80.21194,8.09111],[80.21176,8.09129],[80.21122,8.091],[80.21121,8.09185]]]}},{"type":"Feature","properties":{"c":"meadow"},"geometry":{"type":"Polygon","coordinates":[[[80.21121,8.09095],[80.21175,8.09123],[80.21189,8.09109],[80.21192,8.09092],[80.21139,8.0909],[80.21134,8.09056],[80.21159,8.09039],[80.2115,8.09004],[80.21167,8.08997],[80.21185,8.09019],[80.21215,8.08995],[80.21287,8.08967],[80.21321,8.08961],[80.21325,8.08936],[80.21316,8.08915],[80.21202,8.08918],[80.21198,8.08977],[80.21191,8.08988],[80.21177,8.08989],[80.21167,8.08976],[80.21147,8.08989],[80.21122,8.0898],[80.21121,8.09095]]]}},{"type":"Feature","properties":{"c":"forest"},"geometry":{"type":"Polygon","coordinates":[[[80.21123,8.08919],[80.21126,8.08977],[80.21145,8.08984],[80.21165,8.08972],[80.21179,8.08984],[80.2119,8.08977],[80.21196,8.0892],[80.21123,8.08919]]]}},{"type":"Feature","properties":{"c":"forest"},"geometry":{"type":"Polygon","coordinates":[[[80.21396,8.09092],[80.21425,8.0907],[80.2144,8.09077],[80.21434,8.09124],[80.21457,8.09164],[80.21478,8.09173],[80.21499,8.09159],[80.21493,8.09085],[80.21514,8.09067],[80.21543,8.08989],[80.21514,8.09011],[80.21451,8.09],[80.2144,8.08958],[80.21398,8.08923],[80.21396,8.09092]]]}},{"type":"Feature","properties":{"c":"grass"},"geometry":{"type":"Polygon","coordinates":[[[80.21399,8.09099],[80.21399,8.09182],[80.21591,8.09181],[80.21659,8.09146],[80.21663,8.08922],[80.2141,8.08922],[80.2146,8.08985],[80.21486,8.08993],[80.21568,8.08983],[80.21507,8.09085],[80.21512,8.09166],[80.21469,8.09177],[80.21448,8.09158],[80.2143,8.09127],[80.21434,8.0908],[80.21423,8.09077],[80.21399,8.09099]]]}},{"type":"Feature","properties":{"c":"forest"},"geometry":{"type":"Polygon","coordinates":[[[80.21118,8.08774],[80.21137,8.08787],[80.21153,8.08792],[80.21148,8.08829],[80.21159,8.08829],[80.21165,8.08814],[80.21185,8.08827],[80.21182,8.08812],[80.21245,8.08702],[80.21239,8.08669],[80.21257,8.08658],[80.21266,8.08642],[80.21121,8.08645],[80.21118,8.08774]]]}},{"type":"Feature","properties":{"c":"meadow"},"geometry":{"type":"Polygon","coordinates":[[[80.21118,8.08774],[80.21122,8.08912],[80.21223,8.08912],[80.21213,8.08853],[80.21213,8.08805],[80.21221,8.08792],[80.21283,8.08763],[80.21293,8.08766],[80.21285,8.08749],[80.21294,8.08695],[80.21261,8.08687],[80.21302,8.08644],[80.21266,8.08642],[80.21257,8.08658],[80.21239,8.08669],[80.21245,8.08702],[80.21182,8.08812],[80.21185,8.08827],[80.21165,8.08814],[80.21159,8.08829],[80.21148,8.08829],[80.21153,8.08792],[80.21137,8.08787],[80.21118,8.08774]]]}},{"type":"Feature","properties":{"c":"farmland"},"geometry":{"type":"Polygon","coordinates":[[[80.21213,8.08809],[80.21213,8.08853],[80.21223,8.08912],[80.2139,8.08913],[80.21392,8.08645],[80.21302,8.08644],[80.21261,8.08687],[80.21294,8.08695],[80.21285,8.08749],[80.21293,8.08766],[80.21283,8.08763],[80.21221,8.08792],[80.21213,8.08809]]]}},{"type":"Feature","properties":{"c":"scrub"},"geometry":{"type":"Polygon","coordinates":[[[80.21391,8.08859],[80.21429,8.08866],[80.21461,8.08852],[80.21462,8.08829],[80.21478,8.08805],[80.21491,8.0881],[80.21506,8.0885],[80.21541,8.08852],[80.21562,8.08844],[80.21576,8.08823],[80.21564,8.08812],[80.21548,8.08777],[80.21562,8.08728],[80.21538,8.08718],[80.21539,8.08689],[80.21442,8.08691],[80.21449,8.08751],[80.21429,8.08714],[80.21403,8.08722],[80.21395,8.08719],[80.21391,8.08859]]]}},{"type":"Feature","properties":{"c":"farmland"},"geometry":{"type":"Polygon","coordinates":[[[80.21391,8.08916],[80.21562,8.08914],[80.21567,8.08893],[80.21514,8.08894],[80.21483,8.08886],[80.21447,8.08858],[80.21429,8.08866],[80.21393,8.0886],[80.21391,8.08916]]]}},{"type":"Feature","properties":{"c":"scrub"},"geometry":{"type":"Polygon","coordinates":[[[80.19938,8.0986],[80.19996,8.09964],[80.20142,8.10183],[80.20247,8.10215],[80.20262,8.10164],[80.20304,8.10149],[80.20329,8.10109],[80.20367,8.10096],[80.20419,8.10092],[80.20434,8.10162],[80.20479,8.10236],[80.20522,8.10224],[80.20541,8.10173],[80.20547,8.10136],[80.20618,8.10098],[80.20631,8.10056],[80.20567,8.09905],[80.2061,8.09888],[80.20646,8.09911],[80.20681,8.09909],[80.20676,8.09841],[80.20713,8.09754],[80.20784,8.09771],[80.20805,8.0982],[80.20788,8.09843],[80.20749,8.09845],[80.20734,8.09939],[80.20702,8.09986],[80.20696,8.10032],[80.2073,8.10068],[80.20728,8.10032],[80.20831,8.10039],[80.20829,8.1006],[80.20859,8.10124],[80.20865,8.10028],[80.20893,8.09981],[80.20921,8.09996],[80.20962,8.09992],[80.21015,8.0992],[80.21007,8.09958],[80.20974,8.1003],[80.21026,8.10003],[80.21084,8.0992],[80.21118,8.09955],[80.2117,8.09912],[80.21178,8.0988],[80.21188,8.09795],[80.21197,8.09781],[80.21203,8.09748],[80.21204,8.09692],[80.21241,8.09612],[80.2125,8.09573],[80.21281,8.09532],[80.21246,8.0952],[80.21221,8.09504],[80.21228,8.09479],[80.21271,8.09444],[80.21256,8.09414],[80.21291,8.0937],[80.21368,8.09205],[80.2139,8.09188],[80.21117,8.09188],[80.21122,8.091],[80.21071,8.09117],[80.20921,8.091],[80.20796,8.09059],[80.20718,8.09042],[80.20583,8.09034],[80.20513,8.0913],[80.20437,8.09249],[80.20381,8.09298],[80.2036,8.09331],[80.20317,8.09331],[80.20277,8.09427],[80.20157,8.09535],[80.20065,8.09631],[80.20022,8.09758],[80.19938,8.0986]]]}},{"type":"Feature","properties":{"c":"scrub"},"geometry":{"type":"Polygon","coordinates":[[[80.21329,8.09367],[80.21341,8.09384],[80.21358,8.09383],[80.21386,8.09361],[80.21387,8.09338],[80.21406,8.09318],[80.21392,8.09303],[80.21416,8.09249],[80.21407,8.09239],[80.21429,8.09234],[80.21463,8.09239],[80.21467,8.09223],[80.21453,8.09202],[80.21436,8.09198],[80.21422,8.09206],[80.21422,8.09193],[80.21408,8.0919],[80.21407,8.09198],[80.21399,8.09202],[80.21368,8.09205],[80.21376,8.09237],[80.21355,8.09252],[80.21366,8.09276],[80.21368,8.09297],[80.21358,8.09306],[80.21364,8.09321],[80.21359,8.0934],[80.21348,8.09349],[80.21336,8.09343],[80.21339,8.09358],[80.21329,8.09367]]]}},{"type":"Feature","properties":{"c":"scrub"},"geometry":{"type":"Polygon","coordinates":[[[80.21189,8.09837],[80.21199,8.09854],[80.21235,8.09812],[80.21238,8.09789],[80.21231,8.09764],[80.21263,8.09662],[80.21243,8.09642],[80.21236,8.09648],[80.2123,8.09676],[80.2123,8.09698],[80.2121,8.09734],[80.21219,8.09769],[80.21213,8.09796],[80.21206,8.09818],[80.21189,8.09837]]]}},{"type":"Feature","properties":{"c":"scrub"},"geometry":{"type":"Polygon","coordinates":[[[80.21149,8.10211],[80.21153,8.10245],[80.21198,8.10246],[80.21211,8.1021],[80.21237,8.10223],[80.21249,8.10245],[80.21269,8.10238],[80.21259,8.10276],[80.2139,8.10273],[80.21391,8.101],[80.2132,8.10131],[80.21248,8.10143],[80.21247,8.1015],[80.21229,8.10157],[80.21213,8.10156],[80.21205,8.10169],[80.21168,8.10191],[80.21149,8.10211]]]}},{"type":"Feature","properties":{"c":"scrub"},"geometry":{"type":"Polygon","coordinates":[[[80.2139,8.1026],[80.2142,8.10256],[80.2143,8.10261],[80.21444,8.1026],[80.21477,8.10251],[80.21486,8.10258],[80.21489,8.10274],[80.21516,8.10272],[80.21508,8.10245],[80.21519,8.10226],[80.21565,8.10194],[80.21606,8.10184],[80.21632,8.10273],[80.21665,8.10274],[80.21662,8.10134],[80.21576,8.10156],[80.21536,8.10127],[80.2154,8.10115],[80.21534,8.10111],[80.21535,8.10092],[80.21528,8.10092],[80.21512,8.10142],[80.21493,8.10144],[80.21503,8.10129],[80.21503,8.10117],[80.21469,8.10144],[80.21459,8.10133],[80.21469,8.10124],[80.21469,8.10112],[80.21484,8.10109],[80.21515,8.10077],[80.21521,8.10081],[80.21535,8.10067],[80.21529,8.10061],[80.21503,8.10066],[80.21488,8.10089],[80.21475,8.10097],[80.21467,8.10089],[80.21457,8.10095],[80.21443,8.10095],[80.21437,8.10101],[80.21449,8.10113],[80.21447,8.10125],[80.21439,8.10134],[80.21421,8.10126],[80.21405,8.10111],[80.21391,8.10109],[80.2139,8.1026]]]}},{"type":"Feature","properties":{"c":"farmland"},"geometry":{"type":"Polygon","coordinates":[[[80.21508,8.10245],[80.21529,8.103],[80.21554,8.10338],[80.21596,8.10336],[80.21638,8.10311],[80.21632,8.10273],[80.21607,8.10189],[80.21565,8.10194],[80.21519,8.10226],[80.21508,8.10245]]]}},{"type":"Feature","properties":{"c":"scrub"},"geometry":{"type":"Polygon","coordinates":[[[80.21665,8.10274],[80.21749,8.10272],[80.21757,8.10257],[80.21757,8.10234],[80.21729,8.10197],[80.21724,8.10166],[80.21746,8.10162],[80.21752,8.1015],[80.21738,8.101],[80.21729,8.10099],[80.21702,8.10124],[80.21668,8.10132],[80.21665,8.10274]]]}},{"type":"Feature","properties":{"c":"scrub"},"geometry":{"type":"Polygon","coordinates":[[[80.21752,8.10274],[80.21919,8.10274],[80.21942,8.10178],[80.219,8.10158],[80.21902,8.10137],[80.2192,8.10134],[80.21963,8.10161],[80.22038,8.10074],[80.22105,8.10029],[80.22135,8.09972],[80.22078,8.09975],[80.22061,8.09946],[80.22033,8.09963],[80.2196,8.09942],[80.21955,8.09973],[80.21936,8.09983],[80.21915,8.09985],[80.21863,8.09966],[80.21846,8.09973],[80.21832,8.10014],[80.21797,8.1005],[80.2183,8.10086],[80.21829,8.10119],[80.21843,8.10146],[80.21857,8.10148],[80.21857,8.1016],[80.21845,8.10189],[80.21859,8.10225],[80.21844,8.10229],[80.21809,8.10218],[80.21815,8.10237],[80.21808,8.10262],[80.21782,8.10269],[80.21769,8.10257],[80.21757,8.10257],[80.21752,8.10274]]]}},{"type":"Feature","properties":{"c":"scrub"},"geometry":{"type":"Polygon","coordinates":[[[80.21777,8.09826],[80.21788,8.09843],[80.21804,8.09838],[80.2182,8.09848],[80.21815,8.09863],[80.21799,8.09885],[80.21831,8.0991],[80.2189,8.09894],[80.21917,8.09904],[80.21934,8.09927],[80.21962,8.09938],[80.21961,8.09899],[80.21979,8.09878],[80.22011,8.09874],[80.22026,8.09856],[80.22031,8.0983],[80.22024,8.09814],[80.22069,8.09805],[80.22103,8.09804],[80.2217,8.09822],[80.22195,8.09795],[80.22118,8.09738],[80.22081,8.09689],[80.22011,8.09693],[80.21901,8.09662],[80.21868,8.09694],[80.21841,8.09764],[80.21826,8.09762],[80.21826,8.09785],[80.21822,8.09801],[80.21805,8.09804],[80.21777,8.09826]]]}},{"type":"Feature","properties":{"c":"scrub"},"geometry":{"type":"Polygon","coordinates":[[[80.21982,8.10268],[80.2215,8.10273],[80.22169,8.10248],[80.22167,8.1023],[80.22176,8.10207],[80.22098,8.10162],[80.2207,8.10128],[80.22033,8.10167],[80.22002,8.10214],[80.21988,8.10236],[80.21991,8.10258],[80.21982,8.10268]]]}},{"type":"Feature","properties":{"c":"scrub"},"geometry":{"type":"Polygon","coordinates":[[[80.22112,8.10031],[80.22124,8.10078],[80.22166,8.10082],[80.22164,8.10099],[80.22127,8.10167],[80.22156,8.10182],[80.22179,8.102],[80.22189,8.10274],[80.22217,8.10274],[80.22214,8.10002],[80.22162,8.10004],[80.22157,8.1003],[80.22121,8.10019],[80.22112,8.10031]]]}},{"type":"Feature","properties":{"c":"scrub"},"geometry":{"type":"Polygon","coordinates":[[[80.21924,8.09459],[80.21933,8.09608],[80.21947,8.09616],[80.21993,8.09613],[80.22022,8.0962],[80.22058,8.09601],[80.22126,8.09643],[80.22132,8.09685],[80.22173,8.09716],[80.22214,8.09695],[80.22216,8.09459],[80.21924,8.09459]]]}},{"type":"Feature","properties":{"c":"scrub"},"geometry":{"type":"Polygon","coordinates":[[[80.21907,8.09329],[80.21917,8.0946],[80.22216,8.09459],[80.22216,8.09284],[80.22175,8.09283],[80.22077,8.09264],[80.22016,8.09317],[80.21994,8.09303],[80.21959,8.09305],[80.21907,8.09329]]]}},{"type":"Feature","properties":{"c":"farmland"},"geometry":{"type":"Polygon","coordinates":[[[80.22073,8.09252],[80.22077,8.09264],[80.22175,8.09283],[80.22216,8.09284],[80.22223,8.0926],[80.22312,8.09265],[80.22315,8.09189],[80.2222,8.09185],[80.22148,8.09173],[80.22152,8.09212],[80.22073,8.09252]]]}},{"type":"Feature","properties":{"c":"scrub"},"geometry":{"type":"Polygon","coordinates":[[[80.21117,8.08422],[80.21121,8.08645],[80.21302,8.08644],[80.21283,8.08586],[80.21362,8.08571],[80.21387,8.08529],[80.21408,8.08519],[80.21432,8.08491],[80.21466,8.0848],[80.21501,8.08481],[80.21469,8.08433],[80.21433,8.08395],[80.21438,8.08354],[80.21362,8.08385],[80.21344,8.08453],[80.21315,8.0846],[80.21251,8.08448],[80.21205,8.08433],[80.21164,8.08409],[80.21157,8.08399],[80.21137,8.08417],[80.21117,8.08422]]]}},{"type":"Feature","properties":{"c":"farmland"},"geometry":{"type":"Polygon","coordinates":[[[80.2115,8.08269],[80.21164,8.08358],[80.21186,8.08363],[80.21212,8.08339],[80.21302,8.08345],[80.21327,8.08301],[80.21348,8.08284],[80.21343,8.08249],[80.21288,8.08258],[80.21275,8.08252],[80.21275,8.08234],[80.21263,8.08229],[80.21254,8.08176],[80.2124,8.08172],[80.21204,8.08193],[80.21193,8.08212],[80.21203,8.08258],[80.2115,8.08269]]]}},{"type":"Feature","properties":{"c":"scrub"},"geometry":{"type":"Polygon","coordinates":[[[80.2179,8.08183],[80.21806,8.08235],[80.21813,8.08272],[80.21812,8.08283],[80.21796,8.08286],[80.21795,8.08296],[80.21825,8.08296],[80.21823,8.08246],[80.21815,8.08232],[80.21831,8.08211],[80.21816,8.08207],[80.21803,8.08165],[80.21797,8.08163],[80.2179,8.08183]]]}},{"type":"Feature","properties":{"c":"scrub"},"geometry":{"type":"Polygon","coordinates":[[[80.19923,8.09193],[80.19931,8.0922],[80.19959,8.09244],[80.19982,8.09216],[80.19974,8.09197],[80.20018,8.09205],[80.20046,8.09196],[80.20096,8.09198],[80.20128,8.09213],[80.20138,8.09241],[80.20163,8.09249],[80.20219,8.09253],[80.20225,8.09233],[80.202,8.09175],[80.20224,8.09153],[80.2028,8.09153],[80.20309,8.09159],[80.20337,8.09217],[80.20338,8.09285],[80.20317,8.09331],[80.2036,8.09331],[80.20381,8.09298],[80.20437,8.09249],[80.20513,8.0913],[80.20583,8.09034],[80.20491,8.09004],[80.20485,8.08947],[80.20395,8.08956],[80.20455,8.08909],[80.20395,8.08894],[80.20302,8.08894],[80.20249,8.089],[80.20242,8.08943],[80.20212,8.08943],[80.20201,8.08994],[80.20171,8.08994],[80.20118,8.09004],[80.2006,8.08968],[80.19974,8.08939],[80.19942,8.08961],[80.19987,8.08966],[80.20001,8.08982],[80.20015,8.09009],[80.20051,8.09022],[80.20082,8.09024],[80.20007,8.09061],[80.19994,8.09078],[80.19976,8.09121],[80.1999,8.09149],[80.1997,8.09165],[80.19949,8.09158],[80.1993,8.09169],[80.19923,8.09193]]]}},{"type":"Feature","properties":{"c":"farmland"},"geometry":{"type":"Polygon","coordinates":[[[80.19968,8.08883],[80.19971,8.08915],[80.19983,8.08942],[80.2006,8.08968],[80.20118,8.09004],[80.20203,8.08989],[80.20212,8.08943],[80.20242,8.08943],[80.20249,8.089],[80.20209,8.08871],[80.20195,8.08848],[80.20204,8.08829],[80.20226,8.08823],[80.20254,8.08834],[80.20299,8.08778],[80.20291,8.08698],[80.20263,8.08696],[80.20225,8.08708],[80.20217,8.08736],[80.20221,8.08769],[80.20175,8.08835],[80.20136,8.08836],[80.20096,8.08856],[80.20074,8.08849],[80.20075,8.08796],[80.20061,8.08773],[80.20033,8.08758],[80.20026,8.08792],[80.20006,8.08816],[80.19968,8.08883]]]}},{"type":"Feature","properties":{"c":"scrub"},"geometry":{"type":"Polygon","coordinates":[[[80.2035,8.08815],[80.20352,8.08834],[80.204,8.08839],[80.20413,8.08898],[80.20455,8.08909],[80.20399,8.08955],[80.20485,8.08947],[80.20491,8.09004],[80.2058,8.09033],[80.20714,8.09042],[80.20703,8.09007],[80.20724,8.08982],[80.20724,8.0896],[80.20715,8.0896],[80.20708,8.08969],[80.20667,8.0897],[80.20656,8.08949],[80.20609,8.08931],[80.20602,8.08908],[80.20617,8.08888],[80.20619,8.08855],[80.20603,8.08822],[80.20619,8.08805],[80.20631,8.08814],[80.20641,8.08803],[80.20642,8.08786],[80.20649,8.08778],[80.2061,8.08705],[80.20585,8.08711],[80.2055,8.08738],[80.20544,8.08732],[80.20542,8.08714],[80.20515,8.08695],[80.20472,8.08685],[80.20465,8.0867],[80.20398,8.08674],[80.20388,8.08689],[80.20382,8.0871],[80.20387,8.08738],[80.20406,8.08756],[80.204,8.08774],[80.20377,8.08771],[80.2038,8.08751],[80.20362,8.08763],[80.2035,8.08815]]]}},{"type":"Feature","properties":{"c":"forest"},"geometry":{"type":"Polygon","coordinates":[[[80.1963,8.08999],[80.19646,8.0903],[80.19654,8.09066],[80.19673,8.09049],[80.19672,8.09032],[80.19691,8.09035],[80.1972,8.09009],[80.1975,8.09003],[80.19772,8.08956],[80.19831,8.0897],[80.19855,8.08981],[80.19897,8.08985],[80.19912,8.08958],[80.19942,8.08961],[80.19974,8.08939],[80.19968,8.08883],[80.20006,8.08816],[80.20026,8.08792],[80.20033,8.08758],[80.20061,8.08773],[80.20075,8.08796],[80.20074,8.08849],[80.20096,8.08856],[80.20136,8.08836],[80.20175,8.08835],[80.20221,8.08769],[80.20217,8.08739],[80.20225,8.08708],[80.20263,8.08696],[80.20283,8.08697],[80.20288,8.0866],[80.20301,8.0862],[80.20314,8.08624],[80.20321,8.08637],[80.20332,8.08643],[80.20346,8.08632],[80.20356,8.08637],[80.20372,8.08652],[80.20388,8.08689],[80.20398,8.08674],[80.20413,8.08674],[80.20427,8.08661],[80.20462,8.08663],[80.20492,8.08659],[80.20547,8.08631],[80.20599,8.08628],[80.20604,8.08668],[80.20654,8.08693],[80.20672,8.08664],[80.20647,8.08627],[80.20663,8.08622],[80.20682,8.08597],[80.2066,8.08494],[80.2069,8.08452],[80.20665,8.08425],[80.20673,8.084],[80.20699,8.08392],[80.20672,8.08357],[80.20624,8.08347],[80.20579,8.0832],[80.20555,8.08299],[80.20477,8.08284],[80.20438,8.08258],[80.20414,8.08251],[80.20116,8.08323],[80.20095,8.08305],[80.20082,8.083],[80.20054,8.08313],[80.20034,8.08332],[80.19972,8.08351],[80.19947,8.08383],[80.19932,8.08423],[80.19923,8.08513],[80.19944,8.08528],[80.19962,8.08509],[80.20066,8.08527],[80.20094,8.08572],[80.20073,8.08609],[80.20045,8.08631],[80.19997,8.08643],[80.19967,8.08644],[80.19961,8.08596],[80.19966,8.08564],[80.1996,8.08542],[80.19937,8.08552],[80.19851,8.08564],[80.19832,8.08612],[80.19836,8.08665],[80.1987,8.08717],[80.19844,8.08755],[80.19799,8.08772],[80.19802,8.08806],[80.19795,8.08835],[80.19731,8.08858],[80.19732,8.08868],[80.19702,8.0885],[80.19658,8.08929],[80.19653,8.09001],[80.1963,8.08999]]]}},{"type":"Feature","properties":{"c":"farmland"},"geometry":{"type":"Polygon","coordinates":[[[80.19857,8.08315],[80.19866,8.08329],[80.19897,8.08345],[80.19972,8.08351],[80.20034,8.08332],[80.20054,8.08313],[80.20082,8.083],[80.20095,8.08305],[80.20084,8.08277],[80.20087,8.08264],[80.20052,8.08235],[80.20045,8.08239],[80.20023,8.08225],[80.20002,8.08219],[80.19926,8.08211],[80.19906,8.0827],[80.19857,8.08315]]]}},{"type":"Feature","properties":{"c":"forest"},"geometry":{"type":"Polygon","coordinates":[[[80.20647,8.08627],[80.20678,8.08661],[80.20707,8.08675],[80.20743,8.08707],[80.20781,8.08711],[80.20815,8.08707],[80.20823,8.08743],[80.20817,8.08788],[80.20799,8.08816],[80.20767,8.08832],[80.20736,8.08881],[80.20726,8.08909],[80.20734,8.08924],[80.20761,8.08918],[80.20768,8.08925],[80.20768,8.08934],[80.20784,8.0894],[80.20787,8.0895],[80.20802,8.08961],[80.20815,8.08961],[80.20814,8.08973],[80.20823,8.08983],[80.20816,8.08983],[80.20814,8.08992],[80.20821,8.09],[80.20836,8.08996],[80.2083,8.08965],[80.20856,8.08953],[80.20914,8.08905],[80.20915,8.08892],[80.20982,8.08874],[80.21002,8.08887],[80.2107,8.08909],[80.21095,8.08925],[80.21124,8.08933],[80.21122,8.08894],[80.21114,8.08862],[80.21121,8.08835],[80.2112,8.08575],[80.21045,8.08563],[80.21021,8.08535],[80.20991,8.08527],[80.20988,8.08557],[80.20978,8.08574],[80.20949,8.08568],[80.20937,8.08554],[80.20894,8.0856],[80.20858,8.08512],[80.20826,8.08489],[80.20785,8.08487],[80.20752,8.08517],[80.20709,8.08538],[80.20687,8.08558],[80.20678,8.08573],[80.20682,8.08597],[80.20663,8.08622],[80.20647,8.08627]]]}},{"type":"Feature","properties":{"c":"grass"},"geometry":{"type":"Polygon","coordinates":[[[80.20602,8.08908],[80.20607,8.08914],[80.20705,8.08914],[80.20704,8.08779],[80.20649,8.08778],[80.20642,8.08786],[80.20641,8.08803],[80.20631,8.08814],[80.20619,8.08805],[80.20603,8.08822],[80.20619,8.08855],[80.20617,8.08888],[80.20602,8.08908]]]}},{"type":"Feature","properties":{"c":"grass"},"geometry":{"type":"Polygon","coordinates":[[[80.20708,8.0878],[80.20708,8.08914],[80.20729,8.08914],[80.20726,8.08909],[80.20736,8.08881],[80.20767,8.08832],[80.20799,8.08816],[80.20817,8.08788],[80.20818,8.08778],[80.20708,8.0878]]]}},{"type":"Feature","properties":{"c":"grass"},"geometry":{"type":"Polygon","coordinates":[[[80.20903,8.08913],[80.2098,8.08914],[80.20982,8.08874],[80.20915,8.08892],[80.20914,8.08905],[80.20903,8.08913]]]}},{"type":"Feature","properties":{"c":"grass"},"geometry":{"type":"Polygon","coordinates":[[[80.20982,8.08874],[80.20982,8.08914],[80.21078,8.08914],[80.21002,8.08887],[80.20982,8.08874]]]}},{"type":"Feature","properties":{"c":"grass"},"geometry":{"type":"Polygon","coordinates":[[[80.20707,8.08675],[80.20707,8.08777],[80.20818,8.08778],[80.20823,8.08743],[80.20815,8.08707],[80.20781,8.08711],[80.20743,8.08707],[80.20707,8.08675]]]}},{"type":"Feature","properties":{"c":"forest"},"geometry":{"type":"Polygon","coordinates":[[[80.20845,8.08777],[80.20979,8.08777],[80.2098,8.08642],[80.20846,8.08644],[80.20845,8.08777]]]}},{"type":"Feature","properties":{"c":"forest"},"geometry":{"type":"Polygon","coordinates":[[[80.20982,8.08643],[80.20983,8.08779],[80.21111,8.08778],[80.21113,8.08643],[80.20982,8.08643]]]}},{"type":"Feature","properties":{"c":"forest"},"geometry":{"type":"Polygon","coordinates":[[[80.2057,8.08508],[80.2057,8.08622],[80.20606,8.08621],[80.20609,8.08642],[80.20648,8.08642],[80.20634,8.08622],[80.20658,8.08615],[80.20673,8.08595],[80.20655,8.08507],[80.2057,8.08508]]]}},{"type":"Feature","properties":{"c":"grass"},"geometry":{"type":"Polygon","coordinates":[[[80.20708,8.08507],[80.20707,8.08541],[80.20763,8.08507],[80.20708,8.08507]]]}},{"type":"Feature","properties":{"c":"grass"},"geometry":{"type":"Polygon","coordinates":[[[80.20853,8.08508],[80.20894,8.0856],[80.20937,8.08554],[80.20949,8.08568],[80.20978,8.08574],[80.20981,8.08569],[80.2098,8.08507],[80.20853,8.08508]]]}},{"type":"Feature","properties":{"c":"forest"},"geometry":{"type":"Polygon","coordinates":[[[80.20706,8.08371],[80.20722,8.08386],[80.20716,8.08395],[80.20726,8.08405],[80.20739,8.08407],[80.20752,8.08402],[80.20756,8.08414],[80.20743,8.08424],[80.20735,8.08416],[80.20728,8.08416],[80.20722,8.08439],[80.20728,8.08456],[80.20752,8.08462],[80.20766,8.08457],[80.20773,8.0843],[80.2079,8.08419],[80.20794,8.084],[80.20775,8.08371],[80.20706,8.08371]]]}},{"type":"Feature","properties":{"c":"forest"},"geometry":{"type":"Polygon","coordinates":[[[80.20705,8.08324],[80.20706,8.08369],[80.20775,8.08371],[80.20773,8.08353],[80.20755,8.08318],[80.20705,8.08324]]]}},{"type":"Feature","properties":{"c":"forest"},"geometry":{"type":"Polygon","coordinates":[[[80.20982,8.08236],[80.20982,8.08261],[80.21,8.08284],[80.21026,8.08284],[80.21032,8.08289],[80.21028,8.08297],[80.21006,8.08302],[80.21001,8.08312],[80.21014,8.08323],[80.21025,8.0832],[80.21043,8.08304],[80.21093,8.08292],[80.21089,8.08272],[80.21096,8.08264],[80.21109,8.08274],[80.21118,8.08276],[80.21118,8.08234],[80.20982,8.08236]]]}},{"type":"Feature","properties":{"c":"meadow"},"geometry":{"type":"Polygon","coordinates":[[[80.2057,8.08201],[80.2057,8.08234],[80.20705,8.08235],[80.20704,8.08203],[80.2057,8.08201]]]}},{"type":"Feature","properties":{"c":"meadow"},"geometry":{"type":"Polygon","coordinates":[[[80.20707,8.08234],[80.20842,8.08233],[80.20843,8.08185],[80.20708,8.08191],[80.20707,8.08234]]]}},{"type":"Feature","properties":{"c":"forest"},"geometry":{"type":"Polygon","coordinates":[[[80.20749,8.08098],[80.20756,8.08114],[80.20774,8.08121],[80.20777,8.08188],[80.20842,8.08183],[80.20843,8.08099],[80.20749,8.08098]]]}},{"type":"Feature","properties":{"c":"forest"},"geometry":{"type":"Polygon","coordinates":[[[80.20846,8.08181],[80.20913,8.08188],[80.20917,8.08197],[80.20929,8.08202],[80.20927,8.08232],[80.2098,8.08233],[80.20978,8.081],[80.20848,8.08099],[80.20846,8.08181]]]}},{"type":"Feature","properties":{"c":"meadow"},"geometry":{"type":"Polygon","coordinates":[[[80.20846,8.08181],[80.20846,8.08232],[80.20927,8.08232],[80.20929,8.08202],[80.20917,8.08197],[80.20913,8.08188],[80.20846,8.08181]]]}},{"type":"Feature","properties":{"c":"forest"},"geometry":{"type":"Polygon","coordinates":[[[80.20983,8.08233],[80.2108,8.08233],[80.20995,8.0812],[80.21021,8.081],[80.20983,8.08099],[80.20983,8.08233]]]}},{"type":"Feature","properties":{"c":"farmland"},"geometry":{"type":"Polygon","coordinates":[[[80.21071,8.12147],[80.21079,8.12227],[80.2114,8.12269],[80.21149,8.12155],[80.21137,8.12138],[80.21084,8.12125],[80.21071,8.12147]]]}},{"type":"Feature","properties":{"c":"farmland"},"geometry":{"type":"Polygon","coordinates":[[[80.21071,8.10618],[80.21191,8.10653],[80.21354,8.1064],[80.21523,8.10586],[80.2168,8.10496],[80.21734,8.10343],[80.21684,8.10335],[80.21551,8.10357],[80.215,8.10284],[80.21077,8.10279],[80.21071,8.10618]]]}},{"type":"Feature","properties":{"c":"forest"},"geometry":{"type":"Polygon","coordinates":[[[80.2161,8.11247],[80.22113,8.11249],[80.22107,8.10551],[80.22,8.10529],[80.21947,8.10538],[80.21922,8.106],[80.21792,8.10653],[80.21722,8.10886],[80.21708,8.10971],[80.21735,8.11022],[80.21742,8.11082],[80.2168,8.111],[80.2161,8.11247]]]}},{"type":"Feature","properties":{"c":"farmland"},"geometry":{"type":"Polygon","coordinates":[[[80.21067,8.10851],[80.21068,8.11073],[80.21166,8.1108],[80.21211,8.11057],[80.21217,8.10988],[80.2119,8.10835],[80.21067,8.10851]]]}},{"type":"Feature","properties":{"c":"farmland"},"geometry":{"type":"Polygon","coordinates":[[[80.21316,8.11029],[80.2134,8.11151],[80.21421,8.11123],[80.21407,8.11023],[80.21316,8.11029]]]}},{"type":"Feature","properties":{"c":"farmland"},"geometry":{"type":"Polygon","coordinates":[[[80.13067,8.15723],[80.13134,8.15788],[80.13147,8.15828],[80.13273,8.15848],[80.13438,8.15755],[80.13488,8.15311],[80.13472,8.15304],[80.1344,8.15348],[80.13418,8.15402],[80.13415,8.15592],[80.13376,8.1562],[80.13075,8.15702],[80.13067,8.15723]]]}},{"type":"Feature","properties":{"c":"farmland"},"geometry":{"type":"Polygon","coordinates":[[[80.14183,8.15289],[80.14214,8.15326],[80.14232,8.15317],[80.14226,8.15289],[80.14183,8.15289]]]}},{"type":"Feature","properties":{"c":"farmland"},"geometry":{"type":"Polygon","coordinates":[[[80.13845,8.15602],[80.13867,8.15624],[80.13881,8.15607],[80.13861,8.15582],[80.13845,8.15602]]]}},{"type":"Feature","properties":{"c":"farmland"},"geometry":{"type":"Polygon","coordinates":[[[80.13852,8.1555],[80.13863,8.15566],[80.1387,8.15568],[80.13906,8.15547],[80.13919,8.15527],[80.13904,8.1551],[80.13852,8.1555]]]}},{"type":"Feature","properties":{"c":"farmland"},"geometry":{"type":"Polygon","coordinates":[[[80.13827,8.15844],[80.13829,8.15866],[80.13835,8.15867],[80.13875,8.15862],[80.13887,8.15844],[80.13881,8.15828],[80.13871,8.15825],[80.13853,8.15832],[80.13847,8.1584],[80.13827,8.15844]]]}},{"type":"Feature","properties":{"c":"farmland"},"geometry":{"type":"Polygon","coordinates":[[[80.14507,8.15487],[80.14509,8.15508],[80.14541,8.15511],[80.14582,8.15505],[80.14593,8.1546],[80.14627,8.15441],[80.14633,8.15426],[80.14612,8.15405],[80.14594,8.15421],[80.14581,8.15413],[80.1452,8.15433],[80.14507,8.15487]]]}},{"type":"Feature","properties":{"c":"farmland"},"geometry":{"type":"Polygon","coordinates":[[[80.1322,8.15094],[80.13308,8.15152],[80.13308,8.15217],[80.13426,8.15303],[80.13491,8.15303],[80.13516,8.15213],[80.13589,8.15217],[80.13649,8.15132],[80.13688,8.15088],[80.13654,8.15049],[80.13576,8.15073],[80.13532,8.15068],[80.1352,8.15112],[80.13506,8.15069],[80.13463,8.15041],[80.13443,8.15011],[80.13503,8.14935],[80.13475,8.14912],[80.13426,8.1497],[80.1335,8.15032],[80.13305,8.15025],[80.13271,8.15034],[80.13241,8.15052],[80.1322,8.15094]]]}},{"type":"Feature","properties":{"c":"forest"},"geometry":{"type":"Polygon","coordinates":[[[80.24413,8.12561],[80.24459,8.12543],[80.24487,8.12382],[80.24529,8.1234],[80.24493,8.12263],[80.24521,8.12192],[80.24547,8.12153],[80.24641,8.12066],[80.24636,8.11949],[80.24423,8.11941],[80.24413,8.12561]]]}},{"type":"Feature","properties":{"c":"meadow"},"geometry":{"type":"Polygon","coordinates":[[[80.24912,8.11932],[80.24967,8.11971],[80.25067,8.12013],[80.25137,8.12055],[80.25209,8.12039],[80.25206,8.11936],[80.24912,8.11932]]]}},{"type":"Feature","properties":{"c":"farmland"},"geometry":{"type":"Polygon","coordinates":[[[80.25222,8.12252],[80.25294,8.12261],[80.25345,8.12281],[80.2541,8.1227],[80.25449,8.12248],[80.25467,8.12222],[80.25457,8.12144],[80.25484,8.12037],[80.25539,8.12013],[80.25617,8.11999],[80.25629,8.11944],[80.25225,8.11953],[80.25222,8.12252]]]}},{"type":"Feature","properties":{"c":"scrub"},"geometry":{"type":"Polygon","coordinates":[[[80.16848,8.11353],[80.17809,8.11353],[80.17812,8.11141],[80.17767,8.11137],[80.17763,8.11119],[80.1769,8.11062],[80.17671,8.10985],[80.17611,8.10946],[80.1757,8.1083],[80.17635,8.10876],[80.17675,8.10859],[80.17668,8.10809],[80.17719,8.1083],[80.17753,8.10827],[80.17818,8.10866],[80.17814,8.10282],[80.17652,8.10282],[80.17628,8.1036],[80.17656,8.10461],[80.17581,8.10514],[80.17564,8.10521],[80.17535,8.10444],[80.17485,8.10422],[80.17406,8.10397],[80.17321,8.10418],[80.174,8.10552],[80.17571,8.10566],[80.1744,8.10649],[80.17423,8.10743],[80.17451,8.10795],[80.17522,8.10827],[80.17465,8.10939],[80.1741,8.10985],[80.17359,8.10981],[80.1724,8.10896],[80.17127,8.10894],[80.17111,8.11046],[80.16971,8.11198],[80.16848,8.11353]]]}},{"type":"Feature","properties":{"c":"farmland"},"geometry":{"type":"Polygon","coordinates":[[[80.13811,8.17146],[80.13847,8.17278],[80.14259,8.17284],[80.14253,8.17025],[80.14051,8.17082],[80.13998,8.17068],[80.13811,8.17146]]]}},{"type":"Feature","properties":{"c":"farmland"},"geometry":{"type":"Polygon","coordinates":[[[80.10628,8.15366],[80.10642,8.15387],[80.10672,8.154],[80.10678,8.15387],[80.10654,8.15373],[80.1065,8.1535],[80.10693,8.15303],[80.10717,8.15316],[80.10728,8.15331],[80.10737,8.15312],[80.1075,8.15306],[80.10746,8.15292],[80.10691,8.1529],[80.10665,8.15312],[80.10628,8.15366]]]}},{"type":"Feature","properties":{"c":"forest"},"geometry":{"type":"Polygon","coordinates":[[[80.12399,8.15265],[80.12419,8.1536],[80.12464,8.15513],[80.12467,8.15605],[80.12446,8.15668],[80.12446,8.15685],[80.1249,8.15678],[80.12547,8.15708],[80.1257,8.15699],[80.12623,8.15721],[80.12662,8.15638],[80.12707,8.15618],[80.12736,8.15662],[80.12824,8.1564],[80.12599,8.15222],[80.12427,8.15093],[80.12399,8.15265]]]}},{"type":"Feature","properties":{"c":"farmland"},"geometry":{"type":"Polygon","coordinates":[[[80.12652,8.15084],[80.12688,8.15112],[80.12898,8.15035],[80.12871,8.14991],[80.12754,8.15037],[80.1271,8.15042],[80.12686,8.15053],[80.12655,8.15055],[80.12652,8.15084]]]}},{"type":"Feature","properties":{"c":"farmland"},"geometry":{"type":"Polygon","coordinates":[[[80.1322,8.1594],[80.13225,8.1595],[80.13284,8.15945],[80.13306,8.15926],[80.13335,8.15927],[80.13342,8.15921],[80.13288,8.15893],[80.13281,8.15868],[80.13332,8.15858],[80.13344,8.15852],[80.13353,8.15845],[80.13358,8.15832],[80.13354,8.15823],[80.13294,8.15853],[80.13262,8.15881],[80.1324,8.15891],[80.13247,8.15908],[80.13237,8.15934],[80.1322,8.1594]]]}},{"type":"Feature","properties":{"c":"farmland"},"geometry":{"type":"Polygon","coordinates":[[[80.15105,8.15458],[80.15108,8.15499],[80.15115,8.15511],[80.15145,8.15521],[80.15152,8.15513],[80.15164,8.15479],[80.15145,8.15479],[80.1513,8.15461],[80.1513,8.15425],[80.15115,8.15425],[80.15105,8.15458]]]}},{"type":"Feature","properties":{"c":"forest","n":"Jayden"},"geometry":{"type":"Polygon","coordinates":[[[80.13455,8.17913],[80.13458,8.17924],[80.13471,8.17922],[80.13471,8.17907],[80.13458,8.17908],[80.13455,8.17913]]]}},{"type":"Feature","properties":{"c":"farmland"},"geometry":{"type":"Polygon","coordinates":[[[80.19719,8.10597],[80.19728,8.10634],[80.1976,8.10653],[80.1979,8.1071],[80.19823,8.10731],[80.19864,8.10743],[80.19926,8.10779],[80.19959,8.10847],[80.19978,8.10852],[80.20022,8.1079],[80.20036,8.10739],[80.20062,8.10716],[80.20095,8.10693],[80.20114,8.10686],[80.20144,8.10689],[80.20153,8.10704],[80.20153,8.10717],[80.20132,8.10736],[80.20109,8.10731],[80.20112,8.10716],[80.20102,8.10712],[80.20069,8.10726],[80.20051,8.10742],[80.20039,8.10778],[80.20048,8.10792],[80.20042,8.10808],[80.20011,8.10839],[80.19985,8.10874],[80.1999,8.10894],[80.20031,8.10954],[80.20083,8.10984],[80.20097,8.11004],[80.20111,8.11031],[80.20122,8.11105],[80.20117,8.11123],[80.20098,8.11139],[80.20039,8.11154],[80.19946,8.11208],[80.19775,8.11291],[80.19791,8.11321],[80.19786,8.11337],[80.19787,8.11353],[80.19808,8.11356],[80.1983,8.11351],[80.19869,8.11336],[80.1987,8.11324],[80.19876,8.1132],[80.19884,8.11331],[80.19889,8.11351],[80.19911,8.11377],[80.19953,8.11357],[80.19955,8.11339],[80.19949,8.11317],[80.19933,8.1129],[80.19935,8.11285],[80.19943,8.11283],[80.19959,8.11296],[80.20027,8.11262],[80.20012,8.11229],[80.20015,8.11216],[80.20022,8.11213],[80.20029,8.11222],[80.20039,8.11247],[80.20071,8.11263],[80.20091,8.11251],[80.20085,8.11234],[80.201,8.11216],[80.20107,8.11216],[80.20111,8.11229],[80.20181,8.11242],[80.20186,8.11237],[80.20186,8.11208],[80.20181,8.11197],[80.20198,8.11184],[80.20208,8.11189],[80.20219,8.11218],[80.20235,8.11231],[80.20259,8.11217],[80.20251,8.11179],[80.20253,8.11158],[80.20287,8.11166],[80.20299,8.11207],[80.20292,8.11218],[80.2026,8.11234],[80.20259,8.11242],[80.2027,8.1126],[80.2028,8.11264],[80.20329,8.11268],[80.20348,8.11257],[80.20362,8.11238],[80.20381,8.11223],[80.20441,8.11195],[80.20461,8.11254],[80.2048,8.1128],[80.20485,8.11295],[80.20496,8.11301],[80.20521,8.11282],[80.20531,8.11267],[80.20526,8.11252],[80.20506,8.11241],[80.20503,8.11227],[80.20489,8.11201],[80.20519,8.1118],[80.20545,8.11173],[80.20579,8.11175],[80.20614,8.11192],[80.20627,8.11206],[80.20706,8.11161],[80.20736,8.1116],[80.20753,8.11168],[80.20762,8.11183],[80.20753,8.112],[80.20777,8.11241],[80.20799,8.11248],[80.20823,8.11249],[80.20876,8.11239],[80.2095,8.11206],[80.20976,8.11181],[80.20966,8.11166],[80.20954,8.11129],[80.20967,8.11125],[80.20985,8.1116],[80.20997,8.11155],[80.20981,8.11118],[80.20987,8.11107],[80.20999,8.11103],[80.2101,8.11089],[80.21053,8.11071],[80.21068,8.11073],[80.21067,8.10884],[80.21057,8.10881],[80.21004,8.10954],[80.2099,8.10967],[80.20974,8.10974],[80.20976,8.10959],[80.21003,8.10915],[80.21022,8.10904],[80.21022,8.10889],[80.21013,8.10881],[80.20974,8.10881],[80.20946,8.10909],[80.20956,8.10948],[80.20942,8.10952],[80.20932,8.10935],[80.20923,8.10934],[80.20912,8.10939],[80.20915,8.10951],[80.20908,8.10957],[80.20883,8.10952],[80.20862,8.10941],[80.20811,8.10944],[80.20799,8.10952],[80.20756,8.10943],[80.20642,8.10939],[80.20627,8.10932],[80.20621,8.10916],[80.20607,8.1091],[80.20597,8.1091],[80.20569,8.1095],[80.20554,8.10949],[80.20555,8.10937],[80.2055,8.10931],[80.20519,8.10932],[80.2046,8.10952],[80.20442,8.1095],[80.20442,8.10939],[80.20448,8.10931],[80.2048,8.10919],[80.20486,8.109],[80.20468,8.10879],[80.20465,8.10849],[80.20482,8.10848],[80.20504,8.10839],[80.20514,8.10844],[80.20517,8.10811],[80.20524,8.10808],[80.2055,8.1078],[80.20544,8.10763],[80.20546,8.10753],[80.20515,8.10744],[80.20513,8.10737],[80.20522,8.10731],[80.20547,8.10735],[80.20595,8.10756],[80.2064,8.10739],[80.20713,8.10737],[80.20758,8.10732],[80.20803,8.1071],[80.20831,8.10711],[80.20953,8.10683],[80.20951,8.10668],[80.20941,8.10658],[80.20938,8.10642],[80.20932,8.10639],[80.20909,8.10645],[80.20898,8.10641],[80.209,8.1063],[80.20909,8.10623],[80.20939,8.10621],[80.20952,8.10627],[80.20959,8.10663],[80.20966,8.1067],[80.21007,8.10654],[80.21021,8.1064],[80.21021,8.10601],[80.21031,8.10598],[80.21032,8.10612],[80.21053,8.10619],[80.21071,8.10618],[80.21076,8.10315],[80.2101,8.10316],[80.20978,8.10326],[80.20974,8.10336],[80.20941,8.10363],[80.20916,8.10363],[80.20883,8.10348],[80.20852,8.10319],[80.20791,8.10338],[80.20735,8.10345],[80.2071,8.1033],[80.20677,8.10325],[80.20609,8.10367],[80.20554,8.10386],[80.20524,8.1041],[80.20503,8.10411],[80.20475,8.10403],[80.20429,8.10351],[80.20332,8.10348],[80.20303,8.1036],[80.20287,8.10392],[80.20285,8.10417],[80.20268,8.10427],[80.20247,8.10425],[80.2022,8.10398],[80.20192,8.10395],[80.20171,8.10406],[80.20155,8.10389],[80.20135,8.10393],[80.20114,8.10426],[80.201,8.10441],[80.20091,8.10478],[80.20081,8.10494],[80.20068,8.10503],[80.2001,8.1052],[80.19965,8.10551],[80.19912,8.10567],[80.199,8.10576],[80.1987,8.10589],[80.19846,8.10552],[80.19836,8.10549],[80.1983,8.10553],[80.19828,8.10568],[80.19806,8.10587],[80.19753,8.10583],[80.19731,8.10588],[80.19719,8.10597]]]}},{"type":"Feature","properties":{"c":"farmland"},"geometry":{"type":"Polygon","coordinates":[[[80.20494,8.11329],[80.20504,8.1134],[80.2053,8.11348],[80.20533,8.1136],[80.20522,8.11372],[80.20519,8.1139],[80.20544,8.11396],[80.20543,8.1141],[80.20574,8.11439],[80.20577,8.11425],[80.20597,8.11417],[80.20628,8.11434],[80.20635,8.11445],[80.20618,8.11456],[80.20614,8.11466],[80.20618,8.11479],[80.20623,8.11479],[80.20623,8.11469],[80.20629,8.11464],[80.20637,8.11465],[80.2064,8.11471],[80.20624,8.11494],[80.20627,8.11506],[80.20671,8.11536],[80.20689,8.11519],[80.20703,8.115],[80.20699,8.11492],[80.20715,8.11481],[80.20693,8.11442],[80.20678,8.11435],[80.20658,8.11434],[80.20655,8.11429],[80.20654,8.11409],[80.20663,8.11397],[80.20666,8.11378],[80.20662,8.11357],[80.20634,8.11363],[80.20605,8.11319],[80.2059,8.11325],[80.20575,8.11302],[80.20567,8.11267],[80.2056,8.1126],[80.2055,8.11262],[80.20496,8.11318],[80.20494,8.11329]]]}},{"type":"Feature","properties":{"c":"farmland"},"geometry":{"type":"Polygon","coordinates":[[[80.20736,8.11555],[80.20748,8.11565],[80.20784,8.11562],[80.20806,8.11587],[80.20823,8.11598],[80.20846,8.11603],[80.20853,8.11623],[80.20846,8.11627],[80.20852,8.11634],[80.20857,8.11631],[80.20866,8.11664],[80.20894,8.11677],[80.20911,8.1166],[80.20911,8.11653],[80.20891,8.1165],[80.2088,8.1163],[80.20873,8.11628],[80.20875,8.1162],[80.20885,8.11614],[80.20879,8.11607],[80.20863,8.11606],[80.20826,8.1155],[80.20813,8.11551],[80.20798,8.11543],[80.20798,8.11531],[80.20781,8.11531],[80.2074,8.11547],[80.20736,8.11555]]]}},{"type":"Feature","properties":{"c":"farmland"},"geometry":{"type":"Polygon","coordinates":[[[80.20821,8.12092],[80.20825,8.1214],[80.2088,8.1213],[80.20871,8.12098],[80.20821,8.12092]]]}},{"type":"Feature","properties":{"c":"farmland"},"geometry":{"type":"Polygon","coordinates":[[[80.20882,8.12057],[80.20912,8.12085],[80.20919,8.12038],[80.20893,8.12023],[80.20882,8.12057]]]}},{"type":"Feature","properties":{"c":"farmland"},"geometry":{"type":"Polygon","coordinates":[[[80.20844,8.12029],[80.20873,8.12041],[80.20896,8.12007],[80.20867,8.11985],[80.20844,8.12029]]]}},{"type":"Feature","properties":{"c":"farmland"},"geometry":{"type":"Polygon","coordinates":[[[80.14908,8.15254],[80.14915,8.15265],[80.14948,8.15268],[80.1499,8.15288],[80.15037,8.15289],[80.15035,8.15283],[80.15022,8.15279],[80.15002,8.15283],[80.14987,8.15277],[80.14966,8.15253],[80.1495,8.15249],[80.14948,8.15236],[80.14914,8.15235],[80.14908,8.15254]]]}},{"type":"Feature","properties":{"c":"meadow"},"geometry":{"type":"Polygon","coordinates":[[[80.14694,8.15133],[80.14726,8.15185],[80.14757,8.15181],[80.14733,8.15131],[80.14694,8.15133]]]}},{"type":"Feature","properties":{"c":"farmland"},"geometry":{"type":"Polygon","coordinates":[[[80.14459,8.15044],[80.14487,8.15093],[80.14595,8.15032],[80.14567,8.14971],[80.14581,8.14961],[80.14569,8.14933],[80.14459,8.15044]]]}},{"type":"Feature","properties":{"c":"farmland"},"geometry":{"type":"Polygon","coordinates":[[[80.14834,8.14919],[80.14838,8.14934],[80.14853,8.14932],[80.1485,8.14918],[80.14834,8.14919]]]}},{"type":"Feature","properties":{"c":"meadow"},"geometry":{"type":"Polygon","coordinates":[[[80.14853,8.14943],[80.14869,8.14983],[80.14918,8.14978],[80.14906,8.14931],[80.14853,8.14943]]]}},{"type":"Feature","properties":{"c":"meadow"},"geometry":{"type":"Polygon","coordinates":[[[80.14688,8.15023],[80.14714,8.15078],[80.14746,8.15062],[80.14731,8.15044],[80.14776,8.15017],[80.14763,8.1498],[80.14688,8.15023]]]}},{"type":"Feature","properties":{"c":"meadow"},"geometry":{"type":"Polygon","coordinates":[[[80.14897,8.14864],[80.14909,8.1492],[80.1497,8.14911],[80.14953,8.14856],[80.14897,8.14864]]]}},{"type":"Feature","properties":{"c":"meadow"},"geometry":{"type":"Polygon","coordinates":[[[80.14997,8.14904],[80.15005,8.14941],[80.15073,8.14926],[80.1507,8.14896],[80.14997,8.14904]]]}},{"type":"Feature","properties":{"c":"meadow"},"geometry":{"type":"Polygon","coordinates":[[[80.1508,8.14839],[80.15081,8.14922],[80.15446,8.14816],[80.1546,8.14846],[80.15485,8.1484],[80.15475,8.14798],[80.15508,8.14796],[80.15491,8.14764],[80.15464,8.14775],[80.1544,8.14718],[80.15393,8.14733],[80.15404,8.14752],[80.15375,8.14758],[80.15367,8.14738],[80.15336,8.14746],[80.15347,8.14778],[80.1532,8.14783],[80.15309,8.14754],[80.15284,8.14766],[80.15294,8.14794],[80.15215,8.1481],[80.15213,8.14826],[80.15187,8.14831],[80.15183,8.14815],[80.15155,8.14824],[80.15155,8.14834],[80.15122,8.14836],[80.15115,8.14816],[80.15106,8.1482],[80.15105,8.1483],[80.1508,8.14839]]]}},{"type":"Feature","properties":{"c":"farmland"},"geometry":{"type":"Polygon","coordinates":[[[80.15511,8.14707],[80.15517,8.14729],[80.15528,8.14745],[80.15513,8.14752],[80.15532,8.14791],[80.15552,8.14783],[80.15561,8.14803],[80.15622,8.14779],[80.1562,8.14641],[80.1556,8.14668],[80.15564,8.14704],[80.15511,8.14707]]]}},{"type":"Feature","properties":{"c":"farmland"},"geometry":{"type":"Polygon","coordinates":[[[80.15192,8.15287],[80.15235,8.15289],[80.15264,8.15192],[80.15418,8.15128],[80.15467,8.15079],[80.15507,8.15056],[80.15535,8.15034],[80.15558,8.15],[80.15492,8.15055],[80.15341,8.15087],[80.15286,8.15076],[80.15264,8.15098],[80.15192,8.15287]]]}},{"type":"Feature","properties":{"c":"farmland"},"geometry":{"type":"Polygon","coordinates":[[[80.15221,8.15052],[80.15239,8.15078],[80.15285,8.15053],[80.15255,8.15031],[80.15221,8.15052]]]}},{"type":"Feature","properties":{"c":"farmland"},"geometry":{"type":"Polygon","coordinates":[[[80.15376,8.15026],[80.15385,8.15059],[80.15485,8.15038],[80.15468,8.14999],[80.15403,8.15022],[80.15376,8.15026]]]}},{"type":"Feature","properties":{"c":"farmland"},"geometry":{"type":"Polygon","coordinates":[[[80.24522,8.11046],[80.24567,8.1114],[80.24578,8.11136],[80.24586,8.11125],[80.24673,8.11128],[80.24696,8.11124],[80.24655,8.11021],[80.24557,8.11028],[80.2453,8.11036],[80.24522,8.11046]]]}},{"type":"Feature","properties":{"c":"farmland"},"geometry":{"type":"Polygon","coordinates":[[[80.12378,8.10008],[80.12383,8.10018],[80.12424,8.10025],[80.12423,8.10034],[80.12442,8.10023],[80.12513,8.10033],[80.12548,8.10026],[80.12553,8.10021],[80.12552,8.10014],[80.12537,8.1],[80.12443,8.09982],[80.12455,8.09929],[80.12443,8.09924],[80.12399,8.09926],[80.12384,8.09933],[80.12378,8.10008]]]}},{"type":"Feature","properties":{"c":"farmland"},"geometry":{"type":"Polygon","coordinates":[[[80.12797,8.09937],[80.128,8.09958],[80.12805,8.09959],[80.12809,8.0995],[80.12821,8.09957],[80.12805,8.0998],[80.12798,8.09982],[80.1281,8.10008],[80.12823,8.10007],[80.12815,8.09998],[80.12819,8.09986],[80.12834,8.09975],[80.12848,8.09992],[80.12843,8.09999],[80.12849,8.10004],[80.1285,8.10012],[80.12843,8.10017],[80.12861,8.10033],[80.12874,8.10034],[80.12876,8.09923],[80.1287,8.09914],[80.12861,8.09919],[80.12828,8.09919],[80.12808,8.09937],[80.12797,8.09937]]]}},{"type":"Feature","properties":{"c":"farmland"},"geometry":{"type":"Polygon","coordinates":[[[80.12721,8.09775],[80.12728,8.09791],[80.12763,8.09801],[80.12774,8.09849],[80.1277,8.09864],[80.12774,8.09879],[80.12792,8.0992],[80.12848,8.09908],[80.12852,8.09849],[80.12845,8.09827],[80.12873,8.09826],[80.12876,8.09818],[80.12875,8.09732],[80.12736,8.09733],[80.12736,8.09759],[80.12727,8.09763],[80.12721,8.09775]]]}},{"type":"Feature","properties":{"c":"farmland"},"geometry":{"type":"Polygon","coordinates":[[[80.12814,8.10221],[80.12825,8.10251],[80.12838,8.10261],[80.12855,8.10251],[80.12862,8.10252],[80.12864,8.1026],[80.12873,8.10256],[80.12876,8.10232],[80.12872,8.10223],[80.12854,8.10219],[80.12852,8.10208],[80.12876,8.10209],[80.12857,8.10192],[80.12839,8.10201],[80.12834,8.10215],[80.12817,8.10214],[80.12814,8.10221]]]}},{"type":"Feature","properties":{"c":"farmland"},"geometry":{"type":"Polygon","coordinates":[[[80.12865,8.10188],[80.12875,8.10199],[80.12876,8.10163],[80.12869,8.10172],[80.12865,8.10188]]]}},{"type":"Feature","properties":{"c":"residential"},"geometry":{"type":"Polygon","coordinates":[[[80.25028,8.11729],[80.25028,8.11754],[80.25203,8.11762],[80.25202,8.11745],[80.2515,8.11722],[80.25028,8.11729]]]}},{"type":"Feature","properties":{"c":"residential"},"geometry":{"type":"Polygon","coordinates":[[[80.24481,8.11499],[80.24467,8.11656],[80.24529,8.11654],[80.24545,8.11566],[80.24545,8.11542],[80.24508,8.11498],[80.24499,8.11494],[80.24484,8.11494],[80.24481,8.11499]]]}},{"type":"Feature","properties":{"c":"residential"},"geometry":{"type":"Polygon","coordinates":[[[80.24688,8.10954],[80.24743,8.11269],[80.24786,8.11482],[80.24804,8.11482],[80.24819,8.10966],[80.2479,8.10854],[80.24773,8.10854],[80.24688,8.10954]]]}},{"type":"Feature","properties":{"c":"residential"},"geometry":{"type":"Polygon","coordinates":[[[80.24617,8.10024],[80.24607,8.10098],[80.24657,8.10143],[80.24676,8.10143],[80.24685,8.10122],[80.24685,8.10098],[80.24674,8.10001],[80.24656,8.10001],[80.24617,8.10024]]]}},{"type":"Feature","properties":{"c":"residential"},"geometry":{"type":"Polygon","coordinates":[[[80.25706,8.10328],[80.25703,8.10371],[80.25723,8.10371],[80.25794,8.10357],[80.25785,8.10293],[80.25766,8.10293],[80.25706,8.10328]]]}},{"type":"Feature","properties":{"c":"residential"},"geometry":{"type":"Polygon","coordinates":[[[80.25664,8.10722],[80.25667,8.10799],[80.25685,8.10799],[80.25716,8.10564],[80.25718,8.10514],[80.25698,8.10514],[80.25664,8.10722]]]}},{"type":"Feature","properties":{"c":"residential"},"geometry":{"type":"Polygon","coordinates":[[[80.25338,8.11686],[80.25338,8.11708],[80.25466,8.11803],[80.25487,8.11803],[80.2555,8.11763],[80.25622,8.11533],[80.2569,8.11406],[80.25708,8.11223],[80.25703,8.10943],[80.25682,8.10943],[80.25637,8.1096],[80.25533,8.11301],[80.25508,8.11452],[80.25425,8.11456],[80.25401,8.11489],[80.25338,8.11686]]]}},{"type":"Feature","properties":{"c":"residential"},"geometry":{"type":"Polygon","coordinates":[[[80.25635,8.10134],[80.25636,8.10216],[80.25667,8.10232],[80.25889,8.10216],[80.25897,8.10197],[80.25898,8.10137],[80.25695,8.10108],[80.25673,8.10108],[80.25635,8.10134]]]}},{"type":"Feature","properties":{"c":"residential"},"geometry":{"type":"Polygon","coordinates":[[[80.25172,8.09928],[80.25172,8.09949],[80.25263,8.10009],[80.25474,8.10093],[80.25552,8.10121],[80.25572,8.10121],[80.25572,8.10053],[80.25478,8.1],[80.25306,8.09933],[80.25172,8.09928]]]}},{"type":"Feature","properties":{"c":"residential"},"geometry":{"type":"Polygon","coordinates":[[[80.24395,8.09818],[80.24395,8.09849],[80.24415,8.09891],[80.24597,8.0996],[80.24675,8.09976],[80.24694,8.09976],[80.24773,8.09828],[80.24858,8.09788],[80.24873,8.09757],[80.24873,8.09741],[80.24861,8.09702],[80.24843,8.09664],[80.24829,8.09642],[80.2481,8.09624],[80.24612,8.09642],[80.246,8.09656],[80.24602,8.09698],[80.24414,8.0972],[80.24395,8.09818]]]}},{"type":"Feature","properties":{"c":"forest"},"geometry":{"type":"Polygon","coordinates":[[[80.14833,8.14057],[80.14857,8.14103],[80.14917,8.14069],[80.14893,8.14027],[80.14833,8.14057]]]}}]}