{"type":"FeatureCollection","features":[{"type":"Feature","properties":{"c":"park","n":"Rajapihilla Park"},"geometry":{"type":"Polygon","coordinates":[[[80.36517,7.48509],[80.3652,7.48525],[80.36528,7.48539],[80.36562,7.48555],[80.36596,7.4855],[80.36622,7.48539],[80.36633,7.48527],[80.3664,7.48505],[80.36604,7.48472],[80.36548,7.48484],[80.36517,7.48509]]]}},{"type":"Feature","properties":{"c":"cemetery","n":"Kurunegala Cemetry"},"geometry":{"type":"Polygon","coordinates":[[[80.35097,7.48054],[80.35184,7.48129],[80.35209,7.48159],[80.35329,7.48155],[80.35339,7.4812],[80.35263,7.48044],[80.35337,7.47972],[80.35338,7.47952],[80.35298,7.47939],[80.35118,7.47981],[80.35104,7.48004],[80.35117,7.48015],[80.35097,7.48054]]]}},{"type":"Feature","properties":{"c":"military","n":"Boyagane Army Camp"},"geometry":{"type":"Polygon","coordinates":[[[80.34553,7.44628],[80.34572,7.44791],[80.34632,7.44863],[80.34722,7.44948],[80.34811,7.45081],[80.35072,7.45169],[80.35407,7.45179],[80.35374,7.44975],[80.35221,7.4489],[80.35005,7.44804],[80.34887,7.44625],[80.34825,7.44636],[80.34697,7.44587],[80.34614,7.446],[80.34553,7.44628]]]}},{"type":"Feature","properties":{"c":"forest"},"geometry":{"type":"Polygon","coordinates":[[[80.30602,7.62542],[80.30653,7.62565],[80.30664,7.62635],[80.30716,7.6264],[80.30701,7.62734],[80.30683,7.62782],[80.30685,7.62839],[80.30664,7.62947],[80.30647,7.62971],[80.30621,7.63053],[80.30669,7.63056],[80.307,7.63048],[80.30857,7.62956],[80.30913,7.62908],[80.31045,7.6283],[80.31034,7.62739],[80.31046,7.62738],[80.31052,7.62763],[80.31102,7.62753],[80.31126,7.62763],[80.31118,7.62782],[80.31134,7.62792],[80.31142,7.62781],[80.31153,7.62788],[80.31177,7.62786],[80.31206,7.62772],[80.31208,7.6276],[80.31184,7.62763],[80.31148,7.62731],[80.31062,7.62726],[80.31003,7.62739],[80.30975,7.62724],[80.30968,7.62713],[80.30988,7.62668],[80.31021,7.62565],[80.31017,7.62524],[80.30996,7.62495],[80.31052,7.62436],[80.31134,7.6248],[80.31114,7.62526],[80.31137,7.62543],[80.31139,7.62567],[80.3116,7.62578],[80.31191,7.62541],[80.31203,7.62569],[80.31221,7.62579],[80.31206,7.62609],[80.31174,7.62594],[80.3116,7.62608],[80.31168,7.62637],[80.31181,7.62658],[80.31178,7.62686],[80.31207,7.62743],[80.3123,7.62729],[80.31215,7.62691],[80.31244,7.62641],[80.31249,7.62644],[80.31223,7.62693],[80.31236,7.62721],[80.31282,7.62723],[80.3128,7.62758],[80.31234,7.62738],[80.31219,7.62751],[80.31272,7.62797],[80.31294,7.62803],[80.31298,7.62827],[80.31339,7.62862],[80.31392,7.62883],[80.3142,7.62831],[80.31408,7.62819],[80.3143,7.62774],[80.31427,7.62743],[80.31463,7.62726],[80.31475,7.62682],[80.31557,7.62698],[80.31559,7.62716],[80.3163,7.62771],[80.31642,7.62743],[80.31628,7.62704],[80.31649,7.62697],[80.31672,7.62736],[80.31711,7.62763],[80.31756,7.6278],[80.31762,7.62761],[80.31681,7.62701],[80.31692,7.62682],[80.31728,7.62704],[80.31763,7.62713],[80.31799,7.62702],[80.31777,7.6268],[80.31796,7.62658],[80.31831,7.62685],[80.31827,7.62701],[80.3185,7.6271],[80.31862,7.62684],[80.31851,7.62668],[80.31883,7.62577],[80.31935,7.62565],[80.31954,7.62582],[80.31954,7.62609],[80.32011,7.62629],[80.32028,7.62605],[80.31961,7.62538],[80.31977,7.62503],[80.32009,7.62466],[80.31999,7.6236],[80.32172,7.62105],[80.32371,7.61945],[80.3255,7.61767],[80.32788,7.61517],[80.32767,7.61363],[80.32686,7.61234],[80.32506,7.61246],[80.32339,7.61294],[80.32129,7.61462],[80.31899,7.61736],[80.31713,7.61886],[80.31665,7.61787],[80.31668,7.61647],[80.31757,7.61203],[80.31765,7.60883],[80.3158,7.6074],[80.31565,7.60398],[80.31498,7.60038],[80.31463,7.5976],[80.31536,7.59737],[80.31782,7.59792],[80.31982,7.59669],[80.32197,7.59482],[80.32569,7.58928],[80.32769,7.58755],[80.32965,7.58536],[80.32985,7.58231],[80.3311,7.58249],[80.3308,7.5816],[80.33126,7.58093],[80.33185,7.58088],[80.33208,7.57995],[80.33441,7.57768],[80.33537,7.57638],[80.33862,7.57415],[80.34017,7.57255],[80.34115,7.57116],[80.34174,7.57076],[80.34246,7.57008],[80.34252,7.56912],[80.34405,7.56786],[80.34458,7.56644],[80.34581,7.56567],[80.34674,7.5652],[80.34754,7.56401],[80.34889,7.56352],[80.34947,7.56222],[80.35064,7.56173],[80.35116,7.56015],[80.35185,7.55842],[80.354,7.55732],[80.35606,7.55553],[80.35663,7.55416],[80.35568,7.55347],[80.35601,7.55297],[80.3562,7.55242],[80.35652,7.55178],[80.35684,7.55185],[80.3567,7.55267],[80.35723,7.55295],[80.35783,7.55157],[80.35846,7.55088],[80.35979,7.55109],[80.36029,7.55054],[80.36068,7.55084],[80.36247,7.54921],[80.36366,7.54843],[80.36322,7.5473],[80.36218,7.54639],[80.36403,7.54569],[80.36472,7.54454],[80.36529,7.54325],[80.36631,7.54228],[80.3665,7.54121],[80.36566,7.53978],[80.36589,7.53824],[80.36582,7.53776],[80.36622,7.53725],[80.36748,7.5366],[80.36936,7.5362],[80.3705,7.5341],[80.37046,7.53367],[80.37096,7.53219],[80.371,7.5315],[80.37123,7.53066],[80.37196,7.52984],[80.3714,7.52866],[80.37054,7.52771],[80.37017,7.52655],[80.37073,7.52512],[80.37113,7.52436],[80.37148,7.52267],[80.37159,7.52084],[80.37201,7.51852],[80.3725,7.5164],[80.37449,7.51301],[80.37524,7.50881],[80.37563,7.50766],[80.37533,7.50668],[80.37383,7.50668],[80.3732,7.50713],[80.37284,7.50677],[80.37261,7.50677],[80.37268,7.50764],[80.37223,7.50872],[80.37031,7.50896],[80.36671,7.51103],[80.36623,7.51433],[80.36358,7.51758],[80.36337,7.51847],[80.3635,7.51901],[80.36272,7.5191],[80.3626,7.51932],[80.36232,7.51932],[80.36203,7.52048],[80.36187,7.52071],[80.36185,7.52091],[80.36237,7.52116],[80.36293,7.5213],[80.36332,7.52177],[80.3636,7.5218],[80.36352,7.52235],[80.36312,7.52286],[80.36298,7.52285],[80.36276,7.52303],[80.36252,7.52288],[80.36217,7.52295],[80.36229,7.52308],[80.36282,7.5234],[80.3627,7.52376],[80.36243,7.52381],[80.36221,7.52357],[80.36206,7.52353],[80.36209,7.52393],[80.36232,7.52426],[80.36305,7.52476],[80.36253,7.52529],[80.3623,7.52507],[80.362,7.52526],[80.36222,7.5256],[80.36177,7.52589],[80.36161,7.52638],[80.36123,7.5264],[80.36097,7.52697],[80.36126,7.52704],[80.36116,7.52734],[80.36085,7.52728],[80.3607,7.5277],[80.36018,7.52863],[80.35997,7.52886],[80.35999,7.52897],[80.36012,7.52912],[80.36015,7.52928],[80.36006,7.52956],[80.3608,7.52966],[80.36069,7.53026],[80.36045,7.53028],[80.36043,7.53036],[80.36052,7.53057],[80.36079,7.53056],[80.36084,7.53075],[80.36068,7.53081],[80.36061,7.53101],[80.36036,7.53098],[80.36039,7.53078],[80.36021,7.53075],[80.36016,7.53093],[80.35991,7.53085],[80.36011,7.53127],[80.36011,7.53143],[80.35998,7.53155],[80.35995,7.53178],[80.36,7.53198],[80.35964,7.53314],[80.35953,7.53328],[80.35948,7.53355],[80.3592,7.53356],[80.35891,7.53399],[80.35884,7.53397],[80.35917,7.53343],[80.3588,7.53345],[80.3587,7.5333],[80.35837,7.53312],[80.35808,7.53357],[80.35873,7.53386],[80.35859,7.53412],[80.35816,7.53419],[80.3577,7.53401],[80.35752,7.53421],[80.35737,7.53426],[80.3574,7.53448],[80.35771,7.53466],[80.35765,7.53496],[80.35719,7.53486],[80.35719,7.53464],[80.35691,7.53457],[80.3568,7.53465],[80.35619,7.5345],[80.35618,7.53435],[80.35579,7.53427],[80.35576,7.53411],[80.35518,7.53418],[80.35432,7.5342],[80.35418,7.53426],[80.3542,7.53434],[80.35405,7.53442],[80.35398,7.53434],[80.35354,7.5346],[80.35347,7.53469],[80.35355,7.53483],[80.35341,7.53505],[80.35317,7.53501],[80.35282,7.53484],[80.35263,7.53485],[80.3526,7.53495],[80.3525,7.53495],[80.35247,7.53503],[80.3526,7.53511],[80.35254,7.53521],[80.35244,7.53515],[80.35235,7.53501],[80.35235,7.53471],[80.35194,7.53466],[80.35185,7.53492],[80.35176,7.535],[80.352,7.5353],[80.35199,7.53592],[80.35225,7.53598],[80.35745,7.53624],[80.35771,7.53893],[80.35714,7.54139],[80.35653,7.54249],[80.35552,7.54471],[80.35348,7.54873],[80.35136,7.55244],[80.34614,7.55895],[80.34402,7.55916],[80.34309,7.5607],[80.34171,7.56195],[80.34093,7.56213],[80.33842,7.56356],[80.33699,7.56529],[80.33457,7.56715],[80.33318,7.56835],[80.3322,7.56896],[80.33138,7.57029],[80.33158,7.57036],[80.33119,7.57103],[80.33123,7.57136],[80.331,7.57176],[80.33068,7.57193],[80.33002,7.57164],[80.32798,7.57343],[80.32687,7.57455],[80.32367,7.57698],[80.32294,7.57745],[80.32236,7.57769],[80.32049,7.5779],[80.31868,7.57854],[80.31822,7.57897],[80.31793,7.57943],[80.31746,7.57988],[80.31704,7.58015],[80.316,7.581],[80.31484,7.58329],[80.31227,7.58765],[80.30985,7.59206],[80.30893,7.59459],[80.30798,7.59697],[80.30775,7.5996],[80.30714,7.60354],[80.30704,7.60767],[80.30724,7.61055],[80.30845,7.61285],[80.30912,7.61671],[80.30948,7.61955],[80.30812,7.61975],[80.30822,7.62038],[80.30908,7.62055],[80.30939,7.62145],[80.30946,7.62219],[80.30835,7.622],[80.30806,7.62332],[80.30736,7.62408],[80.30743,7.62473],[80.30725,7.62535],[80.30625,7.62494],[80.30602,7.62542]]]}},{"type":"Feature","properties":{"c":"farmyard"},"geometry":{"type":"Polygon","coordinates":[[[80.34728,7.48287],[80.34784,7.48305],[80.34809,7.48273],[80.34825,7.48197],[80.34775,7.48174],[80.34766,7.48183],[80.34742,7.48252],[80.34747,7.48258],[80.34745,7.48266],[80.34728,7.48287]]]}},{"type":"Feature","properties":{"c":"farmyard"},"geometry":{"type":"Polygon","coordinates":[[[80.34791,7.48142],[80.34804,7.48153],[80.34793,7.48174],[80.34842,7.48199],[80.34885,7.48162],[80.34929,7.48144],[80.34951,7.48126],[80.34982,7.48085],[80.34943,7.48045],[80.3491,7.4808],[80.34855,7.48107],[80.34829,7.48108],[80.34795,7.48127],[80.34791,7.48142]]]}},{"type":"Feature","properties":{"c":"farmland"},"geometry":{"type":"Polygon","coordinates":[[[80.34116,7.48516],[80.34131,7.48538],[80.34175,7.48582],[80.34206,7.48541],[80.34209,7.48515],[80.34235,7.48533],[80.34257,7.48506],[80.34285,7.48442],[80.34306,7.48263],[80.34244,7.48285],[80.34149,7.48411],[80.34125,7.48416],[80.34121,7.48428],[80.34142,7.48456],[80.34133,7.48484],[80.34116,7.48516]]]}},{"type":"Feature","properties":{"c":"farmland"},"geometry":{"type":"Polygon","coordinates":[[[80.36596,7.50135],[80.36597,7.50146],[80.36615,7.50176],[80.36639,7.50176],[80.3665,7.502],[80.36655,7.50199],[80.36694,7.50109],[80.36699,7.50084],[80.36735,7.50031],[80.36745,7.5002],[80.36754,7.50026],[80.36772,7.49998],[80.36798,7.49984],[80.36833,7.49986],[80.36846,7.50018],[80.36904,7.50107],[80.36948,7.50161],[80.36958,7.50185],[80.36947,7.50207],[80.36947,7.50295],[80.36952,7.50333],[80.36959,7.50346],[80.36974,7.50359],[80.36998,7.50366],[80.37015,7.50386],[80.37024,7.5042],[80.3701,7.50442],[80.37017,7.50449],[80.37039,7.50445],[80.37058,7.50435],[80.37061,7.50412],[80.37056,7.50389],[80.37048,7.50367],[80.3702,7.50334],[80.37017,7.50318],[80.37035,7.50301],[80.37071,7.50307],[80.37079,7.50321],[80.37094,7.50318],[80.37108,7.50337],[80.3712,7.50345],[80.37124,7.50356],[80.37146,7.50357],[80.37151,7.50374],[80.37169,7.50376],[80.37172,7.50415],[80.37153,7.5042],[80.37147,7.50454],[80.37152,7.50476],[80.37166,7.50498],[80.37163,7.50523],[80.37168,7.50554],[80.37183,7.50586],[80.37176,7.50636],[80.37153,7.50649],[80.37147,7.50701],[80.37165,7.50709],[80.37162,7.50761],[80.37182,7.50774],[80.37181,7.50792],[80.37172,7.50795],[80.3719,7.50828],[80.37209,7.5085],[80.37218,7.50857],[80.37228,7.50854],[80.37252,7.50814],[80.37242,7.5077],[80.37246,7.50547],[80.37231,7.50489],[80.37212,7.50361],[80.37206,7.50337],[80.37192,7.50314],[80.37181,7.5025],[80.37172,7.50247],[80.3713,7.5026],[80.37119,7.50236],[80.37103,7.50218],[80.37079,7.50228],[80.37056,7.50209],[80.37053,7.50161],[80.37037,7.50111],[80.37026,7.50108],[80.3701,7.50114],[80.36967,7.50054],[80.36966,7.50039],[80.36971,7.50025],[80.36988,7.50018],[80.36972,7.49962],[80.36986,7.49948],[80.37024,7.49938],[80.37064,7.49918],[80.37072,7.49903],[80.3707,7.49888],[80.37059,7.49878],[80.37063,7.49862],[80.37087,7.49827],[80.37086,7.49815],[80.37075,7.49798],[80.37057,7.4979],[80.3702,7.49846],[80.36981,7.49878],[80.36971,7.49881],[80.36965,7.49875],[80.36955,7.49885],[80.36938,7.49875],[80.36918,7.49886],[80.36899,7.49879],[80.36869,7.49847],[80.36791,7.49723],[80.36776,7.4972],[80.36722,7.49744],[80.36718,7.49768],[80.36703,7.49772],[80.36689,7.49761],[80.36677,7.49765],[80.36684,7.49794],[80.36682,7.49841],[80.36666,7.49873],[80.36649,7.49871],[80.36629,7.49905],[80.36627,7.49924],[80.36655,7.49951],[80.36656,7.49963],[80.36621,7.49985],[80.36611,7.49997],[80.36612,7.50037],[80.36625,7.5005],[80.36612,7.50088],[80.36616,7.50122],[80.36596,7.50135]]]}},{"type":"Feature","properties":{"c":"farmland"},"geometry":{"type":"Polygon","coordinates":[[[80.36509,7.50323],[80.36516,7.50384],[80.36535,7.50426],[80.36619,7.50475],[80.36628,7.50428],[80.36648,7.50384],[80.3662,7.50377],[80.36622,7.50357],[80.36629,7.5035],[80.36631,7.50314],[80.36622,7.50286],[80.36629,7.50257],[80.36627,7.50246],[80.36638,7.50229],[80.36585,7.50144],[80.36544,7.50215],[80.36537,7.50244],[80.36538,7.50275],[80.36509,7.50323]]]}},{"type":"Feature","properties":{"c":"farmland"},"geometry":{"type":"Polygon","coordinates":[[[80.36887,7.47709],[80.36889,7.47762],[80.36905,7.47823],[80.36899,7.47887],[80.36902,7.47923],[80.36921,7.47937],[80.36963,7.47933],[80.36987,7.47924],[80.37,7.47902],[80.37102,7.47823],[80.371,7.47806],[80.37079,7.47781],[80.36994,7.47791],[80.36972,7.47781],[80.36964,7.47769],[80.36958,7.47685],[80.36887,7.47709]]]}},{"type":"Feature","properties":{"c":"farmland"},"geometry":{"type":"Polygon","coordinates":[[[80.36622,7.47237],[80.36659,7.47258],[80.36671,7.47257],[80.36681,7.47259],[80.36692,7.47269],[80.36714,7.47269],[80.36751,7.47312],[80.36766,7.47311],[80.36795,7.47292],[80.36843,7.47279],[80.36857,7.47265],[80.36856,7.4725],[80.36835,7.47215],[80.36838,7.47204],[80.36866,7.47197],[80.36856,7.47156],[80.36862,7.47147],[80.36915,7.47137],[80.36891,7.47033],[80.36836,7.47053],[80.36834,7.47069],[80.36839,7.47113],[80.36816,7.47177],[80.368,7.47185],[80.3673,7.47185],[80.36716,7.47192],[80.3671,7.472],[80.36622,7.47237]]]}},{"type":"Feature","properties":{"c":"farmland"},"geometry":{"type":"Polygon","coordinates":[[[80.36886,7.46848],[80.36899,7.4691],[80.36893,7.46952],[80.36897,7.46985],[80.3691,7.47041],[80.36925,7.47032],[80.36945,7.47031],[80.36979,7.47062],[80.37005,7.47052],[80.37026,7.46996],[80.37039,7.46976],[80.37056,7.46973],[80.37069,7.46958],[80.37065,7.46919],[80.37045,7.46859],[80.37048,7.46838],[80.37056,7.46822],[80.37057,7.46769],[80.37062,7.46755],[80.37057,7.46749],[80.36928,7.46836],[80.36898,7.4684],[80.36886,7.46848]]]}},{"type":"Feature","properties":{"c":"farmland"},"geometry":{"type":"Polygon","coordinates":[[[80.36981,7.46708],[80.37009,7.46745],[80.37016,7.46745],[80.37024,7.46731],[80.37034,7.46724],[80.37052,7.46726],[80.37067,7.46737],[80.37079,7.46735],[80.37085,7.46718],[80.37059,7.46647],[80.37044,7.46639],[80.36999,7.46658],[80.36983,7.46681],[80.36981,7.46708]]]}},{"type":"Feature","properties":{"c":"farmland"},"geometry":{"type":"Polygon","coordinates":[[[80.37028,7.47472],[80.37044,7.4751],[80.37104,7.4758],[80.37131,7.47595],[80.37202,7.47582],[80.37302,7.47549],[80.37314,7.47548],[80.37341,7.4756],[80.37405,7.47567],[80.37418,7.47578],[80.37425,7.47603],[80.37439,7.47621],[80.37567,7.47629],[80.376,7.47621],[80.37608,7.47612],[80.37536,7.47477],[80.37475,7.47395],[80.37468,7.47393],[80.37409,7.47427],[80.37379,7.47431],[80.37332,7.47428],[80.37328,7.47435],[80.37328,7.4745],[80.37316,7.47453],[80.37303,7.47443],[80.37296,7.47422],[80.37286,7.47419],[80.37207,7.4743],[80.37193,7.47438],[80.37183,7.4745],[80.37175,7.47474],[80.37105,7.4746],[80.37096,7.47464],[80.37085,7.47479],[80.37071,7.47489],[80.37041,7.4747],[80.37028,7.47472]]]}},{"type":"Feature","properties":{"c":"farmland"},"geometry":{"type":"Polygon","coordinates":[[[80.36564,7.47542],[80.36592,7.47593],[80.36612,7.47601],[80.36617,7.47615],[80.36623,7.4762],[80.36637,7.47614],[80.36692,7.4761],[80.36711,7.47622],[80.36737,7.4766],[80.36762,7.47683],[80.36868,7.47685],[80.36954,7.47655],[80.36969,7.47627],[80.36999,7.47617],[80.37035,7.47595],[80.37055,7.47604],[80.37072,7.47598],[80.37072,7.47591],[80.37025,7.47531],[80.3701,7.47524],[80.36988,7.47438],[80.36983,7.47434],[80.36966,7.4744],[80.36939,7.47439],[80.36927,7.47432],[80.36909,7.47432],[80.36861,7.47471],[80.36842,7.47468],[80.36841,7.47472],[80.36816,7.47474],[80.36816,7.47463],[80.36801,7.47459],[80.36784,7.47443],[80.36773,7.47439],[80.36728,7.47437],[80.36697,7.47442],[80.36678,7.4745],[80.36646,7.47449],[80.36638,7.47471],[80.36622,7.47479],[80.36579,7.47485],[80.36565,7.47495],[80.36564,7.47542]]]}},{"type":"Feature","properties":{"c":"farmland"},"geometry":{"type":"Polygon","coordinates":[[[80.35977,7.48049],[80.36022,7.48093],[80.36048,7.48075],[80.36056,7.48077],[80.36066,7.48088],[80.36101,7.48063],[80.3609,7.48041],[80.36141,7.48003],[80.36151,7.48005],[80.36172,7.48026],[80.36205,7.47996],[80.36183,7.47963],[80.36267,7.47886],[80.36279,7.47888],[80.36305,7.47914],[80.3636,7.47896],[80.36372,7.47881],[80.3638,7.47853],[80.36367,7.47815],[80.36373,7.47792],[80.36485,7.47704],[80.36529,7.47696],[80.36567,7.47677],[80.36579,7.47591],[80.36555,7.47545],[80.36554,7.47528],[80.36492,7.47534],[80.36487,7.47539],[80.36493,7.47563],[80.36488,7.47574],[80.36476,7.47579],[80.36455,7.47576],[80.36425,7.47546],[80.36413,7.47543],[80.36406,7.47557],[80.36433,7.47585],[80.36418,7.47597],[80.36418,7.47623],[80.3643,7.47634],[80.36474,7.47643],[80.36457,7.47683],[80.36437,7.477],[80.36423,7.47706],[80.36417,7.47697],[80.36413,7.47677],[80.36405,7.47671],[80.36379,7.47665],[80.36333,7.47668],[80.36306,7.47677],[80.36264,7.47703],[80.36247,7.47729],[80.36203,7.47779],[80.36149,7.4787],[80.36103,7.47913],[80.36098,7.47922],[80.361,7.47942],[80.36075,7.47964],[80.36072,7.47981],[80.36047,7.47989],[80.36028,7.48006],[80.35998,7.48022],[80.35977,7.48041],[80.35977,7.48049]]]}},{"type":"Feature","properties":{"c":"farmland"},"geometry":{"type":"Polygon","coordinates":[[[80.35176,7.4922],[80.3518,7.49237],[80.35204,7.49267],[80.35213,7.49259],[80.35215,7.49238],[80.35224,7.49225],[80.35229,7.49244],[80.3523,7.4927],[80.35314,7.49249],[80.35311,7.49246],[80.35322,7.49229],[80.35321,7.49209],[80.35312,7.49193],[80.35297,7.49192],[80.35286,7.49184],[80.35238,7.49191],[80.35184,7.4921],[80.35176,7.4922]]]}},{"type":"Feature","properties":{"c":"farmland"},"geometry":{"type":"Polygon","coordinates":[[[80.34848,7.49242],[80.34855,7.49257],[80.34874,7.49272],[80.34907,7.49283],[80.34945,7.49307],[80.34958,7.49299],[80.3498,7.49315],[80.35008,7.49298],[80.35018,7.493],[80.35025,7.49307],[80.35026,7.49318],[80.35018,7.49329],[80.34986,7.49355],[80.35025,7.49427],[80.35016,7.4944],[80.3503,7.49485],[80.3503,7.4951],[80.35037,7.49523],[80.3507,7.4952],[80.35077,7.49515],[80.3508,7.49507],[80.3507,7.49485],[80.35072,7.49475],[80.35108,7.49466],[80.35129,7.49446],[80.35151,7.49449],[80.35195,7.49403],[80.35208,7.49401],[80.35234,7.49424],[80.35253,7.49401],[80.35256,7.49346],[80.35219,7.49314],[80.35214,7.49319],[80.3521,7.49339],[80.35192,7.49369],[80.35174,7.49373],[80.35137,7.49369],[80.35119,7.49361],[80.35116,7.49344],[80.35144,7.49311],[80.35147,7.49302],[80.35139,7.49292],[80.35154,7.49277],[80.35149,7.49275],[80.35135,7.49285],[80.35121,7.4928],[80.35089,7.49306],[80.35066,7.49307],[80.35047,7.49283],[80.35021,7.49272],[80.34997,7.49249],[80.34975,7.49236],[80.34989,7.49199],[80.3499,7.49186],[80.34981,7.49177],[80.34973,7.49176],[80.34966,7.49183],[80.34947,7.49222],[80.34934,7.49236],[80.34925,7.49234],[80.349,7.49198],[80.34877,7.49194],[80.34864,7.49203],[80.34848,7.49242]]]}},{"type":"Feature","properties":{"c":"farmland"},"geometry":{"type":"Polygon","coordinates":[[[80.36345,7.48304],[80.36343,7.48336],[80.36375,7.4838],[80.3639,7.48381],[80.36407,7.48369],[80.36428,7.48314],[80.36444,7.48311],[80.36486,7.4832],[80.36496,7.48333],[80.36486,7.48338],[80.36485,7.48344],[80.36509,7.48351],[80.36505,7.48391],[80.36521,7.48416],[80.36547,7.48393],[80.36539,7.48368],[80.36543,7.4836],[80.36558,7.48353],[80.36589,7.4835],[80.36603,7.4834],[80.36597,7.48312],[80.36603,7.48262],[80.36626,7.48272],[80.3665,7.48271],[80.36678,7.48254],[80.36685,7.48243],[80.36694,7.48213],[80.36746,7.48217],[80.36758,7.48186],[80.36753,7.48166],[80.36807,7.48086],[80.36822,7.48056],[80.36825,7.48038],[80.36794,7.48029],[80.36781,7.48037],[80.36766,7.48065],[80.36751,7.48067],[80.36743,7.48073],[80.36738,7.48085],[80.36724,7.48089],[80.36699,7.48072],[80.36689,7.48054],[80.36672,7.48048],[80.36612,7.48044],[80.36605,7.48052],[80.36611,7.481],[80.36605,7.48123],[80.36593,7.48135],[80.36582,7.48135],[80.36571,7.48112],[80.36558,7.48108],[80.36509,7.48125],[80.36479,7.4816],[80.36475,7.48226],[80.36468,7.48233],[80.3644,7.48227],[80.3643,7.48259],[80.36413,7.48277],[80.36358,7.48295],[80.36345,7.48304]]]}},{"type":"Feature","properties":{"c":"farmland"},"geometry":{"type":"Polygon","coordinates":[[[80.36021,7.48443],[80.36071,7.4851],[80.36104,7.48536],[80.36114,7.48539],[80.3621,7.48482],[80.36244,7.48474],[80.36224,7.48434],[80.36224,7.48384],[80.36232,7.48358],[80.36212,7.48334],[80.36197,7.48334],[80.3618,7.48343],[80.36164,7.48336],[80.36151,7.48337],[80.36115,7.48354],[80.36111,7.48365],[80.36087,7.48391],[80.36022,7.48434],[80.36021,7.48443]]]}},{"type":"Feature","properties":{"c":"farmland"},"geometry":{"type":"Polygon","coordinates":[[[80.35735,7.47483],[80.35742,7.47505],[80.35777,7.47509],[80.35784,7.47528],[80.35773,7.47543],[80.35771,7.47556],[80.35779,7.47576],[80.35774,7.47592],[80.35764,7.47602],[80.35745,7.47673],[80.35744,7.47704],[80.35753,7.47717],[80.35757,7.47732],[80.35751,7.47756],[80.35758,7.47776],[80.35751,7.47784],[80.35757,7.47791],[80.35745,7.47817],[80.35769,7.47831],[80.35783,7.47833],[80.35798,7.47824],[80.35815,7.47829],[80.35822,7.47823],[80.35845,7.47705],[80.35845,7.47676],[80.35827,7.47628],[80.35835,7.47576],[80.35816,7.4757],[80.35823,7.4755],[80.3581,7.47544],[80.35806,7.4753],[80.35809,7.47523],[80.35826,7.47522],[80.35826,7.47514],[80.35809,7.47505],[80.3581,7.47492],[80.35815,7.47486],[80.35832,7.47484],[80.35834,7.47458],[80.35804,7.47463],[80.3576,7.47483],[80.3575,7.47479],[80.35735,7.47483]]]}},{"type":"Feature","properties":{"c":"farmland"},"geometry":{"type":"Polygon","coordinates":[[[80.3558,7.48469],[80.35581,7.48496],[80.35591,7.48511],[80.35645,7.48505],[80.35725,7.48505],[80.35763,7.4849],[80.35779,7.4849],[80.35809,7.48505],[80.35833,7.48525],[80.35859,7.48513],[80.35888,7.48486],[80.35882,7.48472],[80.35894,7.48454],[80.35889,7.48451],[80.35866,7.48458],[80.3583,7.4844],[80.35789,7.48473],[80.35779,7.48474],[80.35757,7.48459],[80.35703,7.48439],[80.35689,7.48439],[80.35663,7.48442],[80.35626,7.4846],[80.35608,7.48464],[80.35593,7.48461],[80.3558,7.48469]]]}},{"type":"Feature","properties":{"c":"farmland"},"geometry":{"type":"Polygon","coordinates":[[[80.37889,7.49115],[80.37891,7.49141],[80.37942,7.49372],[80.37944,7.49449],[80.37999,7.4946],[80.38038,7.49442],[80.38105,7.49431],[80.38125,7.49394],[80.38135,7.49391],[80.38159,7.494],[80.38173,7.49379],[80.38211,7.49359],[80.38249,7.49358],[80.38268,7.49364],[80.38299,7.49408],[80.38327,7.4948],[80.38327,7.4949],[80.38314,7.49501],[80.38319,7.4952],[80.38305,7.49563],[80.38305,7.49624],[80.38296,7.49642],[80.38287,7.49676],[80.38291,7.4969],[80.38311,7.49696],[80.38327,7.49715],[80.3834,7.49749],[80.38373,7.49766],[80.38381,7.49766],[80.38388,7.49757],[80.38386,7.49737],[80.38396,7.49723],[80.38411,7.49713],[80.38414,7.49699],[80.38393,7.49642],[80.38393,7.49627],[80.38421,7.49613],[80.38447,7.4961],[80.3848,7.49613],[80.38521,7.49627],[80.38536,7.49558],[80.38524,7.49512],[80.38532,7.49478],[80.38517,7.4946],[80.38498,7.49467],[80.38491,7.49463],[80.38473,7.49401],[80.38484,7.49357],[80.38503,7.49329],[80.38515,7.4933],[80.38525,7.49322],[80.38573,7.49254],[80.38612,7.49237],[80.38631,7.49237],[80.38653,7.49201],[80.38665,7.49191],[80.38727,7.49167],[80.38741,7.49157],[80.38776,7.49176],[80.38794,7.49153],[80.388,7.49154],[80.38875,7.49213],[80.38894,7.49215],[80.38899,7.49213],[80.3891,7.49162],[80.38894,7.49137],[80.38905,7.49118],[80.3893,7.49118],[80.38966,7.49067],[80.38976,7.49068],[80.38988,7.49094],[80.39033,7.49104],[80.3904,7.49105],[80.39092,7.49078],[80.39094,7.49056],[80.39089,7.49052],[80.39036,7.49051],[80.39033,7.49047],[80.39034,7.48982],[80.39021,7.48967],[80.38985,7.48967],[80.38975,7.48994],[80.38962,7.48992],[80.38942,7.48959],[80.3894,7.48952],[80.38982,7.48837],[80.3898,7.48805],[80.38954,7.48793],[80.38952,7.48761],[80.38946,7.48759],[80.389,7.48792],[80.38863,7.48887],[80.38862,7.4894],[80.38807,7.49031],[80.38755,7.49077],[80.38684,7.491],[80.38612,7.49141],[80.38602,7.49138],[80.38576,7.49087],[80.38511,7.49085],[80.385,7.49077],[80.38495,7.49051],[80.38453,7.49043],[80.38474,7.48978],[80.38526,7.48981],[80.38543,7.48965],[80.38569,7.48926],[80.38573,7.48883],[80.3856,7.48862],[80.38578,7.48812],[80.38624,7.48756],[80.38662,7.48763],[80.38681,7.4874],[80.38686,7.48627],[80.38705,7.48566],[80.38745,7.48507],[80.38785,7.48476],[80.3879,7.48463],[80.38799,7.48458],[80.38812,7.48304],[80.38787,7.48292],[80.3873,7.48244],[80.38679,7.48219],[80.38638,7.48208],[80.38606,7.48194],[80.38566,7.4819],[80.38566,7.48241],[80.38571,7.48246],[80.38585,7.48248],[80.38614,7.48245],[80.38622,7.48252],[80.38623,7.48264],[80.38616,7.48271],[80.38562,7.48266],[80.38556,7.48272],[80.38557,7.48284],[80.38545,7.48298],[80.38539,7.48298],[80.38536,7.48279],[80.38506,7.48269],[80.385,7.48248],[80.38492,7.48241],[80.38444,7.48228],[80.38437,7.48242],[80.38426,7.48241],[80.3841,7.48228],[80.38381,7.48223],[80.38374,7.4823],[80.38382,7.48264],[80.38381,7.48284],[80.38404,7.48303],[80.38407,7.48317],[80.38397,7.48324],[80.38396,7.48361],[80.38386,7.48389],[80.38362,7.48402],[80.38336,7.48394],[80.38319,7.48373],[80.38293,7.48325],[80.38292,7.48288],[80.38346,7.48261],[80.38351,7.48246],[80.3833,7.48242],[80.38321,7.48236],[80.38319,7.4821],[80.38327,7.48198],[80.38343,7.48187],[80.38345,7.48175],[80.38334,7.4816],[80.3831,7.48147],[80.383,7.48113],[80.38292,7.48103],[80.38228,7.48101],[80.38216,7.48108],[80.38215,7.48132],[80.38222,7.48153],[80.38228,7.48158],[80.38249,7.48159],[80.38252,7.48167],[80.38237,7.48188],[80.38223,7.48233],[80.38223,7.48249],[80.38213,7.4826],[80.38181,7.48258],[80.38124,7.48248],[80.38079,7.48219],[80.3805,7.48191],[80.38036,7.48148],[80.38035,7.48101],[80.3803,7.48085],[80.38023,7.48073],[80.37987,7.48074],[80.37984,7.48049],[80.37969,7.48052],[80.37968,7.48103],[80.37938,7.48286],[80.37947,7.48296],[80.37992,7.48305],[80.38006,7.48313],[80.3801,7.48321],[80.37997,7.48357],[80.37977,7.48379],[80.37966,7.48411],[80.3797,7.48434],[80.37967,7.48446],[80.37929,7.4855],[80.37935,7.48595],[80.37963,7.48607],[80.37972,7.48626],[80.37959,7.48643],[80.37946,7.48645],[80.37938,7.48638],[80.3794,7.48703],[80.37945,7.4871],[80.37977,7.48702],[80.37979,7.48673],[80.37987,7.48664],[80.3801,7.48657],[80.38029,7.4868],[80.38047,7.4868],[80.38046,7.48673],[80.38034,7.48662],[80.38034,7.48653],[80.38047,7.48642],[80.38086,7.48662],[80.38089,7.48668],[80.38086,7.48691],[80.38096,7.48707],[80.3811,7.48717],[80.38145,7.48727],[80.38184,7.48712],[80.38193,7.48732],[80.38197,7.48793],[80.38175,7.48865],[80.38161,7.48873],[80.38131,7.48907],[80.38133,7.48922],[80.38116,7.4895],[80.38112,7.48971],[80.38115,7.48986],[80.3811,7.48991],[80.38057,7.49004],[80.38041,7.49017],[80.38029,7.49017],[80.38018,7.49004],[80.3801,7.49005],[80.38003,7.4901],[80.37999,7.49022],[80.37993,7.49062],[80.3796,7.49074],[80.37955,7.49108],[80.37933,7.49107],[80.37889,7.49115]]]}},{"type":"Feature","properties":{"c":"farmland"},"geometry":{"type":"Polygon","coordinates":[[[80.37633,7.48877],[80.37642,7.48892],[80.3767,7.4891],[80.37681,7.48926],[80.37686,7.48939],[80.3768,7.48958],[80.37689,7.49007],[80.37703,7.49024],[80.37715,7.49023],[80.37742,7.49041],[80.37742,7.49053],[80.37735,7.49059],[80.37696,7.49064],[80.37689,7.4907],[80.37689,7.49093],[80.37675,7.49106],[80.3768,7.4911],[80.37731,7.49101],[80.37741,7.49106],[80.37744,7.49116],[80.37735,7.49126],[80.37709,7.49128],[80.37677,7.4912],[80.3765,7.49122],[80.37635,7.49146],[80.37637,7.49153],[80.37712,7.4918],[80.37727,7.49192],[80.37733,7.49205],[80.37767,7.49215],[80.3777,7.49251],[80.37777,7.49258],[80.37852,7.4926],[80.37861,7.49282],[80.37854,7.49315],[80.37843,7.49336],[80.37835,7.4934],[80.37829,7.49359],[80.37836,7.49379],[80.37844,7.49394],[80.37859,7.49395],[80.37863,7.49415],[80.3791,7.49431],[80.37919,7.49428],[80.3791,7.49314],[80.37891,7.49246],[80.37864,7.49117],[80.37864,7.49061],[80.37859,7.49052],[80.37827,7.4905],[80.37816,7.49041],[80.37815,7.49029],[80.37818,7.49002],[80.37825,7.4899],[80.37844,7.48996],[80.37836,7.49018],[80.3784,7.49032],[80.37855,7.49035],[80.37867,7.4903],[80.37874,7.48939],[80.37887,7.48882],[80.37869,7.48871],[80.37849,7.48871],[80.37829,7.48886],[80.37823,7.48905],[80.37821,7.48934],[80.37815,7.48938],[80.37789,7.48934],[80.37779,7.48958],[80.37772,7.48965],[80.3776,7.48968],[80.37733,7.48953],[80.37727,7.48911],[80.37717,7.48888],[80.37725,7.4886],[80.3772,7.48851],[80.37678,7.48838],[80.37648,7.4884],[80.37633,7.48877]]]}},{"type":"Feature","properties":{"c":"farmland"},"geometry":{"type":"Polygon","coordinates":[[[80.37743,7.48842],[80.37741,7.48864],[80.37757,7.48865],[80.37785,7.48821],[80.37817,7.48822],[80.37823,7.4881],[80.37816,7.4877],[80.37796,7.48769],[80.37795,7.48781],[80.3777,7.48787],[80.37758,7.48831],[80.37743,7.48842]]]}},{"type":"Feature","properties":{"c":"farmland"},"geometry":{"type":"Polygon","coordinates":[[[80.37762,7.48715],[80.37767,7.4872],[80.37799,7.48719],[80.37811,7.48714],[80.37813,7.48703],[80.37798,7.48699],[80.37794,7.4869],[80.37796,7.48677],[80.3781,7.48674],[80.37811,7.48656],[80.37778,7.48663],[80.37762,7.48693],[80.37762,7.48715]]]}},{"type":"Feature","properties":{"c":"farmland"},"geometry":{"type":"Polygon","coordinates":[[[80.37707,7.48308],[80.37738,7.48316],[80.3774,7.48306],[80.37755,7.48302],[80.37781,7.48311],[80.37799,7.48312],[80.37804,7.4831],[80.37825,7.48268],[80.37828,7.48242],[80.37835,7.48239],[80.37861,7.48254],[80.3786,7.48261],[80.3784,7.48277],[80.37836,7.48288],[80.3786,7.48301],[80.37859,7.48309],[80.37854,7.48315],[80.37825,7.48312],[80.37819,7.48321],[80.37842,7.48348],[80.37843,7.48381],[80.37836,7.48381],[80.37832,7.48342],[80.37823,7.48335],[80.37812,7.48337],[80.3782,7.48385],[80.37843,7.48392],[80.37839,7.48418],[80.37843,7.48447],[80.37853,7.48448],[80.37858,7.48443],[80.37862,7.48395],[80.37879,7.484],[80.37882,7.48427],[80.37876,7.48466],[80.37872,7.48471],[80.37845,7.48466],[80.37845,7.48507],[80.37816,7.48512],[80.3781,7.4853],[80.37784,7.48548],[80.37778,7.48565],[80.37765,7.4858],[80.37763,7.48594],[80.3777,7.48614],[80.37776,7.48617],[80.37792,7.48617],[80.37812,7.48605],[80.37818,7.48608],[80.37825,7.48619],[80.37825,7.48648],[80.37834,7.4866],[80.3787,7.48647],[80.37877,7.48598],[80.37883,7.4859],[80.37906,7.48589],[80.37899,7.48386],[80.37907,7.48293],[80.37873,7.48285],[80.37882,7.4825],[80.37912,7.48254],[80.37917,7.48249],[80.37927,7.48183],[80.37914,7.48151],[80.37888,7.48118],[80.37837,7.48082],[80.3783,7.48082],[80.37802,7.48171],[80.37803,7.48213],[80.37774,7.48289],[80.37769,7.48293],[80.37762,7.48284],[80.37745,7.48279],[80.37735,7.48298],[80.37711,7.48294],[80.37707,7.48308]]]}},{"type":"Feature","properties":{"c":"residential"},"geometry":{"type":"Polygon","coordinates":[[[80.35419,7.49815],[80.35428,7.49825],[80.35433,7.49816],[80.35426,7.49809],[80.35419,7.49815]]]}},{"type":"Feature","properties":{"c":"farmland"},"geometry":{"type":"Polygon","coordinates":[[[80.34977,7.5008],[80.34993,7.50101],[80.35019,7.50108],[80.35041,7.50099],[80.35055,7.50073],[80.35044,7.50049],[80.35036,7.50042],[80.35024,7.50042],[80.34977,7.5008]]]}},{"type":"Feature","properties":{"c":"orchard"},"geometry":{"type":"Polygon","coordinates":[[[80.35434,7.49961],[80.35477,7.49992],[80.35542,7.50012],[80.35554,7.50012],[80.35558,7.50007],[80.35562,7.49983],[80.35571,7.49978],[80.35599,7.49983],[80.35606,7.49927],[80.3558,7.49924],[80.35574,7.49919],[80.35584,7.49851],[80.35588,7.49841],[80.35633,7.4984],[80.35645,7.49767],[80.35567,7.49757],[80.35555,7.49774],[80.35548,7.49775],[80.35487,7.49761],[80.35471,7.49826],[80.35455,7.49839],[80.35442,7.49872],[80.35434,7.49961]]]}},{"type":"Feature","properties":{"c":"farmland"},"geometry":{"type":"Polygon","coordinates":[[[80.3754,7.504],[80.37554,7.50415],[80.37633,7.5045],[80.37687,7.50487],[80.37714,7.50483],[80.37731,7.50475],[80.37736,7.50458],[80.37734,7.50418],[80.37739,7.50408],[80.37759,7.50399],[80.3778,7.5038],[80.3781,7.50347],[80.37821,7.50327],[80.37824,7.50278],[80.37875,7.50275],[80.37882,7.50274],[80.37884,7.50268],[80.37859,7.50196],[80.37832,7.50091],[80.37824,7.50026],[80.37795,7.50014],[80.37783,7.50016],[80.37766,7.50025],[80.37759,7.50038],[80.37747,7.50046],[80.37708,7.50044],[80.37697,7.50053],[80.37675,7.50047],[80.37615,7.49962],[80.37595,7.49957],[80.37582,7.49974],[80.37593,7.50001],[80.37611,7.50026],[80.37615,7.50049],[80.37592,7.50066],[80.3758,7.50084],[80.37586,7.501],[80.37613,7.50128],[80.37649,7.50135],[80.37679,7.50156],[80.37683,7.50183],[80.37677,7.50214],[80.37639,7.50291],[80.37615,7.50354],[80.3761,7.50361],[80.37576,7.5037],[80.37554,7.50383],[80.3754,7.504]]]}},{"type":"Feature","properties":{"c":"farmland"},"geometry":{"type":"Polygon","coordinates":[[[80.3741,7.49307],[80.37416,7.49314],[80.37428,7.49318],[80.37452,7.49318],[80.3748,7.49339],[80.37501,7.49341],[80.3752,7.4932],[80.37522,7.49309],[80.3752,7.49302],[80.37504,7.4929],[80.37438,7.49286],[80.37418,7.49292],[80.3741,7.49307]]]}},{"type":"Feature","properties":{"c":"farmland"},"geometry":{"type":"Polygon","coordinates":[[[80.34576,7.49293],[80.34579,7.4931],[80.34586,7.4932],[80.34647,7.49288],[80.3467,7.49296],[80.34703,7.49297],[80.34717,7.49281],[80.34702,7.49262],[80.34709,7.49236],[80.34702,7.49225],[80.34722,7.49194],[80.34716,7.4918],[80.34763,7.49149],[80.3475,7.49134],[80.34784,7.49096],[80.34811,7.49101],[80.34832,7.49095],[80.34844,7.49129],[80.34859,7.49132],[80.34869,7.49127],[80.34865,7.49101],[80.3484,7.49086],[80.34843,7.49046],[80.34837,7.49036],[80.34814,7.49028],[80.3473,7.49043],[80.34719,7.49058],[80.34712,7.49088],[80.34668,7.49145],[80.34657,7.49169],[80.34647,7.49171],[80.34606,7.49156],[80.34592,7.49165],[80.34576,7.49293]]]}},{"type":"Feature","properties":{"c":"farmland"},"geometry":{"type":"Polygon","coordinates":[[[80.34751,7.49228],[80.34744,7.49271],[80.34756,7.4928],[80.34813,7.49286],[80.34828,7.49261],[80.34812,7.49234],[80.34805,7.49229],[80.34792,7.49231],[80.34783,7.49218],[80.3477,7.49213],[80.34765,7.49226],[80.34755,7.49223],[80.34751,7.49228]]]}},{"type":"Feature","properties":{"c":"farmland"},"geometry":{"type":"Polygon","coordinates":[[[80.35837,7.47523],[80.35896,7.4755],[80.359,7.47549],[80.35909,7.47515],[80.35908,7.47509],[80.35844,7.47461],[80.35839,7.47467],[80.35837,7.47523]]]}},{"type":"Feature","properties":{"c":"farmland"},"geometry":{"type":"Polygon","coordinates":[[[80.35999,7.47611],[80.36003,7.4766],[80.36043,7.4765],[80.36036,7.47592],[80.36011,7.47589],[80.35999,7.47611]]]}},{"type":"Feature","properties":{"c":"farmland"},"geometry":{"type":"Polygon","coordinates":[[[80.3531,7.47287],[80.35315,7.47298],[80.35323,7.47304],[80.35438,7.47336],[80.35451,7.47352],[80.35466,7.47393],[80.35481,7.47398],[80.3551,7.47385],[80.35515,7.47373],[80.355,7.47367],[80.35493,7.47352],[80.35501,7.47334],[80.35506,7.47299],[80.35503,7.47285],[80.35491,7.47277],[80.35428,7.47277],[80.35403,7.47282],[80.35391,7.47276],[80.35359,7.47228],[80.35341,7.47225],[80.3533,7.4723],[80.35328,7.4725],[80.35317,7.47257],[80.3531,7.47287]]]}},{"type":"Feature","properties":{"c":"farmland"},"geometry":{"type":"Polygon","coordinates":[[[80.35531,7.47385],[80.35534,7.4739],[80.35559,7.47382],[80.35581,7.47382],[80.35585,7.47397],[80.35589,7.47396],[80.35639,7.47351],[80.35552,7.47343],[80.35546,7.47346],[80.35544,7.47361],[80.35531,7.47385]]]}},{"type":"Feature","properties":{"c":"farmland"},"geometry":{"type":"Polygon","coordinates":[[[80.35844,7.47445],[80.35858,7.47455],[80.35863,7.47435],[80.35875,7.47438],[80.35887,7.47431],[80.35897,7.47437],[80.35898,7.4745],[80.35892,7.47457],[80.359,7.47468],[80.35892,7.47481],[80.3591,7.47499],[80.35916,7.47499],[80.35933,7.47466],[80.35955,7.47441],[80.35966,7.47439],[80.35978,7.47425],[80.35974,7.47415],[80.35963,7.47418],[80.35943,7.47412],[80.35948,7.47395],[80.35959,7.47384],[80.35953,7.47367],[80.35922,7.47349],[80.35886,7.47372],[80.35904,7.47388],[80.35892,7.47404],[80.35873,7.47394],[80.35863,7.47397],[80.35845,7.47421],[80.35844,7.47445]]]}},{"type":"Feature","properties":{"c":"farmland"},"geometry":{"type":"Polygon","coordinates":[[[80.35587,7.47413],[80.35612,7.47451],[80.35635,7.47526],[80.35643,7.47526],[80.35675,7.47501],[80.35686,7.47518],[80.35733,7.47495],[80.3573,7.47481],[80.35714,7.47469],[80.35712,7.4746],[80.35736,7.47438],[80.35731,7.47406],[80.35735,7.47395],[80.35758,7.47382],[80.35764,7.47386],[80.35779,7.47415],[80.35804,7.47415],[80.3583,7.47425],[80.35877,7.47369],[80.35915,7.47341],[80.35916,7.47334],[80.35907,7.47315],[80.35898,7.47311],[80.35875,7.47314],[80.35869,7.47309],[80.35865,7.47291],[80.35842,7.47276],[80.35814,7.47285],[80.35787,7.47305],[80.35748,7.47281],[80.35739,7.47284],[80.35739,7.47289],[80.35742,7.47305],[80.35754,7.47325],[80.35757,7.47346],[80.35725,7.47363],[80.35711,7.47363],[80.35704,7.4734],[80.35704,7.47294],[80.35701,7.47292],[80.35587,7.47413]]]}},{"type":"Feature","properties":{"c":"farmland"},"geometry":{"type":"Polygon","coordinates":[[[80.3617,7.50577],[80.36184,7.50594],[80.3624,7.50614],[80.36304,7.5061],[80.36326,7.50618],[80.36328,7.50627],[80.36318,7.50639],[80.36252,7.50669],[80.36238,7.5068],[80.36243,7.50701],[80.36251,7.50704],[80.36269,7.507],[80.36296,7.5068],[80.36303,7.50681],[80.36312,7.50691],[80.36347,7.50675],[80.36398,7.50602],[80.36412,7.50593],[80.36432,7.50591],[80.36448,7.50556],[80.36424,7.50549],[80.36397,7.50551],[80.36372,7.50563],[80.3636,7.50581],[80.3635,7.50588],[80.36335,7.50588],[80.36301,7.50571],[80.36258,7.50573],[80.36243,7.50568],[80.36237,7.50558],[80.36224,7.50555],[80.36182,7.50562],[80.3617,7.50577]]]}},{"type":"Feature","properties":{"c":"forest"},"geometry":{"type":"Polygon","coordinates":[[[80.35239,7.50522],[80.35281,7.50596],[80.35267,7.50641],[80.35301,7.50718],[80.35334,7.50734],[80.3537,7.50744],[80.35415,7.50746],[80.35433,7.50768],[80.35402,7.50854],[80.354,7.50973],[80.35393,7.51001],[80.35371,7.51018],[80.35348,7.51023],[80.35276,7.51008],[80.35253,7.51022],[80.35245,7.51047],[80.35258,7.51106],[80.35273,7.5112],[80.35301,7.51129],[80.35424,7.51117],[80.35503,7.5112],[80.35517,7.51116],[80.35582,7.51068],[80.35603,7.51064],[80.35621,7.51072],[80.35641,7.51089],[80.35676,7.51096],[80.35688,7.51108],[80.3569,7.51121],[80.35685,7.51146],[80.35694,7.51202],[80.35816,7.51193],[80.35937,7.51172],[80.35965,7.51143],[80.35965,7.51116],[80.3595,7.51084],[80.35947,7.51048],[80.35936,7.51007],[80.35948,7.50956],[80.35939,7.5093],[80.35879,7.50883],[80.35859,7.50851],[80.35828,7.50818],[80.35762,7.50768],[80.35744,7.50725],[80.35781,7.50692],[80.3581,7.50689],[80.35892,7.50733],[80.3592,7.50739],[80.35989,7.50707],[80.36126,7.50675],[80.3614,7.50652],[80.36142,7.50623],[80.36128,7.50611],[80.36105,7.50604],[80.3608,7.50604],[80.36031,7.50615],[80.36001,7.50617],[80.35968,7.50605],[80.35956,7.50584],[80.35955,7.50563],[80.35963,7.50531],[80.3596,7.50525],[80.35887,7.50486],[80.35736,7.50513],[80.35701,7.5054],[80.35668,7.50557],[80.35599,7.50564],[80.35552,7.50556],[80.3551,7.50541],[80.35494,7.50526],[80.35501,7.50486],[80.35492,7.50451],[80.35494,7.50411],[80.35517,7.50384],[80.3549,7.50371],[80.35427,7.50403],[80.35392,7.50428],[80.35367,7.50458],[80.35344,7.50471],[80.35259,7.505],[80.35239,7.50522]]]}},{"type":"Feature","properties":{"c":"orchard"},"geometry":{"type":"Polygon","coordinates":[[[80.35492,7.50454],[80.35501,7.50486],[80.35494,7.50526],[80.3551,7.50541],[80.35552,7.50556],[80.35599,7.50564],[80.35668,7.50557],[80.35701,7.5054],[80.35736,7.50513],[80.35911,7.50481],[80.35973,7.50485],[80.36016,7.50451],[80.36046,7.50403],[80.3606,7.50337],[80.36047,7.50309],[80.36024,7.50296],[80.35997,7.50294],[80.35979,7.50298],[80.35942,7.50314],[80.35927,7.50342],[80.35895,7.50382],[80.35852,7.50388],[80.35835,7.50381],[80.35813,7.50363],[80.3579,7.50317],[80.35761,7.50315],[80.35664,7.50355],[80.35553,7.50372],[80.35517,7.50384],[80.35494,7.50411],[80.35492,7.50454]]]}},{"type":"Feature","properties":{"c":"grass"},"geometry":{"type":"Polygon","coordinates":[[[80.35731,7.49958],[80.35733,7.50024],[80.35738,7.50049],[80.35745,7.50053],[80.35755,7.50051],[80.35762,7.50045],[80.35755,7.50029],[80.35762,7.50017],[80.35781,7.50005],[80.35783,7.49993],[80.35772,7.4997],[80.35761,7.4996],[80.35736,7.49956],[80.35731,7.49958]]]}},{"type":"Feature","properties":{"c":"orchard"},"geometry":{"type":"Polygon","coordinates":[[[80.35651,7.49899],[80.35654,7.4991],[80.35691,7.4992],[80.35732,7.49948],[80.35744,7.49931],[80.35756,7.49936],[80.35795,7.50009],[80.35801,7.5003],[80.35821,7.50066],[80.35853,7.50147],[80.35866,7.50151],[80.35877,7.50147],[80.359,7.50097],[80.35883,7.50073],[80.3588,7.50036],[80.35865,7.49999],[80.35879,7.49973],[80.35907,7.49961],[80.35913,7.49949],[80.35912,7.49931],[80.359,7.49915],[80.35897,7.49904],[80.35899,7.4987],[80.35924,7.49828],[80.35926,7.49813],[80.35912,7.4978],[80.3589,7.49772],[80.35875,7.4976],[80.35831,7.49702],[80.3576,7.4969],[80.35776,7.49778],[80.35772,7.49824],[80.35799,7.49831],[80.3581,7.49842],[80.35812,7.49855],[80.35806,7.49873],[80.35797,7.49883],[80.35777,7.4989],[80.35758,7.49889],[80.35731,7.4987],[80.35676,7.49845],[80.35659,7.49859],[80.35662,7.49871],[80.35651,7.49899]]]}},{"type":"Feature","properties":{"c":"meadow"},"geometry":{"type":"Polygon","coordinates":[[[80.36104,7.47586],[80.36118,7.47596],[80.36132,7.47577],[80.36126,7.47573],[80.36121,7.47577],[80.36108,7.47575],[80.36104,7.47586]]]}},{"type":"Feature","properties":{"c":"park","n":"Mowao"},"geometry":{"type":"Polygon","coordinates":[[[80.34859,7.48249],[80.3486,7.48324],[80.34919,7.48323],[80.34922,7.48248],[80.34859,7.48249]]]}},{"type":"Feature","properties":{"c":"forest"},"geometry":{"type":"Polygon","coordinates":[[[80.37057,7.4979],[80.37075,7.49798],[80.37086,7.49815],[80.37087,7.49827],[80.37063,7.49862],[80.37059,7.49878],[80.3707,7.49888],[80.37074,7.49915],[80.37093,7.49914],[80.37097,7.49888],[80.37111,7.49885],[80.37117,7.49843],[80.37113,7.49791],[80.37099,7.49776],[80.37105,7.49725],[80.37093,7.4972],[80.37082,7.49751],[80.37063,7.49757],[80.37057,7.4979]]]}},{"type":"Feature","properties":{"c":"industrial"},"geometry":{"type":"Polygon","coordinates":[[[80.37612,7.49412],[80.37616,7.49415],[80.37616,7.49414],[80.37612,7.49412]]]}},{"type":"Feature","properties":{"c":"park"},"geometry":{"type":"Polygon","coordinates":[[[80.35774,7.49005],[80.35794,7.4905],[80.35804,7.49058],[80.35816,7.49082],[80.35853,7.4906],[80.35821,7.48998],[80.35839,7.48985],[80.35829,7.4897],[80.35825,7.48968],[80.358,7.4898],[80.35777,7.48995],[80.35774,7.49005]]]}},{"type":"Feature","properties":{"c":"park"},"geometry":{"type":"Polygon","coordinates":[[[80.35625,7.49004],[80.35655,7.4905],[80.35659,7.49081],[80.35705,7.4907],[80.35721,7.49093],[80.35731,7.49096],[80.35738,7.49092],[80.35735,7.4908],[80.35741,7.49073],[80.35708,7.49037],[80.35726,7.4902],[80.35678,7.48964],[80.35669,7.48966],[80.35625,7.49004]]]}},{"type":"Feature","properties":{"c":"park"},"geometry":{"type":"Polygon","coordinates":[[[80.35398,7.48905],[80.35408,7.48926],[80.3541,7.48959],[80.35405,7.48975],[80.35418,7.49005],[80.35443,7.49035],[80.3548,7.49054],[80.35524,7.49033],[80.35514,7.49017],[80.35465,7.48998],[80.35458,7.48978],[80.35481,7.48927],[80.35493,7.48917],[80.35512,7.48911],[80.35524,7.48886],[80.35524,7.4886],[80.35473,7.48834],[80.35458,7.48853],[80.35426,7.48874],[80.35409,7.4886],[80.35398,7.48905]]]}},{"type":"Feature","properties":{"c":"forest"},"geometry":{"type":"Polygon","coordinates":[[[80.37994,7.48588],[80.37992,7.48609],[80.38002,7.48618],[80.38013,7.48621],[80.38025,7.48617],[80.38037,7.48603],[80.38033,7.48589],[80.38018,7.48577],[80.37994,7.48588]]]}},{"type":"Feature","properties":{"c":"residential"},"geometry":{"type":"Polygon","coordinates":[[[80.3666,7.49371],[80.3668,7.494],[80.36705,7.49381],[80.36681,7.49353],[80.3666,7.49371]]]}},{"type":"Feature","properties":{"c":"commercial","n":"Mixed Retail-Residential"},"geometry":{"type":"Polygon","coordinates":[[[80.36681,7.49353],[80.36705,7.49381],[80.36723,7.49377],[80.36738,7.49366],[80.36707,7.4933],[80.36681,7.49353]]]}},{"type":"Feature","properties":{"c":"commercial","n":"Retail"},"geometry":{"type":"Polygon","coordinates":[[[80.36589,7.49292],[80.3666,7.49371],[80.36707,7.4933],[80.36672,7.49287],[80.36662,7.49296],[80.36676,7.49311],[80.36657,7.49328],[80.36628,7.49295],[80.36656,7.49269],[80.36635,7.49252],[80.36589,7.49292]]]}},{"type":"Feature","properties":{"c":"commercial"},"geometry":{"type":"Polygon","coordinates":[[[80.36628,7.49295],[80.36639,7.49307],[80.36659,7.4929],[80.36647,7.49278],[80.36628,7.49295]]]}},{"type":"Feature","properties":{"c":"residential","n":"Residential_Low rise"},"geometry":{"type":"Polygon","coordinates":[[[80.36021,7.49204],[80.36031,7.49221],[80.36059,7.49207],[80.36048,7.49182],[80.36021,7.49204]]]}},{"type":"Feature","properties":{"c":"commercial"},"geometry":{"type":"Polygon","coordinates":[[[80.36109,7.49119],[80.36132,7.49171],[80.36176,7.49146],[80.36173,7.49123],[80.36162,7.49108],[80.36185,7.49089],[80.36142,7.49068],[80.36118,7.49074],[80.36123,7.49084],[80.36119,7.49105],[80.36109,7.49119]]]}},{"type":"Feature","properties":{"c":"retail"},"geometry":{"type":"Polygon","coordinates":[[[80.36122,7.48927],[80.36127,7.48953],[80.36168,7.4894],[80.36209,7.48941],[80.36209,7.48945],[80.36229,7.48941],[80.36248,7.48946],[80.36263,7.48955],[80.36258,7.48971],[80.36312,7.48987],[80.36329,7.48978],[80.3634,7.48979],[80.36353,7.48986],[80.3638,7.49017],[80.36393,7.49019],[80.36435,7.48987],[80.36404,7.4897],[80.36397,7.48981],[80.36387,7.48984],[80.3638,7.4897],[80.36387,7.48965],[80.36384,7.48962],[80.36229,7.48893],[80.36202,7.4889],[80.36122,7.48927]]]}},{"type":"Feature","properties":{"c":"commercial","n":"Retail"},"geometry":{"type":"Polygon","coordinates":[[[80.36393,7.49019],[80.36409,7.49022],[80.36423,7.49017],[80.3642,7.49032],[80.36453,7.49055],[80.36478,7.49059],[80.36473,7.49044],[80.3649,7.49029],[80.36438,7.48989],[80.36393,7.49019]]]}},{"type":"Feature","properties":{"c":"industrial","n":"Kurunegala Lake Pump House"},"geometry":{"type":"Polygon","coordinates":[[[80.36424,7.49074],[80.36452,7.49079],[80.3646,7.49088],[80.36489,7.49067],[80.36478,7.49059],[80.36439,7.49054],[80.3643,7.49058],[80.36424,7.49074]]]}},{"type":"Feature","properties":{"c":"commercial","n":"Mixed Retail-Residential"},"geometry":{"type":"Polygon","coordinates":[[[80.36555,7.49175],[80.36567,7.49206],[80.36587,7.49194],[80.36572,7.49164],[80.36555,7.49175]]]}},{"type":"Feature","properties":{"c":"industrial","n":"Vehical repairing Workshop"},"geometry":{"type":"Polygon","coordinates":[[[80.36489,7.49067],[80.36484,7.49119],[80.36536,7.49095],[80.36515,7.49061],[80.36489,7.49067]]]}},{"type":"Feature","properties":{"c":"commercial","n":"Retail"},"geometry":{"type":"Polygon","coordinates":[[[80.36556,7.48946],[80.36573,7.48952],[80.3662,7.48945],[80.36582,7.48891],[80.36578,7.48891],[80.36563,7.48898],[80.36571,7.48925],[80.36556,7.48946]]]}},{"type":"Feature","properties":{"c":"commercial","n":"Retail"},"geometry":{"type":"Polygon","coordinates":[[[80.36518,7.49006],[80.36522,7.4904],[80.36543,7.49084],[80.36565,7.49067],[80.36569,7.49048],[80.36578,7.49038],[80.36599,7.49032],[80.3662,7.49032],[80.36589,7.49022],[80.36579,7.49013],[80.36518,7.49006]]]}},{"type":"Feature","properties":{"c":"commercial","n":"Retail"},"geometry":{"type":"Polygon","coordinates":[[[80.36525,7.48918],[80.36553,7.48927],[80.36556,7.48946],[80.36571,7.48925],[80.36561,7.48894],[80.36547,7.48877],[80.36532,7.489],[80.36548,7.4891],[80.3653,7.48903],[80.36525,7.48918]]]}},{"type":"Feature","properties":{"c":"commercial"},"geometry":{"type":"Polygon","coordinates":[[[80.36522,7.48946],[80.36556,7.48946],[80.36558,7.48937],[80.36553,7.48927],[80.36525,7.48918],[80.36522,7.48946]]]}},{"type":"Feature","properties":{"c":"commercial","n":"Banks"},"geometry":{"type":"Polygon","coordinates":[[[80.36518,7.49006],[80.36579,7.49013],[80.36589,7.49022],[80.36621,7.4903],[80.36626,7.48989],[80.36635,7.48986],[80.36642,7.48966],[80.3662,7.48945],[80.36573,7.48952],[80.3656,7.48979],[80.3652,7.48974],[80.36518,7.49006]]]}},{"type":"Feature","properties":{"c":"retail"},"geometry":{"type":"Polygon","coordinates":[[[80.37353,7.49397],[80.37371,7.49419],[80.37402,7.49404],[80.37387,7.49379],[80.37353,7.49397]]]}},{"type":"Feature","properties":{"c":"residential"},"geometry":{"type":"Polygon","coordinates":[[[80.37343,7.49401],[80.37346,7.49432],[80.37371,7.49419],[80.37353,7.49397],[80.37343,7.49401]]]}},{"type":"Feature","properties":{"c":"commercial"},"geometry":{"type":"Polygon","coordinates":[[[80.37276,7.49454],[80.37289,7.4947],[80.37346,7.49432],[80.37343,7.49401],[80.37338,7.49395],[80.3731,7.49418],[80.37305,7.49429],[80.37276,7.49454]]]}},{"type":"Feature","properties":{"c":"retail"},"geometry":{"type":"Polygon","coordinates":[[[80.37229,7.49486],[80.37248,7.49508],[80.37289,7.4947],[80.37276,7.49454],[80.37229,7.49486]]]}},{"type":"Feature","properties":{"c":"residential"},"geometry":{"type":"Polygon","coordinates":[[[80.37061,7.49487],[80.37083,7.49521],[80.37128,7.49539],[80.37148,7.49531],[80.37173,7.49506],[80.37213,7.49477],[80.37219,7.49476],[80.37229,7.49486],[80.37262,7.49466],[80.37338,7.49395],[80.37337,7.49383],[80.37333,7.49376],[80.3729,7.49387],[80.37273,7.49379],[80.37248,7.49338],[80.37239,7.49341],[80.3724,7.4937],[80.37249,7.49393],[80.37247,7.49402],[80.37234,7.49416],[80.37186,7.49443],[80.37178,7.49479],[80.37145,7.49487],[80.37123,7.49481],[80.37099,7.49467],[80.37084,7.49451],[80.37064,7.49447],[80.37061,7.49487]]]}},{"type":"Feature","properties":{"c":"retail"},"geometry":{"type":"Polygon","coordinates":[[[80.36984,7.49553],[80.37033,7.49573],[80.37059,7.49578],[80.3706,7.49539],[80.37026,7.4951],[80.36984,7.49553]]]}},{"type":"Feature","properties":{"c":"retail"},"geometry":{"type":"Polygon","coordinates":[[[80.3641,7.48529],[80.36436,7.48572],[80.36478,7.48549],[80.36512,7.4852],[80.36517,7.48509],[80.36513,7.48498],[80.36481,7.48465],[80.36443,7.48505],[80.3641,7.48529]]]}},{"type":"Feature","properties":{"c":"orchard"},"geometry":{"type":"Polygon","coordinates":[[[80.36127,7.48996],[80.36131,7.4902],[80.3618,7.49009],[80.3618,7.49026],[80.36148,7.49044],[80.362,7.4904],[80.36223,7.49031],[80.36216,7.49],[80.36191,7.49001],[80.36189,7.48992],[80.36191,7.48988],[80.36213,7.48981],[80.36211,7.48969],[80.36176,7.48977],[80.36175,7.48985],[80.36156,7.48988],[80.36147,7.48995],[80.36127,7.48996]]]}},{"type":"Feature","properties":{"c":"forest"},"geometry":{"type":"Polygon","coordinates":[[[80.36209,7.48945],[80.36217,7.49006],[80.36253,7.48992],[80.36263,7.48955],[80.36229,7.48941],[80.36209,7.48945]]]}},{"type":"Feature","properties":{"c":"retail"},"geometry":{"type":"Polygon","coordinates":[[[80.36217,7.49006],[80.36223,7.49031],[80.36293,7.49002],[80.36298,7.49001],[80.36303,7.49018],[80.36308,7.4902],[80.36359,7.49013],[80.36393,7.49019],[80.36374,7.49013],[80.36353,7.48986],[80.3634,7.48979],[80.36329,7.48978],[80.36312,7.48987],[80.36258,7.48971],[80.36253,7.48992],[80.36217,7.49006]]]}},{"type":"Feature","properties":{"c":"residential","n":"Residential_Low rise"},"geometry":{"type":"Polygon","coordinates":[[[80.36223,7.49031],[80.36235,7.49055],[80.36253,7.49063],[80.36348,7.49055],[80.36349,7.49044],[80.36337,7.49016],[80.36303,7.49018],[80.36298,7.49001],[80.36223,7.49031]]]}},{"type":"Feature","properties":{"c":"retail"},"geometry":{"type":"Polygon","coordinates":[[[80.36134,7.49044],[80.36142,7.49068],[80.36152,7.49076],[80.3615,7.49068],[80.3616,7.49068],[80.36203,7.49079],[80.36238,7.49058],[80.36223,7.49031],[80.36173,7.49044],[80.36134,7.49044]]]}},{"type":"Feature","properties":{"c":"forest"},"geometry":{"type":"Polygon","coordinates":[[[80.35976,7.48898],[80.35985,7.48908],[80.35992,7.48906],[80.36005,7.48923],[80.36016,7.48919],[80.36034,7.48946],[80.36043,7.48942],[80.3605,7.48952],[80.36062,7.48945],[80.36042,7.48904],[80.36025,7.48913],[80.35999,7.48881],[80.35976,7.48898]]]}},{"type":"Feature","properties":{"c":"residential","n":"Residential_Low rise"},"geometry":{"type":"Polygon","coordinates":[[[80.35863,7.49117],[80.3587,7.49132],[80.35876,7.49133],[80.35905,7.49124],[80.35927,7.49124],[80.35973,7.49137],[80.35995,7.49129],[80.36026,7.49134],[80.36062,7.49107],[80.36059,7.49092],[80.36091,7.49081],[80.3609,7.49031],[80.36106,7.49029],[80.36104,7.49019],[80.36089,7.4902],[80.36082,7.49003],[80.36061,7.49003],[80.36061,7.48989],[80.36041,7.48994],[80.36032,7.49],[80.36032,7.49011],[80.36018,7.49019],[80.36014,7.49036],[80.35976,7.49055],[80.35973,7.49063],[80.35965,7.49063],[80.3596,7.49053],[80.35938,7.49062],[80.35938,7.49077],[80.35924,7.49084],[80.35908,7.4909],[80.35879,7.49091],[80.35867,7.49103],[80.35863,7.49117]]]}},{"type":"Feature","properties":{"c":"retail"},"geometry":{"type":"Polygon","coordinates":[[[80.35929,7.49033],[80.35943,7.49061],[80.3596,7.49053],[80.35965,7.49063],[80.35973,7.49063],[80.35976,7.49055],[80.36014,7.49036],[80.36018,7.49019],[80.36032,7.49011],[80.36032,7.49],[80.36049,7.48991],[80.36073,7.48986],[80.36079,7.48969],[80.36099,7.48969],[80.36098,7.48959],[80.36106,7.48954],[80.36103,7.48949],[80.36118,7.48941],[80.36116,7.48932],[80.35929,7.49033]]]}},{"type":"Feature","properties":{"c":"retail"},"geometry":{"type":"Polygon","coordinates":[[[80.36085,7.48968],[80.36099,7.48978],[80.36123,7.48971],[80.36118,7.48941],[80.36103,7.48949],[80.36106,7.48954],[80.36098,7.48959],[80.36099,7.48969],[80.36085,7.48968]]]}},{"type":"Feature","properties":{"c":"residential","n":"Residential_Low rise"},"geometry":{"type":"Polygon","coordinates":[[[80.36191,7.48988],[80.36191,7.49001],[80.36216,7.49],[80.36213,7.48981],[80.36191,7.48988]]]}},{"type":"Feature","properties":{"c":"residential","n":"Residential_Low rise"},"geometry":{"type":"Polygon","coordinates":[[[80.36163,7.4901],[80.36164,7.49032],[80.3618,7.49026],[80.3618,7.49009],[80.36163,7.4901]]]}},{"type":"Feature","properties":{"c":"industrial"},"geometry":{"type":"Polygon","coordinates":[[[80.36131,7.4902],[80.36134,7.49044],[80.36148,7.49044],[80.36164,7.49032],[80.36163,7.4901],[80.36131,7.4902]]]}},{"type":"Feature","properties":{"c":"retail"},"geometry":{"type":"Polygon","coordinates":[[[80.36123,7.48971],[80.36127,7.48996],[80.36135,7.48996],[80.36173,7.48986],[80.36176,7.48977],[80.36211,7.48969],[80.3621,7.48957],[80.36154,7.4896],[80.3613,7.48966],[80.36123,7.48971]]]}},{"type":"Feature","properties":{"c":"orchard"},"geometry":{"type":"Polygon","coordinates":[[[80.36154,7.4896],[80.3621,7.48957],[80.36209,7.48941],[80.36168,7.4894],[80.3616,7.48943],[80.36154,7.4896]]]}},{"type":"Feature","properties":{"c":"residential","n":"Residential_Low rise"},"geometry":{"type":"Polygon","coordinates":[[[80.36127,7.48953],[80.3613,7.48966],[80.36154,7.4896],[80.3616,7.48943],[80.36156,7.48941],[80.36127,7.48953]]]}},{"type":"Feature","properties":{"c":"retail"},"geometry":{"type":"Polygon","coordinates":[[[80.3614,7.48843],[80.36187,7.48863],[80.36194,7.48864],[80.36197,7.48856],[80.36182,7.48833],[80.36157,7.4881],[80.3614,7.48843]]]}},{"type":"Feature","properties":{"c":"retail"},"geometry":{"type":"Polygon","coordinates":[[[80.36069,7.48816],[80.36117,7.48837],[80.36134,7.48801],[80.36141,7.48799],[80.36129,7.48772],[80.36082,7.48773],[80.36069,7.48816]]]}},{"type":"Feature","properties":{"c":"retail"},"geometry":{"type":"Polygon","coordinates":[[[80.36179,7.48808],[80.36182,7.48833],[80.36189,7.4883],[80.36212,7.48841],[80.36223,7.48827],[80.36211,7.48821],[80.36215,7.48807],[80.36212,7.48802],[80.36222,7.48783],[80.36206,7.48772],[80.36179,7.48808]]]}},{"type":"Feature","properties":{"c":"retail"},"geometry":{"type":"Polygon","coordinates":[[[80.36211,7.48821],[80.36242,7.48834],[80.36261,7.48799],[80.36225,7.48782],[80.36212,7.48802],[80.36215,7.48807],[80.36211,7.48821]]]}},{"type":"Feature","properties":{"c":"retail"},"geometry":{"type":"Polygon","coordinates":[[[80.36204,7.48846],[80.36227,7.4886],[80.36237,7.48843],[80.36218,7.48833],[80.36204,7.48846]]]}},{"type":"Feature","properties":{"c":"retail"},"geometry":{"type":"Polygon","coordinates":[[[80.36383,7.48947],[80.36404,7.48957],[80.3647,7.4889],[80.36441,7.48863],[80.36387,7.48931],[80.36383,7.48947]]]}},{"type":"Feature","properties":{"c":"retail"},"geometry":{"type":"Polygon","coordinates":[[[80.36352,7.48934],[80.36378,7.48944],[80.36441,7.48863],[80.36383,7.48861],[80.36352,7.48934]]]}},{"type":"Feature","properties":{"c":"retail"},"geometry":{"type":"Polygon","coordinates":[[[80.36229,7.48882],[80.36349,7.48934],[80.36378,7.48862],[80.36255,7.48861],[80.36236,7.48868],[80.36229,7.48882]]]}},{"type":"Feature","properties":{"c":"retail"},"geometry":{"type":"Polygon","coordinates":[[[80.36277,7.48846],[80.36285,7.48856],[80.36379,7.48857],[80.36374,7.48801],[80.36367,7.48794],[80.36359,7.48797],[80.36277,7.48846]]]}},{"type":"Feature","properties":{"c":"retail"},"geometry":{"type":"Polygon","coordinates":[[[80.36447,7.48866],[80.3647,7.4889],[80.3654,7.48822],[80.36526,7.48793],[80.36506,7.48804],[80.36447,7.48866]]]}},{"type":"Feature","properties":{"c":"retail"},"geometry":{"type":"Polygon","coordinates":[[[80.3641,7.48961],[80.36428,7.48971],[80.36493,7.48918],[80.36538,7.4886],[80.36544,7.48843],[80.36541,7.48826],[80.36515,7.48844],[80.36423,7.48935],[80.36412,7.48948],[80.3641,7.48961]]]}},{"type":"Feature","properties":{"c":"retail"},"geometry":{"type":"Polygon","coordinates":[[[80.36461,7.48988],[80.36486,7.49014],[80.36502,7.49026],[80.36505,7.48984],[80.36461,7.48988]]]}},{"type":"Feature","properties":{"c":"commercial","n":"Retail"},"geometry":{"type":"Polygon","coordinates":[[[80.36466,7.48937],[80.36505,7.48951],[80.36509,7.48912],[80.36493,7.48918],[80.36466,7.48937]]]}},{"type":"Feature","properties":{"c":"retail"},"geometry":{"type":"Polygon","coordinates":[[[80.35999,7.48881],[80.36028,7.48914],[80.36077,7.48881],[80.36027,7.4884],[80.36021,7.48841],[80.35999,7.48881]]]}},{"type":"Feature","properties":{"c":"retail"},"geometry":{"type":"Polygon","coordinates":[[[80.36027,7.4884],[80.36077,7.48881],[80.36042,7.48904],[80.36062,7.48945],[80.36127,7.48913],[80.36115,7.48889],[80.36129,7.48886],[80.3614,7.48905],[80.3617,7.48887],[80.36171,7.48877],[80.36166,7.48869],[80.36042,7.48814],[80.36027,7.4884]]]}},{"type":"Feature","properties":{"c":"retail"},"geometry":{"type":"Polygon","coordinates":[[[80.3589,7.48905],[80.35908,7.48913],[80.35921,7.48933],[80.35999,7.48881],[80.36016,7.48848],[80.35993,7.48838],[80.35967,7.4884],[80.35937,7.48869],[80.3589,7.48905]]]}},{"type":"Feature","properties":{"c":"retail"},"geometry":{"type":"Polygon","coordinates":[[[80.35995,7.48836],[80.36016,7.48848],[80.36027,7.4884],[80.36042,7.48814],[80.36005,7.48799],[80.35995,7.48836]]]}},{"type":"Feature","properties":{"c":"retail"},"geometry":{"type":"Polygon","coordinates":[[[80.35945,7.48971],[80.35965,7.48999],[80.3605,7.48952],[80.36043,7.48942],[80.36032,7.48944],[80.36026,7.48932],[80.36013,7.4892],[80.36005,7.48923],[80.36007,7.48934],[80.3599,7.48947],[80.3595,7.48973],[80.35945,7.48971]]]}},{"type":"Feature","properties":{"c":"retail"},"geometry":{"type":"Polygon","coordinates":[[[80.35834,7.49024],[80.35853,7.4906],[80.35961,7.49001],[80.35945,7.48971],[80.35898,7.49002],[80.35875,7.48992],[80.35852,7.49004],[80.35851,7.49014],[80.35834,7.49024]]]}},{"type":"Feature","properties":{"c":"retail"},"geometry":{"type":"Polygon","coordinates":[[[80.35921,7.48933],[80.3595,7.48973],[80.36007,7.48934],[80.36005,7.48923],[80.35992,7.48906],[80.35985,7.48908],[80.35976,7.48898],[80.35921,7.48933]]]}},{"type":"Feature","properties":{"c":"residential","n":"Residential_Low rise"},"geometry":{"type":"Polygon","coordinates":[[[80.35708,7.49037],[80.35742,7.49075],[80.35753,7.49073],[80.35794,7.4905],[80.35779,7.4902],[80.35774,7.49018],[80.35737,7.49031],[80.35726,7.4902],[80.35708,7.49037]]]}},{"type":"Feature","properties":{"c":"retail"},"geometry":{"type":"Polygon","coordinates":[[[80.35646,7.49143],[80.35664,7.49145],[80.35679,7.49164],[80.35751,7.49121],[80.3579,7.49095],[80.35779,7.49075],[80.358,7.49064],[80.35794,7.4905],[80.35753,7.49073],[80.35741,7.49073],[80.35735,7.4908],[80.35738,7.49092],[80.35731,7.49096],[80.35718,7.4909],[80.35705,7.4907],[80.35659,7.49081],[80.35672,7.49121],[80.35646,7.49143]]]}},{"type":"Feature","properties":{"c":"retail"},"geometry":{"type":"Polygon","coordinates":[[[80.35787,7.49112],[80.35808,7.49138],[80.3584,7.49122],[80.35863,7.49117],[80.35867,7.49103],[80.35879,7.49091],[80.35908,7.4909],[80.35938,7.49077],[80.35938,7.49062],[80.35929,7.49051],[80.35926,7.49036],[80.35787,7.49112]]]}},{"type":"Feature","properties":{"c":"residential","n":"Residential_Low rise"},"geometry":{"type":"Polygon","coordinates":[[[80.35745,7.49135],[80.35766,7.49169],[80.35799,7.49151],[80.35808,7.49138],[80.35787,7.49112],[80.35745,7.49135]]]}},{"type":"Feature","properties":{"c":"retail"},"geometry":{"type":"Polygon","coordinates":[[[80.35728,7.49144],[80.35753,7.49178],[80.35766,7.49169],[80.35745,7.49135],[80.35728,7.49144]]]}},{"type":"Feature","properties":{"c":"industrial","n":"HONSHU"},"geometry":{"type":"Polygon","coordinates":[[[80.35683,7.49173],[80.35702,7.49201],[80.35753,7.49178],[80.35728,7.49144],[80.35683,7.49173]]]}},{"type":"Feature","properties":{"c":"residential","n":"Residential_Low rise"},"geometry":{"type":"Polygon","coordinates":[[[80.35772,7.48954],[80.35783,7.48986],[80.35777,7.48995],[80.35825,7.48968],[80.35835,7.48976],[80.35839,7.48985],[80.35821,7.48995],[80.35834,7.49024],[80.35851,7.49014],[80.35852,7.49004],[80.35875,7.48992],[80.35898,7.49002],[80.35945,7.48971],[80.35908,7.48913],[80.3589,7.48905],[80.35897,7.48913],[80.35892,7.48922],[80.35901,7.48938],[80.35909,7.48938],[80.35916,7.48963],[80.35912,7.48967],[80.35892,7.48958],[80.35879,7.4896],[80.3588,7.48946],[80.35874,7.48937],[80.35848,7.48918],[80.35787,7.48955],[80.35772,7.48954]]]}},{"type":"Feature","properties":{"c":"retail"},"geometry":{"type":"Polygon","coordinates":[[[80.36115,7.48196],[80.36163,7.48245],[80.36185,7.4822],[80.36152,7.48187],[80.36137,7.48192],[80.36124,7.4819],[80.36115,7.48196]]]}},{"type":"Feature","properties":{"c":"forest"},"geometry":{"type":"Polygon","coordinates":[[[80.37202,7.49803],[80.37209,7.49914],[80.37244,7.50136],[80.3726,7.50353],[80.37261,7.50677],[80.37284,7.50677],[80.37266,7.50602],[80.37262,7.50557],[80.3727,7.50514],[80.37274,7.50397],[80.37257,7.50076],[80.37234,7.49937],[80.37212,7.49858],[80.37215,7.49812],[80.37301,7.49643],[80.37344,7.49618],[80.37435,7.49618],[80.37425,7.49673],[80.37355,7.49735],[80.37394,7.49744],[80.37411,7.49756],[80.37421,7.49882],[80.37422,7.50127],[80.37402,7.50236],[80.37417,7.50419],[80.37407,7.50425],[80.37394,7.50508],[80.37398,7.50598],[80.37383,7.50668],[80.37533,7.50668],[80.37521,7.505],[80.37555,7.50425],[80.37537,7.5039],[80.3761,7.50361],[80.37666,7.50238],[80.37679,7.50156],[80.37613,7.50128],[80.3758,7.50084],[80.37609,7.5004],[80.3757,7.49973],[80.37601,7.49945],[80.37691,7.50035],[80.37824,7.50006],[80.37833,7.49944],[80.37703,7.4993],[80.37711,7.49867],[80.37659,7.49857],[80.37651,7.49823],[80.37658,7.49646],[80.37707,7.49628],[80.37715,7.49568],[80.37642,7.49465],[80.37453,7.49427],[80.37373,7.4945],[80.37337,7.49475],[80.37231,7.49705],[80.37202,7.49803]]]}},{"type":"Feature","properties":{"c":"forest"},"geometry":{"type":"Polygon","coordinates":[[[80.35097,7.4787],[80.35108,7.47873],[80.35126,7.47891],[80.3514,7.47882],[80.35151,7.47896],[80.35145,7.47903],[80.35149,7.47908],[80.35164,7.47899],[80.3516,7.47885],[80.35171,7.47874],[80.35163,7.47866],[80.35168,7.47854],[80.35158,7.47844],[80.3514,7.47855],[80.35136,7.47852],[80.3513,7.47857],[80.35136,7.47864],[80.35127,7.47871],[80.35115,7.47867],[80.35107,7.47855],[80.35097,7.4787]]]}},{"type":"Feature","properties":{"c":"farmland"},"geometry":{"type":"Polygon","coordinates":[[[80.35895,7.50741],[80.35897,7.50767],[80.36065,7.50742],[80.36092,7.50761],[80.36141,7.5077],[80.36129,7.50805],[80.3609,7.50881],[80.36129,7.50902],[80.36156,7.50835],[80.36185,7.50845],[80.36188,7.50828],[80.36247,7.50821],[80.36226,7.5087],[80.36261,7.50881],[80.36273,7.50855],[80.36302,7.5084],[80.36302,7.50821],[80.36285,7.50813],[80.36271,7.5077],[80.36225,7.50767],[80.36225,7.5073],[80.36195,7.50741],[80.36164,7.50738],[80.3613,7.50712],[80.36136,7.50696],[80.36172,7.50697],[80.36177,7.50685],[80.3615,7.50671],[80.35972,7.50715],[80.35895,7.50741]]]}},{"type":"Feature","properties":{"c":"residential"},"geometry":{"type":"Polygon","coordinates":[[[80.36319,7.50789],[80.36374,7.50795],[80.3638,7.50734],[80.3644,7.50744],[80.36442,7.50602],[80.36432,7.50591],[80.36398,7.50602],[80.36347,7.50675],[80.36325,7.50687],[80.36319,7.50789]]]}},{"type":"Feature","properties":{"c":"farmland"},"geometry":{"type":"Polygon","coordinates":[[[80.34142,7.49103],[80.34184,7.49137],[80.34179,7.4915],[80.34208,7.49188],[80.34284,7.49251],[80.34323,7.49238],[80.34323,7.49222],[80.3435,7.49229],[80.34372,7.49249],[80.34381,7.49302],[80.34408,7.49328],[80.34436,7.49327],[80.34435,7.49264],[80.3441,7.4924],[80.34394,7.49242],[80.3437,7.49214],[80.3437,7.49201],[80.34402,7.49203],[80.34446,7.49187],[80.34465,7.49178],[80.34468,7.49166],[80.34434,7.49155],[80.34395,7.49175],[80.34323,7.49121],[80.34288,7.49168],[80.34247,7.49149],[80.34209,7.49092],[80.34151,7.49086],[80.34142,7.49103]]]}},{"type":"Feature","properties":{"c":"farmyard"},"geometry":{"type":"Polygon","coordinates":[[[80.34377,7.47099],[80.34406,7.4711],[80.34414,7.471],[80.34417,7.47088],[80.34379,7.47057],[80.34377,7.47099]]]}},{"type":"Feature","properties":{"c":"farmland"},"geometry":{"type":"Polygon","coordinates":[[[80.36224,7.46602],[80.36265,7.46635],[80.36268,7.46626],[80.36258,7.4662],[80.36265,7.46604],[80.36302,7.46565],[80.36338,7.46547],[80.36328,7.46529],[80.36323,7.46507],[80.36302,7.46499],[80.36295,7.46511],[80.36238,7.4651],[80.36238,7.46548],[80.36252,7.46578],[80.36252,7.46596],[80.36224,7.46602]]]}},{"type":"Feature","properties":{"c":"farmland"},"geometry":{"type":"Polygon","coordinates":[[[80.36112,7.46556],[80.36165,7.46576],[80.36168,7.46551],[80.36199,7.46537],[80.36208,7.46508],[80.3621,7.4646],[80.362,7.4644],[80.36156,7.46437],[80.36138,7.46445],[80.36149,7.46475],[80.36139,7.465],[80.36114,7.46533],[80.36112,7.46556]]]}},{"type":"Feature","properties":{"c":"meadow"},"geometry":{"type":"Polygon","coordinates":[[[80.3637,7.47426],[80.36379,7.47441],[80.36372,7.47467],[80.36383,7.47477],[80.36395,7.47478],[80.36433,7.47434],[80.36422,7.47412],[80.36401,7.47387],[80.36375,7.47397],[80.3637,7.47426]]]}},{"type":"Feature","properties":{"c":"farmland"},"geometry":{"type":"Polygon","coordinates":[[[80.36471,7.54553],[80.36474,7.54569],[80.36488,7.54575],[80.36537,7.54579],[80.36619,7.54563],[80.36642,7.54571],[80.3666,7.54588],[80.36676,7.54592],[80.36677,7.54674],[80.3669,7.54665],[80.36701,7.54667],[80.36738,7.54679],[80.3676,7.54696],[80.36775,7.54736],[80.36794,7.54759],[80.36807,7.54821],[80.36837,7.5483],[80.3684,7.54849],[80.36858,7.54869],[80.36883,7.54869],[80.36891,7.54863],[80.36885,7.54817],[80.36832,7.5468],[80.36853,7.54663],[80.36861,7.54644],[80.36857,7.54627],[80.36797,7.54538],[80.36801,7.545],[80.36789,7.54502],[80.36787,7.54474],[80.36812,7.54474],[80.36819,7.54468],[80.36821,7.5446],[80.36808,7.54449],[80.3681,7.54433],[80.36838,7.54397],[80.36888,7.54423],[80.36887,7.54257],[80.36886,7.54237],[80.36879,7.54231],[80.36881,7.54201],[80.36777,7.54191],[80.36767,7.54231],[80.3675,7.54226],[80.3675,7.54213],[80.36739,7.54205],[80.36726,7.54235],[80.36669,7.54212],[80.36654,7.54283],[80.36613,7.54289],[80.36609,7.54285],[80.36598,7.54338],[80.36576,7.54336],[80.36577,7.54309],[80.36554,7.54301],[80.36527,7.54331],[80.36532,7.54353],[80.36523,7.54399],[80.36586,7.54405],[80.36591,7.5441],[80.36589,7.54423],[80.3654,7.54461],[80.36507,7.54496],[80.36501,7.54523],[80.36475,7.54538],[80.36471,7.54553]]]}},{"type":"Feature","properties":{"c":"forest"},"geometry":{"type":"Polygon","coordinates":[[[80.31895,7.4723],[80.31895,7.47238],[80.31911,7.47239],[80.31936,7.47258],[80.31942,7.47269],[80.31919,7.47306],[80.31921,7.47314],[80.31942,7.47331],[80.3195,7.47332],[80.31952,7.47318],[80.31939,7.47311],[80.31936,7.47303],[80.31972,7.47275],[80.31974,7.47262],[80.31962,7.47253],[80.31955,7.47239],[80.31968,7.47228],[80.31945,7.47217],[80.31923,7.47226],[80.31912,7.4722],[80.31911,7.4721],[80.31895,7.4723]]]}},{"type":"Feature","properties":{"c":"industrial","n":"Dangaspitiya Industrial Zone"},"geometry":{"type":"Polygon","coordinates":[[[80.34239,7.41877],[80.3425,7.41914],[80.34409,7.42051],[80.34448,7.42091],[80.34467,7.42121],[80.34506,7.4226],[80.34508,7.42281],[80.34497,7.42301],[80.34488,7.42332],[80.34488,7.42346],[80.34558,7.42373],[80.34566,7.42368],[80.34567,7.42352],[80.34583,7.42337],[80.34584,7.42312],[80.34598,7.42292],[80.34618,7.42275],[80.34648,7.42212],[80.3465,7.42199],[80.34596,7.4214],[80.34603,7.42131],[80.34607,7.42135],[80.34623,7.42109],[80.34585,7.42086],[80.3454,7.42025],[80.34517,7.42004],[80.3453,7.41991],[80.34429,7.41901],[80.34432,7.41895],[80.34376,7.41864],[80.34386,7.41845],[80.34294,7.4178],[80.34279,7.41785],[80.34248,7.41848],[80.34239,7.41877]]]}},{"type":"Feature","properties":{"c":"industrial","n":"Jayampathi Export Pvt"},"geometry":{"type":"Polygon","coordinates":[[[80.3359,7.43737],[80.33656,7.43791],[80.33678,7.43763],[80.33683,7.43766],[80.33745,7.43704],[80.33684,7.43645],[80.33625,7.43703],[80.33621,7.437],[80.3359,7.43737]]]}},{"type":"Feature","properties":{"c":"farmland","n":"Paddy Land"},"geometry":{"type":"Polygon","coordinates":[[[80.38971,7.53981],[80.38971,7.5405],[80.39006,7.54085],[80.39069,7.5406],[80.39118,7.54048],[80.39147,7.54025],[80.39179,7.54022],[80.39194,7.54011],[80.39246,7.54005],[80.39343,7.53972],[80.39371,7.53953],[80.39489,7.53984],[80.39518,7.53983],[80.39555,7.53971],[80.39623,7.53981],[80.39645,7.53974],[80.39668,7.5398],[80.39713,7.54022],[80.39707,7.54028],[80.39719,7.54043],[80.39742,7.54051],[80.39791,7.54131],[80.39795,7.54158],[80.39784,7.54216],[80.39791,7.5423],[80.39841,7.54267],[80.39846,7.54295],[80.39868,7.54318],[80.39887,7.54315],[80.39901,7.54305],[80.3994,7.5431],[80.39966,7.54282],[80.40026,7.54232],[80.40009,7.54201],[80.3998,7.54196],[80.39966,7.54161],[80.39953,7.5415],[80.39954,7.54142],[80.39972,7.54142],[80.39987,7.54135],[80.39974,7.54114],[80.39941,7.5411],[80.39943,7.54098],[80.39963,7.54087],[80.39968,7.54095],[80.39963,7.541],[80.39979,7.54105],[80.39985,7.54096],[80.39979,7.54085],[80.39994,7.54063],[80.40004,7.54057],[80.4002,7.54068],[80.40032,7.54052],[80.4007,7.54038],[80.40072,7.54028],[80.40069,7.54023],[80.40078,7.53997],[80.40074,7.53984],[80.40064,7.53977],[80.40037,7.53977],[80.40011,7.53988],[80.40006,7.54001],[80.39995,7.54008],[80.3995,7.53994],[80.39923,7.53969],[80.39898,7.53899],[80.39911,7.53837],[80.39933,7.53787],[80.39934,7.53751],[80.3995,7.53713],[80.39952,7.53699],[80.3994,7.53684],[80.39938,7.53672],[80.39941,7.53662],[80.39971,7.53637],[80.40004,7.53617],[80.40007,7.53605],[80.40038,7.53606],[80.40085,7.5361],[80.40084,7.53638],[80.40108,7.53653],[80.40132,7.53677],[80.40152,7.53672],[80.40169,7.53655],[80.40185,7.53666],[80.40212,7.53641],[80.40203,7.53614],[80.40212,7.53618],[80.40222,7.53615],[80.40225,7.53606],[80.4025,7.53607],[80.4025,7.53633],[80.40302,7.53629],[80.40324,7.53589],[80.4032,7.53576],[80.403,7.53579],[80.40295,7.53593],[80.40286,7.5359],[80.40282,7.53576],[80.40237,7.53581],[80.40189,7.53562],[80.40087,7.5359],[80.40079,7.53584],[80.40006,7.53581],[80.40024,7.53517],[80.40042,7.53491],[80.40059,7.53433],[80.4007,7.5341],[80.40089,7.53392],[80.401,7.53361],[80.4011,7.53344],[80.40124,7.53342],[80.40177,7.53352],[80.40197,7.53348],[80.40254,7.53354],[80.40272,7.53347],[80.40308,7.53349],[80.40326,7.53354],[80.40341,7.53373],[80.40369,7.53371],[80.4044,7.53353],[80.40478,7.5336],[80.4048,7.53353],[80.40491,7.53354],[80.40494,7.53339],[80.40502,7.53342],[80.40508,7.53306],[80.40536,7.53296],[80.40532,7.53252],[80.40542,7.53256],[80.40557,7.53256],[80.40602,7.53225],[80.40592,7.53168],[80.40581,7.53162],[80.40571,7.53167],[80.40561,7.53159],[80.40546,7.53159],[80.40497,7.53179],[80.40496,7.53192],[80.40489,7.53202],[80.40453,7.53204],[80.4044,7.53213],[80.40426,7.53237],[80.40412,7.53241],[80.40394,7.53231],[80.40383,7.53231],[80.40368,7.53246],[80.40348,7.53249],[80.40313,7.53232],[80.4027,7.53244],[80.40242,7.53246],[80.40245,7.53255],[80.40234,7.53265],[80.40218,7.53272],[80.40207,7.53269],[80.40182,7.53274],[80.40169,7.53282],[80.40165,7.53295],[80.40155,7.53299],[80.40142,7.53294],[80.40145,7.53306],[80.4014,7.53316],[80.40131,7.53322],[80.40112,7.53311],[80.40116,7.53287],[80.40122,7.5328],[80.40107,7.53282],[80.40096,7.53272],[80.40099,7.53223],[80.4012,7.53153],[80.40122,7.53112],[80.40133,7.53056],[80.40189,7.53041],[80.40224,7.53041],[80.40254,7.53049],[80.40272,7.53048],[80.40325,7.53075],[80.40361,7.53061],[80.40396,7.53059],[80.40437,7.53037],[80.40463,7.53035],[80.40469,7.5304],[80.40507,7.53036],[80.40519,7.53031],[80.40522,7.53014],[80.40527,7.52965],[80.40494,7.52944],[80.40453,7.5296],[80.40441,7.52973],[80.4044,7.5298],[80.40425,7.5299],[80.40368,7.53016],[80.40346,7.53013],[80.4034,7.52998],[80.40358,7.52973],[80.40361,7.52962],[80.40351,7.52952],[80.40331,7.52946],[80.40347,7.52915],[80.40376,7.52944],[80.40405,7.52943],[80.4042,7.52936],[80.40426,7.52923],[80.40424,7.52907],[80.4045,7.52877],[80.4044,7.52852],[80.40408,7.52827],[80.40396,7.52838],[80.40391,7.52864],[80.40375,7.52876],[80.40372,7.52866],[80.40361,7.52859],[80.40357,7.5284],[80.40343,7.52862],[80.4033,7.52863],[80.40307,7.52885],[80.40289,7.52895],[80.40279,7.5288],[80.4026,7.52878],[80.40293,7.52853],[80.4031,7.52815],[80.40345,7.52794],[80.40351,7.52784],[80.4036,7.52786],[80.40379,7.52763],[80.40322,7.52723],[80.40314,7.52712],[80.40296,7.52723],[80.40268,7.52774],[80.40246,7.52788],[80.40236,7.52805],[80.40197,7.52903],[80.40202,7.5293],[80.40176,7.52958],[80.40139,7.52983],[80.40137,7.52962],[80.40128,7.52937],[80.40128,7.52912],[80.40123,7.52902],[80.40114,7.529],[80.40108,7.52884],[80.40109,7.52855],[80.40117,7.52853],[80.40116,7.52845],[80.40098,7.52815],[80.40076,7.52802],[80.40053,7.52773],[80.40054,7.52723],[80.40042,7.52655],[80.40052,7.5258],[80.40073,7.52554],[80.40086,7.52548],[80.40103,7.52517],[80.40133,7.52393],[80.40141,7.52389],[80.40156,7.52356],[80.40164,7.52356],[80.40173,7.52349],[80.40188,7.52317],[80.40203,7.52308],[80.40214,7.52293],[80.40245,7.52209],[80.40259,7.52183],[80.40269,7.52175],[80.40266,7.52159],[80.4025,7.52161],[80.40218,7.52151],[80.40206,7.52167],[80.40163,7.52249],[80.40118,7.52296],[80.40105,7.52323],[80.4009,7.52337],[80.40067,7.52374],[80.40033,7.52453],[80.3999,7.52502],[80.39976,7.52543],[80.3997,7.5255],[80.39946,7.52554],[80.39895,7.52551],[80.39889,7.52563],[80.39867,7.5258],[80.39859,7.52598],[80.39851,7.52576],[80.39858,7.52565],[80.39852,7.52557],[80.3986,7.52521],[80.39834,7.52511],[80.39824,7.52513],[80.39815,7.52467],[80.39776,7.5238],[80.39769,7.52374],[80.39772,7.5236],[80.39795,7.52346],[80.39805,7.52323],[80.398,7.52305],[80.39791,7.52301],[80.3977,7.52305],[80.39767,7.52291],[80.39773,7.52258],[80.39769,7.52222],[80.39783,7.52191],[80.39799,7.52117],[80.39817,7.5209],[80.39844,7.52062],[80.39853,7.5204],[80.39893,7.51986],[80.39901,7.51963],[80.39944,7.51936],[80.39952,7.51938],[80.39963,7.51949],[80.39965,7.51935],[80.39988,7.51902],[80.40031,7.51883],[80.40074,7.51857],[80.40139,7.51797],[80.40103,7.51756],[80.40087,7.51779],[80.40053,7.51802],[80.40016,7.51812],[80.39992,7.51811],[80.39969,7.51832],[80.39942,7.51846],[80.39933,7.51847],[80.39917,7.51836],[80.39898,7.51863],[80.39861,7.51857],[80.39847,7.51887],[80.39794,7.51926],[80.39781,7.51947],[80.39765,7.52033],[80.39751,7.52034],[80.39689,7.52023],[80.39679,7.51989],[80.39642,7.51924],[80.39641,7.51894],[80.39662,7.51874],[80.39665,7.51863],[80.39663,7.5184],[80.39652,7.51836],[80.39682,7.51803],[80.39686,7.51788],[80.39667,7.51762],[80.39641,7.51758],[80.39594,7.51767],[80.39577,7.51766],[80.39581,7.51779],[80.39568,7.51826],[80.39547,7.51822],[80.39554,7.51801],[80.39555,7.51762],[80.39548,7.51747],[80.39535,7.51739],[80.39517,7.51754],[80.39516,7.51772],[80.39494,7.51783],[80.39467,7.51783],[80.39458,7.5179],[80.39445,7.51783],[80.39357,7.5165],[80.39301,7.51673],[80.39303,7.51689],[80.39335,7.5174],[80.39354,7.51808],[80.39381,7.5185],[80.39399,7.51869],[80.39407,7.51855],[80.39481,7.51871],[80.39521,7.51924],[80.39532,7.5192],[80.39543,7.51924],[80.39544,7.51931],[80.39573,7.5195],[80.3958,7.51959],[80.39582,7.51974],[80.39573,7.51993],[80.39535,7.51993],[80.39508,7.5201],[80.39503,7.52024],[80.3951,7.52039],[80.39519,7.52046],[80.39554,7.52056],[80.39556,7.52069],[80.3958,7.52058],[80.39595,7.52073],[80.39652,7.52201],[80.39652,7.52235],[80.3964,7.52243],[80.39642,7.52269],[80.3962,7.52312],[80.39607,7.52353],[80.39591,7.52371],[80.39581,7.52401],[80.39563,7.52388],[80.39558,7.52375],[80.39539,7.52397],[80.39529,7.52379],[80.39501,7.52392],[80.39457,7.52401],[80.39446,7.52404],[80.39445,7.52419],[80.39451,7.52445],[80.39455,7.5245],[80.39475,7.52442],[80.39486,7.52452],[80.39493,7.52467],[80.39475,7.52475],[80.39485,7.52502],[80.39507,7.52518],[80.39526,7.52516],[80.39534,7.52505],[80.39536,7.52493],[80.39602,7.52481],[80.39685,7.5248],[80.39707,7.52506],[80.39713,7.52521],[80.39708,7.52525],[80.39714,7.52542],[80.3973,7.52568],[80.39741,7.52569],[80.39783,7.52618],[80.39788,7.52621],[80.39815,7.52615],[80.39838,7.52604],[80.3985,7.5261],[80.39849,7.52644],[80.39862,7.52678],[80.39882,7.52714],[80.3991,7.52729],[80.3993,7.5278],[80.39941,7.52795],[80.39895,7.52794],[80.39866,7.52801],[80.39862,7.52851],[80.39877,7.52861],[80.39905,7.52868],[80.39938,7.52868],[80.39946,7.52826],[80.3997,7.52827],[80.39982,7.52829],[80.4,7.52853],[80.4001,7.52856],[80.40011,7.52865],[80.40032,7.52899],[80.40033,7.52916],[80.40024,7.52948],[80.40032,7.52983],[80.40041,7.52994],[80.40038,7.52998],[80.40055,7.53035],[80.40055,7.53065],[80.40037,7.53128],[80.40029,7.53135],[80.40024,7.53147],[80.40021,7.53194],[80.3999,7.53266],[80.39986,7.53314],[80.39973,7.53348],[80.39977,7.53381],[80.39958,7.53387],[80.39945,7.53401],[80.39948,7.53416],[80.39942,7.53432],[80.39952,7.53445],[80.39929,7.53483],[80.39928,7.53508],[80.39862,7.53576],[80.39855,7.53617],[80.39848,7.53631],[80.39818,7.53647],[80.39812,7.53656],[80.39818,7.53705],[80.39839,7.53753],[80.39827,7.53806],[80.39835,7.5382],[80.39828,7.53825],[80.3982,7.53823],[80.39811,7.53867],[80.39796,7.5388],[80.39783,7.53911],[80.3977,7.53927],[80.39759,7.53931],[80.39727,7.53895],[80.39696,7.53887],[80.39691,7.5388],[80.39662,7.53879],[80.39636,7.53863],[80.3962,7.53865],[80.39566,7.53836],[80.39513,7.53759],[80.39505,7.53692],[80.39512,7.53676],[80.39512,7.53641],[80.39517,7.53635],[80.39547,7.5354],[80.39639,7.53413],[80.39654,7.53366],[80.39657,7.53296],[80.39668,7.53275],[80.3968,7.5323],[80.39709,7.53179],[80.3974,7.53153],[80.39758,7.53127],[80.39792,7.53046],[80.39736,7.5302],[80.39751,7.52987],[80.39726,7.52991],[80.39711,7.52983],[80.39706,7.53009],[80.39712,7.53016],[80.39699,7.53058],[80.39642,7.53146],[80.39606,7.53186],[80.39577,7.532],[80.39563,7.53202],[80.39545,7.53195],[80.39542,7.53187],[80.39545,7.53137],[80.39541,7.53129],[80.39522,7.53121],[80.39519,7.53133],[80.39506,7.53148],[80.39482,7.53161],[80.39476,7.53152],[80.39488,7.53144],[80.3949,7.53109],[80.39446,7.53029],[80.39439,7.52995],[80.39439,7.52961],[80.39448,7.52898],[80.39464,7.52867],[80.39507,7.52818],[80.39496,7.52809],[80.39484,7.52786],[80.39427,7.5281],[80.394,7.5278],[80.39393,7.52637],[80.39359,7.52631],[80.39354,7.52662],[80.39355,7.52705],[80.39349,7.52716],[80.39346,7.52752],[80.39353,7.52788],[80.39381,7.52838],[80.39379,7.52846],[80.39388,7.52874],[80.3938,7.52899],[80.39385,7.5291],[80.39382,7.52925],[80.3936,7.53001],[80.39299,7.52999],[80.3929,7.53028],[80.39301,7.53032],[80.39305,7.5304],[80.39365,7.53047],[80.39422,7.53121],[80.39414,7.53128],[80.39412,7.53138],[80.39413,7.53164],[80.39417,7.53168],[80.39442,7.53165],[80.39445,7.53169],[80.39443,7.53219],[80.39498,7.53277],[80.39522,7.53244],[80.39526,7.53245],[80.39535,7.53254],[80.39528,7.53277],[80.39529,7.53296],[80.39519,7.53305],[80.39528,7.5332],[80.39553,7.53315],[80.39548,7.53322],[80.39548,7.53343],[80.39518,7.53338],[80.39497,7.53393],[80.39474,7.53425],[80.39478,7.53432],[80.39467,7.53447],[80.39451,7.53488],[80.39437,7.53543],[80.39442,7.53551],[80.39452,7.53547],[80.39459,7.53572],[80.39457,7.53583],[80.39448,7.53591],[80.3942,7.53571],[80.3941,7.53601],[80.39399,7.53617],[80.39376,7.53613],[80.39367,7.53602],[80.3935,7.53611],[80.39339,7.53645],[80.3934,7.5367],[80.39347,7.53685],[80.39355,7.5369],[80.39369,7.53754],[80.3937,7.53778],[80.3937,7.53793],[80.39354,7.53795],[80.39353,7.53812],[80.39372,7.53817],[80.39439,7.53815],[80.39492,7.53866],[80.39487,7.53885],[80.39484,7.53891],[80.39466,7.53895],[80.3945,7.53893],[80.39441,7.539],[80.39423,7.53891],[80.39409,7.53892],[80.39407,7.53888],[80.39387,7.53891],[80.3933,7.53881],[80.39309,7.53898],[80.39295,7.53902],[80.39293,7.53897],[80.39288,7.53905],[80.39241,7.53916],[80.39193,7.53911],[80.39167,7.53875],[80.39158,7.53885],[80.39134,7.53897],[80.39078,7.53902],[80.39067,7.53915],[80.39081,7.53929],[80.39088,7.53943],[80.39084,7.53951],[80.39069,7.53946],[80.39063,7.53948],[80.39061,7.53961],[80.39047,7.53969],[80.39024,7.53967],[80.39005,7.53982],[80.38989,7.53975],[80.38982,7.53983],[80.38971,7.53981]]]}},{"type":"Feature","properties":{"c":"farmland"},"geometry":{"type":"Polygon","coordinates":[[[80.36398,7.47122],[80.36407,7.47171],[80.36464,7.4718],[80.36486,7.47158],[80.36471,7.47159],[80.36467,7.47142],[80.36455,7.47133],[80.36458,7.47125],[80.36428,7.47109],[80.36423,7.47093],[80.36407,7.47092],[80.36398,7.47122]]]}},{"type":"Feature","properties":{"c":"farmland"},"geometry":{"type":"Polygon","coordinates":[[[80.3651,7.47178],[80.36538,7.47216],[80.36573,7.47212],[80.36551,7.47176],[80.36561,7.47159],[80.36581,7.47174],[80.36594,7.47137],[80.36564,7.47103],[80.36551,7.47116],[80.36538,7.47145],[80.3651,7.47178]]]}},{"type":"Feature","properties":{"c":"farmland"},"geometry":{"type":"Polygon","coordinates":[[[80.36223,7.46847],[80.36232,7.46866],[80.3625,7.46878],[80.36247,7.46894],[80.36256,7.46918],[80.36271,7.46946],[80.36298,7.46979],[80.36316,7.46981],[80.3633,7.46973],[80.36346,7.46978],[80.36353,7.46964],[80.36371,7.46977],[80.36363,7.46985],[80.36379,7.47003],[80.36355,7.47013],[80.36383,7.47065],[80.36398,7.47074],[80.3644,7.47073],[80.36449,7.47077],[80.3645,7.47087],[80.36465,7.47091],[80.36469,7.47069],[80.36477,7.47076],[80.36487,7.47099],[80.36506,7.4712],[80.36548,7.47071],[80.36565,7.47062],[80.36555,7.47039],[80.36554,7.47019],[80.36561,7.47001],[80.36569,7.4694],[80.3661,7.46863],[80.36571,7.46831],[80.36558,7.46836],[80.36543,7.46852],[80.36544,7.46864],[80.36538,7.46869],[80.36538,7.4689],[80.36531,7.46896],[80.3652,7.46896],[80.36514,7.46912],[80.36476,7.4692],[80.36453,7.46915],[80.36448,7.46905],[80.36437,7.469],[80.36412,7.46874],[80.36417,7.46869],[80.36399,7.46831],[80.36408,7.46804],[80.36405,7.46798],[80.36306,7.46817],[80.36223,7.46847]]]}},{"type":"Feature","properties":{"c":"farmland"},"geometry":{"type":"Polygon","coordinates":[[[80.35944,7.46577],[80.35945,7.46589],[80.35959,7.46617],[80.35971,7.46624],[80.3598,7.46621],[80.35982,7.46615],[80.36019,7.46613],[80.36,7.46594],[80.35977,7.46557],[80.35957,7.46564],[80.35944,7.46577]]]}},{"type":"Feature","properties":{"c":"farmland"},"geometry":{"type":"Polygon","coordinates":[[[80.35993,7.46571],[80.36006,7.46592],[80.36035,7.46615],[80.36035,7.46636],[80.36048,7.4667],[80.36049,7.46724],[80.36066,7.46741],[80.36086,7.46745],[80.36097,7.46755],[80.36098,7.46799],[80.36106,7.4681],[80.36117,7.46812],[80.3617,7.46797],[80.36203,7.46815],[80.36223,7.46847],[80.36306,7.46817],[80.36395,7.46799],[80.36383,7.46737],[80.36318,7.46678],[80.36224,7.46603],[80.36109,7.46557],[80.36099,7.4658],[80.36089,7.46579],[80.36061,7.46549],[80.36051,7.46541],[80.36043,7.46541],[80.36035,7.4653],[80.35993,7.46571]],[[80.36127,7.4663],[80.36133,7.46627],[80.36135,7.46611],[80.36147,7.46603],[80.36161,7.46578],[80.36221,7.46602],[80.36221,7.46612],[80.36209,7.46625],[80.3621,7.46643],[80.36205,7.4666],[80.36187,7.46667],[80.36127,7.4663]]]}},{"type":"Feature","properties":{"c":"farmland"},"geometry":{"type":"Polygon","coordinates":[[[80.35849,7.46221],[80.35856,7.4623],[80.3588,7.46243],[80.35887,7.46261],[80.35904,7.46264],[80.35902,7.46282],[80.35911,7.46292],[80.35914,7.46307],[80.35921,7.46311],[80.35929,7.46307],[80.35941,7.46309],[80.3594,7.46319],[80.35967,7.46332],[80.35956,7.46345],[80.35956,7.46353],[80.35983,7.46377],[80.35987,7.46372],[80.35997,7.46376],[80.36006,7.46367],[80.36013,7.4637],[80.36022,7.4638],[80.36018,7.46385],[80.36076,7.4642],[80.36106,7.46402],[80.36116,7.46408],[80.36122,7.46434],[80.36142,7.46454],[80.36138,7.46445],[80.36156,7.46437],[80.362,7.4644],[80.36183,7.46396],[80.36158,7.46363],[80.36178,7.46352],[80.36188,7.46353],[80.36162,7.463],[80.36155,7.46255],[80.36142,7.46263],[80.36127,7.46284],[80.36114,7.4632],[80.36088,7.46271],[80.3607,7.46259],[80.36051,7.4625],[80.36014,7.46255],[80.35988,7.46197],[80.35966,7.46176],[80.35946,7.46168],[80.35932,7.46165],[80.35924,7.46171],[80.35911,7.46165],[80.35894,7.46195],[80.35849,7.46221]],[[80.35888,7.46205],[80.35901,7.46187],[80.35929,7.46195],[80.35944,7.46205],[80.35953,7.46203],[80.35969,7.46222],[80.35975,7.46248],[80.35985,7.46267],[80.35997,7.46278],[80.36008,7.46264],[80.36015,7.46288],[80.36043,7.46289],[80.36064,7.46304],[80.3607,7.46313],[80.36058,7.46342],[80.36038,7.4635],[80.36025,7.46342],[80.35993,7.46298],[80.35963,7.46301],[80.35964,7.46291],[80.35939,7.46251],[80.35888,7.46205]]]}},{"type":"Feature","properties":{"c":"farmland"},"geometry":{"type":"Polygon","coordinates":[[[80.35693,7.46336],[80.35703,7.46379],[80.35743,7.46418],[80.3582,7.46436],[80.35863,7.4644],[80.35903,7.46469],[80.35916,7.46463],[80.35938,7.46434],[80.35924,7.46432],[80.35914,7.4642],[80.35942,7.46389],[80.35932,7.46384],[80.35865,7.46362],[80.35792,7.4635],[80.3574,7.46335],[80.35693,7.46336]]]}},{"type":"Feature","properties":{"c":"farmland"},"geometry":{"type":"Polygon","coordinates":[[[80.3591,7.46473],[80.35933,7.46504],[80.35972,7.46535],[80.35991,7.46568],[80.36034,7.46529],[80.36022,7.465],[80.35995,7.4649],[80.35942,7.46436],[80.3591,7.46473]]]}},{"type":"Feature","properties":{"c":"farmland"},"geometry":{"type":"Polygon","coordinates":[[[80.36816,7.46008],[80.36821,7.46099],[80.36836,7.46104],[80.36887,7.46107],[80.36928,7.46097],[80.36954,7.46078],[80.36998,7.46056],[80.37009,7.46079],[80.37006,7.46095],[80.36983,7.46149],[80.36964,7.46169],[80.36949,7.46194],[80.3696,7.46212],[80.37017,7.46233],[80.37037,7.46286],[80.37077,7.46312],[80.37092,7.46343],[80.3711,7.46355],[80.3712,7.46384],[80.37118,7.46421],[80.3713,7.46459],[80.37128,7.46479],[80.37141,7.46536],[80.37158,7.4653],[80.3719,7.46485],[80.37174,7.46464],[80.37163,7.46426],[80.37202,7.46417],[80.37189,7.46397],[80.37192,7.46384],[80.37216,7.46347],[80.37213,7.46324],[80.37207,7.46312],[80.37249,7.46267],[80.3731,7.46185],[80.37333,7.46171],[80.37346,7.46142],[80.3738,7.46118],[80.37361,7.46077],[80.37327,7.46048],[80.37309,7.46039],[80.37285,7.46071],[80.37277,7.46115],[80.37282,7.46125],[80.37278,7.46137],[80.37269,7.46141],[80.37256,7.46176],[80.3725,7.46182],[80.37219,7.46198],[80.37184,7.46188],[80.37176,7.46178],[80.37147,7.4617],[80.37121,7.46101],[80.37124,7.46025],[80.37118,7.46009],[80.37134,7.45991],[80.37155,7.45985],[80.37157,7.45961],[80.37173,7.45943],[80.37183,7.4591],[80.37194,7.45847],[80.3718,7.45817],[80.37176,7.45769],[80.37163,7.45743],[80.37158,7.45708],[80.37149,7.45694],[80.37141,7.4569],[80.37111,7.45692],[80.37094,7.45683],[80.37082,7.45665],[80.37058,7.45665],[80.37049,7.45661],[80.37025,7.45606],[80.36964,7.45655],[80.36942,7.45704],[80.36919,7.45726],[80.36877,7.45752],[80.36872,7.45792],[80.3682,7.45953],[80.36816,7.46008]],[[80.36856,7.45984],[80.36868,7.45965],[80.36881,7.45955],[80.36892,7.45959],[80.3689,7.45974],[80.36906,7.45984],[80.36877,7.46005],[80.36861,7.46],[80.36864,7.45992],[80.36856,7.45984]],[[80.36931,7.4578],[80.3694,7.45769],[80.36936,7.45762],[80.36943,7.45752],[80.36968,7.45744],[80.36983,7.45758],[80.37007,7.45764],[80.3701,7.45776],[80.37034,7.45788],[80.37048,7.45769],[80.37057,7.45775],[80.37065,7.45794],[80.37081,7.45791],[80.37086,7.45799],[80.37076,7.45803],[80.37055,7.45825],[80.37062,7.45835],[80.3703,7.4586],[80.36985,7.45866],[80.3694,7.45834],[80.36943,7.45798],[80.36931,7.4578]]]}},{"type":"Feature","properties":{"c":"farmland"},"geometry":{"type":"Polygon","coordinates":[[[80.36961,7.47266],[80.36979,7.4734],[80.3698,7.47328],[80.36987,7.47322],[80.37011,7.47324],[80.37027,7.47294],[80.3706,7.47267],[80.37078,7.47237],[80.37087,7.47232],[80.37097,7.47233],[80.37106,7.47241],[80.37107,7.4725],[80.37092,7.47281],[80.37093,7.47293],[80.37108,7.47305],[80.37121,7.4731],[80.37132,7.47306],[80.3714,7.47293],[80.37122,7.47278],[80.37128,7.47247],[80.37135,7.47238],[80.37159,7.47239],[80.37162,7.4725],[80.37149,7.47275],[80.37157,7.4728],[80.37249,7.47159],[80.37263,7.47121],[80.37316,7.47083],[80.37376,7.46952],[80.3737,7.46943],[80.37335,7.46945],[80.3732,7.46937],[80.3732,7.4692],[80.37332,7.46908],[80.37358,7.46905],[80.37384,7.46909],[80.37395,7.46922],[80.37464,7.46893],[80.37572,7.46844],[80.37581,7.4682],[80.37604,7.46794],[80.37586,7.46746],[80.37564,7.46662],[80.37552,7.46586],[80.3752,7.46498],[80.37491,7.46466],[80.37479,7.46439],[80.3745,7.46424],[80.37421,7.46432],[80.37406,7.46465],[80.37372,7.46512],[80.37345,7.46531],[80.37316,7.4652],[80.37293,7.46497],[80.37281,7.46477],[80.37251,7.46399],[80.3726,7.46342],[80.37248,7.46336],[80.37234,7.46337],[80.37203,7.46384],[80.372,7.46394],[80.37214,7.46413],[80.37214,7.46425],[80.37207,7.46435],[80.37181,7.46442],[80.37181,7.46452],[80.37191,7.46465],[80.3721,7.46478],[80.37215,7.46493],[80.37208,7.46504],[80.37181,7.46519],[80.37176,7.46528],[80.37177,7.46547],[80.37188,7.46573],[80.37176,7.46602],[80.37142,7.46621],[80.37093,7.4664],[80.37086,7.46662],[80.371,7.46689],[80.37109,7.46735],[80.37098,7.46747],[80.37099,7.46757],[80.3714,7.46778],[80.37152,7.4679],[80.37141,7.46801],[80.37105,7.46804],[80.37097,7.4681],[80.37086,7.4684],[80.37087,7.46858],[80.37099,7.46875],[80.3716,7.46909],[80.37186,7.46929],[80.37199,7.46959],[80.37192,7.46997],[80.37143,7.47042],[80.37127,7.47079],[80.3711,7.47082],[80.37059,7.47037],[80.37041,7.4704],[80.37029,7.47053],[80.37023,7.47132],[80.37005,7.47163],[80.36985,7.47174],[80.3699,7.47187],[80.37022,7.47195],[80.37017,7.4723],[80.36974,7.47279],[80.36961,7.47266]],[[80.37191,7.46789],[80.37244,7.46737],[80.37271,7.46772],[80.37272,7.46777],[80.3725,7.4679],[80.37248,7.46795],[80.37219,7.46805],[80.37191,7.46789]]]}},{"type":"Feature","properties":{"c":"farmland"},"geometry":{"type":"Polygon","coordinates":[[[80.36712,7.464],[80.36736,7.46408],[80.36771,7.46436],[80.36775,7.46431],[80.36787,7.4643],[80.36792,7.46404],[80.36827,7.46401],[80.36823,7.46337],[80.36797,7.46352],[80.368,7.46361],[80.36795,7.46374],[80.36775,7.46371],[80.36769,7.4639],[80.36714,7.46372],[80.36712,7.464]]]}},{"type":"Feature","properties":{"c":"farmland"},"geometry":{"type":"Polygon","coordinates":[[[80.36585,7.46788],[80.36587,7.46813],[80.3661,7.46817],[80.36638,7.46813],[80.36656,7.46765],[80.36652,7.46729],[80.36636,7.46723],[80.36608,7.46725],[80.36615,7.46708],[80.36621,7.46708],[80.36628,7.46697],[80.36643,7.46654],[80.36661,7.46661],[80.36669,7.46645],[80.36691,7.4666],[80.36704,7.46639],[80.36731,7.46586],[80.36721,7.46578],[80.36714,7.46584],[80.36696,7.4656],[80.36674,7.46587],[80.36687,7.46602],[80.36686,7.46617],[80.36682,7.4662],[80.36661,7.46617],[80.36653,7.46609],[80.36639,7.46622],[80.36621,7.46625],[80.36621,7.46648],[80.36615,7.46662],[80.36623,7.46667],[80.36624,7.46683],[80.36599,7.46712],[80.36598,7.4672],[80.36609,7.46728],[80.36616,7.46747],[80.36599,7.46759],[80.36594,7.46783],[80.36585,7.46788]]]}},{"type":"Feature","properties":{"c":"farmland"},"geometry":{"type":"Polygon","coordinates":[[[80.36528,7.46564],[80.36543,7.46564],[80.36559,7.4655],[80.36566,7.46533],[80.36665,7.46537],[80.36668,7.46554],[80.36676,7.46557],[80.36673,7.46572],[80.36627,7.46581],[80.36607,7.46593],[80.36606,7.46603],[80.36612,7.46616],[80.36625,7.46617],[80.36694,7.46559],[80.36724,7.46542],[80.36718,7.46521],[80.36719,7.46501],[80.36703,7.46491],[80.36688,7.46499],[80.36676,7.46483],[80.36702,7.46473],[80.36709,7.46465],[80.367,7.46418],[80.36709,7.46399],[80.36711,7.46371],[80.3665,7.46358],[80.3659,7.46333],[80.36575,7.4633],[80.36569,7.46333],[80.3656,7.46348],[80.36581,7.46373],[80.36571,7.46382],[80.36564,7.4638],[80.36582,7.46437],[80.36602,7.46439],[80.36614,7.46428],[80.36622,7.46434],[80.36617,7.46444],[80.36623,7.46449],[80.36566,7.4647],[80.36557,7.46479],[80.3656,7.46505],[80.36528,7.46564]]]}},{"type":"Feature","properties":{"c":"farmland"},"geometry":{"type":"Polygon","coordinates":[[[80.36494,7.46296],[80.36554,7.46346],[80.36564,7.4633],[80.36577,7.46326],[80.36684,7.46366],[80.36721,7.46368],[80.36709,7.46351],[80.36707,7.46335],[80.3669,7.463],[80.36695,7.46274],[80.36677,7.46251],[80.36663,7.46253],[80.36622,7.46239],[80.36623,7.46253],[80.36615,7.46274],[80.36618,7.46286],[80.3661,7.46297],[80.36542,7.46271],[80.36518,7.46271],[80.36508,7.46276],[80.36494,7.46296]]]}},{"type":"Feature","properties":{"c":"farmland"},"geometry":{"type":"Polygon","coordinates":[[[80.3656,7.46142],[80.36611,7.4618],[80.36645,7.46216],[80.36619,7.46233],[80.36678,7.46235],[80.36693,7.46215],[80.36706,7.46211],[80.36706,7.46189],[80.367,7.46175],[80.3671,7.46161],[80.36702,7.46133],[80.36646,7.46097],[80.36622,7.46087],[80.36602,7.46118],[80.36579,7.46124],[80.3656,7.46142]]]}},{"type":"Feature","properties":{"c":"farmland"},"geometry":{"type":"Polygon","coordinates":[[[80.34211,7.41665],[80.34226,7.41693],[80.34257,7.41729],[80.34275,7.41737],[80.34268,7.4177],[80.34386,7.41845],[80.34376,7.41864],[80.34432,7.41895],[80.34429,7.41901],[80.3453,7.41991],[80.34517,7.42004],[80.34561,7.42051],[80.34585,7.42086],[80.34615,7.42089],[80.34635,7.42108],[80.34669,7.42124],[80.34693,7.42151],[80.34708,7.42192],[80.34754,7.42253],[80.34774,7.42259],[80.34816,7.42292],[80.34816,7.42323],[80.34851,7.42344],[80.34858,7.42369],[80.34874,7.42388],[80.3486,7.42408],[80.34852,7.42443],[80.3485,7.42502],[80.34919,7.42553],[80.34937,7.4255],[80.34923,7.42483],[80.34921,7.42429],[80.34941,7.42418],[80.34995,7.42451],[80.35026,7.42501],[80.35101,7.42568],[80.35158,7.42502],[80.3513,7.42477],[80.35133,7.42452],[80.35091,7.42401],[80.35101,7.42361],[80.35069,7.42307],[80.35065,7.42284],[80.35077,7.42263],[80.35091,7.42259],[80.35199,7.42243],[80.35228,7.42258],[80.35229,7.42236],[80.3518,7.42165],[80.35159,7.42166],[80.35109,7.42195],[80.35083,7.42203],[80.35037,7.42196],[80.35056,7.42155],[80.35044,7.42128],[80.35003,7.42158],[80.34973,7.42171],[80.34966,7.42142],[80.34925,7.42093],[80.34891,7.4208],[80.3488,7.42012],[80.349,7.41986],[80.34912,7.4194],[80.34891,7.41938],[80.34868,7.41966],[80.34798,7.42014],[80.34759,7.42025],[80.34716,7.42016],[80.34702,7.41989],[80.34669,7.41949],[80.34688,7.41938],[80.34704,7.41887],[80.34779,7.4188],[80.3482,7.41867],[80.3484,7.41854],[80.34884,7.41924],[80.34928,7.41933],[80.34978,7.41921],[80.35023,7.41927],[80.3507,7.41966],[80.35089,7.42029],[80.35123,7.42022],[80.35123,7.41992],[80.35134,7.41957],[80.35156,7.41922],[80.35155,7.41907],[80.35178,7.41905],[80.35187,7.41911],[80.35213,7.41902],[80.35264,7.41874],[80.35329,7.41774],[80.35359,7.41767],[80.35346,7.41731],[80.35294,7.41742],[80.35277,7.41757],[80.35255,7.41761],[80.35239,7.41781],[80.35209,7.41744],[80.35207,7.41734],[80.35235,7.41737],[80.35262,7.41722],[80.35286,7.41704],[80.35288,7.41682],[80.35272,7.41674],[80.35245,7.41674],[80.35239,7.41624],[80.35215,7.41583],[80.35219,7.41549],[80.35238,7.41502],[80.35235,7.41432],[80.35193,7.41407],[80.35177,7.41445],[80.35166,7.41492],[80.35153,7.41516],[80.35097,7.41499],[80.35058,7.41506],[80.35038,7.41521],[80.35015,7.41522],[80.3498,7.41505],[80.34933,7.41497],[80.349,7.41455],[80.34873,7.41453],[80.34814,7.41481],[80.34774,7.41493],[80.34758,7.41516],[80.34677,7.41572],[80.3462,7.41632],[80.34562,7.41675],[80.34509,7.41654],[80.34486,7.41625],[80.34475,7.41599],[80.34454,7.4158],[80.34425,7.41565],[80.34366,7.41565],[80.34316,7.41516],[80.34317,7.41502],[80.34334,7.41461],[80.34335,7.41439],[80.3431,7.41455],[80.34289,7.41448],[80.34221,7.41552],[80.34213,7.41577],[80.34218,7.41599],[80.34228,7.41616],[80.34215,7.41646],[80.34211,7.41665]]]}},{"type":"Feature","properties":{"c":"farmland","n":"Paddy Area2"},"geometry":{"type":"Polygon","coordinates":[[[80.34616,7.41181],[80.34651,7.41327],[80.34677,7.41313],[80.34761,7.41307],[80.34889,7.41276],[80.34939,7.41243],[80.3498,7.4125],[80.35033,7.41227],[80.35085,7.41229],[80.35133,7.41178],[80.35176,7.41244],[80.35203,7.41218],[80.35221,7.41188],[80.35244,7.41136],[80.35248,7.41107],[80.35269,7.41097],[80.35321,7.41051],[80.35307,7.41014],[80.3531,7.4099],[80.3536,7.40978],[80.35402,7.41006],[80.35433,7.40989],[80.35436,7.40971],[80.35462,7.40955],[80.35487,7.40923],[80.3552,7.40915],[80.35556,7.40928],[80.35563,7.40923],[80.35585,7.40926],[80.35626,7.4094],[80.35724,7.40911],[80.35742,7.40881],[80.35752,7.40817],[80.35745,7.40802],[80.35715,7.40805],[80.35699,7.40796],[80.35641,7.40806],[80.3562,7.40788],[80.35547,7.40785],[80.35544,7.40763],[80.35559,7.40746],[80.35549,7.40707],[80.35517,7.40691],[80.35477,7.40688],[80.35358,7.40665],[80.3534,7.40635],[80.35293,7.40628],[80.35276,7.40604],[80.35215,7.40596],[80.35146,7.40614],[80.35112,7.40635],[80.35065,7.40645],[80.35017,7.40677],[80.35011,7.40704],[80.35026,7.40723],[80.35016,7.40729],[80.34966,7.4066],[80.34902,7.40645],[80.34866,7.40645],[80.3482,7.40656],[80.34809,7.40691],[80.34798,7.40774],[80.34864,7.40785],[80.34883,7.40761],[80.34914,7.40752],[80.34936,7.40766],[80.34936,7.40823],[80.34925,7.40884],[80.34945,7.40892],[80.34939,7.40969],[80.34883,7.41084],[80.34846,7.41121],[80.34803,7.41138],[80.34784,7.41132],[80.34761,7.41076],[80.34735,7.41077],[80.34728,7.41119],[80.34738,7.41154],[80.34697,7.41143],[80.34676,7.41166],[80.34616,7.41181]]]}},{"type":"Feature","properties":{"c":"farmland","n":"Pddy Area 03"},"geometry":{"type":"Polygon","coordinates":[[[80.35366,7.40344],[80.35369,7.40355],[80.35397,7.40358],[80.35447,7.40408],[80.35447,7.40424],[80.35426,7.40496],[80.35426,7.40531],[80.3543,7.40541],[80.35474,7.40519],[80.35486,7.40495],[80.35545,7.40477],[80.35562,7.40488],[80.35631,7.40489],[80.35649,7.40483],[80.35721,7.40496],[80.35739,7.40504],[80.35752,7.40516],[80.35812,7.40498],[80.35843,7.40516],[80.35874,7.40508],[80.35845,7.40511],[80.35903,7.40503],[80.3591,7.40486],[80.35921,7.40475],[80.35957,7.40458],[80.3602,7.40441],[80.3607,7.40451],[80.36113,7.40468],[80.36131,7.40484],[80.36166,7.40526],[80.3619,7.40536],[80.36238,7.40539],[80.36255,7.40479],[80.36268,7.40482],[80.36274,7.40503],[80.36262,7.40519],[80.36262,7.40531],[80.36268,7.40532],[80.36272,7.40522],[80.36282,7.40519],[80.36298,7.40526],[80.36316,7.40515],[80.36308,7.40413],[80.36283,7.40359],[80.36266,7.40369],[80.36256,7.40384],[80.36256,7.40399],[80.36248,7.40404],[80.36218,7.4041],[80.36188,7.40402],[80.36156,7.40404],[80.36148,7.40409],[80.36102,7.40396],[80.36093,7.40383],[80.36102,7.40364],[80.3613,7.40352],[80.36118,7.4034],[80.36066,7.40344],[80.36057,7.40354],[80.36061,7.40366],[80.36069,7.40371],[80.36045,7.40393],[80.36031,7.4039],[80.36019,7.40378],[80.36016,7.40357],[80.36004,7.40361],[80.35994,7.40384],[80.35955,7.40385],[80.35942,7.40391],[80.3594,7.40418],[80.35907,7.40431],[80.359,7.40432],[80.35896,7.40417],[80.35865,7.40389],[80.3587,7.40378],[80.3589,7.40365],[80.35899,7.40343],[80.35892,7.40336],[80.35892,7.40329],[80.35917,7.40309],[80.35941,7.40263],[80.35941,7.4025],[80.35928,7.40226],[80.3593,7.40213],[80.35947,7.40183],[80.3596,7.402],[80.36036,7.4021],[80.36045,7.40179],[80.36052,7.40126],[80.36105,7.40093],[80.36094,7.40029],[80.36099,7.40012],[80.3609,7.39989],[80.36071,7.39967],[80.36047,7.39979],[80.36011,7.40014],[80.35998,7.4002],[80.35986,7.40023],[80.35966,7.40021],[80.35952,7.40025],[80.35935,7.4002],[80.35923,7.40032],[80.35846,7.40041],[80.35795,7.40116],[80.35751,7.40148],[80.35728,7.4014],[80.35696,7.40139],[80.35686,7.40132],[80.35614,7.40149],[80.35587,7.40136],[80.3556,7.40133],[80.35535,7.40142],[80.35538,7.40161],[80.35526,7.402],[80.35482,7.40185],[80.35451,7.40185],[80.35441,7.4019],[80.35429,7.4023],[80.35404,7.40274],[80.35391,7.40288],[80.3538,7.40333],[80.35366,7.40344]]]}},{"type":"Feature","properties":{"c":"farmland"},"geometry":{"type":"Polygon","coordinates":[[[80.32769,7.45444],[80.32787,7.45486],[80.32785,7.45502],[80.32798,7.45541],[80.32812,7.45565],[80.32852,7.45593],[80.32901,7.45583],[80.32937,7.45569],[80.32943,7.45517],[80.32852,7.45541],[80.32842,7.45533],[80.32873,7.45482],[80.32883,7.45436],[80.329,7.45399],[80.32953,7.45374],[80.32987,7.45313],[80.32954,7.45314],[80.32936,7.453],[80.32954,7.45284],[80.33023,7.45274],[80.3305,7.45249],[80.33041,7.45228],[80.33014,7.45212],[80.33046,7.45204],[80.33056,7.4519],[80.33067,7.4515],[80.33065,7.45123],[80.33034,7.45098],[80.33001,7.45127],[80.32978,7.45178],[80.32943,7.45194],[80.32921,7.45163],[80.32945,7.45151],[80.32967,7.45122],[80.32975,7.45095],[80.32953,7.45089],[80.32936,7.45069],[80.32951,7.45053],[80.32969,7.45053],[80.32979,7.44995],[80.32998,7.44958],[80.32981,7.44942],[80.32979,7.44931],[80.33028,7.44939],[80.33162,7.44839],[80.33263,7.44733],[80.33263,7.44687],[80.33245,7.44702],[80.33232,7.44721],[80.33176,7.44749],[80.3317,7.44765],[80.33059,7.44806],[80.33046,7.44794],[80.33086,7.44756],[80.33124,7.44702],[80.33084,7.44684],[80.33065,7.44709],[80.33006,7.44755],[80.32951,7.4479],[80.32927,7.44848],[80.32909,7.44944],[80.32874,7.4499],[80.32859,7.44968],[80.32854,7.45004],[80.32817,7.45125],[80.328,7.45145],[80.32824,7.45206],[80.32835,7.45266],[80.32856,7.45289],[80.32806,7.45441],[80.32769,7.45444]]]}},{"type":"Feature","properties":{"c":"farmland"},"geometry":{"type":"Polygon","coordinates":[[[80.37654,7.47538],[80.37682,7.47596],[80.37712,7.47576],[80.37719,7.47547],[80.37696,7.47526],[80.37677,7.47523],[80.3767,7.47532],[80.37654,7.47538]]]}},{"type":"Feature","properties":{"c":"farmland"},"geometry":{"type":"Polygon","coordinates":[[[80.33809,7.48772],[80.33819,7.48818],[80.33871,7.48801],[80.33886,7.48789],[80.33939,7.48773],[80.33955,7.48755],[80.33979,7.48749],[80.34007,7.4873],[80.34005,7.48723],[80.34125,7.48632],[80.34151,7.48605],[80.34162,7.48581],[80.34116,7.48532],[80.34093,7.48498],[80.3408,7.4849],[80.34095,7.48461],[80.34078,7.48442],[80.34058,7.48457],[80.34036,7.48444],[80.33991,7.485],[80.33958,7.48516],[80.33966,7.48533],[80.33965,7.48541],[80.33938,7.48557],[80.33945,7.48577],[80.33922,7.48593],[80.33906,7.48582],[80.33856,7.48622],[80.33862,7.48631],[80.3388,7.48634],[80.33895,7.48648],[80.33879,7.48661],[80.33898,7.4868],[80.33828,7.48732],[80.33809,7.48772]]]}},{"type":"Feature","properties":{"c":"farmland"},"geometry":{"type":"Polygon","coordinates":[[[80.33421,7.48862],[80.33436,7.48902],[80.3351,7.48885],[80.33527,7.48892],[80.33607,7.48874],[80.33609,7.48884],[80.33705,7.48862],[80.33706,7.48853],[80.3374,7.48838],[80.33734,7.48823],[80.33732,7.48787],[80.33765,7.48775],[80.33767,7.48734],[80.3375,7.4873],[80.33717,7.48731],[80.33656,7.48751],[80.33665,7.48791],[80.33421,7.48862]]]}},{"type":"Feature","properties":{"c":"farmland"},"geometry":{"type":"Polygon","coordinates":[[[80.31606,7.49573],[80.31609,7.49602],[80.3162,7.49623],[80.31641,7.49629],[80.31667,7.49591],[80.31681,7.49561],[80.31737,7.49558],[80.31761,7.49529],[80.31778,7.4953],[80.31791,7.49524],[80.31808,7.49538],[80.31831,7.49546],[80.31878,7.4955],[80.31887,7.49542],[80.319,7.49545],[80.31925,7.49542],[80.31927,7.49552],[80.31959,7.49554],[80.31979,7.49548],[80.32009,7.49524],[80.3203,7.49534],[80.32036,7.49565],[80.32029,7.4957],[80.32029,7.49577],[80.32036,7.49579],[80.32058,7.49611],[80.32144,7.49668],[80.32173,7.49634],[80.32168,7.49615],[80.32117,7.49579],[80.32102,7.49556],[80.32075,7.49539],[80.32073,7.49515],[80.32065,7.49506],[80.32089,7.49498],[80.32088,7.4949],[80.32111,7.49475],[80.32169,7.49458],[80.32184,7.49446],[80.32202,7.4945],[80.32236,7.49449],[80.32262,7.49501],[80.32274,7.49516],[80.32287,7.49516],[80.3232,7.49496],[80.32297,7.49446],[80.32225,7.49395],[80.32189,7.49407],[80.32105,7.4942],[80.32084,7.49431],[80.3204,7.49444],[80.32024,7.49442],[80.31976,7.49464],[80.31942,7.49461],[80.31922,7.49453],[80.31898,7.49457],[80.31891,7.49452],[80.31904,7.49418],[80.31902,7.49408],[80.31893,7.49402],[80.31891,7.49386],[80.31924,7.49343],[80.31936,7.49334],[80.31934,7.49322],[80.31945,7.49306],[80.31957,7.49271],[80.3198,7.49263],[80.32006,7.49226],[80.32028,7.49214],[80.32088,7.49196],[80.32136,7.49233],[80.32168,7.49236],[80.32189,7.49207],[80.32176,7.49194],[80.3217,7.49178],[80.32152,7.49163],[80.32126,7.49116],[80.32129,7.49103],[80.32138,7.49096],[80.32133,7.49068],[80.3216,7.49059],[80.3216,7.49053],[80.32171,7.49044],[80.32185,7.49042],[80.32192,7.49035],[80.32204,7.49032],[80.32212,7.49053],[80.32236,7.49053],[80.32266,7.49046],[80.32313,7.49064],[80.32343,7.49059],[80.32375,7.49064],[80.32388,7.49055],[80.32426,7.49045],[80.32423,7.49001],[80.32413,7.49003],[80.32399,7.48992],[80.32343,7.49003],[80.32283,7.48985],[80.32273,7.4899],[80.32241,7.48956],[80.32217,7.4894],[80.322,7.48934],[80.32186,7.48936],[80.32187,7.48945],[80.3218,7.48949],[80.3211,7.48917],[80.32069,7.4892],[80.32037,7.48913],[80.32023,7.48895],[80.32002,7.4889],[80.31984,7.48897],[80.31979,7.48904],[80.31933,7.48919],[80.31926,7.48927],[80.31917,7.48973],[80.31945,7.49011],[80.31944,7.49049],[80.3193,7.49098],[80.31918,7.49119],[80.31897,7.49135],[80.31917,7.49191],[80.3189,7.49246],[80.3189,7.49266],[80.31878,7.49278],[80.31875,7.49315],[80.31848,7.49336],[80.31843,7.49347],[80.3183,7.49407],[80.31839,7.49439],[80.31831,7.49452],[80.31794,7.49468],[80.31749,7.49467],[80.31715,7.49478],[80.31684,7.49494],[80.31659,7.49518],[80.31639,7.49522],[80.3163,7.49546],[80.31606,7.49573]]]}},{"type":"Feature","properties":{"c":"residential","n":"Kurunagala"},"geometry":{"type":"Polygon","coordinates":[[[80.35519,7.49704],[80.35773,7.4976],[80.3596,7.49785],[80.3619,7.49846],[80.36431,7.50091],[80.36798,7.49734],[80.36793,7.49483],[80.36591,7.49294],[80.36554,7.49133],[80.36478,7.49021],[80.36422,7.48978],[80.36345,7.48993],[80.35893,7.49128],[80.35519,7.49704]]]}},{"type":"Feature","properties":{"c":"farmland"},"geometry":{"type":"Polygon","coordinates":[[[80.33339,7.46694],[80.33399,7.46698],[80.334,7.46677],[80.33373,7.46675],[80.33373,7.46668],[80.33342,7.46663],[80.33339,7.46694]]]}},{"type":"Feature","properties":{"c":"farmland"},"geometry":{"type":"Polygon","coordinates":[[[80.3293,7.46951],[80.32932,7.46978],[80.32949,7.46983],[80.32982,7.46979],[80.33018,7.46913],[80.33039,7.46888],[80.33041,7.46868],[80.32953,7.46839],[80.32957,7.46856],[80.32937,7.46883],[80.3293,7.46951]]]}},{"type":"Feature","properties":{"c":"farmland","n":"coconut tree"},"geometry":{"type":"Polygon","coordinates":[[[80.33007,7.48868],[80.33014,7.48887],[80.33027,7.48893],[80.33046,7.48884],[80.33051,7.4887],[80.33046,7.48857],[80.33033,7.48849],[80.33019,7.48851],[80.33007,7.48868]]]}},{"type":"Feature","properties":{"c":"farmland","n":"coconut"},"geometry":{"type":"Polygon","coordinates":[[[80.3282,7.48855],[80.32825,7.48878],[80.32833,7.48887],[80.32855,7.48895],[80.32867,7.48893],[80.32886,7.48879],[80.32892,7.48857],[80.32883,7.48835],[80.32862,7.48824],[80.3285,7.48824],[80.3283,7.48834],[80.3282,7.48855]]]}},{"type":"Feature","properties":{"c":"farmland"},"geometry":{"type":"Polygon","coordinates":[[[80.3311,7.49103],[80.33126,7.49114],[80.33141,7.49101],[80.33162,7.49092],[80.33163,7.49077],[80.33134,7.49084],[80.33129,7.4908],[80.3311,7.4909],[80.3311,7.49103]]]}},{"type":"Feature","properties":{"c":"farmland"},"geometry":{"type":"Polygon","coordinates":[[[80.33199,7.49114],[80.33211,7.49124],[80.33209,7.4913],[80.33215,7.49134],[80.33226,7.49128],[80.33226,7.49132],[80.33238,7.49134],[80.33249,7.49105],[80.33225,7.49104],[80.33215,7.49093],[80.33199,7.49107],[80.33199,7.49114]]]}},{"type":"Feature","properties":{"c":"farmland","n":"paddy2"},"geometry":{"type":"Polygon","coordinates":[[[80.31453,7.50125],[80.3151,7.50196],[80.3154,7.50206],[80.31561,7.50186],[80.31574,7.50127],[80.31604,7.50097],[80.31628,7.50089],[80.31616,7.50056],[80.31584,7.50064],[80.31581,7.50049],[80.31553,7.50048],[80.31505,7.50074],[80.31503,7.50086],[80.31485,7.50087],[80.31457,7.50112],[80.31453,7.50125]]]}},{"type":"Feature","properties":{"c":"farmland","n":"paddy3"},"geometry":{"type":"Polygon","coordinates":[[[80.31336,7.5027],[80.3138,7.50309],[80.31416,7.50284],[80.3143,7.50282],[80.31471,7.50227],[80.31505,7.50201],[80.31449,7.50132],[80.31425,7.50143],[80.31406,7.5017],[80.31406,7.50187],[80.31336,7.5027]]]}},{"type":"Feature","properties":{"c":"farmland","n":"paddy4"},"geometry":{"type":"Polygon","coordinates":[[[80.31227,7.50375],[80.31268,7.50405],[80.31306,7.504],[80.31379,7.50317],[80.31332,7.50274],[80.31262,7.50348],[80.31242,7.50357],[80.31227,7.50375]]]}},{"type":"Feature","properties":{"c":"farmland","n":"paddy5"},"geometry":{"type":"Polygon","coordinates":[[[80.3112,7.50431],[80.31162,7.50436],[80.31173,7.50442],[80.31175,7.50449],[80.31192,7.50443],[80.31204,7.50445],[80.31248,7.5043],[80.31262,7.50409],[80.31223,7.50379],[80.31175,7.50405],[80.31156,7.50405],[80.31127,7.50399],[80.3112,7.50431]]]}},{"type":"Feature","properties":{"c":"farmland","n":"paddy6"},"geometry":{"type":"Polygon","coordinates":[[[80.30987,7.50389],[80.31017,7.50412],[80.31057,7.50411],[80.31114,7.50427],[80.31122,7.50396],[80.3109,7.5038],[80.31073,7.5038],[80.31059,7.50385],[80.31041,7.50372],[80.31018,7.50378],[80.31005,7.50364],[80.30991,7.50367],[80.30987,7.50389]]]}},{"type":"Feature","properties":{"c":"farmland","n":"paddy5"},"geometry":{"type":"Polygon","coordinates":[[[80.30927,7.50438],[80.30951,7.50452],[80.30993,7.50405],[80.30987,7.50389],[80.30961,7.50396],[80.30949,7.50415],[80.30927,7.50438]]]}},{"type":"Feature","properties":{"c":"farmland","n":"Paddy land"},"geometry":{"type":"Polygon","coordinates":[[[80.36572,7.47051],[80.36589,7.47081],[80.36576,7.47105],[80.36604,7.47132],[80.36617,7.47038],[80.36572,7.47051]]]}},{"type":"Feature","properties":{"c":"farmland","n":"Paddy"},"geometry":{"type":"Polygon","coordinates":[[[80.36672,7.46022],[80.36731,7.46039],[80.36768,7.46061],[80.36791,7.46023],[80.36703,7.45971],[80.36672,7.46022]]]}},{"type":"Feature","properties":{"c":"farmland"},"geometry":{"type":"Polygon","coordinates":[[[80.36306,7.45989],[80.36329,7.46042],[80.3634,7.46116],[80.36328,7.46149],[80.36344,7.46171],[80.36335,7.46189],[80.36349,7.46218],[80.36361,7.46219],[80.36393,7.46246],[80.36429,7.46238],[80.36424,7.46215],[80.36427,7.46196],[80.36442,7.46176],[80.3646,7.46173],[80.36472,7.46158],[80.36458,7.46147],[80.36445,7.46154],[80.36432,7.46147],[80.36455,7.46106],[80.36445,7.46095],[80.36407,7.4611],[80.36391,7.46096],[80.36372,7.46068],[80.36383,7.46015],[80.36355,7.45988],[80.36306,7.45989]]]}},{"type":"Feature","properties":{"c":"farmland"},"geometry":{"type":"Polygon","coordinates":[[[80.36425,7.45725],[80.36469,7.45726],[80.36615,7.45987],[80.36706,7.45874],[80.36634,7.45774],[80.36664,7.45698],[80.36466,7.45622],[80.36425,7.45725]]]}},{"type":"Feature","properties":{"c":"farmland"},"geometry":{"type":"Polygon","coordinates":[[[80.36337,7.46405],[80.3634,7.46422],[80.36399,7.46427],[80.36392,7.46393],[80.36337,7.46405]]]}},{"type":"Feature","properties":{"c":"farmland"},"geometry":{"type":"Polygon","coordinates":[[[80.36294,7.46349],[80.36329,7.46392],[80.36391,7.46389],[80.3632,7.46329],[80.36301,7.46324],[80.36294,7.46349]]]}},{"type":"Feature","properties":{"c":"farmland"},"geometry":{"type":"Polygon","coordinates":[[[80.34708,7.46301],[80.34719,7.46371],[80.34741,7.46398],[80.34768,7.46474],[80.34861,7.46467],[80.34983,7.4635],[80.35031,7.46352],[80.35203,7.46252],[80.35203,7.46219],[80.35146,7.46219],[80.35107,7.46244],[80.35085,7.46274],[80.35044,7.46269],[80.35017,7.46195],[80.35044,7.46127],[80.34918,7.4604],[80.34845,7.46078],[80.34825,7.46124],[80.34775,7.46182],[80.34752,7.46189],[80.34743,7.46229],[80.34708,7.46301]]]}},{"type":"Feature","properties":{"c":"farmland"},"geometry":{"type":"Polygon","coordinates":[[[80.33994,7.46822],[80.34102,7.46946],[80.34117,7.47028],[80.34151,7.47069],[80.34222,7.47009],[80.34271,7.46944],[80.34334,7.46791],[80.34505,7.46585],[80.34489,7.46543],[80.34335,7.46603],[80.34223,7.46836],[80.34187,7.46819],[80.34169,7.46841],[80.34106,7.46835],[80.34052,7.46773],[80.33994,7.46822]]]}},{"type":"Feature","properties":{"c":"farmland"},"geometry":{"type":"Polygon","coordinates":[[[80.34321,7.46509],[80.34331,7.46536],[80.34365,7.46564],[80.3441,7.46563],[80.34441,7.46491],[80.34539,7.46532],[80.34566,7.4647],[80.34417,7.46408],[80.3436,7.46422],[80.34321,7.46509]]]}},{"type":"Feature","properties":{"c":"forest"},"geometry":{"type":"Polygon","coordinates":[[[80.36248,7.46228],[80.36253,7.46245],[80.36265,7.4626],[80.36282,7.46271],[80.36301,7.46275],[80.3632,7.46273],[80.36337,7.46264],[80.36351,7.4625],[80.36358,7.46233],[80.3636,7.46213],[80.36355,7.46196],[80.36331,7.46171],[80.36296,7.46164],[80.36264,7.46179],[80.36254,7.46194],[80.36248,7.46228]]]}},{"type":"Feature","properties":{"c":"farmland"},"geometry":{"type":"Polygon","coordinates":[[[80.36168,7.46102],[80.36178,7.46144],[80.36213,7.46182],[80.36246,7.4613],[80.3621,7.46092],[80.36168,7.46102]]]}},{"type":"Feature","properties":{"c":"forest"},"geometry":{"type":"Polygon","coordinates":[[[80.35795,7.45955],[80.3587,7.46098],[80.35997,7.46033],[80.35996,7.46006],[80.35896,7.46011],[80.35926,7.45888],[80.35795,7.45955]]]}},{"type":"Feature","properties":{"c":"forest"},"geometry":{"type":"Polygon","coordinates":[[[80.35494,7.45614],[80.355,7.45667],[80.35523,7.45715],[80.3556,7.45754],[80.3561,7.4578],[80.35666,7.45789],[80.35721,7.45778],[80.3577,7.4575],[80.35807,7.45708],[80.35828,7.45656],[80.3583,7.456],[80.35813,7.45546],[80.3578,7.45501],[80.35733,7.45469],[80.35679,7.45455],[80.35622,7.45459],[80.35572,7.4548],[80.35532,7.45515],[80.35505,7.45561],[80.35494,7.45614]]]}},{"type":"Feature","properties":{"c":"farmland"},"geometry":{"type":"Polygon","coordinates":[[[80.3588,7.45597],[80.36075,7.45568],[80.36214,7.45407],[80.36169,7.45309],[80.36016,7.45263],[80.36023,7.45283],[80.3588,7.45597]]]}},{"type":"Feature","properties":{"c":"park","n":"update building"},"geometry":{"type":"Polygon","coordinates":[[[80.36519,7.48513],[80.36526,7.48536],[80.36563,7.48553],[80.36614,7.48542],[80.36637,7.48515],[80.3662,7.48492],[80.36603,7.48478],[80.36553,7.48486],[80.36529,7.48501],[80.36519,7.48513]]]}},{"type":"Feature","properties":{"c":"park"},"geometry":{"type":"Polygon","coordinates":[[[80.36612,7.48557],[80.36618,7.48559],[80.36622,7.48553],[80.36615,7.48549],[80.36612,7.48557]]]}},{"type":"Feature","properties":{"c":"farmland"},"geometry":{"type":"Polygon","coordinates":[[[80.40048,7.55493],[80.40072,7.55509],[80.40098,7.55521],[80.40121,7.55478],[80.40096,7.55467],[80.40104,7.55448],[80.40076,7.55433],[80.40048,7.55493]]]}},{"type":"Feature","properties":{"c":"farmland"},"geometry":{"type":"Polygon","coordinates":[[[80.4007,7.55376],[80.40125,7.554],[80.40125,7.55389],[80.40153,7.55364],[80.40186,7.55313],[80.40122,7.55278],[80.40087,7.55331],[80.4007,7.55376]]]}},{"type":"Feature","properties":{"c":"farmland"},"geometry":{"type":"Polygon","coordinates":[[[80.39641,7.55654],[80.39648,7.55735],[80.39642,7.5579],[80.39657,7.55811],[80.39683,7.55876],[80.3967,7.55885],[80.39678,7.55898],[80.39698,7.55977],[80.39714,7.55972],[80.39769,7.5586],[80.39791,7.55856],[80.39822,7.55821],[80.39838,7.55829],[80.3986,7.55796],[80.39808,7.55775],[80.39799,7.55794],[80.39777,7.55817],[80.39754,7.55828],[80.39737,7.55844],[80.39716,7.55851],[80.39721,7.55826],[80.39702,7.55793],[80.39697,7.5577],[80.39693,7.55692],[80.39683,7.55684],[80.39681,7.55662],[80.39662,7.55627],[80.39646,7.55637],[80.39641,7.55654]]]}},{"type":"Feature","properties":{"c":"farmland"},"geometry":{"type":"Polygon","coordinates":[[[80.39167,7.55643],[80.39207,7.55622],[80.39237,7.55615],[80.39271,7.55609],[80.39303,7.55617],[80.39329,7.55627],[80.39345,7.55661],[80.39359,7.55654],[80.39382,7.55665],[80.39405,7.55666],[80.39419,7.5571],[80.39434,7.5571],[80.39453,7.55696],[80.39499,7.55675],[80.39513,7.55658],[80.39488,7.55584],[80.39471,7.5558],[80.39431,7.55597],[80.39421,7.55584],[80.39407,7.55593],[80.39363,7.55577],[80.39346,7.55588],[80.39329,7.5556],[80.39287,7.55558],[80.39215,7.55559],[80.39204,7.55572],[80.39202,7.55596],[80.39178,7.55598],[80.39167,7.55643]]]}},{"type":"Feature","properties":{"c":"farmland"},"geometry":{"type":"Polygon","coordinates":[[[80.39796,7.55074],[80.39827,7.55111],[80.39855,7.55191],[80.39886,7.5514],[80.39879,7.55109],[80.39891,7.55086],[80.39947,7.55065],[80.39958,7.55032],[80.39949,7.55017],[80.3993,7.55011],[80.39883,7.55049],[80.39846,7.55065],[80.3981,7.55059],[80.39796,7.55074]]]}},{"type":"Feature","properties":{"c":"farmland"},"geometry":{"type":"Polygon","coordinates":[[[80.395,7.55598],[80.39521,7.55654],[80.39548,7.55647],[80.39556,7.55641],[80.39587,7.55642],[80.396,7.55654],[80.39611,7.55692],[80.39633,7.55697],[80.39633,7.55637],[80.39658,7.55619],[80.39644,7.55612],[80.39616,7.55573],[80.396,7.5556],[80.39599,7.55542],[80.3961,7.55533],[80.39601,7.55491],[80.39624,7.55475],[80.39648,7.5545],[80.39671,7.55412],[80.39672,7.55396],[80.39601,7.55377],[80.39599,7.55411],[80.39581,7.55429],[80.39574,7.55447],[80.39548,7.55471],[80.39543,7.55487],[80.39541,7.55548],[80.39526,7.55559],[80.39521,7.55595],[80.395,7.55598]]]}},{"type":"Feature","properties":{"c":"farmland"},"geometry":{"type":"Polygon","coordinates":[[[80.39368,7.5541],[80.39376,7.55428],[80.39428,7.55404],[80.39448,7.55402],[80.39475,7.55352],[80.39507,7.55325],[80.39492,7.55301],[80.39456,7.5533],[80.39437,7.55352],[80.39395,7.55373],[80.39368,7.5541]]]}},{"type":"Feature","properties":{"c":"farmland"},"geometry":{"type":"Polygon","coordinates":[[[80.39379,7.55127],[80.3939,7.55131],[80.39437,7.55184],[80.39482,7.55226],[80.39497,7.55266],[80.39558,7.55339],[80.39594,7.55367],[80.39691,7.55398],[80.39681,7.55279],[80.39754,7.5513],[80.39716,7.5517],[80.3969,7.55181],[80.39655,7.55206],[80.39622,7.55192],[80.39571,7.55114],[80.3951,7.55103],[80.39489,7.55088],[80.39475,7.55092],[80.39468,7.55063],[80.39449,7.55055],[80.39379,7.55127]]]}},{"type":"Feature","properties":{"c":"farmland"},"geometry":{"type":"Polygon","coordinates":[[[80.39694,7.55337],[80.39704,7.55398],[80.3975,7.55383],[80.39772,7.5537],[80.39791,7.55371],[80.39791,7.55338],[80.39779,7.5532],[80.39765,7.55328],[80.39756,7.55314],[80.39746,7.55316],[80.39711,7.55342],[80.39694,7.55337]]]}},{"type":"Feature","properties":{"c":"farmland"},"geometry":{"type":"Polygon","coordinates":[[[80.39701,7.55261],[80.39764,7.55208],[80.39792,7.552],[80.39798,7.55179],[80.39827,7.55166],[80.39823,7.55133],[80.39813,7.55113],[80.39794,7.55093],[80.39777,7.55107],[80.39762,7.55131],[80.39701,7.55261]]]}},{"type":"Feature","properties":{"c":"farmland"},"geometry":{"type":"Polygon","coordinates":[[[80.39627,7.55081],[80.3966,7.55118],[80.39687,7.55103],[80.39696,7.5507],[80.39719,7.55041],[80.39752,7.55033],[80.3978,7.55006],[80.39852,7.54916],[80.39869,7.54921],[80.39867,7.54884],[80.39811,7.54863],[80.39789,7.54878],[80.39779,7.54893],[80.39767,7.54897],[80.39761,7.54913],[80.39744,7.5493],[80.39716,7.54976],[80.39685,7.54986],[80.39673,7.55008],[80.39651,7.55021],[80.39627,7.55081]]]}},{"type":"Feature","properties":{"c":"farmland"},"geometry":{"type":"Polygon","coordinates":[[[80.39847,7.54867],[80.39879,7.54885],[80.39887,7.54875],[80.39889,7.54859],[80.3986,7.54854],[80.39847,7.54867]]]}},{"type":"Feature","properties":{"c":"farmland"},"geometry":{"type":"Polygon","coordinates":[[[80.39218,7.5508],[80.39228,7.5513],[80.39262,7.55118],[80.39269,7.55105],[80.39294,7.5511],[80.3932,7.55103],[80.39331,7.55112],[80.39369,7.55112],[80.39377,7.55121],[80.39423,7.55072],[80.39441,7.55046],[80.3944,7.55021],[80.39427,7.55016],[80.3944,7.54965],[80.39439,7.54939],[80.39426,7.54932],[80.39431,7.54913],[80.39421,7.54896],[80.39356,7.54908],[80.39345,7.54923],[80.39325,7.54925],[80.39315,7.54916],[80.39262,7.54963],[80.39268,7.5499],[80.39266,7.55013],[80.39255,7.55017],[80.39224,7.55005],[80.39219,7.55035],[80.39223,7.5506],[80.39218,7.5508]]]}},{"type":"Feature","properties":{"c":"farmland"},"geometry":{"type":"Polygon","coordinates":[[[80.39153,7.54745],[80.39172,7.54765],[80.39189,7.54796],[80.39212,7.54823],[80.39218,7.54842],[80.39223,7.54894],[80.39231,7.54913],[80.39225,7.5492],[80.39243,7.54959],[80.39256,7.54959],[80.39314,7.54909],[80.3928,7.54838],[80.39273,7.54806],[80.39261,7.54782],[80.39249,7.5472],[80.39229,7.54693],[80.39191,7.54708],[80.39153,7.54745]]]}},{"type":"Feature","properties":{"c":"farmland"},"geometry":{"type":"Polygon","coordinates":[[[80.39337,7.54848],[80.39358,7.54903],[80.39425,7.54889],[80.39423,7.54847],[80.39429,7.54825],[80.39457,7.54779],[80.39467,7.54783],[80.39478,7.54779],[80.39482,7.54771],[80.3949,7.54776],[80.39501,7.54769],[80.39501,7.54752],[80.39511,7.54752],[80.39557,7.54709],[80.3957,7.54736],[80.39592,7.54721],[80.39597,7.54679],[80.39557,7.54661],[80.39552,7.54672],[80.3954,7.54683],[80.39514,7.54697],[80.39497,7.54699],[80.39474,7.54685],[80.3949,7.5466],[80.39493,7.54643],[80.39418,7.54628],[80.39391,7.54669],[80.39391,7.5469],[80.3936,7.54767],[80.39337,7.54848]]]}},{"type":"Feature","properties":{"c":"farmland"},"geometry":{"type":"Polygon","coordinates":[[[80.39428,7.54609],[80.39495,7.54629],[80.39497,7.5461],[80.39511,7.546],[80.39521,7.54558],[80.39519,7.54518],[80.39529,7.54511],[80.39536,7.54492],[80.39542,7.54455],[80.39506,7.54424],[80.39486,7.54423],[80.39428,7.54609]]]}},{"type":"Feature","properties":{"c":"farmland"},"geometry":{"type":"Polygon","coordinates":[[[80.39271,7.54406],[80.39295,7.54414],[80.39299,7.54427],[80.39324,7.54437],[80.39334,7.54448],[80.39335,7.54479],[80.39324,7.54484],[80.3932,7.545],[80.39336,7.54512],[80.39332,7.54534],[80.39342,7.54538],[80.3935,7.54555],[80.39391,7.54521],[80.39415,7.54521],[80.39431,7.54528],[80.39438,7.54552],[80.39467,7.54464],[80.39449,7.54456],[80.39451,7.54432],[80.39446,7.54423],[80.39419,7.54423],[80.39419,7.54414],[80.39428,7.54401],[80.39426,7.54373],[80.39435,7.54364],[80.39426,7.5435],[80.39407,7.54355],[80.39292,7.54345],[80.39271,7.54406]]]}},{"type":"Feature","properties":{"c":"farmland"},"geometry":{"type":"Polygon","coordinates":[[[80.39043,7.54394],[80.3907,7.54415],[80.39089,7.54443],[80.39089,7.54478],[80.39104,7.54496],[80.39081,7.5451],[80.39061,7.54542],[80.39055,7.54577],[80.39131,7.54599],[80.39133,7.54577],[80.39159,7.54549],[80.39182,7.54539],[80.39195,7.54526],[80.39194,7.54512],[80.39181,7.54492],[80.39179,7.54458],[80.39192,7.54438],[80.39152,7.54413],[80.39136,7.54421],[80.39123,7.54415],[80.39118,7.54404],[80.39101,7.54394],[80.39091,7.54381],[80.39063,7.54375],[80.3906,7.54367],[80.39043,7.54385],[80.39043,7.54394]]]}},{"type":"Feature","properties":{"c":"farmland"},"geometry":{"type":"Polygon","coordinates":[[[80.3893,7.54597],[80.3893,7.54644],[80.3894,7.54663],[80.38945,7.54695],[80.38972,7.54691],[80.38971,7.54679],[80.3899,7.54675],[80.39,7.54676],[80.38998,7.54692],[80.39028,7.54692],[80.39063,7.54698],[80.39069,7.5469],[80.39098,7.54686],[80.39132,7.54708],[80.39123,7.54728],[80.39136,7.54731],[80.39172,7.54698],[80.39227,7.5467],[80.39201,7.54646],[80.39184,7.54651],[80.39156,7.54638],[80.39128,7.54607],[80.39055,7.54577],[80.39024,7.54586],[80.38983,7.54589],[80.38952,7.54578],[80.3893,7.54597]]]}},{"type":"Feature","properties":{"c":"farmland"},"geometry":{"type":"Polygon","coordinates":[[[80.38729,7.54594],[80.38737,7.54632],[80.3879,7.54645],[80.38816,7.54676],[80.3886,7.54674],[80.38881,7.54665],[80.38901,7.54643],[80.38924,7.54648],[80.38923,7.54594],[80.38893,7.54592],[80.38882,7.54606],[80.38869,7.54604],[80.38831,7.54621],[80.38797,7.54601],[80.38774,7.54601],[80.38772,7.5459],[80.38764,7.54587],[80.3876,7.54578],[80.38749,7.54579],[80.3874,7.54575],[80.38731,7.54582],[80.38729,7.54594]]]}},{"type":"Feature","properties":{"c":"farmland"},"geometry":{"type":"Polygon","coordinates":[[[80.38777,7.54393],[80.3879,7.54408],[80.38812,7.54453],[80.38834,7.54446],[80.38849,7.54459],[80.38875,7.5447],[80.38887,7.54465],[80.38909,7.54468],[80.38904,7.54518],[80.38919,7.54548],[80.38907,7.54585],[80.38934,7.54583],[80.38945,7.54572],[80.38939,7.54561],[80.38933,7.54523],[80.3894,7.54489],[80.38955,7.54454],[80.38944,7.54416],[80.38937,7.5441],[80.38912,7.54403],[80.38912,7.54426],[80.38876,7.54448],[80.38869,7.54429],[80.38845,7.54429],[80.38846,7.54421],[80.38822,7.54427],[80.38814,7.54415],[80.38817,7.544],[80.38797,7.54381],[80.38777,7.54393]]]}},{"type":"Feature","properties":{"c":"farmland"},"geometry":{"type":"Polygon","coordinates":[[[80.3754,7.54549],[80.37548,7.54571],[80.37561,7.5458],[80.37573,7.54572],[80.37593,7.5459],[80.37595,7.54599],[80.37589,7.54616],[80.37613,7.54621],[80.37621,7.54631],[80.37617,7.54659],[80.37647,7.54621],[80.37655,7.54598],[80.37675,7.54584],[80.37716,7.54591],[80.37737,7.54606],[80.37768,7.54617],[80.37796,7.54635],[80.37815,7.54625],[80.3785,7.54583],[80.37857,7.54548],[80.37831,7.54552],[80.37817,7.54549],[80.37805,7.54539],[80.37784,7.54517],[80.37783,7.54467],[80.37773,7.54459],[80.37765,7.54464],[80.37749,7.54456],[80.37749,7.54447],[80.37741,7.54439],[80.37742,7.54412],[80.37718,7.54412],[80.3769,7.54428],[80.37679,7.54448],[80.3767,7.54447],[80.37661,7.5446],[80.37655,7.54495],[80.37646,7.54503],[80.37625,7.54498],[80.37608,7.54511],[80.37569,7.5451],[80.37552,7.54523],[80.3754,7.54549]]]}},{"type":"Feature","properties":{"c":"farmland"},"geometry":{"type":"Polygon","coordinates":[[[80.37805,7.54638],[80.37839,7.54652],[80.3794,7.54661],[80.37958,7.54673],[80.38022,7.54679],[80.38039,7.5469],[80.38074,7.54692],[80.38089,7.54687],[80.38154,7.54698],[80.38187,7.54698],[80.38196,7.54622],[80.38207,7.54593],[80.38175,7.54619],[80.38139,7.54609],[80.38121,7.54619],[80.38114,7.54611],[80.38053,7.54607],[80.38021,7.54588],[80.38012,7.54591],[80.38007,7.54581],[80.37987,7.54566],[80.37922,7.54563],[80.37889,7.5454],[80.37861,7.54551],[80.37861,7.54574],[80.37851,7.5459],[80.37823,7.54629],[80.37805,7.54638]]]}},{"type":"Feature","properties":{"c":"farmland"},"geometry":{"type":"Polygon","coordinates":[[[80.38041,7.54178],[80.38044,7.54232],[80.38056,7.54251],[80.38078,7.54233],[80.38093,7.54238],[80.3811,7.54229],[80.38122,7.54237],[80.38148,7.54221],[80.3817,7.54221],[80.38182,7.54204],[80.38188,7.54211],[80.38207,7.54208],[80.38207,7.54169],[80.38195,7.5414],[80.38194,7.5412],[80.38171,7.54119],[80.38145,7.54156],[80.381,7.54186],[80.38082,7.54179],[80.3807,7.54185],[80.38067,7.54177],[80.38041,7.54178]]]}},{"type":"Feature","properties":{"c":"farmland"},"geometry":{"type":"Polygon","coordinates":[[[80.37845,7.54286],[80.3788,7.54343],[80.37932,7.54308],[80.37933,7.54298],[80.37955,7.54283],[80.37976,7.54278],[80.38017,7.54254],[80.38032,7.54255],[80.38033,7.54236],[80.38039,7.54222],[80.38028,7.54202],[80.3801,7.54192],[80.37984,7.542],[80.37945,7.54216],[80.37911,7.54243],[80.37893,7.54265],[80.37866,7.5428],[80.37845,7.54286]]]}},{"type":"Feature","properties":{"c":"farmland"},"geometry":{"type":"Polygon","coordinates":[[[80.37673,7.54389],[80.37676,7.54403],[80.37751,7.54412],[80.37764,7.54405],[80.37761,7.54378],[80.37776,7.54369],[80.37802,7.5437],[80.37838,7.54365],[80.37862,7.5434],[80.3787,7.54326],[80.3784,7.5429],[80.37807,7.54306],[80.37796,7.54306],[80.37788,7.54298],[80.37766,7.54291],[80.37745,7.54272],[80.37714,7.54273],[80.37701,7.54279],[80.37692,7.543],[80.37676,7.54368],[80.37681,7.54379],[80.37673,7.54389]]]}},{"type":"Feature","properties":{"c":"farmland"},"geometry":{"type":"Polygon","coordinates":[[[80.37516,7.54173],[80.37518,7.54183],[80.37548,7.54201],[80.37574,7.54204],[80.37582,7.54236],[80.37575,7.54253],[80.37587,7.54284],[80.37604,7.54293],[80.37684,7.54302],[80.37701,7.54266],[80.37696,7.54261],[80.37701,7.54249],[80.37715,7.54257],[80.3772,7.54249],[80.37744,7.54254],[80.37753,7.54245],[80.37772,7.54179],[80.37762,7.54173],[80.37747,7.54174],[80.37739,7.54192],[80.37726,7.54185],[80.37669,7.54187],[80.37665,7.5417],[80.37657,7.54169],[80.37635,7.54174],[80.37586,7.54163],[80.37548,7.54163],[80.37516,7.54173]]]}},{"type":"Feature","properties":{"c":"farmland"},"geometry":{"type":"Polygon","coordinates":[[[80.37159,7.54192],[80.3716,7.54307],[80.37247,7.54347],[80.37255,7.54329],[80.37252,7.54291],[80.37255,7.5427],[80.37277,7.5425],[80.37257,7.54243],[80.37197,7.542],[80.37166,7.5419],[80.37159,7.54192]]]}},{"type":"Feature","properties":{"c":"farmland"},"geometry":{"type":"Polygon","coordinates":[[[80.39937,7.55456],[80.39981,7.55467],[80.40025,7.55401],[80.39984,7.55371],[80.39947,7.55418],[80.39937,7.55456]]]}},{"type":"Feature","properties":{"c":"farmland"},"geometry":{"type":"Polygon","coordinates":[[[80.39883,7.55566],[80.399,7.55582],[80.39916,7.55585],[80.39932,7.55566],[80.39929,7.55557],[80.39914,7.55547],[80.39926,7.55538],[80.39904,7.55532],[80.399,7.55559],[80.39883,7.55566]]]}},{"type":"Feature","properties":{"c":"farmland"},"geometry":{"type":"Polygon","coordinates":[[[80.39309,7.55804],[80.39328,7.55833],[80.3939,7.55899],[80.39469,7.55836],[80.39381,7.55829],[80.39353,7.5579],[80.39309,7.55804]]]}},{"type":"Feature","properties":{"c":"farmland"},"geometry":{"type":"Polygon","coordinates":[[[80.39406,7.55899],[80.39431,7.55914],[80.3946,7.55923],[80.3948,7.55955],[80.39511,7.55899],[80.39492,7.55878],[80.39473,7.55871],[80.39481,7.55866],[80.39479,7.55855],[80.39469,7.55849],[80.39406,7.55899]]]}},{"type":"Feature","properties":{"c":"farmland"},"geometry":{"type":"Polygon","coordinates":[[[80.39367,7.56061],[80.39369,7.56085],[80.39418,7.56089],[80.3951,7.56042],[80.39554,7.56003],[80.39633,7.55985],[80.39573,7.55923],[80.39516,7.55905],[80.39485,7.55961],[80.39492,7.55979],[80.39501,7.55986],[80.39479,7.56],[80.39412,7.56017],[80.39367,7.56061]]]}},{"type":"Feature","properties":{"c":"farmland"},"geometry":{"type":"Polygon","coordinates":[[[80.39355,7.5568],[80.39371,7.55715],[80.39379,7.55693],[80.39398,7.55703],[80.39394,7.5568],[80.39365,7.55671],[80.39355,7.5568]]]}},{"type":"Feature","properties":{"c":"farmland"},"geometry":{"type":"Polygon","coordinates":[[[80.40139,7.55274],[80.40185,7.55303],[80.40269,7.55226],[80.40185,7.55195],[80.40139,7.55274]]]}},{"type":"Feature","properties":{"c":"farmland"},"geometry":{"type":"Polygon","coordinates":[[[80.40224,7.55172],[80.4024,7.55178],[80.4026,7.55125],[80.40245,7.55119],[80.40224,7.55172]]]}},{"type":"Feature","properties":{"c":"farmland"},"geometry":{"type":"Polygon","coordinates":[[[80.33973,7.60283],[80.33984,7.60342],[80.34017,7.60369],[80.34075,7.60402],[80.34086,7.60386],[80.3417,7.60435],[80.34183,7.60423],[80.34197,7.60444],[80.34225,7.60462],[80.3424,7.60462],[80.34246,7.6054],[80.34262,7.60569],[80.34274,7.60601],[80.34284,7.60601],[80.34283,7.60627],[80.34302,7.60628],[80.34309,7.60638],[80.34321,7.60638],[80.34319,7.60613],[80.34314,7.60608],[80.34317,7.60597],[80.34293,7.60542],[80.34274,7.60478],[80.34285,7.60478],[80.34285,7.60485],[80.34308,7.60484],[80.3431,7.60508],[80.34337,7.60508],[80.34339,7.60502],[80.34352,7.60502],[80.34354,7.6047],[80.34271,7.6044],[80.34274,7.60426],[80.34257,7.60419],[80.34263,7.60406],[80.34203,7.60386],[80.34195,7.60373],[80.34104,7.60337],[80.34051,7.60287],[80.34031,7.60258],[80.33973,7.60283]]]}},{"type":"Feature","properties":{"c":"farmland"},"geometry":{"type":"Polygon","coordinates":[[[80.34523,7.60753],[80.34524,7.60801],[80.34574,7.60801],[80.34583,7.60809],[80.34596,7.608],[80.34667,7.60809],[80.34688,7.60817],[80.34678,7.60837],[80.34783,7.60893],[80.34825,7.60807],[80.34808,7.60813],[80.34789,7.60863],[80.34763,7.60855],[80.34768,7.6082],[80.34776,7.60814],[80.34773,7.60755],[80.34782,7.60701],[80.34806,7.60652],[80.3482,7.60644],[80.34837,7.60627],[80.3485,7.60626],[80.34845,7.60594],[80.34851,7.60579],[80.34844,7.60571],[80.34847,7.60532],[80.34832,7.6054],[80.34806,7.60517],[80.34792,7.60516],[80.34767,7.60525],[80.34754,7.60551],[80.34734,7.60575],[80.34703,7.60596],[80.3469,7.6062],[80.34683,7.60687],[80.34671,7.60712],[80.34602,7.60744],[80.34523,7.60753]]]}},{"type":"Feature","properties":{"c":"farmland"},"geometry":{"type":"Polygon","coordinates":[[[80.34872,7.6052],[80.34875,7.60564],[80.34889,7.60597],[80.34926,7.60579],[80.34967,7.60552],[80.34984,7.60536],[80.35014,7.60525],[80.35025,7.60511],[80.3504,7.60502],[80.35062,7.60479],[80.35079,7.60452],[80.35103,7.60426],[80.35091,7.60412],[80.35071,7.60399],[80.35036,7.60378],[80.35015,7.60373],[80.35001,7.60413],[80.34952,7.60477],[80.34872,7.6052]]]}},{"type":"Feature","properties":{"c":"farmland"},"geometry":{"type":"Polygon","coordinates":[[[80.3362,7.61341],[80.33657,7.61432],[80.3371,7.61402],[80.33787,7.61319],[80.33788,7.61305],[80.33802,7.61286],[80.33805,7.61267],[80.3382,7.61244],[80.33836,7.61236],[80.33892,7.61228],[80.33923,7.61214],[80.33978,7.61154],[80.34008,7.61127],[80.34027,7.61117],[80.34076,7.61111],[80.3412,7.61117],[80.3415,7.61114],[80.34167,7.61109],[80.34163,7.61098],[80.34143,7.61079],[80.34144,7.61071],[80.34087,7.61069],[80.34086,7.61061],[80.34043,7.61063],[80.34026,7.61015],[80.33948,7.61013],[80.33934,7.61017],[80.33917,7.61029],[80.33915,7.61015],[80.33857,7.61013],[80.33855,7.61023],[80.33809,7.61019],[80.33783,7.61029],[80.33782,7.61062],[80.33769,7.61061],[80.33765,7.61051],[80.33768,7.61024],[80.33752,7.61021],[80.33746,7.61022],[80.33744,7.61044],[80.33736,7.61045],[80.3372,7.61047],[80.33709,7.61042],[80.33698,7.61045],[80.33654,7.61038],[80.3366,7.61092],[80.3371,7.6109],[80.33721,7.61103],[80.33746,7.61106],[80.33764,7.61116],[80.3378,7.61099],[80.33813,7.61096],[80.33825,7.61084],[80.33846,7.61075],[80.3387,7.61082],[80.33886,7.61081],[80.33911,7.61096],[80.33914,7.61114],[80.33905,7.61132],[80.33839,7.61183],[80.33829,7.6117],[80.33817,7.61165],[80.33794,7.61173],[80.33787,7.61182],[80.33787,7.61213],[80.33767,7.61216],[80.3375,7.61232],[80.33701,7.61284],[80.33668,7.61327],[80.33648,7.6134],[80.3362,7.61341]]]}},{"type":"Feature","properties":{"c":"farmland"},"geometry":{"type":"Polygon","coordinates":[[[80.33453,7.60468],[80.33466,7.6052],[80.33486,7.60549],[80.33579,7.60631],[80.33604,7.60641],[80.33636,7.60678],[80.33603,7.60756],[80.33585,7.6075],[80.3357,7.60808],[80.33607,7.60836],[80.33662,7.60841],[80.33672,7.6082],[80.33781,7.60848],[80.33828,7.60876],[80.33873,7.60807],[80.33912,7.60763],[80.33891,7.60745],[80.33898,7.60719],[80.33885,7.60711],[80.33867,7.60709],[80.33845,7.60714],[80.33841,7.60723],[80.3381,7.60691],[80.33806,7.60678],[80.33785,7.60665],[80.33745,7.60653],[80.33718,7.6063],[80.33693,7.60631],[80.3368,7.60621],[80.33681,7.60609],[80.33617,7.60571],[80.33594,7.60568],[80.33585,7.60549],[80.33592,7.60529],[80.33505,7.60483],[80.33497,7.60461],[80.33473,7.60418],[80.33467,7.60416],[80.33453,7.60468]]]}},{"type":"Feature","properties":{"c":"farmland"},"geometry":{"type":"Polygon","coordinates":[[[80.33537,7.60414],[80.33557,7.60425],[80.33546,7.60449],[80.33562,7.60454],[80.33571,7.60433],[80.33578,7.60438],[80.33572,7.60449],[80.33584,7.60453],[80.33574,7.60478],[80.33627,7.60517],[80.33621,7.60529],[80.3363,7.60535],[80.33628,7.60551],[80.33662,7.60569],[80.33693,7.60576],[80.33693,7.60583],[80.33784,7.60608],[80.33798,7.60542],[80.33688,7.60518],[80.33659,7.60505],[80.33658,7.60478],[80.33602,7.60454],[80.33597,7.60436],[80.33619,7.60404],[80.3358,7.6038],[80.33551,7.60378],[80.33537,7.60414]]]}},{"type":"Feature","properties":{"c":"farmland"},"geometry":{"type":"Polygon","coordinates":[[[80.33533,7.61907],[80.33571,7.6193],[80.33591,7.61928],[80.33575,7.61872],[80.33605,7.61866],[80.33607,7.61856],[80.33661,7.61856],[80.33665,7.61867],[80.33706,7.61869],[80.33716,7.61839],[80.33734,7.61838],[80.33736,7.61814],[80.33656,7.61814],[80.33634,7.61805],[80.3361,7.61811],[80.33593,7.61803],[80.33551,7.61813],[80.3355,7.61868],[80.33533,7.61907]]]}},{"type":"Feature","properties":{"c":"farmland"},"geometry":{"type":"Polygon","coordinates":[[[80.3357,7.62313],[80.33577,7.62375],[80.33645,7.62361],[80.33655,7.62354],[80.33651,7.62331],[80.33635,7.62324],[80.33627,7.62298],[80.3357,7.62313]]]}},{"type":"Feature","properties":{"c":"farmland"},"geometry":{"type":"Polygon","coordinates":[[[80.33285,7.62338],[80.33294,7.62374],[80.33309,7.62372],[80.3331,7.62378],[80.3333,7.62377],[80.33332,7.6237],[80.33347,7.62367],[80.33336,7.62359],[80.33332,7.6234],[80.33304,7.62334],[80.33285,7.62338]]]}},{"type":"Feature","properties":{"c":"farmland"},"geometry":{"type":"Polygon","coordinates":[[[80.33906,7.60087],[80.33922,7.60095],[80.3394,7.6013],[80.33939,7.60173],[80.33945,7.60188],[80.34027,7.60185],[80.34038,7.60172],[80.3399,7.60137],[80.33945,7.60054],[80.33906,7.60087]]]}},{"type":"Feature","properties":{"c":"farmland"},"geometry":{"type":"Polygon","coordinates":[[[80.33789,7.59766],[80.3384,7.59796],[80.33868,7.5975],[80.33868,7.59735],[80.339,7.59699],[80.33944,7.59683],[80.34011,7.59675],[80.34086,7.59722],[80.34105,7.59746],[80.34107,7.59766],[80.34074,7.59794],[80.34062,7.59787],[80.3405,7.59795],[80.34035,7.59783],[80.33984,7.59808],[80.34011,7.59853],[80.34091,7.59825],[80.34113,7.59806],[80.34136,7.59795],[80.34149,7.59799],[80.34255,7.5967],[80.34301,7.59685],[80.34343,7.59721],[80.34363,7.5966],[80.34324,7.59651],[80.34265,7.59617],[80.34236,7.59648],[80.34245,7.59653],[80.34161,7.59741],[80.34113,7.59691],[80.34115,7.59666],[80.34082,7.59635],[80.34022,7.5962],[80.33975,7.59619],[80.33898,7.59633],[80.3388,7.59623],[80.33865,7.59645],[80.33844,7.59706],[80.33831,7.59705],[80.33789,7.59766]]]}},{"type":"Feature","properties":{"c":"farmland"},"geometry":{"type":"Polygon","coordinates":[[[80.33769,7.59547],[80.33852,7.59604],[80.33861,7.59585],[80.33876,7.59592],[80.33881,7.59583],[80.339,7.59573],[80.3387,7.59564],[80.33781,7.59516],[80.33769,7.59547]]]}},{"type":"Feature","properties":{"c":"farmland"},"geometry":{"type":"Polygon","coordinates":[[[80.33558,7.59678],[80.33563,7.59687],[80.33588,7.59701],[80.33602,7.5968],[80.33615,7.59643],[80.33588,7.59629],[80.33576,7.59636],[80.33558,7.59678]]]}},{"type":"Feature","properties":{"c":"farmland"},"geometry":{"type":"Polygon","coordinates":[[[80.33373,7.60028],[80.33375,7.60042],[80.33411,7.60062],[80.33414,7.60074],[80.33412,7.60087],[80.33385,7.60102],[80.3339,7.60116],[80.33424,7.60119],[80.33431,7.60109],[80.33476,7.60101],[80.33483,7.60094],[80.33473,7.60064],[80.33476,7.60049],[80.33484,7.60052],[80.33506,7.6009],[80.33524,7.60102],[80.33527,7.60118],[80.33552,7.60123],[80.33551,7.60085],[80.33537,7.60059],[80.33527,7.60025],[80.33509,7.60015],[80.3352,7.59986],[80.33518,7.5997],[80.33501,7.59947],[80.33495,7.59924],[80.33501,7.59887],[80.3351,7.5987],[80.3352,7.59868],[80.33553,7.59879],[80.33591,7.59854],[80.33631,7.5985],[80.33646,7.59841],[80.33651,7.59824],[80.33645,7.59816],[80.33644,7.59801],[80.33662,7.598],[80.33662,7.59777],[80.33649,7.59768],[80.33636,7.59767],[80.33628,7.59773],[80.33619,7.598],[80.33552,7.59823],[80.33523,7.59823],[80.33522,7.59809],[80.3354,7.59765],[80.3355,7.59768],[80.3358,7.59708],[80.33574,7.59703],[80.33566,7.59707],[80.33564,7.59693],[80.3355,7.59686],[80.33524,7.59726],[80.33513,7.59729],[80.33492,7.5975],[80.33475,7.59833],[80.33465,7.59835],[80.33459,7.59847],[80.33449,7.5985],[80.33429,7.59924],[80.33443,7.59938],[80.33447,7.59957],[80.33437,7.59988],[80.33431,7.59998],[80.33385,7.59991],[80.33373,7.60028]]]}},{"type":"Feature","properties":{"c":"farmland"},"geometry":{"type":"Polygon","coordinates":[[[80.32683,7.597],[80.32703,7.59708],[80.32749,7.597],[80.32779,7.59702],[80.3281,7.59691],[80.32836,7.59692],[80.32851,7.59665],[80.32888,7.5966],[80.32899,7.59688],[80.32879,7.59708],[80.32874,7.59731],[80.32843,7.59727],[80.32837,7.59748],[80.32879,7.59775],[80.32921,7.59722],[80.3294,7.59716],[80.32955,7.59695],[80.3297,7.59697],[80.33021,7.59723],[80.33039,7.5972],[80.33057,7.59706],[80.33062,7.59729],[80.33085,7.59743],[80.33086,7.59752],[80.33098,7.5976],[80.33144,7.59778],[80.33151,7.59767],[80.33167,7.59765],[80.33209,7.59799],[80.33217,7.59824],[80.33211,7.59872],[80.33222,7.59885],[80.33247,7.5989],[80.33242,7.59915],[80.3322,7.59926],[80.33191,7.59931],[80.33155,7.5991],[80.33051,7.59871],[80.33019,7.59866],[80.33013,7.59845],[80.32991,7.59838],[80.32976,7.59851],[80.32964,7.59885],[80.33004,7.59916],[80.33138,7.59959],[80.33163,7.59985],[80.33214,7.59999],[80.33252,7.5999],[80.33292,7.60008],[80.33347,7.60021],[80.33369,7.59959],[80.33332,7.59952],[80.33328,7.599],[80.33314,7.59888],[80.33323,7.59844],[80.3332,7.59801],[80.33329,7.59723],[80.33344,7.59678],[80.33384,7.59635],[80.33403,7.59586],[80.33407,7.5954],[80.33423,7.59494],[80.33424,7.59474],[80.33403,7.5944],[80.33409,7.5938],[80.33363,7.59381],[80.33367,7.59469],[80.33382,7.59483],[80.3336,7.59575],[80.33327,7.59624],[80.33279,7.59681],[80.33262,7.59629],[80.33215,7.59629],[80.33194,7.59617],[80.33195,7.59596],[80.33182,7.59592],[80.3316,7.59569],[80.33172,7.59543],[80.33166,7.59521],[80.33171,7.59499],[80.33192,7.59466],[80.33167,7.59462],[80.33145,7.59469],[80.33139,7.59506],[80.33128,7.59522],[80.33105,7.5952],[80.33103,7.59539],[80.33087,7.5955],[80.33067,7.59555],[80.33053,7.59565],[80.33041,7.59557],[80.33005,7.59552],[80.32994,7.59499],[80.32996,7.59466],[80.32984,7.59446],[80.32966,7.59433],[80.32965,7.59402],[80.32945,7.59398],[80.32941,7.59374],[80.32946,7.59359],[80.32975,7.5934],[80.32971,7.5932],[80.32934,7.59312],[80.32924,7.59319],[80.32903,7.59346],[80.32898,7.59366],[80.3291,7.59412],[80.32926,7.59449],[80.32911,7.59503],[80.32896,7.59486],[80.32872,7.59475],[80.32839,7.59477],[80.32804,7.59428],[80.32783,7.59428],[80.32758,7.59417],[80.32736,7.59487],[80.32751,7.59499],[80.32778,7.595],[80.32827,7.59516],[80.32878,7.59526],[80.32887,7.59572],[80.32842,7.59573],[80.32822,7.59569],[80.32803,7.59576],[80.32798,7.59597],[80.32769,7.59608],[80.32704,7.59585],[80.3269,7.59643],[80.32683,7.597]]]}},{"type":"Feature","properties":{"c":"farmland"},"geometry":{"type":"Polygon","coordinates":[[[80.34127,7.59009],[80.34129,7.59093],[80.34282,7.59192],[80.3432,7.59209],[80.34332,7.59198],[80.34329,7.59164],[80.34259,7.59123],[80.34241,7.59096],[80.34195,7.59064],[80.34174,7.59041],[80.34127,7.59009]]]}},{"type":"Feature","properties":{"c":"farmland"},"geometry":{"type":"Polygon","coordinates":[[[80.34125,7.58294],[80.34127,7.5861],[80.34165,7.5861],[80.34188,7.58619],[80.34208,7.58638],[80.34225,7.58664],[80.34274,7.58718],[80.34285,7.58742],[80.34292,7.58815],[80.34322,7.58839],[80.34373,7.58899],[80.34411,7.58971],[80.34383,7.59104],[80.34441,7.59121],[80.34489,7.59021],[80.34514,7.58984],[80.3452,7.58967],[80.34501,7.58927],[80.34509,7.58909],[80.3451,7.58885],[80.3454,7.58829],[80.345,7.58798],[80.3445,7.58776],[80.34432,7.58721],[80.34413,7.58703],[80.34386,7.5869],[80.34375,7.58655],[80.34364,7.58635],[80.3434,7.58633],[80.34333,7.58622],[80.3434,7.58597],[80.34323,7.58567],[80.34316,7.58536],[80.34287,7.58518],[80.34268,7.58513],[80.34222,7.58518],[80.34177,7.58507],[80.34155,7.58475],[80.34153,7.58413],[80.34174,7.58405],[80.34167,7.58385],[80.34171,7.5832],[80.34164,7.58294],[80.34125,7.58294]]]}},{"type":"Feature","properties":{"c":"farmland"},"geometry":{"type":"Polygon","coordinates":[[[80.34649,7.58764],[80.34695,7.58789],[80.34712,7.58774],[80.34722,7.58751],[80.34749,7.58766],[80.34789,7.58707],[80.34744,7.58681],[80.34756,7.58663],[80.34708,7.58634],[80.34684,7.58672],[80.34693,7.5868],[80.34687,7.58689],[80.34664,7.58699],[80.34667,7.58715],[80.34649,7.58764]]]}},{"type":"Feature","properties":{"c":"farmland"},"geometry":{"type":"Polygon","coordinates":[[[80.34585,7.58298],[80.34641,7.5835],[80.34685,7.5838],[80.34726,7.58443],[80.34742,7.58458],[80.34783,7.58347],[80.34815,7.58333],[80.34815,7.58294],[80.34585,7.58298]]]}},{"type":"Feature","properties":{"c":"farmland"},"geometry":{"type":"Polygon","coordinates":[[[80.3488,7.58325],[80.34881,7.58372],[80.34981,7.5838],[80.34986,7.58417],[80.35042,7.5846],[80.35038,7.5836],[80.35003,7.58353],[80.34995,7.58319],[80.34921,7.58318],[80.3488,7.58325]]]}},{"type":"Feature","properties":{"c":"farmland"},"geometry":{"type":"Polygon","coordinates":[[[80.34857,7.59313],[80.34998,7.5931],[80.35027,7.59263],[80.35024,7.59204],[80.34956,7.59282],[80.34922,7.59305],[80.34893,7.59308],[80.34924,7.59185],[80.34947,7.59151],[80.3497,7.59134],[80.34967,7.59119],[80.34944,7.59116],[80.34937,7.59142],[80.34894,7.59164],[80.34886,7.59197],[80.34885,7.59247],[80.34857,7.59313]]]}},{"type":"Feature","properties":{"c":"farmland"},"geometry":{"type":"Polygon","coordinates":[[[80.33766,7.59171],[80.33773,7.59202],[80.33822,7.59209],[80.33855,7.5916],[80.33882,7.59142],[80.33899,7.59124],[80.33907,7.59108],[80.33906,7.59089],[80.33941,7.59051],[80.34031,7.59028],[80.34095,7.59063],[80.34117,7.59088],[80.34119,7.59004],[80.33971,7.58919],[80.33946,7.58852],[80.33915,7.58862],[80.33897,7.58916],[80.33903,7.58934],[80.33941,7.58933],[80.33936,7.58959],[80.33918,7.58967],[80.33895,7.58988],[80.33833,7.58988],[80.33826,7.59011],[80.33832,7.59023],[80.33853,7.59029],[80.33859,7.59044],[80.33853,7.59059],[80.33825,7.59075],[80.33773,7.59078],[80.33768,7.59124],[80.33801,7.59128],[80.33799,7.59141],[80.33773,7.59153],[80.33766,7.59171]]]}},{"type":"Feature","properties":{"c":"farmland"},"geometry":{"type":"Polygon","coordinates":[[[80.33251,7.59293],[80.33255,7.59313],[80.33352,7.59314],[80.33346,7.59282],[80.33327,7.59283],[80.3329,7.59274],[80.33276,7.59264],[80.33262,7.59264],[80.33253,7.59273],[80.33251,7.59293]]]}},{"type":"Feature","properties":{"c":"farmland"},"geometry":{"type":"Polygon","coordinates":[[[80.33388,7.5931],[80.33446,7.59312],[80.33437,7.59304],[80.33418,7.593],[80.33407,7.59285],[80.33397,7.59286],[80.33388,7.5931]]]}},{"type":"Feature","properties":{"c":"farmland"},"geometry":{"type":"Polygon","coordinates":[[[80.33204,7.58701],[80.33292,7.58687],[80.3335,7.58658],[80.33423,7.58639],[80.3352,7.58624],[80.33534,7.58638],[80.33515,7.5866],[80.33496,7.58671],[80.33481,7.5871],[80.3345,7.58726],[80.33415,7.58736],[80.33353,7.5878],[80.33254,7.58799],[80.33236,7.58808],[80.3322,7.58847],[80.33206,7.58854],[80.33206,7.58913],[80.33217,7.58913],[80.33228,7.58885],[80.33247,7.58884],[80.33249,7.58896],[80.33259,7.58901],[80.33312,7.589],[80.33322,7.58926],[80.33335,7.59024],[80.33345,7.59027],[80.33354,7.59016],[80.33367,7.59016],[80.33362,7.58927],[80.33371,7.589],[80.33362,7.58892],[80.33347,7.58888],[80.33342,7.5885],[80.33347,7.58841],[80.33378,7.58842],[80.33422,7.5879],[80.3343,7.58774],[80.33494,7.58754],[80.33504,7.58756],[80.33509,7.58779],[80.33529,7.58794],[80.33565,7.58768],[80.33596,7.5872],[80.33603,7.58687],[80.33588,7.58682],[80.33593,7.58659],[80.33626,7.58623],[80.33644,7.58612],[80.33702,7.58596],[80.33719,7.58557],[80.33742,7.58545],[80.33786,7.58539],[80.33815,7.58527],[80.33871,7.58531],[80.33912,7.58555],[80.33924,7.58576],[80.33936,7.58585],[80.33971,7.58581],[80.33996,7.58587],[80.34004,7.58607],[80.3398,7.5863],[80.33965,7.58657],[80.33942,7.58676],[80.33925,7.58699],[80.33924,7.58775],[80.33932,7.58786],[80.33954,7.58788],[80.33969,7.58776],[80.33982,7.58745],[80.34059,7.58639],[80.34065,7.5859],[80.34118,7.5861],[80.3412,7.58294],[80.34104,7.58294],[80.3411,7.58418],[80.34105,7.58432],[80.34084,7.58449],[80.34053,7.58444],[80.34023,7.58429],[80.34019,7.58407],[80.34004,7.58403],[80.33979,7.58403],[80.33949,7.58423],[80.33933,7.58423],[80.33922,7.58414],[80.33898,7.58418],[80.33878,7.58417],[80.33865,7.5841],[80.33853,7.58394],[80.3385,7.58346],[80.33838,7.58294],[80.33708,7.58294],[80.33693,7.58318],[80.33706,7.58323],[80.33723,7.58346],[80.33765,7.58366],[80.33766,7.58382],[80.33748,7.58421],[80.3372,7.58419],[80.33707,7.58434],[80.33666,7.58459],[80.33656,7.58459],[80.33651,7.58453],[80.33639,7.58456],[80.33629,7.58448],[80.33639,7.58426],[80.33633,7.58416],[80.33595,7.58404],[80.33595,7.5839],[80.33579,7.5839],[80.33569,7.58429],[80.3357,7.58451],[80.33564,7.58465],[80.33544,7.58473],[80.33527,7.58468],[80.33486,7.58468],[80.33477,7.58477],[80.33454,7.58485],[80.33445,7.58517],[80.33448,7.58529],[80.33473,7.58547],[80.33509,7.58553],[80.33471,7.58577],[80.33449,7.58579],[80.33357,7.58567],[80.33344,7.58549],[80.33289,7.58525],[80.33267,7.58509],[80.33258,7.58495],[80.33259,7.58472],[80.33233,7.58467],[80.3323,7.58482],[80.33206,7.585],[80.33204,7.58701]]]}},{"type":"Feature","properties":{"c":"farmland"},"geometry":{"type":"Polygon","coordinates":[[[80.35048,7.59205],[80.35048,7.59262],[80.35093,7.59254],[80.35125,7.59266],[80.35149,7.59246],[80.35121,7.59244],[80.35108,7.5923],[80.35111,7.59218],[80.35146,7.59202],[80.35159,7.59164],[80.35172,7.59164],[80.35177,7.59146],[80.35173,7.59139],[80.35163,7.59148],[80.35153,7.59146],[80.35156,7.5912],[80.35132,7.59119],[80.3511,7.59153],[80.35083,7.59184],[80.35059,7.59207],[80.35048,7.59205]]]}},{"type":"Feature","properties":{"c":"farmland"},"geometry":{"type":"Polygon","coordinates":[[[80.35685,7.5923],[80.35708,7.59238],[80.35769,7.59241],[80.35838,7.59266],[80.35869,7.59288],[80.35866,7.59309],[80.35926,7.59311],[80.35927,7.5928],[80.35956,7.59282],[80.35958,7.59254],[80.35929,7.59246],[80.3594,7.59211],[80.35997,7.59191],[80.35993,7.59176],[80.35939,7.59158],[80.3591,7.59143],[80.35915,7.59115],[80.35882,7.59112],[80.35849,7.5916],[80.35749,7.59115],[80.35685,7.5923]]]}},{"type":"Feature","properties":{"c":"farmland"},"geometry":{"type":"Polygon","coordinates":[[[80.35803,7.58878],[80.3582,7.58888],[80.35824,7.58872],[80.3585,7.58868],[80.35867,7.58874],[80.35852,7.58818],[80.35843,7.58819],[80.3584,7.58809],[80.35832,7.5881],[80.35831,7.58821],[80.35806,7.58826],[80.35803,7.58878]]]}},{"type":"Feature","properties":{"c":"farmland"},"geometry":{"type":"Polygon","coordinates":[[[80.35869,7.58818],[80.35885,7.58891],[80.35912,7.58891],[80.35906,7.5884],[80.35938,7.58836],[80.35952,7.58893],[80.35964,7.58894],[80.35965,7.58813],[80.35869,7.58818]]]}},{"type":"Feature","properties":{"c":"farmland"},"geometry":{"type":"Polygon","coordinates":[[[80.35528,7.59215],[80.35536,7.59224],[80.35579,7.59227],[80.35584,7.59201],[80.35572,7.59192],[80.35572,7.59183],[80.35564,7.59184],[80.35561,7.59192],[80.3553,7.59202],[80.35528,7.59215]]]}},{"type":"Feature","properties":{"c":"farmland"},"geometry":{"type":"Polygon","coordinates":[[[80.35127,7.58419],[80.35231,7.5841],[80.35266,7.58401],[80.35277,7.58388],[80.35286,7.5835],[80.35298,7.58332],[80.35296,7.58314],[80.35321,7.58294],[80.35242,7.58296],[80.35244,7.58337],[80.35238,7.58368],[80.35228,7.58381],[80.35193,7.58387],[80.35129,7.58378],[80.35127,7.58419]]]}},{"type":"Feature","properties":{"c":"farmland"},"geometry":{"type":"Polygon","coordinates":[[[80.35315,7.58481],[80.35358,7.58509],[80.35376,7.58512],[80.35402,7.58505],[80.35412,7.58486],[80.35414,7.58463],[80.35404,7.58469],[80.35381,7.58465],[80.35377,7.58458],[80.35322,7.58453],[80.35317,7.5846],[80.35319,7.5847],[80.35315,7.58481]]]}},{"type":"Feature","properties":{"c":"farmland"},"geometry":{"type":"Polygon","coordinates":[[[80.35243,7.58288],[80.35388,7.58289],[80.35396,7.58256],[80.35343,7.58257],[80.35343,7.5821],[80.35327,7.58205],[80.35299,7.58185],[80.35265,7.58226],[80.35245,7.58272],[80.35243,7.58288]]]}},{"type":"Feature","properties":{"c":"farmland"},"geometry":{"type":"Polygon","coordinates":[[[80.354,7.58287],[80.35439,7.58281],[80.35504,7.5826],[80.35503,7.58198],[80.35467,7.58232],[80.35429,7.58246],[80.35417,7.58257],[80.35405,7.58258],[80.354,7.58287]]]}},{"type":"Feature","properties":{"c":"farmland"},"geometry":{"type":"Polygon","coordinates":[[[80.35507,7.58256],[80.3557,7.58206],[80.35528,7.58149],[80.35508,7.58199],[80.35507,7.58256]]]}},{"type":"Feature","properties":{"c":"farmland"},"geometry":{"type":"Polygon","coordinates":[[[80.35508,7.57342],[80.35516,7.57344],[80.3556,7.57331],[80.356,7.57282],[80.35615,7.57269],[80.35663,7.57269],[80.3575,7.57248],[80.35819,7.57258],[80.3584,7.57215],[80.35787,7.57199],[80.35743,7.57178],[80.35712,7.57179],[80.35715,7.57198],[80.35723,7.57203],[80.35706,7.57237],[80.35667,7.57232],[80.35665,7.57221],[80.35648,7.5722],[80.35649,7.57226],[80.35631,7.57229],[80.3561,7.57238],[80.35544,7.57308],[80.35529,7.57318],[80.35508,7.57315],[80.35508,7.57342]]]}},{"type":"Feature","properties":{"c":"farmland"},"geometry":{"type":"Polygon","coordinates":[[[80.3545,7.57539],[80.35464,7.57557],[80.35474,7.5756],[80.35474,7.57575],[80.35494,7.57601],[80.35549,7.57629],[80.3559,7.57663],[80.35596,7.57659],[80.35614,7.576],[80.35555,7.57583],[80.35488,7.57539],[80.35457,7.57533],[80.3545,7.57539]]]}},{"type":"Feature","properties":{"c":"farmland"},"geometry":{"type":"Polygon","coordinates":[[[80.35944,7.57724],[80.35954,7.57726],[80.35978,7.5768],[80.36009,7.57683],[80.36026,7.57631],[80.35974,7.57626],[80.35944,7.57724]]]}},{"type":"Feature","properties":{"c":"farmland"},"geometry":{"type":"Polygon","coordinates":[[[80.35844,7.57265],[80.35893,7.57288],[80.35897,7.57309],[80.35912,7.57335],[80.35954,7.57338],[80.35963,7.57344],[80.35965,7.57223],[80.35957,7.57229],[80.35941,7.57224],[80.3593,7.57203],[80.35905,7.5718],[80.35895,7.57179],[80.35844,7.57265]]]}},{"type":"Feature","properties":{"c":"farmland"},"geometry":{"type":"Polygon","coordinates":[[[80.35046,7.57269],[80.35066,7.57312],[80.35078,7.57318],[80.35081,7.57337],[80.35098,7.57371],[80.35127,7.5739],[80.35139,7.57388],[80.35158,7.57361],[80.35178,7.57278],[80.35194,7.57276],[80.35223,7.57241],[80.35234,7.57205],[80.35265,7.57187],[80.3529,7.5714],[80.35106,7.5714],[80.35123,7.57182],[80.3511,7.57261],[80.35051,7.57212],[80.35046,7.57269]]]}},{"type":"Feature","properties":{"c":"farmland"},"geometry":{"type":"Polygon","coordinates":[[[80.36037,7.58151],[80.36042,7.58165],[80.36078,7.58154],[80.36077,7.5813],[80.36089,7.58129],[80.36105,7.58148],[80.36156,7.58173],[80.36184,7.58198],[80.36219,7.58206],[80.36267,7.58208],[80.36308,7.5823],[80.36329,7.58196],[80.36339,7.58205],[80.36348,7.58227],[80.36377,7.58242],[80.36402,7.58234],[80.36423,7.58239],[80.36423,7.58126],[80.36414,7.58125],[80.36406,7.58114],[80.3639,7.58112],[80.36385,7.58116],[80.3635,7.58099],[80.3634,7.58105],[80.36244,7.57921],[80.36195,7.57943],[80.36293,7.58113],[80.36255,7.58113],[80.36223,7.58143],[80.36205,7.58143],[80.36169,7.58105],[80.36131,7.58138],[80.36112,7.58118],[80.36039,7.58096],[80.36037,7.58151]]]}},{"type":"Feature","properties":{"c":"farmland"},"geometry":{"type":"Polygon","coordinates":[[[80.3643,7.58238],[80.36491,7.5824],[80.36613,7.58267],[80.36615,7.58235],[80.36552,7.58215],[80.36566,7.58177],[80.36508,7.5816],[80.36465,7.58158],[80.36464,7.58144],[80.36432,7.58128],[80.3643,7.58238]]]}},{"type":"Feature","properties":{"c":"farmland"},"geometry":{"type":"Polygon","coordinates":[[[80.36618,7.57923],[80.3662,7.57966],[80.36688,7.58039],[80.36716,7.58044],[80.36707,7.58163],[80.36758,7.58166],[80.36794,7.58053],[80.36811,7.57934],[80.36824,7.57897],[80.36845,7.57856],[80.3686,7.57838],[80.36883,7.57828],[80.36881,7.57748],[80.36867,7.57745],[80.36845,7.57724],[80.36802,7.57729],[80.3679,7.57728],[80.36783,7.57716],[80.36726,7.57719],[80.36737,7.57742],[80.36757,7.57751],[80.36768,7.5777],[80.36793,7.5779],[80.36794,7.57813],[80.36749,7.5783],[80.36743,7.57841],[80.36743,7.57873],[80.36756,7.57879],[80.36758,7.57905],[80.36748,7.57928],[80.36731,7.57942],[80.36724,7.57966],[80.36728,7.57985],[80.36714,7.57986],[80.36685,7.5797],[80.3665,7.57933],[80.36618,7.57923]]]}},{"type":"Feature","properties":{"c":"forest"},"geometry":{"type":"Polygon","coordinates":[[[80.30792,7.60233],[80.31037,7.60225],[80.31042,7.59553],[80.30956,7.59474],[80.30858,7.59719],[80.30792,7.60233]]]}},{"type":"Feature","properties":{"c":"farmland"},"geometry":{"type":"Polygon","coordinates":[[[80.36629,7.57607],[80.36687,7.57655],[80.36724,7.57709],[80.36785,7.5771],[80.36781,7.57697],[80.36768,7.57685],[80.36754,7.57679],[80.36729,7.57642],[80.36713,7.57628],[80.36692,7.57624],[80.36672,7.57609],[80.3666,7.5761],[80.36646,7.5759],[80.36632,7.57599],[80.36629,7.57607]]]}},{"type":"Feature","properties":{"c":"farmland"},"geometry":{"type":"Polygon","coordinates":[[[80.36725,7.57168],[80.36739,7.57191],[80.36732,7.57197],[80.36735,7.57211],[80.36752,7.57213],[80.36753,7.5722],[80.36739,7.57231],[80.36727,7.57233],[80.36731,7.57245],[80.36753,7.57258],[80.36765,7.57278],[80.36779,7.57263],[80.36813,7.57342],[80.36833,7.57361],[80.36853,7.57404],[80.36881,7.57477],[80.36884,7.57302],[80.36863,7.57289],[80.3685,7.57286],[80.36832,7.57251],[80.36823,7.57254],[80.36828,7.57231],[80.36821,7.57217],[80.36826,7.5719],[80.36817,7.57155],[80.36803,7.57165],[80.36798,7.57191],[80.36774,7.57192],[80.36755,7.57151],[80.36739,7.5715],[80.36725,7.57168]]]}},{"type":"Feature","properties":{"c":"farmland"},"geometry":{"type":"Polygon","coordinates":[[[80.3597,7.5721],[80.3597,7.57344],[80.35989,7.57353],[80.35981,7.574],[80.36015,7.57437],[80.36038,7.57475],[80.3605,7.57487],[80.36062,7.57484],[80.3609,7.57429],[80.36107,7.57425],[80.36106,7.57372],[80.36093,7.57354],[80.36095,7.5732],[80.36083,7.57267],[80.36096,7.57264],[80.3613,7.5724],[80.36146,7.5724],[80.36168,7.57248],[80.3618,7.57244],[80.36183,7.57185],[80.36119,7.57206],[80.36109,7.57219],[80.36051,7.57208],[80.3597,7.5721]]]}},{"type":"Feature","properties":{"c":"farmland"},"geometry":{"type":"Polygon","coordinates":[[[80.36713,7.53704],[80.36744,7.53721],[80.36739,7.53739],[80.36771,7.5376],[80.36785,7.5381],[80.36822,7.53835],[80.3688,7.53856],[80.36881,7.53794],[80.36848,7.53781],[80.36857,7.53764],[80.36854,7.53745],[80.36816,7.53744],[80.36785,7.53727],[80.36784,7.53687],[80.36744,7.53682],[80.36713,7.53704]]]}},{"type":"Feature","properties":{"c":"forest"},"geometry":{"type":"Polygon","coordinates":[[[80.36652,7.53747],[80.36694,7.53784],[80.36696,7.5382],[80.36715,7.53838],[80.36705,7.53865],[80.36746,7.53879],[80.3676,7.53844],[80.36721,7.53827],[80.36727,7.53806],[80.36762,7.5382],[80.36763,7.5381],[80.3674,7.53782],[80.36746,7.53769],[80.3677,7.53787],[80.3677,7.53776],[80.36727,7.53743],[80.3673,7.53723],[80.36707,7.53708],[80.36652,7.53747]]]}},{"type":"Feature","properties":{"c":"forest"},"geometry":{"type":"Polygon","coordinates":[[[80.36842,7.53867],[80.3687,7.53901],[80.36873,7.53923],[80.3688,7.53936],[80.3688,7.53873],[80.36849,7.53857],[80.36842,7.53867]]]}},{"type":"Feature","properties":{"c":"farmland"},"geometry":{"type":"Polygon","coordinates":[[[80.36594,7.53784],[80.36625,7.53854],[80.36643,7.53858],[80.36647,7.53876],[80.3662,7.53873],[80.36612,7.5394],[80.36659,7.53946],[80.36666,7.53933],[80.36675,7.53932],[80.36679,7.53923],[80.36697,7.53921],[80.36704,7.53903],[80.36732,7.53904],[80.3673,7.53921],[80.36708,7.53945],[80.36656,7.53955],[80.36655,7.53966],[80.36691,7.53959],[80.36697,7.53968],[80.36727,7.53963],[80.36741,7.53951],[80.3677,7.53948],[80.36768,7.53973],[80.36808,7.53985],[80.36841,7.53954],[80.36793,7.5394],[80.36793,7.53918],[80.36774,7.53905],[80.36776,7.53896],[80.36793,7.53895],[80.36791,7.53877],[80.36807,7.53875],[80.36818,7.53857],[80.36794,7.53837],[80.36778,7.53836],[80.3675,7.53885],[80.36698,7.53872],[80.36706,7.53838],[80.36691,7.53836],[80.3669,7.53786],[80.36634,7.53732],[80.36594,7.53784]]]}},{"type":"Feature","properties":{"c":"forest"},"geometry":{"type":"Polygon","coordinates":[[[80.36597,7.54016],[80.36661,7.54121],[80.36738,7.54103],[80.36691,7.54076],[80.36683,7.5403],[80.36658,7.5402],[80.36658,7.53987],[80.36597,7.54016]]]}},{"type":"Feature","properties":{"c":"forest"},"geometry":{"type":"Polygon","coordinates":[[[80.36662,7.54143],[80.36772,7.54168],[80.36779,7.54155],[80.36767,7.54143],[80.36737,7.54131],[80.36749,7.54119],[80.36742,7.5411],[80.36665,7.54127],[80.36662,7.54143]]]}},{"type":"Feature","properties":{"c":"forest"},"geometry":{"type":"Polygon","coordinates":[[[80.36653,7.54192],[80.36697,7.54155],[80.36661,7.54155],[80.36653,7.54192]]]}},{"type":"Feature","properties":{"c":"farmland"},"geometry":{"type":"Polygon","coordinates":[[[80.36728,7.54085],[80.36757,7.54096],[80.3676,7.54128],[80.36796,7.54139],[80.36786,7.5417],[80.3688,7.54186],[80.36859,7.54174],[80.36858,7.5415],[80.36873,7.54117],[80.36846,7.54111],[80.36876,7.54015],[80.36827,7.53996],[80.36817,7.54033],[80.36821,7.5404],[80.36808,7.54064],[80.36739,7.54044],[80.36728,7.54085]]]}},{"type":"Feature","properties":{"c":"farmland"},"geometry":{"type":"Polygon","coordinates":[[[80.36698,7.5403],[80.367,7.5407],[80.36719,7.54085],[80.36733,7.5403],[80.36698,7.5403]]]}},{"type":"Feature","properties":{"c":"farmland"},"geometry":{"type":"Polygon","coordinates":[[[80.36679,7.54007],[80.36719,7.54012],[80.36722,7.53974],[80.36696,7.53982],[80.36679,7.54007]]]}},{"type":"Feature","properties":{"c":"forest"},"geometry":{"type":"Polygon","coordinates":[[[80.36505,7.54584],[80.36513,7.54616],[80.36535,7.54614],[80.36535,7.54629],[80.3655,7.54627],[80.3656,7.54648],[80.36573,7.5465],[80.36591,7.54602],[80.36608,7.54604],[80.36607,7.54583],[80.36595,7.54581],[80.36594,7.54573],[80.36539,7.54584],[80.36505,7.54584]]]}},{"type":"Feature","properties":{"c":"farmland"},"geometry":{"type":"Polygon","coordinates":[[[80.36575,7.54656],[80.36579,7.54692],[80.3661,7.54696],[80.3661,7.54666],[80.36626,7.54664],[80.36627,7.54675],[80.36652,7.54677],[80.36667,7.54672],[80.36667,7.54594],[80.36657,7.54596],[80.36662,7.54651],[80.36653,7.54652],[80.36649,7.54638],[80.366,7.54635],[80.36604,7.54613],[80.36593,7.54613],[80.36575,7.54656]]]}},{"type":"Feature","properties":{"c":"farmland"},"geometry":{"type":"Polygon","coordinates":[[[80.36403,7.54649],[80.36412,7.5468],[80.36462,7.54701],[80.36475,7.54673],[80.36524,7.5468],[80.36524,7.54654],[80.36518,7.54645],[80.36516,7.54621],[80.365,7.54615],[80.36492,7.54583],[80.36476,7.54574],[80.3645,7.54584],[80.36449,7.54609],[80.36423,7.54611],[80.36403,7.54649]]]}},{"type":"Feature","properties":{"c":"farmland"},"geometry":{"type":"Polygon","coordinates":[[[80.36538,7.54785],[80.36558,7.54788],[80.36568,7.54752],[80.36599,7.54764],[80.36606,7.54734],[80.36565,7.54731],[80.36566,7.5474],[80.36547,7.54739],[80.36538,7.54785]]]}},{"type":"Feature","properties":{"c":"farmland"},"geometry":{"type":"Polygon","coordinates":[[[80.36493,7.54748],[80.36534,7.54753],[80.36544,7.54722],[80.36537,7.54717],[80.36532,7.54725],[80.36499,7.54721],[80.36493,7.54748]]]}},{"type":"Feature","properties":{"c":"farmland"},"geometry":{"type":"Polygon","coordinates":[[[80.36397,7.54736],[80.36446,7.54764],[80.36464,7.54703],[80.36435,7.54695],[80.36397,7.54736]]]}},{"type":"Feature","properties":{"c":"farmland"},"geometry":{"type":"Polygon","coordinates":[[[80.36411,7.54761],[80.36413,7.54769],[80.36423,7.54775],[80.36428,7.54795],[80.36421,7.54828],[80.36465,7.54828],[80.36477,7.54784],[80.36421,7.54757],[80.36411,7.54761]]]}},{"type":"Feature","properties":{"c":"forest"},"geometry":{"type":"Polygon","coordinates":[[[80.36791,7.53722],[80.3683,7.53739],[80.36884,7.53714],[80.36882,7.53679],[80.36792,7.5368],[80.36791,7.53722]]]}},{"type":"Feature","properties":{"c":"farmland"},"geometry":{"type":"Polygon","coordinates":[[[80.36634,7.54819],[80.36663,7.54831],[80.36734,7.5483],[80.36718,7.54821],[80.36709,7.54803],[80.36676,7.54801],[80.36667,7.54784],[80.36643,7.54788],[80.36634,7.54819]]]}}]}