{"type":"FeatureCollection","features":[{"type":"Feature","properties":{"c":"forest","n":"Manapayakanda Reserved Forest"},"geometry":{"type":"Polygon","coordinates":[[[80.4337,7.6125],[80.43373,7.61278],[80.43406,7.61325],[80.43417,7.61323],[80.43569,7.61181],[80.43582,7.61115],[80.43582,7.61047],[80.43668,7.60919],[80.43732,7.60775],[80.43799,7.60649],[80.43854,7.60492],[80.43895,7.60336],[80.43913,7.60305],[80.43975,7.60256],[80.44005,7.60225],[80.44025,7.60199],[80.44055,7.60135],[80.4407,7.60126],[80.44097,7.60122],[80.44114,7.60126],[80.44128,7.60138],[80.44133,7.60154],[80.44123,7.60201],[80.44086,7.60299],[80.43891,7.60657],[80.43856,7.60739],[80.4385,7.60781],[80.43856,7.60822],[80.43882,7.60934],[80.43891,7.61001],[80.43894,7.61074],[80.43895,7.61306],[80.43886,7.61419],[80.43864,7.61513],[80.43841,7.61572],[80.43672,7.61846],[80.43655,7.61896],[80.43659,7.61921],[80.43679,7.61971],[80.43689,7.62028],[80.43696,7.62037],[80.43713,7.62039],[80.4373,7.62031],[80.43779,7.61973],[80.43798,7.6194],[80.43849,7.61813],[80.43871,7.61793],[80.4389,7.61783],[80.43909,7.61783],[80.43917,7.61791],[80.4392,7.61827],[80.43886,7.61923],[80.43873,7.62001],[80.4385,7.62021],[80.43814,7.62028],[80.43803,7.62054],[80.43823,7.62299],[80.43868,7.62487],[80.43924,7.62773],[80.43945,7.62911],[80.44005,7.63437],[80.44019,7.63469],[80.44031,7.63482],[80.4405,7.63492],[80.44061,7.63487],[80.44084,7.63447],[80.44112,7.63367],[80.44137,7.63323],[80.44155,7.63314],[80.44191,7.63321],[80.44204,7.63346],[80.44208,7.63368],[80.44203,7.63402],[80.4415,7.63557],[80.4416,7.63584],[80.44174,7.6359],[80.44189,7.6359],[80.4422,7.63561],[80.44279,7.6343],[80.44293,7.63407],[80.44314,7.63386],[80.44358,7.63358],[80.4436,7.63353],[80.44354,7.63347],[80.44356,7.63331],[80.44369,7.63322],[80.44378,7.63308],[80.44338,7.63308],[80.4433,7.63297],[80.44347,7.63161],[80.44346,7.63146],[80.44334,7.63134],[80.4434,7.63098],[80.44329,7.63096],[80.44322,7.63073],[80.44348,7.63043],[80.44408,7.62821],[80.44421,7.62791],[80.44436,7.62769],[80.44474,7.62734],[80.44486,7.62714],[80.44494,7.62602],[80.44504,7.62582],[80.44516,7.62576],[80.44555,7.62584],[80.44563,7.62577],[80.44566,7.62554],[80.44556,7.62542],[80.44527,7.62534],[80.44515,7.62526],[80.44504,7.62513],[80.44497,7.62492],[80.44497,7.62474],[80.44504,7.62452],[80.44531,7.62415],[80.44539,7.62396],[80.44523,7.62258],[80.44522,7.62079],[80.44526,7.6196],[80.44561,7.61696],[80.44611,7.61523],[80.44628,7.61485],[80.44702,7.61364],[80.44802,7.61093],[80.44846,7.60861],[80.44856,7.60767],[80.44854,7.60706],[80.44842,7.60649],[80.44821,7.60609],[80.44805,7.60556],[80.44805,7.60374],[80.44793,7.60229],[80.44792,7.6015],[80.44799,7.60053],[80.4479,7.59994],[80.44776,7.59951],[80.44698,7.5985],[80.4468,7.5981],[80.44673,7.59756],[80.44673,7.59709],[80.44688,7.59668],[80.44728,7.59599],[80.44738,7.59565],[80.44741,7.59534],[80.44738,7.59507],[80.44721,7.59493],[80.44672,7.59477],[80.44654,7.59464],[80.44638,7.59422],[80.44642,7.59399],[80.4466,7.59374],[80.44711,7.59321],[80.44722,7.59302],[80.44717,7.59277],[80.44684,7.59236],[80.44674,7.59215],[80.44667,7.59162],[80.44645,7.59089],[80.44614,7.5904],[80.44582,7.59029],[80.44498,7.59037],[80.4439,7.59019],[80.44351,7.59022],[80.44224,7.59061],[80.44148,7.59092],[80.44128,7.59122],[80.44123,7.59156],[80.44147,7.5927],[80.4414,7.59304],[80.44126,7.59336],[80.43997,7.59452],[80.43954,7.59496],[80.4393,7.59528],[80.43917,7.59563],[80.43908,7.5962],[80.4392,7.59729],[80.43917,7.59757],[80.43873,7.59917],[80.43834,7.60103],[80.43805,7.60205],[80.43707,7.60441],[80.43681,7.60474],[80.4365,7.60503],[80.43574,7.60556],[80.43543,7.60589],[80.43511,7.60645],[80.43475,7.60766],[80.43393,7.611],[80.4337,7.6125]]]}},{"type":"Feature","properties":{"c":"forest","n":"Dolukanda Conservation Forest"},"geometry":{"type":"Polygon","coordinates":[[[80.3849,7.65124],[80.38657,7.6515],[80.38788,7.65177],[80.38891,7.65354],[80.39003,7.65413],[80.39196,7.65407],[80.39335,7.65379],[80.3973,7.65133],[80.3981,7.65235],[80.39906,7.65279],[80.40029,7.65371],[80.40153,7.65394],[80.40333,7.65296],[80.40488,7.65313],[80.4052,7.65443],[80.40638,7.65454],[80.40717,7.65405],[80.40838,7.65301],[80.40913,7.65169],[80.41044,7.65022],[80.41144,7.64892],[80.41104,7.64748],[80.41187,7.64665],[80.41282,7.64629],[80.41481,7.64512],[80.41589,7.64371],[80.41807,7.64278],[80.41938,7.64197],[80.42001,7.64105],[80.42134,7.64037],[80.42192,7.63967],[80.42245,7.63876],[80.42359,7.63631],[80.42415,7.63487],[80.4241,7.63404],[80.42355,7.63363],[80.42294,7.63353],[80.42228,7.63395],[80.4211,7.63425],[80.42009,7.63442],[80.41973,7.63389],[80.41979,7.63325],[80.42005,7.63221],[80.42138,7.63157],[80.42277,7.63097],[80.42312,7.63076],[80.42415,7.62942],[80.42421,7.6284],[80.42488,7.62744],[80.42556,7.62712],[80.42672,7.62595],[80.42825,7.62406],[80.42953,7.622],[80.43037,7.62054],[80.43054,7.62008],[80.4303,7.61987],[80.43011,7.61988],[80.42998,7.61995],[80.42857,7.62104],[80.42767,7.6214],[80.42556,7.62306],[80.42415,7.62317],[80.42329,7.62255],[80.42183,7.62032],[80.42067,7.61915],[80.4194,7.61655],[80.4194,7.61511],[80.41923,7.6137],[80.41917,7.61215],[80.41921,7.61056],[80.41876,7.60971],[80.41885,7.60781],[80.4193,7.60571],[80.4194,7.60473],[80.41876,7.60328],[80.41814,7.60156],[80.41787,7.59965],[80.41812,7.59769],[80.41813,7.59575],[80.41769,7.59417],[80.41621,7.59313],[80.41474,7.59276],[80.41346,7.5928],[80.41264,7.59304],[80.41191,7.59384],[80.41124,7.59492],[80.41044,7.59634],[80.40961,7.59831],[80.4092,7.59868],[80.40859,7.59893],[80.40647,7.59931],[80.40552,7.60019],[80.40484,7.60129],[80.40464,7.60219],[80.40438,7.60472],[80.40406,7.60639],[80.40332,7.60962],[80.40281,7.61115],[80.40176,7.6125],[80.3988,7.61361],[80.39805,7.61568],[80.399,7.61732],[80.39923,7.61808],[80.39994,7.6184],[80.40026,7.61877],[80.3993,7.62174],[80.39707,7.6257],[80.39647,7.62625],[80.39578,7.62768],[80.39621,7.62976],[80.39451,7.63314],[80.39423,7.6338],[80.39381,7.63508],[80.39335,7.63793],[80.39327,7.63908],[80.39338,7.64008],[80.39295,7.64131],[80.3922,7.64246],[80.39134,7.64252],[80.39087,7.64278],[80.38994,7.64363],[80.38874,7.6451],[80.38672,7.64739],[80.38595,7.64888],[80.3849,7.65124]]]}},{"type":"Feature","properties":{"c":"forest","n":"Kiribamunakanda Conservation Forest"},"geometry":{"type":"Polygon","coordinates":[[[80.42705,7.5927],[80.42706,7.59295],[80.4272,7.59348],[80.42733,7.5937],[80.42755,7.5939],[80.42775,7.59404],[80.42826,7.59422],[80.42877,7.5943],[80.42929,7.59428],[80.42949,7.5942],[80.42961,7.59408],[80.42969,7.59392],[80.42982,7.59301],[80.4302,7.59166],[80.43042,7.59145],[80.43072,7.59145],[80.431,7.5916],[80.43117,7.59178],[80.43131,7.59207],[80.43132,7.59228],[80.43124,7.59267],[80.43086,7.5937],[80.43077,7.59416],[80.43077,7.59457],[80.43088,7.59474],[80.43119,7.59476],[80.43176,7.59438],[80.43188,7.59425],[80.43207,7.59389],[80.43222,7.59332],[80.4323,7.59319],[80.43281,7.59268],[80.43295,7.59249],[80.43304,7.59227],[80.43308,7.59205],[80.43299,7.59127],[80.43301,7.59107],[80.43308,7.59094],[80.43319,7.5908],[80.43385,7.59048],[80.434,7.59035],[80.4343,7.58991],[80.43453,7.58969],[80.43496,7.5894],[80.43528,7.589],[80.43547,7.58811],[80.43568,7.5875],[80.43606,7.58695],[80.43649,7.58647],[80.43677,7.58595],[80.4372,7.58453],[80.43762,7.58372],[80.4375,7.58341],[80.43758,7.58318],[80.43848,7.58242],[80.43882,7.58205],[80.43927,7.58172],[80.43973,7.58168],[80.44005,7.58178],[80.44056,7.58178],[80.44091,7.58163],[80.44115,7.58143],[80.44149,7.58107],[80.44194,7.57989],[80.44214,7.57958],[80.44263,7.57898],[80.44322,7.57838],[80.44361,7.57787],[80.4439,7.57724],[80.44394,7.57703],[80.44387,7.57656],[80.44365,7.57588],[80.44364,7.57543],[80.44404,7.57463],[80.44408,7.57426],[80.44379,7.57371],[80.44364,7.57354],[80.44341,7.57347],[80.44288,7.57359],[80.44272,7.57354],[80.44258,7.57344],[80.44245,7.57327],[80.44239,7.57308],[80.44232,7.57245],[80.4424,7.57011],[80.44233,7.56866],[80.44236,7.56827],[80.44247,7.56801],[80.44326,7.56698],[80.44384,7.56593],[80.44419,7.5654],[80.44473,7.56344],[80.44488,7.56303],[80.44514,7.56253],[80.44596,7.56136],[80.44631,7.56072],[80.44638,7.5604],[80.44645,7.55929],[80.44657,7.55844],[80.4471,7.55653],[80.4476,7.55491],[80.44776,7.55454],[80.44831,7.55365],[80.44848,7.55316],[80.44839,7.5522],[80.44841,7.55189],[80.44847,7.55148],[80.44881,7.55012],[80.44898,7.54874],[80.44899,7.5485],[80.44888,7.54758],[80.44902,7.54695],[80.44901,7.5468],[80.44892,7.54667],[80.44879,7.54661],[80.4486,7.54663],[80.44836,7.54706],[80.44823,7.54717],[80.44781,7.54738],[80.44754,7.54775],[80.44752,7.54796],[80.44768,7.5488],[80.44765,7.5492],[80.44751,7.54974],[80.44762,7.55071],[80.44758,7.55103],[80.44733,7.5513],[80.44662,7.55164],[80.44645,7.55181],[80.4455,7.5532],[80.44494,7.55426],[80.4449,7.5546],[80.44503,7.55507],[80.44501,7.55521],[80.44495,7.55531],[80.44461,7.55558],[80.44412,7.55629],[80.44315,7.55804],[80.44294,7.55854],[80.44293,7.55879],[80.44308,7.55991],[80.44332,7.56073],[80.44336,7.56108],[80.44327,7.56176],[80.4431,7.56215],[80.44292,7.5623],[80.44271,7.56237],[80.4425,7.56236],[80.44231,7.5623],[80.44217,7.56216],[80.44209,7.56186],[80.44211,7.56043],[80.44206,7.56],[80.44177,7.55944],[80.4415,7.55916],[80.43986,7.55893],[80.43949,7.55895],[80.43746,7.55957],[80.43708,7.55973],[80.43677,7.55992],[80.43629,7.5604],[80.43606,7.56076],[80.43588,7.56118],[80.43546,7.56237],[80.43476,7.5655],[80.43452,7.56621],[80.43394,7.5669],[80.43269,7.56755],[80.4324,7.56781],[80.43232,7.56799],[80.43206,7.56936],[80.43124,7.57064],[80.43025,7.57281],[80.42976,7.57372],[80.42961,7.57407],[80.42953,7.57441],[80.42957,7.57496],[80.42979,7.57542],[80.43039,7.57582],[80.43056,7.57599],[80.43068,7.5764],[80.4306,7.5768],[80.43037,7.57709],[80.42999,7.57733],[80.42951,7.57749],[80.4287,7.57763],[80.42835,7.5778],[80.42824,7.57792],[80.42822,7.57806],[80.42827,7.57821],[80.4286,7.57847],[80.42875,7.57872],[80.42866,7.57943],[80.42874,7.57992],[80.42888,7.5802],[80.4295,7.58105],[80.4296,7.58127],[80.42963,7.58149],[80.4296,7.58166],[80.42934,7.58208],[80.42908,7.58265],[80.42913,7.58329],[80.42908,7.58369],[80.42897,7.58387],[80.42847,7.58442],[80.42824,7.58474],[80.42809,7.58528],[80.42811,7.58597],[80.42819,7.58615],[80.42831,7.58629],[80.4289,7.5866],[80.42903,7.5867],[80.42915,7.58704],[80.42912,7.58722],[80.42905,7.58738],[80.42889,7.58751],[80.42825,7.58779],[80.42805,7.58792],[80.42784,7.58823],[80.42765,7.58882],[80.42741,7.59013],[80.42745,7.59127],[80.42714,7.5921],[80.42705,7.5927]]]}},{"type":"Feature","properties":{"c":"forest"},"geometry":{"type":"Polygon","coordinates":[[[80.5358,7.59655],[80.53667,7.59842],[80.53678,7.60008],[80.53726,7.60159],[80.53842,7.60354],[80.53918,7.60516],[80.53969,7.60652],[80.54005,7.60869],[80.54067,7.61131],[80.54064,7.61344],[80.54074,7.61524],[80.54114,7.61686],[80.54151,7.61935],[80.54151,7.62028],[80.54205,7.62583],[80.54249,7.62792],[80.54391,7.63116],[80.54532,7.6366],[80.54725,7.63523],[80.54768,7.63267],[80.54834,7.62997],[80.54812,7.62752],[80.54823,7.62453],[80.54794,7.62212],[80.54816,7.61974],[80.54848,7.61697],[80.54736,7.61531],[80.54649,7.61326],[80.54667,7.61023],[80.54659,7.60786],[80.54681,7.60573],[80.54732,7.60256],[80.54688,7.60022],[80.54652,7.59745],[80.54576,7.59536],[80.54547,7.59432],[80.54485,7.59399],[80.54282,7.5941],[80.54129,7.59547],[80.53987,7.5964],[80.53813,7.59547],[80.53664,7.59475],[80.5358,7.59655]]]}},{"type":"Feature","properties":{"c":"forest","n":"Peddawakanda Reserved Forest"},"geometry":{"type":"Polygon","coordinates":[[[80.39992,7.58267],[80.4,7.58319],[80.40012,7.58351],[80.40073,7.58448],[80.40144,7.58537],[80.40237,7.58622],[80.40286,7.58657],[80.40331,7.58668],[80.40392,7.58667],[80.40426,7.58656],[80.40461,7.5863],[80.4049,7.5859],[80.40529,7.58523],[80.40551,7.58504],[80.40575,7.58496],[80.40593,7.58499],[80.40648,7.58525],[80.40675,7.58526],[80.40717,7.58521],[80.40787,7.58488],[80.40816,7.585],[80.40831,7.58549],[80.40816,7.5856],[80.40762,7.58638],[80.40737,7.58665],[80.4073,7.58693],[80.40729,7.58765],[80.40722,7.58792],[80.40682,7.58846],[80.40667,7.58883],[80.40647,7.5897],[80.40628,7.59026],[80.40549,7.59158],[80.40497,7.59232],[80.40477,7.59255],[80.40434,7.5929],[80.4041,7.59329],[80.40417,7.59366],[80.40427,7.59375],[80.4045,7.59381],[80.40467,7.59376],[80.40479,7.59361],[80.40505,7.5929],[80.40538,7.59236],[80.40664,7.59079],[80.40741,7.58994],[80.40777,7.58949],[80.4079,7.58921],[80.40817,7.58883],[80.40888,7.58805],[80.40938,7.58721],[80.41005,7.5859],[80.41049,7.58482],[80.41074,7.58446],[80.4109,7.58434],[80.41152,7.58411],[80.41177,7.58397],[80.41205,7.58374],[80.41275,7.58292],[80.41293,7.58251],[80.413,7.58209],[80.413,7.58177],[80.41282,7.58094],[80.41286,7.58065],[80.41297,7.58036],[80.41315,7.58014],[80.41418,7.5796],[80.41431,7.57944],[80.41449,7.57873],[80.41488,7.57832],[80.41534,7.57807],[80.41548,7.5779],[80.41622,7.5775],[80.41651,7.57727],[80.41667,7.57694],[80.41652,7.57646],[80.41652,7.5761],[80.41661,7.57588],[80.41687,7.57566],[80.41711,7.57556],[80.41738,7.57538],[80.41759,7.57533],[80.41802,7.57547],[80.41837,7.57543],[80.41908,7.5747],[80.41929,7.57456],[80.42003,7.57423],[80.42076,7.57376],[80.42129,7.57329],[80.4217,7.57281],[80.42173,7.57259],[80.42161,7.57209],[80.42157,7.57176],[80.42162,7.57141],[80.42186,7.57061],[80.42252,7.56917],[80.42267,7.56904],[80.42324,7.56891],[80.424,7.56912],[80.42415,7.56908],[80.42429,7.56893],[80.42434,7.56868],[80.42435,7.56801],[80.42444,7.56759],[80.42463,7.56727],[80.42514,7.56671],[80.42533,7.56639],[80.4257,7.5653],[80.42582,7.56452],[80.42573,7.56364],[80.4255,7.56311],[80.42536,7.56295],[80.42514,7.5628],[80.42465,7.56266],[80.42441,7.56267],[80.41846,7.56473],[80.41584,7.56542],[80.41548,7.56558],[80.41517,7.56578],[80.41476,7.56615],[80.41449,7.56658],[80.4141,7.56741],[80.41314,7.56998],[80.41254,7.57144],[80.41162,7.57406],[80.41105,7.57521],[80.41049,7.57652],[80.41006,7.57728],[80.40946,7.5777],[80.40848,7.57795],[80.40726,7.57814],[80.40604,7.57824],[80.40418,7.57831],[80.40308,7.57847],[80.40213,7.57886],[80.40146,7.57935],[80.40087,7.58008],[80.4002,7.58149],[80.40001,7.58214],[80.39992,7.58267]]]}},{"type":"Feature","properties":{"c":"forest"},"geometry":{"type":"Polygon","coordinates":[[[80.47302,7.65995],[80.47317,7.66109],[80.47303,7.66181],[80.47301,7.6621],[80.47326,7.66246],[80.47356,7.66262],[80.47384,7.66295],[80.47391,7.66323],[80.47393,7.6638],[80.47424,7.66449],[80.47427,7.66507],[80.47433,7.66521],[80.47453,7.66542],[80.47483,7.66545],[80.47495,7.66537],[80.47538,7.6646],[80.47616,7.6637],[80.47628,7.66343],[80.47638,7.66284],[80.47647,7.66256],[80.47675,7.66204],[80.47733,7.6616],[80.4781,7.66084],[80.47852,7.66004],[80.47894,7.65992],[80.47906,7.65983],[80.47911,7.65968],[80.4791,7.65954],[80.47903,7.65941],[80.47881,7.65923],[80.47875,7.6591],[80.47875,7.65848],[80.47858,7.65777],[80.47863,7.65694],[80.47896,7.65625],[80.47903,7.65581],[80.47895,7.65554],[80.47861,7.65509],[80.47849,7.65482],[80.47852,7.6547],[80.47866,7.65463],[80.47895,7.65456],[80.47906,7.65447],[80.47912,7.65434],[80.47903,7.65407],[80.47865,7.65364],[80.47851,7.65335],[80.47839,7.65277],[80.47839,7.65203],[80.47831,7.65141],[80.47788,7.65083],[80.47769,7.65043],[80.47763,7.65014],[80.47761,7.64917],[80.47751,7.64874],[80.47736,7.64849],[80.47702,7.64821],[80.47674,7.64824],[80.47644,7.64873],[80.47632,7.64915],[80.47628,7.64974],[80.47591,7.65053],[80.47582,7.65111],[80.47569,7.65136],[80.47534,7.65181],[80.47529,7.65195],[80.47531,7.65224],[80.47549,7.65279],[80.47547,7.65294],[80.47496,7.65383],[80.47492,7.65396],[80.4749,7.65455],[80.47433,7.65542],[80.4742,7.65569],[80.47427,7.65611],[80.47448,7.65646],[80.47449,7.65674],[80.47437,7.65701],[80.4741,7.65734],[80.474,7.65805],[80.47362,7.65899],[80.47367,7.6597],[80.47362,7.65983],[80.47349,7.65989],[80.47323,7.65979],[80.47309,7.65982],[80.47302,7.65995]]]}},{"type":"Feature","properties":{"c":"orchard","n":"Coconut"},"geometry":{"type":"Polygon","coordinates":[[[80.4659,7.66655],[80.46592,7.66685],[80.46599,7.66698],[80.4661,7.66707],[80.46639,7.66702],[80.4665,7.66692],[80.4667,7.66652],[80.46706,7.66627],[80.46718,7.66598],[80.46713,7.66482],[80.46733,7.66442],[80.46734,7.66427],[80.46728,7.66398],[80.46693,7.66351],[80.46689,7.6634],[80.46721,7.66235],[80.46726,7.66175],[80.4672,7.66144],[80.46714,7.66131],[80.46702,7.66122],[80.46658,7.66119],[80.46629,7.66127],[80.46615,7.66152],[80.46616,7.6621],[80.46602,7.66251],[80.46632,7.66375],[80.46609,7.66459],[80.4662,7.66526],[80.46618,7.6657],[80.46596,7.66626],[80.4659,7.66655]]]}},{"type":"Feature","properties":{"c":"orchard","n":"Coconut"},"geometry":{"type":"Polygon","coordinates":[[[80.46905,7.67188],[80.46903,7.6726],[80.46913,7.67287],[80.46934,7.67308],[80.46948,7.67311],[80.46978,7.67312],[80.46992,7.67307],[80.47,7.67294],[80.47007,7.67266],[80.47007,7.67207],[80.47031,7.67136],[80.47028,7.67063],[80.47019,7.67021],[80.46989,7.6697],[80.4696,7.66967],[80.46939,7.66987],[80.46922,7.67026],[80.46918,7.67145],[80.46905,7.67188]]]}},{"type":"Feature","properties":{"c":"forest"},"geometry":{"type":"Polygon","coordinates":[[[80.46297,7.7026],[80.46305,7.70287],[80.46333,7.70321],[80.46346,7.70346],[80.46328,7.70398],[80.46327,7.70456],[80.46342,7.70496],[80.46374,7.70538],[80.46387,7.70543],[80.46566,7.70519],[80.46608,7.70492],[80.4666,7.70432],[80.46718,7.70342],[80.46733,7.70244],[80.46754,7.70189],[80.46762,7.7012],[80.46802,7.70027],[80.46822,7.69938],[80.46828,7.69881],[80.46837,7.69855],[80.46848,7.69845],[80.46876,7.6985],[80.46904,7.69847],[80.46917,7.6984],[80.46922,7.69827],[80.46922,7.69812],[80.46915,7.69799],[80.46894,7.69773],[80.46882,7.69765],[80.46868,7.69739],[80.4687,7.6971],[80.46889,7.69639],[80.46888,7.69614],[80.46904,7.69591],[80.46905,7.69563],[80.46847,7.69467],[80.46842,7.69437],[80.46848,7.69394],[80.46885,7.69266],[80.46886,7.69237],[80.46908,7.69184],[80.46946,7.69123],[80.46964,7.69056],[80.46956,7.69013],[80.46937,7.68973],[80.46929,7.68944],[80.46927,7.68899],[80.46938,7.68799],[80.46913,7.68684],[80.46918,7.68584],[80.46939,7.68529],[80.46937,7.68445],[80.46916,7.68358],[80.46913,7.683],[80.46904,7.68264],[80.4689,7.68237],[80.46878,7.68178],[80.46886,7.68055],[80.46903,7.67934],[80.46912,7.67905],[80.4691,7.67875],[80.46886,7.67804],[80.46884,7.67732],[80.46895,7.67653],[80.46903,7.6754],[80.46924,7.67486],[80.46948,7.67451],[80.46961,7.67443],[80.47005,7.67451],[80.47027,7.67472],[80.47033,7.67486],[80.47034,7.67533],[80.47006,7.67672],[80.47002,7.67714],[80.47009,7.67727],[80.47023,7.67728],[80.47036,7.67719],[80.47143,7.67591],[80.47167,7.67555],[80.47181,7.67521],[80.47183,7.67491],[80.472,7.67451],[80.4721,7.67392],[80.47231,7.67337],[80.47251,7.67261],[80.47318,7.67184],[80.47327,7.67142],[80.47323,7.67113],[80.47298,7.67073],[80.47288,7.67045],[80.47303,7.66958],[80.47306,7.66915],[80.47302,7.66885],[80.47293,7.66857],[80.47258,7.66812],[80.47237,7.66773],[80.47233,7.66758],[80.47233,7.66685],[80.47226,7.66667],[80.47192,7.66619],[80.47185,7.66591],[80.47195,7.66471],[80.47191,7.66367],[80.47162,7.66251],[80.47167,7.66177],[80.47181,7.66122],[80.47184,7.65996],[80.47197,7.6594],[80.47194,7.65878],[80.47153,7.65816],[80.47114,7.65739],[80.47069,7.65695],[80.47055,7.6569],[80.4704,7.65693],[80.47003,7.65718],[80.46974,7.65726],[80.46934,7.65727],[80.46905,7.65718],[80.46876,7.65722],[80.46855,7.65743],[80.46842,7.65769],[80.46839,7.65785],[80.4685,7.65812],[80.46851,7.65827],[80.4685,7.65842],[80.46837,7.65869],[80.46825,7.65878],[80.46753,7.65892],[80.46703,7.65943],[80.46691,7.65969],[80.46677,7.66027],[80.46667,7.66038],[80.46637,7.66044],[80.46624,7.66036],[80.46618,7.65992],[80.46639,7.6588],[80.46651,7.65854],[80.46662,7.65797],[80.46705,7.65681],[80.46703,7.65666],[80.46689,7.6564],[80.46681,7.65611],[80.46682,7.65552],[80.46706,7.65477],[80.46719,7.6542],[80.46733,7.65395],[80.46753,7.65374],[80.46784,7.6535],[80.46777,7.65297],[80.46768,7.65072],[80.46796,7.64967],[80.46765,7.64984],[80.46709,7.65028],[80.46671,7.65114],[80.46629,7.65189],[80.46624,7.65263],[80.4661,7.65313],[80.46562,7.65386],[80.4655,7.65422],[80.46544,7.65472],[80.46551,7.65569],[80.46549,7.65612],[80.46532,7.65635],[80.46449,7.6566],[80.46439,7.65671],[80.46427,7.65698],[80.46438,7.65742],[80.46431,7.65783],[80.46424,7.65796],[80.4639,7.65825],[80.46382,7.65853],[80.46382,7.65866],[80.46398,7.65909],[80.46443,7.65968],[80.46455,7.65995],[80.46455,7.66039],[80.46438,7.6609],[80.46438,7.66191],[80.4643,7.66236],[80.46433,7.66398],[80.4644,7.66443],[80.4647,7.66527],[80.4648,7.66617],[80.46478,7.66631],[80.46442,7.66714],[80.46446,7.66756],[80.46477,7.66821],[80.46472,7.66878],[80.46445,7.66947],[80.46447,7.6701],[80.46459,7.67037],[80.46484,7.6705],[80.46514,7.67051],[80.46526,7.67079],[80.46537,7.67087],[80.46552,7.67085],[80.46556,7.67071],[80.46552,7.66897],[80.46563,7.66837],[80.46575,7.66809],[80.46596,7.66785],[80.46608,7.66776],[80.46639,7.66777],[80.4665,7.66786],[80.46652,7.66829],[80.46663,7.66879],[80.46664,7.66967],[80.46672,7.67011],[80.46691,7.67066],[80.46692,7.67175],[80.46676,7.67232],[80.46654,7.67251],[80.46596,7.67247],[80.46556,7.6723],[80.46532,7.67212],[80.46504,7.67203],[80.4649,7.67205],[80.46477,7.67212],[80.46469,7.67224],[80.46458,7.67249],[80.46452,7.6728],[80.46452,7.6731],[80.46473,7.67417],[80.46469,7.67445],[80.46451,7.67486],[80.46449,7.67501],[80.46457,7.67543],[80.46457,7.67573],[80.46405,7.67835],[80.46403,7.67939],[80.46415,7.67994],[80.46459,7.68114],[80.46459,7.68128],[80.4645,7.6817],[80.46443,7.68244],[80.46402,7.68323],[80.46404,7.68352],[80.46415,7.68381],[80.46415,7.68402],[80.46392,7.68455],[80.46392,7.6847],[80.46396,7.68483],[80.46418,7.68504],[80.4643,7.68527],[80.46458,7.68627],[80.46463,7.6867],[80.46446,7.68709],[80.46412,7.68736],[80.46396,7.68759],[80.46397,7.68785],[80.46409,7.68812],[80.46417,7.6887],[80.46395,7.68984],[80.46406,7.69071],[80.46409,7.69236],[80.46416,7.69322],[80.46437,7.69407],[80.46446,7.69542],[80.46472,7.69717],[80.46476,7.69894],[80.46468,7.7003],[80.46459,7.70057],[80.46438,7.70075],[80.46397,7.7009],[80.46387,7.701],[80.46366,7.70139],[80.46337,7.70141],[80.46324,7.70148],[80.46324,7.70194],[80.46299,7.70245],[80.46297,7.7026]],[[80.4659,7.66655],[80.46596,7.66626],[80.46618,7.6657],[80.4662,7.66526],[80.46609,7.66459],[80.46632,7.66375],[80.46602,7.66251],[80.46616,7.6621],[80.46615,7.66152],[80.46629,7.66127],[80.46658,7.66119],[80.46702,7.66122],[80.46714,7.66131],[80.4672,7.66144],[80.46726,7.66175],[80.46721,7.66235],[80.46689,7.6634],[80.46693,7.66351],[80.46728,7.66398],[80.46734,7.66427],[80.46733,7.66442],[80.46713,7.66482],[80.46718,7.66598],[80.46706,7.66627],[80.4667,7.66652],[80.4665,7.66692],[80.46639,7.66702],[80.4661,7.66707],[80.46599,7.66698],[80.46592,7.66685],[80.4659,7.66655]],[[80.46838,7.66741],[80.46839,7.66712],[80.46856,7.66654],[80.46845,7.66604],[80.46845,7.6656],[80.46877,7.66466],[80.4688,7.66422],[80.46887,7.66408],[80.4691,7.66388],[80.46918,7.66375],[80.46921,7.66344],[80.46911,7.66301],[80.46912,7.66285],[80.46918,7.66271],[80.46932,7.66266],[80.46946,7.66269],[80.46957,7.66279],[80.46966,7.66306],[80.46948,7.66377],[80.46957,7.665],[80.46952,7.66528],[80.46927,7.666],[80.46925,7.6663],[80.46931,7.66644],[80.46988,7.66713],[80.46987,7.66756],[80.46964,7.66793],[80.46935,7.66786],[80.46913,7.66766],[80.46856,7.66761],[80.46843,7.66754],[80.46838,7.66741]],[[80.46903,7.6726],[80.46905,7.67188],[80.46918,7.67145],[80.46922,7.67026],[80.46939,7.66987],[80.4696,7.66967],[80.46989,7.6697],[80.47019,7.67021],[80.47028,7.67063],[80.47031,7.67136],[80.47007,7.67207],[80.47007,7.67266],[80.47,7.67294],[80.46992,7.67307],[80.46978,7.67312],[80.46948,7.67311],[80.46934,7.67308],[80.46913,7.67287],[80.46903,7.6726]],[[80.47007,7.66934],[80.47016,7.66905],[80.47055,7.66834],[80.47062,7.66803],[80.47069,7.66698],[80.47091,7.6666],[80.47102,7.6665],[80.47117,7.66646],[80.47131,7.66652],[80.47176,7.66693],[80.47192,7.66718],[80.47198,7.66747],[80.47193,7.66774],[80.47183,7.66785],[80.47169,7.66789],[80.47111,7.66787],[80.471,7.66796],[80.47097,7.66811],[80.47101,7.66839],[80.47115,7.66844],[80.47153,7.66821],[80.47168,7.66821],[80.47182,7.66826],[80.47196,7.66852],[80.47195,7.66866],[80.47162,7.66894],[80.47152,7.66921],[80.47152,7.66937],[80.47169,7.66979],[80.47173,7.67007],[80.47165,7.6704],[80.4715,7.67065],[80.4715,7.6708],[80.47191,7.67144],[80.47193,7.67173],[80.47183,7.67201],[80.47161,7.6722],[80.47106,7.67234],[80.47077,7.67233],[80.47035,7.67218],[80.47027,7.67206],[80.47032,7.67178],[80.4705,7.67138],[80.4705,7.67109],[80.47044,7.6708],[80.47008,7.66978],[80.47007,7.66934]]]}},{"type":"Feature","properties":{"c":"forest","n":"Dodamgaslanda Kirindigolla Reserved Forest"},"geometry":{"type":"Polygon","coordinates":[[[80.46735,7.55675],[80.46755,7.55731],[80.46776,7.55752],[80.46794,7.55758],[80.46861,7.55748],[80.46881,7.5575],[80.46888,7.55757],[80.46851,7.55972],[80.46865,7.56051],[80.4688,7.56072],[80.46898,7.56082],[80.46955,7.56089],[80.4701,7.56113],[80.47091,7.56159],[80.47128,7.56183],[80.47145,7.562],[80.47163,7.56246],[80.47167,7.56267],[80.47165,7.56281],[80.47121,7.56342],[80.47127,7.56359],[80.47159,7.56372],[80.47184,7.56389],[80.4724,7.56445],[80.47253,7.56473],[80.47236,7.56574],[80.47215,7.5666],[80.47191,7.56724],[80.47166,7.5674],[80.47148,7.56741],[80.47021,7.56716],[80.4701,7.56723],[80.47005,7.56738],[80.46979,7.56973],[80.46955,7.57321],[80.46946,7.57338],[80.46911,7.57339],[80.469,7.57345],[80.46897,7.57355],[80.46908,7.57381],[80.46916,7.57388],[80.46926,7.5739],[80.47034,7.57369],[80.47048,7.57371],[80.47069,7.57387],[80.47082,7.57389],[80.4711,7.57375],[80.47144,7.57306],[80.47146,7.5729],[80.47132,7.57231],[80.47137,7.57219],[80.47218,7.57144],[80.47261,7.57091],[80.47269,7.57051],[80.47265,7.5699],[80.47277,7.56944],[80.47305,7.56893],[80.47364,7.56805],[80.47398,7.56733],[80.47415,7.56682],[80.47418,7.56651],[80.47415,7.56624],[80.47407,7.56603],[80.47355,7.56537],[80.47329,7.56483],[80.47329,7.56436],[80.47345,7.56382],[80.47352,7.56323],[80.47349,7.56232],[80.47339,7.56202],[80.4728,7.56126],[80.47256,7.56082],[80.4722,7.55857],[80.47204,7.55815],[80.47194,7.55766],[80.47196,7.55754],[80.47203,7.55746],[80.47241,7.55738],[80.47301,7.55707],[80.47319,7.55705],[80.47362,7.55721],[80.47379,7.55718],[80.47389,7.55708],[80.47393,7.5569],[80.47394,7.5552],[80.47416,7.55377],[80.47432,7.55301],[80.47443,7.55199],[80.47442,7.5515],[80.47437,7.55112],[80.47406,7.55021],[80.47402,7.54993],[80.47401,7.5493],[80.47418,7.54852],[80.47444,7.54771],[80.47456,7.54744],[80.47465,7.54736],[80.47496,7.54735],[80.47608,7.54791],[80.47625,7.54792],[80.4764,7.54785],[80.47653,7.54772],[80.47664,7.54751],[80.47664,7.54734],[80.47629,7.54681],[80.47617,7.54642],[80.47612,7.54565],[80.47618,7.54555],[80.47694,7.54513],[80.47719,7.54493],[80.47732,7.54471],[80.47772,7.54374],[80.47821,7.54331],[80.47828,7.54311],[80.47824,7.54292],[80.47791,7.54208],[80.47769,7.54092],[80.47757,7.54084],[80.47717,7.54084],[80.477,7.54094],[80.47661,7.54157],[80.47632,7.54173],[80.47612,7.54174],[80.4759,7.54182],[80.4757,7.54229],[80.47556,7.5424],[80.47524,7.54233],[80.47462,7.54196],[80.47413,7.54185],[80.4736,7.54199],[80.47285,7.54231],[80.47267,7.54232],[80.47163,7.54218],[80.47138,7.54219],[80.4711,7.54236],[80.47062,7.5435],[80.47018,7.54424],[80.47011,7.54443],[80.46996,7.54573],[80.47005,7.54644],[80.46989,7.54694],[80.46983,7.54774],[80.46947,7.54833],[80.46955,7.5495],[80.46918,7.55029],[80.4688,7.5514],[80.46863,7.55225],[80.46861,7.55262],[80.46867,7.55318],[80.46887,7.55366],[80.46901,7.55383],[80.46959,7.55412],[80.46985,7.55454],[80.47001,7.55464],[80.47021,7.55465],[80.47063,7.55454],[80.47091,7.55458],[80.47099,7.55468],[80.47104,7.55487],[80.47102,7.55511],[80.47093,7.55531],[80.47076,7.55548],[80.47035,7.5557],[80.47005,7.55603],[80.46963,7.55596],[80.46916,7.55607],[80.46735,7.55675]]]}},{"type":"Feature","properties":{"c":"forest"},"geometry":{"type":"Polygon","coordinates":[[[80.47938,7.575],[80.4794,7.57534],[80.47947,7.5755],[80.47963,7.57567],[80.48006,7.57586],[80.48038,7.57586],[80.48053,7.5758],[80.48067,7.57571],[80.48086,7.57545],[80.48133,7.57468],[80.48169,7.57434],[80.48199,7.57397],[80.48261,7.57263],[80.48286,7.57218],[80.483,7.57147],[80.48324,7.57091],[80.48339,7.57038],[80.48356,7.5685],[80.48354,7.56834],[80.48336,7.56807],[80.48316,7.56794],[80.48284,7.56788],[80.48195,7.56809],[80.4816,7.56833],[80.48138,7.56862],[80.48059,7.57023],[80.48054,7.57043],[80.48054,7.57108],[80.4806,7.57154],[80.48058,7.57211],[80.48018,7.57375],[80.47947,7.57476],[80.47938,7.575]]]}},{"type":"Feature","properties":{"c":"farmland"},"geometry":{"type":"Polygon","coordinates":[[[80.4515,7.66064],[80.45179,7.66103],[80.45211,7.66081],[80.45217,7.66092],[80.45271,7.66087],[80.4528,7.66081],[80.45275,7.66096],[80.45285,7.6611],[80.45275,7.66135],[80.45268,7.66209],[80.45277,7.66212],[80.45295,7.66263],[80.45299,7.66264],[80.45306,7.66219],[80.45316,7.66202],[80.45345,7.66189],[80.45357,7.66199],[80.45349,7.66208],[80.45324,7.66217],[80.4533,7.66242],[80.45326,7.66252],[80.45306,7.66249],[80.4531,7.66291],[80.45294,7.66284],[80.4525,7.6629],[80.45254,7.66301],[80.45268,7.66306],[80.45263,7.66316],[80.45265,7.66323],[80.4529,7.66362],[80.45303,7.66362],[80.45312,7.66354],[80.45337,7.66373],[80.4534,7.66402],[80.45298,7.66392],[80.45282,7.66416],[80.45258,7.66422],[80.45257,7.66432],[80.45297,7.66427],[80.45373,7.66433],[80.45338,7.66409],[80.45344,7.66399],[80.45377,7.66425],[80.45446,7.66491],[80.45451,7.66483],[80.45439,7.66452],[80.45476,7.66419],[80.45468,7.66413],[80.45452,7.66413],[80.45443,7.66417],[80.45442,7.66432],[80.45417,7.66442],[80.45409,7.66438],[80.45405,7.66421],[80.45355,7.66384],[80.45363,7.66376],[80.45405,7.66407],[80.45434,7.66394],[80.45442,7.66384],[80.4549,7.66373],[80.45484,7.66358],[80.45443,7.66345],[80.45429,7.66303],[80.45414,7.6629],[80.45414,7.66281],[80.45428,7.6627],[80.4546,7.66268],[80.45468,7.66297],[80.4548,7.66311],[80.45475,7.66316],[80.45479,7.6633],[80.45495,7.66342],[80.45493,7.66352],[80.45504,7.66367],[80.45512,7.6639],[80.45493,7.66421],[80.45517,7.66435],[80.45584,7.6644],[80.45578,7.6645],[80.45564,7.66451],[80.45571,7.66462],[80.45531,7.66478],[80.45547,7.6648],[80.45549,7.6649],[80.45536,7.66493],[80.45541,7.66498],[80.45536,7.66512],[80.45554,7.66515],[80.4555,7.66528],[80.456,7.66561],[80.45591,7.66571],[80.45576,7.66564],[80.45564,7.66587],[80.45555,7.66583],[80.45549,7.6659],[80.45532,7.66579],[80.45518,7.66598],[80.45521,7.66606],[80.45513,7.666],[80.45505,7.66602],[80.45497,7.66581],[80.45477,7.66585],[80.45466,7.66596],[80.45457,7.66595],[80.45438,7.66578],[80.45461,7.66542],[80.45461,7.66521],[80.45459,7.66514],[80.45452,7.66511],[80.45442,7.66545],[80.45429,7.66553],[80.45419,7.66552],[80.45408,7.66557],[80.45391,7.66579],[80.45363,7.66593],[80.45353,7.66605],[80.45344,7.66605],[80.45338,7.66616],[80.4533,7.66636],[80.45336,7.66642],[80.4532,7.66662],[80.45313,7.6669],[80.45306,7.66761],[80.4532,7.66785],[80.45352,7.66817],[80.45386,7.66905],[80.45405,7.66926],[80.45411,7.66953],[80.45428,7.66968],[80.45451,7.66974],[80.45462,7.66967],[80.45463,7.66958],[80.45477,7.6694],[80.4548,7.66909],[80.45475,7.66895],[80.45461,7.6688],[80.45405,7.66843],[80.45363,7.66772],[80.45352,7.66738],[80.45375,7.66688],[80.45391,7.66695],[80.45386,7.66708],[80.45395,7.66712],[80.45388,7.66736],[80.45408,7.6674],[80.45407,7.66751],[80.45418,7.66764],[80.45429,7.6677],[80.45437,7.66784],[80.45448,7.66788],[80.45459,7.66808],[80.45463,7.6681],[80.45475,7.66794],[80.45489,7.66806],[80.45474,7.66826],[80.45482,7.66834],[80.45515,7.66841],[80.4554,7.66856],[80.45511,7.66866],[80.45522,7.66912],[80.45528,7.66917],[80.45496,7.66947],[80.45503,7.66964],[80.45533,7.66973],[80.45546,7.66995],[80.45571,7.67013],[80.45582,7.67049],[80.45598,7.67052],[80.45592,7.67095],[80.45595,7.67118],[80.456,7.67128],[80.45609,7.67132],[80.45627,7.6713],[80.45648,7.6708],[80.45645,7.67071],[80.45611,7.67045],[80.45598,7.67017],[80.45597,7.66998],[80.4558,7.66965],[80.45594,7.66959],[80.45595,7.66942],[80.45564,7.6688],[80.45558,7.66861],[80.45559,7.66818],[80.45553,7.66801],[80.45587,7.66756],[80.45636,7.6672],[80.45655,7.66665],[80.45664,7.66647],[80.4568,7.66632],[80.45708,7.66649],[80.4572,7.66629],[80.45743,7.66636],[80.45756,7.6663],[80.4577,7.66631],[80.45783,7.66617],[80.45826,7.66618],[80.45858,7.66555],[80.45844,7.66543],[80.45845,7.66535],[80.45921,7.66383],[80.45931,7.66379],[80.45993,7.66433],[80.4601,7.66442],[80.4603,7.66445],[80.46043,7.66433],[80.46048,7.66417],[80.46035,7.66309],[80.46008,7.66314],[80.45986,7.66307],[80.4596,7.66254],[80.45951,7.66203],[80.45896,7.66103],[80.45879,7.66105],[80.45873,7.66083],[80.45889,7.66075],[80.45887,7.66054],[80.45896,7.66012],[80.45911,7.6596],[80.45929,7.65919],[80.45913,7.65899],[80.45877,7.65869],[80.45859,7.65843],[80.45842,7.65803],[80.45833,7.6575],[80.45984,7.65573],[80.45967,7.65549],[80.45983,7.6552],[80.46022,7.65536],[80.46016,7.6546],[80.4602,7.65338],[80.46001,7.65328],[80.46001,7.65319],[80.4601,7.65319],[80.46015,7.65312],[80.46007,7.65304],[80.45998,7.65303],[80.46005,7.65288],[80.45996,7.65288],[80.45996,7.65277],[80.46009,7.65276],[80.46016,7.65261],[80.46025,7.65265],[80.46032,7.65261],[80.46028,7.65247],[80.45999,7.65233],[80.45983,7.65215],[80.46004,7.65191],[80.45989,7.65184],[80.45962,7.65184],[80.45884,7.65203],[80.45856,7.65204],[80.45834,7.65211],[80.45829,7.6522],[80.45776,7.65227],[80.45768,7.65232],[80.45769,7.65257],[80.45786,7.65329],[80.45755,7.65355],[80.45778,7.65372],[80.4579,7.65387],[80.45823,7.65453],[80.4583,7.65504],[80.45817,7.65574],[80.45806,7.65572],[80.45786,7.65582],[80.45757,7.65578],[80.45753,7.65593],[80.45749,7.65626],[80.45752,7.6565],[80.4576,7.65674],[80.45776,7.65686],[80.45779,7.65714],[80.45768,7.65751],[80.45742,7.65761],[80.45702,7.6575],[80.45656,7.65679],[80.45644,7.65674],[80.45601,7.65747],[80.45577,7.65766],[80.45545,7.65845],[80.45507,7.65873],[80.45489,7.65839],[80.45481,7.65833],[80.45479,7.65812],[80.45472,7.65804],[80.45435,7.65791],[80.45425,7.65751],[80.4542,7.65748],[80.45416,7.65755],[80.45399,7.6575],[80.45395,7.65781],[80.45387,7.65779],[80.45379,7.65799],[80.45424,7.65806],[80.4542,7.65817],[80.45433,7.65821],[80.45431,7.65839],[80.45442,7.65842],[80.45433,7.65879],[80.45434,7.65898],[80.45451,7.65904],[80.45458,7.65917],[80.45444,7.6592],[80.45437,7.65913],[80.45437,7.65924],[80.45422,7.65928],[80.45412,7.65943],[80.45376,7.65967],[80.4537,7.65984],[80.45353,7.65989],[80.45346,7.6601],[80.45308,7.66005],[80.45303,7.65999],[80.45292,7.66002],[80.4515,7.66064]]]}},{"type":"Feature","properties":{"c":"farmland"},"geometry":{"type":"Polygon","coordinates":[[[80.4546,7.68702],[80.45461,7.68726],[80.4549,7.68762],[80.45487,7.6877],[80.45471,7.68781],[80.45485,7.68802],[80.4546,7.68812],[80.45465,7.68823],[80.45494,7.68814],[80.45524,7.68794],[80.45578,7.68835],[80.45551,7.68859],[80.45572,7.6887],[80.45569,7.68875],[80.45584,7.68883],[80.4559,7.68881],[80.45608,7.68902],[80.45613,7.68914],[80.45606,7.68951],[80.45609,7.68956],[80.45631,7.68958],[80.45628,7.68975],[80.45634,7.68987],[80.45647,7.68991],[80.45656,7.68982],[80.45664,7.68957],[80.45659,7.68954],[80.45653,7.68934],[80.45647,7.68892],[80.45737,7.68936],[80.45752,7.68911],[80.45795,7.68866],[80.45795,7.68797],[80.45771,7.68686],[80.45767,7.68627],[80.45789,7.68552],[80.45804,7.68451],[80.45794,7.68449],[80.45795,7.68439],[80.45786,7.68431],[80.45785,7.68418],[80.45788,7.6841],[80.45798,7.68407],[80.45823,7.68408],[80.4583,7.68409],[80.45826,7.6842],[80.45892,7.6843],[80.45893,7.68419],[80.45877,7.68418],[80.45877,7.68352],[80.45896,7.68354],[80.45915,7.68218],[80.45954,7.6822],[80.45956,7.68199],[80.45916,7.68194],[80.45914,7.68104],[80.45928,7.68089],[80.45931,7.68072],[80.45934,7.68022],[80.4593,7.67994],[80.45934,7.67965],[80.45909,7.67962],[80.459,7.67941],[80.45905,7.67901],[80.45926,7.67902],[80.45933,7.6788],[80.45933,7.6785],[80.45941,7.67823],[80.45962,7.67821],[80.45964,7.67786],[80.45986,7.67784],[80.45988,7.67751],[80.45946,7.67748],[80.45948,7.67715],[80.4594,7.67714],[80.45938,7.67696],[80.45939,7.67682],[80.45948,7.67665],[80.45944,7.67665],[80.45943,7.67628],[80.45933,7.67625],[80.45937,7.67606],[80.45933,7.676],[80.45913,7.67595],[80.45914,7.67565],[80.45926,7.67565],[80.45928,7.67542],[80.45919,7.675],[80.45986,7.67495],[80.46027,7.67503],[80.46064,7.67534],[80.46068,7.67541],[80.46064,7.67546],[80.46067,7.67562],[80.4608,7.67563],[80.46082,7.67573],[80.46048,7.67584],[80.46048,7.67591],[80.46078,7.67585],[80.46072,7.67608],[80.46053,7.67617],[80.46051,7.67622],[80.46053,7.67657],[80.4606,7.67673],[80.4605,7.67722],[80.46051,7.6776],[80.46055,7.67771],[80.46066,7.67768],[80.46076,7.67822],[80.46085,7.67822],[80.46087,7.67847],[80.461,7.67845],[80.46114,7.67854],[80.46111,7.67889],[80.46099,7.67892],[80.461,7.67913],[80.46104,7.67947],[80.46112,7.6795],[80.46111,7.6798],[80.46122,7.68007],[80.46185,7.68003],[80.46183,7.67946],[80.46194,7.67914],[80.46177,7.679],[80.46177,7.67873],[80.46193,7.67842],[80.462,7.67786],[80.4623,7.67774],[80.46253,7.67676],[80.46309,7.67673],[80.46331,7.67636],[80.46326,7.67626],[80.46329,7.67614],[80.46341,7.67615],[80.46342,7.67623],[80.46367,7.67609],[80.4641,7.67574],[80.46415,7.6756],[80.46417,7.67534],[80.46406,7.67374],[80.46378,7.67377],[80.46368,7.67405],[80.46355,7.67409],[80.46305,7.67396],[80.46291,7.67399],[80.46286,7.67369],[80.46313,7.67368],[80.46335,7.67352],[80.46409,7.67335],[80.46438,7.67246],[80.46452,7.67185],[80.46422,7.67176],[80.46409,7.67183],[80.46407,7.67173],[80.46379,7.67174],[80.46372,7.67176],[80.46368,7.67183],[80.46362,7.67181],[80.46338,7.67194],[80.46349,7.67176],[80.46345,7.67156],[80.46359,7.67132],[80.46397,7.67123],[80.46395,7.67111],[80.4643,7.67108],[80.46421,7.67096],[80.46388,7.67076],[80.46378,7.67029],[80.46353,7.67033],[80.46347,7.67012],[80.46338,7.67009],[80.46334,7.6698],[80.46372,7.66978],[80.46381,7.66873],[80.464,7.66817],[80.46379,7.66732],[80.46376,7.66177],[80.46374,7.66164],[80.46366,7.66162],[80.46364,7.66134],[80.46365,7.66121],[80.46377,7.661],[80.46372,7.6608],[80.46358,7.66053],[80.4635,7.66045],[80.46288,7.66018],[80.46267,7.65997],[80.46244,7.65952],[80.46229,7.65899],[80.46222,7.65817],[80.46224,7.65804],[80.46246,7.65806],[80.46258,7.65769],[80.46261,7.65724],[80.46247,7.65724],[80.46238,7.65731],[80.46227,7.65731],[80.46209,7.65708],[80.46206,7.65694],[80.46251,7.65689],[80.46253,7.65674],[80.46239,7.65673],[80.46243,7.65639],[80.46274,7.65642],[80.46279,7.6561],[80.463,7.65553],[80.46263,7.65525],[80.46275,7.65479],[80.46283,7.65476],[80.46282,7.65467],[80.4627,7.65458],[80.46268,7.65448],[80.46278,7.65428],[80.463,7.65417],[80.46298,7.65387],[80.46303,7.65366],[80.46425,7.65251],[80.46408,7.6525],[80.46357,7.65266],[80.46326,7.65253],[80.46318,7.65243],[80.46318,7.65218],[80.46332,7.65196],[80.46343,7.6514],[80.46357,7.65136],[80.46364,7.65128],[80.4637,7.65131],[80.46383,7.65122],[80.46389,7.65109],[80.46385,7.65089],[80.46397,7.65077],[80.46384,7.65065],[80.46341,7.65084],[80.46316,7.65089],[80.4626,7.65113],[80.4622,7.65124],[80.46204,7.65122],[80.46132,7.65129],[80.46058,7.65175],[80.4604,7.65182],[80.46053,7.6522],[80.46067,7.65238],[80.46069,7.65257],[80.46079,7.65276],[80.46075,7.65295],[80.46049,7.65308],[80.46043,7.65327],[80.46036,7.65332],[80.46021,7.65334],[80.4602,7.65338],[80.46016,7.6546],[80.46022,7.65544],[80.46059,7.65547],[80.46064,7.65556],[80.46075,7.65563],[80.46081,7.65584],[80.46089,7.65584],[80.46094,7.65601],[80.46095,7.65655],[80.46081,7.6566],[80.46163,7.65838],[80.46159,7.65897],[80.46145,7.65958],[80.46085,7.66136],[80.46042,7.6629],[80.46053,7.6639],[80.46051,7.66438],[80.46028,7.66453],[80.46001,7.66446],[80.45946,7.66396],[80.45928,7.66387],[80.45852,7.66538],[80.45853,7.66547],[80.4586,7.66554],[80.45853,7.66572],[80.4579,7.66694],[80.45795,7.66722],[80.45781,7.66745],[80.4578,7.66801],[80.45772,7.66827],[80.45759,7.66838],[80.45683,7.66828],[80.45679,7.66839],[80.45689,7.66844],[80.45697,7.66879],[80.45692,7.6689],[80.45653,7.66882],[80.4565,7.66886],[80.45641,7.66926],[80.45654,7.66937],[80.45676,7.66942],[80.45671,7.66951],[80.45641,7.66952],[80.45619,7.66972],[80.45643,7.67047],[80.45662,7.67082],[80.45649,7.67081],[80.45623,7.67152],[80.45611,7.67148],[80.45566,7.67162],[80.45557,7.67158],[80.45548,7.67128],[80.45519,7.67141],[80.45517,7.67104],[80.45494,7.67107],[80.45497,7.67122],[80.45505,7.67122],[80.45507,7.67137],[80.45481,7.67194],[80.45494,7.67204],[80.45503,7.67196],[80.4552,7.67198],[80.45528,7.67207],[80.45512,7.67218],[80.45534,7.67242],[80.45554,7.67281],[80.45562,7.67277],[80.45566,7.67317],[80.45582,7.67318],[80.45597,7.67296],[80.45616,7.67362],[80.45636,7.67381],[80.4564,7.67405],[80.45547,7.67427],[80.45536,7.67423],[80.4553,7.67432],[80.45514,7.67441],[80.45488,7.67442],[80.45489,7.6746],[80.4558,7.67558],[80.45626,7.67646],[80.45691,7.67711],[80.45708,7.67737],[80.45718,7.6774],[80.45734,7.67771],[80.45808,7.67724],[80.4582,7.67721],[80.45834,7.67752],[80.45805,7.67775],[80.45751,7.67802],[80.45752,7.67815],[80.45765,7.6784],[80.45781,7.67847],[80.45802,7.67849],[80.45802,7.67833],[80.45817,7.67836],[80.45831,7.67858],[80.45826,7.67867],[80.45828,7.67877],[80.45835,7.67884],[80.45839,7.679],[80.45819,7.67902],[80.45813,7.67912],[80.45813,7.6793],[80.45801,7.67936],[80.45825,7.6799],[80.45802,7.67989],[80.4579,7.67995],[80.4574,7.68064],[80.45761,7.68086],[80.4574,7.68096],[80.45725,7.68078],[80.45659,7.68142],[80.45664,7.68156],[80.45654,7.68159],[80.45647,7.68151],[80.45623,7.68163],[80.45593,7.68183],[80.45598,7.68191],[80.45568,7.68206],[80.45565,7.68242],[80.45568,7.68275],[80.45619,7.68281],[80.45624,7.68278],[80.45625,7.68264],[80.4563,7.68261],[80.45648,7.68265],[80.45656,7.68271],[80.45656,7.68277],[80.45646,7.68275],[80.4565,7.68289],[80.45675,7.68297],[80.4569,7.68307],[80.45678,7.68347],[80.4567,7.68351],[80.45665,7.68343],[80.45634,7.68346],[80.456,7.68375],[80.4558,7.68404],[80.45576,7.68427],[80.45548,7.68427],[80.45536,7.68445],[80.45507,7.68443],[80.45502,7.68452],[80.45499,7.68461],[80.45524,7.68549],[80.45513,7.68576],[80.45515,7.68599],[80.4551,7.68605],[80.45501,7.68649],[80.45477,7.68644],[80.45464,7.6866],[80.45461,7.68673],[80.45487,7.68677],[80.45482,7.687],[80.4546,7.68702]]]}},{"type":"Feature","properties":{"c":"farmland"},"geometry":{"type":"Polygon","coordinates":[[[80.46484,7.6513],[80.46493,7.65169],[80.46499,7.65177],[80.46513,7.65182],[80.46519,7.652],[80.46533,7.65205],[80.46534,7.65191],[80.46526,7.65187],[80.46528,7.65173],[80.46553,7.65173],[80.46561,7.6514],[80.46549,7.65142],[80.46545,7.65135],[80.46529,7.65147],[80.46537,7.65117],[80.46531,7.65092],[80.46518,7.6509],[80.46497,7.65098],[80.46486,7.65107],[80.46484,7.6513]]]}},{"type":"Feature","properties":{"c":"farmland"},"geometry":{"type":"Polygon","coordinates":[[[80.46405,7.65052],[80.46419,7.6509],[80.46463,7.65105],[80.46472,7.65116],[80.46477,7.65103],[80.46491,7.6509],[80.46463,7.65083],[80.46454,7.65077],[80.46444,7.65049],[80.46455,7.65049],[80.4646,7.6504],[80.4648,7.65041],[80.46516,7.6506],[80.46525,7.65063],[80.46532,7.65059],[80.46537,7.65071],[80.4655,7.65052],[80.46556,7.65027],[80.46598,7.65019],[80.46598,7.64996],[80.46595,7.64992],[80.4657,7.64994],[80.4657,7.65011],[80.46554,7.65019],[80.46552,7.64985],[80.46511,7.64994],[80.46508,7.65022],[80.46451,7.65022],[80.46451,7.65029],[80.46405,7.65052]]]}},{"type":"Feature","properties":{"c":"farmland"},"geometry":{"type":"Polygon","coordinates":[[[80.44975,7.65144],[80.44989,7.6516],[80.45024,7.65163],[80.45027,7.65167],[80.45068,7.65174],[80.45066,7.65201],[80.45072,7.65208],[80.45098,7.65198],[80.45108,7.65201],[80.45111,7.65174],[80.45127,7.65176],[80.45142,7.65167],[80.45154,7.65177],[80.45199,7.65177],[80.4527,7.65169],[80.45281,7.65162],[80.45328,7.65159],[80.4534,7.65133],[80.45369,7.65136],[80.45367,7.65156],[80.454,7.65156],[80.45398,7.65163],[80.45408,7.65168],[80.45415,7.65161],[80.45426,7.65162],[80.45425,7.65172],[80.45466,7.65182],[80.45468,7.6517],[80.45479,7.65171],[80.45479,7.65183],[80.4554,7.65176],[80.45538,7.65204],[80.45561,7.65206],[80.45561,7.6519],[80.4557,7.6519],[80.45575,7.6518],[80.45586,7.65183],[80.45586,7.65214],[80.45607,7.65212],[80.4561,7.65203],[80.45665,7.65199],[80.45688,7.6519],[80.45697,7.65181],[80.45701,7.65168],[80.457,7.6515],[80.45694,7.65144],[80.45673,7.65142],[80.45666,7.65135],[80.45664,7.65117],[80.4562,7.65103],[80.4559,7.65103],[80.45568,7.65084],[80.45529,7.65089],[80.45498,7.65086],[80.45487,7.65079],[80.45475,7.65081],[80.45469,7.65096],[80.45457,7.65096],[80.45443,7.65077],[80.45418,7.65094],[80.45402,7.65093],[80.45399,7.651],[80.45366,7.65101],[80.45361,7.65078],[80.45341,7.65071],[80.45341,7.65056],[80.45373,7.65045],[80.45377,7.65019],[80.45393,7.65021],[80.45396,7.6503],[80.45485,7.65024],[80.45483,7.65002],[80.45509,7.65006],[80.45517,7.64996],[80.45531,7.64989],[80.45551,7.64948],[80.45576,7.64936],[80.45632,7.64932],[80.4566,7.64932],[80.45673,7.64941],[80.45686,7.64937],[80.45707,7.64943],[80.45702,7.64956],[80.45711,7.64957],[80.45704,7.64983],[80.4572,7.65008],[80.45689,7.65014],[80.45693,7.65064],[80.45711,7.65077],[80.45705,7.65115],[80.45792,7.65116],[80.45821,7.65122],[80.45828,7.6514],[80.4591,7.65146],[80.45965,7.65144],[80.45981,7.65135],[80.45994,7.65137],[80.45986,7.65118],[80.45984,7.6509],[80.46029,7.65089],[80.46035,7.65027],[80.46053,7.6497],[80.46105,7.64979],[80.46117,7.64972],[80.46135,7.64938],[80.46134,7.64912],[80.46149,7.64907],[80.4614,7.64882],[80.46165,7.64875],[80.46186,7.64881],[80.46193,7.64844],[80.46203,7.64843],[80.46206,7.64837],[80.46206,7.64828],[80.46179,7.64808],[80.4619,7.64789],[80.46181,7.64777],[80.46184,7.64761],[80.46171,7.64748],[80.46158,7.64749],[80.46158,7.64729],[80.46175,7.64719],[80.46179,7.64725],[80.46203,7.6471],[80.46194,7.64685],[80.46197,7.64677],[80.4623,7.64631],[80.46226,7.64609],[80.46232,7.64591],[80.46229,7.64566],[80.4625,7.64566],[80.4626,7.64558],[80.46268,7.64537],[80.46298,7.64525],[80.46324,7.64498],[80.46345,7.64488],[80.46384,7.64428],[80.46412,7.644],[80.46444,7.64403],[80.46467,7.64414],[80.46475,7.64422],[80.46507,7.64433],[80.46529,7.64418],[80.46556,7.64419],[80.46582,7.64439],[80.46583,7.64422],[80.46619,7.64378],[80.46611,7.64358],[80.46553,7.64281],[80.46543,7.64277],[80.46523,7.64285],[80.46506,7.64276],[80.46497,7.64287],[80.46459,7.64272],[80.4646,7.64242],[80.46474,7.64235],[80.4642,7.64156],[80.46417,7.64125],[80.4643,7.64108],[80.4644,7.64072],[80.4643,7.64054],[80.46392,7.6402],[80.46393,7.64002],[80.46384,7.63995],[80.46385,7.63989],[80.46364,7.63983],[80.46336,7.64013],[80.46322,7.64036],[80.46279,7.64056],[80.4621,7.64099],[80.46204,7.64112],[80.46202,7.64196],[80.46194,7.64235],[80.46186,7.64254],[80.46177,7.64261],[80.46139,7.64281],[80.46142,7.64298],[80.4615,7.64304],[80.462,7.64326],[80.46232,7.64333],[80.46247,7.64347],[80.46247,7.64377],[80.4621,7.64373],[80.46208,7.64414],[80.46193,7.64411],[80.46139,7.64472],[80.46121,7.645],[80.46114,7.64545],[80.46115,7.64621],[80.46097,7.64782],[80.46098,7.64792],[80.46128,7.64813],[80.46127,7.64841],[80.46088,7.64838],[80.46082,7.64872],[80.46072,7.64872],[80.46066,7.64896],[80.46048,7.64898],[80.46042,7.64905],[80.46032,7.64898],[80.46024,7.649],[80.45998,7.64838],[80.45976,7.6481],[80.4598,7.64804],[80.45975,7.64789],[80.46002,7.64692],[80.46003,7.64621],[80.46007,7.64593],[80.46024,7.64553],[80.46026,7.64495],[80.46041,7.64495],[80.46043,7.64464],[80.46023,7.644],[80.46023,7.64371],[80.46036,7.64349],[80.46044,7.64353],[80.46053,7.64343],[80.46077,7.64273],[80.46062,7.64257],[80.46052,7.64207],[80.46044,7.64202],[80.4592,7.64195],[80.45898,7.64222],[80.45881,7.64257],[80.45804,7.64324],[80.45782,7.64357],[80.45836,7.64365],[80.4584,7.64375],[80.45856,7.6439],[80.45874,7.64461],[80.45874,7.64483],[80.45884,7.64487],[80.45881,7.64568],[80.45898,7.64572],[80.45889,7.64615],[80.45873,7.64611],[80.45868,7.64631],[80.45859,7.64635],[80.45853,7.6465],[80.45851,7.64679],[80.4583,7.64699],[80.45828,7.64712],[80.45833,7.64715],[80.45812,7.64766],[80.45807,7.64813],[80.45806,7.64837],[80.45814,7.64868],[80.45804,7.64885],[80.45794,7.64885],[80.45792,7.64897],[80.45785,7.64897],[80.45782,7.64869],[80.45772,7.64867],[80.45761,7.64872],[80.4576,7.64893],[80.45733,7.64893],[80.45715,7.6488],[80.45654,7.64881],[80.4565,7.64851],[80.45611,7.64846],[80.45544,7.64822],[80.45536,7.64815],[80.45529,7.64801],[80.45511,7.64745],[80.45521,7.6467],[80.4537,7.6462],[80.45355,7.64517],[80.45344,7.64516],[80.45337,7.6446],[80.45345,7.64454],[80.45341,7.64427],[80.45347,7.6441],[80.45384,7.64412],[80.45387,7.64395],[80.45413,7.64398],[80.45411,7.64427],[80.45438,7.64427],[80.45439,7.6445],[80.45464,7.64458],[80.4547,7.64475],[80.45479,7.64477],[80.455,7.64625],[80.45529,7.64621],[80.45533,7.64569],[80.45543,7.64553],[80.45554,7.64478],[80.45575,7.64428],[80.4561,7.64397],[80.45568,7.64361],[80.45535,7.64314],[80.45519,7.64277],[80.45486,7.64283],[80.45466,7.64266],[80.45439,7.64263],[80.45377,7.64292],[80.45334,7.64325],[80.45286,7.64354],[80.45276,7.64369],[80.45277,7.64419],[80.45263,7.64432],[80.4526,7.64461],[80.45246,7.64489],[80.45185,7.64511],[80.45061,7.64527],[80.4503,7.64554],[80.44987,7.64608],[80.45052,7.64655],[80.45119,7.6469],[80.45101,7.64737],[80.45089,7.64797],[80.45085,7.64983],[80.45116,7.64999],[80.45145,7.65029],[80.45136,7.65047],[80.45104,7.65027],[80.45082,7.65063],[80.4505,7.65043],[80.45004,7.65113],[80.45021,7.65126],[80.45006,7.65142],[80.4499,7.65133],[80.44975,7.65144]]]}},{"type":"Feature","properties":{"c":"farmland"},"geometry":{"type":"Polygon","coordinates":[[[80.46669,7.64442],[80.4671,7.64486],[80.46797,7.64431],[80.46802,7.64421],[80.46817,7.64417],[80.46827,7.64424],[80.46849,7.64409],[80.46847,7.64391],[80.46842,7.64381],[80.46817,7.64391],[80.46767,7.64428],[80.46734,7.64441],[80.46697,7.64444],[80.46669,7.64442]]]}},{"type":"Feature","properties":{"c":"farmland"},"geometry":{"type":"Polygon","coordinates":[[[80.46063,7.68263],[80.46115,7.68282],[80.4614,7.68311],[80.46165,7.68354],[80.46223,7.68341],[80.46221,7.68308],[80.46226,7.68278],[80.46219,7.68279],[80.46215,7.68263],[80.4624,7.68262],[80.46219,7.68137],[80.4619,7.68132],[80.46184,7.68151],[80.4612,7.68122],[80.46069,7.68205],[80.46063,7.68228],[80.46063,7.68263]]]}},{"type":"Feature","properties":{"c":"farmland"},"geometry":{"type":"Polygon","coordinates":[[[80.43681,7.69169],[80.43712,7.69189],[80.437,7.69217],[80.43708,7.69222],[80.43714,7.69219],[80.43754,7.69239],[80.43762,7.69234],[80.43781,7.69256],[80.43835,7.69276],[80.43844,7.69296],[80.43923,7.69302],[80.43993,7.69327],[80.44008,7.69316],[80.44041,7.69318],[80.44041,7.69327],[80.44051,7.69335],[80.44049,7.69346],[80.44076,7.69354],[80.44079,7.69381],[80.44214,7.69443],[80.44221,7.69433],[80.44281,7.69467],[80.44312,7.69478],[80.44288,7.69513],[80.44303,7.69523],[80.4432,7.69526],[80.44333,7.69519],[80.44368,7.69532],[80.44373,7.69518],[80.44473,7.69549],[80.44524,7.69552],[80.44566,7.69572],[80.44633,7.69575],[80.44635,7.69556],[80.44682,7.6956],[80.44716,7.69556],[80.44724,7.69524],[80.44706,7.69519],[80.44703,7.69514],[80.4471,7.69492],[80.4475,7.69481],[80.44779,7.69493],[80.44788,7.69505],[80.44801,7.69502],[80.44806,7.69508],[80.44802,7.69533],[80.44851,7.69547],[80.44858,7.69557],[80.44861,7.69571],[80.44887,7.6956],[80.44902,7.69567],[80.44901,7.69576],[80.44864,7.69586],[80.44849,7.69576],[80.4483,7.69602],[80.44856,7.69622],[80.44886,7.69627],[80.44964,7.69617],[80.44979,7.69621],[80.44983,7.69609],[80.44984,7.69585],[80.44937,7.69584],[80.44936,7.69575],[80.44922,7.69568],[80.44905,7.69577],[80.44927,7.69525],[80.44961,7.69544],[80.44972,7.69533],[80.44996,7.69533],[80.45018,7.69599],[80.45028,7.69608],[80.45046,7.69601],[80.45061,7.69603],[80.45082,7.69608],[80.45099,7.69619],[80.45107,7.69618],[80.45118,7.69605],[80.45117,7.69588],[80.45122,7.69584],[80.45139,7.69586],[80.45172,7.69571],[80.45192,7.69588],[80.45216,7.69589],[80.45237,7.69573],[80.45241,7.69564],[80.45231,7.69529],[80.45239,7.69526],[80.45239,7.69513],[80.45231,7.69514],[80.45226,7.69464],[80.45181,7.69454],[80.45173,7.69443],[80.45127,7.69301],[80.45102,7.69297],[80.45102,7.69264],[80.45108,7.69241],[80.4509,7.69241],[80.45093,7.6923],[80.45104,7.69225],[80.451,7.69201],[80.4509,7.69192],[80.45072,7.69193],[80.45066,7.69189],[80.45024,7.6915],[80.45019,7.69113],[80.45013,7.69105],[80.45003,7.69103],[80.44988,7.69109],[80.44983,7.69042],[80.45012,7.69035],[80.45005,7.69012],[80.44958,7.68965],[80.45027,7.68947],[80.4502,7.68854],[80.45008,7.6885],[80.44999,7.68833],[80.45011,7.68828],[80.44999,7.68811],[80.44983,7.68823],[80.44977,7.68821],[80.44961,7.68797],[80.44943,7.68754],[80.44932,7.6876],[80.4493,7.68757],[80.44887,7.68675],[80.44934,7.68667],[80.44937,7.68648],[80.4493,7.68616],[80.44915,7.68615],[80.44902,7.68571],[80.44916,7.68512],[80.44859,7.68411],[80.44856,7.68386],[80.44843,7.6838],[80.44831,7.68358],[80.44831,7.68344],[80.44803,7.68337],[80.44731,7.68335],[80.44656,7.68314],[80.44641,7.68304],[80.4461,7.68261],[80.44618,7.68245],[80.44659,7.68219],[80.44675,7.68214],[80.4472,7.68178],[80.44737,7.68151],[80.44747,7.68151],[80.44758,7.68154],[80.44782,7.68188],[80.44806,7.68185],[80.44816,7.6819],[80.44824,7.68216],[80.44835,7.68229],[80.44821,7.68244],[80.44823,7.68263],[80.44818,7.68273],[80.44877,7.68281],[80.44884,7.68258],[80.4489,7.68254],[80.44898,7.68256],[80.44902,7.68235],[80.4491,7.68228],[80.44918,7.68238],[80.44928,7.68224],[80.44963,7.68197],[80.44928,7.68143],[80.44925,7.68115],[80.44911,7.68098],[80.44918,7.68044],[80.44902,7.68032],[80.44882,7.68006],[80.44911,7.68007],[80.4492,7.68025],[80.44934,7.68037],[80.44933,7.68084],[80.44976,7.68139],[80.44987,7.68144],[80.44994,7.68161],[80.45029,7.68131],[80.45074,7.6815],[80.45083,7.68187],[80.45095,7.68208],[80.45107,7.68207],[80.45116,7.68216],[80.45138,7.68211],[80.45148,7.68215],[80.45155,7.68199],[80.45168,7.68205],[80.4517,7.68213],[80.45184,7.68212],[80.45191,7.68206],[80.45198,7.68212],[80.4519,7.68224],[80.45216,7.68231],[80.45245,7.68248],[80.45361,7.68171],[80.45363,7.68179],[80.45373,7.68183],[80.45413,7.68168],[80.45435,7.68171],[80.45397,7.68125],[80.45375,7.68128],[80.45366,7.68119],[80.45372,7.68114],[80.45365,7.681],[80.45367,7.68085],[80.45341,7.68056],[80.45278,7.68028],[80.4517,7.6794],[80.45155,7.67901],[80.45143,7.67888],[80.45107,7.6787],[80.45097,7.67854],[80.45094,7.67837],[80.45095,7.6776],[80.45102,7.677],[80.45117,7.67669],[80.45116,7.67655],[80.45127,7.67656],[80.45171,7.67643],[80.45195,7.67623],[80.45226,7.67626],[80.45252,7.67636],[80.45261,7.67621],[80.45253,7.67579],[80.45243,7.6757],[80.45232,7.6757],[80.45219,7.67577],[80.45216,7.67569],[80.45192,7.67571],[80.45191,7.67565],[80.45177,7.67568],[80.45165,7.67547],[80.45172,7.67534],[80.45168,7.6753],[80.45237,7.67509],[80.45256,7.67512],[80.45248,7.67529],[80.45237,7.67531],[80.45234,7.67541],[80.45257,7.67548],[80.45267,7.67561],[80.4528,7.67554],[80.45292,7.67538],[80.45297,7.67522],[80.45323,7.67514],[80.45328,7.6753],[80.4532,7.67536],[80.45326,7.67548],[80.45315,7.67557],[80.45306,7.67544],[80.45288,7.67565],[80.45301,7.6758],[80.4534,7.6756],[80.45338,7.67555],[80.45363,7.67545],[80.45368,7.67535],[80.45386,7.67522],[80.45378,7.67498],[80.45441,7.67474],[80.45446,7.67468],[80.45477,7.67459],[80.45475,7.67442],[80.4548,7.67431],[80.45533,7.67367],[80.45522,7.67364],[80.45505,7.67385],[80.45473,7.67373],[80.4545,7.67391],[80.45469,7.6741],[80.45436,7.67434],[80.45447,7.67445],[80.45439,7.67452],[80.45444,7.67467],[80.45422,7.67474],[80.45411,7.67463],[80.45364,7.67486],[80.45348,7.6748],[80.45333,7.67485],[80.45323,7.6749],[80.4533,7.6751],[80.45312,7.67512],[80.45305,7.67485],[80.45283,7.67466],[80.45278,7.67448],[80.45256,7.67434],[80.4525,7.67443],[80.45257,7.67491],[80.45246,7.6751],[80.45168,7.67478],[80.45161,7.67467],[80.45159,7.67452],[80.45174,7.67446],[80.45186,7.67472],[80.45205,7.67469],[80.45205,7.67433],[80.45188,7.67425],[80.45186,7.67393],[80.45181,7.67386],[80.45188,7.67364],[80.45183,7.6735],[80.45194,7.67345],[80.45256,7.67274],[80.45265,7.67281],[80.45277,7.67277],[80.45292,7.67265],[80.45315,7.67236],[80.45329,7.67232],[80.45345,7.67222],[80.45352,7.6722],[80.45357,7.67231],[80.45366,7.67232],[80.45373,7.67206],[80.45385,7.67199],[80.45382,7.67184],[80.45292,7.67183],[80.45291,7.67168],[80.45312,7.67162],[80.45319,7.67173],[80.45328,7.67135],[80.45354,7.67083],[80.4535,7.6706],[80.45372,7.6703],[80.45381,7.66996],[80.45321,7.66978],[80.45319,7.66996],[80.45293,7.67016],[80.45266,7.67071],[80.45259,7.67077],[80.45223,7.6707],[80.45213,7.6706],[80.45202,7.67032],[80.45163,7.67026],[80.45117,7.67009],[80.45116,7.67013],[80.4517,7.67072],[80.45156,7.67083],[80.45149,7.67079],[80.45137,7.67089],[80.45086,7.67033],[80.45054,7.67072],[80.45022,7.67054],[80.4502,7.67067],[80.4501,7.67079],[80.44998,7.67075],[80.44991,7.67078],[80.45005,7.67098],[80.44989,7.67106],[80.44978,7.671],[80.44968,7.67104],[80.4494,7.67123],[80.44889,7.67148],[80.44895,7.67185],[80.44921,7.67193],[80.4491,7.67209],[80.44891,7.6721],[80.44894,7.67222],[80.44878,7.67247],[80.44892,7.67292],[80.44919,7.67277],[80.44966,7.67284],[80.45013,7.67264],[80.45032,7.67268],[80.45035,7.67274],[80.4501,7.67273],[80.44979,7.67301],[80.4493,7.67301],[80.44909,7.6731],[80.44896,7.67322],[80.4491,7.67343],[80.44886,7.67335],[80.44872,7.67339],[80.44876,7.67352],[80.44837,7.67387],[80.44787,7.6734],[80.44764,7.67356],[80.44762,7.67374],[80.44691,7.67392],[80.44683,7.67381],[80.44682,7.67344],[80.4469,7.67336],[80.44721,7.67337],[80.44764,7.67352],[80.44784,7.67339],[80.44723,7.67305],[80.44722,7.67317],[80.44635,7.67314],[80.44646,7.67329],[80.44655,7.67361],[80.44626,7.67379],[80.44601,7.67386],[80.44581,7.67404],[80.44585,7.67455],[80.44608,7.67457],[80.44602,7.67478],[80.44585,7.6746],[80.44548,7.67476],[80.44537,7.67469],[80.44502,7.67465],[80.44503,7.67426],[80.4448,7.67416],[80.44459,7.67418],[80.44418,7.67432],[80.44392,7.67474],[80.44371,7.6749],[80.44349,7.67521],[80.44341,7.67591],[80.4435,7.67629],[80.44364,7.67658],[80.44394,7.67634],[80.44433,7.67646],[80.44457,7.6764],[80.44485,7.67625],[80.44485,7.6764],[80.44472,7.6765],[80.44473,7.67658],[80.4446,7.67697],[80.44465,7.67711],[80.44454,7.67738],[80.44437,7.67763],[80.44435,7.67778],[80.44421,7.67795],[80.44422,7.67807],[80.44367,7.67848],[80.44369,7.67909],[80.44341,7.67915],[80.44324,7.67876],[80.44271,7.67906],[80.44284,7.67932],[80.44253,7.67948],[80.4424,7.67922],[80.44186,7.67947],[80.44214,7.67947],[80.4422,7.67964],[80.44191,7.67965],[80.44185,7.67974],[80.44195,7.67998],[80.4417,7.68023],[80.44171,7.68042],[80.44192,7.68077],[80.44192,7.68092],[80.44216,7.68097],[80.4422,7.68122],[80.44207,7.68132],[80.44189,7.68121],[80.44174,7.68125],[80.44155,7.68166],[80.44169,7.68186],[80.4413,7.68213],[80.44129,7.68232],[80.44087,7.68202],[80.44083,7.68193],[80.44035,7.68204],[80.44003,7.68232],[80.44,7.68242],[80.44022,7.68271],[80.44044,7.68284],[80.44067,7.68289],[80.44019,7.68319],[80.44028,7.68326],[80.4401,7.68342],[80.43993,7.68339],[80.4396,7.68359],[80.43944,7.68378],[80.43939,7.68389],[80.43956,7.68405],[80.43952,7.6841],[80.43979,7.68424],[80.43925,7.68439],[80.43915,7.68429],[80.4392,7.68425],[80.43917,7.68419],[80.4391,7.68423],[80.43876,7.68405],[80.43859,7.68422],[80.43875,7.68439],[80.43877,7.68448],[80.43849,7.6846],[80.43808,7.6843],[80.43795,7.68436],[80.43777,7.68488],[80.4379,7.68496],[80.43786,7.6851],[80.4379,7.68528],[80.43788,7.68535],[80.43763,7.68532],[80.43762,7.6855],[80.43769,7.6856],[80.43807,7.68563],[80.43835,7.68575],[80.43827,7.68591],[80.4384,7.68596],[80.43837,7.68608],[80.43853,7.6861],[80.43846,7.68665],[80.43847,7.68705],[80.43855,7.68741],[80.43865,7.6875],[80.43849,7.68762],[80.4385,7.68777],[80.43858,7.68789],[80.43874,7.68774],[80.43878,7.68759],[80.43894,7.68769],[80.43987,7.68804],[80.43999,7.68821],[80.43954,7.68823],[80.43942,7.6881],[80.43943,7.68802],[80.43903,7.68793],[80.43877,7.68811],[80.43856,7.68809],[80.43798,7.68878],[80.43767,7.68906],[80.43733,7.68922],[80.4372,7.68923],[80.43717,7.68936],[80.43709,7.68938],[80.43709,7.68967],[80.43703,7.68965],[80.43699,7.68976],[80.43709,7.68981],[80.43707,7.68999],[80.43717,7.69003],[80.43701,7.69033],[80.437,7.69053],[80.43691,7.69075],[80.43716,7.69083],[80.4373,7.69064],[80.43727,7.69047],[80.43753,7.69048],[80.43754,7.69059],[80.43762,7.69063],[80.43762,7.69081],[80.43755,7.6909],[80.4376,7.69097],[80.43762,7.69115],[80.43759,7.69132],[80.4378,7.69134],[80.43813,7.69113],[80.43833,7.69137],[80.4385,7.69148],[80.43823,7.69186],[80.43779,7.69134],[80.43731,7.69135],[80.43722,7.69109],[80.43687,7.69133],[80.43695,7.69154],[80.43681,7.69169]]]}},{"type":"Feature","properties":{"c":"farmland"},"geometry":{"type":"Polygon","coordinates":[[[80.42155,7.65454],[80.42158,7.65506],[80.42174,7.65505],[80.42175,7.65519],[80.42182,7.65526],[80.42206,7.6553],[80.42202,7.65539],[80.42257,7.65562],[80.42273,7.65535],[80.42287,7.65521],[80.4231,7.65518],[80.42331,7.65508],[80.42359,7.65489],[80.42425,7.65457],[80.4255,7.65363],[80.42598,7.65341],[80.42608,7.65342],[80.4267,7.65325],[80.42679,7.65309],[80.42696,7.65309],[80.42725,7.65318],[80.42717,7.65329],[80.4275,7.65347],[80.42777,7.65327],[80.42805,7.65331],[80.42869,7.65392],[80.42895,7.65442],[80.42973,7.65492],[80.42982,7.65442],[80.42946,7.65444],[80.42944,7.65381],[80.42934,7.65372],[80.42938,7.65315],[80.42978,7.65311],[80.42982,7.65269],[80.43004,7.65278],[80.43032,7.653],[80.43101,7.65304],[80.43119,7.65298],[80.43184,7.65235],[80.43207,7.65219],[80.43232,7.65193],[80.43247,7.65165],[80.43266,7.65155],[80.43284,7.65153],[80.43323,7.65162],[80.43336,7.65158],[80.43351,7.65162],[80.43404,7.652],[80.43427,7.65212],[80.43432,7.65236],[80.43487,7.65297],[80.43491,7.65333],[80.43481,7.65334],[80.43479,7.6534],[80.43482,7.65355],[80.43498,7.65376],[80.43499,7.65435],[80.4354,7.6544],[80.43552,7.65411],[80.43567,7.65397],[80.43581,7.65409],[80.43586,7.65425],[80.43615,7.65429],[80.43671,7.65392],[80.43711,7.65388],[80.43735,7.65374],[80.43752,7.65373],[80.43768,7.65402],[80.43794,7.65409],[80.4381,7.65422],[80.43851,7.65409],[80.43874,7.65415],[80.43896,7.65437],[80.43947,7.65432],[80.44003,7.65377],[80.43987,7.65365],[80.43985,7.65345],[80.43964,7.65335],[80.4395,7.65341],[80.43946,7.65336],[80.43947,7.65322],[80.43938,7.65298],[80.43947,7.65268],[80.43981,7.65213],[80.43986,7.65192],[80.44017,7.6515],[80.44018,7.65137],[80.44027,7.65143],[80.44042,7.65143],[80.44056,7.65098],[80.44077,7.65069],[80.44099,7.65018],[80.44116,7.64963],[80.4417,7.64962],[80.44172,7.65002],[80.44177,7.6501],[80.44186,7.64997],[80.44212,7.64904],[80.44212,7.6488],[80.44171,7.64876],[80.44169,7.64849],[80.44162,7.64842],[80.4414,7.64837],[80.44107,7.64845],[80.44102,7.64851],[80.44082,7.6491],[80.44054,7.64942],[80.44032,7.65031],[80.44022,7.65045],[80.4399,7.65074],[80.43974,7.65098],[80.43987,7.65126],[80.4398,7.65141],[80.43977,7.65166],[80.43958,7.65164],[80.43956,7.65183],[80.43942,7.6519],[80.43931,7.65167],[80.43906,7.65167],[80.43902,7.65185],[80.43912,7.65196],[80.43886,7.65214],[80.43888,7.65242],[80.43884,7.65254],[80.43817,7.65277],[80.43789,7.653],[80.43736,7.65327],[80.43699,7.65307],[80.43684,7.65318],[80.43654,7.65304],[80.43634,7.65288],[80.43609,7.65287],[80.43587,7.65303],[80.43554,7.65287],[80.43563,7.65269],[80.43568,7.65235],[80.43706,7.65242],[80.43716,7.65231],[80.43755,7.65207],[80.43766,7.65193],[80.43785,7.65144],[80.43828,7.65084],[80.43843,7.65049],[80.43842,7.65034],[80.43851,7.65004],[80.43871,7.64969],[80.43843,7.64948],[80.43806,7.6498],[80.4379,7.65014],[80.43792,7.65039],[80.4377,7.65076],[80.43755,7.65089],[80.43732,7.6513],[80.43698,7.6521],[80.4366,7.65218],[80.4362,7.6521],[80.43607,7.65217],[80.43595,7.65217],[80.43571,7.65209],[80.43574,7.6519],[80.43519,7.65163],[80.43496,7.65153],[80.43477,7.65171],[80.43444,7.65145],[80.43401,7.65138],[80.43395,7.65124],[80.43403,7.65076],[80.43416,7.65058],[80.43466,7.65073],[80.43501,7.64985],[80.43516,7.64925],[80.43508,7.64807],[80.43539,7.64811],[80.43572,7.64801],[80.43571,7.64762],[80.43581,7.64745],[80.43632,7.64707],[80.43651,7.64683],[80.43676,7.64667],[80.43725,7.64678],[80.43739,7.64667],[80.43789,7.64673],[80.43795,7.64649],[80.43729,7.64635],[80.437,7.64578],[80.43677,7.6456],[80.43659,7.64565],[80.43603,7.64621],[80.43448,7.64734],[80.43405,7.647],[80.43382,7.64694],[80.433,7.6473],[80.43303,7.64759],[80.43328,7.64814],[80.43317,7.6489],[80.43343,7.64895],[80.43339,7.64929],[80.43383,7.64959],[80.43381,7.64987],[80.43372,7.65012],[80.4334,7.65052],[80.43267,7.65083],[80.43236,7.65084],[80.43204,7.65104],[80.43182,7.6515],[80.43107,7.65223],[80.43095,7.65244],[80.4305,7.65249],[80.43028,7.65228],[80.43007,7.65218],[80.42986,7.65244],[80.42958,7.65216],[80.42942,7.65219],[80.42924,7.65231],[80.42891,7.65215],[80.42896,7.65191],[80.42884,7.65173],[80.42854,7.65158],[80.42845,7.65165],[80.42838,7.65181],[80.42815,7.65198],[80.42794,7.65231],[80.42779,7.6524],[80.42753,7.65228],[80.42739,7.65232],[80.42724,7.65253],[80.42715,7.65249],[80.42687,7.65207],[80.42648,7.65205],[80.42622,7.65216],[80.42579,7.65176],[80.42568,7.65161],[80.42548,7.65159],[80.42535,7.65149],[80.42546,7.65136],[80.42535,7.65127],[80.42529,7.65112],[80.42539,7.6511],[80.42565,7.65134],[80.42607,7.65095],[80.42639,7.65092],[80.42643,7.65035],[80.42583,7.65022],[80.42584,7.64984],[80.42551,7.64972],[80.42555,7.6496],[80.4254,7.64951],[80.42527,7.64963],[80.42518,7.64959],[80.42533,7.64939],[80.42532,7.64924],[80.42546,7.64917],[80.42552,7.64925],[80.42617,7.64889],[80.42619,7.64874],[80.42625,7.64867],[80.42618,7.64862],[80.42618,7.64838],[80.42624,7.64837],[80.42631,7.64815],[80.42647,7.64794],[80.42663,7.6478],[80.42674,7.64779],[80.42682,7.64756],[80.42693,7.64762],[80.427,7.64739],[80.42719,7.64712],[80.42728,7.64688],[80.42725,7.64683],[80.42748,7.64627],[80.42775,7.64597],[80.42803,7.64547],[80.42789,7.64541],[80.42807,7.64492],[80.42853,7.64441],[80.42877,7.64434],[80.42901,7.64413],[80.42911,7.64398],[80.42917,7.6437],[80.42935,7.64336],[80.42954,7.6434],[80.42977,7.64273],[80.43008,7.64223],[80.43025,7.64176],[80.43037,7.64172],[80.43065,7.64134],[80.43047,7.64122],[80.43066,7.64093],[80.4309,7.641],[80.43111,7.64077],[80.4312,7.64074],[80.43131,7.64087],[80.43162,7.64091],[80.43212,7.64064],[80.43219,7.64036],[80.43238,7.64005],[80.43215,7.63993],[80.43235,7.63968],[80.43254,7.6396],[80.43248,7.63937],[80.43254,7.63918],[80.43267,7.63905],[80.43292,7.63899],[80.43317,7.63881],[80.43322,7.63867],[80.43314,7.63834],[80.43319,7.63803],[80.43388,7.63808],[80.43393,7.63772],[80.43409,7.63773],[80.43467,7.63784],[80.43467,7.63807],[80.43475,7.6381],[80.43556,7.63815],[80.43564,7.63808],[80.43566,7.63824],[80.43584,7.63819],[80.43613,7.63785],[80.43621,7.63787],[80.43632,7.6379],[80.43633,7.63802],[80.43663,7.63825],[80.43662,7.63858],[80.4368,7.63853],[80.43683,7.63824],[80.43696,7.63814],[80.43712,7.63809],[80.43732,7.63814],[80.43734,7.63823],[80.43728,7.63831],[80.43716,7.63894],[80.43735,7.63897],[80.43751,7.63891],[80.43764,7.63874],[80.43765,7.63856],[80.43772,7.63843],[80.43788,7.63833],[80.43808,7.63832],[80.43803,7.6381],[80.43806,7.63801],[80.43824,7.63784],[80.43836,7.63763],[80.43839,7.63747],[80.43834,7.63733],[80.43848,7.63712],[80.43875,7.63695],[80.43898,7.6369],[80.43899,7.63683],[80.43916,7.63681],[80.43944,7.63706],[80.43973,7.63706],[80.43972,7.63724],[80.43994,7.63731],[80.44001,7.63741],[80.44001,7.63754],[80.44036,7.63768],[80.44054,7.63768],[80.44057,7.63784],[80.44065,7.63788],[80.44152,7.63787],[80.44172,7.63804],[80.4418,7.63801],[80.44184,7.63792],[80.44198,7.63791],[80.44204,7.63797],[80.44216,7.63789],[80.44221,7.63798],[80.44261,7.63804],[80.44282,7.63796],[80.44296,7.63802],[80.44316,7.63803],[80.44401,7.63796],[80.44393,7.63867],[80.4446,7.63869],[80.44452,7.63781],[80.44471,7.63763],[80.44487,7.63724],[80.44511,7.63697],[80.44511,7.6368],[80.44517,7.63672],[80.44537,7.63665],[80.4453,7.63651],[80.44471,7.63589],[80.44427,7.63618],[80.44411,7.63607],[80.44378,7.6363],[80.44391,7.63647],[80.44383,7.63667],[80.44373,7.63679],[80.44354,7.63688],[80.44321,7.63669],[80.44302,7.63692],[80.44268,7.63699],[80.44273,7.63734],[80.44285,7.63763],[80.44277,7.6377],[80.44262,7.63771],[80.44257,7.63759],[80.44243,7.63751],[80.4424,7.63734],[80.4421,7.63757],[80.44199,7.63706],[80.44202,7.63691],[80.44196,7.6366],[80.44125,7.63648],[80.44107,7.63635],[80.44059,7.6358],[80.44046,7.63574],[80.44035,7.63556],[80.44012,7.63549],[80.43996,7.63547],[80.43965,7.63557],[80.43868,7.63568],[80.43854,7.6358],[80.43846,7.63595],[80.43855,7.63605],[80.43853,7.63623],[80.43829,7.63625],[80.4383,7.63651],[80.43813,7.63651],[80.43808,7.63641],[80.43815,7.6363],[80.43736,7.63626],[80.43723,7.63662],[80.43674,7.636],[80.43672,7.63582],[80.43682,7.63471],[80.43693,7.63474],[80.43698,7.63466],[80.43692,7.63432],[80.43694,7.63402],[80.43706,7.63383],[80.43688,7.63378],[80.43677,7.63381],[80.43642,7.63416],[80.43632,7.63451],[80.43658,7.63469],[80.43614,7.63475],[80.43601,7.63487],[80.43602,7.63504],[80.43612,7.63506],[80.43606,7.63517],[80.43571,7.63516],[80.43557,7.63541],[80.43493,7.6362],[80.43468,7.6366],[80.43453,7.63704],[80.43462,7.63715],[80.43427,7.63727],[80.43402,7.63718],[80.43404,7.63702],[80.43335,7.637],[80.43327,7.63677],[80.43321,7.63629],[80.43328,7.63553],[80.43324,7.63527],[80.43328,7.63509],[80.43321,7.63487],[80.4335,7.63417],[80.43383,7.63428],[80.43389,7.63363],[80.43315,7.63338],[80.43286,7.63382],[80.43272,7.63387],[80.43254,7.63428],[80.43256,7.63561],[80.43248,7.63575],[80.43257,7.63624],[80.43239,7.63715],[80.43228,7.63737],[80.43199,7.63767],[80.43155,7.63765],[80.43142,7.63793],[80.43139,7.63812],[80.43124,7.63813],[80.43087,7.63846],[80.43011,7.63946],[80.43003,7.6398],[80.42979,7.64007],[80.42961,7.64039],[80.42952,7.64072],[80.42963,7.64098],[80.4296,7.64113],[80.42942,7.6414],[80.42918,7.64162],[80.42909,7.64186],[80.42881,7.64197],[80.42855,7.6422],[80.42862,7.64235],[80.4286,7.6425],[80.42828,7.64266],[80.42811,7.64253],[80.42785,7.64263],[80.42749,7.64315],[80.4272,7.64375],[80.42687,7.64388],[80.42673,7.64401],[80.42628,7.64469],[80.42614,7.64497],[80.42626,7.64528],[80.42623,7.6455],[80.42629,7.64571],[80.42604,7.64626],[80.42608,7.64652],[80.42621,7.64677],[80.42597,7.64674],[80.42585,7.64678],[80.42563,7.64665],[80.42538,7.64661],[80.4253,7.64691],[80.42531,7.64729],[80.42511,7.64756],[80.42478,7.64846],[80.42426,7.64877],[80.42404,7.64886],[80.42355,7.64854],[80.4231,7.64833],[80.4231,7.64852],[80.42338,7.64876],[80.42394,7.64903],[80.4243,7.64941],[80.42409,7.65014],[80.42359,7.6512],[80.42358,7.65197],[80.42303,7.653],[80.42209,7.6539],[80.42155,7.65454]]]}},{"type":"Feature","properties":{"c":"farmland"},"geometry":{"type":"Polygon","coordinates":[[[80.44519,7.63518],[80.4459,7.63554],[80.44604,7.63565],[80.4461,7.63544],[80.44597,7.63537],[80.44607,7.63487],[80.44567,7.63464],[80.44519,7.63518]]]}},{"type":"Feature","properties":{"c":"farmland"},"geometry":{"type":"Polygon","coordinates":[[[80.44514,7.63988],[80.44518,7.64014],[80.44514,7.64029],[80.44552,7.64046],[80.4456,7.64064],[80.44573,7.64067],[80.44584,7.64084],[80.44577,7.64107],[80.44585,7.6413],[80.44546,7.6413],[80.44536,7.64138],[80.44597,7.64143],[80.44615,7.64152],[80.44629,7.64149],[80.44635,7.64142],[80.44644,7.64145],[80.44647,7.64151],[80.44708,7.64168],[80.44725,7.64182],[80.44722,7.64192],[80.44731,7.64209],[80.44729,7.64221],[80.44742,7.64239],[80.44761,7.6425],[80.4478,7.64278],[80.44799,7.64322],[80.448,7.64348],[80.4481,7.64354],[80.44805,7.6437],[80.4481,7.64381],[80.44802,7.64386],[80.448,7.64396],[80.44793,7.644],[80.44756,7.64397],[80.44753,7.64427],[80.44772,7.64429],[80.44779,7.64453],[80.44777,7.64507],[80.44784,7.64529],[80.44803,7.64527],[80.44787,7.64582],[80.44833,7.64589],[80.44833,7.64596],[80.44845,7.64599],[80.4486,7.64556],[80.44875,7.64557],[80.4492,7.64586],[80.44958,7.64601],[80.44994,7.64562],[80.44982,7.64549],[80.44967,7.64557],[80.44954,7.64545],[80.44982,7.64498],[80.44977,7.6447],[80.44995,7.64436],[80.44968,7.64411],[80.44934,7.64394],[80.44954,7.64357],[80.44949,7.64347],[80.44929,7.64342],[80.44909,7.64329],[80.449,7.64369],[80.44929,7.64403],[80.44915,7.64421],[80.44879,7.64397],[80.44874,7.64388],[80.44871,7.64342],[80.44862,7.64337],[80.44866,7.64314],[80.44845,7.64325],[80.4484,7.64276],[80.44825,7.64261],[80.44823,7.64247],[80.44806,7.64231],[80.44821,7.64211],[80.44805,7.64186],[80.44808,7.64172],[80.44831,7.64157],[80.44843,7.6414],[80.44869,7.64147],[80.44969,7.64197],[80.44964,7.64213],[80.44979,7.64221],[80.44987,7.64236],[80.45013,7.64239],[80.45019,7.64225],[80.45065,7.6423],[80.45069,7.64217],[80.45088,7.64216],[80.45107,7.64216],[80.45154,7.64233],[80.45179,7.64183],[80.45177,7.64178],[80.45181,7.64166],[80.45191,7.64162],[80.4521,7.64131],[80.45183,7.64115],[80.45162,7.64116],[80.4514,7.64099],[80.45124,7.64095],[80.451,7.64075],[80.45059,7.6407],[80.4503,7.64055],[80.4497,7.64009],[80.4497,7.63986],[80.44947,7.6397],[80.44939,7.63954],[80.44908,7.63969],[80.4489,7.63969],[80.44875,7.63962],[80.44855,7.63963],[80.44852,7.63949],[80.44838,7.63935],[80.44822,7.63901],[80.44819,7.63869],[80.44837,7.6385],[80.44844,7.6383],[80.44838,7.63802],[80.44829,7.638],[80.4484,7.63761],[80.44833,7.63755],[80.44814,7.63759],[80.4481,7.6377],[80.44792,7.63776],[80.44769,7.63777],[80.44759,7.63772],[80.4474,7.63776],[80.4474,7.63791],[80.44731,7.63813],[80.44763,7.63825],[80.4477,7.63837],[80.44755,7.63879],[80.44743,7.63893],[80.44743,7.63904],[80.44756,7.63908],[80.4478,7.6394],[80.44752,7.63957],[80.44758,7.6397],[80.44773,7.63981],[80.44793,7.63985],[80.44794,7.64001],[80.44788,7.64004],[80.44766,7.63992],[80.44749,7.63993],[80.44741,7.64006],[80.44726,7.63986],[80.44719,7.63987],[80.44698,7.64004],[80.44697,7.64017],[80.44711,7.64032],[80.44734,7.64031],[80.44734,7.64014],[80.44746,7.64012],[80.44747,7.64017],[80.44773,7.64025],[80.44801,7.64041],[80.44778,7.64045],[80.4477,7.64055],[80.44762,7.64077],[80.44729,7.64083],[80.4467,7.64069],[80.44662,7.64046],[80.44635,7.64027],[80.44622,7.64024],[80.4461,7.64033],[80.4459,7.6403],[80.44578,7.64034],[80.4457,7.64023],[80.44551,7.64025],[80.44561,7.63996],[80.44555,7.6399],[80.44542,7.63996],[80.44528,7.63987],[80.44514,7.63988]]]}},{"type":"Feature","properties":{"c":"farmland"},"geometry":{"type":"Polygon","coordinates":[[[80.45256,7.64245],[80.45266,7.64252],[80.45278,7.64241],[80.45288,7.64247],[80.45303,7.64245],[80.45302,7.64237],[80.45341,7.64223],[80.45341,7.642],[80.45398,7.64184],[80.45429,7.642],[80.4547,7.64194],[80.45484,7.64187],[80.45587,7.64074],[80.45604,7.64009],[80.45623,7.63955],[80.45638,7.6393],[80.45636,7.63925],[80.45663,7.63904],[80.45687,7.63874],[80.45678,7.6385],[80.45662,7.63839],[80.45637,7.63831],[80.45603,7.63824],[80.45598,7.63828],[80.45594,7.63844],[80.45576,7.63871],[80.45581,7.63874],[80.45573,7.63892],[80.45578,7.63895],[80.45572,7.6391],[80.4558,7.63914],[80.45581,7.6392],[80.4556,7.63967],[80.45554,7.63965],[80.45521,7.64002],[80.45525,7.64003],[80.455,7.64015],[80.45492,7.64031],[80.45491,7.64044],[80.4554,7.64057],[80.4551,7.64114],[80.45487,7.64146],[80.45458,7.64162],[80.45436,7.64137],[80.45422,7.64137],[80.45433,7.64168],[80.45411,7.64143],[80.45373,7.64132],[80.45357,7.64133],[80.4534,7.64121],[80.45321,7.64123],[80.45313,7.64107],[80.45275,7.64117],[80.45279,7.64129],[80.45293,7.64128],[80.45296,7.64146],[80.45318,7.64145],[80.45323,7.6418],[80.45286,7.64192],[80.45289,7.64207],[80.45256,7.64245]]]}},{"type":"Feature","properties":{"c":"farmland"},"geometry":{"type":"Polygon","coordinates":[[[80.45618,7.63732],[80.45695,7.63748],[80.45696,7.63797],[80.45703,7.638],[80.45719,7.63789],[80.45732,7.63753],[80.45734,7.63728],[80.45734,7.6367],[80.45728,7.63628],[80.45705,7.63625],[80.45686,7.63635],[80.45635,7.63645],[80.45632,7.6368],[80.4562,7.63712],[80.45618,7.63732]]]}},{"type":"Feature","properties":{"c":"farmland"},"geometry":{"type":"Polygon","coordinates":[[[80.45925,7.64184],[80.4602,7.64194],[80.46024,7.64185],[80.46083,7.64181],[80.4608,7.64071],[80.46088,7.6397],[80.46081,7.63873],[80.46146,7.63857],[80.46046,7.63821],[80.4598,7.63812],[80.45975,7.63823],[80.45978,7.63848],[80.45992,7.63849],[80.45989,7.63949],[80.45973,7.63955],[80.45957,7.64032],[80.45975,7.64041],[80.45972,7.64084],[80.45944,7.64154],[80.45925,7.64184]]]}},{"type":"Feature","properties":{"c":"farmland"},"geometry":{"type":"Polygon","coordinates":[[[80.44884,7.64789],[80.44886,7.64801],[80.44898,7.64785],[80.44909,7.64788],[80.44923,7.64758],[80.44915,7.64752],[80.44918,7.64746],[80.44931,7.64741],[80.44934,7.64728],[80.44951,7.64734],[80.44969,7.64707],[80.44975,7.64708],[80.45014,7.64684],[80.45047,7.64658],[80.44991,7.64623],[80.44951,7.64657],[80.44918,7.64695],[80.44913,7.6471],[80.44914,7.64739],[80.44884,7.64789]]]}},{"type":"Feature","properties":{"c":"farmland"},"geometry":{"type":"Polygon","coordinates":[[[80.4557,7.64348],[80.45585,7.64368],[80.4562,7.64389],[80.45636,7.64376],[80.45609,7.64357],[80.4557,7.64348]]]}},{"type":"Feature","properties":{"c":"farmland"},"geometry":{"type":"Polygon","coordinates":[[[80.46,7.69681],[80.46025,7.69745],[80.46061,7.69741],[80.46055,7.69725],[80.46056,7.69719],[80.46063,7.69716],[80.46058,7.69691],[80.4609,7.69682],[80.46113,7.69682],[80.46112,7.69727],[80.46148,7.69721],[80.4615,7.69697],[80.46123,7.69686],[80.46117,7.69678],[80.4609,7.69679],[80.46088,7.69672],[80.46027,7.69682],[80.46,7.69681]]]}},{"type":"Feature","properties":{"c":"farmland"},"geometry":{"type":"Polygon","coordinates":[[[80.45967,7.69831],[80.45978,7.69852],[80.4602,7.69871],[80.46036,7.69843],[80.46047,7.69849],[80.46063,7.6982],[80.46057,7.69807],[80.46057,7.69782],[80.46068,7.69757],[80.46068,7.69746],[80.46022,7.69752],[80.46026,7.69783],[80.46019,7.69818],[80.46001,7.69826],[80.45977,7.69825],[80.45967,7.69831]]]}},{"type":"Feature","properties":{"c":"farmland"},"geometry":{"type":"Polygon","coordinates":[[[80.45291,7.69569],[80.453,7.69575],[80.45306,7.69571],[80.45325,7.69576],[80.45336,7.69566],[80.45347,7.69579],[80.45359,7.69581],[80.45507,7.69558],[80.45485,7.69497],[80.45473,7.69494],[80.45465,7.69472],[80.45431,7.69469],[80.45403,7.6948],[80.4541,7.6953],[80.45364,7.69539],[80.45334,7.6956],[80.4532,7.69545],[80.45308,7.69546],[80.45291,7.69569]]]}},{"type":"Feature","properties":{"c":"farmland"},"geometry":{"type":"Polygon","coordinates":[[[80.45547,7.69332],[80.45553,7.69334],[80.45554,7.69339],[80.45564,7.6934],[80.45571,7.69323],[80.45586,7.69307],[80.45587,7.69299],[80.45602,7.69291],[80.45609,7.69264],[80.45626,7.6924],[80.45637,7.69241],[80.45642,7.69225],[80.45656,7.69227],[80.4566,7.69213],[80.4567,7.69214],[80.4569,7.69218],[80.45679,7.69229],[80.45684,7.6924],[80.4571,7.69267],[80.45718,7.69265],[80.45755,7.69339],[80.45772,7.69336],[80.45773,7.69358],[80.45807,7.69357],[80.45789,7.69382],[80.45799,7.69383],[80.45792,7.69416],[80.4578,7.69414],[80.45769,7.69431],[80.45761,7.69433],[80.45761,7.69468],[80.45774,7.69469],[80.4577,7.69512],[80.45756,7.69515],[80.45759,7.69523],[80.45753,7.69526],[80.45737,7.69531],[80.45733,7.69524],[80.45716,7.69531],[80.45722,7.69551],[80.4571,7.69558],[80.45714,7.69568],[80.45649,7.69601],[80.45647,7.69595],[80.4564,7.69594],[80.45632,7.69603],[80.45621,7.69594],[80.45608,7.69594],[80.45614,7.69574],[80.45599,7.6957],[80.45581,7.69595],[80.45562,7.69604],[80.45565,7.69614],[80.45591,7.69614],[80.45578,7.69674],[80.45589,7.69679],[80.45609,7.69655],[80.45657,7.69617],[80.45672,7.69636],[80.45696,7.69633],[80.45708,7.69686],[80.45722,7.69712],[80.45702,7.6972],[80.45731,7.69761],[80.45738,7.69758],[80.45744,7.69765],[80.45741,7.69781],[80.4579,7.6979],[80.45809,7.69791],[80.45815,7.69755],[80.45867,7.69759],[80.45927,7.6978],[80.45964,7.69727],[80.45994,7.69697],[80.45984,7.69677],[80.45947,7.69656],[80.45914,7.69652],[80.45913,7.69637],[80.45887,7.69623],[80.45884,7.6959],[80.45887,7.69554],[80.45873,7.6955],[80.45856,7.69554],[80.45853,7.6954],[80.45831,7.69535],[80.45831,7.69468],[80.45853,7.6942],[80.45838,7.69418],[80.45841,7.69389],[80.45858,7.69388],[80.45879,7.69394],[80.45871,7.69407],[80.45893,7.69409],[80.45893,7.69418],[80.45931,7.6941],[80.45935,7.69387],[80.4595,7.69386],[80.45952,7.69345],[80.45967,7.69338],[80.45965,7.69324],[80.45989,7.69321],[80.45987,7.69303],[80.45998,7.69302],[80.45995,7.69263],[80.46004,7.69216],[80.45999,7.6921],[80.45964,7.69216],[80.45963,7.69189],[80.45955,7.6918],[80.45904,7.69201],[80.45889,7.69182],[80.45932,7.69157],[80.45928,7.69149],[80.45936,7.69143],[80.45937,7.6913],[80.45928,7.69117],[80.45944,7.69106],[80.45965,7.69098],[80.45973,7.69113],[80.46013,7.69106],[80.4602,7.69154],[80.45998,7.6916],[80.45995,7.69173],[80.45999,7.69194],[80.46028,7.69196],[80.46054,7.69182],[80.46055,7.69192],[80.46095,7.69196],[80.46136,7.69209],[80.46162,7.69211],[80.46175,7.6918],[80.46235,7.69145],[80.46277,7.69107],[80.46286,7.6918],[80.46236,7.69219],[80.46237,7.69236],[80.46251,7.69236],[80.4627,7.69275],[80.46298,7.69311],[80.46284,7.69324],[80.463,7.69373],[80.46311,7.69389],[80.46303,7.69396],[80.46315,7.69412],[80.46315,7.69421],[80.46302,7.69437],[80.4631,7.69438],[80.46314,7.69446],[80.4631,7.69462],[80.46328,7.69468],[80.46333,7.69498],[80.46345,7.69507],[80.4639,7.69461],[80.46411,7.69427],[80.46422,7.69364],[80.46401,7.69354],[80.46405,7.69283],[80.46383,7.68991],[80.46378,7.68962],[80.4636,7.68962],[80.4635,7.68945],[80.46348,7.6893],[80.46363,7.68923],[80.46357,7.68896],[80.46344,7.68896],[80.46341,7.68882],[80.4633,7.68883],[80.46327,7.68862],[80.4635,7.6886],[80.46334,7.68761],[80.4632,7.68733],[80.46328,7.68732],[80.46331,7.68726],[80.46329,7.68695],[80.46316,7.68692],[80.46318,7.68675],[80.46306,7.68674],[80.46297,7.68665],[80.46305,7.68639],[80.46317,7.6864],[80.46321,7.68607],[80.46328,7.68606],[80.46329,7.68574],[80.46318,7.68573],[80.46318,7.68557],[80.46331,7.68558],[80.46335,7.68474],[80.46265,7.68361],[80.4625,7.68366],[80.4625,7.6838],[80.4626,7.68399],[80.46261,7.68416],[80.46248,7.68414],[80.46247,7.6842],[80.46163,7.68414],[80.46166,7.68359],[80.46138,7.68352],[80.46035,7.68351],[80.46037,7.68365],[80.46032,7.68393],[80.46013,7.68452],[80.46019,7.68456],[80.46012,7.68479],[80.46018,7.68482],[80.4602,7.68506],[80.46016,7.68517],[80.45997,7.6853],[80.45992,7.68572],[80.45973,7.68605],[80.45964,7.68607],[80.45955,7.68637],[80.45944,7.6864],[80.45923,7.68658],[80.45905,7.68702],[80.45901,7.68738],[80.45895,7.68752],[80.45888,7.68751],[80.45878,7.6878],[80.45873,7.6881],[80.45849,7.68838],[80.45854,7.68853],[80.45862,7.68856],[80.45857,7.6887],[80.45868,7.68882],[80.45864,7.68896],[80.45869,7.68904],[80.4586,7.68967],[80.45834,7.68992],[80.45804,7.69001],[80.45781,7.68992],[80.4578,7.68961],[80.45796,7.68951],[80.45805,7.68921],[80.45797,7.6888],[80.45759,7.68915],[80.45741,7.68949],[80.45741,7.68958],[80.45724,7.68984],[80.45715,7.6899],[80.45679,7.69066],[80.45665,7.69064],[80.45654,7.69105],[80.45619,7.69117],[80.45618,7.6914],[80.45628,7.69143],[80.45628,7.6916],[80.45615,7.6916],[80.4561,7.69188],[80.4559,7.69188],[80.45574,7.693],[80.45547,7.69332]]]}},{"type":"Feature","properties":{"c":"farmland"},"geometry":{"type":"Polygon","coordinates":[[[80.47873,7.62425],[80.47918,7.62454],[80.4795,7.6252],[80.47987,7.62547],[80.47999,7.62572],[80.48037,7.62606],[80.48033,7.62625],[80.48048,7.62673],[80.48048,7.6269],[80.4802,7.62744],[80.48004,7.62753],[80.47965,7.62752],[80.47913,7.62741],[80.47911,7.62828],[80.47899,7.62865],[80.479,7.62891],[80.47906,7.62899],[80.47932,7.62911],[80.47965,7.62883],[80.47987,7.62877],[80.48008,7.62883],[80.48028,7.629],[80.4804,7.629],[80.48079,7.62886],[80.4815,7.62912],[80.48162,7.62891],[80.48273,7.62793],[80.48219,7.62731],[80.482,7.62729],[80.48181,7.62718],[80.48162,7.62691],[80.48146,7.6268],[80.48116,7.62675],[80.48109,7.62658],[80.48109,7.62627],[80.48117,7.62587],[80.48112,7.62573],[80.48119,7.62529],[80.48115,7.62509],[80.48125,7.62508],[80.48126,7.62486],[80.48162,7.62473],[80.48165,7.62463],[80.4815,7.62431],[80.4814,7.62374],[80.48061,7.62378],[80.48046,7.62392],[80.48043,7.62406],[80.47999,7.62386],[80.47976,7.62356],[80.47946,7.62353],[80.47895,7.62367],[80.47888,7.62376],[80.47873,7.62425]]]}},{"type":"Feature","properties":{"c":"farmland"},"geometry":{"type":"Polygon","coordinates":[[[80.47393,7.6263],[80.47401,7.62648],[80.47426,7.6268],[80.47453,7.62738],[80.47476,7.62757],[80.47475,7.62808],[80.47485,7.62817],[80.47472,7.62836],[80.47475,7.62855],[80.47469,7.62885],[80.47453,7.62893],[80.47411,7.62902],[80.47417,7.62928],[80.47481,7.62935],[80.47527,7.62921],[80.47546,7.62909],[80.47546,7.62895],[80.47579,7.62887],[80.47587,7.62871],[80.47582,7.6282],[80.47616,7.62816],[80.47606,7.62752],[80.47592,7.62716],[80.4758,7.62703],[80.47601,7.62635],[80.47645,7.62548],[80.4763,7.6253],[80.47638,7.62519],[80.47618,7.625],[80.47528,7.62489],[80.47504,7.62502],[80.47508,7.62582],[80.47447,7.62609],[80.47411,7.62616],[80.47393,7.6263]]]}},{"type":"Feature","properties":{"c":"farmland"},"geometry":{"type":"Polygon","coordinates":[[[80.46385,7.63962],[80.46431,7.63978],[80.46433,7.63965],[80.46455,7.63965],[80.46473,7.63918],[80.46504,7.63932],[80.46501,7.63922],[80.46512,7.63855],[80.46546,7.63849],[80.46554,7.63838],[80.46561,7.63812],[80.46635,7.6374],[80.46671,7.6374],[80.46696,7.63744],[80.46717,7.63734],[80.46726,7.63715],[80.46753,7.63707],[80.46755,7.63693],[80.46793,7.63652],[80.46852,7.63621],[80.46892,7.6359],[80.46958,7.63551],[80.47056,7.6346],[80.47044,7.63436],[80.47012,7.63399],[80.46995,7.63411],[80.46956,7.63423],[80.46936,7.63414],[80.46921,7.63428],[80.46937,7.63438],[80.46901,7.63471],[80.46841,7.6351],[80.46845,7.63529],[80.46836,7.63532],[80.46823,7.63528],[80.46831,7.63505],[80.46813,7.63491],[80.46812,7.63465],[80.46891,7.63391],[80.46908,7.63352],[80.46928,7.63329],[80.46951,7.63281],[80.4699,7.63239],[80.47002,7.63205],[80.47003,7.63139],[80.46967,7.63142],[80.46902,7.63169],[80.4686,7.63193],[80.46843,7.63223],[80.46876,7.63244],[80.46871,7.63257],[80.46878,7.63274],[80.4686,7.63324],[80.46851,7.63347],[80.46802,7.63395],[80.46773,7.63438],[80.46759,7.63447],[80.46747,7.63465],[80.46731,7.63463],[80.46724,7.63475],[80.4675,7.63481],[80.46736,7.63536],[80.46722,7.63538],[80.46714,7.63571],[80.46695,7.63557],[80.46673,7.63593],[80.46645,7.63583],[80.4663,7.6359],[80.46591,7.63575],[80.46601,7.63589],[80.46588,7.63615],[80.46644,7.63629],[80.46657,7.63641],[80.46624,7.63707],[80.46645,7.63715],[80.46627,7.63721],[80.46607,7.63746],[80.46578,7.63766],[80.46574,7.63782],[80.46542,7.63815],[80.46532,7.63803],[80.46518,7.63823],[80.46487,7.63826],[80.4648,7.63833],[80.46476,7.63851],[80.4649,7.6386],[80.46496,7.63899],[80.46447,7.63889],[80.46443,7.63894],[80.46454,7.6391],[80.46442,7.6394],[80.46396,7.63929],[80.46385,7.63962]]]}},{"type":"Feature","properties":{"c":"farmland"},"geometry":{"type":"Polygon","coordinates":[[[80.4412,7.64215],[80.44126,7.64295],[80.44139,7.64299],[80.44161,7.64293],[80.44179,7.64274],[80.4418,7.64166],[80.44198,7.64095],[80.44198,7.64074],[80.44186,7.64044],[80.44158,7.64045],[80.44142,7.64075],[80.44134,7.64104],[80.44132,7.64149],[80.4412,7.64215]]]}},{"type":"Feature","properties":{"c":"farmland"},"geometry":{"type":"Polygon","coordinates":[[[80.44689,7.6466],[80.44711,7.64669],[80.44762,7.64701],[80.44807,7.64694],[80.44813,7.64665],[80.44849,7.64674],[80.44862,7.64657],[80.44822,7.64638],[80.44829,7.64603],[80.44807,7.64601],[80.44793,7.6462],[80.44782,7.64655],[80.4474,7.64658],[80.44693,7.6464],[80.44689,7.6466]]]}},{"type":"Feature","properties":{"c":"farmland"},"geometry":{"type":"Polygon","coordinates":[[[80.44742,7.63657],[80.44747,7.63669],[80.44774,7.63656],[80.44822,7.6368],[80.44843,7.63648],[80.44866,7.63634],[80.44884,7.6363],[80.44914,7.63608],[80.44946,7.63593],[80.4495,7.63551],[80.44973,7.63514],[80.44982,7.63478],[80.44957,7.6348],[80.4496,7.63439],[80.44992,7.6343],[80.44992,7.63419],[80.44964,7.63426],[80.44944,7.63424],[80.44945,7.63412],[80.4501,7.63419],[80.45012,7.6341],[80.45022,7.63407],[80.45029,7.63394],[80.4503,7.63366],[80.45037,7.63359],[80.45033,7.63344],[80.45041,7.63294],[80.4502,7.63276],[80.45019,7.63265],[80.45029,7.63227],[80.45022,7.632],[80.45013,7.63188],[80.44999,7.63191],[80.44987,7.63233],[80.44971,7.63264],[80.44957,7.6333],[80.44951,7.63341],[80.44927,7.63346],[80.44927,7.63341],[80.44913,7.63343],[80.44899,7.63348],[80.44917,7.63358],[80.44901,7.63383],[80.44905,7.63408],[80.44894,7.63428],[80.44893,7.63441],[80.44871,7.63443],[80.44856,7.63453],[80.4485,7.63451],[80.44846,7.63443],[80.4484,7.63442],[80.44829,7.63408],[80.44815,7.63399],[80.44805,7.63402],[80.44802,7.63385],[80.44774,7.63387],[80.44768,7.63407],[80.44771,7.63452],[80.4479,7.63454],[80.44815,7.63449],[80.44818,7.63463],[80.44787,7.63477],[80.44763,7.6353],[80.448,7.63551],[80.44792,7.63578],[80.44775,7.63573],[80.44764,7.63578],[80.44759,7.63596],[80.44766,7.63608],[80.44765,7.63626],[80.44752,7.63625],[80.44753,7.63642],[80.44742,7.63657]]]}},{"type":"Feature","properties":{"c":"farmland"},"geometry":{"type":"Polygon","coordinates":[[[80.45231,7.63794],[80.45249,7.6381],[80.45262,7.63802],[80.45271,7.63813],[80.45288,7.63804],[80.45312,7.6378],[80.45315,7.63761],[80.45266,7.6374],[80.45248,7.63741],[80.45245,7.63766],[80.45231,7.63794]]]}},{"type":"Feature","properties":{"c":"farmland"},"geometry":{"type":"Polygon","coordinates":[[[80.45009,7.63609],[80.45051,7.63619],[80.45079,7.63636],[80.45098,7.63662],[80.45097,7.6369],[80.45103,7.63725],[80.45111,7.63752],[80.45124,7.63766],[80.45204,7.63772],[80.45203,7.63748],[80.45194,7.6374],[80.45193,7.63729],[80.45223,7.63687],[80.45182,7.63679],[80.45149,7.63681],[80.45145,7.63674],[80.45149,7.63653],[80.45123,7.63605],[80.4508,7.63574],[80.45059,7.63566],[80.45046,7.63564],[80.45019,7.63575],[80.45009,7.63609]]]}},{"type":"Feature","properties":{"c":"farmland"},"geometry":{"type":"Polygon","coordinates":[[[80.45038,7.63476],[80.45039,7.63506],[80.45085,7.63507],[80.45104,7.63517],[80.45168,7.63511],[80.45196,7.63478],[80.45219,7.63479],[80.45256,7.63454],[80.45268,7.6345],[80.45317,7.63458],[80.45386,7.6348],[80.45488,7.63467],[80.45507,7.63462],[80.45507,7.63448],[80.45497,7.63388],[80.45446,7.63397],[80.4543,7.63405],[80.45337,7.63413],[80.45327,7.63406],[80.45291,7.63398],[80.45229,7.63396],[80.45226,7.63401],[80.45196,7.63402],[80.45182,7.6342],[80.45157,7.63421],[80.45154,7.63429],[80.45135,7.63425],[80.4513,7.63412],[80.45116,7.63411],[80.45115,7.63425],[80.45106,7.63424],[80.45101,7.63432],[80.45094,7.63429],[80.45046,7.63438],[80.45038,7.63476]]]}},{"type":"Feature","properties":{"c":"farmland"},"geometry":{"type":"Polygon","coordinates":[[[80.44244,7.6363],[80.44303,7.63678],[80.44335,7.63646],[80.4432,7.6364],[80.44321,7.63616],[80.44326,7.63606],[80.44333,7.63608],[80.44338,7.63601],[80.44349,7.63603],[80.44361,7.63592],[80.44399,7.63545],[80.4441,7.63521],[80.44403,7.63516],[80.4442,7.63449],[80.44435,7.6343],[80.44443,7.63411],[80.44454,7.63365],[80.44445,7.63223],[80.44445,7.63136],[80.44452,7.63101],[80.4444,7.63064],[80.4438,7.63053],[80.44341,7.63064],[80.44329,7.6307],[80.44326,7.63077],[80.44334,7.63093],[80.44341,7.6309],[80.44338,7.63128],[80.4434,7.63137],[80.44349,7.6314],[80.44349,7.63156],[80.44376,7.63155],[80.44381,7.63168],[80.44383,7.63183],[80.44376,7.63198],[80.44375,7.63218],[80.44386,7.63223],[80.44377,7.63229],[80.44368,7.63251],[80.44369,7.63274],[80.44382,7.6329],[80.44377,7.63301],[80.44384,7.63305],[80.4436,7.63331],[80.44357,7.63345],[80.44362,7.63357],[80.44347,7.63369],[80.44338,7.63417],[80.44345,7.63425],[80.44318,7.63512],[80.44317,7.6353],[80.44301,7.63555],[80.44277,7.63574],[80.44244,7.6363]]]}},{"type":"Feature","properties":{"c":"farmland","n":"Paddy Land"},"geometry":{"type":"Polygon","coordinates":[[[80.45659,7.60119],[80.45671,7.60122],[80.45669,7.60136],[80.45685,7.60139],[80.45695,7.60128],[80.45725,7.60131],[80.45728,7.60156],[80.45734,7.60157],[80.45734,7.60183],[80.45776,7.6017],[80.45783,7.60155],[80.45805,7.60153],[80.4581,7.60161],[80.45821,7.60165],[80.45819,7.60173],[80.45825,7.60179],[80.45826,7.60188],[80.45834,7.60187],[80.45826,7.60201],[80.45899,7.60212],[80.45892,7.60201],[80.45902,7.60185],[80.45915,7.60135],[80.45946,7.60118],[80.45958,7.60098],[80.45966,7.60064],[80.4596,7.60048],[80.45973,7.60031],[80.45979,7.60012],[80.45944,7.60001],[80.45956,7.59976],[80.4595,7.59965],[80.45925,7.5995],[80.45915,7.59973],[80.45868,7.59983],[80.45864,7.5999],[80.45873,7.60011],[80.45883,7.60023],[80.45837,7.6004],[80.4581,7.60045],[80.4581,7.60053],[80.4578,7.60068],[80.45771,7.60083],[80.45758,7.60073],[80.45716,7.60082],[80.45694,7.60077],[80.45686,7.60068],[80.4567,7.60075],[80.45665,7.6007],[80.45659,7.60119]]]}},{"type":"Feature","properties":{"c":"farmland","n":"Paddy Land"},"geometry":{"type":"Polygon","coordinates":[[[80.4601,7.60466],[80.46015,7.60504],[80.46052,7.60551],[80.46079,7.60568],[80.46082,7.60551],[80.46097,7.60536],[80.46201,7.60469],[80.46194,7.60454],[80.46204,7.60448],[80.46204,7.6044],[80.46233,7.6042],[80.46249,7.60421],[80.46252,7.60426],[80.46264,7.60418],[80.46215,7.60329],[80.46154,7.60354],[80.46059,7.60435],[80.46044,7.60424],[80.4601,7.60466]]]}},{"type":"Feature","properties":{"c":"farmland"},"geometry":{"type":"Polygon","coordinates":[[[80.46174,7.59831],[80.46183,7.5989],[80.46201,7.59935],[80.46205,7.59962],[80.4621,7.59963],[80.46211,7.59982],[80.46234,7.59992],[80.46236,7.60004],[80.46274,7.60024],[80.46257,7.60082],[80.46266,7.60103],[80.46236,7.60134],[80.46244,7.60163],[80.46188,7.60172],[80.46217,7.60294],[80.46235,7.60344],[80.46279,7.60418],[80.46358,7.60471],[80.4641,7.60493],[80.46437,7.60522],[80.4646,7.60563],[80.46455,7.60574],[80.46461,7.60585],[80.46486,7.60611],[80.4653,7.60645],[80.46579,7.6072],[80.4658,7.60748],[80.46562,7.6077],[80.46623,7.60816],[80.46672,7.60771],[80.46715,7.60707],[80.46717,7.60697],[80.46666,7.60609],[80.46585,7.60581],[80.46568,7.60569],[80.4655,7.60544],[80.46526,7.60524],[80.46571,7.60491],[80.46621,7.60476],[80.46643,7.60503],[80.46665,7.60519],[80.46721,7.6055],[80.46755,7.60581],[80.4677,7.60583],[80.46795,7.60631],[80.46826,7.6067],[80.46837,7.60693],[80.46848,7.60699],[80.46884,7.60743],[80.46905,7.60738],[80.46911,7.60725],[80.46903,7.60689],[80.46909,7.60685],[80.4693,7.60687],[80.46944,7.60679],[80.46962,7.60678],[80.46965,7.60671],[80.46955,7.60623],[80.46942,7.60613],[80.46934,7.60612],[80.46896,7.60641],[80.46889,7.60633],[80.46873,7.60628],[80.4686,7.60629],[80.46796,7.60522],[80.46771,7.60496],[80.46751,7.60485],[80.46721,7.60453],[80.46712,7.60458],[80.46691,7.60443],[80.46682,7.60442],[80.46659,7.60416],[80.46642,7.6041],[80.46651,7.60392],[80.46695,7.60372],[80.46748,7.60327],[80.46817,7.60289],[80.46863,7.60256],[80.46859,7.60224],[80.46869,7.60222],[80.4687,7.60214],[80.46862,7.60182],[80.46842,7.60149],[80.46828,7.60155],[80.46828,7.60162],[80.46819,7.60172],[80.46805,7.60174],[80.46772,7.60191],[80.46737,7.60202],[80.4669,7.60195],[80.46657,7.60224],[80.46639,7.6023],[80.4662,7.6023],[80.46601,7.60245],[80.4657,7.60245],[80.46552,7.60251],[80.46536,7.60253],[80.46526,7.60249],[80.46506,7.60229],[80.46476,7.60244],[80.46455,7.60221],[80.46445,7.60199],[80.46484,7.60171],[80.46488,7.60154],[80.46493,7.6015],[80.4653,7.60139],[80.46523,7.60115],[80.46502,7.60113],[80.46498,7.60074],[80.4647,7.60052],[80.4648,7.60041],[80.46506,7.60041],[80.46526,7.60005],[80.46535,7.60023],[80.46584,7.60023],[80.46611,7.60015],[80.46637,7.60023],[80.4666,7.60022],[80.46684,7.60001],[80.46724,7.59987],[80.46745,7.59968],[80.46761,7.59961],[80.4676,7.59954],[80.46754,7.59949],[80.4674,7.59951],[80.46715,7.59945],[80.46685,7.59956],[80.46654,7.59976],[80.46654,7.59988],[80.46635,7.59985],[80.46628,7.59972],[80.4663,7.59964],[80.46625,7.5996],[80.46616,7.59957],[80.46612,7.59962],[80.46584,7.59951],[80.46568,7.59952],[80.4657,7.59925],[80.4655,7.59903],[80.46529,7.59899],[80.46485,7.59911],[80.46478,7.59895],[80.46468,7.59891],[80.46397,7.59892],[80.46371,7.59811],[80.46359,7.59817],[80.46333,7.59746],[80.4631,7.59757],[80.46285,7.59734],[80.46277,7.59714],[80.46265,7.5971],[80.46213,7.5974],[80.46211,7.59749],[80.46228,7.59777],[80.46231,7.5981],[80.46204,7.5981],[80.46204,7.59828],[80.46174,7.59831]]]}},{"type":"Feature","properties":{"c":"farmland","n":"Paddy Land"},"geometry":{"type":"Polygon","coordinates":[[[80.45137,7.60642],[80.45151,7.60689],[80.4518,7.6072],[80.45179,7.6076],[80.45162,7.60825],[80.45168,7.60838],[80.45168,7.60852],[80.45233,7.60852],[80.45251,7.60881],[80.45289,7.60878],[80.45317,7.60865],[80.45327,7.60849],[80.45331,7.60832],[80.45326,7.60822],[80.4533,7.60813],[80.45341,7.60807],[80.45355,7.60832],[80.45363,7.60825],[80.4537,7.60801],[80.45351,7.60787],[80.45354,7.60774],[80.45315,7.60752],[80.45288,7.60748],[80.45303,7.60741],[80.45306,7.60733],[80.45309,7.60676],[80.45342,7.60664],[80.45339,7.60652],[80.4535,7.60634],[80.45344,7.6063],[80.45325,7.60636],[80.4532,7.60632],[80.45292,7.60628],[80.45291,7.60588],[80.45355,7.60592],[80.45375,7.60583],[80.45378,7.60577],[80.45387,7.60576],[80.45389,7.60584],[80.45402,7.60584],[80.45401,7.60564],[80.45392,7.60563],[80.4539,7.60535],[80.45394,7.60534],[80.45396,7.60484],[80.45424,7.60484],[80.45434,7.60391],[80.45382,7.60371],[80.45393,7.60346],[80.45406,7.6034],[80.45404,7.60328],[80.45408,7.60318],[80.45426,7.60314],[80.45426,7.60282],[80.45417,7.60276],[80.45411,7.60264],[80.45421,7.60218],[80.45421,7.60141],[80.45414,7.60123],[80.45389,7.60125],[80.4539,7.60134],[80.45376,7.60138],[80.45354,7.60173],[80.45351,7.60184],[80.45357,7.60191],[80.45338,7.60211],[80.45338,7.60232],[80.45332,7.60238],[80.45344,7.60246],[80.45341,7.60262],[80.45328,7.6026],[80.45319,7.60281],[80.45326,7.60314],[80.45298,7.60367],[80.45284,7.60415],[80.45272,7.60432],[80.45244,7.60507],[80.45247,7.60525],[80.45259,7.60545],[80.45258,7.60568],[80.45253,7.60596],[80.45242,7.60601],[80.45234,7.60622],[80.4523,7.60638],[80.45235,7.60651],[80.4523,7.60654],[80.45217,7.60642],[80.45199,7.60645],[80.45196,7.60654],[80.45173,7.60658],[80.45173,7.60645],[80.45137,7.60642]]]}},{"type":"Feature","properties":{"c":"farmland"},"geometry":{"type":"Polygon","coordinates":[[[80.44906,7.6131],[80.44918,7.61316],[80.44944,7.61316],[80.44949,7.61321],[80.4495,7.61329],[80.4494,7.61334],[80.44937,7.61346],[80.44943,7.61368],[80.44955,7.61369],[80.44945,7.61418],[80.44972,7.61427],[80.45003,7.61424],[80.45006,7.61418],[80.45014,7.61416],[80.45036,7.61415],[80.45095,7.61432],[80.45106,7.61441],[80.45113,7.61438],[80.45131,7.61394],[80.45118,7.61385],[80.45091,7.61351],[80.45087,7.6133],[80.45181,7.61345],[80.4522,7.61338],[80.45236,7.61367],[80.45247,7.61395],[80.4522,7.61398],[80.45194,7.61411],[80.45185,7.61406],[80.45167,7.61408],[80.45161,7.61454],[80.45191,7.61494],[80.45181,7.61533],[80.45185,7.6155],[80.45216,7.61577],[80.45217,7.61632],[80.45235,7.61652],[80.4525,7.61658],[80.45253,7.61669],[80.45259,7.61674],[80.45269,7.61671],[80.45276,7.61682],[80.45279,7.61695],[80.45265,7.61712],[80.45271,7.61746],[80.45288,7.61783],[80.45308,7.61799],[80.4531,7.6181],[80.45308,7.6182],[80.45272,7.61829],[80.45272,7.61847],[80.45215,7.61872],[80.45205,7.61862],[80.45167,7.6185],[80.45146,7.61857],[80.45124,7.6188],[80.45124,7.61906],[80.45135,7.61926],[80.45222,7.61927],[80.45249,7.61942],[80.45259,7.61957],[80.45261,7.61982],[80.45248,7.62006],[80.45216,7.61994],[80.45198,7.61991],[80.45186,7.61995],[80.45179,7.62018],[80.45182,7.62032],[80.45177,7.62039],[80.45166,7.62043],[80.45168,7.62081],[80.45177,7.6209],[80.4519,7.62086],[80.45202,7.62067],[80.45227,7.6206],[80.45241,7.62064],[80.45265,7.6206],[80.45282,7.6207],[80.45327,7.62124],[80.45367,7.62154],[80.45378,7.62152],[80.45371,7.62138],[80.45373,7.6211],[80.45404,7.62037],[80.45404,7.62023],[80.45394,7.62001],[80.45395,7.61993],[80.45388,7.61976],[80.45383,7.6197],[80.45374,7.6197],[80.45347,7.61981],[80.45327,7.61997],[80.45288,7.61997],[80.45274,7.61948],[80.45288,7.61943],[80.45316,7.6195],[80.45323,7.61959],[80.45344,7.61908],[80.45346,7.61932],[80.4534,7.61942],[80.45341,7.61953],[80.45358,7.6196],[80.45364,7.61947],[80.45396,7.61971],[80.45402,7.61997],[80.45415,7.62014],[80.45416,7.62037],[80.45403,7.62053],[80.45398,7.62079],[80.4538,7.62106],[80.45378,7.62135],[80.45385,7.62156],[80.4538,7.62179],[80.45351,7.6222],[80.45359,7.62234],[80.45339,7.62295],[80.45308,7.62303],[80.45303,7.62289],[80.45294,7.62285],[80.45281,7.62327],[80.45296,7.62373],[80.45315,7.62392],[80.45323,7.62412],[80.45349,7.62424],[80.45355,7.62454],[80.45394,7.62453],[80.45394,7.62393],[80.45405,7.62377],[80.45442,7.62385],[80.4545,7.62356],[80.45466,7.62357],[80.45463,7.62374],[80.45496,7.62382],[80.45508,7.62376],[80.45522,7.62348],[80.45512,7.62334],[80.455,7.62296],[80.45509,7.62269],[80.45433,7.62252],[80.45452,7.62181],[80.45466,7.62093],[80.45468,7.6207],[80.4546,7.62046],[80.4547,7.62004],[80.45468,7.61959],[80.45464,7.61933],[80.45404,7.6189],[80.45401,7.6185],[80.45405,7.61843],[80.45432,7.61836],[80.45435,7.61812],[80.4544,7.61803],[80.45465,7.61788],[80.45494,7.6179],[80.4553,7.61783],[80.45548,7.61751],[80.45604,7.61709],[80.4561,7.61695],[80.45609,7.61672],[80.45617,7.6163],[80.45609,7.61608],[80.45637,7.61579],[80.45658,7.61514],[80.45682,7.61482],[80.45693,7.61453],[80.45727,7.61403],[80.45737,7.61403],[80.45756,7.61376],[80.45765,7.6132],[80.45755,7.61276],[80.4577,7.61218],[80.45759,7.61189],[80.4577,7.61135],[80.45762,7.61098],[80.45765,7.61081],[80.45761,7.61054],[80.45776,7.61045],[80.4579,7.61015],[80.4578,7.60992],[80.45779,7.60981],[80.45772,7.60977],[80.45775,7.60954],[80.45786,7.6094],[80.45785,7.60926],[80.45802,7.60901],[80.45821,7.60892],[80.45825,7.60885],[80.45816,7.60863],[80.45795,7.60878],[80.45769,7.60879],[80.45758,7.60875],[80.45759,7.60841],[80.4574,7.60831],[80.45735,7.60838],[80.45729,7.6085],[80.45729,7.60873],[80.45723,7.60883],[80.45714,7.60949],[80.45717,7.60966],[80.45727,7.60965],[80.45734,7.60979],[80.45748,7.60988],[80.4575,7.60995],[80.45736,7.60994],[80.45736,7.61001],[80.45718,7.61016],[80.4569,7.61097],[80.4569,7.61157],[80.45702,7.61198],[80.45718,7.61213],[80.45705,7.61224],[80.45701,7.61234],[80.45701,7.61286],[80.4571,7.61301],[80.45744,7.61334],[80.45732,7.61345],[80.45725,7.6136],[80.45705,7.61367],[80.45699,7.61346],[80.45689,7.61339],[80.45674,7.61343],[80.45659,7.61354],[80.45645,7.61394],[80.45639,7.6143],[80.45651,7.61438],[80.45632,7.61447],[80.45615,7.61464],[80.45602,7.615],[80.45566,7.61504],[80.45555,7.61542],[80.45558,7.61553],[80.45575,7.61556],[80.45576,7.6156],[80.45557,7.61582],[80.45539,7.61639],[80.4551,7.61692],[80.45494,7.61701],[80.45476,7.61703],[80.45441,7.61689],[80.45437,7.61634],[80.45422,7.61575],[80.45403,7.61566],[80.45382,7.61565],[80.45389,7.6153],[80.45407,7.61512],[80.45408,7.61493],[80.45397,7.61459],[80.45376,7.61452],[80.45404,7.61442],[80.454,7.61424],[80.45384,7.61409],[80.45401,7.61375],[80.45396,7.61361],[80.45401,7.61335],[80.45397,7.6131],[80.45388,7.61294],[80.4536,7.61294],[80.45362,7.6127],[80.45371,7.61263],[80.45385,7.61268],[80.45374,7.61216],[80.4535,7.61218],[80.45308,7.61211],[80.45317,7.6118],[80.45322,7.61124],[80.45313,7.61052],[80.45315,7.61039],[80.45331,7.61018],[80.45314,7.60972],[80.4529,7.60976],[80.4525,7.60961],[80.4524,7.6095],[80.45212,7.60949],[80.45196,7.60953],[80.45153,7.60983],[80.45146,7.60997],[80.45148,7.61014],[80.45167,7.61038],[80.45181,7.61045],[80.45213,7.61106],[80.45221,7.61144],[80.45204,7.61151],[80.45245,7.61191],[80.45232,7.61197],[80.45217,7.61213],[80.45209,7.61271],[80.452,7.61304],[80.45164,7.61303],[80.45145,7.61293],[80.45135,7.61278],[80.45132,7.61264],[80.45114,7.61252],[80.45102,7.61224],[80.45074,7.61184],[80.45066,7.61155],[80.45033,7.61157],[80.45022,7.61173],[80.44986,7.61176],[80.44993,7.61197],[80.45002,7.61196],[80.45012,7.61204],[80.45016,7.61221],[80.45044,7.61235],[80.45045,7.61247],[80.45008,7.61249],[80.45009,7.61263],[80.44995,7.61261],[80.44981,7.61266],[80.44974,7.61292],[80.44912,7.61287],[80.44906,7.6131]]]}},{"type":"Feature","properties":{"c":"farmland","n":"Paddy Land"},"geometry":{"type":"Polygon","coordinates":[[[80.44773,7.61613],[80.44777,7.61692],[80.44782,7.61707],[80.44789,7.61713],[80.448,7.61704],[80.44823,7.61699],[80.44833,7.61691],[80.44859,7.61693],[80.44865,7.617],[80.44856,7.6177],[80.44864,7.61773],[80.44866,7.61818],[80.4486,7.61823],[80.4486,7.61858],[80.44848,7.619],[80.4486,7.61905],[80.44876,7.61899],[80.44887,7.61911],[80.44877,7.61914],[80.44868,7.61958],[80.44822,7.61959],[80.44823,7.61974],[80.4486,7.61981],[80.44874,7.62031],[80.44902,7.62036],[80.44923,7.62],[80.44929,7.61953],[80.44958,7.61955],[80.4497,7.61949],[80.44998,7.6195],[80.45022,7.61927],[80.45052,7.61915],[80.45047,7.61912],[80.45039,7.61876],[80.4504,7.61845],[80.45046,7.61828],[80.45077,7.61829],[80.4508,7.61817],[80.45141,7.61843],[80.45149,7.6185],[80.45167,7.6185],[80.45199,7.61859],[80.45215,7.61872],[80.45272,7.61847],[80.45272,7.61829],[80.45259,7.61827],[80.45256,7.6182],[80.45229,7.61804],[80.45224,7.61796],[80.45201,7.618],[80.452,7.61785],[80.4519,7.6177],[80.45192,7.61756],[80.45172,7.61731],[80.45058,7.61635],[80.45043,7.61632],[80.45016,7.61593],[80.44996,7.61594],[80.44974,7.61583],[80.44959,7.61568],[80.44961,7.61554],[80.44946,7.61544],[80.44942,7.61559],[80.44927,7.61558],[80.44918,7.61593],[80.44952,7.61601],[80.44957,7.61607],[80.4495,7.61623],[80.44934,7.61627],[80.44921,7.61619],[80.44915,7.61635],[80.44902,7.61638],[80.44872,7.61631],[80.44864,7.61633],[80.44856,7.61631],[80.44849,7.6161],[80.44842,7.61607],[80.44819,7.61617],[80.44814,7.61605],[80.44804,7.61607],[80.44799,7.61598],[80.44781,7.61601],[80.44773,7.61613]]]}},{"type":"Feature","properties":{"c":"farmland"},"geometry":{"type":"Polygon","coordinates":[[[80.44397,7.53927],[80.44412,7.53929],[80.44411,7.53936],[80.44421,7.53947],[80.44418,7.53974],[80.44423,7.53982],[80.44416,7.54005],[80.44493,7.54027],[80.44483,7.54046],[80.44505,7.5404],[80.44527,7.54043],[80.44533,7.54051],[80.44533,7.5406],[80.44542,7.54064],[80.4455,7.54074],[80.44585,7.54068],[80.44585,7.54043],[80.4457,7.5401],[80.44537,7.53992],[80.44519,7.53988],[80.44485,7.53965],[80.44477,7.53972],[80.4446,7.53957],[80.44502,7.53928],[80.44517,7.53892],[80.44548,7.53881],[80.44573,7.53879],[80.44591,7.53861],[80.44557,7.53841],[80.44551,7.53833],[80.44516,7.53841],[80.445,7.5385],[80.44469,7.53845],[80.44469,7.53857],[80.44451,7.53857],[80.44436,7.53856],[80.44402,7.53831],[80.44399,7.5387],[80.44409,7.53872],[80.44408,7.53876],[80.44397,7.53927]]]}},{"type":"Feature","properties":{"c":"farmland"},"geometry":{"type":"Polygon","coordinates":[[[80.44671,7.53873],[80.44715,7.53888],[80.4474,7.53931],[80.44726,7.53957],[80.4471,7.53959],[80.44719,7.53988],[80.44729,7.54073],[80.44748,7.54079],[80.44782,7.54076],[80.44805,7.5407],[80.44832,7.54051],[80.44826,7.54046],[80.44824,7.54026],[80.44817,7.54013],[80.44842,7.53989],[80.44862,7.5396],[80.44851,7.53956],[80.44814,7.53925],[80.44768,7.53831],[80.44745,7.53827],[80.44734,7.53818],[80.44688,7.53811],[80.44671,7.53873]]]}},{"type":"Feature","properties":{"c":"farmland"},"geometry":{"type":"Polygon","coordinates":[[[80.43118,7.53791],[80.4312,7.53806],[80.43142,7.53828],[80.43162,7.53836],[80.43154,7.53848],[80.43181,7.53878],[80.43233,7.53901],[80.43249,7.5395],[80.43243,7.53961],[80.43254,7.53978],[80.43242,7.53981],[80.43251,7.5399],[80.43272,7.53992],[80.43279,7.53977],[80.43273,7.53973],[80.43282,7.53956],[80.43271,7.53952],[80.43272,7.53944],[80.4328,7.5394],[80.43264,7.53901],[80.43271,7.53895],[80.43269,7.53883],[80.43259,7.5387],[80.43248,7.53865],[80.43218,7.53861],[80.43209,7.53856],[80.43182,7.53828],[80.43176,7.53802],[80.43211,7.53783],[80.43221,7.53754],[80.4322,7.53747],[80.43236,7.53727],[80.43256,7.53719],[80.43301,7.5372],[80.4331,7.53723],[80.43341,7.53781],[80.43327,7.53806],[80.43333,7.53823],[80.43357,7.53829],[80.43359,7.53835],[80.43382,7.53838],[80.43374,7.53877],[80.43392,7.53882],[80.43414,7.53897],[80.43453,7.53941],[80.43458,7.53952],[80.43457,7.53977],[80.4347,7.53998],[80.43508,7.54038],[80.43547,7.54042],[80.43551,7.54022],[80.43565,7.54027],[80.43578,7.54006],[80.43593,7.54014],[80.43609,7.54014],[80.43618,7.54036],[80.43612,7.54059],[80.43594,7.54077],[80.43584,7.54077],[80.4357,7.54085],[80.43572,7.54103],[80.43561,7.54109],[80.43552,7.54088],[80.4354,7.54085],[80.43527,7.54082],[80.43502,7.54084],[80.43497,7.54105],[80.4348,7.54121],[80.43456,7.54173],[80.43449,7.54208],[80.43441,7.54223],[80.43405,7.5425],[80.43398,7.54261],[80.43405,7.54273],[80.43434,7.54289],[80.43465,7.5432],[80.43523,7.54348],[80.43535,7.54351],[80.4355,7.54343],[80.43561,7.54326],[80.43567,7.543],[80.43588,7.54277],[80.43592,7.54268],[80.43592,7.54262],[80.43586,7.54258],[80.43586,7.54245],[80.43593,7.54221],[80.43591,7.54215],[80.43575,7.5421],[80.43573,7.54203],[80.4361,7.5416],[80.43633,7.54148],[80.43635,7.5412],[80.43652,7.54102],[80.43661,7.54101],[80.43684,7.54104],[80.43678,7.54117],[80.43686,7.54128],[80.43715,7.54147],[80.43706,7.54153],[80.43706,7.54163],[80.43723,7.54174],[80.43743,7.54172],[80.43738,7.54193],[80.43746,7.542],[80.43739,7.54206],[80.43747,7.54234],[80.43723,7.54246],[80.43671,7.54259],[80.4367,7.5427],[80.43677,7.54295],[80.437,7.54323],[80.43712,7.54345],[80.43724,7.54397],[80.43829,7.54405],[80.43846,7.54389],[80.43851,7.54378],[80.43907,7.54344],[80.43922,7.54319],[80.4393,7.54293],[80.43931,7.54273],[80.43926,7.54257],[80.43922,7.54216],[80.4391,7.54207],[80.43888,7.54213],[80.43859,7.54198],[80.4384,7.54154],[80.43813,7.54145],[80.43798,7.54107],[80.43789,7.54096],[80.43781,7.5409],[80.43769,7.5409],[80.4376,7.54081],[80.43732,7.54032],[80.43726,7.54013],[80.43728,7.53935],[80.4373,7.53918],[80.43739,7.53905],[80.43755,7.53894],[80.43764,7.53878],[80.43791,7.53872],[80.43852,7.53883],[80.4386,7.53891],[80.43892,7.53973],[80.43909,7.5399],[80.43896,7.53998],[80.43908,7.54023],[80.43905,7.54032],[80.43913,7.54038],[80.43917,7.54057],[80.43913,7.54064],[80.43921,7.54071],[80.43917,7.54082],[80.43939,7.54089],[80.43978,7.54053],[80.43993,7.54034],[80.43995,7.54026],[80.43992,7.54021],[80.4397,7.54012],[80.43974,7.53998],[80.43957,7.53984],[80.4396,7.53963],[80.43947,7.53959],[80.43949,7.53942],[80.43956,7.53936],[80.4396,7.5392],[80.43969,7.53911],[80.43968,7.53902],[80.43959,7.53898],[80.4395,7.5391],[80.43936,7.53905],[80.4394,7.53892],[80.43938,7.53874],[80.43928,7.53874],[80.43916,7.53864],[80.43915,7.53853],[80.43878,7.53847],[80.43876,7.53818],[80.43856,7.53818],[80.43847,7.53831],[80.43847,7.53798],[80.43839,7.53762],[80.43843,7.53753],[80.43843,7.53733],[80.43822,7.53713],[80.43828,7.53674],[80.43829,7.5361],[80.43819,7.53573],[80.43791,7.53537],[80.43798,7.53531],[80.43786,7.5352],[80.43777,7.53513],[80.43762,7.53526],[80.43751,7.53516],[80.43766,7.53503],[80.43761,7.53494],[80.43722,7.53472],[80.43713,7.53455],[80.43708,7.53421],[80.43601,7.5328],[80.43559,7.53316],[80.4359,7.5335],[80.4361,7.53359],[80.43645,7.5341],[80.43634,7.53418],[80.43634,7.53425],[80.43652,7.53457],[80.43665,7.53468],[80.43657,7.53472],[80.43665,7.53498],[80.43645,7.5351],[80.43648,7.53521],[80.4363,7.53526],[80.43628,7.53518],[80.43612,7.53528],[80.43615,7.53536],[80.43579,7.53545],[80.43569,7.53542],[80.4356,7.53547],[80.43527,7.53547],[80.43498,7.53558],[80.43492,7.53558],[80.43483,7.53539],[80.43449,7.53543],[80.43401,7.53541],[80.43389,7.5356],[80.43404,7.53563],[80.43398,7.53576],[80.4339,7.53574],[80.43387,7.53584],[80.43414,7.53599],[80.43414,7.53642],[80.43407,7.53666],[80.43413,7.53671],[80.4343,7.53676],[80.43436,7.53642],[80.43514,7.53645],[80.43509,7.53742],[80.43428,7.53733],[80.4342,7.53743],[80.43413,7.53768],[80.43402,7.53775],[80.43378,7.53765],[80.43367,7.53768],[80.43361,7.53758],[80.43356,7.53719],[80.43347,7.53707],[80.43336,7.53701],[80.43338,7.53697],[80.43322,7.53692],[80.43309,7.53697],[80.43273,7.53683],[80.43281,7.53651],[80.4332,7.53614],[80.43337,7.53582],[80.43339,7.53519],[80.43334,7.53495],[80.43309,7.53476],[80.43319,7.53432],[80.43307,7.53417],[80.43302,7.53395],[80.43266,7.53347],[80.43249,7.53339],[80.43241,7.53324],[80.43226,7.53317],[80.43201,7.53339],[80.43197,7.53351],[80.43211,7.53362],[80.43211,7.5338],[80.43229,7.53387],[80.43225,7.53402],[80.43234,7.53423],[80.43268,7.53442],[80.43264,7.53453],[80.43269,7.53458],[80.43268,7.53468],[80.43277,7.53476],[80.4328,7.53488],[80.43277,7.535],[80.43295,7.53536],[80.43287,7.53545],[80.43293,7.53567],[80.43266,7.53586],[80.43272,7.53594],[80.43255,7.53622],[80.43236,7.53633],[80.43208,7.53672],[80.43193,7.53679],[80.43185,7.53672],[80.43185,7.53677],[80.43179,7.53676],[80.43174,7.53682],[80.43179,7.53718],[80.43167,7.53732],[80.43141,7.53741],[80.43122,7.53732],[80.43126,7.53768],[80.43118,7.53791]],[[80.43554,7.53915],[80.43559,7.53859],[80.43576,7.5381],[80.43578,7.53788],[80.43601,7.53745],[80.43626,7.53725],[80.43608,7.53649],[80.43617,7.53634],[80.43638,7.53626],[80.43656,7.53609],[80.43658,7.53599],[80.4365,7.53571],[80.43689,7.5357],[80.43724,7.53586],[80.43746,7.5362],[80.43753,7.53642],[80.43748,7.53696],[80.43752,7.53741],[80.43748,7.53803],[80.43699,7.53851],[80.43659,7.53923],[80.43647,7.53955],[80.43622,7.5397],[80.43614,7.53973],[80.43587,7.53963],[80.43582,7.53957],[80.43583,7.53945],[80.43558,7.5393],[80.43554,7.53915]]]}},{"type":"Feature","properties":{"c":"farmland","n":"Paddy Land"},"geometry":{"type":"Polygon","coordinates":[[[80.4134,7.54725],[80.41341,7.54772],[80.41349,7.54797],[80.41382,7.54802],[80.41391,7.54792],[80.414,7.54745],[80.41383,7.54725],[80.41387,7.54714],[80.41407,7.54713],[80.4141,7.5468],[80.41421,7.54677],[80.41436,7.54663],[80.41429,7.54653],[80.41408,7.54651],[80.41385,7.54672],[80.4134,7.54725]]]}},{"type":"Feature","properties":{"c":"farmland","n":"Paddy Land"},"geometry":{"type":"Polygon","coordinates":[[[80.42156,7.54825],[80.42305,7.54776],[80.42321,7.54765],[80.42327,7.54703],[80.42308,7.54703],[80.4229,7.54692],[80.42288,7.547],[80.42271,7.54703],[80.42269,7.54713],[80.42256,7.54717],[80.4225,7.54683],[80.42239,7.54687],[80.4225,7.54716],[80.42236,7.5472],[80.42242,7.54737],[80.42196,7.54748],[80.42168,7.54761],[80.42156,7.54825]]]}},{"type":"Feature","properties":{"c":"farmland"},"geometry":{"type":"Polygon","coordinates":[[[80.42362,7.5495],[80.42371,7.54964],[80.42371,7.54976],[80.42376,7.54985],[80.42413,7.54985],[80.42421,7.54982],[80.42423,7.54975],[80.42444,7.54977],[80.42451,7.54969],[80.42488,7.54954],[80.42491,7.54957],[80.42529,7.54935],[80.42524,7.54909],[80.42527,7.54896],[80.42588,7.54823],[80.42588,7.54797],[80.42604,7.54758],[80.42634,7.54732],[80.42647,7.54735],[80.42662,7.54722],[80.42662,7.54709],[80.42675,7.54684],[80.42686,7.54686],[80.42694,7.5465],[80.42717,7.54594],[80.42739,7.54584],[80.42807,7.5457],[80.42819,7.54562],[80.42829,7.54565],[80.42864,7.54547],[80.42893,7.54492],[80.42885,7.54486],[80.42885,7.54472],[80.42868,7.54466],[80.42873,7.54448],[80.42863,7.54436],[80.42837,7.54439],[80.42825,7.54428],[80.42793,7.54428],[80.42757,7.54442],[80.427,7.54448],[80.42707,7.54497],[80.42703,7.5451],[80.4266,7.54545],[80.42665,7.5455],[80.42655,7.54568],[80.42641,7.54562],[80.42637,7.54609],[80.42615,7.54662],[80.42577,7.54706],[80.4257,7.54685],[80.42543,7.54649],[80.42532,7.54623],[80.42536,7.5461],[80.42532,7.54591],[80.42535,7.54485],[80.4254,7.54476],[80.42553,7.5447],[80.42554,7.54459],[80.42548,7.54444],[80.42515,7.54444],[80.42502,7.54463],[80.4249,7.54498],[80.42479,7.54508],[80.42449,7.54566],[80.42445,7.54577],[80.42454,7.54591],[80.4245,7.5461],[80.42426,7.5464],[80.42427,7.54647],[80.4241,7.54655],[80.42429,7.5468],[80.42457,7.54664],[80.42464,7.54666],[80.42476,7.54688],[80.42471,7.5469],[80.42474,7.54708],[80.42478,7.54718],[80.42487,7.54716],[80.42491,7.54731],[80.42484,7.54735],[80.425,7.54764],[80.42483,7.54793],[80.42431,7.54848],[80.42447,7.54877],[80.4242,7.54908],[80.42389,7.54934],[80.42362,7.54943],[80.42362,7.5495]]]}},{"type":"Feature","properties":{"c":"farmland","n":"Paddy Land"},"geometry":{"type":"Polygon","coordinates":[[[80.4142,7.54366],[80.41432,7.54382],[80.4145,7.54427],[80.41455,7.54426],[80.41483,7.5449],[80.41475,7.54515],[80.41475,7.54555],[80.41481,7.54559],[80.41497,7.54552],[80.41523,7.54553],[80.41549,7.54596],[80.41539,7.54615],[80.41541,7.5462],[80.41558,7.5463],[80.41569,7.54628],[80.41579,7.5464],[80.41613,7.54654],[80.41633,7.5464],[80.41637,7.54618],[80.41619,7.54604],[80.41629,7.54579],[80.41641,7.54569],[80.41653,7.54568],[80.41697,7.54541],[80.41707,7.5453],[80.41708,7.54508],[80.41726,7.54506],[80.41712,7.54462],[80.41726,7.54454],[80.41728,7.54409],[80.41761,7.54351],[80.41783,7.54285],[80.41786,7.54279],[80.41794,7.54281],[80.418,7.54246],[80.41768,7.54248],[80.41755,7.54288],[80.41735,7.54311],[80.41708,7.54328],[80.41675,7.54316],[80.41654,7.54327],[80.41655,7.54347],[80.41663,7.54369],[80.41643,7.54414],[80.4164,7.54436],[80.4163,7.54456],[80.41593,7.54474],[80.41601,7.54502],[80.41587,7.54504],[80.41569,7.54496],[80.41573,7.54515],[80.41546,7.54514],[80.41541,7.5451],[80.41543,7.54482],[80.41537,7.54463],[80.41527,7.5445],[80.41499,7.54438],[80.41498,7.54411],[80.4149,7.54403],[80.41493,7.54384],[80.41476,7.54337],[80.4142,7.54366]]]}},{"type":"Feature","properties":{"c":"farmland","n":"Paddy Land"},"geometry":{"type":"Polygon","coordinates":[[[80.4137,7.54156],[80.4138,7.54181],[80.41382,7.54252],[80.41374,7.54285],[80.41388,7.54323],[80.41416,7.54361],[80.41472,7.54332],[80.41467,7.54312],[80.41441,7.54274],[80.41426,7.54172],[80.41428,7.54128],[80.41463,7.54061],[80.41483,7.54034],[80.41522,7.54003],[80.41536,7.53999],[80.4155,7.54005],[80.41577,7.54002],[80.41583,7.54011],[80.41612,7.54018],[80.41681,7.54019],[80.41692,7.54012],[80.41709,7.53964],[80.41746,7.53948],[80.41762,7.53935],[80.4179,7.53943],[80.41788,7.53865],[80.41782,7.53825],[80.41757,7.53833],[80.41719,7.53862],[80.41633,7.53942],[80.41606,7.53951],[80.41575,7.53951],[80.41501,7.53923],[80.41485,7.53935],[80.41412,7.54016],[80.41398,7.54043],[80.41374,7.54125],[80.4137,7.54156]]]}},{"type":"Feature","properties":{"c":"farmland"},"geometry":{"type":"Polygon","coordinates":[[[80.42275,7.53338],[80.42282,7.53351],[80.42323,7.53329],[80.42406,7.53328],[80.42452,7.53321],[80.42498,7.5329],[80.42524,7.53263],[80.42537,7.5327],[80.42546,7.53261],[80.42573,7.53265],[80.42592,7.53235],[80.42609,7.53278],[80.42618,7.5329],[80.42641,7.53303],[80.42668,7.53313],[80.42684,7.533],[80.42715,7.53303],[80.42729,7.5331],[80.42769,7.5332],[80.42771,7.53364],[80.42798,7.53359],[80.42793,7.53327],[80.42798,7.53298],[80.42811,7.53278],[80.42816,7.53275],[80.42826,7.53283],[80.42832,7.53282],[80.42836,7.53271],[80.42835,7.53281],[80.42848,7.5329],[80.42845,7.53297],[80.42837,7.53298],[80.42836,7.53304],[80.42847,7.53312],[80.42853,7.53379],[80.42873,7.53374],[80.42881,7.53379],[80.42867,7.53416],[80.42859,7.53415],[80.42857,7.53428],[80.42865,7.53429],[80.42856,7.53443],[80.42885,7.53462],[80.42901,7.53445],[80.42914,7.53452],[80.42908,7.53423],[80.42932,7.53421],[80.42937,7.53413],[80.4293,7.53411],[80.42932,7.53406],[80.42952,7.53384],[80.42966,7.53393],[80.42985,7.53397],[80.42996,7.53411],[80.42981,7.53492],[80.43017,7.53498],[80.43032,7.53429],[80.4303,7.53419],[80.43023,7.53417],[80.43036,7.53344],[80.43034,7.53311],[80.43039,7.53302],[80.43057,7.53299],[80.43067,7.53288],[80.43074,7.53291],[80.43089,7.53251],[80.43055,7.53244],[80.4304,7.53258],[80.43042,7.53267],[80.43035,7.53285],[80.43021,7.53296],[80.43014,7.53322],[80.42996,7.53349],[80.43002,7.53352],[80.43,7.53371],[80.42984,7.53365],[80.42981,7.53377],[80.42918,7.53362],[80.42913,7.53357],[80.42901,7.53363],[80.42893,7.53349],[80.42887,7.53309],[80.4287,7.53293],[80.42867,7.53281],[80.42865,7.53259],[80.42858,7.53247],[80.4286,7.53232],[80.42873,7.53218],[80.42859,7.53183],[80.42856,7.53165],[80.42839,7.53149],[80.42836,7.53121],[80.42822,7.5312],[80.42826,7.53099],[80.4282,7.53093],[80.42789,7.53089],[80.42782,7.53081],[80.42771,7.53046],[80.42753,7.53031],[80.42746,7.53031],[80.42701,7.53052],[80.42655,7.53062],[80.42655,7.53069],[80.42666,7.53071],[80.42661,7.53085],[80.42722,7.53082],[80.42733,7.53097],[80.42762,7.53108],[80.42767,7.53123],[80.42801,7.53143],[80.42804,7.53152],[80.42799,7.53167],[80.42814,7.53221],[80.42806,7.53225],[80.42793,7.53254],[80.42732,7.53244],[80.42723,7.53237],[80.42699,7.53236],[80.4269,7.53266],[80.42675,7.53257],[80.42679,7.53238],[80.42667,7.53203],[80.42655,7.53116],[80.42649,7.53106],[80.42629,7.53098],[80.42607,7.53114],[80.42609,7.53127],[80.42574,7.53166],[80.42559,7.53159],[80.4255,7.53179],[80.42531,7.53168],[80.42474,7.5324],[80.42437,7.53271],[80.42413,7.53282],[80.42316,7.53296],[80.42285,7.53309],[80.42286,7.5332],[80.42275,7.53338]]]}},{"type":"Feature","properties":{"c":"farmland"},"geometry":{"type":"Polygon","coordinates":[[[80.42568,7.53925],[80.42626,7.53965],[80.42647,7.53985],[80.4269,7.54004],[80.42702,7.54056],[80.42717,7.54069],[80.42727,7.5406],[80.42827,7.54128],[80.42864,7.54137],[80.42912,7.5413],[80.42925,7.54138],[80.42941,7.54136],[80.42948,7.54142],[80.42967,7.54136],[80.42971,7.54149],[80.43007,7.54173],[80.43,7.54185],[80.43028,7.54202],[80.43061,7.54262],[80.43086,7.54284],[80.43123,7.54295],[80.4314,7.54274],[80.43165,7.54273],[80.43168,7.54282],[80.43197,7.54285],[80.43247,7.54303],[80.4326,7.54301],[80.43303,7.54308],[80.43318,7.54276],[80.43314,7.54269],[80.43223,7.5422],[80.43201,7.54192],[80.43186,7.54145],[80.43149,7.54091],[80.43113,7.54105],[80.43094,7.54066],[80.43056,7.54081],[80.4305,7.54071],[80.43039,7.54065],[80.4301,7.54067],[80.42998,7.54018],[80.43001,7.54009],[80.43015,7.53992],[80.43033,7.53991],[80.43043,7.53972],[80.43044,7.53959],[80.43055,7.53944],[80.43083,7.53949],[80.43082,7.53891],[80.43088,7.53877],[80.43102,7.53873],[80.43083,7.53837],[80.43073,7.53791],[80.43039,7.53762],[80.43024,7.53771],[80.43006,7.53771],[80.43019,7.53809],[80.43028,7.53902],[80.43008,7.53914],[80.42965,7.5399],[80.42955,7.53995],[80.42943,7.5403],[80.42941,7.54067],[80.42861,7.54065],[80.42828,7.54057],[80.42812,7.54038],[80.42804,7.54007],[80.4278,7.53989],[80.42772,7.53973],[80.42703,7.53932],[80.42664,7.53902],[80.42642,7.53896],[80.42607,7.53875],[80.42568,7.53925]]]}},{"type":"Feature","properties":{"c":"farmland"},"geometry":{"type":"Polygon","coordinates":[[[80.43855,7.53575],[80.43868,7.53592],[80.43943,7.53566],[80.43957,7.53583],[80.43918,7.53592],[80.43893,7.53586],[80.43869,7.53596],[80.43902,7.53646],[80.43907,7.53647],[80.43937,7.5364],[80.44027,7.5364],[80.44037,7.5363],[80.44038,7.53624],[80.44032,7.53618],[80.4405,7.53616],[80.44056,7.53608],[80.44097,7.53608],[80.44119,7.53601],[80.44122,7.53593],[80.44107,7.53585],[80.44062,7.53585],[80.44061,7.53559],[80.44033,7.53545],[80.44004,7.53544],[80.43987,7.53538],[80.43954,7.53548],[80.43915,7.53545],[80.43894,7.53551],[80.43855,7.53575]]]}},{"type":"Feature","properties":{"c":"farmland"},"geometry":{"type":"Polygon","coordinates":[[[80.43583,7.53234],[80.43687,7.53376],[80.43712,7.53363],[80.43705,7.53338],[80.43705,7.53317],[80.43726,7.53311],[80.43753,7.53325],[80.43758,7.53318],[80.43744,7.53296],[80.43764,7.53278],[80.43756,7.53266],[80.43764,7.53253],[80.43823,7.53219],[80.43869,7.53203],[80.43911,7.53211],[80.4398,7.5324],[80.44007,7.53246],[80.43997,7.53275],[80.4404,7.53306],[80.44019,7.53334],[80.44083,7.53375],[80.4411,7.53357],[80.44115,7.5336],[80.44145,7.53329],[80.44274,7.53334],[80.44281,7.53321],[80.44227,7.53287],[80.44189,7.53246],[80.44166,7.53232],[80.44141,7.53182],[80.44131,7.5318],[80.44122,7.53167],[80.44127,7.5316],[80.4412,7.53157],[80.44121,7.53139],[80.4414,7.53141],[80.44141,7.53028],[80.44162,7.52947],[80.44161,7.52883],[80.44138,7.52774],[80.44156,7.52778],[80.44164,7.52786],[80.4417,7.52779],[80.44193,7.52773],[80.44206,7.52797],[80.44236,7.52891],[80.44285,7.53007],[80.44292,7.53032],[80.44318,7.53056],[80.44331,7.53051],[80.44337,7.53056],[80.4435,7.53047],[80.44355,7.53051],[80.44353,7.53067],[80.44357,7.53074],[80.44371,7.53081],[80.4434,7.53081],[80.4434,7.53103],[80.44352,7.53118],[80.44358,7.53138],[80.44388,7.5316],[80.44407,7.53162],[80.44436,7.53146],[80.4446,7.53152],[80.44488,7.53167],[80.445,7.53188],[80.44499,7.53223],[80.44485,7.53247],[80.44485,7.53287],[80.44465,7.5332],[80.44434,7.53355],[80.44498,7.534],[80.44541,7.53421],[80.44632,7.53406],[80.44664,7.53365],[80.44678,7.53281],[80.44667,7.53276],[80.44665,7.53251],[80.44674,7.53226],[80.44684,7.53221],[80.44692,7.53207],[80.447,7.53172],[80.44691,7.53166],[80.44708,7.53147],[80.44728,7.53142],[80.44701,7.53109],[80.44654,7.53069],[80.44651,7.53057],[80.44665,7.53019],[80.44664,7.53001],[80.44685,7.52973],[80.44673,7.52958],[80.44645,7.5297],[80.44635,7.5296],[80.44609,7.52922],[80.44617,7.52905],[80.44636,7.52905],[80.44619,7.52873],[80.446,7.52871],[80.44619,7.52842],[80.44669,7.5281],[80.44691,7.52804],[80.447,7.52832],[80.44737,7.52863],[80.44744,7.52888],[80.44744,7.52933],[80.44782,7.52975],[80.44785,7.52984],[80.44792,7.52989],[80.44822,7.52994],[80.44835,7.53004],[80.44886,7.53014],[80.44897,7.53024],[80.44896,7.53035],[80.44932,7.53052],[80.44952,7.53034],[80.44917,7.53012],[80.44894,7.52989],[80.44885,7.52978],[80.44877,7.52951],[80.44859,7.52925],[80.44852,7.52862],[80.44859,7.52859],[80.44873,7.52799],[80.44898,7.52763],[80.44898,7.52743],[80.44905,7.52724],[80.44877,7.52699],[80.4489,7.52666],[80.44889,7.52659],[80.44861,7.5263],[80.44778,7.52598],[80.44751,7.52585],[80.44736,7.52569],[80.44718,7.52567],[80.447,7.52576],[80.44679,7.5256],[80.44681,7.52546],[80.44662,7.52543],[80.44657,7.52547],[80.44632,7.52534],[80.4462,7.52521],[80.44615,7.5253],[80.44607,7.5252],[80.44597,7.52525],[80.44579,7.52521],[80.44559,7.52498],[80.44538,7.52486],[80.44516,7.52464],[80.44471,7.52508],[80.44448,7.5251],[80.4442,7.52504],[80.4439,7.52514],[80.4433,7.52522],[80.44328,7.52529],[80.44292,7.52536],[80.44291,7.52526],[80.44237,7.52537],[80.44206,7.52564],[80.44204,7.52571],[80.44213,7.52589],[80.44201,7.52592],[80.44177,7.52566],[80.44162,7.52567],[80.44162,7.52546],[80.4415,7.5253],[80.44137,7.52525],[80.44129,7.52534],[80.44115,7.52511],[80.44088,7.52507],[80.44081,7.52516],[80.44067,7.52517],[80.44063,7.52521],[80.44064,7.52532],[80.44056,7.52535],[80.44054,7.52575],[80.44061,7.52579],[80.44061,7.52592],[80.44012,7.5258],[80.43963,7.5258],[80.43959,7.5253],[80.43948,7.52508],[80.43924,7.52486],[80.43921,7.52473],[80.43919,7.52417],[80.43929,7.52396],[80.43909,7.52392],[80.43904,7.52401],[80.43901,7.52433],[80.43888,7.52444],[80.43865,7.52446],[80.43857,7.52437],[80.43816,7.52436],[80.43808,7.5244],[80.43793,7.52463],[80.43781,7.52527],[80.43782,7.52548],[80.43827,7.52529],[80.4383,7.52521],[80.43863,7.52525],[80.43888,7.52514],[80.43891,7.52521],[80.43882,7.526],[80.43875,7.52615],[80.43877,7.52642],[80.43883,7.52658],[80.43945,7.52664],[80.43942,7.52705],[80.43984,7.52708],[80.43986,7.52743],[80.43944,7.52747],[80.43924,7.52758],[80.43865,7.52754],[80.4383,7.52771],[80.43789,7.52761],[80.4377,7.52743],[80.43737,7.52781],[80.43715,7.52816],[80.43698,7.52831],[80.43686,7.52836],[80.43648,7.52826],[80.43626,7.52827],[80.43628,7.52843],[80.43636,7.52871],[80.43633,7.52884],[80.43689,7.52874],[80.43703,7.52867],[80.43719,7.52847],[80.43743,7.52828],[80.4378,7.52812],[80.43797,7.52819],[80.43859,7.52817],[80.4393,7.52828],[80.43992,7.52849],[80.43992,7.52867],[80.43982,7.52867],[80.43979,7.52881],[80.43965,7.52897],[80.43973,7.52899],[80.43959,7.52957],[80.4391,7.53032],[80.43906,7.53031],[80.43871,7.53073],[80.43879,7.53077],[80.43859,7.531],[80.43851,7.5312],[80.43761,7.53175],[80.43756,7.5318],[80.43762,7.53189],[80.43704,7.53231],[80.43696,7.53246],[80.43669,7.53255],[80.43652,7.53253],[80.43648,7.53257],[80.43636,7.53248],[80.43617,7.53246],[80.43601,7.5323],[80.43583,7.53234]],[[80.44282,7.52616],[80.44286,7.52577],[80.44317,7.52573],[80.44355,7.52577],[80.44388,7.52588],[80.44481,7.52588],[80.4449,7.52576],[80.44512,7.52564],[80.44535,7.5257],[80.4456,7.52603],[80.44574,7.52636],[80.44575,7.52679],[80.44574,7.52761],[80.44553,7.5282],[80.44535,7.52854],[80.44482,7.5283],[80.44428,7.52756],[80.44384,7.52709],[80.44344,7.52688],[80.44307,7.52712],[80.44284,7.5266],[80.44282,7.52616]]]}},{"type":"Feature","properties":{"c":"farmland","n":"Paddy Land"},"geometry":{"type":"Polygon","coordinates":[[[80.41836,7.54644],[80.41869,7.54678],[80.41884,7.5467],[80.41896,7.54681],[80.41906,7.54671],[80.41917,7.54671],[80.41927,7.54677],[80.41931,7.54686],[80.41953,7.54696],[80.41993,7.54694],[80.41979,7.54733],[80.41981,7.54749],[80.42013,7.54765],[80.4203,7.54747],[80.42047,7.54763],[80.42035,7.54776],[80.4204,7.54786],[80.42078,7.54833],[80.42092,7.54837],[80.42116,7.54812],[80.42124,7.54779],[80.4212,7.54773],[80.42112,7.54775],[80.42077,7.54741],[80.42064,7.54751],[80.42037,7.54726],[80.42023,7.54698],[80.4204,7.54686],[80.42033,7.54675],[80.42025,7.54678],[80.42019,7.54648],[80.4205,7.54639],[80.42071,7.54621],[80.42084,7.54618],[80.42077,7.54585],[80.4209,7.54591],[80.42106,7.5459],[80.42162,7.54534],[80.42178,7.54479],[80.42174,7.54475],[80.42177,7.54465],[80.42182,7.54463],[80.42189,7.54436],[80.42199,7.54423],[80.42211,7.54422],[80.4221,7.54433],[80.42222,7.54428],[80.42248,7.54442],[80.4226,7.54441],[80.42267,7.54436],[80.42275,7.54412],[80.42282,7.54408],[80.4229,7.54413],[80.42297,7.54409],[80.42333,7.54412],[80.42395,7.54403],[80.42399,7.54412],[80.42408,7.5441],[80.42443,7.54395],[80.42441,7.54382],[80.42499,7.54366],[80.42522,7.54374],[80.42579,7.54382],[80.42587,7.5437],[80.42576,7.54341],[80.42555,7.54324],[80.42541,7.5432],[80.42519,7.54359],[80.42508,7.54362],[80.42475,7.5429],[80.4251,7.54273],[80.42499,7.54247],[80.42493,7.54241],[80.42481,7.54246],[80.42472,7.54234],[80.42442,7.5425],[80.4245,7.54268],[80.42417,7.54303],[80.42377,7.54321],[80.4236,7.54314],[80.42346,7.54318],[80.42327,7.54309],[80.42309,7.54312],[80.42277,7.54333],[80.42255,7.54261],[80.42282,7.5423],[80.42267,7.54211],[80.42258,7.54208],[80.42247,7.54213],[80.42208,7.54157],[80.42211,7.54132],[80.42204,7.54125],[80.42205,7.54106],[80.42199,7.54103],[80.42209,7.54081],[80.42175,7.54073],[80.42158,7.54078],[80.42149,7.54123],[80.42151,7.54135],[80.42158,7.5414],[80.4218,7.54191],[80.42209,7.54221],[80.42211,7.54229],[80.42207,7.54241],[80.42216,7.54283],[80.42182,7.54364],[80.42141,7.54403],[80.4214,7.54438],[80.42102,7.5451],[80.4205,7.5448],[80.42046,7.54459],[80.42079,7.54398],[80.42098,7.54375],[80.42096,7.54341],[80.42077,7.54319],[80.42041,7.54305],[80.41999,7.54247],[80.41986,7.54274],[80.4201,7.54343],[80.42018,7.5435],[80.41986,7.54369],[80.42003,7.54405],[80.42,7.54412],[80.41974,7.54436],[80.41967,7.54457],[80.41946,7.54467],[80.41931,7.5449],[80.41913,7.54506],[80.41906,7.54533],[80.41905,7.54585],[80.41849,7.54612],[80.41836,7.54644]]]}},{"type":"Feature","properties":{"c":"farmland"},"geometry":{"type":"Polygon","coordinates":[[[80.42292,7.53506],[80.42321,7.53524],[80.42367,7.5358],[80.42397,7.53604],[80.42435,7.53655],[80.42437,7.53667],[80.4245,7.53692],[80.42457,7.53737],[80.42468,7.53763],[80.42461,7.53814],[80.42449,7.53841],[80.42432,7.53862],[80.4245,7.5391],[80.425,7.53904],[80.42567,7.53913],[80.42584,7.53899],[80.42603,7.53868],[80.4261,7.53864],[80.42592,7.5386],[80.42553,7.53839],[80.42536,7.53803],[80.42514,7.53726],[80.42512,7.53678],[80.42513,7.53672],[80.42526,7.53666],[80.42527,7.53658],[80.42542,7.53653],[80.42581,7.53648],[80.42677,7.53689],[80.42716,7.53688],[80.42721,7.53681],[80.42755,7.53693],[80.42762,7.53688],[80.42801,7.53708],[80.42807,7.53717],[80.42814,7.53723],[80.4282,7.53722],[80.42832,7.53736],[80.42877,7.53736],[80.42897,7.53756],[80.4292,7.53757],[80.42934,7.53764],[80.42941,7.53759],[80.42932,7.53702],[80.42917,7.53707],[80.42904,7.53696],[80.42892,7.53675],[80.42874,7.53667],[80.42858,7.53638],[80.42855,7.53611],[80.4283,7.53625],[80.42829,7.53634],[80.42858,7.53671],[80.42819,7.53653],[80.42792,7.53649],[80.42761,7.53634],[80.42716,7.53624],[80.4268,7.53621],[80.42654,7.53627],[80.42651,7.53617],[80.42669,7.53555],[80.42707,7.53519],[80.42736,7.53519],[80.42771,7.53503],[80.42784,7.53505],[80.42796,7.53509],[80.42808,7.53537],[80.42837,7.53513],[80.42817,7.53472],[80.42796,7.53472],[80.42786,7.53458],[80.42774,7.53454],[80.42762,7.53441],[80.42759,7.5344],[80.42687,7.53503],[80.42679,7.53496],[80.42672,7.535],[80.42666,7.53518],[80.42654,7.53521],[80.42643,7.53535],[80.42638,7.53533],[80.42629,7.53564],[80.4262,7.53571],[80.42562,7.53562],[80.42552,7.53563],[80.42549,7.53573],[80.42502,7.53587],[80.42519,7.53637],[80.42487,7.53652],[80.42482,7.53652],[80.42476,7.53622],[80.42461,7.53586],[80.42442,7.53573],[80.42448,7.53567],[80.42439,7.53555],[80.42418,7.53539],[80.42389,7.53493],[80.42365,7.53486],[80.42342,7.53484],[80.42311,7.53473],[80.42298,7.53489],[80.42292,7.53506]]]}},{"type":"Feature","properties":{"c":"farmland"},"geometry":{"type":"Polygon","coordinates":[[[80.43861,7.52241],[80.43878,7.52243],[80.43889,7.52235],[80.43905,7.52233],[80.43917,7.52242],[80.43935,7.52267],[80.43933,7.52276],[80.4394,7.523],[80.4396,7.52323],[80.43978,7.52379],[80.44008,7.52375],[80.44005,7.52468],[80.44008,7.52474],[80.44029,7.52467],[80.44041,7.52471],[80.44076,7.52467],[80.44088,7.52462],[80.4409,7.52449],[80.44102,7.52444],[80.44114,7.52443],[80.44117,7.52451],[80.44139,7.52451],[80.44157,7.52433],[80.44198,7.52422],[80.44204,7.52399],[80.44202,7.52375],[80.44194,7.52369],[80.44184,7.5237],[80.44178,7.52364],[80.4416,7.52306],[80.44142,7.52275],[80.44158,7.52244],[80.44175,7.52242],[80.44202,7.52248],[80.44225,7.52263],[80.44228,7.5227],[80.44237,7.52271],[80.44251,7.52285],[80.44258,7.52285],[80.44305,7.52237],[80.44343,7.52222],[80.4434,7.52198],[80.44392,7.52157],[80.44417,7.52102],[80.4442,7.52072],[80.44333,7.52044],[80.44294,7.52039],[80.44281,7.52017],[80.44272,7.52017],[80.44283,7.51971],[80.4428,7.51964],[80.44274,7.51969],[80.44263,7.51964],[80.44267,7.51955],[80.4428,7.51951],[80.44281,7.51898],[80.44272,7.51884],[80.44247,7.51865],[80.44233,7.51863],[80.44179,7.51894],[80.44148,7.51902],[80.44098,7.51892],[80.44074,7.51876],[80.44053,7.51872],[80.44041,7.51891],[80.44024,7.51932],[80.44019,7.52005],[80.44024,7.52063],[80.44009,7.52135],[80.43987,7.52188],[80.43975,7.52205],[80.4395,7.52221],[80.43941,7.52212],[80.43924,7.52207],[80.43886,7.52212],[80.43867,7.52228],[80.43861,7.52241]]]}},{"type":"Feature","properties":{"c":"farmland"},"geometry":{"type":"Polygon","coordinates":[[[80.4306,7.52062],[80.43077,7.5207],[80.43083,7.52092],[80.43095,7.52093],[80.43101,7.52149],[80.43099,7.52188],[80.4311,7.52238],[80.43117,7.52265],[80.43147,7.52294],[80.43143,7.52303],[80.431,7.52332],[80.43107,7.52346],[80.43132,7.52345],[80.43159,7.52323],[80.43165,7.52326],[80.4322,7.52433],[80.43245,7.52431],[80.43236,7.52483],[80.43253,7.52489],[80.43278,7.5248],[80.43273,7.5252],[80.43231,7.52596],[80.43226,7.52618],[80.43181,7.52619],[80.43143,7.52652],[80.43158,7.5268],[80.43256,7.52601],[80.43293,7.52515],[80.43318,7.5247],[80.43311,7.52379],[80.43301,7.5238],[80.43297,7.5236],[80.43305,7.52355],[80.43293,7.52317],[80.4326,7.52285],[80.43227,7.52239],[80.43202,7.5225],[80.432,7.52243],[80.43203,7.52182],[80.43188,7.5215],[80.43192,7.52136],[80.43217,7.52107],[80.4322,7.52056],[80.43236,7.52054],[80.43251,7.52058],[80.43269,7.52055],[80.43278,7.52045],[80.4329,7.52012],[80.43287,7.51961],[80.43301,7.51958],[80.43326,7.51997],[80.43298,7.52012],[80.4329,7.52036],[80.4332,7.52034],[80.43321,7.52039],[80.43329,7.52039],[80.43359,7.52027],[80.43405,7.5202],[80.43409,7.52026],[80.43426,7.52028],[80.43424,7.52043],[80.4344,7.52045],[80.43442,7.52033],[80.43464,7.52036],[80.43469,7.52013],[80.43448,7.52001],[80.43423,7.51999],[80.43423,7.51993],[80.43418,7.51992],[80.43383,7.51988],[80.43385,7.52],[80.43371,7.52001],[80.43368,7.51989],[80.43372,7.51961],[80.4337,7.51957],[80.4335,7.5195],[80.43346,7.51939],[80.4335,7.51932],[80.43376,7.51929],[80.43377,7.51955],[80.43389,7.51952],[80.43408,7.51956],[80.43411,7.51936],[80.43429,7.51937],[80.43424,7.51956],[80.43429,7.51959],[80.43439,7.51952],[80.43444,7.51918],[80.43435,7.51902],[80.43423,7.51891],[80.43406,7.51919],[80.43401,7.51923],[80.43388,7.51922],[80.43393,7.51887],[80.43381,7.51885],[80.43371,7.51886],[80.43366,7.5192],[80.43339,7.51919],[80.43344,7.51891],[80.43339,7.51859],[80.43351,7.51859],[80.43358,7.51882],[80.43409,7.51884],[80.43429,7.51855],[80.43453,7.51864],[80.43471,7.51837],[80.43489,7.51837],[80.43507,7.51811],[80.43542,7.51804],[80.43555,7.51809],[80.43585,7.51802],[80.43587,7.51796],[80.43597,7.51793],[80.43639,7.51799],[80.43648,7.51786],[80.43655,7.51785],[80.43666,7.51787],[80.43668,7.51799],[80.43698,7.51792],[80.43698,7.51773],[80.43691,7.51772],[80.43691,7.5176],[80.43699,7.51759],[80.43691,7.51727],[80.4363,7.51731],[80.43618,7.51745],[80.43603,7.51745],[80.43558,7.5176],[80.43505,7.51761],[80.43501,7.51742],[80.43507,7.51729],[80.43486,7.51722],[80.43493,7.51708],[80.43518,7.51702],[80.43533,7.51704],[80.43534,7.51698],[80.43583,7.51671],[80.43591,7.51647],[80.4361,7.5164],[80.43614,7.51646],[80.43618,7.51645],[80.43636,7.51625],[80.4366,7.5161],[80.43674,7.51604],[80.4368,7.5161],[80.43705,7.51602],[80.43731,7.51587],[80.43733,7.51578],[80.43784,7.51565],[80.43802,7.51574],[80.43837,7.51564],[80.43844,7.51568],[80.4387,7.51566],[80.43869,7.51573],[80.43879,7.51573],[80.4388,7.51559],[80.43885,7.51554],[80.43912,7.51558],[80.43917,7.51576],[80.43958,7.51567],[80.44021,7.51532],[80.441,7.51521],[80.44138,7.51522],[80.44175,7.51553],[80.44214,7.51578],[80.44227,7.5155],[80.44248,7.51554],[80.44253,7.51539],[80.44263,7.51545],[80.44266,7.51542],[80.4432,7.51571],[80.44313,7.51581],[80.44318,7.51586],[80.44364,7.51603],[80.44364,7.51609],[80.44397,7.51628],[80.44395,7.51632],[80.44417,7.51641],[80.44436,7.51665],[80.44486,7.51657],[80.44517,7.51638],[80.44567,7.51573],[80.44586,7.51568],[80.44608,7.5157],[80.44642,7.5155],[80.44645,7.51544],[80.44642,7.51523],[80.4462,7.51521],[80.44623,7.51511],[80.44619,7.51509],[80.44615,7.51496],[80.44587,7.51499],[80.4456,7.51482],[80.44543,7.51487],[80.44537,7.51494],[80.44516,7.51539],[80.44492,7.51562],[80.4444,7.51587],[80.4442,7.51573],[80.4441,7.51556],[80.44389,7.51549],[80.44387,7.51532],[80.44382,7.51527],[80.44386,7.51517],[80.44406,7.51507],[80.44424,7.51505],[80.44422,7.51494],[80.44419,7.51484],[80.44376,7.51483],[80.44356,7.5146],[80.44355,7.51424],[80.44346,7.51416],[80.44351,7.5141],[80.44373,7.5141],[80.44369,7.51401],[80.44372,7.51391],[80.44403,7.51393],[80.44409,7.51375],[80.44402,7.51368],[80.44401,7.51353],[80.44385,7.51351],[80.44386,7.5134],[80.44378,7.51329],[80.44385,7.51324],[80.44391,7.51308],[80.44377,7.51299],[80.44342,7.51323],[80.44326,7.51313],[80.44321,7.51315],[80.44306,7.51309],[80.44298,7.51301],[80.44287,7.513],[80.44286,7.51282],[80.44268,7.51278],[80.44267,7.51255],[80.44257,7.51253],[80.44256,7.51232],[80.44238,7.51223],[80.44264,7.51216],[80.44273,7.51212],[80.44273,7.51206],[80.44309,7.51206],[80.44309,7.51186],[80.44226,7.51185],[80.44223,7.51119],[80.44202,7.51115],[80.44199,7.51108],[80.44201,7.51097],[80.44222,7.51099],[80.44227,7.51029],[80.4426,7.50994],[80.44269,7.51005],[80.44292,7.51012],[80.4429,7.51026],[80.44299,7.51031],[80.44308,7.51035],[80.44314,7.51023],[80.44362,7.51036],[80.44384,7.51049],[80.4441,7.51027],[80.44422,7.51023],[80.44449,7.51024],[80.44487,7.51015],[80.44526,7.51028],[80.4463,7.51026],[80.4465,7.51031],[80.44678,7.51025],[80.4469,7.51042],[80.447,7.51108],[80.44711,7.51129],[80.44729,7.51141],[80.44732,7.51154],[80.44721,7.51202],[80.44769,7.51208],[80.44827,7.51209],[80.44834,7.51133],[80.44847,7.51111],[80.4485,7.51094],[80.44845,7.51053],[80.44848,7.5104],[80.44867,7.51021],[80.44899,7.51012],[80.44931,7.51029],[80.44983,7.51021],[80.45008,7.51027],[80.4506,7.51093],[80.451,7.51234],[80.45132,7.51292],[80.45149,7.51318],[80.45164,7.51325],[80.45195,7.51327],[80.45213,7.51292],[80.45224,7.51278],[80.45236,7.51272],[80.45285,7.51257],[80.45396,7.5124],[80.45453,7.5121],[80.45496,7.51134],[80.45494,7.51127],[80.45501,7.5113],[80.45506,7.51124],[80.45513,7.51113],[80.45508,7.5111],[80.45539,7.51075],[80.4556,7.51075],[80.45578,7.5101],[80.45576,7.50998],[80.45539,7.50935],[80.4549,7.50881],[80.4547,7.50844],[80.45446,7.50826],[80.45427,7.50804],[80.45385,7.50777],[80.45369,7.50756],[80.45347,7.50739],[80.45276,7.50708],[80.45206,7.50717],[80.45149,7.5073],[80.45067,7.50729],[80.45056,7.50738],[80.45044,7.5074],[80.44994,7.50712],[80.44962,7.50727],[80.44959,7.50734],[80.44969,7.50744],[80.44971,7.50757],[80.44962,7.50771],[80.4487,7.50802],[80.44806,7.50796],[80.44742,7.5078],[80.44699,7.5076],[80.44671,7.5076],[80.44655,7.50738],[80.44642,7.50728],[80.44604,7.50715],[80.44593,7.50704],[80.44596,7.50683],[80.44619,7.50683],[80.44644,7.50657],[80.4469,7.50642],[80.44692,7.50648],[80.44732,7.50628],[80.44741,7.50605],[80.44755,7.50596],[80.44757,7.5057],[80.44753,7.50555],[80.44721,7.50516],[80.447,7.50526],[80.44686,7.50522],[80.4468,7.50502],[80.44647,7.50512],[80.44627,7.50523],[80.446,7.50522],[80.44602,7.50528],[80.4459,7.50534],[80.44568,7.50537],[80.44551,7.50547],[80.44529,7.50566],[80.44531,7.50585],[80.44492,7.5061],[80.44446,7.50651],[80.44397,7.50684],[80.44349,7.50709],[80.4435,7.50744],[80.4433,7.5074],[80.44238,7.50765],[80.44199,7.50768],[80.44194,7.50773],[80.44193,7.50816],[80.4413,7.50853],[80.44138,7.50877],[80.44131,7.50894],[80.44131,7.50922],[80.44137,7.50938],[80.4415,7.50946],[80.44129,7.51033],[80.44124,7.51079],[80.4413,7.51089],[80.44162,7.51095],[80.44159,7.51111],[80.4413,7.51108],[80.44126,7.51118],[80.44127,7.51132],[80.4411,7.51133],[80.44107,7.51121],[80.441,7.51121],[80.44096,7.51144],[80.44137,7.51152],[80.44118,7.51195],[80.44104,7.51211],[80.44145,7.5122],[80.44143,7.51233],[80.44129,7.5126],[80.44117,7.51266],[80.44085,7.51258],[80.44081,7.51289],[80.44082,7.51335],[80.44054,7.51445],[80.44013,7.51453],[80.43973,7.51472],[80.43937,7.51469],[80.4393,7.51484],[80.43908,7.51462],[80.43865,7.51467],[80.43848,7.51473],[80.43844,7.51479],[80.43827,7.51478],[80.43799,7.51487],[80.43767,7.5149],[80.43686,7.51515],[80.43677,7.51513],[80.4368,7.51496],[80.43639,7.51504],[80.43642,7.51514],[80.43615,7.51529],[80.43593,7.51549],[80.43582,7.51542],[80.43545,7.51564],[80.43541,7.51532],[80.43551,7.51527],[80.43557,7.51518],[80.43567,7.51479],[80.43589,7.51471],[80.43607,7.51473],[80.4362,7.5148],[80.4366,7.51471],[80.43665,7.51466],[80.4367,7.51451],[80.43652,7.51451],[80.43674,7.5139],[80.43619,7.5137],[80.43561,7.51365],[80.43548,7.51256],[80.43491,7.51252],[80.43485,7.51238],[80.43474,7.51252],[80.43472,7.51261],[80.43441,7.51278],[80.43436,7.51291],[80.43436,7.51324],[80.43441,7.51335],[80.43475,7.51346],[80.43496,7.51348],[80.43496,7.51372],[80.43506,7.51389],[80.43516,7.5142],[80.43513,7.51482],[80.43496,7.51556],[80.43483,7.51565],[80.43433,7.51666],[80.43409,7.51695],[80.43421,7.517],[80.43389,7.51769],[80.43353,7.51794],[80.43331,7.51795],[80.43314,7.51802],[80.43297,7.518],[80.43287,7.51807],[80.43272,7.51805],[80.43207,7.51817],[80.43189,7.51826],[80.43162,7.51852],[80.43149,7.51857],[80.43138,7.51896],[80.43141,7.5193],[80.43136,7.51968],[80.4312,7.5197],[80.43123,7.51976],[80.43118,7.51983],[80.43094,7.51992],[80.43074,7.52005],[80.4306,7.52062]],[[80.43196,7.51961],[80.43209,7.5193],[80.43231,7.51926],[80.43258,7.51947],[80.43262,7.51994],[80.4325,7.52],[80.43209,7.51986],[80.43197,7.51971],[80.43196,7.51961]],[[80.43273,7.519],[80.43279,7.51892],[80.43291,7.51893],[80.43298,7.51901],[80.43299,7.51913],[80.43291,7.5194],[80.43278,7.51925],[80.43273,7.519]],[[80.44162,7.51414],[80.4418,7.51349],[80.44203,7.51357],[80.44224,7.51354],[80.44276,7.51361],[80.44273,7.51375],[80.44295,7.51382],[80.44298,7.51392],[80.4429,7.51398],[80.44302,7.51406],[80.44274,7.51442],[80.44235,7.51443],[80.44217,7.51449],[80.44208,7.51461],[80.44179,7.51459],[80.44169,7.51449],[80.44162,7.51414]],[[80.4529,7.51078],[80.45297,7.5107],[80.45306,7.51071],[80.45306,7.51043],[80.45293,7.51033],[80.45295,7.50987],[80.45308,7.50958],[80.45319,7.50957],[80.45324,7.50949],[80.45347,7.50892],[80.45399,7.50881],[80.45424,7.50894],[80.45437,7.50914],[80.45448,7.50948],[80.45454,7.51013],[80.45447,7.51058],[80.4543,7.51105],[80.45417,7.51125],[80.45394,7.5114],[80.45349,7.51135],[80.45319,7.51111],[80.45311,7.51098],[80.45292,7.51089],[80.4529,7.51078]]]}},{"type":"Feature","properties":{"c":"farmland"},"geometry":{"type":"Polygon","coordinates":[[[80.42526,7.5504],[80.42529,7.55121],[80.4256,7.55114],[80.42581,7.5512],[80.42599,7.5511],[80.42617,7.55114],[80.42619,7.55128],[80.42635,7.55112],[80.4265,7.55107],[80.42666,7.55112],[80.42699,7.55112],[80.42712,7.55147],[80.42709,7.55194],[80.42715,7.55204],[80.42724,7.55202],[80.42733,7.55206],[80.42743,7.55235],[80.42773,7.55252],[80.42787,7.55272],[80.42799,7.55277],[80.42843,7.55276],[80.42886,7.5531],[80.42904,7.55319],[80.42954,7.55324],[80.42963,7.55314],[80.42952,7.55293],[80.42942,7.5523],[80.42934,7.55218],[80.42891,7.55199],[80.42865,7.55206],[80.42845,7.55217],[80.42798,7.55177],[80.42772,7.55166],[80.42785,7.55149],[80.4279,7.5515],[80.42793,7.55143],[80.4279,7.5513],[80.42807,7.5511],[80.42816,7.55089],[80.4284,7.55062],[80.42855,7.55055],[80.42871,7.55065],[80.42881,7.55066],[80.42907,7.55054],[80.42916,7.5504],[80.42947,7.55029],[80.42992,7.54999],[80.43024,7.54989],[80.43034,7.54969],[80.43027,7.54963],[80.43028,7.54951],[80.43041,7.54947],[80.43056,7.54931],[80.43067,7.54938],[80.43103,7.54908],[80.43134,7.54909],[80.43152,7.54894],[80.43157,7.54884],[80.43186,7.54868],[80.43196,7.54852],[80.43201,7.54815],[80.43214,7.54813],[80.4322,7.54788],[80.43238,7.5478],[80.43238,7.54731],[80.43227,7.54717],[80.43245,7.54703],[80.43274,7.54712],[80.43271,7.54722],[80.43281,7.54736],[80.43275,7.54744],[80.43282,7.54776],[80.43309,7.54774],[80.4331,7.54781],[80.43322,7.54788],[80.43336,7.54805],[80.43387,7.54831],[80.43386,7.54839],[80.43467,7.54864],[80.43481,7.54859],[80.43496,7.54866],[80.43493,7.54872],[80.4352,7.54878],[80.43529,7.54885],[80.43582,7.54877],[80.43627,7.54893],[80.43661,7.54899],[80.43673,7.54897],[80.43684,7.54888],[80.43695,7.54896],[80.43682,7.54916],[80.43681,7.54928],[80.43686,7.54936],[80.43698,7.54937],[80.43722,7.54934],[80.43725,7.54905],[80.43718,7.54904],[80.43716,7.54884],[80.43728,7.54868],[80.43745,7.54863],[80.43774,7.54867],[80.43782,7.5488],[80.43779,7.54893],[80.43808,7.54896],[80.43816,7.54893],[80.43832,7.54874],[80.43895,7.54866],[80.43954,7.54828],[80.43978,7.54821],[80.43973,7.54817],[80.43969,7.54794],[80.43971,7.5478],[80.43999,7.54743],[80.44,7.54726],[80.43995,7.54717],[80.43977,7.54709],[80.439,7.54694],[80.43867,7.54711],[80.43811,7.54709],[80.43813,7.5473],[80.43798,7.54745],[80.4379,7.54766],[80.43741,7.54766],[80.43715,7.54789],[80.43703,7.54789],[80.4368,7.54781],[80.4365,7.5479],[80.43628,7.54779],[80.43608,7.54776],[80.43515,7.54775],[80.43513,7.54766],[80.4349,7.54761],[80.43504,7.54699],[80.43502,7.54682],[80.43489,7.54654],[80.4349,7.54629],[80.43518,7.54567],[80.43512,7.5453],[80.43495,7.54501],[80.43475,7.54489],[80.4346,7.54489],[80.43448,7.54508],[80.43398,7.54532],[80.4337,7.54506],[80.43361,7.54507],[80.43343,7.54518],[80.43337,7.54535],[80.43351,7.54569],[80.43386,7.54588],[80.43374,7.54607],[80.43336,7.54594],[80.43332,7.54573],[80.43323,7.54576],[80.43303,7.546],[80.43294,7.54671],[80.43275,7.54682],[80.43262,7.54679],[80.43225,7.54626],[80.43185,7.54602],[80.43179,7.5459],[80.43189,7.54566],[80.43224,7.54568],[80.43225,7.54521],[80.43236,7.54503],[80.43229,7.54495],[80.43213,7.54491],[80.43204,7.54479],[80.43186,7.54475],[80.43155,7.54477],[80.43149,7.54488],[80.43139,7.54479],[80.43124,7.54481],[80.43111,7.54458],[80.43096,7.54448],[80.43078,7.54447],[80.43068,7.54424],[80.43041,7.54423],[80.43052,7.54462],[80.43046,7.54464],[80.43048,7.54485],[80.43065,7.54507],[80.43055,7.54542],[80.43067,7.54552],[80.43073,7.54565],[80.43066,7.54588],[80.43067,7.54616],[80.43084,7.54638],[80.43073,7.54651],[80.43056,7.5469],[80.43054,7.54717],[80.43037,7.54734],[80.43013,7.54772],[80.42975,7.54789],[80.42954,7.54789],[80.42948,7.54782],[80.42947,7.54728],[80.42943,7.54718],[80.42929,7.54717],[80.42914,7.54757],[80.42909,7.54817],[80.42887,7.54852],[80.42861,7.54861],[80.4283,7.54882],[80.42761,7.54881],[80.42749,7.54952],[80.42725,7.54962],[80.42714,7.54999],[80.42703,7.55003],[80.42689,7.55],[80.4266,7.54981],[80.42627,7.54985],[80.42598,7.54978],[80.42562,7.55003],[80.42548,7.55006],[80.42526,7.5504]]]}},{"type":"Feature","properties":{"c":"farmland"},"geometry":{"type":"Polygon","coordinates":[[[80.43641,7.52425],[80.43669,7.52479],[80.43713,7.52477],[80.43734,7.52443],[80.43716,7.52436],[80.43699,7.52414],[80.43694,7.524],[80.43699,7.52337],[80.43711,7.52312],[80.4372,7.52276],[80.43718,7.52233],[80.43713,7.52202],[80.437,7.52177],[80.43682,7.52156],[80.43656,7.52161],[80.43675,7.52277],[80.43662,7.52305],[80.43645,7.5236],[80.43642,7.52376],[80.43647,7.52404],[80.43642,7.52408],[80.43641,7.52425]]]}},{"type":"Feature","properties":{"c":"farmland","n":"Paddy Land"},"geometry":{"type":"Polygon","coordinates":[[[80.4462,7.52468],[80.44636,7.5247],[80.44641,7.5249],[80.44674,7.52483],[80.44682,7.52475],[80.44695,7.52505],[80.44717,7.52498],[80.44769,7.52503],[80.44777,7.52497],[80.44784,7.52498],[80.44785,7.52506],[80.44824,7.52512],[80.44859,7.52526],[80.44882,7.52525],[80.44921,7.52535],[80.4491,7.52468],[80.44905,7.52459],[80.44863,7.52462],[80.44784,7.52441],[80.44769,7.52433],[80.44746,7.52389],[80.44724,7.52385],[80.44703,7.52372],[80.44689,7.52373],[80.44679,7.52381],[80.44685,7.52396],[80.44671,7.52401],[80.44664,7.52392],[80.44632,7.52409],[80.44639,7.5243],[80.44621,7.52453],[80.4462,7.52468]]]}},{"type":"Feature","properties":{"c":"residential"},"geometry":{"type":"Polygon","coordinates":[[[80.44202,7.55334],[80.44192,7.5542],[80.44209,7.55453],[80.44211,7.55482],[80.44215,7.55485],[80.44239,7.55478],[80.44242,7.55449],[80.44237,7.55411],[80.44222,7.55399],[80.44222,7.5534],[80.44203,7.55301],[80.44202,7.55334]]]}},{"type":"Feature","properties":{"c":"farmland","n":"Paddy Land"},"geometry":{"type":"Polygon","coordinates":[[[80.41567,7.55089],[80.41581,7.55094],[80.41578,7.5513],[80.41586,7.55134],[80.41591,7.55145],[80.41602,7.55154],[80.41596,7.55168],[80.41599,7.55185],[80.41595,7.55211],[80.41582,7.55247],[80.41586,7.55299],[80.41603,7.55348],[80.41609,7.55402],[80.41606,7.55408],[80.41587,7.55403],[80.41582,7.5541],[80.4158,7.55439],[80.4157,7.55448],[80.41596,7.55482],[80.41603,7.55472],[80.41624,7.55472],[80.41615,7.55482],[80.41627,7.55491],[80.41626,7.55495],[80.41641,7.55517],[80.41657,7.55523],[80.4166,7.55517],[80.41668,7.55519],[80.41676,7.55531],[80.41693,7.55528],[80.417,7.55518],[80.41688,7.55488],[80.4167,7.55472],[80.41687,7.55447],[80.41684,7.55364],[80.41674,7.55369],[80.41659,7.55393],[80.41659,7.55363],[80.41649,7.55338],[80.4166,7.55292],[80.41656,7.55289],[80.41656,7.55251],[80.41681,7.55211],[80.41664,7.55174],[80.41684,7.55136],[80.41675,7.55104],[80.41676,7.55094],[80.41671,7.55085],[80.41667,7.55088],[80.4166,7.55084],[80.41648,7.5503],[80.41671,7.54992],[80.41689,7.54922],[80.41704,7.54884],[80.41717,7.5487],[80.41723,7.54866],[80.4175,7.54878],[80.41774,7.54903],[80.41781,7.54918],[80.41791,7.54924],[80.41809,7.54947],[80.41816,7.54966],[80.41812,7.54973],[80.41825,7.54992],[80.41809,7.55005],[80.41858,7.55062],[80.41868,7.55083],[80.41902,7.55112],[80.41879,7.55161],[80.41881,7.55177],[80.4186,7.55196],[80.41855,7.55238],[80.41839,7.55249],[80.41838,7.5528],[80.41812,7.55347],[80.41824,7.55349],[80.41835,7.55339],[80.41835,7.55327],[80.41855,7.55279],[80.41878,7.55275],[80.41891,7.55294],[80.41914,7.55288],[80.41921,7.55279],[80.41907,7.5526],[80.41904,7.55238],[80.41918,7.55227],[80.41915,7.5519],[80.41928,7.55168],[80.41923,7.55159],[80.41943,7.5515],[80.4195,7.55157],[80.41945,7.55169],[80.41965,7.55193],[80.41968,7.55208],[80.41983,7.55224],[80.41978,7.55233],[80.42013,7.55256],[80.42026,7.55275],[80.4204,7.55259],[80.42046,7.55222],[80.42039,7.55208],[80.41994,7.55157],[80.41969,7.55075],[80.41958,7.55046],[80.41946,7.55033],[80.41925,7.54964],[80.41906,7.54956],[80.41871,7.54905],[80.4185,7.54888],[80.41844,7.54876],[80.41835,7.54809],[80.41825,7.54803],[80.41796,7.54812],[80.41769,7.54765],[80.41743,7.54774],[80.41703,7.5481],[80.41678,7.548],[80.41633,7.54891],[80.41632,7.54912],[80.41641,7.5492],[80.41613,7.5498],[80.41619,7.54984],[80.41594,7.54999],[80.41586,7.55019],[80.41585,7.55039],[80.41567,7.55089]]]}},{"type":"Feature","properties":{"c":"residential"},"geometry":{"type":"Polygon","coordinates":[[[80.43337,7.55561],[80.43354,7.55564],[80.43378,7.55561],[80.43385,7.55558],[80.43383,7.55551],[80.43418,7.55556],[80.43442,7.5553],[80.43447,7.55512],[80.43421,7.55483],[80.43357,7.55454],[80.43357,7.55484],[80.43347,7.55497],[80.43367,7.55495],[80.43371,7.55499],[80.4337,7.55507],[80.43365,7.55516],[80.43359,7.55513],[80.43346,7.55518],[80.43342,7.55527],[80.43345,7.55552],[80.43337,7.55561]]]}},{"type":"Feature","properties":{"c":"farmland"},"geometry":{"type":"Polygon","coordinates":[[[80.42995,7.55324],[80.43069,7.55364],[80.43105,7.55365],[80.43122,7.55387],[80.43114,7.55405],[80.43192,7.5549],[80.43161,7.55523],[80.43147,7.55555],[80.43141,7.55583],[80.43162,7.55643],[80.43206,7.55632],[80.43224,7.55668],[80.43228,7.5569],[80.43256,7.55691],[80.43257,7.55713],[80.43279,7.55748],[80.43267,7.55778],[80.43286,7.55801],[80.4328,7.55814],[80.43244,7.5583],[80.43221,7.5585],[80.43252,7.55874],[80.43309,7.55831],[80.43335,7.5584],[80.43354,7.55824],[80.43371,7.55795],[80.43368,7.55759],[80.43429,7.55724],[80.4345,7.55733],[80.43521,7.55678],[80.43536,7.55656],[80.43552,7.55612],[80.43575,7.55614],[80.43582,7.55597],[80.43581,7.55569],[80.43573,7.5554],[80.43585,7.55534],[80.43596,7.55542],[80.43641,7.55545],[80.43639,7.55537],[80.43653,7.55532],[80.43669,7.55491],[80.4369,7.55479],[80.43706,7.55434],[80.43711,7.55437],[80.43728,7.55395],[80.43718,7.5539],[80.43728,7.5537],[80.43745,7.55365],[80.4375,7.55356],[80.43757,7.55317],[80.43739,7.55313],[80.43728,7.55302],[80.43708,7.55299],[80.43685,7.5531],[80.43672,7.55324],[80.43654,7.55336],[80.43643,7.55335],[80.43638,7.55343],[80.4363,7.55341],[80.43622,7.55348],[80.43588,7.55329],[80.43574,7.55307],[80.43563,7.5528],[80.43537,7.55287],[80.43506,7.55282],[80.43472,7.55255],[80.43459,7.55249],[80.43442,7.55251],[80.43422,7.55214],[80.43413,7.55212],[80.43402,7.55216],[80.43393,7.55229],[80.43323,7.55265],[80.43317,7.55263],[80.43311,7.55249],[80.43306,7.55223],[80.43283,7.55216],[80.4326,7.55174],[80.43248,7.5517],[80.4324,7.55176],[80.43235,7.5519],[80.43234,7.55219],[80.43173,7.55237],[80.43124,7.55231],[80.43096,7.55239],[80.43064,7.55286],[80.43063,7.55303],[80.4307,7.55316],[80.43059,7.55319],[80.43034,7.55309],[80.43038,7.55326],[80.42997,7.55316],[80.42995,7.55324]],[[80.43337,7.55561],[80.43345,7.55552],[80.43342,7.55527],[80.43346,7.55518],[80.43359,7.55513],[80.43365,7.55516],[80.4337,7.55507],[80.43371,7.55499],[80.43367,7.55495],[80.43347,7.55497],[80.43357,7.55484],[80.43357,7.55454],[80.43421,7.55483],[80.43447,7.55512],[80.43442,7.5553],[80.43418,7.55556],[80.43383,7.55551],[80.43385,7.55558],[80.43378,7.55561],[80.43354,7.55564],[80.43337,7.55561]]]}},{"type":"Feature","properties":{"c":"farmland"},"geometry":{"type":"Polygon","coordinates":[[[80.43735,7.55472],[80.43754,7.5548],[80.4377,7.55475],[80.43791,7.55491],[80.4378,7.55504],[80.43776,7.55522],[80.43795,7.55546],[80.43806,7.55576],[80.43818,7.55581],[80.43827,7.55577],[80.43836,7.55585],[80.43863,7.55582],[80.43877,7.55569],[80.43885,7.55545],[80.43875,7.55488],[80.43855,7.55462],[80.43845,7.55477],[80.43837,7.55468],[80.43841,7.55454],[80.43834,7.55445],[80.43799,7.55433],[80.43765,7.55401],[80.43759,7.55428],[80.43735,7.55472]]]}},{"type":"Feature","properties":{"c":"forest"},"geometry":{"type":"Polygon","coordinates":[[[80.40707,7.5628],[80.40713,7.56312],[80.40733,7.56326],[80.40778,7.56335],[80.40787,7.56326],[80.40789,7.56312],[80.40784,7.56306],[80.40781,7.56279],[80.40739,7.56268],[80.40711,7.56266],[80.40707,7.5628]]]}},{"type":"Feature","properties":{"c":"forest"},"geometry":{"type":"Polygon","coordinates":[[[80.41289,7.56241],[80.41289,7.56257],[80.41302,7.56263],[80.41322,7.56265],[80.41332,7.56262],[80.41338,7.56246],[80.41314,7.5624],[80.41299,7.56228],[80.41289,7.56241]]]}},{"type":"Feature","properties":{"c":"forest"},"geometry":{"type":"Polygon","coordinates":[[[80.41453,7.5618],[80.41454,7.56222],[80.4146,7.56237],[80.41484,7.56255],[80.41518,7.5622],[80.41519,7.56208],[80.41507,7.56191],[80.41478,7.56165],[80.41465,7.56165],[80.41453,7.5618]]]}},{"type":"Feature","properties":{"c":"forest"},"geometry":{"type":"Polygon","coordinates":[[[80.41847,7.55704],[80.41867,7.55704],[80.41892,7.55684],[80.41889,7.55669],[80.41847,7.55669],[80.41851,7.55676],[80.41847,7.55704]]]}},{"type":"Feature","properties":{"c":"forest"},"geometry":{"type":"Polygon","coordinates":[[[80.41346,7.56004],[80.41367,7.56037],[80.41377,7.56029],[80.41379,7.56019],[80.4142,7.55998],[80.41436,7.56005],[80.41451,7.56042],[80.41466,7.5605],[80.41486,7.56034],[80.41506,7.55996],[80.41509,7.55979],[80.41504,7.55956],[80.41497,7.55947],[80.41478,7.55937],[80.41433,7.55932],[80.41392,7.5595],[80.41346,7.56004]]]}},{"type":"Feature","properties":{"c":"farmland"},"geometry":{"type":"Polygon","coordinates":[[[80.406,7.5604],[80.40614,7.56071],[80.4063,7.56136],[80.40621,7.5615],[80.40626,7.56221],[80.40637,7.56291],[80.40662,7.56295],[80.40665,7.56372],[80.40669,7.56381],[80.40708,7.56364],[80.40761,7.56379],[80.4078,7.56417],[80.40781,7.56435],[80.40796,7.56467],[80.40812,7.56461],[80.40843,7.56471],[80.4087,7.56507],[80.40936,7.56555],[80.40955,7.56501],[80.40953,7.56496],[80.40933,7.56482],[80.40928,7.56488],[80.40899,7.5648],[80.40877,7.56478],[80.40875,7.56483],[80.40865,7.56473],[80.40851,7.56451],[80.40856,7.56443],[80.40842,7.56428],[80.40851,7.56414],[80.40848,7.5641],[80.40859,7.564],[80.40864,7.5639],[80.4082,7.56368],[80.40823,7.56358],[80.40828,7.56353],[80.40883,7.56366],[80.4093,7.56371],[80.40997,7.56398],[80.40994,7.56405],[80.41001,7.5641],[80.40984,7.56439],[80.40981,7.56454],[80.41004,7.56462],[80.41004,7.56471],[80.41016,7.56473],[80.41017,7.5648],[80.41028,7.56481],[80.41064,7.56384],[80.41021,7.56369],[80.40999,7.56367],[80.40915,7.56334],[80.40864,7.56295],[80.40822,7.56237],[80.40809,7.56234],[80.40789,7.56196],[80.40818,7.56169],[80.40833,7.56173],[80.40844,7.56168],[80.40857,7.56176],[80.40871,7.56171],[80.4088,7.56182],[80.409,7.56165],[80.40923,7.56166],[80.40929,7.56152],[80.40965,7.56163],[80.40972,7.56177],[80.40979,7.56179],[80.40984,7.56189],[80.40996,7.5619],[80.41025,7.56179],[80.41026,7.56192],[80.41013,7.56197],[80.41031,7.5621],[80.41038,7.5621],[80.41056,7.56196],[80.41064,7.56211],[80.41058,7.56223],[80.4107,7.56247],[80.4111,7.56262],[80.41112,7.56268],[80.41093,7.56274],[80.41098,7.5628],[80.41075,7.56298],[80.41105,7.56326],[80.4112,7.56332],[80.41102,7.56385],[80.41125,7.56415],[80.41168,7.56455],[80.41159,7.56472],[80.41165,7.56487],[80.41173,7.56493],[80.41171,7.56499],[80.41175,7.56507],[80.41195,7.56507],[80.41213,7.5653],[80.41226,7.56604],[80.41257,7.56621],[80.41269,7.56619],[80.41293,7.5661],[80.413,7.56594],[80.41286,7.56591],[80.41268,7.56573],[80.41275,7.56559],[80.41293,7.56552],[80.41298,7.56542],[80.4131,7.56456],[80.41303,7.56448],[80.41268,7.56439],[80.41256,7.56427],[80.41227,7.5636],[80.41242,7.56344],[80.41247,7.5633],[80.41278,7.56306],[80.41285,7.56286],[80.413,7.56296],[80.41308,7.56319],[80.41339,7.56293],[80.41344,7.56298],[80.41354,7.56295],[80.41388,7.56275],[80.41403,7.56275],[80.41411,7.56281],[80.41428,7.56353],[80.41455,7.5634],[80.41455,7.56312],[80.41471,7.56274],[80.41479,7.56266],[80.41488,7.56273],[80.41524,7.56264],[80.41578,7.56213],[80.41593,7.56223],[80.41631,7.56234],[80.41682,7.56324],[80.41705,7.56314],[80.41682,7.56267],[80.41674,7.56273],[80.41645,7.56222],[80.41634,7.56212],[80.41722,7.56182],[80.41676,7.56095],[80.41745,7.56089],[80.41762,7.56096],[80.41771,7.56074],[80.41777,7.56037],[80.4177,7.56028],[80.4173,7.56019],[80.4169,7.55979],[80.41644,7.55979],[80.41648,7.55962],[80.41666,7.55943],[80.41694,7.55931],[80.41721,7.5594],[80.41741,7.55936],[80.41808,7.55968],[80.41829,7.55927],[80.41811,7.55894],[80.4181,7.55858],[80.41757,7.55874],[80.41741,7.55857],[80.41765,7.55826],[80.41802,7.55811],[80.41823,7.55809],[80.41837,7.55813],[80.41854,7.55837],[80.41962,7.55842],[80.41987,7.55849],[80.42007,7.55823],[80.42026,7.55762],[80.42016,7.55735],[80.41956,7.55702],[80.4195,7.5569],[80.41953,7.55684],[80.41944,7.55669],[80.41915,7.55654],[80.41894,7.5565],[80.41837,7.5565],[80.41786,7.55658],[80.4179,7.5568],[80.41802,7.55681],[80.41816,7.55694],[80.41815,7.55705],[80.41804,7.55706],[80.41798,7.55715],[80.41802,7.55726],[80.418,7.55739],[80.41806,7.55749],[80.41767,7.55749],[80.41766,7.55717],[80.41757,7.55709],[80.41751,7.55693],[80.41735,7.55691],[80.41722,7.55711],[80.41724,7.5572],[80.41718,7.55723],[80.41718,7.55731],[80.41735,7.55732],[80.4174,7.55753],[80.41701,7.55768],[80.41699,7.55781],[80.41632,7.55834],[80.41611,7.55841],[80.41586,7.55832],[80.41511,7.55838],[80.41507,7.55788],[80.41509,7.55752],[80.41464,7.55741],[80.4146,7.55754],[80.41449,7.55768],[80.41417,7.55793],[80.41428,7.55802],[80.4143,7.55811],[80.41409,7.55842],[80.41401,7.55835],[80.41397,7.55837],[80.41391,7.55852],[80.41367,7.55848],[80.4135,7.55833],[80.41336,7.55857],[80.41289,7.55888],[80.41216,7.55915],[80.41194,7.55952],[80.41164,7.55957],[80.41146,7.55955],[80.41125,7.55943],[80.41089,7.55935],[80.41021,7.55909],[80.41025,7.55892],[80.4105,7.55883],[80.41059,7.55871],[80.41025,7.55854],[80.40999,7.55865],[80.41001,7.55894],[80.4101,7.55915],[80.41008,7.55951],[80.41003,7.55971],[80.40984,7.55974],[80.40979,7.56006],[80.40861,7.55995],[80.40819,7.55998],[80.40815,7.55985],[80.40821,7.55934],[80.40816,7.55915],[80.40779,7.55908],[80.40765,7.55918],[80.40755,7.5596],[80.40751,7.56003],[80.40745,7.56013],[80.40721,7.56022],[80.40651,7.56012],[80.40632,7.56025],[80.40604,7.56033],[80.406,7.5604]],[[80.40707,7.5628],[80.40711,7.56266],[80.40739,7.56268],[80.40781,7.56279],[80.40784,7.56306],[80.40789,7.56312],[80.40787,7.56326],[80.40778,7.56335],[80.40733,7.56326],[80.40713,7.56312],[80.40707,7.5628]],[[80.41289,7.56257],[80.41289,7.56241],[80.41299,7.56228],[80.41314,7.5624],[80.41338,7.56246],[80.41332,7.56262],[80.41322,7.56265],[80.41302,7.56263],[80.41289,7.56257]],[[80.41346,7.56004],[80.41392,7.5595],[80.41433,7.55932],[80.41478,7.55937],[80.41497,7.55947],[80.41504,7.55956],[80.41509,7.55979],[80.41506,7.55996],[80.41486,7.56034],[80.41466,7.5605],[80.41451,7.56042],[80.41436,7.56005],[80.4142,7.55998],[80.41379,7.56019],[80.41377,7.56029],[80.41367,7.56037],[80.41346,7.56004]],[[80.41453,7.5618],[80.41465,7.56165],[80.41478,7.56165],[80.41507,7.56191],[80.41519,7.56208],[80.41518,7.5622],[80.41484,7.56255],[80.4146,7.56237],[80.41454,7.56222],[80.41453,7.5618]],[[80.41847,7.55704],[80.41851,7.55676],[80.41847,7.55669],[80.41889,7.55669],[80.41892,7.55684],[80.41867,7.55704],[80.41847,7.55704]]]}},{"type":"Feature","properties":{"c":"farmland"},"geometry":{"type":"Polygon","coordinates":[[[80.40536,7.55301],[80.40542,7.55309],[80.40549,7.55307],[80.40558,7.55314],[80.40557,7.55326],[80.40568,7.55338],[80.40605,7.55338],[80.40645,7.55349],[80.4069,7.5532],[80.40723,7.5532],[80.40742,7.55307],[80.40842,7.55349],[80.40827,7.55372],[80.40855,7.55387],[80.40868,7.55403],[80.40879,7.55402],[80.40882,7.5541],[80.40879,7.55436],[80.40862,7.55475],[80.40858,7.55509],[80.40878,7.55531],[80.40886,7.55583],[80.40882,7.5562],[80.40885,7.55647],[80.40875,7.55679],[80.40877,7.5573],[80.40884,7.55734],[80.40894,7.55731],[80.40914,7.55715],[80.40931,7.55689],[80.40961,7.5567],[80.40959,7.55658],[80.40947,7.55659],[80.40947,7.55602],[80.40953,7.55584],[80.40964,7.55573],[80.40975,7.55565],[80.40992,7.55565],[80.41018,7.55607],[80.41031,7.55602],[80.41036,7.55611],[80.41045,7.55614],[80.41058,7.55611],[80.41056,7.55627],[80.41048,7.55634],[80.41033,7.55638],[80.41032,7.55645],[80.41024,7.5565],[80.41016,7.55644],[80.41024,7.55697],[80.4102,7.55703],[80.41023,7.55713],[80.41017,7.5573],[80.4103,7.55787],[80.41056,7.55788],[80.41051,7.55737],[80.41054,7.5573],[80.41096,7.55725],[80.41132,7.55728],[80.41151,7.55672],[80.41159,7.55668],[80.41184,7.55679],[80.41186,7.55703],[80.41193,7.55706],[80.41255,7.55685],[80.41263,7.55665],[80.41241,7.55637],[80.41229,7.5563],[80.41222,7.55639],[80.41204,7.55627],[80.41206,7.55616],[80.41198,7.5561],[80.41116,7.55595],[80.41116,7.55568],[80.41102,7.55533],[80.41093,7.55524],[80.41074,7.55518],[80.41056,7.55493],[80.41066,7.55485],[80.41069,7.55473],[80.41074,7.55473],[80.41074,7.55455],[80.4108,7.55452],[80.41085,7.55463],[80.41092,7.55463],[80.411,7.55455],[80.41118,7.55455],[80.41136,7.55471],[80.41145,7.55456],[80.41167,7.55472],[80.41193,7.55483],[80.41204,7.55494],[80.4121,7.55519],[80.41233,7.55515],[80.41246,7.55508],[80.41256,7.55452],[80.41269,7.55435],[80.41279,7.55429],[80.41308,7.55429],[80.41323,7.55441],[80.41325,7.55453],[80.41333,7.55456],[80.41335,7.55489],[80.41347,7.55503],[80.41354,7.55527],[80.41384,7.55564],[80.41384,7.55587],[80.41415,7.55575],[80.41417,7.55535],[80.41405,7.55473],[80.41407,7.55455],[80.41448,7.55446],[80.41457,7.55449],[80.41493,7.55486],[80.41515,7.55533],[80.41529,7.55536],[80.41573,7.55533],[80.41581,7.55503],[80.41575,7.55498],[80.41578,7.55489],[80.41589,7.55483],[80.41568,7.55457],[80.41559,7.55464],[80.41554,7.55483],[80.41522,7.55499],[80.41516,7.55494],[80.41515,7.5548],[80.41528,7.55472],[80.41532,7.55464],[80.41524,7.55453],[80.41526,7.55439],[80.41514,7.5543],[80.41528,7.55414],[80.41522,7.55404],[80.41462,7.55373],[80.41433,7.55345],[80.41411,7.55334],[80.41368,7.55299],[80.41358,7.55281],[80.41334,7.55258],[80.41328,7.55205],[80.41305,7.55178],[80.41238,7.55156],[80.41212,7.55152],[80.41183,7.5514],[80.41173,7.5514],[80.41172,7.55087],[80.41133,7.55089],[80.41133,7.55123],[80.41124,7.5514],[80.41083,7.55155],[80.41042,7.55157],[80.4102,7.5512],[80.41008,7.55116],[80.40991,7.55121],[80.4098,7.55136],[80.40976,7.55162],[80.40949,7.55194],[80.40899,7.55228],[80.40896,7.55236],[80.40899,7.55251],[80.40879,7.5528],[80.40863,7.55291],[80.40847,7.55289],[80.40827,7.553],[80.40766,7.55278],[80.40724,7.55275],[80.407,7.55277],[80.40686,7.55286],[80.40676,7.55286],[80.4064,7.5531],[80.40549,7.55283],[80.40546,7.55293],[80.40536,7.55301]],[[80.40989,7.55283],[80.41,7.55263],[80.41,7.5524],[80.41025,7.55232],[80.41045,7.55241],[80.41062,7.55242],[80.41065,7.55257],[80.41107,7.55263],[80.41115,7.55291],[80.41112,7.55302],[80.4109,7.55321],[80.41056,7.55325],[80.41004,7.5532],[80.40989,7.55294],[80.40989,7.55283]]]}},{"type":"Feature","properties":{"c":"residential"},"geometry":{"type":"Polygon","coordinates":[[[80.42685,7.5565],[80.42697,7.55686],[80.42728,7.55726],[80.42745,7.55761],[80.42826,7.55842],[80.42835,7.55867],[80.4285,7.55886],[80.42891,7.55889],[80.42938,7.55914],[80.42943,7.55937],[80.42958,7.55953],[80.42984,7.55927],[80.43006,7.55927],[80.42999,7.55881],[80.42987,7.55862],[80.4292,7.55857],[80.42871,7.55842],[80.42869,7.55838],[80.42877,7.55826],[80.42877,7.5579],[80.4286,7.55773],[80.42843,7.55769],[80.42852,7.55738],[80.42838,7.55719],[80.42809,7.55694],[80.42794,7.5567],[80.42788,7.55642],[80.42764,7.55621],[80.42757,7.55606],[80.42764,7.55603],[80.42753,7.55588],[80.42745,7.55591],[80.42733,7.55573],[80.42706,7.55571],[80.42687,7.55599],[80.42685,7.5565]]]}},{"type":"Feature","properties":{"c":"farmland"},"geometry":{"type":"Polygon","coordinates":[[[80.40772,7.57127],[80.40799,7.57136],[80.40829,7.57134],[80.4085,7.57152],[80.40864,7.5715],[80.40872,7.57142],[80.40894,7.57136],[80.40918,7.57137],[80.40925,7.57119],[80.40977,7.57093],[80.40983,7.57083],[80.40983,7.57052],[80.40943,7.57035],[80.40919,7.57046],[80.40896,7.57019],[80.40899,7.57041],[80.40824,7.57064],[80.40813,7.57087],[80.40784,7.57103],[80.40772,7.57127]]]}},{"type":"Feature","properties":{"c":"farmland"},"geometry":{"type":"Polygon","coordinates":[[[80.39403,7.57992],[80.39414,7.58036],[80.39432,7.58079],[80.39455,7.58081],[80.39464,7.58087],[80.39476,7.58112],[80.39489,7.58114],[80.39494,7.58108],[80.39514,7.58148],[80.39569,7.58129],[80.39574,7.58132],[80.39592,7.58154],[80.39606,7.58181],[80.39577,7.5821],[80.39595,7.58225],[80.39628,7.5821],[80.39707,7.58186],[80.39724,7.5821],[80.39757,7.58237],[80.39786,7.58241],[80.39792,7.58235],[80.3979,7.5822],[80.39768,7.58167],[80.39797,7.5813],[80.3985,7.58143],[80.39845,7.58165],[80.39879,7.58182],[80.39897,7.58143],[80.399,7.58121],[80.39922,7.58131],[80.39925,7.58111],[80.39932,7.58104],[80.39917,7.58097],[80.39888,7.58099],[80.39913,7.58033],[80.39938,7.58002],[80.39979,7.5803],[80.40001,7.57977],[80.40029,7.57956],[80.40048,7.57927],[80.40069,7.57908],[80.40082,7.57869],[80.40106,7.57857],[80.4012,7.57842],[80.40134,7.57843],[80.40148,7.57857],[80.40205,7.57824],[80.40256,7.57808],[80.40308,7.57802],[80.40384,7.57779],[80.40373,7.57728],[80.40408,7.57715],[80.40436,7.57697],[80.40469,7.57695],[80.40483,7.57688],[80.40506,7.57693],[80.40532,7.57683],[80.40545,7.57684],[80.40556,7.57689],[80.40564,7.57717],[80.4061,7.57701],[80.40618,7.57689],[80.40628,7.57695],[80.40636,7.5769],[80.40659,7.57722],[80.40668,7.57724],[80.40688,7.57704],[80.40697,7.57701],[80.4071,7.57705],[80.40732,7.57698],[80.40738,7.57701],[80.40742,7.57726],[80.40772,7.57715],[80.40842,7.57675],[80.40854,7.57675],[80.4087,7.57649],[80.40916,7.57666],[80.40967,7.57674],[80.40973,7.57657],[80.40975,7.57621],[80.40983,7.57608],[80.40975,7.57597],[80.40977,7.57588],[80.40987,7.57571],[80.41001,7.57559],[80.41007,7.57544],[80.41007,7.57539],[80.40996,7.57533],[80.40993,7.57525],[80.40999,7.57517],[80.40996,7.57508],[80.40957,7.57483],[80.40939,7.5748],[80.4093,7.57474],[80.40913,7.57485],[80.40897,7.57454],[80.40878,7.5744],[80.40878,7.57431],[80.40893,7.57423],[80.40924,7.57428],[80.4094,7.57416],[80.40959,7.57426],[80.40961,7.57447],[80.40969,7.57456],[80.40991,7.57447],[80.40998,7.57434],[80.41021,7.57448],[80.41032,7.57443],[80.41035,7.57431],[80.4102,7.57415],[80.41022,7.57403],[80.40999,7.5739],[80.41005,7.57371],[80.41013,7.57362],[80.41026,7.57321],[80.41039,7.57296],[80.4105,7.57282],[80.41065,7.57291],[80.41071,7.57283],[80.41061,7.57276],[80.41067,7.57246],[80.41093,7.57196],[80.411,7.57197],[80.41105,7.57191],[80.41101,7.5717],[80.41112,7.57122],[80.41132,7.57104],[80.41137,7.57087],[80.41156,7.57062],[80.41165,7.57039],[80.41163,7.5703],[80.41166,7.57022],[80.41135,7.57015],[80.41129,7.57006],[80.41131,7.56996],[80.41116,7.56982],[80.41125,7.56944],[80.41128,7.5694],[80.41138,7.56944],[80.41148,7.56931],[80.41172,7.56919],[80.41176,7.56921],[80.41195,7.56903],[80.41196,7.56912],[80.41204,7.56915],[80.41236,7.56916],[80.41244,7.56854],[80.41214,7.56824],[80.41262,7.56776],[80.41276,7.56726],[80.41292,7.5671],[80.41305,7.56665],[80.41286,7.5666],[80.4126,7.56671],[80.41256,7.56679],[80.41264,7.56706],[80.41233,7.56709],[80.41233,7.56694],[80.41226,7.56685],[80.41207,7.56685],[80.4117,7.56675],[80.41163,7.56678],[80.41155,7.56692],[80.41141,7.567],[80.41143,7.56711],[80.41122,7.56727],[80.411,7.56753],[80.41066,7.56767],[80.41055,7.56764],[80.41028,7.56783],[80.41008,7.56818],[80.4095,7.5685],[80.40911,7.56886],[80.40899,7.56886],[80.40878,7.56908],[80.40862,7.56933],[80.40827,7.56941],[80.4083,7.56959],[80.40844,7.56969],[80.4085,7.56984],[80.40826,7.56985],[80.40786,7.56999],[80.4078,7.56995],[80.40748,7.57013],[80.40745,7.57025],[80.40711,7.57046],[80.40704,7.57047],[80.40697,7.57041],[80.4068,7.57048],[80.40664,7.57059],[80.40662,7.57064],[80.40666,7.57075],[80.40649,7.57085],[80.40652,7.57092],[80.40597,7.57132],[80.40588,7.57154],[80.40606,7.57177],[80.40622,7.57214],[80.40624,7.57243],[80.40654,7.57305],[80.40681,7.57293],[80.40693,7.57315],[80.40673,7.57329],[80.40696,7.57332],[80.40698,7.57346],[80.40693,7.57367],[80.40669,7.57411],[80.40647,7.57428],[80.40613,7.57432],[80.4059,7.57422],[80.40523,7.57418],[80.40457,7.57378],[80.4041,7.57385],[80.40369,7.57338],[80.40373,7.57295],[80.40382,7.57289],[80.40407,7.57297],[80.40449,7.57284],[80.40487,7.57292],[80.40493,7.57302],[80.40509,7.57306],[80.40538,7.57296],[80.40622,7.57248],[80.40618,7.57214],[80.40602,7.57178],[80.40581,7.57155],[80.40538,7.57174],[80.40533,7.57171],[80.40522,7.57176],[80.40504,7.57174],[80.40495,7.5718],[80.40492,7.57173],[80.40472,7.57156],[80.40426,7.57137],[80.40353,7.57124],[80.40331,7.57127],[80.40295,7.57162],[80.40258,7.57177],[80.40238,7.5719],[80.40227,7.57205],[80.40223,7.57256],[80.40239,7.57276],[80.4029,7.57321],[80.40298,7.57335],[80.40265,7.57512],[80.4022,7.57463],[80.40176,7.57503],[80.40172,7.57529],[80.40161,7.57536],[80.40145,7.57533],[80.40133,7.57539],[80.40126,7.57532],[80.40108,7.57531],[80.40073,7.57586],[80.40056,7.57604],[80.4002,7.57554],[80.4,7.57538],[80.39982,7.57554],[80.39931,7.57623],[80.39903,7.57612],[80.39896,7.57642],[80.39906,7.57645],[80.39916,7.5766],[80.39902,7.57708],[80.39882,7.57726],[80.39877,7.57741],[80.39864,7.57749],[80.39842,7.57755],[80.39828,7.57768],[80.39829,7.57784],[80.39797,7.57807],[80.39809,7.57818],[80.39782,7.57835],[80.39769,7.57824],[80.39763,7.57826],[80.39757,7.57833],[80.39768,7.57841],[80.39733,7.5785],[80.39678,7.57855],[80.39671,7.5786],[80.39668,7.57882],[80.39637,7.57886],[80.39552,7.57925],[80.39536,7.57942],[80.39527,7.57946],[80.39507,7.57943],[80.39502,7.57936],[80.39495,7.57938],[80.39482,7.57951],[80.39463,7.57955],[80.39403,7.57992]],[[80.40772,7.57127],[80.40784,7.57103],[80.40813,7.57087],[80.40824,7.57064],[80.40899,7.57041],[80.40896,7.57019],[80.40919,7.57046],[80.40943,7.57035],[80.40983,7.57052],[80.40983,7.57083],[80.40977,7.57093],[80.40925,7.57119],[80.40918,7.57137],[80.40894,7.57136],[80.40872,7.57142],[80.40864,7.5715],[80.4085,7.57152],[80.40829,7.57134],[80.40799,7.57136],[80.40772,7.57127]]]}},{"type":"Feature","properties":{"c":"farmland"},"geometry":{"type":"Polygon","coordinates":[[[80.39403,7.57992],[80.39414,7.58036],[80.39432,7.58079],[80.39455,7.58081],[80.39464,7.58087],[80.39476,7.58112],[80.39489,7.58114],[80.39494,7.58108],[80.39514,7.58148],[80.39569,7.58129],[80.39574,7.58132],[80.39592,7.58154],[80.39606,7.58181],[80.39577,7.5821],[80.39595,7.58225],[80.39628,7.5821],[80.39707,7.58186],[80.39724,7.5821],[80.39757,7.58237],[80.39786,7.58241],[80.39792,7.58235],[80.3979,7.5822],[80.39768,7.58167],[80.39797,7.5813],[80.3985,7.58143],[80.39845,7.58165],[80.39879,7.58182],[80.39897,7.58143],[80.399,7.58121],[80.39922,7.58131],[80.39925,7.58111],[80.39932,7.58104],[80.39917,7.58097],[80.39888,7.58099],[80.39913,7.58033],[80.39938,7.58002],[80.39979,7.5803],[80.40001,7.57977],[80.40029,7.57956],[80.40048,7.57927],[80.40069,7.57908],[80.40082,7.57869],[80.40106,7.57857],[80.4012,7.57842],[80.40134,7.57843],[80.40148,7.57857],[80.40205,7.57824],[80.40256,7.57808],[80.40308,7.57802],[80.40384,7.57779],[80.40373,7.57728],[80.40408,7.57715],[80.40436,7.57697],[80.40469,7.57695],[80.40483,7.57688],[80.40506,7.57693],[80.40532,7.57683],[80.40545,7.57684],[80.40556,7.57689],[80.40564,7.57717],[80.4061,7.57701],[80.40618,7.57689],[80.40628,7.57695],[80.40636,7.5769],[80.40659,7.57722],[80.40668,7.57724],[80.40688,7.57704],[80.40697,7.57701],[80.4071,7.57705],[80.40732,7.57698],[80.40738,7.57701],[80.40742,7.57726],[80.40772,7.57715],[80.40842,7.57675],[80.40854,7.57675],[80.4087,7.57649],[80.40916,7.57666],[80.40967,7.57674],[80.40973,7.57657],[80.40975,7.57621],[80.40983,7.57608],[80.40975,7.57597],[80.40977,7.57588],[80.40987,7.57571],[80.41001,7.57559],[80.41007,7.57544],[80.41007,7.57539],[80.40996,7.57533],[80.40993,7.57525],[80.40999,7.57517],[80.40996,7.57508],[80.40957,7.57483],[80.40939,7.5748],[80.4093,7.57474],[80.40913,7.57485],[80.40897,7.57454],[80.40878,7.5744],[80.40878,7.57431],[80.40893,7.57423],[80.40924,7.57428],[80.4094,7.57416],[80.40959,7.57426],[80.40961,7.57447],[80.40969,7.57456],[80.40991,7.57447],[80.40998,7.57434],[80.41021,7.57448],[80.41032,7.57443],[80.41035,7.57431],[80.4102,7.57415],[80.41022,7.57403],[80.40999,7.5739],[80.41005,7.57371],[80.41013,7.57362],[80.41026,7.57321],[80.41039,7.57296],[80.4105,7.57282],[80.41065,7.57291],[80.41071,7.57283],[80.41061,7.57276],[80.41067,7.57246],[80.41093,7.57196],[80.411,7.57197],[80.41105,7.57191],[80.41101,7.5717],[80.41112,7.57122],[80.41132,7.57104],[80.41137,7.57087],[80.41156,7.57062],[80.41165,7.57039],[80.41163,7.5703],[80.41166,7.57022],[80.41135,7.57015],[80.41129,7.57006],[80.41131,7.56996],[80.41116,7.56982],[80.41125,7.56944],[80.41128,7.5694],[80.41138,7.56944],[80.41148,7.56931],[80.41172,7.56919],[80.41176,7.56921],[80.41195,7.56903],[80.41196,7.56912],[80.41204,7.56915],[80.41236,7.56916],[80.41244,7.56854],[80.41214,7.56824],[80.41262,7.56776],[80.41276,7.56726],[80.41292,7.5671],[80.41305,7.56665],[80.41286,7.5666],[80.4126,7.56671],[80.41256,7.56679],[80.41264,7.56706],[80.41233,7.56709],[80.41233,7.56694],[80.41226,7.56685],[80.41207,7.56685],[80.4117,7.56675],[80.41163,7.56678],[80.41155,7.56692],[80.41141,7.567],[80.41143,7.56711],[80.41122,7.56727],[80.411,7.56753],[80.41066,7.56767],[80.41055,7.56764],[80.41028,7.56783],[80.41008,7.56818],[80.4095,7.5685],[80.40911,7.56886],[80.40899,7.56886],[80.40878,7.56908],[80.40862,7.56933],[80.40827,7.56941],[80.4083,7.56959],[80.40844,7.56969],[80.4085,7.56984],[80.40826,7.56985],[80.40786,7.56999],[80.4078,7.56995],[80.40748,7.57013],[80.40745,7.57025],[80.40711,7.57046],[80.40704,7.57047],[80.40697,7.57041],[80.4068,7.57048],[80.40664,7.57059],[80.40662,7.57064],[80.40666,7.57075],[80.40649,7.57085],[80.40652,7.57092],[80.40597,7.57132],[80.40588,7.57154],[80.40606,7.57177],[80.40622,7.57214],[80.40624,7.57243],[80.40654,7.57305],[80.40681,7.57293],[80.40693,7.57315],[80.40673,7.57329],[80.40696,7.57332],[80.40698,7.57346],[80.40693,7.57367],[80.40669,7.57411],[80.40647,7.57428],[80.40613,7.57432],[80.4059,7.57422],[80.40523,7.57418],[80.40457,7.57378],[80.4041,7.57385],[80.40369,7.57338],[80.40373,7.57295],[80.40382,7.57289],[80.40407,7.57297],[80.40449,7.57284],[80.40487,7.57292],[80.40493,7.57302],[80.40509,7.57306],[80.40538,7.57296],[80.40622,7.57248],[80.40618,7.57214],[80.40602,7.57178],[80.40581,7.57155],[80.40538,7.57174],[80.40533,7.57171],[80.40522,7.57176],[80.40504,7.57174],[80.40495,7.5718],[80.40492,7.57173],[80.40472,7.57156],[80.40426,7.57137],[80.40353,7.57124],[80.40331,7.57127],[80.40295,7.57162],[80.40258,7.57177],[80.40238,7.5719],[80.40227,7.57205],[80.40223,7.57256],[80.40239,7.57276],[80.4029,7.57321],[80.40298,7.57335],[80.40265,7.57512],[80.4022,7.57463],[80.40176,7.57503],[80.40172,7.57529],[80.40161,7.57536],[80.40145,7.57533],[80.40133,7.57539],[80.40126,7.57532],[80.40108,7.57531],[80.40073,7.57586],[80.40056,7.57604],[80.4002,7.57554],[80.4,7.57538],[80.39982,7.57554],[80.39931,7.57623],[80.39903,7.57612],[80.39896,7.57642],[80.39906,7.57645],[80.39916,7.5766],[80.39902,7.57708],[80.39882,7.57726],[80.39877,7.57741],[80.39864,7.57749],[80.39842,7.57755],[80.39828,7.57768],[80.39829,7.57784],[80.39797,7.57807],[80.39809,7.57818],[80.39782,7.57835],[80.39769,7.57824],[80.39763,7.57826],[80.39757,7.57833],[80.39768,7.57841],[80.39733,7.5785],[80.39678,7.57855],[80.39671,7.5786],[80.39668,7.57882],[80.39637,7.57886],[80.39552,7.57925],[80.39536,7.57942],[80.39527,7.57946],[80.39507,7.57943],[80.39502,7.57936],[80.39495,7.57938],[80.39482,7.57951],[80.39463,7.57955],[80.39403,7.57992]],[[80.39701,7.5805],[80.39732,7.58039],[80.39745,7.58046],[80.39742,7.58051],[80.39762,7.58063],[80.39777,7.58043],[80.39774,7.58033],[80.3976,7.58026],[80.39756,7.58031],[80.39745,7.58026],[80.39733,7.58031],[80.39712,7.58021],[80.39714,7.58012],[80.39725,7.58006],[80.39735,7.58011],[80.39755,7.57994],[80.39762,7.58009],[80.39776,7.58002],[80.39775,7.57992],[80.39788,7.5799],[80.3979,7.57997],[80.39797,7.57999],[80.39799,7.58007],[80.3979,7.58008],[80.39799,7.5802],[80.39795,7.58028],[80.39798,7.58033],[80.39777,7.58052],[80.39771,7.58069],[80.39783,7.5807],[80.39789,7.58056],[80.39797,7.58072],[80.39782,7.58072],[80.39775,7.58081],[80.39759,7.58079],[80.39739,7.58093],[80.39738,7.58087],[80.39725,7.58076],[80.39736,7.58068],[80.39731,7.58061],[80.39724,7.58063],[80.39714,7.58051],[80.39707,7.58055],[80.39701,7.5805]]]}},{"type":"Feature","properties":{"c":"farmland","n":"Paddy Land"},"geometry":{"type":"Polygon","coordinates":[[[80.42303,7.57022],[80.42345,7.57037],[80.42379,7.57068],[80.42426,7.57077],[80.42437,7.57083],[80.42451,7.57067],[80.42445,7.57044],[80.42449,7.57035],[80.42425,7.57033],[80.42408,7.57021],[80.42407,7.5701],[80.42384,7.56995],[80.42312,7.56999],[80.42303,7.5701],[80.42303,7.57022]]]}},{"type":"Feature","properties":{"c":"farmland","n":"Paddy Land"},"geometry":{"type":"Polygon","coordinates":[[[80.41954,7.61349],[80.41967,7.61376],[80.41967,7.61387],[80.41983,7.61402],[80.41967,7.61411],[80.41969,7.61431],[80.41956,7.61446],[80.41958,7.61453],[80.41994,7.61466],[80.42007,7.61506],[80.42003,7.61518],[80.41994,7.61525],[80.42,7.61537],[80.42047,7.61565],[80.42092,7.61544],[80.42101,7.61545],[80.42117,7.61578],[80.42157,7.61578],[80.4216,7.61593],[80.42187,7.61595],[80.42187,7.61629],[80.42153,7.61631],[80.42124,7.61626],[80.42125,7.61631],[80.4214,7.61639],[80.42158,7.61642],[80.42167,7.61639],[80.42168,7.61643],[80.42194,7.61654],[80.42196,7.61663],[80.42203,7.61665],[80.42214,7.61686],[80.4222,7.61686],[80.42221,7.61681],[80.42206,7.61621],[80.42218,7.61618],[80.42227,7.61608],[80.4222,7.61598],[80.4222,7.61581],[80.42227,7.61572],[80.42224,7.61564],[80.42272,7.6155],[80.42283,7.61541],[80.42296,7.61542],[80.42302,7.61517],[80.42332,7.61531],[80.42355,7.61524],[80.42363,7.61526],[80.42379,7.61547],[80.42383,7.61571],[80.42395,7.61573],[80.42395,7.61583],[80.4241,7.6159],[80.42415,7.61584],[80.42423,7.61585],[80.42424,7.61591],[80.42508,7.61604],[80.42502,7.61577],[80.42553,7.61561],[80.42562,7.61604],[80.42555,7.6161],[80.42551,7.61624],[80.42553,7.61636],[80.42581,7.61638],[80.42586,7.61681],[80.42707,7.61654],[80.42735,7.6167],[80.42735,7.61703],[80.42758,7.61704],[80.42768,7.61714],[80.42773,7.61683],[80.42779,7.61674],[80.42802,7.61672],[80.42824,7.61676],[80.42832,7.61654],[80.42879,7.61663],[80.42916,7.61645],[80.42941,7.61626],[80.42961,7.61628],[80.42965,7.61636],[80.42976,7.61632],[80.42984,7.61647],[80.42997,7.61649],[80.43008,7.61664],[80.43019,7.61663],[80.43026,7.61648],[80.4305,7.61645],[80.43059,7.61635],[80.43092,7.61643],[80.43101,7.61675],[80.43144,7.61687],[80.43172,7.61686],[80.4318,7.61717],[80.43185,7.61718],[80.43202,7.61714],[80.43243,7.61694],[80.43275,7.61691],[80.43279,7.61683],[80.4329,7.61678],[80.43301,7.61696],[80.43312,7.617],[80.43335,7.61688],[80.43339,7.61682],[80.43331,7.61633],[80.43334,7.61591],[80.43298,7.61593],[80.43296,7.61598],[80.43301,7.61604],[80.4327,7.61598],[80.43267,7.61593],[80.43274,7.61577],[80.43267,7.61569],[80.43266,7.61557],[80.4327,7.61532],[80.43281,7.61517],[80.43292,7.61516],[80.43301,7.61527],[80.43295,7.61541],[80.43307,7.61551],[80.43306,7.61563],[80.43338,7.61565],[80.43347,7.61479],[80.4332,7.61468],[80.43317,7.61458],[80.43319,7.61446],[80.4335,7.61428],[80.43348,7.61328],[80.43337,7.61225],[80.4332,7.61223],[80.43308,7.61237],[80.43313,7.61173],[80.43329,7.61089],[80.43327,7.61044],[80.4334,7.61043],[80.43341,7.61018],[80.43329,7.61022],[80.43313,7.60928],[80.433,7.60914],[80.43294,7.60893],[80.43297,7.60868],[80.4329,7.60862],[80.43262,7.60863],[80.43241,7.60821],[80.43242,7.60813],[80.43259,7.60786],[80.43271,7.60753],[80.43299,7.60753],[80.43305,7.6076],[80.43306,7.60755],[80.43316,7.60701],[80.43313,7.60694],[80.43306,7.60698],[80.43282,7.60681],[80.43271,7.60679],[80.43272,7.60671],[80.43285,7.60668],[80.43323,7.60674],[80.43324,7.6064],[80.4332,7.60629],[80.43311,7.60622],[80.4334,7.60573],[80.43354,7.60564],[80.43365,7.60566],[80.43374,7.6054],[80.43382,7.60539],[80.43376,7.60469],[80.43393,7.60484],[80.43434,7.60424],[80.43442,7.60424],[80.4347,7.6035],[80.4352,7.60266],[80.43537,7.60245],[80.43484,7.60245],[80.43465,7.60251],[80.43461,7.60248],[80.43481,7.6021],[80.43507,7.60194],[80.43507,7.60184],[80.43497,7.60163],[80.43501,7.60158],[80.43561,7.6015],[80.4356,7.60134],[80.43547,7.60127],[80.43537,7.60112],[80.43524,7.60109],[80.43526,7.60076],[80.43555,7.60076],[80.43556,7.60056],[80.43475,7.59997],[80.43402,7.59958],[80.4337,7.59922],[80.4336,7.59923],[80.43342,7.59943],[80.43323,7.59981],[80.43315,7.60009],[80.43288,7.60016],[80.43282,7.60024],[80.43291,7.60049],[80.43321,7.60061],[80.43339,7.60113],[80.43331,7.6014],[80.43306,7.60142],[80.43308,7.60161],[80.43294,7.60164],[80.43294,7.60171],[80.43301,7.60176],[80.43297,7.60195],[80.43288,7.602],[80.43261,7.60255],[80.43179,7.60289],[80.43172,7.60293],[80.43175,7.60309],[80.43158,7.60309],[80.43146,7.60356],[80.43131,7.60383],[80.43112,7.60435],[80.43102,7.60445],[80.43097,7.60466],[80.43101,7.60484],[80.43059,7.60483],[80.43021,7.60553],[80.43011,7.60562],[80.43019,7.60574],[80.43039,7.60582],[80.43055,7.60595],[80.43092,7.60594],[80.43106,7.60621],[80.43095,7.60625],[80.43095,7.6063],[80.4311,7.60647],[80.43108,7.60668],[80.43095,7.60676],[80.43078,7.60667],[80.43058,7.60669],[80.43048,7.60655],[80.43019,7.60646],[80.42977,7.60653],[80.42951,7.60669],[80.42932,7.60669],[80.42921,7.60674],[80.42919,7.60663],[80.42884,7.60678],[80.42841,7.60731],[80.42825,7.60742],[80.42746,7.60782],[80.4272,7.60782],[80.42682,7.60755],[80.42663,7.60753],[80.42644,7.60758],[80.42628,7.60746],[80.4262,7.60722],[80.42591,7.60688],[80.42558,7.60638],[80.4255,7.60636],[80.42541,7.60626],[80.42541,7.6062],[80.42521,7.60588],[80.4253,7.60568],[80.42533,7.60535],[80.42542,7.60538],[80.42566,7.60527],[80.4257,7.60521],[80.42568,7.60511],[80.42589,7.605],[80.42633,7.60497],[80.42637,7.60479],[80.42616,7.60435],[80.42599,7.60433],[80.42599,7.60423],[80.42611,7.60402],[80.42601,7.6033],[80.42585,7.60278],[80.42561,7.60257],[80.42545,7.6022],[80.42524,7.60098],[80.42512,7.60091],[80.42486,7.60085],[80.42448,7.60088],[80.42437,7.60095],[80.42428,7.60155],[80.42451,7.60163],[80.42457,7.60193],[80.42452,7.60204],[80.42457,7.60224],[80.42441,7.60227],[80.42456,7.60312],[80.42455,7.60354],[80.42447,7.60361],[80.4243,7.60359],[80.42404,7.60374],[80.42349,7.60347],[80.42314,7.60341],[80.42308,7.60324],[80.42283,7.60322],[80.42274,7.60328],[80.42259,7.60324],[80.42154,7.60202],[80.42146,7.60197],[80.4212,7.60203],[80.42097,7.60194],[80.42088,7.60198],[80.42085,7.60205],[80.42061,7.60223],[80.42067,7.60238],[80.42073,7.60242],[80.42123,7.60241],[80.42134,7.60246],[80.42145,7.60259],[80.42135,7.60266],[80.42138,7.60283],[80.42142,7.60286],[80.42156,7.60278],[80.42179,7.60304],[80.42183,7.60304],[80.42195,7.6032],[80.42186,7.60326],[80.422,7.60349],[80.42228,7.60369],[80.42179,7.60368],[80.42172,7.60371],[80.42173,7.60379],[80.42201,7.60413],[80.42219,7.60423],[80.42225,7.60439],[80.42242,7.60443],[80.42254,7.60465],[80.42268,7.60468],[80.42264,7.60482],[80.42271,7.60502],[80.42286,7.60501],[80.42307,7.60533],[80.42303,7.60554],[80.42274,7.6055],[80.42208,7.60567],[80.42185,7.60599],[80.42162,7.60592],[80.42152,7.60596],[80.42125,7.60579],[80.42097,7.60578],[80.42084,7.6058],[80.42059,7.60598],[80.42068,7.6062],[80.42082,7.60619],[80.42097,7.6061],[80.42107,7.60611],[80.42118,7.6062],[80.42121,7.60648],[80.42109,7.60655],[80.42106,7.60669],[80.42093,7.60674],[80.42098,7.60698],[80.42084,7.60711],[80.42086,7.6073],[80.42089,7.6074],[80.42102,7.60743],[80.42109,7.60755],[80.42108,7.60764],[80.42145,7.60762],[80.42149,7.6077],[80.42095,7.60793],[80.42097,7.6081],[80.42102,7.60814],[80.42132,7.60816],[80.42135,7.60799],[80.42161,7.60783],[80.42179,7.60778],[80.42166,7.60825],[80.42171,7.60835],[80.42162,7.60839],[80.42164,7.60845],[80.42179,7.60853],[80.42178,7.60869],[80.42196,7.60873],[80.42198,7.60897],[80.42213,7.60905],[80.42216,7.60896],[80.4223,7.60896],[80.42231,7.60942],[80.42212,7.60946],[80.4219,7.60942],[80.42172,7.60948],[80.42163,7.60956],[80.42159,7.60978],[80.42176,7.60983],[80.42173,7.60995],[80.42158,7.61006],[80.4215,7.61003],[80.42145,7.61019],[80.42153,7.61064],[80.42183,7.61064],[80.42192,7.61053],[80.42208,7.61084],[80.42191,7.61088],[80.4219,7.61093],[80.42144,7.61093],[80.42142,7.61097],[80.42123,7.61091],[80.42116,7.61096],[80.42118,7.61114],[80.42153,7.61115],[80.42167,7.61127],[80.42167,7.61149],[80.42174,7.61148],[80.42175,7.61156],[80.42173,7.61179],[80.42168,7.61179],[80.42171,7.61207],[80.42121,7.61199],[80.42069,7.61205],[80.42067,7.61258],[80.42072,7.61264],[80.42072,7.61282],[80.42065,7.61301],[80.42036,7.61306],[80.42037,7.61278],[80.42022,7.61282],[80.41984,7.61305],[80.41954,7.61349]],[[80.4252,7.61504],[80.42535,7.615],[80.42541,7.6151],[80.42569,7.61508],[80.42568,7.61525],[80.42624,7.61517],[80.42615,7.61433],[80.42612,7.61423],[80.42602,7.61423],[80.42598,7.61359],[80.42604,7.61334],[80.42608,7.61307],[80.42646,7.61287],[80.42645,7.61276],[80.42695,7.6128],[80.42714,7.61286],[80.42738,7.61308],[80.42756,7.61315],[80.42771,7.61398],[80.42803,7.61397],[80.42822,7.61415],[80.428,7.61419],[80.42791,7.61426],[80.42789,7.61504],[80.42775,7.61546],[80.42683,7.61548],[80.42638,7.61533],[80.42634,7.61567],[80.4261,7.61569],[80.42576,7.61563],[80.42566,7.61542],[80.42554,7.61528],[80.42528,7.61529],[80.4252,7.61504]],[[80.42544,7.61349],[80.42554,7.61283],[80.42551,7.61263],[80.42608,7.61261],[80.42635,7.61255],[80.42645,7.61285],[80.42607,7.61306],[80.42595,7.61364],[80.42594,7.61382],[80.42581,7.61389],[80.42552,7.61367],[80.42544,7.61349]],[[80.42772,7.61611],[80.42778,7.61596],[80.42789,7.61585],[80.42816,7.61568],[80.42823,7.61567],[80.42837,7.61581],[80.42838,7.61597],[80.4283,7.6162],[80.42823,7.61631],[80.4281,7.61638],[80.42801,7.6162],[80.42772,7.61611]],[[80.43332,7.60016],[80.43334,7.60009],[80.43356,7.59999],[80.43368,7.6],[80.43384,7.60032],[80.43393,7.60035],[80.43396,7.60028],[80.43421,7.60051],[80.43421,7.6007],[80.43415,7.60079],[80.43391,7.60097],[80.43367,7.6005],[80.43356,7.60043],[80.43355,7.60034],[80.43348,7.60032],[80.43343,7.60036],[80.43339,7.60033],[80.43332,7.60016]]]}},{"type":"Feature","properties":{"c":"farmland","n":"Paddy Land"},"geometry":{"type":"Polygon","coordinates":[[[80.42077,7.5961],[80.42083,7.59638],[80.42084,7.59732],[80.42092,7.59724],[80.42108,7.59725],[80.42123,7.59777],[80.42148,7.59785],[80.42164,7.59779],[80.4218,7.59793],[80.42178,7.59809],[80.42213,7.59807],[80.42221,7.5981],[80.42241,7.59841],[80.42278,7.59852],[80.42287,7.59864],[80.42301,7.59857],[80.42309,7.59859],[80.42344,7.5985],[80.42353,7.59879],[80.42322,7.5989],[80.42309,7.59906],[80.42319,7.59913],[80.42327,7.5993],[80.42369,7.59936],[80.42364,7.59962],[80.42369,7.5997],[80.42409,7.59997],[80.42405,7.59981],[80.42409,7.59969],[80.42398,7.59974],[80.42393,7.59969],[80.42394,7.59961],[80.42416,7.59955],[80.4243,7.59968],[80.42426,7.59975],[80.42436,7.59997],[80.42431,7.60008],[80.42439,7.60014],[80.42443,7.60035],[80.42433,7.60058],[80.42436,7.60069],[80.42456,7.60079],[80.42474,7.60073],[80.42492,7.60078],[80.42519,7.60073],[80.42495,7.60002],[80.42498,7.59902],[80.42493,7.59828],[80.42464,7.59757],[80.42393,7.5967],[80.42379,7.59646],[80.42365,7.59602],[80.42339,7.59474],[80.42295,7.59298],[80.42266,7.59306],[80.42264,7.5933],[80.42278,7.59366],[80.42261,7.59375],[80.4224,7.59378],[80.42234,7.59378],[80.42232,7.59371],[80.42215,7.59371],[80.42212,7.59386],[80.42222,7.59409],[80.42215,7.59415],[80.42188,7.59408],[80.42133,7.59413],[80.42085,7.59446],[80.42091,7.59478],[80.42098,7.59488],[80.42112,7.59487],[80.42117,7.59495],[80.42117,7.5952],[80.42145,7.59518],[80.4215,7.59527],[80.42147,7.5954],[80.4211,7.59539],[80.42083,7.5955],[80.42077,7.5961]],[[80.42362,7.59915],[80.42401,7.59878],[80.42399,7.59865],[80.42388,7.59869],[80.42388,7.59856],[80.42426,7.59841],[80.42433,7.59859],[80.42418,7.59866],[80.42434,7.59888],[80.42401,7.5991],[80.42384,7.59928],[80.42386,7.59942],[80.42379,7.59943],[80.42362,7.59915]]]}},{"type":"Feature","properties":{"c":"farmland","n":"Paddy Land"},"geometry":{"type":"Polygon","coordinates":[[[80.42217,7.58507],[80.42243,7.58608],[80.42226,7.58614],[80.42235,7.58655],[80.42245,7.58658],[80.42252,7.58668],[80.42281,7.58779],[80.4224,7.58793],[80.42237,7.58814],[80.42252,7.5883],[80.42274,7.58829],[80.42266,7.58837],[80.42269,7.58848],[80.42267,7.58897],[80.42274,7.58932],[80.42233,7.58939],[80.42256,7.59053],[80.42335,7.59402],[80.42345,7.59424],[80.42354,7.59478],[80.42375,7.59476],[80.42379,7.59508],[80.42363,7.59508],[80.42363,7.59522],[80.42392,7.59643],[80.42475,7.59752],[80.42478,7.59742],[80.42492,7.59745],[80.4251,7.59739],[80.42502,7.59693],[80.42485,7.59651],[80.42471,7.59571],[80.4246,7.59544],[80.42481,7.59546],[80.42478,7.59512],[80.42485,7.59476],[80.42482,7.59472],[80.42503,7.5946],[80.42508,7.59441],[80.42515,7.59436],[80.42522,7.59438],[80.42521,7.59417],[80.42514,7.59414],[80.42473,7.59431],[80.42466,7.59438],[80.42458,7.59468],[80.42431,7.59464],[80.42417,7.59391],[80.4243,7.59387],[80.42469,7.59345],[80.42458,7.59316],[80.42434,7.59323],[80.42431,7.59316],[80.42421,7.59315],[80.42422,7.59309],[80.42457,7.59301],[80.42453,7.59261],[80.42443,7.59251],[80.42419,7.59246],[80.42414,7.59241],[80.42408,7.59186],[80.42415,7.59168],[80.4241,7.59156],[80.42386,7.59131],[80.42386,7.59111],[80.42374,7.5907],[80.42395,7.59065],[80.42402,7.59058],[80.42419,7.59027],[80.42406,7.5903],[80.42374,7.59049],[80.42367,7.59028],[80.4235,7.59032],[80.42339,7.59003],[80.42343,7.5899],[80.4233,7.58988],[80.42323,7.58959],[80.42353,7.58953],[80.42353,7.58929],[80.42363,7.58901],[80.42363,7.5889],[80.42349,7.58866],[80.42344,7.58874],[80.42341,7.58873],[80.42333,7.58844],[80.42336,7.58839],[80.42352,7.58837],[80.42354,7.58809],[80.42503,7.58775],[80.42512,7.58781],[80.4252,7.58779],[80.42525,7.58788],[80.42522,7.58797],[80.4254,7.58866],[80.4257,7.58864],[80.42585,7.58873],[80.42588,7.58884],[80.42586,7.58919],[80.42669,7.58911],[80.42686,7.58894],[80.42685,7.58886],[80.42665,7.5889],[80.4267,7.58862],[80.42666,7.58857],[80.42653,7.58858],[80.42648,7.58813],[80.42642,7.58798],[80.42594,7.58797],[80.42592,7.58777],[80.42587,7.58767],[80.42595,7.58759],[80.42584,7.58718],[80.42599,7.58711],[80.42592,7.58697],[80.42605,7.58692],[80.42687,7.5869],[80.427,7.58685],[80.42708,7.58638],[80.42704,7.58616],[80.42698,7.58608],[80.4269,7.58607],[80.42653,7.58618],[80.42593,7.58615],[80.42571,7.58624],[80.42557,7.58619],[80.42552,7.58608],[80.42555,7.586],[80.42561,7.58601],[80.42566,7.58593],[80.42578,7.58594],[80.42584,7.58588],[80.42593,7.58594],[80.42602,7.58583],[80.42618,7.58578],[80.4263,7.58581],[80.42636,7.58563],[80.42682,7.58554],[80.4273,7.58538],[80.42739,7.58526],[80.42746,7.58506],[80.42746,7.58481],[80.42767,7.58485],[80.42767,7.58445],[80.42747,7.58444],[80.42761,7.5841],[80.42729,7.58405],[80.42712,7.58407],[80.42712,7.58365],[80.4276,7.58365],[80.42749,7.58278],[80.42743,7.58279],[80.42734,7.58267],[80.42719,7.58268],[80.42709,7.58259],[80.42698,7.58261],[80.42691,7.58228],[80.42709,7.58189],[80.42677,7.58177],[80.42663,7.5822],[80.42623,7.58231],[80.42616,7.58221],[80.42613,7.58201],[80.42623,7.58191],[80.42638,7.58189],[80.42635,7.5818],[80.42642,7.58167],[80.42638,7.58161],[80.42586,7.58159],[80.42575,7.58163],[80.42573,7.5818],[80.42555,7.58179],[80.42553,7.58158],[80.42547,7.58155],[80.42514,7.58159],[80.425,7.58155],[80.42478,7.58169],[80.42466,7.58192],[80.4246,7.58189],[80.42436,7.58195],[80.42425,7.58214],[80.42387,7.58245],[80.42372,7.58272],[80.42356,7.58273],[80.42351,7.5828],[80.42353,7.58311],[80.42368,7.58322],[80.42358,7.58339],[80.42333,7.58347],[80.42331,7.58353],[80.4233,7.58378],[80.42316,7.58395],[80.42327,7.58417],[80.42316,7.58441],[80.4232,7.58462],[80.42316,7.58469],[80.42288,7.58491],[80.42259,7.58503],[80.42246,7.58494],[80.42217,7.58507]],[[80.42322,7.58592],[80.42367,7.58587],[80.42367,7.58552],[80.42381,7.58545],[80.42439,7.58535],[80.42457,7.5856],[80.42472,7.58554],[80.42465,7.58516],[80.42476,7.58505],[80.42508,7.58494],[80.42518,7.585],[80.42535,7.58498],[80.42543,7.58502],[80.42541,7.58529],[80.42529,7.58544],[80.42528,7.58557],[80.42511,7.58566],[80.4252,7.58596],[80.42498,7.58608],[80.42496,7.58626],[80.42506,7.58643],[80.42506,7.58661],[80.42494,7.5867],[80.42492,7.58695],[80.42504,7.58735],[80.42471,7.58743],[80.42454,7.58753],[80.42437,7.58744],[80.42419,7.5874],[80.42411,7.58732],[80.42423,7.58705],[80.42413,7.58694],[80.42385,7.58684],[80.4239,7.58666],[80.42379,7.58674],[80.42327,7.58663],[80.42322,7.58592]],[[80.42602,7.58369],[80.4261,7.58314],[80.42656,7.58319],[80.42662,7.58335],[80.42685,7.58337],[80.42691,7.58327],[80.42704,7.58328],[80.42707,7.58362],[80.42682,7.58362],[80.42643,7.5837],[80.42602,7.58369]]]}},{"type":"Feature","properties":{"c":"farmland","n":"Paddy Land"},"geometry":{"type":"Polygon","coordinates":[[[80.4244,7.57672],[80.42474,7.57687],[80.42458,7.57723],[80.4251,7.57828],[80.42511,7.57852],[80.42504,7.57859],[80.42486,7.5792],[80.42484,7.57953],[80.42488,7.57992],[80.42497,7.58017],[80.42518,7.58042],[80.4254,7.5806],[80.42518,7.5808],[80.42537,7.58104],[80.42542,7.58105],[80.42572,7.58097],[80.42575,7.58087],[80.42585,7.58089],[80.42589,7.58095],[80.42624,7.58094],[80.42629,7.58114],[80.42638,7.58119],[80.4264,7.5815],[80.42647,7.58166],[80.4271,7.58186],[80.42761,7.58192],[80.42772,7.58187],[80.42785,7.58154],[80.42766,7.58153],[80.42774,7.58086],[80.42779,7.58075],[80.42815,7.58076],[80.42807,7.58051],[80.42813,7.58044],[80.42824,7.58052],[80.42824,7.58039],[80.42829,7.58029],[80.4284,7.58026],[80.42846,7.58017],[80.42845,7.5794],[80.42828,7.5792],[80.4281,7.57872],[80.42801,7.57866],[80.42785,7.57863],[80.42783,7.57874],[80.42769,7.57879],[80.42739,7.57876],[80.4272,7.57868],[80.42718,7.57842],[80.42732,7.57818],[80.42743,7.57809],[80.42786,7.57826],[80.42787,7.57831],[80.42805,7.57834],[80.42792,7.57808],[80.42764,7.57788],[80.42761,7.57752],[80.42738,7.57744],[80.42723,7.57752],[80.42684,7.57759],[80.42664,7.5775],[80.42655,7.57738],[80.42656,7.57723],[80.42634,7.57711],[80.42585,7.57698],[80.42584,7.57663],[80.42573,7.5765],[80.42572,7.5764],[80.42579,7.57638],[80.42591,7.57623],[80.42632,7.57658],[80.42643,7.57632],[80.42689,7.57645],[80.42721,7.57644],[80.42735,7.57607],[80.42733,7.57591],[80.42747,7.57591],[80.42753,7.57604],[80.4277,7.57604],[80.42799,7.57588],[80.42808,7.57592],[80.42814,7.57587],[80.42821,7.57527],[80.42807,7.57515],[80.42782,7.5751],[80.42777,7.57475],[80.42781,7.57435],[80.42695,7.57393],[80.42697,7.57346],[80.42703,7.5733],[80.4271,7.57333],[80.42733,7.5731],[80.42729,7.57306],[80.42735,7.57304],[80.42729,7.57298],[80.42733,7.57294],[80.42745,7.573],[80.42746,7.57316],[80.4277,7.5732],[80.42767,7.57303],[80.42791,7.57299],[80.42793,7.57313],[80.42782,7.57322],[80.42794,7.57323],[80.42798,7.57332],[80.42807,7.57336],[80.42828,7.57334],[80.42848,7.57347],[80.42854,7.57347],[80.42855,7.57342],[80.42867,7.5734],[80.42869,7.57345],[80.42906,7.57338],[80.4291,7.57323],[80.42907,7.57316],[80.42877,7.57293],[80.42862,7.57267],[80.42822,7.57222],[80.42812,7.57216],[80.4279,7.57229],[80.42781,7.5724],[80.42739,7.57231],[80.42705,7.57261],[80.42661,7.57314],[80.4266,7.57324],[80.42675,7.57337],[80.42669,7.5734],[80.42675,7.57349],[80.42672,7.57356],[80.42661,7.5736],[80.4265,7.57373],[80.42622,7.5737],[80.4262,7.57378],[80.4261,7.57383],[80.42603,7.57395],[80.4261,7.57407],[80.42632,7.57416],[80.42652,7.5743],[80.42661,7.57456],[80.42658,7.57471],[80.42543,7.57448],[80.42514,7.57475],[80.42487,7.57513],[80.42511,7.57529],[80.42516,7.57523],[80.42539,7.57539],[80.42529,7.57554],[80.42553,7.57574],[80.42512,7.57594],[80.42509,7.57613],[80.42513,7.57653],[80.42533,7.57681],[80.42536,7.57698],[80.42559,7.57722],[80.42586,7.57735],[80.42596,7.57749],[80.4259,7.57773],[80.42624,7.57819],[80.42631,7.5784],[80.42628,7.57849],[80.42608,7.57861],[80.42596,7.57859],[80.42568,7.57843],[80.42529,7.57782],[80.4253,7.57734],[80.42521,7.57699],[80.42515,7.5769],[80.42477,7.57664],[80.42447,7.57653],[80.4244,7.57672]]]}},{"type":"Feature","properties":{"c":"farmland","n":"Paddy Land"},"geometry":{"type":"Polygon","coordinates":[[[80.42763,7.57188],[80.42811,7.57199],[80.4281,7.57213],[80.42819,7.57214],[80.42827,7.57209],[80.42799,7.57157],[80.42763,7.57188]]]}},{"type":"Feature","properties":{"c":"farmland","n":"Paddy Land"},"geometry":{"type":"Polygon","coordinates":[[[80.42487,7.57385],[80.42496,7.57387],[80.42489,7.57414],[80.42518,7.57428],[80.42504,7.57436],[80.42511,7.57441],[80.42519,7.57438],[80.42597,7.57348],[80.42596,7.57335],[80.42603,7.57327],[80.42616,7.57323],[80.4263,7.57306],[80.42631,7.57295],[80.4264,7.57288],[80.4264,7.57274],[80.42631,7.57267],[80.42638,7.57232],[80.42632,7.57222],[80.42641,7.57185],[80.42661,7.57186],[80.42665,7.5717],[80.42681,7.57165],[80.42731,7.57167],[80.42734,7.57116],[80.42767,7.57116],[80.42791,7.57107],[80.42799,7.57097],[80.42805,7.57029],[80.42778,7.57021],[80.42754,7.56964],[80.42723,7.56945],[80.42713,7.56911],[80.42704,7.56905],[80.42703,7.56898],[80.42707,7.56891],[80.42733,7.56896],[80.42737,7.56892],[80.42733,7.56883],[80.42738,7.56868],[80.42735,7.56859],[80.4275,7.5684],[80.42762,7.56838],[80.42771,7.568],[80.42784,7.56779],[80.42805,7.56708],[80.42792,7.56687],[80.42756,7.56678],[80.42756,7.56689],[80.42737,7.56719],[80.42751,7.5673],[80.42714,7.56776],[80.42725,7.56797],[80.4272,7.56798],[80.4271,7.56812],[80.4271,7.56833],[80.42702,7.56846],[80.42687,7.56858],[80.42673,7.56893],[80.42665,7.56901],[80.42669,7.56911],[80.42679,7.56916],[80.42673,7.56928],[80.42685,7.56936],[80.4268,7.56952],[80.42684,7.56963],[80.42692,7.56969],[80.42706,7.56965],[80.42741,7.56981],[80.42739,7.56991],[80.42749,7.57001],[80.42742,7.5701],[80.42745,7.5702],[80.4273,7.57028],[80.4273,7.57044],[80.42738,7.57055],[80.42778,7.57055],[80.42779,7.57088],[80.4275,7.57094],[80.42761,7.57064],[80.42746,7.57072],[80.42723,7.57094],[80.42682,7.57081],[80.42662,7.57067],[80.42646,7.57075],[80.42655,7.57039],[80.42632,7.57016],[80.42625,7.57029],[80.42612,7.57101],[80.42608,7.57109],[80.42586,7.57121],[80.42584,7.57129],[80.42584,7.57135],[80.42608,7.57143],[80.42608,7.57153],[80.42595,7.57172],[80.42584,7.5722],[80.42563,7.57264],[80.42563,7.57305],[80.4257,7.57307],[80.42571,7.57312],[80.42545,7.57335],[80.42506,7.57351],[80.42487,7.57385]]]}},{"type":"Feature","properties":{"c":"farmland"},"geometry":{"type":"Polygon","coordinates":[[[80.4229,7.64087],[80.42324,7.64104],[80.42344,7.64108],[80.42375,7.64095],[80.42388,7.64096],[80.42396,7.64109],[80.42406,7.64112],[80.42398,7.64104],[80.42406,7.6409],[80.42432,7.64055],[80.42458,7.6404],[80.42462,7.64033],[80.42457,7.64027],[80.4246,7.64019],[80.42473,7.64016],[80.42514,7.63944],[80.4255,7.63906],[80.42553,7.63877],[80.42584,7.63865],[80.42599,7.63846],[80.42614,7.63785],[80.42607,7.63753],[80.42634,7.63733],[80.42675,7.63714],[80.4268,7.63698],[80.42723,7.63657],[80.42739,7.63665],[80.42748,7.63675],[80.42771,7.6367],[80.42794,7.63656],[80.42838,7.63587],[80.42848,7.63549],[80.4288,7.63525],[80.4289,7.63508],[80.42915,7.63515],[80.42932,7.63505],[80.42913,7.63495],[80.4291,7.63478],[80.42918,7.63463],[80.42905,7.63454],[80.42875,7.63469],[80.42848,7.63455],[80.42862,7.63444],[80.42903,7.63436],[80.42919,7.63402],[80.42962,7.63353],[80.42955,7.63329],[80.42968,7.63313],[80.42965,7.63304],[80.42998,7.63267],[80.43,7.63258],[80.42996,7.63197],[80.42984,7.63176],[80.42995,7.63165],[80.43032,7.63153],[80.43043,7.63172],[80.43055,7.63174],[80.43057,7.63187],[80.43075,7.63189],[80.43103,7.6314],[80.43105,7.63122],[80.43095,7.63117],[80.43091,7.63102],[80.43081,7.63114],[80.43074,7.63151],[80.43065,7.6316],[80.43066,7.63151],[80.43058,7.63138],[80.43045,7.6314],[80.43052,7.63126],[80.43052,7.6311],[80.43045,7.63106],[80.43048,7.63095],[80.43054,7.63098],[80.43064,7.63071],[80.43086,7.62959],[80.43124,7.62866],[80.43149,7.62774],[80.43183,7.62728],[80.43223,7.62741],[80.43231,7.62722],[80.43258,7.62715],[80.4326,7.62705],[80.43268,7.62698],[80.43279,7.62704],[80.43297,7.62695],[80.43339,7.62686],[80.43343,7.62691],[80.43387,7.62703],[80.43395,7.62723],[80.43397,7.62751],[80.43416,7.62767],[80.43443,7.62777],[80.43453,7.62808],[80.43462,7.62809],[80.43459,7.62842],[80.43464,7.62937],[80.43443,7.63001],[80.435,7.63011],[80.43502,7.62996],[80.43486,7.62992],[80.43489,7.62976],[80.43504,7.62979],[80.43518,7.62866],[80.43506,7.62764],[80.43479,7.62633],[80.43482,7.62624],[80.43474,7.62565],[80.43463,7.62514],[80.43434,7.6252],[80.43428,7.62508],[80.43419,7.62509],[80.43417,7.62482],[80.4343,7.62482],[80.43434,7.6249],[80.43459,7.62488],[80.4345,7.62413],[80.43434,7.62336],[80.43415,7.62338],[80.43384,7.62361],[80.43375,7.6236],[80.43369,7.62284],[80.43357,7.62281],[80.43356,7.62259],[80.43361,7.62237],[80.43372,7.62238],[80.43373,7.6223],[80.43361,7.62217],[80.43334,7.62212],[80.43345,7.62191],[80.43355,7.62185],[80.43276,7.62139],[80.43249,7.62128],[80.43142,7.62148],[80.43121,7.62146],[80.43109,7.6216],[80.43107,7.62171],[80.43112,7.62179],[80.43105,7.62199],[80.43074,7.62222],[80.43071,7.62229],[80.43074,7.62257],[80.4308,7.62264],[80.43088,7.62267],[80.43114,7.62261],[80.43128,7.62279],[80.43155,7.62269],[80.43161,7.6226],[80.4317,7.6226],[80.43181,7.62262],[80.43205,7.62287],[80.43213,7.62286],[80.43217,7.62292],[80.43207,7.62319],[80.43217,7.62334],[80.43229,7.62332],[80.43223,7.62362],[80.43213,7.62372],[80.43188,7.62382],[80.43159,7.62401],[80.43119,7.62379],[80.43108,7.62379],[80.431,7.624],[80.43081,7.62397],[80.43085,7.62372],[80.43107,7.62374],[80.4311,7.62354],[80.43071,7.62342],[80.43071,7.62286],[80.43061,7.62284],[80.43058,7.62291],[80.43042,7.62286],[80.43037,7.6227],[80.4302,7.62257],[80.43022,7.62234],[80.43017,7.62213],[80.42988,7.62204],[80.42987,7.62246],[80.42995,7.62259],[80.42986,7.62271],[80.42983,7.62295],[80.42978,7.62293],[80.42969,7.62307],[80.42991,7.62316],[80.43013,7.62316],[80.43019,7.62296],[80.4305,7.62303],[80.43037,7.62341],[80.42985,7.62342],[80.42951,7.62353],[80.42938,7.62376],[80.42935,7.62389],[80.42939,7.62407],[80.42931,7.62425],[80.42943,7.62428],[80.4294,7.62439],[80.42944,7.62475],[80.42958,7.62482],[80.42955,7.62498],[80.4294,7.62523],[80.42923,7.62569],[80.42921,7.62592],[80.4294,7.62627],[80.42936,7.62657],[80.42921,7.62664],[80.42908,7.62643],[80.4288,7.62625],[80.4286,7.62619],[80.42837,7.62638],[80.42822,7.62633],[80.42791,7.62614],[80.4279,7.62722],[80.42779,7.62832],[80.42788,7.62849],[80.42794,7.62852],[80.42794,7.62865],[80.4286,7.62883],[80.42866,7.62899],[80.42851,7.6294],[80.42817,7.62961],[80.42814,7.6298],[80.42823,7.62999],[80.42823,7.63019],[80.42826,7.63027],[80.42837,7.63034],[80.42862,7.63034],[80.42866,7.63042],[80.4288,7.6304],[80.42878,7.63029],[80.42883,7.63026],[80.42904,7.63042],[80.42888,7.63067],[80.42871,7.63068],[80.42871,7.63077],[80.42855,7.63082],[80.42866,7.63116],[80.42853,7.63131],[80.42853,7.63139],[80.42842,7.63144],[80.42855,7.63181],[80.42841,7.63199],[80.42846,7.63205],[80.42828,7.63219],[80.42824,7.63236],[80.4279,7.63234],[80.42795,7.6322],[80.42777,7.63215],[80.42783,7.63187],[80.4278,7.63172],[80.42762,7.63156],[80.42738,7.63159],[80.42733,7.63156],[80.42735,7.63141],[80.42751,7.63118],[80.42745,7.63109],[80.42746,7.63046],[80.42743,7.63038],[80.42721,7.63031],[80.42681,7.63042],[80.4264,7.63045],[80.42624,7.63052],[80.4263,7.63077],[80.42638,7.6308],[80.42651,7.63097],[80.42648,7.63108],[80.42632,7.6312],[80.42611,7.63091],[80.42581,7.63074],[80.42575,7.63066],[80.42585,7.63039],[80.42608,7.63043],[80.4263,7.63028],[80.42653,7.63034],[80.42659,7.63028],[80.42661,7.62982],[80.42653,7.62967],[80.4266,7.62957],[80.42671,7.62952],[80.42681,7.6293],[80.42665,7.62922],[80.42657,7.62925],[80.42655,7.62919],[80.42646,7.62922],[80.42649,7.62936],[80.42639,7.6294],[80.42644,7.62949],[80.42607,7.62948],[80.42581,7.62955],[80.42573,7.62945],[80.42564,7.62946],[80.42541,7.62962],[80.42532,7.62953],[80.42537,7.62935],[80.42519,7.6292],[80.42517,7.62904],[80.42518,7.62898],[80.42542,7.62896],[80.42541,7.62882],[80.42561,7.62882],[80.42569,7.62871],[80.42484,7.62876],[80.42464,7.62912],[80.42445,7.62905],[80.42438,7.62937],[80.4243,7.62947],[80.42437,7.62952],[80.42453,7.62952],[80.42461,7.62967],[80.42492,7.62979],[80.42483,7.63],[80.42496,7.63005],[80.42497,7.6299],[80.4251,7.62965],[80.42526,7.62956],[80.4254,7.62982],[80.42561,7.62989],[80.42577,7.62984],[80.42601,7.63008],[80.42598,7.63014],[80.42586,7.63009],[80.42583,7.63013],[80.42585,7.6303],[80.42563,7.63041],[80.42543,7.63041],[80.42531,7.63049],[80.42561,7.63089],[80.42563,7.63112],[80.42539,7.63116],[80.42536,7.63123],[80.42527,7.63128],[80.42529,7.63154],[80.42561,7.6315],[80.42562,7.63171],[80.42568,7.63173],[80.42569,7.63182],[80.42595,7.63184],[80.42628,7.632],[80.42664,7.63205],[80.42668,7.63192],[80.42686,7.6321],[80.42741,7.63229],[80.42774,7.63257],[80.42768,7.63294],[80.42779,7.63307],[80.42768,7.63322],[80.42764,7.63363],[80.42767,7.63387],[80.42762,7.63394],[80.42752,7.63395],[80.42736,7.63386],[80.42712,7.6339],[80.42711,7.63407],[80.42705,7.63422],[80.42717,7.63444],[80.42702,7.6345],[80.42701,7.63465],[80.42645,7.63461],[80.42633,7.63454],[80.42617,7.63386],[80.42604,7.6337],[80.42601,7.63376],[80.42584,7.63379],[80.42583,7.6337],[80.42597,7.63343],[80.42595,7.63332],[80.42587,7.63328],[80.42569,7.63334],[80.4256,7.63332],[80.42539,7.63351],[80.42545,7.63369],[80.42543,7.63389],[80.4255,7.63404],[80.42572,7.63414],[80.42576,7.63423],[80.42555,7.63438],[80.42544,7.63466],[80.42545,7.63494],[80.42549,7.63504],[80.42585,7.63572],[80.42607,7.63561],[80.42625,7.63572],[80.42651,7.63577],[80.4265,7.63613],[80.42629,7.63625],[80.42634,7.63634],[80.42627,7.63638],[80.42621,7.6363],[80.42597,7.63647],[80.42552,7.63641],[80.42553,7.63679],[80.42522,7.63704],[80.42511,7.63706],[80.42489,7.63699],[80.42474,7.63705],[80.4247,7.63701],[80.42466,7.63708],[80.42463,7.63705],[80.42459,7.63711],[80.4247,7.63721],[80.42459,7.63737],[80.42456,7.63763],[80.42459,7.63775],[80.42471,7.63776],[80.42471,7.63783],[80.42456,7.63793],[80.42453,7.63811],[80.42424,7.6383],[80.42418,7.63842],[80.42443,7.63852],[80.42436,7.63864],[80.42402,7.63865],[80.42386,7.63884],[80.42381,7.63882],[80.42376,7.63887],[80.42384,7.63892],[80.42375,7.63908],[80.42367,7.63905],[80.42361,7.63918],[80.42374,7.63925],[80.4237,7.63948],[80.42365,7.63956],[80.42351,7.63956],[80.42345,7.63965],[80.42316,7.64047],[80.4229,7.64087]],[[80.4282,7.63312],[80.42841,7.63306],[80.42857,7.63309],[80.42872,7.63351],[80.42863,7.63357],[80.4284,7.6336],[80.4282,7.63312]],[[80.42946,7.62609],[80.42963,7.62552],[80.42995,7.62502],[80.43075,7.62518],[80.43085,7.6253],[80.431,7.62537],[80.43124,7.62491],[80.43159,7.62496],[80.43175,7.62566],[80.43185,7.62584],[80.43205,7.62603],[80.43212,7.62629],[80.43196,7.62634],[80.43193,7.62618],[80.43177,7.62597],[80.43139,7.62602],[80.43129,7.62596],[80.43107,7.62597],[80.43091,7.6259],[80.4308,7.62601],[80.43053,7.62596],[80.4306,7.62572],[80.43056,7.62562],[80.43028,7.62566],[80.43024,7.62558],[80.43011,7.6256],[80.43005,7.6255],[80.42991,7.62549],[80.42973,7.62569],[80.42959,7.62612],[80.42946,7.62609]],[[80.43033,7.62442],[80.4304,7.6242],[80.43123,7.62426],[80.43115,7.62451],[80.43047,7.62474],[80.43034,7.62474],[80.43033,7.62442]],[[80.43261,7.62503],[80.43257,7.62456],[80.43301,7.62462],[80.43304,7.6247],[80.43301,7.62505],[80.43261,7.62503]]]}},{"type":"Feature","properties":{"c":"farmland","n":"Paddy Land"},"geometry":{"type":"Polygon","coordinates":[[[80.42525,7.61849],[80.42537,7.61855],[80.42544,7.61866],[80.42564,7.61857],[80.42576,7.61869],[80.42591,7.61868],[80.42599,7.61879],[80.42602,7.619],[80.42632,7.61898],[80.42632,7.61884],[80.42627,7.61877],[80.42609,7.61869],[80.42608,7.61853],[80.42633,7.6184],[80.42645,7.61873],[80.42654,7.61871],[80.42669,7.61895],[80.42665,7.61915],[80.42641,7.61938],[80.42659,7.61952],[80.4267,7.61953],[80.4269,7.61939],[80.42714,7.61931],[80.4275,7.61927],[80.4276,7.61928],[80.42763,7.61935],[80.42772,7.61937],[80.42825,7.61917],[80.42854,7.61921],[80.42868,7.61909],[80.42893,7.6192],[80.42896,7.61932],[80.42906,7.61937],[80.42912,7.61932],[80.4292,7.61941],[80.42941,7.61951],[80.42959,7.61953],[80.42972,7.61949],[80.4298,7.61934],[80.43033,7.61932],[80.43048,7.61913],[80.43061,7.61907],[80.43081,7.61911],[80.43102,7.61874],[80.43118,7.61863],[80.43133,7.61864],[80.43138,7.61874],[80.4313,7.61906],[80.43135,7.61914],[80.43127,7.6192],[80.43122,7.61916],[80.43122,7.61928],[80.43114,7.61931],[80.4311,7.61943],[80.43118,7.61959],[80.43108,7.61977],[80.43108,7.61983],[80.4312,7.61991],[80.43112,7.61996],[80.43133,7.62003],[80.43117,7.62031],[80.43113,7.62052],[80.43114,7.62064],[80.43146,7.62076],[80.43151,7.62087],[80.4315,7.62094],[80.43125,7.62111],[80.43113,7.62129],[80.43113,7.62136],[80.43143,7.62139],[80.43154,7.62137],[80.43162,7.62128],[80.43169,7.62136],[80.43251,7.62119],[80.43284,7.62132],[80.43287,7.62141],[80.43328,7.62166],[80.43359,7.62178],[80.43382,7.62141],[80.43396,7.62145],[80.43405,7.62132],[80.43352,7.61747],[80.4334,7.61686],[80.43318,7.61701],[80.43284,7.61698],[80.43284,7.61756],[80.43276,7.61767],[80.43261,7.61766],[80.43251,7.61779],[80.43243,7.61779],[80.43223,7.61753],[80.43245,7.61736],[80.43253,7.61704],[80.43183,7.61723],[80.43169,7.6169],[80.43127,7.61691],[80.43104,7.61684],[80.43091,7.61664],[80.43089,7.61648],[80.43057,7.61644],[80.43053,7.61664],[80.43049,7.61665],[80.43047,7.61653],[80.43033,7.61655],[80.43022,7.6167],[80.42988,7.61668],[80.42978,7.61664],[80.42968,7.61678],[80.42961,7.61676],[80.42964,7.61667],[80.42924,7.6168],[80.42906,7.61679],[80.42901,7.61666],[80.42875,7.61673],[80.42846,7.61713],[80.42801,7.61732],[80.42768,7.61736],[80.42746,7.6173],[80.42736,7.61718],[80.42715,7.61674],[80.42715,7.61657],[80.42707,7.61654],[80.42683,7.61662],[80.42664,7.61661],[80.42603,7.61678],[80.42617,7.61687],[80.42622,7.61698],[80.42628,7.61696],[80.42646,7.61741],[80.42642,7.6175],[80.42656,7.61757],[80.4266,7.61771],[80.42642,7.61776],[80.42631,7.61787],[80.42629,7.61794],[80.42603,7.61807],[80.42568,7.61836],[80.42555,7.61828],[80.42525,7.61849]]]}},{"type":"Feature","properties":{"c":"farmland","n":"Paddy Land"},"geometry":{"type":"Polygon","coordinates":[[[80.4145,7.58196],[80.41452,7.58202],[80.41472,7.58197],[80.41535,7.58177],[80.41542,7.58201],[80.41541,7.58232],[80.41504,7.58239],[80.41465,7.58264],[80.41455,7.58262],[80.41451,7.58289],[80.41479,7.58287],[80.41487,7.58314],[80.41508,7.58307],[80.4153,7.5837],[80.41553,7.5837],[80.4158,7.58397],[80.41599,7.58381],[80.416,7.58375],[80.41623,7.58352],[80.41679,7.58327],[80.41745,7.58326],[80.41751,7.58322],[80.41777,7.5833],[80.41797,7.58326],[80.41838,7.58329],[80.41844,7.58346],[80.41857,7.58349],[80.41878,7.58364],[80.419,7.5837],[80.41922,7.58383],[80.41921,7.58393],[80.41937,7.58403],[80.4193,7.5841],[80.41946,7.58424],[80.41972,7.5844],[80.42015,7.58457],[80.4203,7.58469],[80.42052,7.58526],[80.42065,7.58521],[80.42073,7.58525],[80.4208,7.58542],[80.42087,7.58548],[80.42085,7.58556],[80.42096,7.5858],[80.42107,7.58579],[80.42122,7.58586],[80.42152,7.58568],[80.42147,7.58524],[80.4213,7.58486],[80.42128,7.58471],[80.4212,7.58458],[80.42125,7.58454],[80.42123,7.58415],[80.42108,7.5842],[80.42087,7.58391],[80.42098,7.58382],[80.42085,7.58375],[80.42033,7.58377],[80.42047,7.58303],[80.42025,7.58337],[80.4202,7.5837],[80.41986,7.58364],[80.41964,7.58353],[80.41991,7.58311],[80.41989,7.58268],[80.41976,7.58263],[80.41939,7.58269],[80.41895,7.58255],[80.41857,7.58249],[80.41857,7.58237],[80.41824,7.58203],[80.41816,7.58175],[80.41816,7.58157],[80.41832,7.58104],[80.41853,7.58078],[80.4187,7.58012],[80.41863,7.57995],[80.41849,7.57981],[80.41856,7.57938],[80.41854,7.57872],[80.4188,7.57872],[80.41912,7.57826],[80.41912,7.57788],[80.41898,7.5772],[80.41901,7.57691],[80.41909,7.57672],[80.41907,7.57659],[80.41922,7.57653],[80.41942,7.5765],[80.41949,7.57654],[80.41955,7.5765],[80.41975,7.57666],[80.42003,7.57622],[80.42021,7.57611],[80.42025,7.57603],[80.42056,7.57577],[80.42076,7.57573],[80.42084,7.57578],[80.42104,7.57577],[80.42111,7.57586],[80.4213,7.57589],[80.42122,7.57576],[80.42124,7.5757],[80.42146,7.5756],[80.42154,7.57561],[80.42152,7.57537],[80.42176,7.57543],[80.42182,7.57531],[80.42203,7.57521],[80.42218,7.575],[80.42218,7.57492],[80.42193,7.57452],[80.42198,7.57447],[80.42212,7.57448],[80.42218,7.57443],[80.42236,7.5746],[80.42252,7.57454],[80.42264,7.57461],[80.42301,7.57431],[80.42325,7.57439],[80.4233,7.57436],[80.42335,7.57423],[80.42348,7.57421],[80.4236,7.5741],[80.42356,7.57349],[80.42366,7.57349],[80.42385,7.57333],[80.42395,7.57316],[80.42409,7.57315],[80.42418,7.57299],[80.42428,7.57296],[80.42428,7.57289],[80.4244,7.57287],[80.42439,7.57298],[80.42443,7.57303],[80.42451,7.57304],[80.42459,7.57318],[80.4248,7.5732],[80.42484,7.57306],[80.42478,7.57293],[80.42473,7.57294],[80.4247,7.5728],[80.42479,7.5727],[80.42467,7.57238],[80.42461,7.57231],[80.42454,7.57231],[80.42436,7.57248],[80.42417,7.57249],[80.42419,7.57238],[80.42411,7.57205],[80.42412,7.57185],[80.42403,7.57186],[80.42382,7.5716],[80.42363,7.57158],[80.42357,7.57137],[80.42363,7.57102],[80.42344,7.57096],[80.42336,7.57101],[80.42319,7.57081],[80.42319,7.5706],[80.4231,7.57048],[80.42293,7.57043],[80.4228,7.57066],[80.42304,7.57077],[80.42313,7.57093],[80.42295,7.57136],[80.42293,7.57155],[80.42336,7.57163],[80.42341,7.57181],[80.42338,7.57191],[80.42346,7.57191],[80.42347,7.57196],[80.42337,7.572],[80.42341,7.57207],[80.42338,7.5721],[80.42372,7.57231],[80.42354,7.57243],[80.42352,7.57253],[80.42359,7.57267],[80.42345,7.57284],[80.42304,7.57305],[80.4226,7.57321],[80.42253,7.57329],[80.42224,7.57328],[80.42196,7.57341],[80.4218,7.57357],[80.42164,7.57395],[80.42141,7.57411],[80.42137,7.5742],[80.42145,7.5747],[80.42142,7.57489],[80.42118,7.57498],[80.42097,7.57481],[80.42051,7.57484],[80.4203,7.57468],[80.41977,7.5746],[80.41948,7.57449],[80.4194,7.57457],[80.41934,7.57481],[80.41968,7.57493],[80.41968,7.57499],[80.41977,7.57509],[80.42001,7.57526],[80.42009,7.57544],[80.41999,7.57556],[80.41984,7.5756],[80.41978,7.57569],[80.41928,7.57578],[80.4192,7.57592],[80.41893,7.57587],[80.41877,7.57578],[80.41863,7.57579],[80.41825,7.57611],[80.41836,7.57618],[80.41817,7.5763],[80.41808,7.57615],[80.4179,7.57604],[80.41805,7.57579],[80.41781,7.57584],[80.41772,7.57593],[80.41749,7.57585],[80.41754,7.57576],[80.41721,7.57565],[80.41737,7.57671],[80.41654,7.57767],[80.41619,7.57823],[80.41644,7.5783],[80.41659,7.57847],[80.41639,7.57862],[80.41649,7.57867],[80.41636,7.57881],[80.41697,7.57904],[80.41692,7.5793],[80.41696,7.5794],[80.41709,7.57944],[80.41705,7.57961],[80.41698,7.57969],[80.41689,7.5797],[80.41687,7.58001],[80.41716,7.58006],[80.41725,7.58018],[80.41719,7.58038],[80.41704,7.58036],[80.41702,7.58047],[80.41729,7.58052],[80.41747,7.58048],[80.41758,7.58054],[80.41768,7.58047],[80.41774,7.58049],[80.41777,7.58055],[80.41757,7.58102],[80.41684,7.58096],[80.41679,7.58087],[80.41644,7.58081],[80.41646,7.58074],[80.41618,7.58067],[80.41608,7.58075],[80.41606,7.5809],[80.4154,7.58077],[80.41524,7.58082],[80.41503,7.5808],[80.41491,7.58105],[80.41513,7.58117],[80.41525,7.58112],[80.41534,7.58115],[80.41531,7.5815],[80.41509,7.58163],[80.41491,7.58165],[80.41468,7.58155],[80.41455,7.58157],[80.41459,7.58181],[80.4145,7.58196]],[[80.41563,7.58237],[80.41609,7.58227],[80.41626,7.58203],[80.41645,7.58222],[80.41633,7.5823],[80.41634,7.58262],[80.41621,7.58275],[80.41566,7.58279],[80.41569,7.58263],[80.41563,7.58237]],[[80.4165,7.58171],[80.41656,7.58159],[80.41723,7.58174],[80.41758,7.58189],[80.41755,7.58212],[80.41775,7.5824],[80.41768,7.5826],[80.4174,7.58268],[80.41733,7.58267],[80.41727,7.58256],[80.41716,7.58251],[80.41707,7.58255],[80.4169,7.58232],[80.41693,7.58223],[80.41686,7.58211],[80.41691,7.58198],[80.41682,7.58191],[80.41686,7.58178],[80.4165,7.58171]],[[80.41685,7.57802],[80.41706,7.57761],[80.41757,7.57807],[80.41793,7.57829],[80.41798,7.57839],[80.4181,7.57845],[80.41823,7.57864],[80.41808,7.57878],[80.41777,7.57926],[80.41754,7.57907],[80.41741,7.57882],[80.41748,7.57861],[80.41736,7.57858],[80.41732,7.57839],[80.41723,7.57833],[80.4172,7.57823],[80.41685,7.57802]]]}},{"type":"Feature","properties":{"c":"farmland"},"geometry":{"type":"Polygon","coordinates":[[[80.43345,7.61618],[80.43398,7.62],[80.43409,7.62009],[80.4345,7.62013],[80.43446,7.62038],[80.43403,7.62042],[80.43419,7.62151],[80.4343,7.62191],[80.43431,7.62221],[80.43486,7.62227],[80.43487,7.62258],[80.43434,7.62255],[80.43435,7.6227],[80.43455,7.6227],[80.43454,7.62285],[80.43434,7.62288],[80.43457,7.62409],[80.43528,7.62859],[80.43518,7.62963],[80.43547,7.62969],[80.43547,7.62973],[80.43589,7.62986],[80.436,7.62999],[80.43627,7.62996],[80.43659,7.62971],[80.43667,7.62962],[80.43665,7.62949],[80.43679,7.62942],[80.43686,7.62906],[80.43679,7.62908],[80.43678,7.62878],[80.43691,7.62877],[80.4369,7.62859],[80.43684,7.62828],[80.43672,7.62802],[80.43674,7.62797],[80.43688,7.62799],[80.43692,7.6281],[80.43701,7.62814],[80.43701,7.62829],[80.43727,7.62903],[80.43743,7.62898],[80.43765,7.62944],[80.43772,7.6297],[80.43764,7.6298],[80.43773,7.63022],[80.43735,7.63041],[80.43807,7.63202],[80.43813,7.63308],[80.43849,7.633],[80.43879,7.63287],[80.43854,7.63247],[80.43847,7.6321],[80.43823,7.63159],[80.43814,7.63103],[80.43843,7.63103],[80.43859,7.63096],[80.43857,7.63046],[80.43862,7.63031],[80.43886,7.63016],[80.43891,7.63008],[80.43893,7.62976],[80.43871,7.62985],[80.43874,7.63007],[80.43855,7.63007],[80.43853,7.62988],[80.4382,7.62997],[80.43795,7.62966],[80.43769,7.62899],[80.43754,7.62891],[80.43744,7.62827],[80.43739,7.62829],[80.43737,7.62825],[80.43739,7.62788],[80.43727,7.62778],[80.43721,7.62747],[80.43701,7.6274],[80.43704,7.62726],[80.43729,7.62692],[80.43715,7.62691],[80.43712,7.62674],[80.43726,7.62664],[80.43732,7.62651],[80.43731,7.62638],[80.43719,7.62617],[80.437,7.62623],[80.4369,7.62621],[80.43674,7.62592],[80.43664,7.62586],[80.43655,7.6259],[80.43649,7.62573],[80.43649,7.62536],[80.43644,7.62534],[80.43642,7.62507],[80.43663,7.62447],[80.43641,7.62452],[80.43606,7.62488],[80.43589,7.62538],[80.43568,7.62516],[80.4358,7.62489],[80.43576,7.62486],[80.43559,7.62488],[80.43548,7.6246],[80.43546,7.62438],[80.43569,7.62437],[80.43575,7.62413],[80.43611,7.62393],[80.43653,7.62383],[80.43651,7.62367],[80.43659,7.62345],[80.43695,7.62339],[80.43697,7.62267],[80.43705,7.62252],[80.43722,7.62254],[80.43726,7.62238],[80.43723,7.62179],[80.43712,7.62152],[80.43678,7.62158],[80.43664,7.62153],[80.43631,7.62124],[80.4362,7.62123],[80.43614,7.62127],[80.43585,7.62117],[80.43578,7.62132],[80.43567,7.62129],[80.43567,7.62122],[80.43534,7.6211],[80.4355,7.6208],[80.43558,7.6204],[80.43568,7.6203],[80.43574,7.62008],[80.43585,7.62007],[80.4359,7.61939],[80.43584,7.61903],[80.43547,7.61888],[80.43549,7.61849],[80.43533,7.61786],[80.43532,7.61736],[80.43535,7.61728],[80.43556,7.6173],[80.43564,7.61721],[80.43598,7.61731],[80.43627,7.61666],[80.43637,7.61655],[80.4361,7.6165],[80.4363,7.61574],[80.43618,7.61555],[80.436,7.6155],[80.43596,7.61523],[80.43582,7.61516],[80.43563,7.61519],[80.43568,7.61494],[80.43599,7.61479],[80.43648,7.61412],[80.43664,7.61425],[80.43674,7.61407],[80.43813,7.61418],[80.43801,7.61434],[80.43768,7.61506],[80.43811,7.61526],[80.4382,7.61519],[80.43838,7.6152],[80.43841,7.61467],[80.43847,7.61467],[80.43858,7.61446],[80.43869,7.61436],[80.43866,7.61426],[80.43844,7.61415],[80.43839,7.61405],[80.43842,7.61367],[80.43823,7.6136],[80.43819,7.6137],[80.43813,7.61366],[80.43816,7.61349],[80.43824,7.61337],[80.43836,7.61335],[80.43838,7.61327],[80.43827,7.61273],[80.43792,7.61268],[80.43789,7.61288],[80.43792,7.61327],[80.43772,7.61324],[80.43765,7.61299],[80.43767,7.61275],[80.43752,7.61279],[80.43738,7.61272],[80.43735,7.61245],[80.43742,7.61221],[80.43759,7.61231],[80.43769,7.61228],[80.4378,7.61202],[80.43749,7.61143],[80.43758,7.61121],[80.43757,7.61086],[80.43726,7.61089],[80.43726,7.61111],[80.43722,7.61121],[80.43705,7.61137],[80.43692,7.61132],[80.43678,7.61115],[80.43665,7.61125],[80.43632,7.61116],[80.43621,7.61108],[80.43616,7.61095],[80.4362,7.61086],[80.43633,7.61081],[80.43665,7.61085],[80.43684,7.61082],[80.43688,7.6105],[80.43693,7.61046],[80.43693,7.61025],[80.43708,7.60997],[80.43732,7.60983],[80.43743,7.60981],[80.43752,7.60986],[80.43758,7.6098],[80.4376,7.60938],[80.43768,7.6094],[80.43783,7.60923],[80.43756,7.60908],[80.43734,7.60904],[80.43751,7.60863],[80.43758,7.60855],[80.43763,7.60859],[80.43781,7.60859],[80.43787,7.60772],[80.43778,7.60763],[80.43738,7.60754],[80.43722,7.60764],[80.43706,7.60808],[80.43709,7.6083],[80.43663,7.6094],[80.43685,7.60947],[80.43674,7.60966],[80.43653,7.60961],[80.43632,7.60995],[80.43617,7.61002],[80.43614,7.61027],[80.4361,7.61032],[80.4359,7.61039],[80.43567,7.61088],[80.43579,7.61093],[80.43576,7.61129],[80.43582,7.61135],[80.43571,7.61185],[80.43607,7.61198],[80.43616,7.61177],[80.43634,7.61184],[80.43652,7.61185],[80.43654,7.61232],[80.4366,7.61233],[80.43659,7.61253],[80.43655,7.61253],[80.4366,7.61268],[80.43658,7.61281],[80.43668,7.61287],[80.4366,7.61296],[80.43691,7.61299],[80.43693,7.61289],[80.43744,7.61298],[80.4375,7.61302],[80.43756,7.61325],[80.43777,7.61329],[80.43776,7.61336],[80.43753,7.61363],[80.43672,7.61381],[80.43668,7.61367],[80.43648,7.61356],[80.43613,7.61346],[80.43544,7.61318],[80.43491,7.61316],[80.43453,7.61337],[80.43421,7.61375],[80.43394,7.61387],[80.43379,7.61388],[80.43366,7.6138],[80.43348,7.61567],[80.43426,7.61579],[80.43412,7.61597],[80.43386,7.61613],[80.43376,7.61632],[80.43365,7.61637],[80.43345,7.61618]]]}},{"type":"Feature","properties":{"c":"farmland","n":"Paddy Land"},"geometry":{"type":"Polygon","coordinates":[[[80.43794,7.60598],[80.43792,7.60645],[80.43798,7.60661],[80.43822,7.60671],[80.43839,7.60654],[80.43841,7.60646],[80.43834,7.60634],[80.4384,7.60619],[80.43834,7.60616],[80.43836,7.60598],[80.43813,7.60586],[80.43872,7.60538],[80.43883,7.60523],[80.43886,7.60497],[80.4394,7.60411],[80.43949,7.6039],[80.43978,7.60369],[80.43978,7.6035],[80.4397,7.60328],[80.43982,7.60303],[80.44019,7.60269],[80.44036,7.60244],[80.44051,7.60241],[80.44077,7.60211],[80.44103,7.6019],[80.44079,7.60154],[80.44062,7.60161],[80.44056,7.60179],[80.44011,7.60207],[80.44005,7.60214],[80.44016,7.60217],[80.43999,7.60249],[80.43988,7.60253],[80.43982,7.60247],[80.43964,7.60276],[80.43948,7.60292],[80.43942,7.60292],[80.4394,7.60296],[80.43952,7.60306],[80.43948,7.60319],[80.43938,7.60304],[80.43913,7.60334],[80.4391,7.60346],[80.43902,7.60346],[80.43903,7.60339],[80.43892,7.60336],[80.4388,7.60351],[80.43858,7.60364],[80.43867,7.60373],[80.4385,7.60403],[80.4385,7.60445],[80.43858,7.60454],[80.4385,7.60472],[80.4385,7.60489],[80.43839,7.60493],[80.43835,7.60512],[80.43825,7.60526],[80.43826,7.60553],[80.43801,7.60577],[80.43794,7.60598]]]}},{"type":"Feature","properties":{"c":"farmland","n":"Paddy Land"},"geometry":{"type":"Polygon","coordinates":[[[80.41454,7.58438],[80.41457,7.58446],[80.41466,7.58448],[80.41493,7.58437],[80.41515,7.58437],[80.41506,7.58461],[80.41494,7.58475],[80.41512,7.58488],[80.41526,7.58486],[80.41531,7.58478],[80.41527,7.58473],[80.41557,7.58425],[80.41589,7.58411],[80.41553,7.5837],[80.4153,7.5837],[80.41527,7.58383],[80.41515,7.58396],[80.41454,7.58438]]]}},{"type":"Feature","properties":{"c":"farmland","n":"Paddy Land"},"geometry":{"type":"Polygon","coordinates":[[[80.42022,7.57938],[80.42026,7.5798],[80.42032,7.57989],[80.4205,7.57995],[80.4205,7.58013],[80.42058,7.58031],[80.42084,7.58044],[80.42078,7.5806],[80.42097,7.58082],[80.42096,7.58101],[80.42088,7.58101],[80.42094,7.58119],[80.42085,7.5812],[80.42088,7.58143],[80.42105,7.58135],[80.42135,7.58138],[80.42152,7.58133],[80.42165,7.5816],[80.42133,7.58169],[80.42139,7.58209],[80.42159,7.58267],[80.42186,7.58263],[80.42186,7.58246],[80.42196,7.58241],[80.42197,7.58227],[80.42191,7.58227],[80.42194,7.58214],[80.42212,7.58202],[80.42206,7.58198],[80.42211,7.58179],[80.42208,7.58167],[80.42215,7.58166],[80.42216,7.58162],[80.42208,7.58155],[80.42208,7.58127],[80.42215,7.58118],[80.4221,7.581],[80.42176,7.58088],[80.42166,7.58061],[80.42167,7.58033],[80.4219,7.57934],[80.42178,7.57925],[80.42103,7.57905],[80.42091,7.57961],[80.42022,7.57938]]]}},{"type":"Feature","properties":{"c":"farmland","n":"Paddy Land"},"geometry":{"type":"Polygon","coordinates":[[[80.42191,7.57773],[80.4219,7.57797],[80.42198,7.57813],[80.42219,7.5782],[80.42233,7.57818],[80.42284,7.57766],[80.42315,7.57756],[80.42309,7.57776],[80.4232,7.57782],[80.4235,7.57721],[80.42368,7.57728],[80.42406,7.5762],[80.4239,7.57625],[80.42377,7.57623],[80.42371,7.57628],[80.42364,7.57654],[80.42345,7.57684],[80.42322,7.57695],[80.42304,7.57716],[80.42267,7.57713],[80.42259,7.57716],[80.42234,7.57789],[80.42221,7.57796],[80.42213,7.57792],[80.42202,7.57776],[80.42191,7.57773]]]}},{"type":"Feature","properties":{"c":"farmland","n":"Paddy Land"},"geometry":{"type":"Polygon","coordinates":[[[80.43171,7.56442],[80.43177,7.56447],[80.43174,7.5646],[80.43201,7.56476],[80.43251,7.56446],[80.43257,7.56435],[80.4325,7.56412],[80.43252,7.56397],[80.43231,7.56396],[80.4322,7.56389],[80.43212,7.56392],[80.432,7.56387],[80.43195,7.5639],[80.43186,7.56427],[80.43171,7.56442]]]}},{"type":"Feature","properties":{"c":"farmland","n":"Paddy Land"},"geometry":{"type":"Polygon","coordinates":[[[80.43309,7.56313],[80.43319,7.56327],[80.43316,7.5634],[80.43328,7.56343],[80.43328,7.5636],[80.43377,7.56356],[80.43376,7.56385],[80.4338,7.56389],[80.43386,7.56393],[80.43437,7.56391],[80.4345,7.56355],[80.43436,7.56353],[80.43438,7.56349],[80.43432,7.56347],[80.43407,7.56349],[80.43414,7.56313],[80.43396,7.56308],[80.43398,7.56283],[80.43342,7.56277],[80.43336,7.56269],[80.43321,7.56277],[80.43328,7.56308],[80.43315,7.56308],[80.43309,7.56313]]]}},{"type":"Feature","properties":{"c":"farmland"},"geometry":{"type":"Polygon","coordinates":[[[80.43515,7.55732],[80.43529,7.55749],[80.43564,7.55766],[80.43641,7.55781],[80.43664,7.55798],[80.43657,7.55812],[80.4368,7.55817],[80.437,7.5584],[80.43726,7.55838],[80.43741,7.55815],[80.43744,7.55784],[80.43734,7.55758],[80.43729,7.55752],[80.43718,7.55748],[80.4371,7.55751],[80.43689,7.55737],[80.4372,7.55704],[80.437,7.55694],[80.43679,7.55709],[80.43653,7.5572],[80.43644,7.55691],[80.4365,7.55676],[80.43645,7.55673],[80.4361,7.55673],[80.43604,7.55659],[80.43532,7.557],[80.43531,7.55723],[80.43515,7.55732]]]}},{"type":"Feature","properties":{"c":"farmland"},"geometry":{"type":"Polygon","coordinates":[[[80.43364,7.63997],[80.43396,7.64016],[80.43385,7.64066],[80.43388,7.64079],[80.43383,7.64104],[80.43412,7.64116],[80.43416,7.64124],[80.43408,7.64136],[80.43411,7.6414],[80.43451,7.64146],[80.4346,7.64127],[80.43467,7.64124],[80.43472,7.64086],[80.43471,7.64043],[80.43452,7.64037],[80.43464,7.64008],[80.43464,7.63982],[80.43451,7.63971],[80.4343,7.63971],[80.4343,7.63912],[80.43448,7.63878],[80.43442,7.6385],[80.43431,7.63856],[80.43417,7.63828],[80.43399,7.63834],[80.43392,7.63884],[80.43364,7.63997]]]}},{"type":"Feature","properties":{"c":"farmland"},"geometry":{"type":"Polygon","coordinates":[[[80.48158,7.6002],[80.48167,7.6008],[80.48251,7.60079],[80.48305,7.6007],[80.48323,7.60091],[80.48316,7.601],[80.48281,7.60106],[80.48278,7.60124],[80.48283,7.60136],[80.48278,7.60158],[80.48268,7.60165],[80.48272,7.60173],[80.48278,7.60174],[80.48278,7.60188],[80.48319,7.60182],[80.48342,7.60159],[80.48393,7.60141],[80.48395,7.60157],[80.48392,7.60182],[80.48375,7.60222],[80.48364,7.60218],[80.48293,7.60224],[80.48282,7.6022],[80.48273,7.60227],[80.48253,7.60219],[80.48236,7.60244],[80.4825,7.60276],[80.48235,7.60289],[80.48203,7.60293],[80.48208,7.60329],[80.48249,7.60321],[80.48289,7.60303],[80.48296,7.60325],[80.48311,7.60312],[80.48311,7.60303],[80.48374,7.60306],[80.48393,7.60303],[80.48399,7.60317],[80.4845,7.60318],[80.48452,7.60306],[80.48465,7.60304],[80.48467,7.60314],[80.48478,7.60317],[80.48529,7.60314],[80.48534,7.60321],[80.48548,7.60322],[80.48545,7.6038],[80.48561,7.60378],[80.48587,7.60373],[80.48576,7.60338],[80.48579,7.60322],[80.48576,7.60282],[80.4858,7.60278],[80.48589,7.60314],[80.48631,7.60306],[80.48633,7.60322],[80.48629,7.60327],[80.48639,7.6035],[80.48637,7.60363],[80.48657,7.60431],[80.48706,7.60402],[80.48697,7.60369],[80.48703,7.60361],[80.48703,7.60316],[80.48688,7.60319],[80.48678,7.60314],[80.48653,7.60288],[80.48656,7.60278],[80.48652,7.60258],[80.48641,7.60238],[80.48638,7.60219],[80.48659,7.60212],[80.48695,7.6018],[80.4871,7.6015],[80.48766,7.60092],[80.48785,7.60042],[80.48812,7.60043],[80.48839,7.60035],[80.48867,7.60012],[80.48905,7.60001],[80.48957,7.6],[80.48982,7.6],[80.48993,7.60005],[80.49038,7.60036],[80.49032,7.60064],[80.49036,7.60076],[80.49029,7.60087],[80.48988,7.60122],[80.48964,7.60154],[80.4896,7.60172],[80.4897,7.6018],[80.48968,7.60211],[80.48972,7.60268],[80.48983,7.60305],[80.48986,7.6034],[80.48975,7.60357],[80.48971,7.60416],[80.48926,7.60417],[80.48931,7.60454],[80.48929,7.60489],[80.489,7.60495],[80.48886,7.60504],[80.48902,7.60518],[80.48909,7.60553],[80.48902,7.60555],[80.48898,7.60584],[80.48924,7.60605],[80.48957,7.60601],[80.48965,7.60594],[80.48969,7.60573],[80.48959,7.60561],[80.48969,7.60538],[80.48998,7.60516],[80.49009,7.60496],[80.4902,7.60495],[80.49034,7.60495],[80.49059,7.60519],[80.49049,7.60557],[80.49051,7.60579],[80.49059,7.60587],[80.49111,7.60585],[80.49137,7.6058],[80.49141,7.6055],[80.49154,7.60552],[80.49159,7.60545],[80.49169,7.60545],[80.49189,7.60523],[80.49199,7.60488],[80.49192,7.60473],[80.49194,7.60463],[80.4927,7.60442],[80.49266,7.60418],[80.49236,7.60429],[80.49225,7.60421],[80.49172,7.60407],[80.49138,7.60392],[80.49117,7.60348],[80.49102,7.60361],[80.49094,7.60338],[80.49098,7.60331],[80.49095,7.60301],[80.49106,7.60293],[80.49088,7.60282],[80.49102,7.60247],[80.49084,7.60241],[80.4908,7.60209],[80.49123,7.6011],[80.49152,7.60111],[80.49197,7.601],[80.49244,7.6006],[80.49266,7.60061],[80.49275,7.60067],[80.49292,7.60062],[80.49303,7.60067],[80.49324,7.60102],[80.49291,7.60114],[80.49281,7.60113],[80.49282,7.60128],[80.49288,7.60135],[80.49311,7.60138],[80.4932,7.60171],[80.49327,7.60174],[80.49398,7.60125],[80.49405,7.60113],[80.49417,7.6011],[80.49437,7.60116],[80.49467,7.60117],[80.49506,7.60089],[80.49532,7.60079],[80.49519,7.60036],[80.4951,7.6003],[80.49508,7.60012],[80.49498,7.60005],[80.49491,7.59985],[80.49479,7.5998],[80.49478,7.59994],[80.49472,7.59998],[80.49463,7.59999],[80.4945,7.59993],[80.49419,7.59939],[80.49408,7.59943],[80.49386,7.59967],[80.49336,7.5997],[80.4933,7.59946],[80.49303,7.59948],[80.49244,7.59929],[80.4923,7.59899],[80.49198,7.5991],[80.49191,7.59901],[80.4918,7.59897],[80.49179,7.59884],[80.49158,7.59886],[80.49135,7.59878],[80.49063,7.59884],[80.49058,7.59853],[80.49036,7.59867],[80.49003,7.5986],[80.48978,7.59866],[80.48966,7.59872],[80.48963,7.59899],[80.48935,7.59909],[80.48928,7.59906],[80.48873,7.59914],[80.48848,7.59926],[80.48825,7.59929],[80.48828,7.59941],[80.48815,7.5995],[80.48809,7.59925],[80.48778,7.59921],[80.48771,7.59911],[80.48774,7.59902],[80.48755,7.59905],[80.48722,7.59877],[80.48608,7.59756],[80.48602,7.59729],[80.48587,7.59724],[80.48557,7.597],[80.4854,7.59746],[80.48497,7.59793],[80.48483,7.59815],[80.48471,7.59821],[80.48495,7.59836],[80.48551,7.59859],[80.48576,7.59874],[80.48623,7.59929],[80.48634,7.59962],[80.48622,7.59954],[80.4857,7.59953],[80.485,7.59938],[80.48491,7.5995],[80.48495,7.59977],[80.48482,7.59983],[80.48481,7.59995],[80.4847,7.60015],[80.48455,7.60007],[80.48457,7.59994],[80.4845,7.59991],[80.48442,7.59994],[80.48445,7.60007],[80.4844,7.60009],[80.4841,7.60011],[80.48364,7.60004],[80.48359,7.59977],[80.48342,7.5996],[80.48319,7.59966],[80.48307,7.59993],[80.48299,7.60002],[80.48281,7.60012],[80.48247,7.60011],[80.48247,7.59981],[80.48228,7.59982],[80.48228,7.60007],[80.48185,7.60009],[80.48158,7.6002]],[[80.48526,7.60118],[80.48525,7.60087],[80.48565,7.60091],[80.48564,7.60123],[80.48533,7.60124],[80.48526,7.60118]]]}},{"type":"Feature","properties":{"c":"farmland"},"geometry":{"type":"Polygon","coordinates":[[[80.48026,7.60331],[80.48048,7.60333],[80.48077,7.60353],[80.48111,7.60367],[80.48119,7.60401],[80.48139,7.60404],[80.48149,7.60389],[80.48167,7.60388],[80.48171,7.60377],[80.482,7.60375],[80.48191,7.60298],[80.48157,7.60302],[80.48155,7.60295],[80.48137,7.60294],[80.48136,7.60286],[80.48126,7.60282],[80.48131,7.60263],[80.48049,7.60233],[80.48037,7.6025],[80.48026,7.60331]]]}},{"type":"Feature","properties":{"c":"farmland"},"geometry":{"type":"Polygon","coordinates":[[[80.47799,7.6022],[80.47828,7.60238],[80.47838,7.6025],[80.47827,7.60259],[80.47898,7.60291],[80.4792,7.60293],[80.47947,7.60304],[80.47961,7.60298],[80.47972,7.60256],[80.47986,7.6024],[80.47974,7.60222],[80.47976,7.60194],[80.47961,7.60197],[80.47893,7.60189],[80.47851,7.60195],[80.47852,7.60182],[80.47812,7.60172],[80.47799,7.6022]]]}},{"type":"Feature","properties":{"c":"farmland"},"geometry":{"type":"Polygon","coordinates":[[[80.47339,7.60239],[80.47369,7.60272],[80.47381,7.60278],[80.47406,7.60275],[80.47408,7.60292],[80.47417,7.60295],[80.4741,7.60325],[80.47428,7.60336],[80.47438,7.60351],[80.4746,7.6036],[80.4757,7.60371],[80.47588,7.60386],[80.47652,7.60413],[80.4767,7.6043],[80.4768,7.60453],[80.47695,7.60461],[80.47721,7.60337],[80.47674,7.60312],[80.47593,7.60228],[80.47557,7.60214],[80.47568,7.60159],[80.4756,7.60153],[80.47563,7.60144],[80.47541,7.60144],[80.47538,7.6015],[80.4752,7.60143],[80.475,7.60142],[80.47499,7.60173],[80.47455,7.60168],[80.47451,7.60171],[80.47452,7.60182],[80.47418,7.60187],[80.47416,7.6018],[80.47405,7.60179],[80.47377,7.60189],[80.47364,7.60196],[80.47362,7.60217],[80.47347,7.60226],[80.47339,7.60239]]]}},{"type":"Feature","properties":{"c":"farmland"},"geometry":{"type":"Polygon","coordinates":[[[80.47456,7.60853],[80.47505,7.60865],[80.47572,7.60895],[80.47613,7.60898],[80.47664,7.60921],[80.47707,7.60917],[80.47742,7.60941],[80.47769,7.60946],[80.47776,7.60936],[80.47774,7.60929],[80.47791,7.60927],[80.47798,7.60957],[80.47809,7.60962],[80.47831,7.60963],[80.47846,7.60956],[80.47897,7.60959],[80.47913,7.6094],[80.47927,7.60931],[80.47958,7.60935],[80.47979,7.6093],[80.48006,7.60935],[80.48025,7.6093],[80.48034,7.60925],[80.48026,7.60894],[80.48062,7.60889],[80.48074,7.60883],[80.48093,7.60854],[80.48143,7.60805],[80.48144,7.60798],[80.48126,7.60771],[80.4813,7.60764],[80.4818,7.60784],[80.4819,7.60783],[80.48203,7.60774],[80.48213,7.60732],[80.48232,7.60735],[80.48247,7.6073],[80.48262,7.60691],[80.48244,7.6061],[80.48226,7.60613],[80.48194,7.60627],[80.48168,7.60616],[80.48151,7.60614],[80.48149,7.60603],[80.4816,7.60592],[80.48163,7.60581],[80.4816,7.6055],[80.48163,7.60541],[80.48157,7.60519],[80.48164,7.60505],[80.48126,7.60506],[80.48127,7.60493],[80.48094,7.60496],[80.4809,7.60503],[80.48095,7.6051],[80.48118,7.60509],[80.48123,7.60522],[80.48083,7.60541],[80.48093,7.60561],[80.48105,7.60568],[80.48127,7.60558],[80.48134,7.60579],[80.4812,7.60589],[80.48127,7.60602],[80.48126,7.60613],[80.48137,7.60623],[80.48124,7.60647],[80.48112,7.60654],[80.48099,7.60653],[80.48063,7.60637],[80.4805,7.60617],[80.48028,7.60608],[80.48021,7.60586],[80.48016,7.60584],[80.48011,7.60593],[80.48,7.60584],[80.48002,7.60577],[80.47973,7.60566],[80.47933,7.60535],[80.47894,7.6052],[80.47888,7.60498],[80.47897,7.60458],[80.4789,7.60453],[80.47873,7.60469],[80.4781,7.60623],[80.47852,7.60628],[80.47872,7.60644],[80.4788,7.6063],[80.47924,7.60651],[80.47903,7.60652],[80.47903,7.60662],[80.47883,7.60663],[80.47885,7.60674],[80.47879,7.60697],[80.47886,7.6071],[80.47894,7.60708],[80.47904,7.60715],[80.47923,7.60715],[80.47993,7.60771],[80.47978,7.60782],[80.47969,7.60806],[80.47956,7.60804],[80.47951,7.60807],[80.47938,7.60842],[80.47912,7.60846],[80.47857,7.60867],[80.4781,7.60871],[80.47778,7.60868],[80.47684,7.60833],[80.47657,7.60829],[80.47588,7.60845],[80.47544,7.60839],[80.47494,7.60819],[80.4748,7.60807],[80.47456,7.60853]]]}},{"type":"Feature","properties":{"c":"farmland","n":"Paddy Land"},"geometry":{"type":"Polygon","coordinates":[[[80.47139,7.60971],[80.47152,7.61017],[80.47182,7.61009],[80.47204,7.61011],[80.47204,7.61015],[80.47223,7.61013],[80.47234,7.61019],[80.47242,7.61038],[80.47256,7.61047],[80.47285,7.61057],[80.47298,7.61047],[80.47302,7.61039],[80.47291,7.61033],[80.47288,7.61019],[80.47286,7.6095],[80.47271,7.60947],[80.47268,7.60963],[80.47238,7.60967],[80.47243,7.60947],[80.47239,7.60937],[80.47265,7.60931],[80.47255,7.60916],[80.4724,7.60923],[80.47217,7.60924],[80.47208,7.60937],[80.47219,7.60945],[80.47204,7.60945],[80.47186,7.60958],[80.47162,7.60965],[80.47154,7.60973],[80.47139,7.60971]]]}},{"type":"Feature","properties":{"c":"farmland"},"geometry":{"type":"Polygon","coordinates":[[[80.46673,7.60841],[80.46696,7.60867],[80.4672,7.60885],[80.4674,7.6094],[80.46783,7.61016],[80.46815,7.61086],[80.46825,7.61139],[80.46814,7.61185],[80.46816,7.61207],[80.468,7.61225],[80.46825,7.61265],[80.4685,7.61248],[80.46894,7.61234],[80.46923,7.61217],[80.46912,7.61193],[80.46904,7.61139],[80.46916,7.6111],[80.46926,7.61103],[80.4697,7.61094],[80.46975,7.61109],[80.47021,7.61113],[80.47069,7.6111],[80.4707,7.61067],[80.47062,7.61041],[80.47007,7.61032],[80.47007,7.61013],[80.46991,7.61009],[80.46962,7.60965],[80.46985,7.60958],[80.46979,7.60933],[80.47003,7.60928],[80.46977,7.60796],[80.46954,7.60808],[80.4697,7.60863],[80.46957,7.60871],[80.46934,7.60871],[80.46911,7.60893],[80.46907,7.60913],[80.4686,7.60922],[80.46846,7.60901],[80.46847,7.60895],[80.46818,7.60837],[80.46806,7.60827],[80.46791,7.60779],[80.46772,7.60763],[80.4675,7.60791],[80.46725,7.6081],[80.46706,7.60832],[80.46673,7.60841]]]}},{"type":"Feature","properties":{"c":"farmland","n":"Paddy Land"},"geometry":{"type":"Polygon","coordinates":[[[80.46581,7.6177],[80.46594,7.618],[80.46585,7.61817],[80.46588,7.61853],[80.46609,7.61868],[80.46631,7.61897],[80.46653,7.61965],[80.46686,7.61954],[80.46718,7.61984],[80.46741,7.61992],[80.4675,7.61985],[80.46779,7.61983],[80.46773,7.61997],[80.46784,7.62005],[80.46761,7.62042],[80.46798,7.6206],[80.46856,7.62079],[80.46894,7.62104],[80.46912,7.62108],[80.46926,7.62105],[80.46965,7.62039],[80.4699,7.62024],[80.46998,7.62014],[80.47005,7.62014],[80.47024,7.61991],[80.47047,7.61991],[80.4709,7.61963],[80.47105,7.61958],[80.47139,7.61959],[80.47148,7.61966],[80.47157,7.61952],[80.47157,7.61925],[80.47106,7.61918],[80.47096,7.61891],[80.47096,7.61862],[80.47141,7.61789],[80.47131,7.61757],[80.47098,7.61796],[80.4707,7.61874],[80.47027,7.61932],[80.47012,7.61944],[80.46911,7.61997],[80.46905,7.6201],[80.46881,7.62015],[80.4685,7.6201],[80.46794,7.61987],[80.46848,7.61895],[80.46871,7.61834],[80.46881,7.61816],[80.46899,7.61801],[80.46907,7.61773],[80.46901,7.61721],[80.46881,7.61707],[80.46852,7.617],[80.4685,7.61689],[80.46817,7.61668],[80.468,7.6165],[80.46757,7.61656],[80.46737,7.61652],[80.4673,7.61681],[80.46755,7.61699],[80.46796,7.61742],[80.46795,7.61754],[80.46801,7.61761],[80.46818,7.61759],[80.46824,7.61766],[80.4682,7.61781],[80.46825,7.61802],[80.468,7.61864],[80.46778,7.61881],[80.4676,7.61913],[80.4675,7.61919],[80.46721,7.61916],[80.46704,7.6192],[80.46691,7.61907],[80.46692,7.61897],[80.46667,7.61863],[80.46663,7.61852],[80.46643,7.61852],[80.46631,7.61837],[80.46617,7.61831],[80.46615,7.61812],[80.46628,7.61803],[80.46634,7.61764],[80.46644,7.61751],[80.4664,7.61745],[80.46626,7.61739],[80.46589,7.61747],[80.46581,7.6177]]]}},{"type":"Feature","properties":{"c":"farmland"},"geometry":{"type":"Polygon","coordinates":[[[80.4603,7.61756],[80.46033,7.61765],[80.46044,7.61774],[80.46097,7.6178],[80.46112,7.61787],[80.46107,7.61796],[80.4612,7.61823],[80.46126,7.61827],[80.46126,7.61847],[80.4614,7.61854],[80.46149,7.61851],[80.46139,7.61868],[80.46141,7.61878],[80.46152,7.61876],[80.46152,7.619],[80.46139,7.61915],[80.46157,7.61924],[80.46156,7.61939],[80.46151,7.61946],[80.46154,7.61971],[80.46145,7.61977],[80.46149,7.61986],[80.46143,7.62009],[80.46131,7.62011],[80.46124,7.62002],[80.46122,7.61985],[80.46105,7.61985],[80.46088,7.61977],[80.46065,7.61973],[80.46057,7.62015],[80.46055,7.62038],[80.46065,7.62065],[80.4608,7.62089],[80.46076,7.62119],[80.46112,7.62114],[80.46098,7.62167],[80.46073,7.62211],[80.46072,7.62226],[80.46075,7.62255],[80.46091,7.62283],[80.46109,7.6234],[80.46122,7.62352],[80.46156,7.62353],[80.46163,7.62343],[80.46157,7.62332],[80.46158,7.62312],[80.46169,7.62301],[80.46169,7.62261],[80.46178,7.62233],[80.46198,7.62216],[80.46226,7.62204],[80.46249,7.62205],[80.46242,7.62183],[80.46247,7.62167],[80.4629,7.62186],[80.4633,7.62183],[80.46375,7.62203],[80.46385,7.62219],[80.46418,7.62248],[80.46435,7.62275],[80.46438,7.62317],[80.4646,7.6234],[80.46471,7.62334],[80.46494,7.62344],[80.46494,7.6235],[80.46478,7.62357],[80.46513,7.62377],[80.46526,7.62373],[80.46538,7.62359],[80.4655,7.62368],[80.46557,7.6238],[80.46541,7.62397],[80.46568,7.62448],[80.46609,7.6246],[80.46635,7.62476],[80.46645,7.6247],[80.46661,7.6244],[80.46626,7.62412],[80.46642,7.62375],[80.4662,7.62359],[80.46577,7.62354],[80.46551,7.62333],[80.46531,7.62305],[80.46499,7.62282],[80.46512,7.62238],[80.46513,7.62221],[80.46524,7.6219],[80.46548,7.62173],[80.46571,7.62169],[80.46576,7.62163],[80.46614,7.62175],[80.46641,7.62168],[80.46647,7.62153],[80.4663,7.62142],[80.46621,7.62143],[80.46616,7.62133],[80.4662,7.62121],[80.46612,7.62118],[80.46611,7.6211],[80.46622,7.62089],[80.46602,7.6209],[80.46594,7.62099],[80.46585,7.62098],[80.46578,7.62105],[80.46584,7.62117],[80.46568,7.62135],[80.46551,7.6214],[80.46541,7.62133],[80.46535,7.62096],[80.46519,7.62097],[80.46496,7.6207],[80.46494,7.62047],[80.46475,7.62051],[80.46419,7.62036],[80.46363,7.62042],[80.46326,7.62036],[80.46296,7.62027],[80.46268,7.6201],[80.46236,7.61999],[80.46192,7.62009],[80.46184,7.62015],[80.46187,7.61986],[80.46214,7.61975],[80.46217,7.61967],[80.46218,7.61959],[80.46211,7.61952],[80.46207,7.61936],[80.46198,7.61923],[80.46219,7.61934],[80.46209,7.61877],[80.46194,7.61867],[80.46184,7.61867],[80.46171,7.61855],[80.46197,7.6184],[80.46217,7.6186],[80.4623,7.61861],[80.46249,7.61789],[80.46261,7.61772],[80.46272,7.61731],[80.46272,7.6171],[80.46259,7.61665],[80.46268,7.61662],[80.46264,7.61658],[80.4626,7.61636],[80.46271,7.61633],[80.46275,7.61622],[80.46275,7.61581],[80.46283,7.6158],[80.46293,7.61548],[80.46289,7.6151],[80.46301,7.61503],[80.46275,7.61448],[80.46257,7.61458],[80.4624,7.61492],[80.46217,7.61503],[80.46214,7.61539],[80.46217,7.61571],[80.46207,7.6158],[80.46205,7.61626],[80.46211,7.61654],[80.46232,7.617],[80.46224,7.61753],[80.46209,7.61797],[80.46202,7.61786],[80.46189,7.61791],[80.46179,7.61775],[80.46131,7.61759],[80.46132,7.61747],[80.46141,7.61745],[80.46144,7.61736],[80.46138,7.61732],[80.46147,7.61721],[80.46137,7.61719],[80.46108,7.61729],[80.46081,7.61729],[80.46075,7.61708],[80.46058,7.61686],[80.46048,7.61682],[80.46036,7.61686],[80.46034,7.61696],[80.46048,7.61717],[80.46035,7.61735],[80.4603,7.61756]]]}},{"type":"Feature","properties":{"c":"farmland"},"geometry":{"type":"Polygon","coordinates":[[[80.45921,7.62507],[80.45922,7.62526],[80.45947,7.62567],[80.45956,7.62545],[80.45969,7.62543],[80.45973,7.62547],[80.45972,7.62591],[80.45985,7.62587],[80.45997,7.62592],[80.46006,7.62581],[80.46042,7.62581],[80.46046,7.62574],[80.46043,7.62564],[80.46055,7.62559],[80.46083,7.62562],[80.46095,7.62499],[80.46123,7.62465],[80.46118,7.62458],[80.46118,7.62418],[80.46139,7.62367],[80.46101,7.62353],[80.46092,7.62377],[80.46069,7.62395],[80.46067,7.62423],[80.46039,7.62439],[80.46031,7.62486],[80.46022,7.62492],[80.45998,7.62503],[80.45961,7.62495],[80.45921,7.62507]]]}},{"type":"Feature","properties":{"c":"farmland"},"geometry":{"type":"Polygon","coordinates":[[[80.45525,7.62676],[80.45624,7.627],[80.45613,7.62722],[80.45604,7.62757],[80.45608,7.62782],[80.45635,7.6282],[80.45662,7.62813],[80.45725,7.62842],[80.4573,7.62893],[80.45746,7.62891],[80.45746,7.629],[80.45742,7.62923],[80.45722,7.62917],[80.4572,7.62928],[80.45765,7.62955],[80.45778,7.62933],[80.45795,7.62939],[80.45797,7.62951],[80.45834,7.62946],[80.45842,7.62923],[80.4585,7.62918],[80.45858,7.62924],[80.45902,7.62877],[80.45913,7.62871],[80.45947,7.62885],[80.45967,7.62878],[80.45982,7.6288],[80.45985,7.62867],[80.45979,7.62861],[80.45997,7.62818],[80.45994,7.62801],[80.45936,7.62797],[80.4591,7.62786],[80.45878,7.62793],[80.4587,7.62801],[80.45841,7.62784],[80.4583,7.62766],[80.458,7.62755],[80.45793,7.62755],[80.45782,7.62771],[80.45774,7.62763],[80.45778,7.62754],[80.45772,7.62748],[80.45777,7.62741],[80.4578,7.62743],[80.45797,7.62727],[80.4581,7.62711],[80.45814,7.62715],[80.45827,7.62685],[80.45846,7.62661],[80.45845,7.62618],[80.4587,7.62605],[80.45871,7.62589],[80.45879,7.62585],[80.45882,7.62593],[80.45899,7.62585],[80.45954,7.62581],[80.4592,7.62527],[80.45908,7.62536],[80.45901,7.62551],[80.45884,7.6255],[80.45846,7.62528],[80.45833,7.62513],[80.4586,7.6249],[80.45862,7.62474],[80.45802,7.62452],[80.4578,7.62455],[80.4578,7.62469],[80.45751,7.62506],[80.45749,7.6254],[80.45726,7.62551],[80.45726,7.62562],[80.45704,7.62571],[80.4568,7.62591],[80.45643,7.6259],[80.45629,7.62595],[80.45621,7.62588],[80.45622,7.62584],[80.45594,7.62585],[80.45554,7.62628],[80.45543,7.62643],[80.45538,7.62666],[80.45525,7.62676]],[[80.45745,7.62768],[80.45767,7.62769],[80.45799,7.62784],[80.45785,7.62796],[80.45814,7.62828],[80.45805,7.62841],[80.45768,7.62819],[80.45749,7.62801],[80.45745,7.62768]]]}},{"type":"Feature","properties":{"c":"farmland"},"geometry":{"type":"Polygon","coordinates":[[[80.45019,7.62669],[80.45062,7.62722],[80.45076,7.62755],[80.45086,7.62766],[80.45103,7.62777],[80.45144,7.62784],[80.45203,7.62782],[80.45212,7.62799],[80.45244,7.62822],[80.45278,7.62859],[80.45242,7.62908],[80.45211,7.62916],[80.45202,7.62904],[80.45166,7.62988],[80.45154,7.63036],[80.45101,7.63135],[80.45124,7.6321],[80.45179,7.63251],[80.45193,7.63251],[80.45209,7.63244],[80.45208,7.63205],[80.45213,7.63198],[80.45212,7.63193],[80.45205,7.6319],[80.45216,7.63154],[80.45261,7.63039],[80.45299,7.62976],[80.4532,7.62951],[80.45326,7.62956],[80.45354,7.62933],[80.4544,7.62846],[80.45452,7.62851],[80.45492,7.62835],[80.45575,7.62817],[80.45581,7.62803],[80.4558,7.62744],[80.45571,7.62725],[80.45551,7.6272],[80.45528,7.62722],[80.4552,7.62729],[80.45518,7.62753],[80.45459,7.62762],[80.45456,7.62729],[80.45432,7.6268],[80.4536,7.62682],[80.45348,7.62665],[80.45314,7.62663],[80.4532,7.62534],[80.45297,7.62525],[80.45293,7.62578],[80.45284,7.62581],[80.45272,7.62528],[80.45288,7.62504],[80.45298,7.62473],[80.45311,7.62452],[80.45301,7.62445],[80.45308,7.62426],[80.45319,7.62413],[80.45309,7.62392],[80.4529,7.62374],[80.45226,7.62378],[80.45216,7.62384],[80.45237,7.62466],[80.45224,7.62483],[80.45219,7.62509],[80.4521,7.62513],[80.45204,7.6253],[80.45207,7.6255],[80.45213,7.62561],[80.45209,7.62588],[80.45214,7.62594],[80.45205,7.62653],[80.45216,7.62658],[80.45229,7.62654],[80.45236,7.62639],[80.45233,7.62638],[80.45231,7.62618],[80.4526,7.62621],[80.45269,7.62596],[80.4528,7.62618],[80.45274,7.62638],[80.45266,7.6264],[80.45259,7.62648],[80.45269,7.62658],[80.45253,7.62667],[80.45236,7.62656],[80.45235,7.62667],[80.4521,7.62663],[80.452,7.62693],[80.45187,7.62707],[80.45184,7.62716],[80.45196,7.62747],[80.45116,7.62724],[80.45075,7.62669],[80.45085,7.62669],[80.4509,7.6266],[80.45077,7.62654],[80.45064,7.62621],[80.45044,7.62634],[80.45027,7.62626],[80.45019,7.62669]]]}},{"type":"Feature","properties":{"c":"farmland","n":"Paddy Land"},"geometry":{"type":"Polygon","coordinates":[[[80.42081,7.58667],[80.42093,7.58699],[80.42136,7.5875],[80.42139,7.58769],[80.42135,7.58785],[80.42113,7.58801],[80.42119,7.58817],[80.42166,7.58827],[80.42165,7.58802],[80.42185,7.58802],[80.42175,7.58765],[80.42145,7.58751],[80.42157,7.58732],[80.42153,7.58716],[80.42145,7.58712],[80.42155,7.5869],[80.42151,7.58603],[80.42136,7.58604],[80.42122,7.58599],[80.42116,7.58593],[80.42122,7.58586],[80.42105,7.5858],[80.42099,7.58592],[80.42104,7.58602],[80.42088,7.5863],[80.42081,7.58667]]]}},{"type":"Feature","properties":{"c":"farmland","n":"Paddy Land"},"geometry":{"type":"Polygon","coordinates":[[[80.41444,7.58939],[80.41445,7.58951],[80.41456,7.58956],[80.41464,7.58955],[80.41468,7.5895],[80.41474,7.58956],[80.41485,7.5899],[80.41515,7.58992],[80.41522,7.58976],[80.41541,7.58954],[80.41581,7.58952],[80.41593,7.58936],[80.41633,7.58904],[80.41679,7.58887],[80.41708,7.58895],[80.41745,7.58926],[80.41756,7.58948],[80.41745,7.5896],[80.41705,7.5898],[80.41686,7.58994],[80.41705,7.59035],[80.41728,7.59041],[80.41735,7.59052],[80.41743,7.59047],[80.41757,7.5906],[80.41786,7.59045],[80.41792,7.59052],[80.41802,7.59039],[80.41819,7.59047],[80.41822,7.59041],[80.41831,7.59048],[80.41866,7.59011],[80.41885,7.59037],[80.41853,7.59079],[80.41872,7.59099],[80.41887,7.59129],[80.41929,7.59123],[80.41943,7.59113],[80.41958,7.59088],[80.41968,7.59043],[80.41989,7.59023],[80.42005,7.58988],[80.42027,7.58979],[80.4207,7.58972],[80.42081,7.58976],[80.42087,7.58988],[80.42119,7.5899],[80.42171,7.59015],[80.42194,7.59014],[80.42211,7.58995],[80.42183,7.58937],[80.42178,7.58921],[80.42178,7.58876],[80.42169,7.58867],[80.42167,7.58849],[80.42161,7.58849],[80.42133,7.58883],[80.42119,7.58883],[80.42089,7.58873],[80.42064,7.58853],[80.42008,7.58858],[80.42006,7.58848],[80.41976,7.58843],[80.41966,7.58821],[80.41909,7.58822],[80.41872,7.58702],[80.41858,7.58702],[80.41848,7.58716],[80.41849,7.58758],[80.41875,7.58791],[80.41874,7.58812],[80.41858,7.58827],[80.41847,7.5883],[80.41804,7.5882],[80.41744,7.58816],[80.41726,7.58829],[80.41721,7.58789],[80.41705,7.58785],[80.41697,7.58825],[80.41672,7.58828],[80.41675,7.58785],[80.41638,7.58789],[80.41637,7.58814],[80.41611,7.58854],[80.41517,7.58914],[80.41444,7.58939]],[[80.41921,7.58935],[80.41944,7.58934],[80.41946,7.58918],[80.41952,7.5891],[80.41998,7.5894],[80.42002,7.58948],[80.41977,7.58963],[80.41952,7.58952],[80.41946,7.58957],[80.41921,7.58947],[80.41921,7.58935]]]}},{"type":"Feature","properties":{"c":"farmland"},"geometry":{"type":"Polygon","coordinates":[[[80.49472,7.61917],[80.49477,7.61933],[80.49494,7.61958],[80.49519,7.61973],[80.49539,7.61996],[80.49551,7.61991],[80.4957,7.62003],[80.49584,7.62026],[80.49592,7.62064],[80.49599,7.62073],[80.49694,7.62083],[80.49712,7.62072],[80.49747,7.62061],[80.49768,7.62066],[80.49772,7.62009],[80.49748,7.61967],[80.49727,7.61962],[80.49712,7.61965],[80.4969,7.61983],[80.4965,7.62],[80.4965,7.61989],[80.49641,7.61972],[80.49566,7.61928],[80.49538,7.61891],[80.49472,7.61917]]]}},{"type":"Feature","properties":{"c":"farmland"},"geometry":{"type":"Polygon","coordinates":[[[80.49456,7.61825],[80.49462,7.61845],[80.49513,7.61834],[80.49509,7.61808],[80.49515,7.61788],[80.49526,7.6178],[80.49553,7.61772],[80.49558,7.61762],[80.49559,7.6175],[80.49544,7.61729],[80.49527,7.61727],[80.49511,7.61731],[80.49469,7.61765],[80.4946,7.6178],[80.49461,7.61787],[80.4947,7.61793],[80.49456,7.61825]]]}},{"type":"Feature","properties":{"c":"farmland"},"geometry":{"type":"Polygon","coordinates":[[[80.49692,7.62341],[80.49707,7.62388],[80.49723,7.6238],[80.49746,7.62358],[80.49768,7.62351],[80.49795,7.62359],[80.49827,7.62348],[80.49876,7.62359],[80.49929,7.62363],[80.49929,7.62273],[80.49869,7.62271],[80.49803,7.62251],[80.49719,7.62257],[80.49694,7.62274],[80.49692,7.62341]]]}},{"type":"Feature","properties":{"c":"farmland"},"geometry":{"type":"Polygon","coordinates":[[[80.49252,7.62516],[80.49379,7.62647],[80.4941,7.62623],[80.49427,7.62617],[80.49481,7.62624],[80.49562,7.62648],[80.49579,7.62642],[80.49602,7.62644],[80.49654,7.62629],[80.49683,7.62637],[80.49743,7.62667],[80.49757,7.62646],[80.4977,7.62592],[80.49657,7.6256],[80.49629,7.62561],[80.49581,7.62555],[80.49543,7.62539],[80.49521,7.62521],[80.49472,7.62522],[80.49457,7.62514],[80.49447,7.62535],[80.49437,7.62532],[80.49429,7.62522],[80.49458,7.62498],[80.49461,7.6247],[80.49477,7.62456],[80.4949,7.62466],[80.49514,7.62453],[80.49606,7.62418],[80.49644,7.62395],[80.49648,7.62378],[80.4963,7.62349],[80.49564,7.62291],[80.49633,7.62258],[80.4966,7.62254],[80.49663,7.62238],[80.49657,7.62179],[80.49644,7.6217],[80.49645,7.62164],[80.4965,7.62164],[80.49652,7.62171],[80.49659,7.62174],[80.49671,7.6215],[80.49648,7.62129],[80.4964,7.62105],[80.49642,7.62097],[80.49678,7.62106],[80.49679,7.62099],[80.49667,7.62093],[80.49641,7.62093],[80.49603,7.62084],[80.49584,7.62088],[80.49573,7.62117],[80.49586,7.62145],[80.49603,7.62223],[80.49582,7.62252],[80.49555,7.62261],[80.49513,7.62254],[80.49515,7.62246],[80.49485,7.62229],[80.49486,7.62223],[80.49479,7.62216],[80.4947,7.62193],[80.49461,7.62199],[80.49469,7.62217],[80.49463,7.62234],[80.49479,7.6224],[80.49477,7.62248],[80.4947,7.62246],[80.49466,7.62275],[80.4947,7.62276],[80.49464,7.62285],[80.49469,7.62293],[80.49429,7.62289],[80.4943,7.6231],[80.49445,7.62311],[80.49451,7.62333],[80.49437,7.62331],[80.49412,7.62349],[80.49405,7.6237],[80.49408,7.62384],[80.49386,7.62399],[80.49373,7.62403],[80.49375,7.62395],[80.49365,7.62384],[80.49352,7.62394],[80.49355,7.62406],[80.49343,7.62425],[80.49335,7.62427],[80.49304,7.62461],[80.49262,7.62482],[80.49252,7.62516]]]}},{"type":"Feature","properties":{"c":"farmland"},"geometry":{"type":"Polygon","coordinates":[[[80.48418,7.6255],[80.48451,7.6258],[80.48469,7.62584],[80.48501,7.62615],[80.48525,7.62582],[80.48544,7.62574],[80.48579,7.62547],[80.48567,7.62513],[80.48541,7.62527],[80.48519,7.62524],[80.48494,7.62515],[80.4847,7.62484],[80.48468,7.62475],[80.4844,7.62509],[80.48418,7.6255]]]}},{"type":"Feature","properties":{"c":"farmland"},"geometry":{"type":"Polygon","coordinates":[[[80.48475,7.62162],[80.48499,7.62249],[80.48501,7.62298],[80.48511,7.62321],[80.48525,7.62336],[80.48555,7.62353],[80.48606,7.62339],[80.48609,7.62328],[80.48596,7.62274],[80.48575,7.62266],[80.48573,7.62237],[80.48589,7.62229],[80.48599,7.62207],[80.48591,7.62182],[80.48569,7.62161],[80.48573,7.62129],[80.48585,7.62112],[80.48582,7.62096],[80.48554,7.62066],[80.48505,7.62085],[80.48514,7.6214],[80.48508,7.62148],[80.48495,7.62152],[80.48481,7.62148],[80.48475,7.62162]]]}},{"type":"Feature","properties":{"c":"farmland"},"geometry":{"type":"Polygon","coordinates":[[[80.48802,7.6094],[80.48842,7.60948],[80.48837,7.60979],[80.48878,7.60993],[80.48951,7.60989],[80.48979,7.60993],[80.49022,7.60986],[80.4903,7.60976],[80.49045,7.60975],[80.49059,7.60989],[80.49072,7.60987],[80.49092,7.60962],[80.49135,7.60962],[80.49169,7.6092],[80.49153,7.60852],[80.49175,7.60849],[80.49212,7.60853],[80.4923,7.60846],[80.49255,7.60814],[80.49259,7.60796],[80.49201,7.60806],[80.49179,7.60797],[80.4916,7.60802],[80.49139,7.60828],[80.49073,7.60819],[80.49061,7.6075],[80.49023,7.60745],[80.49021,7.60736],[80.48986,7.6074],[80.48958,7.60751],[80.48933,7.60742],[80.48931,7.6072],[80.48946,7.60693],[80.48946,7.60671],[80.48957,7.60651],[80.48952,7.60644],[80.48898,7.6065],[80.48884,7.60656],[80.48884,7.60677],[80.48907,7.60726],[80.48895,7.60748],[80.48905,7.60771],[80.48925,7.60777],[80.48938,7.60829],[80.4892,7.60828],[80.48896,7.60841],[80.48883,7.60853],[80.48888,7.60863],[80.48855,7.6089],[80.48843,7.60894],[80.48803,7.60863],[80.48811,7.60905],[80.48802,7.6094]]]}},{"type":"Feature","properties":{"c":"farmland"},"geometry":{"type":"Polygon","coordinates":[[[80.48256,7.6061],[80.48276,7.6069],[80.48305,7.60677],[80.48324,7.60676],[80.48389,7.6071],[80.4842,7.60735],[80.48451,7.60778],[80.48513,7.60827],[80.48529,7.60847],[80.48534,7.60918],[80.48539,7.60932],[80.48553,7.60945],[80.48556,7.60961],[80.48545,7.60982],[80.48543,7.60997],[80.48551,7.61062],[80.48546,7.61084],[80.48546,7.61151],[80.48528,7.6116],[80.48532,7.61189],[80.48519,7.61209],[80.48448,7.61206],[80.48432,7.61196],[80.48401,7.61215],[80.48345,7.61215],[80.48334,7.61229],[80.48333,7.6125],[80.48369,7.61248],[80.4837,7.61262],[80.48389,7.61263],[80.48412,7.61259],[80.48425,7.61246],[80.48431,7.61263],[80.48447,7.61258],[80.48474,7.61257],[80.48497,7.61246],[80.48499,7.61274],[80.48541,7.61321],[80.48537,7.61338],[80.4854,7.61347],[80.48554,7.61355],[80.48563,7.61399],[80.48571,7.61416],[80.48587,7.61428],[80.48585,7.61437],[80.48593,7.61462],[80.4859,7.61474],[80.48579,7.61478],[80.48571,7.61511],[80.48546,7.61548],[80.48581,7.61596],[80.48596,7.61585],[80.48615,7.61558],[80.48629,7.61434],[80.48641,7.61411],[80.48643,7.61385],[80.48654,7.61352],[80.48622,7.61239],[80.48625,7.61183],[80.48638,7.61145],[80.48636,7.61119],[80.48641,7.61108],[80.48642,7.61075],[80.48658,7.61073],[80.48676,7.61033],[80.48686,7.6099],[80.48705,7.60978],[80.48714,7.60966],[80.48719,7.6095],[80.4874,7.60945],[80.48762,7.60951],[80.48763,7.60889],[80.48696,7.60798],[80.48683,7.60801],[80.48676,7.60796],[80.48657,7.60771],[80.48643,7.60746],[80.48628,7.607],[80.48634,7.6068],[80.48676,7.60641],[80.48686,7.6061],[80.48665,7.60601],[80.48644,7.6062],[80.4862,7.60633],[80.48581,7.60635],[80.48581,7.60572],[80.48547,7.60569],[80.48524,7.60556],[80.48485,7.60599],[80.48413,7.60629],[80.4838,7.60603],[80.48355,7.6059],[80.48314,7.60596],[80.483,7.60587],[80.48281,7.60594],[80.48272,7.60614],[80.48256,7.6061]]]}},{"type":"Feature","properties":{"c":"farmland"},"geometry":{"type":"Polygon","coordinates":[[[80.48726,7.6182],[80.48755,7.61864],[80.48787,7.61835],[80.48788,7.61851],[80.48767,7.61876],[80.48771,7.61883],[80.48804,7.61869],[80.48813,7.61874],[80.48816,7.61896],[80.48843,7.619],[80.48874,7.61927],[80.48907,7.61921],[80.48917,7.61929],[80.48934,7.6193],[80.48963,7.61923],[80.4897,7.61914],[80.48987,7.61922],[80.48995,7.61937],[80.49024,7.61933],[80.49036,7.61937],[80.49037,7.61943],[80.49047,7.61942],[80.4906,7.61937],[80.49074,7.61906],[80.49084,7.61905],[80.49083,7.61876],[80.49062,7.61871],[80.49058,7.61877],[80.49034,7.61876],[80.49004,7.61867],[80.49005,7.61843],[80.48968,7.6184],[80.48934,7.61825],[80.48927,7.61806],[80.48929,7.61788],[80.48938,7.61781],[80.48941,7.61766],[80.48934,7.61752],[80.48931,7.61726],[80.48929,7.61645],[80.48931,7.61585],[80.48942,7.6158],[80.48943,7.6157],[80.48963,7.61572],[80.48976,7.61583],[80.49018,7.61636],[80.49041,7.61619],[80.49039,7.61603],[80.49049,7.61593],[80.49058,7.61588],[80.49098,7.61585],[80.49107,7.61594],[80.49123,7.616],[80.49145,7.616],[80.49153,7.61607],[80.49154,7.61619],[80.49178,7.61639],[80.49213,7.61645],[80.49231,7.61627],[80.49246,7.61628],[80.49248,7.61621],[80.4927,7.61601],[80.493,7.61594],[80.49323,7.61581],[80.49349,7.61556],[80.49371,7.61567],[80.49388,7.61569],[80.49417,7.61551],[80.49435,7.61547],[80.49438,7.61566],[80.49453,7.61562],[80.49461,7.61567],[80.49501,7.61547],[80.49513,7.61553],[80.49531,7.61498],[80.49536,7.61487],[80.49544,7.61485],[80.49582,7.61497],[80.49586,7.61522],[80.49649,7.61514],[80.49687,7.61526],[80.49751,7.61534],[80.49751,7.61586],[80.4978,7.6158],[80.49785,7.61588],[80.49782,7.61593],[80.49752,7.61598],[80.4975,7.6162],[80.49806,7.6162],[80.49805,7.61595],[80.49892,7.616],[80.49899,7.61584],[80.49912,7.61587],[80.49911,7.61602],[80.49924,7.61602],[80.4993,7.6159],[80.49944,7.61592],[80.49947,7.61587],[80.49919,7.61525],[80.49934,7.61515],[80.49959,7.6151],[80.49983,7.61484],[80.5001,7.61427],[80.50021,7.61391],[80.5001,7.61378],[80.49948,7.61371],[80.49949,7.61379],[80.4994,7.61393],[80.4995,7.61419],[80.49943,7.61428],[80.49938,7.61461],[80.49929,7.61459],[80.49922,7.61466],[80.49902,7.61497],[80.49879,7.61504],[80.49843,7.61493],[80.49816,7.61439],[80.49797,7.61415],[80.49789,7.61424],[80.49761,7.61435],[80.49734,7.61429],[80.49758,7.61354],[80.4977,7.61338],[80.49746,7.61322],[80.49712,7.61356],[80.49716,7.61367],[80.49706,7.61382],[80.49685,7.61388],[80.4966,7.61377],[80.49631,7.61394],[80.49628,7.6142],[80.49636,7.61439],[80.4963,7.61451],[80.49621,7.61449],[80.49617,7.61441],[80.49599,7.6144],[80.49573,7.61424],[80.49527,7.61389],[80.49506,7.61362],[80.4947,7.61353],[80.4947,7.6138],[80.49458,7.61391],[80.49428,7.61445],[80.49381,7.61448],[80.49362,7.61459],[80.49358,7.61445],[80.49359,7.61399],[80.49366,7.6138],[80.49381,7.61383],[80.49385,7.61371],[80.49382,7.61354],[80.49366,7.6133],[80.49365,7.61308],[80.49369,7.61286],[80.49379,7.61267],[80.49394,7.61266],[80.49394,7.61258],[80.49367,7.61234],[80.49356,7.61201],[80.49318,7.61161],[80.49306,7.61155],[80.49296,7.6116],[80.49268,7.61197],[80.4925,7.61203],[80.4925,7.61214],[80.49259,7.6123],[80.49281,7.61246],[80.49308,7.61242],[80.49326,7.61257],[80.49333,7.61277],[80.49322,7.61367],[80.49315,7.61379],[80.49289,7.614],[80.49266,7.61447],[80.49272,7.61467],[80.49268,7.615],[80.49234,7.615],[80.49205,7.61507],[80.49129,7.61496],[80.49114,7.6149],[80.49083,7.61437],[80.49082,7.61423],[80.49088,7.61406],[80.49106,7.61386],[80.49115,7.61326],[80.49112,7.61205],[80.49084,7.61213],[80.49098,7.61286],[80.49089,7.61315],[80.49075,7.61335],[80.4906,7.61344],[80.49049,7.61328],[80.49036,7.61297],[80.49033,7.61276],[80.48987,7.6128],[80.48983,7.61289],[80.48979,7.6133],[80.48991,7.61365],[80.49017,7.61388],[80.49004,7.61398],[80.49005,7.61411],[80.49015,7.6143],[80.49014,7.6145],[80.48986,7.61514],[80.48966,7.61533],[80.48949,7.61537],[80.48939,7.61534],[80.48942,7.61507],[80.48937,7.61475],[80.48925,7.61465],[80.48911,7.61464],[80.48904,7.61543],[80.48885,7.61563],[80.4889,7.61581],[80.48884,7.61609],[80.4887,7.61609],[80.48823,7.61652],[80.48826,7.61666],[80.48863,7.61667],[80.48854,7.61689],[80.48846,7.61697],[80.4882,7.6169],[80.48811,7.61697],[80.48811,7.6173],[80.48803,7.61745],[80.48786,7.61749],[80.4878,7.61766],[80.48762,7.61784],[80.48766,7.61789],[80.48739,7.61806],[80.48726,7.6182]]]}},{"type":"Feature","properties":{"c":"farmland"},"geometry":{"type":"Polygon","coordinates":[[[80.48407,7.61885],[80.48414,7.61909],[80.48427,7.61922],[80.48478,7.61945],[80.48497,7.61947],[80.48502,7.61953],[80.48495,7.61962],[80.48574,7.61964],[80.48571,7.61972],[80.48542,7.61998],[80.48538,7.62013],[80.48537,7.6202],[80.48547,7.62027],[80.48547,7.62041],[80.48556,7.62053],[80.4858,7.62039],[80.48586,7.6203],[80.48581,7.62015],[80.48583,7.61986],[80.48588,7.61972],[80.4861,7.61964],[80.48606,7.61947],[80.48613,7.61936],[80.48622,7.61939],[80.48638,7.61919],[80.48682,7.619],[80.48701,7.61898],[80.4874,7.61873],[80.48726,7.61843],[80.48681,7.6185],[80.4867,7.61861],[80.48653,7.61867],[80.4861,7.61864],[80.48596,7.61857],[80.48534,7.61884],[80.48505,7.61888],[80.48458,7.61883],[80.48429,7.61871],[80.48414,7.61873],[80.48407,7.61885]]]}},{"type":"Feature","properties":{"c":"farmland"},"geometry":{"type":"Polygon","coordinates":[[[80.48442,7.61691],[80.48452,7.61703],[80.48456,7.61725],[80.48453,7.61736],[80.48468,7.6177],[80.4846,7.61821],[80.48468,7.61838],[80.48481,7.61849],[80.48486,7.61876],[80.48518,7.61877],[80.48556,7.61869],[80.48574,7.61858],[80.48577,7.61846],[80.4857,7.61807],[80.48545,7.61788],[80.48528,7.61752],[80.48528,7.61742],[80.48534,7.61723],[80.48543,7.61728],[80.48583,7.61728],[80.48585,7.61683],[80.48568,7.61672],[80.48553,7.61646],[80.48543,7.61639],[80.4853,7.6164],[80.48468,7.61672],[80.48447,7.61673],[80.48442,7.61691]]]}},{"type":"Feature","properties":{"c":"farmland"},"geometry":{"type":"Polygon","coordinates":[[[80.47754,7.61605],[80.47755,7.61612],[80.47809,7.61622],[80.47854,7.61656],[80.47859,7.61649],[80.47911,7.61681],[80.47963,7.61692],[80.48,7.6171],[80.48026,7.61729],[80.48033,7.61717],[80.48051,7.61718],[80.4806,7.61745],[80.48077,7.61766],[80.48092,7.61774],[80.48121,7.61778],[80.48191,7.61736],[80.48227,7.61734],[80.48317,7.6171],[80.48325,7.61692],[80.48352,7.61681],[80.48398,7.61632],[80.48414,7.61623],[80.48423,7.61621],[80.48438,7.6163],[80.48446,7.61645],[80.48449,7.61669],[80.48486,7.61662],[80.48523,7.61637],[80.48564,7.6163],[80.48555,7.61605],[80.48553,7.61582],[80.48529,7.61539],[80.48506,7.61542],[80.48498,7.61536],[80.48487,7.61515],[80.48456,7.61495],[80.48449,7.61481],[80.48432,7.61468],[80.48414,7.61482],[80.48384,7.61496],[80.48374,7.61491],[80.48368,7.61478],[80.4834,7.61481],[80.48311,7.61491],[80.48283,7.61484],[80.48263,7.61467],[80.4824,7.6143],[80.48234,7.61396],[80.48215,7.61348],[80.48216,7.61336],[80.48178,7.61317],[80.48128,7.61282],[80.48116,7.61284],[80.48104,7.61278],[80.48061,7.61295],[80.48049,7.61293],[80.47972,7.61256],[80.47974,7.61238],[80.47956,7.61249],[80.47941,7.61274],[80.47935,7.61298],[80.47939,7.61309],[80.48002,7.61351],[80.48078,7.61384],[80.48078,7.6139],[80.48119,7.61421],[80.48127,7.61448],[80.48139,7.61457],[80.48145,7.61472],[80.48134,7.61483],[80.4815,7.61505],[80.48149,7.6152],[80.48154,7.6153],[80.48212,7.61549],[80.48258,7.61578],[80.48281,7.61586],[80.48287,7.61603],[80.48304,7.61604],[80.4831,7.61621],[80.48303,7.61625],[80.48297,7.61619],[80.48269,7.61623],[80.48245,7.61618],[80.48207,7.6162],[80.48203,7.61607],[80.48198,7.61604],[80.48193,7.6161],[80.4818,7.61609],[80.48118,7.61573],[80.48067,7.61565],[80.47956,7.61525],[80.47862,7.6154],[80.47798,7.61535],[80.47788,7.61547],[80.47773,7.61586],[80.47754,7.61605]]]}},{"type":"Feature","properties":{"c":"farmland"},"geometry":{"type":"Polygon","coordinates":[[[80.48587,7.62168],[80.48617,7.62206],[80.486,7.62218],[80.48597,7.62225],[80.48617,7.62223],[80.48627,7.6224],[80.48651,7.6226],[80.48651,7.62291],[80.48673,7.62292],[80.48678,7.62299],[80.48675,7.62309],[80.48658,7.62321],[80.4869,7.62323],[80.48696,7.6233],[80.48691,7.62353],[80.48694,7.62367],[80.48678,7.6237],[80.48661,7.62391],[80.4867,7.62439],[80.48666,7.62454],[80.4865,7.62471],[80.48618,7.6248],[80.48624,7.62491],[80.48665,7.62483],[80.4867,7.62477],[80.48693,7.6248],[80.48688,7.6249],[80.48674,7.6249],[80.48663,7.62501],[80.48671,7.62512],[80.48694,7.6251],[80.48711,7.6253],[80.48726,7.62524],[80.48734,7.62526],[80.48748,7.62563],[80.48707,7.62599],[80.48667,7.62604],[80.48659,7.6261],[80.4864,7.62607],[80.48623,7.62623],[80.48624,7.62657],[80.48643,7.62658],[80.48645,7.62667],[80.48649,7.62707],[80.48646,7.62734],[80.48694,7.62741],[80.48691,7.62768],[80.48699,7.62793],[80.48713,7.62797],[80.48716,7.62804],[80.4871,7.62845],[80.48783,7.62885],[80.48785,7.62896],[80.48779,7.62923],[80.48792,7.62911],[80.48801,7.62917],[80.48839,7.62898],[80.48848,7.62899],[80.48883,7.62932],[80.48914,7.62934],[80.48913,7.62879],[80.48895,7.62888],[80.48866,7.62878],[80.48858,7.62881],[80.48853,7.62872],[80.4884,7.62864],[80.48866,7.6284],[80.48867,7.62826],[80.48876,7.62819],[80.48909,7.62808],[80.48936,7.62817],[80.48939,7.62783],[80.48927,7.62719],[80.48895,7.62724],[80.48866,7.6271],[80.48871,7.62703],[80.48865,7.62694],[80.48872,7.62682],[80.48866,7.62629],[80.48899,7.62641],[80.48914,7.62626],[80.48941,7.62632],[80.48943,7.62642],[80.4898,7.6264],[80.48983,7.62643],[80.48988,7.62669],[80.48984,7.62682],[80.4895,7.62691],[80.48948,7.62715],[80.49003,7.62714],[80.49016,7.62676],[80.4902,7.62674],[80.49042,7.62684],[80.49034,7.6271],[80.49018,7.6272],[80.49021,7.62753],[80.49017,7.6279],[80.49023,7.62795],[80.49052,7.62799],[80.49075,7.62791],[80.49068,7.62816],[80.491,7.62821],[80.49112,7.62837],[80.49119,7.62839],[80.49138,7.62831],[80.49149,7.62844],[80.49167,7.62852],[80.49231,7.62848],[80.49373,7.62869],[80.49413,7.62885],[80.49505,7.62905],[80.49521,7.62894],[80.49523,7.62869],[80.49531,7.62859],[80.49523,7.62854],[80.49513,7.62858],[80.4951,7.62853],[80.49493,7.62849],[80.49495,7.6282],[80.49468,7.62809],[80.4945,7.62788],[80.49422,7.62768],[80.49394,7.62757],[80.49382,7.62758],[80.49369,7.62766],[80.49367,7.62777],[80.49361,7.62781],[80.49329,7.62791],[80.49311,7.62792],[80.493,7.62788],[80.4929,7.62793],[80.49282,7.62785],[80.49263,7.62783],[80.49249,7.62788],[80.49243,7.62779],[80.49225,7.62784],[80.49208,7.62776],[80.49186,7.62775],[80.49179,7.62778],[80.49159,7.62774],[80.49148,7.62757],[80.49151,7.62736],[80.49147,7.62736],[80.49143,7.62727],[80.49143,7.62714],[80.49153,7.62704],[80.49146,7.6269],[80.49123,7.62712],[80.49115,7.62712],[80.49069,7.62643],[80.4905,7.62623],[80.49026,7.62624],[80.49005,7.62619],[80.48999,7.62595],[80.48988,7.62588],[80.48989,7.62562],[80.49021,7.62537],[80.49035,7.62538],[80.49057,7.6255],[80.49066,7.62517],[80.49062,7.62496],[80.49024,7.62493],[80.4902,7.62485],[80.49026,7.62457],[80.49018,7.62441],[80.49004,7.62438],[80.49003,7.62413],[80.49014,7.62416],[80.49019,7.62413],[80.49021,7.62391],[80.49003,7.62355],[80.48988,7.62343],[80.48988,7.62299],[80.48995,7.62283],[80.48973,7.62267],[80.48987,7.62253],[80.48961,7.62222],[80.48933,7.62244],[80.48939,7.62248],[80.48931,7.62264],[80.48946,7.62272],[80.48927,7.62292],[80.48918,7.62335],[80.48905,7.62344],[80.48873,7.62348],[80.48865,7.62347],[80.4886,7.62329],[80.48842,7.62352],[80.48847,7.62363],[80.48877,7.62375],[80.48921,7.62381],[80.48922,7.62396],[80.48918,7.624],[80.48881,7.62395],[80.48877,7.62397],[80.48878,7.62418],[80.48849,7.62418],[80.4884,7.62412],[80.48807,7.62422],[80.48791,7.62435],[80.4873,7.62451],[80.48707,7.62437],[80.48711,7.62425],[80.48729,7.6241],[80.48728,7.62378],[80.4874,7.62345],[80.48751,7.62349],[80.48761,7.62343],[80.48765,7.62335],[80.48756,7.6233],[80.48753,7.62312],[80.4877,7.6231],[80.48776,7.62301],[80.4877,7.62294],[80.48776,7.62279],[80.48774,7.62274],[80.48767,7.62275],[80.48769,7.6224],[80.48782,7.62229],[80.48782,7.62217],[80.48759,7.62224],[80.48736,7.62173],[80.48742,7.62165],[80.48731,7.62156],[80.48733,7.62146],[80.48757,7.62135],[80.48743,7.62129],[80.48726,7.62133],[80.48711,7.62143],[80.48676,7.62156],[80.48662,7.6214],[80.4863,7.62156],[80.48587,7.62168]]]}},{"type":"Feature","properties":{"c":"farmland"},"geometry":{"type":"Polygon","coordinates":[[[80.47827,7.6187],[80.47845,7.61977],[80.47875,7.61995],[80.47888,7.6199],[80.4791,7.62],[80.4793,7.62044],[80.47943,7.6206],[80.47957,7.62055],[80.47996,7.62053],[80.48035,7.62057],[80.48069,7.62077],[80.48111,7.62111],[80.48127,7.62116],[80.48181,7.62112],[80.48193,7.62115],[80.48193,7.62139],[80.48219,7.62145],[80.48255,7.62161],[80.48259,7.6214],[80.48324,7.62137],[80.48348,7.62144],[80.48375,7.6217],[80.4842,7.62179],[80.48432,7.62166],[80.48451,7.62118],[80.48434,7.62113],[80.48417,7.62078],[80.48409,7.62068],[80.48396,7.62065],[80.48384,7.62045],[80.48376,7.62054],[80.48361,7.62061],[80.48356,7.62031],[80.48347,7.62019],[80.48316,7.6204],[80.48299,7.62036],[80.48301,7.62059],[80.48288,7.62064],[80.48277,7.62053],[80.48274,7.62004],[80.48265,7.62016],[80.48263,7.6201],[80.48248,7.62009],[80.48232,7.62001],[80.48169,7.61996],[80.48147,7.61984],[80.4815,7.61974],[80.48147,7.61959],[80.4814,7.61965],[80.48118,7.61964],[80.48115,7.61958],[80.48091,7.61967],[80.48073,7.61967],[80.48054,7.61956],[80.48052,7.6195],[80.47998,7.61942],[80.47978,7.61943],[80.47941,7.61919],[80.47864,7.61887],[80.47839,7.6187],[80.47827,7.6187]]]}},{"type":"Feature","properties":{"c":"farmland"},"geometry":{"type":"Polygon","coordinates":[[[80.49196,7.61791],[80.49233,7.61788],[80.49251,7.61772],[80.49253,7.61747],[80.49233,7.61745],[80.49219,7.6175],[80.4921,7.61781],[80.49196,7.61791]]]}},{"type":"Feature","properties":{"c":"farmland"},"geometry":{"type":"Polygon","coordinates":[[[80.49086,7.61779],[80.49097,7.61781],[80.49102,7.61788],[80.49105,7.61804],[80.491,7.61828],[80.49102,7.6184],[80.49108,7.61843],[80.49119,7.61811],[80.49128,7.61804],[80.4915,7.61795],[80.49179,7.61795],[80.49176,7.61768],[80.49163,7.61759],[80.4914,7.61755],[80.49131,7.61743],[80.49091,7.61769],[80.49086,7.61779]]]}},{"type":"Feature","properties":{"c":"farmland"},"geometry":{"type":"Polygon","coordinates":[[[80.48402,7.5874],[80.48411,7.58772],[80.4847,7.58783],[80.48457,7.58816],[80.48452,7.58851],[80.48455,7.58873],[80.48448,7.58886],[80.48433,7.58892],[80.48513,7.58911],[80.48528,7.58878],[80.48526,7.58847],[80.48555,7.58721],[80.48557,7.58682],[80.48576,7.58645],[80.4858,7.58609],[80.48589,7.58579],[80.48627,7.58536],[80.48658,7.58513],[80.48669,7.58495],[80.48711,7.58379],[80.48703,7.58333],[80.48738,7.58224],[80.48755,7.58196],[80.48786,7.58163],[80.48797,7.58139],[80.48777,7.58134],[80.48779,7.58121],[80.48804,7.58123],[80.48834,7.58073],[80.48828,7.58067],[80.48836,7.58029],[80.4885,7.58015],[80.48858,7.57925],[80.48875,7.57896],[80.48876,7.57876],[80.48865,7.57865],[80.4888,7.57836],[80.4891,7.5781],[80.48918,7.57796],[80.48928,7.57758],[80.48936,7.5775],[80.48936,7.57739],[80.48964,7.5774],[80.48978,7.57745],[80.49008,7.57728],[80.49018,7.57717],[80.49036,7.57641],[80.49022,7.57636],[80.4905,7.57585],[80.49029,7.57579],[80.49027,7.57554],[80.4905,7.57522],[80.49057,7.57492],[80.49095,7.57447],[80.49123,7.57374],[80.49118,7.5736],[80.49113,7.57284],[80.49116,7.57249],[80.49178,7.57203],[80.49168,7.57188],[80.49164,7.57169],[80.49145,7.57168],[80.49146,7.57143],[80.49166,7.57139],[80.49176,7.57118],[80.49207,7.57107],[80.49194,7.57091],[80.49182,7.57095],[80.49177,7.57087],[80.49186,7.57079],[80.49186,7.57073],[80.49157,7.57046],[80.49138,7.57045],[80.49137,7.57086],[80.49102,7.57087],[80.4908,7.57096],[80.49071,7.57165],[80.48992,7.5715],[80.48904,7.57142],[80.48881,7.57132],[80.48859,7.57093],[80.48834,7.57092],[80.48819,7.5717],[80.48871,7.57175],[80.48872,7.5718],[80.48884,7.5718],[80.48889,7.57206],[80.48887,7.57234],[80.4887,7.57236],[80.48852,7.57231],[80.48849,7.57247],[80.48879,7.57247],[80.48907,7.5726],[80.48899,7.57314],[80.48917,7.57315],[80.48938,7.57268],[80.48953,7.57266],[80.48979,7.57302],[80.49065,7.57314],[80.49068,7.57325],[80.49063,7.57368],[80.4905,7.57369],[80.49019,7.57394],[80.49005,7.57423],[80.48987,7.5742],[80.48977,7.57412],[80.4897,7.57406],[80.48972,7.57397],[80.48968,7.57391],[80.48841,7.57379],[80.4883,7.57382],[80.48821,7.57392],[80.48798,7.57395],[80.48801,7.57381],[80.48778,7.57383],[80.48773,7.57426],[80.4879,7.57426],[80.48791,7.57435],[80.48862,7.57423],[80.48906,7.57421],[80.48947,7.57424],[80.48993,7.57434],[80.48981,7.57455],[80.4897,7.57454],[80.48961,7.57472],[80.4891,7.57472],[80.48898,7.57483],[80.48952,7.57495],[80.48947,7.5752],[80.48938,7.57517],[80.48894,7.57538],[80.48873,7.57543],[80.48847,7.57538],[80.48797,7.57511],[80.48739,7.57517],[80.48696,7.57514],[80.48693,7.57525],[80.48749,7.57537],[80.48766,7.57535],[80.48785,7.57551],[80.48782,7.57567],[80.48834,7.57576],[80.48876,7.57573],[80.4891,7.5758],[80.4893,7.57594],[80.48907,7.57621],[80.48911,7.57634],[80.48908,7.57649],[80.4887,7.57723],[80.48876,7.5773],[80.48848,7.57761],[80.48841,7.5778],[80.48844,7.57788],[80.48827,7.578],[80.48819,7.57828],[80.48806,7.57846],[80.4882,7.57892],[80.48795,7.57914],[80.48775,7.57918],[80.48764,7.57929],[80.48709,7.57918],[80.48701,7.57943],[80.4869,7.5794],[80.48681,7.5795],[80.48669,7.57979],[80.48667,7.5799],[80.48682,7.58006],[80.48674,7.58026],[80.48674,7.58047],[80.4862,7.5803],[80.48618,7.58036],[80.48629,7.58044],[80.48634,7.58058],[80.48651,7.58062],[80.4866,7.58089],[80.48675,7.58107],[80.48676,7.58113],[80.48672,7.58126],[80.48639,7.58126],[80.48621,7.58137],[80.48612,7.58109],[80.48587,7.58112],[80.48574,7.58139],[80.48576,7.58151],[80.48595,7.58181],[80.48578,7.58202],[80.48571,7.58223],[80.48602,7.58224],[80.48641,7.5824],[80.4865,7.58245],[80.48653,7.58265],[80.48642,7.58289],[80.4863,7.58302],[80.48623,7.58319],[80.48626,7.58329],[80.4858,7.58378],[80.48549,7.5834],[80.48535,7.58332],[80.48516,7.58386],[80.48508,7.5844],[80.48538,7.58457],[80.48552,7.58434],[80.4859,7.58437],[80.48613,7.5839],[80.48653,7.58354],[80.48665,7.58308],[80.48673,7.58308],[80.48659,7.58383],[80.48661,7.58399],[80.48649,7.58405],[80.48641,7.58414],[80.48629,7.58449],[80.48607,7.58486],[80.48568,7.58524],[80.48537,7.58542],[80.48524,7.58544],[80.48504,7.58561],[80.48497,7.58582],[80.48499,7.5859],[80.48528,7.58611],[80.48536,7.58621],[80.48538,7.58636],[80.4852,7.58642],[80.48492,7.58643],[80.48476,7.58658],[80.48466,7.58655],[80.48465,7.58649],[80.48472,7.58643],[80.48462,7.58631],[80.48448,7.58655],[80.48449,7.58703],[80.48439,7.58713],[80.48409,7.5872],[80.48402,7.5874]]]}},{"type":"Feature","properties":{"c":"farmland","n":"Paddy Land"},"geometry":{"type":"Polygon","coordinates":[[[80.49209,7.59664],[80.49209,7.59696],[80.49341,7.59729],[80.49369,7.59748],[80.49403,7.59751],[80.4943,7.59736],[80.4946,7.59736],[80.49473,7.59743],[80.49488,7.59738],[80.49506,7.59752],[80.4951,7.59759],[80.49502,7.59761],[80.49505,7.59771],[80.49524,7.59798],[80.49524,7.59805],[80.49517,7.59805],[80.49513,7.59814],[80.49488,7.59881],[80.494,7.59922],[80.49382,7.59927],[80.49364,7.59916],[80.49346,7.59939],[80.4933,7.59946],[80.49336,7.5997],[80.49386,7.59967],[80.49408,7.59943],[80.49419,7.59939],[80.4945,7.59993],[80.49463,7.59999],[80.49472,7.59998],[80.49478,7.59994],[80.49479,7.5998],[80.49491,7.59985],[80.49498,7.60005],[80.49508,7.60012],[80.4951,7.6003],[80.49519,7.60036],[80.49532,7.60079],[80.49506,7.60089],[80.49467,7.60117],[80.49437,7.60116],[80.49417,7.6011],[80.49405,7.60113],[80.49398,7.60125],[80.49327,7.60174],[80.49355,7.60187],[80.49395,7.60219],[80.49429,7.60279],[80.49423,7.60306],[80.49382,7.60389],[80.49338,7.60387],[80.49334,7.60402],[80.49336,7.60435],[80.4935,7.60464],[80.4938,7.60464],[80.49441,7.60451],[80.49437,7.60415],[80.49466,7.60409],[80.49479,7.60375],[80.49532,7.60376],[80.49546,7.60374],[80.49556,7.60367],[80.49571,7.60368],[80.49579,7.60389],[80.49595,7.60393],[80.49683,7.60368],[80.49708,7.6037],[80.49739,7.60403],[80.49747,7.60437],[80.49781,7.60452],[80.49791,7.60463],[80.49816,7.60476],[80.49813,7.60483],[80.49818,7.60503],[80.49812,7.60507],[80.49814,7.60513],[80.49823,7.60515],[80.4982,7.60525],[80.49839,7.60537],[80.49878,7.60545],[80.49881,7.60556],[80.49899,7.60563],[80.49883,7.60604],[80.49988,7.60586],[80.49994,7.60564],[80.49992,7.60554],[80.49959,7.60532],[80.49952,7.60521],[80.49953,7.60506],[80.49973,7.60472],[80.49994,7.60469],[80.50013,7.60503],[80.5002,7.6053],[80.50003,7.60549],[80.50007,7.60562],[80.50024,7.6055],[80.50034,7.6053],[80.50053,7.60531],[80.50076,7.60519],[80.50075,7.60502],[80.50083,7.60475],[80.50097,7.60452],[80.50093,7.60411],[80.501,7.60407],[80.50131,7.60405],[80.50127,7.60416],[80.50118,7.60419],[80.50115,7.60441],[80.50161,7.60442],[80.50171,7.60404],[80.50198,7.60389],[80.50242,7.60396],[80.5026,7.60388],[80.50288,7.6039],[80.50382,7.60374],[80.50437,7.60371],[80.50448,7.60367],[80.50448,7.60326],[80.50441,7.6032],[80.504,7.60324],[80.50357,7.60335],[80.50338,7.6033],[80.50341,7.60306],[80.50335,7.60287],[80.50324,7.60282],[80.50294,7.60228],[80.50276,7.60114],[80.50279,7.60084],[80.50305,7.60063],[80.50326,7.60021],[80.50348,7.60017],[80.504,7.60019],[80.504,7.60007],[80.50418,7.59995],[80.50417,7.59941],[80.50363,7.59949],[80.50323,7.59931],[80.50292,7.59923],[80.50273,7.59878],[80.50262,7.59876],[80.50258,7.59882],[80.50244,7.59884],[80.5023,7.5987],[80.50174,7.59864],[80.50169,7.59904],[80.50137,7.59928],[80.50136,7.5997],[80.5013,7.59975],[80.50123,7.59997],[80.50089,7.60006],[80.50073,7.60055],[80.50052,7.60081],[80.5005,7.60094],[80.50055,7.60114],[80.50049,7.60154],[80.50063,7.60178],[80.50064,7.60194],[80.50078,7.60239],[80.50049,7.60286],[80.50017,7.60293],[80.5001,7.6036],[80.50013,7.60412],[80.49976,7.60425],[80.49965,7.60396],[80.49948,7.60401],[80.49927,7.60378],[80.49925,7.6035],[80.49932,7.60327],[80.49945,7.60312],[80.49937,7.60282],[80.49924,7.6028],[80.49912,7.60198],[80.49884,7.60192],[80.4988,7.60187],[80.49873,7.60135],[80.4985,7.60078],[80.49863,7.60049],[80.49872,7.59992],[80.49872,7.59945],[80.49864,7.59889],[80.49852,7.59881],[80.49817,7.59892],[80.49804,7.59866],[80.49789,7.59867],[80.49764,7.59835],[80.49745,7.59764],[80.49722,7.59762],[80.49703,7.59767],[80.49696,7.59764],[80.49692,7.59743],[80.497,7.59687],[80.49713,7.59658],[80.49736,7.59641],[80.49743,7.59621],[80.49743,7.59598],[80.49725,7.59552],[80.49608,7.59553],[80.49605,7.59567],[80.49612,7.59598],[80.4959,7.59595],[80.49511,7.59618],[80.49446,7.5963],[80.49385,7.59615],[80.49326,7.59608],[80.49313,7.59602],[80.49308,7.59588],[80.493,7.59582],[80.49236,7.59556],[80.49209,7.59664]]]}},{"type":"Feature","properties":{"c":"farmland"},"geometry":{"type":"Polygon","coordinates":[[[80.48705,7.5885],[80.48714,7.58881],[80.48726,7.58882],[80.48752,7.58883],[80.48778,7.58867],[80.48797,7.58862],[80.48814,7.58864],[80.48823,7.58859],[80.48846,7.58868],[80.48886,7.58853],[80.48949,7.58854],[80.48947,7.58846],[80.48963,7.58842],[80.48972,7.58848],[80.48984,7.58834],[80.49032,7.58854],[80.49037,7.58848],[80.49079,7.58865],[80.49054,7.58803],[80.49058,7.5879],[80.49076,7.58805],[80.49135,7.58804],[80.49137,7.58824],[80.4911,7.58816],[80.49083,7.58819],[80.49069,7.58826],[80.49075,7.58843],[80.49084,7.58859],[80.49103,7.58861],[80.49105,7.58871],[80.49098,7.58881],[80.4912,7.58895],[80.49115,7.58906],[80.49123,7.58926],[80.49121,7.58934],[80.49149,7.58945],[80.49185,7.5895],[80.49202,7.58927],[80.4918,7.58911],[80.49202,7.58887],[80.49222,7.58888],[80.4923,7.58883],[80.49243,7.58851],[80.49238,7.58836],[80.49253,7.58833],[80.49235,7.58805],[80.49245,7.58786],[80.49261,7.58783],[80.49254,7.58763],[80.49272,7.58759],[80.49282,7.58774],[80.49293,7.58773],[80.49303,7.58792],[80.49293,7.58798],[80.49302,7.58836],[80.49327,7.58886],[80.49382,7.58863],[80.49445,7.58905],[80.49464,7.58925],[80.49481,7.58961],[80.49499,7.58976],[80.49538,7.59039],[80.49556,7.59116],[80.49557,7.59142],[80.49577,7.59252],[80.49595,7.59304],[80.49609,7.59321],[80.49639,7.59432],[80.49638,7.59446],[80.49623,7.59475],[80.49634,7.59489],[80.49633,7.59502],[80.49609,7.59547],[80.49722,7.59544],[80.49724,7.59501],[80.49717,7.59438],[80.49739,7.59418],[80.49742,7.59406],[80.49741,7.59383],[80.4973,7.59359],[80.49722,7.59312],[80.4969,7.59227],[80.49687,7.59177],[80.49689,7.59169],[80.49703,7.59167],[80.49703,7.59146],[80.49708,7.59141],[80.49751,7.59127],[80.49749,7.59117],[80.49774,7.59111],[80.49794,7.59116],[80.49835,7.5916],[80.49865,7.59166],[80.49881,7.59187],[80.4989,7.59231],[80.49936,7.59277],[80.49949,7.59278],[80.49957,7.59273],[80.49999,7.59217],[80.49962,7.59218],[80.4996,7.59203],[80.4998,7.59159],[80.49975,7.59138],[80.49964,7.59121],[80.49954,7.59119],[80.49968,7.59098],[80.49921,7.5902],[80.49933,7.59006],[80.49909,7.58977],[80.49904,7.5896],[80.49893,7.58953],[80.49807,7.58961],[80.49805,7.58945],[80.49794,7.58939],[80.49785,7.58896],[80.49758,7.58896],[80.49759,7.58877],[80.49751,7.58875],[80.4974,7.58854],[80.49744,7.58819],[80.49724,7.58793],[80.49691,7.5877],[80.49702,7.58756],[80.49699,7.5875],[80.49703,7.58733],[80.4969,7.58707],[80.49676,7.58701],[80.49649,7.58705],[80.49623,7.58691],[80.49607,7.58701],[80.49609,7.58715],[80.49618,7.58723],[80.49618,7.58741],[80.49539,7.58749],[80.49543,7.58764],[80.49577,7.58783],[80.49602,7.58823],[80.49579,7.58838],[80.49567,7.58866],[80.49549,7.58863],[80.4954,7.58847],[80.49509,7.58848],[80.49508,7.5883],[80.495,7.58809],[80.49482,7.58797],[80.4945,7.58789],[80.49439,7.58779],[80.49432,7.58761],[80.49421,7.58747],[80.49434,7.58712],[80.49426,7.58656],[80.49431,7.58632],[80.49422,7.58609],[80.49413,7.586],[80.49403,7.58592],[80.4939,7.58591],[80.4939,7.58547],[80.49378,7.5853],[80.49365,7.58526],[80.4937,7.58487],[80.49356,7.58471],[80.49354,7.58462],[80.49369,7.58435],[80.49335,7.58404],[80.49317,7.58417],[80.49293,7.58421],[80.49293,7.58449],[80.49256,7.58475],[80.4922,7.5849],[80.49207,7.58483],[80.49216,7.58464],[80.49216,7.58438],[80.49224,7.58423],[80.49209,7.58419],[80.49193,7.58417],[80.49183,7.58421],[80.49164,7.58469],[80.49131,7.5848],[80.49101,7.58476],[80.49087,7.58481],[80.49017,7.58471],[80.48993,7.58456],[80.48958,7.58445],[80.48946,7.58428],[80.48929,7.58417],[80.4884,7.5842],[80.48794,7.58463],[80.48793,7.58488],[80.48781,7.58494],[80.48782,7.58508],[80.48757,7.58546],[80.48759,7.58565],[80.48802,7.5858],[80.48813,7.58558],[80.48809,7.58549],[80.48814,7.58524],[80.48832,7.58524],[80.48855,7.58515],[80.48861,7.58516],[80.48861,7.58525],[80.48872,7.58533],[80.48885,7.58521],[80.48869,7.58507],[80.48898,7.58505],[80.48923,7.5851],[80.48923,7.5852],[80.48949,7.58525],[80.48997,7.58519],[80.49007,7.58543],[80.49024,7.5856],[80.49054,7.58566],[80.49068,7.58565],[80.49074,7.58557],[80.49089,7.58551],[80.49143,7.58544],[80.49192,7.5856],[80.49224,7.58554],[80.49279,7.58556],[80.49308,7.5857],[80.49337,7.58604],[80.49267,7.58626],[80.49217,7.58669],[80.49126,7.58698],[80.49125,7.58711],[80.49108,7.58714],[80.491,7.58704],[80.49086,7.58713],[80.49075,7.5873],[80.49068,7.58726],[80.49062,7.58709],[80.49047,7.58714],[80.49036,7.58723],[80.49031,7.58718],[80.49034,7.58686],[80.49024,7.58687],[80.4902,7.58696],[80.49015,7.58693],[80.48986,7.58725],[80.48892,7.58753],[80.48834,7.58779],[80.48807,7.58781],[80.48785,7.5879],[80.48756,7.5881],[80.4871,7.58831],[80.48705,7.5885]],[[80.49842,7.59035],[80.49847,7.59028],[80.49876,7.59024],[80.49898,7.5909],[80.49886,7.59105],[80.49859,7.59113],[80.49848,7.59084],[80.49842,7.59035]]]}},{"type":"Feature","properties":{"c":"farmland"},"geometry":{"type":"Polygon","coordinates":[[[80.5021,7.61585],[80.50223,7.61602],[80.50261,7.61618],[80.50286,7.61659],[80.50335,7.61803],[80.50352,7.619],[80.5034,7.6197],[80.50323,7.6202],[80.50287,7.62083],[80.50267,7.6209],[80.50265,7.621],[80.50254,7.62105],[80.50265,7.62168],[80.50301,7.62171],[80.50327,7.62166],[80.50364,7.6212],[80.50364,7.6209],[80.50399,7.61995],[80.5044,7.61959],[80.50445,7.61944],[80.50448,7.61928],[80.50442,7.6191],[80.50436,7.61826],[80.50459,7.6182],[80.50478,7.6176],[80.50531,7.61767],[80.50561,7.61803],[80.50602,7.61834],[80.50595,7.61836],[80.50592,7.61846],[80.50603,7.61863],[80.50628,7.61879],[80.50645,7.6188],[80.50614,7.61921],[80.50634,7.6194],[80.50661,7.6194],[80.50666,7.61953],[80.50703,7.61995],[80.50744,7.62027],[80.50784,7.62045],[80.50778,7.62066],[80.50858,7.6214],[80.50853,7.62149],[80.50891,7.62196],[80.50898,7.62212],[80.50939,7.62248],[80.50968,7.62244],[80.51003,7.62231],[80.51015,7.6221],[80.5104,7.62198],[80.51068,7.6219],[80.51115,7.62194],[80.51154,7.62127],[80.51171,7.62113],[80.51205,7.62101],[80.51213,7.62088],[80.51222,7.62039],[80.51194,7.6201],[80.51133,7.62044],[80.51084,7.62064],[80.51063,7.62065],[80.51054,7.62116],[80.51014,7.62122],[80.50995,7.62114],[80.50996,7.62094],[80.50991,7.6207],[80.51003,7.62061],[80.51008,7.62043],[80.50982,7.6201],[80.50911,7.61981],[80.50847,7.61968],[80.5083,7.61951],[80.50819,7.6193],[80.50805,7.61935],[80.50776,7.61903],[80.50783,7.6189],[80.50778,7.61874],[80.50791,7.61863],[80.50865,7.61835],[80.50868,7.61823],[80.50859,7.61802],[80.50789,7.61832],[80.50761,7.61839],[80.50751,7.61823],[80.50757,7.61812],[80.5074,7.61795],[80.50727,7.6182],[80.50712,7.6182],[80.50698,7.61795],[80.50682,7.61786],[80.50661,7.61743],[80.50701,7.61702],[80.50719,7.61671],[80.50725,7.61651],[80.50715,7.61597],[80.50706,7.6159],[80.50687,7.61598],[80.50634,7.61643],[80.50587,7.61633],[80.50569,7.61602],[80.50559,7.61558],[80.50482,7.61469],[80.50434,7.61439],[80.50423,7.61443],[80.50385,7.61493],[80.50346,7.6151],[80.50316,7.61531],[80.5021,7.61585]]]}},{"type":"Feature","properties":{"c":"farmland"},"geometry":{"type":"Polygon","coordinates":[[[80.49795,7.60797],[80.49805,7.60842],[80.498,7.6094],[80.49814,7.61049],[80.4983,7.61047],[80.49847,7.61089],[80.4993,7.6109],[80.49936,7.61063],[80.49955,7.61016],[80.49958,7.60992],[80.49917,7.60975],[80.49905,7.6096],[80.49904,7.60941],[80.49874,7.60886],[80.49889,7.60867],[80.49882,7.60862],[80.49887,7.60841],[80.49901,7.60798],[80.4991,7.60793],[80.49917,7.6078],[80.49914,7.60771],[80.49905,7.60769],[80.49857,7.60779],[80.49795,7.60797]]]}},{"type":"Feature","properties":{"c":"farmland"},"geometry":{"type":"Polygon","coordinates":[[[80.49776,7.61335],[80.49777,7.61376],[80.49796,7.6141],[80.4984,7.61387],[80.49867,7.61387],[80.49877,7.6138],[80.49943,7.61382],[80.49948,7.61377],[80.49948,7.6137],[80.49928,7.61344],[80.49932,7.61299],[80.49938,7.61285],[80.49901,7.61273],[80.49876,7.61275],[80.49776,7.61335]]]}},{"type":"Feature","properties":{"c":"farmland"},"geometry":{"type":"Polygon","coordinates":[[[80.50287,7.61115],[80.50303,7.61143],[80.50305,7.61191],[80.50315,7.61238],[80.50296,7.61256],[80.50299,7.61299],[80.50322,7.61332],[80.50352,7.61359],[80.50404,7.61381],[80.50421,7.61351],[80.50432,7.61344],[80.50447,7.61338],[80.5046,7.61343],[80.50531,7.61316],[80.50523,7.61273],[80.50526,7.61243],[80.50537,7.61209],[80.50556,7.61182],[80.50534,7.61171],[80.50482,7.61121],[80.50451,7.61062],[80.50428,7.61065],[80.50422,7.61046],[80.50403,7.6105],[80.50393,7.61035],[80.50385,7.61041],[80.50376,7.61033],[80.5033,7.61057],[80.50339,7.6107],[80.50294,7.61104],[80.50287,7.61115]]]}},{"type":"Feature","properties":{"c":"farmland"},"geometry":{"type":"Polygon","coordinates":[[[80.49731,7.60836],[80.49731,7.60862],[80.49774,7.60848],[80.49759,7.60813],[80.49731,7.60836]]]}},{"type":"Feature","properties":{"c":"farmland"},"geometry":{"type":"Polygon","coordinates":[[[80.46013,7.52267],[80.46016,7.5229],[80.46028,7.52319],[80.46054,7.52336],[80.46089,7.52268],[80.46073,7.52262],[80.46068,7.52267],[80.46013,7.52267]]]}},{"type":"Feature","properties":{"c":"farmland"},"geometry":{"type":"Polygon","coordinates":[[[80.4613,7.5223],[80.46161,7.52258],[80.46184,7.52258],[80.46204,7.5225],[80.46214,7.52215],[80.46145,7.52201],[80.46143,7.52212],[80.4613,7.5223]]]}},{"type":"Feature","properties":{"c":"farmland"},"geometry":{"type":"Polygon","coordinates":[[[80.47534,7.59236],[80.47543,7.59254],[80.47535,7.5926],[80.47546,7.59275],[80.47558,7.59278],[80.47575,7.59296],[80.47638,7.593],[80.47659,7.59341],[80.47686,7.59336],[80.47716,7.59362],[80.47736,7.59372],[80.47771,7.5941],[80.47761,7.59431],[80.47775,7.5947],[80.47764,7.59484],[80.47761,7.59476],[80.47751,7.59472],[80.47745,7.59476],[80.47771,7.59509],[80.47767,7.59546],[80.47773,7.59566],[80.47761,7.59578],[80.47819,7.59605],[80.47829,7.59604],[80.47828,7.59568],[80.47854,7.59516],[80.47857,7.59478],[80.47869,7.59448],[80.47885,7.59423],[80.47887,7.59413],[80.47884,7.59403],[80.47893,7.59377],[80.47885,7.59358],[80.47889,7.59348],[80.47888,7.59332],[80.47877,7.59327],[80.47867,7.59301],[80.47875,7.59283],[80.47873,7.59271],[80.47866,7.59251],[80.47859,7.59174],[80.47845,7.59098],[80.47839,7.59076],[80.47828,7.59067],[80.47828,7.59038],[80.47776,7.5905],[80.47783,7.59055],[80.47789,7.59101],[80.47787,7.59135],[80.47793,7.59165],[80.478,7.59176],[80.47793,7.59193],[80.47804,7.5922],[80.47813,7.59223],[80.47811,7.59231],[80.47793,7.59233],[80.47777,7.59222],[80.47758,7.59235],[80.47693,7.59228],[80.4768,7.59229],[80.47668,7.59239],[80.47643,7.59228],[80.47564,7.59223],[80.47535,7.59227],[80.47534,7.59236]]]}},{"type":"Feature","properties":{"c":"cemetery","n":"Malsipripura Cemetery"},"geometry":{"type":"Polygon","coordinates":[[[80.49638,7.62921],[80.49638,7.62937],[80.49651,7.6298],[80.49645,7.63007],[80.4975,7.63089],[80.49813,7.63019],[80.498,7.63005],[80.4965,7.62891],[80.49638,7.62921]]]}},{"type":"Feature","properties":{"c":"farmland"},"geometry":{"type":"Polygon","coordinates":[[[80.49027,7.62251],[80.49064,7.62256],[80.49087,7.62243],[80.49099,7.62251],[80.49118,7.62245],[80.49123,7.62242],[80.49116,7.62223],[80.49123,7.62202],[80.49144,7.62204],[80.49147,7.62198],[80.4911,7.62191],[80.49082,7.62203],[80.49054,7.62191],[80.4905,7.62183],[80.4904,7.62181],[80.49027,7.62251]]]}},{"type":"Feature","properties":{"c":"farmland"},"geometry":{"type":"Polygon","coordinates":[[[80.49958,7.66679],[80.49992,7.66734],[80.49998,7.66782],[80.50011,7.66803],[80.50082,7.66786],[80.50097,7.66787],[80.50117,7.66779],[80.5012,7.66774],[80.50111,7.66747],[80.50113,7.66722],[80.50155,7.66708],[80.502,7.66717],[80.5021,7.66715],[80.50217,7.6672],[80.50236,7.66741],[80.50239,7.66756],[80.50232,7.66773],[80.5022,7.66784],[80.50238,7.6679],[80.50257,7.66791],[80.50323,7.66739],[80.50312,7.66736],[80.50294,7.66719],[80.50279,7.66689],[80.50283,7.66674],[80.50305,7.66677],[80.50328,7.66672],[80.5031,7.66647],[80.503,7.66608],[80.50305,7.66598],[80.50303,7.66529],[80.50295,7.66519],[80.50313,7.66491],[80.50279,7.66496],[80.50264,7.66513],[80.5026,7.66531],[80.50239,7.66532],[80.50234,7.66528],[80.50241,7.66515],[80.5026,7.66505],[80.50272,7.66492],[80.5026,7.66484],[80.50263,7.66467],[80.50305,7.66366],[80.50342,7.66317],[80.50355,7.66264],[80.50352,7.66256],[80.50275,7.66252],[80.50275,7.66282],[80.50248,7.66322],[80.50213,7.66356],[80.50223,7.66363],[80.50194,7.66392],[80.50198,7.664],[80.50195,7.66411],[80.50159,7.66435],[80.50161,7.66453],[80.50146,7.66467],[80.50144,7.66481],[80.50135,7.66495],[80.5014,7.66506],[80.50148,7.66511],[80.50122,7.66552],[80.50086,7.66548],[80.50048,7.66556],[80.50039,7.66571],[80.50017,7.66595],[80.50006,7.66597],[80.49995,7.66612],[80.5,7.6665],[80.49974,7.66651],[80.49958,7.66679]]]}},{"type":"Feature","properties":{"c":"orchard"},"geometry":{"type":"Polygon","coordinates":[[[80.50758,7.66563],[80.5079,7.66578],[80.50802,7.66577],[80.50805,7.66566],[80.50835,7.66573],[80.50867,7.66567],[80.50908,7.66579],[80.50919,7.66597],[80.50925,7.66597],[80.50934,7.66567],[80.50945,7.66566],[80.50952,7.66572],[80.50967,7.66551],[80.50969,7.66538],[80.5093,7.66526],[80.50926,7.66536],[80.50906,7.66527],[80.50902,7.66545],[80.5088,7.66544],[80.50874,7.66534],[80.50817,7.66533],[80.50808,7.66529],[80.50811,7.66492],[80.50766,7.66483],[80.50758,7.66563]]]}},{"type":"Feature","properties":{"c":"farmland"},"geometry":{"type":"Polygon","coordinates":[[[80.51637,7.65458],[80.51751,7.6556],[80.51812,7.65576],[80.51854,7.65595],[80.51901,7.65659],[80.51868,7.65762],[80.5187,7.6594],[80.52006,7.65939],[80.51968,7.65671],[80.52117,7.65749],[80.52141,7.65789],[80.52229,7.65833],[80.52246,7.65891],[80.5224,7.66034],[80.52162,7.662],[80.52135,7.66291],[80.52153,7.66437],[80.5213,7.66484],[80.52159,7.66512],[80.52169,7.66546],[80.52209,7.66558],[80.52283,7.66297],[80.52372,7.65932],[80.52389,7.65913],[80.52351,7.65942],[80.52218,7.65771],[80.52043,7.65634],[80.51962,7.65601],[80.51695,7.65423],[80.51637,7.65458]]]}},{"type":"Feature","properties":{"c":"residential"},"geometry":{"type":"Polygon","coordinates":[[[80.516,7.65123],[80.51802,7.65324],[80.51695,7.65423],[80.51962,7.65601],[80.52043,7.65634],[80.52218,7.65771],[80.52351,7.65942],[80.52389,7.65913],[80.522,7.65657],[80.51997,7.65471],[80.52123,7.6543],[80.51816,7.65124],[80.51935,7.65072],[80.51935,7.64985],[80.5183,7.64927],[80.51777,7.64966],[80.51752,7.65024],[80.516,7.65123]]]}},{"type":"Feature","properties":{"c":"residential"},"geometry":{"type":"Polygon","coordinates":[[[80.50726,7.66248],[80.5073,7.66327],[80.50783,7.66332],[80.50781,7.66473],[80.5098,7.66524],[80.50959,7.66606],[80.50938,7.66972],[80.51083,7.6696],[80.51076,7.66707],[80.51124,7.66709],[80.51163,7.66703],[80.51193,7.66786],[80.51346,7.66789],[80.51459,7.66848],[80.51561,7.66783],[80.5168,7.66805],[80.51797,7.66789],[80.51883,7.66838],[80.51912,7.66864],[80.51956,7.66849],[80.52009,7.66769],[80.51988,7.66691],[80.51965,7.66646],[80.51912,7.66571],[80.51862,7.66523],[80.51866,7.66472],[80.51928,7.66462],[80.51974,7.66461],[80.52069,7.66472],[80.5213,7.66484],[80.52153,7.66437],[80.52135,7.66291],[80.52162,7.662],[80.5224,7.66034],[80.52246,7.65891],[80.52229,7.65833],[80.52141,7.65789],[80.52117,7.65749],[80.51968,7.65671],[80.52008,7.65951],[80.51983,7.65976],[80.51904,7.65978],[80.51871,7.65951],[80.51868,7.65762],[80.51901,7.65659],[80.51854,7.65595],[80.51812,7.65576],[80.51751,7.6556],[80.51709,7.65578],[80.51687,7.65698],[80.51672,7.65751],[80.51473,7.65711],[80.51436,7.65856],[80.51486,7.6587],[80.51489,7.6593],[80.5107,7.65995],[80.51071,7.66152],[80.50891,7.66144],[80.50865,7.66239],[80.50726,7.66248]]]}},{"type":"Feature","properties":{"c":"orchard"},"geometry":{"type":"Polygon","coordinates":[[[80.50746,7.67704],[80.50759,7.67757],[80.50808,7.67787],[80.51005,7.67828],[80.51088,7.67935],[80.51184,7.67944],[80.51236,7.68053],[80.51318,7.68068],[80.51324,7.67965],[80.51473,7.68021],[80.51539,7.68032],[80.5156,7.68087],[80.51703,7.68122],[80.51806,7.68178],[80.51879,7.67906],[80.51955,7.67904],[80.52046,7.6781],[80.52097,7.67684],[80.51958,7.67728],[80.51978,7.67589],[80.52152,7.6756],[80.52411,7.67442],[80.5243,7.67403],[80.52411,7.67226],[80.52376,7.67134],[80.52377,7.67068],[80.52416,7.66914],[80.52463,7.66837],[80.52542,7.66789],[80.5251,7.66522],[80.52476,7.66423],[80.52502,7.66316],[80.52536,7.66093],[80.52508,7.65918],[80.52485,7.65916],[80.52461,7.6583],[80.52472,7.65714],[80.52573,7.6575],[80.52659,7.65703],[80.52644,7.65527],[80.52685,7.6532],[80.52978,7.65316],[80.52994,7.65238],[80.53179,7.65232],[80.533,7.65168],[80.53336,7.65194],[80.53377,7.6539],[80.53548,7.65277],[80.53787,7.6504],[80.53949,7.65007],[80.53976,7.64937],[80.53949,7.64862],[80.53923,7.64832],[80.53865,7.64824],[80.53846,7.64794],[80.53753,7.64771],[80.5366,7.64845],[80.53555,7.64965],[80.53467,7.64957],[80.53384,7.64988],[80.53386,7.65065],[80.53481,7.65112],[80.53495,7.65149],[80.53441,7.65196],[80.53361,7.65127],[80.53269,7.65005],[80.53335,7.64936],[80.5339,7.64864],[80.53475,7.64631],[80.53476,7.64561],[80.53565,7.64432],[80.53615,7.6459],[80.53632,7.64615],[80.53707,7.64645],[80.53763,7.64618],[80.538,7.64537],[80.53794,7.64437],[80.53755,7.6431],[80.53719,7.64035],[80.53673,7.64003],[80.53658,7.63901],[80.53782,7.63917],[80.53779,7.63869],[80.53642,7.63817],[80.53544,7.63707],[80.53476,7.63673],[80.53341,7.63782],[80.53254,7.63897],[80.53204,7.64134],[80.53209,7.64283],[80.53237,7.64447],[80.5326,7.64635],[80.53245,7.64916],[80.53158,7.64914],[80.53173,7.64721],[80.53156,7.64656],[80.53065,7.64646],[80.52951,7.6489],[80.5293,7.65021],[80.52824,7.6504],[80.52769,7.65078],[80.52681,7.65128],[80.52577,7.65136],[80.52461,7.65123],[80.52445,7.65072],[80.52614,7.65069],[80.52575,7.64986],[80.52384,7.64934],[80.52381,7.64829],[80.52295,7.64798],[80.52209,7.64719],[80.52146,7.64678],[80.52043,7.64683],[80.51975,7.6477],[80.51973,7.64835],[80.51998,7.64901],[80.52074,7.64981],[80.52187,7.64986],[80.52271,7.6503],[80.52352,7.65063],[80.52427,7.65109],[80.52401,7.65194],[80.52289,7.65193],[80.52204,7.65174],[80.52113,7.65193],[80.52089,7.65268],[80.52185,7.65408],[80.51997,7.65471],[80.522,7.65657],[80.52389,7.65913],[80.52372,7.65932],[80.52283,7.66297],[80.52384,7.66326],[80.52353,7.664],[80.52385,7.66589],[80.52385,7.66603],[80.52367,7.66661],[80.52356,7.66685],[80.52335,7.6671],[80.52302,7.66739],[80.52251,7.66739],[80.5219,7.66754],[80.52141,7.66572],[80.52169,7.66546],[80.52159,7.66512],[80.5213,7.66484],[80.52069,7.66472],[80.51974,7.66461],[80.51928,7.66462],[80.51866,7.66472],[80.51862,7.66523],[80.51912,7.66571],[80.51965,7.66646],[80.51988,7.66691],[80.52009,7.66769],[80.51956,7.66849],[80.51912,7.66864],[80.51883,7.66838],[80.51797,7.66789],[80.5168,7.66805],[80.51561,7.66783],[80.51459,7.66848],[80.51346,7.66789],[80.51193,7.66786],[80.51163,7.66703],[80.51124,7.66709],[80.51152,7.66879],[80.51132,7.66976],[80.51144,7.67046],[80.51097,7.67106],[80.51295,7.6724],[80.51372,7.67255],[80.51523,7.67269],[80.51591,7.67232],[80.51733,7.67198],[80.51812,7.67209],[80.51811,7.67241],[80.51616,7.67293],[80.51456,7.67308],[80.51272,7.67311],[80.5119,7.67302],[80.51002,7.67233],[80.50917,7.67272],[80.50946,7.67402],[80.51022,7.67373],[80.5107,7.67454],[80.51104,7.6746],[80.51131,7.67372],[80.51154,7.67375],[80.51153,7.67466],[80.51092,7.67542],[80.51137,7.67663],[80.5109,7.67664],[80.51058,7.67641],[80.50958,7.67642],[80.50893,7.6766],[80.50781,7.67671],[80.50746,7.67704]]]}},{"type":"Feature","properties":{"c":"residential"},"geometry":{"type":"Polygon","coordinates":[[[80.45553,7.66801],[80.45559,7.66818],[80.45558,7.66861],[80.45564,7.6688],[80.45595,7.66942],[80.45641,7.66952],[80.45671,7.66951],[80.45676,7.66942],[80.45654,7.66937],[80.45641,7.66926],[80.4565,7.66886],[80.45653,7.66882],[80.45692,7.6689],[80.45697,7.66879],[80.45689,7.66844],[80.45679,7.66839],[80.45683,7.66828],[80.45759,7.66838],[80.45772,7.66827],[80.4578,7.66801],[80.45781,7.66745],[80.45795,7.66722],[80.4579,7.66694],[80.45826,7.66618],[80.45783,7.66617],[80.4577,7.66631],[80.45756,7.6663],[80.45743,7.66636],[80.4572,7.66629],[80.45708,7.66649],[80.4568,7.66632],[80.45664,7.66647],[80.45655,7.66665],[80.45636,7.6672],[80.45587,7.66756],[80.45553,7.66801]]]}},{"type":"Feature","properties":{"c":"farmland","n":"Karamayaya/Koonwela"},"geometry":{"type":"Polygon","coordinates":[[[80.4727,7.69534],[80.47271,7.6956],[80.47321,7.69581],[80.47329,7.69607],[80.47357,7.69641],[80.47382,7.69652],[80.4741,7.69647],[80.47417,7.69639],[80.47425,7.69612],[80.47454,7.69593],[80.4747,7.69608],[80.47458,7.69647],[80.47492,7.69659],[80.47511,7.69639],[80.4757,7.69653],[80.47572,7.69637],[80.47589,7.6962],[80.4761,7.69578],[80.47654,7.69576],[80.47655,7.69555],[80.47666,7.69545],[80.47683,7.69549],[80.47695,7.69539],[80.4774,7.69547],[80.47758,7.69517],[80.47773,7.69509],[80.47788,7.69525],[80.47804,7.69508],[80.47809,7.69494],[80.47787,7.6945],[80.47789,7.69423],[80.47804,7.69412],[80.47811,7.69421],[80.47825,7.69402],[80.47826,7.6939],[80.47813,7.69386],[80.47815,7.69361],[80.47798,7.69354],[80.47824,7.69295],[80.47867,7.69295],[80.47894,7.69327],[80.47924,7.6931],[80.47979,7.69312],[80.47974,7.69289],[80.48,7.69289],[80.48008,7.69273],[80.48,7.69259],[80.48044,7.69218],[80.48052,7.69233],[80.48079,7.69204],[80.48076,7.69161],[80.48064,7.6915],[80.48012,7.69144],[80.48007,7.69136],[80.48009,7.69076],[80.48003,7.69066],[80.47983,7.69057],[80.47933,7.69052],[80.47852,7.69052],[80.47839,7.69056],[80.47812,7.69082],[80.47777,7.69102],[80.47778,7.6912],[80.47737,7.69157],[80.47644,7.69194],[80.47592,7.69179],[80.47566,7.69181],[80.47551,7.69146],[80.47502,7.6916],[80.47442,7.69137],[80.47415,7.69135],[80.4737,7.69176],[80.47323,7.69261],[80.47332,7.69316],[80.47304,7.69353],[80.47281,7.69394],[80.4731,7.69428],[80.47313,7.69458],[80.47295,7.69503],[80.4727,7.69534]]]}},{"type":"Feature","properties":{"c":"orchard"},"geometry":{"type":"Polygon","coordinates":[[[80.47784,7.6909],[80.47788,7.69095],[80.4784,7.69054],[80.47848,7.69052],[80.47853,7.68989],[80.47826,7.6899],[80.47825,7.69004],[80.47798,7.69007],[80.47791,7.69031],[80.47784,7.6909]]]}},{"type":"Feature","properties":{"c":"farmland"},"geometry":{"type":"Polygon","coordinates":[[[80.47531,7.68291],[80.47541,7.68291],[80.47546,7.6828],[80.47585,7.6829],[80.47589,7.68277],[80.4767,7.68322],[80.4769,7.68342],[80.47736,7.68371],[80.47747,7.68389],[80.47749,7.6841],[80.47713,7.68468],[80.47735,7.68492],[80.47737,7.68515],[80.47731,7.68536],[80.47713,7.68551],[80.47705,7.68574],[80.47704,7.68599],[80.47712,7.68612],[80.47708,7.68647],[80.47693,7.68665],[80.4768,7.68665],[80.47668,7.68672],[80.47659,7.68689],[80.47657,7.6871],[80.4765,7.68719],[80.4766,7.68742],[80.47671,7.68746],[80.47688,7.68714],[80.47701,7.68703],[80.47723,7.68701],[80.47743,7.68688],[80.47769,7.68646],[80.47769,7.68623],[80.47759,7.68609],[80.47812,7.68523],[80.47832,7.68503],[80.47845,7.68481],[80.47848,7.68463],[80.47844,7.68442],[80.47852,7.68423],[80.47839,7.68394],[80.47842,7.68369],[80.4785,7.68351],[80.47854,7.68327],[80.47874,7.68285],[80.47864,7.68251],[80.47868,7.68233],[80.47861,7.68192],[80.47829,7.68161],[80.47801,7.68165],[80.47793,7.68153],[80.47748,7.68127],[80.47705,7.68121],[80.47688,7.68128],[80.47663,7.68107],[80.47584,7.68077],[80.47564,7.68058],[80.47548,7.68099],[80.47531,7.68291]]]}},{"type":"Feature","properties":{"c":"farmyard"},"geometry":{"type":"Polygon","coordinates":[[[80.50691,7.68281],[80.5073,7.68281],[80.50728,7.68268],[80.50741,7.68267],[80.50727,7.68239],[80.50696,7.68225],[80.50691,7.68281]]]}},{"type":"Feature","properties":{"c":"farmyard"},"geometry":{"type":"Polygon","coordinates":[[[80.50756,7.68299],[80.50757,7.68307],[80.50826,7.6832],[80.50882,7.68314],[80.50897,7.68302],[80.50879,7.68246],[80.50831,7.68247],[80.50798,7.68293],[80.50756,7.68299]]]}},{"type":"Feature","properties":{"c":"farmyard"},"geometry":{"type":"Polygon","coordinates":[[[80.50783,7.67866],[80.50852,7.68073],[80.50891,7.68074],[80.50891,7.68119],[80.50859,7.68131],[80.50851,7.68218],[80.50878,7.68222],[80.50923,7.682],[80.5098,7.68191],[80.50977,7.68245],[80.50902,7.68232],[80.50915,7.68294],[80.5103,7.68387],[80.5103,7.68407],[80.51074,7.68422],[80.51113,7.6841],[80.5112,7.68375],[80.51177,7.68347],[80.51178,7.6829],[80.51214,7.68277],[80.51245,7.68206],[80.51387,7.68157],[80.51324,7.68073],[80.51217,7.68109],[80.51179,7.6795],[80.51155,7.67945],[80.51149,7.67978],[80.5112,7.67979],[80.51084,7.67938],[80.51053,7.67911],[80.51036,7.67945],[80.50991,7.67916],[80.50976,7.67934],[80.50943,7.67879],[80.50885,7.67862],[80.50827,7.67875],[80.50818,7.67861],[80.50783,7.67866]]]}},{"type":"Feature","properties":{"c":"farmyard"},"geometry":{"type":"Polygon","coordinates":[[[80.51829,7.68092],[80.51859,7.68135],[80.51838,7.68173],[80.51864,7.68203],[80.51906,7.68237],[80.52055,7.68214],[80.52083,7.68198],[80.52164,7.68211],[80.52166,7.68177],[80.52233,7.68171],[80.52231,7.68214],[80.52275,7.68209],[80.52278,7.68166],[80.52338,7.68169],[80.52433,7.68074],[80.52493,7.68079],[80.52542,7.68049],[80.52474,7.67944],[80.52393,7.67942],[80.52383,7.67892],[80.52204,7.67544],[80.52169,7.67553],[80.52057,7.67937],[80.51912,7.67976],[80.51904,7.68011],[80.51844,7.68039],[80.51829,7.68092]]]}},{"type":"Feature","properties":{"c":"forest","n":"The Cocoons By Ulpatha"},"geometry":{"type":"Polygon","coordinates":[[[80.45958,7.60784],[80.46049,7.60928],[80.46089,7.60906],[80.46091,7.60819],[80.45999,7.60757],[80.45979,7.60773],[80.45967,7.60774],[80.45958,7.60784]]]}},{"type":"Feature","properties":{"c":"farmland"},"geometry":{"type":"Polygon","coordinates":[[[80.45949,7.60724],[80.46006,7.60713],[80.46063,7.60599],[80.45978,7.60561],[80.45969,7.6062],[80.45951,7.60646],[80.45949,7.60724]]]}},{"type":"Feature","properties":{"c":"farmland"},"geometry":{"type":"Polygon","coordinates":[[[80.45754,7.6075],[80.45762,7.60783],[80.45755,7.60819],[80.4577,7.60824],[80.45793,7.60804],[80.45806,7.60782],[80.45816,7.60758],[80.45819,7.60734],[80.45809,7.60715],[80.45782,7.60713],[80.45754,7.6075]]]}},{"type":"Feature","properties":{"c":"farmland"},"geometry":{"type":"Polygon","coordinates":[[[80.45687,7.60629],[80.45691,7.6065],[80.45699,7.60662],[80.45715,7.60664],[80.45715,7.60679],[80.45738,7.60685],[80.45743,7.60709],[80.45819,7.60712],[80.45822,7.60693],[80.45811,7.60662],[80.45816,7.60653],[80.45828,7.6065],[80.45826,7.6061],[80.45718,7.60588],[80.45697,7.60604],[80.45687,7.60629]]]}},{"type":"Feature","properties":{"c":"farmland"},"geometry":{"type":"Polygon","coordinates":[[[80.4584,7.60271],[80.45861,7.60447],[80.45905,7.60442],[80.45898,7.6027],[80.4584,7.60271]]]}},{"type":"Feature","properties":{"c":"residential"},"geometry":{"type":"Polygon","coordinates":[[[80.44341,7.54955],[80.44369,7.55006],[80.44399,7.55023],[80.44441,7.55018],[80.44455,7.54986],[80.44394,7.54944],[80.44341,7.54955]]]}},{"type":"Feature","properties":{"c":"farmland"},"geometry":{"type":"Polygon","coordinates":[[[80.44057,7.55702],[80.44095,7.55767],[80.44104,7.55773],[80.44125,7.55801],[80.44127,7.55814],[80.44117,7.55824],[80.44111,7.55815],[80.44104,7.55819],[80.44108,7.55827],[80.44089,7.55842],[80.44116,7.55871],[80.44142,7.55886],[80.44234,7.5588],[80.44248,7.5585],[80.44266,7.55783],[80.44261,7.55763],[80.44271,7.55749],[80.44277,7.5573],[80.44298,7.55731],[80.44305,7.55727],[80.44328,7.55675],[80.44339,7.55604],[80.44336,7.55582],[80.44343,7.55564],[80.44328,7.55499],[80.44353,7.55495],[80.44359,7.55499],[80.44374,7.55469],[80.44364,7.55463],[80.4436,7.55436],[80.44348,7.55426],[80.44323,7.55416],[80.44331,7.55404],[80.44331,7.55393],[80.44327,7.55385],[80.44312,7.55391],[80.44303,7.55372],[80.44277,7.55343],[80.44236,7.55258],[80.44237,7.55242],[80.44253,7.5523],[80.44261,7.55202],[80.44254,7.55167],[80.44242,7.55163],[80.44226,7.55126],[80.44236,7.55107],[80.44233,7.55076],[80.44247,7.55033],[80.44235,7.55014],[80.44237,7.5497],[80.44244,7.54961],[80.4427,7.54966],[80.4428,7.54971],[80.44286,7.5498],[80.44286,7.55021],[80.44332,7.55073],[80.44326,7.55077],[80.44337,7.55095],[80.44342,7.55118],[80.44339,7.55142],[80.44334,7.55145],[80.44338,7.55175],[80.44331,7.55195],[80.44341,7.55236],[80.44339,7.55247],[80.44319,7.55268],[80.44318,7.55289],[80.44325,7.55316],[80.44328,7.55353],[80.44333,7.55364],[80.44346,7.55372],[80.44348,7.55352],[80.44363,7.55341],[80.4437,7.55304],[80.4438,7.55299],[80.44386,7.55252],[80.4438,7.5523],[80.44398,7.55165],[80.44417,7.55138],[80.44432,7.55145],[80.44447,7.55114],[80.44429,7.55103],[80.44436,7.55087],[80.44437,7.55071],[80.44451,7.55069],[80.44464,7.55059],[80.44483,7.55059],[80.44502,7.55062],[80.44516,7.55071],[80.44525,7.55087],[80.44548,7.55065],[80.44536,7.55054],[80.44536,7.55045],[80.44528,7.55037],[80.44505,7.55032],[80.44506,7.55022],[80.44535,7.55034],[80.4455,7.5502],[80.44557,7.54998],[80.44576,7.54967],[80.445,7.54916],[80.44492,7.54906],[80.44503,7.54883],[80.44537,7.54888],[80.44547,7.54865],[80.44512,7.5485],[80.44523,7.54797],[80.44519,7.54791],[80.44527,7.54761],[80.44439,7.54721],[80.44427,7.54712],[80.4443,7.54703],[80.44386,7.54686],[80.4439,7.54678],[80.44436,7.5464],[80.44465,7.54648],[80.44531,7.5463],[80.44555,7.54643],[80.44572,7.54643],[80.44618,7.5463],[80.4464,7.5463],[80.44649,7.54643],[80.44678,7.54649],[80.4472,7.54578],[80.44719,7.54563],[80.44734,7.54565],[80.44745,7.5456],[80.44738,7.54532],[80.44736,7.54495],[80.44723,7.54455],[80.44695,7.54434],[80.44673,7.54427],[80.44656,7.54451],[80.44648,7.54455],[80.4464,7.54471],[80.44642,7.54484],[80.44637,7.54499],[80.44629,7.54508],[80.44607,7.54508],[80.44594,7.54533],[80.44583,7.54535],[80.44574,7.54528],[80.4452,7.5454],[80.44501,7.54536],[80.44479,7.54523],[80.44465,7.54523],[80.44453,7.54529],[80.44438,7.5452],[80.44435,7.5449],[80.4444,7.54448],[80.44447,7.54447],[80.44449,7.54436],[80.44449,7.54409],[80.44422,7.54393],[80.44409,7.54364],[80.44401,7.54355],[80.44371,7.54349],[80.44366,7.5432],[80.44377,7.54319],[80.44358,7.54257],[80.44356,7.54254],[80.44333,7.54253],[80.44325,7.54241],[80.44278,7.54262],[80.44263,7.54289],[80.44265,7.54317],[80.44283,7.54318],[80.44297,7.54334],[80.44308,7.54381],[80.44306,7.5439],[80.44278,7.54417],[80.44261,7.54422],[80.44233,7.54413],[80.44235,7.54401],[80.44199,7.54399],[80.44174,7.54404],[80.44177,7.5442],[80.44169,7.54444],[80.44198,7.54443],[80.44194,7.54484],[80.4425,7.54475],[80.44252,7.5445],[80.44261,7.54435],[80.44274,7.54442],[80.44296,7.54439],[80.4436,7.54454],[80.4437,7.54466],[80.44361,7.54481],[80.44365,7.54507],[80.44378,7.54526],[80.44372,7.54533],[80.44375,7.54541],[80.44369,7.54559],[80.44345,7.54575],[80.44313,7.54585],[80.44282,7.5462],[80.44276,7.5462],[80.44269,7.54612],[80.44257,7.54613],[80.44247,7.54538],[80.44251,7.54509],[80.44219,7.5451],[80.44216,7.5449],[80.44214,7.54486],[80.44206,7.54488],[80.44201,7.54493],[80.4421,7.54524],[80.44198,7.5454],[80.44199,7.54546],[80.44216,7.54591],[80.44197,7.54583],[80.44189,7.54585],[80.44184,7.54608],[80.4415,7.54621],[80.44154,7.54656],[80.4415,7.54664],[80.44136,7.54663],[80.44117,7.54672],[80.44113,7.54662],[80.44106,7.54662],[80.44098,7.54666],[80.44089,7.54687],[80.4409,7.54712],[80.441,7.54725],[80.44102,7.54755],[80.44096,7.54801],[80.44084,7.5481],[80.4409,7.54814],[80.44084,7.54891],[80.44108,7.54955],[80.4411,7.54978],[80.44171,7.54979],[80.44191,7.54996],[80.44196,7.55028],[80.44191,7.5503],[80.44183,7.55054],[80.44123,7.55059],[80.4415,7.55084],[80.44165,7.55092],[80.44145,7.55117],[80.44147,7.55142],[80.44142,7.55157],[80.4415,7.55167],[80.44147,7.55173],[80.44139,7.55176],[80.44141,7.55184],[80.44149,7.55192],[80.44181,7.55204],[80.44188,7.55219],[80.44153,7.55273],[80.44139,7.55319],[80.4415,7.55324],[80.44153,7.55347],[80.44106,7.55345],[80.44105,7.55357],[80.4411,7.55367],[80.44103,7.55374],[80.44101,7.55401],[80.44108,7.5541],[80.44106,7.55462],[80.44111,7.55471],[80.44107,7.55575],[80.44125,7.5559],[80.44116,7.55609],[80.44133,7.55623],[80.44138,7.55638],[80.44134,7.55654],[80.44115,7.55659],[80.44109,7.55682],[80.44057,7.55702]],[[80.44192,7.5542],[80.44202,7.55334],[80.44203,7.55301],[80.44222,7.5534],[80.44222,7.55399],[80.44237,7.55411],[80.44242,7.55449],[80.44239,7.55478],[80.44215,7.55485],[80.44211,7.55482],[80.44209,7.55453],[80.44192,7.5542]],[[80.4421,7.54764],[80.44215,7.54734],[80.44229,7.54723],[80.44312,7.54723],[80.44354,7.54757],[80.44367,7.54776],[80.4441,7.54802],[80.44409,7.54813],[80.44435,7.54826],[80.44434,7.5484],[80.44414,7.54864],[80.44402,7.54846],[80.44367,7.5484],[80.44307,7.54819],[80.44281,7.54824],[80.44272,7.54838],[80.44304,7.54865],[80.44306,7.54857],[80.44317,7.54856],[80.4432,7.54829],[80.44344,7.54836],[80.44335,7.54875],[80.44325,7.54891],[80.44307,7.54904],[80.44226,7.54912],[80.44218,7.54901],[80.4421,7.54764]],[[80.44341,7.54955],[80.44394,7.54944],[80.44455,7.54986],[80.44441,7.55018],[80.44399,7.55023],[80.44369,7.55006],[80.44341,7.54955]]]}},{"type":"Feature","properties":{"c":"residential"},"geometry":{"type":"Polygon","coordinates":[[[80.4421,7.54764],[80.44218,7.54901],[80.44226,7.54912],[80.44307,7.54904],[80.44325,7.54891],[80.44335,7.54875],[80.44344,7.54836],[80.4432,7.54829],[80.44317,7.54856],[80.44306,7.54857],[80.44304,7.54865],[80.44272,7.54838],[80.44281,7.54824],[80.44307,7.54819],[80.44367,7.5484],[80.44402,7.54846],[80.44414,7.54864],[80.44434,7.5484],[80.44435,7.54826],[80.44409,7.54813],[80.4441,7.54802],[80.44367,7.54776],[80.44354,7.54757],[80.44312,7.54723],[80.44229,7.54723],[80.44215,7.54734],[80.4421,7.54764]]]}},{"type":"Feature","properties":{"c":"farmland"},"geometry":{"type":"Polygon","coordinates":[[[80.46882,7.60278],[80.46908,7.60281],[80.46939,7.60297],[80.46947,7.60287],[80.46962,7.60289],[80.4696,7.60273],[80.4693,7.60266],[80.46883,7.60269],[80.46882,7.60278]]]}},{"type":"Feature","properties":{"c":"farmland"},"geometry":{"type":"Polygon","coordinates":[[[80.45956,7.61348],[80.45958,7.61422],[80.45973,7.61423],[80.45981,7.61407],[80.45983,7.61349],[80.4599,7.61302],[80.45985,7.61244],[80.4599,7.61235],[80.45987,7.61221],[80.45978,7.61214],[80.4596,7.61229],[80.45971,7.61238],[80.45963,7.61241],[80.45967,7.61279],[80.45956,7.61348]]]}},{"type":"Feature","properties":{"c":"farmland"},"geometry":{"type":"Polygon","coordinates":[[[80.4481,7.60541],[80.44821,7.60557],[80.44839,7.6054],[80.44857,7.60539],[80.44867,7.60526],[80.44897,7.6053],[80.44897,7.60594],[80.44867,7.60621],[80.44932,7.60617],[80.44937,7.6058],[80.44956,7.60577],[80.44965,7.60525],[80.4499,7.60497],[80.44984,7.60475],[80.44987,7.6046],[80.44982,7.60431],[80.44981,7.60393],[80.44996,7.6036],[80.45012,7.60351],[80.4503,7.60321],[80.44995,7.60278],[80.44974,7.60305],[80.44954,7.60311],[80.44931,7.60284],[80.44895,7.60286],[80.44882,7.60306],[80.44879,7.60341],[80.44894,7.60346],[80.44866,7.60397],[80.44861,7.60435],[80.44842,7.60492],[80.4481,7.60541]]]}},{"type":"Feature","properties":{"c":"farmland"},"geometry":{"type":"Polygon","coordinates":[[[80.44253,7.5884],[80.4428,7.58838],[80.44309,7.58803],[80.44323,7.5881],[80.44398,7.58768],[80.4441,7.58771],[80.44437,7.58754],[80.4445,7.58759],[80.44481,7.58745],[80.44517,7.58745],[80.4467,7.58788],[80.44748,7.58792],[80.44809,7.58828],[80.4484,7.58889],[80.44865,7.58869],[80.44881,7.58899],[80.4488,7.58938],[80.4492,7.5901],[80.4495,7.59083],[80.44889,7.59121],[80.44898,7.59182],[80.44874,7.592],[80.4489,7.59243],[80.44851,7.59299],[80.44813,7.59335],[80.44801,7.59315],[80.44781,7.59317],[80.44782,7.59339],[80.44773,7.59342],[80.44807,7.59431],[80.44914,7.59411],[80.44924,7.59486],[80.44879,7.59486],[80.44869,7.59506],[80.44874,7.59522],[80.4489,7.59524],[80.44884,7.59545],[80.44819,7.59554],[80.44822,7.59574],[80.44887,7.59566],[80.44896,7.5959],[80.44937,7.59575],[80.44978,7.59579],[80.44999,7.59709],[80.45038,7.59736],[80.45031,7.59756],[80.45051,7.59808],[80.45052,7.59851],[80.45068,7.59919],[80.45075,7.59987],[80.45029,7.60041],[80.44981,7.60048],[80.44927,7.6004],[80.44909,7.60109],[80.44914,7.60126],[80.44974,7.60112],[80.45026,7.60117],[80.45011,7.60169],[80.44987,7.60203],[80.44959,7.60202],[80.4495,7.60233],[80.45009,7.60262],[80.45045,7.60308],[80.45079,7.60226],[80.45151,7.6001],[80.45143,7.59955],[80.45152,7.59898],[80.45178,7.59887],[80.4519,7.59919],[80.4522,7.59917],[80.45225,7.59942],[80.45245,7.59953],[80.45269,7.59947],[80.45295,7.59929],[80.45266,7.59914],[80.45269,7.59884],[80.45255,7.59833],[80.45229,7.59847],[80.45224,7.59728],[80.45197,7.59658],[80.4525,7.59658],[80.45245,7.59636],[80.45204,7.59632],[80.45188,7.59589],[80.45151,7.59594],[80.45137,7.59623],[80.45126,7.5949],[80.45155,7.59413],[80.45206,7.59378],[80.45229,7.5946],[80.45243,7.5947],[80.45251,7.5949],[80.45286,7.59486],[80.45297,7.59468],[80.45341,7.59462],[80.45337,7.59493],[80.45407,7.59497],[80.45435,7.59457],[80.45302,7.59362],[80.45252,7.59285],[80.45233,7.59229],[80.45214,7.5915],[80.45182,7.59083],[80.45086,7.59011],[80.45071,7.58966],[80.45139,7.58949],[80.45206,7.59072],[80.45243,7.59054],[80.45241,7.58918],[80.4521,7.58869],[80.45174,7.58837],[80.45095,7.58861],[80.45026,7.58809],[80.44993,7.58824],[80.44973,7.58802],[80.44917,7.58794],[80.449,7.58769],[80.44917,7.58693],[80.4496,7.58614],[80.45032,7.58549],[80.45063,7.58546],[80.45075,7.58504],[80.45053,7.58456],[80.45055,7.58403],[80.44998,7.58395],[80.44979,7.58487],[80.44978,7.58512],[80.44841,7.58662],[80.44773,7.58667],[80.4472,7.58678],[80.44701,7.58708],[80.44677,7.58678],[80.44649,7.58687],[80.44602,7.58675],[80.44575,7.58679],[80.44587,7.58632],[80.44606,7.58614],[80.44669,7.58527],[80.44708,7.58508],[80.44729,7.58468],[80.44759,7.58483],[80.4477,7.58465],[80.44811,7.58454],[80.44805,7.58434],[80.44819,7.5839],[80.44792,7.58358],[80.44752,7.58366],[80.44738,7.584],[80.4468,7.58383],[80.44734,7.58282],[80.44732,7.58223],[80.44757,7.5818],[80.44787,7.58164],[80.44795,7.58141],[80.44838,7.58127],[80.44823,7.5808],[80.44793,7.58079],[80.44732,7.58114],[80.44692,7.58215],[80.44657,7.58263],[80.44608,7.58316],[80.44608,7.58358],[80.4458,7.58419],[80.44566,7.58376],[80.44531,7.58357],[80.44523,7.58239],[80.44475,7.5819],[80.44496,7.58115],[80.44457,7.58097],[80.4443,7.58213],[80.44461,7.58249],[80.44471,7.5841],[80.44493,7.58418],[80.44484,7.58467],[80.44512,7.58482],[80.44499,7.58575],[80.44536,7.58578],[80.4453,7.58624],[80.44515,7.58646],[80.44492,7.58638],[80.44446,7.58646],[80.4444,7.58633],[80.44387,7.5864],[80.44387,7.58653],[80.4438,7.58664],[80.44383,7.58683],[80.44372,7.58707],[80.44329,7.5871],[80.44319,7.58728],[80.44299,7.58722],[80.44293,7.5874],[80.44275,7.58739],[80.44253,7.5884]]]}},{"type":"Feature","properties":{"c":"farmland"},"geometry":{"type":"Polygon","coordinates":[[[80.46005,7.60796],[80.46022,7.60818],[80.46029,7.60812],[80.46012,7.60791],[80.46005,7.60796]]]}},{"type":"Feature","properties":{"c":"farmland"},"geometry":{"type":"Polygon","coordinates":[[[80.46026,7.60823],[80.46047,7.6084],[80.46053,7.60834],[80.46032,7.60816],[80.46026,7.60823]]]}},{"type":"Feature","properties":{"c":"farmland"},"geometry":{"type":"Polygon","coordinates":[[[80.43,7.5296],[80.43014,7.52996],[80.43056,7.52992],[80.43072,7.52975],[80.4309,7.5299],[80.43098,7.52986],[80.43092,7.52965],[80.43093,7.52942],[80.43081,7.52935],[80.43078,7.5294],[80.43071,7.52938],[80.43064,7.52927],[80.43059,7.5293],[80.43057,7.52923],[80.43092,7.52913],[80.43089,7.529],[80.43051,7.52909],[80.43051,7.52931],[80.4304,7.52933],[80.43041,7.52945],[80.4302,7.52943],[80.43,7.5296]]]}},{"type":"Feature","properties":{"c":"farmland"},"geometry":{"type":"Polygon","coordinates":[[[80.43186,7.52897],[80.4319,7.52911],[80.43195,7.52911],[80.43193,7.52896],[80.43199,7.52895],[80.43208,7.5288],[80.43193,7.52872],[80.43186,7.52897]]]}},{"type":"Feature","properties":{"c":"industrial","n":"Nippon Factory"},"geometry":{"type":"Polygon","coordinates":[[[80.43209,7.52668],[80.43338,7.52768],[80.43489,7.52577],[80.43431,7.52532],[80.43382,7.52593],[80.43312,7.52539],[80.43209,7.52668]]]}},{"type":"Feature","properties":{"c":"farmland"},"geometry":{"type":"Polygon","coordinates":[[[80.46955,7.57853],[80.46963,7.57917],[80.47107,7.5808],[80.47174,7.57987],[80.47268,7.5798],[80.47305,7.57936],[80.47358,7.57885],[80.47182,7.57578],[80.47191,7.57625],[80.47193,7.57742],[80.47208,7.57797],[80.47189,7.57802],[80.47138,7.57842],[80.47127,7.57861],[80.47099,7.57848],[80.47114,7.57823],[80.47056,7.5781],[80.46955,7.57853]]]}},{"type":"Feature","properties":{"c":"farmland"},"geometry":{"type":"Polygon","coordinates":[[[80.5107,7.65995],[80.51489,7.6593],[80.51486,7.6587],[80.51436,7.65856],[80.51473,7.65711],[80.51678,7.65728],[80.51709,7.65578],[80.51743,7.65553],[80.51637,7.65458],[80.51561,7.65511],[80.51555,7.65457],[80.51457,7.65458],[80.51354,7.65561],[80.51321,7.65392],[80.51194,7.65377],[80.51171,7.65917],[80.5107,7.65995]]]}},{"type":"Feature","properties":{"c":"scrub"},"geometry":{"type":"Polygon","coordinates":[[[80.50967,7.65866],[80.5099,7.6596],[80.51037,7.65996],[80.51171,7.65917],[80.5119,7.65364],[80.51143,7.65345],[80.51001,7.65622],[80.50967,7.65866]]]}},{"type":"Feature","properties":{"c":"farmland"},"geometry":{"type":"Polygon","coordinates":[[[80.50652,7.65471],[80.50785,7.65575],[80.5083,7.65726],[80.50742,7.65781],[80.50772,7.65873],[80.50873,7.65999],[80.50972,7.66001],[80.50967,7.65866],[80.51001,7.65622],[80.51135,7.65359],[80.50978,7.65339],[80.50895,7.65434],[80.50809,7.654],[80.50751,7.65422],[80.50652,7.65471]]]}},{"type":"Feature","properties":{"c":"farmland"},"geometry":{"type":"Polygon","coordinates":[[[80.50515,7.65522],[80.50547,7.6566],[80.50667,7.65807],[80.5068,7.66079],[80.50693,7.66145],[80.50751,7.66147],[80.50727,7.66098],[80.50828,7.66047],[80.50811,7.65956],[80.5077,7.65917],[80.50734,7.65939],[80.50723,7.65881],[80.50687,7.65807],[80.50792,7.6569],[80.50702,7.65556],[80.50599,7.65475],[80.50515,7.65522]]]}},{"type":"Feature","properties":{"c":"farmland"},"geometry":{"type":"Polygon","coordinates":[[[80.50429,7.65369],[80.50483,7.65428],[80.50547,7.65358],[80.50581,7.65307],[80.50699,7.65301],[80.50781,7.6532],[80.50777,7.65243],[80.50826,7.6519],[80.5089,7.65198],[80.50933,7.65239],[80.50963,7.65222],[80.50963,7.65169],[80.51011,7.65177],[80.51105,7.65158],[80.51137,7.65173],[80.51176,7.65143],[80.51082,7.65019],[80.50985,7.65001],[80.50899,7.65001],[80.50858,7.6492],[80.50828,7.64646],[80.5063,7.64978],[80.50482,7.65278],[80.50429,7.65369]]]}},{"type":"Feature","properties":{"c":"farmland"},"geometry":{"type":"Polygon","coordinates":[[[80.50259,7.64965],[80.5033,7.65203],[80.5036,7.65254],[80.50403,7.65256],[80.5049,7.65228],[80.50602,7.6498],[80.50259,7.64965]]]}},{"type":"Feature","properties":{"c":"farmland"},"geometry":{"type":"Polygon","coordinates":[[[80.50253,7.64744],[80.50322,7.6498],[80.50609,7.64958],[80.50687,7.64834],[80.5062,7.64788],[80.50603,7.64756],[80.50614,7.64659],[80.50562,7.64665],[80.50468,7.64665],[80.50425,7.64697],[80.50345,7.64729],[80.50253,7.64744]]]}},{"type":"Feature","properties":{"c":"forest"},"geometry":{"type":"Polygon","coordinates":[[[80.50844,7.64664],[80.50895,7.64919],[80.50981,7.64964],[80.51159,7.64965],[80.51267,7.65174],[80.51403,7.65111],[80.51483,7.65122],[80.51548,7.65088],[80.51238,7.64804],[80.50985,7.64433],[80.50844,7.64664]]]}},{"type":"Feature","properties":{"c":"forest"},"geometry":{"type":"Polygon","coordinates":[[[80.39603,7.63097],[80.3961,7.63562],[80.3966,7.63548],[80.39779,7.63501],[80.39886,7.6349],[80.3995,7.63531],[80.40035,7.6351],[80.40063,7.63407],[80.40106,7.63325],[80.40107,7.6322],[80.40165,7.63199],[80.4026,7.63108],[80.40362,7.63147],[80.40414,7.63125],[80.40405,7.63078],[80.40403,7.63002],[80.40414,7.6297],[80.40464,7.62868],[80.4051,7.62868],[80.40586,7.62899],[80.40639,7.62947],[80.40697,7.62977],[80.40706,7.63048],[80.40686,7.63168],[80.40764,7.63213],[80.4082,7.63221],[80.40848,7.63251],[80.40783,7.63302],[80.40746,7.63346],[80.40651,7.63406],[80.40664,7.6357],[80.4072,7.63644],[80.40587,7.63723],[80.40559,7.63823],[80.4098,7.63906],[80.41065,7.63914],[80.41102,7.63642],[80.41385,7.63329],[80.41432,7.63193],[80.41413,7.63066],[80.41173,7.62649],[80.41127,7.62397],[80.40081,7.62403],[80.3985,7.62396],[80.39732,7.62601],[80.39676,7.62647],[80.39615,7.62773],[80.39659,7.62981],[80.39603,7.63097]]]}},{"type":"Feature","properties":{"c":"farmland"},"geometry":{"type":"Polygon","coordinates":[[[80.4008,7.56671],[80.40081,7.56707],[80.40172,7.56732],[80.40181,7.56717],[80.40222,7.56732],[80.40233,7.5673],[80.40256,7.56743],[80.40252,7.56749],[80.40291,7.56777],[80.40309,7.56763],[80.40318,7.56776],[80.40316,7.56786],[80.40305,7.56794],[80.40314,7.56806],[80.40309,7.56809],[80.40333,7.56832],[80.40388,7.56788],[80.4037,7.56778],[80.40365,7.5678],[80.40355,7.56763],[80.40351,7.56725],[80.40356,7.5672],[80.4037,7.56713],[80.40417,7.56707],[80.40425,7.56711],[80.40451,7.56705],[80.40504,7.56683],[80.40545,7.5668],[80.40598,7.56654],[80.40585,7.56636],[80.4054,7.56605],[80.40511,7.56597],[80.40487,7.56609],[80.40444,7.56653],[80.4043,7.56653],[80.40417,7.56659],[80.40391,7.56651],[80.40389,7.56657],[80.40368,7.5666],[80.40361,7.56668],[80.40361,7.56679],[80.40323,7.56703],[80.40308,7.56719],[80.40288,7.56717],[80.40278,7.56711],[80.40279,7.56707],[80.40267,7.56704],[80.40262,7.56698],[80.40252,7.56698],[80.4023,7.56688],[80.40212,7.56689],[80.40196,7.56707],[80.40189,7.56709],[80.40174,7.56702],[80.40176,7.56709],[80.40155,7.56684],[80.40096,7.56661],[80.4008,7.56671]]]}},{"type":"Feature","properties":{"c":"farmland"},"geometry":{"type":"Polygon","coordinates":[[[80.40337,7.56837],[80.40353,7.56849],[80.4036,7.56868],[80.40401,7.56877],[80.40456,7.56863],[80.40473,7.56849],[80.40502,7.56809],[80.40526,7.56801],[80.40567,7.56802],[80.40569,7.5682],[80.40623,7.56856],[80.40626,7.56879],[80.40605,7.56909],[80.40623,7.56914],[80.40617,7.56958],[80.40634,7.56965],[80.40649,7.56937],[80.40643,7.56934],[80.40643,7.56927],[80.40653,7.56887],[80.40645,7.56881],[80.40657,7.56871],[80.40658,7.56883],[80.40679,7.5688],[80.40696,7.5687],[80.40708,7.56838],[80.40736,7.56805],[80.40717,7.56783],[80.40685,7.56815],[80.40671,7.56802],[80.40657,7.56803],[80.40648,7.5679],[80.40621,7.56809],[80.40601,7.5679],[80.4061,7.56765],[80.4066,7.5674],[80.40689,7.56744],[80.40718,7.56728],[80.40718,7.56721],[80.40735,7.56709],[80.40764,7.56726],[80.4078,7.567],[80.40775,7.56692],[80.40779,7.56686],[80.40797,7.56664],[80.40805,7.56665],[80.4082,7.56646],[80.40836,7.56655],[80.4085,7.56669],[80.40866,7.56646],[80.40866,7.56636],[80.40877,7.56628],[80.40888,7.56634],[80.4091,7.56612],[80.40918,7.56596],[80.40911,7.56592],[80.40932,7.56559],[80.40868,7.56512],[80.40857,7.5653],[80.4083,7.56557],[80.40819,7.56577],[80.40767,7.56621],[80.40733,7.56665],[80.407,7.56689],[80.40678,7.5668],[80.40667,7.56682],[80.40654,7.56692],[80.40655,7.56698],[80.40602,7.5671],[80.40594,7.56723],[80.4054,7.5673],[80.40494,7.56746],[80.40488,7.56735],[80.40471,7.5674],[80.4045,7.56757],[80.40428,7.56789],[80.40397,7.5679],[80.40379,7.56799],[80.40337,7.56837]]]}},{"type":"Feature","properties":{"c":"farmland"},"geometry":{"type":"Polygon","coordinates":[[[80.40188,7.56478],[80.40215,7.56481],[80.40234,7.56477],[80.40241,7.56481],[80.40272,7.56472],[80.40319,7.56449],[80.40354,7.56405],[80.40381,7.56385],[80.40366,7.56376],[80.40372,7.56365],[80.4038,7.56371],[80.40434,7.56281],[80.40493,7.56301],[80.40523,7.56286],[80.40627,7.5628],[80.40615,7.56149],[80.40625,7.56134],[80.40609,7.56071],[80.40593,7.56035],[80.40556,7.56037],[80.40533,7.56032],[80.40475,7.56068],[80.40432,7.56069],[80.40401,7.56105],[80.40384,7.56116],[80.4037,7.56151],[80.40356,7.5613],[80.40345,7.56131],[80.40359,7.561],[80.4036,7.56079],[80.40356,7.56041],[80.40329,7.55989],[80.40323,7.55938],[80.40347,7.5586],[80.40362,7.55829],[80.40351,7.55823],[80.40361,7.55805],[80.40373,7.55809],[80.40402,7.55749],[80.40439,7.55738],[80.40447,7.55731],[80.40465,7.55729],[80.40464,7.55716],[80.4044,7.55663],[80.40362,7.55694],[80.40345,7.55713],[80.40313,7.55776],[80.4032,7.55781],[80.40305,7.55825],[80.40302,7.55858],[80.4028,7.55948],[80.40278,7.5598],[80.40313,7.56085],[80.40309,7.56122],[80.40317,7.5617],[80.40339,7.56208],[80.40338,7.56272],[80.40352,7.56281],[80.40338,7.56307],[80.40318,7.56376],[80.40294,7.56393],[80.40226,7.56414],[80.40206,7.56431],[80.4024,7.56433],[80.40243,7.5644],[80.40219,7.56448],[80.40188,7.56478]]]}},{"type":"Feature","properties":{"c":"farmland"},"geometry":{"type":"Polygon","coordinates":[[[80.4042,7.55603],[80.40451,7.55666],[80.40471,7.55729],[80.40584,7.557],[80.40596,7.55706],[80.40598,7.55735],[80.40594,7.55759],[80.40611,7.55807],[80.40662,7.55809],[80.40691,7.55801],[80.4062,7.55574],[80.40616,7.55519],[80.40607,7.55503],[80.40597,7.55497],[80.40609,7.55435],[80.40621,7.55413],[80.40633,7.55403],[80.40629,7.55398],[80.40632,7.55376],[80.40597,7.55368],[80.40578,7.55378],[80.40573,7.55391],[80.40557,7.5539],[80.40551,7.55405],[80.40529,7.55413],[80.40516,7.55489],[80.40515,7.55571],[80.40478,7.55579],[80.4042,7.55603]]]}},{"type":"Feature","properties":{"c":"farmland"},"geometry":{"type":"Polygon","coordinates":[[[80.3909,7.57571],[80.3911,7.57577],[80.39101,7.57608],[80.3919,7.57633],[80.39218,7.57613],[80.39224,7.57615],[80.39224,7.57589],[80.39199,7.57528],[80.39201,7.57514],[80.39209,7.57503],[80.39206,7.57483],[80.3922,7.57454],[80.39225,7.57429],[80.39235,7.5742],[80.39284,7.57396],[80.39313,7.57424],[80.39279,7.57449],[80.3927,7.57471],[80.39257,7.57483],[80.39255,7.57496],[80.39268,7.57499],[80.39242,7.57556],[80.39234,7.5759],[80.39228,7.57593],[80.39228,7.57615],[80.39235,7.5762],[80.39233,7.5763],[80.39194,7.57668],[80.39254,7.5774],[80.39285,7.57705],[80.39308,7.577],[80.3933,7.57711],[80.39362,7.57713],[80.39428,7.57662],[80.3946,7.5767],[80.39466,7.57662],[80.39462,7.57662],[80.39458,7.57655],[80.39467,7.57653],[80.39466,7.57638],[80.39474,7.57627],[80.39478,7.57625],[80.39492,7.57633],[80.39505,7.57618],[80.39518,7.57591],[80.39518,7.57524],[80.395,7.57499],[80.39489,7.57512],[80.39456,7.5753],[80.39437,7.57506],[80.39394,7.57481],[80.394,7.57466],[80.39434,7.57433],[80.39445,7.5741],[80.39486,7.57397],[80.39501,7.57399],[80.3951,7.57409],[80.39496,7.57434],[80.39514,7.57476],[80.39577,7.57453],[80.39587,7.57454],[80.39621,7.57437],[80.39633,7.57422],[80.39634,7.57399],[80.39644,7.57403],[80.39673,7.57389],[80.39694,7.57392],[80.39701,7.57382],[80.39731,7.57396],[80.39751,7.57389],[80.39767,7.57365],[80.3977,7.57346],[80.39787,7.57322],[80.39821,7.57235],[80.39869,7.57164],[80.39933,7.57094],[80.3991,7.57006],[80.39916,7.56987],[80.39936,7.56976],[80.39945,7.56981],[80.39948,7.56978],[80.39946,7.56971],[80.39953,7.56966],[80.39958,7.56948],[80.39994,7.56909],[80.4,7.5688],[80.40032,7.56864],[80.4004,7.56832],[80.40053,7.56826],[80.40067,7.56831],[80.40069,7.56808],[80.4008,7.56805],[80.40101,7.56787],[80.40115,7.56751],[80.40111,7.56721],[80.40077,7.56714],[80.40071,7.56746],[80.4004,7.56788],[80.4,7.56809],[80.39981,7.56838],[80.39944,7.56862],[80.39944,7.5687],[80.39925,7.56871],[80.39885,7.56903],[80.39843,7.56966],[80.39832,7.56962],[80.39829,7.56968],[80.39817,7.5697],[80.3981,7.56987],[80.39812,7.57],[80.39786,7.57022],[80.39798,7.57048],[80.3978,7.57062],[80.39769,7.57059],[80.39765,7.57063],[80.3977,7.57071],[80.39749,7.57086],[80.39738,7.57077],[80.39734,7.5708],[80.39741,7.57088],[80.39725,7.57097],[80.39638,7.57129],[80.39631,7.57117],[80.39596,7.57125],[80.3957,7.5714],[80.39536,7.5717],[80.3949,7.57184],[80.39453,7.57206],[80.3943,7.5721],[80.39385,7.57229],[80.39329,7.57239],[80.39274,7.57255],[80.39209,7.57259],[80.39218,7.573],[80.39191,7.57349],[80.39149,7.57406],[80.39129,7.57444],[80.39129,7.57476],[80.39133,7.57488],[80.3912,7.57515],[80.39103,7.57534],[80.39106,7.57553],[80.39098,7.57557],[80.3909,7.57571]]]}},{"type":"Feature","properties":{"c":"farmland"},"geometry":{"type":"MultiPolygon","coordinates":[[[[80.4201,7.55517],[80.42031,7.55532],[80.4206,7.5554],[80.42069,7.55541],[80.4208,7.5552],[80.42092,7.5552],[80.42105,7.55529],[80.42089,7.55546],[80.42096,7.55596],[80.42095,7.55628],[80.42104,7.55647],[80.42263,7.55652],[80.42271,7.55645],[80.42278,7.55616],[80.42264,7.55584],[80.42235,7.55589],[80.42227,7.55587],[80.42215,7.55556],[80.42189,7.55545],[80.42202,7.55516],[80.42207,7.55473],[80.42235,7.55435],[80.42291,7.55404],[80.42392,7.55399],[80.42439,7.55382],[80.42461,7.55322],[80.42459,7.55264],[80.42463,7.55172],[80.42436,7.55142],[80.42434,7.55128],[80.42442,7.55118],[80.42488,7.55095],[80.42473,7.55082],[80.42463,7.5509],[80.42437,7.55089],[80.42433,7.55052],[80.42427,7.55043],[80.42401,7.55052],[80.42388,7.55065],[80.42373,7.55063],[80.42368,7.55041],[80.42346,7.55008],[80.42312,7.55033],[80.42305,7.55051],[80.42294,7.55048],[80.42288,7.55063],[80.42275,7.55064],[80.42251,7.55049],[80.42242,7.55053],[80.42233,7.55049],[80.42214,7.55082],[80.42207,7.55105],[80.42208,7.55113],[80.42194,7.55122],[80.42175,7.55126],[80.42202,7.55158],[80.42248,7.55156],[80.42246,7.55151],[80.42237,7.5515],[80.42237,7.55138],[80.42288,7.55142],[80.42335,7.55167],[80.42342,7.55151],[80.42389,7.5517],[80.42389,7.5518],[80.42401,7.55186],[80.42403,7.55195],[80.42393,7.55219],[80.42399,7.55221],[80.42397,7.55252],[80.42408,7.55263],[80.42405,7.55271],[80.42409,7.55277],[80.42398,7.55289],[80.42391,7.55327],[80.42345,7.55344],[80.42343,7.55337],[80.42326,7.5533],[80.42256,7.55324],[80.42181,7.55402],[80.42175,7.55399],[80.4215,7.55416],[80.4212,7.55411],[80.42114,7.55402],[80.42104,7.55402],[80.42093,7.55411],[80.42077,7.55438],[80.42075,7.55455],[80.4204,7.55469],[80.42047,7.55502],[80.42036,7.55507],[80.4203,7.55504],[80.4201,7.55517]]],[[[80.42056,7.55923],[80.42072,7.55947],[80.42069,7.55952],[80.42084,7.5597],[80.42092,7.55997],[80.42089,7.56003],[80.42093,7.56029],[80.42089,7.56035],[80.4209,7.56058],[80.42102,7.56072],[80.42135,7.56065],[80.42134,7.56052],[80.42147,7.5604],[80.42148,7.56024],[80.42168,7.56021],[80.42186,7.56027],[80.42208,7.56051],[80.42225,7.56052],[80.42233,7.5603],[80.42242,7.5602],[80.42215,7.55928],[80.42213,7.55905],[80.4222,7.5584],[80.42202,7.55848],[80.42175,7.55829],[80.42158,7.55791],[80.42155,7.55773],[80.42142,7.5576],[80.42118,7.55763],[80.42103,7.55774],[80.42098,7.55771],[80.42077,7.55778],[80.42098,7.5581],[80.42114,7.55901],[80.42093,7.55913],[80.42056,7.55923]]],[[[80.42226,7.55879],[80.42286,7.55874],[80.42299,7.55916],[80.42314,7.55914],[80.42328,7.55946],[80.42318,7.5595],[80.42311,7.55961],[80.42314,7.55976],[80.42267,7.5599],[80.42273,7.56004],[80.42267,7.56006],[80.4227,7.56015],[80.42254,7.56026],[80.42258,7.56035],[80.42273,7.56029],[80.4228,7.56047],[80.42311,7.56037],[80.42302,7.56004],[80.42314,7.56],[80.42325,7.56032],[80.42352,7.56021],[80.42343,7.55985],[80.42394,7.55966],[80.42394,7.55937],[80.42382,7.55906],[80.42395,7.55901],[80.42406,7.55906],[80.4241,7.55909],[80.42405,7.55913],[80.42407,7.5592],[80.42469,7.55912],[80.42477,7.55928],[80.42472,7.55939],[80.42461,7.55949],[80.42423,7.55959],[80.42419,7.55965],[80.42424,7.55983],[80.42423,7.56006],[80.42399,7.56026],[80.4239,7.5602],[80.42389,7.56033],[80.4239,7.56066],[80.42412,7.56068],[80.42411,7.5609],[80.42452,7.56105],[80.42483,7.56088],[80.42486,7.56066],[80.42494,7.56054],[80.42472,7.55996],[80.42469,7.55952],[80.42504,7.55952],[80.42513,7.55939],[80.42514,7.55926],[80.42535,7.55904],[80.42581,7.55871],[80.42588,7.55874],[80.42612,7.55856],[80.42625,7.55868],[80.42642,7.55895],[80.42642,7.55909],[80.42634,7.55914],[80.42639,7.55934],[80.42647,7.55947],[80.42652,7.55946],[80.42663,7.5597],[80.42648,7.5599],[80.42676,7.56026],[80.42671,7.56061],[80.42659,7.5607],[80.42667,7.56111],[80.42669,7.5616],[80.42676,7.5617],[80.42669,7.56182],[80.42672,7.56192],[80.42689,7.56208],[80.4272,7.56211],[80.42738,7.56219],[80.42726,7.56306],[80.42763,7.56323],[80.42758,7.56347],[80.42741,7.56377],[80.42749,7.56382],[80.42749,7.56391],[80.4274,7.56419],[80.4275,7.56444],[80.42747,7.56455],[80.42754,7.5648],[80.42767,7.56489],[80.42761,7.56503],[80.4279,7.56519],[80.4279,7.5655],[80.42775,7.56561],[80.42777,7.56587],[80.42754,7.56602],[80.4275,7.56612],[80.42755,7.5664],[80.4274,7.56657],[80.42742,7.56667],[80.42753,7.56673],[80.42792,7.56683],[80.42793,7.56643],[80.42778,7.56633],[80.428,7.56623],[80.4281,7.56609],[80.42825,7.56607],[80.42834,7.56573],[80.42842,7.56564],[80.42861,7.5656],[80.42888,7.56564],[80.42925,7.56572],[80.42959,7.56589],[80.42968,7.5658],[80.42998,7.56578],[80.43007,7.56585],[80.43028,7.56585],[80.43048,7.56577],[80.43091,7.56548],[80.43098,7.56529],[80.43095,7.56495],[80.43073,7.56449],[80.43053,7.56425],[80.43067,7.5643],[80.43093,7.56426],[80.4312,7.56431],[80.43128,7.56413],[80.43153,7.56419],[80.43161,7.56386],[80.43143,7.56372],[80.43144,7.56365],[80.43152,7.56363],[80.43155,7.56356],[80.4314,7.56343],[80.43145,7.56328],[80.43135,7.56329],[80.43144,7.56319],[80.43142,7.56306],[80.4315,7.56281],[80.43159,7.56274],[80.43173,7.56281],[80.43186,7.56278],[80.43201,7.56254],[80.432,7.56234],[80.43233,7.56234],[80.43245,7.56216],[80.43244,7.56212],[80.43228,7.56213],[80.43225,7.56188],[80.43243,7.56177],[80.43264,7.56186],[80.43279,7.56162],[80.43294,7.56124],[80.43294,7.56103],[80.43281,7.56104],[80.43278,7.56097],[80.43253,7.56091],[80.43239,7.56083],[80.43232,7.56094],[80.43217,7.56084],[80.43192,7.56078],[80.43187,7.55993],[80.43214,7.55939],[80.43217,7.55923],[80.43209,7.55889],[80.43213,7.55883],[80.43202,7.55863],[80.43169,7.55872],[80.43144,7.55874],[80.43114,7.55867],[80.43109,7.55832],[80.43096,7.55813],[80.43093,7.55794],[80.43071,7.55803],[80.43042,7.55786],[80.43,7.5578],[80.4297,7.5577],[80.42933,7.5573],[80.42907,7.5568],[80.42882,7.55669],[80.4287,7.55653],[80.42839,7.55637],[80.42827,7.55625],[80.42805,7.55568],[80.42797,7.55566],[80.42793,7.55557],[80.42797,7.55548],[80.42794,7.55515],[80.42783,7.5547],[80.42783,7.55402],[80.42802,7.55399],[80.42807,7.55356],[80.42793,7.5536],[80.42785,7.55354],[80.42785,7.55332],[80.42793,7.55328],[80.42791,7.55309],[80.42778,7.55269],[80.4277,7.55261],[80.42753,7.55267],[80.42736,7.55256],[80.42727,7.55238],[80.42724,7.55213],[80.42695,7.55207],[80.42688,7.55192],[80.42694,7.55175],[80.42694,7.55147],[80.4269,7.55126],[80.42683,7.55122],[80.42648,7.55121],[80.42618,7.55135],[80.42607,7.55118],[80.42597,7.5512],[80.42581,7.55137],[80.42568,7.55128],[80.42553,7.55136],[80.4255,7.55145],[80.42535,7.55143],[80.42545,7.55189],[80.42566,7.55216],[80.4257,7.55219],[80.42598,7.55215],[80.42614,7.5522],[80.42616,7.55211],[80.42642,7.55227],[80.42643,7.55233],[80.42636,7.5524],[80.4265,7.55284],[80.42646,7.55289],[80.42647,7.55298],[80.42628,7.55324],[80.42613,7.55388],[80.42603,7.55392],[80.42593,7.55387],[80.42553,7.55357],[80.42484,7.55401],[80.42463,7.5543],[80.4245,7.55436],[80.42437,7.55454],[80.4243,7.55451],[80.42418,7.55465],[80.42379,7.55494],[80.42357,7.55503],[80.42347,7.55491],[80.42321,7.55498],[80.42318,7.55502],[80.42315,7.55556],[80.42308,7.55564],[80.42272,7.55582],[80.42284,7.55609],[80.42278,7.55647],[80.42283,7.55655],[80.42278,7.55663],[80.42337,7.55671],[80.42332,7.55643],[80.42377,7.55624],[80.42378,7.55615],[80.42368,7.55592],[80.42387,7.55576],[80.42398,7.55577],[80.42468,7.55536],[80.42482,7.55537],[80.42524,7.55518],[80.42532,7.55537],[80.42534,7.556],[80.42544,7.55661],[80.42495,7.55685],[80.42472,7.55676],[80.42438,7.55683],[80.42435,7.55687],[80.42443,7.55715],[80.42513,7.55714],[80.42586,7.55735],[80.42591,7.55774],[80.42599,7.55797],[80.42545,7.55827],[80.42496,7.55831],[80.42472,7.55841],[80.42358,7.55857],[80.42304,7.55875],[80.42292,7.55852],[80.42227,7.55858],[80.42226,7.55879]],[[80.42685,7.5565],[80.42687,7.55599],[80.42706,7.55571],[80.42733,7.55573],[80.42745,7.55591],[80.42753,7.55588],[80.42764,7.55603],[80.42757,7.55606],[80.42764,7.55621],[80.42788,7.55642],[80.42794,7.5567],[80.42809,7.55694],[80.42838,7.55719],[80.42852,7.55738],[80.42843,7.55769],[80.4286,7.55773],[80.42877,7.5579],[80.42877,7.55826],[80.42869,7.55838],[80.42871,7.55842],[80.4292,7.55857],[80.42987,7.55862],[80.42999,7.55881],[80.43006,7.55927],[80.42984,7.55927],[80.42958,7.55953],[80.42943,7.55937],[80.42938,7.55914],[80.42891,7.55889],[80.4285,7.55886],[80.42835,7.55867],[80.42826,7.55842],[80.42745,7.55761],[80.42728,7.55726],[80.42697,7.55686],[80.42685,7.5565]]]]}},{"type":"Feature","properties":{"c":"farmland"},"geometry":{"type":"Polygon","coordinates":[[[80.42478,7.55072],[80.425,7.55093],[80.42523,7.55101],[80.42524,7.55063],[80.42519,7.55044],[80.42498,7.55048],[80.42478,7.55072]]]}}]}