{"type":"FeatureCollection","features":[{"type":"Feature","properties":{"c":"forest","n":"Nathagane Hill Forest"},"geometry":{"type":"Polygon","coordinates":[[[80.2718,7.5749],[80.27189,7.57524],[80.27208,7.57563],[80.27186,7.57588],[80.2718,7.57673],[80.2719,7.57702],[80.2721,7.57736],[80.27263,7.57805],[80.27275,7.5785],[80.27305,7.5791],[80.27367,7.57944],[80.27396,7.58068],[80.27471,7.58083],[80.27602,7.5801],[80.27679,7.57917],[80.27791,7.57808],[80.2788,7.57695],[80.28011,7.57571],[80.28075,7.57463],[80.28118,7.57363],[80.28158,7.57316],[80.28318,7.57459],[80.28375,7.57472],[80.28427,7.57454],[80.28452,7.57387],[80.28422,7.57352],[80.28461,7.5723],[80.28358,7.57021],[80.28344,7.56941],[80.28478,7.56767],[80.28629,7.56542],[80.28627,7.56405],[80.28594,7.5637],[80.28683,7.56217],[80.28725,7.56073],[80.28786,7.55956],[80.28854,7.55808],[80.28921,7.5568],[80.28953,7.55579],[80.28971,7.55477],[80.28958,7.55457],[80.28912,7.55437],[80.28868,7.55444],[80.2877,7.55564],[80.28725,7.55611],[80.28646,7.55673],[80.28626,7.5571],[80.28603,7.55826],[80.28605,7.55863],[80.28541,7.55907],[80.28491,7.56027],[80.28464,7.56062],[80.28405,7.56118],[80.28338,7.56171],[80.28241,7.5627],[80.28151,7.56331],[80.28102,7.56342],[80.28055,7.56395],[80.28022,7.5642],[80.27969,7.56449],[80.27914,7.56519],[80.27861,7.56568],[80.27824,7.5665],[80.27759,7.56756],[80.27672,7.56831],[80.2758,7.5687],[80.2756,7.56905],[80.27497,7.56964],[80.27423,7.5701],[80.27319,7.57117],[80.27237,7.57224],[80.27209,7.5737],[80.27182,7.57458],[80.2718,7.5749]]]}},{"type":"Feature","properties":{"c":"farmland","n":"Paddy Field"},"geometry":{"type":"Polygon","coordinates":[[[80.28192,7.57598],[80.28196,7.5764],[80.28202,7.5766],[80.28225,7.57667],[80.2822,7.57731],[80.28227,7.57744],[80.28243,7.57756],[80.28239,7.57776],[80.28219,7.57781],[80.28248,7.57862],[80.28244,7.57886],[80.28254,7.57931],[80.28254,7.57959],[80.28267,7.57977],[80.28304,7.57937],[80.28306,7.57926],[80.28298,7.57909],[80.28266,7.57891],[80.28259,7.57881],[80.28261,7.57862],[80.28298,7.57842],[80.28304,7.57767],[80.28312,7.57739],[80.28331,7.57715],[80.28371,7.57703],[80.28377,7.57674],[80.28369,7.57665],[80.28383,7.57637],[80.28383,7.57616],[80.2835,7.57605],[80.28353,7.57594],[80.28346,7.57587],[80.2834,7.5757],[80.28344,7.57538],[80.28333,7.5752],[80.2832,7.57511],[80.28327,7.5749],[80.2829,7.575],[80.28291,7.57524],[80.28282,7.57553],[80.28279,7.5759],[80.2827,7.57601],[80.28234,7.57599],[80.28233,7.5759],[80.28223,7.57578],[80.28209,7.57578],[80.28196,7.57578],[80.28192,7.57598]]]}},{"type":"Feature","properties":{"c":"cemetery","n":"Kadawath kele Cemethry"},"geometry":{"type":"Polygon","coordinates":[[[80.27243,7.58207],[80.27306,7.58213],[80.27316,7.5815],[80.27257,7.58132],[80.27243,7.58207]]]}},{"type":"Feature","properties":{"c":"cemetery","n":"Bamunakotuwa Cemetry"},"geometry":{"type":"Polygon","coordinates":[[[80.24849,7.5735],[80.2488,7.57364],[80.24899,7.57323],[80.24869,7.57309],[80.24849,7.5735]]]}},{"type":"Feature","properties":{"c":"farmland"},"geometry":{"type":"Polygon","coordinates":[[[80.25278,7.56931],[80.25335,7.56959],[80.25395,7.56906],[80.25417,7.5685],[80.25454,7.56828],[80.25516,7.56828],[80.25569,7.5685],[80.25591,7.56895],[80.25598,7.56996],[80.25613,7.57066],[80.25602,7.57135],[80.25561,7.57174],[80.25541,7.57142],[80.2552,7.57203],[80.25512,7.57249],[80.25491,7.57272],[80.25465,7.57342],[80.25439,7.57359],[80.25433,7.5739],[80.25495,7.57417],[80.25501,7.57371],[80.25588,7.57261],[80.25622,7.5724],[80.25666,7.57247],[80.2567,7.57243],[80.25678,7.57223],[80.25694,7.57205],[80.25693,7.57148],[80.25728,7.57104],[80.25703,7.5708],[80.25668,7.57006],[80.25672,7.56976],[80.25636,7.56809],[80.25661,7.56751],[80.25617,7.56742],[80.2561,7.56761],[80.25592,7.56775],[80.25538,7.56776],[80.25479,7.56765],[80.25406,7.56792],[80.25387,7.56824],[80.25362,7.56833],[80.25335,7.5686],[80.25326,7.56881],[80.253,7.56871],[80.25278,7.56931]]]}},{"type":"Feature","properties":{"c":"farmland"},"geometry":{"type":"Polygon","coordinates":[[[80.25659,7.5733],[80.25679,7.57341],[80.25701,7.57333],[80.25691,7.573],[80.25691,7.57273],[80.25713,7.57273],[80.25751,7.57289],[80.25742,7.57331],[80.25834,7.5736],[80.25839,7.574],[80.25897,7.57421],[80.25898,7.57472],[80.25969,7.57471],[80.25974,7.57432],[80.26038,7.5745],[80.26044,7.57398],[80.26013,7.57374],[80.25999,7.5735],[80.2599,7.57305],[80.25964,7.57281],[80.2594,7.57249],[80.25938,7.57213],[80.25962,7.57193],[80.25984,7.57127],[80.25946,7.57098],[80.25958,7.57066],[80.25985,7.57066],[80.25989,7.57019],[80.26071,7.57028],[80.26078,7.56984],[80.26064,7.56949],[80.25963,7.56941],[80.25963,7.56866],[80.26004,7.56867],[80.26005,7.5685],[80.25983,7.56823],[80.25902,7.56821],[80.25879,7.56908],[80.25855,7.56952],[80.25836,7.56975],[80.25821,7.57041],[80.25824,7.5706],[80.25805,7.5709],[80.2576,7.5712],[80.25751,7.57092],[80.25707,7.57139],[80.25699,7.57154],[80.257,7.57207],[80.25684,7.57225],[80.25673,7.57247],[80.25659,7.5733]]]}},{"type":"Feature","properties":{"c":"park","n":"Meddegoda temple"},"geometry":{"type":"Polygon","coordinates":[[[80.26809,7.52789],[80.2682,7.528],[80.26862,7.52803],[80.26868,7.52809],[80.26909,7.52782],[80.2692,7.52764],[80.26897,7.52742],[80.26872,7.52743],[80.26832,7.52755],[80.26817,7.52769],[80.26809,7.52789]]]}},{"type":"Feature","properties":{"c":"farmland"},"geometry":{"type":"Polygon","coordinates":[[[80.22592,7.5611],[80.22597,7.56118],[80.22604,7.56114],[80.22604,7.56098],[80.22593,7.56101],[80.22592,7.5611]]]}},{"type":"Feature","properties":{"c":"farmland"},"geometry":{"type":"Polygon","coordinates":[[[80.2251,7.56115],[80.22514,7.56125],[80.22519,7.56116],[80.22528,7.56111],[80.22516,7.561],[80.2251,7.56115]]]}},{"type":"Feature","properties":{"c":"farmland"},"geometry":{"type":"Polygon","coordinates":[[[80.22593,7.55915],[80.22601,7.55937],[80.22635,7.559],[80.22633,7.55894],[80.22617,7.55898],[80.22593,7.55915]]]}},{"type":"Feature","properties":{"c":"farmland"},"geometry":{"type":"Polygon","coordinates":[[[80.22683,7.55916],[80.22689,7.55947],[80.22705,7.55943],[80.22699,7.55912],[80.22683,7.55916]]]}},{"type":"Feature","properties":{"c":"residential"},"geometry":{"type":"Polygon","coordinates":[[[80.2268,7.57288],[80.22695,7.57297],[80.22711,7.57269],[80.22696,7.57261],[80.2268,7.57288]]]}},{"type":"Feature","properties":{"c":"meadow"},"geometry":{"type":"Polygon","coordinates":[[[80.22535,7.58054],[80.22556,7.58063],[80.22546,7.58084],[80.22576,7.58092],[80.22591,7.58075],[80.22578,7.58066],[80.22588,7.58035],[80.22562,7.58018],[80.22535,7.58054]]]}},{"type":"Feature","properties":{"c":"farmland"},"geometry":{"type":"Polygon","coordinates":[[[80.22203,7.5335],[80.2223,7.53349],[80.22285,7.53337],[80.2232,7.5334],[80.22384,7.53368],[80.22412,7.53386],[80.2245,7.53425],[80.22496,7.53532],[80.22499,7.53566],[80.22484,7.53668],[80.22513,7.53739],[80.22538,7.53777],[80.22561,7.53805],[80.22585,7.53806],[80.22594,7.53814],[80.22641,7.53872],[80.22666,7.53894],[80.22725,7.53919],[80.22758,7.53942],[80.2281,7.53959],[80.22822,7.53933],[80.22806,7.53913],[80.22767,7.53902],[80.22747,7.53873],[80.22723,7.53872],[80.22711,7.53851],[80.22662,7.53822],[80.22629,7.53744],[80.22593,7.53585],[80.22594,7.53561],[80.22605,7.53538],[80.2263,7.53496],[80.22646,7.53478],[80.22691,7.53459],[80.22715,7.53461],[80.22748,7.53471],[80.22741,7.53497],[80.22795,7.53479],[80.22802,7.53475],[80.2281,7.53433],[80.22809,7.53405],[80.22752,7.53397],[80.22671,7.53374],[80.22647,7.53375],[80.22631,7.53394],[80.22609,7.53406],[80.22587,7.53405],[80.22569,7.53361],[80.22569,7.53336],[80.22582,7.53316],[80.22624,7.5331],[80.22637,7.53297],[80.22628,7.53275],[80.22549,7.53251],[80.22529,7.53263],[80.22519,7.53283],[80.22506,7.53287],[80.22434,7.53258],[80.22413,7.53245],[80.22401,7.53223],[80.22303,7.53199],[80.22284,7.53199],[80.2226,7.53219],[80.22247,7.5324],[80.22264,7.53285],[80.22223,7.53308],[80.22208,7.53327],[80.22203,7.5335]]]}},{"type":"Feature","properties":{"c":"farmland"},"geometry":{"type":"Polygon","coordinates":[[[80.21766,7.57411],[80.21766,7.57424],[80.21782,7.57424],[80.21782,7.57411],[80.21766,7.57411]]]}},{"type":"Feature","properties":{"c":"farmland"},"geometry":{"type":"Polygon","coordinates":[[[80.21814,7.57421],[80.21831,7.57422],[80.21832,7.57386],[80.21815,7.57386],[80.21814,7.57421]]]}},{"type":"Feature","properties":{"c":"farmland"},"geometry":{"type":"Polygon","coordinates":[[[80.21757,7.57409],[80.21766,7.57411],[80.21771,7.57397],[80.21763,7.57394],[80.21757,7.57409]]]}},{"type":"Feature","properties":{"c":"farmland"},"geometry":{"type":"Polygon","coordinates":[[[80.21775,7.57481],[80.21781,7.5751],[80.21835,7.57499],[80.21828,7.57469],[80.21775,7.57481]]]}},{"type":"Feature","properties":{"c":"farmyard"},"geometry":{"type":"Polygon","coordinates":[[[80.21905,7.57222],[80.21912,7.57224],[80.21914,7.57218],[80.21907,7.57216],[80.21905,7.57222]]]}},{"type":"Feature","properties":{"c":"farmyard"},"geometry":{"type":"Polygon","coordinates":[[[80.21926,7.57353],[80.21926,7.57364],[80.21937,7.57364],[80.21937,7.57353],[80.21926,7.57353]]]}},{"type":"Feature","properties":{"c":"farmyard"},"geometry":{"type":"Polygon","coordinates":[[[80.21714,7.57229],[80.21714,7.57239],[80.21729,7.57238],[80.21729,7.57228],[80.21714,7.57229]]]}},{"type":"Feature","properties":{"c":"farmland"},"geometry":{"type":"Polygon","coordinates":[[[80.21825,7.57358],[80.21843,7.5736],[80.21935,7.5734],[80.2194,7.57271],[80.21858,7.57268],[80.2184,7.57278],[80.21825,7.57358]]]}},{"type":"Feature","properties":{"c":"farmland"},"geometry":{"type":"Polygon","coordinates":[[[80.23129,7.53768],[80.23154,7.53783],[80.23178,7.53777],[80.23193,7.53765],[80.23229,7.53697],[80.23247,7.5364],[80.23262,7.53619],[80.23327,7.53585],[80.23332,7.53576],[80.23363,7.53566],[80.23369,7.53542],[80.23381,7.53538],[80.23394,7.53541],[80.23389,7.53574],[80.23379,7.53595],[80.23382,7.53601],[80.23416,7.53618],[80.23421,7.53641],[80.23442,7.53636],[80.23443,7.53611],[80.23436,7.53564],[80.23446,7.53534],[80.23468,7.53505],[80.23469,7.53493],[80.23435,7.5346],[80.23424,7.53455],[80.23401,7.53454],[80.23394,7.53444],[80.23392,7.53396],[80.23387,7.53373],[80.23394,7.53362],[80.23417,7.53375],[80.23456,7.53406],[80.23466,7.53428],[80.23463,7.5344],[80.23484,7.53468],[80.23521,7.53467],[80.23542,7.53478],[80.23558,7.53497],[80.23586,7.53514],[80.23603,7.53495],[80.23617,7.53468],[80.23614,7.53458],[80.23588,7.53436],[80.23612,7.53386],[80.236,7.53368],[80.23588,7.53367],[80.23567,7.53355],[80.23546,7.53365],[80.23538,7.53362],[80.23537,7.53356],[80.23557,7.53341],[80.23591,7.53327],[80.23602,7.53326],[80.23617,7.53313],[80.2361,7.53304],[80.23599,7.53263],[80.23591,7.53261],[80.23569,7.53287],[80.23559,7.53287],[80.23544,7.53269],[80.23527,7.53223],[80.2351,7.53206],[80.23486,7.53203],[80.23471,7.53185],[80.23451,7.53173],[80.23426,7.53172],[80.23416,7.53194],[80.2339,7.53227],[80.23368,7.53217],[80.23358,7.5322],[80.23331,7.53273],[80.23328,7.53319],[80.2332,7.53333],[80.23316,7.53373],[80.23323,7.53436],[80.23294,7.53479],[80.23231,7.53513],[80.23209,7.53551],[80.23205,7.53576],[80.23189,7.53599],[80.23183,7.53639],[80.23165,7.53695],[80.23148,7.5372],[80.23129,7.53768]]]}},{"type":"Feature","properties":{"c":"farmland"},"geometry":{"type":"Polygon","coordinates":[[[80.22967,7.55941],[80.22976,7.55943],[80.22979,7.55936],[80.2297,7.55933],[80.22967,7.55941]]]}},{"type":"Feature","properties":{"c":"farmland"},"geometry":{"type":"Polygon","coordinates":[[[80.23035,7.55939],[80.23043,7.5595],[80.23058,7.55953],[80.23067,7.55946],[80.23068,7.55935],[80.23038,7.55924],[80.23035,7.55939]]]}},{"type":"Feature","properties":{"c":"farmland"},"geometry":{"type":"Polygon","coordinates":[[[80.18827,7.54328],[80.18855,7.54411],[80.18863,7.54425],[80.18884,7.54427],[80.18883,7.54416],[80.18887,7.54413],[80.18881,7.54409],[80.18875,7.54344],[80.1888,7.54321],[80.18889,7.54322],[80.18916,7.54294],[80.18885,7.54277],[80.18878,7.54281],[80.18868,7.54277],[80.18856,7.54287],[80.18833,7.54289],[80.18838,7.54295],[80.18838,7.54305],[80.18831,7.5431],[80.18827,7.54328]]]}},{"type":"Feature","properties":{"c":"farmland"},"geometry":{"type":"Polygon","coordinates":[[[80.18888,7.54372],[80.18895,7.544],[80.1892,7.54398],[80.18918,7.54299],[80.18889,7.54327],[80.18888,7.54372]]]}},{"type":"Feature","properties":{"c":"farmland"},"geometry":{"type":"Polygon","coordinates":[[[80.18666,7.5423],[80.18672,7.54242],[80.18682,7.54248],[80.18689,7.54239],[80.18723,7.54261],[80.18761,7.54275],[80.18792,7.54303],[80.18801,7.54293],[80.18825,7.54299],[80.18838,7.54295],[80.18823,7.54281],[80.18831,7.54271],[80.18814,7.5426],[80.18812,7.54249],[80.18793,7.54246],[80.18783,7.54235],[80.18763,7.54231],[80.18719,7.54201],[80.18671,7.54207],[80.18666,7.5423]]]}},{"type":"Feature","properties":{"c":"farmyard"},"geometry":{"type":"Polygon","coordinates":[[[80.18456,7.54323],[80.18467,7.54323],[80.18467,7.54314],[80.18456,7.54314],[80.18456,7.54323]]]}},{"type":"Feature","properties":{"c":"farmland"},"geometry":{"type":"Polygon","coordinates":[[[80.18582,7.54257],[80.18595,7.54262],[80.18603,7.54255],[80.18608,7.54259],[80.18616,7.5425],[80.18613,7.54221],[80.18595,7.54221],[80.18582,7.54257]]]}},{"type":"Feature","properties":{"c":"farmland"},"geometry":{"type":"Polygon","coordinates":[[[80.23314,7.52747],[80.23354,7.52838],[80.23358,7.52836],[80.23361,7.5284],[80.23385,7.52831],[80.23393,7.52816],[80.23414,7.5281],[80.23457,7.52808],[80.23486,7.52816],[80.23511,7.52817],[80.23551,7.52809],[80.23574,7.52809],[80.23638,7.52792],[80.23664,7.52798],[80.23675,7.52806],[80.23691,7.52827],[80.23694,7.52865],[80.23706,7.52863],[80.2372,7.5288],[80.23745,7.52881],[80.23748,7.5284],[80.23735,7.52675],[80.23717,7.52674],[80.2371,7.52684],[80.23691,7.52679],[80.23673,7.52683],[80.2365,7.52676],[80.23618,7.52683],[80.23591,7.52679],[80.23528,7.52707],[80.23427,7.52734],[80.23319,7.52743],[80.23314,7.52747]]]}},{"type":"Feature","properties":{"c":"farmland"},"geometry":{"type":"Polygon","coordinates":[[[80.22582,7.52937],[80.22584,7.52946],[80.22611,7.52954],[80.22615,7.52988],[80.22623,7.52993],[80.22656,7.52993],[80.22721,7.52978],[80.22756,7.52945],[80.22767,7.5294],[80.22782,7.5291],[80.22801,7.52906],[80.22846,7.52916],[80.22868,7.5291],[80.22888,7.52923],[80.229,7.52924],[80.22952,7.52901],[80.23055,7.52902],[80.23065,7.52896],[80.23084,7.52867],[80.23095,7.52863],[80.2314,7.52865],[80.23143,7.52877],[80.23152,7.52885],[80.23188,7.52889],[80.23196,7.52897],[80.23187,7.5298],[80.23205,7.52982],[80.23257,7.52973],[80.23255,7.52985],[80.23269,7.53023],[80.23293,7.53046],[80.23307,7.53052],[80.2333,7.53047],[80.2334,7.53054],[80.23326,7.53087],[80.23328,7.5311],[80.23341,7.53128],[80.23386,7.53136],[80.23398,7.53135],[80.23419,7.53144],[80.23431,7.53144],[80.23437,7.53133],[80.23448,7.53129],[80.2351,7.53139],[80.23531,7.53148],[80.23553,7.5314],[80.23569,7.53124],[80.23568,7.53112],[80.23553,7.53094],[80.235,7.53057],[80.23481,7.53003],[80.23354,7.52945],[80.23339,7.52933],[80.23326,7.52874],[80.23341,7.52846],[80.2335,7.52843],[80.2331,7.52746],[80.23263,7.52761],[80.23242,7.52778],[80.2315,7.52765],[80.23085,7.5273],[80.23063,7.52702],[80.23046,7.5264],[80.23024,7.5263],[80.22971,7.52635],[80.22947,7.52651],[80.22924,7.52642],[80.22871,7.52652],[80.22854,7.52669],[80.22816,7.5268],[80.22807,7.52703],[80.22806,7.52735],[80.22798,7.52743],[80.22774,7.52739],[80.22764,7.52744],[80.22761,7.52766],[80.22748,7.5277],[80.22681,7.52765],[80.2268,7.52743],[80.2267,7.52737],[80.22657,7.52741],[80.22657,7.52753],[80.22647,7.52779],[80.22609,7.52807],[80.22602,7.52817],[80.22613,7.52862],[80.2261,7.52907],[80.22587,7.52926],[80.22582,7.52937]]]}},{"type":"Feature","properties":{"c":"farmland"},"geometry":{"type":"Polygon","coordinates":[[[80.23525,7.56161],[80.23535,7.5621],[80.23568,7.56218],[80.23588,7.5615],[80.23525,7.56161]]]}},{"type":"Feature","properties":{"c":"farmland"},"geometry":{"type":"Polygon","coordinates":[[[80.23529,7.56159],[80.23586,7.56147],[80.23601,7.56108],[80.23557,7.56023],[80.23529,7.56159]]]}},{"type":"Feature","properties":{"c":"farmland"},"geometry":{"type":"Polygon","coordinates":[[[80.23559,7.56021],[80.23599,7.561],[80.23617,7.56062],[80.23575,7.55969],[80.23559,7.56021]]]}},{"type":"Feature","properties":{"c":"farmland"},"geometry":{"type":"Polygon","coordinates":[[[80.23583,7.55978],[80.23615,7.5605],[80.23661,7.56002],[80.23583,7.55978]]]}},{"type":"Feature","properties":{"c":"farmland"},"geometry":{"type":"Polygon","coordinates":[[[80.2359,7.55976],[80.23662,7.56],[80.23683,7.55859],[80.23623,7.55859],[80.2359,7.55976]]]}},{"type":"Feature","properties":{"c":"farmland"},"geometry":{"type":"Polygon","coordinates":[[[80.23928,7.52661],[80.23967,7.52781],[80.2397,7.52826],[80.24059,7.5284],[80.24071,7.52845],[80.24077,7.52868],[80.24094,7.52868],[80.241,7.52855],[80.24199,7.52876],[80.24203,7.52785],[80.24173,7.52765],[80.24162,7.52763],[80.24143,7.52786],[80.2414,7.52762],[80.24119,7.52751],[80.24098,7.5276],[80.24089,7.52753],[80.24087,7.52742],[80.241,7.5272],[80.24095,7.52709],[80.24118,7.52682],[80.24137,7.52612],[80.24161,7.52611],[80.24212,7.52626],[80.24215,7.5262],[80.24212,7.52543],[80.24206,7.52521],[80.24196,7.52512],[80.24175,7.52517],[80.24144,7.52534],[80.24128,7.52551],[80.24101,7.52594],[80.24027,7.5266],[80.23981,7.52659],[80.23947,7.52645],[80.23928,7.52649],[80.23928,7.52661]]]}},{"type":"Feature","properties":{"c":"farmland"},"geometry":{"type":"Polygon","coordinates":[[[80.21819,7.54629],[80.21859,7.54635],[80.2189,7.54631],[80.21917,7.5462],[80.21929,7.54621],[80.22023,7.54669],[80.22033,7.54666],[80.22051,7.54632],[80.22039,7.54574],[80.22047,7.5455],[80.22074,7.54512],[80.22096,7.54491],[80.22121,7.5449],[80.22155,7.54477],[80.22185,7.54454],[80.22197,7.54403],[80.22191,7.54356],[80.22196,7.54327],[80.22242,7.54259],[80.22243,7.54247],[80.2218,7.54224],[80.22173,7.54234],[80.22136,7.54346],[80.22097,7.54393],[80.22032,7.54435],[80.22017,7.54436],[80.21999,7.54468],[80.22003,7.54491],[80.21934,7.54558],[80.21884,7.5457],[80.21827,7.54594],[80.21819,7.54629]]]}},{"type":"Feature","properties":{"c":"farmland"},"geometry":{"type":"Polygon","coordinates":[[[80.22424,7.54889],[80.2243,7.54902],[80.22465,7.54915],[80.22451,7.54926],[80.22476,7.54936],[80.22503,7.54908],[80.22465,7.5488],[80.22424,7.54889]]]}},{"type":"Feature","properties":{"c":"forest"},"geometry":{"type":"Polygon","coordinates":[[[80.25684,7.49928],[80.25686,7.49975],[80.25788,7.49991],[80.25807,7.49956],[80.25829,7.49969],[80.25821,7.49983],[80.25821,7.50004],[80.25789,7.50026],[80.258,7.50036],[80.2579,7.50048],[80.25797,7.50056],[80.2584,7.50028],[80.25873,7.50063],[80.25803,7.5018],[80.25713,7.50186],[80.25706,7.50222],[80.25843,7.50401],[80.25902,7.50419],[80.25896,7.50426],[80.25925,7.5045],[80.25931,7.50445],[80.25977,7.50471],[80.26001,7.5048],[80.2602,7.50475],[80.26017,7.5044],[80.26009,7.50438],[80.26007,7.50416],[80.26003,7.50415],[80.26009,7.50396],[80.26004,7.50395],[80.2602,7.50356],[80.26041,7.50356],[80.26046,7.50342],[80.2606,7.50343],[80.26078,7.50301],[80.26072,7.50297],[80.26085,7.50274],[80.26074,7.50269],[80.26092,7.50242],[80.26104,7.50246],[80.26114,7.50221],[80.26128,7.50225],[80.26147,7.50188],[80.26162,7.50172],[80.26194,7.50115],[80.26175,7.50106],[80.26107,7.50093],[80.261,7.50144],[80.26087,7.50161],[80.26081,7.50183],[80.26054,7.5021],[80.2605,7.50204],[80.26061,7.50193],[80.26045,7.50189],[80.25983,7.5026],[80.25956,7.50245],[80.2597,7.50196],[80.25869,7.5014],[80.2588,7.50132],[80.2597,7.50112],[80.26007,7.50135],[80.26006,7.50155],[80.26045,7.50176],[80.26069,7.50179],[80.26094,7.5009],[80.26053,7.50052],[80.25782,7.49832],[80.25714,7.49934],[80.25684,7.49928]]]}},{"type":"Feature","properties":{"c":"farmland"},"geometry":{"type":"Polygon","coordinates":[[[80.26003,7.50415],[80.26007,7.50416],[80.26009,7.50438],[80.26017,7.5044],[80.2602,7.50475],[80.2607,7.50457],[80.2606,7.50443],[80.2606,7.50429],[80.26052,7.50428],[80.26055,7.504],[80.26078,7.50375],[80.26096,7.50344],[80.26067,7.50325],[80.2606,7.50343],[80.26046,7.50342],[80.26041,7.50356],[80.2602,7.50356],[80.26004,7.50395],[80.26009,7.50396],[80.26003,7.50415]]]}},{"type":"Feature","properties":{"c":"farmland"},"geometry":{"type":"Polygon","coordinates":[[[80.23498,7.55313],[80.23764,7.55395],[80.23806,7.55447],[80.23789,7.55463],[80.23813,7.55457],[80.23824,7.5551],[80.23781,7.55513],[80.23736,7.5548],[80.23729,7.55529],[80.23623,7.55859],[80.23683,7.55859],[80.23774,7.55608],[80.23857,7.55556],[80.23858,7.55315],[80.23498,7.55313]]]}},{"type":"Feature","properties":{"c":"forest"},"geometry":{"type":"Polygon","coordinates":[[[80.23318,7.55621],[80.23319,7.55855],[80.23441,7.55857],[80.23496,7.55641],[80.23318,7.55621]]]}},{"type":"Feature","properties":{"c":"forest"},"geometry":{"type":"Polygon","coordinates":[[[80.23318,7.55621],[80.23486,7.55639],[80.2355,7.555],[80.23461,7.5531],[80.23319,7.55311],[80.23318,7.55621]]]}},{"type":"Feature","properties":{"c":"forest"},"geometry":{"type":"Polygon","coordinates":[[[80.2346,7.55856],[80.23623,7.55859],[80.23736,7.5548],[80.23781,7.55513],[80.23824,7.5551],[80.23813,7.55457],[80.23789,7.55463],[80.23806,7.55447],[80.23764,7.55395],[80.23498,7.55313],[80.23472,7.55312],[80.23497,7.55382],[80.23557,7.55507],[80.23518,7.55571],[80.2346,7.55856]]]}},{"type":"Feature","properties":{"c":"farmland"},"geometry":{"type":"Polygon","coordinates":[[[80.19023,7.55902],[80.19183,7.5591],[80.19181,7.5588],[80.19025,7.55869],[80.19023,7.55902]]]}},{"type":"Feature","properties":{"c":"farmland"},"geometry":{"type":"Polygon","coordinates":[[[80.21667,7.54937],[80.21667,7.55021],[80.21676,7.55054],[80.21694,7.55078],[80.21719,7.55134],[80.21862,7.55242],[80.21887,7.55199],[80.21893,7.55142],[80.21787,7.55092],[80.21729,7.54964],[80.21667,7.54937]]]}},{"type":"Feature","properties":{"c":"farmland"},"geometry":{"type":"Polygon","coordinates":[[[80.22066,7.54803],[80.2222,7.54875],[80.22319,7.54942],[80.22294,7.54985],[80.22294,7.55028],[80.22263,7.55103],[80.22321,7.55153],[80.22367,7.55138],[80.22335,7.55094],[80.22354,7.55036],[80.22364,7.5492],[80.22413,7.54915],[80.22431,7.54871],[80.22341,7.54804],[80.22223,7.54783],[80.22176,7.54766],[80.22168,7.54776],[80.22146,7.54784],[80.22135,7.54798],[80.22116,7.54809],[80.22077,7.54801],[80.22087,7.54778],[80.22077,7.54775],[80.22066,7.54803]]]}},{"type":"Feature","properties":{"c":"farmland"},"geometry":{"type":"Polygon","coordinates":[[[80.21941,7.55282],[80.21975,7.5532],[80.21997,7.55354],[80.22002,7.55407],[80.21994,7.55528],[80.21972,7.55617],[80.2197,7.55657],[80.21986,7.55682],[80.22013,7.55691],[80.22043,7.55658],[80.22072,7.55648],[80.22097,7.55657],[80.22164,7.55705],[80.22207,7.5575],[80.22313,7.55655],[80.22309,7.55624],[80.22253,7.55598],[80.222,7.55582],[80.22173,7.5559],[80.22134,7.55575],[80.2214,7.5555],[80.22111,7.55528],[80.22095,7.55542],[80.22074,7.55524],[80.22068,7.5549],[80.22086,7.55428],[80.2212,7.5542],[80.22151,7.55455],[80.22164,7.55454],[80.22157,7.55437],[80.22165,7.5542],[80.22224,7.55404],[80.22226,7.55388],[80.22202,7.55368],[80.22133,7.55378],[80.22067,7.55348],[80.22,7.55264],[80.21941,7.55282]]]}},{"type":"Feature","properties":{"c":"farmland"},"geometry":{"type":"Polygon","coordinates":[[[80.19621,7.5747],[80.19636,7.57479],[80.19636,7.57487],[80.19661,7.57518],[80.19675,7.57511],[80.19719,7.57476],[80.19734,7.57409],[80.19632,7.57393],[80.19621,7.5747]]]}},{"type":"Feature","properties":{"c":"farmland"},"geometry":{"type":"Polygon","coordinates":[[[80.19514,7.57145],[80.1952,7.57215],[80.19747,7.57315],[80.19769,7.57256],[80.19748,7.57221],[80.19616,7.57202],[80.19582,7.57212],[80.19544,7.57195],[80.19545,7.57185],[80.19587,7.57137],[80.19562,7.57114],[80.19523,7.57116],[80.19514,7.57145]]]}},{"type":"Feature","properties":{"c":"farmland"},"geometry":{"type":"Polygon","coordinates":[[[80.19865,7.57187],[80.20017,7.57259],[80.20019,7.56946],[80.1989,7.56947],[80.19951,7.56979],[80.1997,7.57036],[80.19936,7.57105],[80.19916,7.57118],[80.1991,7.57144],[80.19878,7.57145],[80.19865,7.57187]]]}},{"type":"Feature","properties":{"c":"farmland"},"geometry":{"type":"Polygon","coordinates":[[[80.20905,7.57129],[80.2092,7.57128],[80.20982,7.57143],[80.20986,7.5713],[80.21015,7.5714],[80.21034,7.57112],[80.2108,7.57117],[80.21091,7.57052],[80.20967,7.57],[80.20942,7.57104],[80.20918,7.57106],[80.20907,7.57114],[80.20905,7.57129]]]}},{"type":"Feature","properties":{"c":"farmland"},"geometry":{"type":"Polygon","coordinates":[[[80.20568,7.5715],[80.20624,7.5719],[80.20635,7.57186],[80.20639,7.57196],[80.20634,7.5722],[80.20625,7.57228],[80.20629,7.57244],[80.20621,7.57259],[80.20656,7.57274],[80.20657,7.57285],[80.20642,7.57295],[80.20665,7.5731],[80.20675,7.57345],[80.20664,7.5736],[80.20677,7.57375],[80.20709,7.57365],[80.20739,7.57426],[80.20751,7.57409],[80.20782,7.57413],[80.20788,7.57429],[80.20812,7.57432],[80.20832,7.57415],[80.20889,7.57446],[80.20914,7.57453],[80.20928,7.57443],[80.20948,7.57455],[80.21017,7.57451],[80.21043,7.57409],[80.2111,7.57389],[80.21102,7.5733],[80.21068,7.57265],[80.20956,7.5734],[80.20941,7.57356],[80.20905,7.57352],[80.20915,7.5733],[80.20835,7.57286],[80.20814,7.57175],[80.20784,7.57163],[80.20777,7.57138],[80.20719,7.57102],[80.20654,7.5702],[80.20651,7.56997],[80.20638,7.56995],[80.20633,7.56972],[80.20623,7.56968],[80.20624,7.56945],[80.20569,7.56945],[80.20568,7.5715]]]}},{"type":"Feature","properties":{"c":"park"},"geometry":{"type":"Polygon","coordinates":[[[80.21592,7.54833],[80.216,7.54837],[80.21603,7.54833],[80.21595,7.54828],[80.21592,7.54833]]]}},{"type":"Feature","properties":{"c":"farmland"},"geometry":{"type":"Polygon","coordinates":[[[80.21532,7.55216],[80.21591,7.55238],[80.21599,7.55204],[80.21541,7.55186],[80.21532,7.55216]]]}},{"type":"Feature","properties":{"c":"farmland"},"geometry":{"type":"Polygon","coordinates":[[[80.21463,7.54461],[80.21474,7.54463],[80.21476,7.54449],[80.21464,7.54448],[80.21463,7.54461]]]}},{"type":"Feature","properties":{"c":"park"},"geometry":{"type":"Polygon","coordinates":[[[80.23035,7.53784],[80.23054,7.53783],[80.23054,7.53772],[80.23037,7.53773],[80.23035,7.53784]]]}},{"type":"Feature","properties":{"c":"park"},"geometry":{"type":"Polygon","coordinates":[[[80.22942,7.54062],[80.22957,7.54064],[80.22957,7.54076],[80.22969,7.54076],[80.22972,7.54066],[80.22982,7.54065],[80.22988,7.54019],[80.22975,7.54003],[80.22958,7.53995],[80.22942,7.54062]]]}},{"type":"Feature","properties":{"c":"farmland"},"geometry":{"type":"Polygon","coordinates":[[[80.26611,7.49863],[80.26612,7.49991],[80.26716,7.49998],[80.26751,7.50009],[80.26771,7.5003],[80.26773,7.50081],[80.26814,7.50098],[80.26859,7.50089],[80.26887,7.50047],[80.26885,7.49865],[80.26611,7.49863]]]}},{"type":"Feature","properties":{"c":"farmland"},"geometry":{"type":"Polygon","coordinates":[[[80.24276,7.54518],[80.24278,7.5457],[80.24324,7.54586],[80.24374,7.54619],[80.24413,7.5462],[80.24414,7.54466],[80.24377,7.54467],[80.24352,7.54516],[80.24331,7.54527],[80.24306,7.54529],[80.24299,7.54521],[80.24276,7.54518]]]}},{"type":"Feature","properties":{"c":"farmland"},"geometry":{"type":"Polygon","coordinates":[[[80.24254,7.54552],[80.24257,7.54567],[80.24278,7.5457],[80.24276,7.54518],[80.24261,7.54532],[80.24254,7.54552]]]}},{"type":"Feature","properties":{"c":"farmland"},"geometry":{"type":"Polygon","coordinates":[[[80.24377,7.54467],[80.24414,7.54466],[80.24414,7.54335],[80.24412,7.54335],[80.24377,7.54467]]]}},{"type":"Feature","properties":{"c":"farmland"},"geometry":{"type":"Polygon","coordinates":[[[80.20019,7.5695],[80.20022,7.57258],[80.20085,7.57191],[80.20092,7.57142],[80.20143,7.5702],[80.2012,7.56944],[80.20019,7.5695]]]}},{"type":"Feature","properties":{"c":"farmland"},"geometry":{"type":"Polygon","coordinates":[[[80.20199,7.57323],[80.2021,7.57403],[80.20259,7.57419],[80.20282,7.57362],[80.20331,7.57364],[80.20379,7.5735],[80.20464,7.57402],[80.20568,7.57387],[80.20565,7.57337],[80.20497,7.57326],[80.20491,7.57281],[80.20521,7.57267],[80.20504,7.57189],[80.20491,7.5718],[80.20457,7.57204],[80.20429,7.57189],[80.20417,7.57151],[80.20383,7.57151],[80.2033,7.571],[80.20289,7.57097],[80.20258,7.57166],[80.20237,7.57198],[80.20218,7.57247],[80.20218,7.57282],[80.20199,7.57323]]]}},{"type":"Feature","properties":{"c":"farmland"},"geometry":{"type":"Polygon","coordinates":[[[80.20177,7.57464],[80.20237,7.57487],[80.20266,7.57441],[80.20197,7.57413],[80.20177,7.57464]]]}},{"type":"Feature","properties":{"c":"forest"},"geometry":{"type":"Polygon","coordinates":[[[80.23683,7.55859],[80.23862,7.55852],[80.23865,7.55595],[80.23858,7.55563],[80.23774,7.55608],[80.23683,7.55859]]]}},{"type":"Feature","properties":{"c":"farmland"},"geometry":{"type":"Polygon","coordinates":[[[80.18924,7.53598],[80.1898,7.53642],[80.1903,7.53655],[80.19047,7.5359],[80.19009,7.5358],[80.1899,7.53584],[80.18956,7.53558],[80.18924,7.53598]]]}},{"type":"Feature","properties":{"c":"farmland"},"geometry":{"type":"Polygon","coordinates":[[[80.18888,7.53891],[80.18901,7.53929],[80.18967,7.53927],[80.18996,7.53907],[80.19032,7.53904],[80.19061,7.53904],[80.19076,7.53917],[80.19077,7.53955],[80.1909,7.54022],[80.19067,7.5406],[80.19063,7.54129],[80.19107,7.54163],[80.19091,7.54213],[80.19107,7.54227],[80.19093,7.54281],[80.19138,7.54315],[80.19264,7.54304],[80.19246,7.54204],[80.19218,7.54205],[80.19195,7.54123],[80.19203,7.54075],[80.19248,7.54068],[80.19232,7.53998],[80.19208,7.53976],[80.19182,7.53987],[80.19168,7.53941],[80.19163,7.53899],[80.19137,7.53853],[80.19106,7.53811],[80.19101,7.53783],[80.19101,7.53713],[80.19112,7.5368],[80.19134,7.53654],[80.19157,7.53606],[80.19155,7.53578],[80.19129,7.53578],[80.1912,7.53567],[80.19102,7.53592],[80.19081,7.53585],[80.19045,7.53629],[80.19036,7.5367],[80.19039,7.53688],[80.19018,7.53799],[80.18964,7.53813],[80.18973,7.5383],[80.18973,7.53873],[80.18943,7.53891],[80.18888,7.53891]]]}},{"type":"Feature","properties":{"c":"farmland"},"geometry":{"type":"Polygon","coordinates":[[[80.19264,7.53845],[80.19317,7.5387],[80.19329,7.53847],[80.19353,7.53844],[80.19353,7.53804],[80.19383,7.53745],[80.1935,7.5373],[80.19333,7.53767],[80.19303,7.53802],[80.19273,7.53822],[80.19265,7.53833],[80.19264,7.53845]]]}},{"type":"Feature","properties":{"c":"scrub"},"geometry":{"type":"Polygon","coordinates":[[[80.19326,7.54255],[80.19327,7.54289],[80.1934,7.54299],[80.19348,7.54319],[80.1941,7.54294],[80.19384,7.54231],[80.19326,7.54255]]]}},{"type":"Feature","properties":{"c":"farmland"},"geometry":{"type":"Polygon","coordinates":[[[80.19414,7.54235],[80.19435,7.54292],[80.19509,7.54265],[80.19564,7.54275],[80.19629,7.54249],[80.19623,7.54203],[80.19662,7.54223],[80.197,7.54212],[80.1975,7.54164],[80.19555,7.54097],[80.19571,7.54127],[80.19584,7.54177],[80.19541,7.54211],[80.19452,7.54221],[80.19414,7.54235]]]}},{"type":"Feature","properties":{"c":"farmland"},"geometry":{"type":"Polygon","coordinates":[[[80.19045,7.54364],[80.19057,7.54442],[80.19077,7.54446],[80.19123,7.54438],[80.19149,7.5446],[80.19179,7.54496],[80.19209,7.54491],[80.19171,7.5461],[80.19166,7.54665],[80.19223,7.54664],[80.1919,7.54692],[80.19197,7.54796],[80.19177,7.54824],[80.19179,7.54888],[80.19271,7.5485],[80.19385,7.54783],[80.19522,7.54759],[80.19525,7.54727],[80.19583,7.54681],[80.19609,7.54625],[80.19647,7.54621],[80.19737,7.54579],[80.19775,7.54528],[80.1975,7.54486],[80.19757,7.54465],[80.19803,7.54439],[80.19832,7.54394],[80.1991,7.54403],[80.20127,7.54373],[80.20137,7.54307],[80.20147,7.54281],[80.20179,7.54243],[80.20238,7.54209],[80.20318,7.54197],[80.20319,7.54125],[80.20236,7.54126],[80.20149,7.54157],[80.20135,7.54187],[80.201,7.54233],[80.19991,7.54305],[80.19943,7.54299],[80.19947,7.54251],[80.19842,7.54245],[80.19754,7.54229],[80.19741,7.5425],[80.19781,7.5426],[80.19715,7.54349],[80.19696,7.54386],[80.19715,7.54396],[80.19712,7.54413],[80.19695,7.5444],[80.19673,7.5444],[80.19616,7.54458],[80.19562,7.54514],[80.19545,7.54525],[80.1951,7.54539],[80.19485,7.54539],[80.19371,7.54589],[80.19325,7.54516],[80.19316,7.54488],[80.19288,7.54478],[80.19273,7.54436],[80.19256,7.54431],[80.19256,7.54413],[80.19267,7.544],[80.19264,7.54319],[80.19218,7.54328],[80.19177,7.54327],[80.19125,7.54322],[80.19105,7.54303],[80.19088,7.54304],[80.19081,7.54352],[80.19073,7.54359],[80.19045,7.54364]]]}},{"type":"Feature","properties":{"c":"farmland"},"geometry":{"type":"Polygon","coordinates":[[[80.20738,7.53357],[80.20851,7.53455],[80.20875,7.53451],[80.20903,7.53463],[80.20933,7.53392],[80.20805,7.53281],[80.20738,7.53357]]]}},{"type":"Feature","properties":{"c":"farmland"},"geometry":{"type":"Polygon","coordinates":[[[80.20912,7.53476],[80.20945,7.53519],[80.2096,7.5352],[80.20934,7.53563],[80.20913,7.53631],[80.20926,7.53686],[80.20971,7.53741],[80.2103,7.53736],[80.21076,7.53707],[80.21139,7.53682],[80.21372,7.5379],[80.21367,7.5375],[80.21415,7.53579],[80.21491,7.53489],[80.21492,7.5346],[80.21522,7.53438],[80.21551,7.53436],[80.21568,7.53456],[80.21555,7.53482],[80.21537,7.5359],[80.21575,7.53607],[80.21608,7.5363],[80.21618,7.53657],[80.21665,7.53648],[80.21673,7.53585],[80.21684,7.53564],[80.21704,7.53546],[80.21711,7.53486],[80.21682,7.53462],[80.21694,7.53432],[80.21799,7.53429],[80.21821,7.53398],[80.21806,7.53377],[80.21827,7.53327],[80.21782,7.53296],[80.21727,7.53335],[80.21633,7.53348],[80.21568,7.5339],[80.21517,7.53352],[80.21524,7.53184],[80.21541,7.53102],[80.21577,7.53101],[80.21576,7.53016],[80.21552,7.52948],[80.21497,7.52893],[80.21494,7.52845],[80.21478,7.52758],[80.21408,7.52761],[80.21386,7.52659],[80.21335,7.52656],[80.21331,7.52684],[80.21365,7.5271],[80.21371,7.52775],[80.21395,7.52897],[80.21412,7.52933],[80.21418,7.5304],[80.21408,7.53326],[80.21369,7.53495],[80.21282,7.5354],[80.21273,7.53457],[80.21163,7.53459],[80.21023,7.53452],[80.20957,7.53414],[80.20912,7.53476]]]}},{"type":"Feature","properties":{"c":"farmland"},"geometry":{"type":"Polygon","coordinates":[[[80.21399,7.54857],[80.21405,7.54891],[80.2143,7.54878],[80.21475,7.54887],[80.21535,7.54912],[80.2159,7.54945],[80.21646,7.55009],[80.21642,7.55],[80.21659,7.54937],[80.2155,7.54861],[80.21432,7.54838],[80.21399,7.54857]]]}},{"type":"Feature","properties":{"c":"farmland"},"geometry":{"type":"Polygon","coordinates":[[[80.22549,7.55343],[80.22551,7.55419],[80.22581,7.55418],[80.22592,7.55391],[80.22611,7.55399],[80.22617,7.5541],[80.22638,7.55407],[80.2269,7.55294],[80.22726,7.55292],[80.22723,7.55246],[80.22706,7.55206],[80.22711,7.55166],[80.22736,7.55123],[80.2284,7.55087],[80.22867,7.5506],[80.22884,7.55063],[80.22911,7.55056],[80.22923,7.55038],[80.22902,7.54983],[80.22857,7.5498],[80.22831,7.54912],[80.22765,7.54938],[80.22744,7.54984],[80.22612,7.54998],[80.22598,7.55017],[80.2266,7.55039],[80.2267,7.55094],[80.22655,7.55142],[80.22617,7.55141],[80.22591,7.55176],[80.22549,7.55343]]]}},{"type":"Feature","properties":{"c":"farmland"},"geometry":{"type":"Polygon","coordinates":[[[80.22981,7.56364],[80.23037,7.56397],[80.23069,7.56363],[80.23096,7.5631],[80.23117,7.56308],[80.23118,7.5619],[80.23157,7.56062],[80.23226,7.55944],[80.23267,7.55904],[80.23315,7.55808],[80.23313,7.5563],[80.2326,7.5563],[80.23261,7.55773],[80.23252,7.55807],[80.23253,7.55817],[80.23211,7.5584],[80.23182,7.55911],[80.23162,7.55929],[80.23141,7.55973],[80.23082,7.55945],[80.23082,7.56074],[80.23068,7.56171],[80.2305,7.56181],[80.23063,7.56203],[80.22981,7.56364]]]}},{"type":"Feature","properties":{"c":"farmland"},"geometry":{"type":"Polygon","coordinates":[[[80.19974,7.53256],[80.20116,7.53312],[80.20209,7.53223],[80.20325,7.53132],[80.20256,7.53042],[80.20213,7.53059],[80.20231,7.53085],[80.20204,7.53103],[80.20184,7.53088],[80.20115,7.53107],[80.20052,7.5311],[80.2002,7.53083],[80.20001,7.5312],[80.20036,7.53156],[80.20006,7.53192],[80.20037,7.53208],[80.20023,7.53233],[80.1999,7.53226],[80.19974,7.53256]]]}},{"type":"Feature","properties":{"c":"farmland"},"geometry":{"type":"Polygon","coordinates":[[[80.20048,7.535],[80.20106,7.53513],[80.20142,7.53438],[80.2015,7.53388],[80.20192,7.53325],[80.20289,7.53205],[80.20297,7.53231],[80.20318,7.53213],[80.20314,7.53188],[80.203,7.53158],[80.20215,7.53224],[80.20168,7.53288],[80.2015,7.53287],[80.2013,7.5333],[80.20098,7.53359],[80.20109,7.5337],[80.20092,7.53405],[80.20067,7.53411],[80.20061,7.53467],[80.20048,7.535]]]}},{"type":"Feature","properties":{"c":"farmland"},"geometry":{"type":"Polygon","coordinates":[[[80.19888,7.53522],[80.19924,7.53531],[80.19935,7.53548],[80.19941,7.53616],[80.19952,7.5364],[80.19981,7.53647],[80.19989,7.53617],[80.19976,7.53614],[80.19969,7.53525],[80.19955,7.53501],[80.19938,7.53511],[80.19929,7.53443],[80.19925,7.53461],[80.19902,7.53465],[80.19888,7.53522]]]}},{"type":"Feature","properties":{"c":"farmland"},"geometry":{"type":"Polygon","coordinates":[[[80.19991,7.53639],[80.20031,7.53619],[80.20031,7.53597],[80.20021,7.53589],[80.20083,7.53515],[80.20054,7.53511],[80.20057,7.53525],[80.19995,7.53564],[80.20003,7.53589],[80.19991,7.53639]]]}},{"type":"Feature","properties":{"c":"farmland"},"geometry":{"type":"Polygon","coordinates":[[[80.19955,7.53843],[80.20026,7.5386],[80.20022,7.53798],[80.20003,7.538],[80.20073,7.53734],[80.20043,7.53703],[80.19999,7.53689],[80.2,7.53649],[80.19963,7.53666],[80.19956,7.53696],[80.1997,7.53781],[80.19955,7.53843]]]}},{"type":"Feature","properties":{"c":"farmland"},"geometry":{"type":"Polygon","coordinates":[[[80.20052,7.53994],[80.20073,7.54003],[80.201,7.53976],[80.20117,7.53972],[80.20123,7.54012],[80.20158,7.54019],[80.20164,7.53995],[80.20149,7.53983],[80.20175,7.53984],[80.20197,7.53952],[80.2016,7.53914],[80.20117,7.53946],[80.20104,7.5395],[80.20068,7.53939],[80.20052,7.53994]]]}},{"type":"Feature","properties":{"c":"farmland"},"geometry":{"type":"Polygon","coordinates":[[[80.19952,7.55474],[80.20148,7.5555],[80.20174,7.5549],[80.20244,7.55443],[80.20281,7.55411],[80.2031,7.55351],[80.20378,7.55307],[80.20308,7.55216],[80.20249,7.55278],[80.20203,7.55336],[80.20126,7.55308],[80.20074,7.55282],[80.20052,7.55324],[80.19963,7.5532],[80.19952,7.55474]]]}},{"type":"Feature","properties":{"c":"farmland"},"geometry":{"type":"Polygon","coordinates":[[[80.19984,7.55309],[80.20041,7.55319],[80.20044,7.55314],[80.20041,7.5529],[80.20056,7.55279],[80.20069,7.55262],[80.20103,7.55284],[80.20151,7.5527],[80.20193,7.55316],[80.20227,7.55264],[80.203,7.55194],[80.20351,7.55213],[80.20373,7.55181],[80.20308,7.55148],[80.20267,7.55103],[80.20238,7.55085],[80.20258,7.55057],[80.20233,7.54986],[80.20145,7.54997],[80.20175,7.55014],[80.20196,7.55072],[80.20215,7.55089],[80.2018,7.55168],[80.20115,7.55233],[80.20083,7.55233],[80.20034,7.55254],[80.20016,7.55282],[80.19984,7.55309]]]}},{"type":"Feature","properties":{"c":"farmland"},"geometry":{"type":"Polygon","coordinates":[[[80.19646,7.55366],[80.19661,7.55399],[80.19807,7.55407],[80.19854,7.55458],[80.19939,7.55466],[80.19956,7.55299],[80.20018,7.55249],[80.19862,7.55217],[80.19756,7.55222],[80.19728,7.55329],[80.19646,7.55366]]]}},{"type":"Feature","properties":{"c":"forest"},"geometry":{"type":"Polygon","coordinates":[[[80.19219,7.55236],[80.19301,7.55281],[80.1932,7.5532],[80.19324,7.55354],[80.19421,7.55408],[80.19482,7.55381],[80.19542,7.55316],[80.19539,7.55275],[80.19479,7.55236],[80.1936,7.55233],[80.19231,7.55209],[80.19219,7.55236]]]}},{"type":"Feature","properties":{"c":"farmland"},"geometry":{"type":"Polygon","coordinates":[[[80.19656,7.56058],[80.19851,7.56078],[80.20118,7.56253],[80.20216,7.56266],[80.20384,7.56242],[80.20377,7.56223],[80.20383,7.562],[80.20368,7.56172],[80.20328,7.56168],[80.20319,7.5611],[80.20322,7.56077],[80.2034,7.56016],[80.20389,7.56025],[80.20432,7.55953],[80.20471,7.55984],[80.20501,7.55893],[80.20487,7.55881],[80.20468,7.55894],[80.20455,7.55895],[80.2045,7.55858],[80.20432,7.55848],[80.20372,7.55838],[80.20286,7.55894],[80.2025,7.55932],[80.20231,7.55931],[80.20141,7.5591],[80.20121,7.55891],[80.20096,7.5588],[80.2009,7.55863],[80.20076,7.55856],[80.20088,7.55812],[80.20029,7.55785],[80.19891,7.55737],[80.19697,7.55707],[80.19684,7.55749],[80.19685,7.55762],[80.19761,7.55767],[80.1976,7.55829],[80.19741,7.55863],[80.19733,7.55962],[80.19666,7.5597],[80.19656,7.56058]]]}},{"type":"Feature","properties":{"c":"farmland"},"geometry":{"type":"Polygon","coordinates":[[[80.19266,7.56159],[80.19285,7.56185],[80.1936,7.56211],[80.19416,7.56194],[80.19456,7.56212],[80.19486,7.56243],[80.19543,7.56214],[80.19514,7.56014],[80.19396,7.55975],[80.19379,7.56024],[80.19382,7.56079],[80.19289,7.56126],[80.19266,7.56159]]]}},{"type":"Feature","properties":{"c":"farmland"},"geometry":{"type":"Polygon","coordinates":[[[80.19655,7.56112],[80.19821,7.56149],[80.19851,7.5619],[80.19844,7.5622],[80.19865,7.56253],[80.19884,7.56223],[80.1991,7.56227],[80.19916,7.5625],[80.19905,7.56287],[80.19981,7.56308],[80.20032,7.56302],[80.20015,7.56281],[80.20011,7.56254],[80.20072,7.56246],[80.19857,7.56098],[80.19772,7.56079],[80.19766,7.56102],[80.19663,7.56079],[80.19655,7.56112]]]}},{"type":"Feature","properties":{"c":"farmland"},"geometry":{"type":"Polygon","coordinates":[[[80.20057,7.56349],[80.20217,7.5637],[80.20232,7.56262],[80.20074,7.56241],[80.20057,7.56349]]]}},{"type":"Feature","properties":{"c":"farmland"},"geometry":{"type":"Polygon","coordinates":[[[80.19444,7.56751],[80.19476,7.5684],[80.19538,7.56801],[80.19578,7.56823],[80.19614,7.56799],[80.19661,7.56715],[80.19707,7.5657],[80.19732,7.56512],[80.19781,7.56415],[80.19805,7.56415],[80.19809,7.56405],[80.19807,7.56317],[80.1977,7.56321],[80.1976,7.56311],[80.19756,7.56301],[80.19753,7.56228],[80.19734,7.56229],[80.19741,7.56209],[80.19726,7.56199],[80.19702,7.56207],[80.19697,7.56248],[80.19726,7.56306],[80.19725,7.56376],[80.19689,7.56437],[80.19649,7.56485],[80.19607,7.56519],[80.19586,7.56533],[80.19532,7.56516],[80.19531,7.56547],[80.19584,7.56581],[80.19583,7.56609],[80.19519,7.56689],[80.19472,7.56735],[80.19444,7.56751]]]}},{"type":"Feature","properties":{"c":"farmland"},"geometry":{"type":"Polygon","coordinates":[[[80.19166,7.56835],[80.19218,7.56867],[80.19264,7.56904],[80.1932,7.56836],[80.19305,7.56823],[80.19287,7.56835],[80.19247,7.56815],[80.19239,7.56801],[80.19209,7.56803],[80.19198,7.56783],[80.19166,7.56835]]]}},{"type":"Feature","properties":{"c":"farmland"},"geometry":{"type":"Polygon","coordinates":[[[80.19164,7.5348],[80.19236,7.53509],[80.19256,7.53462],[80.19184,7.53433],[80.19164,7.5348]]]}},{"type":"Feature","properties":{"c":"forest"},"geometry":{"type":"Polygon","coordinates":[[[80.18838,7.53305],[80.18911,7.53335],[80.18967,7.53203],[80.18848,7.53193],[80.18838,7.53305]]]}},{"type":"Feature","properties":{"c":"forest"},"geometry":{"type":"Polygon","coordinates":[[[80.18924,7.53302],[80.18954,7.53316],[80.1894,7.53345],[80.19078,7.53411],[80.19182,7.53194],[80.19156,7.53182],[80.19074,7.532],[80.1904,7.53216],[80.18979,7.53187],[80.18924,7.53302]]]}},{"type":"Feature","properties":{"c":"forest"},"geometry":{"type":"Polygon","coordinates":[[[80.19101,7.53398],[80.19173,7.53428],[80.19203,7.53394],[80.19279,7.53388],[80.19359,7.53321],[80.19168,7.53241],[80.19101,7.53398]]]}},{"type":"Feature","properties":{"c":"farmland"},"geometry":{"type":"Polygon","coordinates":[[[80.19368,7.53354],[80.19375,7.53345],[80.19437,7.5337],[80.19393,7.53505],[80.19645,7.53509],[80.19712,7.53322],[80.19631,7.53243],[80.19552,7.53156],[80.19424,7.53199],[80.19368,7.53354]]]}},{"type":"Feature","properties":{"c":"farmland"},"geometry":{"type":"Polygon","coordinates":[[[80.20178,7.53904],[80.20213,7.53925],[80.2024,7.53913],[80.20322,7.53839],[80.20332,7.53822],[80.20389,7.53803],[80.20454,7.53704],[80.2041,7.53672],[80.20289,7.53803],[80.20178,7.53904]]]}},{"type":"Feature","properties":{"c":"forest"},"geometry":{"type":"Polygon","coordinates":[[[80.20306,7.53996],[80.2046,7.5411],[80.20525,7.54024],[80.20416,7.53944],[80.20306,7.53996]]]}},{"type":"Feature","properties":{"c":"forest"},"geometry":{"type":"Polygon","coordinates":[[[80.20455,7.5413],[80.20562,7.54204],[80.20634,7.54101],[80.20527,7.54027],[80.20455,7.5413]]]}},{"type":"Feature","properties":{"c":"farmland"},"geometry":{"type":"Polygon","coordinates":[[[80.2052,7.53991],[80.20829,7.54137],[80.20974,7.54071],[80.21056,7.53991],[80.20964,7.53898],[80.20639,7.53744],[80.2052,7.53991]]]}},{"type":"Feature","properties":{"c":"farmland"},"geometry":{"type":"Polygon","coordinates":[[[80.20584,7.54212],[80.20742,7.54387],[80.20896,7.5415],[80.20707,7.54103],[80.20584,7.54212]]]}},{"type":"Feature","properties":{"c":"farmland"},"geometry":{"type":"Polygon","coordinates":[[[80.22195,7.5577],[80.22231,7.55812],[80.2229,7.55764],[80.22254,7.55721],[80.22195,7.5577]]]}},{"type":"Feature","properties":{"c":"farmland"},"geometry":{"type":"Polygon","coordinates":[[[80.22018,7.56755],[80.22129,7.56888],[80.22179,7.56984],[80.22169,7.56999],[80.22249,7.57044],[80.22341,7.57046],[80.22344,7.57002],[80.22263,7.56963],[80.2226,7.56914],[80.2216,7.56851],[80.22088,7.56755],[80.22066,7.5671],[80.22034,7.56713],[80.22018,7.56755]]]}},{"type":"Feature","properties":{"c":"farmland"},"geometry":{"type":"Polygon","coordinates":[[[80.22324,7.57201],[80.22331,7.57287],[80.22717,7.5722],[80.22942,7.56832],[80.2281,7.56739],[80.22747,7.56834],[80.22422,7.56909],[80.22374,7.57028],[80.22324,7.57201]]]}},{"type":"Feature","properties":{"c":"farmland"},"geometry":{"type":"Polygon","coordinates":[[[80.22857,7.56747],[80.22978,7.56839],[80.23123,7.56652],[80.23002,7.5656],[80.22857,7.56747]]]}},{"type":"Feature","properties":{"c":"farmland"},"geometry":{"type":"Polygon","coordinates":[[[80.23204,7.5707],[80.23226,7.57114],[80.23255,7.57099],[80.23329,7.57177],[80.23397,7.57115],[80.23452,7.57123],[80.23496,7.57029],[80.23468,7.57016],[80.23444,7.57034],[80.23384,7.57108],[80.23351,7.57106],[80.2331,7.57064],[80.23338,7.57012],[80.2335,7.569],[80.23281,7.56891],[80.23252,7.57028],[80.23204,7.5707]]]}},{"type":"Feature","properties":{"c":"farmland"},"geometry":{"type":"Polygon","coordinates":[[[80.2334,7.57194],[80.23394,7.57299],[80.23425,7.57404],[80.23466,7.57468],[80.23524,7.57546],[80.23585,7.57527],[80.23489,7.57337],[80.23428,7.57183],[80.23435,7.57135],[80.23397,7.57131],[80.2334,7.57179],[80.2334,7.57194]]]}},{"type":"Feature","properties":{"c":"farmland"},"geometry":{"type":"Polygon","coordinates":[[[80.23537,7.57567],[80.23541,7.57615],[80.23561,7.57684],[80.2357,7.57732],[80.23544,7.57788],[80.23638,7.57788],[80.23638,7.57709],[80.2363,7.57662],[80.23671,7.5758],[80.23611,7.5757],[80.23596,7.57542],[80.23537,7.57567]]]}},{"type":"Feature","properties":{"c":"farmland"},"geometry":{"type":"Polygon","coordinates":[[[80.2385,7.57404],[80.23942,7.57435],[80.2413,7.57325],[80.24238,7.57382],[80.24285,7.57294],[80.24218,7.57258],[80.24077,7.57218],[80.23953,7.57279],[80.2385,7.57404]]]}},{"type":"Feature","properties":{"c":"farmland"},"geometry":{"type":"Polygon","coordinates":[[[80.23755,7.5754],[80.24157,7.57722],[80.24398,7.57624],[80.2435,7.5757],[80.2449,7.57446],[80.24544,7.5743],[80.24619,7.57342],[80.24638,7.57349],[80.24702,7.57327],[80.2466,7.57282],[80.24519,7.57251],[80.24486,7.57283],[80.24479,7.57313],[80.24442,7.57308],[80.24405,7.57325],[80.24315,7.57475],[80.24134,7.57574],[80.23947,7.57448],[80.23906,7.57454],[80.23814,7.57412],[80.23755,7.5754]]]}},{"type":"Feature","properties":{"c":"farmland"},"geometry":{"type":"Polygon","coordinates":[[[80.23646,7.57656],[80.2365,7.57791],[80.23689,7.57801],[80.23761,7.57713],[80.23727,7.57686],[80.23799,7.57598],[80.23736,7.57546],[80.23646,7.57656]]]}},{"type":"Feature","properties":{"c":"farmland"},"geometry":{"type":"Polygon","coordinates":[[[80.23456,7.57915],[80.23458,7.57964],[80.23513,7.57963],[80.23591,7.5792],[80.2365,7.57825],[80.2363,7.57794],[80.23554,7.57802],[80.23544,7.5784],[80.23489,7.57868],[80.23456,7.57915]]]}},{"type":"Feature","properties":{"c":"farmland"},"geometry":{"type":"Polygon","coordinates":[[[80.23406,7.58108],[80.23511,7.58117],[80.23548,7.58093],[80.23639,7.58104],[80.23763,7.58044],[80.23745,7.58008],[80.2369,7.58035],[80.23579,7.58044],[80.23539,7.58011],[80.2358,7.57961],[80.23576,7.57943],[80.23511,7.57978],[80.23451,7.57986],[80.23406,7.58108]]]}},{"type":"Feature","properties":{"c":"farmland"},"geometry":{"type":"Polygon","coordinates":[[[80.23751,7.57993],[80.23753,7.58209],[80.24139,7.58205],[80.24136,7.57907],[80.2384,7.57909],[80.23751,7.57993]]]}},{"type":"Feature","properties":{"c":"farmland"},"geometry":{"type":"Polygon","coordinates":[[[80.23283,7.58204],[80.23424,7.58286],[80.23764,7.58197],[80.23735,7.58088],[80.23633,7.58115],[80.23558,7.58109],[80.23479,7.58124],[80.2337,7.58115],[80.23283,7.58204]]]}},{"type":"Feature","properties":{"c":"farmland"},"geometry":{"type":"Polygon","coordinates":[[[80.22821,7.57655],[80.22934,7.57672],[80.23044,7.57728],[80.23132,7.57901],[80.23165,7.57943],[80.23192,7.58189],[80.23238,7.58211],[80.23384,7.58094],[80.23431,7.57989],[80.2334,7.58015],[80.23299,7.57968],[80.23203,7.57738],[80.23152,7.57746],[80.23025,7.57616],[80.23033,7.57529],[80.22926,7.57514],[80.22821,7.57655]]]}},{"type":"Feature","properties":{"c":"farmland"},"geometry":{"type":"Polygon","coordinates":[[[80.22846,7.58392],[80.22882,7.58417],[80.22983,7.58421],[80.23096,7.58334],[80.23125,7.58247],[80.23168,7.58202],[80.231,7.58139],[80.23057,7.58183],[80.22999,7.58129],[80.22975,7.58155],[80.23049,7.58225],[80.2305,7.58284],[80.22846,7.58392]]]}},{"type":"Feature","properties":{"c":"farmland"},"geometry":{"type":"Polygon","coordinates":[[[80.23471,7.58349],[80.23512,7.584],[80.24013,7.58268],[80.2405,7.58223],[80.23577,7.58257],[80.2358,7.58301],[80.23471,7.58349]]]}},{"type":"Feature","properties":{"c":"farmland"},"geometry":{"type":"Polygon","coordinates":[[[80.22956,7.58458],[80.23006,7.58486],[80.23225,7.58411],[80.23369,7.58493],[80.23424,7.585],[80.235,7.58404],[80.23426,7.58296],[80.23288,7.58216],[80.2313,7.58257],[80.23111,7.5834],[80.22956,7.58458]]]}},{"type":"Feature","properties":{"c":"farmland"},"geometry":{"type":"Polygon","coordinates":[[[80.22722,7.58617],[80.22878,7.58727],[80.22914,7.58676],[80.22862,7.58639],[80.22966,7.58495],[80.22862,7.58422],[80.22722,7.58617]]]}},{"type":"Feature","properties":{"c":"farmland"},"geometry":{"type":"Polygon","coordinates":[[[80.22464,7.58787],[80.22531,7.58962],[80.22625,7.58926],[80.22719,7.5891],[80.22834,7.58714],[80.22687,7.5863],[80.22527,7.58766],[80.22468,7.58757],[80.22464,7.58787]]]}},{"type":"Feature","properties":{"c":"farmland"},"geometry":{"type":"Polygon","coordinates":[[[80.22161,7.58636],[80.22214,7.58717],[80.2233,7.58726],[80.22307,7.58801],[80.22268,7.5882],[80.22345,7.58831],[80.22402,7.5895],[80.22489,7.58979],[80.22455,7.58855],[80.22448,7.58683],[80.22559,7.58425],[80.22582,7.58351],[80.22497,7.58309],[80.22533,7.58209],[80.2242,7.5817],[80.22357,7.58318],[80.22275,7.58259],[80.22213,7.58336],[80.22175,7.58411],[80.22161,7.58636]]]}},{"type":"Feature","properties":{"c":"farmland"},"geometry":{"type":"Polygon","coordinates":[[[80.21672,7.58692],[80.21779,7.58705],[80.21875,7.58753],[80.21957,7.58822],[80.22024,7.58864],[80.22033,7.58885],[80.22153,7.58918],[80.22261,7.58832],[80.22261,7.58792],[80.22298,7.58787],[80.22309,7.58739],[80.22201,7.58725],[80.22142,7.58626],[80.22155,7.58404],[80.2219,7.58356],[80.22168,7.58329],[80.22203,7.58288],[80.22228,7.58289],[80.22253,7.58241],[80.22188,7.58174],[80.22058,7.58313],[80.21996,7.5844],[80.21986,7.58521],[80.21943,7.58539],[80.21936,7.58598],[80.21857,7.58638],[80.21824,7.58691],[80.21675,7.58654],[80.21672,7.58692]]]}},{"type":"Feature","properties":{"c":"farmland"},"geometry":{"type":"Polygon","coordinates":[[[80.21217,7.58113],[80.21239,7.58172],[80.21237,7.58231],[80.21351,7.58441],[80.21418,7.58439],[80.21492,7.58527],[80.21523,7.58536],[80.21668,7.58399],[80.21629,7.58358],[80.21629,7.58368],[80.21547,7.58418],[80.21483,7.58387],[80.21456,7.58165],[80.21332,7.5818],[80.21322,7.581],[80.21217,7.58113]]]}},{"type":"Feature","properties":{"c":"farmland"},"geometry":{"type":"Polygon","coordinates":[[[80.19728,7.57726],[80.19837,7.57781],[80.19867,7.57723],[80.19852,7.57715],[80.19889,7.57644],[80.19943,7.57671],[80.19942,7.5772],[80.19957,7.57767],[80.19933,7.57844],[80.19993,7.57862],[80.20061,7.57644],[80.19917,7.57503],[80.19818,7.57551],[80.19728,7.57726]]]}},{"type":"Feature","properties":{"c":"farmland"},"geometry":{"type":"Polygon","coordinates":[[[80.18815,7.53922],[80.18827,7.53957],[80.18879,7.53939],[80.18867,7.53904],[80.18815,7.53922]]]}},{"type":"Feature","properties":{"c":"farmland"},"geometry":{"type":"Polygon","coordinates":[[[80.18922,7.54398],[80.19018,7.54404],[80.19024,7.5431],[80.18985,7.54284],[80.18928,7.54304],[80.18922,7.54398]]]}},{"type":"Feature","properties":{"c":"farmland"},"geometry":{"type":"Polygon","coordinates":[[[80.19188,7.53958],[80.19242,7.5399],[80.1931,7.53876],[80.19257,7.53845],[80.19188,7.53958]]]}},{"type":"Feature","properties":{"c":"farmland"},"geometry":{"type":"Polygon","coordinates":[[[80.18491,7.55438],[80.186,7.55461],[80.18637,7.5538],[80.18695,7.55337],[80.18929,7.55279],[80.19147,7.55243],[80.19143,7.55187],[80.18983,7.55162],[80.19019,7.55046],[80.18988,7.55024],[80.19106,7.54901],[80.19096,7.5486],[80.19022,7.54893],[80.18923,7.54952],[80.18923,7.55016],[80.18865,7.55014],[80.18786,7.55039],[80.18617,7.55106],[80.18575,7.55176],[80.18554,7.55263],[80.18491,7.55438]]]}},{"type":"Feature","properties":{"c":"farmland"},"geometry":{"type":"Polygon","coordinates":[[[80.18343,7.55027],[80.18385,7.55038],[80.18369,7.55098],[80.18419,7.55152],[80.18428,7.5517],[80.18422,7.5523],[80.184,7.55274],[80.18466,7.55307],[80.18501,7.5524],[80.18498,7.55177],[80.18526,7.55176],[80.1852,7.55054],[80.18487,7.5497],[80.18343,7.55027]]]}},{"type":"Feature","properties":{"c":"farmland"},"geometry":{"type":"Polygon","coordinates":[[[80.18015,7.54716],[80.1804,7.54781],[80.18106,7.54756],[80.18143,7.54731],[80.18158,7.54754],[80.18198,7.54752],[80.182,7.54818],[80.18228,7.54826],[80.18189,7.54829],[80.18193,7.54876],[80.18334,7.55009],[80.18482,7.54946],[80.18331,7.54821],[80.18286,7.54749],[80.18282,7.54603],[80.18248,7.54577],[80.18228,7.54623],[80.18125,7.54639],[80.18087,7.54613],[80.18015,7.54716]]]}},{"type":"Feature","properties":{"c":"farmland"},"geometry":{"type":"Polygon","coordinates":[[[80.179,7.54676],[80.17917,7.54762],[80.17942,7.5472],[80.17963,7.54704],[80.17992,7.54718],[80.18024,7.54656],[80.18026,7.54611],[80.179,7.54676]]]}},{"type":"Feature","properties":{"c":"farmland"},"geometry":{"type":"Polygon","coordinates":[[[80.18244,7.56246],[80.18363,7.56305],[80.18493,7.56225],[80.18685,7.56147],[80.18865,7.56058],[80.18919,7.55884],[80.18895,7.5586],[80.18885,7.55892],[80.18697,7.55944],[80.18598,7.56046],[80.18398,7.56199],[80.18314,7.56123],[80.18244,7.56246]]]}},{"type":"Feature","properties":{"c":"farmland"},"geometry":{"type":"Polygon","coordinates":[[[80.18141,7.56345],[80.18411,7.56531],[80.18483,7.56429],[80.18366,7.56349],[80.18369,7.56309],[80.18232,7.56215],[80.18141,7.56345]]]}},{"type":"Feature","properties":{"c":"farmland"},"geometry":{"type":"Polygon","coordinates":[[[80.18879,7.56369],[80.18955,7.56395],[80.18983,7.56459],[80.18965,7.56571],[80.18975,7.56638],[80.18953,7.56634],[80.18953,7.56659],[80.19019,7.56692],[80.19081,7.56707],[80.19055,7.56747],[80.19086,7.56755],[80.19144,7.56643],[80.19107,7.56613],[80.19097,7.56673],[80.19067,7.56675],[80.1906,7.56633],[80.19075,7.56535],[80.19076,7.56432],[80.19102,7.56358],[80.19092,7.56293],[80.19135,7.56193],[80.19111,7.56201],[80.19068,7.56296],[80.18993,7.563],[80.18973,7.56208],[80.18936,7.56225],[80.18961,7.56321],[80.18884,7.56336],[80.18879,7.56369]]]}},{"type":"Feature","properties":{"c":"farmland"},"geometry":{"type":"Polygon","coordinates":[[[80.20273,7.53335],[80.2039,7.53487],[80.20679,7.5351],[80.20727,7.53393],[80.2068,7.53289],[80.20505,7.52974],[80.20336,7.53061],[80.20321,7.53062],[80.20337,7.53179],[80.20273,7.53335]]]}},{"type":"Feature","properties":{"c":"farmland"},"geometry":{"type":"Polygon","coordinates":[[[80.21347,7.54043],[80.21452,7.5408],[80.21505,7.54],[80.21361,7.53928],[80.21347,7.54043]]]}},{"type":"Feature","properties":{"c":"forest"},"geometry":{"type":"Polygon","coordinates":[[[80.21274,7.5382],[80.2129,7.53885],[80.21403,7.5393],[80.21421,7.53852],[80.21274,7.5382]]]}},{"type":"Feature","properties":{"c":"farmland"},"geometry":{"type":"Polygon","coordinates":[[[80.21281,7.54162],[80.21313,7.54176],[80.21366,7.54128],[80.21401,7.54122],[80.21442,7.54088],[80.21334,7.54041],[80.21281,7.54162]]]}},{"type":"Feature","properties":{"c":"farmland"},"geometry":{"type":"Polygon","coordinates":[[[80.21324,7.54652],[80.21477,7.54672],[80.21489,7.54693],[80.21557,7.54698],[80.21557,7.54726],[80.21589,7.54747],[80.21577,7.54805],[80.21673,7.54826],[80.21693,7.54863],[80.21727,7.5487],[80.21733,7.54794],[80.21806,7.54648],[80.21634,7.54627],[80.21598,7.54603],[80.21463,7.5457],[80.21347,7.54572],[80.21324,7.54652]]]}},{"type":"Feature","properties":{"c":"farmland"},"geometry":{"type":"Polygon","coordinates":[[[80.23676,7.56635],[80.23723,7.56681],[80.23828,7.56617],[80.23842,7.56653],[80.23801,7.56889],[80.23873,7.569],[80.2388,7.56743],[80.23921,7.56651],[80.24057,7.56416],[80.23929,7.56269],[80.23839,7.56308],[80.23814,7.56377],[80.23876,7.56484],[80.23676,7.56635]]]}},{"type":"Feature","properties":{"c":"farmland"},"geometry":{"type":"Polygon","coordinates":[[[80.23938,7.56268],[80.24054,7.56401],[80.24104,7.56365],[80.24137,7.56396],[80.24213,7.56382],[80.24118,7.56144],[80.24095,7.56125],[80.24083,7.561],[80.23955,7.56131],[80.23938,7.56268]]]}},{"type":"Feature","properties":{"c":"farmland"},"geometry":{"type":"Polygon","coordinates":[[[80.23888,7.55606],[80.23936,7.56076],[80.23974,7.5607],[80.24116,7.56072],[80.24204,7.56059],[80.24238,7.56046],[80.24311,7.56163],[80.24386,7.56159],[80.2441,7.56248],[80.24553,7.56265],[80.24532,7.56102],[80.24609,7.56089],[80.2462,7.56038],[80.24553,7.56012],[80.24654,7.55851],[80.2462,7.55731],[80.24461,7.55704],[80.24399,7.55827],[80.2426,7.55842],[80.2421,7.55674],[80.24062,7.5554],[80.23888,7.55606]]]}},{"type":"Feature","properties":{"c":"farmland"},"geometry":{"type":"Polygon","coordinates":[[[80.24047,7.55132],[80.24069,7.55291],[80.24169,7.5527],[80.2441,7.5531],[80.24431,7.55223],[80.24208,7.55195],[80.24254,7.55003],[80.24182,7.5498],[80.24047,7.55132]]]}},{"type":"Feature","properties":{"c":"farmland"},"geometry":{"type":"Polygon","coordinates":[[[80.2104,7.51869],[80.2122,7.5206],[80.21166,7.52078],[80.21137,7.52098],[80.21168,7.52136],[80.2122,7.5212],[80.21385,7.52218],[80.21434,7.52168],[80.21354,7.52115],[80.21361,7.51973],[80.21357,7.51929],[80.21336,7.51869],[80.21303,7.51881],[80.21298,7.51996],[80.21226,7.51992],[80.2112,7.51869],[80.21151,7.51837],[80.21105,7.51827],[80.2104,7.51869]]]}},{"type":"Feature","properties":{"c":"farmland"},"geometry":{"type":"Polygon","coordinates":[[[80.21505,7.52159],[80.21589,7.52183],[80.2172,7.52203],[80.21738,7.52181],[80.21757,7.52141],[80.21733,7.52131],[80.21727,7.52157],[80.21683,7.52131],[80.21664,7.52143],[80.21631,7.52136],[80.2165,7.52072],[80.21637,7.52042],[80.21644,7.51992],[80.2157,7.51986],[80.21505,7.52159]]]}},{"type":"Feature","properties":{"c":"farmland"},"geometry":{"type":"Polygon","coordinates":[[[80.22424,7.52726],[80.2243,7.52764],[80.22464,7.52743],[80.22475,7.5277],[80.22552,7.52802],[80.22748,7.52664],[80.22855,7.52581],[80.22876,7.52513],[80.23127,7.52483],[80.23402,7.52343],[80.23398,7.52268],[80.2323,7.52247],[80.2307,7.52267],[80.23007,7.52239],[80.23069,7.52056],[80.22934,7.51988],[80.22936,7.52151],[80.22813,7.52206],[80.22772,7.52233],[80.2273,7.52241],[80.22722,7.52166],[80.22576,7.51928],[80.2249,7.51981],[80.22623,7.52158],[80.22595,7.52311],[80.22617,7.5247],[80.22597,7.52498],[80.22481,7.52579],[80.2243,7.52621],[80.22447,7.52696],[80.22424,7.52726]]]}},{"type":"Feature","properties":{"c":"farmland"},"geometry":{"type":"Polygon","coordinates":[[[80.23465,7.53919],[80.23493,7.53969],[80.23536,7.53996],[80.23622,7.53932],[80.23649,7.53878],[80.2371,7.53882],[80.23689,7.53951],[80.23789,7.53931],[80.2378,7.53644],[80.23807,7.53593],[80.24138,7.5366],[80.24117,7.53881],[80.24156,7.53892],[80.24218,7.53716],[80.2425,7.53703],[80.24313,7.53608],[80.24227,7.53624],[80.24031,7.53555],[80.2388,7.53457],[80.23845,7.53479],[80.23785,7.53417],[80.23842,7.53296],[80.2375,7.53251],[80.23651,7.53469],[80.23576,7.53538],[80.23625,7.53636],[80.2358,7.53764],[80.23465,7.53919]]]}},{"type":"Feature","properties":{"c":"farmland"},"geometry":{"type":"Polygon","coordinates":[[[80.24254,7.53714],[80.24385,7.53827],[80.24356,7.53955],[80.24383,7.53981],[80.24409,7.53949],[80.2444,7.53975],[80.24593,7.53938],[80.24596,7.5389],[80.24544,7.53906],[80.24556,7.53838],[80.24682,7.53793],[80.24709,7.53718],[80.24661,7.53626],[80.24608,7.53663],[80.24598,7.5361],[80.24557,7.53707],[80.24525,7.53593],[80.24454,7.53647],[80.24439,7.53733],[80.2434,7.53617],[80.24254,7.53714]]]}},{"type":"Feature","properties":{"c":"farmland"},"geometry":{"type":"Polygon","coordinates":[[[80.24244,7.542],[80.24292,7.54234],[80.24353,7.54059],[80.2439,7.54012],[80.24333,7.53988],[80.24292,7.54025],[80.24252,7.54107],[80.24244,7.542]]]}},{"type":"Feature","properties":{"c":"farmland"},"geometry":{"type":"Polygon","coordinates":[[[80.24428,7.54316],[80.24436,7.54641],[80.24585,7.54209],[80.2472,7.54271],[80.24767,7.54186],[80.24726,7.54133],[80.24741,7.54067],[80.24638,7.53958],[80.24479,7.54007],[80.24449,7.54275],[80.24428,7.54316]]]}},{"type":"Feature","properties":{"c":"farmland"},"geometry":{"type":"Polygon","coordinates":[[[80.24745,7.54668],[80.24763,7.54803],[80.24813,7.54828],[80.24827,7.54735],[80.24867,7.5457],[80.24945,7.54425],[80.24994,7.54465],[80.25087,7.54474],[80.25099,7.54434],[80.25213,7.54371],[80.25091,7.54362],[80.25025,7.54273],[80.25008,7.5429],[80.24825,7.542],[80.24747,7.54312],[80.2477,7.54359],[80.24819,7.54426],[80.24745,7.54668]]]}},{"type":"Feature","properties":{"c":"farmland"},"geometry":{"type":"Polygon","coordinates":[[[80.22714,7.54396],[80.22775,7.5443],[80.22868,7.54263],[80.22823,7.54242],[80.22714,7.54396]]]}},{"type":"Feature","properties":{"c":"farmland"},"geometry":{"type":"Polygon","coordinates":[[[80.22569,7.54635],[80.22639,7.54666],[80.22667,7.54605],[80.22702,7.54584],[80.22753,7.5452],[80.22744,7.54492],[80.22763,7.54496],[80.22776,7.54442],[80.22724,7.54416],[80.22671,7.54514],[80.2262,7.54542],[80.22569,7.54635]]]}},{"type":"Feature","properties":{"c":"farmland"},"geometry":{"type":"Polygon","coordinates":[[[80.22412,7.54841],[80.22482,7.54836],[80.22541,7.54771],[80.22601,7.54732],[80.22639,7.54672],[80.22574,7.54642],[80.22412,7.54841]]]}},{"type":"Feature","properties":{"c":"forest"},"geometry":{"type":"Polygon","coordinates":[[[80.22476,7.5486],[80.22567,7.54895],[80.22654,7.5484],[80.22549,7.54783],[80.22476,7.5486]]]}},{"type":"Feature","properties":{"c":"forest"},"geometry":{"type":"Polygon","coordinates":[[[80.22605,7.54929],[80.22729,7.54965],[80.22816,7.54863],[80.22867,7.5482],[80.2271,7.54754],[80.22605,7.54929]]]}},{"type":"Feature","properties":{"c":"farmland"},"geometry":{"type":"Polygon","coordinates":[[[80.22841,7.54901],[80.22864,7.54954],[80.22947,7.55017],[80.23019,7.55045],[80.23053,7.54972],[80.2297,7.54919],[80.22992,7.54831],[80.23157,7.54697],[80.23062,7.54652],[80.22905,7.54777],[80.22841,7.54901]]]}},{"type":"Feature","properties":{"c":"farmland"},"geometry":{"type":"Polygon","coordinates":[[[80.2311,7.54661],[80.23166,7.54681],[80.23235,7.54593],[80.23361,7.54561],[80.23418,7.54498],[80.23344,7.54447],[80.2328,7.54513],[80.23182,7.5453],[80.2311,7.54661]]]}},{"type":"Feature","properties":{"c":"farmland"},"geometry":{"type":"Polygon","coordinates":[[[80.23096,7.54397],[80.23098,7.54481],[80.2317,7.54521],[80.23224,7.54482],[80.23222,7.54289],[80.23178,7.54255],[80.23115,7.54239],[80.23096,7.54397]]]}},{"type":"Feature","properties":{"c":"farmland"},"geometry":{"type":"Polygon","coordinates":[[[80.23489,7.54364],[80.23505,7.54453],[80.23632,7.54461],[80.23668,7.54501],[80.23724,7.54481],[80.23662,7.54397],[80.23489,7.54364]]]}},{"type":"Feature","properties":{"c":"farmland"},"geometry":{"type":"Polygon","coordinates":[[[80.25169,7.56032],[80.25195,7.56035],[80.25217,7.56091],[80.25264,7.56078],[80.25237,7.56004],[80.25205,7.55946],[80.25173,7.55951],[80.25183,7.56006],[80.25169,7.56032]]]}},{"type":"Feature","properties":{"c":"farmland"},"geometry":{"type":"Polygon","coordinates":[[[80.25143,7.56295],[80.25152,7.56402],[80.25214,7.5641],[80.25228,7.5628],[80.25293,7.56219],[80.25363,7.5622],[80.25495,7.56042],[80.25539,7.56063],[80.25519,7.56193],[80.25558,7.56217],[80.25621,7.56035],[80.25596,7.55914],[80.25527,7.55888],[80.25526,7.55941],[80.25417,7.56031],[80.2538,7.56084],[80.25229,7.56104],[80.25143,7.56295]]]}},{"type":"Feature","properties":{"c":"farmland"},"geometry":{"type":"Polygon","coordinates":[[[80.25786,7.55629],[80.25805,7.55634],[80.25797,7.55756],[80.2587,7.55755],[80.25894,7.5569],[80.25967,7.55646],[80.25979,7.55556],[80.25937,7.55544],[80.2586,7.55563],[80.25822,7.55548],[80.25786,7.55629]]]}},{"type":"Feature","properties":{"c":"farmland"},"geometry":{"type":"Polygon","coordinates":[[[80.28149,7.55582],[80.28168,7.5564],[80.28158,7.55678],[80.28161,7.55775],[80.28186,7.55782],[80.28212,7.55732],[80.28202,7.55698],[80.28201,7.55656],[80.28225,7.55614],[80.28149,7.55582]]]}},{"type":"Feature","properties":{"c":"farmland"},"geometry":{"type":"Polygon","coordinates":[[[80.23571,7.52258],[80.23594,7.52353],[80.23702,7.52311],[80.23833,7.52291],[80.23878,7.52351],[80.23959,7.52328],[80.23948,7.51971],[80.23974,7.51847],[80.2386,7.51831],[80.23801,7.51979],[80.23841,7.51999],[80.2382,7.52079],[80.23779,7.52143],[80.23742,7.52185],[80.23622,7.52277],[80.23571,7.52258]]]}},{"type":"Feature","properties":{"c":"farmland"},"geometry":{"type":"Polygon","coordinates":[[[80.26611,7.49853],[80.26891,7.4986],[80.26897,7.50049],[80.26978,7.4997],[80.27089,7.49916],[80.27157,7.49917],[80.27171,7.49885],[80.2726,7.49861],[80.27273,7.49847],[80.27274,7.49762],[80.27233,7.49758],[80.2722,7.49714],[80.27169,7.49732],[80.27134,7.49643],[80.27067,7.49616],[80.27,7.49712],[80.26942,7.49674],[80.269,7.49755],[80.26781,7.49779],[80.26627,7.49799],[80.26611,7.49853]]]}},{"type":"Feature","properties":{"c":"farmland"},"geometry":{"type":"Polygon","coordinates":[[[80.20874,7.5274],[80.20912,7.52853],[80.20928,7.52856],[80.2102,7.52837],[80.21036,7.52762],[80.21018,7.52745],[80.20942,7.52748],[80.20918,7.52718],[80.20874,7.5274]]]}},{"type":"Feature","properties":{"c":"farmland"},"geometry":{"type":"Polygon","coordinates":[[[80.21033,7.52843],[80.21042,7.52849],[80.21174,7.52855],[80.21193,7.52831],[80.21213,7.52828],[80.21229,7.52855],[80.21234,7.52826],[80.21266,7.52822],[80.21311,7.52802],[80.21313,7.52776],[80.21336,7.5275],[80.21301,7.5272],[80.21245,7.52749],[80.21154,7.52762],[80.21131,7.5277],[80.21036,7.52767],[80.21033,7.52843]]]}},{"type":"Feature","properties":{"c":"farmland"},"geometry":{"type":"Polygon","coordinates":[[[80.21187,7.52554],[80.21225,7.52567],[80.21227,7.52554],[80.21229,7.52569],[80.21279,7.52586],[80.21309,7.52562],[80.21325,7.52519],[80.213,7.52519],[80.21296,7.52529],[80.21292,7.52519],[80.21253,7.52532],[80.21224,7.52531],[80.21224,7.5252],[80.2121,7.52519],[80.21187,7.52554]]]}},{"type":"Feature","properties":{"c":"farmland"},"geometry":{"type":"Polygon","coordinates":[[[80.20833,7.52974],[80.20955,7.53113],[80.20888,7.53167],[80.21029,7.53374],[80.21201,7.53246],[80.21192,7.53208],[80.21251,7.53147],[80.21256,7.53057],[80.21174,7.52976],[80.21108,7.53013],[80.21051,7.52882],[80.20901,7.52941],[80.20833,7.52974]]]}},{"type":"Feature","properties":{"c":"farmland"},"geometry":{"type":"Polygon","coordinates":[[[80.20495,7.5531],[80.20518,7.55359],[80.20587,7.55359],[80.2063,7.55402],[80.20688,7.55364],[80.20705,7.5534],[80.20749,7.5533],[80.20755,7.55312],[80.20735,7.55309],[80.20712,7.55312],[80.20663,7.5531],[80.20655,7.55283],[80.20636,7.55298],[80.20644,7.55265],[80.20602,7.5525],[80.20595,7.55285],[80.20574,7.55279],[80.20568,7.55256],[80.20539,7.55271],[80.2052,7.55308],[80.20495,7.5531]]]}},{"type":"Feature","properties":{"c":"farmland"},"geometry":{"type":"Polygon","coordinates":[[[80.20342,7.55438],[80.20361,7.55482],[80.20414,7.55534],[80.20487,7.55519],[80.20573,7.5553],[80.20598,7.55552],[80.20644,7.55619],[80.20666,7.55585],[80.20691,7.55509],[80.20623,7.55438],[80.2061,7.55392],[80.20574,7.55365],[80.20536,7.55376],[80.20509,7.5537],[80.20499,7.55351],[80.20462,7.5536],[80.20467,7.55415],[80.20406,7.55408],[80.20411,7.55382],[80.20401,7.55375],[80.20361,7.554],[80.20342,7.55438]]]}},{"type":"Feature","properties":{"c":"farmland"},"geometry":{"type":"Polygon","coordinates":[[[80.19898,7.55565],[80.199,7.55716],[80.19949,7.55724],[80.19957,7.55688],[80.19933,7.55642],[80.19974,7.55632],[80.19966,7.5559],[80.19898,7.55565]]]}},{"type":"Feature","properties":{"c":"farmland"},"geometry":{"type":"Polygon","coordinates":[[[80.20232,7.56353],[80.20259,7.56372],[80.20241,7.56417],[80.20367,7.56458],[80.20415,7.56459],[80.20449,7.56493],[80.20538,7.56497],[80.2058,7.56486],[80.20561,7.56443],[80.2056,7.5642],[80.20529,7.56426],[80.20402,7.56312],[80.20391,7.56263],[80.20245,7.56271],[80.20232,7.56353]]]}},{"type":"Feature","properties":{"c":"farmland"},"geometry":{"type":"Polygon","coordinates":[[[80.2113,7.55835],[80.21162,7.55901],[80.21187,7.55899],[80.21192,7.55881],[80.21217,7.5588],[80.21243,7.55899],[80.21302,7.5591],[80.21305,7.55883],[80.21241,7.55868],[80.21215,7.55842],[80.212,7.55851],[80.21173,7.55828],[80.2113,7.55835]]]}},{"type":"Feature","properties":{"c":"farmland"},"geometry":{"type":"Polygon","coordinates":[[[80.20986,7.56016],[80.21062,7.56034],[80.2107,7.56094],[80.21117,7.5608],[80.21118,7.56106],[80.21221,7.56111],[80.21227,7.56075],[80.21193,7.56081],[80.21158,7.56068],[80.21178,7.5606],[80.21192,7.56039],[80.21214,7.56046],[80.21228,7.56025],[80.21134,7.55978],[80.21144,7.5593],[80.21073,7.55915],[80.20986,7.56016]]]}},{"type":"Feature","properties":{"c":"farmland"},"geometry":{"type":"Polygon","coordinates":[[[80.21075,7.56365],[80.21089,7.56399],[80.21075,7.56427],[80.21114,7.56444],[80.21111,7.56404],[80.21118,7.564],[80.21125,7.56349],[80.21109,7.56342],[80.21091,7.5635],[80.21075,7.56365]]]}},{"type":"Feature","properties":{"c":"farmland"},"geometry":{"type":"Polygon","coordinates":[[[80.20584,7.56379],[80.20692,7.56437],[80.2071,7.56402],[80.20825,7.56474],[80.20888,7.56431],[80.20966,7.56484],[80.21001,7.56543],[80.20997,7.56548],[80.2106,7.56542],[80.21066,7.56518],[80.21089,7.56495],[80.21114,7.56487],[80.21119,7.56459],[80.21073,7.56433],[80.21,7.56445],[80.20973,7.56429],[80.20977,7.56385],[80.20964,7.56358],[80.2101,7.56244],[80.20852,7.56229],[80.20857,7.5631],[80.20757,7.56331],[80.20633,7.5629],[80.206,7.56323],[80.20597,7.56348],[80.20584,7.56379]]]}},{"type":"Feature","properties":{"c":"farmland"},"geometry":{"type":"Polygon","coordinates":[[[80.20819,7.56513],[80.20874,7.56623],[80.20905,7.56614],[80.20878,7.56546],[80.20899,7.56517],[80.20958,7.56568],[80.20983,7.56558],[80.20986,7.56526],[80.2088,7.56455],[80.20832,7.56485],[80.2084,7.56496],[80.20819,7.56513]]]}},{"type":"Feature","properties":{"c":"farmland"},"geometry":{"type":"Polygon","coordinates":[[[80.21011,7.56582],[80.21027,7.56611],[80.21077,7.56635],[80.21088,7.56616],[80.21087,7.56574],[80.21044,7.56552],[80.21011,7.56582]]]}},{"type":"Feature","properties":{"c":"farmland"},"geometry":{"type":"Polygon","coordinates":[[[80.211,7.56538],[80.21103,7.56573],[80.21118,7.56582],[80.21125,7.56609],[80.21146,7.56598],[80.21242,7.56571],[80.21293,7.56545],[80.21297,7.56512],[80.2123,7.56471],[80.21187,7.56523],[80.21165,7.56527],[80.21148,7.56548],[80.211,7.56538]]]}},{"type":"Feature","properties":{"c":"farmland"},"geometry":{"type":"Polygon","coordinates":[[[80.21087,7.56657],[80.21105,7.5669],[80.21149,7.56744],[80.21183,7.56822],[80.2124,7.5679],[80.2115,7.56665],[80.21167,7.56644],[80.21224,7.56646],[80.21212,7.56598],[80.21182,7.56588],[80.21146,7.56623],[80.21107,7.56626],[80.21087,7.56657]]]}},{"type":"Feature","properties":{"c":"farmland"},"geometry":{"type":"Polygon","coordinates":[[[80.2258,7.53343],[80.22601,7.53391],[80.2264,7.53368],[80.22729,7.53381],[80.22761,7.53381],[80.22835,7.53396],[80.22911,7.5342],[80.22952,7.53489],[80.23007,7.5346],[80.23046,7.53427],[80.23035,7.53403],[80.23041,7.53378],[80.23087,7.53388],[80.2314,7.53333],[80.23158,7.53212],[80.22919,7.53173],[80.22836,7.53193],[80.22685,7.53178],[80.22646,7.53297],[80.2258,7.53343]]]}},{"type":"Feature","properties":{"c":"farmland"},"geometry":{"type":"Polygon","coordinates":[[[80.2288,7.53511],[80.22891,7.5357],[80.22992,7.53706],[80.2305,7.53568],[80.23124,7.53541],[80.23161,7.53549],[80.23193,7.53563],[80.23227,7.53504],[80.2332,7.53425],[80.23311,7.53231],[80.23261,7.5323],[80.23248,7.53221],[80.2317,7.53219],[80.23154,7.53302],[80.23146,7.53373],[80.23084,7.53438],[80.23029,7.53456],[80.22986,7.53518],[80.2288,7.53511]]]}},{"type":"Feature","properties":{"c":"farmland"},"geometry":{"type":"Polygon","coordinates":[[[80.23153,7.54085],[80.23228,7.54121],[80.23244,7.54086],[80.23292,7.54085],[80.23368,7.5407],[80.2336,7.54132],[80.2346,7.54167],[80.23484,7.54139],[80.23537,7.54171],[80.23586,7.54008],[80.23564,7.53996],[80.2353,7.54013],[80.23457,7.53939],[80.23424,7.53941],[80.2343,7.53908],[80.23416,7.53841],[80.23375,7.53841],[80.23382,7.53805],[80.23308,7.53804],[80.23287,7.5382],[80.23267,7.53861],[80.2321,7.53941],[80.23215,7.53988],[80.23153,7.54085]]]}},{"type":"Feature","properties":{"c":"farmland"},"geometry":{"type":"Polygon","coordinates":[[[80.26475,7.49656],[80.2662,7.49689],[80.26678,7.49755],[80.26812,7.49724],[80.26759,7.49632],[80.26853,7.49581],[80.26905,7.49637],[80.26975,7.49607],[80.27038,7.49556],[80.27157,7.49515],[80.27155,7.49476],[80.27272,7.49503],[80.27353,7.49632],[80.27423,7.49653],[80.27497,7.49484],[80.27553,7.49464],[80.27614,7.49329],[80.27564,7.49122],[80.27062,7.49188],[80.26556,7.49186],[80.26566,7.49433],[80.26475,7.49656]]]}},{"type":"Feature","properties":{"c":"farmland"},"geometry":{"type":"Polygon","coordinates":[[[80.26982,7.50456],[80.27016,7.50485],[80.27057,7.50598],[80.27,7.507],[80.27094,7.50758],[80.27136,7.50654],[80.271,7.50649],[80.27115,7.50615],[80.27163,7.50575],[80.27235,7.50469],[80.27256,7.50421],[80.27322,7.50399],[80.27335,7.50347],[80.27216,7.50324],[80.27262,7.50195],[80.27211,7.50173],[80.27159,7.50209],[80.2717,7.50378],[80.2715,7.50457],[80.27088,7.50521],[80.27022,7.50421],[80.26982,7.50456]]]}},{"type":"Feature","properties":{"c":"farmland"},"geometry":{"type":"Polygon","coordinates":[[[80.26617,7.50473],[80.26691,7.50554],[80.26735,7.50637],[80.26808,7.50622],[80.26853,7.50681],[80.26858,7.50797],[80.2683,7.50865],[80.26886,7.50903],[80.26933,7.51066],[80.26929,7.51115],[80.26977,7.51107],[80.27014,7.51056],[80.26989,7.51034],[80.27018,7.51034],[80.27023,7.50975],[80.26964,7.5098],[80.26961,7.50935],[80.27006,7.50923],[80.27036,7.50879],[80.27076,7.50785],[80.26915,7.50659],[80.26888,7.50606],[80.26869,7.50601],[80.26852,7.50555],[80.26872,7.50543],[80.26837,7.50372],[80.26797,7.5041],[80.26792,7.50456],[80.26739,7.50498],[80.26701,7.50452],[80.26685,7.50461],[80.26663,7.50426],[80.26617,7.50473]]]}},{"type":"Feature","properties":{"c":"farmland"},"geometry":{"type":"Polygon","coordinates":[[[80.26515,7.50816],[80.2661,7.50866],[80.26633,7.50972],[80.26608,7.51018],[80.26615,7.51062],[80.26646,7.5108],[80.2666,7.51122],[80.26722,7.51102],[80.2672,7.51027],[80.26728,7.5097],[80.26703,7.50918],[80.26681,7.50894],[80.26666,7.50841],[80.26625,7.50773],[80.26594,7.50782],[80.26529,7.50754],[80.26515,7.50816]]]}},{"type":"Feature","properties":{"c":"farmland"},"geometry":{"type":"Polygon","coordinates":[[[80.26702,7.51205],[80.26761,7.51267],[80.26807,7.51275],[80.26839,7.51227],[80.26748,7.51141],[80.26702,7.51205]]]}},{"type":"Feature","properties":{"c":"farmland"},"geometry":{"type":"Polygon","coordinates":[[[80.26662,7.51137],[80.26658,7.51246],[80.26681,7.51281],[80.26664,7.51335],[80.267,7.51376],[80.26741,7.51337],[80.26713,7.51307],[80.2673,7.51259],[80.26693,7.51211],[80.26717,7.51119],[80.26662,7.51137]]]}},{"type":"Feature","properties":{"c":"farmland"},"geometry":{"type":"Polygon","coordinates":[[[80.26811,7.51355],[80.26948,7.51372],[80.26965,7.51317],[80.26928,7.51294],[80.26956,7.51278],[80.27049,7.51258],[80.2707,7.51238],[80.27096,7.51241],[80.27113,7.51264],[80.27158,7.51293],[80.27154,7.51199],[80.27209,7.51218],[80.27195,7.5131],[80.27256,7.51315],[80.27316,7.51275],[80.27357,7.51174],[80.27416,7.5119],[80.27414,7.51142],[80.27332,7.51107],[80.27288,7.51058],[80.27321,7.50918],[80.27274,7.50904],[80.27243,7.50962],[80.2724,7.51017],[80.27224,7.51054],[80.27214,7.51098],[80.2714,7.51133],[80.27131,7.51054],[80.27092,7.51058],[80.27048,7.51111],[80.27003,7.51145],[80.26892,7.51137],[80.26843,7.51199],[80.26842,7.51277],[80.26811,7.51355]]]}},{"type":"Feature","properties":{"c":"farmland"},"geometry":{"type":"Polygon","coordinates":[[[80.27266,7.51421],[80.27364,7.5148],[80.27414,7.514],[80.27533,7.51384],[80.27648,7.51441],[80.27732,7.51435],[80.27855,7.51449],[80.27922,7.51378],[80.28075,7.51374],[80.28088,7.5135],[80.28073,7.51305],[80.28002,7.51303],[80.27972,7.51327],[80.27901,7.51304],[80.27864,7.51327],[80.27855,7.51319],[80.27909,7.51287],[80.27982,7.51316],[80.2799,7.51275],[80.28043,7.5125],[80.28037,7.51181],[80.27967,7.51183],[80.27903,7.51209],[80.27905,7.5123],[80.27727,7.51254],[80.27647,7.51241],[80.27712,7.5115],[80.27722,7.51102],[80.27754,7.51075],[80.27755,7.51001],[80.27692,7.50995],[80.27693,7.51048],[80.27637,7.51098],[80.27595,7.51175],[80.27587,7.51272],[80.2751,7.51267],[80.2742,7.51203],[80.27376,7.51189],[80.27363,7.51275],[80.27274,7.51318],[80.27266,7.51421]]]}},{"type":"Feature","properties":{"c":"farmland"},"geometry":{"type":"Polygon","coordinates":[[[80.27395,7.51452],[80.27445,7.51472],[80.27475,7.51452],[80.27509,7.51486],[80.27494,7.51624],[80.27535,7.51716],[80.27537,7.51772],[80.27573,7.51772],[80.27586,7.51746],[80.27594,7.51705],[80.27571,7.51632],[80.2758,7.51572],[80.2761,7.51486],[80.27686,7.51533],[80.27821,7.51549],[80.27852,7.51588],[80.2789,7.51532],[80.27928,7.51501],[80.27843,7.51481],[80.27857,7.51473],[80.27835,7.51458],[80.27753,7.51459],[80.27638,7.51447],[80.27534,7.51395],[80.27422,7.51409],[80.27395,7.51452]]]}},{"type":"Feature","properties":{"c":"farmland"},"geometry":{"type":"Polygon","coordinates":[[[80.27846,7.51621],[80.2789,7.51671],[80.2794,7.5178],[80.27988,7.5181],[80.2807,7.5184],[80.28144,7.51856],[80.28238,7.5196],[80.28289,7.52049],[80.28358,7.52087],[80.28382,7.52067],[80.28371,7.5203],[80.28341,7.51987],[80.28318,7.51924],[80.28429,7.51955],[80.28393,7.52019],[80.28396,7.5206],[80.28431,7.52034],[80.28431,7.52047],[80.28406,7.521],[80.28434,7.52112],[80.28494,7.52032],[80.28528,7.52011],[80.28561,7.52068],[80.28618,7.52085],[80.28629,7.51979],[80.28661,7.51977],[80.28691,7.52028],[80.28809,7.52062],[80.28824,7.52035],[80.28786,7.52023],[80.28785,7.51995],[80.28817,7.51995],[80.28836,7.51975],[80.28801,7.51943],[80.28797,7.5191],[80.28721,7.51808],[80.287,7.51766],[80.28727,7.51758],[80.28736,7.51726],[80.28689,7.51709],[80.28688,7.51683],[80.28613,7.51661],[80.28627,7.5164],[80.2862,7.51585],[80.28657,7.51572],[80.28683,7.51531],[80.28687,7.51577],[80.28754,7.51573],[80.28768,7.51519],[80.28753,7.51498],[80.28692,7.51471],[80.28588,7.51457],[80.28604,7.51409],[80.28554,7.51417],[80.285,7.51442],[80.28451,7.51343],[80.28416,7.5133],[80.28411,7.51284],[80.28341,7.51242],[80.28326,7.51169],[80.28333,7.51149],[80.28375,7.51102],[80.28501,7.51098],[80.2854,7.51116],[80.2853,7.51137],[80.28529,7.51158],[80.28564,7.5116],[80.28616,7.51173],[80.28694,7.51254],[80.28691,7.51116],[80.28628,7.51056],[80.2857,7.51038],[80.28482,7.51022],[80.28445,7.50988],[80.28505,7.5093],[80.28478,7.50912],[80.28482,7.5087],[80.28537,7.50889],[80.28551,7.50806],[80.28536,7.50773],[80.28555,7.5074],[80.28461,7.50706],[80.2841,7.50749],[80.28355,7.50813],[80.28355,7.50887],[80.28198,7.50994],[80.2819,7.51022],[80.28143,7.51114],[80.28065,7.5118],[80.28064,7.51227],[80.28112,7.51254],[80.28107,7.51336],[80.28181,7.51344],[80.28239,7.51378],[80.28306,7.51335],[80.28317,7.51359],[80.28356,7.5138],[80.2838,7.51434],[80.28265,7.51435],[80.28288,7.51511],[80.28271,7.5158],[80.28361,7.51648],[80.28297,7.51657],[80.28255,7.5171],[80.28203,7.51743],[80.2816,7.51723],[80.28142,7.51702],[80.28119,7.51722],[80.28069,7.51694],[80.28074,7.51664],[80.28048,7.51669],[80.27959,7.51616],[80.27932,7.51567],[80.27955,7.51526],[80.27917,7.51537],[80.27846,7.51621]]]}},{"type":"Feature","properties":{"c":"farmland"},"geometry":{"type":"Polygon","coordinates":[[[80.28816,7.52088],[80.28885,7.52161],[80.28897,7.52268],[80.28914,7.52271],[80.28939,7.52213],[80.2904,7.52245],[80.29035,7.52277],[80.29071,7.52329],[80.29154,7.52325],[80.29146,7.52263],[80.29073,7.52171],[80.28988,7.52151],[80.28871,7.51998],[80.28816,7.52088]]]}},{"type":"Feature","properties":{"c":"farmland"},"geometry":{"type":"Polygon","coordinates":[[[80.26733,7.52653],[80.26784,7.52728],[80.26795,7.52754],[80.26806,7.52757],[80.26847,7.52741],[80.26867,7.52728],[80.26932,7.52746],[80.26934,7.52775],[80.26971,7.52838],[80.27091,7.52822],[80.27197,7.52866],[80.27316,7.52983],[80.27379,7.53059],[80.27509,7.53246],[80.27557,7.53201],[80.27493,7.53088],[80.27424,7.53001],[80.27444,7.52949],[80.27595,7.52926],[80.27566,7.52969],[80.27575,7.53077],[80.27685,7.53103],[80.27718,7.53085],[80.27794,7.53131],[80.27785,7.5316],[80.27854,7.53198],[80.27845,7.53217],[80.27878,7.53218],[80.27917,7.53143],[80.2779,7.52978],[80.27902,7.52962],[80.2803,7.53002],[80.28172,7.53074],[80.28199,7.53146],[80.28281,7.53233],[80.28305,7.5328],[80.28305,7.53334],[80.28364,7.53309],[80.28337,7.53195],[80.28407,7.53205],[80.28418,7.53091],[80.28355,7.53086],[80.28371,7.53064],[80.28348,7.53053],[80.28317,7.53072],[80.28294,7.52993],[80.28252,7.52956],[80.28222,7.52975],[80.28163,7.53],[80.28087,7.52932],[80.28132,7.52845],[80.28223,7.52881],[80.28291,7.52899],[80.28365,7.52869],[80.28418,7.52893],[80.28458,7.5289],[80.28468,7.52849],[80.28414,7.52825],[80.2831,7.52815],[80.28223,7.5284],[80.28227,7.52814],[80.28191,7.52808],[80.28121,7.52784],[80.28103,7.52811],[80.28081,7.52829],[80.28023,7.52928],[80.2796,7.52922],[80.27982,7.52861],[80.27929,7.52864],[80.27908,7.52898],[80.27794,7.52861],[80.27706,7.52888],[80.27652,7.52856],[80.27663,7.52807],[80.27693,7.52783],[80.27694,7.52713],[80.27586,7.5275],[80.2756,7.52752],[80.27554,7.52722],[80.27518,7.52727],[80.27516,7.52786],[80.27441,7.52804],[80.27392,7.52822],[80.27329,7.52726],[80.2736,7.5267],[80.2745,7.52615],[80.27492,7.52642],[80.27616,7.52468],[80.2766,7.52448],[80.27653,7.52245],[80.2759,7.52251],[80.27572,7.52218],[80.27515,7.52198],[80.27494,7.5231],[80.27407,7.5239],[80.27329,7.52548],[80.27247,7.52558],[80.27189,7.52537],[80.27173,7.52575],[80.27065,7.52561],[80.27077,7.52377],[80.27033,7.52287],[80.26989,7.52299],[80.26996,7.52375],[80.26936,7.52415],[80.26878,7.52442],[80.2685,7.52448],[80.26836,7.5259],[80.26736,7.52641],[80.26733,7.52653]]]}},{"type":"Feature","properties":{"c":"farmland"},"geometry":{"type":"Polygon","coordinates":[[[80.27865,7.5325],[80.2789,7.53276],[80.27907,7.53309],[80.27927,7.53324],[80.27977,7.53323],[80.27996,7.53305],[80.28041,7.53304],[80.28034,7.53367],[80.28073,7.53384],[80.28103,7.53331],[80.2816,7.53349],[80.28173,7.53324],[80.28089,7.53277],[80.28033,7.53212],[80.28013,7.53238],[80.27997,7.53227],[80.28012,7.53182],[80.27977,7.53188],[80.27978,7.53145],[80.27921,7.53143],[80.27865,7.5325]]]}},{"type":"Feature","properties":{"c":"farmland"},"geometry":{"type":"Polygon","coordinates":[[[80.27668,7.5225],[80.27699,7.52441],[80.27899,7.52463],[80.27971,7.52499],[80.28033,7.52603],[80.28093,7.52674],[80.28233,7.52642],[80.28356,7.52639],[80.28315,7.52552],[80.28217,7.5255],[80.28144,7.52596],[80.28095,7.5262],[80.2811,7.52528],[80.28191,7.52529],[80.2818,7.52477],[80.28321,7.52441],[80.28359,7.52488],[80.28384,7.52453],[80.28332,7.52351],[80.28306,7.5232],[80.28344,7.52253],[80.28367,7.52273],[80.28395,7.52186],[80.28366,7.52175],[80.28346,7.52207],[80.28295,7.52186],[80.28269,7.52264],[80.28236,7.52297],[80.28233,7.52356],[80.28165,7.52394],[80.28107,7.5231],[80.28028,7.52233],[80.27943,7.52173],[80.27944,7.52116],[80.28019,7.5204],[80.28111,7.52018],[80.28074,7.51963],[80.28057,7.51964],[80.28044,7.51918],[80.28018,7.51906],[80.27983,7.51935],[80.28006,7.51946],[80.27976,7.51971],[80.27936,7.5196],[80.27873,7.52021],[80.27848,7.52115],[80.2779,7.52201],[80.27723,7.52241],[80.27668,7.5225]]]}},{"type":"Feature","properties":{"c":"farmland"},"geometry":{"type":"Polygon","coordinates":[[[80.27441,7.53487],[80.27449,7.53518],[80.27477,7.53535],[80.27495,7.5357],[80.27526,7.53495],[80.27467,7.53471],[80.27441,7.53487]]]}},{"type":"Feature","properties":{"c":"farmland"},"geometry":{"type":"Polygon","coordinates":[[[80.27831,7.53426],[80.27892,7.53435],[80.27912,7.53378],[80.27876,7.53365],[80.27862,7.53406],[80.27831,7.53426]]]}},{"type":"Feature","properties":{"c":"farmland"},"geometry":{"type":"Polygon","coordinates":[[[80.2763,7.53517],[80.27651,7.53542],[80.27665,7.53607],[80.27743,7.53627],[80.27787,7.53588],[80.27798,7.5357],[80.27839,7.53562],[80.27829,7.53537],[80.27832,7.53514],[80.27885,7.53518],[80.27884,7.5348],[80.27848,7.53477],[80.27853,7.53466],[80.27817,7.53459],[80.27802,7.53503],[80.27772,7.53508],[80.27718,7.53497],[80.27655,7.53495],[80.2763,7.53517]]]}},{"type":"Feature","properties":{"c":"farmland"},"geometry":{"type":"Polygon","coordinates":[[[80.27538,7.53455],[80.27597,7.53521],[80.27619,7.53502],[80.27593,7.53405],[80.27544,7.53417],[80.27538,7.53455]]]}},{"type":"Feature","properties":{"c":"farmland"},"geometry":{"type":"Polygon","coordinates":[[[80.26664,7.5406],[80.2674,7.54112],[80.26866,7.54234],[80.26842,7.54314],[80.2686,7.54332],[80.26838,7.54342],[80.2682,7.54385],[80.27022,7.54539],[80.27062,7.54502],[80.2703,7.5447],[80.27064,7.5443],[80.27097,7.54367],[80.27138,7.54372],[80.27138,7.54402],[80.27182,7.54419],[80.27278,7.54399],[80.2731,7.5436],[80.2731,7.54474],[80.27348,7.54468],[80.27345,7.54432],[80.27367,7.54425],[80.2736,7.54365],[80.27375,7.54355],[80.27428,7.54351],[80.27488,7.54452],[80.27525,7.54556],[80.27551,7.54575],[80.27585,7.54567],[80.27595,7.5461],[80.27658,7.54676],[80.27799,7.54608],[80.27758,7.54574],[80.27663,7.54516],[80.27639,7.54478],[80.27576,7.54464],[80.27562,7.54422],[80.27541,7.54393],[80.27541,7.54362],[80.27655,7.5435],[80.27668,7.5437],[80.27717,7.54381],[80.27733,7.54378],[80.27735,7.54411],[80.27818,7.5441],[80.27874,7.54291],[80.27786,7.54265],[80.2769,7.5427],[80.27598,7.54286],[80.27558,7.5425],[80.27548,7.54201],[80.27569,7.54157],[80.27598,7.54144],[80.27635,7.54099],[80.27731,7.54064],[80.27739,7.54039],[80.27828,7.54028],[80.27849,7.54067],[80.27889,7.54072],[80.27926,7.54109],[80.27981,7.54177],[80.28064,7.54216],[80.28074,7.5426],[80.28132,7.54336],[80.28176,7.54353],[80.28209,7.54332],[80.28253,7.54347],[80.28267,7.54304],[80.28222,7.54288],[80.28232,7.54252],[80.28217,7.54201],[80.28162,7.54183],[80.28169,7.54162],[80.28229,7.54156],[80.28243,7.54137],[80.2827,7.54152],[80.28295,7.54182],[80.28332,7.54204],[80.28361,7.54199],[80.28394,7.54183],[80.284,7.54154],[80.28372,7.54105],[80.28336,7.54093],[80.28339,7.54072],[80.28309,7.54021],[80.28289,7.5403],[80.2826,7.54022],[80.28255,7.54004],[80.28238,7.54009],[80.28202,7.54039],[80.28153,7.54045],[80.28088,7.54036],[80.28059,7.54043],[80.28008,7.54023],[80.28025,7.53967],[80.27987,7.53956],[80.2797,7.53917],[80.27994,7.5387],[80.2806,7.53882],[80.281,7.53916],[80.28159,7.53908],[80.28152,7.53872],[80.28066,7.5382],[80.28051,7.53772],[80.27983,7.53737],[80.27935,7.53825],[80.27887,7.53886],[80.27815,7.53856],[80.27693,7.53843],[80.27702,7.53812],[80.27721,7.53796],[80.27744,7.53728],[80.27716,7.53692],[80.27738,7.5364],[80.2768,7.5363],[80.27673,7.53673],[80.27645,7.53733],[80.27584,7.5377],[80.27518,7.5377],[80.2752,7.53802],[80.27497,7.53806],[80.27492,7.53783],[80.27448,7.53746],[80.27449,7.5371],[80.27426,7.53644],[80.27385,7.5365],[80.27402,7.53734],[80.2733,7.53826],[80.27275,7.53813],[80.27281,7.53793],[80.27298,7.53762],[80.27304,7.537],[80.27258,7.53695],[80.27245,7.53773],[80.27197,7.53823],[80.2709,7.5385],[80.26975,7.53905],[80.26866,7.53997],[80.26812,7.53973],[80.26758,7.53916],[80.26719,7.5394],[80.2674,7.53962],[80.26698,7.53982],[80.26664,7.5406]]]}},{"type":"Feature","properties":{"c":"farmland"},"geometry":{"type":"Polygon","coordinates":[[[80.25921,7.53815],[80.26053,7.53857],[80.26041,7.53896],[80.26352,7.53994],[80.2641,7.54043],[80.26425,7.54123],[80.26496,7.54111],[80.26585,7.54157],[80.26722,7.53901],[80.26691,7.53885],[80.26799,7.53793],[80.26871,7.53809],[80.26879,7.53771],[80.27004,7.53754],[80.2704,7.53659],[80.27081,7.53627],[80.2699,7.536],[80.26917,7.53667],[80.26838,7.53581],[80.26841,7.53531],[80.26792,7.53529],[80.2665,7.53792],[80.26321,7.53746],[80.26419,7.53604],[80.26385,7.53593],[80.2627,7.53666],[80.26054,7.53685],[80.26034,7.53651],[80.25991,7.53663],[80.25966,7.53799],[80.25921,7.53815]]]}},{"type":"Feature","properties":{"c":"farmland"},"geometry":{"type":"Polygon","coordinates":[[[80.25618,7.5338],[80.25641,7.53507],[80.25638,7.53658],[80.25723,7.53677],[80.25747,7.53636],[80.25762,7.53637],[80.25745,7.53679],[80.25793,7.53716],[80.25814,7.5375],[80.25945,7.53769],[80.25963,7.53724],[80.25962,7.53642],[80.26033,7.53621],[80.26054,7.53541],[80.26295,7.53466],[80.26342,7.5348],[80.26372,7.53457],[80.26361,7.53441],[80.26353,7.53442],[80.26318,7.534],[80.26286,7.53353],[80.26238,7.53254],[80.26174,7.5328],[80.26133,7.53289],[80.26051,7.53399],[80.25994,7.53429],[80.25973,7.53376],[80.25875,7.53364],[80.25779,7.53398],[80.25685,7.53373],[80.25618,7.5338]]]}},{"type":"Feature","properties":{"c":"farmland"},"geometry":{"type":"Polygon","coordinates":[[[80.24811,7.53618],[80.24829,7.53665],[80.24863,7.53662],[80.24927,7.53689],[80.25001,7.53711],[80.24993,7.5374],[80.2502,7.5376],[80.25041,7.53723],[80.25147,7.53731],[80.25191,7.5378],[80.25236,7.53779],[80.25232,7.53738],[80.25265,7.53717],[80.25291,7.53806],[80.2538,7.53711],[80.25347,7.5365],[80.25387,7.53638],[80.2551,7.53649],[80.25633,7.5364],[80.2563,7.53504],[80.256,7.53338],[80.25686,7.53251],[80.25626,7.53199],[80.25585,7.53256],[80.25502,7.53327],[80.25438,7.5337],[80.25432,7.53309],[80.25372,7.53292],[80.25373,7.53444],[80.25354,7.5348],[80.25305,7.53519],[80.2528,7.53393],[80.25166,7.53383],[80.25125,7.53419],[80.25083,7.53398],[80.25043,7.53415],[80.25032,7.535],[80.25053,7.53553],[80.25031,7.53596],[80.24947,7.53591],[80.24884,7.53632],[80.24811,7.53618]]]}},{"type":"Feature","properties":{"c":"farmland"},"geometry":{"type":"Polygon","coordinates":[[[80.25383,7.53109],[80.25547,7.5314],[80.25597,7.53032],[80.25629,7.52896],[80.25697,7.52795],[80.2581,7.52736],[80.25904,7.5272],[80.26004,7.52755],[80.25998,7.52773],[80.26014,7.52778],[80.26055,7.52712],[80.26065,7.52679],[80.25814,7.5264],[80.25714,7.52597],[80.25742,7.52543],[80.25667,7.52515],[80.25641,7.52524],[80.25592,7.52568],[80.25547,7.52591],[80.25524,7.52644],[80.25469,7.5266],[80.25441,7.52716],[80.25457,7.5274],[80.25453,7.52762],[80.25432,7.52793],[80.2541,7.529],[80.25455,7.52955],[80.25424,7.52986],[80.25383,7.53109]]]}},{"type":"Feature","properties":{"c":"farmland"},"geometry":{"type":"Polygon","coordinates":[[[80.26124,7.52867],[80.26171,7.52866],[80.26176,7.5285],[80.26214,7.52798],[80.26246,7.5273],[80.26381,7.52594],[80.26457,7.52475],[80.26484,7.52397],[80.26435,7.52384],[80.26417,7.52373],[80.26306,7.52549],[80.26267,7.52587],[80.26221,7.52598],[80.26154,7.52644],[80.26145,7.52669],[80.26127,7.52691],[80.26164,7.52714],[80.26149,7.5279],[80.26124,7.52867]]]}},{"type":"Feature","properties":{"c":"farmland"},"geometry":{"type":"Polygon","coordinates":[[[80.25634,7.53182],[80.2568,7.53227],[80.25747,7.5319],[80.25821,7.53124],[80.2578,7.53076],[80.25743,7.53106],[80.25705,7.53102],[80.25693,7.53123],[80.25708,7.53137],[80.25658,7.53151],[80.25634,7.53182]]]}},{"type":"Feature","properties":{"c":"farmland"},"geometry":{"type":"Polygon","coordinates":[[[80.26507,7.54666],[80.26526,7.54744],[80.26712,7.54679],[80.26762,7.54705],[80.26762,7.54787],[80.26613,7.54902],[80.26654,7.54972],[80.26835,7.54856],[80.26938,7.5484],[80.26999,7.54908],[80.27065,7.54923],[80.27178,7.54959],[80.27145,7.55085],[80.27178,7.55108],[80.27217,7.55097],[80.27221,7.5506],[80.27254,7.54909],[80.27334,7.54913],[80.2734,7.54921],[80.27294,7.54924],[80.27277,7.55002],[80.27275,7.55052],[80.27278,7.55074],[80.27289,7.55098],[80.27313,7.55133],[80.27319,7.55177],[80.2736,7.55231],[80.27371,7.55244],[80.27386,7.55251],[80.2741,7.55334],[80.274,7.55374],[80.27388,7.55394],[80.27363,7.55394],[80.27365,7.55434],[80.27372,7.55442],[80.27383,7.55525],[80.2735,7.55531],[80.27346,7.55566],[80.27382,7.55585],[80.27365,7.55622],[80.27363,7.5565],[80.2743,7.55642],[80.27483,7.55626],[80.27496,7.55595],[80.27473,7.55599],[80.27476,7.55576],[80.27466,7.55568],[80.27468,7.55538],[80.27461,7.55523],[80.27466,7.55484],[80.27456,7.55459],[80.2747,7.55389],[80.27484,7.55354],[80.27468,7.55288],[80.27501,7.55277],[80.27494,7.55252],[80.27521,7.55247],[80.27523,7.55256],[80.27554,7.55261],[80.2758,7.55288],[80.27608,7.55338],[80.27654,7.55346],[80.27661,7.55368],[80.27663,7.55427],[80.27674,7.55432],[80.27689,7.55483],[80.27719,7.55509],[80.2776,7.55495],[80.27801,7.55523],[80.27815,7.55525],[80.27856,7.55509],[80.27871,7.55525],[80.27874,7.55558],[80.27891,7.55576],[80.27888,7.55596],[80.27897,7.55605],[80.27916,7.55609],[80.27923,7.55596],[80.27928,7.55559],[80.27932,7.55479],[80.27955,7.55396],[80.27946,7.5537],[80.27936,7.55377],[80.27936,7.55408],[80.27914,7.55412],[80.279,7.55402],[80.27889,7.55408],[80.27862,7.55402],[80.27863,7.55393],[80.2785,7.55383],[80.2784,7.55384],[80.27842,7.55372],[80.27835,7.55371],[80.27832,7.55354],[80.27821,7.55365],[80.27796,7.55372],[80.27784,7.55364],[80.27778,7.55351],[80.27755,7.55337],[80.27747,7.55324],[80.27737,7.5533],[80.27729,7.55323],[80.27741,7.55319],[80.27741,7.55312],[80.27723,7.55306],[80.27714,7.55294],[80.27702,7.55304],[80.27678,7.55291],[80.27682,7.55284],[80.27666,7.55263],[80.27565,7.55176],[80.27549,7.55154],[80.27546,7.55142],[80.27568,7.55129],[80.27577,7.55104],[80.27687,7.55105],[80.27737,7.55086],[80.27721,7.55001],[80.27658,7.55005],[80.27615,7.55031],[80.27597,7.55032],[80.27594,7.55038],[80.27572,7.55037],[80.27563,7.55021],[80.27551,7.55029],[80.27523,7.5503],[80.27519,7.5502],[80.27495,7.55031],[80.27478,7.55013],[80.2743,7.55031],[80.27426,7.55024],[80.27411,7.55029],[80.27451,7.54978],[80.27416,7.54957],[80.27429,7.54927],[80.27447,7.54829],[80.27406,7.54822],[80.27387,7.54778],[80.27271,7.54735],[80.27162,7.54744],[80.27119,7.54725],[80.27075,7.54737],[80.27041,7.54676],[80.2701,7.54663],[80.26998,7.54681],[80.26961,7.54652],[80.26974,7.54577],[80.26956,7.54526],[80.26914,7.54528],[80.26947,7.54489],[80.26826,7.54404],[80.26744,7.5456],[80.26691,7.54585],[80.26608,7.54637],[80.26507,7.54666]]]}},{"type":"Feature","properties":{"c":"farmland"},"geometry":{"type":"Polygon","coordinates":[[[80.26853,7.54868],[80.26901,7.55326],[80.26894,7.55385],[80.2692,7.55419],[80.26955,7.55421],[80.26922,7.55401],[80.26953,7.55381],[80.26964,7.55325],[80.27025,7.55376],[80.27028,7.55442],[80.27079,7.55451],[80.27085,7.55423],[80.2708,7.55303],[80.27102,7.55246],[80.2708,7.55234],[80.27043,7.55299],[80.26968,7.55296],[80.2698,7.55209],[80.26982,7.55096],[80.26944,7.55011],[80.26949,7.54936],[80.2691,7.54861],[80.26853,7.54868]]]}},{"type":"Feature","properties":{"c":"farmland"},"geometry":{"type":"Polygon","coordinates":[[[80.26606,7.55241],[80.26645,7.55271],[80.26697,7.55266],[80.26741,7.55227],[80.26786,7.55248],[80.26803,7.55216],[80.26752,7.55197],[80.26766,7.55107],[80.2681,7.55114],[80.2686,7.55082],[80.26853,7.54994],[80.2683,7.54985],[80.26785,7.55011],[80.26713,7.55072],[80.26651,7.552],[80.26606,7.55241]]]}},{"type":"Feature","properties":{"c":"farmland"},"geometry":{"type":"Polygon","coordinates":[[[80.26445,7.55448],[80.26453,7.55458],[80.26477,7.55467],[80.26528,7.5546],[80.26558,7.55407],[80.26606,7.55365],[80.26623,7.55356],[80.26616,7.55341],[80.26593,7.55337],[80.26639,7.553],[80.26596,7.55266],[80.26564,7.55263],[80.26551,7.5529],[80.26531,7.55273],[80.26509,7.55349],[80.2652,7.55367],[80.26502,7.55426],[80.26455,7.55419],[80.26445,7.55448]]]}},{"type":"Feature","properties":{"c":"farmland"},"geometry":{"type":"Polygon","coordinates":[[[80.26788,7.55614],[80.26826,7.55618],[80.2682,7.5569],[80.26832,7.55739],[80.26908,7.55731],[80.26884,7.55688],[80.26905,7.55662],[80.26892,7.55649],[80.26914,7.55538],[80.26893,7.55532],[80.26893,7.5552],[80.26916,7.55522],[80.26952,7.55454],[80.26906,7.55431],[80.26873,7.55399],[80.26873,7.55379],[80.26851,7.5536],[80.2684,7.55329],[80.26805,7.55432],[80.26834,7.5546],[80.2683,7.55533],[80.26793,7.55577],[80.26788,7.55614]]]}},{"type":"Feature","properties":{"c":"farmland"},"geometry":{"type":"Polygon","coordinates":[[[80.26764,7.56009],[80.26772,7.56061],[80.26882,7.5609],[80.26865,7.56042],[80.26876,7.56002],[80.2685,7.55973],[80.26872,7.55905],[80.26893,7.55906],[80.26908,7.55959],[80.26987,7.56018],[80.26992,7.56059],[80.27029,7.56067],[80.27031,7.56046],[80.27048,7.56017],[80.27077,7.56022],[80.27086,7.55902],[80.27054,7.55886],[80.27046,7.55898],[80.27039,7.55896],[80.27026,7.55849],[80.27005,7.55829],[80.26974,7.55847],[80.26959,7.55818],[80.26908,7.55748],[80.2683,7.55753],[80.26768,7.55773],[80.26833,7.55841],[80.26791,7.55904],[80.26765,7.55968],[80.26764,7.56009]]]}},{"type":"Feature","properties":{"c":"farmland"},"geometry":{"type":"Polygon","coordinates":[[[80.26685,7.56281],[80.2675,7.56307],[80.26779,7.56277],[80.26773,7.56265],[80.26786,7.56254],[80.2678,7.56221],[80.26803,7.56163],[80.26839,7.56171],[80.26863,7.56165],[80.26882,7.56096],[80.26762,7.56063],[80.26762,7.56068],[80.26744,7.56073],[80.26743,7.56088],[80.26726,7.56095],[80.26731,7.56136],[80.26712,7.56148],[80.26713,7.56175],[80.26699,7.56228],[80.26723,7.56243],[80.26702,7.56246],[80.26685,7.56281]]]}},{"type":"Feature","properties":{"c":"farmland"},"geometry":{"type":"Polygon","coordinates":[[[80.2653,7.56759],[80.26548,7.56824],[80.26612,7.56892],[80.26641,7.56868],[80.26608,7.56817],[80.26611,7.56796],[80.2657,7.56761],[80.2653,7.56759]]]}},{"type":"Feature","properties":{"c":"farmland"},"geometry":{"type":"Polygon","coordinates":[[[80.26331,7.57182],[80.26367,7.57205],[80.26369,7.57181],[80.26412,7.57194],[80.26444,7.57145],[80.26505,7.57162],[80.26521,7.5714],[80.26581,7.57153],[80.26597,7.57187],[80.26632,7.57214],[80.26648,7.57239],[80.26719,7.57316],[80.2679,7.57369],[80.26873,7.57334],[80.26842,7.57264],[80.26855,7.57211],[80.26897,7.57169],[80.26935,7.57097],[80.26917,7.57068],[80.26935,7.57],[80.26913,7.56979],[80.26872,7.56956],[80.26891,7.56919],[80.26866,7.56921],[80.26816,7.56895],[80.26768,7.57011],[80.2675,7.57009],[80.26717,7.56952],[80.26696,7.56875],[80.2666,7.56871],[80.26624,7.56905],[80.26652,7.56946],[80.26691,7.56969],[80.26681,7.57],[80.26693,7.57032],[80.26662,7.57113],[80.2654,7.57058],[80.26462,7.57033],[80.26447,7.56996],[80.26399,7.56995],[80.26343,7.57099],[80.26331,7.57182]]]}},{"type":"Feature","properties":{"c":"farmland"},"geometry":{"type":"Polygon","coordinates":[[[80.26047,7.5738],[80.26055,7.57427],[80.26069,7.57429],[80.26062,7.5747],[80.26086,7.57475],[80.26079,7.57505],[80.26118,7.57508],[80.26144,7.57461],[80.26178,7.57465],[80.26228,7.57481],[80.26231,7.57424],[80.26203,7.57409],[80.26143,7.57349],[80.26165,7.57326],[80.26189,7.57322],[80.26191,7.57353],[80.26235,7.57374],[80.2627,7.57324],[80.26294,7.57338],[80.26306,7.57351],[80.2633,7.57333],[80.26323,7.57302],[80.26366,7.57273],[80.26384,7.57287],[80.26387,7.57247],[80.26318,7.57201],[80.26256,7.57244],[80.26214,7.57227],[80.26186,7.57252],[80.26195,7.57282],[80.26158,7.57277],[80.26101,7.57304],[80.26096,7.57325],[80.26066,7.57333],[80.26063,7.57357],[80.26047,7.5738]]]}},{"type":"Feature","properties":{"c":"farmland"},"geometry":{"type":"Polygon","coordinates":[[[80.26341,7.5754],[80.26395,7.5755],[80.2646,7.57528],[80.26425,7.57485],[80.26496,7.57482],[80.26497,7.57516],[80.26532,7.57531],[80.26553,7.57502],[80.26531,7.57481],[80.26599,7.57451],[80.26649,7.57472],[80.26676,7.57456],[80.26701,7.57464],[80.26728,7.5746],[80.26762,7.57481],[80.2682,7.57465],[80.26809,7.57426],[80.26777,7.5742],[80.26701,7.57388],[80.26673,7.57402],[80.26597,7.57373],[80.26517,7.57433],[80.26432,7.57442],[80.26369,7.57473],[80.26342,7.5751],[80.26341,7.5754]]]}},{"type":"Feature","properties":{"c":"farmland"},"geometry":{"type":"Polygon","coordinates":[[[80.21387,7.57829],[80.21531,7.57944],[80.2158,7.57918],[80.21569,7.57898],[80.21593,7.57885],[80.21577,7.57853],[80.21527,7.57846],[80.21433,7.57771],[80.21387,7.57829]]]}},{"type":"Feature","properties":{"c":"farmland"},"geometry":{"type":"Polygon","coordinates":[[[80.21212,7.57911],[80.21282,7.58035],[80.21591,7.58026],[80.21389,7.57857],[80.21375,7.57788],[80.21235,7.57815],[80.21243,7.57855],[80.21212,7.57911]]]}},{"type":"Feature","properties":{"c":"farmland"},"geometry":{"type":"Polygon","coordinates":[[[80.21048,7.57533],[80.2107,7.576],[80.21059,7.57669],[80.21089,7.5771],[80.21173,7.57744],[80.21172,7.57791],[80.21226,7.57809],[80.21323,7.57778],[80.21398,7.57761],[80.21529,7.57752],[80.2148,7.57643],[80.21482,7.57521],[80.21407,7.57467],[80.21269,7.57515],[80.21262,7.57583],[80.21195,7.57619],[80.21165,7.57526],[80.21048,7.57533]]]}},{"type":"Feature","properties":{"c":"farmland"},"geometry":{"type":"Polygon","coordinates":[[[80.21454,7.56683],[80.21497,7.56887],[80.21546,7.56877],[80.21548,7.56896],[80.21584,7.5693],[80.21606,7.56925],[80.21636,7.56958],[80.2168,7.56986],[80.21692,7.56981],[80.2173,7.56991],[80.2178,7.57041],[80.21808,7.57099],[80.21824,7.57108],[80.21567,7.56534],[80.21529,7.56572],[80.21473,7.56603],[80.21474,7.56663],[80.21454,7.56683]]]}},{"type":"Feature","properties":{"c":"farmland"},"geometry":{"type":"Polygon","coordinates":[[[80.21581,7.56552],[80.21639,7.5667],[80.21687,7.56643],[80.21774,7.56669],[80.21796,7.56653],[80.21722,7.56561],[80.21669,7.56543],[80.21581,7.56552]]]}},{"type":"Feature","properties":{"c":"farmland"},"geometry":{"type":"Polygon","coordinates":[[[80.21695,7.56508],[80.21709,7.56539],[80.21752,7.56555],[80.21779,7.56599],[80.21809,7.56595],[80.2181,7.56523],[80.21838,7.56516],[80.21907,7.56396],[80.21928,7.5629],[80.21962,7.56253],[80.22019,7.56178],[80.21995,7.56134],[80.22005,7.56089],[80.21976,7.56056],[80.21934,7.56097],[80.21948,7.56106],[80.21889,7.56138],[80.219,7.5615],[80.21919,7.56144],[80.21933,7.56155],[80.21695,7.56508]]]}},{"type":"Feature","properties":{"c":"farmland"},"geometry":{"type":"Polygon","coordinates":[[[80.21222,7.56594],[80.21236,7.56647],[80.21264,7.56663],[80.21343,7.56741],[80.21397,7.56711],[80.21409,7.56683],[80.21441,7.56687],[80.21452,7.56653],[80.21342,7.56658],[80.21327,7.56544],[80.21414,7.56522],[80.21432,7.56553],[80.21472,7.56539],[80.21443,7.56523],[80.21481,7.56512],[80.21541,7.56402],[80.2157,7.56328],[80.21459,7.56274],[80.21453,7.56378],[80.2136,7.56447],[80.21307,7.56495],[80.21301,7.56549],[80.21222,7.56594]]]}},{"type":"Feature","properties":{"c":"farmland"},"geometry":{"type":"Polygon","coordinates":[[[80.24122,7.56457],[80.24196,7.56584],[80.24233,7.5687],[80.24361,7.56869],[80.24359,7.5675],[80.2449,7.56771],[80.24498,7.56693],[80.24442,7.56637],[80.24377,7.5659],[80.24351,7.56588],[80.24353,7.56546],[80.24431,7.56543],[80.24443,7.56484],[80.24413,7.56481],[80.24321,7.56494],[80.24287,7.56482],[80.2429,7.56436],[80.24232,7.56421],[80.24213,7.56402],[80.24139,7.56428],[80.24122,7.56457]]]}},{"type":"Feature","properties":{"c":"farmland"},"geometry":{"type":"Polygon","coordinates":[[[80.20825,7.55202],[80.20879,7.55267],[80.20983,7.55183],[80.2093,7.55117],[80.20825,7.55202]]]}},{"type":"Feature","properties":{"c":"farmland"},"geometry":{"type":"Polygon","coordinates":[[[80.1824,7.54408],[80.18263,7.54473],[80.18335,7.54447],[80.18311,7.54382],[80.1824,7.54408]]]}},{"type":"Feature","properties":{"c":"farmland"},"geometry":{"type":"Polygon","coordinates":[[[80.18199,7.54349],[80.18231,7.54399],[80.18278,7.54368],[80.18245,7.54319],[80.18199,7.54349]]]}},{"type":"Feature","properties":{"c":"farmland"},"geometry":{"type":"Polygon","coordinates":[[[80.20042,7.54434],[80.20389,7.54609],[80.207,7.54431],[80.20527,7.54262],[80.20425,7.54203],[80.20272,7.54221],[80.20145,7.54389],[80.20042,7.54434]]]}},{"type":"Feature","properties":{"c":"farmland"},"geometry":{"type":"Polygon","coordinates":[[[80.20962,7.55447],[80.2101,7.55558],[80.21045,7.55558],[80.21068,7.55453],[80.21097,7.55438],[80.21263,7.55511],[80.21282,7.5546],[80.21219,7.55421],[80.21169,7.55364],[80.21088,7.55372],[80.21014,7.55321],[80.20985,7.55369],[80.20962,7.55447]]]}},{"type":"Feature","properties":{"c":"farmland"},"geometry":{"type":"Polygon","coordinates":[[[80.21274,7.55528],[80.21305,7.55546],[80.21321,7.55614],[80.21371,7.55631],[80.21364,7.55513],[80.21429,7.55536],[80.21412,7.55438],[80.21372,7.55431],[80.21293,7.5545],[80.21274,7.55528]]]}},{"type":"Feature","properties":{"c":"farmland"},"geometry":{"type":"Polygon","coordinates":[[[80.21379,7.56018],[80.21466,7.56186],[80.215,7.56156],[80.21429,7.55992],[80.21379,7.56018]]]}},{"type":"Feature","properties":{"c":"farmland"},"geometry":{"type":"Polygon","coordinates":[[[80.22572,7.54771],[80.22649,7.54817],[80.22773,7.54639],[80.22791,7.5467],[80.22755,7.54759],[80.22867,7.54806],[80.22938,7.54729],[80.2306,7.54635],[80.23102,7.54647],[80.23159,7.54537],[80.23092,7.54503],[80.23095,7.54269],[80.22907,7.54245],[80.2281,7.54404],[80.22796,7.54415],[80.22687,7.54617],[80.22572,7.54771]]]}},{"type":"Feature","properties":{"c":"farmland"},"geometry":{"type":"Polygon","coordinates":[[[80.28704,7.56409],[80.28704,7.56435],[80.28736,7.56498],[80.28795,7.56528],[80.28769,7.56553],[80.28774,7.56591],[80.2876,7.566],[80.28737,7.56604],[80.28725,7.56594],[80.28714,7.56636],[80.28754,7.56657],[80.28824,7.5665],[80.28834,7.56668],[80.28891,7.56675],[80.28927,7.56696],[80.28936,7.56724],[80.28996,7.56762],[80.29066,7.56778],[80.29131,7.56771],[80.29168,7.56762],[80.29064,7.56639],[80.29008,7.56453],[80.28991,7.56428],[80.28979,7.56456],[80.28973,7.56492],[80.28948,7.56497],[80.28936,7.56494],[80.28933,7.56478],[80.28905,7.56475],[80.28905,7.5645],[80.28896,7.56435],[80.28884,7.56428],[80.28872,7.5645],[80.28854,7.56469],[80.28845,7.56492],[80.28826,7.56489],[80.28816,7.5648],[80.28799,7.56476],[80.28797,7.5644],[80.28771,7.56429],[80.28748,7.56409],[80.28704,7.56409]]]}},{"type":"Feature","properties":{"c":"farmland","n":"Paddy field"},"geometry":{"type":"Polygon","coordinates":[[[80.29982,7.55278],[80.29986,7.55306],[80.30012,7.55308],[80.30014,7.55288],[80.29982,7.55278]]]}},{"type":"Feature","properties":{"c":"farmland"},"geometry":{"type":"Polygon","coordinates":[[[80.21591,7.57835],[80.21603,7.57854],[80.21617,7.57905],[80.21674,7.579],[80.21704,7.57915],[80.21709,7.57892],[80.21695,7.57866],[80.21713,7.57846],[80.21765,7.57842],[80.21786,7.57824],[80.21862,7.57735],[80.21862,7.5764],[80.21824,7.57648],[80.21787,7.57645],[80.21756,7.57712],[80.21734,7.57703],[80.21692,7.57707],[80.21701,7.57742],[80.21596,7.57782],[80.21605,7.57821],[80.21591,7.57835]]]}},{"type":"Feature","properties":{"c":"farmland"},"geometry":{"type":"Polygon","coordinates":[[[80.20435,7.56647],[80.2044,7.56696],[80.20474,7.56716],[80.20507,7.56696],[80.20521,7.56662],[80.20538,7.56665],[80.20546,7.56705],[80.20548,7.56747],[80.20558,7.56787],[80.20623,7.56869],[80.20648,7.56922],[80.20669,7.56908],[80.20751,7.56942],[80.20789,7.56972],[80.20849,7.56904],[80.20771,7.56851],[80.20678,7.56754],[80.20653,7.5672],[80.20633,7.56561],[80.20611,7.56542],[80.20569,7.5653],[80.20537,7.56525],[80.20516,7.56528],[80.20518,7.5655],[80.20557,7.56613],[80.20546,7.56635],[80.20512,7.56646],[80.20479,7.56639],[80.20435,7.56647]]]}},{"type":"Feature","properties":{"c":"farmland"},"geometry":{"type":"Polygon","coordinates":[[[80.19673,7.56902],[80.19697,7.5694],[80.19752,7.56956],[80.19792,7.56941],[80.19826,7.56938],[80.19886,7.56944],[80.20028,7.56946],[80.20117,7.56938],[80.20117,7.56925],[80.20074,7.56917],[80.20058,7.56798],[80.20035,7.56718],[80.20028,7.56634],[80.20041,7.5651],[80.20016,7.56509],[80.1999,7.56545],[80.19954,7.56552],[80.19972,7.56617],[80.1998,7.56701],[80.19973,7.56793],[80.1998,7.56825],[80.19963,7.56856],[80.19918,7.56865],[80.19805,7.56857],[80.19754,7.56874],[80.19699,7.56863],[80.19673,7.56902]]]}},{"type":"Feature","properties":{"c":"farmland"},"geometry":{"type":"Polygon","coordinates":[[[80.2888,7.57297],[80.28921,7.5733],[80.28925,7.57394],[80.28971,7.57404],[80.29025,7.5744],[80.29062,7.57482],[80.29128,7.57501],[80.29138,7.57438],[80.29163,7.57382],[80.2919,7.57343],[80.29175,7.5732],[80.29135,7.57301],[80.29101,7.57347],[80.29068,7.57335],[80.29076,7.57306],[80.29059,7.57296],[80.29033,7.57335],[80.28989,7.57336],[80.28951,7.57308],[80.28896,7.57279],[80.2888,7.57297]]]}},{"type":"Feature","properties":{"c":"farmland"},"geometry":{"type":"Polygon","coordinates":[[[80.24666,7.59645],[80.24728,7.59683],[80.24812,7.59713],[80.24852,7.59761],[80.24821,7.59788],[80.24844,7.5985],[80.24801,7.59928],[80.24863,7.59957],[80.24894,7.59907],[80.24947,7.59964],[80.24995,7.59978],[80.25048,7.59961],[80.25034,7.59932],[80.2499,7.59878],[80.24999,7.59837],[80.2505,7.5985],[80.25086,7.59832],[80.25139,7.59864],[80.2522,7.59925],[80.25237,7.5981],[80.25227,7.59776],[80.25158,7.5975],[80.25089,7.5975],[80.25081,7.59764],[80.25031,7.59748],[80.24996,7.5972],[80.24969,7.59688],[80.24939,7.59631],[80.24958,7.596],[80.2499,7.59581],[80.25012,7.59548],[80.24987,7.59537],[80.24959,7.59551],[80.24939,7.59523],[80.24922,7.5951],[80.24881,7.59517],[80.24859,7.59505],[80.24808,7.59488],[80.2477,7.59492],[80.2475,7.59484],[80.24755,7.59446],[80.24724,7.5945],[80.24706,7.59492],[80.24702,7.59593],[80.24666,7.59645]]]}},{"type":"Feature","properties":{"c":"farmland"},"geometry":{"type":"Polygon","coordinates":[[[80.24115,7.59483],[80.24192,7.59564],[80.2418,7.59591],[80.24194,7.59606],[80.24216,7.59599],[80.24232,7.59664],[80.24251,7.59694],[80.24282,7.59701],[80.24316,7.59611],[80.24413,7.59617],[80.2442,7.59648],[80.24444,7.59661],[80.24463,7.59662],[80.24462,7.59653],[80.24504,7.59643],[80.24534,7.5966],[80.24601,7.59664],[80.24636,7.59633],[80.24642,7.59617],[80.24646,7.5955],[80.24636,7.59531],[80.24565,7.59464],[80.24515,7.59447],[80.24492,7.59478],[80.24388,7.59463],[80.24342,7.59439],[80.24317,7.59449],[80.24253,7.59447],[80.24179,7.59465],[80.24136,7.59448],[80.24115,7.59483]]]}},{"type":"Feature","properties":{"c":"farmland"},"geometry":{"type":"Polygon","coordinates":[[[80.24686,7.58722],[80.24705,7.58739],[80.24733,7.58711],[80.24777,7.58707],[80.24775,7.58669],[80.24781,7.58657],[80.24752,7.58626],[80.24775,7.58531],[80.24741,7.58519],[80.24737,7.58566],[80.24718,7.58604],[80.24701,7.58659],[80.24707,7.58687],[80.24686,7.58722]]]}},{"type":"Feature","properties":{"c":"farmland"},"geometry":{"type":"Polygon","coordinates":[[[80.25112,7.5953],[80.25211,7.59552],[80.25234,7.59546],[80.25278,7.59573],[80.25329,7.59576],[80.25405,7.59634],[80.25438,7.59525],[80.25424,7.59499],[80.25401,7.5948],[80.25378,7.5948],[80.25329,7.59488],[80.25253,7.5949],[80.25218,7.59529],[80.25183,7.59504],[80.25156,7.59507],[80.25112,7.5953]]]}},{"type":"Feature","properties":{"c":"farmland"},"geometry":{"type":"Polygon","coordinates":[[[80.28024,7.58638],[80.28064,7.58674],[80.281,7.58648],[80.2818,7.58635],[80.28163,7.58493],[80.28164,7.58369],[80.28195,7.58259],[80.28225,7.58244],[80.28247,7.58195],[80.28179,7.58176],[80.2816,7.58209],[80.28112,7.58198],[80.28066,7.5822],[80.28089,7.58245],[80.28098,7.58345],[80.28087,7.58411],[80.28047,7.58551],[80.28091,7.58566],[80.28088,7.58577],[80.28045,7.58573],[80.28024,7.58638]]]}},{"type":"Feature","properties":{"c":"farmland"},"geometry":{"type":"Polygon","coordinates":[[[80.2809,7.57922],[80.28097,7.58028],[80.28116,7.58089],[80.28135,7.58113],[80.28185,7.58061],[80.28164,7.58055],[80.28168,7.57995],[80.28149,7.57953],[80.28133,7.57946],[80.28118,7.57948],[80.28106,7.57925],[80.2809,7.57922]]]}},{"type":"Feature","properties":{"c":"farmland"},"geometry":{"type":"Polygon","coordinates":[[[80.28138,7.58143],[80.28253,7.58184],[80.28265,7.58168],[80.28245,7.58139],[80.28246,7.58119],[80.28262,7.58102],[80.28237,7.58085],[80.282,7.58075],[80.28165,7.58105],[80.28138,7.58143]]]}},{"type":"Feature","properties":{"c":"farmland"},"geometry":{"type":"Polygon","coordinates":[[[80.28567,7.57903],[80.28595,7.57941],[80.2862,7.58004],[80.2866,7.58079],[80.28645,7.58099],[80.28653,7.58113],[80.28688,7.581],[80.2872,7.58079],[80.28689,7.57999],[80.28641,7.5796],[80.28643,7.57934],[80.28658,7.57909],[80.28651,7.57858],[80.28655,7.57825],[80.28646,7.57805],[80.28618,7.5779],[80.28599,7.57807],[80.28608,7.57848],[80.28597,7.57859],[80.28575,7.57859],[80.28567,7.57903]]]}},{"type":"Feature","properties":{"c":"farmland"},"geometry":{"type":"Polygon","coordinates":[[[80.2864,7.58163],[80.28662,7.5827],[80.2868,7.58288],[80.287,7.58339],[80.28756,7.58359],[80.28729,7.58262],[80.28703,7.58213],[80.2868,7.58153],[80.2864,7.58163]]]}},{"type":"Feature","properties":{"c":"farmland"},"geometry":{"type":"Polygon","coordinates":[[[80.29398,7.57145],[80.29452,7.57198],[80.2947,7.57289],[80.29471,7.5732],[80.29494,7.57306],[80.29548,7.57329],[80.29579,7.5732],[80.29596,7.57293],[80.29596,7.57273],[80.29555,7.57251],[80.29573,7.57212],[80.29613,7.57153],[80.29555,7.57114],[80.29526,7.57014],[80.29467,7.56974],[80.29412,7.57],[80.29423,7.57061],[80.29398,7.57145]]]}},{"type":"Feature","properties":{"c":"farmland"},"geometry":{"type":"Polygon","coordinates":[[[80.29169,7.56931],[80.29185,7.5694],[80.29244,7.57022],[80.29259,7.57078],[80.29291,7.57089],[80.29283,7.57026],[80.293,7.56987],[80.29307,7.56982],[80.29341,7.56996],[80.29358,7.56986],[80.29372,7.56963],[80.29361,7.56954],[80.29335,7.5697],[80.29317,7.56948],[80.29357,7.56926],[80.29363,7.56897],[80.29387,7.56877],[80.29433,7.56882],[80.2944,7.56841],[80.29428,7.56816],[80.29441,7.56808],[80.29422,7.56796],[80.29429,7.56723],[80.29396,7.56713],[80.29365,7.56747],[80.29375,7.56785],[80.2937,7.56816],[80.29319,7.56825],[80.29237,7.56806],[80.2922,7.56831],[80.29237,7.56849],[80.2927,7.56918],[80.29255,7.56927],[80.29238,7.5692],[80.29233,7.56937],[80.29169,7.56931]]]}},{"type":"Feature","properties":{"c":"farmland"},"geometry":{"type":"Polygon","coordinates":[[[80.28803,7.5599],[80.28816,7.56023],[80.28848,7.56022],[80.28855,7.56011],[80.28906,7.56011],[80.28878,7.56124],[80.28884,7.56152],[80.28917,7.56153],[80.28938,7.56171],[80.28994,7.56103],[80.29047,7.56026],[80.29004,7.56005],[80.29015,7.5595],[80.29095,7.55976],[80.29087,7.55948],[80.29125,7.55885],[80.29174,7.55945],[80.29224,7.55906],[80.29208,7.55882],[80.29296,7.55864],[80.29376,7.55873],[80.29385,7.5584],[80.29368,7.55815],[80.29215,7.55747],[80.29209,7.55727],[80.29191,7.55718],[80.29181,7.55728],[80.29168,7.55712],[80.29154,7.55682],[80.29201,7.55632],[80.29118,7.5561],[80.2911,7.55629],[80.29117,7.5565],[80.29086,7.55639],[80.29075,7.5559],[80.29021,7.55589],[80.29032,7.55715],[80.29044,7.55742],[80.28953,7.55779],[80.28949,7.55813],[80.29003,7.55828],[80.29004,7.55843],[80.29011,7.55848],[80.29004,7.55905],[80.28991,7.55909],[80.28979,7.55967],[80.28895,7.55953],[80.2884,7.55963],[80.28803,7.5599]]]}},{"type":"Feature","properties":{"c":"farmland"},"geometry":{"type":"Polygon","coordinates":[[[80.2916,7.5561],[80.29209,7.55622],[80.29221,7.55607],[80.29217,7.55583],[80.29205,7.55556],[80.29217,7.55527],[80.29249,7.55529],[80.29258,7.55499],[80.29226,7.55483],[80.29204,7.55479],[80.29194,7.55489],[80.29227,7.55512],[80.29212,7.55504],[80.29197,7.55514],[80.29181,7.55512],[80.29163,7.55518],[80.29174,7.55562],[80.29174,7.55597],[80.2916,7.5561]]]}},{"type":"Feature","properties":{"c":"farmland"},"geometry":{"type":"Polygon","coordinates":[[[80.28965,7.55447],[80.29016,7.55503],[80.29022,7.55519],[80.29018,7.55582],[80.29076,7.55579],[80.29089,7.55517],[80.29049,7.55483],[80.29008,7.55431],[80.28965,7.55447]]]}},{"type":"Feature","properties":{"c":"farmland"},"geometry":{"type":"Polygon","coordinates":[[[80.30285,7.55779],[80.30291,7.55807],[80.30307,7.55845],[80.3032,7.5586],[80.30317,7.55919],[80.30312,7.55934],[80.30314,7.5598],[80.30319,7.55981],[80.30344,7.55937],[80.30348,7.55907],[80.30369,7.55857],[80.30369,7.55824],[80.30391,7.55828],[80.30391,7.55803],[80.30385,7.55782],[80.30367,7.55764],[80.30362,7.55764],[80.30343,7.5581],[80.30338,7.558],[80.30337,7.55773],[80.30351,7.55715],[80.30334,7.5571],[80.30329,7.55723],[80.30314,7.55722],[80.30303,7.5574],[80.30293,7.55739],[80.30285,7.55779]]]}},{"type":"Feature","properties":{"c":"forest","n":"coconut trees"},"geometry":{"type":"Polygon","coordinates":[[[80.28688,7.57542],[80.2883,7.57648],[80.28975,7.57722],[80.2916,7.57604],[80.28935,7.57529],[80.28773,7.57433],[80.28688,7.57542]]]}},{"type":"Feature","properties":{"c":"farmland"},"geometry":{"type":"Polygon","coordinates":[[[80.26892,7.53233],[80.26894,7.53308],[80.26901,7.53328],[80.26972,7.53413],[80.27007,7.53444],[80.27039,7.53465],[80.27075,7.53456],[80.27066,7.53431],[80.27011,7.53364],[80.26986,7.53286],[80.27017,7.53267],[80.2708,7.53254],[80.27138,7.53292],[80.27178,7.53332],[80.27166,7.53371],[80.27213,7.53395],[80.27241,7.53395],[80.27249,7.53357],[80.27297,7.53339],[80.27298,7.53303],[80.27325,7.53276],[80.27336,7.53231],[80.27275,7.53229],[80.27257,7.53241],[80.2724,7.53243],[80.27234,7.53231],[80.26892,7.53233]]]}},{"type":"Feature","properties":{"c":"farmland"},"geometry":{"type":"Polygon","coordinates":[[[80.28468,7.52919],[80.28487,7.52918],[80.2855,7.52934],[80.28572,7.52926],[80.28591,7.52929],[80.28593,7.52942],[80.28641,7.52936],[80.28662,7.52914],[80.28692,7.52906],[80.28694,7.52861],[80.28683,7.52857],[80.28658,7.52861],[80.28649,7.52871],[80.28628,7.52864],[80.28586,7.5287],[80.28553,7.52857],[80.28535,7.52856],[80.28508,7.52883],[80.28491,7.52882],[80.28494,7.52869],[80.28485,7.52869],[80.28468,7.52919]]]}},{"type":"Feature","properties":{"c":"farmland"},"geometry":{"type":"Polygon","coordinates":[[[80.28432,7.5321],[80.28479,7.53219],[80.2862,7.5322],[80.28621,7.53207],[80.28614,7.53197],[80.28596,7.53197],[80.28583,7.53203],[80.28578,7.532],[80.28578,7.53186],[80.28567,7.53175],[80.28549,7.53168],[80.28527,7.53168],[80.28507,7.53158],[80.28485,7.53117],[80.28463,7.53103],[80.2844,7.53097],[80.28432,7.5321]]]}},{"type":"Feature","properties":{"c":"farmland"},"geometry":{"type":"Polygon","coordinates":[[[80.2643,7.53158],[80.26507,7.53188],[80.26554,7.53199],[80.26548,7.53222],[80.26534,7.53243],[80.26519,7.53298],[80.26514,7.53335],[80.26521,7.53347],[80.26554,7.53331],[80.26591,7.5337],[80.26648,7.53391],[80.26674,7.53395],[80.26685,7.53372],[80.26682,7.53339],[80.26674,7.53322],[80.26636,7.53327],[80.26591,7.5329],[80.26607,7.53272],[80.26634,7.53207],[80.26665,7.5317],[80.2675,7.53162],[80.26805,7.53145],[80.26913,7.5317],[80.26882,7.53211],[80.26977,7.53216],[80.26996,7.53185],[80.27049,7.5319],[80.27066,7.53157],[80.27077,7.53095],[80.26975,7.53072],[80.26933,7.53047],[80.26887,7.53011],[80.26868,7.53007],[80.26774,7.53035],[80.26768,7.53056],[80.26742,7.53064],[80.26694,7.53058],[80.26696,7.52969],[80.26742,7.52962],[80.26757,7.52951],[80.26757,7.52937],[80.26846,7.52928],[80.2689,7.52908],[80.2696,7.52855],[80.26918,7.5278],[80.26863,7.52816],[80.26834,7.52817],[80.26807,7.52804],[80.26806,7.52775],[80.26616,7.52774],[80.26586,7.528],[80.2657,7.52801],[80.26548,7.52812],[80.26525,7.52844],[80.26507,7.5289],[80.26472,7.52948],[80.26474,7.53002],[80.26459,7.53052],[80.26484,7.53056],[80.26493,7.5307],[80.26486,7.53092],[80.26444,7.5313],[80.2643,7.53158]]]}},{"type":"Feature","properties":{"c":"farmland"},"geometry":{"type":"Polygon","coordinates":[[[80.27055,7.53216],[80.27116,7.53217],[80.27226,7.53217],[80.2722,7.53204],[80.27168,7.53196],[80.27149,7.53188],[80.27159,7.53161],[80.27154,7.53145],[80.27124,7.53115],[80.27089,7.531],[80.2708,7.53156],[80.27055,7.53216]]]}},{"type":"Feature","properties":{"c":"farmland"},"geometry":{"type":"Polygon","coordinates":[[[80.26622,7.52765],[80.26781,7.52765],[80.26775,7.52733],[80.26722,7.52656],[80.26722,7.52632],[80.26699,7.52628],[80.26658,7.5264],[80.26654,7.52653],[80.26658,7.52678],[80.26655,7.52687],[80.26645,7.5269],[80.26649,7.52708],[80.26622,7.52765]]]}},{"type":"Feature","properties":{"c":"farmland"},"geometry":{"type":"Polygon","coordinates":[[[80.26641,7.52615],[80.26662,7.52628],[80.26716,7.52621],[80.26707,7.52612],[80.267,7.52561],[80.26744,7.52486],[80.26754,7.52477],[80.26767,7.52428],[80.26707,7.52417],[80.26699,7.52451],[80.26688,7.52462],[80.26683,7.52478],[80.26677,7.52482],[80.26673,7.52504],[80.2666,7.52527],[80.26641,7.52615]]]}},{"type":"Feature","properties":{"c":"farmland"},"geometry":{"type":"Polygon","coordinates":[[[80.26976,7.52219],[80.27001,7.52287],[80.27036,7.52284],[80.27048,7.52304],[80.27073,7.52304],[80.27093,7.52285],[80.27103,7.52286],[80.27113,7.52297],[80.27143,7.52285],[80.27152,7.52275],[80.27148,7.52263],[80.27158,7.52248],[80.27169,7.52239],[80.27184,7.52244],[80.27233,7.52189],[80.27246,7.52183],[80.27248,7.52172],[80.27211,7.52143],[80.27145,7.52211],[80.27055,7.52241],[80.27039,7.52234],[80.27033,7.5221],[80.27034,7.52167],[80.27022,7.52156],[80.27005,7.52152],[80.26993,7.5217],[80.26992,7.52199],[80.26976,7.52219]]]}},{"type":"Feature","properties":{"c":"farmland"},"geometry":{"type":"Polygon","coordinates":[[[80.27215,7.52136],[80.27264,7.52167],[80.27279,7.52122],[80.27311,7.52066],[80.2731,7.52051],[80.2727,7.52047],[80.27251,7.52086],[80.2723,7.52117],[80.27229,7.52126],[80.27215,7.52136]]]}},{"type":"Feature","properties":{"c":"farmland"},"geometry":{"type":"Polygon","coordinates":[[[80.27521,7.52163],[80.27523,7.52178],[80.27586,7.52202],[80.27612,7.52177],[80.27644,7.52128],[80.27644,7.52061],[80.27654,7.51987],[80.27628,7.51986],[80.27595,7.52042],[80.27568,7.52062],[80.27555,7.5209],[80.27541,7.52107],[80.27534,7.52149],[80.27521,7.52163]]]}},{"type":"Feature","properties":{"c":"farmland"},"geometry":{"type":"Polygon","coordinates":[[[80.26849,7.52279],[80.26865,7.52291],[80.26884,7.52296],[80.26903,7.52259],[80.26865,7.52248],[80.26849,7.52279]]]}},{"type":"Feature","properties":{"c":"farmland"},"geometry":{"type":"Polygon","coordinates":[[[80.26883,7.52231],[80.26898,7.5225],[80.26906,7.5224],[80.26911,7.52222],[80.26908,7.52217],[80.26893,7.52229],[80.26883,7.52231]]]}},{"type":"Feature","properties":{"c":"farmland"},"geometry":{"type":"Polygon","coordinates":[[[80.26875,7.5189],[80.26891,7.519],[80.26902,7.51893],[80.26913,7.51873],[80.26926,7.51875],[80.26938,7.5187],[80.26951,7.51861],[80.26955,7.51849],[80.26892,7.5185],[80.26875,7.5189]]]}},{"type":"Feature","properties":{"c":"farmland"},"geometry":{"type":"Polygon","coordinates":[[[80.26583,7.52247],[80.26584,7.52303],[80.26597,7.52303],[80.26617,7.52278],[80.26608,7.52267],[80.2661,7.52257],[80.26595,7.52241],[80.26583,7.52247]]]}},{"type":"Feature","properties":{"c":"farmland"},"geometry":{"type":"Polygon","coordinates":[[[80.29448,7.5804],[80.29448,7.58103],[80.29732,7.58102],[80.29716,7.58084],[80.29715,7.58066],[80.29706,7.58054],[80.29664,7.58066],[80.29651,7.58052],[80.29594,7.58045],[80.29575,7.5803],[80.2957,7.58031],[80.29567,7.5805],[80.29492,7.58065],[80.29448,7.5804]]]}},{"type":"Feature","properties":{"c":"farmland"},"geometry":{"type":"Polygon","coordinates":[[[80.29695,7.5789],[80.2979,7.57918],[80.29805,7.57848],[80.29752,7.57815],[80.29748,7.57828],[80.29737,7.57831],[80.29715,7.57821],[80.29695,7.5789]]]}},{"type":"Feature","properties":{"c":"farmland"},"geometry":{"type":"Polygon","coordinates":[[[80.29802,7.57784],[80.29867,7.57817],[80.29918,7.57716],[80.29908,7.57711],[80.29892,7.57737],[80.2988,7.57733],[80.29904,7.57683],[80.29905,7.57674],[80.29891,7.57671],[80.29886,7.57663],[80.29853,7.57675],[80.29802,7.57784]]]}},{"type":"Feature","properties":{"c":"farmland"},"geometry":{"type":"Polygon","coordinates":[[[80.2974,7.58091],[80.29746,7.58103],[80.29789,7.581],[80.29794,7.58092],[80.29791,7.58079],[80.29753,7.58072],[80.2974,7.58091]]]}},{"type":"Feature","properties":{"c":"farmland"},"geometry":{"type":"Polygon","coordinates":[[[80.3008,7.57248],[80.30109,7.57278],[80.30132,7.57292],[80.3013,7.57312],[80.30165,7.57325],[80.30198,7.57316],[80.30201,7.57301],[80.30194,7.57294],[80.30192,7.57282],[80.30204,7.57282],[80.30218,7.57292],[80.3023,7.57289],[80.30221,7.57271],[80.30205,7.57265],[80.30197,7.57252],[80.30214,7.57236],[80.3021,7.57224],[80.30198,7.57217],[80.30168,7.57223],[80.30132,7.57244],[80.30123,7.57242],[80.30124,7.57221],[80.30114,7.57217],[80.3009,7.57217],[80.3008,7.57248]]]}},{"type":"Feature","properties":{"c":"farmland"},"geometry":{"type":"Polygon","coordinates":[[[80.30006,7.57107],[80.30016,7.57168],[80.30024,7.57187],[80.30056,7.57187],[80.30138,7.57164],[80.30163,7.57183],[80.30186,7.5718],[80.30203,7.5717],[80.30205,7.57163],[80.30191,7.57138],[80.30201,7.57115],[80.30217,7.57039],[80.30212,7.5702],[80.302,7.57012],[80.30215,7.57002],[80.30187,7.57],[80.30173,7.57016],[80.30163,7.57015],[80.30148,7.57001],[80.301,7.57],[80.30097,7.57011],[80.30079,7.57006],[80.30059,7.57054],[80.30062,7.57062],[80.3005,7.57085],[80.30035,7.57098],[80.30011,7.57094],[80.30006,7.57107]]]}},{"type":"Feature","properties":{"c":"farmland","n":"ditwah farmland"},"geometry":{"type":"Polygon","coordinates":[[[80.26998,7.57244],[80.27009,7.57244],[80.27057,7.57247],[80.27046,7.57217],[80.27006,7.57213],[80.26998,7.57244]]]}},{"type":"Feature","properties":{"c":"farmland"},"geometry":{"type":"Polygon","coordinates":[[[80.27883,7.57875],[80.27889,7.5788],[80.27883,7.57896],[80.27887,7.57901],[80.27885,7.57916],[80.27919,7.5793],[80.27918,7.57886],[80.27929,7.57878],[80.2792,7.57868],[80.27898,7.57862],[80.27889,7.57865],[80.27883,7.57875]]]}},{"type":"Feature","properties":{"c":"forest"},"geometry":{"type":"Polygon","coordinates":[[[80.26674,7.56648],[80.26761,7.56638],[80.26766,7.56604],[80.26693,7.56603],[80.26696,7.56618],[80.26677,7.56621],[80.26674,7.56648]]]}},{"type":"Feature","properties":{"c":"forest"},"geometry":{"type":"Polygon","coordinates":[[[80.26675,7.56606],[80.26768,7.56603],[80.26853,7.56609],[80.26855,7.56506],[80.26822,7.56531],[80.26813,7.56543],[80.268,7.56578],[80.26678,7.5656],[80.26675,7.56606]]]}},{"type":"Feature","properties":{"c":"forest"},"geometry":{"type":"Polygon","coordinates":[[[80.26518,7.56586],[80.26528,7.56589],[80.26552,7.56587],[80.26554,7.56603],[80.2656,7.566],[80.26562,7.56578],[80.26591,7.56581],[80.26589,7.56596],[80.26568,7.56598],[80.26568,7.56611],[80.26674,7.56648],[80.26682,7.56515],[80.26608,7.56531],[80.26607,7.56543],[80.26588,7.56543],[80.26589,7.5653],[80.26525,7.56556],[80.26518,7.56586]]]}},{"type":"Feature","properties":{"c":"forest"},"geometry":{"type":"Polygon","coordinates":[[[80.26678,7.5656],[80.26782,7.56575],[80.26785,7.56558],[80.26803,7.56562],[80.2681,7.56542],[80.26784,7.56535],[80.26763,7.5654],[80.26753,7.56538],[80.26682,7.56515],[80.26678,7.5656]]]}},{"type":"Feature","properties":{"c":"forest"},"geometry":{"type":"Polygon","coordinates":[[[80.26525,7.56556],[80.26592,7.56526],[80.26608,7.56528],[80.26682,7.56515],[80.26744,7.56531],[80.26758,7.56484],[80.2671,7.56474],[80.2671,7.56451],[80.26784,7.56469],[80.26788,7.56478],[80.26785,7.56532],[80.26796,7.56535],[80.26798,7.56516],[80.26825,7.56527],[80.26855,7.56506],[80.26856,7.56428],[80.268,7.56422],[80.26772,7.56413],[80.26773,7.56399],[80.26646,7.5638],[80.26559,7.56462],[80.26559,7.56483],[80.26539,7.56483],[80.26525,7.56556]]]}},{"type":"Feature","properties":{"c":"farmland"},"geometry":{"type":"Polygon","coordinates":[[[80.26626,7.56316],[80.2666,7.5633],[80.26702,7.56246],[80.26723,7.56243],[80.26699,7.56228],[80.26708,7.56194],[80.26679,7.56186],[80.26664,7.56214],[80.26643,7.56205],[80.26626,7.56316]]]}},{"type":"Feature","properties":{"c":"farmland"},"geometry":{"type":"Polygon","coordinates":[[[80.26259,7.55977],[80.26295,7.56003],[80.26303,7.56015],[80.26298,7.56018],[80.26312,7.56039],[80.26336,7.56031],[80.26349,7.56014],[80.26319,7.5597],[80.2628,7.55948],[80.26259,7.55977]]]}},{"type":"Feature","properties":{"c":"farmland"},"geometry":{"type":"Polygon","coordinates":[[[80.26222,7.55999],[80.26254,7.56077],[80.26257,7.56137],[80.26286,7.56137],[80.26287,7.56078],[80.26248,7.5599],[80.26222,7.55999]]]}},{"type":"Feature","properties":{"c":"forest"},"geometry":{"type":"Polygon","coordinates":[[[80.26653,7.56364],[80.2667,7.56366],[80.26663,7.56384],[80.26773,7.56399],[80.26778,7.56341],[80.26762,7.56295],[80.2675,7.56307],[80.26685,7.56281],[80.2666,7.5633],[80.26653,7.56364]]]}},{"type":"Feature","properties":{"c":"forest"},"geometry":{"type":"Polygon","coordinates":[[[80.26511,7.56248],[80.26529,7.56253],[80.26527,7.56464],[80.26559,7.56462],[80.26645,7.56378],[80.2666,7.5633],[80.26626,7.56316],[80.26643,7.56205],[80.26664,7.56214],[80.26679,7.56186],[80.26708,7.56194],[80.26713,7.56175],[80.26712,7.56148],[80.26731,7.56136],[80.26726,7.56095],[80.26743,7.56088],[80.26744,7.56073],[80.26762,7.56068],[80.26762,7.56063],[80.26749,7.56057],[80.267,7.56056],[80.267,7.56081],[80.26679,7.56083],[80.26677,7.56064],[80.26694,7.56063],[80.26694,7.56056],[80.26682,7.56057],[80.26679,7.56052],[80.26654,7.56054],[80.26653,7.5604],[80.26674,7.56039],[80.26667,7.5602],[80.26644,7.56016],[80.2665,7.55994],[80.26675,7.56001],[80.26708,7.56002],[80.26703,7.5602],[80.26676,7.56021],[80.26682,7.56048],[80.26688,7.56052],[80.26751,7.56052],[80.26772,7.56061],[80.26764,7.56009],[80.26765,7.55968],[80.26627,7.55971],[80.26611,7.56],[80.26591,7.56016],[80.26571,7.56051],[80.2655,7.5605],[80.26535,7.56058],[80.26533,7.56085],[80.26556,7.5609],[80.26535,7.56194],[80.26523,7.56205],[80.26511,7.56248]]]}},{"type":"Feature","properties":{"c":"forest"},"geometry":{"type":"Polygon","coordinates":[[[80.26317,7.55945],[80.26334,7.55957],[80.26352,7.55954],[80.26364,7.55964],[80.26351,7.55977],[80.26319,7.5597],[80.26349,7.56014],[80.26336,7.56031],[80.26343,7.56049],[80.26341,7.56067],[80.26352,7.56096],[80.26366,7.56106],[80.26366,7.56118],[80.26379,7.56134],[80.26436,7.56114],[80.2645,7.56091],[80.26367,7.56075],[80.26363,7.56068],[80.26366,7.56056],[80.26384,7.56059],[80.26435,7.56035],[80.2644,7.56047],[80.26517,7.56057],[80.2652,7.56021],[80.26555,7.55997],[80.2654,7.55983],[80.26435,7.55985],[80.2644,7.55965],[80.26395,7.55949],[80.26373,7.55953],[80.26336,7.55934],[80.26317,7.55945]]]}},{"type":"Feature","properties":{"c":"forest"},"geometry":{"type":"Polygon","coordinates":[[[80.26424,7.56059],[80.26429,7.5607],[80.26435,7.56063],[80.26454,7.56063],[80.26454,7.5605],[80.2644,7.56047],[80.26424,7.56059]]]}},{"type":"Feature","properties":{"c":"farmland"},"geometry":{"type":"Polygon","coordinates":[[[80.26402,7.5629],[80.2643,7.56306],[80.26491,7.563],[80.26511,7.56248],[80.26418,7.56222],[80.26402,7.5629]]]}},{"type":"Feature","properties":{"c":"forest"},"geometry":{"type":"Polygon","coordinates":[[[80.26445,7.56507],[80.26536,7.56497],[80.26539,7.56483],[80.26528,7.56482],[80.26526,7.56341],[80.2648,7.5635],[80.26484,7.5637],[80.26467,7.56373],[80.26462,7.56342],[80.26446,7.56353],[80.26457,7.56377],[80.26445,7.56507]]]}},{"type":"Feature","properties":{"c":"farmland"},"geometry":{"type":"Polygon","coordinates":[[[80.26431,7.56321],[80.26444,7.56353],[80.26462,7.56342],[80.26463,7.56354],[80.26526,7.56341],[80.26529,7.56253],[80.26511,7.56248],[80.26491,7.563],[80.26491,7.56314],[80.26431,7.56321]]]}},{"type":"Feature","properties":{"c":"farmland"},"geometry":{"type":"Polygon","coordinates":[[[80.26419,7.56725],[80.26434,7.56781],[80.26478,7.56786],[80.26485,7.56752],[80.26505,7.56701],[80.26419,7.56725]]]}},{"type":"Feature","properties":{"c":"farmland"},"geometry":{"type":"Polygon","coordinates":[[[80.26673,7.567],[80.26679,7.56728],[80.26758,7.56731],[80.26753,7.56663],[80.26714,7.56669],[80.26726,7.56699],[80.26673,7.567]]]}},{"type":"Feature","properties":{"c":"forest"},"geometry":{"type":"Polygon","coordinates":[[[80.26317,7.56311],[80.26341,7.56386],[80.26405,7.56383],[80.26414,7.56324],[80.26431,7.56321],[80.2643,7.56306],[80.26397,7.56294],[80.26376,7.56274],[80.26379,7.56252],[80.26406,7.56251],[80.26413,7.56222],[80.264,7.56217],[80.26375,7.56224],[80.26317,7.56311]]]}},{"type":"Feature","properties":{"c":"farmland"},"geometry":{"type":"Polygon","coordinates":[[[80.2571,7.56673],[80.25756,7.56614],[80.25781,7.56556],[80.25815,7.56658],[80.25873,7.5655],[80.25795,7.56438],[80.25792,7.56335],[80.25812,7.56289],[80.25856,7.56223],[80.2592,7.56247],[80.26055,7.56354],[80.26087,7.56321],[80.26054,7.5627],[80.25962,7.56235],[80.25951,7.56222],[80.25956,7.56195],[80.25996,7.56174],[80.25983,7.56133],[80.25931,7.5611],[80.25898,7.56046],[80.25867,7.5606],[80.25792,7.56035],[80.25782,7.56073],[80.25796,7.56154],[80.2578,7.56176],[80.25726,7.56226],[80.25721,7.56342],[80.25715,7.56378],[80.2571,7.56673]]]}},{"type":"Feature","properties":{"c":"farmland"},"geometry":{"type":"Polygon","coordinates":[[[80.25807,7.56027],[80.25821,7.56039],[80.25864,7.56055],[80.25887,7.56043],[80.25907,7.55992],[80.25913,7.55992],[80.25919,7.55976],[80.25833,7.55963],[80.25827,7.5598],[80.25812,7.56],[80.25807,7.56027]]]}},{"type":"Feature","properties":{"c":"forest"},"geometry":{"type":"Polygon","coordinates":[[[80.25792,7.56335],[80.25935,7.56289],[80.25951,7.56291],[80.25955,7.56283],[80.2592,7.56247],[80.25856,7.56223],[80.25869,7.56234],[80.25858,7.56273],[80.25844,7.56265],[80.25812,7.56289],[80.25792,7.56335]]]}},{"type":"Feature","properties":{"c":"farmland"},"geometry":{"type":"Polygon","coordinates":[[[80.25815,7.56658],[80.25847,7.56658],[80.25847,7.56711],[80.25899,7.56753],[80.25902,7.56821],[80.25974,7.56823],[80.25972,7.56766],[80.26053,7.56767],[80.26065,7.56742],[80.26103,7.56742],[80.26107,7.56755],[80.26182,7.56747],[80.26174,7.56666],[80.26205,7.5664],[80.26202,7.56607],[80.26131,7.56631],[80.2612,7.5665],[80.26091,7.56636],[80.26027,7.56674],[80.25968,7.56689],[80.25914,7.56648],[80.25902,7.56586],[80.25873,7.5655],[80.25815,7.56658]]]}},{"type":"Feature","properties":{"c":"forest"},"geometry":{"type":"Polygon","coordinates":[[[80.2569,7.56222],[80.25708,7.56229],[80.25706,7.56489],[80.25721,7.56342],[80.25724,7.56226],[80.2578,7.56176],[80.25796,7.56154],[80.25782,7.56073],[80.25792,7.56035],[80.25809,7.56039],[80.25813,7.56033],[80.25807,7.56027],[80.25812,7.56],[80.25827,7.5598],[80.25818,7.55973],[80.25809,7.5599],[80.25795,7.55997],[80.25784,7.55979],[80.25769,7.55979],[80.25762,7.55997],[80.25795,7.56014],[80.25779,7.56026],[80.25735,7.56012],[80.25723,7.56048],[80.2569,7.56222]]]}},{"type":"Feature","properties":{"c":"forest"},"geometry":{"type":"Polygon","coordinates":[[[80.25972,7.56766],[80.25974,7.56823],[80.26082,7.56815],[80.2615,7.56887],[80.26153,7.56872],[80.26144,7.56842],[80.26146,7.56832],[80.26171,7.56797],[80.26146,7.56784],[80.26182,7.56747],[80.26107,7.56755],[80.26098,7.56742],[80.26065,7.56742],[80.26053,7.56767],[80.25972,7.56766]]]}},{"type":"Feature","properties":{"c":"forest"},"geometry":{"type":"Polygon","coordinates":[[[80.26144,7.56842],[80.26153,7.56872],[80.26163,7.56873],[80.26185,7.56802],[80.26171,7.56797],[80.26146,7.56832],[80.26161,7.56834],[80.26159,7.56844],[80.26144,7.56842]]]}},{"type":"Feature","properties":{"c":"forest"},"geometry":{"type":"Polygon","coordinates":[[[80.26152,7.56773],[80.26178,7.56785],[80.26171,7.56797],[80.26185,7.56802],[80.26197,7.56793],[80.26218,7.56785],[80.26227,7.56771],[80.262,7.56754],[80.26196,7.56771],[80.26187,7.56769],[80.26189,7.56763],[80.26182,7.56761],[80.26182,7.56747],[80.26152,7.56773]]]}},{"type":"Feature","properties":{"c":"forest"},"geometry":{"type":"Polygon","coordinates":[[[80.26174,7.56666],[80.26184,7.56754],[80.262,7.56754],[80.26227,7.56771],[80.26252,7.56709],[80.2622,7.56709],[80.26205,7.5664],[80.26174,7.56666]]]}},{"type":"Feature","properties":{"c":"forest"},"geometry":{"type":"Polygon","coordinates":[[[80.26205,7.5664],[80.2622,7.567],[80.26238,7.56701],[80.26237,7.5671],[80.26252,7.56709],[80.2626,7.56676],[80.2623,7.56675],[80.26231,7.56659],[80.26205,7.5664]]]}},{"type":"Feature","properties":{"c":"forest"},"geometry":{"type":"Polygon","coordinates":[[[80.26231,7.56659],[80.26251,7.56661],[80.2625,7.56677],[80.2626,7.56676],[80.26265,7.5663],[80.26256,7.56631],[80.26256,7.56643],[80.26241,7.56643],[80.26231,7.56659]]]}},{"type":"Feature","properties":{"c":"farmland"},"geometry":{"type":"Polygon","coordinates":[[[80.26024,7.56391],[80.261,7.56407],[80.26139,7.56366],[80.26166,7.56352],[80.26166,7.56335],[80.26139,7.56328],[80.26143,7.56317],[80.2613,7.56309],[80.26131,7.5629],[80.26118,7.56278],[80.26108,7.56318],[80.26082,7.56352],[80.26024,7.56391]]]}},{"type":"Feature","properties":{"c":"forest"},"geometry":{"type":"Polygon","coordinates":[[[80.25998,7.56506],[80.26024,7.56519],[80.26023,7.56529],[80.26042,7.5653],[80.26042,7.56514],[80.26123,7.56435],[80.26123,7.56418],[80.26115,7.56391],[80.26005,7.56486],[80.25998,7.56506]]]}},{"type":"Feature","properties":{"c":"forest"},"geometry":{"type":"Polygon","coordinates":[[[80.26042,7.56514],[80.26051,7.56514],[80.26051,7.5653],[80.26072,7.56547],[80.26074,7.56528],[80.26086,7.5653],[80.26084,7.56548],[80.26095,7.56549],[80.26095,7.56535],[80.26108,7.56536],[80.26116,7.56514],[80.26098,7.56512],[80.26123,7.56435],[80.26042,7.56514]]]}},{"type":"Feature","properties":{"c":"forest"},"geometry":{"type":"Polygon","coordinates":[[[80.26113,7.5649],[80.26132,7.56491],[80.26131,7.56509],[80.26183,7.56534],[80.26192,7.5653],[80.26189,7.56522],[80.26198,7.56519],[80.26191,7.56511],[80.26185,7.56514],[80.2617,7.56497],[80.26163,7.56498],[80.26156,7.56446],[80.26135,7.56435],[80.26123,7.56435],[80.26113,7.5649]]]}},{"type":"Feature","properties":{"c":"forest"},"geometry":{"type":"Polygon","coordinates":[[[80.26043,7.56586],[80.26048,7.56586],[80.26067,7.56652],[80.26091,7.56636],[80.2612,7.5665],[80.26131,7.56627],[80.26202,7.56603],[80.26205,7.5664],[80.26231,7.56659],[80.26239,7.56643],[80.2623,7.56643],[80.2623,7.56632],[80.26239,7.56632],[80.26235,7.56612],[80.26254,7.56609],[80.26256,7.5662],[80.26262,7.56616],[80.26259,7.56585],[80.2625,7.56572],[80.26226,7.56581],[80.26221,7.5656],[80.26236,7.56557],[80.26227,7.5654],[80.26215,7.56529],[80.26187,7.56545],[80.26182,7.56535],[80.26129,7.56515],[80.26121,7.56514],[80.26108,7.56536],[80.26107,7.5655],[80.26072,7.56547],[80.26043,7.56586]]]}},{"type":"Feature","properties":{"c":"forest"},"geometry":{"type":"Polygon","coordinates":[[[80.26115,7.56391],[80.26123,7.56418],[80.26135,7.56418],[80.26135,7.56435],[80.26156,7.56445],[80.26166,7.56442],[80.26172,7.5646],[80.26177,7.56461],[80.26166,7.5642],[80.26166,7.56352],[80.26139,7.56366],[80.26115,7.56391]]]}},{"type":"Feature","properties":{"c":"forest"},"geometry":{"type":"Polygon","coordinates":[[[80.25951,7.56222],[80.25962,7.56235],[80.26054,7.5627],[80.26087,7.56321],[80.26094,7.56316],[80.26115,7.56273],[80.2608,7.56247],[80.26077,7.56231],[80.26071,7.56232],[80.26066,7.5624],[80.26049,7.56237],[80.26049,7.56216],[80.26069,7.5622],[80.26071,7.56227],[80.26078,7.56227],[80.26101,7.56101],[80.26087,7.56122],[80.26087,7.56128],[80.26076,7.56128],[80.26076,7.56121],[80.26033,7.56116],[80.26014,7.56122],[80.26006,7.56116],[80.25983,7.56133],[80.25996,7.56174],[80.25956,7.56195],[80.25951,7.56222]]]}},{"type":"Feature","properties":{"c":"forest"},"geometry":{"type":"Polygon","coordinates":[[[80.25889,7.56036],[80.25898,7.56046],[80.25919,7.5605],[80.25934,7.56038],[80.25935,7.56028],[80.25909,7.56027],[80.25925,7.55991],[80.25907,7.55992],[80.25889,7.56036]]]}},{"type":"Feature","properties":{"c":"forest"},"geometry":{"type":"Polygon","coordinates":[[[80.25908,7.56064],[80.25931,7.5611],[80.25983,7.56133],[80.26006,7.56116],[80.26011,7.56105],[80.26031,7.56103],[80.26033,7.56116],[80.26076,7.56121],[80.26078,7.56117],[80.26087,7.56117],[80.26101,7.56101],[80.26101,7.56087],[80.26077,7.56086],[80.26074,7.56075],[80.25994,7.56028],[80.25987,7.56032],[80.25982,7.56022],[80.25962,7.56022],[80.2595,7.56047],[80.25959,7.56048],[80.25957,7.56063],[80.25944,7.56062],[80.25949,7.56071],[80.25963,7.56072],[80.25962,7.56084],[80.2595,7.56085],[80.2594,7.56062],[80.25908,7.56064]]]}},{"type":"Feature","properties":{"c":"forest"},"geometry":{"type":"Polygon","coordinates":[[[80.25965,7.56015],[80.25995,7.56011],[80.26,7.56021],[80.26076,7.56072],[80.26089,7.56073],[80.26089,7.56082],[80.26102,7.56084],[80.26109,7.56049],[80.26073,7.56051],[80.26072,7.56042],[80.26083,7.56037],[80.26083,7.5602],[80.26089,7.56015],[80.26112,7.56015],[80.26113,7.56009],[80.261,7.5601],[80.261,7.56],[80.26119,7.56005],[80.2613,7.55997],[80.26102,7.55991],[80.26105,7.55971],[80.25987,7.55969],[80.25965,7.56015]]]}},{"type":"Feature","properties":{"c":"forest"},"geometry":{"type":"Polygon","coordinates":[[[80.26122,7.55983],[80.26136,7.55993],[80.26182,7.55997],[80.26197,7.55996],[80.26197,7.55982],[80.26207,7.55982],[80.26207,7.55996],[80.26212,7.55996],[80.26235,7.5599],[80.26247,7.55983],[80.26255,7.55972],[80.26247,7.55971],[80.26231,7.55983],[80.26223,7.55971],[80.26239,7.55961],[80.26259,7.55966],[80.26267,7.55951],[80.26249,7.55938],[80.26234,7.55947],[80.26228,7.55939],[80.26209,7.5595],[80.26177,7.55956],[80.26174,7.55939],[80.26148,7.55935],[80.26122,7.55975],[80.26122,7.55983]]]}},{"type":"Feature","properties":{"c":"forest"},"geometry":{"type":"Polygon","coordinates":[[[80.26265,7.5682],[80.26434,7.56781],[80.26419,7.56725],[80.26505,7.56701],[80.26472,7.5666],[80.26467,7.56621],[80.26345,7.56606],[80.26335,7.56642],[80.26309,7.56639],[80.26302,7.56669],[80.2629,7.5669],[80.26279,7.5678],[80.26273,7.56784],[80.26265,7.5682]]]}},{"type":"Feature","properties":{"c":"forest"},"geometry":{"type":"Polygon","coordinates":[[[80.26696,7.56875],[80.26718,7.56943],[80.26721,7.5696],[80.2677,7.56918],[80.26754,7.56916],[80.26763,7.56893],[80.26734,7.5688],[80.26737,7.56896],[80.26721,7.56898],[80.26719,7.56882],[80.26696,7.56875]]]}},{"type":"Feature","properties":{"c":"forest"},"geometry":{"type":"Polygon","coordinates":[[[80.26723,7.56961],[80.2675,7.57009],[80.26768,7.57011],[80.26792,7.56921],[80.26782,7.56918],[80.26787,7.56898],[80.26763,7.56893],[80.2676,7.56905],[80.26766,7.56907],[80.2677,7.56918],[80.26723,7.56961]]]}},{"type":"Feature","properties":{"c":"forest"},"geometry":{"type":"Polygon","coordinates":[[[80.26768,7.57011],[80.26816,7.56895],[80.26809,7.56891],[80.26786,7.56907],[80.26796,7.56908],[80.26768,7.57011]]]}},{"type":"Feature","properties":{"c":"farmland"},"geometry":{"type":"Polygon","coordinates":[[[80.26814,7.56886],[80.26861,7.56912],[80.26894,7.56907],[80.26887,7.56888],[80.26908,7.56864],[80.26897,7.56846],[80.26906,7.5683],[80.26917,7.56822],[80.26959,7.56805],[80.26934,7.56759],[80.26869,7.56801],[80.26814,7.56886]]]}},{"type":"Feature","properties":{"c":"forest"},"geometry":{"type":"Polygon","coordinates":[[[80.26792,7.56748],[80.26823,7.56838],[80.26818,7.56851],[80.2681,7.5684],[80.26814,7.56886],[80.26869,7.568],[80.26934,7.56758],[80.26854,7.56748],[80.26792,7.56748]]]}},{"type":"Feature","properties":{"c":"forest"},"geometry":{"type":"Polygon","coordinates":[[[80.26769,7.56647],[80.26788,7.56743],[80.26803,7.56743],[80.26804,7.56748],[80.26854,7.56748],[80.26855,7.56735],[80.26837,7.56736],[80.26839,7.5671],[80.26857,7.56712],[80.2686,7.56613],[80.26775,7.56607],[80.26781,7.56628],[80.26792,7.56627],[80.2678,7.56647],[80.26769,7.56647]]]}},{"type":"Feature","properties":{"c":"forest"},"geometry":{"type":"Polygon","coordinates":[[[80.26358,7.5656],[80.26437,7.56568],[80.26469,7.56555],[80.26481,7.56555],[80.26479,7.56569],[80.26521,7.56569],[80.26523,7.56562],[80.26513,7.56563],[80.26515,7.56552],[80.26525,7.56556],[80.26536,7.56499],[80.26366,7.56524],[80.26358,7.5656]]]}},{"type":"Feature","properties":{"c":"farmland"},"geometry":{"type":"Polygon","coordinates":[[[80.26307,7.56074],[80.26375,7.56224],[80.264,7.56217],[80.26379,7.56134],[80.26366,7.56118],[80.26366,7.56106],[80.26357,7.56103],[80.26345,7.56078],[80.26338,7.56035],[80.26316,7.56043],[80.26307,7.56074]]]}},{"type":"Feature","properties":{"c":"forest"},"geometry":{"type":"Polygon","coordinates":[[[80.26312,7.56445],[80.26364,7.56518],[80.26443,7.56507],[80.26446,7.56409],[80.26388,7.56418],[80.26383,7.56435],[80.26332,7.56422],[80.26313,7.56427],[80.26312,7.56445]]]}},{"type":"Feature","properties":{"c":"forest"},"geometry":{"type":"Polygon","coordinates":[[[80.26161,7.56462],[80.26161,7.56481],[80.26169,7.5648],[80.2617,7.56497],[80.26186,7.56502],[80.26204,7.56527],[80.2621,7.56523],[80.26195,7.56502],[80.26177,7.56461],[80.26161,7.56462]]]}},{"type":"Feature","properties":{"c":"forest"},"geometry":{"type":"Polygon","coordinates":[[[80.25873,7.5655],[80.25902,7.56586],[80.25914,7.56648],[80.25968,7.56689],[80.25993,7.56682],[80.25989,7.56656],[80.26019,7.56653],[80.26027,7.56674],[80.26067,7.56652],[80.26055,7.56619],[80.25995,7.56628],[80.26002,7.56593],[80.26033,7.56603],[80.26036,7.5659],[80.26072,7.56547],[80.26051,7.5653],[80.26023,7.56529],[80.26013,7.56534],[80.25996,7.56564],[80.25999,7.56578],[80.25981,7.56581],[80.2597,7.5654],[80.25966,7.56542],[80.25964,7.56534],[80.25957,7.56463],[80.25873,7.5655]],[[80.25932,7.56607],[80.25944,7.56594],[80.25953,7.566],[80.25939,7.56614],[80.25932,7.56607]]]}},{"type":"Feature","properties":{"c":"farmland"},"geometry":{"type":"Polygon","coordinates":[[[80.29686,7.54793],[80.29905,7.54794],[80.29901,7.54776],[80.29929,7.5477],[80.29919,7.5471],[80.29763,7.54729],[80.2975,7.54709],[80.29706,7.54703],[80.29686,7.54793]]]}},{"type":"Feature","properties":{"c":"farmland"},"geometry":{"type":"Polygon","coordinates":[[[80.29455,7.53624],[80.29469,7.53726],[80.29513,7.53731],[80.29529,7.53743],[80.29575,7.53751],[80.29581,7.53738],[80.29592,7.53748],[80.29588,7.5376],[80.29556,7.53761],[80.2954,7.53772],[80.29528,7.53769],[80.29513,7.53782],[80.2949,7.53827],[80.29507,7.53846],[80.29529,7.53824],[80.29531,7.53815],[80.29562,7.53801],[80.29564,7.53783],[80.29575,7.53779],[80.29593,7.53798],[80.29611,7.53802],[80.29614,7.53811],[80.29628,7.53815],[80.29638,7.53837],[80.29646,7.53833],[80.29645,7.53824],[80.29667,7.53817],[80.29674,7.53754],[80.29689,7.53725],[80.29684,7.53665],[80.29706,7.53658],[80.29705,7.53647],[80.29688,7.53643],[80.29676,7.53623],[80.29662,7.53667],[80.29648,7.53665],[80.29638,7.53647],[80.296,7.53638],[80.29603,7.53623],[80.29593,7.53616],[80.29581,7.53617],[80.29577,7.53608],[80.29505,7.5361],[80.2949,7.53619],[80.29455,7.53624]]]}},{"type":"Feature","properties":{"c":"farmland"},"geometry":{"type":"Polygon","coordinates":[[[80.29628,7.53436],[80.29682,7.53605],[80.29707,7.53633],[80.29746,7.53641],[80.29735,7.53716],[80.29714,7.53727],[80.29698,7.53769],[80.29699,7.53818],[80.29768,7.53817],[80.2979,7.53831],[80.29842,7.53848],[80.29932,7.53936],[80.29976,7.53937],[80.29977,7.53861],[80.29912,7.53803],[80.29886,7.53798],[80.29906,7.53765],[80.29908,7.53731],[80.29892,7.53722],[80.29842,7.53735],[80.29841,7.53701],[80.29854,7.537],[80.29854,7.53687],[80.29832,7.53687],[80.2982,7.53603],[80.29812,7.53608],[80.29809,7.53593],[80.29833,7.53578],[80.29878,7.53525],[80.29878,7.53447],[80.29894,7.53432],[80.29828,7.53433],[80.29828,7.53444],[80.2981,7.53485],[80.29787,7.53562],[80.29738,7.53565],[80.29709,7.53517],[80.2971,7.53482],[80.29697,7.53463],[80.29677,7.53451],[80.29674,7.53431],[80.29628,7.53436]]]}},{"type":"Feature","properties":{"c":"farmland"},"geometry":{"type":"Polygon","coordinates":[[[80.30025,7.54196],[80.30055,7.54215],[80.30084,7.54213],[80.30099,7.54193],[80.30107,7.54199],[80.30153,7.54157],[80.30148,7.54144],[80.30111,7.54105],[80.30087,7.54121],[80.30068,7.54103],[80.3007,7.54072],[80.30062,7.54055],[80.30048,7.54053],[80.30056,7.54114],[80.30044,7.54128],[80.30037,7.54124],[80.3004,7.54118],[80.30034,7.54113],[80.30027,7.54125],[80.30037,7.54156],[80.3003,7.54156],[80.30025,7.54196]]]}},{"type":"Feature","properties":{"c":"farmland"},"geometry":{"type":"Polygon","coordinates":[[[80.30133,7.54202],[80.30162,7.54226],[80.30165,7.54239],[80.30182,7.54254],[80.302,7.54265],[80.30211,7.5426],[80.30212,7.54279],[80.3022,7.5428],[80.3024,7.54313],[80.30249,7.54299],[80.30258,7.54296],[80.30267,7.54285],[80.3028,7.5425],[80.30266,7.54241],[80.3025,7.54246],[80.30238,7.54225],[80.30214,7.5423],[80.30157,7.54183],[80.30167,7.54155],[80.30164,7.54147],[80.30133,7.54202]]]}},{"type":"Feature","properties":{"c":"farmland"},"geometry":{"type":"Polygon","coordinates":[[[80.30121,7.5381],[80.30128,7.53826],[80.30142,7.5382],[80.3015,7.53831],[80.30163,7.53828],[80.30157,7.53859],[80.30171,7.53863],[80.30176,7.53925],[80.30204,7.53931],[80.30235,7.53826],[80.30219,7.53819],[80.3022,7.53809],[80.30187,7.53813],[80.30165,7.53791],[80.30121,7.5381]]]}},{"type":"Feature","properties":{"c":"farmland"},"geometry":{"type":"Polygon","coordinates":[[[80.30275,7.54331],[80.30291,7.54423],[80.3032,7.54425],[80.30378,7.54398],[80.30414,7.54401],[80.30421,7.54366],[80.30381,7.54353],[80.30342,7.54347],[80.30345,7.54327],[80.30275,7.54331]]]}}]}