{"type":"FeatureCollection","features":[{"type":"Feature","properties":{"c":"forest"},"geometry":{"type":"Polygon","coordinates":[[[80.36445,7.78599],[80.36474,7.78683],[80.36516,7.78742],[80.36593,7.7881],[80.36716,7.78795],[80.36842,7.78764],[80.36937,7.78731],[80.37036,7.78671],[80.37119,7.78556],[80.37601,7.78208],[80.37684,7.7808],[80.37699,7.77995],[80.37707,7.77888],[80.3767,7.77823],[80.37604,7.77816],[80.3761,7.77708],[80.3759,7.77628],[80.37476,7.77511],[80.37381,7.77381],[80.37354,7.77235],[80.37387,7.77031],[80.37457,7.76758],[80.37461,7.76631],[80.37447,7.76558],[80.37355,7.76557],[80.37287,7.76642],[80.37276,7.76743],[80.37216,7.76817],[80.37147,7.76927],[80.37101,7.76981],[80.37045,7.76967],[80.37004,7.77074],[80.36936,7.7718],[80.3685,7.77246],[80.36835,7.77267],[80.36844,7.77337],[80.36797,7.7745],[80.36733,7.77519],[80.36685,7.77631],[80.36634,7.77814],[80.36554,7.78025],[80.36556,7.78124],[80.36508,7.78151],[80.36479,7.78189],[80.36489,7.78263],[80.36458,7.78472],[80.36445,7.78599]]]}},{"type":"Feature","properties":{"c":"forest"},"geometry":{"type":"Polygon","coordinates":[[[80.37158,7.82501],[80.37181,7.8254],[80.37237,7.82545],[80.37238,7.82598],[80.37263,7.82663],[80.37305,7.82674],[80.3734,7.82707],[80.37316,7.82732],[80.3728,7.8284],[80.37284,7.82879],[80.37399,7.82856],[80.37405,7.82828],[80.37444,7.82826],[80.37442,7.82855],[80.37459,7.82847],[80.37502,7.82812],[80.37528,7.82813],[80.37552,7.82829],[80.37576,7.82882],[80.37597,7.8288],[80.37609,7.82858],[80.3763,7.82766],[80.37618,7.82714],[80.37561,7.82682],[80.37554,7.82638],[80.3763,7.82604],[80.37664,7.82608],[80.3771,7.82549],[80.37813,7.8248],[80.37838,7.82511],[80.37804,7.82547],[80.378,7.82583],[80.37928,7.82594],[80.3797,7.8256],[80.37939,7.8253],[80.37888,7.82493],[80.37882,7.82448],[80.37975,7.82385],[80.38027,7.82301],[80.38107,7.82275],[80.38154,7.82229],[80.38259,7.82094],[80.38297,7.8201],[80.38369,7.81897],[80.38485,7.81735],[80.38479,7.81655],[80.3857,7.81547],[80.38629,7.81525],[80.3867,7.81462],[80.38692,7.81451],[80.38745,7.81322],[80.38711,7.8131],[80.38716,7.8124],[80.38774,7.81212],[80.38845,7.8119],[80.38864,7.81118],[80.38801,7.81056],[80.38816,7.80982],[80.38853,7.80845],[80.38853,7.80733],[80.38808,7.80651],[80.38748,7.80565],[80.38704,7.80526],[80.3869,7.80488],[80.38667,7.8047],[80.38625,7.80465],[80.3854,7.80468],[80.38401,7.80488],[80.38266,7.80516],[80.38192,7.80553],[80.38066,7.80583],[80.38006,7.8056],[80.37974,7.80506],[80.37916,7.80435],[80.37753,7.80323],[80.37713,7.80255],[80.37674,7.80226],[80.37632,7.80222],[80.37581,7.80262],[80.37537,7.80308],[80.37384,7.80382],[80.37322,7.80431],[80.37329,7.8047],[80.37366,7.80505],[80.37416,7.80487],[80.37495,7.804],[80.37563,7.8038],[80.37608,7.80392],[80.37698,7.80402],[80.37794,7.80484],[80.37832,7.8054],[80.37845,7.80598],[80.37894,7.80693],[80.37897,7.80755],[80.37858,7.80833],[80.37789,7.80889],[80.3785,7.80943],[80.37798,7.8099],[80.3781,7.81037],[80.37772,7.81061],[80.37769,7.81173],[80.37602,7.8135],[80.37531,7.81469],[80.3753,7.81554],[80.37562,7.81633],[80.3756,7.81719],[80.37544,7.81766],[80.37551,7.81879],[80.37521,7.819],[80.37478,7.81886],[80.37467,7.82041],[80.37476,7.82096],[80.37476,7.82158],[80.37426,7.82156],[80.37353,7.82186],[80.37366,7.82209],[80.37413,7.82225],[80.3744,7.82263],[80.3742,7.82448],[80.37424,7.82504],[80.37375,7.82509],[80.37359,7.82447],[80.37355,7.82334],[80.37301,7.82243],[80.37249,7.82235],[80.37206,7.82277],[80.37202,7.8232],[80.37158,7.82501]]]}},{"type":"Feature","properties":{"c":"forest"},"geometry":{"type":"Polygon","coordinates":[[[80.37986,7.82808],[80.3802,7.82819],[80.38077,7.82853],[80.38188,7.82796],[80.38219,7.82707],[80.38261,7.82675],[80.38326,7.82677],[80.38492,7.82541],[80.38584,7.82577],[80.38665,7.82567],[80.38709,7.8255],[80.38783,7.8257],[80.38878,7.82505],[80.38962,7.82434],[80.3904,7.82329],[80.39052,7.8227],[80.39037,7.82225],[80.3903,7.82187],[80.39129,7.82207],[80.39165,7.82185],[80.39214,7.82103],[80.39281,7.82127],[80.39348,7.8213],[80.39374,7.821],[80.39373,7.82083],[80.39364,7.82066],[80.39378,7.81962],[80.3938,7.81906],[80.39337,7.81894],[80.39277,7.81903],[80.3923,7.82],[80.39179,7.82029],[80.39196,7.81835],[80.39228,7.81768],[80.39316,7.8169],[80.39381,7.81597],[80.39496,7.81524],[80.39558,7.81424],[80.39525,7.81388],[80.39472,7.81381],[80.39458,7.81407],[80.39412,7.81437],[80.3939,7.81465],[80.39353,7.81544],[80.39306,7.81533],[80.39301,7.81483],[80.39324,7.81445],[80.39213,7.81383],[80.39139,7.81394],[80.39152,7.81314],[80.39135,7.81302],[80.39117,7.81297],[80.39051,7.81248],[80.39023,7.81208],[80.39066,7.81091],[80.39069,7.81034],[80.39179,7.81008],[80.39234,7.80945],[80.39258,7.80838],[80.39266,7.8077],[80.39246,7.80728],[80.3925,7.80679],[80.39389,7.80448],[80.39418,7.80346],[80.39458,7.80321],[80.39441,7.80289],[80.39468,7.80224],[80.39463,7.80122],[80.39471,7.8007],[80.3947,7.79933],[80.39476,7.79829],[80.39456,7.79667],[80.39438,7.79563],[80.39386,7.79515],[80.39355,7.79398],[80.39399,7.79353],[80.39475,7.79292],[80.39563,7.79243],[80.39686,7.79207],[80.39777,7.7917],[80.39846,7.79175],[80.39854,7.79125],[80.39838,7.79065],[80.39746,7.79046],[80.39657,7.79047],[80.39515,7.79065],[80.39385,7.79073],[80.3914,7.79143],[80.38937,7.79274],[80.38839,7.79396],[80.38791,7.79527],[80.38833,7.79638],[80.38807,7.79696],[80.38774,7.79738],[80.38795,7.79756],[80.388,7.79795],[80.38823,7.79861],[80.38945,7.7994],[80.39016,7.8],[80.39013,7.80037],[80.38928,7.8008],[80.39015,7.80175],[80.39022,7.80264],[80.39013,7.80324],[80.39053,7.80414],[80.39019,7.80492],[80.3902,7.80664],[80.38994,7.80769],[80.38992,7.80783],[80.38999,7.80795],[80.38988,7.80862],[80.38947,7.8104],[80.38855,7.81194],[80.38845,7.8119],[80.38774,7.81212],[80.38845,7.81236],[80.38869,7.81275],[80.38836,7.81361],[80.38781,7.81427],[80.38777,7.81526],[80.38715,7.81626],[80.38657,7.81736],[80.38585,7.81918],[80.38529,7.81971],[80.38485,7.82034],[80.38395,7.82137],[80.38241,7.82281],[80.38135,7.82403],[80.38095,7.82477],[80.38029,7.82687],[80.38013,7.82756],[80.37986,7.82808]]]}},{"type":"Feature","properties":{"c":"forest"},"geometry":{"type":"Polygon","coordinates":[[[80.40708,7.80297],[80.40731,7.80328],[80.40712,7.80351],[80.40742,7.80455],[80.40791,7.80526],[80.40815,7.80546],[80.40815,7.80621],[80.40831,7.808],[80.4083,7.80878],[80.40846,7.80901],[80.40884,7.81184],[80.40913,7.81238],[80.40972,7.813],[80.40974,7.81364],[80.40984,7.8136],[80.40993,7.81369],[80.40975,7.81385],[80.40976,7.81401],[80.41002,7.81451],[80.41023,7.81529],[80.41072,7.81532],[80.41092,7.81598],[80.41117,7.81604],[80.41125,7.81682],[80.41154,7.81767],[80.41098,7.81817],[80.4113,7.81857],[80.41211,7.81815],[80.41263,7.81829],[80.41285,7.81817],[80.41379,7.81633],[80.41339,7.81554],[80.41382,7.81503],[80.41408,7.81559],[80.41445,7.8147],[80.4144,7.81345],[80.41464,7.81291],[80.41502,7.81335],[80.41473,7.81134],[80.41388,7.80923],[80.41402,7.80811],[80.41347,7.80606],[80.41238,7.80512],[80.41213,7.80464],[80.41236,7.8041],[80.41192,7.80341],[80.41146,7.80206],[80.41159,7.80032],[80.41146,7.80006],[80.41088,7.79952],[80.41036,7.79824],[80.40991,7.79809],[80.4099,7.79867],[80.40956,7.79871],[80.40925,7.79815],[80.40732,7.79855],[80.40854,7.80032],[80.40878,7.80114],[80.4095,7.80118],[80.41012,7.80169],[80.41005,7.80241],[80.40943,7.80291],[80.40964,7.80366],[80.41027,7.804],[80.41069,7.80407],[80.41147,7.80507],[80.41129,7.80529],[80.41028,7.80482],[80.41037,7.80449],[80.41017,7.80422],[80.40937,7.80381],[80.40928,7.80329],[80.40869,7.8032],[80.40832,7.80288],[80.40752,7.80258],[80.40719,7.80268],[80.40708,7.80297]],[[80.40765,7.80329],[80.40783,7.80327],[80.40811,7.80344],[80.40892,7.80437],[80.40901,7.80472],[80.40881,7.80495],[80.40859,7.80506],[80.4083,7.80505],[80.40814,7.80489],[80.40795,7.80424],[80.40792,7.80364],[80.40771,7.80347],[80.40765,7.80329]],[[80.40894,7.80698],[80.40902,7.80648],[80.40899,7.80615],[80.40918,7.80602],[80.40933,7.80639],[80.40941,7.80676],[80.40927,7.80752],[80.40913,7.80753],[80.40902,7.80738],[80.40894,7.80698]],[[80.40905,7.79921],[80.40911,7.79868],[80.40924,7.79867],[80.40932,7.79893],[80.40929,7.79925],[80.40923,7.79934],[80.40912,7.79933],[80.40905,7.79921]],[[80.4095,7.80615],[80.40954,7.80604],[80.40969,7.80612],[80.4098,7.80633],[80.40981,7.80647],[80.40967,7.80654],[80.4095,7.80615]],[[80.40955,7.80914],[80.40975,7.80891],[80.41005,7.80897],[80.41026,7.80922],[80.4103,7.80962],[80.41006,7.8097],[80.40977,7.80966],[80.40964,7.80951],[80.40955,7.80914]],[[80.40971,7.81064],[80.40972,7.81014],[80.41001,7.80993],[80.41025,7.80989],[80.41063,7.81004],[80.4108,7.81037],[80.41074,7.81072],[80.41073,7.81117],[80.41097,7.81185],[80.41087,7.81205],[80.41004,7.81186],[80.41011,7.81129],[80.40971,7.81064]],[[80.40993,7.8059],[80.41005,7.80567],[80.41021,7.80575],[80.41044,7.80628],[80.41041,7.80641],[80.41024,7.80653],[80.41007,7.80639],[80.40995,7.80616],[80.40993,7.8059]],[[80.40996,7.7983],[80.4101,7.79827],[80.41023,7.7984],[80.41027,7.79856],[80.41021,7.79872],[80.41004,7.79868],[80.40996,7.7983]],[[80.41013,7.79975],[80.41031,7.79952],[80.41052,7.79958],[80.41071,7.79986],[80.41111,7.80076],[80.41116,7.80108],[80.41103,7.80119],[80.41091,7.80109],[80.41071,7.80049],[80.41045,7.80046],[80.41028,7.80039],[80.41029,7.80019],[80.41013,7.79975]],[[80.4105,7.81318],[80.41059,7.81293],[80.41071,7.8129],[80.41093,7.81294],[80.41104,7.81306],[80.41103,7.81374],[80.41092,7.81393],[80.41085,7.81418],[80.41064,7.814],[80.41065,7.81386],[80.41077,7.81363],[80.41076,7.8135],[80.41067,7.81338],[80.41051,7.81329],[80.4105,7.81318]],[[80.41119,7.80286],[80.41138,7.80279],[80.41153,7.80311],[80.41161,7.80385],[80.4114,7.80381],[80.41121,7.80323],[80.41119,7.80286]],[[80.41133,7.80893],[80.4114,7.80865],[80.41155,7.80869],[80.41166,7.80887],[80.41149,7.80928],[80.41133,7.80893]],[[80.41159,7.80559],[80.41182,7.80549],[80.41226,7.80653],[80.41247,7.8072],[80.41263,7.80782],[80.41267,7.80846],[80.41307,7.81041],[80.41346,7.81161],[80.41371,7.81257],[80.41351,7.81255],[80.41326,7.81165],[80.41295,7.81102],[80.41271,7.8102],[80.41265,7.80972],[80.41239,7.80909],[80.4122,7.80875],[80.41234,7.80774],[80.41204,7.8066],[80.41159,7.80559]]]}},{"type":"Feature","properties":{"c":"forest"},"geometry":{"type":"Polygon","coordinates":[[[80.36558,7.91762],[80.36589,7.91837],[80.36647,7.91851],[80.36647,7.91861],[80.36656,7.91863],[80.36658,7.91871],[80.36673,7.91874],[80.36679,7.91887],[80.36714,7.91886],[80.36715,7.91916],[80.36725,7.91931],[80.36727,7.91952],[80.36713,7.91952],[80.36711,7.9198],[80.36759,7.91978],[80.3676,7.91932],[80.36763,7.91919],[80.36769,7.91916],[80.36797,7.92004],[80.36829,7.91998],[80.3684,7.92021],[80.36842,7.92033],[80.36827,7.92039],[80.36813,7.9208],[80.36814,7.92092],[80.36824,7.9211],[80.36823,7.92122],[80.36835,7.92132],[80.36841,7.92203],[80.36797,7.92209],[80.36805,7.92259],[80.36856,7.92258],[80.36864,7.9228],[80.36903,7.9228],[80.36902,7.92312],[80.36772,7.9231],[80.36775,7.92325],[80.36785,7.92325],[80.36784,7.92385],[80.36818,7.92373],[80.36852,7.92376],[80.36856,7.92428],[80.3678,7.92441],[80.36774,7.92415],[80.36749,7.92412],[80.36728,7.92417],[80.36731,7.92438],[80.36743,7.92442],[80.36752,7.92479],[80.36766,7.92478],[80.36768,7.92506],[80.36834,7.92509],[80.36922,7.92526],[80.36951,7.92543],[80.36945,7.9256],[80.36837,7.92577],[80.36838,7.92607],[80.36815,7.92609],[80.36815,7.92618],[80.3679,7.92619],[80.36792,7.92634],[80.36804,7.92632],[80.36805,7.92641],[80.36818,7.92639],[80.36846,7.92715],[80.3686,7.92714],[80.36871,7.92722],[80.36877,7.92754],[80.36887,7.92754],[80.3689,7.92763],[80.36915,7.92773],[80.36922,7.92767],[80.36967,7.9277],[80.36971,7.92739],[80.36983,7.92737],[80.3699,7.92747],[80.36995,7.92777],[80.37003,7.9279],[80.37059,7.92858],[80.37087,7.92883],[80.37111,7.92882],[80.37122,7.92889],[80.37117,7.92916],[80.3709,7.92933],[80.37077,7.92935],[80.3707,7.92963],[80.37046,7.92993],[80.37045,7.93004],[80.3705,7.93016],[80.37077,7.93027],[80.37083,7.93047],[80.3713,7.93055],[80.37131,7.93068],[80.37119,7.93074],[80.37127,7.9309],[80.3716,7.93091],[80.37174,7.9311],[80.3717,7.93116],[80.37178,7.93134],[80.37197,7.93134],[80.37204,7.93189],[80.37179,7.932],[80.37133,7.932],[80.37105,7.93192],[80.37089,7.93205],[80.37002,7.93183],[80.36993,7.93211],[80.36993,7.93232],[80.36965,7.93258],[80.3696,7.93269],[80.36962,7.93292],[80.36934,7.93313],[80.36957,7.93323],[80.36985,7.93324],[80.36992,7.93342],[80.37006,7.93343],[80.37015,7.93353],[80.37039,7.93348],[80.37041,7.93355],[80.37067,7.93371],[80.37075,7.9336],[80.37084,7.93361],[80.37101,7.9339],[80.37146,7.93394],[80.37187,7.93371],[80.37218,7.93378],[80.37228,7.93374],[80.37229,7.93347],[80.37243,7.93345],[80.37261,7.93335],[80.37268,7.93335],[80.37272,7.93342],[80.37313,7.93325],[80.37331,7.93368],[80.37307,7.93372],[80.37297,7.93365],[80.37277,7.9337],[80.37283,7.93397],[80.37239,7.93411],[80.3723,7.93394],[80.37192,7.93397],[80.37164,7.93412],[80.37148,7.93411],[80.3714,7.93405],[80.37099,7.93406],[80.37097,7.93421],[80.37088,7.93428],[80.37082,7.93451],[80.37064,7.93472],[80.37046,7.93472],[80.3704,7.9349],[80.37065,7.93501],[80.37076,7.93537],[80.37101,7.93585],[80.37101,7.93601],[80.37131,7.93604],[80.37149,7.93596],[80.37163,7.93599],[80.37158,7.93624],[80.37167,7.93631],[80.3718,7.93634],[80.37185,7.93644],[80.37175,7.9366],[80.37172,7.93734],[80.37188,7.93732],[80.37196,7.9374],[80.37197,7.93752],[80.37216,7.93751],[80.37219,7.9376],[80.37227,7.93759],[80.37237,7.9375],[80.37239,7.93738],[80.37251,7.93735],[80.37253,7.93743],[80.37265,7.93739],[80.37271,7.93726],[80.37288,7.93731],[80.37292,7.93756],[80.37281,7.93766],[80.37283,7.93774],[80.37292,7.93773],[80.37295,7.93785],[80.37306,7.93785],[80.37313,7.93802],[80.37288,7.9381],[80.37312,7.9386],[80.37366,7.93877],[80.37375,7.93815],[80.37404,7.93816],[80.37429,7.93823],[80.37441,7.93834],[80.3747,7.93834],[80.37481,7.93844],[80.37507,7.93904],[80.37505,7.93923],[80.37489,7.93967],[80.37502,7.94024],[80.3749,7.94008],[80.37474,7.94009],[80.37475,7.94038],[80.37483,7.94063],[80.37483,7.9409],[80.37477,7.94102],[80.37459,7.94111],[80.37484,7.94205],[80.37503,7.94218],[80.37522,7.94215],[80.37532,7.94247],[80.37439,7.9426],[80.37359,7.94261],[80.37349,7.94256],[80.37344,7.94245],[80.37328,7.9424],[80.37327,7.94231],[80.37276,7.94232],[80.37276,7.94222],[80.37243,7.94227],[80.37233,7.94231],[80.37234,7.94243],[80.37224,7.9425],[80.37221,7.94261],[80.37209,7.94263],[80.37218,7.9434],[80.37243,7.94374],[80.37253,7.94409],[80.37265,7.94403],[80.37276,7.94422],[80.37285,7.94452],[80.37281,7.94468],[80.37313,7.94527],[80.37362,7.94505],[80.37363,7.94498],[80.37397,7.94484],[80.37411,7.94474],[80.37395,7.94446],[80.37474,7.94427],[80.37481,7.94414],[80.37518,7.94406],[80.37535,7.94409],[80.3755,7.94437],[80.3756,7.94439],[80.37572,7.94476],[80.37586,7.94472],[80.37579,7.94441],[80.37594,7.94435],[80.37599,7.94453],[80.37618,7.94463],[80.37629,7.94477],[80.37638,7.94477],[80.37717,7.94469],[80.37739,7.94447],[80.37748,7.94446],[80.37774,7.94422],[80.37774,7.94411],[80.37792,7.94404],[80.37808,7.94382],[80.37815,7.94379],[80.3783,7.94385],[80.37835,7.94396],[80.37826,7.94425],[80.37784,7.94428],[80.37757,7.9445],[80.37771,7.94462],[80.37775,7.94483],[80.37773,7.94495],[80.37765,7.945],[80.37746,7.94506],[80.37735,7.94503],[80.37727,7.94489],[80.37618,7.94507],[80.37618,7.94517],[80.37602,7.94522],[80.37591,7.945],[80.37574,7.94505],[80.37563,7.94516],[80.37564,7.94525],[80.37579,7.94525],[80.37594,7.94551],[80.37611,7.94549],[80.37618,7.94552],[80.37622,7.9456],[80.37615,7.94577],[80.37577,7.94601],[80.37564,7.94615],[80.37561,7.94634],[80.37569,7.94654],[80.37579,7.94663],[80.37621,7.94667],[80.37644,7.94677],[80.37673,7.94877],[80.37671,7.94886],[80.37686,7.949],[80.37727,7.94888],[80.37723,7.94878],[80.37714,7.94882],[80.37709,7.9487],[80.37692,7.94878],[80.37679,7.9484],[80.377,7.94832],[80.37695,7.94808],[80.37705,7.94799],[80.37743,7.94782],[80.37775,7.94778],[80.37804,7.94766],[80.37805,7.94714],[80.37799,7.94709],[80.37798,7.94683],[80.37805,7.94669],[80.37816,7.94662],[80.37825,7.94662],[80.37865,7.94688],[80.37883,7.94688],[80.37891,7.94697],[80.37893,7.94719],[80.37883,7.94733],[80.37865,7.94738],[80.37848,7.94726],[80.37838,7.94773],[80.37841,7.94778],[80.37855,7.9478],[80.3786,7.9479],[80.37859,7.94802],[80.37834,7.94822],[80.37779,7.94829],[80.37766,7.94839],[80.37777,7.94863],[80.37803,7.94851],[80.37811,7.94865],[80.37819,7.94853],[80.37827,7.94854],[80.3784,7.94872],[80.3783,7.94877],[80.37837,7.94894],[80.37847,7.94893],[80.37853,7.94908],[80.37871,7.94901],[80.37884,7.94938],[80.37881,7.94955],[80.37936,7.95015],[80.37935,7.95041],[80.37945,7.95061],[80.37946,7.95076],[80.37979,7.9507],[80.37981,7.95089],[80.37975,7.95105],[80.37982,7.95109],[80.37982,7.95144],[80.38,7.95178],[80.37991,7.95216],[80.38002,7.95242],[80.37998,7.95262],[80.37978,7.95273],[80.37951,7.95277],[80.37946,7.95286],[80.37951,7.95303],[80.37963,7.95314],[80.37957,7.9533],[80.37962,7.95344],[80.37953,7.95351],[80.37923,7.95332],[80.37906,7.95299],[80.37912,7.95244],[80.37923,7.95206],[80.37911,7.95202],[80.37887,7.95208],[80.37861,7.952],[80.37854,7.95184],[80.37837,7.95184],[80.37835,7.95199],[80.37817,7.95206],[80.37818,7.95219],[80.37789,7.95225],[80.37787,7.9519],[80.37766,7.95167],[80.37745,7.95169],[80.37744,7.95183],[80.37729,7.95189],[80.3762,7.95185],[80.37641,7.9529],[80.37652,7.95316],[80.37607,7.95331],[80.37615,7.9537],[80.37695,7.95376],[80.37761,7.95363],[80.37797,7.95379],[80.37805,7.95412],[80.37782,7.95422],[80.37781,7.95431],[80.37715,7.95454],[80.37712,7.9544],[80.37704,7.95437],[80.37602,7.95414],[80.37568,7.95417],[80.37569,7.95449],[80.37561,7.95486],[80.37526,7.95506],[80.37511,7.95504],[80.37504,7.95547],[80.37518,7.9556],[80.37517,7.95578],[80.37525,7.95575],[80.37566,7.95592],[80.37587,7.95585],[80.3763,7.95604],[80.37637,7.95618],[80.37651,7.95621],[80.37666,7.95636],[80.37674,7.95631],[80.37688,7.95643],[80.37725,7.95655],[80.3773,7.95673],[80.37727,7.95685],[80.37714,7.95693],[80.37706,7.95706],[80.37707,7.95714],[80.37667,7.95748],[80.37657,7.95745],[80.37647,7.95731],[80.37637,7.95697],[80.37614,7.95715],[80.37599,7.95755],[80.37607,7.95778],[80.37631,7.95775],[80.37632,7.9579],[80.37581,7.95795],[80.37564,7.95812],[80.3757,7.95832],[80.37591,7.95855],[80.37599,7.95873],[80.37612,7.95873],[80.37619,7.9586],[80.37636,7.95864],[80.37642,7.95879],[80.37639,7.95884],[80.37595,7.9588],[80.37573,7.95847],[80.3754,7.95833],[80.37527,7.95832],[80.37527,7.95824],[80.37496,7.95825],[80.37484,7.95847],[80.37484,7.95857],[80.37499,7.95858],[80.37504,7.95876],[80.37502,7.95885],[80.37483,7.95896],[80.3749,7.95906],[80.37522,7.95913],[80.37529,7.95949],[80.37524,7.95954],[80.37517,7.95949],[80.37496,7.95921],[80.3746,7.95945],[80.37453,7.95979],[80.37456,7.96005],[80.37447,7.96006],[80.37438,7.95995],[80.37429,7.96013],[80.37451,7.9602],[80.3746,7.96035],[80.37478,7.96044],[80.37499,7.96047],[80.37503,7.96053],[80.37509,7.96076],[80.37505,7.96084],[80.37495,7.96087],[80.37493,7.96098],[80.37511,7.9615],[80.3751,7.96156],[80.375,7.96155],[80.37495,7.96183],[80.37468,7.96183],[80.37412,7.96222],[80.37423,7.96263],[80.37435,7.96259],[80.37438,7.96269],[80.37465,7.96268],[80.37467,7.96279],[80.3744,7.96293],[80.37455,7.96323],[80.3748,7.96303],[80.37481,7.96282],[80.37496,7.9629],[80.37551,7.96298],[80.37587,7.96329],[80.37579,7.96359],[80.37535,7.96362],[80.37506,7.96381],[80.37482,7.96377],[80.37469,7.96382],[80.37488,7.96413],[80.37431,7.96444],[80.37441,7.96458],[80.37419,7.9647],[80.37425,7.96485],[80.3745,7.96497],[80.37461,7.96554],[80.3746,7.96595],[80.37477,7.96594],[80.37471,7.9661],[80.37479,7.96616],[80.37505,7.96606],[80.37514,7.96596],[80.37566,7.96583],[80.3757,7.96559],[80.37616,7.96558],[80.37629,7.9657],[80.37626,7.966],[80.376,7.96623],[80.37589,7.96645],[80.37555,7.96649],[80.3756,7.96678],[80.37579,7.96678],[80.3758,7.96692],[80.37567,7.96696],[80.37561,7.96719],[80.37575,7.96727],[80.37577,7.96751],[80.37627,7.96757],[80.3763,7.96769],[80.37685,7.96784],[80.37681,7.96801],[80.37664,7.96796],[80.37654,7.96834],[80.37704,7.96882],[80.37754,7.96858],[80.37769,7.96839],[80.37811,7.96885],[80.37837,7.96869],[80.37825,7.96841],[80.37856,7.96816],[80.37871,7.96812],[80.37884,7.96822],[80.37909,7.96888],[80.37907,7.96894],[80.37851,7.96869],[80.37814,7.96899],[80.37803,7.96893],[80.37793,7.96903],[80.37772,7.96885],[80.37748,7.96906],[80.37764,7.96949],[80.3774,7.96963],[80.37788,7.97032],[80.3783,7.97029],[80.37853,7.97043],[80.37879,7.97019],[80.37902,7.97048],[80.37892,7.97057],[80.37946,7.97102],[80.37945,7.97117],[80.37959,7.97129],[80.38052,7.97014],[80.38069,7.9703],[80.38125,7.97242],[80.38243,7.972],[80.38203,7.97073],[80.38549,7.96964],[80.38576,7.97077],[80.38625,7.97099],[80.38956,7.97192],[80.3911,7.96954],[80.39074,7.96576],[80.38915,7.9624],[80.38881,7.95872],[80.39153,7.95724],[80.39231,7.95694],[80.39207,7.95575],[80.39012,7.95535],[80.38932,7.9495],[80.38814,7.94823],[80.38868,7.94219],[80.38992,7.94123],[80.39055,7.93622],[80.38939,7.93231],[80.38798,7.92849],[80.3871,7.9266],[80.38721,7.92467],[80.38684,7.92255],[80.38515,7.92058],[80.38467,7.91609],[80.38132,7.91363],[80.38,7.91374],[80.38022,7.91482],[80.3796,7.91535],[80.3786,7.91504],[80.37859,7.91398],[80.37887,7.91316],[80.37935,7.91315],[80.37944,7.91295],[80.3794,7.9127],[80.37946,7.91257],[80.37959,7.9125],[80.38044,7.91232],[80.38045,7.90932],[80.38065,7.90805],[80.37856,7.90685],[80.37779,7.90742],[80.37814,7.90849],[80.37749,7.90877],[80.3774,7.90854],[80.37677,7.90872],[80.37708,7.90966],[80.37791,7.90955],[80.37808,7.90957],[80.37825,7.90962],[80.37843,7.90979],[80.3785,7.90992],[80.37854,7.91012],[80.3785,7.91048],[80.3784,7.91065],[80.37787,7.91096],[80.37783,7.91103],[80.37786,7.91143],[80.37779,7.91177],[80.37757,7.91202],[80.37741,7.91202],[80.37709,7.91175],[80.37678,7.91168],[80.37658,7.91142],[80.37646,7.9115],[80.37638,7.91147],[80.37616,7.91119],[80.37611,7.91119],[80.37596,7.91138],[80.37582,7.91141],[80.37573,7.9113],[80.37578,7.91121],[80.37552,7.91108],[80.37546,7.91095],[80.37555,7.91068],[80.37572,7.91058],[80.37557,7.91041],[80.37545,7.9105],[80.37534,7.9105],[80.37533,7.91058],[80.37519,7.91056],[80.37506,7.91045],[80.37498,7.9103],[80.37491,7.90992],[80.37516,7.90964],[80.37528,7.90978],[80.37548,7.90974],[80.3756,7.90962],[80.37553,7.90937],[80.3757,7.90932],[80.37581,7.90953],[80.37596,7.90947],[80.37571,7.90905],[80.37594,7.90865],[80.37602,7.90861],[80.37607,7.90767],[80.37591,7.90755],[80.37539,7.90827],[80.37509,7.90811],[80.37497,7.9082],[80.37487,7.90819],[80.37479,7.90839],[80.37438,7.90843],[80.37434,7.9082],[80.37446,7.90819],[80.37443,7.90804],[80.37418,7.90785],[80.37416,7.90779],[80.37429,7.90759],[80.37427,7.90734],[80.37416,7.90729],[80.37414,7.90708],[80.37403,7.90688],[80.3743,7.90668],[80.37454,7.90666],[80.37536,7.90711],[80.37543,7.90703],[80.37523,7.90673],[80.3752,7.90612],[80.37487,7.90551],[80.37492,7.90527],[80.37505,7.90522],[80.37498,7.90505],[80.37483,7.9051],[80.37472,7.90506],[80.37461,7.90479],[80.37445,7.90475],[80.37433,7.90478],[80.37426,7.90491],[80.37368,7.90485],[80.37352,7.90492],[80.37358,7.90521],[80.37332,7.90526],[80.37321,7.90485],[80.37309,7.90486],[80.37302,7.90502],[80.37284,7.90505],[80.37253,7.90499],[80.37241,7.90508],[80.37237,7.90519],[80.37246,7.90533],[80.37244,7.9054],[80.37212,7.90559],[80.37211,7.90567],[80.37218,7.9058],[80.37238,7.90586],[80.37248,7.9056],[80.3726,7.9056],[80.37279,7.90615],[80.37278,7.90638],[80.37273,7.90641],[80.37283,7.90698],[80.37249,7.90697],[80.37213,7.90688],[80.3718,7.90638],[80.37089,7.90647],[80.37071,7.9062],[80.37058,7.90631],[80.37058,7.90644],[80.37043,7.90672],[80.3706,7.90681],[80.3704,7.90706],[80.37031,7.90732],[80.37006,7.90763],[80.37012,7.90776],[80.37019,7.90777],[80.37021,7.90783],[80.3702,7.90812],[80.37027,7.90815],[80.37022,7.90842],[80.37033,7.90857],[80.37025,7.90891],[80.3701,7.9089],[80.37003,7.90896],[80.37016,7.90911],[80.37028,7.90917],[80.37009,7.9096],[80.37002,7.90997],[80.36992,7.91],[80.3699,7.91059],[80.36979,7.91061],[80.36975,7.9108],[80.36977,7.91093],[80.36983,7.91098],[80.37001,7.91091],[80.37002,7.91116],[80.36987,7.91125],[80.36987,7.91143],[80.36963,7.91145],[80.36961,7.91162],[80.3697,7.9117],[80.36965,7.91193],[80.36952,7.91212],[80.36923,7.91232],[80.36928,7.91242],[80.3692,7.91253],[80.36763,7.9133],[80.36757,7.91362],[80.36721,7.91357],[80.36718,7.91366],[80.36734,7.91369],[80.36733,7.91381],[80.36694,7.91394],[80.36682,7.91392],[80.36668,7.9138],[80.36662,7.91388],[80.36656,7.91398],[80.36659,7.91437],[80.36641,7.91463],[80.36644,7.91493],[80.36637,7.91493],[80.36611,7.91512],[80.36612,7.91542],[80.36626,7.91551],[80.36654,7.91589],[80.36674,7.91624],[80.3669,7.9168],[80.36686,7.91696],[80.36681,7.91693],[80.36665,7.9164],[80.36652,7.91646],[80.36644,7.91625],[80.36632,7.91631],[80.36619,7.91622],[80.36609,7.91646],[80.3657,7.91651],[80.36583,7.91687],[80.36598,7.91685],[80.36622,7.91735],[80.36558,7.91762]]]}},{"type":"Feature","properties":{"c":"forest"},"geometry":{"type":"Polygon","coordinates":[[[80.46228,7.83658],[80.46258,7.83817],[80.46479,7.83853],[80.4667,7.8373],[80.46633,7.83477],[80.465,7.83464],[80.4641,7.83273],[80.46305,7.83326],[80.46228,7.83658]]]}},{"type":"Feature","properties":{"c":"forest","n":"Pallekele Reserved Forest"},"geometry":{"type":"Polygon","coordinates":[[[80.43255,7.86716],[80.43261,7.86722],[80.43259,7.86731],[80.43271,7.86746],[80.43344,7.86801],[80.4361,7.86969],[80.43709,7.86779],[80.43791,7.86803],[80.43842,7.86917],[80.43926,7.8698],[80.44054,7.87003],[80.44201,7.87022],[80.44212,7.87071],[80.44287,7.87072],[80.44359,7.87034],[80.4446,7.8703],[80.44477,7.87063],[80.44457,7.87122],[80.4447,7.87161],[80.44523,7.87211],[80.44622,7.87239],[80.4469,7.87317],[80.44715,7.87324],[80.44698,7.87349],[80.44638,7.87371],[80.44638,7.87414],[80.44584,7.87443],[80.44484,7.87481],[80.44423,7.87525],[80.44361,7.87526],[80.44276,7.87568],[80.4421,7.87566],[80.44184,7.87614],[80.44121,7.87661],[80.44074,7.87709],[80.43966,7.87605],[80.43936,7.87603],[80.43819,7.8768],[80.4379,7.87756],[80.43899,7.87826],[80.43779,7.8789],[80.43747,7.88115],[80.43752,7.88221],[80.43771,7.88385],[80.43741,7.8854],[80.43747,7.88636],[80.43805,7.88808],[80.43872,7.88921],[80.43829,7.89032],[80.43827,7.89185],[80.43859,7.89315],[80.44245,7.89602],[80.44297,7.89667],[80.44202,7.89722],[80.44199,7.89815],[80.44285,7.89802],[80.44517,7.89727],[80.44583,7.89767],[80.44516,7.89858],[80.44545,7.89931],[80.44474,7.90014],[80.44471,7.90051],[80.44509,7.90083],[80.44571,7.90062],[80.44644,7.90132],[80.44569,7.90243],[80.44606,7.905],[80.44194,7.90338],[80.44195,7.90508],[80.44378,7.90617],[80.44439,7.90617],[80.44742,7.90679],[80.448,7.9075],[80.44846,7.90846],[80.44962,7.90899],[80.45011,7.90785],[80.45256,7.90963],[80.45417,7.90834],[80.45638,7.90691],[80.45764,7.90885],[80.45827,7.90834],[80.459,7.91116],[80.45644,7.91069],[80.45642,7.91195],[80.45391,7.91133],[80.45198,7.91095],[80.44805,7.91322],[80.44936,7.91694],[80.44842,7.91839],[80.44857,7.9203],[80.44674,7.92109],[80.44923,7.92313],[80.44765,7.92387],[80.44953,7.92457],[80.44925,7.92538],[80.44947,7.92655],[80.44814,7.92734],[80.44863,7.92916],[80.44837,7.93031],[80.44844,7.93144],[80.44923,7.93409],[80.45185,7.93231],[80.45453,7.93103],[80.45475,7.93267],[80.4537,7.93352],[80.45387,7.93541],[80.45367,7.93592],[80.4558,7.93752],[80.45747,7.93752],[80.45979,7.93947],[80.46041,7.94041],[80.46069,7.94191],[80.46137,7.94321],[80.46168,7.94233],[80.46233,7.94186],[80.46326,7.94278],[80.46883,7.93718],[80.4683,7.93564],[80.46695,7.93439],[80.46756,7.93365],[80.46818,7.9339],[80.46891,7.93288],[80.46846,7.93176],[80.46906,7.93089],[80.4694,7.93091],[80.46945,7.92925],[80.46898,7.92849],[80.46898,7.92745],[80.4687,7.92718],[80.46772,7.92779],[80.4671,7.92764],[80.46543,7.9275],[80.4641,7.92706],[80.46397,7.92576],[80.46433,7.92474],[80.46522,7.92527],[80.4658,7.92551],[80.46692,7.92533],[80.46738,7.92561],[80.46777,7.9257],[80.46858,7.92513],[80.46874,7.92493],[80.46915,7.92487],[80.46941,7.92507],[80.47077,7.92523],[80.47134,7.9262],[80.47221,7.92565],[80.47166,7.92427],[80.47357,7.92397],[80.47359,7.92268],[80.47458,7.92231],[80.4743,7.92146],[80.47464,7.92068],[80.47659,7.91887],[80.4763,7.91711],[80.47765,7.91575],[80.47776,7.91528],[80.4785,7.91382],[80.48004,7.91367],[80.48017,7.91271],[80.47887,7.91209],[80.47944,7.90806],[80.47879,7.90788],[80.47752,7.9072],[80.47711,7.90527],[80.47688,7.90488],[80.47678,7.90372],[80.4771,7.90361],[80.47707,7.90352],[80.47681,7.90349],[80.47685,7.90319],[80.47672,7.90291],[80.47681,7.90276],[80.47705,7.90267],[80.47695,7.90203],[80.477,7.90194],[80.47685,7.90141],[80.47657,7.90122],[80.47634,7.90131],[80.47587,7.90101],[80.4757,7.90016],[80.47612,7.90003],[80.47603,7.89969],[80.47614,7.8995],[80.47641,7.89952],[80.47671,7.89905],[80.47652,7.89896],[80.47688,7.89819],[80.47706,7.89695],[80.47748,7.89654],[80.47795,7.89661],[80.47808,7.89567],[80.47883,7.8961],[80.47897,7.8958],[80.47926,7.89547],[80.47881,7.89497],[80.47747,7.89485],[80.47793,7.89385],[80.47758,7.89291],[80.47797,7.89181],[80.47852,7.89119],[80.47892,7.89103],[80.47958,7.8905],[80.47966,7.88983],[80.47992,7.88962],[80.48092,7.8909],[80.48208,7.89077],[80.48288,7.89093],[80.483,7.89045],[80.48325,7.89025],[80.48331,7.88988],[80.48322,7.88881],[80.48334,7.88835],[80.48369,7.8877],[80.48399,7.8873],[80.48406,7.88708],[80.48403,7.88688],[80.48391,7.88676],[80.48378,7.88643],[80.48379,7.88614],[80.48391,7.88548],[80.48409,7.88525],[80.48408,7.88518],[80.48419,7.88509],[80.48401,7.88487],[80.48413,7.88451],[80.48558,7.88449],[80.48694,7.88477],[80.48674,7.88421],[80.48691,7.88408],[80.485,7.88347],[80.48773,7.88092],[80.48872,7.87973],[80.48778,7.87615],[80.48826,7.87578],[80.48746,7.87509],[80.48694,7.87441],[80.48674,7.87329],[80.48658,7.87166],[80.48659,7.87042],[80.48747,7.86844],[80.48837,7.86893],[80.48885,7.86954],[80.48869,7.87017],[80.48843,7.8705],[80.48936,7.87182],[80.49055,7.87187],[80.49006,7.87287],[80.4901,7.87417],[80.49044,7.87423],[80.49082,7.8737],[80.49114,7.87365],[80.49141,7.87227],[80.49244,7.87223],[80.4927,7.8729],[80.49197,7.87302],[80.49188,7.87407],[80.49301,7.87558],[80.4948,7.87441],[80.49483,7.87251],[80.49552,7.87239],[80.49559,7.87099],[80.49624,7.87176],[80.49811,7.87121],[80.4986,7.87064],[80.50027,7.87008],[80.50136,7.86945],[80.5017,7.87103],[80.5015,7.87401],[80.50219,7.87464],[80.50283,7.87422],[80.50319,7.87521],[80.50296,7.87611],[80.50341,7.87676],[80.5041,7.87661],[80.50409,7.87746],[80.50452,7.87774],[80.5051,7.8773],[80.50527,7.87743],[80.50498,7.87838],[80.50524,7.8793],[80.50626,7.87958],[80.50679,7.87999],[80.50724,7.88061],[80.50813,7.88118],[80.50884,7.88139],[80.50965,7.88031],[80.50996,7.87932],[80.51078,7.87776],[80.51025,7.87689],[80.51141,7.87365],[80.51308,7.87384],[80.51392,7.87255],[80.51616,7.87297],[80.51704,7.8706],[80.51723,7.86861],[80.51489,7.86689],[80.51489,7.86198],[80.51569,7.86164],[80.51629,7.85998],[80.51923,7.86234],[80.52101,7.8613],[80.52109,7.85511],[80.51972,7.85295],[80.5177,7.85214],[80.5171,7.85303],[80.51633,7.85295],[80.5162,7.8518],[80.51515,7.85137],[80.51479,7.85156],[80.51419,7.85039],[80.51511,7.84984],[80.51457,7.8488],[80.51129,7.84563],[80.5082,7.84714],[80.50777,7.84519],[80.50691,7.83571],[80.50884,7.82748],[80.51056,7.82608],[80.51112,7.82442],[80.50747,7.82159],[80.50715,7.81821],[80.50753,7.81396],[80.50942,7.81381],[80.51086,7.81572],[80.51298,7.81764],[80.51376,7.81721],[80.51389,7.81424],[80.51264,7.8116],[80.50893,7.812],[80.50672,7.81162],[80.50427,7.81241],[80.50279,7.8109],[80.50206,7.80771],[80.5012,7.80217],[80.5013,7.80197],[80.50149,7.80178],[80.50326,7.80165],[80.50354,7.80132],[80.50359,7.80081],[80.50303,7.80086],[80.50351,7.79854],[80.50381,7.79758],[80.5048,7.7994],[80.50585,7.80158],[80.50604,7.80166],[80.50615,7.8028],[80.50628,7.80296],[80.50656,7.80452],[80.50672,7.80455],[80.5083,7.80312],[80.50857,7.80253],[80.50856,7.80217],[80.50834,7.80167],[80.50745,7.80086],[80.50705,7.80015],[80.50679,7.79822],[80.50692,7.79797],[80.50753,7.79741],[80.50761,7.7972],[80.5075,7.79326],[80.50725,7.79308],[80.50469,7.79207],[80.50301,7.79225],[80.50258,7.79206],[80.50237,7.7918],[80.50178,7.78929],[80.50179,7.78896],[80.50404,7.78613],[80.5042,7.78577],[80.50447,7.78494],[80.50553,7.781],[80.50558,7.77926],[80.50571,7.77906],[80.506,7.77881],[80.50611,7.77859],[80.50519,7.77251],[80.50538,7.76807],[80.50365,7.76134],[80.50309,7.75936],[80.50297,7.75899],[80.50248,7.75828],[80.50249,7.75778],[80.50317,7.75661],[80.50317,7.7564],[80.50297,7.75606],[80.50102,7.75525],[80.50068,7.75501],[80.50007,7.75324],[80.49781,7.7549],[80.49774,7.75501],[80.49705,7.75704],[80.49687,7.75727],[80.49601,7.75778],[80.49581,7.75805],[80.49581,7.75843],[80.49745,7.76096],[80.49745,7.76118],[80.49682,7.7621],[80.49645,7.76203],[80.49565,7.76145],[80.4954,7.76145],[80.49417,7.76265],[80.49385,7.7627],[80.49339,7.76231],[80.49323,7.76114],[80.49327,7.76085],[80.49404,7.75961],[80.49395,7.75943],[80.49302,7.75881],[80.49277,7.75727],[80.49169,7.75615],[80.49143,7.75512],[80.49154,7.75492],[80.49315,7.7542],[80.49329,7.75402],[80.49323,7.75321],[80.49314,7.75289],[80.4926,7.75223],[80.49249,7.75225],[80.49217,7.75259],[80.4919,7.75259],[80.49031,7.75142],[80.49016,7.75152],[80.48955,7.75314],[80.48941,7.75319],[80.48888,7.75306],[80.48874,7.75312],[80.48811,7.75401],[80.48793,7.754],[80.48658,7.75121],[80.48626,7.7509],[80.48589,7.75073],[80.48549,7.75078],[80.4842,7.75184],[80.48435,7.75296],[80.48424,7.75311],[80.48352,7.75323],[80.48342,7.75351],[80.48313,7.75477],[80.48304,7.75494],[80.48195,7.75584],[80.48182,7.75601],[80.48182,7.75616],[80.4834,7.75725],[80.4835,7.75762],[80.48346,7.75791],[80.48298,7.75841],[80.48301,7.75862],[80.48388,7.76005],[80.48387,7.76029],[80.48373,7.76039],[80.48287,7.76039],[80.48272,7.76034],[80.48087,7.75746],[80.48063,7.75747],[80.47935,7.75901],[80.47936,7.75924],[80.48162,7.76244],[80.48176,7.76257],[80.48214,7.76261],[80.4834,7.76197],[80.48357,7.76206],[80.48446,7.76382],[80.48445,7.76397],[80.48345,7.76458],[80.48336,7.76468],[80.48346,7.76515],[80.48346,7.76549],[80.48189,7.76725],[80.48144,7.76728],[80.48073,7.76829],[80.47983,7.77118],[80.47935,7.77489],[80.47943,7.77514],[80.47956,7.77527],[80.47971,7.7753],[80.47992,7.77522],[80.48434,7.76942],[80.48456,7.76939],[80.48485,7.76943],[80.48832,7.77261],[80.48837,7.77274],[80.48842,7.77373],[80.48799,7.77406],[80.48764,7.7746],[80.48752,7.77467],[80.48615,7.77397],[80.48608,7.77403],[80.48584,7.77488],[80.48568,7.77511],[80.48554,7.77516],[80.48527,7.77507],[80.48506,7.77488],[80.48507,7.77474],[80.48522,7.77445],[80.48521,7.77434],[80.48506,7.77408],[80.48483,7.77388],[80.48379,7.77348],[80.48351,7.77354],[80.48293,7.77412],[80.48288,7.77426],[80.483,7.77483],[80.48296,7.77497],[80.48283,7.77503],[80.4823,7.77482],[80.48218,7.77489],[80.48023,7.7768],[80.48013,7.77708],[80.48018,7.77737],[80.48029,7.77748],[80.48056,7.7776],[80.48099,7.77772],[80.48133,7.77799],[80.4817,7.7781],[80.48195,7.77808],[80.48222,7.77797],[80.48267,7.77767],[80.48288,7.77745],[80.48361,7.77647],[80.48384,7.77644],[80.48394,7.77656],[80.48398,7.77678],[80.4841,7.77685],[80.4843,7.77673],[80.48453,7.77635],[80.48466,7.77627],[80.48505,7.77633],[80.48549,7.77693],[80.48567,7.77706],[80.48582,7.77707],[80.48589,7.77703],[80.48605,7.77651],[80.4866,7.77612],[80.48706,7.77553],[80.48717,7.77551],[80.48743,7.77571],[80.48761,7.77566],[80.48752,7.77516],[80.48766,7.77485],[80.48795,7.77464],[80.48818,7.77471],[80.48831,7.77547],[80.48847,7.77561],[80.49047,7.77678],[80.49096,7.777],[80.49219,7.77731],[80.49231,7.77746],[80.49243,7.77808],[80.49253,7.77816],[80.49572,7.77825],[80.49584,7.77836],[80.49584,7.77953],[80.4958,7.77974],[80.49526,7.78055],[80.49507,7.78065],[80.49383,7.78098],[80.49361,7.78116],[80.49351,7.78156],[80.4938,7.78244],[80.49375,7.78277],[80.48994,7.78753],[80.48984,7.78782],[80.48903,7.79324],[80.48909,7.79354],[80.49031,7.79513],[80.49031,7.79541],[80.49013,7.79568],[80.48985,7.79584],[80.48947,7.79592],[80.48822,7.79561],[80.48805,7.79573],[80.48788,7.79655],[80.48775,7.79664],[80.48697,7.79686],[80.48686,7.79695],[80.48581,7.80012],[80.48595,7.80045],[80.487,7.80129],[80.48719,7.8014],[80.49006,7.80076],[80.49117,7.79894],[80.49152,7.79894],[80.49207,7.79932],[80.49217,7.79959],[80.49176,7.80166],[80.49179,7.80181],[80.49208,7.8023],[80.49382,7.80312],[80.4939,7.80327],[80.49389,7.80537],[80.49444,7.80838],[80.49547,7.81101],[80.49526,7.81181],[80.49417,7.81315],[80.49236,7.81381],[80.49183,7.81431],[80.49079,7.81416],[80.48982,7.81447],[80.48892,7.81532],[80.48811,7.81532],[80.48804,7.81612],[80.48955,7.81634],[80.48944,7.81869],[80.48928,7.8199],[80.48835,7.81992],[80.48749,7.82188],[80.48616,7.82168],[80.48452,7.82104],[80.48382,7.82214],[80.48375,7.82316],[80.48481,7.82306],[80.48539,7.82363],[80.48468,7.82523],[80.48526,7.82793],[80.48477,7.82846],[80.48279,7.82678],[80.48075,7.82601],[80.47947,7.82718],[80.47865,7.82884],[80.47685,7.83196],[80.47571,7.83405],[80.47689,7.83562],[80.4761,7.83609],[80.47412,7.8356],[80.47245,7.83662],[80.47314,7.83906],[80.47157,7.8407],[80.47103,7.84278],[80.47052,7.84451],[80.46979,7.84495],[80.469,7.8444],[80.46822,7.84576],[80.46691,7.84572],[80.46653,7.84489],[80.46537,7.84493],[80.46464,7.84604],[80.46481,7.84697],[80.46378,7.84674],[80.46292,7.84767],[80.46168,7.84723],[80.46119,7.84653],[80.46151,7.84523],[80.46067,7.84391],[80.46119,7.84325],[80.4608,7.84196],[80.46052,7.84138],[80.45979,7.83904],[80.45803,7.83848],[80.45794,7.83887],[80.45729,7.83858],[80.45659,7.83895],[80.45579,7.83872],[80.45554,7.83788],[80.45425,7.83832],[80.45363,7.83649],[80.45272,7.83699],[80.45165,7.83856],[80.45211,7.8394],[80.45195,7.83982],[80.45079,7.83976],[80.45036,7.84036],[80.45107,7.84095],[80.45106,7.842],[80.45042,7.84248],[80.44946,7.84519],[80.45005,7.84756],[80.45069,7.84789],[80.45124,7.8483],[80.45204,7.8491],[80.45333,7.84965],[80.45485,7.85063],[80.45601,7.84957],[80.45782,7.85018],[80.4599,7.85005],[80.46118,7.84953],[80.46134,7.85056],[80.46374,7.85243],[80.46554,7.85171],[80.46539,7.84952],[80.46702,7.84901],[80.46805,7.85014],[80.46683,7.85295],[80.46541,7.85496],[80.4661,7.85656],[80.46758,7.85754],[80.46966,7.85611],[80.46998,7.85783],[80.46857,7.85883],[80.46837,7.85987],[80.46556,7.86062],[80.46485,7.8586],[80.46378,7.85798],[80.45996,7.85866],[80.45844,7.85573],[80.45563,7.85533],[80.45417,7.8528],[80.45224,7.85158],[80.44979,7.85101],[80.44842,7.8511],[80.44852,7.85071],[80.44761,7.85038],[80.44674,7.85158],[80.4459,7.85122],[80.44557,7.85126],[80.44568,7.85266],[80.44498,7.85304],[80.44428,7.85214],[80.44279,7.85216],[80.44299,7.85328],[80.44227,7.85386],[80.44222,7.85432],[80.44254,7.85533],[80.44231,7.85619],[80.44203,7.8585],[80.44149,7.86002],[80.44078,7.86102],[80.4399,7.86158],[80.43831,7.86342],[80.43964,7.86585],[80.43863,7.86721],[80.43709,7.86585],[80.43568,7.86562],[80.43545,7.86549],[80.43515,7.8649],[80.43484,7.86503],[80.43344,7.86451],[80.43255,7.86716]]]}},{"type":"Feature","properties":{"c":"forest"},"geometry":{"type":"Polygon","coordinates":[[[80.46297,7.7026],[80.46305,7.70287],[80.46333,7.70321],[80.46346,7.70346],[80.46328,7.70398],[80.46327,7.70456],[80.46342,7.70496],[80.46374,7.70538],[80.46387,7.70543],[80.46566,7.70519],[80.46608,7.70492],[80.4666,7.70432],[80.46718,7.70342],[80.46733,7.70244],[80.46754,7.70189],[80.46762,7.7012],[80.46802,7.70027],[80.46822,7.69938],[80.46828,7.69881],[80.46837,7.69855],[80.46848,7.69845],[80.46876,7.6985],[80.46904,7.69847],[80.46917,7.6984],[80.46922,7.69827],[80.46922,7.69812],[80.46915,7.69799],[80.46894,7.69773],[80.46882,7.69765],[80.46868,7.69739],[80.4687,7.6971],[80.46889,7.69639],[80.46888,7.69614],[80.46904,7.69591],[80.46905,7.69563],[80.46847,7.69467],[80.46842,7.69437],[80.46848,7.69394],[80.46885,7.69266],[80.46886,7.69237],[80.46908,7.69184],[80.46946,7.69123],[80.46964,7.69056],[80.46956,7.69013],[80.46937,7.68973],[80.46929,7.68944],[80.46927,7.68899],[80.46938,7.68799],[80.46913,7.68684],[80.46918,7.68584],[80.46939,7.68529],[80.46937,7.68445],[80.46916,7.68358],[80.46913,7.683],[80.46904,7.68264],[80.4689,7.68237],[80.46878,7.68178],[80.46886,7.68055],[80.46903,7.67934],[80.46912,7.67905],[80.4691,7.67875],[80.46886,7.67804],[80.46884,7.67732],[80.46895,7.67653],[80.46903,7.6754],[80.46924,7.67486],[80.46948,7.67451],[80.46961,7.67443],[80.47005,7.67451],[80.47027,7.67472],[80.47033,7.67486],[80.47034,7.67533],[80.47006,7.67672],[80.47002,7.67714],[80.47009,7.67727],[80.47023,7.67728],[80.47036,7.67719],[80.47143,7.67591],[80.47167,7.67555],[80.47181,7.67521],[80.47183,7.67491],[80.472,7.67451],[80.4721,7.67392],[80.47231,7.67337],[80.47251,7.67261],[80.47318,7.67184],[80.47327,7.67142],[80.47323,7.67113],[80.47298,7.67073],[80.47288,7.67045],[80.47303,7.66958],[80.47306,7.66915],[80.47302,7.66885],[80.47293,7.66857],[80.47258,7.66812],[80.47237,7.66773],[80.47233,7.66758],[80.47233,7.66685],[80.47226,7.66667],[80.47192,7.66619],[80.47185,7.66591],[80.47195,7.66471],[80.47191,7.66367],[80.47162,7.66251],[80.47167,7.66177],[80.47181,7.66122],[80.47184,7.65996],[80.47197,7.6594],[80.47194,7.65878],[80.47153,7.65816],[80.47114,7.65739],[80.47069,7.65695],[80.47055,7.6569],[80.4704,7.65693],[80.47003,7.65718],[80.46974,7.65726],[80.46934,7.65727],[80.46905,7.65718],[80.46876,7.65722],[80.46855,7.65743],[80.46842,7.65769],[80.46839,7.65785],[80.4685,7.65812],[80.46851,7.65827],[80.4685,7.65842],[80.46837,7.65869],[80.46825,7.65878],[80.46753,7.65892],[80.46703,7.65943],[80.46691,7.65969],[80.46677,7.66027],[80.46667,7.66038],[80.46637,7.66044],[80.46624,7.66036],[80.46618,7.65992],[80.46639,7.6588],[80.46651,7.65854],[80.46662,7.65797],[80.46705,7.65681],[80.46703,7.65666],[80.46689,7.6564],[80.46681,7.65611],[80.46682,7.65552],[80.46706,7.65477],[80.46719,7.6542],[80.46733,7.65395],[80.46753,7.65374],[80.46784,7.6535],[80.46777,7.65297],[80.46768,7.65072],[80.46796,7.64967],[80.46765,7.64984],[80.46709,7.65028],[80.46671,7.65114],[80.46629,7.65189],[80.46624,7.65263],[80.4661,7.65313],[80.46562,7.65386],[80.4655,7.65422],[80.46544,7.65472],[80.46551,7.65569],[80.46549,7.65612],[80.46532,7.65635],[80.46449,7.6566],[80.46439,7.65671],[80.46427,7.65698],[80.46438,7.65742],[80.46431,7.65783],[80.46424,7.65796],[80.4639,7.65825],[80.46382,7.65853],[80.46382,7.65866],[80.46398,7.65909],[80.46443,7.65968],[80.46455,7.65995],[80.46455,7.66039],[80.46438,7.6609],[80.46438,7.66191],[80.4643,7.66236],[80.46433,7.66398],[80.4644,7.66443],[80.4647,7.66527],[80.4648,7.66617],[80.46478,7.66631],[80.46442,7.66714],[80.46446,7.66756],[80.46477,7.66821],[80.46472,7.66878],[80.46445,7.66947],[80.46447,7.6701],[80.46459,7.67037],[80.46484,7.6705],[80.46514,7.67051],[80.46526,7.67079],[80.46537,7.67087],[80.46552,7.67085],[80.46556,7.67071],[80.46552,7.66897],[80.46563,7.66837],[80.46575,7.66809],[80.46596,7.66785],[80.46608,7.66776],[80.46639,7.66777],[80.4665,7.66786],[80.46652,7.66829],[80.46663,7.66879],[80.46664,7.66967],[80.46672,7.67011],[80.46691,7.67066],[80.46692,7.67175],[80.46676,7.67232],[80.46654,7.67251],[80.46596,7.67247],[80.46556,7.6723],[80.46532,7.67212],[80.46504,7.67203],[80.4649,7.67205],[80.46477,7.67212],[80.46469,7.67224],[80.46458,7.67249],[80.46452,7.6728],[80.46452,7.6731],[80.46473,7.67417],[80.46469,7.67445],[80.46451,7.67486],[80.46449,7.67501],[80.46457,7.67543],[80.46457,7.67573],[80.46405,7.67835],[80.46403,7.67939],[80.46415,7.67994],[80.46459,7.68114],[80.46459,7.68128],[80.4645,7.6817],[80.46443,7.68244],[80.46402,7.68323],[80.46404,7.68352],[80.46415,7.68381],[80.46415,7.68402],[80.46392,7.68455],[80.46392,7.6847],[80.46396,7.68483],[80.46418,7.68504],[80.4643,7.68527],[80.46458,7.68627],[80.46463,7.6867],[80.46446,7.68709],[80.46412,7.68736],[80.46396,7.68759],[80.46397,7.68785],[80.46409,7.68812],[80.46417,7.6887],[80.46395,7.68984],[80.46406,7.69071],[80.46409,7.69236],[80.46416,7.69322],[80.46437,7.69407],[80.46446,7.69542],[80.46472,7.69717],[80.46476,7.69894],[80.46468,7.7003],[80.46459,7.70057],[80.46438,7.70075],[80.46397,7.7009],[80.46387,7.701],[80.46366,7.70139],[80.46337,7.70141],[80.46324,7.70148],[80.46324,7.70194],[80.46299,7.70245],[80.46297,7.7026]],[[80.4659,7.66655],[80.46596,7.66626],[80.46618,7.6657],[80.4662,7.66526],[80.46609,7.66459],[80.46632,7.66375],[80.46602,7.66251],[80.46616,7.6621],[80.46615,7.66152],[80.46629,7.66127],[80.46658,7.66119],[80.46702,7.66122],[80.46714,7.66131],[80.4672,7.66144],[80.46726,7.66175],[80.46721,7.66235],[80.46689,7.6634],[80.46693,7.66351],[80.46728,7.66398],[80.46734,7.66427],[80.46733,7.66442],[80.46713,7.66482],[80.46718,7.66598],[80.46706,7.66627],[80.4667,7.66652],[80.4665,7.66692],[80.46639,7.66702],[80.4661,7.66707],[80.46599,7.66698],[80.46592,7.66685],[80.4659,7.66655]],[[80.46838,7.66741],[80.46839,7.66712],[80.46856,7.66654],[80.46845,7.66604],[80.46845,7.6656],[80.46877,7.66466],[80.4688,7.66422],[80.46887,7.66408],[80.4691,7.66388],[80.46918,7.66375],[80.46921,7.66344],[80.46911,7.66301],[80.46912,7.66285],[80.46918,7.66271],[80.46932,7.66266],[80.46946,7.66269],[80.46957,7.66279],[80.46966,7.66306],[80.46948,7.66377],[80.46957,7.665],[80.46952,7.66528],[80.46927,7.666],[80.46925,7.6663],[80.46931,7.66644],[80.46988,7.66713],[80.46987,7.66756],[80.46964,7.66793],[80.46935,7.66786],[80.46913,7.66766],[80.46856,7.66761],[80.46843,7.66754],[80.46838,7.66741]],[[80.46903,7.6726],[80.46905,7.67188],[80.46918,7.67145],[80.46922,7.67026],[80.46939,7.66987],[80.4696,7.66967],[80.46989,7.6697],[80.47019,7.67021],[80.47028,7.67063],[80.47031,7.67136],[80.47007,7.67207],[80.47007,7.67266],[80.47,7.67294],[80.46992,7.67307],[80.46978,7.67312],[80.46948,7.67311],[80.46934,7.67308],[80.46913,7.67287],[80.46903,7.6726]],[[80.47007,7.66934],[80.47016,7.66905],[80.47055,7.66834],[80.47062,7.66803],[80.47069,7.66698],[80.47091,7.6666],[80.47102,7.6665],[80.47117,7.66646],[80.47131,7.66652],[80.47176,7.66693],[80.47192,7.66718],[80.47198,7.66747],[80.47193,7.66774],[80.47183,7.66785],[80.47169,7.66789],[80.47111,7.66787],[80.471,7.66796],[80.47097,7.66811],[80.47101,7.66839],[80.47115,7.66844],[80.47153,7.66821],[80.47168,7.66821],[80.47182,7.66826],[80.47196,7.66852],[80.47195,7.66866],[80.47162,7.66894],[80.47152,7.66921],[80.47152,7.66937],[80.47169,7.66979],[80.47173,7.67007],[80.47165,7.6704],[80.4715,7.67065],[80.4715,7.6708],[80.47191,7.67144],[80.47193,7.67173],[80.47183,7.67201],[80.47161,7.6722],[80.47106,7.67234],[80.47077,7.67233],[80.47035,7.67218],[80.47027,7.67206],[80.47032,7.67178],[80.4705,7.67138],[80.4705,7.67109],[80.47044,7.6708],[80.47008,7.66978],[80.47007,7.66934]]]}},{"type":"Feature","properties":{"c":"forest"},"geometry":{"type":"Polygon","coordinates":[[[80.44575,7.7585],[80.44574,7.75958],[80.44583,7.75968],[80.44607,7.75981],[80.44766,7.75996],[80.4478,7.76005],[80.44794,7.76034],[80.44802,7.76269],[80.44784,7.76297],[80.44735,7.76356],[80.44719,7.76401],[80.44714,7.76442],[80.44715,7.76477],[80.44745,7.76549],[80.4478,7.76563],[80.44798,7.76535],[80.44828,7.76512],[80.4486,7.76457],[80.44892,7.76387],[80.44932,7.76325],[80.44953,7.7628],[80.4498,7.76185],[80.44989,7.76015],[80.45003,7.75993],[80.4503,7.75917],[80.45041,7.7591],[80.45051,7.7591],[80.45059,7.75919],[80.45093,7.76016],[80.45092,7.76045],[80.45077,7.76087],[80.45076,7.76131],[80.45089,7.76171],[80.45113,7.76198],[80.45194,7.76246],[80.452,7.76252],[80.45206,7.76279],[80.45206,7.76307],[80.45184,7.76374],[80.45172,7.76467],[80.45171,7.76512],[80.45177,7.76533],[80.45195,7.76561],[80.45245,7.76605],[80.45281,7.76607],[80.45307,7.76619],[80.45395,7.76701],[80.45424,7.76742],[80.45459,7.76821],[80.45471,7.76836],[80.45558,7.76918],[80.45586,7.76938],[80.45602,7.76947],[80.45627,7.76952],[80.45793,7.76955],[80.45822,7.76941],[80.45837,7.76926],[80.45908,7.76803],[80.45945,7.76701],[80.45948,7.7668],[80.45946,7.76624],[80.45953,7.76584],[80.45989,7.76524],[80.46043,7.76455],[80.46057,7.76402],[80.46058,7.76378],[80.4605,7.76348],[80.46027,7.76326],[80.46023,7.76292],[80.46029,7.76212],[80.46051,7.76181],[80.46074,7.76124],[80.46106,7.76076],[80.46111,7.7606],[80.46113,7.75976],[80.46133,7.75751],[80.46149,7.7571],[80.46192,7.75641],[80.4621,7.75599],[80.46277,7.75515],[80.4629,7.75433],[80.46299,7.7543],[80.46324,7.75457],[80.46356,7.75529],[80.4637,7.7554],[80.46387,7.75546],[80.4647,7.75546],[80.46491,7.75532],[80.46558,7.75475],[80.46503,7.75455],[80.46491,7.75381],[80.46487,7.75372],[80.46469,7.75359],[80.46264,7.75317],[80.46254,7.75307],[80.46243,7.75268],[80.46243,7.75108],[80.46219,7.75004],[80.46208,7.74907],[80.46188,7.74814],[80.46143,7.74709],[80.46126,7.74704],[80.46086,7.74705],[80.46081,7.74697],[80.46076,7.74605],[80.46018,7.7451],[80.45977,7.74506],[80.45905,7.74565],[80.45895,7.74558],[80.45891,7.74534],[80.45866,7.74541],[80.4587,7.74483],[80.45853,7.74455],[80.45839,7.74449],[80.45808,7.74449],[80.45785,7.7444],[80.45729,7.74437],[80.45717,7.74432],[80.45715,7.74391],[80.45746,7.74387],[80.4578,7.74394],[80.45786,7.74387],[80.45789,7.74355],[80.45794,7.74352],[80.45831,7.74368],[80.45859,7.74362],[80.45906,7.74368],[80.45964,7.74352],[80.46012,7.74349],[80.46091,7.74356],[80.46104,7.74348],[80.46098,7.74285],[80.46113,7.74174],[80.46121,7.74002],[80.4614,7.73848],[80.4614,7.73759],[80.4613,7.73662],[80.46141,7.73606],[80.46134,7.73583],[80.46096,7.73552],[80.46089,7.73506],[80.46082,7.73492],[80.46073,7.73484],[80.4604,7.73481],[80.45946,7.73494],[80.45937,7.73502],[80.45932,7.73515],[80.45932,7.73526],[80.45944,7.73548],[80.45952,7.73555],[80.45993,7.73562],[80.46014,7.73576],[80.46018,7.73585],[80.46026,7.7361],[80.46022,7.73639],[80.4601,7.73651],[80.45994,7.73657],[80.45976,7.73657],[80.45958,7.73647],[80.45951,7.73641],[80.45933,7.736],[80.45917,7.73592],[80.45908,7.73593],[80.45842,7.73639],[80.45807,7.73639],[80.458,7.73625],[80.45805,7.73588],[80.45798,7.73573],[80.45781,7.73574],[80.45729,7.73595],[80.4567,7.73606],[80.45661,7.7361],[80.45641,7.73634],[80.4561,7.7364],[80.45597,7.7364],[80.45591,7.73626],[80.45639,7.73581],[80.45639,7.73575],[80.45631,7.73567],[80.45579,7.73564],[80.45532,7.73552],[80.45526,7.73556],[80.45518,7.73579],[80.45509,7.73589],[80.45483,7.73588],[80.45478,7.73581],[80.45472,7.73534],[80.45475,7.73455],[80.45518,7.73381],[80.45523,7.73363],[80.45551,7.73222],[80.45543,7.73184],[80.45522,7.73177],[80.45486,7.73189],[80.45452,7.73179],[80.45402,7.73209],[80.45389,7.73211],[80.45324,7.73174],[80.45286,7.73127],[80.45238,7.72993],[80.45188,7.72968],[80.45173,7.72946],[80.4515,7.72893],[80.45129,7.7288],[80.45105,7.72901],[80.45101,7.7292],[80.4512,7.73021],[80.45109,7.73092],[80.45119,7.73118],[80.45179,7.73186],[80.45182,7.73199],[80.45174,7.73224],[80.45103,7.73339],[80.45096,7.73355],[80.45101,7.73393],[80.45132,7.73449],[80.45147,7.73463],[80.45155,7.73467],[80.45202,7.73461],[80.45207,7.73465],[80.45237,7.73536],[80.45285,7.73591],[80.45378,7.73636],[80.45383,7.73647],[80.45373,7.73657],[80.45312,7.7366],[80.45303,7.73669],[80.45296,7.73725],[80.4531,7.73817],[80.45341,7.73881],[80.4535,7.73922],[80.45362,7.73949],[80.45421,7.74],[80.4547,7.73996],[80.45494,7.74006],[80.45488,7.7403],[80.45407,7.74019],[80.45391,7.74038],[80.45395,7.7406],[80.45421,7.74085],[80.45424,7.74101],[80.45381,7.74182],[80.45369,7.74229],[80.45365,7.74313],[80.45372,7.74353],[80.45382,7.74373],[80.45388,7.74381],[80.45405,7.74388],[80.45445,7.74378],[80.45451,7.7438],[80.45461,7.74389],[80.45473,7.74413],[80.45518,7.74435],[80.4552,7.74448],[80.45521,7.74485],[80.455,7.74572],[80.45485,7.74606],[80.45446,7.74663],[80.45426,7.74709],[80.45404,7.74733],[80.45395,7.74766],[80.45402,7.7479],[80.45439,7.74825],[80.45494,7.74842],[80.45496,7.74865],[80.45495,7.74873],[80.45484,7.74878],[80.45422,7.74871],[80.45411,7.74877],[80.45413,7.74928],[80.45437,7.74946],[80.45448,7.74963],[80.45445,7.75022],[80.45451,7.75036],[80.45512,7.75049],[80.45603,7.75047],[80.45674,7.75026],[80.45734,7.75035],[80.45744,7.75041],[80.45753,7.75089],[80.45752,7.75124],[80.45743,7.75136],[80.45726,7.75144],[80.45691,7.75139],[80.45686,7.75169],[80.45724,7.75189],[80.45822,7.75226],[80.45829,7.75238],[80.45835,7.7531],[80.45869,7.75359],[80.45873,7.75377],[80.45874,7.75459],[80.45867,7.75612],[80.45868,7.75708],[80.45893,7.75809],[80.45894,7.75842],[80.45889,7.75864],[80.45858,7.75916],[80.45848,7.7596],[80.45824,7.75988],[80.45794,7.76005],[80.45719,7.76015],[80.45676,7.76035],[80.45671,7.76063],[80.45688,7.76085],[80.4569,7.76095],[80.45648,7.76138],[80.45622,7.76185],[80.45597,7.76217],[80.45593,7.76227],[80.45604,7.76254],[80.45601,7.76268],[80.45588,7.76277],[80.45549,7.76281],[80.45502,7.76273],[80.45479,7.76274],[80.4547,7.76277],[80.4546,7.76288],[80.45464,7.764],[80.45428,7.76519],[80.45416,7.76532],[80.45407,7.76534],[80.45319,7.76513],[80.45308,7.76495],[80.45308,7.76473],[80.45332,7.76368],[80.45369,7.76285],[80.45371,7.76248],[80.45363,7.76225],[80.45346,7.76211],[80.45314,7.76213],[80.45303,7.76206],[80.4531,7.76133],[80.45299,7.76121],[80.45262,7.76114],[80.45251,7.76096],[80.45256,7.76068],[80.45275,7.7606],[80.45312,7.76076],[80.45328,7.76093],[80.45341,7.76085],[80.45344,7.76035],[80.45379,7.75997],[80.45378,7.75854],[80.45367,7.75848],[80.45339,7.75848],[80.45312,7.75917],[80.45303,7.75921],[80.45252,7.75893],[80.45224,7.75907],[80.45178,7.75906],[80.45146,7.75916],[80.45139,7.75905],[80.45135,7.75877],[80.45123,7.7587],[80.45063,7.75891],[80.45028,7.75892],[80.45015,7.75888],[80.45002,7.75875],[80.44976,7.75832],[80.44959,7.7572],[80.44936,7.75696],[80.44892,7.7569],[80.44858,7.757],[80.44837,7.75723],[80.44816,7.75735],[80.44804,7.75736],[80.44758,7.75722],[80.44743,7.7572],[80.4473,7.75725],[80.44689,7.75772],[80.44603,7.7581],[80.44575,7.7585]]]}},{"type":"Feature","properties":{"c":"farmland"},"geometry":{"type":"Polygon","coordinates":[[[80.43321,7.69217],[80.43343,7.69286],[80.43411,7.69285],[80.43399,7.69246],[80.4342,7.69239],[80.43478,7.69325],[80.43499,7.69305],[80.43485,7.69287],[80.43494,7.69276],[80.43455,7.6923],[80.43442,7.69204],[80.43414,7.69212],[80.43407,7.6919],[80.43381,7.69197],[80.43363,7.69209],[80.43349,7.69205],[80.4333,7.69207],[80.43321,7.69217]]]}},{"type":"Feature","properties":{"c":"farmland"},"geometry":{"type":"Polygon","coordinates":[[[80.43064,7.69459],[80.4313,7.69484],[80.43127,7.69445],[80.43136,7.69442],[80.43139,7.6942],[80.43119,7.69316],[80.43109,7.69312],[80.43081,7.69314],[80.43075,7.69394],[80.43064,7.69459]]]}},{"type":"Feature","properties":{"c":"farmland","n":"Hangamuwa wewa Irrigable Area"},"geometry":{"type":"Polygon","coordinates":[[[80.42055,7.69327],[80.42072,7.69336],[80.42067,7.69355],[80.4207,7.69392],[80.42079,7.69402],[80.42138,7.69425],[80.4219,7.6932],[80.42213,7.69252],[80.42173,7.69246],[80.42173,7.69262],[80.42133,7.6928],[80.42092,7.69286],[80.42059,7.69283],[80.42055,7.69327]]]}},{"type":"Feature","properties":{"c":"farmland","n":"Hangamuwa wewa Irrigable Area"},"geometry":{"type":"Polygon","coordinates":[[[80.42149,7.69422],[80.42202,7.69452],[80.42227,7.69434],[80.42263,7.69374],[80.42273,7.69335],[80.4227,7.69328],[80.42218,7.69297],[80.42213,7.69279],[80.42185,7.69354],[80.42149,7.69422]]]}},{"type":"Feature","properties":{"c":"farmland"},"geometry":{"type":"Polygon","coordinates":[[[80.42527,7.69302],[80.42561,7.6932],[80.42603,7.69317],[80.42645,7.69329],[80.42668,7.69329],[80.42683,7.69317],[80.42714,7.69269],[80.42724,7.69267],[80.42733,7.69258],[80.42737,7.69251],[80.42723,7.69249],[80.42722,7.69241],[80.42726,7.69179],[80.42721,7.69167],[80.42706,7.69161],[80.42696,7.69139],[80.42695,7.69122],[80.42737,7.69105],[80.42733,7.69072],[80.42684,7.69043],[80.42672,7.69028],[80.4266,7.69028],[80.42644,7.69035],[80.42626,7.69056],[80.42614,7.69053],[80.42606,7.69071],[80.42538,7.69055],[80.42532,7.69112],[80.42581,7.6914],[80.4259,7.69139],[80.42625,7.69164],[80.42649,7.69198],[80.42647,7.69234],[80.42638,7.69238],[80.42648,7.69259],[80.42632,7.69246],[80.42621,7.69253],[80.42621,7.69259],[80.42561,7.69244],[80.42552,7.69251],[80.42548,7.69284],[80.42529,7.69293],[80.42527,7.69302]]]}},{"type":"Feature","properties":{"c":"forest"},"geometry":{"type":"Polygon","coordinates":[[[80.44217,7.80143],[80.44321,7.80158],[80.44312,7.80265],[80.44329,7.80329],[80.44318,7.80673],[80.44374,7.80803],[80.44534,7.80797],[80.44563,7.80778],[80.44594,7.80774],[80.44635,7.8076],[80.4465,7.80745],[80.44655,7.80727],[80.44716,7.80725],[80.44711,7.80666],[80.44649,7.80669],[80.44659,7.80571],[80.44601,7.80288],[80.44606,7.7994],[80.44613,7.79912],[80.44633,7.79895],[80.44669,7.79888],[80.44674,7.79869],[80.44818,7.79782],[80.44932,7.79852],[80.4491,7.79984],[80.44825,7.80035],[80.44803,7.80295],[80.44928,7.80354],[80.44878,7.80522],[80.44805,7.80728],[80.44985,7.80834],[80.45063,7.80718],[80.45058,7.80558],[80.45127,7.80603],[80.45109,7.80751],[80.45104,7.80751],[80.45101,7.80818],[80.45144,7.81034],[80.45159,7.81313],[80.45119,7.81487],[80.44923,7.81458],[80.44812,7.80918],[80.44546,7.80877],[80.44479,7.81122],[80.44522,7.81298],[80.44614,7.8147],[80.44642,7.81664],[80.44709,7.818],[80.44741,7.81936],[80.44921,7.82156],[80.45056,7.82213],[80.45076,7.82198],[80.44977,7.82056],[80.4512,7.82019],[80.45215,7.81904],[80.45135,7.81798],[80.45179,7.81661],[80.45254,7.81638],[80.4535,7.81662],[80.45454,7.8173],[80.45341,7.8178],[80.45321,7.81975],[80.4524,7.81974],[80.45251,7.82064],[80.45331,7.82142],[80.45296,7.82213],[80.45168,7.82192],[80.45151,7.82044],[80.45112,7.8207],[80.451,7.82214],[80.45087,7.82297],[80.45196,7.82331],[80.45285,7.82385],[80.45311,7.82464],[80.45493,7.82559],[80.45602,7.82553],[80.4571,7.82619],[80.45705,7.82731],[80.45757,7.8275],[80.45764,7.82827],[80.45742,7.82837],[80.45756,7.82976],[80.45599,7.82915],[80.4557,7.8301],[80.45548,7.8312],[80.45745,7.83377],[80.45943,7.83409],[80.46065,7.83143],[80.46322,7.83026],[80.46509,7.83031],[80.46593,7.82997],[80.46599,7.82816],[80.46683,7.82529],[80.46786,7.82455],[80.4694,7.82625],[80.47146,7.8235],[80.47269,7.82202],[80.47245,7.82129],[80.47281,7.82038],[80.47378,7.8208],[80.47387,7.81972],[80.47266,7.81953],[80.47303,7.81851],[80.47397,7.81849],[80.47404,7.81776],[80.47243,7.81713],[80.47131,7.81785],[80.47131,7.81711],[80.47052,7.81621],[80.46921,7.81659],[80.46968,7.81492],[80.4723,7.81421],[80.47578,7.81222],[80.47477,7.81064],[80.47202,7.80932],[80.47174,7.80981],[80.46951,7.80973],[80.46889,7.81049],[80.46762,7.80932],[80.46597,7.80722],[80.46322,7.80581],[80.46308,7.80541],[80.4624,7.8051],[80.46222,7.80492],[80.46205,7.80364],[80.46178,7.80359],[80.46061,7.80492],[80.46037,7.80403],[80.45801,7.80244],[80.45707,7.80218],[80.45835,7.80082],[80.45922,7.79908],[80.45899,7.79885],[80.45832,7.79905],[80.4572,7.79947],[80.45625,7.79563],[80.45567,7.78919],[80.45516,7.78843],[80.45524,7.78711],[80.45359,7.78694],[80.45425,7.78534],[80.45567,7.78556],[80.45775,7.78428],[80.459,7.78466],[80.4591,7.78568],[80.46084,7.78554],[80.46161,7.78476],[80.46235,7.7848],[80.46317,7.78492],[80.46314,7.78459],[80.46352,7.78407],[80.46372,7.78366],[80.46377,7.78339],[80.46363,7.78272],[80.46362,7.78211],[80.46352,7.78166],[80.46311,7.78067],[80.46278,7.78031],[80.4626,7.77998],[80.46261,7.77956],[80.46277,7.77937],[80.46275,7.77908],[80.46259,7.7787],[80.46229,7.77856],[80.46213,7.77841],[80.46193,7.77813],[80.46187,7.77769],[80.46172,7.77747],[80.46151,7.7774],[80.46139,7.77748],[80.46072,7.77881],[80.46043,7.77896],[80.46006,7.77896],[80.45984,7.77892],[80.45962,7.77879],[80.45895,7.77778],[80.45868,7.77718],[80.45852,7.7766],[80.45798,7.77553],[80.45746,7.77481],[80.45731,7.77417],[80.45723,7.77354],[80.45705,7.77324],[80.45682,7.77306],[80.45649,7.77306],[80.45608,7.77339],[80.45593,7.77346],[80.45579,7.77346],[80.45557,7.77341],[80.45547,7.77326],[80.45512,7.77294],[80.45472,7.77274],[80.45419,7.77276],[80.45391,7.77288],[80.4537,7.77304],[80.45333,7.77354],[80.45303,7.77419],[80.45257,7.77493],[80.4525,7.7753],[80.45243,7.77524],[80.45234,7.77526],[80.45213,7.77544],[80.45219,7.77559],[80.45226,7.77553],[80.45226,7.77566],[80.4522,7.77572],[80.45225,7.7759],[80.45208,7.77636],[80.45207,7.77671],[80.45216,7.77711],[80.4526,7.77837],[80.45247,7.77874],[80.45255,7.77917],[80.45234,7.77928],[80.45224,7.77938],[80.45229,7.77975],[80.45164,7.78358],[80.45168,7.78592],[80.44932,7.78792],[80.44863,7.79],[80.44711,7.79147],[80.44593,7.79113],[80.44554,7.78983],[80.44458,7.78981],[80.44408,7.78541],[80.44333,7.78594],[80.44368,7.78858],[80.44361,7.79077],[80.44329,7.79217],[80.44295,7.79583],[80.44307,7.80012],[80.44226,7.80084],[80.44217,7.80143]]]}},{"type":"Feature","properties":{"c":"forest"},"geometry":{"type":"Polygon","coordinates":[[[80.44217,7.80143],[80.44321,7.80158],[80.44312,7.80265],[80.44329,7.80329],[80.44318,7.80673],[80.44374,7.80803],[80.44534,7.80797],[80.44563,7.80778],[80.44594,7.80774],[80.44635,7.8076],[80.4465,7.80745],[80.44655,7.80727],[80.44716,7.80725],[80.44711,7.80666],[80.44649,7.80669],[80.44659,7.80571],[80.44601,7.80288],[80.44606,7.7994],[80.44613,7.79912],[80.44633,7.79895],[80.44669,7.79888],[80.44674,7.79869],[80.44818,7.79782],[80.44932,7.79852],[80.4491,7.79984],[80.44825,7.80035],[80.44803,7.80295],[80.44928,7.80354],[80.44878,7.80522],[80.44805,7.80728],[80.44985,7.80834],[80.45063,7.80718],[80.45058,7.80558],[80.45127,7.80603],[80.45109,7.80751],[80.45104,7.80751],[80.45101,7.80818],[80.45144,7.81034],[80.45159,7.81313],[80.45119,7.81487],[80.44923,7.81458],[80.44812,7.80918],[80.44546,7.80877],[80.44479,7.81122],[80.44522,7.81298],[80.44614,7.8147],[80.44642,7.81664],[80.44709,7.818],[80.44741,7.81936],[80.44921,7.82156],[80.45056,7.82213],[80.45076,7.82198],[80.44977,7.82056],[80.4512,7.82019],[80.45215,7.81904],[80.45135,7.81798],[80.45179,7.81661],[80.45254,7.81638],[80.4535,7.81662],[80.45454,7.8173],[80.45341,7.8178],[80.45321,7.81975],[80.4524,7.81974],[80.45251,7.82064],[80.45331,7.82142],[80.45296,7.82213],[80.45168,7.82192],[80.45151,7.82044],[80.45112,7.8207],[80.451,7.82214],[80.45087,7.82297],[80.45196,7.82331],[80.45285,7.82385],[80.45311,7.82464],[80.45493,7.82559],[80.45602,7.82553],[80.4571,7.82619],[80.45705,7.82731],[80.45757,7.8275],[80.45764,7.82827],[80.45742,7.82837],[80.45756,7.82976],[80.45599,7.82915],[80.4557,7.8301],[80.45548,7.8312],[80.45745,7.83377],[80.45943,7.83409],[80.46065,7.83143],[80.46322,7.83026],[80.46509,7.83031],[80.46593,7.82997],[80.46599,7.82816],[80.46683,7.82529],[80.46786,7.82455],[80.4694,7.82625],[80.47146,7.8235],[80.47269,7.82202],[80.47245,7.82129],[80.47281,7.82038],[80.47378,7.8208],[80.47387,7.81972],[80.47266,7.81953],[80.47303,7.81851],[80.47397,7.81849],[80.47404,7.81776],[80.47243,7.81713],[80.47131,7.81785],[80.47131,7.81711],[80.47052,7.81621],[80.46921,7.81659],[80.46968,7.81492],[80.4723,7.81421],[80.47578,7.81222],[80.47477,7.81064],[80.47202,7.80932],[80.47174,7.80981],[80.46951,7.80973],[80.46889,7.81049],[80.46762,7.80932],[80.46597,7.80722],[80.46322,7.80581],[80.46308,7.80541],[80.4624,7.8051],[80.46222,7.80492],[80.46205,7.80364],[80.46178,7.80359],[80.46061,7.80492],[80.46037,7.80403],[80.45801,7.80244],[80.45707,7.80218],[80.45835,7.80082],[80.45922,7.79908],[80.45899,7.79885],[80.45832,7.79905],[80.4572,7.79947],[80.45625,7.79563],[80.45567,7.78919],[80.45516,7.78843],[80.45524,7.78711],[80.45359,7.78694],[80.45425,7.78534],[80.45567,7.78556],[80.45775,7.78428],[80.459,7.78466],[80.4591,7.78568],[80.46084,7.78554],[80.46161,7.78476],[80.46235,7.7848],[80.46317,7.78492],[80.46314,7.78459],[80.46352,7.78407],[80.46372,7.78366],[80.46377,7.78339],[80.46363,7.78272],[80.46362,7.78211],[80.46352,7.78166],[80.46311,7.78067],[80.46278,7.78031],[80.4626,7.77998],[80.46261,7.77956],[80.46277,7.77937],[80.46275,7.77908],[80.46259,7.7787],[80.46229,7.77856],[80.46213,7.77841],[80.46193,7.77813],[80.46187,7.77769],[80.46172,7.77747],[80.46151,7.7774],[80.46139,7.77748],[80.46072,7.77881],[80.46043,7.77896],[80.46006,7.77896],[80.45984,7.77892],[80.45962,7.77879],[80.45895,7.77778],[80.45868,7.77718],[80.45852,7.7766],[80.45798,7.77553],[80.45746,7.77481],[80.45731,7.77417],[80.45723,7.77354],[80.45705,7.77324],[80.45682,7.77306],[80.45649,7.77306],[80.45608,7.77339],[80.45593,7.77346],[80.45579,7.77346],[80.45557,7.77341],[80.45547,7.77326],[80.45512,7.77294],[80.45472,7.77274],[80.45419,7.77276],[80.45391,7.77288],[80.4537,7.77304],[80.45333,7.77354],[80.45303,7.77419],[80.45257,7.77493],[80.4525,7.7753],[80.45243,7.77524],[80.45234,7.77526],[80.45213,7.77544],[80.45219,7.77559],[80.45226,7.77553],[80.45226,7.77566],[80.4522,7.77572],[80.45225,7.7759],[80.45208,7.77636],[80.45207,7.77671],[80.45216,7.77711],[80.4526,7.77837],[80.45247,7.77874],[80.45255,7.77917],[80.45234,7.77928],[80.45224,7.77938],[80.45229,7.77975],[80.45164,7.78358],[80.45168,7.78592],[80.44932,7.78792],[80.44863,7.79],[80.44711,7.79147],[80.44593,7.79113],[80.44554,7.78983],[80.44458,7.78981],[80.44408,7.78541],[80.44333,7.78594],[80.44368,7.78858],[80.44361,7.79077],[80.44329,7.79217],[80.44295,7.79583],[80.44307,7.80012],[80.44226,7.80084],[80.44217,7.80143]]]}},{"type":"Feature","properties":{"c":"farmland","n":"Maeliya Mahawewa Irrigable Area"},"geometry":{"type":"Polygon","coordinates":[[[80.41893,7.74376],[80.41894,7.74408],[80.41901,7.74422],[80.41957,7.74437],[80.41955,7.74504],[80.42009,7.74496],[80.42018,7.74513],[80.42035,7.74518],[80.42061,7.74397],[80.42074,7.74308],[80.42043,7.74304],[80.42039,7.74353],[80.42005,7.74353],[80.42,7.74362],[80.41994,7.74352],[80.41982,7.7435],[80.41965,7.74361],[80.41948,7.74313],[80.41918,7.74341],[80.41893,7.74376]]]}},{"type":"Feature","properties":{"c":"farmland","n":"Maeliya Mahawewa Irrigable Area"},"geometry":{"type":"Polygon","coordinates":[[[80.41939,7.74559],[80.41982,7.74558],[80.41997,7.74526],[80.41949,7.7453],[80.41946,7.74539],[80.41954,7.74547],[80.41939,7.74559]]]}},{"type":"Feature","properties":{"c":"farmland","n":"Mahawewa Maeliya Irrigable Area"},"geometry":{"type":"Polygon","coordinates":[[[80.40756,7.73863],[80.40761,7.73919],[80.40853,7.73951],[80.40868,7.73985],[80.40887,7.74004],[80.40914,7.74014],[80.40927,7.74038],[80.4088,7.74156],[80.40943,7.74211],[80.41024,7.7425],[80.41103,7.74247],[80.41177,7.74252],[80.41199,7.74287],[80.41249,7.74319],[80.41237,7.74347],[80.4126,7.74362],[80.41273,7.74341],[80.41295,7.74355],[80.41302,7.74367],[80.41359,7.74397],[80.41407,7.7441],[80.41423,7.7441],[80.41448,7.74422],[80.41436,7.74454],[80.41475,7.74467],[80.41481,7.7446],[80.41508,7.74455],[80.41549,7.74476],[80.4156,7.74469],[80.41566,7.74485],[80.41597,7.74501],[80.41588,7.74528],[80.41589,7.74546],[80.41624,7.74576],[80.41632,7.74614],[80.41659,7.74665],[80.41725,7.74668],[80.41758,7.74674],[80.41767,7.74645],[80.4175,7.74641],[80.41729,7.74626],[80.41718,7.74626],[80.41713,7.74622],[80.41715,7.74614],[80.4172,7.74605],[80.41738,7.74607],[80.41776,7.74628],[80.41786,7.746],[80.418,7.74605],[80.41811,7.74566],[80.41799,7.74565],[80.41775,7.74548],[80.4178,7.74531],[80.41775,7.7451],[80.41785,7.74479],[80.4178,7.74456],[80.41756,7.74446],[80.41754,7.74412],[80.41767,7.74391],[80.41784,7.74378],[80.41801,7.74377],[80.41838,7.74342],[80.41874,7.7433],[80.41882,7.74132],[80.41924,7.74133],[80.41943,7.74181],[80.41965,7.74168],[80.41972,7.74172],[80.41979,7.74169],[80.41977,7.74162],[80.41983,7.74139],[80.41995,7.74116],[80.42002,7.74124],[80.42002,7.74133],[80.41996,7.74156],[80.42006,7.7416],[80.42017,7.74187],[80.42058,7.74209],[80.42076,7.74231],[80.42088,7.74261],[80.42098,7.74273],[80.42108,7.74274],[80.42113,7.74219],[80.42142,7.74217],[80.42154,7.74205],[80.42166,7.74204],[80.4218,7.74186],[80.42169,7.74177],[80.4217,7.74165],[80.42182,7.74171],[80.42189,7.74159],[80.4219,7.74147],[80.42183,7.74139],[80.42194,7.7413],[80.42199,7.74136],[80.42202,7.74122],[80.42213,7.74113],[80.42237,7.74112],[80.42236,7.74023],[80.42227,7.74015],[80.42221,7.74025],[80.42207,7.74032],[80.4218,7.74063],[80.42135,7.74075],[80.42126,7.74072],[80.42118,7.74056],[80.42121,7.74037],[80.42112,7.74029],[80.42091,7.74024],[80.42049,7.74034],[80.42032,7.74028],[80.42,7.74101],[80.41986,7.74104],[80.41971,7.74098],[80.41955,7.74063],[80.41902,7.74051],[80.41884,7.74023],[80.41868,7.74018],[80.4186,7.74002],[80.41796,7.73995],[80.41785,7.74004],[80.41731,7.74012],[80.41735,7.74037],[80.41704,7.74064],[80.41682,7.74066],[80.41667,7.74061],[80.41662,7.74052],[80.41646,7.74039],[80.41621,7.74033],[80.41579,7.74032],[80.41574,7.74063],[80.4156,7.74096],[80.41563,7.74137],[80.41549,7.74124],[80.41524,7.7408],[80.41494,7.74075],[80.41475,7.74053],[80.41467,7.74034],[80.41474,7.73995],[80.41457,7.73961],[80.41429,7.73935],[80.41436,7.73914],[80.41434,7.73898],[80.41409,7.7387],[80.41409,7.73858],[80.41383,7.73823],[80.41363,7.73815],[80.41352,7.73852],[80.41309,7.73846],[80.41304,7.73854],[80.41237,7.73868],[80.41235,7.73852],[80.41193,7.73846],[80.41179,7.73854],[80.41169,7.73886],[80.41106,7.73874],[80.41028,7.73848],[80.40939,7.73814],[80.40887,7.73789],[80.40844,7.73759],[80.40784,7.73749],[80.40767,7.73785],[80.40756,7.73863]]]}},{"type":"Feature","properties":{"c":"farmland"},"geometry":{"type":"Polygon","coordinates":[[[80.44232,7.7563],[80.44236,7.75684],[80.44278,7.75679],[80.44317,7.75686],[80.44322,7.75694],[80.44322,7.75712],[80.44316,7.75752],[80.44324,7.75761],[80.44338,7.75766],[80.44348,7.75762],[80.44354,7.75723],[80.44376,7.75727],[80.44379,7.75735],[80.44379,7.7577],[80.44368,7.75807],[80.44386,7.75818],[80.4439,7.75833],[80.44373,7.7587],[80.44391,7.75883],[80.44385,7.75894],[80.44373,7.75892],[80.44358,7.75923],[80.44355,7.75953],[80.44329,7.76017],[80.44346,7.76021],[80.44385,7.75966],[80.44428,7.75946],[80.44459,7.75952],[80.44475,7.75908],[80.44483,7.75861],[80.44499,7.7582],[80.445,7.75803],[80.44525,7.75801],[80.44554,7.75789],[80.44561,7.75761],[80.44559,7.75715],[80.44542,7.7569],[80.44512,7.75684],[80.44509,7.75642],[80.4449,7.75636],[80.44484,7.75567],[80.44475,7.75552],[80.4446,7.75499],[80.44403,7.75512],[80.44373,7.75513],[80.44333,7.75501],[80.4434,7.75519],[80.44351,7.75521],[80.4435,7.75534],[80.44321,7.7558],[80.44303,7.75572],[80.44296,7.75581],[80.44286,7.75577],[80.4425,7.75622],[80.44232,7.7563]]]}},{"type":"Feature","properties":{"c":"farmland"},"geometry":{"type":"Polygon","coordinates":[[[80.42573,7.78457],[80.42644,7.78505],[80.42634,7.78519],[80.42686,7.78571],[80.42703,7.78582],[80.4271,7.78569],[80.42703,7.78522],[80.42726,7.78527],[80.42738,7.78512],[80.42764,7.78519],[80.42782,7.785],[80.42786,7.78478],[80.42797,7.78455],[80.42792,7.7845],[80.42799,7.78437],[80.42798,7.78421],[80.42833,7.78431],[80.42859,7.78446],[80.4288,7.78441],[80.42885,7.78447],[80.42913,7.78446],[80.42938,7.78441],[80.4294,7.7843],[80.42975,7.78424],[80.42984,7.78414],[80.43007,7.7844],[80.43012,7.78434],[80.43009,7.78426],[80.43038,7.78406],[80.4305,7.7839],[80.43045,7.78378],[80.43047,7.78352],[80.43057,7.78355],[80.43058,7.78339],[80.43046,7.78336],[80.43054,7.78299],[80.43095,7.78282],[80.43095,7.78264],[80.43087,7.78251],[80.43078,7.78253],[80.43103,7.7817],[80.4309,7.78171],[80.43094,7.7816],[80.43104,7.78158],[80.43111,7.78145],[80.43126,7.78157],[80.43138,7.78128],[80.4315,7.78122],[80.43154,7.78094],[80.43171,7.78075],[80.43185,7.78036],[80.43146,7.7801],[80.43163,7.7797],[80.43161,7.77966],[80.43171,7.77947],[80.43185,7.77945],[80.43198,7.779],[80.43195,7.77885],[80.43208,7.77885],[80.43262,7.77775],[80.43293,7.77783],[80.43311,7.77773],[80.43315,7.7776],[80.4333,7.77768],[80.43363,7.77839],[80.4339,7.77835],[80.43484,7.77845],[80.43493,7.77838],[80.43495,7.77826],[80.43525,7.77824],[80.43526,7.77797],[80.43539,7.77787],[80.4353,7.77779],[80.43524,7.77765],[80.43536,7.77751],[80.43537,7.7773],[80.43527,7.77732],[80.43519,7.77721],[80.43509,7.77723],[80.43483,7.77663],[80.43532,7.77663],[80.43536,7.7764],[80.43531,7.77626],[80.43502,7.7762],[80.43507,7.77589],[80.43501,7.77587],[80.4351,7.77565],[80.43544,7.77585],[80.43553,7.77569],[80.43569,7.77576],[80.43546,7.77596],[80.43558,7.77598],[80.4359,7.7758],[80.43602,7.77536],[80.43633,7.77534],[80.43641,7.77495],[80.4363,7.77486],[80.43643,7.77478],[80.43645,7.77466],[80.43627,7.77459],[80.4364,7.77424],[80.43655,7.77425],[80.43658,7.77402],[80.43654,7.77383],[80.43635,7.77381],[80.43625,7.77388],[80.43622,7.7736],[80.43628,7.77346],[80.43621,7.77343],[80.43623,7.77322],[80.43629,7.77309],[80.43648,7.77359],[80.43659,7.77377],[80.43666,7.77368],[80.43677,7.7737],[80.43683,7.77382],[80.43691,7.77383],[80.43694,7.77378],[80.43731,7.7738],[80.43737,7.77369],[80.43752,7.77365],[80.43752,7.77348],[80.43772,7.77362],[80.43766,7.77377],[80.43783,7.7738],[80.43805,7.77358],[80.43827,7.77353],[80.43817,7.77382],[80.43866,7.77394],[80.43873,7.77375],[80.43895,7.77376],[80.43919,7.77345],[80.43916,7.77311],[80.43892,7.77304],[80.4389,7.77286],[80.43873,7.77285],[80.43875,7.77246],[80.43862,7.77238],[80.4385,7.7724],[80.43854,7.77246],[80.43842,7.77308],[80.43818,7.77283],[80.438,7.77275],[80.43783,7.77269],[80.43751,7.7727],[80.43749,7.77248],[80.43736,7.77232],[80.43719,7.77223],[80.43782,7.77167],[80.43795,7.77136],[80.43798,7.77112],[80.43783,7.771],[80.43739,7.77088],[80.43718,7.77088],[80.43699,7.77101],[80.43681,7.77103],[80.43671,7.7712],[80.4365,7.77126],[80.43614,7.77126],[80.43569,7.77135],[80.43566,7.77109],[80.4352,7.77117],[80.43506,7.77128],[80.43499,7.7716],[80.43482,7.77161],[80.43449,7.77175],[80.43421,7.77225],[80.43385,7.77253],[80.43385,7.77271],[80.43406,7.77273],[80.43404,7.77331],[80.43396,7.77375],[80.43379,7.77374],[80.43374,7.77448],[80.43366,7.77454],[80.43352,7.77485],[80.43348,7.77514],[80.43328,7.77499],[80.43335,7.77425],[80.43256,7.77392],[80.43228,7.77388],[80.43204,7.77468],[80.43197,7.77511],[80.43189,7.77513],[80.43184,7.77534],[80.43171,7.77547],[80.43174,7.77557],[80.43138,7.7764],[80.43131,7.77685],[80.4311,7.77752],[80.43113,7.77772],[80.43108,7.77794],[80.43102,7.77796],[80.43097,7.77816],[80.43163,7.77827],[80.43154,7.77876],[80.43088,7.77867],[80.43082,7.77889],[80.43092,7.779],[80.43088,7.77908],[80.43073,7.77914],[80.4306,7.77929],[80.43038,7.7798],[80.43012,7.7799],[80.43017,7.78005],[80.43003,7.78025],[80.43014,7.78046],[80.42997,7.7805],[80.42976,7.78073],[80.4298,7.781],[80.42991,7.78125],[80.42987,7.78133],[80.42952,7.7817],[80.42938,7.78204],[80.42925,7.78215],[80.4291,7.7822],[80.429,7.78217],[80.42878,7.78185],[80.42859,7.7818],[80.42873,7.78169],[80.42883,7.78133],[80.42878,7.78124],[80.42886,7.78125],[80.42892,7.78113],[80.42917,7.78112],[80.42925,7.78116],[80.42955,7.78082],[80.42965,7.78012],[80.4298,7.7796],[80.42969,7.77931],[80.4296,7.77921],[80.42932,7.77934],[80.42912,7.77949],[80.4291,7.7797],[80.42875,7.78039],[80.42848,7.78065],[80.42838,7.78067],[80.42835,7.78074],[80.42844,7.78079],[80.42837,7.78095],[80.42829,7.78094],[80.42813,7.78109],[80.42814,7.78081],[80.42809,7.78081],[80.42798,7.78109],[80.42783,7.78116],[80.42777,7.78146],[80.42751,7.78149],[80.42788,7.78035],[80.42844,7.77935],[80.42816,7.77914],[80.42765,7.77954],[80.4278,7.77981],[80.42768,7.78011],[80.42752,7.78023],[80.42721,7.77987],[80.4268,7.78019],[80.42634,7.78067],[80.42662,7.78126],[80.42666,7.78159],[80.42679,7.78177],[80.42689,7.78174],[80.42687,7.78201],[80.42721,7.78201],[80.42734,7.78172],[80.42748,7.78166],[80.42759,7.78175],[80.42758,7.78193],[80.42763,7.78202],[80.42736,7.78225],[80.42725,7.78246],[80.42683,7.78285],[80.42701,7.78296],[80.42698,7.78303],[80.42686,7.783],[80.42688,7.78317],[80.42709,7.78323],[80.4272,7.78314],[80.42723,7.78323],[80.42701,7.7837],[80.42649,7.78393],[80.42639,7.78383],[80.42624,7.78391],[80.4261,7.78416],[80.42581,7.78432],[80.42589,7.78439],[80.42573,7.78457]],[[80.42844,7.78339],[80.42849,7.78311],[80.42859,7.78293],[80.42874,7.78282],[80.42905,7.78288],[80.42906,7.78321],[80.42894,7.78343],[80.42847,7.78366],[80.42844,7.78339]],[[80.43062,7.78036],[80.43115,7.78038],[80.43119,7.78052],[80.43138,7.78061],[80.43133,7.78078],[80.4314,7.78088],[80.43124,7.78091],[80.43126,7.7808],[80.43122,7.78077],[80.43111,7.7808],[80.43111,7.78075],[80.43101,7.7808],[80.43092,7.78074],[80.43073,7.78074],[80.43062,7.78036]],[[80.43248,7.7767],[80.43265,7.7764],[80.4326,7.77594],[80.43265,7.77587],[80.43265,7.77549],[80.43275,7.77509],[80.4331,7.77557],[80.43324,7.77563],[80.43334,7.77535],[80.43345,7.77543],[80.4333,7.77594],[80.43355,7.776],[80.43353,7.77612],[80.4336,7.77632],[80.43354,7.77638],[80.43363,7.7766],[80.43378,7.77672],[80.43404,7.77677],[80.43434,7.77661],[80.43442,7.77668],[80.43398,7.7769],[80.43383,7.7769],[80.43371,7.77707],[80.43356,7.77716],[80.43343,7.77715],[80.43333,7.77722],[80.43335,7.77764],[80.43314,7.77757],[80.43316,7.77728],[80.43355,7.77695],[80.43357,7.77689],[80.4335,7.77663],[80.43342,7.77652],[80.43332,7.77654],[80.43321,7.7767],[80.43306,7.77711],[80.43306,7.77746],[80.43291,7.77781],[80.43267,7.77775],[80.43267,7.77763],[80.43283,7.77684],[80.43303,7.77638],[80.43297,7.77633],[80.43284,7.77642],[80.43263,7.7768],[80.43248,7.7767]]]}},{"type":"Feature","properties":{"c":"farmland"},"geometry":{"type":"Polygon","coordinates":[[[80.43258,7.7722],[80.43264,7.77219],[80.43335,7.77143],[80.43367,7.77022],[80.43374,7.77005],[80.43387,7.76997],[80.43396,7.77],[80.43452,7.76982],[80.43466,7.76972],[80.4349,7.7698],[80.43459,7.7708],[80.43458,7.77112],[80.43587,7.77088],[80.4357,7.77036],[80.43585,7.77017],[80.43603,7.7698],[80.43598,7.76961],[80.43612,7.76909],[80.43614,7.7688],[80.43621,7.76877],[80.43632,7.76847],[80.43699,7.76869],[80.43657,7.76837],[80.43674,7.76823],[80.43695,7.76795],[80.43711,7.76762],[80.43726,7.76755],[80.43738,7.76739],[80.43782,7.7671],[80.43798,7.76693],[80.43831,7.76695],[80.43844,7.76708],[80.43809,7.76769],[80.43806,7.76809],[80.438,7.76816],[80.4378,7.76895],[80.43766,7.7692],[80.43771,7.76923],[80.43738,7.77006],[80.43713,7.77053],[80.4371,7.77076],[80.43768,7.77066],[80.4377,7.77046],[80.43802,7.77046],[80.43806,7.77067],[80.43816,7.77066],[80.43818,7.77055],[80.43838,7.77051],[80.43838,7.76998],[80.43823,7.76997],[80.43828,7.76964],[80.4385,7.76961],[80.43853,7.76953],[80.43866,7.76953],[80.4387,7.76975],[80.43845,7.7699],[80.43943,7.76993],[80.43951,7.76991],[80.43944,7.76981],[80.43951,7.76964],[80.43984,7.76972],[80.44007,7.76957],[80.44021,7.76975],[80.44043,7.76955],[80.44059,7.76965],[80.44057,7.76973],[80.44064,7.76979],[80.44056,7.76991],[80.4407,7.76994],[80.44101,7.76959],[80.44113,7.76963],[80.44119,7.76973],[80.44129,7.77015],[80.44222,7.76993],[80.44217,7.76984],[80.44228,7.76972],[80.4426,7.76961],[80.44264,7.76954],[80.44262,7.76948],[80.44282,7.76944],[80.44291,7.76961],[80.44352,7.7693],[80.4435,7.76926],[80.44372,7.76912],[80.44385,7.76881],[80.44327,7.76823],[80.44342,7.76802],[80.44295,7.76753],[80.44331,7.76736],[80.44489,7.76701],[80.44493,7.76673],[80.44489,7.76669],[80.4449,7.76655],[80.44503,7.76644],[80.44513,7.76645],[80.44518,7.76652],[80.44532,7.76642],[80.44526,7.76614],[80.44508,7.76617],[80.44502,7.76612],[80.44512,7.76598],[80.44521,7.76596],[80.44515,7.76567],[80.44509,7.76557],[80.44479,7.76551],[80.44473,7.76515],[80.44455,7.76509],[80.44473,7.76458],[80.44434,7.76366],[80.44413,7.76349],[80.44248,7.76308],[80.44235,7.76311],[80.4425,7.76335],[80.44256,7.76373],[80.4424,7.76473],[80.4418,7.76561],[80.44164,7.76619],[80.44141,7.76658],[80.44077,7.76643],[80.43955,7.76653],[80.43938,7.76643],[80.43957,7.76607],[80.44003,7.76461],[80.44031,7.76457],[80.44012,7.76432],[80.44004,7.7641],[80.43989,7.76402],[80.43928,7.76399],[80.43882,7.76389],[80.43834,7.76388],[80.43796,7.76395],[80.43784,7.76423],[80.43792,7.76427],[80.43786,7.76446],[80.43763,7.76445],[80.43751,7.76473],[80.43782,7.76473],[80.43776,7.7655],[80.43701,7.76541],[80.43699,7.76567],[80.43766,7.76584],[80.43745,7.7664],[80.43736,7.76623],[80.43682,7.76616],[80.4367,7.76646],[80.43629,7.76647],[80.43589,7.76639],[80.43558,7.76667],[80.43529,7.76686],[80.43494,7.76701],[80.43458,7.76707],[80.43343,7.76708],[80.43327,7.76712],[80.4331,7.76727],[80.43295,7.768],[80.43294,7.76929],[80.43312,7.7701],[80.43314,7.77046],[80.43307,7.77098],[80.43301,7.77124],[80.4327,7.77183],[80.43258,7.7722]]]}},{"type":"Feature","properties":{"c":"farmland"},"geometry":{"type":"Polygon","coordinates":[[[80.43752,7.76277],[80.43767,7.76291],[80.43768,7.7623],[80.4379,7.76161],[80.43813,7.76125],[80.43849,7.76086],[80.43942,7.76018],[80.4397,7.76003],[80.44017,7.75889],[80.44037,7.75807],[80.44048,7.7578],[80.44055,7.75774],[80.44068,7.75773],[80.44109,7.75793],[80.44148,7.75802],[80.44156,7.75794],[80.44136,7.75779],[80.44165,7.75718],[80.44161,7.75691],[80.44129,7.75687],[80.44081,7.75703],[80.44027,7.75704],[80.4401,7.75754],[80.44005,7.7578],[80.44007,7.75793],[80.43988,7.75814],[80.43993,7.75826],[80.4399,7.75852],[80.43906,7.75834],[80.43906,7.75847],[80.43919,7.75852],[80.4392,7.75868],[80.43929,7.75871],[80.43927,7.75906],[80.43951,7.75923],[80.43913,7.7591],[80.43897,7.75923],[80.4389,7.75918],[80.43882,7.75929],[80.43875,7.75924],[80.43865,7.7595],[80.43842,7.75941],[80.4384,7.75967],[80.43886,7.75985],[80.43858,7.76028],[80.43837,7.76019],[80.43829,7.76062],[80.438,7.76096],[80.43791,7.76129],[80.43762,7.76183],[80.43752,7.76277]]]}},{"type":"Feature","properties":{"c":"farmland","n":"Dambagamuwa Mahagalwe Wewa Irrigable Area"},"geometry":{"type":"Polygon","coordinates":[[[80.46209,7.74574],[80.46225,7.74575],[80.46233,7.74593],[80.4625,7.74601],[80.46239,7.74624],[80.4626,7.74645],[80.46251,7.74652],[80.46273,7.74674],[80.46274,7.74696],[80.46296,7.7472],[80.46286,7.74725],[80.4626,7.74725],[80.4625,7.74742],[80.46251,7.74753],[80.46274,7.74758],[80.46284,7.74772],[80.46297,7.74845],[80.46322,7.7486],[80.46336,7.74859],[80.46336,7.74875],[80.46368,7.74956],[80.46384,7.74951],[80.46426,7.74976],[80.46419,7.74995],[80.46436,7.75023],[80.46479,7.75089],[80.46508,7.75114],[80.46503,7.75089],[80.46508,7.75073],[80.46499,7.75055],[80.46492,7.75048],[80.46487,7.7505],[80.46467,7.75018],[80.46489,7.75009],[80.46524,7.75015],[80.46531,7.74988],[80.46519,7.74983],[80.46473,7.74989],[80.46461,7.74982],[80.46466,7.74977],[80.4646,7.74971],[80.46455,7.74973],[80.46436,7.7493],[80.46435,7.74918],[80.46452,7.74906],[80.46426,7.74886],[80.46416,7.74859],[80.4641,7.74854],[80.46391,7.7486],[80.46373,7.74828],[80.46363,7.74837],[80.46365,7.74801],[80.46356,7.74766],[80.46379,7.74759],[80.46371,7.74707],[80.46344,7.74711],[80.46321,7.747],[80.46304,7.74653],[80.46309,7.74615],[80.46289,7.74591],[80.46266,7.74584],[80.46263,7.74571],[80.4627,7.74564],[80.46249,7.74547],[80.46209,7.74574]]]}},{"type":"Feature","properties":{"c":"farmland","n":"Dambagamuwa Ihala Wewa Irrigable Area"},"geometry":{"type":"Polygon","coordinates":[[[80.46099,7.74597],[80.46103,7.74605],[80.46108,7.74606],[80.46109,7.74626],[80.4612,7.74636],[80.46172,7.74648],[80.46196,7.74631],[80.46184,7.74608],[80.46171,7.74601],[80.46157,7.74584],[80.46149,7.74583],[80.46127,7.74593],[80.4612,7.74604],[80.46099,7.74597]]]}},{"type":"Feature","properties":{"c":"farmland","n":"Kattamberiya Wewa and Nikawahara Wewa Irrigable Area"},"geometry":{"type":"Polygon","coordinates":[[[80.46555,7.74841],[80.46558,7.74884],[80.46588,7.74886],[80.46601,7.74906],[80.46622,7.74912],[80.46618,7.74897],[80.46643,7.74893],[80.46654,7.749],[80.46671,7.74893],[80.46661,7.74934],[80.46638,7.74942],[80.4664,7.74958],[80.46634,7.75],[80.46661,7.75004],[80.46664,7.74993],[80.46701,7.74987],[80.467,7.75007],[80.46741,7.75021],[80.46729,7.7505],[80.46732,7.75092],[80.46722,7.75124],[80.46739,7.75125],[80.46753,7.75103],[80.46761,7.751],[80.46776,7.75102],[80.46784,7.75111],[80.46785,7.75178],[80.46781,7.75207],[80.46767,7.75247],[80.46799,7.75249],[80.46822,7.75238],[80.46865,7.75208],[80.46859,7.75137],[80.46853,7.7511],[80.46842,7.75091],[80.46859,7.75088],[80.46879,7.75099],[80.46895,7.75094],[80.46903,7.75085],[80.46908,7.75086],[80.46919,7.75106],[80.46939,7.75111],[80.46945,7.75099],[80.46951,7.75101],[80.46956,7.75107],[80.46952,7.75128],[80.46962,7.75124],[80.46964,7.75105],[80.47011,7.75099],[80.47007,7.75074],[80.47035,7.75066],[80.47044,7.75042],[80.4703,7.75037],[80.47033,7.74979],[80.47009,7.74975],[80.47004,7.74993],[80.46982,7.74998],[80.46976,7.74995],[80.46945,7.74998],[80.46924,7.75009],[80.46912,7.75022],[80.46895,7.75007],[80.46872,7.75001],[80.46866,7.75004],[80.46797,7.74982],[80.46788,7.74973],[80.46802,7.74913],[80.46795,7.74879],[80.46815,7.74876],[80.46826,7.74909],[80.46876,7.74886],[80.46906,7.74886],[80.46922,7.74892],[80.46921,7.74904],[80.4693,7.74907],[80.4698,7.74893],[80.46986,7.74859],[80.46969,7.74796],[80.46959,7.74796],[80.46947,7.74777],[80.4695,7.74688],[80.47016,7.74684],[80.47066,7.74675],[80.47096,7.74679],[80.47139,7.74698],[80.4717,7.74704],[80.47202,7.74681],[80.47243,7.74676],[80.47268,7.74684],[80.47272,7.74678],[80.47225,7.74537],[80.47197,7.74544],[80.47172,7.74534],[80.47125,7.74528],[80.47105,7.74538],[80.47061,7.74543],[80.47054,7.74514],[80.47076,7.74501],[80.47078,7.74486],[80.47073,7.74479],[80.47057,7.74483],[80.47063,7.74438],[80.47062,7.74387],[80.47051,7.74371],[80.47043,7.74369],[80.47044,7.74358],[80.47087,7.74341],[80.47103,7.74329],[80.47099,7.74316],[80.47073,7.74331],[80.47071,7.74294],[80.47043,7.74308],[80.47038,7.74297],[80.47034,7.74249],[80.47044,7.74173],[80.47007,7.74158],[80.46952,7.7415],[80.46944,7.74195],[80.46937,7.74194],[80.46936,7.742],[80.46941,7.74213],[80.46941,7.74237],[80.46925,7.74244],[80.46921,7.74259],[80.46926,7.74268],[80.4692,7.74296],[80.46928,7.74314],[80.46922,7.74337],[80.46926,7.7437],[80.46875,7.74372],[80.46871,7.74412],[80.46915,7.74418],[80.46936,7.74416],[80.4695,7.74429],[80.46953,7.74444],[80.46962,7.74456],[80.46949,7.74479],[80.46947,7.74508],[80.46941,7.74515],[80.46938,7.74545],[80.46913,7.74542],[80.46826,7.74638],[80.46836,7.74672],[80.46828,7.74746],[80.46837,7.74768],[80.46799,7.74815],[80.4679,7.74801],[80.46777,7.74727],[80.4675,7.74739],[80.4674,7.74768],[80.46734,7.74812],[80.46717,7.74806],[80.46648,7.74803],[80.46617,7.74807],[80.46606,7.74819],[80.466,7.74808],[80.46586,7.74813],[80.46592,7.74833],[80.46555,7.74841]]]}},{"type":"Feature","properties":{"c":"farmland","n":"Dambagamuwa Lande Wewa Irrigable Area"},"geometry":{"type":"Polygon","coordinates":[[[80.4647,7.74335],[80.4648,7.7438],[80.46499,7.74417],[80.46502,7.7443],[80.46489,7.74479],[80.46586,7.74534],[80.46646,7.74562],[80.46655,7.74574],[80.46655,7.74611],[80.46679,7.74613],[80.4668,7.74635],[80.46687,7.74636],[80.46673,7.74667],[80.46671,7.74686],[80.46727,7.7469],[80.46762,7.74674],[80.46769,7.74665],[80.4678,7.74633],[80.46804,7.746],[80.46785,7.74525],[80.46775,7.74505],[80.46742,7.74509],[80.46732,7.74478],[80.46719,7.74458],[80.46725,7.74452],[80.46761,7.74444],[80.4672,7.74376],[80.46702,7.7436],[80.46686,7.74359],[80.46695,7.74388],[80.46706,7.744],[80.46688,7.74403],[80.46671,7.74368],[80.46668,7.74322],[80.46656,7.7429],[80.46578,7.74302],[80.46583,7.74313],[80.46624,7.74312],[80.4663,7.74346],[80.46652,7.7439],[80.46646,7.74398],[80.46603,7.7441],[80.46592,7.74387],[80.46583,7.74391],[80.46568,7.7437],[80.46539,7.7435],[80.46553,7.7433],[80.46552,7.7432],[80.46536,7.74316],[80.4647,7.74335]]]}},{"type":"Feature","properties":{"c":"farmland","n":"Dambagamuwa Ihala Wewa Irrigable Area"},"geometry":{"type":"Polygon","coordinates":[[[80.46052,7.74391],[80.46055,7.74415],[80.46078,7.74493],[80.46079,7.74519],[80.46132,7.74529],[80.46168,7.74525],[80.4617,7.74501],[80.46201,7.74494],[80.46246,7.74464],[80.46261,7.74448],[80.46274,7.74444],[80.46305,7.74441],[80.46313,7.74461],[80.46324,7.74467],[80.46345,7.74469],[80.46345,7.74481],[80.46369,7.74494],[80.4638,7.74491],[80.46386,7.74481],[80.46403,7.74471],[80.46403,7.74444],[80.46366,7.7443],[80.46344,7.74427],[80.46334,7.74397],[80.46308,7.74389],[80.46296,7.74389],[80.46272,7.7441],[80.46252,7.74398],[80.46243,7.74399],[80.4624,7.74416],[80.46225,7.74432],[80.46213,7.74429],[80.46201,7.74434],[80.46183,7.74432],[80.46149,7.74419],[80.4614,7.74441],[80.46126,7.74448],[80.4613,7.74418],[80.46117,7.74412],[80.46102,7.74419],[80.46085,7.74409],[80.46077,7.74411],[80.46052,7.74391]]]}},{"type":"Feature","properties":{"c":"farmland"},"geometry":{"type":"Polygon","coordinates":[[[80.40756,7.75313],[80.40761,7.7533],[80.40809,7.75337],[80.40832,7.75333],[80.40879,7.75309],[80.40891,7.75312],[80.40901,7.75328],[80.4092,7.75383],[80.4092,7.75444],[80.40879,7.75453],[80.40854,7.75451],[80.4085,7.75459],[80.4083,7.75464],[80.40833,7.75472],[80.40821,7.75477],[80.40821,7.7549],[80.40837,7.75516],[80.4083,7.75529],[80.40834,7.75549],[80.40825,7.75558],[80.40805,7.75559],[80.4083,7.75602],[80.40838,7.75638],[80.40886,7.75621],[80.40911,7.75683],[80.40925,7.75694],[80.40987,7.75688],[80.40975,7.75638],[80.40966,7.75623],[80.40968,7.75613],[80.40974,7.75609],[80.40968,7.75595],[80.40966,7.75552],[80.40979,7.75545],[80.40982,7.755],[80.40995,7.75493],[80.40997,7.75481],[80.4103,7.75479],[80.41049,7.75489],[80.41059,7.75528],[80.41083,7.75523],[80.41092,7.75569],[80.41129,7.75564],[80.41137,7.75546],[80.41138,7.75528],[80.41131,7.75506],[80.41133,7.75456],[80.41126,7.75438],[80.41133,7.75418],[80.41149,7.75416],[80.4115,7.75422],[80.41168,7.75417],[80.41197,7.75425],[80.41231,7.75424],[80.41231,7.75434],[80.41262,7.7547],[80.41256,7.75475],[80.4126,7.75488],[80.4129,7.75524],[80.41298,7.75549],[80.41308,7.75548],[80.41309,7.75556],[80.41296,7.75563],[80.41322,7.75616],[80.41267,7.7563],[80.41265,7.75619],[80.41232,7.75618],[80.4121,7.75625],[80.41194,7.75619],[80.41188,7.7564],[80.4121,7.75644],[80.4121,7.7566],[80.4122,7.75661],[80.4122,7.75671],[80.41236,7.75671],[80.4123,7.75638],[80.41267,7.75631],[80.41271,7.75651],[80.41284,7.75658],[80.41324,7.75634],[80.41363,7.75627],[80.41366,7.75637],[80.41383,7.75632],[80.41377,7.75622],[80.41408,7.75609],[80.41415,7.75589],[80.41426,7.75576],[80.41401,7.75533],[80.41381,7.75481],[80.4144,7.7545],[80.4144,7.7544],[80.41453,7.75448],[80.41478,7.75448],[80.41485,7.75417],[80.41486,7.7539],[80.41478,7.75363],[80.41456,7.75326],[80.41443,7.75322],[80.41427,7.75295],[80.41361,7.75304],[80.41344,7.75296],[80.4133,7.75299],[80.41339,7.75268],[80.41357,7.75242],[80.41425,7.75247],[80.4143,7.75149],[80.41421,7.75063],[80.41412,7.75054],[80.41382,7.7504],[80.41331,7.75025],[80.41317,7.75014],[80.41309,7.7499],[80.41263,7.74977],[80.41254,7.74978],[80.41188,7.7503],[80.41145,7.75026],[80.41127,7.75006],[80.41115,7.74967],[80.41095,7.74967],[80.41093,7.74952],[80.41109,7.74947],[80.411,7.74935],[80.41064,7.74945],[80.41058,7.74951],[80.41019,7.75113],[80.41012,7.75136],[80.41005,7.75146],[80.41008,7.75154],[80.41001,7.75175],[80.40981,7.75188],[80.40943,7.75199],[80.40877,7.75196],[80.40819,7.75211],[80.40794,7.75224],[80.40793,7.75243],[80.40802,7.75287],[80.40756,7.75313]]]}},{"type":"Feature","properties":{"c":"farmland"},"geometry":{"type":"Polygon","coordinates":[[[80.38415,7.75344],[80.38417,7.75373],[80.38436,7.75367],[80.38468,7.75383],[80.38476,7.7539],[80.38488,7.75429],[80.38487,7.7544],[80.38479,7.7544],[80.38478,7.75453],[80.38445,7.7547],[80.38447,7.75486],[80.38463,7.75489],[80.38462,7.75507],[80.38455,7.7551],[80.38481,7.75542],[80.38475,7.75568],[80.38465,7.7557],[80.38456,7.7558],[80.38456,7.75603],[80.38466,7.7561],[80.38479,7.75611],[80.38485,7.75641],[80.38496,7.75653],[80.38496,7.75666],[80.3849,7.75677],[80.38471,7.75673],[80.38458,7.75694],[80.38444,7.7569],[80.38437,7.75708],[80.38481,7.75728],[80.38512,7.75749],[80.38511,7.75761],[80.38499,7.7577],[80.38504,7.75812],[80.38472,7.75827],[80.38467,7.75837],[80.38472,7.75851],[80.38488,7.75866],[80.38509,7.75875],[80.3853,7.75871],[80.38546,7.7586],[80.38563,7.75869],[80.38608,7.75873],[80.38624,7.75925],[80.38647,7.75964],[80.38724,7.76019],[80.38711,7.76029],[80.38637,7.76062],[80.38629,7.76085],[80.38629,7.76135],[80.38636,7.76202],[80.38622,7.76219],[80.38618,7.76256],[80.38637,7.76299],[80.38683,7.76343],[80.38704,7.76371],[80.38693,7.76386],[80.38692,7.76396],[80.38702,7.76412],[80.38689,7.76437],[80.38705,7.76454],[80.38706,7.76486],[80.38713,7.76488],[80.38713,7.76494],[80.387,7.76492],[80.38701,7.76509],[80.38711,7.7651],[80.38708,7.76532],[80.38724,7.76537],[80.38715,7.76567],[80.38752,7.76573],[80.38753,7.76542],[80.38747,7.76537],[80.38767,7.76515],[80.38761,7.76465],[80.38736,7.76399],[80.38741,7.76395],[80.38775,7.76425],[80.38782,7.76425],[80.38784,7.76421],[80.38802,7.76428],[80.38803,7.76445],[80.38829,7.76447],[80.3883,7.76431],[80.38836,7.76432],[80.3885,7.76438],[80.38851,7.76449],[80.38867,7.76451],[80.38881,7.76466],[80.38906,7.76525],[80.38937,7.76552],[80.3895,7.76559],[80.38992,7.76533],[80.38997,7.76584],[80.38968,7.76588],[80.38976,7.76663],[80.38992,7.76664],[80.38992,7.76679],[80.39053,7.76682],[80.39057,7.76666],[80.39095,7.76659],[80.39087,7.76621],[80.39108,7.76619],[80.39111,7.76577],[80.39094,7.76576],[80.39079,7.76554],[80.39105,7.76547],[80.391,7.765],[80.39129,7.76481],[80.39105,7.76411],[80.39089,7.76415],[80.3909,7.76422],[80.39086,7.76423],[80.39054,7.76415],[80.39061,7.76384],[80.39085,7.76381],[80.39118,7.76357],[80.39136,7.76349],[80.39147,7.76322],[80.39171,7.76306],[80.3919,7.76303],[80.39184,7.7632],[80.39192,7.76329],[80.39191,7.76341],[80.39207,7.76352],[80.3921,7.76362],[80.39225,7.76342],[80.39234,7.76343],[80.3924,7.76351],[80.39244,7.76374],[80.39253,7.76383],[80.39254,7.76393],[80.39246,7.76401],[80.39251,7.76405],[80.39291,7.76408],[80.39355,7.76404],[80.39357,7.76368],[80.3937,7.7636],[80.39387,7.76324],[80.39405,7.76229],[80.39393,7.76212],[80.39364,7.7623],[80.39287,7.76239],[80.39237,7.76231],[80.39118,7.76224],[80.39094,7.7622],[80.39029,7.76197],[80.38995,7.76219],[80.38971,7.76176],[80.38918,7.76145],[80.38945,7.76127],[80.389,7.76052],[80.38862,7.76069],[80.38856,7.76056],[80.38836,7.76042],[80.38821,7.76021],[80.38811,7.76021],[80.38802,7.76],[80.38807,7.75983],[80.38836,7.75955],[80.38829,7.75939],[80.38807,7.75927],[80.38809,7.75913],[80.38796,7.75902],[80.38788,7.75916],[80.38771,7.75907],[80.38776,7.75885],[80.38767,7.75873],[80.38758,7.75873],[80.38756,7.75855],[80.38748,7.75853],[80.38749,7.75842],[80.38733,7.75829],[80.38701,7.75869],[80.38664,7.75836],[80.38718,7.75796],[80.38684,7.75763],[80.38678,7.75743],[80.38652,7.75737],[80.38637,7.75745],[80.38629,7.75725],[80.38629,7.75696],[80.38651,7.75688],[80.38659,7.75653],[80.38676,7.75642],[80.38703,7.75636],[80.38705,7.75644],[80.38722,7.7564],[80.38691,7.75521],[80.38669,7.75519],[80.38667,7.75505],[80.38681,7.75495],[80.38667,7.75447],[80.3864,7.75442],[80.38633,7.75416],[80.38665,7.75412],[80.38629,7.75289],[80.38591,7.75284],[80.38581,7.7529],[80.38552,7.75292],[80.38538,7.75312],[80.3851,7.75307],[80.38489,7.75292],[80.38469,7.75288],[80.38457,7.75291],[80.38446,7.753],[80.38434,7.75332],[80.38425,7.75332],[80.38415,7.75344]]]}},{"type":"Feature","properties":{"c":"farmland","n":"Paddy Land"},"geometry":{"type":"Polygon","coordinates":[[[80.40737,7.74782],[80.40906,7.7478],[80.40936,7.74779],[80.40944,7.74774],[80.40947,7.74763],[80.40938,7.74688],[80.40844,7.74717],[80.40841,7.7471],[80.40825,7.74716],[80.40813,7.74708],[80.4081,7.74685],[80.40855,7.74668],[80.40871,7.74653],[80.4088,7.74636],[80.40873,7.74599],[80.40866,7.74595],[80.40835,7.74601],[80.40822,7.7461],[80.40819,7.7462],[80.40801,7.74629],[80.40766,7.74631],[80.40741,7.74711],[80.40737,7.74782]]]}},{"type":"Feature","properties":{"c":"farmland"},"geometry":{"type":"Polygon","coordinates":[[[80.39967,7.75794],[80.40015,7.7582],[80.40027,7.75813],[80.4002,7.758],[80.40023,7.7579],[80.40016,7.75779],[80.40039,7.75772],[80.40048,7.75782],[80.40059,7.75797],[80.40035,7.75814],[80.40049,7.75841],[80.40055,7.75839],[80.40062,7.75846],[80.40064,7.75854],[80.40057,7.75858],[80.40059,7.75864],[80.40082,7.75877],[80.4008,7.75911],[80.40097,7.75901],[80.40101,7.75909],[80.40102,7.75922],[80.40092,7.75923],[80.40095,7.75941],[80.40106,7.7595],[80.40114,7.75947],[80.40114,7.75932],[80.40132,7.75929],[80.40135,7.75917],[80.40142,7.75914],[80.40273,7.75948],[80.40261,7.75912],[80.40253,7.75905],[80.40242,7.75905],[80.40242,7.75886],[80.40256,7.75874],[80.40313,7.75887],[80.40344,7.75884],[80.4037,7.75713],[80.40389,7.75681],[80.40399,7.75677],[80.40414,7.75685],[80.4044,7.75661],[80.40378,7.75595],[80.40361,7.7561],[80.40347,7.75597],[80.40353,7.7559],[80.40346,7.75584],[80.40373,7.75563],[80.40379,7.75547],[80.4039,7.75543],[80.40374,7.75524],[80.40361,7.75526],[80.40343,7.75512],[80.40324,7.75514],[80.4027,7.75592],[80.40178,7.75654],[80.40149,7.7566],[80.40143,7.75689],[80.40111,7.75687],[80.40113,7.75663],[80.40081,7.75661],[80.40062,7.75649],[80.40029,7.75663],[80.40008,7.75741],[80.39991,7.75742],[80.39967,7.75794]]]}},{"type":"Feature","properties":{"c":"farmland"},"geometry":{"type":"Polygon","coordinates":[[[80.39539,7.77713],[80.39666,7.78024],[80.39695,7.78012],[80.3973,7.78008],[80.39799,7.78019],[80.39839,7.78045],[80.39874,7.7809],[80.39908,7.78109],[80.39913,7.78116],[80.39915,7.78009],[80.39925,7.77979],[80.39905,7.77986],[80.39881,7.7798],[80.39849,7.77944],[80.39834,7.77942],[80.39806,7.77916],[80.39773,7.77901],[80.39725,7.77897],[80.39719,7.77884],[80.39723,7.77839],[80.39735,7.77839],[80.39742,7.77828],[80.39755,7.77828],[80.39836,7.77842],[80.39842,7.77831],[80.39828,7.77804],[80.39798,7.7779],[80.39772,7.77788],[80.39748,7.77797],[80.39704,7.77803],[80.39666,7.77792],[80.39635,7.77805],[80.39616,7.7776],[80.39589,7.77764],[80.39569,7.777],[80.39539,7.77713]]]}},{"type":"Feature","properties":{"c":"farmland"},"geometry":{"type":"Polygon","coordinates":[[[80.39264,7.77501],[80.39266,7.77527],[80.39308,7.77527],[80.39327,7.77587],[80.39342,7.77582],[80.39349,7.77606],[80.39321,7.77623],[80.39327,7.77654],[80.3934,7.7765],[80.39368,7.77656],[80.39399,7.77676],[80.39439,7.77684],[80.39438,7.77696],[80.39451,7.7774],[80.3944,7.77763],[80.39451,7.77771],[80.39457,7.77785],[80.3945,7.77805],[80.39458,7.77832],[80.39493,7.77836],[80.39503,7.77822],[80.3952,7.77839],[80.39529,7.77863],[80.39538,7.77875],[80.39534,7.77917],[80.39511,7.77964],[80.3951,7.78006],[80.39544,7.78049],[80.39567,7.78095],[80.39577,7.78123],[80.39575,7.78133],[80.39591,7.78157],[80.39568,7.7818],[80.39569,7.78201],[80.39582,7.78205],[80.39599,7.78226],[80.39598,7.78234],[80.39579,7.78229],[80.39569,7.78236],[80.39567,7.78248],[80.39557,7.78251],[80.39551,7.78264],[80.39557,7.7827],[80.39558,7.78297],[80.3954,7.78305],[80.39537,7.78327],[80.39556,7.78355],[80.3959,7.7835],[80.39614,7.78352],[80.39618,7.78306],[80.39628,7.78317],[80.39641,7.78309],[80.39648,7.78318],[80.39661,7.78323],[80.39675,7.78322],[80.39683,7.78315],[80.39662,7.78283],[80.3965,7.7824],[80.3963,7.78241],[80.3962,7.78184],[80.39612,7.78181],[80.39586,7.78186],[80.39585,7.78176],[80.39613,7.78172],[80.39612,7.78166],[80.39604,7.78165],[80.39599,7.78158],[80.39606,7.78151],[80.39633,7.78155],[80.39636,7.78141],[80.39644,7.7813],[80.3967,7.78129],[80.39688,7.78161],[80.39687,7.78173],[80.39652,7.78186],[80.39655,7.78198],[80.39675,7.78189],[80.39677,7.78209],[80.39711,7.7822],[80.39723,7.7822],[80.39745,7.78202],[80.39722,7.78162],[80.39713,7.78165],[80.3971,7.7816],[80.39715,7.78146],[80.39709,7.78136],[80.39701,7.78137],[80.39705,7.78127],[80.39686,7.78092],[80.39679,7.78094],[80.39676,7.78089],[80.39683,7.78081],[80.3967,7.78057],[80.39648,7.78064],[80.39668,7.7805],[80.39517,7.77683],[80.39513,7.77687],[80.3951,7.77682],[80.39503,7.77683],[80.39499,7.77671],[80.39492,7.77669],[80.39476,7.77675],[80.39477,7.77662],[80.39495,7.77661],[80.39505,7.77656],[80.39481,7.77606],[80.39478,7.77601],[80.39455,7.77613],[80.39437,7.77606],[80.39429,7.77593],[80.39424,7.77577],[80.39446,7.77551],[80.39458,7.77547],[80.39452,7.77529],[80.39416,7.7754],[80.39406,7.77501],[80.39396,7.77506],[80.39388,7.77502],[80.39367,7.77471],[80.39366,7.77459],[80.39348,7.77455],[80.39326,7.77461],[80.39315,7.77425],[80.39318,7.7741],[80.39312,7.77391],[80.39295,7.77364],[80.39277,7.77378],[80.39265,7.77458],[80.39265,7.77482],[80.39275,7.77483],[80.39264,7.77501]]]}},{"type":"Feature","properties":{"c":"farmland"},"geometry":{"type":"Polygon","coordinates":[[[80.38814,7.77203],[80.38819,7.77251],[80.38863,7.77244],[80.38867,7.77256],[80.38951,7.7725],[80.38956,7.77265],[80.38989,7.77259],[80.38991,7.77252],[80.39024,7.77272],[80.39017,7.7728],[80.39016,7.77299],[80.39043,7.77299],[80.39039,7.77321],[80.39086,7.77373],[80.39087,7.77385],[80.39081,7.77393],[80.39088,7.77417],[80.39079,7.77428],[80.39093,7.77457],[80.39094,7.77504],[80.39171,7.77616],[80.39208,7.77676],[80.3922,7.77706],[80.39241,7.77693],[80.39252,7.77711],[80.39244,7.77721],[80.39216,7.77718],[80.39211,7.77731],[80.39173,7.77742],[80.39178,7.77791],[80.39111,7.7783],[80.39105,7.7782],[80.39091,7.77824],[80.39062,7.77845],[80.39065,7.77856],[80.39051,7.77861],[80.3905,7.7787],[80.39028,7.77875],[80.39031,7.77885],[80.39018,7.77889],[80.39024,7.7791],[80.39037,7.77905],[80.39054,7.77931],[80.3905,7.77944],[80.39071,7.77985],[80.39081,7.77997],[80.39104,7.78004],[80.39152,7.7799],[80.39181,7.77971],[80.39184,7.77958],[80.39175,7.77936],[80.39214,7.77917],[80.39242,7.77925],[80.39237,7.77933],[80.39248,7.77946],[80.39256,7.77944],[80.39267,7.77959],[80.39275,7.77961],[80.39288,7.77982],[80.39316,7.77975],[80.39332,7.78001],[80.39324,7.78005],[80.39368,7.78058],[80.39379,7.78052],[80.39385,7.78066],[80.39402,7.78082],[80.39381,7.78131],[80.39335,7.78151],[80.39326,7.78167],[80.3932,7.78164],[80.39267,7.78177],[80.39254,7.78185],[80.3925,7.78193],[80.39236,7.7817],[80.39205,7.78192],[80.39187,7.78195],[80.39186,7.78212],[80.39169,7.78213],[80.39158,7.78204],[80.39133,7.78211],[80.39121,7.782],[80.39093,7.78206],[80.39093,7.78218],[80.39114,7.78273],[80.39126,7.78345],[80.3913,7.78353],[80.39147,7.78361],[80.39216,7.78367],[80.39222,7.78393],[80.39213,7.78394],[80.39213,7.78408],[80.39206,7.78408],[80.39204,7.78419],[80.39245,7.78412],[80.39247,7.78392],[80.39258,7.78366],[80.39231,7.78364],[80.39249,7.78358],[80.39247,7.78348],[80.3926,7.78346],[80.39324,7.78306],[80.3939,7.783],[80.39405,7.78315],[80.394,7.7833],[80.39406,7.7834],[80.39423,7.78356],[80.39443,7.78351],[80.39463,7.78316],[80.39478,7.78316],[80.39494,7.783],[80.39502,7.78298],[80.395,7.78291],[80.39505,7.7828],[80.39515,7.78266],[80.39528,7.78262],[80.3953,7.78231],[80.39533,7.78225],[80.39542,7.78224],[80.39543,7.78203],[80.39554,7.78194],[80.39545,7.78172],[80.39546,7.78119],[80.39539,7.78093],[80.39483,7.78041],[80.3948,7.78026],[80.39469,7.7801],[80.39472,7.77999],[80.39494,7.77987],[80.395,7.77978],[80.39505,7.77944],[80.39518,7.77926],[80.39513,7.77918],[80.39509,7.77891],[80.39516,7.7787],[80.39495,7.77854],[80.3948,7.77847],[80.39463,7.77846],[80.39439,7.77831],[80.39434,7.77809],[80.39427,7.77805],[80.39423,7.77792],[80.39428,7.7773],[80.39427,7.77711],[80.39419,7.77702],[80.39342,7.77663],[80.3932,7.77667],[80.39308,7.77664],[80.39303,7.77597],[80.39291,7.77578],[80.39279,7.77572],[80.39225,7.77566],[80.39236,7.77522],[80.39233,7.77481],[80.39253,7.77444],[80.39261,7.77387],[80.39269,7.7736],[80.39282,7.77341],[80.39269,7.77335],[80.39275,7.77317],[80.39261,7.77309],[80.39261,7.77298],[80.39242,7.7731],[80.39221,7.773],[80.39203,7.77261],[80.39159,7.77203],[80.39135,7.77181],[80.39141,7.77137],[80.39133,7.77038],[80.3916,7.77019],[80.39176,7.7695],[80.39165,7.76923],[80.39175,7.76899],[80.39175,7.76885],[80.39167,7.76876],[80.39162,7.76861],[80.39168,7.7685],[80.39157,7.76824],[80.39166,7.76801],[80.39166,7.7678],[80.39147,7.76759],[80.39133,7.76771],[80.39116,7.76771],[80.39062,7.76746],[80.39036,7.76752],[80.39025,7.76736],[80.39019,7.76713],[80.38997,7.76702],[80.38983,7.76704],[80.38999,7.76743],[80.39017,7.76817],[80.39027,7.76835],[80.39037,7.76892],[80.39026,7.76893],[80.39034,7.76947],[80.39057,7.76942],[80.39071,7.76975],[80.39087,7.7699],[80.39083,7.77002],[80.39089,7.77006],[80.39084,7.77016],[80.39093,7.7708],[80.39088,7.77092],[80.39074,7.77096],[80.39077,7.77121],[80.39072,7.77121],[80.39068,7.77129],[80.39063,7.77156],[80.39,7.772],[80.38981,7.772],[80.38974,7.77206],[80.38974,7.77217],[80.38953,7.77208],[80.38919,7.77205],[80.38902,7.77208],[80.38894,7.77194],[80.38896,7.77188],[80.3889,7.77186],[80.38883,7.77192],[80.38873,7.77183],[80.38858,7.77191],[80.38864,7.77205],[80.38848,7.77207],[80.38844,7.772],[80.38814,7.77203]],[[80.3912,7.78264],[80.39181,7.78257],[80.39181,7.78294],[80.39159,7.78293],[80.39157,7.78274],[80.39121,7.78283],[80.3912,7.78264]]]}},{"type":"Feature","properties":{"c":"farmland"},"geometry":{"type":"Polygon","coordinates":[[[80.39141,7.77068],[80.39143,7.77091],[80.3915,7.77094],[80.39155,7.77172],[80.39165,7.77205],[80.39177,7.77222],[80.39215,7.77246],[80.39234,7.77281],[80.39239,7.77284],[80.39276,7.77282],[80.39282,7.77299],[80.39277,7.77312],[80.39311,7.77311],[80.39321,7.77331],[80.3934,7.77328],[80.39367,7.77314],[80.39359,7.77295],[80.39378,7.7728],[80.39393,7.77277],[80.39406,7.77291],[80.39454,7.77228],[80.39542,7.7724],[80.39542,7.77196],[80.39552,7.77097],[80.39547,7.77094],[80.39534,7.77105],[80.39488,7.77101],[80.39474,7.77073],[80.39442,7.77085],[80.39391,7.77084],[80.39381,7.7707],[80.39369,7.77067],[80.39354,7.77056],[80.39347,7.77033],[80.39331,7.77047],[80.39297,7.77056],[80.39289,7.77047],[80.39272,7.77001],[80.39261,7.77002],[80.39282,7.77069],[80.39268,7.77083],[80.39269,7.77091],[80.39242,7.77095],[80.39249,7.77065],[80.39237,7.77059],[80.39236,7.77051],[80.39245,7.77038],[80.39243,7.77031],[80.39234,7.77033],[80.3923,7.77022],[80.39242,7.77019],[80.39243,7.7701],[80.39251,7.77012],[80.39206,7.76824],[80.39176,7.76829],[80.39185,7.76873],[80.3918,7.76919],[80.39185,7.76941],[80.39173,7.77038],[80.39176,7.77047],[80.39199,7.77055],[80.3919,7.77068],[80.39179,7.77072],[80.39167,7.77074],[80.39166,7.77058],[80.39144,7.77063],[80.39141,7.77068]]]}},{"type":"Feature","properties":{"c":"farmland"},"geometry":{"type":"Polygon","coordinates":[[[80.3956,7.7646],[80.39562,7.76477],[80.39614,7.76487],[80.39613,7.76493],[80.39631,7.76498],[80.39623,7.76528],[80.39644,7.76545],[80.39638,7.76554],[80.39635,7.76573],[80.39646,7.76607],[80.39654,7.76615],[80.39665,7.7661],[80.3968,7.76657],[80.39705,7.76654],[80.39725,7.76695],[80.39734,7.76694],[80.39726,7.76666],[80.39744,7.76681],[80.39751,7.76678],[80.3976,7.76695],[80.3978,7.76697],[80.39795,7.76721],[80.39776,7.76738],[80.39811,7.76773],[80.39791,7.76874],[80.39827,7.76907],[80.39787,7.76928],[80.39778,7.76942],[80.39754,7.76947],[80.39776,7.7696],[80.39768,7.76969],[80.39734,7.76982],[80.3974,7.77],[80.39711,7.77013],[80.39709,7.77039],[80.3973,7.77081],[80.3977,7.77097],[80.39789,7.77118],[80.39816,7.77128],[80.39831,7.77131],[80.39902,7.77124],[80.39899,7.77087],[80.39891,7.77087],[80.39889,7.77062],[80.39868,7.77064],[80.39867,7.77055],[80.39875,7.77045],[80.39874,7.77031],[80.39937,7.77029],[80.39951,7.77041],[80.39966,7.7702],[80.39991,7.77038],[80.40004,7.77009],[80.40013,7.77019],[80.40032,7.7702],[80.40039,7.76975],[80.40049,7.76966],[80.4009,7.77002],[80.40144,7.76941],[80.40196,7.76866],[80.40207,7.76845],[80.4021,7.76801],[80.40215,7.76789],[80.40212,7.76783],[80.40204,7.7678],[80.40183,7.76706],[80.4016,7.76694],[80.40142,7.76679],[80.40128,7.76684],[80.40116,7.76676],[80.40098,7.76678],[80.4009,7.76664],[80.40103,7.76658],[80.40124,7.76658],[80.40118,7.76633],[80.40103,7.76606],[80.40076,7.766],[80.40068,7.76616],[80.40063,7.76616],[80.40057,7.76641],[80.40045,7.76639],[80.40042,7.76663],[80.39975,7.7669],[80.39949,7.76684],[80.39917,7.76652],[80.3991,7.76655],[80.39874,7.76625],[80.39848,7.76661],[80.39826,7.76665],[80.39787,7.76634],[80.39694,7.76532],[80.39631,7.76479],[80.39604,7.76464],[80.3956,7.7646]]]}},{"type":"Feature","properties":{"c":"farmland","n":"Maeliya Kurulubadda Wewa Irrigable Area"},"geometry":{"type":"Polygon","coordinates":[[[80.41871,7.74823],[80.41878,7.74831],[80.41889,7.74833],[80.41892,7.74824],[80.41908,7.74826],[80.41901,7.74839],[80.41909,7.74844],[80.419,7.74866],[80.41905,7.74868],[80.41909,7.74879],[80.41902,7.74883],[80.41895,7.74908],[80.41915,7.7491],[80.41904,7.74923],[80.41911,7.74926],[80.4191,7.74934],[80.41895,7.74937],[80.41895,7.74947],[80.41887,7.74952],[80.41896,7.74974],[80.41881,7.74991],[80.41883,7.74994],[80.41947,7.74972],[80.41992,7.74945],[80.41977,7.74944],[80.41986,7.74927],[80.4197,7.74918],[80.41981,7.74891],[80.42003,7.74896],[80.42009,7.74888],[80.42027,7.74884],[80.42031,7.74877],[80.42042,7.74881],[80.42059,7.74875],[80.42052,7.74861],[80.42032,7.74861],[80.42053,7.74781],[80.42046,7.74749],[80.42051,7.74732],[80.42024,7.7473],[80.42025,7.74712],[80.42056,7.74714],[80.42057,7.74668],[80.42066,7.74634],[80.42038,7.7463],[80.42049,7.74605],[80.42038,7.74598],[80.42023,7.74636],[80.42009,7.74635],[80.4199,7.74664],[80.41978,7.74671],[80.41974,7.74691],[80.41924,7.74694],[80.41914,7.74772],[80.41917,7.74782],[80.41938,7.74796],[80.4194,7.74806],[80.4193,7.74799],[80.41927,7.74804],[80.41919,7.748],[80.41913,7.74791],[80.41908,7.748],[80.41887,7.74806],[80.41875,7.74796],[80.41871,7.74823]]]}},{"type":"Feature","properties":{"c":"farmland"},"geometry":{"type":"Polygon","coordinates":[[[80.4015,7.79006],[80.40172,7.79054],[80.40196,7.79057],[80.40191,7.79089],[80.40198,7.79104],[80.4021,7.79107],[80.40258,7.79104],[80.40282,7.79111],[80.40295,7.79141],[80.40294,7.7915],[80.40279,7.79168],[80.403,7.79174],[80.40292,7.79201],[80.40279,7.79197],[80.40272,7.79208],[80.40289,7.79226],[80.40294,7.79255],[80.40338,7.79228],[80.40408,7.7922],[80.40422,7.79224],[80.40466,7.79257],[80.40482,7.7926],[80.4049,7.79271],[80.40495,7.793],[80.4049,7.79312],[80.4049,7.79337],[80.40524,7.79403],[80.40557,7.79394],[80.40569,7.79396],[80.40565,7.79438],[80.40523,7.7942],[80.40527,7.79446],[80.40562,7.79476],[80.40577,7.79479],[80.40563,7.79543],[80.40611,7.7957],[80.4061,7.79598],[80.4064,7.79605],[80.40646,7.79585],[80.40643,7.7957],[80.40614,7.79552],[80.40627,7.79501],[80.40621,7.79495],[80.40612,7.79494],[80.40618,7.79478],[80.40627,7.7941],[80.4061,7.79406],[80.40612,7.79383],[80.40604,7.79335],[80.40564,7.79327],[80.40567,7.79293],[80.40579,7.79277],[80.40579,7.79239],[80.40568,7.79237],[80.40557,7.792],[80.40545,7.7919],[80.40541,7.79166],[80.40552,7.79167],[80.40556,7.79175],[80.40576,7.79165],[80.40575,7.79103],[80.40549,7.79105],[80.40534,7.79113],[80.40556,7.7912],[80.40553,7.79127],[80.40533,7.79142],[80.4051,7.79152],[80.40503,7.79146],[80.40507,7.79128],[80.40501,7.79129],[80.40505,7.79109],[80.40512,7.79101],[80.40514,7.79085],[80.40507,7.79043],[80.40499,7.79039],[80.40487,7.79038],[80.40477,7.79043],[80.40457,7.79064],[80.40426,7.79036],[80.40402,7.79037],[80.40399,7.79045],[80.40404,7.7906],[80.40347,7.79074],[80.40343,7.79066],[80.40336,7.79071],[80.40331,7.79049],[80.40307,7.79046],[80.40296,7.79078],[80.40286,7.79075],[80.40288,7.79035],[80.40254,7.79009],[80.40216,7.78994],[80.40212,7.79032],[80.40195,7.79035],[80.40178,7.79028],[80.40175,7.79006],[80.40162,7.79002],[80.4015,7.79006]]]}},{"type":"Feature","properties":{"c":"farmland","n":"Paddy Land"},"geometry":{"type":"Polygon","coordinates":[[[80.40647,7.79282],[80.40653,7.79302],[80.40664,7.79306],[80.40693,7.79308],[80.4071,7.79292],[80.40758,7.79226],[80.40751,7.79218],[80.40747,7.79192],[80.40769,7.79165],[80.40788,7.79175],[80.40793,7.79141],[80.40791,7.79131],[80.40773,7.79123],[80.4077,7.79143],[80.4075,7.7914],[80.40751,7.79119],[80.40741,7.79116],[80.40731,7.79126],[80.40699,7.79108],[80.40689,7.79158],[80.40693,7.79176],[80.40647,7.79282]]]}},{"type":"Feature","properties":{"c":"farmland","n":"Sunethrapokuna Wewa and Other Tank Irrigable Area"},"geometry":{"type":"Polygon","coordinates":[[[80.4286,7.73567],[80.42868,7.73572],[80.42863,7.73589],[80.4289,7.73602],[80.42901,7.7359],[80.42909,7.73597],[80.42934,7.73604],[80.42935,7.73612],[80.42971,7.7362],[80.42973,7.73626],[80.42963,7.73648],[80.42971,7.73654],[80.42978,7.73651],[80.42995,7.73658],[80.43038,7.737],[80.43054,7.7374],[80.43063,7.73743],[80.43069,7.73754],[80.43064,7.73782],[80.43049,7.73789],[80.43037,7.73816],[80.43106,7.73834],[80.43106,7.73825],[80.43098,7.73824],[80.43103,7.73816],[80.43118,7.7382],[80.43124,7.73807],[80.43145,7.73808],[80.43146,7.73816],[80.43154,7.73822],[80.43151,7.73832],[80.43167,7.7383],[80.43179,7.73855],[80.43175,7.73859],[80.43187,7.73903],[80.43228,7.73916],[80.43299,7.73971],[80.43305,7.73982],[80.43307,7.74013],[80.43305,7.74096],[80.43382,7.74118],[80.43389,7.7409],[80.43402,7.74092],[80.43405,7.74077],[80.43401,7.7407],[80.43402,7.74047],[80.43416,7.74044],[80.43424,7.74019],[80.43447,7.7402],[80.43435,7.7391],[80.43481,7.73907],[80.43484,7.73898],[80.43471,7.73874],[80.43478,7.73872],[80.43477,7.73835],[80.43465,7.73791],[80.43456,7.73779],[80.43429,7.73764],[80.43397,7.7372],[80.4335,7.73707],[80.43351,7.73748],[80.43341,7.7376],[80.43333,7.7376],[80.43327,7.73754],[80.4333,7.73709],[80.43261,7.73672],[80.43235,7.73697],[80.43196,7.73745],[80.43164,7.73733],[80.4311,7.73701],[80.4313,7.73689],[80.43135,7.73683],[80.43133,7.73671],[80.43169,7.73682],[80.43179,7.73671],[80.4318,7.73661],[80.43155,7.73644],[80.43158,7.73629],[80.43129,7.73613],[80.43105,7.73656],[80.43095,7.73648],[80.43103,7.73621],[80.43116,7.73603],[80.43105,7.73594],[80.43091,7.73593],[80.4307,7.73618],[80.4305,7.73609],[80.43045,7.73604],[80.43049,7.73599],[80.4302,7.73589],[80.43017,7.73569],[80.43056,7.7357],[80.43054,7.73561],[80.43065,7.73557],[80.43032,7.73504],[80.43025,7.73514],[80.43016,7.73502],[80.43001,7.73501],[80.42998,7.73494],[80.43008,7.73473],[80.42995,7.73459],[80.4299,7.73461],[80.42992,7.73455],[80.4295,7.73396],[80.42915,7.73398],[80.42909,7.73434],[80.42925,7.73452],[80.42936,7.73493],[80.42942,7.73491],[80.42949,7.73507],[80.42963,7.73517],[80.42961,7.73528],[80.42967,7.73548],[80.42985,7.73578],[80.42972,7.73581],[80.42971,7.73592],[80.42921,7.73586],[80.4287,7.7356],[80.4286,7.73567]]]}},{"type":"Feature","properties":{"c":"farmland","n":"Chandrikapokuna Wewa Irrigable Area"},"geometry":{"type":"Polygon","coordinates":[[[80.43443,7.73726],[80.43455,7.73742],[80.43464,7.7377],[80.43468,7.73753],[80.43517,7.7377],[80.43513,7.73796],[80.43562,7.73802],[80.43607,7.73801],[80.43611,7.73818],[80.43608,7.73828],[80.43569,7.73825],[80.43552,7.73855],[80.43531,7.73856],[80.43509,7.7388],[80.43509,7.73886],[80.4355,7.73893],[80.43543,7.73922],[80.43564,7.73928],[80.43565,7.73982],[80.43539,7.73981],[80.43536,7.74037],[80.4358,7.7404],[80.4365,7.73948],[80.43672,7.73945],[80.43696,7.73929],[80.43711,7.73905],[80.43716,7.73893],[80.43712,7.7383],[80.43702,7.73818],[80.43684,7.73778],[80.43668,7.73766],[80.43673,7.7375],[80.43657,7.73739],[80.43576,7.73707],[80.43556,7.73742],[80.43546,7.73744],[80.43537,7.73741],[80.43527,7.73725],[80.43494,7.73728],[80.43472,7.73723],[80.43469,7.73713],[80.43474,7.73703],[80.43466,7.73695],[80.43456,7.73694],[80.43444,7.73703],[80.43446,7.73718],[80.43443,7.73726]]]}},{"type":"Feature","properties":{"c":"farmland","n":"Makulpotha Pansal Wewa Irrigable Area"},"geometry":{"type":"Polygon","coordinates":[[[80.44577,7.74288],[80.4458,7.743],[80.44612,7.74318],[80.44621,7.74317],[80.44623,7.74311],[80.44643,7.74312],[80.44638,7.74378],[80.44647,7.74383],[80.44647,7.74452],[80.44612,7.7445],[80.44618,7.74466],[80.44653,7.74466],[80.44652,7.74496],[80.4471,7.74496],[80.44714,7.7448],[80.44744,7.74505],[80.44785,7.7451],[80.44811,7.74488],[80.44822,7.74444],[80.44852,7.74448],[80.44872,7.74376],[80.44852,7.74368],[80.44859,7.74332],[80.44798,7.74306],[80.44801,7.74276],[80.44668,7.7426],[80.44666,7.74173],[80.44635,7.74195],[80.44604,7.74176],[80.44599,7.74183],[80.44612,7.74212],[80.4461,7.74233],[80.44577,7.74288]]]}},{"type":"Feature","properties":{"c":"farmland","n":"Makulpothapahala Wewa Irrigable Area"},"geometry":{"type":"Polygon","coordinates":[[[80.44202,7.74339],[80.44232,7.74341],[80.44244,7.74353],[80.44269,7.74362],[80.44268,7.74381],[80.44313,7.74383],[80.44328,7.74395],[80.44344,7.74423],[80.44353,7.74449],[80.44369,7.74461],[80.4438,7.74455],[80.44434,7.74475],[80.44429,7.7449],[80.44503,7.74493],[80.44523,7.74447],[80.44533,7.74396],[80.44532,7.74357],[80.44537,7.74314],[80.44535,7.74286],[80.44526,7.74282],[80.44516,7.74305],[80.44509,7.74306],[80.44399,7.74281],[80.44389,7.74262],[80.44353,7.7425],[80.4435,7.74259],[80.44361,7.74269],[80.44351,7.74277],[80.44348,7.74295],[80.44326,7.74288],[80.44284,7.74284],[80.44233,7.74266],[80.44222,7.74281],[80.44231,7.74291],[80.44218,7.74298],[80.44202,7.74339]]]}},{"type":"Feature","properties":{"c":"farmland","n":"Thelabiyagam Wewa and Other Tank Irrigable Area"},"geometry":{"type":"Polygon","coordinates":[[[80.43547,7.71964],[80.43558,7.71996],[80.4357,7.71994],[80.4358,7.72005],[80.43622,7.71993],[80.43633,7.72041],[80.43586,7.7205],[80.43585,7.72061],[80.43633,7.72297],[80.43646,7.72332],[80.43667,7.72334],[80.43662,7.72347],[80.43674,7.7235],[80.4367,7.72361],[80.43673,7.72365],[80.43711,7.72369],[80.43759,7.72353],[80.43817,7.72301],[80.43812,7.7228],[80.43819,7.7226],[80.43822,7.72213],[80.43805,7.72201],[80.43808,7.72177],[80.43832,7.7218],[80.43832,7.72209],[80.43856,7.72227],[80.43843,7.72249],[80.4385,7.7228],[80.43847,7.72295],[80.43866,7.72303],[80.43875,7.72297],[80.43879,7.72327],[80.43906,7.72365],[80.43895,7.72405],[80.43869,7.72447],[80.43862,7.72478],[80.43839,7.72531],[80.4382,7.72602],[80.4383,7.72665],[80.43828,7.7274],[80.43838,7.72747],[80.43841,7.72775],[80.4385,7.72795],[80.43845,7.72825],[80.4385,7.72856],[80.4386,7.72871],[80.43871,7.72951],[80.43875,7.73063],[80.43864,7.73161],[80.43894,7.73157],[80.43957,7.73164],[80.43973,7.73183],[80.43977,7.73202],[80.43982,7.73204],[80.43971,7.73257],[80.43983,7.73259],[80.43978,7.7327],[80.43985,7.73311],[80.43954,7.73329],[80.43955,7.73339],[80.43945,7.73339],[80.43945,7.73364],[80.43968,7.73393],[80.43978,7.73395],[80.43976,7.73403],[80.43987,7.73409],[80.43975,7.73422],[80.43972,7.73448],[80.43979,7.73448],[80.43976,7.73453],[80.43985,7.73458],[80.44001,7.73462],[80.44,7.73486],[80.43993,7.73499],[80.43945,7.73494],[80.43932,7.73498],[80.43932,7.73515],[80.43949,7.73564],[80.4396,7.73578],[80.44005,7.73609],[80.44016,7.7359],[80.44022,7.73569],[80.44047,7.73548],[80.4405,7.7352],[80.44079,7.73548],[80.44099,7.73592],[80.441,7.73615],[80.44125,7.73647],[80.44142,7.73655],[80.44164,7.73636],[80.44188,7.73657],[80.44203,7.73638],[80.44228,7.73583],[80.44193,7.73539],[80.44161,7.73525],[80.44165,7.73504],[80.44149,7.73447],[80.44151,7.7343],[80.44169,7.7341],[80.44238,7.73405],[80.44254,7.73414],[80.44264,7.73444],[80.44298,7.73462],[80.44307,7.73461],[80.44306,7.73437],[80.443,7.73378],[80.44281,7.7337],[80.44244,7.73363],[80.44244,7.73367],[80.44236,7.73353],[80.44239,7.73341],[80.44218,7.73325],[80.44224,7.73248],[80.44242,7.73219],[80.44239,7.73189],[80.4423,7.73174],[80.44217,7.73166],[80.44224,7.73122],[80.44205,7.73157],[80.44201,7.73179],[80.44188,7.73182],[80.44197,7.73206],[80.44181,7.73203],[80.44171,7.73195],[80.4416,7.73182],[80.44143,7.73172],[80.44138,7.7316],[80.44149,7.73127],[80.44149,7.73096],[80.44134,7.73031],[80.44124,7.73007],[80.44123,7.72967],[80.44134,7.72937],[80.44132,7.72907],[80.44123,7.72884],[80.44122,7.72842],[80.44118,7.72819],[80.44101,7.72795],[80.44077,7.7277],[80.44044,7.72685],[80.44039,7.72655],[80.44047,7.7263],[80.44064,7.726],[80.44097,7.72564],[80.44093,7.72542],[80.44065,7.72544],[80.44065,7.72516],[80.44051,7.72509],[80.44073,7.725],[80.44093,7.72498],[80.44109,7.72374],[80.441,7.72359],[80.44051,7.72354],[80.44046,7.72298],[80.44082,7.72293],[80.44083,7.7231],[80.44116,7.7231],[80.44115,7.72292],[80.44081,7.72286],[80.44084,7.72248],[80.44079,7.72223],[80.44075,7.72213],[80.44064,7.72208],[80.44059,7.72192],[80.44068,7.72168],[80.44079,7.72185],[80.44106,7.72192],[80.44173,7.72199],[80.44174,7.72214],[80.442,7.72234],[80.44209,7.72304],[80.44199,7.72315],[80.44138,7.72301],[80.44122,7.72301],[80.44115,7.7237],[80.44123,7.72386],[80.44127,7.72408],[80.44173,7.72405],[80.44178,7.72369],[80.44208,7.7237],[80.4421,7.72411],[80.44244,7.7244],[80.44291,7.72445],[80.44298,7.72454],[80.44294,7.72501],[80.44297,7.7254],[80.44313,7.72559],[80.44316,7.72584],[80.44322,7.72593],[80.44313,7.72605],[80.44332,7.72612],[80.44335,7.72642],[80.4437,7.72642],[80.44397,7.72632],[80.44432,7.72635],[80.44443,7.72652],[80.44453,7.72649],[80.44457,7.7266],[80.44498,7.72677],[80.44513,7.7264],[80.44505,7.72631],[80.44502,7.72619],[80.44503,7.72601],[80.4451,7.72583],[80.44563,7.72529],[80.44592,7.72479],[80.446,7.72453],[80.44601,7.72416],[80.44596,7.72387],[80.44601,7.72354],[80.44601,7.72267],[80.44588,7.72267],[80.44565,7.72235],[80.44549,7.72239],[80.44541,7.7223],[80.44514,7.72241],[80.44512,7.72253],[80.44465,7.7225],[80.44449,7.72241],[80.44454,7.7222],[80.44436,7.72219],[80.44381,7.72194],[80.44369,7.72173],[80.4437,7.72154],[80.44347,7.72117],[80.4435,7.72083],[80.44307,7.72123],[80.44311,7.72083],[80.44285,7.72043],[80.44283,7.72017],[80.44302,7.72008],[80.44295,7.71967],[80.44288,7.71948],[80.44269,7.7194],[80.44274,7.71914],[80.44334,7.7195],[80.44336,7.71969],[80.4436,7.71969],[80.44368,7.71961],[80.44377,7.71963],[80.44381,7.7194],[80.44402,7.71941],[80.44407,7.71926],[80.44388,7.71919],[80.44357,7.7192],[80.44364,7.71895],[80.44351,7.71891],[80.44346,7.71879],[80.4434,7.71878],[80.44346,7.71855],[80.44359,7.7186],[80.44366,7.71848],[80.44381,7.71808],[80.44443,7.7185],[80.44496,7.71868],[80.44483,7.71887],[80.44459,7.71945],[80.44543,7.71956],[80.44559,7.71916],[80.44548,7.71898],[80.44567,7.71899],[80.4458,7.71801],[80.44569,7.71756],[80.44566,7.71702],[80.44546,7.71707],[80.4452,7.71706],[80.44514,7.71658],[80.44448,7.71646],[80.44437,7.71617],[80.4445,7.71592],[80.44456,7.71594],[80.44468,7.71585],[80.4448,7.71584],[80.44479,7.71596],[80.44497,7.71602],[80.44503,7.71596],[80.44536,7.71603],[80.44537,7.71595],[80.44569,7.71598],[80.44577,7.71565],[80.44578,7.71535],[80.44524,7.71537],[80.44513,7.71525],[80.44487,7.7152],[80.44484,7.71509],[80.44464,7.71504],[80.4445,7.71477],[80.44427,7.71492],[80.44349,7.71521],[80.44324,7.71535],[80.44316,7.71616],[80.44295,7.71639],[80.44305,7.71659],[80.44317,7.71713],[80.44311,7.71759],[80.44292,7.71787],[80.44287,7.71807],[80.44288,7.7183],[80.44262,7.71828],[80.4426,7.71809],[80.44258,7.71771],[80.44279,7.71694],[80.44286,7.71684],[80.44278,7.71644],[80.4423,7.71683],[80.44236,7.71692],[80.4424,7.71719],[80.44191,7.71719],[80.44198,7.717],[80.44192,7.71691],[80.44065,7.717],[80.44064,7.71719],[80.44048,7.7172],[80.44034,7.71743],[80.44045,7.7175],[80.44041,7.71755],[80.44045,7.71761],[80.44034,7.7178],[80.44013,7.71767],[80.44034,7.71733],[80.44015,7.71725],[80.44004,7.71725],[80.44004,7.71721],[80.44034,7.71717],[80.44041,7.71712],[80.4404,7.71708],[80.44011,7.71706],[80.43981,7.71674],[80.43967,7.71673],[80.43934,7.717],[80.43878,7.71735],[80.43862,7.71742],[80.43842,7.71746],[80.43829,7.71743],[80.43819,7.71748],[80.43813,7.7176],[80.43816,7.71769],[80.43808,7.71807],[80.43788,7.71764],[80.4376,7.71723],[80.4375,7.71716],[80.43699,7.71728],[80.43639,7.71767],[80.43614,7.71794],[80.43569,7.7183],[80.43577,7.71869],[80.43577,7.71943],[80.43571,7.71943],[80.43572,7.71928],[80.43558,7.71926],[80.43547,7.71964]]]}},{"type":"Feature","properties":{"c":"farmland","n":"Thambuwa Wewa and Other Tanks Irrigable Area"},"geometry":{"type":"Polygon","coordinates":[[[80.41398,7.70804],[80.41406,7.70828],[80.41409,7.70909],[80.41416,7.70934],[80.41426,7.70946],[80.41416,7.7098],[80.41421,7.71025],[80.41448,7.7104],[80.41467,7.71066],[80.4153,7.71081],[80.41557,7.71118],[80.41541,7.71126],[80.41564,7.71191],[80.41586,7.71195],[80.41568,7.71253],[80.41547,7.71254],[80.41515,7.71301],[80.41495,7.71312],[80.41469,7.71303],[80.41462,7.71322],[80.41434,7.71324],[80.41442,7.71348],[80.41454,7.71365],[80.41468,7.71367],[80.41464,7.7139],[80.41452,7.71407],[80.41501,7.71434],[80.41505,7.7143],[80.41506,7.71378],[80.41512,7.71362],[80.41559,7.71306],[80.41576,7.7131],[80.41578,7.71339],[80.41625,7.71348],[80.41622,7.7136],[80.41631,7.71365],[80.41592,7.71387],[80.41632,7.71407],[80.41633,7.71419],[80.41642,7.71436],[80.41687,7.71457],[80.41704,7.71443],[80.41697,7.71467],[80.41724,7.71483],[80.41744,7.71502],[80.41763,7.71457],[80.41777,7.71473],[80.418,7.71474],[80.41807,7.7148],[80.41827,7.71483],[80.4183,7.71512],[80.41821,7.71553],[80.41833,7.71556],[80.41954,7.7163],[80.41971,7.71645],[80.42007,7.71657],[80.42006,7.71611],[80.42022,7.7161],[80.42055,7.71615],[80.42055,7.71625],[80.42065,7.71645],[80.42083,7.71646],[80.42099,7.71629],[80.42114,7.71629],[80.42133,7.71641],[80.42129,7.71649],[80.42131,7.71661],[80.42113,7.71665],[80.42101,7.7166],[80.42089,7.71666],[80.42097,7.71821],[80.42107,7.71851],[80.42111,7.71889],[80.421,7.71934],[80.42118,7.71984],[80.42137,7.72058],[80.42122,7.7206],[80.42131,7.72112],[80.42191,7.72118],[80.42199,7.72093],[80.42258,7.72092],[80.42272,7.72113],[80.42277,7.72093],[80.4228,7.72051],[80.42203,7.72049],[80.42187,7.72043],[80.42177,7.71998],[80.42178,7.71978],[80.42155,7.71974],[80.42157,7.71825],[80.4215,7.71815],[80.42148,7.71747],[80.42161,7.71715],[80.42161,7.71642],[80.42186,7.71635],[80.42211,7.71621],[80.42254,7.71621],[80.42276,7.7163],[80.42334,7.71687],[80.42388,7.71718],[80.42401,7.71719],[80.42409,7.71735],[80.42453,7.71765],[80.42442,7.7179],[80.42522,7.71834],[80.4251,7.71863],[80.42517,7.71872],[80.4255,7.71882],[80.42559,7.71856],[80.42656,7.71914],[80.4269,7.7192],[80.42683,7.71943],[80.42663,7.71975],[80.42663,7.71988],[80.4269,7.71993],[80.42702,7.72025],[80.42741,7.7201],[80.42746,7.71989],[80.42729,7.71949],[80.42811,7.71926],[80.42855,7.71919],[80.42853,7.71937],[80.42926,7.71965],[80.42976,7.71849],[80.4298,7.71827],[80.42908,7.71797],[80.42829,7.71748],[80.42802,7.7174],[80.42785,7.7174],[80.42772,7.71757],[80.42756,7.71799],[80.42735,7.71815],[80.42752,7.71774],[80.42728,7.71771],[80.42732,7.71739],[80.42724,7.71731],[80.4267,7.71743],[80.42635,7.7173],[80.42638,7.71721],[80.42632,7.71706],[80.42659,7.71676],[80.42699,7.71679],[80.42733,7.71626],[80.42757,7.71633],[80.42779,7.71604],[80.42814,7.71594],[80.4283,7.71562],[80.42864,7.71577],[80.42893,7.71569],[80.42892,7.71591],[80.42938,7.716],[80.42938,7.71553],[80.43014,7.71529],[80.43013,7.7151],[80.42993,7.71506],[80.42941,7.71521],[80.42907,7.71543],[80.42897,7.71466],[80.42867,7.71468],[80.42919,7.71364],[80.42936,7.71364],[80.42959,7.71372],[80.4299,7.71333],[80.43022,7.71339],[80.43029,7.7131],[80.43068,7.71321],[80.4309,7.71319],[80.43093,7.71326],[80.43113,7.71324],[80.43118,7.71335],[80.43136,7.71337],[80.43123,7.71448],[80.43139,7.71454],[80.43146,7.71452],[80.43175,7.71386],[80.43187,7.71372],[80.43193,7.7139],[80.4318,7.71437],[80.4319,7.71447],[80.43216,7.71452],[80.43279,7.71452],[80.4329,7.71334],[80.43311,7.71236],[80.43258,7.71239],[80.43212,7.71234],[80.43203,7.7124],[80.43199,7.71255],[80.43172,7.71275],[80.43133,7.7124],[80.43105,7.71249],[80.43092,7.7123],[80.43025,7.71224],[80.42908,7.71235],[80.42871,7.71253],[80.42854,7.7125],[80.42797,7.71225],[80.42804,7.71202],[80.4278,7.71194],[80.42775,7.71221],[80.42738,7.71232],[80.42723,7.71243],[80.42731,7.71276],[80.42732,7.7133],[80.42722,7.71369],[80.42693,7.71402],[80.42665,7.71402],[80.42588,7.71418],[80.4256,7.71435],[80.42565,7.7141],[80.4254,7.71378],[80.42537,7.71352],[80.42564,7.7133],[80.4258,7.71232],[80.4236,7.7123],[80.42339,7.71286],[80.42359,7.71294],[80.42347,7.71351],[80.42313,7.71355],[80.42288,7.71413],[80.42363,7.71417],[80.42547,7.7145],[80.42576,7.71445],[80.42597,7.71468],[80.42635,7.71472],[80.42635,7.71488],[80.4263,7.71499],[80.42595,7.71514],[80.42572,7.71506],[80.42476,7.715],[80.42463,7.71525],[80.42448,7.71532],[80.42427,7.71532],[80.42389,7.71523],[80.42383,7.71498],[80.42289,7.71483],[80.42271,7.71519],[80.42242,7.71535],[80.42194,7.7153],[80.42164,7.71536],[80.42128,7.71512],[80.41993,7.71499],[80.41963,7.71487],[80.4192,7.7144],[80.41882,7.71365],[80.41881,7.71342],[80.41839,7.71348],[80.41828,7.71329],[80.41826,7.71283],[80.41813,7.71254],[80.4179,7.71238],[80.41777,7.7121],[80.4177,7.71183],[80.41736,7.71177],[80.41722,7.71184],[80.41693,7.71169],[80.41687,7.71119],[80.41672,7.71064],[80.41633,7.71048],[80.41615,7.71029],[80.41588,7.71015],[80.41563,7.70995],[80.41553,7.70966],[80.41551,7.70923],[80.41589,7.70926],[80.41637,7.70939],[80.41707,7.70937],[80.41764,7.70941],[80.41772,7.70917],[80.41831,7.70913],[80.41848,7.70917],[80.41878,7.70911],[80.41883,7.70933],[80.41896,7.70955],[80.41914,7.70956],[80.41926,7.70919],[80.41922,7.70889],[80.4191,7.70873],[80.41869,7.70847],[80.4181,7.70831],[80.41706,7.70792],[80.4169,7.70754],[80.41699,7.70691],[80.4172,7.70638],[80.41736,7.70578],[80.41767,7.70518],[80.41724,7.705],[80.41669,7.70492],[80.41657,7.70508],[80.41631,7.70506],[80.41621,7.70516],[80.41628,7.70539],[80.41645,7.70545],[80.41642,7.70584],[80.41606,7.70654],[80.41606,7.70694],[80.41592,7.7072],[80.41567,7.70738],[80.41503,7.70736],[80.41478,7.70767],[80.41433,7.7081],[80.41398,7.70804]]]}},{"type":"Feature","properties":{"c":"farmland","n":"Korahagolla Wewa and Maeliya Rambe Wewa Irrigable Area"},"geometry":{"type":"Polygon","coordinates":[[[80.41914,7.7306],[80.41969,7.73089],[80.41962,7.73103],[80.4198,7.73114],[80.41976,7.73127],[80.41958,7.73118],[80.41948,7.73132],[80.41966,7.73141],[80.41959,7.73163],[80.41994,7.73182],[80.42001,7.73162],[80.42111,7.73214],[80.42138,7.73259],[80.42172,7.7325],[80.42161,7.7329],[80.42228,7.73321],[80.42237,7.73301],[80.42233,7.73286],[80.42223,7.7328],[80.42224,7.73275],[80.42241,7.73255],[80.42256,7.73249],[80.42266,7.73256],[80.42256,7.73263],[80.42248,7.73284],[80.42267,7.73286],[80.42278,7.73255],[80.42285,7.73249],[80.42278,7.73229],[80.42291,7.73216],[80.423,7.73232],[80.423,7.73245],[80.42316,7.73256],[80.42312,7.7327],[80.42321,7.73279],[80.42347,7.73283],[80.42355,7.73266],[80.42382,7.73273],[80.424,7.73281],[80.42406,7.733],[80.42415,7.73308],[80.42414,7.73319],[80.42425,7.73323],[80.42431,7.73307],[80.4243,7.7329],[80.42451,7.73292],[80.42468,7.73301],[80.42465,7.73317],[80.42447,7.73336],[80.42452,7.73358],[80.42464,7.73366],[80.42477,7.73347],[80.42488,7.73354],[80.42477,7.73377],[80.42497,7.73379],[80.42482,7.73423],[80.42522,7.73488],[80.4255,7.73501],[80.42591,7.7351],[80.42664,7.73484],[80.42669,7.73473],[80.42683,7.73471],[80.42688,7.73461],[80.4273,7.73486],[80.42778,7.73508],[80.42806,7.73475],[80.42823,7.73429],[80.42791,7.73415],[80.42775,7.73415],[80.42778,7.73396],[80.42744,7.73371],[80.42724,7.73364],[80.42738,7.73332],[80.42719,7.73325],[80.42717,7.73318],[80.42768,7.73325],[80.4277,7.73274],[80.42778,7.73237],[80.42651,7.73195],[80.42631,7.73205],[80.42601,7.73232],[80.42578,7.73241],[80.42567,7.7322],[80.42508,7.73214],[80.425,7.732],[80.42476,7.73194],[80.42446,7.73197],[80.42451,7.7322],[80.42421,7.73241],[80.42433,7.73191],[80.42435,7.73148],[80.4246,7.73153],[80.42469,7.7312],[80.42471,7.7308],[80.42469,7.7305],[80.42418,7.72959],[80.42381,7.7296],[80.42352,7.72974],[80.4227,7.72971],[80.4226,7.72982],[80.42233,7.72984],[80.4223,7.73022],[80.42202,7.731],[80.42171,7.7323],[80.42178,7.73164],[80.42175,7.73137],[80.42146,7.73124],[80.42129,7.73123],[80.42129,7.73104],[80.42057,7.73094],[80.42032,7.73096],[80.41983,7.73083],[80.41937,7.73057],[80.41916,7.73051],[80.41914,7.7306]]]}},{"type":"Feature","properties":{"c":"farmland","n":"Rambe Galalaga Wewa and Other Tank Irrigable Area"},"geometry":{"type":"Polygon","coordinates":[[[80.42978,7.72906],[80.43004,7.72949],[80.43016,7.72938],[80.43037,7.72948],[80.43047,7.72947],[80.4307,7.72971],[80.43103,7.72959],[80.43106,7.72969],[80.431,7.72996],[80.43102,7.73027],[80.43046,7.73068],[80.43043,7.7308],[80.43058,7.73097],[80.43045,7.73123],[80.4307,7.73143],[80.43087,7.73134],[80.43098,7.73124],[80.43091,7.73085],[80.43131,7.73128],[80.43113,7.73146],[80.43139,7.73251],[80.4316,7.73246],[80.43162,7.73267],[80.43146,7.73285],[80.43172,7.73315],[80.43168,7.7334],[80.43197,7.734],[80.43214,7.73422],[80.43253,7.73347],[80.43234,7.73354],[80.43207,7.73299],[80.43227,7.73287],[80.43222,7.73277],[80.43203,7.73271],[80.43206,7.73259],[80.43223,7.73256],[80.43227,7.73227],[80.43195,7.73199],[80.43191,7.73166],[80.43212,7.73173],[80.43254,7.73136],[80.43285,7.73128],[80.43341,7.73138],[80.43391,7.73155],[80.43396,7.73093],[80.43389,7.73085],[80.43338,7.73086],[80.43279,7.73077],[80.43253,7.73077],[80.4324,7.73093],[80.43227,7.73063],[80.43218,7.73017],[80.4322,7.72992],[80.43228,7.72968],[80.43225,7.72945],[80.43243,7.72932],[80.4328,7.72919],[80.4328,7.72892],[80.43273,7.72849],[80.43194,7.72878],[80.43151,7.729],[80.43138,7.72861],[80.43127,7.72863],[80.43113,7.72873],[80.4311,7.72881],[80.43117,7.72903],[80.43113,7.72914],[80.43084,7.72933],[80.4305,7.72936],[80.43032,7.72929],[80.43027,7.72925],[80.43022,7.72904],[80.42978,7.72906]]]}},{"type":"Feature","properties":{"c":"farmland","n":"Paddy Land"},"geometry":{"type":"Polygon","coordinates":[[[80.43878,7.73848],[80.43882,7.73871],[80.43891,7.73872],[80.43895,7.73858],[80.43914,7.73857],[80.43913,7.73916],[80.43907,7.7393],[80.43897,7.73931],[80.43894,7.73942],[80.43905,7.73946],[80.43904,7.73974],[80.43888,7.74012],[80.43895,7.74019],[80.43888,7.74049],[80.43891,7.74052],[80.43881,7.74058],[80.43882,7.74123],[80.43894,7.74142],[80.43909,7.74142],[80.43907,7.7415],[80.43913,7.74156],[80.43903,7.7416],[80.43906,7.74181],[80.43922,7.74194],[80.43936,7.74197],[80.43937,7.74214],[80.43953,7.74218],[80.43965,7.74189],[80.44001,7.74131],[80.44054,7.74067],[80.44065,7.74006],[80.44035,7.7403],[80.44018,7.74092],[80.43929,7.74044],[80.43912,7.74024],[80.43925,7.74014],[80.43941,7.73965],[80.43932,7.7396],[80.43956,7.73817],[80.43953,7.73792],[80.43945,7.73782],[80.43951,7.73755],[80.43949,7.73717],[80.4396,7.73654],[80.43965,7.73641],[80.4398,7.73637],[80.43995,7.73618],[80.43962,7.73594],[80.43945,7.73574],[80.43931,7.73596],[80.43946,7.73607],[80.43929,7.73644],[80.43916,7.73639],[80.43904,7.73654],[80.43906,7.73678],[80.43895,7.73716],[80.43892,7.73776],[80.4388,7.73814],[80.43878,7.73848]]]}},{"type":"Feature","properties":{"c":"farmland"},"geometry":{"type":"Polygon","coordinates":[[[80.41339,7.76684],[80.41404,7.76688],[80.41434,7.76684],[80.41476,7.76688],[80.4151,7.76703],[80.41542,7.767],[80.41537,7.76656],[80.41542,7.76637],[80.41523,7.76586],[80.41494,7.7658],[80.41462,7.76582],[80.41412,7.76566],[80.41424,7.76491],[80.41519,7.76517],[80.41511,7.76462],[80.41506,7.76446],[80.41492,7.7643],[80.41483,7.76388],[80.41485,7.76359],[80.41424,7.76355],[80.41418,7.76366],[80.41416,7.76409],[80.41399,7.76426],[80.41409,7.76435],[80.41396,7.76476],[80.41377,7.76477],[80.41374,7.76505],[80.41359,7.76508],[80.4136,7.76553],[80.41339,7.76684]]]}},{"type":"Feature","properties":{"c":"farmland"},"geometry":{"type":"Polygon","coordinates":[[[80.41385,7.77057],[80.41389,7.77082],[80.41413,7.77103],[80.41435,7.77134],[80.41491,7.77178],[80.41493,7.77208],[80.41469,7.77215],[80.41459,7.77227],[80.41471,7.77248],[80.41472,7.77261],[80.41521,7.77282],[80.41548,7.77306],[80.41564,7.77308],[80.41579,7.77283],[80.41587,7.77289],[80.4159,7.77318],[80.41609,7.7732],[80.41633,7.77289],[80.41634,7.77265],[80.41661,7.77263],[80.41686,7.77277],[80.417,7.77294],[80.41702,7.77312],[80.41715,7.77347],[80.41717,7.77375],[80.41731,7.77375],[80.41814,7.77319],[80.41834,7.77286],[80.41882,7.77242],[80.41851,7.77218],[80.41864,7.77175],[80.41918,7.77178],[80.41883,7.77113],[80.41865,7.77123],[80.41844,7.77123],[80.41818,7.77093],[80.41774,7.77107],[80.4171,7.77098],[80.4172,7.77084],[80.41709,7.77075],[80.417,7.77054],[80.41662,7.77048],[80.41603,7.77095],[80.41578,7.77099],[80.41544,7.77125],[80.41511,7.77104],[80.41513,7.77072],[80.41499,7.77076],[80.41485,7.77092],[80.41472,7.77062],[80.41476,7.77042],[80.41426,7.77008],[80.41404,7.77018],[80.4139,7.77036],[80.41385,7.77057]]]}},{"type":"Feature","properties":{"c":"farmland"},"geometry":{"type":"Polygon","coordinates":[[[80.41725,7.77497],[80.41729,7.77513],[80.41741,7.77528],[80.41795,7.7758],[80.41809,7.77585],[80.41814,7.77564],[80.41811,7.77552],[80.41822,7.77537],[80.41822,7.77526],[80.41814,7.775],[80.41817,7.77487],[80.41808,7.77437],[80.41809,7.77428],[80.41814,7.77423],[80.41821,7.77427],[80.41829,7.77414],[80.41823,7.77401],[80.41823,7.7736],[80.41818,7.77346],[80.41733,7.77446],[80.4174,7.77458],[80.41727,7.77478],[80.41725,7.77497]]]}},{"type":"Feature","properties":{"c":"farmland"},"geometry":{"type":"Polygon","coordinates":[[[80.41135,7.77736],[80.4115,7.77792],[80.41141,7.77803],[80.41147,7.77843],[80.41177,7.77834],[80.41181,7.77843],[80.41233,7.77836],[80.41243,7.77858],[80.41247,7.77906],[80.41258,7.77921],[80.4126,7.77956],[80.41244,7.77961],[80.4125,7.78048],[80.41293,7.78049],[80.41305,7.78066],[80.41328,7.78063],[80.41345,7.78051],[80.41373,7.7805],[80.4139,7.78064],[80.4142,7.7807],[80.41443,7.7806],[80.41484,7.78057],[80.41557,7.78042],[80.41595,7.7806],[80.4162,7.78064],[80.41643,7.78077],[80.41691,7.78056],[80.41716,7.78034],[80.41726,7.77999],[80.41763,7.78049],[80.41796,7.7806],[80.41827,7.78057],[80.41851,7.78049],[80.41896,7.78014],[80.4192,7.77981],[80.41921,7.7796],[80.419,7.7783],[80.41865,7.77752],[80.41864,7.77685],[80.41858,7.77665],[80.41846,7.7765],[80.41814,7.77633],[80.41767,7.77556],[80.41733,7.77532],[80.41719,7.77506],[80.41718,7.77451],[80.41709,7.77444],[80.41704,7.77445],[80.41701,7.77453],[80.41706,7.77493],[80.41704,7.77562],[80.41717,7.77625],[80.41709,7.7763],[80.41705,7.77654],[80.4167,7.77656],[80.4167,7.77686],[80.41594,7.77665],[80.41576,7.77681],[80.41518,7.77656],[80.41486,7.77629],[80.41468,7.77543],[80.4148,7.77506],[80.4147,7.77503],[80.41452,7.77478],[80.41496,7.77436],[80.4151,7.7743],[80.41559,7.7749],[80.41566,7.77483],[80.4156,7.77477],[80.41561,7.77457],[80.41567,7.77451],[80.41575,7.77453],[80.4159,7.77441],[80.41598,7.77442],[80.41602,7.77453],[80.41611,7.77458],[80.41633,7.77463],[80.41643,7.77458],[80.41652,7.77461],[80.41662,7.77456],[80.41651,7.77403],[80.41636,7.77402],[80.41545,7.77417],[80.41541,7.77423],[80.41523,7.77422],[80.41532,7.77408],[80.41535,7.77391],[80.41519,7.77347],[80.41507,7.77342],[80.415,7.7733],[80.41464,7.77352],[80.41466,7.77373],[80.41472,7.7738],[80.41509,7.77367],[80.41517,7.77394],[80.41486,7.77415],[80.41416,7.77317],[80.41403,7.77325],[80.41394,7.77308],[80.41402,7.77301],[80.41397,7.77292],[80.41342,7.77319],[80.41335,7.77309],[80.41316,7.77236],[80.41307,7.77243],[80.41298,7.77236],[80.41303,7.77225],[80.413,7.77211],[80.41335,7.77196],[80.41346,7.77201],[80.41307,7.77145],[80.4128,7.77149],[80.4126,7.7714],[80.41235,7.77137],[80.41225,7.77145],[80.41223,7.77154],[80.41232,7.77165],[80.41223,7.77183],[80.41213,7.77189],[80.41199,7.77211],[80.41223,7.77221],[80.41195,7.77229],[80.41193,7.77244],[80.41208,7.77235],[80.41234,7.77232],[80.41237,7.77271],[80.41213,7.77295],[80.41241,7.77293],[80.41241,7.77309],[80.41288,7.773],[80.41326,7.77365],[80.41248,7.7736],[80.41226,7.77362],[80.41193,7.77373],[80.41196,7.77385],[80.41234,7.77385],[80.41222,7.77438],[80.41207,7.77448],[80.41201,7.77466],[80.41234,7.77474],[80.41244,7.77486],[80.41225,7.77562],[80.41238,7.7759],[80.41223,7.77593],[80.41198,7.77626],[80.41185,7.77627],[80.41192,7.77698],[80.41146,7.77715],[80.41135,7.77736]],[[80.41556,7.7793],[80.41593,7.77911],[80.41622,7.77881],[80.41609,7.77863],[80.41617,7.77848],[80.41626,7.77859],[80.41645,7.77857],[80.41663,7.77838],[80.41682,7.77832],[80.41703,7.77854],[80.41718,7.77854],[80.41723,7.77858],[80.4175,7.77915],[80.41752,7.77943],[80.4173,7.77987],[80.41682,7.77984],[80.41618,7.78006],[80.41605,7.77985],[80.41623,7.77977],[80.41623,7.77964],[80.41641,7.77963],[80.41641,7.7795],[80.41606,7.77936],[80.41564,7.77948],[80.41556,7.7793]]]}},{"type":"Feature","properties":{"c":"farmland"},"geometry":{"type":"Polygon","coordinates":[[[80.4283,7.77404],[80.4284,7.77408],[80.42836,7.77416],[80.42842,7.77422],[80.42837,7.77432],[80.42846,7.77446],[80.4284,7.77447],[80.42838,7.77455],[80.42846,7.77461],[80.42849,7.7745],[80.42869,7.77436],[80.42874,7.77447],[80.42887,7.77441],[80.42886,7.77435],[80.42903,7.77433],[80.42903,7.77416],[80.42871,7.77409],[80.42866,7.77402],[80.42868,7.77383],[80.42847,7.77387],[80.42842,7.77395],[80.42834,7.77393],[80.4283,7.77404]]]}},{"type":"Feature","properties":{"c":"farmland"},"geometry":{"type":"Polygon","coordinates":[[[80.42702,7.77484],[80.4271,7.77499],[80.42724,7.77489],[80.4273,7.7747],[80.4275,7.77464],[80.42765,7.77474],[80.42765,7.77469],[80.42772,7.77464],[80.42807,7.77458],[80.42804,7.77442],[80.42781,7.77448],[80.42766,7.77437],[80.42757,7.77423],[80.42759,7.77391],[80.42765,7.77377],[80.42761,7.77373],[80.42764,7.77361],[80.42744,7.77356],[80.42742,7.77371],[80.42731,7.77389],[80.42738,7.77393],[80.42728,7.77438],[80.42711,7.7744],[80.42706,7.77447],[80.42715,7.77465],[80.42702,7.77484]]]}},{"type":"Feature","properties":{"c":"farmland"},"geometry":{"type":"Polygon","coordinates":[[[80.4146,7.78698],[80.41476,7.78735],[80.41486,7.78747],[80.41494,7.78749],[80.41486,7.78756],[80.41486,7.78764],[80.41502,7.78796],[80.41522,7.78791],[80.41537,7.78774],[80.4156,7.78788],[80.41564,7.78785],[80.41577,7.78793],[80.41592,7.78789],[80.41604,7.788],[80.41595,7.78808],[80.41628,7.78826],[80.41687,7.78775],[80.41765,7.7874],[80.41774,7.78761],[80.41743,7.78804],[80.41722,7.78857],[80.41729,7.78864],[80.41718,7.78883],[80.41709,7.78893],[80.41682,7.78888],[80.41678,7.78881],[80.41658,7.7891],[80.41684,7.78928],[80.41711,7.79009],[80.41727,7.79026],[80.41741,7.79056],[80.4175,7.79066],[80.41749,7.79091],[80.41706,7.79096],[80.41706,7.79137],[80.4174,7.79139],[80.41738,7.79152],[80.41743,7.79155],[80.41861,7.79121],[80.41862,7.79127],[80.41893,7.79121],[80.41896,7.7909],[80.41889,7.7909],[80.41887,7.79066],[80.41895,7.79065],[80.41897,7.79052],[80.41906,7.79052],[80.41933,7.78999],[80.41927,7.7899],[80.4189,7.79016],[80.41886,7.79005],[80.41879,7.79003],[80.41874,7.78988],[80.4189,7.78982],[80.41886,7.78969],[80.41906,7.78956],[80.41901,7.78938],[80.41914,7.78933],[80.41913,7.78927],[80.41897,7.78899],[80.41838,7.78923],[80.41829,7.78868],[80.41829,7.78829],[80.41889,7.78831],[80.41888,7.78774],[80.41856,7.78726],[80.41874,7.78703],[80.41897,7.78652],[80.4191,7.7858],[80.4191,7.78566],[80.419,7.78546],[80.41893,7.78541],[80.41848,7.78564],[80.41822,7.78566],[80.41819,7.78594],[80.41827,7.78627],[80.41806,7.78628],[80.41803,7.78596],[80.41762,7.786],[80.41759,7.78613],[80.41747,7.78611],[80.41745,7.7864],[80.41722,7.78634],[80.41719,7.78621],[80.41722,7.78613],[80.4173,7.7861],[80.41727,7.78559],[80.41678,7.78535],[80.41675,7.78515],[80.41626,7.7852],[80.41627,7.78556],[80.41664,7.78557],[80.41662,7.78568],[80.41667,7.78574],[80.41662,7.78615],[80.41654,7.78629],[80.41629,7.78624],[80.41617,7.78654],[80.41619,7.78685],[80.41647,7.78723],[80.41621,7.78757],[80.41604,7.78766],[80.41534,7.78706],[80.41526,7.78711],[80.41514,7.7871],[80.41491,7.78682],[80.4146,7.78698]]]}},{"type":"Feature","properties":{"c":"farmland"},"geometry":{"type":"Polygon","coordinates":[[[80.41122,7.78267],[80.4113,7.78276],[80.41146,7.78277],[80.41147,7.78293],[80.4114,7.78296],[80.41139,7.78307],[80.41167,7.78389],[80.41175,7.78389],[80.41185,7.78362],[80.41235,7.7837],[80.41243,7.78437],[80.41186,7.78446],[80.41181,7.78461],[80.41197,7.78471],[80.41201,7.78497],[80.41236,7.78488],[80.41249,7.78499],[80.41257,7.7853],[80.41216,7.78547],[80.4122,7.78608],[80.41228,7.78626],[80.41226,7.78647],[80.41242,7.78672],[80.41276,7.78669],[80.41279,7.78689],[80.4127,7.78687],[80.4126,7.787],[80.41257,7.78714],[80.41243,7.78712],[80.4123,7.78741],[80.41217,7.78753],[80.41222,7.78783],[80.41251,7.78793],[80.41277,7.78792],[80.41325,7.78754],[80.41331,7.78734],[80.41329,7.78691],[80.41281,7.78564],[80.41273,7.78532],[80.41306,7.78523],[80.41319,7.78608],[80.41333,7.78612],[80.41351,7.78594],[80.41363,7.78589],[80.41439,7.78571],[80.41473,7.78571],[80.41513,7.78558],[80.41519,7.78546],[80.41485,7.78515],[80.41462,7.7848],[80.41469,7.78464],[80.4145,7.78419],[80.41466,7.78414],[80.41516,7.78414],[80.41516,7.78405],[80.41536,7.7839],[80.4155,7.78392],[80.41565,7.78382],[80.41613,7.78366],[80.41619,7.78353],[80.41623,7.78312],[80.41611,7.78277],[80.41586,7.78235],[80.41573,7.78179],[80.41541,7.78176],[80.41499,7.78187],[80.41472,7.78134],[80.41451,7.78139],[80.4143,7.78157],[80.41399,7.78138],[80.41385,7.78138],[80.41363,7.78151],[80.41334,7.78136],[80.41308,7.78139],[80.41286,7.78153],[80.4125,7.78167],[80.41276,7.78254],[80.4126,7.78258],[80.41258,7.78271],[80.41247,7.78269],[80.41228,7.78254],[80.4122,7.78176],[80.41207,7.78171],[80.41169,7.78182],[80.41167,7.78196],[80.41174,7.78206],[80.41139,7.78215],[80.4114,7.78252],[80.4113,7.78256],[80.41122,7.78267]]]}},{"type":"Feature","properties":{"c":"farmland"},"geometry":{"type":"Polygon","coordinates":[[[80.42312,7.80039],[80.4236,7.80204],[80.424,7.80216],[80.42502,7.80307],[80.42504,7.80322],[80.42483,7.80352],[80.42492,7.80382],[80.42504,7.80403],[80.42516,7.80401],[80.42533,7.80406],[80.42543,7.80382],[80.42535,7.80368],[80.42538,7.80337],[80.42547,7.80327],[80.42566,7.80336],[80.42572,7.8036],[80.42568,7.80368],[80.42575,7.8037],[80.42589,7.80386],[80.42584,7.80481],[80.4259,7.80495],[80.42606,7.8052],[80.42629,7.80536],[80.42647,7.80543],[80.4266,7.80542],[80.42679,7.80501],[80.42699,7.80505],[80.42705,7.80493],[80.42715,7.80496],[80.42738,7.80464],[80.42758,7.80448],[80.42786,7.80437],[80.42797,7.80368],[80.42817,7.8037],[80.42818,7.80348],[80.42857,7.80353],[80.42857,7.80343],[80.42877,7.80292],[80.42898,7.80153],[80.42922,7.80068],[80.42927,7.80032],[80.42903,7.80022],[80.42897,7.79995],[80.42878,7.79981],[80.42872,7.79967],[80.42841,7.79932],[80.42791,7.79887],[80.42803,7.79866],[80.42807,7.7984],[80.42827,7.79842],[80.42838,7.79838],[80.42849,7.79813],[80.4281,7.79805],[80.42818,7.79777],[80.42816,7.79763],[80.42841,7.7976],[80.42842,7.79744],[80.42858,7.79737],[80.42861,7.79756],[80.42964,7.79737],[80.42963,7.79766],[80.43007,7.79748],[80.43026,7.79748],[80.43011,7.79727],[80.43001,7.79723],[80.43003,7.7971],[80.42995,7.79701],[80.42987,7.79707],[80.42984,7.79697],[80.42961,7.79699],[80.42945,7.79687],[80.42933,7.79686],[80.42924,7.79674],[80.42866,7.79631],[80.42839,7.79632],[80.42835,7.79617],[80.4281,7.79601],[80.42839,7.79578],[80.4284,7.79563],[80.42828,7.79524],[80.42855,7.7949],[80.4286,7.79477],[80.42838,7.79396],[80.42839,7.7939],[80.42826,7.79381],[80.42837,7.79357],[80.42846,7.79361],[80.42849,7.79328],[80.42855,7.79322],[80.42865,7.79336],[80.42859,7.79364],[80.42851,7.79372],[80.42853,7.79383],[80.42868,7.79381],[80.42879,7.79366],[80.42892,7.79366],[80.42921,7.79391],[80.42951,7.79389],[80.42965,7.79386],[80.42975,7.7937],[80.42994,7.79362],[80.42991,7.79383],[80.43014,7.79386],[80.43041,7.79401],[80.4307,7.79398],[80.43086,7.79402],[80.43116,7.79419],[80.43129,7.79401],[80.43151,7.79418],[80.4317,7.79449],[80.43184,7.79458],[80.43187,7.79465],[80.43188,7.79475],[80.43176,7.79487],[80.43173,7.79517],[80.4319,7.79586],[80.43202,7.79586],[80.43202,7.79598],[80.43224,7.79633],[80.43221,7.79654],[80.43259,7.79696],[80.4329,7.79763],[80.4331,7.79784],[80.43323,7.79788],[80.43342,7.79773],[80.43357,7.79591],[80.43337,7.796],[80.43336,7.79614],[80.43323,7.79603],[80.43311,7.79613],[80.43316,7.79598],[80.43294,7.79578],[80.43292,7.79561],[80.43309,7.79537],[80.43306,7.79529],[80.43324,7.79499],[80.43327,7.79462],[80.43356,7.79453],[80.43367,7.79456],[80.43372,7.79443],[80.4337,7.79435],[80.43322,7.79441],[80.43312,7.79413],[80.43288,7.79388],[80.43249,7.79331],[80.43244,7.79303],[80.43351,7.79237],[80.43328,7.7922],[80.43312,7.79223],[80.43305,7.79209],[80.43286,7.79205],[80.43288,7.79195],[80.43257,7.79196],[80.43228,7.79207],[80.4322,7.79191],[80.43215,7.79192],[80.43225,7.79183],[80.43221,7.79156],[80.43211,7.79137],[80.43204,7.79125],[80.43183,7.79114],[80.43173,7.79094],[80.4315,7.79087],[80.43149,7.79074],[80.43099,7.79089],[80.43075,7.79089],[80.42928,7.7906],[80.42694,7.79038],[80.42562,7.79058],[80.42572,7.7907],[80.42572,7.79081],[80.42579,7.7909],[80.42599,7.79094],[80.42603,7.79114],[80.42579,7.79181],[80.4253,7.79181],[80.42494,7.79205],[80.42449,7.79265],[80.42432,7.79319],[80.42447,7.79331],[80.42469,7.79331],[80.42477,7.79322],[80.42489,7.79275],[80.425,7.79257],[80.42526,7.79267],[80.42539,7.79287],[80.4254,7.79303],[80.42526,7.79316],[80.42524,7.7934],[80.42568,7.79323],[80.42581,7.79333],[80.42604,7.79335],[80.42596,7.79355],[80.42606,7.79363],[80.42654,7.79373],[80.42675,7.79412],[80.42698,7.79412],[80.4276,7.79437],[80.42758,7.79457],[80.42771,7.79485],[80.42768,7.79505],[80.42748,7.79504],[80.42748,7.79483],[80.42741,7.79474],[80.42708,7.79453],[80.42701,7.79432],[80.4268,7.79429],[80.42679,7.79442],[80.42705,7.79461],[80.42688,7.79474],[80.42694,7.79484],[80.42682,7.79491],[80.42686,7.79496],[80.42657,7.79502],[80.4265,7.79512],[80.42659,7.7952],[80.42668,7.79521],[80.42726,7.79521],[80.42762,7.79515],[80.42763,7.79533],[80.4275,7.79542],[80.42744,7.79566],[80.42749,7.79587],[80.42761,7.79603],[80.42746,7.79631],[80.42739,7.79666],[80.42729,7.79677],[80.42707,7.79669],[80.4271,7.79662],[80.4272,7.79662],[80.42724,7.79643],[80.42713,7.79641],[80.42713,7.79631],[80.42734,7.79621],[80.42738,7.79612],[80.42672,7.79603],[80.42668,7.79666],[80.42627,7.79715],[80.42607,7.79765],[80.42604,7.79789],[80.42585,7.79809],[80.42584,7.79817],[80.42604,7.79829],[80.42612,7.79852],[80.42593,7.79863],[80.42561,7.79861],[80.42559,7.79842],[80.42542,7.79841],[80.42541,7.79835],[80.42524,7.79829],[80.4251,7.79834],[80.42508,7.79827],[80.42526,7.79808],[80.42533,7.79786],[80.425,7.79787],[80.42487,7.79891],[80.42492,7.79898],[80.42496,7.79918],[80.42514,7.79917],[80.42517,7.79943],[80.425,7.79944],[80.42502,7.80022],[80.42539,7.80015],[80.42573,7.80015],[80.42585,7.80033],[80.42597,7.80038],[80.42598,7.80044],[80.42585,7.80068],[80.42587,7.80085],[80.42583,7.80091],[80.4259,7.801],[80.42585,7.80112],[80.42589,7.80128],[80.42579,7.80149],[80.42586,7.80173],[80.42583,7.802],[80.42589,7.80216],[80.42577,7.80247],[80.42559,7.80251],[80.42572,7.80269],[80.42564,7.80313],[80.4254,7.80275],[80.42537,7.80252],[80.42541,7.80248],[80.42542,7.80237],[80.42526,7.80127],[80.42547,7.80122],[80.42546,7.80104],[80.42524,7.80109],[80.42516,7.80074],[80.42507,7.80064],[80.42492,7.80058],[80.42496,7.8007],[80.42479,7.80072],[80.4248,7.80054],[80.42471,7.80052],[80.42467,7.80056],[80.42467,7.80061],[80.42473,7.80064],[80.42469,7.8007],[80.42462,7.80068],[80.42454,7.80073],[80.42454,7.80058],[80.42424,7.80052],[80.42428,7.8007],[80.42417,7.8007],[80.4241,7.80066],[80.42411,7.8006],[80.42398,7.80057],[80.42397,7.80035],[80.42312,7.80039]]]}},{"type":"Feature","properties":{"c":"farmland"},"geometry":{"type":"Polygon","coordinates":[[[80.42627,7.79012],[80.42644,7.79038],[80.42667,7.79031],[80.42682,7.79032],[80.42694,7.79006],[80.42706,7.78997],[80.42715,7.79005],[80.42721,7.7903],[80.42759,7.79037],[80.42761,7.79015],[80.42771,7.79014],[80.42769,7.79038],[80.42778,7.79041],[80.4294,7.79054],[80.42944,7.79029],[80.42941,7.7897],[80.4311,7.78967],[80.43216,7.78975],[80.43279,7.79025],[80.43285,7.79023],[80.433,7.78993],[80.43322,7.79007],[80.43317,7.7902],[80.43328,7.79024],[80.43337,7.79013],[80.43352,7.79018],[80.43362,7.79014],[80.43372,7.79019],[80.43363,7.79027],[80.43365,7.79046],[80.43376,7.7905],[80.43397,7.79036],[80.43406,7.79034],[80.43413,7.79039],[80.43408,7.79047],[80.43417,7.79058],[80.43412,7.79066],[80.43413,7.7909],[80.43405,7.79106],[80.43418,7.79122],[80.43433,7.79127],[80.43465,7.79072],[80.43483,7.79019],[80.43444,7.78998],[80.4343,7.78981],[80.43449,7.78965],[80.43426,7.78916],[80.43441,7.78893],[80.43452,7.78916],[80.43472,7.78924],[80.43479,7.78902],[80.43503,7.78915],[80.43493,7.78945],[80.43521,7.78955],[80.4357,7.78985],[80.436,7.78994],[80.43596,7.79009],[80.4357,7.79037],[80.4354,7.79045],[80.43522,7.79082],[80.43531,7.79096],[80.43546,7.79106],[80.43565,7.79111],[80.43566,7.79092],[80.43574,7.79072],[80.43584,7.79089],[80.43595,7.79095],[80.43608,7.79087],[80.43639,7.79093],[80.43642,7.79069],[80.43695,7.79094],[80.43755,7.79104],[80.43768,7.79102],[80.43778,7.79031],[80.43812,7.79042],[80.44016,7.79012],[80.44054,7.79011],[80.44069,7.78945],[80.44051,7.78936],[80.44061,7.7892],[80.44046,7.78915],[80.44053,7.7889],[80.44065,7.78889],[80.44067,7.78877],[80.44074,7.78879],[80.44075,7.7887],[80.44069,7.78869],[80.44075,7.78851],[80.44062,7.78846],[80.44071,7.78815],[80.44083,7.78806],[80.44106,7.78802],[80.44153,7.78814],[80.44169,7.78762],[80.44125,7.78746],[80.44115,7.78749],[80.44107,7.78759],[80.44092,7.78747],[80.44093,7.78736],[80.44071,7.78713],[80.44058,7.78709],[80.4406,7.7869],[80.44056,7.78685],[80.44038,7.78687],[80.44023,7.78681],[80.44029,7.7865],[80.44026,7.78646],[80.44021,7.78651],[80.43972,7.78643],[80.43969,7.78649],[80.43958,7.78653],[80.43932,7.78648],[80.43932,7.78641],[80.43917,7.78628],[80.43914,7.78619],[80.43945,7.78565],[80.43843,7.78539],[80.43743,7.78463],[80.43724,7.78464],[80.43721,7.78452],[80.43745,7.78428],[80.43754,7.78379],[80.4377,7.78369],[80.43806,7.78358],[80.43801,7.78325],[80.43806,7.78308],[80.43911,7.7828],[80.43912,7.7826],[80.43935,7.78166],[80.43979,7.7817],[80.43987,7.78179],[80.43997,7.78179],[80.44008,7.78172],[80.44012,7.78197],[80.44023,7.78196],[80.44023,7.78216],[80.44038,7.78215],[80.4404,7.78196],[80.44053,7.78195],[80.44062,7.78135],[80.44061,7.78066],[80.44038,7.78049],[80.44047,7.78027],[80.44047,7.77995],[80.44054,7.77973],[80.44085,7.77935],[80.4411,7.77934],[80.44104,7.77952],[80.44109,7.77959],[80.44104,7.7797],[80.44122,7.77976],[80.44122,7.77984],[80.44112,7.78005],[80.44123,7.78007],[80.44146,7.77961],[80.44156,7.77922],[80.44172,7.77912],[80.44177,7.779],[80.44181,7.77871],[80.44179,7.77863],[80.44163,7.77875],[80.44164,7.77856],[80.44191,7.77851],[80.44203,7.77797],[80.44155,7.77797],[80.44161,7.77812],[80.44147,7.77817],[80.44128,7.77818],[80.44115,7.7781],[80.4406,7.77797],[80.44054,7.77714],[80.44077,7.77715],[80.44078,7.77708],[80.44089,7.77706],[80.44095,7.77677],[80.44151,7.77669],[80.44196,7.77611],[80.44243,7.77572],[80.4425,7.77544],[80.44226,7.77528],[80.44227,7.7751],[80.4424,7.7749],[80.4424,7.77481],[80.4423,7.77471],[80.44207,7.77464],[80.44217,7.77445],[80.44247,7.77455],[80.44276,7.77454],[80.44284,7.77439],[80.44289,7.77441],[80.44304,7.77422],[80.44311,7.77425],[80.4432,7.7741],[80.44343,7.77389],[80.44357,7.77392],[80.44363,7.77403],[80.44371,7.77383],[80.44364,7.77362],[80.44369,7.77332],[80.4438,7.77305],[80.44378,7.77217],[80.44384,7.7721],[80.444,7.77213],[80.44402,7.77224],[80.44427,7.77263],[80.44435,7.77291],[80.44456,7.77255],[80.44449,7.77246],[80.44462,7.7722],[80.44453,7.77209],[80.44427,7.77197],[80.44397,7.77196],[80.44391,7.7718],[80.4438,7.77169],[80.44366,7.77164],[80.4428,7.7715],[80.44288,7.77172],[80.4426,7.77168],[80.44249,7.77177],[80.44244,7.77191],[80.44146,7.77171],[80.44133,7.77217],[80.44123,7.77215],[80.44114,7.77235],[80.4414,7.77246],[80.44144,7.77256],[80.44156,7.7726],[80.44151,7.77272],[80.44231,7.77323],[80.44231,7.77349],[80.44222,7.77371],[80.44227,7.77392],[80.44212,7.77393],[80.44198,7.77372],[80.44199,7.77357],[80.44211,7.77346],[80.44194,7.77334],[80.4416,7.77339],[80.44153,7.77312],[80.4414,7.77306],[80.44094,7.77362],[80.4413,7.77378],[80.4412,7.77397],[80.44112,7.774],[80.4411,7.77409],[80.44135,7.77426],[80.44131,7.77438],[80.44108,7.7744],[80.44097,7.77436],[80.44093,7.77465],[80.44067,7.77458],[80.44052,7.77495],[80.44038,7.77491],[80.44046,7.77458],[80.44044,7.77448],[80.44052,7.77431],[80.44037,7.77428],[80.44016,7.77473],[80.44016,7.77512],[80.44008,7.77524],[80.44002,7.77546],[80.44005,7.77567],[80.44093,7.77565],[80.4416,7.7757],[80.44164,7.77582],[80.44107,7.77584],[80.44105,7.7765],[80.44101,7.7767],[80.44092,7.77676],[80.44048,7.7767],[80.44051,7.77623],[80.44046,7.77577],[80.44005,7.77577],[80.44,7.77586],[80.44004,7.77672],[80.43997,7.77683],[80.4398,7.77688],[80.4398,7.77699],[80.43986,7.77706],[80.43948,7.7771],[80.43938,7.77724],[80.4394,7.77733],[80.43932,7.77738],[80.43933,7.77751],[80.43927,7.77758],[80.43897,7.77775],[80.43886,7.77775],[80.43873,7.77789],[80.43853,7.77825],[80.4387,7.77824],[80.43873,7.77835],[80.43864,7.77841],[80.43856,7.7786],[80.43817,7.77846],[80.43789,7.77845],[80.4378,7.7786],[80.43727,7.77848],[80.43709,7.77866],[80.43692,7.77845],[80.43679,7.77848],[80.43662,7.77823],[80.43649,7.77824],[80.43636,7.77827],[80.43635,7.77838],[80.43622,7.77848],[80.43621,7.77866],[80.43615,7.7788],[80.4362,7.77888],[80.43618,7.77895],[80.43603,7.77904],[80.43543,7.77892],[80.43542,7.77929],[80.4355,7.77937],[80.43541,7.77941],[80.4354,7.77953],[80.43518,7.77953],[80.43507,7.77936],[80.43497,7.77935],[80.43494,7.7795],[80.43483,7.77948],[80.43479,7.77942],[80.43481,7.77932],[80.43504,7.77933],[80.43507,7.77911],[80.43515,7.77909],[80.4352,7.779],[80.43508,7.77896],[80.43488,7.77899],[80.43482,7.77907],[80.43464,7.77901],[80.43431,7.77899],[80.43429,7.77932],[80.43435,7.77953],[80.4332,7.77965],[80.4331,7.77992],[80.43319,7.78006],[80.4331,7.78018],[80.43286,7.78005],[80.43277,7.78017],[80.43281,7.78051],[80.43301,7.7807],[80.43312,7.78058],[80.43308,7.78054],[80.43318,7.78035],[80.43329,7.78037],[80.43328,7.78049],[80.43334,7.78056],[80.43335,7.78067],[80.4333,7.78079],[80.43284,7.78099],[80.43304,7.78157],[80.433,7.78176],[80.43261,7.78152],[80.43249,7.78163],[80.43238,7.78152],[80.43229,7.78132],[80.43223,7.78134],[80.43218,7.78142],[80.43232,7.78157],[80.43223,7.78172],[80.43229,7.78176],[80.43226,7.78184],[80.43193,7.78197],[80.4318,7.78209],[80.43182,7.7822],[80.43198,7.78235],[80.43194,7.78239],[80.43175,7.78236],[80.4317,7.7825],[80.43162,7.78256],[80.43161,7.78266],[80.43148,7.7828],[80.43171,7.78286],[80.43184,7.78302],[80.43182,7.78311],[80.43161,7.7831],[80.4315,7.78315],[80.43146,7.78324],[80.43179,7.78335],[80.43183,7.78339],[80.4318,7.78347],[80.43186,7.7835],[80.43185,7.78357],[80.43202,7.78369],[80.43184,7.78386],[80.43176,7.78421],[80.43166,7.78424],[80.43154,7.78454],[80.43147,7.78457],[80.43127,7.78452],[80.43117,7.78459],[80.43126,7.78471],[80.43118,7.78493],[80.43126,7.78518],[80.43118,7.78527],[80.431,7.78517],[80.43055,7.78448],[80.43037,7.78451],[80.43015,7.78466],[80.43015,7.78476],[80.43005,7.78483],[80.43014,7.78493],[80.42997,7.78502],[80.42985,7.78528],[80.42958,7.78533],[80.42882,7.78534],[80.42878,7.78537],[80.42878,7.78547],[80.42872,7.7855],[80.42879,7.78561],[80.42864,7.78567],[80.42866,7.78572],[80.4286,7.78577],[80.42863,7.78597],[80.42841,7.7861],[80.42843,7.7863],[80.42823,7.78651],[80.42822,7.78664],[80.42826,7.78687],[80.4287,7.7866],[80.42902,7.78738],[80.42919,7.78751],[80.42905,7.78756],[80.429,7.78761],[80.42907,7.78778],[80.42839,7.78805],[80.4282,7.78782],[80.42789,7.78789],[80.42786,7.78795],[80.4279,7.78799],[80.42776,7.7883],[80.42778,7.78834],[80.42773,7.78847],[80.42762,7.78861],[80.42764,7.78867],[80.42759,7.78877],[80.42746,7.78876],[80.42739,7.78888],[80.4274,7.78895],[80.42748,7.78905],[80.42762,7.78913],[80.42761,7.7892],[80.42777,7.78927],[80.42753,7.78932],[80.42736,7.78924],[80.42709,7.78922],[80.42651,7.78951],[80.42633,7.78987],[80.42639,7.79004],[80.42627,7.79012]],[[80.43472,7.78772],[80.43477,7.78724],[80.43512,7.78694],[80.4352,7.78677],[80.4353,7.78668],[80.43548,7.78665],[80.43571,7.78673],[80.43562,7.787],[80.43569,7.78728],[80.4359,7.78709],[80.43606,7.78718],[80.43619,7.78713],[80.4362,7.78734],[80.43638,7.78792],[80.43586,7.78779],[80.43551,7.7879],[80.43534,7.78783],[80.43537,7.78758],[80.43512,7.78761],[80.435,7.78784],[80.43472,7.78772]],[[80.43739,7.78784],[80.43751,7.78784],[80.43772,7.788],[80.43811,7.78772],[80.43809,7.78754],[80.43814,7.78743],[80.43834,7.78747],[80.43835,7.78723],[80.4384,7.78708],[80.43853,7.78698],[80.43868,7.7871],[80.43864,7.78726],[80.4391,7.78756],[80.43915,7.78747],[80.43946,7.7876],[80.43976,7.78747],[80.43988,7.78767],[80.44012,7.78776],[80.44032,7.78777],[80.44026,7.78819],[80.44002,7.7881],[80.43981,7.78843],[80.43952,7.78877],[80.43921,7.78892],[80.43908,7.78877],[80.4384,7.78852],[80.43824,7.78887],[80.43806,7.78884],[80.4378,7.78864],[80.43739,7.78852],[80.43739,7.78784]]]}},{"type":"Feature","properties":{"c":"farmland"},"geometry":{"type":"Polygon","coordinates":[[[80.41941,7.79448],[80.41944,7.79478],[80.41951,7.79487],[80.41977,7.79468],[80.42034,7.79443],[80.42027,7.79436],[80.42032,7.7943],[80.42057,7.79423],[80.42069,7.79433],[80.42076,7.79428],[80.42079,7.79409],[80.42093,7.79408],[80.42103,7.79399],[80.42112,7.794],[80.42126,7.79412],[80.42131,7.79399],[80.42121,7.79374],[80.42124,7.79366],[80.4215,7.79366],[80.42164,7.79352],[80.42172,7.79334],[80.42172,7.79318],[80.42187,7.79329],[80.42185,7.79339],[80.42168,7.79358],[80.42172,7.79362],[80.42147,7.79375],[80.42151,7.79391],[80.42161,7.79403],[80.42179,7.79395],[80.42185,7.79402],[80.42192,7.79402],[80.42207,7.79387],[80.42224,7.79359],[80.42248,7.79386],[80.42257,7.79365],[80.42263,7.79365],[80.42273,7.79375],[80.42301,7.79358],[80.42318,7.79304],[80.42318,7.7925],[80.42288,7.79248],[80.42283,7.79277],[80.42271,7.79282],[80.42197,7.79271],[80.42197,7.79215],[80.42222,7.79224],[80.42254,7.79227],[80.42318,7.79242],[80.42311,7.79208],[80.4229,7.79186],[80.42297,7.79176],[80.42304,7.79133],[80.42318,7.79112],[80.42343,7.791],[80.4235,7.79082],[80.42359,7.79079],[80.42367,7.79089],[80.42378,7.7908],[80.42366,7.79049],[80.4236,7.78997],[80.42379,7.78993],[80.42378,7.78939],[80.42363,7.78944],[80.42362,7.7893],[80.42378,7.78918],[80.42383,7.78908],[80.42368,7.78889],[80.423,7.78836],[80.42285,7.7885],[80.42294,7.78876],[80.42292,7.78887],[80.42296,7.78896],[80.42288,7.78904],[80.42288,7.78932],[80.42251,7.78973],[80.42203,7.78992],[80.42201,7.79001],[80.42153,7.79017],[80.42138,7.79006],[80.42111,7.79014],[80.42084,7.7912],[80.42068,7.79158],[80.42068,7.7917],[80.42103,7.79225],[80.4211,7.79284],[80.42097,7.79297],[80.421,7.79304],[80.4209,7.79317],[80.4205,7.79331],[80.41995,7.79337],[80.41992,7.7935],[80.4195,7.7936],[80.41958,7.79389],[80.41954,7.79407],[80.41969,7.79412],[80.41972,7.79419],[80.41962,7.79419],[80.41941,7.79448]]]}},{"type":"Feature","properties":{"c":"farmland"},"geometry":{"type":"Polygon","coordinates":[[[80.41159,7.79204],[80.4116,7.79212],[80.41171,7.79225],[80.41188,7.79225],[80.41193,7.79269],[80.412,7.79288],[80.41229,7.79286],[80.41228,7.79299],[80.4125,7.79298],[80.41247,7.79312],[80.4123,7.7931],[80.41224,7.79329],[80.41286,7.79332],[80.41292,7.79326],[80.41314,7.7933],[80.41328,7.79337],[80.41321,7.79342],[80.41337,7.7935],[80.41341,7.79347],[80.41339,7.79337],[80.41371,7.7931],[80.41438,7.79361],[80.41407,7.79389],[80.41428,7.79408],[80.4144,7.79409],[80.41447,7.79405],[80.41468,7.7942],[80.41474,7.79412],[80.41466,7.7941],[80.41473,7.79401],[80.41489,7.79397],[80.41525,7.79436],[80.41501,7.79477],[80.41509,7.7949],[80.41526,7.79499],[80.41539,7.79502],[80.41547,7.79491],[80.41594,7.7951],[80.4163,7.7951],[80.41625,7.79493],[80.41823,7.79569],[80.41848,7.79538],[80.41855,7.79522],[80.41885,7.79499],[80.41916,7.79459],[80.41909,7.79438],[80.41894,7.7942],[80.41888,7.79422],[80.41879,7.79417],[80.41875,7.79406],[80.41873,7.79384],[80.41887,7.79381],[80.41883,7.7934],[80.41837,7.79273],[80.41828,7.79276],[80.41819,7.79265],[80.41824,7.79255],[80.41808,7.79214],[80.41808,7.792],[80.41829,7.79145],[80.41806,7.79152],[80.41794,7.7915],[80.4176,7.79166],[80.41743,7.79182],[80.41721,7.79184],[80.41691,7.79206],[80.41684,7.79231],[80.41649,7.79241],[80.41644,7.79254],[80.4163,7.79248],[80.41559,7.79242],[80.41553,7.79247],[80.41555,7.79255],[80.4154,7.79251],[80.41529,7.79239],[80.41524,7.79242],[80.41516,7.79234],[80.41509,7.79239],[80.41489,7.79219],[80.41496,7.79213],[80.41476,7.79195],[80.41486,7.79187],[80.41479,7.79169],[80.41446,7.79167],[80.41447,7.79142],[80.41436,7.7914],[80.41439,7.79111],[80.41449,7.79111],[80.41451,7.79089],[80.41455,7.7909],[80.41458,7.79031],[80.41358,7.79035],[80.41336,7.79043],[80.41326,7.79053],[80.41309,7.79035],[80.41297,7.78993],[80.4129,7.78985],[80.41288,7.78952],[80.41283,7.78951],[80.41285,7.78939],[80.41279,7.78935],[80.4128,7.78917],[80.41303,7.7888],[80.41325,7.7888],[80.41332,7.78869],[80.41341,7.7883],[80.41334,7.78826],[80.41354,7.78824],[80.4137,7.7881],[80.41402,7.78824],[80.41411,7.78803],[80.4141,7.78785],[80.41402,7.78771],[80.4135,7.78705],[80.41342,7.78751],[80.41331,7.78769],[80.41304,7.78794],[80.41308,7.78803],[80.41316,7.78805],[80.41317,7.78825],[80.41295,7.78826],[80.4129,7.78836],[80.41282,7.78836],[80.41273,7.78849],[80.41263,7.78851],[80.41253,7.78867],[80.41247,7.78881],[80.41258,7.78898],[80.41261,7.78912],[80.41224,7.78906],[80.41192,7.7894],[80.41199,7.78948],[80.41199,7.78965],[80.41193,7.78983],[80.41195,7.78993],[80.41206,7.79],[80.41222,7.78998],[80.41221,7.79011],[80.41238,7.79024],[80.41242,7.79033],[80.41254,7.79032],[80.41256,7.79018],[80.41252,7.7897],[80.41248,7.78963],[80.41255,7.7895],[80.41264,7.78948],[80.41271,7.78957],[80.41273,7.78974],[80.41264,7.7899],[80.41278,7.78998],[80.41286,7.79073],[80.41265,7.79111],[80.4124,7.79124],[80.41182,7.79137],[80.41184,7.79149],[80.41196,7.79151],[80.41192,7.79159],[80.41195,7.7918],[80.4118,7.79182],[80.41176,7.79201],[80.41159,7.79204]]]}},{"type":"Feature","properties":{"c":"farmland"},"geometry":{"type":"Polygon","coordinates":[[[80.42312,7.81368],[80.42362,7.81354],[80.42414,7.8136],[80.42439,7.81352],[80.4244,7.81301],[80.42457,7.81253],[80.42467,7.81255],[80.4249,7.81273],[80.42508,7.81248],[80.42538,7.8126],[80.42562,7.81287],[80.42574,7.81323],[80.42586,7.81336],[80.42595,7.81303],[80.4259,7.81277],[80.42599,7.81171],[80.42596,7.81116],[80.42609,7.81094],[80.42581,7.81091],[80.42572,7.81081],[80.4253,7.81082],[80.42524,7.811],[80.425,7.811],[80.4248,7.81111],[80.42471,7.81101],[80.4245,7.81104],[80.42432,7.81113],[80.42404,7.81179],[80.42413,7.81185],[80.42412,7.81209],[80.42428,7.81215],[80.42423,7.81223],[80.42397,7.81225],[80.42371,7.8129],[80.42371,7.81301],[80.42314,7.81353],[80.42312,7.81368]]]}},{"type":"Feature","properties":{"c":"farmland"},"geometry":{"type":"Polygon","coordinates":[[[80.42331,7.80754],[80.42349,7.80768],[80.42347,7.80793],[80.42386,7.80793],[80.4241,7.80801],[80.42421,7.80809],[80.42434,7.80833],[80.42469,7.8085],[80.42476,7.80861],[80.42477,7.80898],[80.42484,7.80923],[80.4248,7.80924],[80.42478,7.80945],[80.42511,7.80965],[80.42513,7.80944],[80.42521,7.80936],[80.4253,7.80944],[80.42537,7.8096],[80.42526,7.8099],[80.42531,7.8102],[80.42536,7.81026],[80.42571,7.81022],[80.42579,7.81017],[80.42585,7.80999],[80.42585,7.80952],[80.42597,7.80934],[80.42613,7.80936],[80.42623,7.80944],[80.42622,7.80951],[80.42646,7.80974],[80.42691,7.80979],[80.42738,7.81002],[80.42681,7.80993],[80.42651,7.80998],[80.42647,7.81006],[80.42648,7.81023],[80.42638,7.8103],[80.42636,7.81047],[80.42627,7.81053],[80.42614,7.81041],[80.42595,7.81043],[80.42566,7.81052],[80.42565,7.81058],[80.4257,7.81065],[80.42586,7.81062],[80.42588,7.81069],[80.42594,7.81072],[80.42623,7.81074],[80.42657,7.8113],[80.42674,7.81136],[80.42679,7.81146],[80.42704,7.81147],[80.42708,7.81157],[80.42716,7.81159],[80.42726,7.81203],[80.42737,7.81201],[80.42763,7.81214],[80.42764,7.81203],[80.42755,7.81194],[80.4276,7.81188],[80.42772,7.81195],[80.42783,7.81191],[80.42786,7.81194],[80.42798,7.81184],[80.42806,7.81193],[80.4282,7.81185],[80.42827,7.81199],[80.42867,7.81173],[80.42856,7.81164],[80.42903,7.81135],[80.42908,7.81107],[80.42921,7.81098],[80.4292,7.81091],[80.42916,7.81088],[80.42902,7.81098],[80.42891,7.811],[80.42866,7.81098],[80.42859,7.81088],[80.42853,7.81088],[80.42854,7.81082],[80.42843,7.81071],[80.42841,7.81075],[80.42827,7.81068],[80.42821,7.81059],[80.42812,7.81059],[80.42793,7.81019],[80.42803,7.81006],[80.42794,7.8098],[80.428,7.80966],[80.42796,7.80963],[80.42785,7.80971],[80.42773,7.80964],[80.42771,7.80956],[80.42782,7.8094],[80.42781,7.8091],[80.42793,7.8091],[80.428,7.80902],[80.42806,7.80848],[80.42818,7.80848],[80.42823,7.80825],[80.42807,7.80822],[80.4281,7.80797],[80.42818,7.80792],[80.42832,7.80792],[80.42856,7.80711],[80.4285,7.80701],[80.42836,7.80692],[80.42803,7.80681],[80.42773,7.80681],[80.42747,7.80673],[80.42728,7.8066],[80.42696,7.80659],[80.42693,7.80643],[80.42686,7.80642],[80.42684,7.80631],[80.42689,7.80625],[80.42688,7.80618],[80.42679,7.80613],[80.42661,7.80589],[80.42657,7.80555],[80.42625,7.80548],[80.42587,7.80522],[80.42577,7.80552],[80.42546,7.80564],[80.42535,7.8056],[80.42542,7.80501],[80.42528,7.80477],[80.42521,7.80475],[80.42499,7.80497],[80.42499,7.8051],[80.42493,7.80519],[80.42484,7.80559],[80.4249,7.80563],[80.42477,7.8059],[80.42484,7.80603],[80.42475,7.80613],[80.42463,7.80602],[80.42456,7.80605],[80.42447,7.8062],[80.42452,7.80624],[80.4244,7.80635],[80.42431,7.80631],[80.42427,7.80636],[80.42431,7.80641],[80.42404,7.80665],[80.42398,7.80664],[80.42389,7.80682],[80.42386,7.80692],[80.42402,7.80703],[80.42388,7.80721],[80.42399,7.80729],[80.42391,7.80739],[80.42403,7.80744],[80.42381,7.80752],[80.42365,7.80745],[80.42331,7.80754]]]}},{"type":"Feature","properties":{"c":"farmland"},"geometry":{"type":"Polygon","coordinates":[[[80.42839,7.80445],[80.42897,7.80483],[80.42902,7.80492],[80.42894,7.80498],[80.42921,7.80561],[80.42937,7.80558],[80.42937,7.80579],[80.42933,7.80583],[80.42942,7.80603],[80.4297,7.8061],[80.42991,7.80602],[80.43018,7.8061],[80.43042,7.80609],[80.43045,7.80624],[80.43085,7.80619],[80.43088,7.80634],[80.43105,7.80634],[80.43107,7.80648],[80.43123,7.80649],[80.43127,7.80688],[80.43147,7.80695],[80.43155,7.80741],[80.43176,7.80755],[80.43181,7.80767],[80.43173,7.80789],[80.43181,7.8084],[80.43189,7.8085],[80.43211,7.80852],[80.4323,7.80848],[80.43248,7.80827],[80.43244,7.80811],[80.43249,7.80802],[80.43263,7.80803],[80.43264,7.80798],[80.43276,7.80796],[80.43293,7.80806],[80.43322,7.80808],[80.43368,7.808],[80.43353,7.80789],[80.43375,7.80781],[80.43377,7.80768],[80.43362,7.80753],[80.43353,7.80753],[80.43347,7.8076],[80.4333,7.8075],[80.43339,7.80738],[80.43335,7.80731],[80.43312,7.80714],[80.43308,7.80709],[80.43311,7.80706],[80.43288,7.80695],[80.43282,7.80644],[80.4329,7.80604],[80.43317,7.80616],[80.43319,7.80626],[80.43333,7.8064],[80.43368,7.80656],[80.43377,7.8064],[80.43365,7.8063],[80.43343,7.80593],[80.4332,7.8057],[80.43297,7.80573],[80.43294,7.80564],[80.43284,7.80565],[80.43286,7.80558],[80.4328,7.80547],[80.43264,7.80536],[80.43261,7.80525],[80.4324,7.80516],[80.43237,7.80495],[80.4324,7.80489],[80.43235,7.80484],[80.43213,7.80487],[80.43222,7.80498],[80.43216,7.8051],[80.43219,7.80529],[80.43262,7.80568],[80.43249,7.80578],[80.43223,7.80571],[80.43205,7.80542],[80.43199,7.80546],[80.43187,7.80531],[80.43195,7.80521],[80.43186,7.80514],[80.43196,7.80489],[80.43205,7.80481],[80.43188,7.80454],[80.43171,7.80452],[80.43172,7.80403],[80.43179,7.80396],[80.43232,7.80396],[80.43234,7.8037],[80.43209,7.80374],[80.43216,7.80354],[80.4321,7.80335],[80.43217,7.80327],[80.4324,7.80328],[80.43233,7.80297],[80.43242,7.80286],[80.4324,7.80259],[80.43236,7.80265],[80.43209,7.80215],[80.43192,7.80229],[80.4317,7.80236],[80.43144,7.80238],[80.43044,7.80281],[80.43032,7.80301],[80.43028,7.80335],[80.4301,7.80354],[80.42992,7.80349],[80.42973,7.80321],[80.42951,7.80307],[80.42938,7.80309],[80.42918,7.8033],[80.42896,7.80341],[80.42865,7.80345],[80.42857,7.80381],[80.42886,7.80391],[80.42892,7.80401],[80.42883,7.80414],[80.42886,7.80429],[80.4288,7.80446],[80.42842,7.80435],[80.42839,7.80445]]]}},{"type":"Feature","properties":{"c":"farmland"},"geometry":{"type":"Polygon","coordinates":[[[80.41111,7.79723],[80.41123,7.79746],[80.41147,7.79761],[80.41163,7.79777],[80.41167,7.79796],[80.41154,7.79828],[80.4116,7.79855],[80.41134,7.79895],[80.41154,7.79931],[80.41204,7.79994],[80.41212,7.80034],[80.41256,7.7999],[80.4126,7.79998],[80.41316,7.80002],[80.41327,7.80009],[80.41333,7.80046],[80.41325,7.80048],[80.41328,7.80069],[80.41317,7.8007],[80.41326,7.80133],[80.41347,7.80135],[80.41379,7.80125],[80.41392,7.80125],[80.41424,7.80141],[80.4146,7.80133],[80.41479,7.80134],[80.41535,7.8016],[80.41592,7.80154],[80.41609,7.8013],[80.41611,7.80121],[80.41599,7.80108],[80.41591,7.80087],[80.4158,7.80079],[80.41566,7.80002],[80.416,7.80001],[80.41601,7.80071],[80.41605,7.80075],[80.41616,7.80064],[80.41621,7.79989],[80.41635,7.79906],[80.41629,7.79877],[80.41622,7.79876],[80.41623,7.79845],[80.41633,7.79845],[80.41633,7.79832],[80.41607,7.7983],[80.41607,7.79815],[80.4159,7.79814],[80.41591,7.798],[80.41585,7.79793],[80.41577,7.79799],[80.4156,7.79704],[80.41527,7.79703],[80.4152,7.79713],[80.41522,7.79749],[80.41535,7.79748],[80.41538,7.79759],[80.41525,7.79765],[80.4152,7.79792],[80.41534,7.79804],[80.41516,7.79821],[80.41514,7.79828],[80.41521,7.79836],[80.4151,7.79846],[80.41489,7.79851],[80.41471,7.79881],[80.41464,7.79874],[80.41471,7.79859],[80.4145,7.79852],[80.41451,7.79847],[80.41458,7.79845],[80.41457,7.79837],[80.41442,7.79801],[80.41433,7.79809],[80.41424,7.7981],[80.4142,7.79803],[80.41449,7.79778],[80.41447,7.79735],[80.41453,7.79673],[80.41462,7.79632],[80.41483,7.79609],[80.41493,7.79571],[80.41471,7.7955],[80.4147,7.79534],[80.41443,7.79509],[80.41438,7.79498],[80.41414,7.79479],[80.41401,7.79501],[80.41372,7.79497],[80.41376,7.79479],[80.41337,7.79462],[80.41319,7.79445],[80.41301,7.79439],[80.4129,7.79474],[80.41255,7.79467],[80.41248,7.7949],[80.41237,7.79486],[80.4123,7.79512],[80.41188,7.79476],[80.41168,7.79478],[80.41159,7.79453],[80.41142,7.79453],[80.41149,7.79491],[80.41169,7.79491],[80.41189,7.79553],[80.41192,7.79565],[80.4118,7.79564],[80.41197,7.79621],[80.41196,7.79692],[80.41111,7.79723]]]}},{"type":"Feature","properties":{"c":"farmland"},"geometry":{"type":"Polygon","coordinates":[[[80.41236,7.80348],[80.41266,7.80399],[80.41256,7.80427],[80.41253,7.80458],[80.41259,7.8047],[80.41254,7.80477],[80.41256,7.80485],[80.41271,7.80472],[80.41277,7.80473],[80.41281,7.80478],[80.41271,7.80494],[80.41278,7.80509],[80.41302,7.8052],[80.41321,7.80536],[80.41336,7.80538],[80.41352,7.80552],[80.41399,7.80541],[80.41407,7.80568],[80.4147,7.80552],[80.41472,7.80561],[80.41493,7.80563],[80.41502,7.80569],[80.4152,7.80566],[80.41526,7.80572],[80.4153,7.80602],[80.41525,7.8061],[80.41478,7.80629],[80.41419,7.80662],[80.41404,7.80682],[80.41402,7.80695],[80.41421,7.80713],[80.4142,7.8073],[80.41405,7.80731],[80.41405,7.80753],[80.4141,7.80766],[80.41422,7.80766],[80.41427,7.8079],[80.41421,7.80819],[80.41423,7.80838],[80.41413,7.80875],[80.41421,7.80875],[80.41424,7.80883],[80.41413,7.80913],[80.41416,7.80924],[80.41423,7.80925],[80.41429,7.80949],[80.41449,7.80944],[80.41459,7.80958],[80.41477,7.8095],[80.41479,7.80956],[80.41487,7.80955],[80.41489,7.80945],[80.41498,7.80967],[80.41489,7.80975],[80.41434,7.80987],[80.41453,7.81044],[80.41465,7.81068],[80.41495,7.81057],[80.41505,7.8108],[80.41523,7.81086],[80.4152,7.81137],[80.41546,7.81178],[80.41556,7.81156],[80.41575,7.81145],[80.41578,7.81124],[80.41588,7.81125],[80.4159,7.81136],[80.41604,7.81141],[80.41616,7.81128],[80.41629,7.81126],[80.4162,7.81149],[80.41622,7.81162],[80.4163,7.8117],[80.41628,7.81196],[80.4165,7.81207],[80.41643,7.81247],[80.41646,7.81289],[80.41661,7.81296],[80.41684,7.81295],[80.41705,7.81273],[80.41726,7.81277],[80.41744,7.81266],[80.41811,7.81295],[80.41803,7.81307],[80.4181,7.81321],[80.41813,7.81346],[80.41805,7.81365],[80.41836,7.81397],[80.41825,7.81412],[80.41826,7.81432],[80.41846,7.81466],[80.41834,7.81479],[80.41824,7.81482],[80.41826,7.81489],[80.41793,7.81522],[80.41786,7.81535],[80.41781,7.81551],[80.41786,7.81586],[80.418,7.81629],[80.41808,7.81632],[80.41832,7.81659],[80.41854,7.81669],[80.41865,7.81682],[80.41853,7.81703],[80.41865,7.81711],[80.41896,7.81714],[80.41899,7.81704],[80.41924,7.81704],[80.41941,7.81687],[80.41936,7.81663],[80.41949,7.8164],[80.41964,7.8164],[80.41971,7.81654],[80.41981,7.81649],[80.4198,7.81641],[80.41995,7.81637],[80.41991,7.81631],[80.42024,7.81582],[80.42032,7.8156],[80.42065,7.81521],[80.42082,7.81525],[80.42097,7.81546],[80.42147,7.8151],[80.42123,7.81475],[80.42144,7.81452],[80.4218,7.81426],[80.42276,7.81331],[80.42269,7.81314],[80.42285,7.81298],[80.42285,7.81283],[80.42272,7.81274],[80.42233,7.8126],[80.4226,7.81239],[80.42282,7.81254],[80.42308,7.81263],[80.42303,7.81283],[80.42331,7.81293],[80.42339,7.81283],[80.42346,7.81288],[80.42352,7.81265],[80.42347,7.81257],[80.4233,7.81254],[80.42318,7.81242],[80.42326,7.81212],[80.42312,7.81182],[80.4231,7.81165],[80.42331,7.81146],[80.42334,7.81135],[80.42342,7.81168],[80.42347,7.8117],[80.42358,7.8112],[80.42356,7.81117],[80.42337,7.81117],[80.42333,7.81109],[80.4233,7.81098],[80.42337,7.81068],[80.42358,7.81071],[80.42369,7.8108],[80.42378,7.81076],[80.42378,7.81066],[80.4235,7.81044],[80.42338,7.81044],[80.42333,7.81026],[80.42342,7.81019],[80.42357,7.81028],[80.42422,7.8108],[80.42433,7.81064],[80.42445,7.81096],[80.4247,7.81085],[80.42474,7.81076],[80.42462,7.81057],[80.42474,7.81033],[80.42473,7.81017],[80.42456,7.81021],[80.42446,7.81006],[80.42461,7.8099],[80.4245,7.80972],[80.42461,7.80922],[80.42458,7.80903],[80.42415,7.80894],[80.42399,7.80898],[80.42388,7.80909],[80.42359,7.80882],[80.42356,7.80857],[80.42369,7.80855],[80.42398,7.80864],[80.42401,7.80837],[80.42379,7.8082],[80.42359,7.80819],[80.42339,7.80828],[80.42294,7.80859],[80.42259,7.80845],[80.42253,7.80834],[80.42257,7.80828],[80.42256,7.80818],[80.42235,7.80753],[80.42242,7.80721],[80.42265,7.80701],[80.4227,7.8069],[80.42272,7.80644],[80.42252,7.80635],[80.42229,7.80636],[80.42189,7.80614],[80.42152,7.8061],[80.42149,7.80622],[80.42142,7.80621],[80.42139,7.80628],[80.42122,7.80625],[80.4212,7.80616],[80.4211,7.80609],[80.42117,7.80563],[80.42112,7.80549],[80.42064,7.80559],[80.42062,7.80548],[80.42051,7.80542],[80.42055,7.80525],[80.42048,7.80513],[80.42038,7.80512],[80.4203,7.80495],[80.42041,7.80491],[80.42009,7.80443],[80.42006,7.80411],[80.41944,7.80422],[80.41919,7.80415],[80.4191,7.80403],[80.41903,7.80413],[80.41912,7.80419],[80.41913,7.80428],[80.41921,7.80429],[80.41924,7.80457],[80.41904,7.80476],[80.41911,7.80487],[80.41912,7.80532],[80.41906,7.80543],[80.41919,7.8055],[80.41963,7.80545],[80.41974,7.80567],[80.41979,7.80609],[80.42008,7.80645],[80.42033,7.80637],[80.42056,7.80719],[80.42032,7.80738],[80.41998,7.80778],[80.4197,7.80764],[80.41959,7.80749],[80.41943,7.80741],[80.41927,7.80744],[80.4192,7.80758],[80.41913,7.80758],[80.41911,7.80794],[80.41939,7.80796],[80.4195,7.80777],[80.41972,7.80786],[80.42007,7.8082],[80.41985,7.80831],[80.41955,7.80833],[80.41916,7.80852],[80.41862,7.80919],[80.4186,7.80897],[80.41871,7.80867],[80.41887,7.80842],[80.41869,7.80835],[80.41853,7.80846],[80.41831,7.80884],[80.41841,7.80902],[80.41831,7.80936],[80.41799,7.80978],[80.41797,7.80995],[80.41771,7.81007],[80.41748,7.80978],[80.41745,7.80941],[80.41749,7.80931],[80.4176,7.80938],[80.41767,7.80954],[80.41782,7.80932],[80.41776,7.80922],[80.41781,7.80917],[80.41813,7.80924],[80.418,7.80901],[80.41834,7.80863],[80.41837,7.80833],[80.41859,7.80813],[80.41843,7.80809],[80.41847,7.80796],[80.41872,7.80791],[80.41877,7.8077],[80.41851,7.80757],[80.41886,7.8073],[80.41901,7.80736],[80.41909,7.80733],[80.4191,7.8067],[80.41906,7.80654],[80.41884,7.80618],[80.41872,7.8057],[80.41874,7.80526],[80.41866,7.80521],[80.41854,7.80543],[80.41844,7.80593],[80.41855,7.80612],[80.41849,7.8062],[80.41855,7.80632],[80.41826,7.80645],[80.41796,7.80642],[80.41796,7.80601],[80.41749,7.80592],[80.41744,7.80564],[80.41723,7.80562],[80.4173,7.80497],[80.41719,7.80455],[80.41711,7.80448],[80.41716,7.80434],[80.41687,7.80261],[80.41681,7.80273],[80.41683,7.80318],[80.41673,7.8033],[80.41662,7.80328],[80.41636,7.803],[80.41624,7.80297],[80.416,7.80317],[80.41586,7.80319],[80.41572,7.80314],[80.41519,7.80243],[80.4138,7.80151],[80.41379,7.80183],[80.41371,7.80183],[80.41373,7.8022],[80.41351,7.80229],[80.41296,7.80229],[80.41286,7.80243],[80.41285,7.80257],[80.41307,7.80279],[80.41315,7.80277],[80.41316,7.80291],[80.41322,7.80295],[80.4132,7.80311],[80.41328,7.80318],[80.41321,7.80324],[80.41309,7.80318],[80.41241,7.80337],[80.41244,7.80346],[80.41236,7.80348]]]}},{"type":"Feature","properties":{"c":"farmland"},"geometry":{"type":"Polygon","coordinates":[[[80.41913,7.78433],[80.41929,7.78449],[80.41946,7.78448],[80.41946,7.78465],[80.41965,7.78482],[80.41989,7.78456],[80.4199,7.78437],[80.42001,7.78414],[80.42005,7.78395],[80.41998,7.78371],[80.42019,7.78368],[80.42022,7.78406],[80.42043,7.78421],[80.42041,7.78432],[80.42047,7.78433],[80.42048,7.78445],[80.42055,7.78449],[80.42046,7.78511],[80.42062,7.78527],[80.42055,7.78536],[80.42064,7.78541],[80.42067,7.78553],[80.42098,7.78579],[80.42159,7.78596],[80.42161,7.78574],[80.42136,7.78477],[80.42138,7.78448],[80.42151,7.78416],[80.42137,7.78407],[80.42138,7.78397],[80.4217,7.78341],[80.4219,7.78324],[80.42219,7.78313],[80.42231,7.78299],[80.42238,7.78305],[80.42244,7.78289],[80.42239,7.78282],[80.42262,7.78239],[80.42266,7.78222],[80.42268,7.78205],[80.42251,7.78195],[80.42298,7.78149],[80.42367,7.78134],[80.42373,7.78164],[80.42437,7.78151],[80.42499,7.78132],[80.42562,7.78103],[80.42575,7.78097],[80.42587,7.78073],[80.42651,7.78017],[80.42636,7.77992],[80.42701,7.77931],[80.42713,7.77922],[80.42724,7.77929],[80.42734,7.77956],[80.42841,7.77879],[80.42882,7.77639],[80.42886,7.77567],[80.42874,7.77587],[80.42877,7.77595],[80.42872,7.77607],[80.42858,7.77627],[80.42863,7.77635],[80.42857,7.77642],[80.42831,7.77644],[80.42823,7.77639],[80.42833,7.77625],[80.42836,7.7758],[80.42759,7.77572],[80.42783,7.77566],[80.42781,7.77504],[80.42772,7.77498],[80.42744,7.77504],[80.42697,7.7753],[80.42677,7.77527],[80.42671,7.77515],[80.42669,7.77488],[80.42631,7.77484],[80.42595,7.77514],[80.42537,7.77537],[80.42532,7.77523],[80.42536,7.775],[80.42512,7.7751],[80.42505,7.77499],[80.4249,7.77496],[80.42474,7.7747],[80.42457,7.7748],[80.42465,7.77503],[80.42462,7.77515],[80.42434,7.77533],[80.42433,7.77546],[80.42397,7.7761],[80.42397,7.77628],[80.42387,7.77644],[80.42378,7.77648],[80.42338,7.77651],[80.42328,7.77659],[80.42314,7.77678],[80.42329,7.77693],[80.42323,7.77702],[80.42305,7.77711],[80.42294,7.77721],[80.42286,7.77735],[80.4227,7.77746],[80.42263,7.77763],[80.42234,7.77769],[80.42186,7.77748],[80.42165,7.77772],[80.42157,7.77791],[80.42161,7.77812],[80.42175,7.7783],[80.42205,7.77833],[80.4222,7.77826],[80.4225,7.77831],[80.42248,7.77853],[80.42257,7.77871],[80.42273,7.77891],[80.423,7.77913],[80.42316,7.77921],[80.42384,7.77937],[80.42399,7.7795],[80.42462,7.77914],[80.42477,7.77927],[80.42472,7.77937],[80.4246,7.77943],[80.4243,7.77976],[80.42425,7.77993],[80.42412,7.78001],[80.42393,7.78001],[80.42341,7.78025],[80.42266,7.78034],[80.42206,7.78075],[80.42168,7.78112],[80.42179,7.78118],[80.42192,7.78142],[80.4215,7.78192],[80.42171,7.78213],[80.42152,7.78212],[80.42131,7.7823],[80.42106,7.78243],[80.4209,7.78229],[80.42076,7.7823],[80.42063,7.78244],[80.42061,7.78253],[80.42065,7.78258],[80.42055,7.78285],[80.42058,7.78295],[80.42042,7.78307],[80.42016,7.78314],[80.42016,7.78324],[80.42027,7.78328],[80.42021,7.78349],[80.41985,7.78361],[80.41965,7.78374],[80.41965,7.78379],[80.4198,7.78388],[80.41972,7.78416],[80.41953,7.78428],[80.41913,7.78433]],[[80.42417,7.77807],[80.42441,7.77776],[80.42448,7.77739],[80.42489,7.7772],[80.42522,7.77742],[80.42522,7.77757],[80.4253,7.77763],[80.42572,7.77772],[80.42564,7.77792],[80.42544,7.77819],[80.42539,7.77855],[80.42523,7.77862],[80.425,7.77844],[80.42489,7.77856],[80.42496,7.77863],[80.4248,7.77887],[80.42446,7.77844],[80.4243,7.77835],[80.42417,7.77807]]]}},{"type":"Feature","properties":{"c":"farmland"},"geometry":{"type":"Polygon","coordinates":[[[80.4156,7.79653],[80.4156,7.79663],[80.41571,7.79674],[80.41572,7.79688],[80.41609,7.79715],[80.41618,7.79741],[80.41632,7.79744],[80.41643,7.79721],[80.4166,7.79729],[80.4165,7.79752],[80.41659,7.79759],[80.41642,7.79766],[80.41645,7.7978],[80.4164,7.79791],[80.41648,7.79811],[80.4166,7.79812],[80.41672,7.79797],[80.41688,7.79797],[80.41693,7.79783],[80.41717,7.79789],[80.41713,7.79803],[80.41721,7.79806],[80.41805,7.79812],[80.41816,7.79801],[80.41821,7.79789],[80.41796,7.79789],[80.41791,7.79775],[80.41806,7.7977],[80.41807,7.79746],[80.41818,7.7974],[80.41813,7.79727],[80.41792,7.79735],[80.41788,7.79717],[80.41789,7.79695],[80.41763,7.79695],[80.41756,7.79744],[80.41675,7.79737],[80.41687,7.79657],[80.41681,7.79648],[80.41657,7.79638],[80.41646,7.79661],[80.41627,7.79662],[80.41622,7.79668],[80.41601,7.79662],[80.41587,7.7965],[80.41571,7.79645],[80.4156,7.79653]]]}},{"type":"Feature","properties":{"c":"farmland"},"geometry":{"type":"Polygon","coordinates":[[[80.41813,7.79813],[80.41841,7.79843],[80.41858,7.79874],[80.41845,7.79882],[80.41871,7.79901],[80.41878,7.79913],[80.41893,7.79911],[80.41903,7.79946],[80.41915,7.7996],[80.41912,7.79968],[80.41904,7.79971],[80.4189,7.79966],[80.41891,7.7998],[80.41902,7.79985],[80.41909,7.79993],[80.419,7.79994],[80.41908,7.80027],[80.41893,7.80029],[80.41895,7.80049],[80.41848,7.80055],[80.41866,7.80075],[80.41882,7.8012],[80.41894,7.80125],[80.41905,7.8017],[80.4191,7.80176],[80.41928,7.8018],[80.41943,7.8023],[80.41934,7.80269],[80.41928,7.80277],[80.41928,7.80292],[80.41935,7.80296],[80.41948,7.80333],[80.41999,7.80327],[80.42009,7.80338],[80.41998,7.80342],[80.42,7.8035],[80.42027,7.80352],[80.42034,7.80365],[80.42028,7.80369],[80.42035,7.80407],[80.42052,7.80405],[80.42063,7.80424],[80.42079,7.80415],[80.42096,7.80436],[80.42109,7.80426],[80.42147,7.80448],[80.42152,7.80456],[80.4215,7.80508],[80.42176,7.80502],[80.42179,7.80514],[80.42156,7.80525],[80.42149,7.80543],[80.42137,7.80552],[80.42136,7.80574],[80.42145,7.8059],[80.42157,7.80585],[80.42155,7.80576],[80.42163,7.80572],[80.42174,7.80588],[80.42191,7.80572],[80.42221,7.80562],[80.42234,7.80545],[80.42235,7.80534],[80.42239,7.80547],[80.42236,7.80574],[80.42226,7.80594],[80.42246,7.80607],[80.42268,7.80594],[80.42276,7.806],[80.42298,7.80577],[80.42288,7.8057],[80.42285,7.80574],[80.42281,7.80571],[80.42275,7.80574],[80.42262,7.80566],[80.42259,7.80554],[80.4225,7.80551],[80.42255,7.80535],[80.42283,7.80532],[80.42274,7.80491],[80.42261,7.80489],[80.42262,7.80507],[80.42256,7.80507],[80.42244,7.80477],[80.42253,7.80474],[80.4225,7.80456],[80.4227,7.80451],[80.42334,7.80225],[80.42339,7.80215],[80.42354,7.80203],[80.42355,7.80196],[80.42308,7.80037],[80.42383,7.80035],[80.42395,7.8003],[80.42372,7.80002],[80.42367,7.79974],[80.42383,7.79886],[80.42378,7.79854],[80.42356,7.7985],[80.42343,7.79854],[80.42311,7.79869],[80.42307,7.79879],[80.4228,7.79887],[80.42276,7.79871],[80.42293,7.79866],[80.42294,7.79852],[80.42326,7.79845],[80.42329,7.7985],[80.42375,7.79821],[80.42363,7.79713],[80.4235,7.79711],[80.42348,7.79693],[80.4235,7.79668],[80.42368,7.7967],[80.42377,7.79618],[80.42368,7.79618],[80.42369,7.79609],[80.42363,7.79605],[80.42367,7.79593],[80.42356,7.79591],[80.42367,7.79556],[80.42386,7.79564],[80.42401,7.79508],[80.42416,7.79482],[80.42366,7.79468],[80.42348,7.79519],[80.42338,7.79535],[80.42328,7.79539],[80.42327,7.79548],[80.423,7.79542],[80.42286,7.7955],[80.4228,7.79567],[80.42273,7.79564],[80.4226,7.79542],[80.42226,7.79542],[80.42213,7.79538],[80.42196,7.79524],[80.42204,7.7954],[80.42238,7.79551],[80.42244,7.79575],[80.42276,7.79572],[80.42278,7.79609],[80.42227,7.79604],[80.42209,7.79609],[80.422,7.79552],[80.42191,7.79536],[80.42173,7.79535],[80.42164,7.79543],[80.42176,7.79554],[80.42175,7.79578],[80.42169,7.79585],[80.42159,7.79587],[80.42142,7.7958],[80.42135,7.79586],[80.42119,7.79582],[80.42122,7.79575],[80.42136,7.79568],[80.42144,7.79538],[80.42102,7.79523],[80.42079,7.79522],[80.42061,7.79534],[80.4207,7.79557],[80.42053,7.79564],[80.42044,7.79555],[80.42043,7.79545],[80.42011,7.79546],[80.41999,7.79552],[80.41972,7.79576],[80.41976,7.79593],[80.41967,7.796],[80.41966,7.79608],[80.41957,7.7961],[80.41959,7.79616],[80.41934,7.79623],[80.41936,7.79629],[80.41925,7.79635],[80.4192,7.79627],[80.41876,7.79648],[80.4188,7.79661],[80.41891,7.79658],[80.41896,7.79669],[80.41902,7.79671],[80.41926,7.79719],[80.41906,7.79728],[80.41916,7.79758],[80.41905,7.79756],[80.41839,7.79777],[80.41826,7.79786],[80.41813,7.79813]]]}},{"type":"Feature","properties":{"c":"farmland"},"geometry":{"type":"Polygon","coordinates":[[[80.40248,7.81714],[80.40257,7.81779],[80.40283,7.81784],[80.40288,7.81824],[80.403,7.8186],[80.40337,7.81864],[80.40321,7.81874],[80.40318,7.81882],[80.40335,7.81896],[80.40326,7.81908],[80.40332,7.81944],[80.40327,7.81948],[80.40302,7.8195],[80.40303,7.81971],[80.40295,7.81973],[80.40295,7.81984],[80.40301,7.81993],[80.40318,7.82001],[80.40332,7.81983],[80.40338,7.81983],[80.40351,7.82036],[80.40347,7.82042],[80.40346,7.82079],[80.40331,7.82096],[80.40329,7.82105],[80.40327,7.82144],[80.4032,7.82168],[80.40309,7.82255],[80.40401,7.82273],[80.40406,7.82277],[80.40431,7.8238],[80.40465,7.82373],[80.40464,7.82355],[80.40452,7.82356],[80.40453,7.82281],[80.40442,7.82277],[80.40447,7.82209],[80.40466,7.82206],[80.40465,7.82171],[80.40456,7.82165],[80.40476,7.82148],[80.40486,7.82124],[80.40516,7.82109],[80.40568,7.82101],[80.40606,7.82087],[80.40654,7.82085],[80.40727,7.82102],[80.40776,7.82092],[80.40796,7.82045],[80.40816,7.82051],[80.40791,7.81977],[80.40772,7.81899],[80.40793,7.81867],[80.4074,7.81806],[80.40663,7.81692],[80.4061,7.81646],[80.40606,7.81686],[80.40598,7.81696],[80.40571,7.81706],[80.40539,7.81708],[80.40535,7.81716],[80.40553,7.81764],[80.40599,7.81772],[80.40606,7.8178],[80.40602,7.81793],[80.40586,7.81801],[80.40508,7.81811],[80.40514,7.81862],[80.40551,7.81862],[80.4055,7.81869],[80.40594,7.81865],[80.40596,7.81875],[80.40544,7.81888],[80.40504,7.81914],[80.40486,7.81919],[80.40469,7.81933],[80.40464,7.81931],[80.40475,7.81913],[80.40497,7.81901],[80.40496,7.81891],[80.40485,7.81888],[80.40477,7.81864],[80.40497,7.81861],[80.40496,7.81845],[80.40467,7.81847],[80.40465,7.81831],[80.40465,7.81819],[80.40482,7.81817],[80.4049,7.81801],[80.40489,7.81783],[80.40462,7.81779],[80.40457,7.81763],[80.40434,7.8177],[80.40435,7.81784],[80.4042,7.81785],[80.40418,7.81771],[80.40403,7.81752],[80.40393,7.81751],[80.40391,7.81744],[80.40387,7.81748],[80.40377,7.81744],[80.40377,7.81733],[80.40385,7.81731],[80.40384,7.81723],[80.40315,7.81724],[80.40312,7.81709],[80.40248,7.81714]]]}},{"type":"Feature","properties":{"c":"farmland","n":"Agare Wewa Irrigable Area"},"geometry":{"type":"Polygon","coordinates":[[[80.43307,7.74728],[80.43338,7.74727],[80.4335,7.74757],[80.43362,7.74764],[80.43364,7.74771],[80.43354,7.74776],[80.43392,7.74808],[80.43401,7.74837],[80.43397,7.74855],[80.4345,7.74851],[80.43465,7.74838],[80.43467,7.74821],[80.43456,7.7478],[80.43425,7.74716],[80.43414,7.74704],[80.43397,7.74702],[80.4337,7.74708],[80.43364,7.74691],[80.43364,7.74682],[80.4341,7.74677],[80.43399,7.74609],[80.43385,7.74608],[80.43355,7.74619],[80.43356,7.74626],[80.43364,7.74634],[80.43344,7.74653],[80.43324,7.74662],[80.4332,7.74676],[80.43327,7.74712],[80.4331,7.74715],[80.43307,7.74728]]]}},{"type":"Feature","properties":{"c":"farmland"},"geometry":{"type":"Polygon","coordinates":[[[80.38039,7.88074],[80.3804,7.88105],[80.38075,7.88168],[80.38108,7.88155],[80.38152,7.88218],[80.38121,7.88258],[80.38154,7.88334],[80.38206,7.88408],[80.3821,7.88418],[80.3821,7.88441],[80.38227,7.8845],[80.38238,7.88449],[80.38324,7.88381],[80.38326,7.88369],[80.38315,7.88352],[80.38294,7.88338],[80.38274,7.88332],[80.38267,7.88324],[80.3822,7.88233],[80.38219,7.88205],[80.38214,7.8819],[80.38221,7.88177],[80.38219,7.88141],[80.38229,7.88111],[80.3823,7.88093],[80.38201,7.88077],[80.38172,7.88079],[80.38177,7.88112],[80.38156,7.88126],[80.38175,7.88145],[80.3819,7.88172],[80.38189,7.88207],[80.38154,7.88167],[80.38138,7.88157],[80.38139,7.88109],[80.38111,7.88076],[80.38076,7.8805],[80.38039,7.88074]]]}},{"type":"Feature","properties":{"c":"farmland"},"geometry":{"type":"Polygon","coordinates":[[[80.38514,7.89372],[80.3855,7.89372],[80.38583,7.89351],[80.3866,7.89352],[80.38644,7.89313],[80.38598,7.89305],[80.38592,7.89288],[80.38543,7.89284],[80.38533,7.89292],[80.38517,7.89318],[80.3852,7.89359],[80.38514,7.89372]]]}},{"type":"Feature","properties":{"c":"farmland"},"geometry":{"type":"Polygon","coordinates":[[[80.38025,7.89697],[80.38043,7.8976],[80.38063,7.89757],[80.38074,7.89762],[80.3809,7.89792],[80.38099,7.89796],[80.38113,7.89793],[80.3813,7.89779],[80.38125,7.89744],[80.38131,7.89737],[80.38168,7.8971],[80.38198,7.89704],[80.38224,7.89708],[80.3827,7.89732],[80.383,7.89764],[80.3832,7.89796],[80.38353,7.89818],[80.38355,7.89839],[80.38343,7.89848],[80.38293,7.89883],[80.38274,7.8989],[80.38234,7.89914],[80.38205,7.89938],[80.3818,7.89946],[80.38172,7.89953],[80.38175,7.89974],[80.38205,7.9004],[80.38218,7.90059],[80.38265,7.90043],[80.3827,7.90045],[80.38275,7.90056],[80.38275,7.90075],[80.38255,7.9008],[80.38251,7.90086],[80.38255,7.9009],[80.3828,7.901],[80.38344,7.90109],[80.38343,7.90119],[80.38321,7.90131],[80.38322,7.90138],[80.3836,7.90156],[80.38385,7.90202],[80.38402,7.90204],[80.38409,7.90199],[80.38417,7.90206],[80.38418,7.90216],[80.38392,7.90242],[80.38401,7.90262],[80.38401,7.90288],[80.38396,7.90304],[80.38431,7.90383],[80.38429,7.90394],[80.38433,7.90398],[80.38458,7.90393],[80.38467,7.90397],[80.38476,7.90409],[80.38471,7.90426],[80.38414,7.90443],[80.38405,7.90455],[80.38404,7.90473],[80.38398,7.90476],[80.38384,7.90477],[80.38369,7.90453],[80.38329,7.90464],[80.38324,7.90469],[80.38323,7.90484],[80.38281,7.90495],[80.38285,7.90524],[80.3826,7.90534],[80.38263,7.90544],[80.38271,7.90552],[80.38293,7.9055],[80.38305,7.90569],[80.38361,7.90558],[80.3837,7.90562],[80.38377,7.90583],[80.38394,7.90589],[80.38413,7.90606],[80.38421,7.90621],[80.38444,7.90691],[80.38446,7.90725],[80.38452,7.90741],[80.38453,7.90751],[80.38435,7.90761],[80.3843,7.90771],[80.38435,7.90775],[80.38465,7.90768],[80.38482,7.90826],[80.38397,7.90865],[80.38404,7.90885],[80.38387,7.90891],[80.38373,7.90907],[80.38382,7.9092],[80.38397,7.90965],[80.38406,7.90973],[80.38423,7.9097],[80.38436,7.90976],[80.38447,7.90975],[80.38459,7.91007],[80.38424,7.91027],[80.38438,7.91056],[80.38462,7.91062],[80.38472,7.91069],[80.3848,7.91084],[80.38487,7.91125],[80.38544,7.91127],[80.38688,7.91117],[80.38762,7.91097],[80.38813,7.91067],[80.38858,7.91048],[80.3896,7.91028],[80.39036,7.9119],[80.38937,7.91229],[80.38958,7.91289],[80.38891,7.91316],[80.38881,7.91325],[80.38877,7.91345],[80.38889,7.91367],[80.38907,7.91376],[80.38903,7.91393],[80.38906,7.91402],[80.38952,7.914],[80.38943,7.91429],[80.38905,7.91431],[80.38904,7.9145],[80.38892,7.91477],[80.38899,7.91489],[80.38911,7.91497],[80.38927,7.91499],[80.38996,7.915],[80.39061,7.91531],[80.39085,7.9155],[80.39087,7.91559],[80.39052,7.91612],[80.39049,7.91628],[80.39059,7.91645],[80.39142,7.91646],[80.39161,7.91658],[80.3918,7.91682],[80.39203,7.91698],[80.39231,7.91698],[80.39246,7.91692],[80.3935,7.91637],[80.39398,7.91625],[80.39459,7.91617],[80.39478,7.91607],[80.39475,7.91596],[80.39462,7.91583],[80.39455,7.91536],[80.39454,7.91509],[80.39468,7.91448],[80.39485,7.91411],[80.39492,7.91405],[80.39586,7.91389],[80.39592,7.91242],[80.3957,7.91231],[80.3951,7.9123],[80.39491,7.91228],[80.39479,7.91221],[80.39453,7.91166],[80.39444,7.9113],[80.39415,7.91085],[80.39398,7.91079],[80.39359,7.91079],[80.39316,7.91073],[80.3928,7.9106],[80.3926,7.90974],[80.39252,7.90908],[80.39245,7.90886],[80.39209,7.90817],[80.39181,7.90784],[80.39153,7.90735],[80.39142,7.90708],[80.39144,7.90676],[80.39151,7.90667],[80.39267,7.90647],[80.39306,7.90653],[80.39332,7.9067],[80.39387,7.90687],[80.39408,7.90639],[80.39453,7.90651],[80.39513,7.90624],[80.39532,7.90599],[80.39558,7.90584],[80.39586,7.90552],[80.39652,7.90503],[80.39655,7.90482],[80.39635,7.90445],[80.39629,7.90415],[80.39625,7.90407],[80.39608,7.90403],[80.39632,7.9039],[80.39633,7.90378],[80.39625,7.90367],[80.396,7.90342],[80.39593,7.90327],[80.39582,7.90333],[80.39567,7.90359],[80.39557,7.90359],[80.39525,7.90342],[80.3949,7.90341],[80.39483,7.90327],[80.39466,7.90325],[80.39424,7.90283],[80.3941,7.90248],[80.39372,7.90249],[80.39352,7.90244],[80.39285,7.90247],[80.39237,7.9023],[80.3921,7.90226],[80.39092,7.90255],[80.39076,7.90246],[80.39056,7.90224],[80.39019,7.90207],[80.39039,7.90156],[80.39033,7.90137],[80.39025,7.90135],[80.38979,7.90148],[80.38955,7.9017],[80.38933,7.90182],[80.38907,7.90154],[80.38931,7.90121],[80.38933,7.90096],[80.38927,7.90089],[80.3891,7.90086],[80.38888,7.90085],[80.38874,7.90091],[80.38921,7.90043],[80.38933,7.90037],[80.38928,7.90024],[80.38932,7.90014],[80.38918,7.89992],[80.38869,7.9002],[80.38853,7.90002],[80.38835,7.89999],[80.38814,7.90011],[80.3879,7.90049],[80.3878,7.90048],[80.38766,7.90038],[80.3874,7.90004],[80.38804,7.89963],[80.38809,7.89953],[80.38823,7.89948],[80.38808,7.89921],[80.38803,7.89921],[80.38793,7.89911],[80.38763,7.89907],[80.38758,7.89901],[80.38746,7.89897],[80.38725,7.89868],[80.38702,7.89866],[80.3867,7.89884],[80.38649,7.89879],[80.38631,7.89851],[80.38607,7.89825],[80.38516,7.89756],[80.38485,7.89718],[80.38468,7.8971],[80.38428,7.89714],[80.38416,7.89708],[80.38406,7.89689],[80.38427,7.89631],[80.38388,7.89516],[80.38378,7.89424],[80.3833,7.89448],[80.38302,7.89452],[80.38289,7.89461],[80.38156,7.89617],[80.38025,7.89697]]]}},{"type":"Feature","properties":{"c":"farmland"},"geometry":{"type":"Polygon","coordinates":[[[80.39582,7.75949],[80.39596,7.76016],[80.39613,7.75957],[80.39646,7.75991],[80.39669,7.76001],[80.39715,7.76045],[80.39783,7.76061],[80.39817,7.76091],[80.39831,7.7607],[80.39848,7.76066],[80.39862,7.76071],[80.3985,7.76129],[80.39878,7.7614],[80.39897,7.76159],[80.39898,7.76215],[80.39922,7.76229],[80.39992,7.7625],[80.39999,7.76242],[80.40007,7.76245],[80.40012,7.76235],[80.40027,7.76239],[80.40024,7.76273],[80.40027,7.76276],[80.40033,7.7627],[80.40062,7.76282],[80.40063,7.7627],[80.40097,7.76283],[80.40093,7.76291],[80.40079,7.76285],[80.40078,7.76291],[80.40092,7.76297],[80.40091,7.76314],[80.40097,7.76321],[80.40093,7.76328],[80.40098,7.7634],[80.40123,7.76367],[80.40139,7.76337],[80.40143,7.76347],[80.40162,7.76361],[80.40158,7.76381],[80.40151,7.7639],[80.40172,7.76408],[80.40179,7.76404],[80.40186,7.76412],[80.40182,7.76418],[80.40192,7.76456],[80.40191,7.76467],[80.40177,7.76474],[80.40176,7.76493],[80.4017,7.76501],[80.40208,7.76542],[80.40212,7.76552],[80.40157,7.76578],[80.40154,7.76584],[80.40169,7.76586],[80.40169,7.76604],[80.40204,7.76601],[80.40203,7.7662],[80.40194,7.76626],[80.40181,7.76624],[80.40179,7.76632],[80.40187,7.76645],[80.40184,7.76654],[80.40155,7.76651],[80.40195,7.76688],[80.40211,7.76698],[80.40219,7.76697],[80.40233,7.76711],[80.40262,7.76726],[80.40274,7.76718],[80.40282,7.76704],[80.40299,7.76702],[80.40298,7.76687],[80.40313,7.76684],[80.40317,7.76698],[80.4033,7.76707],[80.40364,7.76705],[80.40366,7.76716],[80.40391,7.76718],[80.40398,7.76738],[80.40376,7.76775],[80.40384,7.76798],[80.40397,7.76807],[80.40391,7.76828],[80.40415,7.76871],[80.40388,7.76888],[80.40393,7.76911],[80.40385,7.76919],[80.40386,7.76927],[80.40399,7.7694],[80.40429,7.76935],[80.40428,7.76945],[80.40405,7.76961],[80.40402,7.76971],[80.40453,7.76959],[80.40487,7.77012],[80.40514,7.76989],[80.40518,7.77003],[80.4054,7.77006],[80.40539,7.77014],[80.40557,7.77033],[80.40646,7.77037],[80.40658,7.77036],[80.40663,7.77011],[80.40669,7.77026],[80.40673,7.77027],[80.40689,7.76989],[80.4068,7.76991],[80.40689,7.76967],[80.40715,7.76984],[80.40721,7.76977],[80.40723,7.76986],[80.40733,7.7699],[80.40729,7.77007],[80.40769,7.77009],[80.40771,7.77038],[80.40776,7.77044],[80.40805,7.77027],[80.40806,7.77057],[80.40813,7.77057],[80.40816,7.7704],[80.40823,7.77043],[80.40821,7.77057],[80.40815,7.77063],[80.40816,7.77081],[80.40809,7.77087],[80.4081,7.77094],[80.40827,7.7711],[80.40822,7.77117],[80.40814,7.77163],[80.40817,7.77187],[80.40814,7.77198],[80.40799,7.7719],[80.40795,7.77197],[80.40794,7.77217],[80.40804,7.77228],[80.40801,7.77237],[80.40793,7.77236],[80.40792,7.7725],[80.40811,7.77259],[80.40824,7.77259],[80.40833,7.77265],[80.40835,7.77286],[80.40823,7.77305],[80.40829,7.77309],[80.40774,7.77364],[80.40753,7.77344],[80.4069,7.77402],[80.4068,7.77395],[80.40673,7.77403],[80.40545,7.77352],[80.40532,7.77349],[80.40527,7.77357],[80.40516,7.77351],[80.405,7.77328],[80.40487,7.7732],[80.40453,7.77328],[80.40462,7.77365],[80.40433,7.77365],[80.40424,7.77348],[80.40399,7.7732],[80.40386,7.77329],[80.4038,7.77353],[80.40331,7.7734],[80.40322,7.77346],[80.40236,7.77316],[80.40199,7.77384],[80.40192,7.77434],[80.40201,7.77438],[80.40207,7.77473],[80.40183,7.7747],[80.40178,7.77489],[80.40192,7.77491],[80.40181,7.77537],[80.40181,7.77556],[80.40236,7.77589],[80.40247,7.7759],[80.40257,7.77579],[80.40274,7.77576],[80.40332,7.77578],[80.40333,7.77605],[80.404,7.7763],[80.40461,7.77671],[80.405,7.77705],[80.40537,7.77756],[80.40556,7.77744],[80.40568,7.77717],[80.40575,7.77715],[80.4059,7.77723],[80.40601,7.77703],[80.40571,7.77685],[80.40591,7.77653],[80.40617,7.77673],[80.40631,7.77649],[80.4061,7.77632],[80.40601,7.77616],[80.40613,7.77588],[80.40621,7.77592],[80.40623,7.77611],[80.40632,7.77622],[80.40623,7.77628],[80.40638,7.77639],[80.40697,7.77542],[80.40692,7.77533],[80.40709,7.77494],[80.40727,7.77503],[80.40732,7.77475],[80.40762,7.77463],[80.40789,7.77435],[80.40767,7.77421],[80.40783,7.77404],[80.40788,7.77383],[80.40835,7.77407],[80.40838,7.7742],[80.40853,7.77402],[80.40859,7.7739],[80.40837,7.7738],[80.40855,7.77336],[80.40854,7.77305],[80.4085,7.77291],[80.40871,7.77293],[80.40904,7.77227],[80.40901,7.77196],[80.40912,7.77177],[80.40914,7.7715],[80.40913,7.77119],[80.40911,7.77112],[80.40905,7.7711],[80.40904,7.77092],[80.40914,7.77076],[80.40929,7.77067],[80.40931,7.77059],[80.40942,7.77057],[80.40951,7.77062],[80.40956,7.77055],[80.40953,7.77041],[80.40931,7.77027],[80.40952,7.77011],[80.40927,7.76994],[80.40931,7.76988],[80.40924,7.76982],[80.40927,7.76975],[80.40916,7.76979],[80.40902,7.76972],[80.40847,7.76997],[80.4085,7.76959],[80.40864,7.76968],[80.40891,7.76964],[80.40879,7.76953],[80.40877,7.76938],[80.40883,7.76936],[80.40881,7.76928],[80.40878,7.76924],[80.4087,7.76925],[80.40867,7.76916],[80.40895,7.76892],[80.40892,7.76874],[80.4088,7.76873],[80.40873,7.76843],[80.40861,7.76841],[80.40851,7.76845],[80.4085,7.76867],[80.40879,7.76901],[80.40869,7.76907],[80.4083,7.76859],[80.40838,7.76845],[80.40838,7.76835],[80.40821,7.76835],[80.40809,7.76823],[80.40792,7.76816],[80.40794,7.76808],[80.40748,7.76771],[80.40738,7.76746],[80.40731,7.76622],[80.40633,7.76518],[80.4059,7.76455],[80.4056,7.76445],[80.40573,7.76435],[80.4062,7.76383],[80.40622,7.76368],[80.40611,7.7634],[80.40631,7.76309],[80.40585,7.76342],[80.40574,7.76341],[80.40564,7.76315],[80.40529,7.76344],[80.40525,7.76338],[80.4053,7.763],[80.40541,7.76269],[80.40546,7.76232],[80.40536,7.7623],[80.40523,7.76209],[80.40496,7.76228],[80.40497,7.76241],[80.40489,7.76244],[80.40484,7.76233],[80.40458,7.76251],[80.40467,7.76272],[80.40438,7.76273],[80.40437,7.76263],[80.4045,7.76249],[80.40445,7.76236],[80.40425,7.76243],[80.40425,7.76258],[80.404,7.76257],[80.40385,7.7624],[80.40388,7.76222],[80.40381,7.7621],[80.40353,7.76209],[80.40352,7.76215],[80.40336,7.76205],[80.40333,7.76196],[80.40322,7.76195],[80.4032,7.76189],[80.40311,7.76188],[80.40293,7.76173],[80.40274,7.76171],[80.40253,7.76177],[80.40248,7.76172],[80.40254,7.76163],[80.4024,7.76163],[80.40238,7.76156],[80.40223,7.76161],[80.40199,7.76153],[80.402,7.76162],[80.4011,7.76144],[80.40041,7.76105],[80.40029,7.76097],[80.40017,7.76054],[80.40016,7.76027],[80.40033,7.75992],[80.40018,7.7595],[80.40012,7.75896],[80.40003,7.75885],[80.39981,7.75873],[80.39974,7.75859],[80.39958,7.7587],[80.39957,7.75865],[80.3995,7.75865],[80.39934,7.75876],[80.39945,7.75893],[80.39942,7.75901],[80.39945,7.75915],[80.39941,7.75919],[80.39945,7.75927],[80.39959,7.75937],[80.39959,7.75951],[80.39939,7.75961],[80.39922,7.75959],[80.39924,7.75968],[80.39929,7.75964],[80.39933,7.75968],[80.39938,7.75989],[80.39949,7.75997],[80.39962,7.76019],[80.39966,7.76052],[80.39983,7.76091],[80.39966,7.7608],[80.39942,7.76008],[80.39925,7.76008],[80.39898,7.75948],[80.39861,7.75939],[80.39846,7.75967],[80.39849,7.75971],[80.39872,7.75966],[80.39886,7.7597],[80.39889,7.7598],[80.39878,7.75993],[80.39873,7.76008],[80.39889,7.76026],[80.39884,7.76032],[80.39889,7.76039],[80.399,7.76034],[80.3991,7.7604],[80.39904,7.76049],[80.39904,7.76055],[80.39911,7.76059],[80.399,7.76066],[80.39935,7.76106],[80.3993,7.76115],[80.39873,7.7605],[80.39864,7.76054],[80.39842,7.76027],[80.39825,7.76018],[80.39823,7.76007],[80.39816,7.76001],[80.39824,7.75993],[80.39817,7.75983],[80.39785,7.75994],[80.39767,7.76009],[80.39755,7.75999],[80.39753,7.75992],[80.39758,7.7598],[80.3977,7.75976],[80.39772,7.7597],[80.39768,7.7596],[80.39747,7.75952],[80.39714,7.75949],[80.39718,7.75924],[80.39735,7.75929],[80.39767,7.75927],[80.39759,7.75888],[80.3975,7.75872],[80.39708,7.75891],[80.39673,7.75892],[80.39638,7.75886],[80.39607,7.75907],[80.39582,7.75949]]]}},{"type":"Feature","properties":{"c":"farmland"},"geometry":{"type":"Polygon","coordinates":[[[80.3988,7.77392],[80.399,7.7744],[80.39912,7.77437],[80.39912,7.77434],[80.3992,7.77434],[80.3992,7.77426],[80.39926,7.77422],[80.39942,7.77423],[80.3995,7.77432],[80.39976,7.77433],[80.39981,7.77451],[80.39991,7.77458],[80.39995,7.7747],[80.39992,7.77479],[80.4002,7.77485],[80.40021,7.77505],[80.40043,7.77512],[80.40062,7.77528],[80.40096,7.77538],[80.40104,7.77545],[80.40108,7.77565],[80.40132,7.77565],[80.40135,7.77546],[80.40143,7.77539],[80.40158,7.77496],[80.4017,7.77447],[80.40164,7.77436],[80.40155,7.77432],[80.4016,7.77405],[80.40175,7.77407],[80.4018,7.7739],[80.4018,7.77376],[80.40175,7.77369],[80.40159,7.77363],[80.40179,7.77337],[80.40193,7.77346],[80.40202,7.77332],[80.40146,7.77247],[80.40141,7.77242],[80.4013,7.77253],[80.40109,7.77242],[80.40112,7.77229],[80.40126,7.77219],[80.40121,7.7721],[80.40108,7.77219],[80.40098,7.77207],[80.40085,7.77214],[80.40076,7.77197],[80.40089,7.77187],[80.4008,7.77175],[80.40059,7.77166],[80.40052,7.77171],[80.40044,7.77166],[80.40035,7.77181],[80.40005,7.77164],[80.40001,7.77195],[80.39981,7.7719],[80.39966,7.77181],[80.3996,7.77184],[80.39969,7.77197],[80.39981,7.77198],[80.39986,7.77204],[80.40034,7.77214],[80.40054,7.7721],[80.39978,7.77261],[80.39963,7.77276],[80.39957,7.77275],[80.39952,7.77265],[80.39924,7.77263],[80.3992,7.77268],[80.39923,7.77304],[80.39907,7.77331],[80.39923,7.77365],[80.39893,7.77393],[80.3988,7.77392]]]}},{"type":"Feature","properties":{"c":"farmland"},"geometry":{"type":"Polygon","coordinates":[[[80.40001,7.77592],[80.40015,7.77671],[80.40057,7.77663],[80.40062,7.77643],[80.40069,7.77657],[80.40079,7.77652],[80.40079,7.77632],[80.40069,7.77625],[80.40086,7.77609],[80.40086,7.77598],[80.40068,7.77585],[80.40063,7.77573],[80.40029,7.77553],[80.40014,7.77554],[80.40009,7.77581],[80.40001,7.77592]]]}},{"type":"Feature","properties":{"c":"farmland"},"geometry":{"type":"Polygon","coordinates":[[[80.39082,7.78623],[80.39092,7.78639],[80.39102,7.78645],[80.39087,7.78675],[80.39092,7.78715],[80.39112,7.78737],[80.39121,7.7874],[80.39153,7.78728],[80.39151,7.78715],[80.39143,7.78708],[80.39145,7.78699],[80.39153,7.78695],[80.3916,7.78708],[80.39179,7.78703],[80.39177,7.78695],[80.39193,7.787],[80.39198,7.78693],[80.39218,7.78699],[80.39257,7.78694],[80.39316,7.78698],[80.39325,7.78688],[80.39333,7.78687],[80.39338,7.78689],[80.39341,7.78698],[80.39375,7.78695],[80.39431,7.78728],[80.39464,7.78741],[80.39468,7.78766],[80.39446,7.78775],[80.39438,7.78784],[80.39512,7.78903],[80.39537,7.78932],[80.39602,7.7897],[80.39663,7.78989],[80.39709,7.78989],[80.39718,7.78994],[80.39696,7.79034],[80.39682,7.79043],[80.39744,7.79039],[80.3981,7.7905],[80.39855,7.79084],[80.3986,7.79099],[80.39859,7.79134],[80.39893,7.7913],[80.39914,7.79111],[80.3994,7.791],[80.3995,7.7909],[80.39963,7.79095],[80.39976,7.79088],[80.39972,7.7906],[80.39947,7.7901],[80.39961,7.78989],[80.39953,7.78955],[80.39942,7.78936],[80.39947,7.78927],[80.39975,7.78933],[80.39989,7.78955],[80.39972,7.78963],[80.39979,7.78974],[80.40013,7.78988],[80.40021,7.78985],[80.40006,7.78967],[80.40027,7.7897],[80.40028,7.7898],[80.40053,7.7898],[80.40051,7.78953],[80.40043,7.7894],[80.40067,7.78937],[80.4007,7.78931],[80.40064,7.78905],[80.40053,7.78897],[80.40056,7.78891],[80.40047,7.78884],[80.40043,7.7887],[80.40045,7.78861],[80.40065,7.78853],[80.40037,7.78795],[80.40012,7.7876],[80.39987,7.78774],[80.39986,7.78778],[80.39971,7.78778],[80.39966,7.78761],[80.40002,7.78746],[80.39998,7.78738],[80.39972,7.78742],[80.39956,7.78735],[80.39937,7.7868],[80.39918,7.78661],[80.399,7.78626],[80.39905,7.78619],[80.399,7.78604],[80.39887,7.78607],[80.3988,7.78602],[80.3988,7.78594],[80.3985,7.78598],[80.39851,7.78577],[80.39811,7.78592],[80.39806,7.78596],[80.39812,7.78606],[80.39798,7.78616],[80.39773,7.78614],[80.39761,7.78606],[80.39754,7.78614],[80.39741,7.78603],[80.39734,7.78606],[80.3973,7.786],[80.39739,7.78593],[80.39733,7.78584],[80.39735,7.78576],[80.39725,7.78565],[80.39731,7.78545],[80.39746,7.7853],[80.39766,7.78522],[80.39776,7.78535],[80.39796,7.78537],[80.39819,7.78528],[80.39797,7.7851],[80.39768,7.78463],[80.39756,7.78471],[80.39757,7.78483],[80.39736,7.78493],[80.39727,7.78475],[80.39747,7.78465],[80.39739,7.78445],[80.39717,7.78443],[80.397,7.78454],[80.39672,7.78452],[80.39651,7.78459],[80.3964,7.78445],[80.39638,7.7842],[80.39633,7.78413],[80.39602,7.78411],[80.39599,7.78403],[80.39592,7.784],[80.39573,7.78407],[80.39561,7.78373],[80.39545,7.78371],[80.39534,7.78383],[80.39543,7.78404],[80.39539,7.78414],[80.39539,7.78433],[80.39549,7.78468],[80.39588,7.78464],[80.39581,7.78484],[80.39612,7.78514],[80.39613,7.78525],[80.39627,7.78547],[80.39649,7.78579],[80.39663,7.78588],[80.39681,7.78624],[80.3968,7.78655],[80.39704,7.78657],[80.3971,7.78665],[80.39728,7.78667],[80.39746,7.78664],[80.39757,7.78648],[80.39767,7.78641],[80.39773,7.78643],[80.39774,7.78647],[80.39793,7.78652],[80.3982,7.78676],[80.39826,7.78688],[80.39852,7.787],[80.39842,7.78714],[80.39831,7.78712],[80.39818,7.78726],[80.39831,7.78727],[80.39834,7.78732],[80.3982,7.78748],[80.39835,7.78759],[80.39847,7.78788],[80.39906,7.78785],[80.39926,7.78807],[80.39925,7.78817],[80.39937,7.7883],[80.39941,7.78848],[80.39952,7.78848],[80.39955,7.78873],[80.39941,7.78874],[80.39932,7.78882],[80.39949,7.78892],[80.39951,7.78904],[80.39957,7.7891],[80.39946,7.78915],[80.39942,7.78909],[80.39939,7.78916],[80.39945,7.78926],[80.39939,7.78931],[80.39924,7.78887],[80.39915,7.78886],[80.399,7.78868],[80.39912,7.78848],[80.39905,7.78835],[80.399,7.788],[80.39887,7.78802],[80.39871,7.78814],[80.39856,7.78813],[80.39847,7.78807],[80.39832,7.78809],[80.3982,7.78795],[80.39811,7.78792],[80.39822,7.78786],[80.39818,7.78777],[80.39811,7.78774],[80.3979,7.78785],[80.39784,7.78778],[80.39804,7.78767],[80.39799,7.78758],[80.39781,7.78769],[80.39772,7.7876],[80.39779,7.78741],[80.39771,7.7874],[80.39766,7.78731],[80.39772,7.78727],[80.39765,7.78723],[80.39768,7.78715],[80.39792,7.78713],[80.39788,7.78686],[80.39755,7.78688],[80.3975,7.78693],[80.39759,7.78719],[80.39746,7.78729],[80.39723,7.787],[80.39693,7.78716],[80.39688,7.78714],[80.39687,7.78691],[80.39661,7.7868],[80.39651,7.78666],[80.39661,7.78637],[80.39649,7.7863],[80.39647,7.78612],[80.39636,7.78605],[80.3962,7.78604],[80.39613,7.78594],[80.39599,7.78597],[80.39595,7.78593],[80.39593,7.78581],[80.39611,7.78571],[80.39595,7.78533],[80.39589,7.7853],[80.39578,7.78535],[80.39563,7.7853],[80.39517,7.78495],[80.3951,7.78497],[80.3951,7.78502],[80.39485,7.78487],[80.39482,7.78492],[80.39469,7.78483],[80.39446,7.78482],[80.39434,7.7847],[80.3944,7.78452],[80.39433,7.78448],[80.39432,7.78433],[80.39426,7.78428],[80.39419,7.78432],[80.39422,7.78435],[80.39404,7.78446],[80.39414,7.78467],[80.39404,7.78474],[80.39408,7.78483],[80.39419,7.78488],[80.39415,7.78496],[80.39423,7.7852],[80.39415,7.78523],[80.39412,7.78533],[80.39392,7.78549],[80.3939,7.78568],[80.39379,7.78571],[80.3938,7.78566],[80.39372,7.78563],[80.39362,7.78573],[80.39352,7.78575],[80.39348,7.78568],[80.3934,7.7857],[80.39348,7.786],[80.39314,7.78617],[80.39307,7.78615],[80.39308,7.78599],[80.39316,7.78592],[80.39307,7.78554],[80.39294,7.78559],[80.39292,7.78543],[80.39306,7.78551],[80.39332,7.78541],[80.39337,7.78555],[80.39353,7.7855],[80.39379,7.78531],[80.39372,7.78513],[80.39369,7.78507],[80.3936,7.78507],[80.39357,7.78491],[80.39326,7.78492],[80.39312,7.78507],[80.39291,7.78489],[80.39246,7.78502],[80.39261,7.78522],[80.39263,7.78532],[80.39256,7.78536],[80.39267,7.78573],[80.3922,7.78601],[80.39236,7.7863],[80.39225,7.78647],[80.39206,7.78643],[80.39177,7.78648],[80.39162,7.78656],[80.39144,7.78605],[80.39152,7.78592],[80.3915,7.78582],[80.39128,7.78583],[80.39102,7.78616],[80.39096,7.78609],[80.39082,7.78623]]]}},{"type":"Feature","properties":{"c":"farmland"},"geometry":{"type":"Polygon","coordinates":[[[80.39922,7.78356],[80.39929,7.78416],[80.39942,7.78414],[80.39987,7.78357],[80.39983,7.78348],[80.39999,7.78341],[80.39984,7.7831],[80.39941,7.78335],[80.39939,7.78342],[80.39944,7.78347],[80.39922,7.78356]]]}},{"type":"Feature","properties":{"c":"farmland"},"geometry":{"type":"Polygon","coordinates":[[[80.39966,7.78279],[80.39973,7.78289],[80.39985,7.78284],[80.39981,7.78276],[80.40003,7.78265],[80.4001,7.7828],[80.4,7.78287],[80.40007,7.78292],[80.40021,7.7829],[80.40026,7.78299],[80.40059,7.78305],[80.40024,7.78319],[80.40042,7.78351],[80.40015,7.78369],[80.40017,7.78376],[80.40024,7.78378],[80.40039,7.78395],[80.40039,7.78402],[80.40032,7.78404],[80.40038,7.78414],[80.40036,7.78425],[80.40045,7.78462],[80.40033,7.78477],[80.40048,7.78521],[80.40042,7.78531],[80.40073,7.78575],[80.40102,7.78659],[80.4019,7.78693],[80.40237,7.78703],[80.40228,7.78751],[80.40211,7.78793],[80.4022,7.78882],[80.40177,7.78884],[80.40136,7.78873],[80.40112,7.7885],[80.40103,7.78856],[80.40079,7.78859],[80.4009,7.78886],[80.40097,7.78881],[80.40117,7.7888],[80.40124,7.78889],[80.40138,7.78932],[80.40136,7.78948],[80.40153,7.78945],[80.40192,7.78948],[80.40203,7.78961],[80.40221,7.78964],[80.40224,7.7891],[80.40259,7.78915],[80.4028,7.78926],[80.4032,7.78933],[80.40329,7.78911],[80.40322,7.78897],[80.40329,7.78886],[80.40338,7.78885],[80.4034,7.78879],[80.40361,7.78885],[80.40366,7.78879],[80.40361,7.78833],[80.40364,7.78824],[80.40397,7.78827],[80.40426,7.78818],[80.40404,7.78716],[80.40394,7.78687],[80.40403,7.78679],[80.40402,7.7867],[80.40387,7.78669],[80.4038,7.78636],[80.40383,7.78617],[80.40376,7.78605],[80.40364,7.78606],[80.40357,7.78584],[80.40369,7.78578],[80.40373,7.7857],[80.40351,7.78527],[80.40378,7.785],[80.40383,7.78488],[80.40374,7.78471],[80.4038,7.78466],[80.40315,7.78355],[80.40325,7.78181],[80.40301,7.78151],[80.40274,7.781],[80.40258,7.78086],[80.40241,7.78087],[80.40236,7.78091],[80.40224,7.78088],[80.40215,7.78091],[80.40208,7.78086],[80.40198,7.78097],[80.402,7.78112],[80.40184,7.78106],[80.40171,7.78118],[80.40146,7.78112],[80.40112,7.78086],[80.40073,7.78112],[80.40072,7.78126],[80.4008,7.78137],[80.40124,7.78162],[80.40136,7.78163],[80.40167,7.78183],[80.40161,7.78194],[80.40163,7.78204],[80.40149,7.78223],[80.40142,7.78244],[80.40095,7.78272],[80.40074,7.78244],[80.40035,7.7817],[80.40033,7.78159],[80.40023,7.78152],[80.40015,7.78164],[80.40009,7.78162],[80.40001,7.7817],[80.39993,7.7819],[80.39983,7.78184],[80.39977,7.7817],[80.39967,7.78176],[80.3999,7.78208],[80.40004,7.78236],[80.39992,7.78251],[80.39972,7.78259],[80.39966,7.78279]]]}},{"type":"Feature","properties":{"c":"farmland"},"geometry":{"type":"Polygon","coordinates":[[[80.40147,7.76052],[80.40164,7.76082],[80.4018,7.76089],[80.40221,7.76093],[80.40296,7.76109],[80.40335,7.76132],[80.40345,7.76097],[80.4039,7.76118],[80.4038,7.76166],[80.40425,7.76184],[80.40431,7.76162],[80.40443,7.76143],[80.40457,7.76152],[80.40464,7.76135],[80.40512,7.76142],[80.4053,7.76136],[80.40544,7.76149],[80.40564,7.76145],[80.40578,7.76161],[80.40649,7.76173],[80.40668,7.76188],[80.40683,7.7621],[80.40689,7.76236],[80.40719,7.76244],[80.40721,7.7629],[80.40715,7.7638],[80.40691,7.7638],[80.40688,7.76394],[80.4067,7.76395],[80.40666,7.76431],[80.40649,7.76431],[80.40671,7.7648],[80.40772,7.76479],[80.40784,7.76491],[80.40808,7.76557],[80.40814,7.76598],[80.40802,7.76611],[80.40796,7.7663],[80.40795,7.76644],[80.40805,7.7667],[80.40822,7.76669],[80.40825,7.7669],[80.4085,7.7669],[80.40919,7.76742],[80.40927,7.7676],[80.40953,7.76781],[80.40979,7.7678],[80.41001,7.76786],[80.41004,7.76802],[80.40971,7.7681],[80.40965,7.76817],[80.41002,7.76824],[80.41045,7.76839],[80.41076,7.76835],[80.41072,7.76851],[80.41106,7.76847],[80.41111,7.76843],[80.41115,7.76826],[80.41134,7.76815],[80.41146,7.76792],[80.41175,7.76764],[80.41186,7.76701],[80.41276,7.76692],[80.41287,7.76645],[80.41332,7.76635],[80.41338,7.76615],[80.41296,7.76625],[80.41295,7.76605],[80.41338,7.76592],[80.4134,7.76541],[80.41292,7.76544],[80.41289,7.76534],[80.4126,7.76545],[80.41251,7.76504],[80.4134,7.76488],[80.41335,7.76462],[80.41278,7.76442],[80.41237,7.76454],[80.41233,7.7648],[80.41215,7.76476],[80.41211,7.76437],[80.41201,7.7642],[80.41203,7.76404],[80.41227,7.76425],[80.4126,7.76418],[80.41223,7.76336],[80.41123,7.76356],[80.41133,7.76398],[80.41134,7.76432],[80.4112,7.76426],[80.41113,7.76407],[80.4109,7.76405],[80.41084,7.76392],[80.41073,7.76385],[80.41063,7.76385],[80.41066,7.76354],[80.41039,7.76344],[80.41037,7.7633],[80.41034,7.76299],[80.41045,7.76297],[80.41045,7.76282],[80.41002,7.76274],[80.41004,7.76247],[80.40984,7.7624],[80.40983,7.76212],[80.40991,7.76203],[80.40999,7.76209],[80.40995,7.76193],[80.40997,7.76179],[80.40953,7.76177],[80.40953,7.76185],[80.40961,7.76188],[80.40975,7.76208],[80.40961,7.7622],[80.40972,7.76261],[80.40967,7.76262],[80.40957,7.76242],[80.40954,7.76227],[80.40934,7.76227],[80.40926,7.76215],[80.40891,7.76215],[80.40877,7.7624],[80.4088,7.76253],[80.40886,7.76256],[80.40886,7.76268],[80.40871,7.76272],[80.40872,7.76291],[80.40914,7.76296],[80.40912,7.76305],[80.40922,7.76307],[80.40916,7.76317],[80.40908,7.76313],[80.40898,7.76327],[80.40891,7.76321],[80.40878,7.76355],[80.40862,7.76341],[80.4085,7.76317],[80.4085,7.76302],[80.40843,7.76293],[80.40846,7.76287],[80.40832,7.76248],[80.40823,7.76241],[80.40825,7.76205],[80.40832,7.76176],[80.40841,7.76161],[80.40856,7.7615],[80.40873,7.76153],[80.4089,7.76144],[80.40908,7.76121],[80.40912,7.76106],[80.40901,7.76102],[80.4086,7.76104],[80.40859,7.76117],[80.40851,7.76128],[80.40843,7.76133],[80.40832,7.76133],[80.40831,7.76119],[80.40823,7.76108],[80.40822,7.76097],[80.40803,7.7607],[80.40848,7.76047],[80.4086,7.76093],[80.40923,7.76098],[80.40934,7.76104],[80.40931,7.76076],[80.40917,7.76086],[80.40903,7.76084],[80.40897,7.7608],[80.40896,7.76047],[80.40888,7.76042],[80.40867,7.76041],[80.40874,7.76026],[80.40846,7.76018],[80.40846,7.75997],[80.40863,7.75995],[80.40828,7.75925],[80.40826,7.75895],[80.40821,7.75895],[80.4082,7.75858],[80.40796,7.75849],[80.40752,7.75851],[80.40709,7.75841],[80.40691,7.75841],[80.40636,7.75859],[80.40631,7.75853],[80.40636,7.75838],[80.40642,7.75834],[80.40649,7.75836],[80.40652,7.7583],[80.40666,7.75833],[80.40696,7.75811],[80.40653,7.75778],[80.40633,7.75786],[80.40623,7.75776],[80.40621,7.75767],[80.40604,7.75748],[80.40586,7.75736],[80.40588,7.75731],[80.40579,7.75722],[80.40563,7.75734],[80.40543,7.75716],[80.40509,7.75748],[80.40503,7.75742],[80.40507,7.75737],[80.40499,7.75731],[80.40494,7.75743],[80.40478,7.75726],[80.40487,7.75716],[80.40483,7.75708],[80.40472,7.75717],[80.40453,7.75698],[80.40456,7.75695],[80.40453,7.75691],[80.40446,7.75692],[80.40439,7.75678],[80.40433,7.75683],[80.40419,7.75685],[80.40415,7.7569],[80.40448,7.7575],[80.40461,7.75766],[80.40473,7.75773],[80.40481,7.75771],[80.40499,7.75788],[80.405,7.75812],[80.40513,7.75815],[80.40519,7.7584],[80.40531,7.75841],[80.40531,7.7588],[80.4052,7.75893],[80.40483,7.75907],[80.40445,7.7591],[80.40394,7.75902],[80.40357,7.75907],[80.40366,7.75927],[80.40403,7.75923],[80.40404,7.75938],[80.4041,7.75942],[80.40395,7.75952],[80.40385,7.75951],[80.40391,7.75963],[80.40533,7.75931],[80.40534,7.75946],[80.40549,7.75952],[80.40555,7.75963],[80.40549,7.75967],[80.40555,7.75975],[80.40534,7.75981],[80.40542,7.7599],[80.40537,7.75995],[80.40537,7.76002],[80.40556,7.75999],[80.40554,7.75991],[80.40581,7.75992],[80.4059,7.76014],[80.40582,7.76034],[80.40596,7.76035],[80.4059,7.76057],[80.40575,7.76064],[80.40574,7.76071],[80.40563,7.76077],[80.40561,7.76093],[80.40553,7.76096],[80.40547,7.7609],[80.40545,7.76056],[80.40528,7.76032],[80.40512,7.76027],[80.40498,7.75988],[80.40463,7.75998],[80.40457,7.75973],[80.40476,7.75963],[80.40495,7.75966],[80.40491,7.75948],[80.40425,7.75961],[80.40441,7.76008],[80.40415,7.76017],[80.40403,7.75965],[80.40388,7.75968],[80.40395,7.75988],[80.40367,7.75992],[80.40367,7.76002],[80.40349,7.76],[80.40353,7.75975],[80.40195,7.7593],[80.40197,7.75965],[80.40187,7.76019],[80.40171,7.76043],[80.40147,7.76052]]]}},{"type":"Feature","properties":{"c":"farmland"},"geometry":{"type":"Polygon","coordinates":[[[80.40188,7.75503],[80.40196,7.75516],[80.40203,7.75514],[80.40211,7.75519],[80.40231,7.75555],[80.40237,7.75555],[80.40259,7.75589],[80.40298,7.75542],[80.40275,7.75519],[80.40257,7.75512],[80.4025,7.75495],[80.40278,7.75459],[80.40279,7.75447],[80.40278,7.75428],[80.40256,7.75402],[80.40237,7.75413],[80.40223,7.7541],[80.40207,7.7542],[80.40219,7.75441],[80.40223,7.75463],[80.40212,7.75471],[80.40217,7.75483],[80.40212,7.75489],[80.40202,7.75473],[80.40195,7.75477],[80.40203,7.75488],[80.40188,7.75503]]]}},{"type":"Feature","properties":{"c":"farmland"},"geometry":{"type":"Polygon","coordinates":[[[80.40026,7.75572],[80.40032,7.7558],[80.40082,7.7556],[80.40072,7.75596],[80.40056,7.75598],[80.40046,7.75591],[80.4004,7.75594],[80.4007,7.75649],[80.40084,7.75654],[80.40121,7.75653],[80.40128,7.75632],[80.40136,7.75624],[80.40139,7.7561],[80.40163,7.75618],[80.40168,7.75623],[80.40168,7.75639],[80.40174,7.75642],[80.40222,7.75613],[80.40213,7.7561],[80.4021,7.75578],[80.40196,7.75562],[80.40192,7.75514],[80.40179,7.75503],[80.40171,7.75464],[80.40166,7.75454],[80.40159,7.75454],[80.4015,7.75496],[80.40098,7.75527],[80.40087,7.7554],[80.40026,7.75572]]]}},{"type":"Feature","properties":{"c":"farmland"},"geometry":{"type":"Polygon","coordinates":[[[80.39883,7.75664],[80.3997,7.75696],[80.3999,7.75626],[80.39961,7.75613],[80.39937,7.7563],[80.39934,7.75649],[80.399,7.75631],[80.39895,7.75652],[80.39883,7.75652],[80.39883,7.75664]]]}},{"type":"Feature","properties":{"c":"farmland","n":"Hakwatuna Oya Tank Irrigable Area"},"geometry":{"type":"Polygon","coordinates":[[[80.39676,7.74932],[80.39697,7.74983],[80.39691,7.7499],[80.39687,7.75026],[80.39677,7.75043],[80.39676,7.75063],[80.39699,7.75055],[80.39706,7.75063],[80.39709,7.75083],[80.39719,7.75089],[80.39741,7.75118],[80.39723,7.75132],[80.39753,7.7516],[80.39779,7.75177],[80.39775,7.75181],[80.3978,7.75187],[80.39787,7.75185],[80.39817,7.75202],[80.39814,7.75208],[80.39839,7.75231],[80.39834,7.75237],[80.3984,7.75242],[80.39867,7.75223],[80.39875,7.7523],[80.39865,7.75242],[80.39862,7.75257],[80.39885,7.75274],[80.39903,7.75262],[80.3991,7.75272],[80.39925,7.75266],[80.39939,7.75249],[80.39943,7.75235],[80.39955,7.75234],[80.39985,7.7529],[80.39996,7.75275],[80.40017,7.7527],[80.40022,7.75279],[80.4004,7.75271],[80.40039,7.75266],[80.40027,7.75259],[80.40008,7.75114],[80.3999,7.7507],[80.40001,7.75058],[80.39984,7.75048],[80.39978,7.75057],[80.39958,7.75065],[80.39929,7.75034],[80.39945,7.75018],[80.39936,7.74953],[80.39892,7.74921],[80.39869,7.74891],[80.39859,7.74885],[80.39835,7.74908],[80.39843,7.74919],[80.39823,7.74933],[80.3983,7.74938],[80.39823,7.74943],[80.39818,7.74938],[80.3981,7.74948],[80.39805,7.74944],[80.39792,7.74952],[80.39783,7.74943],[80.39771,7.74943],[80.39768,7.74952],[80.39756,7.74955],[80.39745,7.74944],[80.39739,7.74944],[80.3971,7.74954],[80.39692,7.74926],[80.39676,7.74932]]]}},{"type":"Feature","properties":{"c":"farmland"},"geometry":{"type":"Polygon","coordinates":[[[80.39944,7.75521],[80.3996,7.75552],[80.39996,7.75539],[80.39962,7.75514],[80.39945,7.75513],[80.39944,7.75521]]]}},{"type":"Feature","properties":{"c":"farmland"},"geometry":{"type":"Polygon","coordinates":[[[80.39809,7.75533],[80.39815,7.75567],[80.39842,7.75571],[80.39851,7.75584],[80.39881,7.75577],[80.39888,7.7557],[80.39883,7.75549],[80.39893,7.75547],[80.3989,7.75534],[80.39872,7.75536],[80.39864,7.75511],[80.39812,7.75522],[80.39809,7.75533]]]}},{"type":"Feature","properties":{"c":"farmland","n":"Hakwatuna Oya Tank Irrigable Area"},"geometry":{"type":"Polygon","coordinates":[[[80.39773,7.7543],[80.39774,7.75442],[80.39782,7.75445],[80.39785,7.75478],[80.39859,7.75474],[80.39857,7.75457],[80.39827,7.75452],[80.39798,7.75453],[80.39794,7.7544],[80.39806,7.75421],[80.39773,7.7543]]]}},{"type":"Feature","properties":{"c":"farmland"},"geometry":{"type":"Polygon","coordinates":[[[80.39663,7.75554],[80.39676,7.75564],[80.39686,7.75563],[80.39701,7.7555],[80.39708,7.75552],[80.39714,7.75546],[80.39736,7.75546],[80.39766,7.75511],[80.39762,7.755],[80.39762,7.75473],[80.39742,7.75439],[80.39731,7.75364],[80.39708,7.75321],[80.39694,7.75313],[80.39695,7.75324],[80.39686,7.75329],[80.39704,7.75335],[80.39707,7.75364],[80.39713,7.75371],[80.39706,7.75377],[80.39719,7.75477],[80.39729,7.75495],[80.39739,7.75499],[80.39734,7.75511],[80.39723,7.75517],[80.39702,7.75517],[80.3971,7.75527],[80.39701,7.75533],[80.39675,7.7553],[80.39665,7.75541],[80.39663,7.75554]]]}},{"type":"Feature","properties":{"c":"farmland"},"geometry":{"type":"Polygon","coordinates":[[[80.36906,7.745],[80.36912,7.74512],[80.36924,7.745],[80.3696,7.74489],[80.36964,7.74503],[80.36946,7.74508],[80.36964,7.74566],[80.36979,7.7457],[80.36983,7.74564],[80.36992,7.74564],[80.37021,7.74576],[80.37042,7.74578],[80.37061,7.74601],[80.37085,7.74572],[80.37108,7.74578],[80.37119,7.7459],[80.37114,7.746],[80.37124,7.74629],[80.3713,7.74633],[80.37124,7.74639],[80.37129,7.74649],[80.37123,7.74657],[80.37127,7.74678],[80.37116,7.74711],[80.37123,7.74728],[80.37155,7.74733],[80.37164,7.74739],[80.3717,7.74755],[80.37187,7.74749],[80.37193,7.74756],[80.37204,7.74753],[80.37221,7.74738],[80.37225,7.74726],[80.37217,7.74685],[80.37229,7.74677],[80.37271,7.74625],[80.373,7.74636],[80.37315,7.74657],[80.37355,7.74656],[80.37359,7.74651],[80.37383,7.74658],[80.37394,7.7464],[80.37413,7.74635],[80.3744,7.7464],[80.37436,7.74645],[80.3744,7.74653],[80.37436,7.74667],[80.37449,7.74676],[80.37467,7.7468],[80.37484,7.74712],[80.37543,7.74732],[80.3755,7.74713],[80.37563,7.74714],[80.37577,7.74723],[80.3759,7.74706],[80.37599,7.74702],[80.37627,7.7471],[80.37629,7.74721],[80.3767,7.74726],[80.37679,7.74733],[80.37734,7.74721],[80.37749,7.74715],[80.37756,7.74702],[80.37793,7.74719],[80.37811,7.74717],[80.37833,7.74697],[80.3785,7.74708],[80.37851,7.7472],[80.37866,7.74724],[80.37872,7.7471],[80.37891,7.74729],[80.37878,7.74778],[80.3789,7.74782],[80.37927,7.74787],[80.37953,7.74771],[80.37965,7.74736],[80.37973,7.74745],[80.37995,7.74747],[80.38004,7.74733],[80.38014,7.74737],[80.38021,7.74725],[80.38031,7.74728],[80.38023,7.74757],[80.38037,7.74761],[80.38041,7.74769],[80.38083,7.7479],[80.38097,7.74792],[80.38115,7.74788],[80.38133,7.7481],[80.38143,7.74813],[80.38173,7.74804],[80.38188,7.7481],[80.38193,7.74822],[80.38223,7.74859],[80.38242,7.74867],[80.38243,7.74878],[80.38251,7.74884],[80.38267,7.74894],[80.38289,7.74899],[80.38307,7.74911],[80.38322,7.74941],[80.3832,7.74964],[80.38314,7.74972],[80.38346,7.74992],[80.38368,7.74993],[80.38382,7.75034],[80.38378,7.75044],[80.3837,7.75048],[80.38372,7.75057],[80.38367,7.75068],[80.38367,7.75075],[80.38382,7.75091],[80.38363,7.75101],[80.38349,7.75118],[80.38334,7.75122],[80.38377,7.75153],[80.38389,7.75145],[80.38403,7.75159],[80.38423,7.7515],[80.38432,7.75163],[80.38392,7.75189],[80.38387,7.75184],[80.38382,7.75193],[80.38372,7.75196],[80.38396,7.75204],[80.38454,7.75246],[80.38462,7.75258],[80.38451,7.75271],[80.38521,7.75293],[80.38578,7.7527],[80.38577,7.75264],[80.38591,7.75258],[80.38592,7.75229],[80.38613,7.75225],[80.38609,7.75198],[80.38643,7.75183],[80.38657,7.75197],[80.38658,7.75214],[80.38655,7.75223],[80.38638,7.75226],[80.38632,7.75234],[80.38634,7.75247],[80.38647,7.75249],[80.38662,7.75269],[80.38686,7.75274],[80.38709,7.75253],[80.38731,7.75261],[80.38739,7.75271],[80.38753,7.7527],[80.38813,7.75242],[80.38824,7.75231],[80.38832,7.75236],[80.38846,7.75262],[80.38855,7.75267],[80.38878,7.75276],[80.38925,7.75271],[80.38936,7.75274],[80.38953,7.75289],[80.38972,7.75296],[80.38977,7.75322],[80.38986,7.75336],[80.38993,7.75338],[80.38999,7.7533],[80.39017,7.75268],[80.38965,7.7524],[80.3896,7.75229],[80.38961,7.75212],[80.38975,7.75194],[80.38943,7.7516],[80.38921,7.75167],[80.38911,7.7516],[80.389,7.75135],[80.3889,7.75145],[80.38881,7.75145],[80.38882,7.75117],[80.38878,7.75112],[80.38833,7.75112],[80.38792,7.75086],[80.38786,7.75067],[80.38774,7.75057],[80.38777,7.75048],[80.38745,7.75005],[80.38756,7.74984],[80.38768,7.74981],[80.38787,7.74987],[80.38777,7.74998],[80.38783,7.75004],[80.38797,7.7499],[80.38822,7.75],[80.38852,7.74998],[80.38851,7.75011],[80.38902,7.75],[80.38945,7.75013],[80.3899,7.75034],[80.38992,7.75026],[80.39043,7.75035],[80.39044,7.75049],[80.39072,7.75057],[80.3907,7.75092],[80.39166,7.75117],[80.39163,7.75095],[80.3919,7.75097],[80.39197,7.75126],[80.39234,7.75085],[80.39241,7.75049],[80.39247,7.75037],[80.39264,7.75024],[80.39298,7.75013],[80.39306,7.75031],[80.39321,7.75045],[80.39311,7.7506],[80.39314,7.7509],[80.39289,7.75124],[80.39309,7.75155],[80.39295,7.75174],[80.39314,7.75195],[80.39299,7.75208],[80.39361,7.75277],[80.39387,7.75291],[80.39397,7.75307],[80.39412,7.75316],[80.39414,7.75303],[80.39441,7.75309],[80.39463,7.75347],[80.39472,7.75356],[80.39485,7.75356],[80.39488,7.75378],[80.39493,7.75384],[80.39482,7.75421],[80.39493,7.75477],[80.39507,7.75506],[80.3953,7.75495],[80.39541,7.75505],[80.39545,7.75525],[80.39579,7.75535],[80.39584,7.75529],[80.39613,7.7553],[80.39618,7.75519],[80.39666,7.75524],[80.39674,7.75517],[80.39663,7.75511],[80.39628,7.75511],[80.39614,7.75504],[80.39578,7.75501],[80.39537,7.7548],[80.39523,7.75439],[80.39518,7.75405],[80.39508,7.75397],[80.39508,7.75357],[80.39515,7.75338],[80.39512,7.75318],[80.3949,7.75319],[80.39484,7.75303],[80.39484,7.75295],[80.39499,7.75294],[80.39515,7.75279],[80.39517,7.75257],[80.39512,7.75251],[80.39512,7.75234],[80.39497,7.7523],[80.39499,7.75201],[80.39519,7.75178],[80.39528,7.75183],[80.39534,7.75228],[80.39571,7.75218],[80.39587,7.7522],[80.39609,7.75229],[80.39635,7.75267],[80.39645,7.75265],[80.39638,7.7525],[80.39644,7.75243],[80.39643,7.7523],[80.39647,7.7523],[80.39656,7.75242],[80.39651,7.75262],[80.39684,7.75253],[80.39683,7.75242],[80.39668,7.75226],[80.39664,7.75203],[80.39649,7.7518],[80.39641,7.75119],[80.39643,7.75093],[80.39633,7.75071],[80.39617,7.75065],[80.39611,7.75056],[80.396,7.75012],[80.39589,7.75005],[80.39529,7.74933],[80.39509,7.74955],[80.39498,7.74938],[80.3949,7.74943],[80.39478,7.74905],[80.39495,7.74886],[80.39483,7.74869],[80.39485,7.74861],[80.39469,7.74838],[80.39476,7.74814],[80.39456,7.74798],[80.39442,7.74802],[80.39432,7.74777],[80.39456,7.74775],[80.39455,7.74761],[80.39414,7.74737],[80.39364,7.74692],[80.39345,7.74684],[80.39332,7.7469],[80.39329,7.74702],[80.39307,7.74681],[80.39299,7.74693],[80.39286,7.74682],[80.39287,7.74671],[80.39258,7.74639],[80.39262,7.74617],[80.39239,7.74595],[80.39246,7.74583],[80.39257,7.74581],[80.39281,7.74592],[80.39292,7.74558],[80.39282,7.74555],[80.39279,7.74562],[80.39274,7.7456],[80.39274,7.74537],[80.39269,7.74532],[80.39272,7.74521],[80.3926,7.74518],[80.39255,7.74503],[80.39245,7.74501],[80.39247,7.74491],[80.39241,7.74481],[80.39207,7.74472],[80.39148,7.74497],[80.3914,7.74494],[80.39135,7.74486],[80.39131,7.74454],[80.39107,7.7443],[80.39116,7.74421],[80.39113,7.74404],[80.39084,7.74367],[80.39076,7.74364],[80.38971,7.74362],[80.38967,7.74373],[80.38926,7.74394],[80.38919,7.74415],[80.38935,7.74467],[80.38947,7.74488],[80.38986,7.745],[80.39003,7.74494],[80.39022,7.7448],[80.39021,7.7451],[80.3904,7.74514],[80.39065,7.74513],[80.39089,7.74524],[80.39048,7.74585],[80.39019,7.74603],[80.39018,7.7461],[80.39063,7.74626],[80.39055,7.74641],[80.39041,7.74645],[80.39022,7.74643],[80.38992,7.74679],[80.3899,7.74649],[80.3896,7.74621],[80.38951,7.74587],[80.3893,7.74567],[80.38917,7.74567],[80.389,7.74527],[80.3889,7.74518],[80.38874,7.74514],[80.38859,7.74496],[80.38846,7.74469],[80.38828,7.7446],[80.38827,7.74441],[80.38765,7.74428],[80.3872,7.74409],[80.38702,7.74375],[80.3869,7.74368],[80.38669,7.74337],[80.3866,7.74305],[80.38659,7.74282],[80.38626,7.74205],[80.38617,7.74208],[80.38595,7.74174],[80.38558,7.74156],[80.38543,7.74155],[80.38532,7.74142],[80.38458,7.7409],[80.38438,7.7409],[80.38411,7.74074],[80.3841,7.74086],[80.38398,7.74094],[80.38389,7.7409],[80.384,7.74066],[80.38377,7.74047],[80.38343,7.74036],[80.3833,7.74009],[80.3832,7.74008],[80.38309,7.73987],[80.38289,7.73977],[80.38246,7.73991],[80.38227,7.74012],[80.3819,7.74025],[80.38164,7.74049],[80.38099,7.74084],[80.38064,7.74121],[80.38088,7.74162],[80.38064,7.74177],[80.38034,7.74204],[80.38003,7.74182],[80.37983,7.74159],[80.37978,7.74147],[80.37988,7.74138],[80.37981,7.74127],[80.37958,7.74113],[80.37939,7.74123],[80.3793,7.74106],[80.37935,7.74101],[80.37921,7.74086],[80.3791,7.74062],[80.37892,7.74046],[80.37839,7.74103],[80.37824,7.74079],[80.37774,7.74028],[80.37753,7.73998],[80.37747,7.73975],[80.37728,7.73961],[80.37705,7.7396],[80.37702,7.73976],[80.37636,7.73977],[80.37603,7.73957],[80.37599,7.73973],[80.37574,7.73967],[80.37576,7.7395],[80.37568,7.73947],[80.37528,7.73943],[80.37527,7.73937],[80.37488,7.73931],[80.37482,7.73943],[80.37427,7.73967],[80.37412,7.73964],[80.37405,7.73955],[80.37384,7.73952],[80.37352,7.73969],[80.37342,7.73979],[80.37344,7.73982],[80.37319,7.73993],[80.37315,7.73987],[80.37285,7.73989],[80.37279,7.73979],[80.37259,7.73984],[80.37236,7.73996],[80.37232,7.74002],[80.37236,7.74006],[80.37215,7.74028],[80.37223,7.74035],[80.37314,7.74055],[80.37338,7.74025],[80.37356,7.74034],[80.37337,7.74052],[80.37329,7.74106],[80.37227,7.741],[80.37219,7.7415],[80.3721,7.74155],[80.37189,7.74154],[80.37169,7.74177],[80.3719,7.74189],[80.37181,7.74191],[80.3716,7.74213],[80.37179,7.74229],[80.37148,7.74263],[80.37138,7.74259],[80.37133,7.74268],[80.37126,7.74264],[80.37122,7.74273],[80.37125,7.74278],[80.37108,7.74292],[80.37107,7.74283],[80.37096,7.7429],[80.37089,7.74305],[80.37052,7.74302],[80.37034,7.7432],[80.37014,7.74327],[80.37012,7.74337],[80.36989,7.7435],[80.36985,7.74358],[80.36977,7.74354],[80.36949,7.74398],[80.36958,7.74417],[80.3697,7.74419],[80.36973,7.74426],[80.36948,7.7445],[80.36945,7.7446],[80.36921,7.74475],[80.36906,7.745]],[[80.3743,7.74426],[80.37506,7.74345],[80.37571,7.74317],[80.37558,7.74301],[80.37613,7.74254],[80.37642,7.74289],[80.37669,7.7429],[80.37657,7.74267],[80.37686,7.74255],[80.37698,7.74274],[80.37737,7.74286],[80.37752,7.74272],[80.37767,7.74293],[80.37778,7.74295],[80.37786,7.74287],[80.37788,7.74261],[80.37812,7.74262],[80.37829,7.74231],[80.37852,7.74205],[80.37874,7.7419],[80.37891,7.74195],[80.37905,7.74185],[80.37909,7.74192],[80.37902,7.74217],[80.3791,7.74226],[80.37903,7.74234],[80.37911,7.74253],[80.37942,7.74294],[80.37989,7.74267],[80.38006,7.74294],[80.37995,7.74311],[80.38002,7.74328],[80.37989,7.74337],[80.37996,7.74362],[80.3795,7.74391],[80.37987,7.7446],[80.38072,7.74539],[80.38157,7.74657],[80.38134,7.74673],[80.38071,7.74678],[80.38069,7.74689],[80.38055,7.74702],[80.3802,7.74695],[80.37991,7.74673],[80.37994,7.74662],[80.37945,7.74642],[80.37939,7.74648],[80.37922,7.74642],[80.37908,7.74667],[80.37892,7.74659],[80.37901,7.74636],[80.37901,7.74619],[80.37874,7.74604],[80.37815,7.74534],[80.378,7.74526],[80.37784,7.74528],[80.37778,7.74553],[80.37785,7.74566],[80.37781,7.74588],[80.37755,7.74627],[80.37744,7.74617],[80.37737,7.746],[80.37727,7.74611],[80.37721,7.74606],[80.37727,7.74571],[80.37709,7.74564],[80.37703,7.74553],[80.37703,7.74535],[80.37696,7.74533],[80.37671,7.74542],[80.37656,7.74587],[80.37621,7.74578],[80.37588,7.74551],[80.37576,7.74552],[80.37551,7.74527],[80.37555,7.74518],[80.37539,7.7451],[80.37531,7.74496],[80.37499,7.74482],[80.37461,7.74476],[80.3743,7.74426]]]}},{"type":"Feature","properties":{"c":"farmland"},"geometry":{"type":"Polygon","coordinates":[[[80.38638,7.75275],[80.38671,7.7539],[80.38682,7.75461],[80.38739,7.75675],[80.38794,7.75638],[80.38835,7.75647],[80.38851,7.75645],[80.38853,7.75655],[80.38889,7.75642],[80.38874,7.75628],[80.38869,7.75615],[80.38874,7.75604],[80.38859,7.75585],[80.3886,7.75547],[80.38844,7.75549],[80.38855,7.75491],[80.38836,7.7548],[80.38835,7.75468],[80.38841,7.7546],[80.38858,7.75455],[80.38874,7.7547],[80.38892,7.75464],[80.3889,7.75454],[80.38904,7.75454],[80.3891,7.75446],[80.38925,7.75444],[80.38965,7.75447],[80.38978,7.75453],[80.38977,7.75492],[80.39006,7.75521],[80.38989,7.75526],[80.38995,7.75539],[80.39006,7.75555],[80.39032,7.75572],[80.3906,7.75623],[80.39079,7.75636],[80.3908,7.75649],[80.39074,7.75658],[80.39041,7.75672],[80.3902,7.75672],[80.39034,7.75716],[80.38999,7.75737],[80.38992,7.75733],[80.38965,7.7564],[80.38946,7.75637],[80.38891,7.75657],[80.38886,7.75694],[80.38902,7.75725],[80.38894,7.7573],[80.38892,7.75744],[80.38884,7.75751],[80.38881,7.75775],[80.38843,7.75785],[80.38824,7.75795],[80.38814,7.7581],[80.38824,7.75843],[80.38829,7.75848],[80.38841,7.75846],[80.3885,7.75857],[80.3886,7.75897],[80.38866,7.75902],[80.3889,7.75903],[80.38927,7.75901],[80.38929,7.75895],[80.38915,7.75864],[80.38932,7.75859],[80.38956,7.75893],[80.38977,7.75891],[80.38982,7.75902],[80.39093,7.7591],[80.39132,7.75892],[80.39193,7.75887],[80.39228,7.75899],[80.39247,7.75877],[80.39267,7.75879],[80.39294,7.75891],[80.39309,7.75875],[80.39349,7.75924],[80.39364,7.75912],[80.39357,7.75904],[80.39367,7.75897],[80.39397,7.75922],[80.39378,7.7594],[80.394,7.75959],[80.39419,7.75944],[80.39438,7.75969],[80.39427,7.75982],[80.39449,7.76001],[80.39476,7.76045],[80.39521,7.76089],[80.39515,7.76095],[80.39508,7.76091],[80.39495,7.76093],[80.39485,7.76101],[80.39477,7.76124],[80.39444,7.76143],[80.39448,7.76147],[80.39528,7.76139],[80.3959,7.76142],[80.39597,7.76133],[80.39594,7.76117],[80.39583,7.76084],[80.39565,7.76059],[80.39574,7.76042],[80.39568,7.76024],[80.39569,7.76003],[80.39565,7.75987],[80.39566,7.75928],[80.39553,7.75872],[80.39505,7.75782],[80.39475,7.75675],[80.39463,7.75667],[80.39453,7.75644],[80.39447,7.75596],[80.39431,7.75572],[80.39415,7.75561],[80.39407,7.75564],[80.39399,7.75581],[80.39378,7.75599],[80.39356,7.75609],[80.39329,7.75579],[80.39325,7.75549],[80.39315,7.75542],[80.39315,7.75535],[80.39305,7.75527],[80.39253,7.75524],[80.39245,7.75506],[80.39189,7.75498],[80.3917,7.75499],[80.39144,7.75508],[80.39126,7.75495],[80.39117,7.75507],[80.3908,7.75517],[80.39069,7.7551],[80.39068,7.75498],[80.39081,7.75489],[80.39087,7.75474],[80.39098,7.75472],[80.39105,7.75458],[80.39107,7.75442],[80.39104,7.75438],[80.39096,7.75439],[80.3909,7.75422],[80.39076,7.75428],[80.39058,7.75423],[80.39059,7.75405],[80.39051,7.75379],[80.39043,7.75375],[80.39035,7.75389],[80.39015,7.75403],[80.39002,7.75422],[80.38993,7.75423],[80.38974,7.75414],[80.38968,7.75423],[80.38946,7.75414],[80.38941,7.75404],[80.38932,7.75401],[80.3893,7.75372],[80.38934,7.75358],[80.38928,7.75351],[80.38896,7.75338],[80.38884,7.75347],[80.38878,7.75313],[80.38863,7.75291],[80.38807,7.75272],[80.38763,7.75286],[80.3868,7.75288],[80.38673,7.75283],[80.38649,7.75295],[80.38638,7.75275]]]}},{"type":"Feature","properties":{"c":"farmland","n":"Hakwatuna Oya Tank Irrigable Area"},"geometry":{"type":"Polygon","coordinates":[[[80.36358,7.74564],[80.3639,7.74578],[80.36408,7.74549],[80.36419,7.74544],[80.36454,7.74559],[80.3646,7.74549],[80.36472,7.74562],[80.36496,7.74559],[80.36517,7.74549],[80.36518,7.74573],[80.36532,7.74577],[80.36541,7.74594],[80.36551,7.74601],[80.36573,7.74586],[80.36579,7.74546],[80.36627,7.74563],[80.36614,7.74588],[80.36632,7.74593],[80.3665,7.74575],[80.36673,7.74589],[80.36669,7.74645],[80.36645,7.74681],[80.36629,7.74716],[80.36696,7.74751],[80.36681,7.74833],[80.3669,7.74842],[80.36741,7.7484],[80.36762,7.74848],[80.36765,7.74789],[80.36777,7.74741],[80.36807,7.74724],[80.3681,7.74724],[80.3681,7.74739],[80.36814,7.74741],[80.36824,7.74742],[80.36831,7.74736],[80.36829,7.74709],[80.36833,7.74696],[80.36837,7.74696],[80.36834,7.7469],[80.36837,7.74683],[80.36846,7.74684],[80.36846,7.74695],[80.36861,7.74693],[80.36862,7.74684],[80.36877,7.74683],[80.36884,7.74695],[80.36923,7.74676],[80.36945,7.74674],[80.36955,7.74677],[80.36964,7.74672],[80.37028,7.74665],[80.37015,7.74706],[80.37024,7.74708],[80.37025,7.74714],[80.37052,7.74714],[80.37059,7.74701],[80.37057,7.74694],[80.37066,7.74689],[80.37077,7.74692],[80.37082,7.74684],[80.37077,7.74679],[80.37086,7.74671],[80.37096,7.74647],[80.37097,7.7464],[80.37088,7.74631],[80.37056,7.74628],[80.37044,7.74619],[80.37039,7.74622],[80.37033,7.74613],[80.37015,7.74604],[80.36995,7.74616],[80.36973,7.74608],[80.36955,7.74618],[80.36944,7.74619],[80.36941,7.74615],[80.36927,7.74625],[80.36919,7.74621],[80.36919,7.74588],[80.36934,7.74562],[80.36906,7.74565],[80.36895,7.7455],[80.36843,7.74566],[80.36824,7.7458],[80.36815,7.74575],[80.36804,7.74581],[80.36792,7.74569],[80.36787,7.74573],[80.36779,7.74564],[80.36772,7.74571],[80.36761,7.74556],[80.36743,7.74551],[80.36725,7.74558],[80.367,7.74553],[80.36672,7.74541],[80.36543,7.74504],[80.36546,7.74499],[80.36537,7.74495],[80.36534,7.74499],[80.36505,7.74487],[80.36504,7.74478],[80.36469,7.74481],[80.36445,7.74473],[80.36438,7.74478],[80.36444,7.74491],[80.36441,7.7451],[80.36427,7.74509],[80.36421,7.74518],[80.364,7.74515],[80.36358,7.74564]]]}},{"type":"Feature","properties":{"c":"farmland"},"geometry":{"type":"Polygon","coordinates":[[[80.38005,7.90348],[80.3801,7.90359],[80.3804,7.90372],[80.38055,7.90384],[80.38073,7.90414],[80.38092,7.90493],[80.38115,7.90473],[80.38124,7.90471],[80.38145,7.90481],[80.3815,7.90497],[80.38158,7.90507],[80.38186,7.90512],[80.38188,7.90533],[80.38181,7.90545],[80.38194,7.90549],[80.38187,7.90563],[80.38195,7.90607],[80.38258,7.90586],[80.38229,7.90482],[80.38215,7.90399],[80.38195,7.9032],[80.38178,7.90319],[80.38168,7.90306],[80.38186,7.90289],[80.38179,7.90273],[80.38162,7.90279],[80.38149,7.90268],[80.38121,7.90263],[80.38109,7.90266],[80.38102,7.90249],[80.38096,7.90248],[80.38079,7.90254],[80.38069,7.90266],[80.38047,7.90267],[80.38034,7.90266],[80.38026,7.90256],[80.38016,7.90254],[80.38009,7.90265],[80.38005,7.90348]]]}},{"type":"Feature","properties":{"c":"farmland"},"geometry":{"type":"Polygon","coordinates":[[[80.43452,7.80017],[80.43481,7.80061],[80.43507,7.80053],[80.43511,7.80067],[80.43497,7.80081],[80.43514,7.80086],[80.43519,7.80096],[80.43503,7.80102],[80.43504,7.80107],[80.43542,7.80171],[80.43569,7.80183],[80.43646,7.80209],[80.4365,7.80197],[80.43644,7.80194],[80.43652,7.80189],[80.43662,7.80163],[80.4369,7.80169],[80.43705,7.80156],[80.43716,7.80167],[80.43725,7.80162],[80.43731,7.8017],[80.43753,7.80147],[80.43763,7.80125],[80.43758,7.80089],[80.43719,7.80104],[80.43685,7.80087],[80.43711,7.80067],[80.43713,7.80048],[80.43732,7.80001],[80.43731,7.79963],[80.43715,7.79958],[80.43702,7.79963],[80.43706,7.79899],[80.43698,7.79864],[80.43688,7.7985],[80.43681,7.79825],[80.4369,7.79802],[80.43707,7.79811],[80.43721,7.79812],[80.43727,7.79781],[80.43716,7.79768],[80.43714,7.79741],[80.43732,7.79711],[80.43732,7.79695],[80.43726,7.79683],[80.43737,7.79642],[80.43749,7.79662],[80.43735,7.79682],[80.43738,7.79717],[80.43747,7.79726],[80.43739,7.7974],[80.43746,7.79744],[80.43739,7.79765],[80.43759,7.79784],[80.4376,7.79803],[80.43781,7.79811],[80.43809,7.79773],[80.43818,7.79747],[80.43775,7.79741],[80.43756,7.79732],[80.43753,7.79713],[80.43761,7.79696],[80.43774,7.79695],[80.43776,7.79703],[80.43785,7.79699],[80.43786,7.79692],[80.4379,7.79692],[80.43807,7.79702],[80.43728,7.79575],[80.43721,7.79549],[80.43726,7.79513],[80.43657,7.79495],[80.43667,7.79446],[80.43679,7.79448],[80.4369,7.7944],[80.43692,7.7943],[80.43673,7.79425],[80.4368,7.79404],[80.43691,7.79385],[80.43705,7.79373],[80.43716,7.79368],[80.4376,7.79394],[80.43765,7.79388],[80.43746,7.79377],[80.43749,7.79367],[80.4381,7.79358],[80.43864,7.79381],[80.43891,7.79364],[80.43867,7.79337],[80.43842,7.79326],[80.43778,7.79313],[80.43753,7.79313],[80.43743,7.79289],[80.43744,7.79278],[80.43738,7.79275],[80.43732,7.79275],[80.43726,7.79287],[80.4371,7.79298],[80.43704,7.79311],[80.4369,7.79291],[80.43677,7.79286],[80.43671,7.79289],[80.43668,7.79277],[80.43663,7.79277],[80.43677,7.79213],[80.43663,7.79137],[80.43646,7.79123],[80.43628,7.79126],[80.43624,7.79104],[80.4357,7.79122],[80.43564,7.79119],[80.4355,7.79122],[80.43547,7.79127],[80.43556,7.79156],[80.43556,7.79168],[80.4355,7.79175],[80.43573,7.79187],[80.43558,7.79203],[80.43562,7.7922],[80.43569,7.79223],[80.43556,7.79238],[80.43571,7.79254],[80.43569,7.79263],[80.43572,7.79267],[80.43563,7.79273],[80.43566,7.79281],[80.43575,7.79285],[80.43573,7.79294],[80.4348,7.79284],[80.43458,7.79284],[80.43456,7.79287],[80.43469,7.79336],[80.43496,7.79324],[80.43537,7.79408],[80.43536,7.7943],[80.43512,7.79441],[80.43514,7.79457],[80.43504,7.79483],[80.43493,7.79486],[80.43488,7.79503],[80.43473,7.79502],[80.43469,7.79507],[80.43475,7.79518],[80.43469,7.79527],[80.43474,7.7953],[80.43476,7.79539],[80.43468,7.79543],[80.4346,7.79576],[80.43488,7.79567],[80.43514,7.79569],[80.43546,7.79585],[80.43554,7.79599],[80.43556,7.79651],[80.43545,7.79683],[80.43526,7.7969],[80.43539,7.79793],[80.43587,7.79883],[80.43483,7.79946],[80.43474,7.79984],[80.43482,7.79999],[80.43452,7.80017]]]}},{"type":"Feature","properties":{"c":"farmland"},"geometry":{"type":"Polygon","coordinates":[[[80.43108,7.80079],[80.43141,7.8014],[80.43161,7.80161],[80.43184,7.80176],[80.43215,7.80216],[80.43235,7.80259],[80.43244,7.80255],[80.43249,7.80316],[80.43317,7.80336],[80.43318,7.8036],[80.43357,7.80372],[80.43348,7.80388],[80.43334,7.80382],[80.4332,7.80386],[80.43306,7.80382],[80.43306,7.80362],[80.43297,7.80354],[80.43281,7.80354],[80.43277,7.80366],[80.43264,7.8038],[80.43236,7.80382],[80.43235,7.80459],[80.43251,7.80483],[80.43272,7.8046],[80.4328,7.80427],[80.4333,7.80434],[80.43324,7.80457],[80.4334,7.80468],[80.43354,7.80471],[80.43331,7.80511],[80.43354,7.80532],[80.43346,7.80566],[80.43361,7.80578],[80.43365,7.8056],[80.4339,7.80554],[80.43372,7.80532],[80.43369,7.80505],[80.43406,7.805],[80.4342,7.8049],[80.43384,7.80477],[80.43377,7.80464],[80.43386,7.80426],[80.43414,7.80382],[80.43437,7.80371],[80.4347,7.80365],[80.43415,7.80343],[80.43411,7.80323],[80.43418,7.80301],[80.43404,7.80258],[80.43375,7.80234],[80.43349,7.80218],[80.43309,7.80205],[80.43272,7.80209],[80.43271,7.80148],[80.43199,7.80155],[80.43184,7.80094],[80.43192,7.80081],[80.43188,7.80064],[80.43156,7.80074],[80.43108,7.80079]]]}},{"type":"Feature","properties":{"c":"farmland"},"geometry":{"type":"Polygon","coordinates":[[[80.403,7.79509],[80.40312,7.79581],[80.40318,7.79744],[80.40353,7.79748],[80.40353,7.79752],[80.4035,7.79763],[80.4032,7.79762],[80.40318,7.7982],[80.40323,7.79877],[80.40348,7.79871],[80.40358,7.79851],[80.40344,7.79851],[80.40346,7.79845],[80.40404,7.79828],[80.40395,7.79821],[80.40383,7.7982],[80.40394,7.79792],[80.40395,7.79756],[80.40412,7.79754],[80.40437,7.79759],[80.40465,7.79773],[80.40487,7.79808],[80.40496,7.79808],[80.40512,7.79829],[80.40501,7.79839],[80.4051,7.79856],[80.40519,7.79856],[80.40523,7.79867],[80.40472,7.79884],[80.40471,7.79871],[80.4046,7.79856],[80.40449,7.79849],[80.40436,7.79854],[80.40424,7.79869],[80.40426,7.79882],[80.40442,7.79897],[80.4044,7.79909],[80.40512,7.79943],[80.4052,7.79957],[80.40545,7.79979],[80.40564,7.80025],[80.40587,7.80047],[80.40579,7.80058],[80.40585,7.80069],[80.40578,7.80077],[80.40576,7.80088],[80.40586,7.80099],[80.40594,7.80092],[80.40598,7.80097],[80.40607,7.80093],[80.40625,7.80052],[80.4063,7.80049],[80.40631,7.80059],[80.4065,7.80048],[80.40672,7.80062],[80.40671,7.80091],[80.4068,7.80094],[80.40698,7.80016],[80.40692,7.80005],[80.40666,7.79988],[80.40629,7.79982],[80.40607,7.79993],[80.4061,7.79942],[80.40625,7.79945],[80.40643,7.79965],[80.40663,7.79972],[80.4067,7.79984],[80.40694,7.80004],[80.40713,7.8001],[80.40752,7.80012],[80.40761,7.8002],[80.40777,7.8001],[80.40795,7.79985],[80.40772,7.79956],[80.40759,7.7993],[80.40745,7.79961],[80.40739,7.79965],[80.40725,7.79969],[80.40711,7.79955],[80.40712,7.79934],[80.40697,7.7992],[80.4071,7.79915],[80.4071,7.79904],[80.40674,7.79804],[80.40671,7.79763],[80.40632,7.79745],[80.40652,7.79741],[80.40657,7.79718],[80.40651,7.79711],[80.4065,7.797],[80.40656,7.79697],[80.40649,7.79672],[80.40644,7.7967],[80.40646,7.79642],[80.40624,7.79636],[80.40627,7.79612],[80.40586,7.79597],[80.40517,7.79583],[80.40517,7.79592],[80.40507,7.79596],[80.40494,7.79615],[80.40486,7.79613],[80.40484,7.79601],[80.40478,7.79601],[80.40457,7.79639],[80.40446,7.79641],[80.40447,7.7963],[80.40432,7.79624],[80.40424,7.79627],[80.40419,7.79639],[80.40405,7.79633],[80.40398,7.79637],[80.40373,7.79628],[80.40366,7.79571],[80.4035,7.79517],[80.403,7.79509]],[[80.40452,7.79707],[80.40457,7.79688],[80.40484,7.79685],[80.4049,7.79694],[80.40496,7.7973],[80.40475,7.79738],[80.40468,7.79736],[80.40452,7.79707]],[[80.40545,7.79786],[80.40548,7.79764],[80.40557,7.79743],[80.40572,7.79727],[80.40603,7.79737],[80.40605,7.79759],[80.40589,7.79792],[80.4056,7.79796],[80.40545,7.79786]]]}},{"type":"Feature","properties":{"c":"farmland"},"geometry":{"type":"Polygon","coordinates":[[[80.40081,7.79568],[80.40094,7.79588],[80.40081,7.79599],[80.40082,7.79603],[80.40093,7.79607],[80.40095,7.79619],[80.4011,7.79618],[80.40107,7.79634],[80.40126,7.79638],[80.40137,7.79648],[80.40144,7.79649],[80.40144,7.7966],[80.40164,7.79668],[80.40189,7.79697],[80.40209,7.79694],[80.40218,7.79683],[80.40265,7.79688],[80.40267,7.79678],[80.40299,7.79677],[80.40297,7.79628],[80.40289,7.79627],[80.40283,7.79619],[80.4027,7.79618],[80.40272,7.79605],[80.40256,7.79602],[80.40258,7.79592],[80.40268,7.79593],[80.4027,7.79586],[80.40294,7.79588],[80.40286,7.79522],[80.40228,7.79538],[80.40256,7.79462],[80.40222,7.79416],[80.40165,7.7942],[80.40153,7.79428],[80.40151,7.79436],[80.40158,7.79438],[80.40158,7.79454],[80.40151,7.79456],[80.40149,7.79467],[80.4013,7.79468],[80.40126,7.79476],[80.40131,7.79488],[80.40114,7.79498],[80.40114,7.7953],[80.40106,7.79534],[80.40108,7.79546],[80.40137,7.79551],[80.40081,7.79568]]]}},{"type":"Feature","properties":{"c":"farmland"},"geometry":{"type":"Polygon","coordinates":[[[80.39977,7.79023],[80.40005,7.79111],[80.40004,7.7917],[80.4002,7.79189],[80.4005,7.79185],[80.4005,7.79195],[80.40032,7.79205],[80.40026,7.79217],[80.40048,7.79277],[80.40061,7.79277],[80.40063,7.7929],[80.40054,7.79309],[80.40054,7.79321],[80.40074,7.79345],[80.40082,7.79362],[80.40096,7.79373],[80.40169,7.79369],[80.40163,7.79316],[80.40176,7.79314],[80.40181,7.79333],[80.40193,7.79329],[80.4019,7.79307],[80.402,7.79301],[80.40199,7.79289],[80.40186,7.79289],[80.40156,7.79268],[80.40152,7.79238],[80.40156,7.79214],[80.40181,7.79209],[80.40178,7.79198],[80.40192,7.79191],[80.4019,7.7918],[80.40199,7.79176],[80.40164,7.79085],[80.4014,7.79089],[80.40144,7.79069],[80.40153,7.79056],[80.40137,7.7901],[80.4012,7.79004],[80.40101,7.79004],[80.40063,7.78981],[80.40035,7.78982],[80.40023,7.78991],[80.40005,7.7899],[80.40005,7.78999],[80.39985,7.78998],[80.39977,7.79023]]]}},{"type":"Feature","properties":{"c":"farmland"},"geometry":{"type":"Polygon","coordinates":[[[80.40107,7.7699],[80.40133,7.77009],[80.40137,7.77003],[80.40168,7.7702],[80.40162,7.77038],[80.40171,7.77051],[80.40191,7.77066],[80.40151,7.77137],[80.40151,7.77174],[80.40154,7.77177],[80.40159,7.77172],[80.40169,7.77177],[80.40158,7.77197],[80.4016,7.77205],[80.40149,7.77213],[80.4014,7.77206],[80.40147,7.77187],[80.40134,7.77191],[80.40126,7.772],[80.4021,7.77328],[80.40257,7.77236],[80.40334,7.76992],[80.40309,7.76989],[80.40301,7.77013],[80.40273,7.77012],[80.40269,7.77042],[80.40274,7.77049],[80.40289,7.77045],[80.40285,7.7708],[80.40246,7.77086],[80.40231,7.77058],[80.40202,7.77046],[80.40192,7.77029],[80.40151,7.76997],[80.40131,7.76989],[80.40107,7.7699]]]}},{"type":"Feature","properties":{"c":"farmland","n":"Paddy Land"},"geometry":{"type":"Polygon","coordinates":[[[80.40963,7.78793],[80.40991,7.78808],[80.4107,7.78822],[80.41068,7.78767],[80.41076,7.78727],[80.41116,7.78651],[80.41111,7.78626],[80.41102,7.78607],[80.41106,7.78563],[80.41087,7.78529],[80.4108,7.78478],[80.41107,7.78477],[80.41106,7.7845],[80.41064,7.78457],[80.41059,7.78426],[80.41079,7.78417],[80.4107,7.78382],[80.41,7.78398],[80.41027,7.78483],[80.4102,7.78527],[80.41024,7.78577],[80.40969,7.78597],[80.40975,7.78683],[80.40994,7.78683],[80.41012,7.78703],[80.41017,7.78721],[80.40995,7.78735],[80.40989,7.78757],[80.40963,7.78793]]]}},{"type":"Feature","properties":{"c":"farmland"},"geometry":{"type":"Polygon","coordinates":[[[80.40365,7.78218],[80.40376,7.78265],[80.40425,7.78359],[80.4043,7.78377],[80.40428,7.78407],[80.40432,7.78431],[80.4045,7.78421],[80.4047,7.78374],[80.40482,7.78364],[80.40499,7.78365],[80.40524,7.78358],[80.40517,7.78343],[80.40553,7.78335],[80.40537,7.78278],[80.40578,7.78273],[80.4063,7.78397],[80.40659,7.78495],[80.40621,7.78505],[80.40609,7.78513],[80.40587,7.78495],[80.40578,7.78499],[80.40579,7.78516],[80.40618,7.78562],[80.40632,7.78562],[80.40662,7.78542],[80.40673,7.78549],[80.4069,7.7855],[80.40691,7.78578],[80.40658,7.78593],[80.4066,7.78627],[80.40673,7.7863],[80.40692,7.78646],[80.40695,7.78654],[80.40708,7.78658],[80.40711,7.78698],[80.4072,7.78739],[80.40744,7.78735],[80.40745,7.78719],[80.40733,7.7871],[80.40732,7.78697],[80.40743,7.78697],[80.40744,7.78686],[80.40729,7.78683],[80.40728,7.78672],[80.4073,7.7865],[80.40744,7.78626],[80.40751,7.78602],[80.40732,7.78596],[80.40725,7.78542],[80.40751,7.78543],[80.40741,7.78479],[80.40755,7.78461],[80.40757,7.78412],[80.40739,7.78372],[80.40723,7.78311],[80.40708,7.78289],[80.40693,7.7824],[80.40637,7.78262],[80.40605,7.7826],[80.40581,7.78211],[80.40566,7.78202],[80.40507,7.78203],[80.40508,7.78168],[80.40521,7.78136],[80.40547,7.78112],[80.40553,7.78054],[80.40566,7.78022],[80.40503,7.77964],[80.40471,7.77943],[80.40432,7.77995],[80.40421,7.77988],[80.40404,7.77987],[80.40399,7.77996],[80.40396,7.78031],[80.40404,7.78049],[80.40426,7.78059],[80.40418,7.78084],[80.40372,7.78135],[80.40365,7.78218]]]}},{"type":"Feature","properties":{"c":"farmland"},"geometry":{"type":"Polygon","coordinates":[[[80.40634,7.77678],[80.40653,7.77683],[80.40648,7.77712],[80.40665,7.77724],[80.40656,7.77744],[80.40667,7.7775],[80.40744,7.77764],[80.40717,7.77797],[80.40662,7.77828],[80.40683,7.77927],[80.40711,7.77943],[80.40718,7.77958],[80.40715,7.77967],[80.40695,7.77965],[80.40715,7.77992],[80.4073,7.77959],[80.40747,7.77959],[80.40757,7.77975],[80.40751,7.77989],[80.40761,7.77986],[80.40765,7.77991],[80.40757,7.78007],[80.40747,7.78008],[80.40737,7.78016],[80.40727,7.78017],[80.40718,7.78011],[80.40727,7.78031],[80.40734,7.78034],[80.40745,7.78067],[80.40779,7.78055],[80.40815,7.78084],[80.40845,7.78098],[80.40858,7.78095],[80.40876,7.78112],[80.40908,7.78122],[80.40932,7.78141],[80.40944,7.78155],[80.40948,7.78172],[80.41033,7.78154],[80.41046,7.78158],[80.41051,7.78126],[80.41064,7.78108],[80.41057,7.78055],[80.41047,7.78035],[80.41063,7.77988],[80.41036,7.77964],[80.4102,7.77959],[80.41015,7.77899],[80.41001,7.77901],[80.40999,7.77887],[80.41009,7.77883],[80.40998,7.77822],[80.40912,7.77846],[80.4091,7.7783],[80.40903,7.77823],[80.40895,7.77824],[80.409,7.77801],[80.40914,7.77791],[80.40918,7.7776],[80.40891,7.77737],[80.409,7.77725],[80.40929,7.77754],[80.40934,7.7773],[80.40922,7.77721],[80.40929,7.77714],[80.40938,7.77718],[80.40948,7.77713],[80.4098,7.77648],[80.40994,7.77637],[80.41008,7.77617],[80.41039,7.77624],[80.41046,7.77612],[80.41038,7.77575],[80.41046,7.77571],[80.41052,7.77518],[80.41052,7.7745],[80.4109,7.77454],[80.41093,7.77445],[80.41081,7.77428],[80.41056,7.7742],[80.41046,7.77353],[80.41018,7.7736],[80.41016,7.77352],[80.40994,7.77349],[80.40993,7.7733],[80.40986,7.77318],[80.40997,7.77314],[80.40992,7.77305],[80.40999,7.77297],[80.41017,7.773],[80.41034,7.77267],[80.41008,7.77257],[80.41017,7.77218],[80.41009,7.77209],[80.41,7.77204],[80.40985,7.77219],[80.40974,7.77223],[80.40944,7.77267],[80.40961,7.77283],[80.40973,7.77273],[80.40988,7.77282],[80.40971,7.77306],[80.40939,7.77271],[80.40922,7.77315],[80.40856,7.77421],[80.4088,7.7743],[80.40879,7.77453],[80.40865,7.77456],[80.40849,7.77482],[80.40823,7.77469],[80.40783,7.77507],[80.40796,7.77516],[80.40788,7.77523],[80.40792,7.77527],[80.40783,7.77533],[80.40802,7.7755],[80.40844,7.77606],[80.40837,7.7761],[80.40847,7.77628],[80.40833,7.77638],[80.40843,7.77654],[80.40814,7.77673],[80.40768,7.77732],[80.40716,7.77699],[80.40728,7.77675],[80.40709,7.77667],[80.40639,7.77664],[80.40634,7.77678]],[[80.40996,7.77493],[80.40999,7.7745],[80.41024,7.77451],[80.41021,7.7747],[80.41031,7.77471],[80.41028,7.77493],[80.41004,7.77495],[80.40996,7.77493]]]}},{"type":"Feature","properties":{"c":"farmland","n":"Hakwatuna Oya Tank Irrigable Area"},"geometry":{"type":"Polygon","coordinates":[[[80.39151,7.7432],[80.39191,7.74339],[80.39186,7.7435],[80.39165,7.74359],[80.39181,7.74369],[80.39176,7.74381],[80.39228,7.74405],[80.39236,7.74417],[80.39262,7.74429],[80.39263,7.74439],[80.39269,7.74444],[80.39302,7.74458],[80.3932,7.74456],[80.39325,7.7444],[80.39319,7.74437],[80.39322,7.74426],[80.39337,7.74409],[80.39356,7.74412],[80.39371,7.74422],[80.39393,7.7442],[80.39449,7.744],[80.395,7.74374],[80.39515,7.74387],[80.39517,7.74444],[80.39504,7.74451],[80.39507,7.74466],[80.39501,7.74474],[80.39489,7.7448],[80.39472,7.7448],[80.39474,7.74487],[80.39481,7.74488],[80.39485,7.74495],[80.39476,7.74502],[80.39482,7.74513],[80.39497,7.7451],[80.39494,7.74503],[80.39498,7.74499],[80.39502,7.74505],[80.3955,7.74492],[80.39584,7.74455],[80.39586,7.74492],[80.39606,7.74527],[80.39614,7.74561],[80.396,7.74563],[80.39554,7.74552],[80.39576,7.74505],[80.39565,7.74502],[80.3951,7.7452],[80.39485,7.74525],[80.39429,7.74522],[80.39418,7.74535],[80.39383,7.74539],[80.39386,7.74571],[80.39492,7.74716],[80.39526,7.74749],[80.39526,7.74718],[80.39542,7.74734],[80.39577,7.74791],[80.39587,7.74791],[80.39605,7.74728],[80.39675,7.74732],[80.39696,7.74709],[80.39698,7.74689],[80.39712,7.74684],[80.39713,7.74645],[80.39799,7.74644],[80.39825,7.7463],[80.39834,7.74651],[80.39833,7.74687],[80.39842,7.74699],[80.39827,7.74728],[80.39823,7.74789],[80.39841,7.74802],[80.39852,7.74795],[80.39868,7.74799],[80.39896,7.74796],[80.3996,7.74783],[80.39965,7.74806],[80.39948,7.74813],[80.39922,7.74834],[80.39914,7.74837],[80.39898,7.74829],[80.39885,7.74813],[80.39861,7.74837],[80.39899,7.74861],[80.39916,7.74882],[80.39952,7.749],[80.39965,7.74928],[80.39982,7.74949],[80.3998,7.74962],[80.39995,7.74983],[80.40009,7.7499],[80.40074,7.75002],[80.40086,7.74999],[80.40088,7.74985],[80.40094,7.74984],[80.40104,7.75],[80.40113,7.75002],[80.40121,7.75014],[80.40118,7.75021],[80.40052,7.75038],[80.40041,7.75045],[80.40037,7.75054],[80.40058,7.75089],[80.40081,7.75099],[80.40101,7.75094],[80.40104,7.75086],[80.401,7.75074],[80.4011,7.75046],[80.40128,7.75042],[80.40132,7.75044],[80.40136,7.75056],[80.40143,7.75052],[80.40152,7.75028],[80.40166,7.75014],[80.40174,7.75021],[80.40165,7.75047],[80.40159,7.75094],[80.40168,7.75108],[80.40187,7.75111],[80.40215,7.75101],[80.40224,7.75092],[80.40216,7.75068],[80.402,7.75057],[80.40202,7.75047],[80.40231,7.75024],[80.40228,7.74989],[80.40247,7.7498],[80.4028,7.7495],[80.40277,7.7494],[80.4031,7.74923],[80.40323,7.74921],[80.40336,7.74908],[80.40348,7.74915],[80.4044,7.74869],[80.40451,7.74882],[80.40538,7.7485],[80.40581,7.74871],[80.40572,7.74884],[80.40614,7.74897],[80.40623,7.74912],[80.40659,7.74934],[80.40658,7.74958],[80.40744,7.74939],[80.40738,7.749],[80.40721,7.74902],[80.4071,7.74897],[80.40718,7.74874],[80.40744,7.74885],[80.40736,7.74835],[80.40719,7.7482],[80.40726,7.74811],[80.40741,7.74818],[80.40728,7.74718],[80.40762,7.74627],[80.40695,7.74595],[80.40651,7.74565],[80.40644,7.74571],[80.40627,7.74576],[80.40612,7.74529],[80.40622,7.74518],[80.40615,7.74514],[80.40597,7.7452],[80.4059,7.74505],[80.40575,7.74505],[80.40506,7.7455],[80.40492,7.74571],[80.40492,7.74587],[80.40505,7.74625],[80.4053,7.74633],[80.4056,7.74634],[80.40556,7.74662],[80.40539,7.74662],[80.40493,7.74679],[80.40474,7.74649],[80.40455,7.7465],[80.40453,7.74638],[80.4049,7.74632],[80.40497,7.74621],[80.40494,7.74605],[80.4048,7.74604],[80.4048,7.74582],[80.40448,7.74591],[80.40385,7.7458],[80.40379,7.74611],[80.40366,7.74609],[80.40377,7.7463],[80.4038,7.74655],[80.40366,7.74664],[80.40369,7.74679],[80.40357,7.74707],[80.40328,7.74699],[80.40318,7.7469],[80.40306,7.74622],[80.40292,7.74622],[80.40286,7.74636],[80.40294,7.74648],[80.4029,7.74672],[80.40292,7.74685],[80.40268,7.74704],[80.40256,7.74688],[80.40236,7.7472],[80.40187,7.74747],[80.4017,7.74751],[80.40159,7.74751],[80.4014,7.74727],[80.40133,7.74731],[80.40137,7.74739],[80.4013,7.74743],[80.40121,7.74726],[80.40132,7.74721],[80.40116,7.74695],[80.40108,7.74619],[80.40066,7.74635],[80.40059,7.74643],[80.40059,7.74656],[80.40049,7.74656],[80.4005,7.74644],[80.39938,7.74649],[80.39928,7.74619],[80.39941,7.7461],[80.3994,7.74598],[80.39935,7.74587],[80.39925,7.74579],[80.39936,7.74571],[80.39935,7.74549],[80.39944,7.74539],[80.39951,7.74485],[80.39983,7.74477],[80.4003,7.74476],[80.40029,7.74467],[80.40062,7.7447],[80.4006,7.74369],[80.40055,7.7436],[80.40018,7.74342],[80.39954,7.74343],[80.39897,7.74361],[80.39896,7.74346],[80.39887,7.74345],[80.39891,7.74278],[80.39888,7.74256],[80.39869,7.74254],[80.39849,7.74237],[80.39786,7.74259],[80.39779,7.74252],[80.39756,7.74245],[80.39754,7.74213],[80.39772,7.74158],[80.39819,7.74156],[80.39824,7.74143],[80.39797,7.74112],[80.39777,7.74123],[80.3975,7.74125],[80.39727,7.74133],[80.39724,7.7412],[80.39714,7.74123],[80.3971,7.74099],[80.39705,7.74094],[80.39681,7.74098],[80.39635,7.7408],[80.39629,7.7409],[80.39646,7.74117],[80.3964,7.74159],[80.3965,7.74207],[80.39658,7.74225],[80.39646,7.74237],[80.39626,7.74242],[80.39611,7.74139],[80.39614,7.74124],[80.39598,7.74092],[80.39564,7.74081],[80.39543,7.74048],[80.39523,7.74053],[80.3951,7.7405],[80.3946,7.74022],[80.39449,7.74029],[80.39403,7.74028],[80.394,7.74015],[80.3939,7.74016],[80.39393,7.7408],[80.39367,7.74088],[80.39355,7.741],[80.39323,7.74084],[80.39316,7.74064],[80.39349,7.74053],[80.39359,7.7404],[80.39359,7.74027],[80.39353,7.74017],[80.39312,7.74013],[80.39274,7.74057],[80.39241,7.74129],[80.3923,7.74143],[80.39235,7.74157],[80.39226,7.74171],[80.39249,7.74166],[80.3926,7.74169],[80.39266,7.74164],[80.39276,7.74183],[80.39276,7.74188],[80.39265,7.74194],[80.39253,7.74192],[80.39248,7.742],[80.39247,7.7421],[80.39258,7.74225],[80.39254,7.74236],[80.392,7.74255],[80.39188,7.74271],[80.39172,7.74276],[80.39152,7.743],[80.39151,7.7432]]]}},{"type":"Feature","properties":{"c":"farmland","n":"Hakwatuna Oya Tank Irrigable Area"},"geometry":{"type":"Polygon","coordinates":[[[80.40942,7.74894],[80.41014,7.74931],[80.41029,7.74918],[80.41055,7.74912],[80.4106,7.74921],[80.41041,7.74942],[80.41053,7.74949],[80.41061,7.74939],[80.41105,7.74928],[80.41114,7.7493],[80.41118,7.74938],[80.41125,7.74931],[80.4112,7.7492],[80.41127,7.74912],[80.41154,7.74897],[80.41177,7.74892],[80.41188,7.74891],[80.41207,7.74899],[80.41216,7.7492],[80.41257,7.74928],[80.41269,7.74923],[80.41286,7.74901],[80.413,7.74821],[80.41318,7.74814],[80.41319,7.74721],[80.41294,7.7471],[80.41262,7.74711],[80.41215,7.74726],[80.41168,7.74726],[80.41121,7.74719],[80.4106,7.7472],[80.41062,7.74739],[80.4107,7.74739],[80.41057,7.74751],[80.41062,7.74788],[80.40945,7.74842],[80.40943,7.74867],[80.40961,7.74879],[80.40942,7.74894]]]}},{"type":"Feature","properties":{"c":"farmland"},"geometry":{"type":"Polygon","coordinates":[[[80.41087,7.76208],[80.41094,7.7624],[80.41092,7.76254],[80.41095,7.76251],[80.411,7.76256],[80.41094,7.7626],[80.41096,7.76268],[80.41102,7.76266],[80.41114,7.76273],[80.41103,7.7628],[80.41105,7.76304],[80.41125,7.76304],[80.4122,7.76228],[80.41226,7.76231],[80.41227,7.76239],[80.41219,7.76239],[80.41221,7.76251],[80.4123,7.76254],[80.41236,7.76266],[80.41228,7.76269],[80.41232,7.76277],[80.4124,7.76288],[80.41261,7.7629],[80.41259,7.76261],[80.41269,7.76262],[80.41258,7.76187],[80.41272,7.76186],[80.41278,7.76175],[80.41267,7.76142],[80.41293,7.76152],[80.41308,7.76126],[80.413,7.76112],[80.41284,7.76101],[80.41277,7.76113],[80.41247,7.76116],[80.41212,7.76103],[80.41212,7.76094],[80.41183,7.76084],[80.41182,7.76096],[80.41159,7.7613],[80.41148,7.76156],[80.41144,7.76192],[80.41139,7.76196],[80.41087,7.76208]]]}},{"type":"Feature","properties":{"c":"farmland"},"geometry":{"type":"Polygon","coordinates":[[[80.40017,7.75119],[80.40017,7.75134],[80.40045,7.75212],[80.4004,7.75231],[80.40048,7.75275],[80.40095,7.75288],[80.40103,7.75274],[80.40134,7.75266],[80.40115,7.75251],[80.40106,7.7525],[80.40099,7.75233],[80.40131,7.75237],[80.40163,7.75232],[80.40229,7.75361],[80.40259,7.75344],[80.4027,7.75343],[80.40305,7.75364],[80.40321,7.75353],[80.40346,7.75371],[80.40352,7.75364],[80.4036,7.75368],[80.40379,7.75355],[80.40413,7.75386],[80.40404,7.75396],[80.40427,7.75419],[80.40421,7.75427],[80.4045,7.75454],[80.40391,7.75517],[80.40433,7.75549],[80.40466,7.75583],[80.40477,7.75573],[80.40498,7.75587],[80.40513,7.75577],[80.40519,7.75582],[80.40525,7.7558],[80.40533,7.75588],[80.40567,7.75557],[80.40576,7.75566],[80.40587,7.75557],[80.40645,7.7561],[80.40619,7.75635],[80.40649,7.75674],[80.40631,7.75692],[80.40636,7.75723],[80.40652,7.75737],[80.40644,7.75742],[80.40641,7.75759],[80.4069,7.75782],[80.40721,7.75821],[80.40739,7.75832],[80.40824,7.75835],[80.40822,7.7581],[80.40846,7.75808],[80.40842,7.75744],[80.40788,7.75747],[80.40792,7.75686],[80.40836,7.75688],[80.40829,7.75652],[80.40767,7.75633],[80.40738,7.75556],[80.40729,7.75562],[80.40714,7.75537],[80.40685,7.75542],[80.40681,7.75496],[80.40695,7.75459],[80.40684,7.75427],[80.40646,7.75417],[80.40635,7.75423],[80.40599,7.75421],[80.40469,7.75358],[80.40457,7.75339],[80.40367,7.75259],[80.4035,7.75232],[80.40353,7.75209],[80.40336,7.75197],[80.40324,7.75194],[80.40305,7.75204],[80.40291,7.75199],[80.4028,7.75183],[80.40256,7.7517],[80.40145,7.75123],[80.40116,7.75124],[80.40111,7.75142],[80.40017,7.75119]]]}},{"type":"Feature","properties":{"c":"farmland"},"geometry":{"type":"Polygon","coordinates":[[[80.41762,7.88837],[80.41768,7.88902],[80.41782,7.88943],[80.41807,7.88976],[80.41827,7.88994],[80.41849,7.89027],[80.41866,7.89043],[80.41881,7.89027],[80.41889,7.88995],[80.41916,7.88978],[80.41914,7.88959],[80.41931,7.88954],[80.41944,7.88945],[80.41983,7.88905],[80.4199,7.88892],[80.42004,7.88887],[80.42023,7.88872],[80.42104,7.88848],[80.42131,7.88854],[80.42144,7.8885],[80.42162,7.8882],[80.42163,7.88809],[80.42177,7.88798],[80.42189,7.88768],[80.42211,7.88747],[80.42202,7.88717],[80.42209,7.88677],[80.42203,7.88659],[80.4208,7.88586],[80.42071,7.8857],[80.42068,7.88534],[80.42062,7.88523],[80.42038,7.88508],[80.42032,7.88498],[80.42035,7.88469],[80.4202,7.88453],[80.42031,7.88414],[80.4201,7.88391],[80.42005,7.88368],[80.41987,7.88344],[80.41983,7.88319],[80.42019,7.88302],[80.42021,7.88279],[80.42039,7.88272],[80.42036,7.88256],[80.42009,7.8825],[80.41955,7.88266],[80.41943,7.88255],[80.41845,7.88233],[80.41841,7.88239],[80.41848,7.88304],[80.41876,7.88346],[80.41874,7.88362],[80.41859,7.88396],[80.41863,7.88427],[80.41855,7.88455],[80.41854,7.88499],[80.41841,7.88527],[80.41813,7.88565],[80.41811,7.88641],[80.41799,7.88685],[80.41805,7.88719],[80.41787,7.88742],[80.41788,7.88779],[80.41784,7.88792],[80.41792,7.88801],[80.4179,7.88819],[80.41773,7.88813],[80.41766,7.88822],[80.41762,7.88837]]]}},{"type":"Feature","properties":{"c":"farmland"},"geometry":{"type":"Polygon","coordinates":[[[80.37559,7.88135],[80.37561,7.88146],[80.3759,7.88175],[80.37641,7.88164],[80.377,7.88175],[80.37693,7.8822],[80.37694,7.88242],[80.37733,7.88273],[80.37742,7.88273],[80.37766,7.88254],[80.37807,7.88261],[80.37865,7.88262],[80.37873,7.88269],[80.37888,7.88266],[80.37891,7.88269],[80.37888,7.88273],[80.3787,7.88285],[80.37865,7.88306],[80.37826,7.88319],[80.37827,7.88324],[80.3784,7.88328],[80.37841,7.88341],[80.37884,7.88336],[80.37903,7.88412],[80.37949,7.88416],[80.37967,7.88411],[80.37975,7.88415],[80.37988,7.88442],[80.38001,7.8845],[80.38021,7.8845],[80.38035,7.88465],[80.38042,7.88465],[80.3805,7.88455],[80.3804,7.88439],[80.38039,7.88426],[80.38049,7.88406],[80.38077,7.88395],[80.38092,7.88409],[80.38094,7.88393],[80.38055,7.88324],[80.38046,7.88293],[80.38022,7.8825],[80.38007,7.88236],[80.37976,7.8823],[80.3797,7.88223],[80.37977,7.882],[80.37977,7.8817],[80.37969,7.88148],[80.3793,7.88106],[80.37915,7.88101],[80.37845,7.8811],[80.37813,7.88092],[80.378,7.88074],[80.37732,7.88074],[80.37699,7.88108],[80.37667,7.88108],[80.37636,7.88124],[80.37578,7.8812],[80.37559,7.88135]]]}},{"type":"Feature","properties":{"c":"farmland"},"geometry":{"type":"Polygon","coordinates":[[[80.42072,7.88577],[80.42203,7.88659],[80.42209,7.88677],[80.42202,7.88717],[80.42211,7.88747],[80.42189,7.88768],[80.42199,7.88854],[80.42305,7.8887],[80.42386,7.88822],[80.4247,7.8881],[80.42531,7.88749],[80.42632,7.88729],[80.42626,7.88605],[80.42679,7.88608],[80.42735,7.88489],[80.42743,7.88327],[80.42732,7.88267],[80.4273,7.88217],[80.42651,7.88233],[80.42651,7.88269],[80.42608,7.8825],[80.42599,7.88218],[80.42599,7.88158],[80.42564,7.88146],[80.42565,7.88122],[80.42547,7.8806],[80.42527,7.88034],[80.4252,7.88015],[80.42526,7.8797],[80.42517,7.87949],[80.42371,7.87947],[80.42286,7.87958],[80.42283,7.87974],[80.42291,7.87991],[80.42296,7.87996],[80.42355,7.8801],[80.42368,7.88044],[80.42382,7.88049],[80.4239,7.88061],[80.42389,7.88142],[80.42343,7.88198],[80.42285,7.8824],[80.42266,7.88279],[80.42236,7.8832],[80.42168,7.88371],[80.42101,7.8845],[80.42075,7.88528],[80.42072,7.88577]]]}},{"type":"Feature","properties":{"c":"farmland"},"geometry":{"type":"Polygon","coordinates":[[[80.42077,7.8947],[80.42079,7.89495],[80.42089,7.89509],[80.42134,7.89529],[80.42159,7.89527],[80.42229,7.89593],[80.42286,7.8959],[80.42342,7.896],[80.42403,7.89579],[80.42462,7.8953],[80.42546,7.89541],[80.42606,7.89562],[80.42631,7.89564],[80.42665,7.89542],[80.42691,7.89515],[80.4271,7.89482],[80.42697,7.89441],[80.42705,7.89401],[80.42728,7.89407],[80.42738,7.89404],[80.42752,7.89389],[80.42754,7.89361],[80.42748,7.89345],[80.4272,7.89312],[80.42684,7.89245],[80.4268,7.89233],[80.42684,7.89207],[80.42664,7.89109],[80.42653,7.88973],[80.42653,7.88919],[80.42659,7.8891],[80.42648,7.88876],[80.42669,7.88814],[80.42687,7.88798],[80.42652,7.8878],[80.42647,7.88784],[80.4266,7.88792],[80.42647,7.88818],[80.42629,7.8882],[80.42616,7.88805],[80.42603,7.8881],[80.42606,7.88851],[80.42613,7.88857],[80.42626,7.88854],[80.42632,7.88863],[80.42607,7.88875],[80.42581,7.8887],[80.42559,7.88817],[80.42534,7.88833],[80.4248,7.88846],[80.42459,7.8886],[80.42449,7.88911],[80.42466,7.88912],[80.42454,7.8894],[80.42452,7.88964],[80.42442,7.88983],[80.42442,7.89008],[80.42433,7.89014],[80.42405,7.89012],[80.42383,7.89017],[80.42374,7.89037],[80.42354,7.89051],[80.42348,7.89064],[80.42314,7.89098],[80.42311,7.8911],[80.42316,7.89131],[80.42311,7.89139],[80.42311,7.89151],[80.42318,7.89172],[80.42292,7.89195],[80.42262,7.89195],[80.42223,7.89222],[80.42208,7.89262],[80.42187,7.89299],[80.42177,7.89309],[80.42156,7.8932],[80.42123,7.89362],[80.42101,7.89422],[80.42085,7.89445],[80.42077,7.8947]]]}},{"type":"Feature","properties":{"c":"farmland"},"geometry":{"type":"Polygon","coordinates":[[[80.39932,7.80311],[80.39941,7.8033],[80.39955,7.80337],[80.40003,7.8034],[80.40022,7.80391],[80.39998,7.80396],[80.39997,7.8041],[80.40058,7.80403],[80.40088,7.80385],[80.40103,7.8041],[80.40088,7.80428],[80.40097,7.80447],[80.40067,7.80475],[80.40064,7.80499],[80.40103,7.80552],[80.40092,7.80561],[80.40093,7.80573],[80.40106,7.80582],[80.40176,7.80574],[80.40186,7.80607],[80.40222,7.80607],[80.40233,7.8064],[80.40285,7.80632],[80.4029,7.80624],[80.40279,7.80573],[80.40305,7.80586],[80.40324,7.80582],[80.40339,7.80573],[80.40366,7.80572],[80.4039,7.8058],[80.4041,7.80573],[80.40431,7.80576],[80.40462,7.80591],[80.40472,7.80559],[80.4049,7.80526],[80.40496,7.80501],[80.40489,7.80479],[80.40412,7.80482],[80.40317,7.80501],[80.403,7.80495],[80.40289,7.80497],[80.40273,7.80508],[80.40253,7.80489],[80.40216,7.8047],[80.40199,7.80454],[80.40162,7.80411],[80.40158,7.80394],[80.4015,7.80289],[80.40161,7.80228],[80.40121,7.80215],[80.40121,7.80181],[80.40129,7.80138],[80.40263,7.8013],[80.4026,7.80083],[80.40221,7.80083],[80.40222,7.8005],[80.40247,7.80027],[80.40244,7.80004],[80.40227,7.79986],[80.40233,7.79958],[80.40254,7.79953],[80.40314,7.80005],[80.40307,7.79892],[80.40272,7.79885],[80.40257,7.79847],[80.40259,7.7981],[80.40278,7.79808],[80.40253,7.79714],[80.40232,7.79713],[80.4021,7.79724],[80.40196,7.79738],[80.40172,7.79737],[80.40065,7.79757],[80.40045,7.79756],[80.4002,7.79769],[80.40035,7.79791],[80.40031,7.79798],[80.40037,7.79829],[80.40018,7.79901],[80.40028,7.79914],[80.40035,7.79961],[80.40019,7.7996],[80.40009,7.79966],[80.40007,7.79977],[80.40016,7.79985],[80.40002,7.79996],[80.40009,7.80001],[80.4,7.80022],[80.40009,7.80037],[80.40009,7.80061],[80.40024,7.80062],[80.40019,7.80092],[80.4001,7.8009],[80.40006,7.8011],[80.40019,7.80115],[80.40012,7.80126],[80.39993,7.8012],[80.3999,7.80129],[80.39996,7.80243],[80.40006,7.80261],[80.40041,7.80265],[80.40045,7.80302],[80.40007,7.80299],[80.39987,7.80257],[80.39963,7.80253],[80.39952,7.80264],[80.39932,7.80311]]]}},{"type":"Feature","properties":{"c":"farmland"},"geometry":{"type":"Polygon","coordinates":[[[80.41352,7.86455],[80.41416,7.86499],[80.41438,7.86527],[80.41459,7.86544],[80.4149,7.86553],[80.41516,7.86589],[80.4153,7.86646],[80.41511,7.86662],[80.41528,7.86718],[80.41445,7.86754],[80.4142,7.86768],[80.41419,7.86777],[80.41495,7.86802],[80.41561,7.86835],[80.41605,7.86863],[80.41622,7.8688],[80.41668,7.86897],[80.41691,7.8691],[80.4169,7.86922],[80.41678,7.86941],[80.41686,7.86959],[80.41701,7.86966],[80.41789,7.86975],[80.41795,7.86972],[80.41807,7.86941],[80.41849,7.86933],[80.41865,7.86973],[80.41892,7.86971],[80.41915,7.86957],[80.41935,7.86926],[80.41957,7.8691],[80.41976,7.86904],[80.41989,7.86906],[80.42033,7.86922],[80.42012,7.86954],[80.42011,7.86976],[80.4204,7.87027],[80.42114,7.87095],[80.42135,7.87126],[80.42175,7.87147],[80.42214,7.87179],[80.42235,7.87181],[80.42254,7.87163],[80.42261,7.87147],[80.4226,7.87117],[80.4225,7.87085],[80.42268,7.87027],[80.42275,7.87024],[80.4231,7.87028],[80.42333,7.8704],[80.4249,7.87159],[80.425,7.87095],[80.42532,7.86998],[80.42548,7.86964],[80.42558,7.86926],[80.42556,7.8691],[80.42532,7.86888],[80.42511,7.86878],[80.42464,7.86865],[80.42436,7.86848],[80.42401,7.8681],[80.42333,7.86752],[80.4221,7.86679],[80.42102,7.86651],[80.42038,7.86625],[80.41977,7.86593],[80.41853,7.86555],[80.41792,7.86494],[80.41799,7.8646],[80.41797,7.86442],[80.41788,7.86426],[80.41745,7.86398],[80.41704,7.86387],[80.41639,7.86379],[80.41625,7.86441],[80.41595,7.86456],[80.41543,7.86456],[80.41466,7.86478],[80.41438,7.8645],[80.41383,7.86432],[80.41366,7.86438],[80.41352,7.86455]]]}},{"type":"Feature","properties":{"c":"farmland"},"geometry":{"type":"Polygon","coordinates":[[[80.4284,7.8721],[80.42842,7.87235],[80.42862,7.87245],[80.42962,7.87234],[80.42978,7.87239],[80.43033,7.87293],[80.43109,7.87308],[80.43144,7.87296],[80.43148,7.87288],[80.43148,7.8725],[80.43158,7.87205],[80.43158,7.87155],[80.43107,7.87151],[80.43067,7.87171],[80.43016,7.87161],[80.42981,7.87117],[80.42933,7.87083],[80.42889,7.8706],[80.4289,7.87039],[80.4288,7.87018],[80.42874,7.87015],[80.42859,7.8703],[80.42872,7.87049],[80.42889,7.87104],[80.42891,7.87154],[80.42879,7.87191],[80.42868,7.87202],[80.4284,7.8721]]]}},{"type":"Feature","properties":{"c":"farmland"},"geometry":{"type":"Polygon","coordinates":[[[80.40471,7.85018],[80.40632,7.85402],[80.40655,7.85389],[80.40685,7.85381],[80.40728,7.8539],[80.40782,7.85443],[80.40799,7.85469],[80.4081,7.85507],[80.40808,7.85531],[80.40793,7.85561],[80.40779,7.85577],[80.40781,7.85603],[80.40795,7.8561],[80.40803,7.85625],[80.40804,7.85639],[80.40782,7.85649],[80.4073,7.8566],[80.40711,7.85668],[80.40704,7.85686],[80.40707,7.85702],[80.40725,7.85706],[80.40791,7.85697],[80.40807,7.85704],[80.40811,7.8572],[80.40809,7.85738],[80.40823,7.85758],[80.40902,7.85773],[80.40948,7.85778],[80.40965,7.85775],[80.41,7.85781],[80.41046,7.85799],[80.41123,7.85849],[80.41171,7.85859],[80.41255,7.859],[80.41268,7.85889],[80.4132,7.85836],[80.41349,7.85793],[80.41364,7.85758],[80.41362,7.8575],[80.41344,7.85749],[80.41314,7.85759],[80.41284,7.85753],[80.41278,7.85737],[80.41279,7.85727],[80.4127,7.85706],[80.4129,7.85664],[80.41291,7.85639],[80.41295,7.85635],[80.41308,7.85636],[80.41332,7.85649],[80.41374,7.85656],[80.41393,7.85593],[80.41419,7.85528],[80.41372,7.85508],[80.41386,7.8545],[80.41376,7.85433],[80.41338,7.85404],[80.41336,7.85377],[80.41321,7.85338],[80.41305,7.85327],[80.41265,7.85343],[80.41242,7.85329],[80.41226,7.85281],[80.41208,7.85252],[80.41118,7.85162],[80.41117,7.8514],[80.4109,7.85111],[80.41071,7.85103],[80.41046,7.85116],[80.40994,7.85075],[80.41005,7.85046],[80.40989,7.85033],[80.40952,7.85025],[80.40931,7.85014],[80.40916,7.84997],[80.40905,7.84959],[80.40907,7.84938],[80.40815,7.84938],[80.40777,7.84948],[80.40755,7.84962],[80.40713,7.84963],[80.40693,7.84961],[80.40597,7.84923],[80.40555,7.84934],[80.40525,7.8498],[80.40521,7.85004],[80.40513,7.85015],[80.40471,7.85018]]]}},{"type":"Feature","properties":{"c":"farmland"},"geometry":{"type":"Polygon","coordinates":[[[80.39754,7.84917],[80.3976,7.84961],[80.39771,7.84993],[80.39811,7.85021],[80.39815,7.85076],[80.39841,7.8509],[80.39851,7.85102],[80.39836,7.85119],[80.39838,7.85156],[80.39865,7.8517],[80.39913,7.85177],[80.39973,7.85194],[80.39984,7.85228],[80.39979,7.85285],[80.40004,7.85302],[80.40078,7.85303],[80.4019,7.85353],[80.4021,7.85327],[80.40212,7.85264],[80.40229,7.85251],[80.40335,7.85273],[80.40372,7.85289],[80.40385,7.85309],[80.4037,7.85366],[80.4038,7.85407],[80.40369,7.85469],[80.40362,7.85483],[80.4044,7.85533],[80.40435,7.85426],[80.40444,7.8541],[80.40469,7.85392],[80.40506,7.85376],[80.40549,7.85364],[80.40597,7.85361],[80.4055,7.85242],[80.40448,7.85011],[80.40337,7.84594],[80.40332,7.84549],[80.4032,7.84504],[80.40316,7.84345],[80.40307,7.84238],[80.40286,7.84166],[80.40238,7.84186],[80.40175,7.84221],[80.401,7.84247],[80.40057,7.84255],[80.40003,7.8428],[80.39993,7.84288],[80.40005,7.84359],[80.39994,7.84388],[80.39971,7.84409],[80.3993,7.84423],[80.39908,7.84437],[80.39835,7.84509],[80.39832,7.84565],[80.39819,7.84646],[80.3982,7.84684],[80.39827,7.84716],[80.39817,7.84799],[80.39813,7.84819],[80.39757,7.84875],[80.39754,7.84917]]]}},{"type":"Feature","properties":{"c":"farmland"},"geometry":{"type":"Polygon","coordinates":[[[80.41276,7.8591],[80.41296,7.85935],[80.41299,7.85982],[80.41326,7.86],[80.41361,7.86018],[80.41394,7.86018],[80.41432,7.85991],[80.41455,7.86036],[80.41497,7.86069],[80.41546,7.86092],[80.41567,7.86119],[80.4162,7.8613],[80.41639,7.86149],[80.41637,7.86185],[80.41649,7.86211],[80.41615,7.86223],[80.41617,7.86274],[80.41663,7.86301],[80.41674,7.86312],[80.41698,7.86369],[80.41723,7.86372],[80.41762,7.86325],[80.41778,7.86315],[80.41823,7.86313],[80.41871,7.86332],[80.41902,7.86352],[80.41911,7.86386],[80.41944,7.86409],[80.42077,7.86448],[80.42094,7.86461],[80.42128,7.86472],[80.42185,7.86481],[80.42201,7.8649],[80.42241,7.865],[80.42241,7.86525],[80.42262,7.86541],[80.42295,7.86548],[80.424,7.86539],[80.42412,7.86509],[80.42461,7.86496],[80.42511,7.8651],[80.42505,7.86531],[80.42581,7.86539],[80.42594,7.86527],[80.42612,7.8649],[80.42618,7.86464],[80.42669,7.8644],[80.42715,7.86378],[80.42692,7.86364],[80.42658,7.86362],[80.42606,7.86371],[80.42585,7.86358],[80.42556,7.86328],[80.42541,7.86287],[80.42509,7.86246],[80.42423,7.86232],[80.42368,7.86243],[80.42345,7.86243],[80.42311,7.86227],[80.42276,7.86203],[80.42242,7.86197],[80.42254,7.86182],[80.42275,7.86173],[80.42383,7.8617],[80.42398,7.86114],[80.42397,7.86102],[80.42406,7.86088],[80.42432,7.86079],[80.42459,7.86058],[80.42458,7.86029],[80.42444,7.85991],[80.42399,7.85974],[80.42374,7.85947],[80.42315,7.85834],[80.42269,7.85776],[80.42255,7.85771],[80.42204,7.85776],[80.42186,7.85773],[80.42172,7.85763],[80.42127,7.85705],[80.42119,7.85687],[80.42118,7.85658],[80.42104,7.8563],[80.42073,7.85628],[80.42022,7.85644],[80.42016,7.8563],[80.42006,7.85622],[80.41973,7.85612],[80.41954,7.85601],[80.4194,7.85567],[80.41929,7.8556],[80.41916,7.85564],[80.419,7.85583],[80.41856,7.85592],[80.41836,7.85602],[80.41826,7.85614],[80.41829,7.85627],[80.4184,7.85631],[80.41884,7.85631],[80.41908,7.85698],[80.41929,7.85702],[80.42005,7.85686],[80.42043,7.8569],[80.4206,7.85706],[80.42065,7.8575],[80.42047,7.85824],[80.42043,7.85831],[80.42026,7.8584],[80.41996,7.85835],[80.41994,7.85811],[80.42001,7.85798],[80.41991,7.85794],[80.41964,7.85793],[80.41948,7.858],[80.41937,7.85812],[80.41919,7.85854],[80.41914,7.85915],[80.4191,7.85923],[80.41892,7.85926],[80.41867,7.85916],[80.41858,7.85905],[80.41854,7.85885],[80.41863,7.85842],[80.41852,7.85815],[80.41836,7.85801],[80.41821,7.85774],[80.4179,7.85797],[80.41775,7.85803],[80.41749,7.85807],[80.4173,7.85805],[80.41687,7.85794],[80.41615,7.8579],[80.41582,7.8578],[80.41517,7.85778],[80.41476,7.85759],[80.4143,7.85746],[80.41422,7.85731],[80.41398,7.85722],[80.41385,7.85731],[80.41374,7.8578],[80.41361,7.85806],[80.41329,7.85855],[80.41276,7.8591]]]}},{"type":"Feature","properties":{"c":"farmland"},"geometry":{"type":"Polygon","coordinates":[[[80.37027,7.87157],[80.37039,7.87174],[80.37055,7.87182],[80.37077,7.87183],[80.37113,7.87174],[80.37143,7.87196],[80.37166,7.87189],[80.3718,7.8718],[80.37189,7.87179],[80.37196,7.87189],[80.37195,7.87203],[80.37181,7.8722],[80.37126,7.8724],[80.37107,7.87257],[80.37103,7.8728],[80.37112,7.87316],[80.37099,7.87319],[80.37092,7.87308],[80.37075,7.87312],[80.37066,7.87336],[80.37064,7.8737],[80.37078,7.87415],[80.37063,7.87426],[80.3703,7.87484],[80.37031,7.87502],[80.37069,7.87535],[80.37086,7.87509],[80.37099,7.875],[80.37116,7.87502],[80.37137,7.87511],[80.37152,7.87501],[80.37148,7.87484],[80.37157,7.87473],[80.37196,7.87472],[80.37248,7.87482],[80.37279,7.875],[80.37252,7.87555],[80.37284,7.87569],[80.37374,7.87502],[80.37377,7.87475],[80.3744,7.87435],[80.37424,7.87409],[80.37414,7.8738],[80.37407,7.87296],[80.37377,7.87243],[80.37371,7.8721],[80.37343,7.87126],[80.37298,7.87093],[80.3729,7.87075],[80.37296,7.87062],[80.37317,7.87042],[80.3732,7.87028],[80.37304,7.87017],[80.37254,7.86985],[80.37238,7.86985],[80.37205,7.87017],[80.37171,7.87038],[80.37153,7.87056],[80.37149,7.87067],[80.37152,7.87081],[80.3714,7.87094],[80.37098,7.87112],[80.37047,7.87121],[80.37031,7.87135],[80.37027,7.87157]]]}},{"type":"Feature","properties":{"c":"farmland"},"geometry":{"type":"Polygon","coordinates":[[[80.36621,7.87282],[80.36636,7.87283],[80.36656,7.87275],[80.36689,7.87287],[80.36729,7.87281],[80.36746,7.87288],[80.36759,7.87324],[80.36735,7.87345],[80.36669,7.87347],[80.36644,7.87358],[80.36648,7.87421],[80.36704,7.87479],[80.36813,7.87461],[80.36862,7.87461],[80.36863,7.87427],[80.36829,7.87418],[80.36816,7.87392],[80.36833,7.87357],[80.36861,7.87381],[80.36893,7.87371],[80.36897,7.8741],[80.36934,7.87449],[80.36941,7.87434],[80.3695,7.87432],[80.36964,7.87446],[80.36983,7.87452],[80.36996,7.8745],[80.37008,7.87436],[80.37011,7.87411],[80.36996,7.87348],[80.36901,7.87322],[80.36891,7.87312],[80.36878,7.87284],[80.3688,7.87247],[80.369,7.87234],[80.36892,7.87211],[80.36904,7.87212],[80.36925,7.87225],[80.36943,7.87218],[80.36944,7.87183],[80.36951,7.87157],[80.36918,7.87088],[80.36921,7.87075],[80.36962,7.87067],[80.36978,7.87054],[80.36996,7.87046],[80.37014,7.87044],[80.3702,7.86992],[80.36995,7.86988],[80.36976,7.86979],[80.36962,7.86959],[80.36975,7.86946],[80.36996,7.86944],[80.37003,7.86913],[80.37,7.8689],[80.3704,7.86876],[80.37052,7.86865],[80.37056,7.8682],[80.37075,7.86815],[80.37093,7.86793],[80.37093,7.86769],[80.3708,7.86725],[80.37037,7.86659],[80.37014,7.86651],[80.36963,7.86648],[80.36808,7.86658],[80.36786,7.86668],[80.36778,7.86681],[80.36785,7.8669],[80.368,7.86693],[80.36813,7.86668],[80.36826,7.86666],[80.36829,7.8667],[80.3682,7.86686],[80.3682,7.86698],[80.36824,7.86701],[80.36849,7.86697],[80.36866,7.86726],[80.36851,7.86757],[80.36818,7.86781],[80.36797,7.86817],[80.36808,7.86854],[80.36843,7.86854],[80.36837,7.86892],[80.36821,7.8693],[80.36808,7.86978],[80.36799,7.86989],[80.36775,7.87002],[80.36739,7.87006],[80.36713,7.87025],[80.36701,7.87037],[80.36692,7.87062],[80.36675,7.87091],[80.36638,7.8713],[80.36648,7.87181],[80.36689,7.87185],[80.36711,7.87195],[80.36725,7.87229],[80.36677,7.87207],[80.36641,7.87211],[80.36633,7.87224],[80.36621,7.87282]]]}},{"type":"Feature","properties":{"c":"farmland"},"geometry":{"type":"Polygon","coordinates":[[[80.3887,7.85101],[80.38911,7.85127],[80.38951,7.8514],[80.38947,7.85157],[80.3895,7.85165],[80.38943,7.85183],[80.38953,7.85197],[80.38997,7.8521],[80.39059,7.85209],[80.39115,7.85331],[80.39153,7.85339],[80.39211,7.85259],[80.39212,7.85233],[80.39228,7.85243],[80.39274,7.85236],[80.3929,7.85227],[80.39294,7.85211],[80.39312,7.85203],[80.39327,7.85184],[80.39336,7.85188],[80.39347,7.85214],[80.39366,7.85223],[80.39376,7.85216],[80.39403,7.85232],[80.39416,7.85217],[80.39427,7.85193],[80.39456,7.85164],[80.3948,7.85162],[80.39493,7.85148],[80.39504,7.85126],[80.39506,7.85105],[80.39535,7.85118],[80.39548,7.85116],[80.39591,7.8504],[80.39592,7.85029],[80.39602,7.85009],[80.39614,7.84964],[80.39613,7.84951],[80.39602,7.84926],[80.39616,7.84923],[80.39621,7.84912],[80.39621,7.84904],[80.39605,7.84899],[80.39607,7.84877],[80.39624,7.84876],[80.39615,7.84851],[80.39586,7.84842],[80.39588,7.84799],[80.39568,7.84797],[80.3952,7.84806],[80.39458,7.84844],[80.39446,7.84845],[80.39385,7.84823],[80.39246,7.84807],[80.3918,7.84775],[80.39144,7.84835],[80.39127,7.84851],[80.39083,7.84917],[80.39036,7.84943],[80.39028,7.84958],[80.39023,7.84972],[80.39025,7.84985],[80.3905,7.85034],[80.39024,7.8503],[80.39011,7.8505],[80.38978,7.8503],[80.38961,7.85033],[80.38952,7.85039],[80.3894,7.85038],[80.38932,7.85041],[80.38928,7.85063],[80.38875,7.85094],[80.3887,7.85101]]]}},{"type":"Feature","properties":{"c":"farmland"},"geometry":{"type":"Polygon","coordinates":[[[80.37296,7.85672],[80.37298,7.85702],[80.3731,7.85719],[80.37317,7.85718],[80.37353,7.858],[80.37319,7.85821],[80.37313,7.8585],[80.37314,7.85869],[80.37343,7.8587],[80.37355,7.85883],[80.37359,7.85894],[80.37353,7.85898],[80.37354,7.85907],[80.37367,7.85915],[80.37367,7.85926],[80.37379,7.85937],[80.3739,7.85982],[80.37374,7.8601],[80.37355,7.8601],[80.37337,7.86037],[80.37326,7.86012],[80.37305,7.86013],[80.37332,7.8606],[80.37354,7.86114],[80.37355,7.86135],[80.37362,7.86149],[80.37487,7.86332],[80.37525,7.863],[80.3753,7.86307],[80.37561,7.86288],[80.37549,7.86267],[80.37552,7.86247],[80.37566,7.86251],[80.37567,7.86222],[80.37575,7.86224],[80.37575,7.8623],[80.37595,7.86232],[80.37591,7.86279],[80.37669,7.86288],[80.37689,7.86304],[80.37698,7.86325],[80.37692,7.86336],[80.37707,7.86345],[80.37716,7.86368],[80.37714,7.86387],[80.37725,7.86398],[80.37739,7.8639],[80.3779,7.86402],[80.37819,7.86401],[80.37854,7.86393],[80.37896,7.8637],[80.3791,7.86343],[80.37889,7.86337],[80.37867,7.8635],[80.37861,7.86336],[80.37892,7.86304],[80.37951,7.86337],[80.38004,7.86268],[80.38016,7.86304],[80.38035,7.8631],[80.38053,7.86307],[80.38075,7.86311],[80.38097,7.86273],[80.38098,7.86262],[80.3812,7.8626],[80.38118,7.86246],[80.38099,7.86236],[80.38102,7.86212],[80.38128,7.86161],[80.3813,7.86139],[80.38142,7.86129],[80.38152,7.8613],[80.38152,7.86122],[80.38159,7.86117],[80.38166,7.86119],[80.38163,7.86132],[80.38193,7.86124],[80.38202,7.86113],[80.38206,7.86096],[80.38212,7.86093],[80.38234,7.86098],[80.38259,7.86084],[80.38299,7.86081],[80.383,7.86074],[80.38311,7.86067],[80.38316,7.86069],[80.38322,7.86061],[80.38327,7.86039],[80.38336,7.86038],[80.38368,7.86053],[80.38392,7.86028],[80.38407,7.85992],[80.38406,7.85973],[80.38375,7.85944],[80.38305,7.85918],[80.3831,7.85885],[80.38316,7.85881],[80.38374,7.85907],[80.38381,7.8588],[80.38361,7.85874],[80.38366,7.85858],[80.38245,7.85804],[80.38232,7.85794],[80.38195,7.85805],[80.38182,7.85816],[80.38175,7.85834],[80.38183,7.85879],[80.381,7.85859],[80.38073,7.85909],[80.38128,7.85947],[80.38098,7.85988],[80.38089,7.86018],[80.38038,7.86068],[80.38001,7.86093],[80.37982,7.86019],[80.37945,7.8595],[80.37948,7.85938],[80.37926,7.85929],[80.37915,7.85915],[80.37916,7.859],[80.37928,7.85873],[80.37958,7.85864],[80.37954,7.85841],[80.37934,7.85831],[80.37868,7.85813],[80.378,7.85787],[80.37664,7.85717],[80.37607,7.85708],[80.37618,7.85655],[80.37584,7.85637],[80.37599,7.85573],[80.37599,7.85507],[80.37594,7.85483],[80.37599,7.85453],[80.37561,7.85415],[80.37512,7.85376],[80.37468,7.85306],[80.37451,7.85315],[80.37366,7.85395],[80.37333,7.85416],[80.3733,7.85438],[80.37338,7.85453],[80.37368,7.85493],[80.37404,7.85528],[80.3739,7.85538],[80.37386,7.85552],[80.37354,7.8556],[80.37347,7.85605],[80.3731,7.85635],[80.37296,7.85672]]]}},{"type":"Feature","properties":{"c":"farmland"},"geometry":{"type":"Polygon","coordinates":[[[80.36211,7.88363],[80.36229,7.88378],[80.36284,7.88382],[80.3634,7.88405],[80.36369,7.88398],[80.3641,7.88407],[80.36452,7.88447],[80.36476,7.88503],[80.36505,7.88503],[80.36566,7.88489],[80.3657,7.88502],[80.36608,7.88521],[80.36627,7.88546],[80.3664,7.8855],[80.3667,7.88534],[80.36713,7.88547],[80.36732,7.88547],[80.36768,7.88533],[80.3681,7.885],[80.36814,7.88509],[80.36813,7.88534],[80.36824,7.88543],[80.36828,7.88555],[80.36844,7.88564],[80.36844,7.88576],[80.36863,7.88576],[80.36863,7.88562],[80.36907,7.88542],[80.36902,7.88554],[80.36885,7.88569],[80.36891,7.88597],[80.36838,7.88601],[80.36829,7.88658],[80.36807,7.88729],[80.36848,7.88734],[80.37069,7.8849],[80.37085,7.88475],[80.37104,7.88467],[80.37126,7.88464],[80.37175,7.88471],[80.37195,7.88493],[80.37211,7.88542],[80.37235,7.8856],[80.37327,7.88601],[80.37392,7.88616],[80.37435,7.8861],[80.37434,7.88594],[80.37334,7.88568],[80.37327,7.88551],[80.3724,7.88524],[80.37233,7.88493],[80.37233,7.88462],[80.37215,7.88427],[80.3721,7.88405],[80.37222,7.88371],[80.37236,7.88364],[80.37249,7.88366],[80.37269,7.88335],[80.37304,7.88313],[80.37359,7.88305],[80.37384,7.88294],[80.37435,7.88259],[80.3746,7.88254],[80.37504,7.88254],[80.37514,7.88237],[80.3752,7.88193],[80.37505,7.88162],[80.37487,7.88154],[80.37428,7.88144],[80.37416,7.88098],[80.37386,7.88081],[80.37344,7.88073],[80.37278,7.88032],[80.37206,7.88006],[80.37186,7.87977],[80.37166,7.87979],[80.37105,7.88009],[80.37064,7.87988],[80.37018,7.87991],[80.36978,7.8801],[80.36839,7.87996],[80.36817,7.87999],[80.36791,7.88015],[80.36765,7.88046],[80.36759,7.88063],[80.36777,7.88091],[80.36772,7.8811],[80.36747,7.88133],[80.36698,7.88151],[80.36684,7.88166],[80.3667,7.88191],[80.36664,7.88218],[80.36669,7.88258],[80.36664,7.88277],[80.36651,7.88301],[80.36649,7.88337],[80.36642,7.88353],[80.36616,7.88362],[80.36586,7.88355],[80.36601,7.88334],[80.36603,7.88318],[80.36562,7.88297],[80.36559,7.88271],[80.36503,7.88296],[80.36467,7.88306],[80.36434,7.88307],[80.3638,7.88297],[80.36323,7.88275],[80.36288,7.88275],[80.36266,7.8829],[80.36258,7.88328],[80.36211,7.88363]]]}},{"type":"Feature","properties":{"c":"farmland","n":"Irrigable Area Multiple Tanks"},"geometry":{"type":"Polygon","coordinates":[[[80.42925,7.70745],[80.42946,7.70764],[80.42974,7.70728],[80.42995,7.70739],[80.42981,7.70767],[80.42995,7.70779],[80.43015,7.70768],[80.43026,7.70782],[80.43015,7.70809],[80.42974,7.70868],[80.4296,7.70898],[80.42962,7.709],[80.43011,7.70849],[80.43064,7.70901],[80.43054,7.70919],[80.43076,7.7094],[80.43092,7.70923],[80.43113,7.70937],[80.43136,7.70896],[80.43159,7.70871],[80.43187,7.70863],[80.43218,7.70828],[80.43267,7.70848],[80.43284,7.70866],[80.43352,7.70874],[80.43424,7.70895],[80.43418,7.70837],[80.42974,7.70633],[80.42966,7.70644],[80.42949,7.70714],[80.42925,7.70745]]]}},{"type":"Feature","properties":{"c":"farmland","n":"Pahala wewa Irrigable Area"},"geometry":{"type":"Polygon","coordinates":[[[80.42293,7.69583],[80.42405,7.69617],[80.42469,7.69657],[80.42484,7.69679],[80.42466,7.69754],[80.42459,7.69836],[80.42446,7.69878],[80.4242,7.69864],[80.42397,7.69862],[80.42417,7.69887],[80.42444,7.69961],[80.4247,7.6998],[80.42489,7.69981],[80.42498,7.69956],[80.42529,7.69908],[80.42534,7.69867],[80.42551,7.69841],[80.42559,7.69793],[80.42563,7.69787],[80.42596,7.69796],[80.42625,7.69729],[80.42641,7.69718],[80.42647,7.69707],[80.42643,7.69696],[80.42634,7.69686],[80.42626,7.69689],[80.4263,7.69701],[80.42623,7.69705],[80.42584,7.69707],[80.42568,7.69701],[80.4257,7.6968],[80.42561,7.69668],[80.42532,7.69646],[80.42499,7.69594],[80.42481,7.69584],[80.42499,7.69569],[80.42493,7.69559],[80.42524,7.69509],[80.42462,7.6951],[80.42428,7.69572],[80.42376,7.69556],[80.42348,7.69556],[80.42298,7.69573],[80.42293,7.69583]]]}},{"type":"Feature","properties":{"c":"farmland","n":"Leugolla wewa Irrigable Area"},"geometry":{"type":"Polygon","coordinates":[[[80.40773,7.70979],[80.40779,7.7108],[80.40789,7.71135],[80.40785,7.71161],[80.40797,7.71268],[80.40836,7.71232],[80.40869,7.71191],[80.40923,7.71151],[80.40962,7.71167],[80.40969,7.71117],[80.40984,7.71103],[80.41083,7.7109],[80.4108,7.71052],[80.41028,7.71072],[80.41026,7.71053],[80.41034,7.71035],[80.41062,7.71019],[80.41072,7.71034],[80.4112,7.71019],[80.41118,7.71006],[80.41101,7.70995],[80.41094,7.70981],[80.41087,7.70944],[80.41092,7.70898],[80.41012,7.7089],[80.41017,7.70856],[80.4103,7.70818],[80.41179,7.70842],[80.41171,7.70865],[80.41232,7.70883],[80.41222,7.70918],[80.41241,7.7093],[80.41252,7.70914],[80.41267,7.70925],[80.4128,7.70948],[80.41293,7.70955],[80.41303,7.70983],[80.41343,7.71001],[80.41344,7.70984],[80.41363,7.70943],[80.41362,7.70914],[80.41366,7.70904],[80.41384,7.70887],[80.41384,7.70868],[80.4139,7.70849],[80.41384,7.70837],[80.4137,7.70837],[80.4135,7.70827],[80.4134,7.7083],[80.41325,7.70816],[80.41298,7.7077],[80.41263,7.7078],[80.41234,7.70799],[80.41222,7.70781],[80.41206,7.70772],[80.41188,7.70737],[80.41178,7.70733],[80.41167,7.70736],[80.41079,7.70696],[80.41064,7.7071],[80.41052,7.70709],[80.41046,7.70701],[80.41029,7.7071],[80.41006,7.70668],[80.40986,7.70668],[80.40942,7.70646],[80.40913,7.70637],[80.40898,7.70598],[80.40883,7.70586],[80.40864,7.70579],[80.40859,7.70568],[80.40843,7.70553],[80.40821,7.70569],[80.40813,7.70563],[80.40807,7.70573],[80.40811,7.70576],[80.40804,7.70592],[80.40824,7.70627],[80.40816,7.70641],[80.40816,7.70661],[80.40818,7.70671],[80.40824,7.70672],[80.40821,7.70697],[80.40808,7.70719],[80.408,7.70772],[80.40789,7.70798],[80.40797,7.70803],[80.40784,7.70833],[80.40786,7.70856],[80.40773,7.70979]]]}},{"type":"Feature","properties":{"c":"farmland","n":"Thambuwa maha wewa Irrigable Area"},"geometry":{"type":"Polygon","coordinates":[[[80.40611,7.71686],[80.40625,7.71712],[80.40653,7.71703],[80.40707,7.717],[80.40726,7.71692],[80.40725,7.71677],[80.40742,7.71688],[80.40767,7.7173],[80.40772,7.71758],[80.40781,7.71774],[80.40777,7.71813],[80.40765,7.71815],[80.40761,7.71823],[80.40773,7.71838],[80.40815,7.71844],[80.40866,7.71833],[80.40908,7.71811],[80.40913,7.71806],[80.40909,7.71798],[80.40892,7.71786],[80.40897,7.71771],[80.40939,7.71742],[80.4095,7.71724],[80.40976,7.71712],[80.40994,7.7171],[80.40992,7.71699],[80.40996,7.71697],[80.41019,7.71723],[80.41064,7.71728],[80.41063,7.71722],[80.41039,7.71712],[80.41022,7.71713],[80.41019,7.71695],[80.41025,7.7169],[80.41015,7.71678],[80.41027,7.7164],[80.41018,7.71618],[80.41001,7.71626],[80.40994,7.71623],[80.40987,7.71631],[80.40975,7.71625],[80.40967,7.71631],[80.40946,7.71615],[80.40907,7.71604],[80.40905,7.71599],[80.40918,7.71558],[80.40925,7.71556],[80.40939,7.71533],[80.40951,7.71532],[80.40958,7.71513],[80.40976,7.71518],[80.40988,7.71506],[80.40965,7.71493],[80.40934,7.71485],[80.40927,7.71419],[80.40898,7.71407],[80.40903,7.71368],[80.40948,7.71361],[80.4095,7.71324],[80.40932,7.71322],[80.40936,7.71292],[80.40961,7.71293],[80.40973,7.71269],[80.41005,7.71273],[80.41015,7.71263],[80.41024,7.7124],[80.41011,7.71232],[80.40999,7.71246],[80.40975,7.71239],[80.40971,7.71245],[80.40928,7.71243],[80.40916,7.71261],[80.40883,7.71352],[80.40871,7.71369],[80.40823,7.71364],[80.40805,7.71425],[80.40795,7.71489],[80.40785,7.71511],[80.40785,7.71536],[80.40752,7.71534],[80.40758,7.71581],[80.40688,7.71623],[80.40697,7.7167],[80.40667,7.71672],[80.40611,7.71686]]]}},{"type":"Feature","properties":{"c":"farmland","n":"Kubukgolla wewa Irrigable Area"},"geometry":{"type":"Polygon","coordinates":[[[80.41241,7.72558],[80.41236,7.72602],[80.41282,7.72604],[80.41302,7.72579],[80.41319,7.72538],[80.41347,7.72513],[80.41387,7.72497],[80.41418,7.72464],[80.41376,7.72436],[80.41318,7.72486],[80.41307,7.72501],[80.41295,7.72505],[80.41241,7.72558]]]}},{"type":"Feature","properties":{"c":"farmland","n":"Thambuwa pin wewa Irrigable Area"},"geometry":{"type":"Polygon","coordinates":[[[80.40792,7.72821],[80.40833,7.72842],[80.40894,7.72804],[80.40946,7.72757],[80.40974,7.72743],[80.41065,7.72738],[80.41153,7.72716],[80.41174,7.72716],[80.41267,7.72763],[80.41325,7.72772],[80.41352,7.72782],[80.41361,7.72796],[80.41381,7.7281],[80.41411,7.72824],[80.4144,7.72832],[80.41478,7.7283],[80.41497,7.72842],[80.41527,7.72726],[80.41453,7.72684],[80.41381,7.72656],[80.41282,7.72604],[80.41236,7.72602],[80.41218,7.72593],[80.4118,7.72592],[80.41163,7.72614],[80.41034,7.72645],[80.40874,7.72708],[80.40855,7.72719],[80.40792,7.72821]]]}},{"type":"Feature","properties":{"c":"farmland","n":"Ela wewa Irrigable Area"},"geometry":{"type":"Polygon","coordinates":[[[80.4228,7.71008],[80.42288,7.71014],[80.4231,7.71015],[80.42325,7.71027],[80.42356,7.71018],[80.42358,7.71031],[80.42373,7.71029],[80.42396,7.71035],[80.42398,7.71043],[80.42405,7.71044],[80.42429,7.71036],[80.42475,7.71031],[80.42517,7.71017],[80.42571,7.70985],[80.4265,7.70922],[80.42654,7.70896],[80.42679,7.7086],[80.42693,7.70828],[80.42722,7.70848],[80.42752,7.70811],[80.42778,7.70822],[80.42799,7.708],[80.42799,7.70791],[80.42782,7.7077],[80.42766,7.70787],[80.42747,7.70771],[80.42746,7.70766],[80.42766,7.7075],[80.42751,7.70732],[80.42761,7.70727],[80.42776,7.70705],[80.42793,7.70702],[80.42792,7.70691],[80.42798,7.70679],[80.42818,7.70685],[80.42825,7.70681],[80.42856,7.70609],[80.42842,7.7061],[80.42816,7.70597],[80.42822,7.70577],[80.42792,7.70577],[80.42736,7.70548],[80.4267,7.70555],[80.42654,7.70614],[80.42659,7.7062],[80.42655,7.70623],[80.42671,7.70631],[80.42668,7.70637],[80.42673,7.70649],[80.42663,7.70645],[80.42657,7.70657],[80.42703,7.7068],[80.42711,7.70689],[80.42684,7.70706],[80.42673,7.70721],[80.42679,7.70727],[80.42675,7.70749],[80.42648,7.70787],[80.42654,7.70795],[80.42617,7.70819],[80.42608,7.70844],[80.42609,7.70858],[80.42601,7.7087],[80.42606,7.70892],[80.42591,7.70899],[80.42593,7.70909],[80.42545,7.70935],[80.4254,7.70946],[80.42513,7.70963],[80.42485,7.70963],[80.42476,7.70959],[80.42468,7.70969],[80.42453,7.70968],[80.42421,7.70985],[80.42401,7.70985],[80.42399,7.7098],[80.42429,7.70969],[80.42433,7.70963],[80.42435,7.70946],[80.42454,7.70913],[80.42437,7.70898],[80.42426,7.70897],[80.42421,7.70891],[80.42413,7.70894],[80.42404,7.70926],[80.42393,7.70931],[80.42383,7.70952],[80.4234,7.70944],[80.42317,7.70931],[80.42292,7.70931],[80.42292,7.70963],[80.4228,7.71008]]]}},{"type":"Feature","properties":{"c":"farmland","n":"Ela wewa Irrigable Area"},"geometry":{"type":"Polygon","coordinates":[[[80.42797,7.70543],[80.42801,7.70569],[80.42842,7.70576],[80.42892,7.70629],[80.42897,7.7065],[80.42913,7.70641],[80.42892,7.70603],[80.4285,7.70561],[80.42824,7.70545],[80.42797,7.70543]]]}},{"type":"Feature","properties":{"c":"farmland","n":"Thambuwa maha wewa Irrigable Area"},"geometry":{"type":"Polygon","coordinates":[[[80.39986,7.71593],[80.40043,7.71615],[80.40081,7.71593],[80.40114,7.71595],[80.40117,7.71586],[80.40113,7.71569],[80.40066,7.71486],[80.40032,7.71504],[80.40016,7.71519],[80.40006,7.71533],[80.39986,7.71593]]]}},{"type":"Feature","properties":{"c":"farmland","n":"Kuda wewa Irrigable Area"},"geometry":{"type":"Polygon","coordinates":[[[80.41737,7.7201],[80.41754,7.72012],[80.41783,7.72028],[80.41789,7.72024],[80.41821,7.7203],[80.41824,7.72024],[80.41869,7.72033],[80.4195,7.7203],[80.41954,7.72015],[80.41947,7.72],[80.4193,7.71984],[80.41927,7.71976],[80.41922,7.71978],[80.41917,7.7199],[80.41895,7.71999],[80.41864,7.71996],[80.41826,7.71985],[80.41814,7.71992],[80.41797,7.71985],[80.4178,7.71989],[80.41739,7.71977],[80.41737,7.7201]]]}},{"type":"Feature","properties":{"c":"farmland","n":"Doraweruwa meda wewa Irrigable Area"},"geometry":{"type":"Polygon","coordinates":[[[80.39683,7.71033],[80.39724,7.71049],[80.39723,7.7107],[80.39757,7.71085],[80.39793,7.71085],[80.39792,7.71073],[80.39803,7.71074],[80.39826,7.7109],[80.3986,7.71091],[80.39876,7.71099],[80.39871,7.71037],[80.39827,7.71041],[80.39795,7.71032],[80.39785,7.71022],[80.39754,7.71024],[80.39731,7.70997],[80.39704,7.70992],[80.39707,7.71015],[80.39683,7.71033]]]}},{"type":"Feature","properties":{"c":"farmland","n":"Irrigable Area Multiple Tanks"},"geometry":{"type":"Polygon","coordinates":[[[80.39939,7.70226],[80.39947,7.70279],[80.39962,7.70309],[80.39979,7.70366],[80.4001,7.70414],[80.40031,7.70432],[80.40092,7.70515],[80.40117,7.70562],[80.40147,7.7065],[80.40112,7.7066],[80.40128,7.70693],[80.40165,7.70687],[80.40174,7.70714],[80.40166,7.70789],[80.40134,7.70825],[80.401,7.70891],[80.40045,7.70974],[80.4001,7.71008],[80.39986,7.71018],[80.39961,7.71017],[80.39957,7.7101],[80.39949,7.71026],[80.39947,7.71052],[80.39956,7.71108],[80.39965,7.71112],[80.39975,7.71095],[80.39974,7.71086],[80.40036,7.71049],[80.40064,7.71022],[80.40083,7.71022],[80.401,7.71006],[80.40135,7.70934],[80.40144,7.709],[80.40175,7.70897],[80.40181,7.70877],[80.40229,7.7089],[80.40229,7.70902],[80.40239,7.70907],[80.40259,7.70889],[80.40281,7.70886],[80.40301,7.70915],[80.4031,7.70956],[80.40305,7.70979],[80.4028,7.71039],[80.4028,7.71091],[80.4027,7.71135],[80.40255,7.71155],[80.40234,7.71218],[80.40218,7.71237],[80.40279,7.71275],[80.40311,7.71287],[80.40338,7.71191],[80.40343,7.71208],[80.40352,7.71212],[80.40408,7.71192],[80.40389,7.71135],[80.40361,7.7112],[80.40359,7.71107],[80.40375,7.71069],[80.40377,7.71052],[80.40381,7.70984],[80.40372,7.70883],[80.40283,7.7073],[80.40268,7.70643],[80.40255,7.7062],[80.40224,7.70595],[80.40208,7.70574],[80.402,7.70553],[80.40196,7.70514],[80.40163,7.70429],[80.40152,7.70366],[80.4014,7.70334],[80.40125,7.70317],[80.40109,7.70322],[80.4009,7.70344],[80.40081,7.70379],[80.40083,7.704],[80.40104,7.70397],[80.40108,7.70425],[80.40106,7.70444],[80.40111,7.70462],[80.40122,7.7048],[80.40151,7.705],[80.40147,7.70505],[80.40128,7.70493],[80.40091,7.70478],[80.4008,7.70459],[80.40071,7.70426],[80.40065,7.70421],[80.40047,7.7043],[80.40059,7.70368],[80.40007,7.70253],[80.40005,7.70221],[80.39996,7.70211],[80.39939,7.70226]]]}},{"type":"Feature","properties":{"c":"farmland","n":"Doraweruwa thibirigaha mula wewa Irrigable Area"},"geometry":{"type":"Polygon","coordinates":[[[80.39733,7.71356],[80.39737,7.71419],[80.39745,7.71447],[80.39784,7.71453],[80.39803,7.71412],[80.39841,7.71387],[80.39864,7.7136],[80.39883,7.7139],[80.39895,7.71382],[80.39901,7.71391],[80.39909,7.71387],[80.39921,7.71406],[80.3995,7.71388],[80.39959,7.71382],[80.39957,7.71377],[80.39938,7.71375],[80.39932,7.7136],[80.39946,7.71355],[80.39965,7.7136],[80.39977,7.71353],[80.40002,7.71352],[80.40005,7.7135],[80.40007,7.71326],[80.40042,7.71284],[80.40036,7.71283],[80.40028,7.71259],[80.40019,7.71256],[80.39985,7.71265],[80.39948,7.71256],[80.39932,7.71258],[80.39877,7.71275],[80.39835,7.71294],[80.39827,7.71308],[80.39831,7.7132],[80.39811,7.71334],[80.39796,7.71366],[80.39786,7.71375],[80.39783,7.71361],[80.39769,7.71355],[80.39773,7.71333],[80.3977,7.7132],[80.39737,7.71326],[80.39733,7.71356]]]}},{"type":"Feature","properties":{"c":"farmland","n":"Dekaduwala pahala wewa Irrigable Area"},"geometry":{"type":"Polygon","coordinates":[[[80.39041,7.72006],[80.39047,7.72028],[80.39057,7.7203],[80.39064,7.72023],[80.39073,7.7202],[80.39085,7.72029],[80.39101,7.72028],[80.39092,7.72058],[80.39068,7.72032],[80.39051,7.72049],[80.3905,7.72061],[80.39077,7.72074],[80.39085,7.72087],[80.3909,7.7212],[80.39088,7.72168],[80.39105,7.72158],[80.39116,7.7216],[80.39109,7.72187],[80.39117,7.72207],[80.3915,7.72213],[80.39155,7.72205],[80.39156,7.72184],[80.39144,7.72145],[80.39159,7.7213],[80.39189,7.72124],[80.39198,7.72117],[80.39209,7.72088],[80.39243,7.72085],[80.39263,7.72042],[80.39299,7.72001],[80.3932,7.71985],[80.3935,7.71923],[80.39319,7.71905],[80.39221,7.71876],[80.39179,7.71868],[80.39135,7.71871],[80.3914,7.71898],[80.39135,7.71911],[80.39147,7.71939],[80.39127,7.72023],[80.39119,7.72011],[80.39107,7.72021],[80.39102,7.72016],[80.39108,7.72002],[80.39094,7.71993],[80.39088,7.71996],[80.39066,7.71982],[80.39041,7.72006]]]}},{"type":"Feature","properties":{"c":"farmland","n":"Dekaduwala kaduru wewa Irrigable Area"},"geometry":{"type":"Polygon","coordinates":[[[80.39058,7.72354],[80.39061,7.72367],[80.39071,7.72379],[80.39105,7.72397],[80.39117,7.7241],[80.39117,7.72422],[80.39124,7.72433],[80.3912,7.7244],[80.3913,7.7247],[80.39161,7.72458],[80.39159,7.72442],[80.39168,7.72448],[80.39176,7.72425],[80.39181,7.72334],[80.39151,7.72335],[80.3911,7.72351],[80.39058,7.72354]]]}},{"type":"Feature","properties":{"c":"farmland","n":"Thalwehera maha wewa Irrigable Area"},"geometry":{"type":"Polygon","coordinates":[[[80.39545,7.73034],[80.39546,7.7304],[80.39588,7.73059],[80.39617,7.73065],[80.39616,7.73072],[80.39671,7.73073],[80.39679,7.7308],[80.3978,7.73104],[80.39799,7.73117],[80.3979,7.73137],[80.39813,7.73144],[80.39837,7.73141],[80.39844,7.73136],[80.39836,7.73112],[80.39854,7.73089],[80.39861,7.73092],[80.39866,7.73083],[80.39864,7.73076],[80.39876,7.73048],[80.39869,7.73038],[80.39851,7.72967],[80.39783,7.72941],[80.39773,7.72928],[80.39738,7.72904],[80.39747,7.72879],[80.39753,7.72823],[80.39764,7.72825],[80.3978,7.72777],[80.39696,7.72744],[80.39705,7.72757],[80.39693,7.7277],[80.39694,7.72782],[80.39633,7.7292],[80.39648,7.7293],[80.39639,7.72939],[80.39616,7.72932],[80.39603,7.72958],[80.39594,7.72958],[80.39588,7.72967],[80.39575,7.72999],[80.39581,7.73003],[80.39545,7.73034]]]}},{"type":"Feature","properties":{"c":"farmland"},"geometry":{"type":"Polygon","coordinates":[[[80.32968,7.70393],[80.33002,7.70471],[80.33068,7.70574],[80.33136,7.70607],[80.33164,7.7063],[80.33193,7.70665],[80.33218,7.70706],[80.33269,7.70743],[80.3331,7.70855],[80.33411,7.70836],[80.33414,7.70854],[80.33395,7.70878],[80.33338,7.70916],[80.33346,7.70953],[80.33344,7.70984],[80.33329,7.71027],[80.33314,7.7105],[80.33301,7.71053],[80.33293,7.71074],[80.33291,7.71104],[80.33295,7.71133],[80.333,7.71144],[80.33314,7.71149],[80.33321,7.7108],[80.33327,7.71057],[80.33362,7.71066],[80.3337,7.71035],[80.33426,7.71062],[80.3342,7.71094],[80.33426,7.71095],[80.33419,7.71153],[80.3345,7.71162],[80.33457,7.71159],[80.3346,7.71142],[80.33448,7.71131],[80.33437,7.71081],[80.33451,7.71053],[80.33453,7.70982],[80.33461,7.70969],[80.33483,7.70996],[80.33511,7.71017],[80.33598,7.71053],[80.33623,7.71069],[80.33734,7.70834],[80.33718,7.70837],[80.33708,7.70849],[80.33697,7.70852],[80.3369,7.7086],[80.33675,7.70861],[80.33666,7.70848],[80.33669,7.70834],[80.33692,7.70787],[80.3368,7.70782],[80.33665,7.70805],[80.33646,7.70798],[80.33658,7.70771],[80.33642,7.70764],[80.33667,7.70706],[80.33686,7.7071],[80.33695,7.70692],[80.33676,7.70688],[80.33688,7.70659],[80.3371,7.70654],[80.33725,7.70619],[80.33741,7.70623],[80.33757,7.70593],[80.33824,7.70595],[80.33872,7.70577],[80.33889,7.70577],[80.33906,7.70584],[80.33935,7.70582],[80.33949,7.70579],[80.3396,7.70569],[80.33968,7.70571],[80.33968,7.70581],[80.34036,7.7059],[80.34103,7.70593],[80.3411,7.70602],[80.34143,7.70613],[80.34166,7.70638],[80.34206,7.70619],[80.34194,7.70604],[80.34157,7.70497],[80.34144,7.70473],[80.34128,7.7046],[80.34119,7.70472],[80.34117,7.70488],[80.34085,7.7051],[80.33864,7.70522],[80.33839,7.7051],[80.33818,7.70506],[80.33786,7.70511],[80.33744,7.70511],[80.33741,7.70506],[80.33728,7.70506],[80.33732,7.70516],[80.33721,7.70521],[80.33727,7.70536],[80.33704,7.70553],[80.337,7.70573],[80.33719,7.70582],[80.33667,7.70593],[80.33637,7.70578],[80.33624,7.7059],[80.33605,7.70642],[80.33587,7.7066],[80.33575,7.70686],[80.33554,7.70651],[80.33502,7.70601],[80.33496,7.70575],[80.33453,7.70551],[80.33372,7.70521],[80.33355,7.70495],[80.33314,7.70502],[80.33302,7.70474],[80.33279,7.70451],[80.33234,7.70431],[80.33081,7.70411],[80.33012,7.7041],[80.32968,7.70393]]]}},{"type":"Feature","properties":{"c":"farmland"},"geometry":{"type":"Polygon","coordinates":[[[80.3362,7.71109],[80.3364,7.71119],[80.33642,7.71115],[80.33651,7.71118],[80.33647,7.71128],[80.33673,7.71143],[80.33678,7.71143],[80.33689,7.71124],[80.33713,7.71141],[80.33699,7.71158],[80.33692,7.71183],[80.33693,7.71194],[80.33708,7.71209],[80.33728,7.71179],[80.3373,7.71198],[80.33723,7.71244],[80.33739,7.71262],[80.33709,7.71319],[80.33681,7.71341],[80.3367,7.71346],[80.33656,7.71345],[80.33692,7.71376],[80.33717,7.71349],[80.33757,7.71325],[80.33797,7.71327],[80.33884,7.7131],[80.3391,7.71325],[80.33918,7.71305],[80.33914,7.71293],[80.33933,7.7129],[80.33947,7.7128],[80.33931,7.71274],[80.33933,7.71245],[80.3394,7.71229],[80.33905,7.71208],[80.3388,7.71202],[80.33858,7.71174],[80.33855,7.71155],[80.3388,7.71085],[80.33947,7.71077],[80.3395,7.71081],[80.33946,7.71094],[80.3393,7.71114],[80.3396,7.71108],[80.33954,7.71104],[80.33955,7.71095],[80.33969,7.71085],[80.3395,7.71002],[80.33886,7.70955],[80.33879,7.70952],[80.33874,7.70958],[80.33868,7.70957],[80.33845,7.70938],[80.3382,7.70933],[80.338,7.70922],[80.33802,7.70898],[80.33826,7.70866],[80.33769,7.70835],[80.33748,7.70828],[80.3362,7.71109]]]}},{"type":"Feature","properties":{"c":"farmland","n":"Galketiyagama Tank Irrigable Area"},"geometry":{"type":"Polygon","coordinates":[[[80.36391,7.75901],[80.36415,7.75913],[80.36437,7.75935],[80.36497,7.76042],[80.36485,7.76051],[80.36528,7.76107],[80.36542,7.76099],[80.36573,7.76154],[80.36588,7.76166],[80.3666,7.76194],[80.3674,7.76254],[80.36751,7.76269],[80.36856,7.76325],[80.36885,7.76322],[80.36889,7.76277],[80.36904,7.76274],[80.36926,7.76278],[80.36928,7.76296],[80.36967,7.76295],[80.36968,7.76285],[80.36986,7.76288],[80.36987,7.76241],[80.3696,7.76244],[80.36881,7.76211],[80.36869,7.76219],[80.36835,7.76192],[80.36818,7.76165],[80.36825,7.76162],[80.36843,7.76112],[80.3683,7.76111],[80.36833,7.76093],[80.36868,7.76081],[80.36877,7.76064],[80.36869,7.7602],[80.36828,7.75969],[80.36855,7.75943],[80.36837,7.75885],[80.36823,7.75889],[80.36814,7.75874],[80.36757,7.75904],[80.36709,7.75877],[80.36641,7.75939],[80.366,7.75915],[80.36578,7.75894],[80.36552,7.75869],[80.36548,7.75851],[80.36512,7.75836],[80.36462,7.75806],[80.36444,7.75817],[80.36426,7.75841],[80.36391,7.75901]]]}},{"type":"Feature","properties":{"c":"farmland","n":"Irrigable Area Multiple Tanks"},"geometry":{"type":"Polygon","coordinates":[[[80.35252,7.75212],[80.35254,7.75224],[80.35274,7.75254],[80.35287,7.75264],[80.35319,7.75267],[80.35332,7.75293],[80.35328,7.7532],[80.35307,7.75337],[80.35321,7.75344],[80.3533,7.75338],[80.35342,7.75342],[80.35343,7.75318],[80.35349,7.75313],[80.35351,7.75295],[80.35393,7.75308],[80.3539,7.75327],[80.35415,7.75332],[80.3541,7.75354],[80.35422,7.75359],[80.35414,7.75383],[80.35404,7.7538],[80.35407,7.75367],[80.35371,7.75358],[80.35356,7.75367],[80.35345,7.75385],[80.35336,7.75419],[80.35365,7.75424],[80.35421,7.75448],[80.35434,7.75494],[80.3544,7.75501],[80.35463,7.75499],[80.35465,7.75532],[80.35459,7.75546],[80.35447,7.75556],[80.35459,7.75564],[80.35486,7.75573],[80.35519,7.75574],[80.35533,7.75567],[80.35555,7.75584],[80.35576,7.7553],[80.35657,7.75535],[80.35651,7.75511],[80.35629,7.75464],[80.35632,7.75445],[80.35606,7.75438],[80.35585,7.7542],[80.35587,7.75408],[80.35571,7.75407],[80.35574,7.75351],[80.35562,7.75349],[80.35563,7.75337],[80.35576,7.75327],[80.35587,7.75326],[80.35596,7.75338],[80.35622,7.75339],[80.35647,7.75351],[80.35676,7.75356],[80.35764,7.75391],[80.3576,7.75412],[80.35742,7.75409],[80.35739,7.75415],[80.35753,7.75424],[80.35753,7.75431],[80.35738,7.75456],[80.35731,7.75451],[80.35721,7.75453],[80.35724,7.75464],[80.35688,7.75478],[80.35685,7.75463],[80.35675,7.75456],[80.35675,7.75532],[80.35665,7.75583],[80.35649,7.75619],[80.35645,7.75642],[80.35661,7.75651],[80.35666,7.7563],[80.35677,7.75628],[80.35697,7.75608],[80.35704,7.75567],[80.35717,7.75567],[80.35716,7.75553],[80.35692,7.75544],[80.35694,7.75535],[80.35716,7.75538],[80.35735,7.75532],[80.35731,7.75521],[80.35697,7.7552],[80.35692,7.75507],[80.35698,7.75491],[80.3574,7.75501],[80.35749,7.75496],[80.35758,7.75479],[80.35776,7.75485],[80.35791,7.75476],[80.35802,7.75482],[80.35801,7.75507],[80.35816,7.75521],[80.35818,7.75493],[80.35833,7.75438],[80.35849,7.75441],[80.35864,7.75462],[80.35923,7.75486],[80.35917,7.75498],[80.35917,7.75511],[80.35923,7.75523],[80.35928,7.75552],[80.35967,7.75576],[80.35974,7.75571],[80.36013,7.75614],[80.36017,7.75647],[80.36007,7.75661],[80.36025,7.75691],[80.3608,7.75611],[80.36133,7.75595],[80.36192,7.75564],[80.36211,7.75527],[80.3621,7.75474],[80.36221,7.75448],[80.36265,7.75419],[80.36288,7.75393],[80.3634,7.75367],[80.36347,7.75353],[80.36345,7.7528],[80.36336,7.75258],[80.36326,7.75246],[80.36291,7.75222],[80.36214,7.75225],[80.36215,7.75197],[80.36195,7.75188],[80.36195,7.75161],[80.36149,7.75148],[80.36168,7.75115],[80.36191,7.75047],[80.36158,7.75029],[80.36147,7.75002],[80.36131,7.74992],[80.36125,7.74981],[80.36102,7.74982],[80.36097,7.74959],[80.36092,7.74965],[80.36084,7.74947],[80.36077,7.74945],[80.36079,7.74938],[80.36096,7.74944],[80.36124,7.74943],[80.36127,7.74938],[80.36159,7.74949],[80.36171,7.74934],[80.36169,7.74928],[80.36224,7.74912],[80.3623,7.74884],[80.36222,7.74864],[80.36158,7.74893],[80.36115,7.74898],[80.36113,7.74906],[80.36089,7.74908],[80.36073,7.74925],[80.36072,7.74946],[80.36056,7.74952],[80.36052,7.74936],[80.3603,7.74936],[80.36021,7.74925],[80.36014,7.74888],[80.35976,7.74878],[80.35968,7.74899],[80.35982,7.74923],[80.35979,7.74928],[80.35946,7.74958],[80.35922,7.74963],[80.35927,7.74981],[80.35949,7.74975],[80.35986,7.7498],[80.35992,7.75],[80.36001,7.75003],[80.3601,7.74988],[80.36028,7.74985],[80.36053,7.74988],[80.36052,7.74977],[80.36062,7.74973],[80.3608,7.7498],[80.36084,7.74996],[80.36121,7.74997],[80.36125,7.75013],[80.36106,7.75024],[80.36123,7.75058],[80.36118,7.75087],[80.3608,7.75085],[80.36073,7.75109],[80.3608,7.75128],[80.36043,7.75128],[80.36054,7.75173],[80.36073,7.75188],[80.36089,7.75172],[80.36092,7.75165],[80.36088,7.75155],[80.36093,7.7515],[80.36097,7.75158],[80.36103,7.75152],[80.36104,7.75137],[80.36118,7.75113],[80.36138,7.7512],[80.3614,7.75138],[80.36135,7.75153],[80.36139,7.7518],[80.36133,7.75195],[80.36143,7.75236],[80.3613,7.75268],[80.36133,7.75278],[80.36071,7.7528],[80.36069,7.75274],[80.36053,7.75281],[80.3604,7.7527],[80.36035,7.75274],[80.36031,7.75271],[80.36028,7.75265],[80.36035,7.7526],[80.36032,7.75253],[80.36022,7.75252],[80.36007,7.75262],[80.3599,7.75206],[80.35972,7.75216],[80.35968,7.75209],[80.35954,7.75217],[80.35945,7.75213],[80.35938,7.75239],[80.35978,7.75249],[80.35993,7.75262],[80.35959,7.75274],[80.35934,7.75271],[80.3593,7.75278],[80.35916,7.75274],[80.35875,7.75253],[80.35871,7.75238],[80.35839,7.75249],[80.35823,7.75272],[80.35807,7.75263],[80.35796,7.75244],[80.35735,7.75257],[80.35758,7.75266],[80.35781,7.75258],[80.35787,7.7527],[80.35797,7.75276],[80.35805,7.75289],[80.3578,7.75314],[80.3576,7.75303],[80.35732,7.75275],[80.35682,7.75256],[80.3569,7.7523],[80.35683,7.75228],[80.35671,7.75239],[80.35668,7.7525],[80.35658,7.75247],[80.35651,7.75265],[80.35598,7.75254],[80.35623,7.75217],[80.35609,7.75208],[80.35618,7.75187],[80.35621,7.75161],[80.35642,7.75162],[80.35649,7.75157],[80.35651,7.75143],[80.35663,7.75141],[80.35664,7.75074],[80.35677,7.75073],[80.35686,7.75055],[80.35682,7.75043],[80.35668,7.75049],[80.35666,7.75036],[80.35678,7.75028],[80.35679,7.75033],[80.35698,7.75031],[80.35698,7.75024],[80.35709,7.75023],[80.3571,7.75006],[80.35727,7.75002],[80.35726,7.74973],[80.35712,7.7497],[80.35708,7.7496],[80.35712,7.74954],[80.35724,7.74964],[80.3573,7.7496],[80.35769,7.74965],[80.35781,7.74957],[80.35802,7.7497],[80.3582,7.74951],[80.35819,7.74932],[80.35814,7.74928],[80.358,7.74943],[80.3579,7.74939],[80.35798,7.74924],[80.35792,7.7492],[80.3578,7.74919],[80.3577,7.74928],[80.35757,7.74923],[80.35743,7.74934],[80.35727,7.74929],[80.35735,7.74901],[80.3573,7.74891],[80.35733,7.74883],[80.3574,7.74884],[80.35745,7.74834],[80.35753,7.74806],[80.35831,7.74836],[80.35838,7.74825],[80.35819,7.74813],[80.35814,7.74786],[80.35767,7.74766],[80.35783,7.74722],[80.35809,7.74656],[80.35816,7.74654],[80.35823,7.74664],[80.35835,7.74664],[80.35837,7.74693],[80.35846,7.74721],[80.35857,7.74731],[80.35866,7.74718],[80.35863,7.7471],[80.35883,7.74692],[80.3589,7.74666],[80.35931,7.74652],[80.35928,7.74643],[80.35912,7.74648],[80.35908,7.74637],[80.35891,7.74643],[80.35876,7.74632],[80.35876,7.74651],[80.35861,7.74642],[80.35843,7.7464],[80.35837,7.74624],[80.35819,7.74625],[80.3581,7.7463],[80.35805,7.74643],[80.35795,7.74638],[80.35794,7.74654],[80.35788,7.74654],[80.35774,7.74681],[80.35763,7.7469],[80.35773,7.74706],[80.35754,7.74744],[80.3571,7.7479],[80.35701,7.74807],[80.35696,7.74823],[80.35714,7.74832],[80.35699,7.74882],[80.35691,7.74878],[80.35662,7.7488],[80.35649,7.74884],[80.35641,7.74892],[80.35646,7.74922],[80.35655,7.74929],[80.35677,7.74932],[80.35679,7.74945],[80.35675,7.74953],[80.35652,7.74975],[80.35639,7.74977],[80.35617,7.74965],[80.35584,7.74983],[80.35557,7.74985],[80.35544,7.74981],[80.35528,7.74951],[80.35498,7.74975],[80.35492,7.7499],[80.3545,7.74974],[80.35442,7.75021],[80.35448,7.75063],[80.35445,7.75082],[80.35394,7.75101],[80.3538,7.75119],[80.35392,7.75126],[80.35399,7.75142],[80.35371,7.7516],[80.35331,7.75174],[80.35418,7.75206],[80.35409,7.75228],[80.35395,7.75224],[80.35377,7.75209],[80.35289,7.75178],[80.35261,7.75192],[80.35252,7.75212]],[[80.35439,7.7519],[80.3545,7.75175],[80.35463,7.75174],[80.35486,7.75154],[80.35531,7.75155],[80.35546,7.75143],[80.35593,7.75158],[80.35577,7.75231],[80.35478,7.75207],[80.35439,7.7519]]]}},{"type":"Feature","properties":{"c":"farmland","n":"Mandapola Wewa Irrigable Area"},"geometry":{"type":"Polygon","coordinates":[[[80.40457,7.70059],[80.40462,7.70088],[80.40469,7.70092],[80.40491,7.70097],[80.40513,7.70089],[80.40514,7.70121],[80.40531,7.7013],[80.40536,7.70138],[80.40558,7.70148],[80.40599,7.70154],[80.40672,7.70183],[80.40696,7.70199],[80.40678,7.70209],[80.40732,7.70232],[80.40737,7.70239],[80.40754,7.70285],[80.40732,7.70299],[80.40619,7.70298],[80.40646,7.70356],[80.40634,7.70362],[80.40673,7.70409],[80.40696,7.7041],[80.40717,7.70426],[80.40814,7.70475],[80.40829,7.70463],[80.40846,7.70499],[80.40889,7.70469],[80.40859,7.70425],[80.4092,7.70396],[80.40916,7.70376],[80.40905,7.70355],[80.4089,7.7034],[80.40886,7.70329],[80.40872,7.70246],[80.40912,7.70247],[80.40911,7.7028],[80.40945,7.70282],[80.40958,7.70246],[80.40952,7.70205],[80.40925,7.70208],[80.40925,7.70214],[80.40918,7.70217],[80.40854,7.70214],[80.40837,7.7017],[80.40805,7.70185],[80.40801,7.70212],[80.40762,7.70162],[80.40747,7.7017],[80.40733,7.70133],[80.40755,7.70115],[80.40781,7.70069],[80.40816,7.70033],[80.40859,7.70034],[80.40858,7.70005],[80.40873,7.70004],[80.40886,7.69975],[80.40874,7.69949],[80.40859,7.69942],[80.40877,7.69915],[80.40897,7.69908],[80.40933,7.69916],[80.4097,7.69917],[80.40968,7.69855],[80.40949,7.69823],[80.40929,7.69851],[80.40918,7.69858],[80.40882,7.69857],[80.40846,7.69867],[80.40823,7.69882],[80.40804,7.69909],[80.40784,7.69951],[80.40756,7.69991],[80.40669,7.70074],[80.40642,7.7005],[80.40627,7.70064],[80.40614,7.7005],[80.40607,7.70048],[80.40555,7.70063],[80.40505,7.70041],[80.40463,7.70034],[80.40457,7.70059]]]}},{"type":"Feature","properties":{"c":"farmland"},"geometry":{"type":"Polygon","coordinates":[[[80.41388,7.85711],[80.41426,7.85725],[80.41435,7.85742],[80.41466,7.85754],[80.41479,7.85755],[80.41519,7.85772],[80.4158,7.85773],[80.41609,7.85781],[80.41682,7.85785],[80.41746,7.85796],[80.41788,7.85784],[80.41811,7.8577],[80.41827,7.85722],[80.41814,7.85677],[80.418,7.85664],[80.41722,7.85659],[80.41658,7.85645],[80.41602,7.85619],[80.41567,7.85592],[80.41477,7.85559],[80.41432,7.85536],[80.41395,7.8563],[80.41388,7.85711]]]}},{"type":"Feature","properties":{"c":"farmland"},"geometry":{"type":"Polygon","coordinates":[[[80.37322,7.86881],[80.37323,7.86899],[80.37379,7.86982],[80.37395,7.86998],[80.3744,7.86987],[80.37454,7.86992],[80.37458,7.87006],[80.37427,7.87043],[80.37421,7.8706],[80.37434,7.87065],[80.3747,7.87065],[80.37495,7.87058],[80.37543,7.87027],[80.37559,7.87026],[80.37609,7.87058],[80.37629,7.87089],[80.37708,7.87075],[80.37797,7.87071],[80.37849,7.87044],[80.37922,7.86964],[80.37861,7.86908],[80.37802,7.86831],[80.37528,7.86428],[80.37501,7.86451],[80.37544,7.86514],[80.37558,7.86568],[80.37558,7.86671],[80.37572,7.86743],[80.37561,7.86769],[80.37505,7.86815],[80.37482,7.86802],[80.37484,7.8662],[80.3747,7.86475],[80.37453,7.8644],[80.37425,7.86433],[80.37395,7.86454],[80.37378,7.86488],[80.37385,7.86565],[80.37371,7.86612],[80.37354,7.86647],[80.37346,7.86684],[80.37349,7.86713],[80.3738,7.86785],[80.3736,7.8685],[80.37322,7.86881]]]}},{"type":"Feature","properties":{"c":"farmland"},"geometry":{"type":"Polygon","coordinates":[[[80.37548,7.86413],[80.37568,7.86448],[80.37641,7.86548],[80.37818,7.8683],[80.37884,7.86913],[80.37944,7.86959],[80.37988,7.86934],[80.38069,7.86906],[80.3809,7.86874],[80.38154,7.86854],[80.38182,7.86908],[80.38208,7.869],[80.382,7.86859],[80.3827,7.86849],[80.38247,7.86775],[80.38215,7.86781],[80.38201,7.86725],[80.38174,7.86734],[80.38166,7.86702],[80.38103,7.86712],[80.3807,7.86711],[80.38061,7.86693],[80.38061,7.86673],[80.38074,7.86592],[80.38151,7.86526],[80.38199,7.86509],[80.38211,7.86474],[80.38226,7.86459],[80.38246,7.86421],[80.3826,7.86403],[80.38289,7.86389],[80.38303,7.86389],[80.38324,7.86371],[80.38359,7.86314],[80.38406,7.86278],[80.38415,7.86261],[80.38418,7.86226],[80.38388,7.86228],[80.38372,7.86178],[80.38355,7.86171],[80.38302,7.86182],[80.38284,7.86171],[80.38273,7.86172],[80.38263,7.86181],[80.38276,7.86237],[80.38239,7.86251],[80.38232,7.86277],[80.38214,7.86295],[80.38211,7.86321],[80.38196,7.8635],[80.38181,7.86363],[80.38151,7.86372],[80.38117,7.86363],[80.38097,7.86353],[80.38043,7.86348],[80.37936,7.86393],[80.37916,7.86411],[80.3789,7.86419],[80.37846,7.86425],[80.37817,7.8644],[80.3781,7.86451],[80.37786,7.86457],[80.37654,7.864],[80.37654,7.86365],[80.37632,7.86327],[80.37606,7.86331],[80.37571,7.86358],[80.37556,7.86383],[80.37548,7.86413]]]}},{"type":"Feature","properties":{"c":"forest"},"geometry":{"type":"Polygon","coordinates":[[[80.51593,7.73903],[80.51597,7.7393],[80.51721,7.73898],[80.51729,7.73903],[80.51733,7.73975],[80.51791,7.74035],[80.51805,7.74038],[80.51857,7.74],[80.5189,7.73982],[80.5195,7.73972],[80.52009,7.73973],[80.52024,7.7397],[80.52034,7.73961],[80.52047,7.73903],[80.52055,7.73891],[80.52092,7.73868],[80.52094,7.73852],[80.52092,7.73821],[80.52074,7.73797],[80.52067,7.73764],[80.52073,7.73743],[80.52092,7.7372],[80.52092,7.73706],[80.52083,7.73695],[80.52021,7.73661],[80.52009,7.73649],[80.52004,7.73634],[80.5201,7.7362],[80.5205,7.73569],[80.52055,7.73539],[80.52041,7.73514],[80.5201,7.73503],[80.51974,7.73504],[80.51941,7.7352],[80.51919,7.73562],[80.51906,7.73606],[80.51886,7.73629],[80.51872,7.73636],[80.51807,7.73642],[80.51753,7.7363],[80.51738,7.73632],[80.5171,7.73648],[80.51681,7.73684],[80.51679,7.73715],[80.51684,7.73757],[80.51678,7.73771],[80.51652,7.73795],[80.51608,7.73824],[80.51599,7.73835],[80.51604,7.73852],[80.51623,7.7387],[80.51619,7.73885],[80.51593,7.73903]]]}},{"type":"Feature","properties":{"c":"residential"},"geometry":{"type":"Polygon","coordinates":[[[80.37247,7.83423],[80.37297,7.83439],[80.37394,7.83522],[80.37416,7.83591],[80.37377,7.83707],[80.37469,7.83773],[80.37546,7.83668],[80.3764,7.83749],[80.37802,7.83777],[80.37816,7.83595],[80.37871,7.83593],[80.37954,7.83642],[80.37966,7.83711],[80.38163,7.83726],[80.38129,7.83653],[80.38212,7.83637],[80.38173,7.83576],[80.38219,7.83542],[80.38097,7.83344],[80.38058,7.83314],[80.38081,7.83202],[80.38128,7.83198],[80.38227,7.83208],[80.3827,7.83125],[80.38209,7.82977],[80.38069,7.82915],[80.38009,7.8303],[80.38056,7.83107],[80.38002,7.83224],[80.37824,7.83214],[80.37793,7.83317],[80.37865,7.83475],[80.3785,7.83512],[80.37778,7.83527],[80.37768,7.83503],[80.37709,7.83503],[80.37668,7.83531],[80.37634,7.83607],[80.37556,7.83579],[80.37572,7.83505],[80.37546,7.8348],[80.37495,7.8349],[80.3748,7.83445],[80.37495,7.8339],[80.37448,7.83336],[80.37411,7.83336],[80.37411,7.83361],[80.37253,7.83371],[80.37247,7.83423]]]}},{"type":"Feature","properties":{"c":"orchard"},"geometry":{"type":"Polygon","coordinates":[[[80.37948,7.83828],[80.37958,7.83869],[80.38027,7.83864],[80.38039,7.83904],[80.38065,7.83941],[80.38039,7.83965],[80.38035,7.84066],[80.3816,7.84035],[80.38154,7.83893],[80.38112,7.83883],[80.38104,7.83833],[80.38142,7.83834],[80.38219,7.83814],[80.38278,7.83785],[80.38286,7.83714],[80.38295,7.83697],[80.38266,7.83638],[80.38212,7.83637],[80.38129,7.83653],[80.38163,7.83726],[80.37966,7.83711],[80.37948,7.83828]]]}},{"type":"Feature","properties":{"c":"residential"},"geometry":{"type":"Polygon","coordinates":[[[80.38259,7.83335],[80.38293,7.83353],[80.38319,7.83446],[80.38276,7.83456],[80.3826,7.8348],[80.38333,7.83497],[80.38402,7.83505],[80.38416,7.8348],[80.38411,7.83416],[80.38388,7.83377],[80.38366,7.83324],[80.38395,7.83298],[80.38388,7.83285],[80.38429,7.83246],[80.38411,7.83217],[80.38305,7.8328],[80.38259,7.83335]]]}},{"type":"Feature","properties":{"c":"farmland"},"geometry":{"type":"Polygon","coordinates":[[[80.38278,7.83785],[80.38308,7.83834],[80.38344,7.83864],[80.38386,7.8387],[80.384,7.83867],[80.38421,7.83833],[80.38512,7.83817],[80.38571,7.83766],[80.38877,7.83699],[80.38927,7.83659],[80.38965,7.83687],[80.39044,7.83645],[80.39091,7.83586],[80.39382,7.83514],[80.39426,7.83499],[80.39426,7.83479],[80.39384,7.83445],[80.39356,7.83401],[80.39361,7.83329],[80.39337,7.83291],[80.39285,7.83285],[80.39281,7.83256],[80.3919,7.83237],[80.39152,7.83257],[80.39095,7.83237],[80.39086,7.83202],[80.39032,7.83198],[80.39012,7.83336],[80.38977,7.83389],[80.38795,7.83333],[80.387,7.83402],[80.38671,7.83397],[80.38627,7.83454],[80.38566,7.83434],[80.38534,7.83354],[80.38476,7.83351],[80.38438,7.83371],[80.38411,7.83416],[80.38416,7.8348],[80.38359,7.83577],[80.38286,7.83714],[80.38278,7.83785]]]}},{"type":"Feature","properties":{"c":"orchard"},"geometry":{"type":"Polygon","coordinates":[[[80.47322,7.71749],[80.47368,7.71768],[80.47374,7.71747],[80.47448,7.71762],[80.47495,7.71779],[80.47503,7.71775],[80.47531,7.7173],[80.47373,7.7167],[80.47349,7.71669],[80.47322,7.71749]]]}},{"type":"Feature","properties":{"c":"farmland"},"geometry":{"type":"Polygon","coordinates":[[[80.40326,7.84171],[80.40328,7.84356],[80.40351,7.84369],[80.40357,7.84282],[80.40404,7.84274],[80.40417,7.84243],[80.40445,7.84218],[80.40479,7.8414],[80.40566,7.84139],[80.40587,7.84088],[80.40506,7.84089],[80.40474,7.84064],[80.40442,7.84018],[80.40426,7.83974],[80.40422,7.83877],[80.4039,7.83875],[80.40362,7.84006],[80.40356,7.84058],[80.40367,7.84128],[80.40349,7.84153],[80.40326,7.84171]]]}},{"type":"Feature","properties":{"c":"farmland"},"geometry":{"type":"Polygon","coordinates":[[[80.40434,7.84291],[80.40476,7.84305],[80.40482,7.84336],[80.40442,7.84406],[80.40435,7.84429],[80.40476,7.8445],[80.40575,7.84347],[80.40602,7.84325],[80.40648,7.84336],[80.40657,7.84288],[80.40685,7.8425],[80.40677,7.84226],[80.40652,7.84208],[80.40662,7.84131],[80.40649,7.84119],[80.40621,7.84126],[80.40592,7.84144],[80.4055,7.84187],[80.4049,7.84185],[80.40475,7.84225],[80.40448,7.84262],[80.40434,7.84291]]]}},{"type":"Feature","properties":{"c":"farmland"},"geometry":{"type":"Polygon","coordinates":[[[80.41318,7.87507],[80.41328,7.87622],[80.41327,7.87678],[80.41354,7.87736],[80.41344,7.87774],[80.41342,7.8784],[80.41358,7.87882],[80.41389,7.87912],[80.41449,7.87914],[80.41472,7.87924],[80.41474,7.87941],[80.41505,7.87952],[80.41524,7.87972],[80.41552,7.87977],[80.41581,7.87965],[80.41592,7.8795],[80.41586,7.8791],[80.41496,7.8758],[80.41458,7.87506],[80.41416,7.87508],[80.41386,7.87477],[80.4135,7.8748],[80.41318,7.87507]]]}},{"type":"Feature","properties":{"c":"farmland"},"geometry":{"type":"Polygon","coordinates":[[[80.3667,7.91073],[80.36687,7.91081],[80.36675,7.91102],[80.36739,7.9113],[80.36728,7.91152],[80.36811,7.9118],[80.36833,7.91184],[80.36838,7.91161],[80.36859,7.91165],[80.36869,7.91153],[80.3687,7.9114],[80.36864,7.91137],[80.36867,7.91128],[80.36884,7.91133],[80.36888,7.91164],[80.36878,7.91162],[80.36877,7.91185],[80.36867,7.91203],[80.36923,7.91232],[80.36952,7.91212],[80.36965,7.91193],[80.3697,7.9117],[80.36961,7.91162],[80.36963,7.91145],[80.36987,7.91143],[80.36987,7.91125],[80.37002,7.91116],[80.37001,7.91091],[80.36983,7.91098],[80.36977,7.91093],[80.36957,7.91095],[80.36954,7.91089],[80.36922,7.91093],[80.36915,7.91084],[80.36899,7.91085],[80.369,7.91069],[80.36879,7.91069],[80.36862,7.91058],[80.36869,7.91044],[80.36904,7.91055],[80.36927,7.91009],[80.36916,7.91],[80.36902,7.91005],[80.36898,7.91012],[80.36877,7.91],[80.36871,7.90985],[80.36873,7.90963],[80.36883,7.90943],[80.36851,7.90932],[80.36839,7.90945],[80.36828,7.90936],[80.3681,7.90952],[80.36799,7.90943],[80.36787,7.90943],[80.36754,7.90981],[80.36717,7.91015],[80.36706,7.91019],[80.36699,7.91043],[80.36677,7.91058],[80.3667,7.91073]]]}},{"type":"Feature","properties":{"c":"farmland"},"geometry":{"type":"Polygon","coordinates":[[[80.36899,7.91079],[80.36975,7.9108],[80.36979,7.91061],[80.3699,7.91059],[80.36992,7.91],[80.36982,7.90999],[80.36982,7.90979],[80.36968,7.90981],[80.36966,7.90998],[80.36949,7.90993],[80.36963,7.90965],[80.36946,7.90951],[80.36936,7.90962],[80.36934,7.90989],[80.3694,7.91004],[80.36927,7.91009],[80.36904,7.91055],[80.36899,7.91079]]]}},{"type":"Feature","properties":{"c":"scrub"},"geometry":{"type":"Polygon","coordinates":[[[80.36862,7.91058],[80.36879,7.91069],[80.369,7.91069],[80.36904,7.91055],[80.36869,7.91044],[80.36862,7.91058]]]}},{"type":"Feature","properties":{"c":"farmland"},"geometry":{"type":"Polygon","coordinates":[[[80.3682,7.90874],[80.36837,7.90892],[80.36844,7.9093],[80.36883,7.90943],[80.36893,7.90933],[80.36883,7.90921],[80.36883,7.90903],[80.36888,7.9089],[80.36897,7.90892],[80.36899,7.90903],[80.36908,7.90902],[80.36927,7.90886],[80.3694,7.90895],[80.3693,7.90914],[80.36945,7.90916],[80.36953,7.90926],[80.36973,7.90935],[80.36966,7.90951],[80.3698,7.90958],[80.36995,7.90922],[80.37016,7.90911],[80.3699,7.90887],[80.36976,7.90865],[80.36964,7.90864],[80.36943,7.90836],[80.36937,7.90837],[80.36927,7.90826],[80.36901,7.90821],[80.36895,7.90815],[80.36895,7.90779],[80.3688,7.90778],[80.36871,7.90838],[80.36858,7.90847],[80.36853,7.90856],[80.36832,7.90849],[80.3682,7.90874]]]}},{"type":"Feature","properties":{"c":"scrub"},"geometry":{"type":"Polygon","coordinates":[[[80.36871,7.90985],[80.36877,7.91],[80.36898,7.91012],[80.36902,7.91005],[80.36916,7.91],[80.36927,7.91009],[80.3694,7.91004],[80.36934,7.90989],[80.36936,7.90962],[80.36946,7.90951],[80.36963,7.90965],[80.36949,7.90993],[80.36966,7.90998],[80.36968,7.90981],[80.36982,7.90979],[80.36982,7.90999],[80.37002,7.90997],[80.37009,7.9096],[80.37028,7.90917],[80.37016,7.90911],[80.36995,7.90922],[80.3698,7.90958],[80.36966,7.90951],[80.36973,7.90935],[80.36953,7.90926],[80.36945,7.90916],[80.3693,7.90914],[80.3694,7.90895],[80.36927,7.90886],[80.36908,7.90902],[80.36899,7.90903],[80.36897,7.90892],[80.36888,7.9089],[80.36883,7.90903],[80.36883,7.90921],[80.36893,7.90933],[80.36873,7.90963],[80.36871,7.90985]]]}},{"type":"Feature","properties":{"c":"forest"},"geometry":{"type":"Polygon","coordinates":[[[80.36718,7.91291],[80.36721,7.91319],[80.36745,7.91322],[80.36763,7.9133],[80.36884,7.9127],[80.36875,7.91263],[80.36876,7.91244],[80.36892,7.91216],[80.36867,7.91203],[80.36877,7.91185],[80.36878,7.91162],[80.36888,7.91164],[80.36884,7.91133],[80.36867,7.91128],[80.36864,7.91137],[80.3687,7.9114],[80.36869,7.91153],[80.36859,7.91165],[80.36838,7.91161],[80.36833,7.91184],[80.36779,7.9117],[80.36776,7.91183],[80.36797,7.91196],[80.36813,7.91215],[80.36833,7.91221],[80.36832,7.91232],[80.3681,7.91245],[80.36811,7.91268],[80.36803,7.91273],[80.36796,7.91286],[80.36785,7.91295],[80.36767,7.91294],[80.36761,7.91282],[80.3676,7.91269],[80.36753,7.91264],[80.36736,7.91273],[80.36724,7.91269],[80.36725,7.91288],[80.36718,7.91291]]]}},{"type":"Feature","properties":{"c":"scrub"},"geometry":{"type":"Polygon","coordinates":[[[80.36899,7.91079],[80.36899,7.91085],[80.36915,7.91084],[80.36922,7.91093],[80.36942,7.91093],[80.36943,7.91088],[80.36954,7.91089],[80.36957,7.91095],[80.36977,7.91093],[80.36975,7.9108],[80.36899,7.91079]]]}},{"type":"Feature","properties":{"c":"farmland"},"geometry":{"type":"Polygon","coordinates":[[[80.36993,7.8929],[80.37042,7.89297],[80.37135,7.89264],[80.37193,7.89274],[80.37288,7.89242],[80.37358,7.89325],[80.37362,7.89366],[80.37481,7.89437],[80.37529,7.8949],[80.37541,7.89558],[80.37628,7.89563],[80.37683,7.89619],[80.37726,7.89623],[80.37747,7.89675],[80.37777,7.89696],[80.37817,7.89753],[80.379,7.89727],[80.38137,7.89601],[80.38075,7.89567],[80.38072,7.89551],[80.38095,7.89496],[80.38127,7.89464],[80.3808,7.89386],[80.3805,7.89357],[80.38028,7.89364],[80.38021,7.89353],[80.37988,7.89365],[80.37947,7.89444],[80.37951,7.89569],[80.37837,7.89583],[80.3761,7.89448],[80.37468,7.89313],[80.37364,7.89229],[80.37305,7.89132],[80.37225,7.89174],[80.37148,7.89144],[80.37107,7.89147],[80.37069,7.89186],[80.37013,7.89197],[80.36993,7.8929]]]}},{"type":"Feature","properties":{"c":"farmland"},"geometry":{"type":"Polygon","coordinates":[[[80.37794,7.89958],[80.3786,7.89974],[80.37879,7.89879],[80.37838,7.89876],[80.37831,7.89923],[80.37807,7.89918],[80.37803,7.89939],[80.37794,7.89958]]]}},{"type":"Feature","properties":{"c":"farmland"},"geometry":{"type":"Polygon","coordinates":[[[80.379,7.89747],[80.37901,7.89757],[80.37949,7.89764],[80.37979,7.89785],[80.38006,7.8985],[80.38,7.89888],[80.38008,7.89905],[80.38064,7.89881],[80.38013,7.89702],[80.379,7.89747]]]}},{"type":"Feature","properties":{"c":"farmland"},"geometry":{"type":"Polygon","coordinates":[[[80.38631,7.91834],[80.38636,7.91861],[80.38659,7.91887],[80.38723,7.91912],[80.38745,7.91999],[80.38704,7.92032],[80.38691,7.92036],[80.38673,7.92091],[80.38682,7.9212],[80.38712,7.9215],[80.38738,7.92151],[80.3876,7.92136],[80.38765,7.92157],[80.38752,7.92215],[80.38733,7.92224],[80.38705,7.92265],[80.38704,7.92283],[80.38692,7.92295],[80.38712,7.92326],[80.38733,7.92344],[80.3877,7.92356],[80.38804,7.92361],[80.38815,7.9233],[80.38802,7.92295],[80.38826,7.92277],[80.38855,7.92214],[80.38882,7.92202],[80.38905,7.92233],[80.38952,7.92231],[80.3898,7.92214],[80.39008,7.92209],[80.39026,7.9219],[80.3903,7.92177],[80.38994,7.92099],[80.38891,7.9196],[80.3886,7.91944],[80.38787,7.91871],[80.38768,7.91872],[80.38774,7.91842],[80.3876,7.918],[80.38748,7.91793],[80.3873,7.918],[80.38699,7.91802],[80.38691,7.91817],[80.38673,7.91804],[80.38651,7.91809],[80.38631,7.91834]]]}},{"type":"Feature","properties":{"c":"farmland"},"geometry":{"type":"Polygon","coordinates":[[[80.39158,7.92339],[80.39171,7.92438],[80.39169,7.9246],[80.39183,7.925],[80.39334,7.9245],[80.39323,7.92363],[80.3928,7.92256],[80.39258,7.92262],[80.3926,7.92271],[80.39237,7.92277],[80.39245,7.92305],[80.39245,7.92323],[80.39158,7.92339]]]}},{"type":"Feature","properties":{"c":"farmland","n":"paddy"},"geometry":{"type":"Polygon","coordinates":[[[80.43388,7.87171],[80.43409,7.87285],[80.43451,7.8728],[80.43512,7.87318],[80.4351,7.87393],[80.43536,7.87445],[80.43569,7.87587],[80.43559,7.87607],[80.43481,7.87584],[80.43458,7.87624],[80.43438,7.87684],[80.43429,7.87761],[80.43396,7.87793],[80.43403,7.8785],[80.43437,7.87854],[80.43473,7.87836],[80.43552,7.87903],[80.43593,7.87877],[80.4364,7.87771],[80.4372,7.87832],[80.4378,7.87759],[80.43819,7.8768],[80.43936,7.87603],[80.43966,7.87605],[80.44074,7.87709],[80.44121,7.87661],[80.44184,7.87614],[80.44187,7.87586],[80.44201,7.87566],[80.4422,7.87551],[80.44324,7.87518],[80.44421,7.8752],[80.44467,7.87497],[80.44493,7.87434],[80.44514,7.87404],[80.44539,7.87351],[80.4458,7.87342],[80.44645,7.87364],[80.44692,7.8735],[80.44653,7.87284],[80.44614,7.87243],[80.44541,7.87311],[80.44427,7.873],[80.4441,7.87272],[80.44418,7.8725],[80.44415,7.87231],[80.44335,7.8723],[80.44301,7.87222],[80.4425,7.87232],[80.44261,7.87169],[80.44251,7.87078],[80.44124,7.87074],[80.4408,7.87161],[80.44091,7.87182],[80.44061,7.87181],[80.44005,7.87243],[80.44031,7.87391],[80.43992,7.87438],[80.4393,7.87461],[80.43923,7.87488],[80.43888,7.87514],[80.43867,7.87493],[80.43916,7.87335],[80.43969,7.8724],[80.44008,7.87191],[80.44037,7.87118],[80.44024,7.87087],[80.43971,7.87067],[80.43896,7.87067],[80.43878,7.87058],[80.43829,7.86989],[80.4375,7.87029],[80.43722,7.87065],[80.43675,7.87078],[80.43658,7.87094],[80.4366,7.87214],[80.43671,7.87288],[80.43643,7.87291],[80.4359,7.87287],[80.43434,7.87135],[80.43388,7.87171]]]}},{"type":"Feature","properties":{"c":"farmland"},"geometry":{"type":"Polygon","coordinates":[[[80.43266,7.89711],[80.4327,7.89721],[80.43291,7.89713],[80.43313,7.89713],[80.43318,7.89702],[80.43326,7.89703],[80.43327,7.89716],[80.43361,7.8972],[80.43356,7.89697],[80.43345,7.89687],[80.43294,7.89695],[80.43283,7.89692],[80.43275,7.897],[80.43276,7.89708],[80.43266,7.89711]]]}},{"type":"Feature","properties":{"c":"forest"},"geometry":{"type":"Polygon","coordinates":[[[80.40771,7.80559],[80.40779,7.80568],[80.40785,7.80563],[80.40778,7.80554],[80.40771,7.80559]]]}},{"type":"Feature","properties":{"c":"farmland"},"geometry":{"type":"Polygon","coordinates":[[[80.36959,7.8612],[80.36968,7.86159],[80.3698,7.86171],[80.37023,7.86159],[80.37046,7.8616],[80.37052,7.86155],[80.37055,7.86137],[80.37025,7.86128],[80.36996,7.86134],[80.36989,7.86116],[80.36959,7.8612]]]}},{"type":"Feature","properties":{"c":"farmland"},"geometry":{"type":"Polygon","coordinates":[[[80.36985,7.86094],[80.37011,7.86108],[80.37076,7.86101],[80.37069,7.86069],[80.37024,7.86063],[80.37012,7.86074],[80.37011,7.86095],[80.36989,7.86087],[80.36985,7.86094]]]}},{"type":"Feature","properties":{"c":"farmland"},"geometry":{"type":"Polygon","coordinates":[[[80.37272,7.86293],[80.37308,7.86297],[80.37306,7.86332],[80.373,7.86332],[80.373,7.8634],[80.37333,7.86345],[80.37358,7.8634],[80.37357,7.86303],[80.3737,7.86269],[80.37373,7.86234],[80.37354,7.86217],[80.3731,7.86204],[80.37295,7.86207],[80.37284,7.86214],[80.37272,7.86293]]]}},{"type":"Feature","properties":{"c":"farmland"},"geometry":{"type":"Polygon","coordinates":[[[80.37054,7.86475],[80.37077,7.86492],[80.37113,7.86482],[80.37135,7.86468],[80.37203,7.86489],[80.37253,7.86498],[80.37273,7.86458],[80.37283,7.86456],[80.37285,7.86442],[80.37252,7.86381],[80.37236,7.86369],[80.37159,7.86343],[80.37142,7.86421],[80.37121,7.8642],[80.37123,7.86408],[80.37102,7.86409],[80.37086,7.86422],[80.37069,7.86428],[80.37057,7.86425],[80.37054,7.86475]]]}},{"type":"Feature","properties":{"c":"farmland"},"geometry":{"type":"Polygon","coordinates":[[[80.39556,7.8047],[80.39585,7.80525],[80.39628,7.80572],[80.39632,7.80569],[80.39648,7.80546],[80.39676,7.80473],[80.39565,7.80447],[80.39556,7.8047]]]}},{"type":"Feature","properties":{"c":"farmland"},"geometry":{"type":"Polygon","coordinates":[[[80.39307,7.81037],[80.39321,7.81043],[80.39323,7.81039],[80.39322,7.81035],[80.39309,7.81031],[80.39307,7.81037]]]}},{"type":"Feature","properties":{"c":"farmland"},"geometry":{"type":"Polygon","coordinates":[[[80.39118,7.81295],[80.39173,7.81303],[80.39188,7.81206],[80.39152,7.812],[80.39141,7.81269],[80.39123,7.81266],[80.39118,7.81295]]]}},{"type":"Feature","properties":{"c":"farmland"},"geometry":{"type":"Polygon","coordinates":[[[80.37943,7.80404],[80.37977,7.80494],[80.3801,7.80555],[80.38066,7.80582],[80.38195,7.80538],[80.38274,7.80504],[80.38375,7.8049],[80.38362,7.80417],[80.38322,7.80472],[80.38277,7.80469],[80.38277,7.80421],[80.38291,7.80375],[80.38221,7.80352],[80.38203,7.80378],[80.38103,7.80384],[80.38101,7.80354],[80.3806,7.80299],[80.37943,7.80404]]]}},{"type":"Feature","properties":{"c":"farmland"},"geometry":{"type":"Polygon","coordinates":[[[80.37447,7.81192],[80.3748,7.81268],[80.37558,7.81267],[80.37571,7.8132],[80.37614,7.81329],[80.37668,7.81276],[80.37667,7.81222],[80.3766,7.81175],[80.37699,7.81181],[80.37723,7.81135],[80.37704,7.81089],[80.3773,7.8106],[80.37784,7.81044],[80.3777,7.80987],[80.37816,7.80961],[80.3784,7.80941],[80.37792,7.80898],[80.37781,7.8088],[80.37722,7.80682],[80.37668,7.80737],[80.37605,7.80755],[80.3755,7.8075],[80.37533,7.80701],[80.37507,7.80709],[80.37579,7.80901],[80.37579,7.80947],[80.37539,7.80959],[80.37547,7.81015],[80.37495,7.8104],[80.37513,7.81088],[80.37492,7.81141],[80.37522,7.81195],[80.37447,7.81192]]]}},{"type":"Feature","properties":{"c":"farmland"},"geometry":{"type":"Polygon","coordinates":[[[80.38311,7.82],[80.38353,7.81998],[80.38435,7.81912],[80.3846,7.81904],[80.3847,7.81891],[80.38494,7.81892],[80.38496,7.81916],[80.38508,7.81952],[80.38503,7.82002],[80.38581,7.81918],[80.38653,7.81734],[80.38731,7.81589],[80.38641,7.81521],[80.3857,7.81551],[80.38512,7.8163],[80.38493,7.81736],[80.38387,7.81883],[80.38311,7.82]]]}},{"type":"Feature","properties":{"c":"forest"},"geometry":{"type":"Polygon","coordinates":[[[80.39362,7.81006],[80.39421,7.81023],[80.39436,7.80962],[80.39371,7.80955],[80.39362,7.81006]]]}},{"type":"Feature","properties":{"c":"forest"},"geometry":{"type":"Polygon","coordinates":[[[80.39284,7.80959],[80.39311,7.80965],[80.39316,7.80948],[80.39289,7.80948],[80.39284,7.80959]]]}},{"type":"Feature","properties":{"c":"farmland"},"geometry":{"type":"Polygon","coordinates":[[[80.37632,7.80435],[80.37641,7.80484],[80.3766,7.80492],[80.37684,7.80551],[80.37678,7.80563],[80.37658,7.80576],[80.37686,7.80611],[80.37749,7.80537],[80.37751,7.80518],[80.37701,7.80548],[80.37695,7.8054],[80.37698,7.80531],[80.37772,7.80506],[80.37772,7.8049],[80.37761,7.8046],[80.37699,7.8041],[80.37654,7.80405],[80.37653,7.80432],[80.37632,7.80435]]]}},{"type":"Feature","properties":{"c":"farmland"},"geometry":{"type":"Polygon","coordinates":[[[80.37762,7.80531],[80.37776,7.80587],[80.37787,7.80584],[80.37795,7.80603],[80.37806,7.80599],[80.37828,7.80644],[80.37843,7.80641],[80.3785,7.80627],[80.37844,7.80619],[80.3783,7.80619],[80.37797,7.80539],[80.37787,7.80529],[80.37762,7.80531]]]}},{"type":"Feature","properties":{"c":"farmland"},"geometry":{"type":"Polygon","coordinates":[[[80.37788,7.80829],[80.3779,7.80879],[80.37806,7.80861],[80.37856,7.80827],[80.37861,7.80764],[80.37842,7.80767],[80.37845,7.80792],[80.37833,7.80798],[80.37835,7.80816],[80.37788,7.80829]]]}},{"type":"Feature","properties":{"c":"forest"},"geometry":{"type":"Polygon","coordinates":[[[80.45038,7.92507],[80.4621,7.92558],[80.46162,7.91705],[80.45038,7.92507]]]}},{"type":"Feature","properties":{"c":"forest"},"geometry":{"type":"Polygon","coordinates":[[[80.45038,7.92507],[80.46147,7.91695],[80.45137,7.91695],[80.45038,7.92507]]]}},{"type":"Feature","properties":{"c":"farmland"},"geometry":{"type":"Polygon","coordinates":[[[80.42617,7.89991],[80.42644,7.90047],[80.42679,7.901],[80.42662,7.90104],[80.42667,7.90139],[80.42687,7.9014],[80.42704,7.90185],[80.4279,7.90248],[80.42769,7.9027],[80.42821,7.90313],[80.42875,7.90289],[80.4289,7.90291],[80.42971,7.90281],[80.42979,7.90307],[80.43034,7.90294],[80.43041,7.90319],[80.43086,7.90337],[80.43254,7.90378],[80.43262,7.90337],[80.43243,7.90299],[80.43282,7.90202],[80.43305,7.90078],[80.43353,7.90083],[80.43391,7.90107],[80.43399,7.90176],[80.43422,7.90175],[80.43414,7.901],[80.43388,7.90075],[80.43327,7.90053],[80.43325,7.90008],[80.43299,7.89994],[80.43258,7.89994],[80.43227,7.89913],[80.43208,7.89818],[80.43147,7.89771],[80.43109,7.89762],[80.43099,7.89709],[80.43095,7.89639],[80.43068,7.89608],[80.43046,7.89626],[80.42999,7.89628],[80.43003,7.89564],[80.43032,7.89544],[80.43047,7.89512],[80.43028,7.89466],[80.42927,7.89566],[80.42833,7.89576],[80.42865,7.89639],[80.42832,7.89658],[80.42844,7.89713],[80.42878,7.89721],[80.42841,7.89731],[80.42841,7.89763],[80.4287,7.89778],[80.42871,7.89821],[80.42828,7.89803],[80.42783,7.89846],[80.42758,7.8983],[80.42691,7.89831],[80.42683,7.89815],[80.4264,7.89832],[80.4265,7.89909],[80.42617,7.89991]]]}},{"type":"Feature","properties":{"c":"farmland"},"geometry":{"type":"Polygon","coordinates":[[[80.43446,7.90262],[80.43528,7.90267],[80.43539,7.90256],[80.43591,7.90257],[80.43598,7.90265],[80.43616,7.90269],[80.43626,7.90264],[80.43624,7.90203],[80.43652,7.9017],[80.43742,7.90154],[80.4377,7.90189],[80.43807,7.90185],[80.43816,7.90168],[80.43772,7.90044],[80.43744,7.90068],[80.43729,7.90063],[80.43692,7.9009],[80.43666,7.9008],[80.43591,7.90137],[80.43564,7.90144],[80.43494,7.90177],[80.43505,7.90198],[80.43447,7.90223],[80.43446,7.90262]]]}},{"type":"Feature","properties":{"c":"farmland"},"geometry":{"type":"Polygon","coordinates":[[[80.43447,7.90274],[80.43466,7.90336],[80.43487,7.90318],[80.43489,7.90292],[80.43534,7.90285],[80.43517,7.90272],[80.43447,7.90274]]]}},{"type":"Feature","properties":{"c":"farmland"},"geometry":{"type":"Polygon","coordinates":[[[80.43399,7.90346],[80.4345,7.90358],[80.43459,7.90345],[80.43439,7.90283],[80.43411,7.9028],[80.43399,7.90346]]]}},{"type":"Feature","properties":{"c":"farmland"},"geometry":{"type":"Polygon","coordinates":[[[80.43343,7.90407],[80.43377,7.90432],[80.43413,7.90442],[80.43437,7.90366],[80.43408,7.90371],[80.43343,7.90407]]]}},{"type":"Feature","properties":{"c":"farmland"},"geometry":{"type":"Polygon","coordinates":[[[80.43512,7.90472],[80.4354,7.90533],[80.43614,7.90507],[80.43621,7.90541],[80.43579,7.90549],[80.43579,7.90582],[80.43615,7.90588],[80.43622,7.90579],[80.43649,7.906],[80.43624,7.90627],[80.43652,7.90646],[80.43721,7.90646],[80.43749,7.90632],[80.43754,7.90589],[80.43823,7.90586],[80.4385,7.90615],[80.43868,7.90613],[80.43883,7.90619],[80.43891,7.90608],[80.43967,7.90614],[80.43966,7.90678],[80.44037,7.90683],[80.44054,7.90722],[80.44077,7.90723],[80.44086,7.90749],[80.44108,7.90738],[80.44152,7.90728],[80.44192,7.90739],[80.44193,7.907],[80.44178,7.90663],[80.4412,7.90577],[80.44201,7.90563],[80.4415,7.90478],[80.44106,7.90452],[80.43998,7.90425],[80.43896,7.90299],[80.4387,7.90316],[80.43848,7.90297],[80.4379,7.9032],[80.43733,7.9035],[80.43668,7.90334],[80.43607,7.90302],[80.43608,7.90365],[80.43628,7.90369],[80.43636,7.90399],[80.43598,7.90392],[80.43576,7.90347],[80.43537,7.90357],[80.43537,7.90391],[80.43519,7.904],[80.43549,7.90457],[80.43512,7.90472]]]}},{"type":"Feature","properties":{"c":"farmland"},"geometry":{"type":"Polygon","coordinates":[[[80.39628,7.79964],[80.39677,7.79967],[80.39681,7.79923],[80.39632,7.79923],[80.39628,7.79964]]]}},{"type":"Feature","properties":{"c":"farmland"},"geometry":{"type":"Polygon","coordinates":[[[80.4461,7.91153],[80.44613,7.91174],[80.44639,7.9119],[80.44674,7.91154],[80.44718,7.91121],[80.44705,7.91093],[80.44671,7.91099],[80.44634,7.9112],[80.44627,7.91115],[80.44619,7.91121],[80.44623,7.91129],[80.44615,7.91135],[80.44617,7.91148],[80.4461,7.91153]]]}},{"type":"Feature","properties":{"c":"farmland"},"geometry":{"type":"Polygon","coordinates":[[[80.44715,7.91209],[80.4472,7.91238],[80.44729,7.91246],[80.44729,7.91254],[80.44774,7.9124],[80.44785,7.91261],[80.44767,7.91277],[80.44767,7.91282],[80.44799,7.91275],[80.44794,7.91257],[80.44805,7.91215],[80.44822,7.91184],[80.4488,7.91152],[80.44874,7.91134],[80.44853,7.91141],[80.44849,7.91136],[80.44838,7.91145],[80.44809,7.91143],[80.44742,7.91157],[80.44719,7.91177],[80.4472,7.91207],[80.44715,7.91209]]]}},{"type":"Feature","properties":{"c":"farmland"},"geometry":{"type":"Polygon","coordinates":[[[80.44407,7.91529],[80.44413,7.91547],[80.44417,7.91587],[80.44426,7.91583],[80.44437,7.91556],[80.44449,7.91557],[80.44451,7.91599],[80.4447,7.91599],[80.4455,7.91633],[80.44587,7.91598],[80.44571,7.91578],[80.44571,7.91549],[80.44542,7.9151],[80.4456,7.91489],[80.44545,7.91483],[80.44523,7.91481],[80.44507,7.91492],[80.44485,7.91484],[80.44466,7.9149],[80.44441,7.91488],[80.44423,7.91496],[80.44419,7.91513],[80.44407,7.91529]]]}},{"type":"Feature","properties":{"c":"farmland"},"geometry":{"type":"Polygon","coordinates":[[[80.44573,7.91661],[80.44579,7.91694],[80.44595,7.91696],[80.44605,7.91722],[80.44634,7.91749],[80.44641,7.91764],[80.44653,7.91765],[80.44655,7.91782],[80.44675,7.91825],[80.44695,7.91823],[80.44738,7.91781],[80.44766,7.91743],[80.44761,7.91712],[80.44737,7.91711],[80.44719,7.91724],[80.44696,7.91698],[80.44704,7.91686],[80.44706,7.91666],[80.44711,7.91665],[80.44706,7.9165],[80.44746,7.91647],[80.44747,7.91633],[80.44703,7.91632],[80.44697,7.91602],[80.44724,7.91578],[80.44699,7.91566],[80.44675,7.91542],[80.44681,7.91537],[80.44673,7.91523],[80.44692,7.91489],[80.44703,7.91486],[80.44701,7.91475],[80.44681,7.91464],[80.44683,7.91451],[80.44678,7.91447],[80.44667,7.91446],[80.44655,7.91471],[80.44633,7.91486],[80.44618,7.91517],[80.44629,7.91522],[80.44629,7.91533],[80.44622,7.9154],[80.44615,7.91532],[80.44611,7.91539],[80.44609,7.91554],[80.44614,7.9156],[80.44611,7.91565],[80.44599,7.91567],[80.44595,7.91573],[80.44587,7.91565],[80.44584,7.91582],[80.44593,7.91585],[80.44597,7.91599],[80.44592,7.91631],[80.44579,7.91639],[80.44573,7.91661]]]}},{"type":"Feature","properties":{"c":"meadow"},"geometry":{"type":"Polygon","coordinates":[[[80.4528,7.8228],[80.45406,7.82611],[80.46024,7.82344],[80.45731,7.82001],[80.4528,7.8228]]]}},{"type":"Feature","properties":{"c":"farmland"},"geometry":{"type":"Polygon","coordinates":[[[80.42626,7.85962],[80.42628,7.85996],[80.42637,7.86035],[80.42753,7.86059],[80.42838,7.86066],[80.42833,7.86021],[80.42774,7.85977],[80.42658,7.85951],[80.42626,7.85962]]]}},{"type":"Feature","properties":{"c":"orchard"},"geometry":{"type":"Polygon","coordinates":[[[80.46204,7.79948],[80.46216,7.79958],[80.46254,7.79935],[80.46269,7.7993],[80.46278,7.79933],[80.46291,7.7992],[80.46305,7.79916],[80.46312,7.79906],[80.46319,7.79904],[80.46322,7.79892],[80.46336,7.79906],[80.46344,7.799],[80.46342,7.79867],[80.46312,7.79836],[80.46303,7.79849],[80.46281,7.79858],[80.46273,7.79869],[80.46252,7.79868],[80.46232,7.79885],[80.46213,7.79887],[80.46219,7.799],[80.46211,7.79903],[80.4622,7.79913],[80.46225,7.79928],[80.46205,7.79935],[80.46204,7.79948]]]}},{"type":"Feature","properties":{"c":"orchard"},"geometry":{"type":"Polygon","coordinates":[[[80.46017,7.799],[80.46029,7.7992],[80.46031,7.79937],[80.46052,7.79945],[80.46204,7.79859],[80.46189,7.79855],[80.46174,7.7986],[80.46173,7.79852],[80.46163,7.79853],[80.46158,7.79846],[80.46187,7.7983],[80.46176,7.79816],[80.46143,7.79812],[80.4609,7.79843],[80.46097,7.79852],[80.46017,7.799]]]}},{"type":"Feature","properties":{"c":"orchard"},"geometry":{"type":"Polygon","coordinates":[[[80.46321,7.80459],[80.46381,7.80507],[80.46382,7.80385],[80.46321,7.80459]]]}},{"type":"Feature","properties":{"c":"orchard"},"geometry":{"type":"Polygon","coordinates":[[[80.45986,7.79822],[80.46035,7.79847],[80.46044,7.79845],[80.46064,7.79859],[80.46073,7.79844],[80.46128,7.79811],[80.4599,7.79811],[80.45986,7.79822]]]}},{"type":"Feature","properties":{"c":"orchard"},"geometry":{"type":"Polygon","coordinates":[[[80.45944,7.80053],[80.45985,7.80139],[80.46012,7.80133],[80.46035,7.80148],[80.46056,7.80124],[80.46027,7.80093],[80.46034,7.80086],[80.46036,7.80071],[80.46066,7.80068],[80.46088,7.80057],[80.46102,7.80042],[80.46126,7.8006],[80.46137,7.80048],[80.46146,7.80018],[80.46125,7.8],[80.46095,7.79998],[80.46083,7.79991],[80.46091,7.79975],[80.46078,7.79979],[80.46007,7.80038],[80.45976,7.80016],[80.45944,7.80053]]]}},{"type":"Feature","properties":{"c":"orchard"},"geometry":{"type":"Polygon","coordinates":[[[80.45858,7.80047],[80.45861,7.80057],[80.45905,7.80091],[80.45928,7.80058],[80.45899,7.80031],[80.45878,7.80046],[80.45858,7.80047]]]}},{"type":"Feature","properties":{"c":"orchard"},"geometry":{"type":"Polygon","coordinates":[[[80.46279,7.80262],[80.46363,7.80311],[80.46382,7.80269],[80.46347,7.8021],[80.46294,7.80191],[80.46279,7.80262]]]}},{"type":"Feature","properties":{"c":"orchard"},"geometry":{"type":"Polygon","coordinates":[[[80.46187,7.80091],[80.46194,7.80098],[80.46188,7.80106],[80.46196,7.8011],[80.46221,7.8007],[80.46225,7.80056],[80.46213,7.80051],[80.46206,7.80038],[80.46196,7.80047],[80.4619,7.80069],[80.46199,7.80078],[80.46187,7.80091]]]}},{"type":"Feature","properties":{"c":"orchard"},"geometry":{"type":"Polygon","coordinates":[[[80.46216,7.79973],[80.46238,7.79991],[80.46247,7.79986],[80.46246,7.79977],[80.4627,7.79974],[80.46279,7.79951],[80.46248,7.79944],[80.46233,7.79951],[80.46216,7.79973]]]}},{"type":"Feature","properties":{"c":"orchard"},"geometry":{"type":"Polygon","coordinates":[[[80.45767,7.79828],[80.45771,7.7986],[80.45784,7.79882],[80.45795,7.7989],[80.45832,7.79885],[80.45837,7.79881],[80.45836,7.79876],[80.45854,7.79865],[80.45852,7.79836],[80.45832,7.79829],[80.45818,7.79833],[80.45816,7.79811],[80.45768,7.7981],[80.45766,7.79819],[80.45777,7.79824],[80.45777,7.79835],[80.45767,7.79828]]]}},{"type":"Feature","properties":{"c":"orchard"},"geometry":{"type":"Polygon","coordinates":[[[80.45703,7.79871],[80.45724,7.79915],[80.45762,7.79905],[80.45772,7.79899],[80.45768,7.79892],[80.45777,7.79888],[80.45754,7.79845],[80.45738,7.7985],[80.45731,7.79864],[80.45724,7.79863],[80.45719,7.7987],[80.45703,7.79871]]]}},{"type":"Feature","properties":{"c":"farmyard"},"geometry":{"type":"Polygon","coordinates":[[[80.45778,7.79891],[80.45775,7.79896],[80.45779,7.79894],[80.45778,7.79891]]]}},{"type":"Feature","properties":{"c":"farmland"},"geometry":{"type":"Polygon","coordinates":[[[80.45819,7.79817],[80.45821,7.7983],[80.45825,7.7983],[80.45825,7.79817],[80.45819,7.79817]]]}},{"type":"Feature","properties":{"c":"farmland"},"geometry":{"type":"Polygon","coordinates":[[[80.45828,7.79818],[80.45828,7.79828],[80.45848,7.7983],[80.45847,7.79819],[80.45828,7.79818]]]}},{"type":"Feature","properties":{"c":"farmland"},"geometry":{"type":"Polygon","coordinates":[[[80.45819,7.79811],[80.4582,7.79815],[80.45831,7.79815],[80.45831,7.79811],[80.45819,7.79811]]]}},{"type":"Feature","properties":{"c":"farmland"},"geometry":{"type":"Polygon","coordinates":[[[80.45833,7.79815],[80.45839,7.79815],[80.45839,7.7981],[80.45833,7.79809],[80.45833,7.79815]]]}},{"type":"Feature","properties":{"c":"farmland"},"geometry":{"type":"Polygon","coordinates":[[[80.45841,7.79811],[80.45846,7.79816],[80.45858,7.79811],[80.45841,7.79811]]]}},{"type":"Feature","properties":{"c":"orchard"},"geometry":{"type":"Polygon","coordinates":[[[80.45968,7.79859],[80.45977,7.79878],[80.46,7.79889],[80.46042,7.79884],[80.46058,7.79873],[80.46055,7.79863],[80.46046,7.79867],[80.46043,7.79858],[80.46028,7.79846],[80.45996,7.79837],[80.45989,7.79828],[80.45977,7.79832],[80.45968,7.79859]]]}},{"type":"Feature","properties":{"c":"orchard"},"geometry":{"type":"Polygon","coordinates":[[[80.46122,7.79967],[80.46123,7.79986],[80.46143,7.8001],[80.46167,7.80022],[80.46173,7.80022],[80.46171,7.80009],[80.46187,7.80013],[80.46192,7.80022],[80.46199,7.80021],[80.46224,7.79995],[80.46205,7.79955],[80.46154,7.79955],[80.46122,7.79967]]]}},{"type":"Feature","properties":{"c":"orchard"},"geometry":{"type":"Polygon","coordinates":[[[80.46311,7.80081],[80.46335,7.80091],[80.46357,7.80076],[80.46358,7.80067],[80.4635,7.80066],[80.46353,7.80052],[80.46314,7.8005],[80.46311,7.80081]]]}},{"type":"Feature","properties":{"c":"orchard"},"geometry":{"type":"Polygon","coordinates":[[[80.46292,7.80133],[80.46304,7.80113],[80.46319,7.80102],[80.46326,7.80103],[80.46329,7.80093],[80.46303,7.80083],[80.46292,7.80133]]]}},{"type":"Feature","properties":{"c":"meadow"},"geometry":{"type":"Polygon","coordinates":[[[80.46297,7.80153],[80.46299,7.80161],[80.46314,7.80168],[80.4632,7.80155],[80.46327,7.80153],[80.46332,7.80132],[80.46321,7.80127],[80.46322,7.80119],[80.46344,7.80112],[80.46352,7.80102],[80.46346,7.80096],[80.46336,7.80094],[80.46311,7.80112],[80.46308,7.80124],[80.46315,7.80136],[80.46302,7.80142],[80.46297,7.80153]]]}},{"type":"Feature","properties":{"c":"orchard"},"geometry":{"type":"Polygon","coordinates":[[[80.46048,7.80109],[80.46059,7.80119],[80.46087,7.80091],[80.46117,7.80076],[80.46095,7.80061],[80.46078,7.80067],[80.46077,7.80072],[80.46057,7.80081],[80.46048,7.80109]]]}},{"type":"Feature","properties":{"c":"orchard"},"geometry":{"type":"Polygon","coordinates":[[[80.46107,7.8026],[80.46129,7.80274],[80.46143,7.80256],[80.46141,7.80246],[80.46127,7.80236],[80.46107,7.8026]]]}},{"type":"Feature","properties":{"c":"orchard"},"geometry":{"type":"Polygon","coordinates":[[[80.46105,7.79925],[80.46115,7.79944],[80.46136,7.79936],[80.46165,7.7992],[80.46206,7.79889],[80.46211,7.79877],[80.46196,7.7987],[80.46123,7.7991],[80.46105,7.79925]]]}},{"type":"Feature","properties":{"c":"orchard"},"geometry":{"type":"Polygon","coordinates":[[[80.46185,7.79816],[80.46205,7.79842],[80.46255,7.79813],[80.46185,7.79816]]]}},{"type":"Feature","properties":{"c":"farmland"},"geometry":{"type":"Polygon","coordinates":[[[80.45899,7.80299],[80.45941,7.80331],[80.45951,7.80331],[80.46011,7.80268],[80.4602,7.80254],[80.46011,7.80246],[80.46017,7.8024],[80.46004,7.80238],[80.46005,7.8023],[80.45994,7.80224],[80.45981,7.80232],[80.45976,7.80221],[80.4597,7.80218],[80.459,7.80291],[80.45899,7.80299]]]}},{"type":"Feature","properties":{"c":"farmland"},"geometry":{"type":"Polygon","coordinates":[[[80.45885,7.80231],[80.45885,7.80239],[80.45902,7.80267],[80.45923,7.80267],[80.45958,7.80226],[80.45943,7.80221],[80.45936,7.8021],[80.45921,7.80214],[80.459,7.80228],[80.45885,7.80231]]]}},{"type":"Feature","properties":{"c":"orchard"},"geometry":{"type":"Polygon","coordinates":[[[80.46071,7.80128],[80.46086,7.80143],[80.46072,7.80159],[80.46111,7.80187],[80.46134,7.80195],[80.46143,7.80191],[80.46149,7.80161],[80.46158,7.80163],[80.46173,7.80144],[80.46177,7.80123],[80.46165,7.80103],[80.46154,7.80101],[80.46148,7.80107],[80.46143,7.80105],[80.46139,7.80095],[80.4613,7.80103],[80.46131,7.80111],[80.46125,7.80103],[80.4611,7.801],[80.46109,7.80093],[80.46104,7.80091],[80.46074,7.80117],[80.46071,7.80128]]]}},{"type":"Feature","properties":{"c":"farmland"},"geometry":{"type":"Polygon","coordinates":[[[80.4613,7.80056],[80.46145,7.80077],[80.46156,7.80065],[80.4618,7.8006],[80.4619,7.8005],[80.46173,7.80037],[80.4613,7.80056]]]}},{"type":"Feature","properties":{"c":"farmland"},"geometry":{"type":"Polygon","coordinates":[[[80.46174,7.80036],[80.46186,7.80041],[80.46187,7.80034],[80.46176,7.80028],[80.46174,7.80036]]]}},{"type":"Feature","properties":{"c":"farmland"},"geometry":{"type":"Polygon","coordinates":[[[80.46187,7.80043],[80.46192,7.80048],[80.462,7.80042],[80.46197,7.80029],[80.46188,7.80032],[80.46187,7.80043]]]}},{"type":"Feature","properties":{"c":"farmland"},"geometry":{"type":"Polygon","coordinates":[[[80.46199,7.80029],[80.46201,7.80036],[80.46207,7.80035],[80.4621,7.80024],[80.46199,7.80029]]]}},{"type":"Feature","properties":{"c":"farmland"},"geometry":{"type":"Polygon","coordinates":[[[80.44718,7.90931],[80.44736,7.90932],[80.44739,7.90915],[80.44724,7.90913],[80.44718,7.90931]]]}},{"type":"Feature","properties":{"c":"farmland"},"geometry":{"type":"Polygon","coordinates":[[[80.44693,7.90908],[80.44709,7.90913],[80.44711,7.90906],[80.44695,7.90901],[80.44693,7.90908]]]}},{"type":"Feature","properties":{"c":"farmland"},"geometry":{"type":"Polygon","coordinates":[[[80.44722,7.90963],[80.44722,7.90974],[80.4474,7.90973],[80.44739,7.90964],[80.44722,7.90963]]]}},{"type":"Feature","properties":{"c":"farmland"},"geometry":{"type":"Polygon","coordinates":[[[80.46103,7.8036],[80.46105,7.80368],[80.46115,7.8037],[80.46121,7.80351],[80.46117,7.80347],[80.46103,7.8036]]]}},{"type":"Feature","properties":{"c":"farmland"},"geometry":{"type":"Polygon","coordinates":[[[80.46074,7.80372],[80.46081,7.80378],[80.46091,7.80369],[80.46083,7.80361],[80.46074,7.80372]]]}},{"type":"Feature","properties":{"c":"orchard"},"geometry":{"type":"Polygon","coordinates":[[[80.4601,7.80208],[80.46028,7.80221],[80.46061,7.80234],[80.46069,7.80229],[80.46071,7.80236],[80.46077,7.80237],[80.46085,7.80226],[80.46085,7.80209],[80.4607,7.80208],[80.46061,7.802],[80.46065,7.80187],[80.46052,7.80169],[80.46034,7.80175],[80.46016,7.80194],[80.4601,7.80208]]]}},{"type":"Feature","properties":{"c":"orchard"},"geometry":{"type":"Polygon","coordinates":[[[80.46277,7.79938],[80.46287,7.79977],[80.46298,7.79979],[80.46308,7.79974],[80.46313,7.7998],[80.46328,7.79984],[80.46355,7.79971],[80.46341,7.79919],[80.46329,7.79902],[80.46323,7.79905],[80.46325,7.7991],[80.46308,7.79916],[80.46303,7.79926],[80.46294,7.79926],[80.46277,7.79938]]]}},{"type":"Feature","properties":{"c":"farmland"},"geometry":{"type":"Polygon","coordinates":[[[80.46364,7.79948],[80.46367,7.79961],[80.4638,7.79958],[80.46377,7.79945],[80.46364,7.79948]]]}},{"type":"Feature","properties":{"c":"farmland"},"geometry":{"type":"Polygon","coordinates":[[[80.46352,7.79944],[80.46357,7.79964],[80.46363,7.79963],[80.4636,7.79941],[80.46352,7.79944]]]}},{"type":"Feature","properties":{"c":"farmland"},"geometry":{"type":"Polygon","coordinates":[[[80.46363,7.79945],[80.46383,7.79942],[80.46383,7.79938],[80.46371,7.79937],[80.46363,7.79945]]]}},{"type":"Feature","properties":{"c":"farmland"},"geometry":{"type":"Polygon","coordinates":[[[80.46346,7.79925],[80.46352,7.79941],[80.46359,7.79938],[80.4635,7.79923],[80.46346,7.79925]]]}},{"type":"Feature","properties":{"c":"farmland"},"geometry":{"type":"Polygon","coordinates":[[[80.46344,7.79906],[80.46351,7.79917],[80.46361,7.79916],[80.46352,7.79898],[80.46344,7.79906]]]}},{"type":"Feature","properties":{"c":"farmland"},"geometry":{"type":"Polygon","coordinates":[[[80.46351,7.79921],[80.46357,7.79933],[80.4637,7.79929],[80.4636,7.79918],[80.46351,7.79921]]]}},{"type":"Feature","properties":{"c":"farmland"},"geometry":{"type":"Polygon","coordinates":[[[80.46359,7.79935],[80.46362,7.79941],[80.46372,7.79934],[80.46371,7.79932],[80.46359,7.79935]]]}},{"type":"Feature","properties":{"c":"farmland"},"geometry":{"type":"Polygon","coordinates":[[[80.46336,7.79911],[80.46345,7.79923],[80.46348,7.79922],[80.46343,7.79906],[80.46336,7.79911]]]}},{"type":"Feature","properties":{"c":"farmland"},"geometry":{"type":"Polygon","coordinates":[[[80.46353,7.799],[80.46358,7.79908],[80.46366,7.79901],[80.4636,7.79895],[80.46353,7.799]]]}},{"type":"Feature","properties":{"c":"farmland"},"geometry":{"type":"Polygon","coordinates":[[[80.46348,7.79884],[80.46352,7.79894],[80.4636,7.79891],[80.46357,7.7988],[80.46348,7.79884]]]}},{"type":"Feature","properties":{"c":"farmland"},"geometry":{"type":"Polygon","coordinates":[[[80.46358,7.79879],[80.46362,7.79889],[80.46364,7.79889],[80.46367,7.79886],[80.46362,7.79878],[80.46358,7.79879]]]}},{"type":"Feature","properties":{"c":"farmland"},"geometry":{"type":"Polygon","coordinates":[[[80.46367,7.79884],[80.46373,7.79886],[80.46377,7.79883],[80.46369,7.79877],[80.46367,7.79884]]]}},{"type":"Feature","properties":{"c":"farmland"},"geometry":{"type":"Polygon","coordinates":[[[80.46344,7.79867],[80.46346,7.79879],[80.46357,7.79878],[80.46357,7.79863],[80.46344,7.79867]]]}},{"type":"Feature","properties":{"c":"farmland"},"geometry":{"type":"Polygon","coordinates":[[[80.46358,7.79863],[80.4636,7.79875],[80.46365,7.79877],[80.46366,7.79861],[80.46358,7.79863]]]}},{"type":"Feature","properties":{"c":"farmland"},"geometry":{"type":"Polygon","coordinates":[[[80.4634,7.79855],[80.46343,7.79865],[80.46355,7.79862],[80.46354,7.79854],[80.4634,7.79855]]]}},{"type":"Feature","properties":{"c":"farmland"},"geometry":{"type":"Polygon","coordinates":[[[80.46338,7.79844],[80.46339,7.79854],[80.46354,7.79852],[80.46353,7.79842],[80.46338,7.79844]]]}},{"type":"Feature","properties":{"c":"farmland"},"geometry":{"type":"Polygon","coordinates":[[[80.46354,7.79839],[80.46356,7.79853],[80.46363,7.79853],[80.46362,7.79837],[80.46354,7.79839]]]}},{"type":"Feature","properties":{"c":"farmland"},"geometry":{"type":"Polygon","coordinates":[[[80.46356,7.79855],[80.46357,7.79861],[80.46365,7.7986],[80.46362,7.79855],[80.46356,7.79855]]]}},{"type":"Feature","properties":{"c":"farmland"},"geometry":{"type":"Polygon","coordinates":[[[80.46337,7.79833],[80.46338,7.79842],[80.46348,7.79842],[80.46359,7.7983],[80.46337,7.79833]]]}},{"type":"Feature","properties":{"c":"orchard"},"geometry":{"type":"Polygon","coordinates":[[[80.46207,7.79864],[80.46217,7.79882],[80.46231,7.79881],[80.46243,7.79871],[80.46266,7.79862],[80.46267,7.79858],[80.46258,7.79842],[80.46246,7.79836],[80.46213,7.79853],[80.46207,7.79864]]]}},{"type":"Feature","properties":{"c":"farmland"},"geometry":{"type":"Polygon","coordinates":[[[80.46299,7.79813],[80.46305,7.79831],[80.46319,7.79831],[80.46357,7.79813],[80.46299,7.79813]]]}},{"type":"Feature","properties":{"c":"farmland"},"geometry":{"type":"Polygon","coordinates":[[[80.46364,7.79895],[80.46369,7.79902],[80.46382,7.799],[80.46384,7.79889],[80.46369,7.79889],[80.46364,7.79895]]]}},{"type":"Feature","properties":{"c":"orchard"},"geometry":{"type":"Polygon","coordinates":[[[80.46132,7.79943],[80.46189,7.79951],[80.46219,7.79927],[80.46216,7.79914],[80.46202,7.79897],[80.46171,7.79922],[80.46132,7.79943]]]}},{"type":"Feature","properties":{"c":"orchard"},"geometry":{"type":"Polygon","coordinates":[[[80.4603,7.79979],[80.46047,7.79993],[80.46085,7.79964],[80.46065,7.79951],[80.4603,7.79979]]]}},{"type":"Feature","properties":{"c":"orchard"},"geometry":{"type":"Polygon","coordinates":[[[80.45953,7.79976],[80.45977,7.7999],[80.46003,7.79971],[80.45975,7.79944],[80.45953,7.79976]]]}},{"type":"Feature","properties":{"c":"farmland"},"geometry":{"type":"Polygon","coordinates":[[[80.45854,7.79832],[80.45862,7.79837],[80.45882,7.79828],[80.45884,7.79822],[80.45876,7.79815],[80.45863,7.79813],[80.45854,7.7982],[80.45854,7.79832]]]}},{"type":"Feature","properties":{"c":"orchard"},"geometry":{"type":"Polygon","coordinates":[[[80.45878,7.79847],[80.4589,7.79867],[80.45958,7.79815],[80.45905,7.79818],[80.45878,7.79847]]]}},{"type":"Feature","properties":{"c":"orchard"},"geometry":{"type":"Polygon","coordinates":[[[80.45914,7.79866],[80.45928,7.79887],[80.45935,7.79931],[80.45962,7.79901],[80.45965,7.79892],[80.45961,7.79858],[80.4597,7.79827],[80.45914,7.79866]]]}},{"type":"Feature","properties":{"c":"forest"},"geometry":{"type":"Polygon","coordinates":[[[80.45994,7.7995],[80.4601,7.79976],[80.46033,7.79963],[80.46022,7.79936],[80.46007,7.79934],[80.45994,7.7995]]]}},{"type":"Feature","properties":{"c":"forest"},"geometry":{"type":"Polygon","coordinates":[[[80.45934,7.79937],[80.45937,7.80005],[80.45943,7.80002],[80.45951,7.79982],[80.45947,7.79938],[80.45959,7.7994],[80.45978,7.79926],[80.45985,7.7993],[80.45991,7.79924],[80.4602,7.79929],[80.46024,7.79924],[80.46016,7.79906],[80.46004,7.79899],[80.4598,7.79896],[80.45934,7.79937]]]}},{"type":"Feature","properties":{"c":"forest"},"geometry":{"type":"Polygon","coordinates":[[[80.4595,7.79944],[80.45952,7.79964],[80.45954,7.7997],[80.45966,7.79952],[80.45968,7.79942],[80.4595,7.79944]]]}},{"type":"Feature","properties":{"c":"farmland"},"geometry":{"type":"Polygon","coordinates":[[[80.44596,7.79887],[80.44638,7.79892],[80.44651,7.79885],[80.4467,7.79887],[80.44673,7.79868],[80.44614,7.79853],[80.446,7.79854],[80.44596,7.79887]]]}},{"type":"Feature","properties":{"c":"farmland"},"geometry":{"type":"Polygon","coordinates":[[[80.44201,7.80788],[80.44261,7.80807],[80.44265,7.80785],[80.44248,7.80781],[80.44253,7.80759],[80.44219,7.8075],[80.44201,7.80788]]]}},{"type":"Feature","properties":{"c":"farmland"},"geometry":{"type":"Polygon","coordinates":[[[80.44108,7.8076],[80.44136,7.80788],[80.44147,7.80791],[80.44154,7.80803],[80.44167,7.80808],[80.44191,7.80804],[80.44193,7.80798],[80.44183,7.80788],[80.44171,7.80798],[80.44167,7.80785],[80.44183,7.80787],[80.44188,7.80773],[80.44205,7.80773],[80.44217,7.80754],[80.44139,7.80733],[80.44137,7.80745],[80.44131,7.80747],[80.44136,7.8076],[80.4412,7.80751],[80.44108,7.8076]]]}},{"type":"Feature","properties":{"c":"farmland"},"geometry":{"type":"Polygon","coordinates":[[[80.44421,7.90664],[80.4446,7.90679],[80.44478,7.90636],[80.44438,7.9062],[80.44421,7.90664]]]}},{"type":"Feature","properties":{"c":"orchard"},"geometry":{"type":"Polygon","coordinates":[[[80.46318,7.80046],[80.46375,7.80046],[80.46372,7.79976],[80.46323,7.79989],[80.46318,7.80046]]]}},{"type":"Feature","properties":{"c":"orchard"},"geometry":{"type":"Polygon","coordinates":[[[80.46253,7.79833],[80.4626,7.79838],[80.46272,7.79861],[80.46282,7.79847],[80.46301,7.79845],[80.46295,7.79816],[80.46282,7.79831],[80.46267,7.79821],[80.46253,7.79833]]]}},{"type":"Feature","properties":{"c":"orchard"},"geometry":{"type":"Polygon","coordinates":[[[80.46328,7.80164],[80.46378,7.80179],[80.46381,7.80137],[80.4637,7.80125],[80.46347,7.80138],[80.46328,7.80164]]]}},{"type":"Feature","properties":{"c":"orchard"},"geometry":{"type":"Polygon","coordinates":[[[80.46335,7.80178],[80.46352,7.80207],[80.46378,7.80247],[80.46382,7.8019],[80.46366,7.8018],[80.46335,7.80178]]]}},{"type":"Feature","properties":{"c":"orchard"},"geometry":{"type":"Polygon","coordinates":[[[80.4617,7.80228],[80.46173,7.80249],[80.46183,7.80258],[80.4621,7.80254],[80.46243,7.8023],[80.46256,7.80214],[80.46263,7.80195],[80.46276,7.80182],[80.46276,7.80169],[80.46236,7.80155],[80.46221,7.80159],[80.46202,7.8018],[80.46188,7.80186],[80.46174,7.80206],[80.4617,7.80228]]]}},{"type":"Feature","properties":{"c":"farmland"},"geometry":{"type":"Polygon","coordinates":[[[80.4615,7.80182],[80.4617,7.80195],[80.46193,7.80167],[80.4617,7.80157],[80.4615,7.80182]]]}},{"type":"Feature","properties":{"c":"farmland"},"geometry":{"type":"Polygon","coordinates":[[[80.46179,7.80137],[80.46191,7.80152],[80.46199,7.80154],[80.46227,7.80134],[80.46203,7.80111],[80.46179,7.80137]]]}},{"type":"Feature","properties":{"c":"farmland"},"geometry":{"type":"Polygon","coordinates":[[[80.43628,7.86968],[80.43648,7.87034],[80.43672,7.87075],[80.43719,7.87062],[80.43733,7.87032],[80.43729,7.87022],[80.43736,7.87009],[80.4373,7.86976],[80.43711,7.86978],[80.43708,7.86956],[80.43734,7.86953],[80.4373,7.86939],[80.43719,7.8694],[80.43717,7.86923],[80.4368,7.86923],[80.43631,7.86943],[80.43628,7.86968]]]}},{"type":"Feature","properties":{"c":"farmland"},"geometry":{"type":"Polygon","coordinates":[[[80.43711,7.86559],[80.43728,7.86561],[80.43736,7.86577],[80.43753,7.8658],[80.4377,7.86605],[80.438,7.8661],[80.438,7.86622],[80.43837,7.86621],[80.43839,7.86582],[80.43827,7.86583],[80.43827,7.86558],[80.43818,7.86556],[80.43817,7.86542],[80.43833,7.8654],[80.43829,7.86513],[80.43773,7.86497],[80.43716,7.86502],[80.43711,7.86559]]]}},{"type":"Feature","properties":{"c":"farmland"},"geometry":{"type":"Polygon","coordinates":[[[80.43243,7.86396],[80.43263,7.86452],[80.43331,7.86431],[80.43325,7.86411],[80.43332,7.86409],[80.43331,7.86398],[80.43362,7.86414],[80.43408,7.86346],[80.4342,7.86352],[80.43415,7.86365],[80.43424,7.86369],[80.43416,7.86378],[80.4344,7.86385],[80.43413,7.86427],[80.43427,7.86431],[80.43428,7.86443],[80.43461,7.86451],[80.43472,7.86495],[80.43488,7.86501],[80.43509,7.86485],[80.43526,7.86496],[80.43554,7.86551],[80.43562,7.86558],[80.43572,7.86562],[80.43643,7.86556],[80.43648,7.86552],[80.43659,7.86556],[80.4369,7.86514],[80.43697,7.86452],[80.4363,7.86414],[80.43627,7.86389],[80.43601,7.86365],[80.43576,7.86355],[80.43544,7.86319],[80.43539,7.86206],[80.43512,7.86172],[80.43326,7.86115],[80.43317,7.86175],[80.43375,7.86219],[80.43372,7.86239],[80.43344,7.86243],[80.43341,7.86267],[80.43323,7.86261],[80.43329,7.86241],[80.43258,7.86204],[80.43246,7.86239],[80.4329,7.86305],[80.43316,7.8632],[80.43305,7.86355],[80.4325,7.86367],[80.4325,7.86388],[80.43243,7.86396]]]}},{"type":"Feature","properties":{"c":"farmland"},"geometry":{"type":"Polygon","coordinates":[[[80.42971,7.86463],[80.42977,7.86471],[80.42972,7.86482],[80.42976,7.86494],[80.42987,7.86493],[80.42993,7.86502],[80.43004,7.86502],[80.43018,7.86534],[80.4305,7.86523],[80.43201,7.86508],[80.43195,7.86491],[80.43183,7.86482],[80.43162,7.86485],[80.43161,7.86468],[80.43206,7.86461],[80.43199,7.8643],[80.43203,7.86426],[80.43188,7.864],[80.43181,7.86401],[80.43171,7.8639],[80.43161,7.8639],[80.43146,7.8634],[80.4313,7.86322],[80.43144,7.8629],[80.43129,7.86265],[80.4312,7.86262],[80.43118,7.8625],[80.43092,7.8625],[80.4307,7.86258],[80.43073,7.86271],[80.43048,7.86282],[80.43053,7.86298],[80.43026,7.86322],[80.4304,7.86354],[80.43015,7.86361],[80.4301,7.86351],[80.42983,7.86359],[80.42995,7.86375],[80.43,7.86402],[80.42998,7.86415],[80.42989,7.86422],[80.42989,7.86432],[80.42976,7.86443],[80.42971,7.86463]]]}},{"type":"Feature","properties":{"c":"farmland"},"geometry":{"type":"Polygon","coordinates":[[[80.43057,7.86667],[80.43071,7.86697],[80.43142,7.86708],[80.43141,7.86715],[80.43128,7.86714],[80.43125,7.86727],[80.43141,7.86729],[80.43134,7.86753],[80.43168,7.86766],[80.43194,7.86712],[80.43188,7.86705],[80.43156,7.86704],[80.43155,7.86687],[80.43146,7.86682],[80.43148,7.8667],[80.43141,7.86663],[80.43144,7.86646],[80.43157,7.86651],[80.4316,7.86648],[80.43171,7.8665],[80.43167,7.86661],[80.43198,7.86665],[80.43218,7.86588],[80.43228,7.86585],[80.43223,7.86545],[80.43206,7.86547],[80.43198,7.86537],[80.43185,7.8654],[80.43168,7.86581],[80.43152,7.86572],[80.43118,7.86578],[80.43109,7.86606],[80.4311,7.86622],[80.43086,7.86621],[80.43067,7.86631],[80.43058,7.86643],[80.43057,7.86667]]]}},{"type":"Feature","properties":{"c":"farmland"},"geometry":{"type":"Polygon","coordinates":[[[80.43175,7.86767],[80.43182,7.86784],[80.43191,7.86787],[80.43192,7.86797],[80.43184,7.86813],[80.43188,7.86823],[80.43205,7.86821],[80.43175,7.86856],[80.43265,7.86923],[80.43321,7.86939],[80.43321,7.86945],[80.43331,7.86945],[80.43335,7.86954],[80.43344,7.86959],[80.43344,7.86966],[80.43366,7.86976],[80.43375,7.86975],[80.43413,7.86996],[80.43425,7.86995],[80.43456,7.86935],[80.43473,7.86918],[80.43482,7.86887],[80.43302,7.86773],[80.43271,7.86746],[80.43259,7.8673],[80.43261,7.86722],[80.43255,7.86716],[80.43247,7.86719],[80.43213,7.86702],[80.43203,7.8671],[80.43175,7.86767]]]}},{"type":"Feature","properties":{"c":"farmland"},"geometry":{"type":"Polygon","coordinates":[[[80.42288,7.87119],[80.42308,7.87123],[80.42306,7.87136],[80.42317,7.87136],[80.42343,7.87052],[80.42328,7.8704],[80.4232,7.87038],[80.42319,7.87043],[80.42306,7.8704],[80.42288,7.87119]]]}},{"type":"Feature","properties":{"c":"farmland"},"geometry":{"type":"Polygon","coordinates":[[[80.42097,7.8726],[80.42142,7.87284],[80.42177,7.87188],[80.42127,7.87173],[80.42097,7.8726]]]}},{"type":"Feature","properties":{"c":"farmland"},"geometry":{"type":"Polygon","coordinates":[[[80.42,7.87524],[80.42005,7.87556],[80.4204,7.87555],[80.42043,7.87538],[80.42056,7.8754],[80.42055,7.87521],[80.42,7.87524]]]}},{"type":"Feature","properties":{"c":"farmland"},"geometry":{"type":"Polygon","coordinates":[[[80.42226,7.88069],[80.42236,7.88108],[80.42292,7.88117],[80.42278,7.88087],[80.42275,7.88059],[80.42226,7.88069]]]}},{"type":"Feature","properties":{"c":"farmland"},"geometry":{"type":"Polygon","coordinates":[[[80.42792,7.8821],[80.42838,7.88216],[80.42842,7.88205],[80.42838,7.882],[80.4286,7.8815],[80.42822,7.88134],[80.42815,7.88159],[80.42803,7.88168],[80.42792,7.8821]]]}},{"type":"Feature","properties":{"c":"farmland"},"geometry":{"type":"Polygon","coordinates":[[[80.4298,7.88586],[80.43056,7.88597],[80.43099,7.88615],[80.43103,7.88534],[80.43043,7.88527],[80.43047,7.88475],[80.42985,7.88463],[80.4298,7.88586]]]}},{"type":"Feature","properties":{"c":"farmland"},"geometry":{"type":"Polygon","coordinates":[[[80.43002,7.88382],[80.4301,7.88414],[80.4312,7.88425],[80.43116,7.88345],[80.43015,7.88336],[80.43002,7.88382]]]}},{"type":"Feature","properties":{"c":"farmland"},"geometry":{"type":"Polygon","coordinates":[[[80.42807,7.87858],[80.42811,7.87893],[80.42826,7.87893],[80.42828,7.87944],[80.42821,7.88004],[80.42869,7.88008],[80.42866,7.88026],[80.42922,7.88036],[80.42975,7.88078],[80.42997,7.88155],[80.43012,7.88235],[80.43033,7.8825],[80.4304,7.88311],[80.43054,7.88325],[80.43133,7.88322],[80.43096,7.88289],[80.43096,7.88204],[80.43103,7.88158],[80.43068,7.88089],[80.4308,7.8809],[80.43065,7.87991],[80.43098,7.87926],[80.43084,7.87923],[80.4308,7.87858],[80.43053,7.8785],[80.43034,7.87746],[80.43003,7.87749],[80.42996,7.87706],[80.42915,7.87711],[80.42912,7.87718],[80.42882,7.87721],[80.42882,7.87746],[80.4284,7.87742],[80.42837,7.87813],[80.42853,7.87813],[80.42857,7.87843],[80.42848,7.87857],[80.42807,7.87858]]]}},{"type":"Feature","properties":{"c":"farmland"},"geometry":{"type":"Polygon","coordinates":[[[80.43324,7.88448],[80.43403,7.88455],[80.43417,7.88438],[80.43435,7.88437],[80.43445,7.88471],[80.43509,7.88482],[80.43513,7.88471],[80.43512,7.88341],[80.4344,7.88342],[80.43411,7.88306],[80.43333,7.88308],[80.43324,7.88448]]]}},{"type":"Feature","properties":{"c":"farmland"},"geometry":{"type":"Polygon","coordinates":[[[80.4333,7.88545],[80.43519,7.88563],[80.43518,7.88549],[80.43513,7.88549],[80.43507,7.88529],[80.43495,7.88532],[80.43472,7.88503],[80.43399,7.88494],[80.43349,7.88507],[80.43332,7.88525],[80.4333,7.88545]]]}},{"type":"Feature","properties":{"c":"farmland"},"geometry":{"type":"Polygon","coordinates":[[[80.43374,7.88224],[80.43399,7.88233],[80.43408,7.88276],[80.43428,7.88278],[80.43441,7.88273],[80.43504,7.88285],[80.43545,7.88316],[80.43617,7.88251],[80.43611,7.88218],[80.43578,7.88197],[80.43553,7.88202],[80.43384,7.8816],[80.43374,7.88224]]]}},{"type":"Feature","properties":{"c":"farmland"},"geometry":{"type":"Polygon","coordinates":[[[80.43154,7.88044],[80.4316,7.88067],[80.43225,7.88066],[80.43223,7.88053],[80.43288,7.88057],[80.43281,7.8801],[80.43366,7.88008],[80.43366,7.87978],[80.43346,7.87972],[80.43367,7.87929],[80.43345,7.87907],[80.43334,7.87852],[80.43326,7.87852],[80.43302,7.87874],[80.43281,7.87875],[80.43254,7.87866],[80.43203,7.87871],[80.43202,7.87901],[80.43212,7.87925],[80.43216,7.87954],[80.43203,7.88001],[80.43194,7.88002],[80.43183,7.88026],[80.43154,7.88044]]]}},{"type":"Feature","properties":{"c":"farmland"},"geometry":{"type":"Polygon","coordinates":[[[80.42931,7.87642],[80.42945,7.8765],[80.42955,7.87663],[80.42958,7.877],[80.42992,7.877],[80.42999,7.87671],[80.43007,7.87655],[80.43026,7.87654],[80.4303,7.87627],[80.43016,7.87624],[80.43017,7.8761],[80.42961,7.87602],[80.42961,7.87607],[80.42944,7.87607],[80.42931,7.87642]]]}},{"type":"Feature","properties":{"c":"farmland"},"geometry":{"type":"Polygon","coordinates":[[[80.42308,7.87545],[80.42338,7.87672],[80.42356,7.8767],[80.42357,7.87677],[80.42345,7.87697],[80.42357,7.87744],[80.42366,7.87743],[80.42401,7.87716],[80.42415,7.8771],[80.42432,7.87711],[80.42449,7.87729],[80.42457,7.87749],[80.42481,7.87772],[80.42488,7.87785],[80.42492,7.87818],[80.42507,7.87845],[80.4256,7.87897],[80.42595,7.87886],[80.42631,7.8786],[80.42644,7.87863],[80.42648,7.87837],[80.42636,7.87837],[80.42634,7.87808],[80.42645,7.87807],[80.4264,7.87766],[80.42613,7.87767],[80.42613,7.87757],[80.42646,7.87754],[80.42648,7.87726],[80.42663,7.87712],[80.42624,7.87681],[80.42579,7.87703],[80.42472,7.87652],[80.42444,7.87658],[80.42428,7.87579],[80.42398,7.87582],[80.42389,7.87536],[80.42399,7.87533],[80.42403,7.875],[80.42393,7.87497],[80.42393,7.8749],[80.42406,7.87492],[80.4241,7.8747],[80.42477,7.87466],[80.42477,7.87428],[80.42457,7.87427],[80.42437,7.87416],[80.42439,7.87435],[80.42425,7.87441],[80.42419,7.87397],[80.42408,7.87392],[80.42389,7.8741],[80.4237,7.87438],[80.42325,7.87431],[80.42315,7.87526],[80.42308,7.87545]]]}},{"type":"Feature","properties":{"c":"farmland"},"geometry":{"type":"Polygon","coordinates":[[[80.4579,7.8129],[80.45807,7.81295],[80.45809,7.81291],[80.45822,7.81289],[80.45827,7.81263],[80.45819,7.81242],[80.45806,7.81249],[80.45791,7.81249],[80.4579,7.8129]]]}},{"type":"Feature","properties":{"c":"farmland"},"geometry":{"type":"Polygon","coordinates":[[[80.4576,7.8129],[80.45763,7.81299],[80.45787,7.81284],[80.45787,7.81238],[80.45779,7.81246],[80.4578,7.81266],[80.4576,7.8129]]]}},{"type":"Feature","properties":{"c":"farmland"},"geometry":{"type":"Polygon","coordinates":[[[80.45735,7.81417],[80.4574,7.81431],[80.45775,7.81439],[80.45788,7.81434],[80.45788,7.81413],[80.45741,7.81414],[80.45735,7.81417]]]}},{"type":"Feature","properties":{"c":"farmland"},"geometry":{"type":"Polygon","coordinates":[[[80.45683,7.81483],[80.45688,7.815],[80.45699,7.81502],[80.45695,7.81523],[80.4571,7.81525],[80.4573,7.81478],[80.45695,7.81472],[80.45683,7.81483]]]}},{"type":"Feature","properties":{"c":"forest"},"geometry":{"type":"Polygon","coordinates":[[[80.45298,7.80913],[80.45299,7.81611],[80.45319,7.81618],[80.45329,7.81596],[80.45353,7.81597],[80.45363,7.81575],[80.45397,7.81586],[80.45421,7.81574],[80.45445,7.81555],[80.45438,7.8152],[80.45485,7.81473],[80.45476,7.81443],[80.45507,7.8142],[80.45533,7.8142],[80.45551,7.81411],[80.45584,7.81415],[80.45584,7.81401],[80.45595,7.81391],[80.45604,7.81396],[80.45599,7.8142],[80.45632,7.81425],[80.45627,7.8144],[80.45643,7.81458],[80.45704,7.81325],[80.4573,7.81284],[80.45768,7.8118],[80.45794,7.81075],[80.45777,7.8104],[80.45758,7.81022],[80.45733,7.80942],[80.45708,7.80916],[80.45298,7.80913]]]}},{"type":"Feature","properties":{"c":"forest"},"geometry":{"type":"Polygon","coordinates":[[[80.45377,7.81843],[80.45417,7.81852],[80.45518,7.81855],[80.45544,7.81901],[80.45468,7.81897],[80.45457,7.81935],[80.45397,7.81971],[80.46364,7.81975],[80.46376,7.80915],[80.45921,7.80912],[80.45904,7.80932],[80.45923,7.80978],[80.45951,7.81012],[80.45968,7.8105],[80.45951,7.81132],[80.45913,7.81185],[80.45864,7.81201],[80.45873,7.81297],[80.45886,7.81315],[80.45864,7.81336],[80.45851,7.81363],[80.4584,7.81445],[80.45798,7.8148],[80.45753,7.81483],[80.45717,7.81535],[80.45678,7.81521],[80.4556,7.81582],[80.45439,7.81662],[80.45533,7.81732],[80.4538,7.81807],[80.45377,7.81843]]]}},{"type":"Feature","properties":{"c":"farmland"},"geometry":{"type":"Polygon","coordinates":[[[80.45796,7.81124],[80.45801,7.81134],[80.45831,7.81138],[80.45835,7.81097],[80.45822,7.81029],[80.45825,7.81022],[80.45816,7.81004],[80.45801,7.81009],[80.45806,7.81023],[80.45801,7.81032],[80.45801,7.81057],[80.4581,7.81089],[80.45805,7.81093],[80.45796,7.81124]]]}},{"type":"Feature","properties":{"c":"farmland"},"geometry":{"type":"Polygon","coordinates":[[[80.45132,7.83014],[80.45149,7.83026],[80.45148,7.82993],[80.45136,7.83],[80.45132,7.83014]]]}},{"type":"Feature","properties":{"c":"farmland"},"geometry":{"type":"Polygon","coordinates":[[[80.45108,7.83083],[80.45148,7.83086],[80.45151,7.83048],[80.45135,7.83049],[80.4513,7.83057],[80.45115,7.83046],[80.4511,7.83052],[80.45126,7.83064],[80.45108,7.83083]]]}},{"type":"Feature","properties":{"c":"farmland"},"geometry":{"type":"Polygon","coordinates":[[[80.45153,7.83029],[80.45167,7.83029],[80.45168,7.83034],[80.45182,7.83027],[80.4519,7.82994],[80.45187,7.82986],[80.45194,7.82967],[80.45189,7.82947],[80.45195,7.82923],[80.45193,7.82906],[80.45163,7.82912],[80.45157,7.82921],[80.45153,7.83029]]]}},{"type":"Feature","properties":{"c":"farmland"},"geometry":{"type":"Polygon","coordinates":[[[80.44251,7.81967],[80.4428,7.81995],[80.44285,7.82011],[80.44303,7.82022],[80.44362,7.82034],[80.44366,7.82046],[80.44393,7.82068],[80.44408,7.82072],[80.4441,7.82087],[80.44419,7.82093],[80.44439,7.82124],[80.44451,7.82126],[80.44436,7.82083],[80.44432,7.82057],[80.44397,7.82034],[80.44391,7.82018],[80.44363,7.82009],[80.44348,7.81993],[80.44254,7.8196],[80.44251,7.81967]]]}},{"type":"Feature","properties":{"c":"farmland"},"geometry":{"type":"Polygon","coordinates":[[[80.43877,7.8273],[80.43882,7.82746],[80.43908,7.82755],[80.43945,7.82754],[80.4396,7.82746],[80.43979,7.82722],[80.43996,7.82712],[80.44008,7.82719],[80.43994,7.82733],[80.43999,7.8275],[80.43987,7.82756],[80.43997,7.82796],[80.44032,7.82783],[80.44035,7.82764],[80.44057,7.82785],[80.4407,7.82761],[80.44106,7.82723],[80.44211,7.82692],[80.44214,7.82677],[80.44203,7.82669],[80.44206,7.82665],[80.44238,7.82673],[80.44259,7.82669],[80.44265,7.82653],[80.44228,7.8265],[80.44228,7.82637],[80.44241,7.82626],[80.44264,7.82631],[80.44282,7.826],[80.44305,7.82587],[80.44306,7.82568],[80.44329,7.82549],[80.44325,7.8254],[80.44337,7.82527],[80.44347,7.82531],[80.44367,7.82515],[80.44342,7.82505],[80.44305,7.82515],[80.44265,7.82534],[80.44249,7.82548],[80.44206,7.82571],[80.44152,7.82594],[80.44145,7.82584],[80.44104,7.82596],[80.44102,7.82618],[80.44088,7.82625],[80.44098,7.82644],[80.44066,7.82654],[80.4406,7.82636],[80.4404,7.82644],[80.44031,7.82632],[80.44009,7.82646],[80.44016,7.82663],[80.43988,7.82675],[80.43985,7.82688],[80.43956,7.827],[80.43927,7.827],[80.43893,7.82691],[80.43877,7.8273]]]}},{"type":"Feature","properties":{"c":"forest"},"geometry":{"type":"Polygon","coordinates":[[[80.44152,7.82594],[80.44249,7.82548],[80.44265,7.82534],[80.44305,7.82515],[80.44342,7.82505],[80.44367,7.82515],[80.44347,7.82531],[80.44337,7.82527],[80.44325,7.8254],[80.44329,7.82549],[80.44306,7.82568],[80.44305,7.82587],[80.44282,7.826],[80.44264,7.82631],[80.44241,7.82626],[80.44228,7.82637],[80.44228,7.8265],[80.44265,7.82653],[80.44259,7.82669],[80.44238,7.82673],[80.44206,7.82665],[80.44203,7.82669],[80.44214,7.82677],[80.44211,7.82692],[80.44184,7.827],[80.4417,7.83089],[80.44774,7.83092],[80.44776,7.83022],[80.44834,7.83023],[80.4483,7.83073],[80.44875,7.83075],[80.44878,7.83004],[80.44943,7.83001],[80.44935,7.83076],[80.45294,7.83093],[80.45311,7.82464],[80.45285,7.82385],[80.45196,7.82331],[80.45087,7.82297],[80.45033,7.82306],[80.45035,7.82289],[80.45069,7.82281],[80.45057,7.82225],[80.44915,7.82179],[80.44909,7.82161],[80.44869,7.82112],[80.44855,7.82129],[80.44831,7.8209],[80.44834,7.82067],[80.44802,7.82031],[80.44779,7.81986],[80.44176,7.81958],[80.44183,7.82443],[80.44152,7.82594]]]}},{"type":"Feature","properties":{"c":"orchard"},"geometry":{"type":"Polygon","coordinates":[[[80.45879,7.80149],[80.45969,7.80216],[80.45989,7.80198],[80.45985,7.80161],[80.45951,7.80094],[80.45937,7.80103],[80.45918,7.80086],[80.45879,7.80149]]]}},{"type":"Feature","properties":{"c":"forest"},"geometry":{"type":"Polygon","coordinates":[[[80.45836,7.80258],[80.45848,7.80272],[80.45896,7.80305],[80.45899,7.80289],[80.45911,7.8027],[80.459,7.80269],[80.45879,7.8023],[80.45862,7.80235],[80.45836,7.80258]]]}},{"type":"Feature","properties":{"c":"cemetery"},"geometry":{"type":"Polygon","coordinates":[[[80.37668,7.69233],[80.37669,7.69239],[80.37679,7.69239],[80.37679,7.69232],[80.37668,7.69233]]]}},{"type":"Feature","properties":{"c":"farmland"},"geometry":{"type":"Polygon","coordinates":[[[80.47323,7.82713],[80.47368,7.82731],[80.47407,7.82694],[80.47363,7.82674],[80.47323,7.82713]]]}},{"type":"Feature","properties":{"c":"farmland"},"geometry":{"type":"Polygon","coordinates":[[[80.41433,7.90006],[80.41585,7.90148],[80.41683,7.90198],[80.41853,7.90173],[80.4185,7.89943],[80.41587,7.8985],[80.41522,7.89865],[80.41433,7.90006]]]}},{"type":"Feature","properties":{"c":"residential"},"geometry":{"type":"Polygon","coordinates":[[[80.33991,7.71428],[80.33992,7.71439],[80.34021,7.71445],[80.34024,7.71428],[80.34019,7.71418],[80.34028,7.71417],[80.34038,7.71393],[80.34014,7.7139],[80.34013,7.71405],[80.34002,7.71403],[80.33991,7.71428]]]}},{"type":"Feature","properties":{"c":"farmland"},"geometry":{"type":"Polygon","coordinates":[[[80.42894,7.82525],[80.42895,7.82606],[80.43023,7.82592],[80.42986,7.82508],[80.42894,7.82525]]]}},{"type":"Feature","properties":{"c":"farmland"},"geometry":{"type":"Polygon","coordinates":[[[80.42981,7.8197],[80.43028,7.82064],[80.43123,7.81977],[80.43069,7.81908],[80.42981,7.8197]]]}},{"type":"Feature","properties":{"c":"forest"},"geometry":{"type":"Polygon","coordinates":[[[80.39731,7.87413],[80.3977,7.87488],[80.3985,7.87443],[80.39844,7.87513],[80.39902,7.87581],[80.40341,7.87733],[80.40378,7.87789],[80.40474,7.87862],[80.40536,7.8788],[80.40553,7.87955],[80.4072,7.88137],[80.4074,7.8823],[80.4092,7.88227],[80.4091,7.88175],[80.40956,7.88174],[80.40958,7.88119],[80.40881,7.88096],[80.40913,7.88054],[80.41035,7.88089],[80.41071,7.88173],[80.41046,7.8826],[80.40945,7.88287],[80.40941,7.88317],[80.41072,7.88386],[80.41101,7.88537],[80.41036,7.88565],[80.41069,7.88646],[80.41064,7.88778],[80.4103,7.88874],[80.41006,7.88886],[80.41025,7.89036],[80.40979,7.8914],[80.40936,7.89186],[80.40965,7.89346],[80.41177,7.89353],[80.41253,7.89272],[80.41161,7.89179],[80.41267,7.88872],[80.41462,7.88937],[80.41433,7.88623],[80.41285,7.88615],[80.41329,7.88523],[80.41232,7.8833],[80.41357,7.8815],[80.41299,7.88078],[80.4118,7.88106],[80.41168,7.88027],[80.41238,7.87929],[80.41153,7.87957],[80.41107,7.879],[80.40955,7.87858],[80.40953,7.87784],[80.41011,7.8776],[80.4101,7.87689],[80.40899,7.87655],[80.40777,7.87656],[80.40772,7.87727],[80.40649,7.87732],[80.40729,7.87872],[80.40646,7.87906],[80.40589,7.87861],[80.40502,7.87649],[80.40433,7.87591],[80.40451,7.87516],[80.40483,7.87426],[80.40369,7.87283],[80.40295,7.87374],[80.40082,7.87288],[80.40014,7.87329],[80.3997,7.87241],[80.39917,7.87238],[80.39881,7.87297],[80.39795,7.87319],[80.39731,7.87413]]]}},{"type":"Feature","properties":{"c":"forest"},"geometry":{"type":"Polygon","coordinates":[[[80.39626,7.87471],[80.39692,7.87571],[80.39793,7.87603],[80.39867,7.87687],[80.39689,7.87607],[80.39654,7.87687],[80.39707,7.87806],[80.39681,7.87988],[80.40041,7.8832],[80.4013,7.88259],[80.40153,7.88348],[80.40107,7.88376],[80.40202,7.88471],[80.40375,7.8848],[80.40373,7.88519],[80.40249,7.88522],[80.4034,7.8866],[80.40409,7.8864],[80.40492,7.88702],[80.40533,7.88798],[80.40533,7.8897],[80.40425,7.89036],[80.40471,7.89162],[80.40385,7.89241],[80.40501,7.89514],[80.40592,7.89494],[80.40552,7.89359],[80.40711,7.89223],[80.40704,7.89343],[80.40777,7.89462],[80.40837,7.89533],[80.40882,7.89529],[80.40919,7.89626],[80.409,7.89658],[80.40857,7.8963],[80.40853,7.89698],[80.40749,7.89587],[80.40593,7.8958],[80.40764,7.89774],[80.4097,7.89805],[80.40991,7.89714],[80.41032,7.89728],[80.41064,7.89697],[80.41155,7.8972],[80.41166,7.89699],[80.41092,7.89629],[80.41181,7.89541],[80.41196,7.89442],[80.4111,7.89403],[80.40941,7.89519],[80.40894,7.89388],[80.40918,7.89281],[80.40894,7.89173],[80.40916,7.89127],[80.40826,7.88967],[80.40896,7.88914],[80.4091,7.88863],[80.40989,7.88866],[80.40962,7.88592],[80.40984,7.88571],[80.40845,7.88508],[80.40934,7.88393],[80.40983,7.88366],[80.40865,7.88304],[80.4076,7.8834],[80.40738,7.88268],[80.40663,7.88258],[80.4047,7.88026],[80.40222,7.87866],[80.39994,7.87779],[80.39984,7.87721],[80.40095,7.87747],[80.40101,7.87709],[80.39933,7.87629],[80.39865,7.87632],[80.39709,7.87432],[80.39667,7.87423],[80.39626,7.87471]]]}},{"type":"Feature","properties":{"c":"farmland"},"geometry":{"type":"Polygon","coordinates":[[[80.40953,7.87784],[80.40991,7.87814],[80.41056,7.87781],[80.41011,7.8776],[80.40953,7.87784]]]}},{"type":"Feature","properties":{"c":"farmland"},"geometry":{"type":"Polygon","coordinates":[[[80.40553,7.87685],[80.40567,7.87706],[80.40581,7.87711],[80.40599,7.87743],[80.40631,7.87745],[80.40645,7.87737],[80.40628,7.87661],[80.40604,7.87667],[80.40578,7.87651],[80.40555,7.87666],[80.40553,7.87685]]]}},{"type":"Feature","properties":{"c":"farmland"},"geometry":{"type":"Polygon","coordinates":[[[80.40624,7.87769],[80.40629,7.87857],[80.40665,7.87898],[80.40729,7.87872],[80.4066,7.87752],[80.40624,7.87769]]]}},{"type":"Feature","properties":{"c":"farmland"},"geometry":{"type":"Polygon","coordinates":[[[80.40767,7.87574],[80.40781,7.8761],[80.40829,7.87635],[80.40859,7.87634],[80.40931,7.87647],[80.40977,7.87584],[80.40985,7.87551],[80.41018,7.87542],[80.41004,7.87495],[80.41022,7.87485],[80.41039,7.87452],[80.41018,7.87425],[80.40883,7.87326],[80.40864,7.87336],[80.40882,7.87413],[80.40925,7.87457],[80.4092,7.87476],[80.4096,7.87511],[80.40795,7.8758],[80.40776,7.87565],[80.40767,7.87574]]]}},{"type":"Feature","properties":{"c":"farmland"},"geometry":{"type":"Polygon","coordinates":[[[80.40306,7.87087],[80.40358,7.87153],[80.40436,7.87148],[80.40438,7.8717],[80.40383,7.87198],[80.4037,7.87234],[80.40401,7.87281],[80.40451,7.87328],[80.40474,7.87382],[80.40496,7.87383],[80.40527,7.87415],[80.4053,7.87436],[80.40576,7.87491],[80.40601,7.87507],[80.4061,7.87504],[80.40666,7.8754],[80.4071,7.87533],[80.40723,7.87476],[80.40796,7.87386],[80.40788,7.87355],[80.40833,7.87343],[80.40849,7.87311],[80.40808,7.87275],[80.40793,7.87174],[80.40691,7.87268],[80.40614,7.87198],[80.40582,7.87211],[80.40554,7.87173],[80.406,7.87167],[80.40604,7.87121],[80.40593,7.87105],[80.4051,7.87125],[80.4043,7.87134],[80.4037,7.87115],[80.40334,7.87061],[80.40306,7.87087]]]}},{"type":"Feature","properties":{"c":"forest"},"geometry":{"type":"Polygon","coordinates":[[[80.40612,7.87093],[80.40656,7.87157],[80.40761,7.87191],[80.40803,7.87166],[80.40841,7.87265],[80.40922,7.87346],[80.40991,7.87333],[80.41038,7.8738],[80.41034,7.87418],[80.41048,7.87448],[80.41101,7.87437],[80.41119,7.87493],[80.41138,7.87478],[80.41126,7.87416],[80.41201,7.87385],[80.4116,7.87319],[80.41073,7.87288],[80.4105,7.87256],[80.40953,7.87238],[80.40919,7.87194],[80.41007,7.87105],[80.41075,7.8715],[80.41109,7.87213],[80.4117,7.87154],[80.41067,7.87061],[80.4102,7.87073],[80.41033,7.87035],[80.41017,7.86926],[80.40983,7.86929],[80.40984,7.87009],[80.40912,7.86991],[80.40884,7.86925],[80.4084,7.86869],[80.40891,7.86849],[80.40869,7.86808],[80.40788,7.86837],[80.40766,7.86826],[80.40698,7.86885],[80.40668,7.86964],[80.40679,7.86991],[80.40649,7.8702],[80.40663,7.87065],[80.40737,7.8703],[80.40769,7.87068],[80.40819,7.87034],[80.40929,7.87045],[80.40945,7.87074],[80.40833,7.87074],[80.40772,7.87105],[80.40644,7.8708],[80.40612,7.87093]]]}},{"type":"Feature","properties":{"c":"farmland"},"geometry":{"type":"Polygon","coordinates":[[[80.40959,7.86804],[80.40989,7.86855],[80.40975,7.86917],[80.41031,7.86906],[80.41037,7.86922],[80.41039,7.87021],[80.41113,7.86987],[80.41168,7.87064],[80.412,7.87058],[80.41227,7.87077],[80.41256,7.8706],[80.41239,7.86984],[80.41256,7.86971],[80.41234,7.86937],[80.41135,7.86916],[80.41102,7.86852],[80.41131,7.86798],[80.41114,7.86777],[80.41138,7.86756],[80.4096,7.86773],[80.40959,7.86804]]]}},{"type":"Feature","properties":{"c":"farmland"},"geometry":{"type":"Polygon","coordinates":[[[80.45343,7.9422],[80.45345,7.94238],[80.45384,7.94246],[80.45386,7.94238],[80.45395,7.94236],[80.45399,7.9422],[80.45393,7.94206],[80.45387,7.94212],[80.45381,7.94207],[80.45364,7.94207],[80.45343,7.9422]]]}},{"type":"Feature","properties":{"c":"meadow"},"geometry":{"type":"Polygon","coordinates":[[[80.46057,7.94249],[80.46057,7.94269],[80.46065,7.94277],[80.46091,7.94267],[80.46074,7.94239],[80.46057,7.94249]]]}},{"type":"Feature","properties":{"c":"farmland"},"geometry":{"type":"Polygon","coordinates":[[[80.45086,7.94521],[80.45215,7.94851],[80.45467,7.94558],[80.45417,7.94529],[80.45337,7.94442],[80.45308,7.94527],[80.45284,7.94463],[80.45245,7.94498],[80.45206,7.94525],[80.45086,7.94521]]]}},{"type":"Feature","properties":{"c":"farmland"},"geometry":{"type":"Polygon","coordinates":[[[80.43982,7.94567],[80.44,7.94639],[80.44172,7.95148],[80.44778,7.952],[80.44841,7.95186],[80.45202,7.94863],[80.4505,7.94463],[80.44907,7.94365],[80.44731,7.94479],[80.44674,7.94454],[80.44644,7.94386],[80.44494,7.94412],[80.44188,7.94341],[80.44183,7.94405],[80.44079,7.94509],[80.43982,7.94567]]]}},{"type":"Feature","properties":{"c":"farmland"},"geometry":{"type":"Polygon","coordinates":[[[80.37549,7.69724],[80.37589,7.69739],[80.37602,7.69764],[80.37621,7.69769],[80.37632,7.69853],[80.37658,7.69857],[80.37752,7.69853],[80.37785,7.69842],[80.37762,7.69755],[80.37726,7.69688],[80.37696,7.69684],[80.3769,7.69699],[80.37643,7.69695],[80.3757,7.69655],[80.37549,7.69724]]]}},{"type":"Feature","properties":{"c":"farmland"},"geometry":{"type":"Polygon","coordinates":[[[80.37916,7.69679],[80.37918,7.69705],[80.37926,7.69725],[80.37945,7.69719],[80.37955,7.69709],[80.37958,7.69681],[80.37953,7.69677],[80.37916,7.69679]]]}},{"type":"Feature","properties":{"c":"farmland"},"geometry":{"type":"Polygon","coordinates":[[[80.37938,7.69522],[80.37944,7.69561],[80.37979,7.69554],[80.37969,7.69519],[80.37938,7.69522]]]}},{"type":"Feature","properties":{"c":"farmland"},"geometry":{"type":"Polygon","coordinates":[[[80.40904,7.81392],[80.40908,7.81408],[80.40975,7.81385],[80.40993,7.81369],[80.40984,7.8136],[80.40904,7.81392]]]}}]}