{"type":"FeatureCollection","features":[{"type":"Feature","properties":{"c":"farmland"},"geometry":{"type":"Polygon","coordinates":[[[80.16358,7.57713],[80.16362,7.57736],[80.16377,7.57734],[80.16395,7.57725],[80.16393,7.57714],[80.16401,7.57711],[80.164,7.57707],[80.16388,7.57706],[80.16358,7.57713]]]}},{"type":"Feature","properties":{"c":"farmland"},"geometry":{"type":"Polygon","coordinates":[[[80.16152,7.57781],[80.16162,7.57824],[80.16175,7.57823],[80.1619,7.57802],[80.16202,7.57803],[80.16196,7.57797],[80.16197,7.57788],[80.16183,7.57785],[80.1618,7.57775],[80.16152,7.57781]]]}},{"type":"Feature","properties":{"c":"farmland"},"geometry":{"type":"Polygon","coordinates":[[[80.16329,7.57893],[80.1633,7.57897],[80.16348,7.57898],[80.16346,7.57893],[80.16355,7.57901],[80.16379,7.57903],[80.16383,7.57882],[80.1637,7.57814],[80.16365,7.57808],[80.16351,7.57815],[80.16339,7.57837],[80.16337,7.57861],[80.16348,7.57873],[80.16347,7.5788],[80.16329,7.57893]]]}},{"type":"Feature","properties":{"c":"farmyard"},"geometry":{"type":"Polygon","coordinates":[[[80.19293,7.58991],[80.193,7.58992],[80.19301,7.58983],[80.19294,7.58983],[80.19293,7.58991]]]}},{"type":"Feature","properties":{"c":"farmland"},"geometry":{"type":"Polygon","coordinates":[[[80.19195,7.5893],[80.19204,7.58926],[80.19229,7.58934],[80.19244,7.58889],[80.19247,7.58851],[80.19196,7.5885],[80.19195,7.5893]]]}},{"type":"Feature","properties":{"c":"farmland"},"geometry":{"type":"Polygon","coordinates":[[[80.16929,7.58581],[80.16934,7.5866],[80.17014,7.58662],[80.17027,7.58583],[80.16929,7.58581]]]}},{"type":"Feature","properties":{"c":"farmland"},"geometry":{"type":"Polygon","coordinates":[[[80.17027,7.59115],[80.17139,7.59112],[80.17154,7.5907],[80.17205,7.59064],[80.17231,7.59047],[80.17213,7.58967],[80.1727,7.58893],[80.17268,7.58764],[80.17097,7.59024],[80.17101,7.59076],[80.17035,7.59085],[80.17027,7.59115]]]}},{"type":"Feature","properties":{"c":"farmland"},"geometry":{"type":"Polygon","coordinates":[[[80.1721,7.59086],[80.17215,7.59117],[80.1725,7.59119],[80.17262,7.59109],[80.17248,7.59063],[80.1721,7.59086]]]}},{"type":"Feature","properties":{"c":"farmland"},"geometry":{"type":"Polygon","coordinates":[[[80.1667,7.59089],[80.16671,7.59117],[80.16713,7.59118],[80.16742,7.59132],[80.16758,7.5912],[80.16751,7.59085],[80.16726,7.59058],[80.16696,7.59085],[80.1667,7.59089]]]}},{"type":"Feature","properties":{"c":"farmland"},"geometry":{"type":"Polygon","coordinates":[[[80.14528,7.58166],[80.1453,7.58478],[80.14577,7.58477],[80.14692,7.58386],[80.14723,7.58323],[80.15078,7.58091],[80.15048,7.58037],[80.14979,7.58035],[80.14789,7.5818],[80.14746,7.582],[80.14687,7.58198],[80.14683,7.5816],[80.1475,7.58037],[80.14627,7.58035],[80.14608,7.5816],[80.14528,7.58166]]]}},{"type":"Feature","properties":{"c":"forest"},"geometry":{"type":"Polygon","coordinates":[[[80.14527,7.58036],[80.14528,7.58166],[80.14608,7.5816],[80.14627,7.58035],[80.14527,7.58036]]]}},{"type":"Feature","properties":{"c":"forest"},"geometry":{"type":"Polygon","coordinates":[[[80.1453,7.58478],[80.14543,7.58579],[80.15072,7.58567],[80.15078,7.58091],[80.14723,7.58323],[80.14692,7.58386],[80.14577,7.58477],[80.1453,7.58478]]]}},{"type":"Feature","properties":{"c":"forest"},"geometry":{"type":"Polygon","coordinates":[[[80.14683,7.5816],[80.14687,7.58198],[80.14746,7.582],[80.14789,7.5818],[80.14979,7.58035],[80.1475,7.58037],[80.14683,7.5816]]]}},{"type":"Feature","properties":{"c":"farmland"},"geometry":{"type":"Polygon","coordinates":[[[80.17268,7.58764],[80.1727,7.58893],[80.17302,7.58837],[80.17341,7.58724],[80.17365,7.58613],[80.17287,7.58653],[80.17268,7.58764]]]}},{"type":"Feature","properties":{"c":"farmland"},"geometry":{"type":"Polygon","coordinates":[[[80.17287,7.58653],[80.17365,7.58613],[80.17349,7.58591],[80.17351,7.58578],[80.17304,7.58579],[80.17287,7.58653]]]}},{"type":"Feature","properties":{"c":"farmland"},"geometry":{"type":"Polygon","coordinates":[[[80.17436,7.58597],[80.17448,7.58603],[80.17445,7.5865],[80.17451,7.58657],[80.17455,7.58712],[80.17443,7.58742],[80.1745,7.58752],[80.17443,7.58812],[80.17475,7.58829],[80.17485,7.58816],[80.17513,7.58827],[80.17537,7.58811],[80.17559,7.58828],[80.17669,7.58829],[80.17655,7.58818],[80.17655,7.58788],[80.17644,7.58772],[80.17598,7.58743],[80.17581,7.58763],[80.17575,7.5876],[80.17577,7.58743],[80.1757,7.58731],[80.17559,7.58747],[80.1753,7.58733],[80.17548,7.58705],[80.17517,7.58701],[80.17522,7.58681],[80.17521,7.58654],[80.17499,7.58648],[80.17496,7.58625],[80.17515,7.58622],[80.1752,7.58598],[80.17535,7.58579],[80.17438,7.5858],[80.17436,7.58597]]]}},{"type":"Feature","properties":{"c":"farmland"},"geometry":{"type":"Polygon","coordinates":[[[80.17559,7.58828],[80.1759,7.58853],[80.17563,7.5889],[80.1758,7.5891],[80.17571,7.58924],[80.17612,7.58959],[80.17663,7.58982],[80.17681,7.58977],[80.17686,7.58966],[80.17709,7.58954],[80.17707,7.58943],[80.17692,7.58943],[80.17693,7.5892],[80.17639,7.58892],[80.17642,7.58878],[80.17665,7.58852],[80.17669,7.58829],[80.17559,7.58828]]]}},{"type":"Feature","properties":{"c":"farmland"},"geometry":{"type":"Polygon","coordinates":[[[80.17679,7.58913],[80.17693,7.5892],[80.17713,7.58917],[80.17724,7.58898],[80.17697,7.58876],[80.17679,7.58913]]]}},{"type":"Feature","properties":{"c":"farmland"},"geometry":{"type":"Polygon","coordinates":[[[80.17654,7.59076],[80.17756,7.59077],[80.17752,7.59067],[80.17762,7.59041],[80.17762,7.59012],[80.17709,7.58954],[80.17696,7.58961],[80.177,7.58979],[80.17657,7.59057],[80.17654,7.59076]]]}},{"type":"Feature","properties":{"c":"farmland"},"geometry":{"type":"Polygon","coordinates":[[[80.17643,7.59111],[80.17648,7.59116],[80.17646,7.59121],[80.17725,7.59122],[80.17733,7.59107],[80.17746,7.59103],[80.17761,7.59083],[80.17756,7.59077],[80.17654,7.59076],[80.17643,7.59111]]]}},{"type":"Feature","properties":{"c":"farmland"},"geometry":{"type":"Polygon","coordinates":[[[80.17776,7.59066],[80.17784,7.59066],[80.17786,7.59086],[80.17791,7.5909],[80.17791,7.59122],[80.17821,7.59122],[80.17822,7.59052],[80.17792,7.59051],[80.17794,7.59041],[80.17805,7.59041],[80.17804,7.5901],[80.17782,7.59004],[80.17777,7.59007],[80.17776,7.59066]]]}},{"type":"Feature","properties":{"c":"farmland"},"geometry":{"type":"Polygon","coordinates":[[[80.17643,7.58613],[80.17698,7.58634],[80.17689,7.58649],[80.17667,7.58639],[80.17658,7.58657],[80.17708,7.58679],[80.177,7.58718],[80.17763,7.5873],[80.17776,7.58707],[80.17822,7.58718],[80.17822,7.58707],[80.17785,7.58695],[80.17822,7.58647],[80.17821,7.58609],[80.17643,7.58609],[80.17643,7.58613]]]}},{"type":"Feature","properties":{"c":"farmland"},"geometry":{"type":"Polygon","coordinates":[[[80.1763,7.58608],[80.17821,7.58609],[80.17822,7.58578],[80.17639,7.58578],[80.1763,7.58608]]]}},{"type":"Feature","properties":{"c":"farmland"},"geometry":{"type":"Polygon","coordinates":[[[80.21667,7.60853],[80.2171,7.60841],[80.21709,7.60823],[80.21668,7.60825],[80.21667,7.60853]]]}},{"type":"Feature","properties":{"c":"farmland"},"geometry":{"type":"Polygon","coordinates":[[[80.21735,7.6086],[80.21749,7.6086],[80.2175,7.60852],[80.21765,7.60854],[80.21766,7.60834],[80.21778,7.6083],[80.21774,7.60821],[80.21751,7.60814],[80.21747,7.6083],[80.21757,7.60833],[80.21744,7.60848],[80.21736,7.60848],[80.21735,7.6086]]]}},{"type":"Feature","properties":{"c":"farmland"},"geometry":{"type":"Polygon","coordinates":[[[80.21668,7.61023],[80.21681,7.61023],[80.21681,7.61018],[80.21668,7.61006],[80.21668,7.61023]]]}},{"type":"Feature","properties":{"c":"farmland"},"geometry":{"type":"Polygon","coordinates":[[[80.21394,7.60261],[80.21409,7.60302],[80.21427,7.60332],[80.21438,7.60339],[80.21453,7.60329],[80.21479,7.60331],[80.21485,7.60322],[80.21522,7.60329],[80.21528,7.60314],[80.21492,7.60288],[80.21446,7.60268],[80.21424,7.6025],[80.21395,7.60212],[80.21394,7.60261]]]}},{"type":"Feature","properties":{"c":"farmland"},"geometry":{"type":"Polygon","coordinates":[[[80.15252,7.55665],[80.15313,7.55725],[80.15426,7.55677],[80.15556,7.55502],[80.15504,7.55487],[80.15465,7.5549],[80.15252,7.55665]]]}},{"type":"Feature","properties":{"c":"farmland"},"geometry":{"type":"Polygon","coordinates":[[[80.15441,7.55665],[80.15464,7.55689],[80.15507,7.55706],[80.1553,7.557],[80.15552,7.55707],[80.15582,7.55698],[80.15601,7.5579],[80.15624,7.55802],[80.15624,7.55532],[80.15558,7.55506],[80.15441,7.55665]]]}},{"type":"Feature","properties":{"c":"farmland"},"geometry":{"type":"Polygon","coordinates":[[[80.15599,7.55478],[80.15612,7.55503],[80.15623,7.55502],[80.15624,7.55456],[80.15607,7.5546],[80.15599,7.55478]]]}},{"type":"Feature","properties":{"c":"farmland"},"geometry":{"type":"Polygon","coordinates":[[[80.16356,7.56424],[80.16355,7.56521],[80.16362,7.56535],[80.16408,7.56537],[80.16409,7.56497],[80.16401,7.56462],[80.16387,7.56452],[80.16404,7.56409],[80.16404,7.564],[80.16372,7.56399],[80.16371,7.5641],[80.16356,7.56424]]]}},{"type":"Feature","properties":{"c":"farmland"},"geometry":{"type":"Polygon","coordinates":[[[80.16174,7.56927],[80.16206,7.56942],[80.16322,7.56944],[80.16306,7.5693],[80.16306,7.56917],[80.16267,7.56887],[80.16252,7.56859],[80.16219,7.56851],[80.16212,7.56884],[80.16203,7.5689],[80.16186,7.56887],[80.16175,7.56904],[80.16174,7.56927]]]}},{"type":"Feature","properties":{"c":"farmland"},"geometry":{"type":"Polygon","coordinates":[[[80.17822,7.57794],[80.17904,7.57789],[80.17923,7.57771],[80.17963,7.57769],[80.17976,7.57772],[80.17975,7.57799],[80.1798,7.57801],[80.17999,7.57797],[80.18125,7.57817],[80.1817,7.57853],[80.18185,7.57891],[80.1818,7.5793],[80.18256,7.57961],[80.18286,7.57961],[80.18359,7.57999],[80.18369,7.57977],[80.18371,7.57662],[80.18347,7.57673],[80.18345,7.57683],[80.18329,7.57682],[80.18329,7.57673],[80.18211,7.57678],[80.18195,7.5766],[80.18197,7.57633],[80.18132,7.57573],[80.17955,7.57539],[80.17936,7.57546],[80.1791,7.57542],[80.17907,7.57533],[80.17923,7.57506],[80.17867,7.5749],[80.17823,7.57492],[80.17822,7.57794]]]}},{"type":"Feature","properties":{"c":"forest"},"geometry":{"type":"Polygon","coordinates":[[[80.0855,7.55364],[80.08595,7.55423],[80.08671,7.5545],[80.08733,7.55452],[80.08732,7.55481],[80.08764,7.55483],[80.08769,7.55448],[80.08844,7.55454],[80.08914,7.55436],[80.08937,7.55406],[80.08996,7.55501],[80.09088,7.55528],[80.09092,7.55558],[80.09206,7.55543],[80.09425,7.55334],[80.09125,7.55245],[80.09096,7.55217],[80.08977,7.55173],[80.08881,7.55253],[80.0883,7.55231],[80.08707,7.55281],[80.08722,7.55337],[80.08682,7.55318],[80.0855,7.55364]]]}},{"type":"Feature","properties":{"c":"farmland","n":"Irrigable Area Multiiple Anicuts"},"geometry":{"type":"Polygon","coordinates":[[[80.08604,7.53455],[80.08605,7.53519],[80.08619,7.53572],[80.08608,7.53655],[80.08622,7.5372],[80.08674,7.53742],[80.08711,7.53704],[80.08731,7.53664],[80.08749,7.53658],[80.08781,7.53668],[80.08814,7.53653],[80.0884,7.53688],[80.0883,7.53714],[80.08803,7.53722],[80.08783,7.53738],[80.08755,7.53737],[80.08721,7.53758],[80.08726,7.53812],[80.08763,7.53806],[80.08751,7.53827],[80.08751,7.53867],[80.08776,7.5389],[80.08807,7.53874],[80.08869,7.53871],[80.089,7.53934],[80.08956,7.5395],[80.08974,7.53991],[80.09035,7.53983],[80.09101,7.53985],[80.09115,7.53946],[80.09121,7.53948],[80.09122,7.53978],[80.09236,7.53993],[80.09242,7.53963],[80.09235,7.53957],[80.09226,7.53925],[80.09221,7.53864],[80.09285,7.53827],[80.09303,7.53825],[80.09318,7.53836],[80.09336,7.53821],[80.09337,7.53811],[80.09349,7.53808],[80.09356,7.53814],[80.09367,7.53808],[80.09373,7.53799],[80.09372,7.5378],[80.09419,7.5378],[80.09465,7.53813],[80.09496,7.53823],[80.09535,7.53829],[80.0963,7.53823],[80.09705,7.53847],[80.09793,7.53855],[80.09816,7.53762],[80.09904,7.53745],[80.09966,7.53719],[80.09962,7.53649],[80.10044,7.53574],[80.10093,7.536],[80.10168,7.53547],[80.10252,7.53566],[80.10284,7.53534],[80.10267,7.53487],[80.10228,7.53449],[80.10207,7.53372],[80.10256,7.53332],[80.1022,7.53308],[80.10168,7.53366],[80.10106,7.53355],[80.10089,7.533],[80.10044,7.53355],[80.0993,7.53398],[80.09907,7.53296],[80.0987,7.53336],[80.09791,7.53379],[80.09752,7.53459],[80.09637,7.53522],[80.09603,7.53525],[80.09569,7.53543],[80.09546,7.53572],[80.09503,7.53574],[80.0946,7.53556],[80.09345,7.53588],[80.09271,7.53617],[80.09275,7.53678],[80.09291,7.53721],[80.09277,7.53812],[80.09244,7.53819],[80.0923,7.53851],[80.09185,7.53874],[80.09131,7.53878],[80.09124,7.53895],[80.09125,7.53914],[80.09118,7.53923],[80.0911,7.5392],[80.09112,7.53905],[80.09115,7.53884],[80.09127,7.53867],[80.09166,7.53841],[80.09233,7.53815],[80.09248,7.53797],[80.0923,7.53772],[80.09212,7.53773],[80.09212,7.53756],[80.09236,7.53739],[80.09233,7.53734],[80.09219,7.53732],[80.09224,7.53725],[80.09233,7.53723],[80.09265,7.53736],[80.09275,7.53718],[80.09267,7.53682],[80.09256,7.53677],[80.09251,7.53646],[80.09233,7.5361],[80.09147,7.53553],[80.09061,7.53528],[80.09042,7.53447],[80.09004,7.53473],[80.08965,7.53448],[80.08968,7.53405],[80.08942,7.53371],[80.08894,7.53384],[80.0876,7.53321],[80.08735,7.53364],[80.0873,7.53402],[80.08703,7.53392],[80.08683,7.53379],[80.08656,7.53421],[80.08624,7.53432],[80.08604,7.53455]]]}},{"type":"Feature","properties":{"c":"farmland"},"geometry":{"type":"Polygon","coordinates":[[[80.09207,7.55294],[80.09259,7.55305],[80.09286,7.55225],[80.09281,7.55211],[80.0929,7.55168],[80.09219,7.5513],[80.09207,7.55294]]]}},{"type":"Feature","properties":{"c":"farmland"},"geometry":{"type":"Polygon","coordinates":[[[80.09036,7.55128],[80.09037,7.55186],[80.09103,7.55216],[80.09122,7.55238],[80.09124,7.55177],[80.09197,7.55183],[80.09205,7.55172],[80.09209,7.55129],[80.09177,7.55123],[80.0917,7.55116],[80.09173,7.55105],[80.09181,7.55099],[80.0921,7.55086],[80.09206,7.5508],[80.09215,7.55065],[80.09205,7.55027],[80.09225,7.55018],[80.09221,7.55009],[80.09145,7.55024],[80.09151,7.55059],[80.09144,7.55075],[80.09123,7.5511],[80.09095,7.55121],[80.09092,7.55149],[80.09087,7.55146],[80.09087,7.55136],[80.09053,7.55128],[80.09036,7.55128]]]}},{"type":"Feature","properties":{"c":"farmland"},"geometry":{"type":"Polygon","coordinates":[[[80.07703,7.5311],[80.07708,7.53128],[80.0772,7.53136],[80.07744,7.53143],[80.07773,7.53141],[80.07781,7.53098],[80.07803,7.53072],[80.07812,7.53078],[80.07843,7.5306],[80.07879,7.5305],[80.07985,7.52984],[80.08104,7.52873],[80.08117,7.52874],[80.08136,7.52869],[80.08141,7.52862],[80.08133,7.52854],[80.08161,7.52843],[80.08168,7.52861],[80.08276,7.52793],[80.08315,7.52759],[80.08318,7.52738],[80.0831,7.52689],[80.08322,7.5268],[80.08325,7.52665],[80.08322,7.52639],[80.08314,7.52619],[80.08294,7.52594],[80.08294,7.52554],[80.08219,7.5257],[80.08176,7.52571],[80.08135,7.52549],[80.08123,7.52522],[80.08105,7.525],[80.08112,7.52474],[80.08085,7.52476],[80.08096,7.52498],[80.08047,7.52521],[80.08018,7.52521],[80.0802,7.52497],[80.08006,7.5249],[80.07983,7.52517],[80.07993,7.5252],[80.08001,7.52515],[80.08009,7.52531],[80.07992,7.52557],[80.07996,7.52569],[80.08042,7.52587],[80.08027,7.52596],[80.08012,7.52616],[80.08026,7.52629],[80.08024,7.52687],[80.0795,7.52692],[80.07948,7.52686],[80.07935,7.5269],[80.07922,7.5268],[80.07894,7.52686],[80.07846,7.52669],[80.07806,7.52678],[80.07783,7.52671],[80.07755,7.52675],[80.07747,7.52721],[80.07753,7.52738],[80.07784,7.52749],[80.07811,7.52747],[80.07855,7.52723],[80.07863,7.52732],[80.07862,7.52799],[80.07827,7.52805],[80.07817,7.52816],[80.07832,7.52864],[80.07843,7.52883],[80.07848,7.52902],[80.07846,7.52915],[80.07802,7.52929],[80.07719,7.5298],[80.07736,7.53006],[80.07745,7.5303],[80.07786,7.53061],[80.07765,7.53082],[80.0773,7.53099],[80.07722,7.53095],[80.07707,7.53075],[80.07703,7.5311]]]}},{"type":"Feature","properties":{"c":"farmland"},"geometry":{"type":"Polygon","coordinates":[[[80.07938,7.52411],[80.07949,7.52448],[80.07945,7.52464],[80.07948,7.5247],[80.07969,7.52474],[80.07975,7.52488],[80.07986,7.52488],[80.08026,7.52422],[80.08015,7.52427],[80.07994,7.52427],[80.0798,7.52413],[80.07978,7.52392],[80.07967,7.5238],[80.07956,7.5238],[80.0794,7.52387],[80.07938,7.52411]]]}},{"type":"Feature","properties":{"c":"farmland"},"geometry":{"type":"Polygon","coordinates":[[[80.07935,7.52224],[80.07937,7.52377],[80.07989,7.52368],[80.0802,7.52377],[80.0805,7.52419],[80.08078,7.52421],[80.08111,7.52418],[80.08154,7.52377],[80.08183,7.52364],[80.08198,7.52372],[80.08217,7.52367],[80.08229,7.52352],[80.08254,7.52339],[80.08291,7.52335],[80.08354,7.52276],[80.08391,7.52265],[80.08481,7.52225],[80.08482,7.52155],[80.08425,7.52088],[80.08427,7.52055],[80.08421,7.52045],[80.08424,7.52029],[80.08451,7.52018],[80.0847,7.5202],[80.08487,7.52011],[80.08468,7.51958],[80.08459,7.5196],[80.08444,7.51929],[80.08449,7.51888],[80.08408,7.51852],[80.08391,7.51875],[80.08409,7.51888],[80.08413,7.5191],[80.08387,7.51932],[80.08377,7.51954],[80.08378,7.51969],[80.08399,7.51976],[80.08393,7.51988],[80.08381,7.51988],[80.08312,7.5202],[80.08308,7.52061],[80.08296,7.52045],[80.08268,7.52067],[80.08225,7.52079],[80.0821,7.52095],[80.08211,7.52127],[80.08158,7.52167],[80.08037,7.52239],[80.08024,7.52223],[80.07978,7.52209],[80.07935,7.52224]]]}},{"type":"Feature","properties":{"c":"farmland"},"geometry":{"type":"Polygon","coordinates":[[[80.07661,7.52301],[80.07677,7.52306],[80.07686,7.52315],[80.07713,7.52314],[80.07727,7.52303],[80.07714,7.52277],[80.07706,7.52272],[80.07694,7.52275],[80.07685,7.52268],[80.07662,7.52267],[80.07661,7.52301]]]}},{"type":"Feature","properties":{"c":"farmland"},"geometry":{"type":"Polygon","coordinates":[[[80.07869,7.52312],[80.0792,7.52314],[80.07936,7.52282],[80.07935,7.52224],[80.07926,7.52221],[80.07918,7.52235],[80.07889,7.52253],[80.07888,7.5228],[80.07869,7.52312]]]}},{"type":"Feature","properties":{"c":"farmland","n":"Irrigable Area Multiiple Anicuts and Tanks"},"geometry":{"type":"Polygon","coordinates":[[[80.08636,7.53292],[80.08636,7.53331],[80.08703,7.53319],[80.08713,7.53305],[80.08738,7.5329],[80.08757,7.53288],[80.08881,7.53352],[80.08893,7.53304],[80.08883,7.5327],[80.08903,7.53231],[80.08907,7.53211],[80.08898,7.53195],[80.08859,7.53178],[80.08868,7.53165],[80.0882,7.53174],[80.08786,7.53167],[80.08797,7.53142],[80.08786,7.53127],[80.08733,7.53119],[80.08683,7.53104],[80.08671,7.53148],[80.08696,7.53165],[80.08698,7.53175],[80.08671,7.53195],[80.08661,7.53207],[80.08636,7.53292]]]}},{"type":"Feature","properties":{"c":"farmland","n":"Irrigable Area Multiiple Anicuts"},"geometry":{"type":"Polygon","coordinates":[[[80.08869,7.52026],[80.08884,7.52028],[80.08886,7.52035],[80.08919,7.52031],[80.08945,7.52045],[80.08974,7.52078],[80.09009,7.52069],[80.0897,7.52016],[80.0893,7.52001],[80.08905,7.51978],[80.08871,7.52],[80.08869,7.52026]]]}},{"type":"Feature","properties":{"c":"farmland","n":"Irrigable Area Multiiple Anicuts"},"geometry":{"type":"Polygon","coordinates":[[[80.08508,7.52255],[80.08518,7.52281],[80.08525,7.52289],[80.08567,7.52276],[80.08612,7.52277],[80.08641,7.52299],[80.08659,7.52307],[80.08674,7.52322],[80.08679,7.5235],[80.08689,7.5236],[80.08722,7.52373],[80.08737,7.5239],[80.08735,7.52405],[80.08744,7.52411],[80.08801,7.52416],[80.08833,7.52404],[80.08868,7.52398],[80.08897,7.52385],[80.0889,7.52373],[80.08853,7.52367],[80.08842,7.52359],[80.08841,7.52346],[80.08854,7.52331],[80.08908,7.52296],[80.08887,7.52281],[80.08883,7.52264],[80.08858,7.52295],[80.088,7.52313],[80.0879,7.52258],[80.08791,7.52224],[80.08833,7.52205],[80.08865,7.52178],[80.08886,7.52176],[80.08904,7.52125],[80.0892,7.52125],[80.0893,7.52118],[80.08941,7.52123],[80.08945,7.52131],[80.08955,7.52131],[80.08962,7.52113],[80.0893,7.52107],[80.08922,7.52075],[80.08915,7.52069],[80.08889,7.52066],[80.08874,7.5207],[80.0886,7.52082],[80.08854,7.52104],[80.0881,7.52114],[80.08809,7.52187],[80.08765,7.52238],[80.08742,7.52244],[80.08739,7.52255],[80.08729,7.52255],[80.08717,7.52231],[80.08703,7.52221],[80.08689,7.52222],[80.08675,7.52218],[80.08662,7.52206],[80.08604,7.52196],[80.08588,7.52186],[80.08575,7.52166],[80.08565,7.52167],[80.08515,7.52223],[80.08509,7.52238],[80.08508,7.52255]]]}},{"type":"Feature","properties":{"c":"farmland","n":"Irrigable Area Multiiple Anicuts and Tanks"},"geometry":{"type":"Polygon","coordinates":[[[80.08468,7.51897],[80.08476,7.51905],[80.08477,7.51925],[80.08469,7.51938],[80.08468,7.51958],[80.08487,7.52011],[80.08567,7.51997],[80.08628,7.51976],[80.08647,7.51941],[80.08657,7.51875],[80.08752,7.51809],[80.08799,7.5181],[80.08835,7.51794],[80.08811,7.51755],[80.08778,7.51777],[80.08753,7.51747],[80.08736,7.51767],[80.08667,7.51809],[80.08633,7.51813],[80.08608,7.51825],[80.08554,7.51931],[80.08541,7.51948],[80.08512,7.51961],[80.0851,7.51918],[80.08549,7.51858],[80.08557,7.51807],[80.08598,7.518],[80.086,7.51786],[80.08547,7.5178],[80.0853,7.5172],[80.0852,7.51702],[80.08475,7.51734],[80.08482,7.5177],[80.08476,7.51812],[80.08469,7.51829],[80.08476,7.51863],[80.08468,7.51897]]]}},{"type":"Feature","properties":{"c":"farmland","n":"Irrigable Area Anicut Scheme"},"geometry":{"type":"Polygon","coordinates":[[[80.14486,7.51317],[80.14505,7.51398],[80.14494,7.51496],[80.14511,7.51587],[80.14546,7.51694],[80.14567,7.51734],[80.14674,7.51836],[80.14707,7.51892],[80.1476,7.52015],[80.14724,7.52092],[80.14709,7.522],[80.14752,7.52236],[80.14707,7.52281],[80.14724,7.52298],[80.14741,7.52358],[80.1482,7.52317],[80.14887,7.52275],[80.14958,7.52213],[80.14992,7.522],[80.15052,7.52243],[80.15114,7.52185],[80.15082,7.52138],[80.15146,7.52068],[80.15198,7.5203],[80.15239,7.51983],[80.15277,7.51919],[80.15331,7.51792],[80.15359,7.51738],[80.15425,7.51677],[80.15404,7.51504],[80.15402,7.51424],[80.1541,7.51332],[80.15329,7.51307],[80.15318,7.51426],[80.1532,7.51502],[80.15297,7.51679],[80.15267,7.51717],[80.15157,7.51787],[80.15106,7.51832],[80.15059,7.51853],[80.14986,7.51911],[80.14936,7.51919],[80.14906,7.51936],[80.14923,7.52026],[80.14842,7.52092],[80.14874,7.52147],[80.1481,7.52194],[80.14786,7.52143],[80.14801,7.52087],[80.14812,7.51987],[80.14825,7.51928],[80.1473,7.51787],[80.14634,7.51707],[80.14574,7.51626],[80.14541,7.51502],[80.14511,7.51315],[80.14513,7.51243],[80.14537,7.51175],[80.14567,7.51109],[80.14586,7.51081],[80.14516,7.51081],[80.14496,7.51181],[80.14486,7.51317]]]}},{"type":"Feature","properties":{"c":"farmland","n":"Irrigable Area"},"geometry":{"type":"Polygon","coordinates":[[[80.14756,7.53079],[80.14756,7.53132],[80.14786,7.53202],[80.14855,7.53262],[80.14878,7.53304],[80.15039,7.53379],[80.15063,7.53415],[80.15067,7.53466],[80.15056,7.53564],[80.15076,7.53602],[80.152,7.53596],[80.15252,7.53564],[80.15273,7.53508],[80.15327,7.53259],[80.1532,7.53213],[80.15297,7.53181],[80.15237,7.53206],[80.14992,7.53127],[80.14935,7.53055],[80.14915,7.5304],[80.14881,7.53036],[80.14851,7.53046],[80.14821,7.53033],[80.14776,7.53049],[80.14756,7.53079]]]}},{"type":"Feature","properties":{"c":"farmland","n":"Irrigable Area Multiiple Anicuts"},"geometry":{"type":"Polygon","coordinates":[[[80.13359,7.53342],[80.13458,7.53398],[80.13496,7.534],[80.13533,7.53432],[80.13563,7.53519],[80.13608,7.5353],[80.13685,7.53472],[80.13705,7.53385],[80.13754,7.53315],[80.13827,7.53238],[80.13868,7.53172],[80.13915,7.5314],[80.13945,7.53051],[80.14048,7.53079],[80.14095,7.53104],[80.14172,7.53132],[80.14247,7.5314],[80.14325,7.5313],[80.14384,7.53064],[80.14362,7.53048],[80.14359,7.52993],[80.14453,7.52984],[80.14464,7.53007],[80.14494,7.5301],[80.14517,7.52983],[80.14541,7.52912],[80.14596,7.52911],[80.14621,7.52934],[80.14643,7.52937],[80.14668,7.5291],[80.14688,7.52906],[80.14723,7.52929],[80.1474,7.52969],[80.14765,7.52969],[80.14784,7.52963],[80.14858,7.52882],[80.14817,7.52877],[80.14582,7.52813],[80.14541,7.52793],[80.14523,7.52755],[80.14522,7.52702],[80.14581,7.52482],[80.14581,7.52463],[80.14625,7.52453],[80.14651,7.52442],[80.14674,7.52417],[80.1466,7.52398],[80.1465,7.52368],[80.14653,7.52337],[80.14639,7.52295],[80.14644,7.52268],[80.14614,7.52259],[80.14578,7.5226],[80.14467,7.52306],[80.14401,7.52322],[80.14443,7.52411],[80.14476,7.5243],[80.14439,7.52527],[80.14291,7.52525],[80.14255,7.52548],[80.14197,7.52554],[80.14188,7.52576],[80.14264,7.52631],[80.14236,7.52686],[80.14154,7.52704],[80.14132,7.52823],[80.14075,7.52831],[80.14059,7.52878],[80.14022,7.52882],[80.13995,7.52799],[80.1392,7.52789],[80.13903,7.52776],[80.13875,7.5271],[80.13857,7.52686],[80.13827,7.52664],[80.13818,7.52703],[80.13801,7.52737],[80.13745,7.52787],[80.13673,7.5283],[80.13709,7.52854],[80.13725,7.52884],[80.13756,7.5298],[80.13723,7.53011],[80.13701,7.53043],[80.13663,7.53085],[80.13611,7.53178],[80.13593,7.53202],[80.13522,7.53179],[80.13484,7.53174],[80.13471,7.53204],[80.13477,7.53245],[80.13469,7.53281],[80.13445,7.53287],[80.13421,7.53308],[80.13359,7.53342]]]}},{"type":"Feature","properties":{"c":"farmland","n":"Irrigable Area Anicut Scheme"},"geometry":{"type":"Polygon","coordinates":[[[80.09253,7.53513],[80.09257,7.53527],[80.09312,7.53528],[80.09372,7.53537],[80.09387,7.53498],[80.09409,7.53473],[80.09352,7.53472],[80.09294,7.53483],[80.09258,7.53481],[80.09253,7.53513]]]}},{"type":"Feature","properties":{"c":"farmland","n":"Irrigable Area Anicut Scheme"},"geometry":{"type":"Polygon","coordinates":[[[80.09109,7.5338],[80.09128,7.53397],[80.09193,7.53386],[80.09211,7.53397],[80.09241,7.53403],[80.0927,7.53423],[80.09294,7.53451],[80.09315,7.53461],[80.09336,7.53461],[80.09387,7.53448],[80.09402,7.53438],[80.0943,7.53404],[80.09423,7.53384],[80.09389,7.53348],[80.09386,7.53334],[80.094,7.53313],[80.09428,7.53288],[80.09444,7.53286],[80.09457,7.53304],[80.09492,7.53317],[80.09526,7.53324],[80.09509,7.53291],[80.0947,7.53264],[80.09436,7.53216],[80.09414,7.53227],[80.09405,7.53256],[80.09384,7.53279],[80.0937,7.53287],[80.09319,7.53296],[80.09285,7.53293],[80.09242,7.53202],[80.09204,7.53138],[80.09183,7.53069],[80.09168,7.53072],[80.09173,7.53129],[80.09164,7.53163],[80.09193,7.53205],[80.09178,7.53285],[80.09149,7.53315],[80.09131,7.53324],[80.09114,7.53345],[80.09109,7.5338]]]}},{"type":"Feature","properties":{"c":"farmland","n":"Irrigable Area Multiiple Anicuts and Tanks"},"geometry":{"type":"Polygon","coordinates":[[[80.09962,7.52704],[80.09982,7.52719],[80.09984,7.52787],[80.09991,7.52823],[80.10006,7.52806],[80.10046,7.52812],[80.10092,7.5283],[80.10131,7.52838],[80.10147,7.52852],[80.10187,7.52906],[80.10189,7.52934],[80.10169,7.52999],[80.10148,7.53011],[80.10134,7.53058],[80.10105,7.53096],[80.10072,7.53125],[80.10114,7.53145],[80.10146,7.53107],[80.10159,7.53114],[80.10164,7.53128],[80.10189,7.53136],[80.10205,7.5315],[80.10221,7.53169],[80.10226,7.53186],[80.10267,7.53194],[80.1028,7.53127],[80.10299,7.53117],[80.10305,7.53162],[80.10341,7.53166],[80.10383,7.53178],[80.10373,7.53244],[80.10448,7.53224],[80.10499,7.5318],[80.10534,7.53165],[80.10616,7.53145],[80.1063,7.53161],[80.10677,7.53165],[80.10705,7.53102],[80.10733,7.53094],[80.1077,7.53089],[80.10776,7.53127],[80.10855,7.53132],[80.10904,7.53098],[80.10938,7.53051],[80.11023,7.53003],[80.11035,7.53044],[80.11079,7.53129],[80.1108,7.53218],[80.11105,7.53229],[80.11186,7.53228],[80.1136,7.53251],[80.11395,7.53258],[80.11491,7.53296],[80.1156,7.53314],[80.11595,7.53369],[80.11688,7.53401],[80.11775,7.53454],[80.11817,7.53458],[80.11872,7.53446],[80.11915,7.53417],[80.11924,7.53401],[80.11971,7.53402],[80.11993,7.53407],[80.11974,7.53364],[80.11974,7.53352],[80.12037,7.53352],[80.12072,7.53345],[80.12059,7.53372],[80.12047,7.53418],[80.12105,7.53457],[80.12124,7.53459],[80.12139,7.53448],[80.12185,7.53454],[80.12211,7.53471],[80.12246,7.53528],[80.1228,7.53612],[80.12305,7.53598],[80.1229,7.53562],[80.12289,7.53523],[80.12327,7.53521],[80.12341,7.535],[80.12334,7.5348],[80.12274,7.53461],[80.12267,7.53431],[80.12281,7.53404],[80.12257,7.5339],[80.12207,7.53398],[80.12204,7.53368],[80.12227,7.53283],[80.12228,7.53259],[80.12316,7.53275],[80.12382,7.53264],[80.12411,7.53253],[80.12391,7.53232],[80.12355,7.53211],[80.12314,7.53178],[80.12301,7.53158],[80.12275,7.5314],[80.12229,7.53056],[80.12213,7.53011],[80.12198,7.52943],[80.12199,7.52898],[80.12181,7.52894],[80.12154,7.52911],[80.12154,7.52937],[80.12142,7.5295],[80.1204,7.53006],[80.12028,7.53027],[80.12027,7.53055],[80.11983,7.53066],[80.11928,7.53066],[80.11903,7.53099],[80.11885,7.53103],[80.11843,7.53104],[80.11811,7.53096],[80.11778,7.53101],[80.11738,7.5312],[80.11661,7.53104],[80.11611,7.53122],[80.11563,7.53152],[80.11512,7.53173],[80.11484,7.53178],[80.11445,7.53172],[80.11429,7.53101],[80.11428,7.53047],[80.11442,7.53016],[80.11519,7.52956],[80.1162,7.5291],[80.11693,7.52847],[80.11756,7.52818],[80.11784,7.52795],[80.11804,7.52761],[80.1186,7.52743],[80.11974,7.5273],[80.11989,7.5267],[80.1196,7.52627],[80.11818,7.52589],[80.11767,7.52566],[80.11768,7.52523],[80.11757,7.52471],[80.11598,7.52513],[80.11578,7.52579],[80.1158,7.52631],[80.11563,7.52661],[80.11509,7.52706],[80.11462,7.52721],[80.11439,7.5275],[80.11441,7.52843],[80.11431,7.52857],[80.11374,7.5284],[80.1131,7.5287],[80.11271,7.52877],[80.11208,7.52869],[80.11193,7.5284],[80.1119,7.52809],[80.11169,7.52768],[80.11163,7.52744],[80.11165,7.52722],[80.11138,7.52651],[80.1114,7.52611],[80.11153,7.52571],[80.11155,7.52531],[80.11147,7.52484],[80.11149,7.52468],[80.11166,7.52401],[80.11207,7.52297],[80.11205,7.52251],[80.11182,7.52222],[80.11171,7.52187],[80.11166,7.52129],[80.11153,7.52088],[80.11148,7.52027],[80.11153,7.52],[80.11213,7.51876],[80.11221,7.51804],[80.11213,7.51773],[80.11212,7.51728],[80.11224,7.51694],[80.1124,7.51667],[80.11291,7.51593],[80.11331,7.5155],[80.11395,7.51536],[80.11465,7.51551],[80.11548,7.5156],[80.1153,7.51459],[80.11407,7.51489],[80.11353,7.51485],[80.1128,7.51507],[80.11271,7.51514],[80.1122,7.51618],[80.11188,7.51701],[80.11171,7.51854],[80.11149,7.51919],[80.1112,7.51943],[80.11107,7.51975],[80.11095,7.52036],[80.11093,7.52062],[80.11107,7.52082],[80.1111,7.52104],[80.11102,7.52122],[80.11103,7.52253],[80.11133,7.52305],[80.11125,7.52336],[80.11026,7.52415],[80.11001,7.5245],[80.11038,7.52511],[80.11031,7.52572],[80.11046,7.52606],[80.11044,7.52654],[80.1103,7.52719],[80.11033,7.52752],[80.11053,7.52797],[80.1108,7.52822],[80.11107,7.52835],[80.11067,7.52898],[80.11065,7.52924],[80.11028,7.52948],[80.10998,7.52956],[80.10969,7.52951],[80.10963,7.52915],[80.10965,7.52896],[80.11001,7.52881],[80.11019,7.52856],[80.11021,7.52839],[80.11049,7.52816],[80.11007,7.52814],[80.10974,7.52794],[80.10939,7.52785],[80.10912,7.5279],[80.10894,7.52816],[80.10904,7.52903],[80.10842,7.52944],[80.10776,7.52976],[80.10751,7.52978],[80.10715,7.52968],[80.10647,7.52962],[80.10516,7.52971],[80.10414,7.5297],[80.10358,7.52994],[80.10305,7.52977],[80.10242,7.52998],[80.10249,7.52943],[80.10248,7.52929],[80.10239,7.52913],[80.10235,7.52857],[80.10244,7.52805],[80.10241,7.52771],[80.10231,7.52739],[80.10222,7.5273],[80.10184,7.52736],[80.10168,7.52703],[80.10098,7.52694],[80.10046,7.52679],[80.09974,7.52686],[80.09962,7.52704]]]}},{"type":"Feature","properties":{"c":"farmland","n":"Paddy Land"},"geometry":{"type":"Polygon","coordinates":[[[80.1223,7.52703],[80.12256,7.52717],[80.12289,7.52707],[80.12302,7.52685],[80.1232,7.52687],[80.12309,7.52703],[80.12314,7.5271],[80.12336,7.52706],[80.12398,7.52746],[80.12423,7.52753],[80.12402,7.52789],[80.12385,7.52832],[80.12402,7.52843],[80.12423,7.52831],[80.12495,7.52823],[80.12538,7.5278],[80.12584,7.52796],[80.12601,7.52824],[80.12605,7.52852],[80.12581,7.52915],[80.12586,7.52955],[80.12599,7.52974],[80.12641,7.52996],[80.12648,7.53004],[80.12653,7.53042],[80.12641,7.53105],[80.12701,7.53127],[80.1269,7.5315],[80.12749,7.53187],[80.12755,7.53199],[80.12799,7.53237],[80.12863,7.53274],[80.12918,7.5329],[80.12945,7.5322],[80.12954,7.53167],[80.12969,7.53136],[80.12948,7.53135],[80.12934,7.53128],[80.12795,7.53038],[80.12782,7.53046],[80.12757,7.53037],[80.12724,7.52991],[80.12687,7.52969],[80.12695,7.52932],[80.12673,7.52929],[80.12669,7.52903],[80.12684,7.5286],[80.12693,7.52841],[80.12722,7.52814],[80.12769,7.52794],[80.12793,7.52773],[80.1281,7.5274],[80.12864,7.52703],[80.12919,7.52711],[80.1305,7.52687],[80.13136,7.52699],[80.1316,7.52639],[80.13113,7.5264],[80.13084,7.52621],[80.13083,7.52595],[80.13103,7.52592],[80.13099,7.52561],[80.13113,7.52559],[80.13124,7.52539],[80.13118,7.52532],[80.1307,7.52551],[80.1308,7.52495],[80.13078,7.52434],[80.13082,7.52411],[80.13074,7.52401],[80.13069,7.52366],[80.13074,7.5236],[80.13106,7.52351],[80.13176,7.52351],[80.13186,7.52333],[80.13182,7.52295],[80.13175,7.52281],[80.13176,7.52269],[80.13205,7.52263],[80.13198,7.52243],[80.13226,7.52236],[80.1328,7.52195],[80.13294,7.52177],[80.13321,7.52179],[80.13348,7.52167],[80.13366,7.52171],[80.13374,7.52167],[80.13371,7.52148],[80.13438,7.52168],[80.13453,7.52161],[80.13472,7.5216],[80.13495,7.52174],[80.13507,7.52141],[80.13478,7.52129],[80.13478,7.52105],[80.13482,7.52095],[80.13505,7.52084],[80.1354,7.52091],[80.13568,7.52089],[80.13589,7.52082],[80.13627,7.5208],[80.13661,7.52092],[80.13677,7.52104],[80.13704,7.5206],[80.13723,7.52061],[80.13724,7.52007],[80.13694,7.52005],[80.13657,7.5201],[80.13661,7.52018],[80.13611,7.52053],[80.13603,7.52052],[80.13594,7.52039],[80.13593,7.52024],[80.13556,7.52011],[80.13572,7.51978],[80.13584,7.51968],[80.13598,7.51963],[80.13644,7.5197],[80.13658,7.51966],[80.13664,7.51914],[80.13672,7.519],[80.1368,7.51858],[80.13675,7.51813],[80.13729,7.51821],[80.13737,7.51783],[80.13737,7.51761],[80.13728,7.51744],[80.13654,7.51745],[80.13659,7.51691],[80.13739,7.51694],[80.13732,7.51655],[80.13659,7.51629],[80.13691,7.51589],[80.13648,7.51559],[80.13664,7.51534],[80.13727,7.5157],[80.13741,7.51536],[80.13805,7.51556],[80.13803,7.51495],[80.13816,7.51465],[80.13812,7.51443],[80.13804,7.51434],[80.13772,7.51442],[80.13781,7.51406],[80.13793,7.51382],[80.13839,7.51348],[80.13864,7.51319],[80.13899,7.513],[80.13952,7.51284],[80.13964,7.5127],[80.13872,7.51241],[80.13843,7.51236],[80.13808,7.51277],[80.13807,7.51289],[80.13801,7.51291],[80.13786,7.51324],[80.13754,7.51348],[80.13714,7.51412],[80.13696,7.51421],[80.13685,7.5142],[80.13678,7.51427],[80.13666,7.51453],[80.13678,7.51476],[80.13681,7.51505],[80.1364,7.51559],[80.13631,7.51584],[80.13622,7.51583],[80.1361,7.51572],[80.13588,7.5158],[80.1358,7.51564],[80.13554,7.5154],[80.1353,7.51525],[80.13525,7.51565],[80.13533,7.51598],[80.1352,7.51653],[80.1352,7.51667],[80.13529,7.51688],[80.13528,7.51702],[80.13525,7.51721],[80.13512,7.51714],[80.1351,7.5172],[80.13518,7.51749],[80.13537,7.51759],[80.13547,7.51774],[80.13511,7.51842],[80.13489,7.51912],[80.13487,7.5195],[80.13459,7.51947],[80.13449,7.51953],[80.13431,7.5199],[80.13416,7.51999],[80.13404,7.52017],[80.13393,7.52054],[80.13385,7.52054],[80.13372,7.52064],[80.13361,7.52058],[80.13355,7.52062],[80.13359,7.52069],[80.13325,7.521],[80.13317,7.52089],[80.13308,7.52096],[80.13319,7.52106],[80.13289,7.52128],[80.13305,7.52143],[80.13258,7.52147],[80.13262,7.5216],[80.13249,7.52168],[80.13246,7.52191],[80.13198,7.52225],[80.1318,7.52215],[80.13147,7.52212],[80.13113,7.52212],[80.13112,7.52226],[80.13082,7.52212],[80.13067,7.52213],[80.13047,7.52242],[80.13045,7.52256],[80.13055,7.52281],[80.13024,7.52295],[80.1298,7.5218],[80.12945,7.52179],[80.12944,7.52162],[80.12922,7.52176],[80.12918,7.52171],[80.12911,7.52174],[80.12876,7.52146],[80.12869,7.52152],[80.12863,7.52147],[80.12837,7.52118],[80.12839,7.52107],[80.12882,7.52074],[80.12876,7.5204],[80.12889,7.51945],[80.12844,7.51863],[80.12836,7.51825],[80.12823,7.51825],[80.12802,7.5176],[80.12754,7.5179],[80.12768,7.51843],[80.12764,7.51883],[80.12746,7.51897],[80.12716,7.51892],[80.12682,7.51932],[80.12672,7.51956],[80.12674,7.51968],[80.12691,7.51971],[80.12714,7.51973],[80.12729,7.51964],[80.12757,7.51983],[80.12758,7.52001],[80.12738,7.52015],[80.12704,7.52024],[80.12703,7.52033],[80.12717,7.52063],[80.12691,7.52085],[80.12683,7.52075],[80.12647,7.52073],[80.12636,7.52032],[80.12611,7.52011],[80.12545,7.52053],[80.1256,7.52119],[80.12714,7.5211],[80.12747,7.52117],[80.12768,7.52114],[80.1283,7.52172],[80.12862,7.52216],[80.12934,7.52288],[80.12962,7.52334],[80.12967,7.52369],[80.1295,7.52452],[80.12878,7.5248],[80.12856,7.52508],[80.1282,7.52527],[80.12821,7.52554],[80.12832,7.5257],[80.1282,7.52579],[80.12792,7.52589],[80.12746,7.52619],[80.12738,7.52635],[80.12707,7.52662],[80.12634,7.52694],[80.12627,7.52681],[80.12605,7.52678],[80.12568,7.52681],[80.12555,7.52689],[80.1253,7.52692],[80.12462,7.52678],[80.12402,7.52653],[80.12376,7.52634],[80.12355,7.52609],[80.12356,7.52575],[80.12343,7.52556],[80.12338,7.52539],[80.12352,7.52514],[80.12352,7.52496],[80.12333,7.52455],[80.12319,7.52408],[80.12323,7.52379],[80.12238,7.52358],[80.12253,7.52446],[80.12256,7.52483],[80.12253,7.52537],[80.12262,7.52623],[80.12256,7.52663],[80.12242,7.52673],[80.1223,7.52703]]]}},{"type":"Feature","properties":{"c":"farmland"},"geometry":{"type":"Polygon","coordinates":[[[80.12814,7.54338],[80.12907,7.54349],[80.12941,7.54319],[80.12939,7.54304],[80.12948,7.54264],[80.12947,7.54247],[80.12918,7.54243],[80.1291,7.54257],[80.12911,7.54266],[80.12874,7.54257],[80.1282,7.54257],[80.12814,7.54338]]]}},{"type":"Feature","properties":{"c":"farmland"},"geometry":{"type":"Polygon","coordinates":[[[80.12702,7.54387],[80.12705,7.54415],[80.12738,7.54429],[80.12767,7.54435],[80.12772,7.54454],[80.12816,7.54472],[80.12849,7.54472],[80.12865,7.54459],[80.12879,7.54485],[80.12955,7.54514],[80.12987,7.54515],[80.12996,7.54468],[80.12981,7.54461],[80.12943,7.54425],[80.12897,7.54406],[80.129,7.54358],[80.12852,7.54349],[80.12845,7.54405],[80.12711,7.54365],[80.12702,7.54387]]]}},{"type":"Feature","properties":{"c":"farmland"},"geometry":{"type":"Polygon","coordinates":[[[80.12537,7.54459],[80.12537,7.54478],[80.12565,7.54528],[80.12558,7.54576],[80.12591,7.54611],[80.1261,7.54666],[80.12645,7.54659],[80.12671,7.54609],[80.12673,7.5458],[80.12693,7.54555],[80.127,7.54523],[80.12696,7.54506],[80.12686,7.54492],[80.12682,7.54455],[80.12693,7.544],[80.12692,7.5437],[80.12683,7.54355],[80.12667,7.54361],[80.1264,7.54402],[80.1262,7.5442],[80.12537,7.54459]]]}},{"type":"Feature","properties":{"c":"farmland"},"geometry":{"type":"Polygon","coordinates":[[[80.1192,7.53964],[80.11925,7.53988],[80.11962,7.54],[80.12009,7.54056],[80.12039,7.54082],[80.12096,7.54103],[80.12147,7.54133],[80.12156,7.54109],[80.12166,7.541],[80.12212,7.54069],[80.12226,7.54066],[80.12238,7.5403],[80.12234,7.54018],[80.12222,7.54015],[80.12204,7.53998],[80.12199,7.53982],[80.12177,7.53967],[80.12172,7.53946],[80.12193,7.53939],[80.12243,7.53907],[80.12272,7.53901],[80.12279,7.53878],[80.12305,7.53871],[80.12359,7.53875],[80.124,7.53887],[80.1242,7.53869],[80.12427,7.53845],[80.12424,7.53816],[80.12403,7.53785],[80.12347,7.53752],[80.12277,7.53681],[80.12201,7.53558],[80.12119,7.53513],[80.12104,7.53541],[80.12064,7.5358],[80.12031,7.53581],[80.12022,7.53628],[80.12027,7.53663],[80.12023,7.537],[80.12011,7.53731],[80.11992,7.53741],[80.11976,7.53766],[80.11988,7.53792],[80.11996,7.53858],[80.11985,7.53877],[80.11927,7.53925],[80.1192,7.53964]]]}},{"type":"Feature","properties":{"c":"farmland"},"geometry":{"type":"Polygon","coordinates":[[[80.12001,7.54232],[80.12007,7.54257],[80.12068,7.54273],[80.12076,7.54228],[80.12002,7.54196],[80.12001,7.54232]]]}},{"type":"Feature","properties":{"c":"farmland"},"geometry":{"type":"Polygon","coordinates":[[[80.11095,7.533],[80.11096,7.53333],[80.11275,7.53413],[80.11307,7.53434],[80.11337,7.53444],[80.11334,7.53498],[80.11321,7.53559],[80.11265,7.53545],[80.1125,7.53576],[80.11203,7.53587],[80.11225,7.536],[80.11211,7.53626],[80.11203,7.53659],[80.11184,7.53687],[80.11235,7.53676],[80.11274,7.53689],[80.11317,7.5369],[80.11377,7.53613],[80.11392,7.5358],[80.11407,7.53569],[80.1145,7.53586],[80.11484,7.53615],[80.11478,7.53662],[80.11506,7.53718],[80.11541,7.53752],[80.11554,7.53793],[80.11552,7.53817],[80.11542,7.53836],[80.11513,7.53844],[80.11478,7.53845],[80.11458,7.53858],[80.11447,7.53873],[80.11447,7.53899],[80.11674,7.5396],[80.11691,7.53956],[80.11733,7.53893],[80.11788,7.53855],[80.11787,7.53808],[80.1174,7.53765],[80.11695,7.53749],[80.11692,7.53708],[80.11656,7.53596],[80.11662,7.53567],[80.11694,7.53537],[80.11683,7.53507],[80.11672,7.53501],[80.11619,7.53491],[80.11587,7.5349],[80.11542,7.53498],[80.11493,7.53482],[80.11472,7.53446],[80.11452,7.53423],[80.11393,7.53376],[80.11337,7.53349],[80.11286,7.53296],[80.11185,7.53267],[80.1115,7.53266],[80.11095,7.533]]]}},{"type":"Feature","properties":{"c":"farmland"},"geometry":{"type":"Polygon","coordinates":[[[80.10425,7.53322],[80.10446,7.53355],[80.10534,7.53436],[80.1055,7.53492],[80.10659,7.53623],[80.10659,7.5364],[80.10671,7.53671],[80.1072,7.53757],[80.10735,7.53773],[80.10768,7.53782],[80.10796,7.53799],[80.10819,7.53818],[80.10834,7.53888],[80.10831,7.53933],[80.10809,7.5399],[80.10802,7.5403],[80.10789,7.54058],[80.1076,7.54089],[80.10743,7.54115],[80.10756,7.5414],[80.10778,7.54144],[80.10805,7.54111],[80.10861,7.54074],[80.10895,7.54091],[80.10917,7.54116],[80.10945,7.54166],[80.10997,7.54302],[80.11024,7.54325],[80.11064,7.54289],[80.11072,7.54257],[80.11025,7.54239],[80.11017,7.54193],[80.11049,7.54177],[80.11119,7.54157],[80.1109,7.54067],[80.11104,7.54038],[80.11117,7.54026],[80.11115,7.53989],[80.11137,7.53984],[80.11171,7.53985],[80.1118,7.53973],[80.11171,7.53944],[80.11146,7.53911],[80.11104,7.5393],[80.11077,7.53933],[80.11046,7.53915],[80.10992,7.53899],[80.10946,7.53837],[80.10921,7.53736],[80.10925,7.53684],[80.10863,7.53698],[80.10815,7.53715],[80.10782,7.53695],[80.10748,7.5362],[80.10709,7.53611],[80.10683,7.53581],[80.10644,7.535],[80.10654,7.53486],[80.10656,7.53447],[80.10676,7.53417],[80.10645,7.53404],[80.10606,7.53369],[80.10553,7.53344],[80.10526,7.53322],[80.10486,7.53273],[80.10425,7.53322]]]}},{"type":"Feature","properties":{"c":"farmland"},"geometry":{"type":"Polygon","coordinates":[[[80.10329,7.53873],[80.10336,7.53888],[80.10369,7.53889],[80.10386,7.53927],[80.10399,7.53936],[80.1042,7.53976],[80.10415,7.54009],[80.10392,7.54048],[80.10397,7.54099],[80.10423,7.54111],[80.10455,7.54134],[80.10515,7.54121],[80.10502,7.54075],[80.10489,7.53971],[80.10508,7.53854],[80.10492,7.53835],[80.10355,7.53858],[80.10329,7.53873]]]}},{"type":"Feature","properties":{"c":"farmland"},"geometry":{"type":"Polygon","coordinates":[[[80.10663,7.5348],[80.10807,7.53529],[80.10902,7.53584],[80.10921,7.53627],[80.10925,7.53654],[80.10943,7.53661],[80.10959,7.53663],[80.10991,7.53629],[80.11016,7.53621],[80.11045,7.53623],[80.11105,7.53654],[80.11132,7.5365],[80.11138,7.5357],[80.1105,7.53556],[80.11011,7.53539],[80.10976,7.53538],[80.10843,7.53496],[80.10685,7.53412],[80.1067,7.53439],[80.10663,7.5348]]]}},{"type":"Feature","properties":{"c":"farmland"},"geometry":{"type":"Polygon","coordinates":[[[80.11272,7.53951],[80.11281,7.53982],[80.1129,7.53992],[80.11345,7.54],[80.11351,7.53996],[80.11345,7.53942],[80.11277,7.53943],[80.11272,7.53951]]]}},{"type":"Feature","properties":{"c":"cemetery","n":"Anguruwagala podu susanabumiya"},"geometry":{"type":"Polygon","coordinates":[[[80.1165,7.54187],[80.11653,7.54201],[80.11662,7.54224],[80.11675,7.54207],[80.11679,7.54187],[80.11654,7.54183],[80.1165,7.54187]]]}},{"type":"Feature","properties":{"c":"farmland"},"geometry":{"type":"Polygon","coordinates":[[[80.12896,7.53565],[80.12905,7.53618],[80.12928,7.53646],[80.1294,7.53673],[80.12933,7.53733],[80.12947,7.53771],[80.12976,7.53816],[80.13016,7.53776],[80.13055,7.5378],[80.13095,7.53794],[80.13107,7.53776],[80.13118,7.53745],[80.13138,7.53747],[80.13191,7.53774],[80.13214,7.53746],[80.13208,7.53715],[80.13155,7.53683],[80.13121,7.53668],[80.13101,7.53639],[80.13042,7.53577],[80.12968,7.53508],[80.12938,7.53521],[80.12896,7.53565]]]}},{"type":"Feature","properties":{"c":"farmland"},"geometry":{"type":"Polygon","coordinates":[[[80.12197,7.5891],[80.12201,7.58941],[80.12208,7.58948],[80.12229,7.5895],[80.12227,7.59009],[80.12199,7.59081],[80.12258,7.59113],[80.12274,7.59099],[80.12287,7.59073],[80.12304,7.59051],[80.12336,7.59037],[80.12389,7.59036],[80.12426,7.59044],[80.12456,7.59045],[80.12499,7.59073],[80.12514,7.59074],[80.12577,7.59023],[80.12625,7.58968],[80.12671,7.58952],[80.12714,7.58944],[80.12748,7.58928],[80.12743,7.5887],[80.12713,7.58825],[80.12707,7.58804],[80.12768,7.58802],[80.12781,7.58796],[80.12802,7.58757],[80.12814,7.58719],[80.12856,7.58652],[80.12881,7.58621],[80.12923,7.58585],[80.12961,7.58567],[80.1298,7.58568],[80.13011,7.5858],[80.13018,7.58577],[80.1303,7.5856],[80.1303,7.5852],[80.13021,7.58512],[80.12971,7.58507],[80.12965,7.58487],[80.12924,7.58479],[80.12905,7.58484],[80.12892,7.58505],[80.12853,7.58516],[80.12854,7.58456],[80.12843,7.58407],[80.12825,7.58408],[80.12781,7.58447],[80.12749,7.58449],[80.12704,7.58439],[80.127,7.58433],[80.12662,7.58418],[80.12617,7.58431],[80.12585,7.58476],[80.12568,7.58538],[80.12566,7.58574],[80.12577,7.58618],[80.12587,7.58635],[80.12604,7.5865],[80.12612,7.58681],[80.12635,7.58689],[80.12649,7.58701],[80.12641,7.58783],[80.12638,7.58794],[80.1261,7.58797],[80.12587,7.58814],[80.12573,7.58846],[80.12565,7.58891],[80.12505,7.58943],[80.12488,7.58982],[80.12443,7.58952],[80.12431,7.58931],[80.12435,7.58885],[80.12462,7.58841],[80.12465,7.58828],[80.12421,7.58812],[80.12355,7.588],[80.1234,7.58792],[80.12312,7.58786],[80.12288,7.58795],[80.12233,7.58832],[80.12205,7.58859],[80.12197,7.5891]]]}},{"type":"Feature","properties":{"c":"farmland"},"geometry":{"type":"Polygon","coordinates":[[[80.11017,7.54456],[80.1104,7.54468],[80.11056,7.54461],[80.11087,7.54472],[80.1111,7.54488],[80.11128,7.54549],[80.11137,7.54558],[80.11154,7.54553],[80.11193,7.54566],[80.11219,7.54592],[80.11237,7.54643],[80.11222,7.54652],[80.11242,7.54675],[80.11274,7.54687],[80.11246,7.54758],[80.11252,7.54812],[80.11238,7.54872],[80.11234,7.54882],[80.11205,7.54894],[80.11195,7.54913],[80.11176,7.54929],[80.11224,7.54975],[80.11294,7.54821],[80.11345,7.5484],[80.11357,7.54838],[80.11364,7.54792],[80.11392,7.54754],[80.11379,7.54808],[80.11444,7.54876],[80.11499,7.54966],[80.11516,7.55002],[80.1151,7.55085],[80.11441,7.55151],[80.11432,7.55155],[80.114,7.55145],[80.11392,7.55154],[80.11393,7.55193],[80.11383,7.55206],[80.11358,7.55221],[80.1135,7.5525],[80.11354,7.55267],[80.11377,7.55268],[80.11412,7.55256],[80.1142,7.5523],[80.1142,7.55204],[80.11435,7.55196],[80.11463,7.55185],[80.11487,7.552],[80.11507,7.55187],[80.11541,7.55145],[80.11551,7.55112],[80.11582,7.55099],[80.11608,7.55103],[80.11626,7.55136],[80.11623,7.55153],[80.11609,7.55157],[80.11602,7.55171],[80.1162,7.55193],[80.11594,7.55219],[80.1159,7.55231],[80.11534,7.55269],[80.11624,7.55342],[80.1162,7.55415],[80.11595,7.5546],[80.11559,7.55447],[80.11539,7.55503],[80.11545,7.55541],[80.11536,7.55583],[80.11481,7.5565],[80.11463,7.55653],[80.11427,7.55645],[80.11405,7.55632],[80.11386,7.55654],[80.11347,7.55684],[80.1133,7.5569],[80.11269,7.55743],[80.11234,7.55746],[80.11225,7.55772],[80.11189,7.55839],[80.11241,7.55875],[80.11279,7.55888],[80.11283,7.55921],[80.11277,7.55955],[80.11287,7.55993],[80.11236,7.56003],[80.11208,7.56012],[80.112,7.5603],[80.11203,7.56049],[80.11222,7.56054],[80.11249,7.56051],[80.1125,7.56065],[80.1124,7.56073],[80.11257,7.56082],[80.11303,7.56075],[80.11323,7.56068],[80.11335,7.56054],[80.11333,7.55986],[80.11362,7.55904],[80.11401,7.55902],[80.11447,7.55926],[80.11564,7.55968],[80.11598,7.55924],[80.11683,7.55932],[80.11677,7.55871],[80.11666,7.55823],[80.11688,7.5579],[80.11695,7.55745],[80.11712,7.55723],[80.11735,7.55705],[80.11743,7.55653],[80.11785,7.55535],[80.11885,7.55577],[80.11918,7.55579],[80.11948,7.55549],[80.11954,7.55536],[80.11823,7.55467],[80.11814,7.55445],[80.11824,7.55421],[80.11798,7.55354],[80.11767,7.55234],[80.11778,7.55207],[80.11756,7.551],[80.11765,7.55071],[80.11781,7.55056],[80.11782,7.55044],[80.11767,7.54995],[80.11767,7.54928],[80.1175,7.54924],[80.11734,7.54911],[80.11707,7.54915],[80.11688,7.5491],[80.11636,7.54929],[80.11619,7.54921],[80.11604,7.5492],[80.11535,7.54863],[80.11538,7.54839],[80.11508,7.54792],[80.11493,7.54759],[80.11445,7.547],[80.11427,7.54663],[80.11402,7.54644],[80.11361,7.54625],[80.11277,7.54615],[80.1125,7.54603],[80.11252,7.54593],[80.11324,7.54539],[80.11279,7.54515],[80.11245,7.54483],[80.11196,7.54423],[80.11149,7.54346],[80.11124,7.54344],[80.11096,7.5436],[80.11019,7.54441],[80.11017,7.54456]]]}},{"type":"Feature","properties":{"c":"farmland"},"geometry":{"type":"Polygon","coordinates":[[[80.08919,7.54131],[80.08934,7.54141],[80.08953,7.54143],[80.08992,7.54118],[80.08997,7.54125],[80.08992,7.54156],[80.09051,7.54165],[80.09053,7.54175],[80.09014,7.54195],[80.08994,7.54195],[80.08968,7.54204],[80.08952,7.54227],[80.08956,7.54275],[80.08975,7.54276],[80.08988,7.54284],[80.08989,7.54327],[80.08997,7.54358],[80.0901,7.54384],[80.09033,7.54389],[80.09058,7.54375],[80.09053,7.54339],[80.09078,7.54336],[80.09111,7.54348],[80.09156,7.54344],[80.09247,7.54326],[80.09278,7.54308],[80.09314,7.54298],[80.09341,7.54295],[80.09364,7.54303],[80.09426,7.54293],[80.09449,7.54284],[80.09455,7.542],[80.09391,7.54172],[80.0938,7.54152],[80.09279,7.54136],[80.09238,7.54144],[80.09193,7.54141],[80.09116,7.5416],[80.09101,7.54143],[80.0911,7.54106],[80.09098,7.54103],[80.09015,7.54101],[80.08936,7.5411],[80.08927,7.54113],[80.08919,7.54131]]]}},{"type":"Feature","properties":{"c":"farmland"},"geometry":{"type":"Polygon","coordinates":[[[80.09628,7.54859],[80.09673,7.5486],[80.09676,7.54918],[80.09763,7.54914],[80.09753,7.54809],[80.09744,7.5478],[80.09751,7.54745],[80.09768,7.54724],[80.0979,7.54715],[80.09817,7.54744],[80.09822,7.5477],[80.09819,7.54816],[80.09824,7.54835],[80.09864,7.54874],[80.09877,7.54893],[80.09883,7.54946],[80.09881,7.54966],[80.09903,7.55022],[80.09916,7.55083],[80.09914,7.55115],[80.09922,7.55145],[80.09938,7.55173],[80.09975,7.55205],[80.09966,7.5531],[80.10034,7.55323],[80.10099,7.55353],[80.10193,7.55379],[80.10209,7.5539],[80.10212,7.55401],[80.1019,7.55408],[80.1015,7.55412],[80.10108,7.55425],[80.10001,7.55485],[80.09945,7.55499],[80.09921,7.55558],[80.09905,7.5561],[80.09905,7.55629],[80.09917,7.55661],[80.09931,7.55671],[80.09939,7.55684],[80.09944,7.5571],[80.09978,7.55699],[80.09981,7.55683],[80.09973,7.55624],[80.09975,7.55589],[80.10015,7.55581],[80.10015,7.55615],[80.10052,7.5562],[80.10058,7.55652],[80.10091,7.55627],[80.10094,7.55596],[80.10084,7.55588],[80.10105,7.55519],[80.10101,7.55482],[80.1012,7.55477],[80.10207,7.55492],[80.10266,7.55521],[80.10307,7.5553],[80.10328,7.55508],[80.10321,7.5548],[80.10331,7.5547],[80.10359,7.55466],[80.10376,7.55469],[80.10395,7.55417],[80.10335,7.55401],[80.10315,7.55384],[80.10298,7.55342],[80.10283,7.55327],[80.10228,7.55298],[80.10209,7.55282],[80.10204,7.55263],[80.10191,7.55257],[80.10154,7.55261],[80.1015,7.55209],[80.10135,7.55169],[80.10135,7.55146],[80.10146,7.55123],[80.10163,7.55129],[80.10178,7.5514],[80.10189,7.55154],[80.10194,7.5517],[80.1021,7.55177],[80.10241,7.55177],[80.10282,7.55162],[80.10308,7.5517],[80.10316,7.55186],[80.10337,7.552],[80.10376,7.55205],[80.10382,7.55237],[80.10427,7.55252],[80.1044,7.55294],[80.1051,7.5528],[80.10637,7.5529],[80.10706,7.55291],[80.10725,7.55218],[80.10644,7.55199],[80.10595,7.55201],[80.10578,7.55195],[80.1053,7.55157],[80.10504,7.55144],[80.10477,7.55082],[80.10465,7.55077],[80.1041,7.55101],[80.10376,7.55135],[80.10361,7.55143],[80.10337,7.55141],[80.10319,7.55127],[80.10311,7.55079],[80.10315,7.55061],[80.10279,7.55055],[80.1026,7.55059],[80.10239,7.55055],[80.10202,7.55009],[80.10184,7.54952],[80.10185,7.54937],[80.10177,7.54916],[80.10182,7.54901],[80.10215,7.54894],[80.10241,7.54881],[80.10257,7.54883],[80.1027,7.54902],[80.10283,7.54885],[80.103,7.54881],[80.10381,7.5488],[80.10451,7.54891],[80.10497,7.5489],[80.10483,7.54845],[80.10469,7.54816],[80.10434,7.54803],[80.10408,7.5482],[80.10351,7.54809],[80.10283,7.54829],[80.10258,7.54797],[80.10228,7.54786],[80.10227,7.54798],[80.10218,7.54808],[80.10157,7.54821],[80.10154,7.54856],[80.10079,7.54861],[80.10007,7.5485],[80.09973,7.54834],[80.09922,7.54793],[80.09865,7.54755],[80.0991,7.54712],[80.09908,7.54671],[80.09912,7.54651],[80.09979,7.54645],[80.09999,7.54637],[80.09996,7.54549],[80.09963,7.54541],[80.09946,7.54512],[80.09907,7.54517],[80.09894,7.54525],[80.09887,7.54546],[80.09879,7.54557],[80.09864,7.54559],[80.09847,7.5455],[80.09847,7.54521],[80.0981,7.54522],[80.09786,7.5458],[80.09736,7.54655],[80.09709,7.54713],[80.09667,7.54776],[80.09657,7.54799],[80.0964,7.54819],[80.09628,7.54859]]]}},{"type":"Feature","properties":{"c":"farmland"},"geometry":{"type":"Polygon","coordinates":[[[80.14081,7.5099],[80.14085,7.51031],[80.14152,7.51023],[80.14152,7.50997],[80.14129,7.50995],[80.1413,7.50981],[80.141,7.50979],[80.14094,7.50986],[80.14081,7.5099]]]}},{"type":"Feature","properties":{"c":"forest"},"geometry":{"type":"Polygon","coordinates":[[[80.13541,7.51124],[80.13542,7.51144],[80.13554,7.51161],[80.13567,7.51161],[80.1358,7.51141],[80.13581,7.51122],[80.13575,7.51104],[80.13553,7.51123],[80.13541,7.51124]]]}},{"type":"Feature","properties":{"c":"forest"},"geometry":{"type":"Polygon","coordinates":[[[80.13451,7.51165],[80.13454,7.51175],[80.13471,7.51189],[80.13488,7.51177],[80.13497,7.51153],[80.13456,7.51138],[80.13451,7.51165]]]}},{"type":"Feature","properties":{"c":"forest"},"geometry":{"type":"Polygon","coordinates":[[[80.16174,7.53359],[80.16219,7.53384],[80.16251,7.53329],[80.16196,7.53321],[80.16174,7.53359]]]}},{"type":"Feature","properties":{"c":"farmland"},"geometry":{"type":"Polygon","coordinates":[[[80.1582,7.53351],[80.1596,7.53567],[80.16063,7.53567],[80.16209,7.53616],[80.16246,7.53591],[80.16206,7.53533],[80.16209,7.53485],[80.16177,7.53388],[80.16104,7.53411],[80.15987,7.5344],[80.1596,7.53334],[80.15879,7.53274],[80.1582,7.53351]]]}},{"type":"Feature","properties":{"c":"farmland"},"geometry":{"type":"Polygon","coordinates":[[[80.15712,7.53301],[80.15716,7.53306],[80.15812,7.53334],[80.1587,7.53271],[80.1594,7.53241],[80.15965,7.53263],[80.16025,7.53253],[80.16081,7.53229],[80.16073,7.53151],[80.16008,7.53158],[80.15927,7.53098],[80.15805,7.53181],[80.15757,7.53176],[80.15712,7.53301]]]}},{"type":"Feature","properties":{"c":"farmland"},"geometry":{"type":"Polygon","coordinates":[[[80.15359,7.53135],[80.15486,7.53233],[80.15555,7.53212],[80.15628,7.53235],[80.15644,7.53185],[80.15498,7.53045],[80.15577,7.52964],[80.15602,7.52851],[80.15572,7.52827],[80.15553,7.52825],[80.15527,7.52854],[80.15512,7.52901],[80.15423,7.52913],[80.15414,7.52849],[80.15386,7.52853],[80.15359,7.53135]]]}},{"type":"Feature","properties":{"c":"farmland"},"geometry":{"type":"Polygon","coordinates":[[[80.15665,7.52711],[80.15674,7.52736],[80.15752,7.52786],[80.15802,7.52747],[80.15824,7.52744],[80.15808,7.52805],[80.15843,7.52814],[80.15936,7.52825],[80.15943,7.52761],[80.15923,7.52739],[80.15879,7.52731],[80.15892,7.52666],[80.1596,7.52679],[80.1602,7.52643],[80.16019,7.5261],[80.15964,7.52586],[80.15946,7.52599],[80.15945,7.52614],[80.15918,7.52612],[80.15891,7.52565],[80.15905,7.52515],[80.15884,7.52482],[80.15857,7.52462],[80.15763,7.52431],[80.1575,7.52439],[80.15746,7.52469],[80.15725,7.52519],[80.15696,7.52532],[80.15685,7.5257],[80.15699,7.52678],[80.15665,7.52711]]]}},{"type":"Feature","properties":{"c":"forest"},"geometry":{"type":"Polygon","coordinates":[[[80.15441,7.52765],[80.15528,7.52784],[80.15606,7.52741],[80.15625,7.527],[80.15607,7.52702],[80.15605,7.52684],[80.15583,7.52669],[80.15556,7.52669],[80.15538,7.52659],[80.15598,7.52609],[80.15618,7.52633],[80.15642,7.52625],[80.15649,7.52591],[80.15625,7.52601],[80.15598,7.52595],[80.15582,7.52584],[80.1556,7.5253],[80.15468,7.5268],[80.15473,7.52711],[80.15441,7.52765]]]}},{"type":"Feature","properties":{"c":"farmland"},"geometry":{"type":"Polygon","coordinates":[[[80.1536,7.52729],[80.15412,7.52758],[80.15447,7.52699],[80.15385,7.52663],[80.15366,7.52696],[80.1536,7.52729]]]}},{"type":"Feature","properties":{"c":"forest"},"geometry":{"type":"Polygon","coordinates":[[[80.15227,7.526],[80.15246,7.52621],[80.15245,7.52652],[80.15257,7.5266],[80.15293,7.52613],[80.15307,7.52636],[80.1532,7.52646],[80.15369,7.52669],[80.15417,7.52648],[80.15435,7.52618],[80.15438,7.52572],[80.15503,7.52599],[80.15568,7.52493],[80.15602,7.52425],[80.15627,7.52357],[80.15558,7.52237],[80.15526,7.52225],[80.15499,7.52201],[80.15512,7.52126],[80.15455,7.52094],[80.15411,7.52101],[80.1537,7.52148],[80.15352,7.52184],[80.15344,7.52275],[80.15346,7.52328],[80.15301,7.52418],[80.15227,7.526]]]}},{"type":"Feature","properties":{"c":"farmland"},"geometry":{"type":"Polygon","coordinates":[[[80.15129,7.52258],[80.15206,7.52283],[80.15234,7.5225],[80.15225,7.52223],[80.15207,7.52236],[80.15143,7.52215],[80.15129,7.52258]]]}},{"type":"Feature","properties":{"c":"farmland"},"geometry":{"type":"Polygon","coordinates":[[[80.15774,7.52431],[80.15839,7.52451],[80.1585,7.52415],[80.15877,7.52374],[80.15867,7.52353],[80.15823,7.5233],[80.15782,7.52405],[80.15774,7.52431]]]}},{"type":"Feature","properties":{"c":"farmland"},"geometry":{"type":"Polygon","coordinates":[[[80.19121,7.57248],[80.19148,7.57265],[80.19151,7.57294],[80.19145,7.57314],[80.19154,7.57327],[80.19173,7.57381],[80.19174,7.57397],[80.19166,7.57435],[80.1919,7.57443],[80.19209,7.57434],[80.1924,7.57444],[80.19249,7.57421],[80.19284,7.57375],[80.19316,7.57387],[80.19323,7.57358],[80.19363,7.57345],[80.19365,7.57308],[80.19325,7.57296],[80.19292,7.57319],[80.19283,7.57304],[80.19236,7.57315],[80.1923,7.57327],[80.19179,7.57321],[80.1917,7.57286],[80.19145,7.5724],[80.1913,7.57235],[80.19121,7.57248]]]}},{"type":"Feature","properties":{"c":"farmland"},"geometry":{"type":"Polygon","coordinates":[[[80.14666,7.51135],[80.14882,7.5126],[80.15095,7.50899],[80.14996,7.50842],[80.14901,7.50736],[80.14666,7.51135]]]}},{"type":"Feature","properties":{"c":"farmland"},"geometry":{"type":"Polygon","coordinates":[[[80.14765,7.50265],[80.14823,7.50676],[80.1505,7.50765],[80.15226,7.50455],[80.14988,7.50355],[80.14959,7.50394],[80.14765,7.50265]]]}},{"type":"Feature","properties":{"c":"farmland"},"geometry":{"type":"Polygon","coordinates":[[[80.21217,7.58113],[80.21239,7.58172],[80.21237,7.58231],[80.21351,7.58441],[80.21418,7.58439],[80.21492,7.58527],[80.21523,7.58536],[80.21668,7.58399],[80.21629,7.58358],[80.21629,7.58368],[80.21547,7.58418],[80.21483,7.58387],[80.21456,7.58165],[80.21332,7.5818],[80.21322,7.581],[80.21217,7.58113]]]}},{"type":"Feature","properties":{"c":"farmland"},"geometry":{"type":"Polygon","coordinates":[[[80.20549,7.57962],[80.20587,7.57975],[80.20693,7.57831],[80.20807,7.57961],[80.20738,7.58099],[80.20896,7.58136],[80.21009,7.58255],[80.20959,7.58414],[80.20961,7.58486],[80.20947,7.58504],[80.21061,7.5851],[80.21094,7.58441],[80.21184,7.58444],[80.21226,7.5851],[80.21275,7.5857],[80.21325,7.58599],[80.21363,7.58554],[80.21317,7.5849],[80.21335,7.58483],[80.21304,7.58425],[80.21221,7.58329],[80.2118,7.58231],[80.21173,7.58077],[80.2114,7.58005],[80.21052,7.57979],[80.21024,7.57902],[80.20891,7.57881],[80.20764,7.57815],[80.20772,7.57761],[80.20629,7.57582],[80.20572,7.57583],[80.20578,7.5777],[80.20564,7.57816],[80.20549,7.57962]]]}},{"type":"Feature","properties":{"c":"farmland"},"geometry":{"type":"Polygon","coordinates":[[[80.20207,7.58051],[80.20213,7.58105],[80.20259,7.58085],[80.20285,7.58119],[80.20396,7.58116],[80.20451,7.58083],[80.20485,7.58004],[80.20419,7.57977],[80.20364,7.58035],[80.20207,7.58051]]]}},{"type":"Feature","properties":{"c":"farmland"},"geometry":{"type":"Polygon","coordinates":[[[80.20358,7.57846],[80.20421,7.57874],[80.20447,7.57818],[80.20381,7.57818],[80.20358,7.57846]]]}},{"type":"Feature","properties":{"c":"farmland"},"geometry":{"type":"Polygon","coordinates":[[[80.20307,7.58379],[80.20349,7.58423],[80.20398,7.58501],[80.20488,7.58439],[80.20543,7.58466],[80.20511,7.5856],[80.20509,7.58721],[80.20457,7.58857],[80.2058,7.58938],[80.20587,7.58907],[80.20569,7.5889],[80.20594,7.58705],[80.20645,7.58559],[80.20735,7.58442],[80.20736,7.58297],[80.20775,7.58229],[80.20859,7.58137],[80.20753,7.58115],[80.20685,7.58215],[80.20617,7.58252],[80.20598,7.5828],[80.20446,7.58315],[80.20406,7.58343],[80.20337,7.58322],[80.20307,7.58379]]]}},{"type":"Feature","properties":{"c":"farmland"},"geometry":{"type":"Polygon","coordinates":[[[80.20216,7.59348],[80.20279,7.59376],[80.20311,7.59305],[80.20364,7.59329],[80.20386,7.59282],[80.20449,7.59284],[80.20372,7.59209],[80.20395,7.5916],[80.204,7.59132],[80.2033,7.59101],[80.20216,7.59348]]]}},{"type":"Feature","properties":{"c":"farmland"},"geometry":{"type":"Polygon","coordinates":[[[80.208,7.5953],[80.20853,7.59607],[80.20902,7.59468],[80.21211,7.59331],[80.21298,7.59198],[80.21332,7.59261],[80.21477,7.59293],[80.21491,7.59275],[80.21488,7.59089],[80.215,7.58946],[80.21461,7.58926],[80.2152,7.58803],[80.21493,7.58743],[80.21383,7.58676],[80.2135,7.58778],[80.21351,7.58822],[80.21327,7.58939],[80.21026,7.59254],[80.20983,7.59253],[80.20876,7.59389],[80.20806,7.59362],[80.208,7.5953]]]}},{"type":"Feature","properties":{"c":"farmland"},"geometry":{"type":"Polygon","coordinates":[[[80.21356,7.5862],[80.21416,7.58682],[80.21528,7.58728],[80.21546,7.58685],[80.21509,7.5867],[80.21529,7.58623],[80.21463,7.58557],[80.21443,7.58522],[80.21374,7.58503],[80.21356,7.5862]]]}},{"type":"Feature","properties":{"c":"farmland"},"geometry":{"type":"Polygon","coordinates":[[[80.21488,7.58903],[80.2155,7.58971],[80.21792,7.59047],[80.21941,7.59265],[80.21986,7.59231],[80.22076,7.5945],[80.22112,7.59452],[80.22186,7.59417],[80.22163,7.59295],[80.21929,7.58864],[80.21828,7.58862],[80.21812,7.58841],[80.21756,7.58826],[80.21783,7.58746],[80.21698,7.58736],[80.21738,7.58813],[80.21654,7.58866],[80.21533,7.58792],[80.21488,7.58903]]]}},{"type":"Feature","properties":{"c":"farmland"},"geometry":{"type":"Polygon","coordinates":[[[80.21388,7.59767],[80.21457,7.59822],[80.2156,7.59803],[80.21598,7.59645],[80.21525,7.59431],[80.21388,7.59767]]]}},{"type":"Feature","properties":{"c":"farmland"},"geometry":{"type":"Polygon","coordinates":[[[80.21148,7.59579],[80.21212,7.59599],[80.21246,7.59565],[80.21279,7.59597],[80.21254,7.59622],[80.21367,7.59733],[80.21495,7.59418],[80.21497,7.59323],[80.21335,7.59321],[80.21334,7.59451],[80.2124,7.5945],[80.21174,7.59499],[80.21148,7.59579]]]}},{"type":"Feature","properties":{"c":"farmland"},"geometry":{"type":"Polygon","coordinates":[[[80.20648,7.60466],[80.20682,7.60479],[80.20792,7.60337],[80.20897,7.60377],[80.20931,7.60449],[80.20955,7.60428],[80.20957,7.60326],[80.20946,7.60207],[80.21079,7.59947],[80.21169,7.5985],[80.21214,7.59877],[80.21244,7.5986],[80.21186,7.59779],[80.21227,7.59743],[80.2118,7.59699],[80.21101,7.59801],[80.21049,7.59833],[80.20965,7.59964],[80.20897,7.60056],[80.20839,7.60073],[80.20828,7.60218],[80.20777,7.60213],[80.2068,7.60294],[80.20686,7.60371],[80.20648,7.60466]]]}},{"type":"Feature","properties":{"c":"farmland"},"geometry":{"type":"Polygon","coordinates":[[[80.20432,7.5996],[80.20482,7.5999],[80.20476,7.59939],[80.20603,7.59811],[80.20583,7.59758],[80.20433,7.59889],[80.20432,7.5996]]]}},{"type":"Feature","properties":{"c":"farmland"},"geometry":{"type":"Polygon","coordinates":[[[80.21002,7.6068],[80.21019,7.60777],[80.21103,7.60626],[80.21206,7.60644],[80.21277,7.60795],[80.2137,7.60712],[80.21303,7.60627],[80.21317,7.60552],[80.21244,7.60461],[80.21304,7.60347],[80.21311,7.60211],[80.2136,7.60222],[80.21399,7.60202],[80.21371,7.60126],[80.21439,7.5994],[80.21317,7.59945],[80.21344,7.59938],[80.21345,7.5987],[80.21257,7.59872],[80.21252,7.59902],[80.21205,7.59977],[80.21133,7.60112],[80.21141,7.60245],[80.21131,7.60411],[80.21092,7.60542],[80.21002,7.6068]]]}},{"type":"Feature","properties":{"c":"farmland"},"geometry":{"type":"Polygon","coordinates":[[[80.20811,7.61231],[80.2093,7.61204],[80.20977,7.61167],[80.21101,7.61203],[80.21054,7.61366],[80.21086,7.61375],[80.21134,7.6121],[80.21129,7.61135],[80.21238,7.61083],[80.21329,7.61271],[80.2137,7.61274],[80.21373,7.61218],[80.21411,7.61264],[80.21419,7.61227],[80.21351,7.61108],[80.21363,7.6106],[80.21494,7.6103],[80.21498,7.60957],[80.21527,7.60918],[80.21609,7.60901],[80.21593,7.60882],[80.21646,7.60839],[80.21508,7.60823],[80.21417,7.60839],[80.21359,7.60816],[80.21412,7.60754],[80.21406,7.60725],[80.21241,7.60914],[80.21008,7.61089],[80.20825,7.61153],[80.20811,7.61231]]]}},{"type":"Feature","properties":{"c":"farmland"},"geometry":{"type":"Polygon","coordinates":[[[80.18141,7.56345],[80.18411,7.56531],[80.18483,7.56429],[80.18366,7.56349],[80.18369,7.56309],[80.18232,7.56215],[80.18141,7.56345]]]}},{"type":"Feature","properties":{"c":"farmland"},"geometry":{"type":"Polygon","coordinates":[[[80.18056,7.5651],[80.18123,7.56533],[80.18167,7.56508],[80.18224,7.56554],[80.18199,7.56585],[80.18237,7.56587],[80.1822,7.56612],[80.18258,7.56638],[80.18275,7.56613],[80.18307,7.56634],[80.18327,7.56604],[80.18314,7.56571],[80.18236,7.56511],[80.18256,7.56484],[80.18238,7.56454],[80.18246,7.5643],[80.18129,7.56348],[80.18096,7.56395],[80.18056,7.5651]]]}},{"type":"Feature","properties":{"c":"farmland"},"geometry":{"type":"Polygon","coordinates":[[[80.17766,7.56785],[80.17986,7.56689],[80.17975,7.56664],[80.18028,7.56641],[80.17982,7.56589],[80.17942,7.56606],[80.17892,7.56597],[80.17832,7.56654],[80.1781,7.56722],[80.17769,7.56739],[80.17766,7.56785]]]}},{"type":"Feature","properties":{"c":"farmland"},"geometry":{"type":"Polygon","coordinates":[[[80.17536,7.5664],[80.17574,7.56683],[80.17621,7.56641],[80.17662,7.56687],[80.17731,7.56626],[80.17687,7.56577],[80.17715,7.5653],[80.17811,7.56521],[80.1783,7.56414],[80.17804,7.56372],[80.17901,7.56416],[80.17904,7.56385],[80.17828,7.56308],[80.1778,7.56313],[80.17682,7.56184],[80.17669,7.56259],[80.1764,7.56271],[80.17536,7.5664]]]}},{"type":"Feature","properties":{"c":"farmland"},"geometry":{"type":"Polygon","coordinates":[[[80.17746,7.56805],[80.17746,7.56853],[80.17795,7.56865],[80.17822,7.56827],[80.17861,7.56829],[80.17893,7.56861],[80.17903,7.56897],[80.17946,7.56902],[80.17927,7.56935],[80.18106,7.56968],[80.18119,7.56898],[80.18028,7.56881],[80.18021,7.56817],[80.17946,7.56759],[80.17951,7.56726],[80.17746,7.56805]]]}},{"type":"Feature","properties":{"c":"farmland"},"geometry":{"type":"Polygon","coordinates":[[[80.18106,7.5699],[80.18292,7.57059],[80.18326,7.57043],[80.18391,7.56974],[80.18477,7.56973],[80.18462,7.56859],[80.18212,7.56822],[80.18171,7.56905],[80.18119,7.56898],[80.18106,7.5699]]]}},{"type":"Feature","properties":{"c":"farmland"},"geometry":{"type":"Polygon","coordinates":[[[80.18724,7.56994],[80.18778,7.56995],[80.18804,7.56962],[80.18861,7.56957],[80.18903,7.56849],[80.18859,7.56832],[80.18796,7.56869],[80.18727,7.56867],[80.18724,7.56994]]]}},{"type":"Feature","properties":{"c":"farmland"},"geometry":{"type":"Polygon","coordinates":[[[80.19474,7.5795],[80.19558,7.58105],[80.19655,7.57982],[80.19604,7.57835],[80.1954,7.57831],[80.19562,7.57873],[80.19474,7.5795]]]}},{"type":"Feature","properties":{"c":"farmland"},"geometry":{"type":"Polygon","coordinates":[[[80.19176,7.57904],[80.19344,7.58018],[80.19396,7.57943],[80.19387,7.57943],[80.19385,7.5781],[80.19463,7.57758],[80.19479,7.577],[80.19323,7.57658],[80.19285,7.57747],[80.19176,7.57904]]]}},{"type":"Feature","properties":{"c":"farmland"},"geometry":{"type":"Polygon","coordinates":[[[80.18999,7.58044],[80.19053,7.58083],[80.19054,7.58144],[80.19072,7.58157],[80.19071,7.58192],[80.19157,7.58111],[80.19197,7.58085],[80.1924,7.5807],[80.19275,7.58007],[80.19292,7.58021],[80.19247,7.5813],[80.19282,7.5821],[80.1933,7.58177],[80.19335,7.58144],[80.19303,7.58143],[80.1935,7.58066],[80.19296,7.57998],[80.19174,7.5792],[80.19139,7.57907],[80.19123,7.57966],[80.19075,7.57953],[80.19028,7.57984],[80.1901,7.58036],[80.18999,7.58044]]]}},{"type":"Feature","properties":{"c":"farmland"},"geometry":{"type":"Polygon","coordinates":[[[80.18544,7.58141],[80.18603,7.58201],[80.18659,7.58228],[80.18767,7.58218],[80.18882,7.58274],[80.189,7.58313],[80.189,7.5834],[80.1899,7.5831],[80.18982,7.58286],[80.18998,7.58266],[80.18995,7.58253],[80.18952,7.58261],[80.18947,7.58237],[80.18987,7.58144],[80.1904,7.58167],[80.19018,7.58129],[80.1903,7.58094],[80.1895,7.58044],[80.18823,7.58085],[80.18747,7.58032],[80.18706,7.57945],[80.18676,7.57959],[80.18679,7.58068],[80.18644,7.58118],[80.18593,7.58117],[80.18544,7.58141]]]}},{"type":"Feature","properties":{"c":"farmland"},"geometry":{"type":"Polygon","coordinates":[[[80.1869,7.57758],[80.18742,7.57808],[80.18803,7.57733],[80.18929,7.57697],[80.18989,7.57669],[80.19009,7.57618],[80.1891,7.57584],[80.18927,7.57542],[80.19002,7.57578],[80.19021,7.57529],[80.19088,7.57548],[80.19062,7.57461],[80.19079,7.57433],[80.18963,7.57318],[80.1877,7.57584],[80.18766,7.57642],[80.18706,7.57714],[80.1869,7.57758]]]}},{"type":"Feature","properties":{"c":"farmland"},"geometry":{"type":"Polygon","coordinates":[[[80.18363,7.57593],[80.18453,7.57655],[80.18513,7.57604],[80.18534,7.57559],[80.1859,7.57512],[80.18648,7.57453],[80.18685,7.5734],[80.18653,7.57334],[80.18541,7.57293],[80.18483,7.57374],[80.18397,7.57572],[80.18363,7.57593]]]}},{"type":"Feature","properties":{"c":"forest"},"geometry":{"type":"Polygon","coordinates":[[[80.17658,7.57031],[80.17669,7.57108],[80.17678,7.57115],[80.17774,7.57057],[80.17688,7.56974],[80.17658,7.57031]]]}},{"type":"Feature","properties":{"c":"farmland"},"geometry":{"type":"Polygon","coordinates":[[[80.17414,7.56965],[80.17494,7.56973],[80.1748,7.56996],[80.17514,7.57003],[80.17552,7.57001],[80.17572,7.56935],[80.17685,7.56908],[80.17723,7.56831],[80.17543,7.56881],[80.17487,7.56945],[80.17414,7.56965]]]}},{"type":"Feature","properties":{"c":"farmland"},"geometry":{"type":"Polygon","coordinates":[[[80.19368,7.58581],[80.19392,7.5863],[80.19445,7.58649],[80.19553,7.58515],[80.19702,7.58531],[80.19707,7.58485],[80.19909,7.58628],[80.19886,7.58682],[80.1996,7.58713],[80.19977,7.58598],[80.19917,7.5856],[80.19885,7.58458],[80.19782,7.58453],[80.19731,7.58392],[80.19546,7.58389],[80.19499,7.58376],[80.19368,7.58581]]]}},{"type":"Feature","properties":{"c":"farmland"},"geometry":{"type":"Polygon","coordinates":[[[80.19436,7.59322],[80.19482,7.59364],[80.19606,7.59272],[80.19653,7.5923],[80.19707,7.59268],[80.19814,7.59383],[80.19855,7.59353],[80.19769,7.59262],[80.19801,7.592],[80.19643,7.59187],[80.19647,7.59108],[80.19608,7.59065],[80.19596,7.5914],[80.19577,7.59182],[80.19542,7.59223],[80.19436,7.59322]]]}},{"type":"Feature","properties":{"c":"farmland"},"geometry":{"type":"Polygon","coordinates":[[[80.18955,7.59209],[80.19005,7.5923],[80.19057,7.59332],[80.19121,7.59349],[80.19215,7.59209],[80.19128,7.59151],[80.19151,7.59068],[80.191,7.59008],[80.19136,7.5893],[80.19171,7.58912],[80.19138,7.58849],[80.1907,7.58934],[80.18955,7.59209]]]}},{"type":"Feature","properties":{"c":"farmland"},"geometry":{"type":"Polygon","coordinates":[[[80.19349,7.59611],[80.19418,7.59657],[80.1939,7.59745],[80.19457,7.59766],[80.1949,7.5966],[80.19486,7.59617],[80.19518,7.59574],[80.19537,7.59579],[80.19604,7.59542],[80.19741,7.59616],[80.19773,7.59558],[80.19617,7.59474],[80.19465,7.59441],[80.19446,7.59426],[80.19417,7.59485],[80.19448,7.5958],[80.19349,7.59611]]]}},{"type":"Feature","properties":{"c":"farmland"},"geometry":{"type":"Polygon","coordinates":[[[80.18441,7.60006],[80.18519,7.60015],[80.18538,7.59991],[80.18563,7.59896],[80.1862,7.59845],[80.18765,7.60005],[80.18773,7.60104],[80.18798,7.60124],[80.18922,7.59967],[80.18924,7.59955],[80.1884,7.59893],[80.18832,7.59851],[80.18755,7.59834],[80.18668,7.59683],[80.18588,7.59665],[80.18504,7.59743],[80.18506,7.59845],[80.18441,7.60006]]]}},{"type":"Feature","properties":{"c":"farmland"},"geometry":{"type":"Polygon","coordinates":[[[80.18278,7.59231],[80.18305,7.59324],[80.1828,7.59379],[80.18341,7.59425],[80.18406,7.59559],[80.18381,7.59613],[80.18362,7.59607],[80.18328,7.5966],[80.18294,7.59679],[80.18323,7.59711],[80.18444,7.59654],[80.18484,7.59719],[80.18564,7.59646],[80.18651,7.59492],[80.18615,7.59479],[80.18573,7.59549],[80.18519,7.59596],[80.18502,7.59591],[80.18486,7.59395],[80.18468,7.59287],[80.18516,7.59256],[80.1862,7.59223],[80.1863,7.59172],[80.18767,7.5909],[80.18805,7.59142],[80.18867,7.59149],[80.1893,7.59199],[80.18969,7.59066],[80.19027,7.58938],[80.18944,7.58867],[80.18768,7.58981],[80.18658,7.58933],[80.18711,7.58855],[80.1866,7.58863],[80.18613,7.5891],[80.18542,7.58875],[80.18521,7.5882],[80.18497,7.58833],[80.18528,7.58909],[80.18335,7.59175],[80.18303,7.59178],[80.18278,7.59231]]]}},{"type":"Feature","properties":{"c":"farmland"},"geometry":{"type":"Polygon","coordinates":[[[80.17713,7.59261],[80.17839,7.59316],[80.17914,7.59448],[80.17961,7.59502],[80.17984,7.59596],[80.18065,7.59574],[80.18141,7.59326],[80.18206,7.59359],[80.18263,7.59365],[80.18278,7.59286],[80.18243,7.59239],[80.18278,7.59169],[80.18233,7.59154],[80.1816,7.592],[80.18023,7.59173],[80.17943,7.59123],[80.17993,7.59006],[80.17858,7.58957],[80.17826,7.59047],[80.17833,7.59118],[80.17794,7.59139],[80.17785,7.5916],[80.17713,7.59261]]]}},{"type":"Feature","properties":{"c":"farmland"},"geometry":{"type":"Polygon","coordinates":[[[80.17423,7.59708],[80.1749,7.59811],[80.1754,7.59781],[80.17514,7.59743],[80.17587,7.59593],[80.17781,7.5931],[80.17708,7.59271],[80.17533,7.59524],[80.17423,7.59708]]]}},{"type":"Feature","properties":{"c":"farmland"},"geometry":{"type":"Polygon","coordinates":[[[80.17586,7.59218],[80.17627,7.59249],[80.17669,7.59205],[80.17665,7.59163],[80.17697,7.5916],[80.17709,7.59132],[80.17634,7.59126],[80.17586,7.59218]]]}},{"type":"Feature","properties":{"c":"farmland"},"geometry":{"type":"Polygon","coordinates":[[[80.17412,7.59391],[80.17442,7.59409],[80.17487,7.59364],[80.17526,7.59375],[80.17484,7.59328],[80.17412,7.59391]]]}},{"type":"Feature","properties":{"c":"farmland"},"geometry":{"type":"Polygon","coordinates":[[[80.1821,7.60917],[80.18238,7.61043],[80.18294,7.61024],[80.18314,7.60952],[80.18446,7.60979],[80.18551,7.61017],[80.18518,7.61196],[80.18578,7.61207],[80.18606,7.61118],[80.18681,7.6113],[80.18731,7.61236],[80.18786,7.61071],[80.18733,7.61089],[80.18729,7.61065],[80.18701,7.61055],[80.1869,7.60953],[80.1866,7.60872],[80.18665,7.60849],[80.18779,7.60869],[80.18914,7.60864],[80.18939,7.60878],[80.18955,7.60774],[80.18979,7.60705],[80.18908,7.6069],[80.1886,7.60673],[80.18825,7.60694],[80.18743,7.60664],[80.18624,7.60659],[80.18572,7.60699],[80.18405,7.60633],[80.18362,7.60654],[80.18348,7.60734],[80.18393,7.60793],[80.18364,7.60885],[80.18311,7.60905],[80.1821,7.60917]]]}},{"type":"Feature","properties":{"c":"farmland"},"geometry":{"type":"Polygon","coordinates":[[[80.19724,7.60863],[80.19761,7.60951],[80.19779,7.60977],[80.19794,7.60968],[80.19787,7.60946],[80.19826,7.60905],[80.19853,7.60899],[80.19821,7.60948],[80.19935,7.61003],[80.19966,7.61004],[80.20003,7.61035],[80.2012,7.6116],[80.20109,7.6131],[80.20121,7.61335],[80.20173,7.61322],[80.20133,7.61264],[80.20139,7.61234],[80.20186,7.61247],[80.20205,7.61217],[80.20191,7.61201],[80.20193,7.61135],[80.20171,7.61125],[80.20166,7.61077],[80.20187,7.61066],[80.20205,7.61041],[80.2025,7.6101],[80.20208,7.60949],[80.20169,7.60974],[80.20166,7.61],[80.20136,7.61002],[80.20131,7.61022],[80.20022,7.6096],[80.19998,7.60981],[80.19926,7.60877],[80.19973,7.60844],[80.20072,7.60834],[80.20194,7.60767],[80.20222,7.60785],[80.20278,7.60757],[80.20271,7.60723],[80.20301,7.60701],[80.20296,7.60654],[80.20208,7.60674],[80.20096,7.60765],[80.20108,7.60779],[80.20088,7.6079],[80.20074,7.60766],[80.20002,7.60775],[80.19981,7.60737],[80.19968,7.60746],[80.1997,7.60661],[80.20007,7.60569],[80.19915,7.60574],[80.19902,7.60709],[80.19849,7.60828],[80.19724,7.60863]]]}},{"type":"Feature","properties":{"c":"farmland"},"geometry":{"type":"Polygon","coordinates":[[[80.11986,7.58256],[80.12,7.58333],[80.12077,7.58362],[80.12197,7.58147],[80.12152,7.58117],[80.12088,7.58088],[80.12048,7.58111],[80.12029,7.58146],[80.12031,7.58174],[80.11991,7.5818],[80.11986,7.58256]]]}},{"type":"Feature","properties":{"c":"farmland"},"geometry":{"type":"Polygon","coordinates":[[[80.21556,7.60991],[80.21631,7.61007],[80.21638,7.60983],[80.2156,7.60965],[80.21556,7.60991]]]}},{"type":"Feature","properties":{"c":"forest"},"geometry":{"type":"Polygon","coordinates":[[[80.13038,7.49906],[80.1305,7.49946],[80.13074,7.49981],[80.13107,7.50005],[80.13146,7.50017],[80.13187,7.50016],[80.13226,7.50002],[80.13258,7.49977],[80.1328,7.49942],[80.1329,7.49903],[80.13286,7.49862],[80.1327,7.49825],[80.13242,7.49795],[80.13206,7.49775],[80.13165,7.49768],[80.13123,7.49774],[80.13086,7.49795],[80.13057,7.49826],[80.13041,7.49864],[80.13038,7.49906]]]}},{"type":"Feature","properties":{"c":"farmland"},"geometry":{"type":"Polygon","coordinates":[[[80.13307,7.50759],[80.13318,7.50794],[80.1333,7.5079],[80.13346,7.50792],[80.13348,7.50797],[80.13447,7.50802],[80.13491,7.50782],[80.1347,7.50737],[80.13464,7.50734],[80.13431,7.50734],[80.13423,7.50729],[80.13398,7.50734],[80.13388,7.50758],[80.13366,7.50757],[80.13341,7.50763],[80.13337,7.50741],[80.13322,7.50728],[80.13308,7.50739],[80.13307,7.50759]]]}},{"type":"Feature","properties":{"c":"farmland"},"geometry":{"type":"Polygon","coordinates":[[[80.13388,7.50862],[80.13397,7.50882],[80.13407,7.50892],[80.1342,7.50892],[80.13457,7.50842],[80.13449,7.5083],[80.13455,7.5082],[80.13401,7.50819],[80.13413,7.50832],[80.13412,7.50841],[80.13398,7.50857],[80.13388,7.50862]]]}},{"type":"Feature","properties":{"c":"meadow"},"geometry":{"type":"Polygon","coordinates":[[[80.13554,7.50618],[80.13554,7.50671],[80.13603,7.50651],[80.13583,7.50606],[80.13554,7.50618]]]}},{"type":"Feature","properties":{"c":"farmland"},"geometry":{"type":"Polygon","coordinates":[[[80.13534,7.50706],[80.13588,7.50785],[80.13667,7.50759],[80.13683,7.50748],[80.13708,7.50764],[80.13711,7.50734],[80.13736,7.50673],[80.13673,7.50647],[80.13668,7.50658],[80.13657,7.50654],[80.13651,7.50643],[80.13593,7.50609],[80.13613,7.50655],[80.13552,7.50681],[80.13534,7.50706]]]}},{"type":"Feature","properties":{"c":"farmland"},"geometry":{"type":"Polygon","coordinates":[[[80.13712,7.50758],[80.1372,7.50764],[80.13727,7.50755],[80.13729,7.50735],[80.13746,7.50727],[80.13757,7.50757],[80.13799,7.5079],[80.13825,7.50758],[80.13794,7.50699],[80.1377,7.5068],[80.13771,7.50667],[80.1375,7.50664],[80.13738,7.50682],[80.13716,7.50732],[80.13712,7.50758]]]}},{"type":"Feature","properties":{"c":"farmland"},"geometry":{"type":"Polygon","coordinates":[[[80.14071,7.50442],[80.14077,7.50454],[80.14099,7.50475],[80.14137,7.50597],[80.14165,7.50589],[80.14183,7.50574],[80.14223,7.50559],[80.14251,7.50565],[80.1426,7.50549],[80.14286,7.50525],[80.14344,7.50504],[80.1435,7.5049],[80.14339,7.50472],[80.14335,7.5045],[80.14294,7.50394],[80.14268,7.50399],[80.14262,7.50392],[80.14259,7.50368],[80.14246,7.50366],[80.1411,7.50407],[80.14086,7.50435],[80.14071,7.50442]]]}},{"type":"Feature","properties":{"c":"farmland"},"geometry":{"type":"Polygon","coordinates":[[[80.1391,7.50436],[80.1392,7.50448],[80.1394,7.5046],[80.13988,7.50387],[80.13983,7.50384],[80.1397,7.50386],[80.13963,7.50379],[80.13943,7.50407],[80.1391,7.50436]]]}},{"type":"Feature","properties":{"c":"farmland"},"geometry":{"type":"Polygon","coordinates":[[[80.13925,7.50626],[80.13974,7.50633],[80.13983,7.50645],[80.1398,7.50661],[80.13988,7.50675],[80.13998,7.5067],[80.14003,7.5069],[80.14016,7.50702],[80.14039,7.50671],[80.14053,7.50661],[80.14094,7.50649],[80.14109,7.50636],[80.1412,7.50608],[80.14107,7.50518],[80.14093,7.5049],[80.14053,7.5051],[80.14017,7.50484],[80.14002,7.50466],[80.1401,7.50449],[80.14031,7.50428],[80.14015,7.50412],[80.13979,7.50427],[80.13945,7.50482],[80.13925,7.50626]]]}},{"type":"Feature","properties":{"c":"farmland"},"geometry":{"type":"Polygon","coordinates":[[[80.13793,7.5079],[80.13833,7.50836],[80.13926,7.50757],[80.13965,7.50779],[80.14009,7.50703],[80.13994,7.50679],[80.13956,7.50708],[80.13938,7.507],[80.13938,7.50682],[80.1392,7.50672],[80.13896,7.50716],[80.13874,7.5073],[80.13868,7.50745],[80.13846,7.50746],[80.13793,7.5079]]]}},{"type":"Feature","properties":{"c":"meadow"},"geometry":{"type":"Polygon","coordinates":[[[80.1312,7.53304],[80.13139,7.53329],[80.13166,7.53308],[80.13181,7.53253],[80.13133,7.5324],[80.13125,7.53245],[80.1312,7.53304]]]}},{"type":"Feature","properties":{"c":"farmland"},"geometry":{"type":"Polygon","coordinates":[[[80.1305,7.53307],[80.13082,7.53307],[80.13092,7.53296],[80.13112,7.53309],[80.13117,7.533],[80.13122,7.53246],[80.13112,7.53244],[80.13115,7.53239],[80.13107,7.53235],[80.1308,7.53233],[80.13079,7.53226],[80.13066,7.53225],[80.13062,7.53218],[80.13059,7.53224],[80.13074,7.53278],[80.13073,7.53292],[80.13052,7.53294],[80.1305,7.53307]]]}},{"type":"Feature","properties":{"c":"farmland"},"geometry":{"type":"Polygon","coordinates":[[[80.13204,7.54126],[80.13215,7.54148],[80.13225,7.54153],[80.13228,7.54162],[80.1325,7.54157],[80.13274,7.54138],[80.13247,7.54075],[80.13236,7.54076],[80.13231,7.54071],[80.13222,7.54079],[80.13224,7.54093],[80.13204,7.54126]]]}},{"type":"Feature","properties":{"c":"farmland"},"geometry":{"type":"Polygon","coordinates":[[[80.13232,7.54017],[80.13246,7.54062],[80.13279,7.54135],[80.13323,7.54116],[80.13329,7.54122],[80.13337,7.54067],[80.13331,7.54042],[80.13288,7.54056],[80.13272,7.5401],[80.13256,7.5399],[80.13236,7.54005],[80.13232,7.54017]]]}},{"type":"Feature","properties":{"c":"farmland"},"geometry":{"type":"Polygon","coordinates":[[[80.13344,7.54155],[80.13392,7.54176],[80.13408,7.54159],[80.13428,7.54167],[80.13458,7.54168],[80.13473,7.54192],[80.13466,7.54218],[80.13429,7.54236],[80.13432,7.54261],[80.13425,7.54274],[80.13409,7.54274],[80.13378,7.54339],[80.13385,7.54356],[80.134,7.54357],[80.13421,7.54345],[80.13411,7.54314],[80.13419,7.54288],[80.13434,7.54299],[80.13449,7.54299],[80.13465,7.5432],[80.13497,7.54296],[80.13552,7.54404],[80.13585,7.54401],[80.13634,7.54384],[80.13617,7.54374],[80.13588,7.54374],[80.13566,7.54362],[80.1354,7.54297],[80.13538,7.54273],[80.13556,7.5426],[80.13548,7.5424],[80.13566,7.54208],[80.13588,7.54204],[80.13625,7.54208],[80.13623,7.54229],[80.1376,7.54245],[80.13778,7.54267],[80.13761,7.54281],[80.13777,7.54288],[80.13801,7.54272],[80.13817,7.54241],[80.13824,7.54211],[80.13813,7.54195],[80.13777,7.54183],[80.13772,7.54197],[80.13755,7.54192],[80.13736,7.54173],[80.13712,7.54172],[80.13702,7.54159],[80.13685,7.5415],[80.13677,7.54135],[80.13678,7.54115],[80.13659,7.54105],[80.13651,7.54107],[80.13606,7.54066],[80.13579,7.54055],[80.13565,7.54054],[80.13554,7.54078],[80.13542,7.54072],[80.13535,7.5406],[80.13511,7.54073],[80.13471,7.54063],[80.13446,7.54067],[80.13435,7.54072],[80.13438,7.54105],[80.13432,7.54143],[80.13417,7.54145],[80.13348,7.54133],[80.13344,7.54155]]]}},{"type":"Feature","properties":{"c":"farmland"},"geometry":{"type":"Polygon","coordinates":[[[80.12901,7.50961],[80.12924,7.50973],[80.12947,7.50967],[80.12983,7.5094],[80.1299,7.50925],[80.13005,7.50916],[80.13028,7.50883],[80.13051,7.50818],[80.13075,7.50809],[80.13057,7.50791],[80.13052,7.50797],[80.13033,7.50791],[80.13017,7.50806],[80.13016,7.50817],[80.12981,7.50854],[80.12991,7.50862],[80.12951,7.50897],[80.1296,7.5091],[80.12937,7.50921],[80.12937,7.50929],[80.12925,7.50928],[80.12901,7.50961]]]}},{"type":"Feature","properties":{"c":"farmland"},"geometry":{"type":"Polygon","coordinates":[[[80.12654,7.51435],[80.12747,7.51489],[80.12798,7.51402],[80.1281,7.51409],[80.1284,7.51359],[80.12875,7.51329],[80.12834,7.51173],[80.12837,7.51136],[80.12793,7.51134],[80.12775,7.5116],[80.12766,7.51205],[80.12739,7.5124],[80.12753,7.51266],[80.12654,7.51435]]]}},{"type":"Feature","properties":{"c":"farmland"},"geometry":{"type":"Polygon","coordinates":[[[80.10739,7.50462],[80.10751,7.50467],[80.10776,7.50454],[80.10818,7.50451],[80.11087,7.50721],[80.11134,7.50722],[80.11196,7.50743],[80.11215,7.50756],[80.11227,7.50738],[80.1129,7.50743],[80.11298,7.50651],[80.11269,7.50656],[80.11237,7.50654],[80.1121,7.50672],[80.11188,7.50657],[80.11108,7.50659],[80.11081,7.50641],[80.11068,7.5064],[80.11029,7.5061],[80.10981,7.50531],[80.10987,7.50488],[80.11007,7.50477],[80.11113,7.50473],[80.11151,7.50492],[80.11151,7.50417],[80.11097,7.50417],[80.1107,7.5041],[80.11061,7.5042],[80.11041,7.50413],[80.11019,7.50412],[80.10994,7.50397],[80.10957,7.50414],[80.10936,7.50442],[80.10925,7.50421],[80.10845,7.50398],[80.10829,7.50403],[80.10774,7.5038],[80.10739,7.50462]]]}},{"type":"Feature","properties":{"c":"farmland"},"geometry":{"type":"Polygon","coordinates":[[[80.1074,7.50937],[80.10742,7.50953],[80.10759,7.50972],[80.1078,7.50976],[80.10784,7.50991],[80.10829,7.51024],[80.10841,7.51019],[80.10857,7.51028],[80.10866,7.51043],[80.10867,7.51059],[80.10878,7.51068],[80.10897,7.51047],[80.10891,7.51044],[80.10891,7.51018],[80.10881,7.5101],[80.10883,7.50999],[80.10873,7.50993],[80.10779,7.50942],[80.1077,7.50927],[80.10751,7.50917],[80.1074,7.50937]]]}},{"type":"Feature","properties":{"c":"farmland"},"geometry":{"type":"Polygon","coordinates":[[[80.10203,7.5027],[80.10551,7.50272],[80.10623,7.50054],[80.10524,7.50059],[80.10517,7.50046],[80.105,7.5004],[80.10463,7.50045],[80.10424,7.50034],[80.10419,7.50017],[80.10428,7.49972],[80.10423,7.49933],[80.10389,7.49899],[80.10203,7.5027]]]}},{"type":"Feature","properties":{"c":"farmland"},"geometry":{"type":"Polygon","coordinates":[[[80.10255,7.50594],[80.10266,7.50609],[80.10298,7.50588],[80.10321,7.50591],[80.10467,7.5067],[80.10492,7.50691],[80.10519,7.50695],[80.10532,7.50683],[80.10516,7.50664],[80.10486,7.5065],[80.10469,7.50627],[80.10435,7.50612],[80.10437,7.50591],[80.1037,7.50556],[80.10364,7.50514],[80.10337,7.50517],[80.1031,7.50541],[80.10287,7.50539],[80.10255,7.50594]]]}},{"type":"Feature","properties":{"c":"meadow"},"geometry":{"type":"Polygon","coordinates":[[[80.09699,7.51061],[80.097,7.51104],[80.09851,7.51016],[80.09844,7.50938],[80.09833,7.50915],[80.09797,7.5098],[80.09796,7.51012],[80.09775,7.51032],[80.09699,7.51061]]]}},{"type":"Feature","properties":{"c":"farmland"},"geometry":{"type":"Polygon","coordinates":[[[80.09983,7.51029],[80.10058,7.51045],[80.10075,7.51091],[80.10094,7.51099],[80.10089,7.51111],[80.10116,7.51122],[80.10136,7.51075],[80.10132,7.51053],[80.10156,7.51015],[80.10128,7.51],[80.10111,7.51001],[80.1008,7.50976],[80.10055,7.50982],[80.09996,7.5097],[80.09983,7.51029]]]}},{"type":"Feature","properties":{"c":"farmland"},"geometry":{"type":"Polygon","coordinates":[[[80.09794,7.51632],[80.09801,7.51654],[80.09835,7.51676],[80.09859,7.51712],[80.0992,7.51714],[80.09924,7.517],[80.09916,7.51687],[80.09922,7.5167],[80.09915,7.51598],[80.09872,7.5159],[80.09833,7.51594],[80.09794,7.51632]]]}},{"type":"Feature","properties":{"c":"farmland"},"geometry":{"type":"Polygon","coordinates":[[[80.09287,7.51846],[80.09304,7.51899],[80.0932,7.51894],[80.09347,7.51908],[80.09388,7.5189],[80.09412,7.51887],[80.09474,7.5186],[80.09516,7.51853],[80.09536,7.5184],[80.09548,7.51824],[80.0953,7.51799],[80.09509,7.51802],[80.0949,7.51823],[80.09484,7.51817],[80.09421,7.51818],[80.09403,7.51828],[80.09376,7.51819],[80.09339,7.51831],[80.09326,7.51845],[80.09304,7.51841],[80.09287,7.51846]]]}},{"type":"Feature","properties":{"c":"farmland"},"geometry":{"type":"Polygon","coordinates":[[[80.11722,7.5214],[80.11809,7.5211],[80.11825,7.52158],[80.11917,7.52127],[80.11911,7.52109],[80.11867,7.52124],[80.11856,7.52093],[80.11808,7.52109],[80.11796,7.52075],[80.11812,7.52033],[80.11843,7.52022],[80.11854,7.51959],[80.11844,7.51923],[80.1186,7.51848],[80.11832,7.51778],[80.11916,7.51521],[80.11908,7.51501],[80.11869,7.51551],[80.11884,7.51562],[80.11857,7.51596],[80.11838,7.51598],[80.11823,7.51592],[80.11804,7.51779],[80.11815,7.5182],[80.1181,7.51879],[80.11796,7.51921],[80.11817,7.51997],[80.11791,7.52004],[80.1178,7.51998],[80.11733,7.52077],[80.11722,7.5214]]]}},{"type":"Feature","properties":{"c":"farmland"},"geometry":{"type":"Polygon","coordinates":[[[80.08792,7.54914],[80.08793,7.55007],[80.08818,7.55023],[80.08868,7.55022],[80.08866,7.54913],[80.08792,7.54914]]]}},{"type":"Feature","properties":{"c":"farmland"},"geometry":{"type":"Polygon","coordinates":[[[80.0874,7.55574],[80.08761,7.55575],[80.08787,7.55583],[80.08792,7.556],[80.08813,7.5561],[80.08826,7.55594],[80.08821,7.55576],[80.08843,7.55563],[80.08934,7.55558],[80.08936,7.55597],[80.08961,7.55613],[80.08985,7.55611],[80.08993,7.55629],[80.09042,7.55627],[80.0904,7.55644],[80.0906,7.55641],[80.09062,7.55633],[80.09088,7.55629],[80.09104,7.55633],[80.09233,7.55619],[80.09239,7.55658],[80.09253,7.55656],[80.09248,7.5562],[80.09224,7.55615],[80.09221,7.55582],[80.09203,7.55579],[80.09192,7.55548],[80.09091,7.55561],[80.09073,7.55532],[80.08996,7.55505],[80.08937,7.55413],[80.08917,7.55438],[80.08846,7.55459],[80.08777,7.55457],[80.08775,7.55496],[80.08742,7.55495],[80.0874,7.55574]]]}},{"type":"Feature","properties":{"c":"forest"},"geometry":{"type":"Polygon","coordinates":[[[80.12846,7.55059],[80.1295,7.55126],[80.12992,7.55061],[80.12888,7.54995],[80.12846,7.55059]]]}},{"type":"Feature","properties":{"c":"farmland"},"geometry":{"type":"Polygon","coordinates":[[[80.12718,7.55249],[80.12744,7.55268],[80.12737,7.55289],[80.12779,7.55322],[80.12837,7.55147],[80.12832,7.5514],[80.12816,7.55135],[80.12809,7.55127],[80.12812,7.55115],[80.12792,7.55107],[80.12786,7.55117],[80.1276,7.55124],[80.12756,7.55141],[80.12759,7.55172],[80.12728,7.5522],[80.12718,7.55249]]]}},{"type":"Feature","properties":{"c":"farmland"},"geometry":{"type":"Polygon","coordinates":[[[80.12401,7.55534],[80.12427,7.55537],[80.12432,7.55523],[80.12477,7.55539],[80.1252,7.55529],[80.12604,7.5555],[80.12611,7.55523],[80.1262,7.55521],[80.12625,7.55543],[80.12621,7.5558],[80.12756,7.55561],[80.12776,7.55569],[80.12822,7.55627],[80.1288,7.55665],[80.12915,7.55614],[80.12848,7.5557],[80.12859,7.55552],[80.1285,7.55517],[80.12799,7.55419],[80.12785,7.5536],[80.12721,7.55307],[80.12713,7.55312],[80.12695,7.55256],[80.12661,7.55278],[80.12628,7.55391],[80.12619,7.55389],[80.12607,7.55404],[80.12596,7.55404],[80.12568,7.55481],[80.12475,7.55508],[80.1242,7.55486],[80.12401,7.55534]]]}},{"type":"Feature","properties":{"c":"farmland"},"geometry":{"type":"Polygon","coordinates":[[[80.12587,7.55723],[80.12689,7.55774],[80.12739,7.55766],[80.12783,7.55769],[80.12806,7.55784],[80.12828,7.55782],[80.12829,7.55795],[80.12812,7.55824],[80.1282,7.55846],[80.12867,7.559],[80.12893,7.55914],[80.12914,7.55997],[80.12911,7.56025],[80.12901,7.56057],[80.12888,7.56076],[80.12865,7.56081],[80.12808,7.56072],[80.12799,7.56083],[80.12799,7.56124],[80.12868,7.56125],[80.12914,7.56089],[80.12928,7.56071],[80.13012,7.56067],[80.13022,7.56052],[80.13033,7.56046],[80.13058,7.56048],[80.13111,7.55949],[80.13084,7.55935],[80.13085,7.55905],[80.13109,7.55879],[80.13148,7.55786],[80.13005,7.55665],[80.12942,7.55626],[80.12934,7.55609],[80.1292,7.55615],[80.12884,7.55673],[80.12823,7.55635],[80.12758,7.55567],[80.12615,7.55587],[80.12607,7.55659],[80.12615,7.55668],[80.12587,7.55723]]]}},{"type":"Feature","properties":{"c":"farmland"},"geometry":{"type":"Polygon","coordinates":[[[80.13024,7.56075],[80.13025,7.56129],[80.13056,7.5614],[80.13074,7.56132],[80.13091,7.56172],[80.1312,7.56195],[80.13153,7.56202],[80.13162,7.56239],[80.13325,7.56198],[80.13322,7.56185],[80.13299,7.56161],[80.13286,7.56137],[80.13289,7.56105],[80.13307,7.56099],[80.13324,7.56104],[80.13307,7.56079],[80.13245,7.56058],[80.13238,7.56023],[80.13256,7.55987],[80.13271,7.55994],[80.13279,7.56019],[80.13307,7.56001],[80.13356,7.55912],[80.13364,7.55888],[80.13267,7.55852],[80.13265,7.5584],[80.13258,7.55837],[80.13253,7.55844],[80.1318,7.55812],[80.1317,7.55793],[80.13158,7.55787],[80.13088,7.5593],[80.13114,7.55942],[80.13059,7.56059],[80.13031,7.56058],[80.13024,7.56075]]]}},{"type":"Feature","properties":{"c":"farmland"},"geometry":{"type":"Polygon","coordinates":[[[80.13081,7.56531],[80.1309,7.56565],[80.13109,7.56571],[80.13121,7.56584],[80.13119,7.56603],[80.13098,7.56607],[80.13103,7.56634],[80.13094,7.56649],[80.13108,7.56666],[80.13125,7.56702],[80.1322,7.56729],[80.13228,7.56698],[80.13252,7.56671],[80.1327,7.56687],[80.13292,7.56678],[80.13278,7.56661],[80.13268,7.56605],[80.13273,7.56589],[80.13326,7.56605],[80.13338,7.56567],[80.13276,7.56548],[80.13294,7.5649],[80.13288,7.5647],[80.133,7.56392],[80.13315,7.56364],[80.13316,7.56339],[80.13336,7.5634],[80.13356,7.56317],[80.13371,7.56322],[80.13383,7.56284],[80.13334,7.5627],[80.13316,7.56275],[80.13307,7.56267],[80.13361,7.56207],[80.13386,7.56189],[80.13383,7.56172],[80.13347,7.56179],[80.13326,7.56207],[80.13161,7.56243],[80.1315,7.5628],[80.13154,7.56307],[80.13135,7.56333],[80.13162,7.56353],[80.13178,7.56332],[80.13184,7.56336],[80.13136,7.564],[80.13118,7.56488],[80.13081,7.56531]]]}},{"type":"Feature","properties":{"c":"farmland"},"geometry":{"type":"Polygon","coordinates":[[[80.13075,7.56891],[80.13104,7.57024],[80.13232,7.56996],[80.13223,7.56955],[80.13233,7.56861],[80.13097,7.56847],[80.13079,7.5687],[80.13075,7.56891]]]}},{"type":"Feature","properties":{"c":"farmland"},"geometry":{"type":"Polygon","coordinates":[[[80.13578,7.57392],[80.13596,7.57509],[80.13651,7.57472],[80.13858,7.57476],[80.13873,7.57466],[80.13911,7.57427],[80.13916,7.57358],[80.13901,7.57361],[80.13856,7.57386],[80.1384,7.57359],[80.13823,7.57313],[80.13788,7.57303],[80.13782,7.57325],[80.13795,7.57345],[80.13794,7.57384],[80.1378,7.57385],[80.13763,7.57369],[80.13746,7.57386],[80.13724,7.57378],[80.13724,7.57348],[80.13698,7.57348],[80.13676,7.5736],[80.13676,7.57369],[80.13653,7.57381],[80.13578,7.57392]]]}},{"type":"Feature","properties":{"c":"farmland"},"geometry":{"type":"Polygon","coordinates":[[[80.13793,7.57195],[80.13821,7.57217],[80.13809,7.57232],[80.13814,7.57279],[80.13843,7.57268],[80.13842,7.57253],[80.13904,7.57223],[80.1392,7.57124],[80.13962,7.57114],[80.13991,7.57087],[80.13998,7.57052],[80.14021,7.57011],[80.14045,7.5699],[80.13998,7.56939],[80.1398,7.56955],[80.13966,7.56983],[80.13907,7.57019],[80.13872,7.57086],[80.1385,7.57108],[80.13836,7.57144],[80.13816,7.57136],[80.13793,7.57195]]]}},{"type":"Feature","properties":{"c":"farmland"},"geometry":{"type":"Polygon","coordinates":[[[80.14179,7.57694],[80.14208,7.57737],[80.14227,7.57737],[80.14303,7.57666],[80.14278,7.57639],[80.14355,7.57567],[80.14375,7.57574],[80.14392,7.57551],[80.14337,7.57509],[80.1426,7.57607],[80.14201,7.57574],[80.14185,7.57602],[80.142,7.57645],[80.14211,7.57654],[80.14229,7.57714],[80.14217,7.57714],[80.14196,7.57683],[80.14179,7.57694]]]}},{"type":"Feature","properties":{"c":"farmland"},"geometry":{"type":"Polygon","coordinates":[[[80.13882,7.57809],[80.13895,7.57829],[80.13916,7.57832],[80.13946,7.57867],[80.13946,7.5788],[80.13935,7.57888],[80.13915,7.57884],[80.13905,7.57893],[80.13917,7.57915],[80.13953,7.57947],[80.13963,7.57928],[80.13974,7.57926],[80.13976,7.57916],[80.13962,7.57889],[80.13981,7.57894],[80.13991,7.57855],[80.14034,7.57825],[80.14045,7.57808],[80.14051,7.57814],[80.14068,7.57798],[80.14095,7.57794],[80.14115,7.57773],[80.14115,7.5776],[80.14124,7.57757],[80.14129,7.57732],[80.14196,7.57676],[80.14181,7.57659],[80.14166,7.57655],[80.14169,7.57642],[80.14148,7.57612],[80.14064,7.57671],[80.14041,7.57709],[80.13882,7.57809]]]}},{"type":"Feature","properties":{"c":"farmland"},"geometry":{"type":"Polygon","coordinates":[[[80.12355,7.51429],[80.12356,7.51438],[80.1244,7.51435],[80.12483,7.51445],[80.12515,7.51447],[80.1251,7.51415],[80.12495,7.51412],[80.12447,7.51388],[80.12422,7.51384],[80.12401,7.51393],[80.12365,7.5139],[80.12369,7.51426],[80.12355,7.51429]]]}},{"type":"Feature","properties":{"c":"farmland"},"geometry":{"type":"Polygon","coordinates":[[[80.12521,7.51427],[80.12521,7.51449],[80.12537,7.5146],[80.1258,7.51462],[80.1263,7.51476],[80.12664,7.515],[80.12704,7.51505],[80.12706,7.51496],[80.12725,7.51479],[80.12652,7.51437],[80.12651,7.5143],[80.12618,7.51426],[80.12588,7.51399],[80.12566,7.51388],[80.12554,7.51387],[80.12542,7.51407],[80.12521,7.51427]]]}},{"type":"Feature","properties":{"c":"farmland"},"geometry":{"type":"Polygon","coordinates":[[[80.12649,7.5157],[80.12685,7.51613],[80.12701,7.51612],[80.12721,7.51597],[80.12723,7.51567],[80.12698,7.5152],[80.12678,7.51505],[80.12657,7.51528],[80.1265,7.5155],[80.12649,7.5157]]]}},{"type":"Feature","properties":{"c":"meadow"},"geometry":{"type":"Polygon","coordinates":[[[80.12681,7.51651],[80.12684,7.51672],[80.12701,7.51679],[80.1271,7.51697],[80.12707,7.51726],[80.12723,7.51764],[80.12738,7.51766],[80.12751,7.51787],[80.12784,7.51767],[80.12776,7.51754],[80.1276,7.51751],[80.1275,7.5174],[80.12745,7.51717],[80.12747,7.51703],[80.12736,7.51701],[80.12728,7.5169],[80.1273,7.51674],[80.12718,7.51642],[80.12697,7.51644],[80.12692,7.5164],[80.12681,7.51651]]]}},{"type":"Feature","properties":{"c":"farmland"},"geometry":{"type":"Polygon","coordinates":[[[80.12245,7.54042],[80.12248,7.54055],[80.12282,7.54072],[80.12291,7.54066],[80.12295,7.5407],[80.12319,7.54072],[80.1233,7.54045],[80.12324,7.54026],[80.12265,7.54015],[80.12256,7.54016],[80.12245,7.54042]]]}},{"type":"Feature","properties":{"c":"farmland"},"geometry":{"type":"Polygon","coordinates":[[[80.13609,7.55217],[80.13651,7.55259],[80.13691,7.5522],[80.13746,7.55177],[80.13889,7.55095],[80.13898,7.55096],[80.13935,7.55084],[80.13935,7.55032],[80.13889,7.55037],[80.13892,7.55049],[80.13864,7.55054],[80.13794,7.55099],[80.13722,7.55113],[80.13714,7.5513],[80.13701,7.55142],[80.13691,7.55139],[80.13641,7.55181],[80.13645,7.5519],[80.13631,7.55209],[80.13619,7.55207],[80.13609,7.55217]]]}},{"type":"Feature","properties":{"c":"farmland"},"geometry":{"type":"Polygon","coordinates":[[[80.13132,7.55362],[80.13153,7.55367],[80.13174,7.5536],[80.13216,7.55373],[80.13279,7.55413],[80.13304,7.55475],[80.13303,7.5551],[80.13333,7.55504],[80.13399,7.55512],[80.134,7.55535],[80.13442,7.55538],[80.13463,7.55548],[80.13455,7.55578],[80.13473,7.55599],[80.13512,7.55634],[80.1355,7.55659],[80.13582,7.5569],[80.13587,7.55705],[80.13635,7.55738],[80.13649,7.55732],[80.13674,7.55708],[80.13648,7.55672],[80.13662,7.55637],[80.13637,7.55612],[80.13653,7.55593],[80.13659,7.55575],[80.13611,7.55561],[80.13605,7.55546],[80.13585,7.55534],[80.13567,7.55502],[80.13531,7.55483],[80.13531,7.5547],[80.13549,7.55472],[80.13578,7.5546],[80.13595,7.55445],[80.13619,7.55434],[80.13631,7.55453],[80.13683,7.55473],[80.13746,7.55506],[80.13752,7.55475],[80.13763,7.55463],[80.13783,7.55411],[80.13741,7.55397],[80.13708,7.55379],[80.1368,7.55345],[80.13643,7.55314],[80.13638,7.55285],[80.13646,7.55263],[80.13601,7.55214],[80.13568,7.5524],[80.13487,7.55278],[80.13455,7.55287],[80.13425,7.55282],[80.13368,7.55297],[80.1334,7.55297],[80.13293,7.55289],[80.13235,7.55252],[80.13247,7.5518],[80.13235,7.55174],[80.13141,7.55338],[80.13132,7.55362]]]}},{"type":"Feature","properties":{"c":"farmland"},"geometry":{"type":"Polygon","coordinates":[[[80.13627,7.5588],[80.13634,7.55912],[80.1365,7.55906],[80.13643,7.55896],[80.13655,7.55871],[80.13678,7.55861],[80.13708,7.55883],[80.13711,7.55868],[80.13735,7.55855],[80.13748,7.5586],[80.1376,7.55857],[80.13778,7.55871],[80.13769,7.55893],[80.13779,7.55901],[80.13804,7.55861],[80.1379,7.55852],[80.13775,7.55832],[80.13783,7.55816],[80.13791,7.55811],[80.13795,7.55817],[80.13812,7.55803],[80.13844,7.5583],[80.1387,7.55811],[80.13899,7.55779],[80.13952,7.55756],[80.13962,7.55711],[80.14053,7.55615],[80.1412,7.55563],[80.14108,7.55549],[80.14084,7.55534],[80.14039,7.55451],[80.14008,7.55419],[80.13965,7.55433],[80.13883,7.55431],[80.13863,7.5544],[80.13845,7.55429],[80.13797,7.55418],[80.13774,7.55475],[80.13764,7.55481],[80.13753,7.55523],[80.13799,7.55529],[80.13819,7.55542],[80.13823,7.55607],[80.13816,7.5562],[80.13791,7.55632],[80.13771,7.55649],[80.1377,7.5567],[80.13742,7.55687],[80.13704,7.55698],[80.13712,7.55704],[80.13705,7.55719],[80.13688,7.55728],[80.13677,7.5572],[80.13653,7.55738],[80.13636,7.55757],[80.13643,7.55763],[80.13651,7.55792],[80.13652,7.55819],[80.13634,7.55847],[80.13627,7.5588]]]}},{"type":"Feature","properties":{"c":"farmland"},"geometry":{"type":"Polygon","coordinates":[[[80.13984,7.55742],[80.14004,7.55779],[80.14022,7.55786],[80.14037,7.55799],[80.14056,7.55802],[80.14062,7.55787],[80.141,7.55754],[80.141,7.55777],[80.14117,7.55763],[80.14135,7.5577],[80.14139,7.55747],[80.14151,7.55728],[80.1418,7.55766],[80.14286,7.55798],[80.14296,7.55792],[80.14304,7.55776],[80.14317,7.55766],[80.14316,7.55757],[80.14304,7.55755],[80.14298,7.55745],[80.14276,7.55739],[80.14264,7.5575],[80.14211,7.55729],[80.14187,7.55665],[80.14202,7.55643],[80.14186,7.55598],[80.14129,7.55571],[80.14068,7.55618],[80.141,7.55661],[80.14085,7.55678],[80.14066,7.55684],[80.14057,7.55708],[80.14039,7.55721],[80.14009,7.55717],[80.13997,7.55724],[80.13984,7.55742]]]}},{"type":"Feature","properties":{"c":"farmland"},"geometry":{"type":"Polygon","coordinates":[[[80.1475,7.56026],[80.14816,7.56062],[80.14891,7.56062],[80.1491,7.56051],[80.14918,7.55998],[80.149,7.55951],[80.14923,7.55913],[80.1495,7.55851],[80.14967,7.55828],[80.14995,7.55849],[80.15015,7.55843],[80.15062,7.5578],[80.15085,7.55771],[80.15097,7.5575],[80.15104,7.55713],[80.15123,7.55675],[80.15096,7.55666],[80.15077,7.55666],[80.15058,7.55723],[80.15036,7.55727],[80.15036,7.55736],[80.15014,7.55732],[80.1501,7.55746],[80.15017,7.55766],[80.15003,7.55759],[80.14991,7.55767],[80.14957,7.55804],[80.14961,7.55809],[80.14944,7.55813],[80.14897,7.55886],[80.14882,7.55899],[80.14873,7.55921],[80.1486,7.5598],[80.14791,7.55975],[80.1475,7.56026]]]}},{"type":"Feature","properties":{"c":"farmland"},"geometry":{"type":"Polygon","coordinates":[[[80.14683,7.5612],[80.14729,7.56168],[80.14738,7.56191],[80.147,7.56214],[80.14694,7.56248],[80.14723,7.56249],[80.14739,7.56262],[80.14753,7.56249],[80.14773,7.56253],[80.14802,7.56295],[80.14832,7.56294],[80.14828,7.56307],[80.1486,7.56326],[80.14868,7.5627],[80.14867,7.56237],[80.14886,7.56235],[80.14955,7.56207],[80.14948,7.56182],[80.14904,7.56131],[80.14905,7.56094],[80.1489,7.56072],[80.14821,7.56072],[80.1481,7.56077],[80.148,7.56126],[80.14782,7.56122],[80.14761,7.56106],[80.14739,7.56076],[80.14719,7.56071],[80.14683,7.5612]]]}},{"type":"Feature","properties":{"c":"farmland"},"geometry":{"type":"Polygon","coordinates":[[[80.14996,7.56362],[80.15011,7.56354],[80.15038,7.56362],[80.15045,7.56359],[80.1506,7.56332],[80.15085,7.56337],[80.15099,7.56381],[80.15122,7.56396],[80.15151,7.564],[80.1513,7.56426],[80.15131,7.56481],[80.1514,7.56489],[80.15201,7.5649],[80.15219,7.56464],[80.15241,7.56466],[80.15245,7.56455],[80.15265,7.56464],[80.15287,7.5646],[80.1532,7.56472],[80.15352,7.56466],[80.15419,7.56489],[80.15452,7.56535],[80.15458,7.56554],[80.15483,7.56555],[80.15486,7.56451],[80.15495,7.564],[80.15474,7.56395],[80.15466,7.56368],[80.15465,7.56337],[80.15494,7.56296],[80.1551,7.56301],[80.15524,7.56272],[80.1549,7.56252],[80.15482,7.56259],[80.15459,7.56249],[80.15443,7.56279],[80.15433,7.5627],[80.15457,7.56238],[80.1546,7.56223],[80.15435,7.56213],[80.15412,7.56217],[80.15405,7.56228],[80.15369,7.5624],[80.15378,7.56267],[80.15379,7.56298],[80.15375,7.56303],[80.15352,7.56302],[80.15315,7.56283],[80.15283,7.56287],[80.15207,7.5628],[80.15163,7.56293],[80.15127,7.56282],[80.15105,7.56269],[80.15077,7.56271],[80.15027,7.5625],[80.15017,7.56251],[80.14997,7.56324],[80.14996,7.56362]]]}},{"type":"Feature","properties":{"c":"farmland"},"geometry":{"type":"Polygon","coordinates":[[[80.12311,7.55918],[80.12371,7.55957],[80.1237,7.55941],[80.12405,7.55944],[80.12414,7.55935],[80.12421,7.55935],[80.1242,7.55966],[80.124,7.5602],[80.1246,7.56077],[80.12593,7.56082],[80.12597,7.56032],[80.12621,7.55981],[80.12628,7.55934],[80.12646,7.55897],[80.12652,7.55861],[80.12682,7.55782],[80.12595,7.55731],[80.12597,7.55764],[80.12581,7.55766],[80.12546,7.55787],[80.12466,7.55866],[80.12446,7.55866],[80.12409,7.55849],[80.12348,7.55839],[80.12311,7.55918]]]}},{"type":"Feature","properties":{"c":"farmland"},"geometry":{"type":"Polygon","coordinates":[[[80.12024,7.56034],[80.12034,7.56043],[80.12047,7.56076],[80.12068,7.56106],[80.12104,7.56189],[80.12122,7.56217],[80.12147,7.56213],[80.12152,7.56235],[80.12082,7.56315],[80.1204,7.56306],[80.12101,7.56348],[80.1214,7.56396],[80.12221,7.5654],[80.12243,7.56491],[80.12257,7.56436],[80.12291,7.56378],[80.1236,7.56375],[80.12379,7.56352],[80.12408,7.56365],[80.12426,7.5639],[80.12412,7.5644],[80.12386,7.56482],[80.12368,7.56526],[80.12392,7.56536],[80.12389,7.56565],[80.12434,7.56571],[80.12495,7.56565],[80.12539,7.5654],[80.12639,7.56494],[80.12645,7.56463],[80.12613,7.56447],[80.12586,7.56426],[80.12581,7.56403],[80.12592,7.56364],[80.1255,7.56342],[80.12549,7.56311],[80.12558,7.56263],[80.12603,7.56266],[80.12622,7.56104],[80.12585,7.56089],[80.1246,7.56087],[80.12394,7.56026],[80.12341,7.56032],[80.1231,7.56052],[80.12268,7.56062],[80.12233,7.56079],[80.12182,7.56041],[80.12126,7.56026],[80.12098,7.56005],[80.12063,7.56002],[80.12046,7.56012],[80.12034,7.56006],[80.12024,7.56034]]]}},{"type":"Feature","properties":{"c":"farmland"},"geometry":{"type":"Polygon","coordinates":[[[80.12304,7.56625],[80.12359,7.56651],[80.12359,7.56666],[80.12343,7.5669],[80.12347,7.56709],[80.1236,7.56718],[80.12412,7.56735],[80.12429,7.56719],[80.12442,7.56687],[80.12477,7.56654],[80.12522,7.56676],[80.12512,7.56696],[80.12571,7.56699],[80.12581,7.5669],[80.12632,7.56605],[80.12677,7.56569],[80.1265,7.56505],[80.1255,7.56549],[80.12501,7.56575],[80.12469,7.56583],[80.12345,7.56572],[80.12321,7.56585],[80.12304,7.56625]]]}},{"type":"Feature","properties":{"c":"farmland"},"geometry":{"type":"Polygon","coordinates":[[[80.11879,7.56729],[80.11939,7.56745],[80.11959,7.56732],[80.1197,7.56685],[80.12009,7.56701],[80.12007,7.56712],[80.12082,7.56749],[80.12123,7.56853],[80.12133,7.56858],[80.12147,7.56844],[80.12143,7.56834],[80.1215,7.56828],[80.12216,7.56849],[80.12214,7.56839],[80.12223,7.56814],[80.12228,7.56757],[80.12221,7.56734],[80.12239,7.56681],[80.12237,7.56673],[80.12212,7.56668],[80.1214,7.56662],[80.12108,7.56667],[80.12006,7.56654],[80.11975,7.5666],[80.11957,7.56679],[80.11881,7.56685],[80.11879,7.56729]]]}},{"type":"Feature","properties":{"c":"farmland"},"geometry":{"type":"Polygon","coordinates":[[[80.11628,7.56713],[80.11668,7.56772],[80.11643,7.56797],[80.11636,7.56833],[80.11691,7.56856],[80.11705,7.56848],[80.11726,7.56788],[80.11817,7.56811],[80.11833,7.56787],[80.11885,7.56782],[80.11894,7.56748],[80.11878,7.56737],[80.11874,7.5672],[80.11879,7.56678],[80.1185,7.56673],[80.11797,7.56654],[80.11796,7.5662],[80.11814,7.56548],[80.11834,7.56486],[80.11867,7.56426],[80.11848,7.56421],[80.11848,7.56427],[80.11779,7.56439],[80.11727,7.56455],[80.11669,7.56435],[80.11641,7.5652],[80.11716,7.56528],[80.11719,7.56574],[80.11739,7.56577],[80.11744,7.56607],[80.11697,7.56654],[80.11651,7.56686],[80.11628,7.56713]]]}},{"type":"Feature","properties":{"c":"farmland"},"geometry":{"type":"Polygon","coordinates":[[[80.12002,7.57384],[80.12014,7.57421],[80.12016,7.57504],[80.12041,7.57464],[80.12059,7.57458],[80.12061,7.57426],[80.12066,7.57409],[80.12066,7.57375],[80.12109,7.5727],[80.12086,7.572],[80.12026,7.57214],[80.12008,7.57234],[80.12047,7.57275],[80.12021,7.57363],[80.12002,7.57384]]]}},{"type":"Feature","properties":{"c":"farmland"},"geometry":{"type":"Polygon","coordinates":[[[80.11566,7.57515],[80.11579,7.57575],[80.11616,7.57576],[80.11642,7.57563],[80.11672,7.57561],[80.11692,7.57587],[80.11811,7.57623],[80.1183,7.57582],[80.1185,7.57558],[80.11892,7.57562],[80.11905,7.5753],[80.11919,7.57509],[80.11929,7.57464],[80.1194,7.57464],[80.11961,7.57431],[80.11954,7.5741],[80.11932,7.57414],[80.11928,7.57401],[80.11933,7.57385],[80.11968,7.57371],[80.11982,7.57357],[80.11939,7.57305],[80.11916,7.57251],[80.11881,7.57272],[80.11865,7.57304],[80.11866,7.57312],[80.11852,7.57337],[80.11838,7.57353],[80.1183,7.57391],[80.11803,7.57411],[80.11802,7.5742],[80.11772,7.57446],[80.11727,7.57476],[80.117,7.57471],[80.11693,7.57476],[80.11662,7.57474],[80.11633,7.57464],[80.11588,7.5746],[80.11575,7.57479],[80.11566,7.57515]]]}},{"type":"Feature","properties":{"c":"farmland"},"geometry":{"type":"Polygon","coordinates":[[[80.11558,7.57663],[80.11572,7.57681],[80.11571,7.57703],[80.11581,7.57703],[80.1163,7.57672],[80.11711,7.5765],[80.11746,7.57659],[80.1179,7.57693],[80.11816,7.57683],[80.1181,7.57628],[80.1169,7.57591],[80.11627,7.57592],[80.11617,7.57581],[80.11582,7.57579],[80.11558,7.57663]]]}},{"type":"Feature","properties":{"c":"farmland"},"geometry":{"type":"Polygon","coordinates":[[[80.11179,7.573],[80.11239,7.57338],[80.11286,7.5739],[80.11392,7.5761],[80.11409,7.57622],[80.1145,7.57632],[80.11437,7.57662],[80.11452,7.57666],[80.11519,7.57655],[80.11556,7.5766],[80.11579,7.57578],[80.11563,7.57515],[80.1153,7.57516],[80.11473,7.57508],[80.11476,7.57478],[80.11436,7.57478],[80.11432,7.5747],[80.11438,7.57452],[80.11505,7.57446],[80.11559,7.57457],[80.11575,7.57415],[80.11414,7.57367],[80.11347,7.57353],[80.11327,7.57327],[80.11278,7.57303],[80.11221,7.57255],[80.11179,7.573]]]}},{"type":"Feature","properties":{"c":"farmland"},"geometry":{"type":"Polygon","coordinates":[[[80.11967,7.57634],[80.11997,7.57645],[80.12003,7.57623],[80.12019,7.57628],[80.1202,7.57692],[80.12058,7.57686],[80.12094,7.5767],[80.12099,7.57648],[80.12127,7.57635],[80.12109,7.57608],[80.12081,7.5761],[80.12055,7.57593],[80.12019,7.57612],[80.11991,7.57617],[80.11995,7.57601],[80.11976,7.57609],[80.11977,7.57621],[80.11967,7.57634]]]}},{"type":"Feature","properties":{"c":"farmland"},"geometry":{"type":"Polygon","coordinates":[[[80.11799,7.57693],[80.11832,7.57764],[80.11852,7.57783],[80.11889,7.57801],[80.11929,7.57844],[80.11952,7.57874],[80.11965,7.57914],[80.11989,7.57916],[80.11974,7.57762],[80.11994,7.57733],[80.11966,7.57665],[80.11927,7.57667],[80.11872,7.5769],[80.11824,7.57686],[80.11799,7.57693]]]}},{"type":"Feature","properties":{"c":"farmland"},"geometry":{"type":"Polygon","coordinates":[[[80.09093,7.56799],[80.09139,7.56874],[80.09254,7.56974],[80.09298,7.56969],[80.09339,7.56979],[80.09353,7.56957],[80.09376,7.56957],[80.09405,7.56965],[80.0943,7.56948],[80.09458,7.56948],[80.09582,7.56822],[80.09639,7.56736],[80.09625,7.56723],[80.09585,7.56718],[80.09575,7.56692],[80.09517,7.56729],[80.09488,7.56722],[80.09497,7.56664],[80.0948,7.56655],[80.0948,7.56633],[80.09466,7.56599],[80.09424,7.56572],[80.09401,7.56548],[80.09382,7.56551],[80.0934,7.56502],[80.09279,7.56537],[80.09236,7.56544],[80.09203,7.5657],[80.09125,7.56573],[80.09096,7.56583],[80.09114,7.56691],[80.09129,7.56695],[80.09145,7.56756],[80.09116,7.56751],[80.09127,7.56787],[80.09093,7.56799]]]}},{"type":"Feature","properties":{"c":"farmland"},"geometry":{"type":"Polygon","coordinates":[[[80.09454,7.56959],[80.09509,7.56996],[80.09563,7.57021],[80.09925,7.56916],[80.09931,7.56851],[80.09892,7.56852],[80.09885,7.56819],[80.09829,7.56805],[80.09852,7.56775],[80.09843,7.56756],[80.09823,7.56757],[80.09799,7.56751],[80.09774,7.56797],[80.09749,7.56796],[80.0968,7.5681],[80.09649,7.56785],[80.0966,7.56763],[80.09647,7.56742],[80.09577,7.56842],[80.09537,7.56874],[80.09474,7.56944],[80.09454,7.56959]]]}},{"type":"Feature","properties":{"c":"farmland"},"geometry":{"type":"Polygon","coordinates":[[[80.09568,7.57028],[80.09689,7.57077],[80.09695,7.57116],[80.09727,7.57132],[80.09788,7.57127],[80.09812,7.57106],[80.09832,7.57106],[80.09837,7.57088],[80.09883,7.5707],[80.09929,7.57072],[80.09945,7.57049],[80.09976,7.57042],[80.10026,7.57053],[80.10022,7.56983],[80.0998,7.56961],[80.09987,7.56936],[80.09918,7.56924],[80.09568,7.57028]]]}},{"type":"Feature","properties":{"c":"farmland"},"geometry":{"type":"Polygon","coordinates":[[[80.09881,7.57113],[80.09953,7.57145],[80.09954,7.57155],[80.09995,7.57175],[80.10002,7.57153],[80.09991,7.57146],[80.09994,7.57134],[80.10068,7.57119],[80.10164,7.57113],[80.10172,7.57123],[80.10178,7.57072],[80.10125,7.57055],[80.10109,7.57066],[80.10098,7.57055],[80.10044,7.5706],[80.09974,7.57053],[80.09957,7.57058],[80.09938,7.57082],[80.09886,7.57079],[80.09881,7.57113]]]}},{"type":"Feature","properties":{"c":"farmland"},"geometry":{"type":"Polygon","coordinates":[[[80.10182,7.57135],[80.10242,7.5717],[80.10266,7.57195],[80.10266,7.57214],[80.10232,7.57207],[80.10196,7.57209],[80.10195,7.57235],[80.10299,7.5727],[80.1036,7.57282],[80.10396,7.57306],[80.10447,7.57329],[80.10469,7.57329],[80.10483,7.57291],[80.10534,7.57273],[80.10529,7.57234],[80.10542,7.57179],[80.10492,7.57195],[80.10443,7.57186],[80.10417,7.5719],[80.10395,7.57164],[80.1039,7.57188],[80.10371,7.57191],[80.10351,7.57168],[80.10291,7.57144],[80.10269,7.57141],[80.10265,7.57128],[80.10208,7.57107],[80.10184,7.57104],[80.10182,7.57135]]]}},{"type":"Feature","properties":{"c":"farmland"},"geometry":{"type":"Polygon","coordinates":[[[80.19619,7.62069],[80.19653,7.6207],[80.19754,7.62035],[80.19765,7.6196],[80.19796,7.61923],[80.19796,7.61913],[80.19781,7.61902],[80.19818,7.61791],[80.19819,7.6177],[80.19791,7.61766],[80.19771,7.61789],[80.19758,7.61788],[80.19726,7.6182],[80.19702,7.61864],[80.1968,7.61891],[80.19658,7.6194],[80.19646,7.61989],[80.1963,7.61988],[80.19619,7.62069]]]}},{"type":"Feature","properties":{"c":"farmland"},"geometry":{"type":"Polygon","coordinates":[[[80.16092,7.53153],[80.16105,7.53231],[80.16142,7.53221],[80.16162,7.53209],[80.16196,7.53237],[80.16204,7.53257],[80.16229,7.53282],[80.16201,7.53315],[80.16249,7.5332],[80.16265,7.53293],[80.16303,7.53289],[80.16325,7.53264],[80.16322,7.53227],[80.16415,7.5323],[80.16467,7.5322],[80.16483,7.53205],[80.16492,7.5323],[80.16568,7.53271],[80.1663,7.53296],[80.16622,7.53337],[80.16714,7.5336],[80.16725,7.53378],[80.16795,7.53418],[80.16886,7.53495],[80.16936,7.53544],[80.16927,7.53577],[80.16918,7.53589],[80.16958,7.53623],[80.16987,7.53637],[80.16996,7.53673],[80.17016,7.53684],[80.17028,7.53674],[80.17063,7.5376],[80.17105,7.5376],[80.17128,7.53732],[80.17118,7.53714],[80.1708,7.53684],[80.17114,7.5362],[80.17187,7.53599],[80.17203,7.53564],[80.17209,7.53517],[80.17224,7.53486],[80.17249,7.53399],[80.17253,7.53371],[80.17209,7.53297],[80.17162,7.53316],[80.17106,7.53317],[80.17068,7.53314],[80.17017,7.53294],[80.16872,7.53268],[80.16854,7.53241],[80.16832,7.53224],[80.168,7.5323],[80.16764,7.53227],[80.16672,7.53155],[80.16603,7.53154],[80.16581,7.53131],[80.16543,7.53122],[80.16535,7.5311],[80.16472,7.53095],[80.16477,7.53133],[80.1643,7.53127],[80.16389,7.53093],[80.16351,7.53097],[80.16337,7.53072],[80.16329,7.5304],[80.16298,7.53041],[80.16287,7.53077],[80.16243,7.53049],[80.16223,7.53068],[80.16206,7.53096],[80.16178,7.53115],[80.16166,7.53141],[80.16092,7.53153]]]}},{"type":"Feature","properties":{"c":"farmland"},"geometry":{"type":"Polygon","coordinates":[[[80.16721,7.53988],[80.16721,7.54035],[80.16737,7.54056],[80.16761,7.54062],[80.16809,7.54046],[80.16847,7.54104],[80.16847,7.5413],[80.16868,7.54141],[80.16861,7.54141],[80.16863,7.54172],[80.16881,7.5419],[80.16905,7.54189],[80.16937,7.54298],[80.16976,7.54308],[80.16972,7.54282],[80.16958,7.54245],[80.16999,7.54233],[80.16997,7.54185],[80.16989,7.54118],[80.16955,7.54087],[80.16949,7.54067],[80.16915,7.5405],[80.16886,7.54017],[80.16846,7.53999],[80.16828,7.53979],[80.16787,7.53972],[80.16748,7.53919],[80.1673,7.53955],[80.16721,7.53988]]]}},{"type":"Feature","properties":{"c":"farmland"},"geometry":{"type":"Polygon","coordinates":[[[80.15718,7.5394],[80.15791,7.53948],[80.15794,7.53916],[80.15812,7.53879],[80.15841,7.53879],[80.15904,7.53946],[80.15898,7.53966],[80.15955,7.53983],[80.16013,7.53984],[80.16021,7.53973],[80.16004,7.53945],[80.15961,7.53944],[80.15959,7.53924],[80.15971,7.53901],[80.15963,7.53832],[80.15992,7.53816],[80.16025,7.53824],[80.16036,7.53844],[80.1606,7.5385],[80.16045,7.53876],[80.1604,7.53915],[80.16027,7.53932],[80.16045,7.53945],[80.1607,7.53952],[80.16087,7.53973],[80.16139,7.53977],[80.16194,7.53992],[80.16252,7.53993],[80.1632,7.53982],[80.16346,7.53975],[80.1633,7.53926],[80.1625,7.53885],[80.16243,7.5385],[80.16232,7.53839],[80.16232,7.53771],[80.16257,7.53749],[80.16293,7.5374],[80.16324,7.53754],[80.16392,7.53771],[80.16402,7.538],[80.1647,7.53832],[80.16541,7.53876],[80.16555,7.53858],[80.1653,7.53827],[80.16526,7.53803],[80.1654,7.53742],[80.16513,7.53729],[80.16505,7.537],[80.16484,7.53684],[80.16421,7.53677],[80.16367,7.53662],[80.16308,7.53657],[80.16304,7.53647],[80.16285,7.5365],[80.16271,7.53635],[80.16213,7.53618],[80.16152,7.53619],[80.16153,7.53609],[80.16116,7.53588],[80.16062,7.5357],[80.16017,7.53576],[80.16005,7.53582],[80.15969,7.53576],[80.1594,7.53545],[80.15883,7.53455],[80.1586,7.53477],[80.1587,7.53498],[80.15908,7.53538],[80.15902,7.53565],[80.15841,7.53636],[80.15827,7.53666],[80.15804,7.5374],[80.15794,7.53795],[80.15786,7.53812],[80.15734,7.53876],[80.15729,7.53909],[80.15718,7.5394]]]}},{"type":"Feature","properties":{"c":"farmland"},"geometry":{"type":"Polygon","coordinates":[[[80.15781,7.59266],[80.15788,7.59345],[80.15816,7.59353],[80.15814,7.5935],[80.15841,7.59329],[80.15826,7.59264],[80.15781,7.59266]]]}}]}