{"type":"FeatureCollection","features":[{"type":"Feature","properties":{"c":"forest","n":"Thulhiriya Forest Reserve"},"geometry":{"type":"Polygon","coordinates":[[[80.22431,7.27853],[80.22839,7.28046],[80.23204,7.27327],[80.2329,7.27184],[80.22938,7.27116],[80.22792,7.27112],[80.22629,7.2725],[80.2253,7.27525],[80.22445,7.27663],[80.22431,7.27853]]]}},{"type":"Feature","properties":{"c":"residential"},"geometry":{"type":"Polygon","coordinates":[[[80.25697,6.98769],[80.25697,6.98781],[80.25705,6.9878],[80.25705,6.98769],[80.25697,6.98769]]]}},{"type":"Feature","properties":{"c":"residential"},"geometry":{"type":"Polygon","coordinates":[[[80.25695,6.9875],[80.25695,6.9876],[80.25702,6.98759],[80.25702,6.9875],[80.25695,6.9875]]]}},{"type":"Feature","properties":{"c":"residential"},"geometry":{"type":"Polygon","coordinates":[[[80.25739,6.98753],[80.25745,6.98764],[80.25759,6.98756],[80.25755,6.98747],[80.25739,6.98753]]]}},{"type":"Feature","properties":{"c":"residential"},"geometry":{"type":"Polygon","coordinates":[[[80.257,6.98744],[80.25709,6.98744],[80.2571,6.98736],[80.25701,6.98736],[80.257,6.98744]]]}},{"type":"Feature","properties":{"c":"residential"},"geometry":{"type":"Polygon","coordinates":[[[80.25682,6.98715],[80.25697,6.98718],[80.25699,6.9871],[80.25684,6.98707],[80.25682,6.98715]]]}},{"type":"Feature","properties":{"c":"residential"},"geometry":{"type":"Polygon","coordinates":[[[80.25587,6.98678],[80.25607,6.98687],[80.25613,6.98675],[80.25597,6.98667],[80.25587,6.98678]]]}},{"type":"Feature","properties":{"c":"residential"},"geometry":{"type":"Polygon","coordinates":[[[80.25633,6.98662],[80.25643,6.98664],[80.25645,6.9865],[80.25635,6.98649],[80.25633,6.98662]]]}},{"type":"Feature","properties":{"c":"residential"},"geometry":{"type":"Polygon","coordinates":[[[80.25604,6.98652],[80.25604,6.98661],[80.25613,6.9866],[80.25613,6.98652],[80.25604,6.98652]]]}},{"type":"Feature","properties":{"c":"meadow","n":"Udabage Estate"},"geometry":{"type":"Polygon","coordinates":[[[80.32381,6.96046],[80.32787,6.96221],[80.33276,6.96294],[80.33787,6.96328],[80.34049,6.95957],[80.34066,6.95561],[80.33697,6.95344],[80.32926,6.95301],[80.32465,6.95855],[80.32381,6.96046]]]}},{"type":"Feature","properties":{"c":"forest","n":"Kurulu Kele Bird Sanctuary"},"geometry":{"type":"Polygon","coordinates":[[[80.35044,7.25031],[80.35038,7.25066],[80.35047,7.25077],[80.35103,7.25089],[80.35128,7.25103],[80.35147,7.25126],[80.35144,7.25137],[80.35138,7.25141],[80.3512,7.2513],[80.35106,7.25131],[80.35098,7.25143],[80.351,7.25164],[80.35114,7.25168],[80.35153,7.25166],[80.35178,7.25179],[80.35202,7.25184],[80.35214,7.25192],[80.35217,7.25198],[80.35212,7.25235],[80.35204,7.25254],[80.35206,7.25283],[80.35215,7.25295],[80.3525,7.25321],[80.35252,7.2535],[80.35264,7.25372],[80.35286,7.25381],[80.35331,7.25385],[80.35347,7.25424],[80.35366,7.25433],[80.35379,7.2543],[80.35389,7.2542],[80.35399,7.25391],[80.35394,7.25335],[80.35369,7.2529],[80.35368,7.2528],[80.35377,7.25259],[80.35418,7.25243],[80.35465,7.2519],[80.35494,7.25184],[80.35533,7.25184],[80.35563,7.25171],[80.35608,7.25168],[80.35632,7.25152],[80.35652,7.2516],[80.35666,7.2516],[80.35673,7.25149],[80.35657,7.25135],[80.35653,7.25121],[80.35667,7.25074],[80.35679,7.25065],[80.35705,7.25066],[80.35717,7.25057],[80.3572,7.25046],[80.35709,7.2503],[80.35709,7.25004],[80.35685,7.2499],[80.35672,7.24973],[80.35652,7.24964],[80.35638,7.24948],[80.35623,7.24949],[80.35611,7.24944],[80.35598,7.24919],[80.35577,7.24918],[80.35537,7.24926],[80.35485,7.24922],[80.35372,7.2488],[80.35351,7.24885],[80.35345,7.24889],[80.35342,7.24902],[80.35346,7.24908],[80.35374,7.24915],[80.35382,7.24926],[80.35382,7.2494],[80.35359,7.24952],[80.35347,7.25001],[80.35349,7.2502],[80.35331,7.25027],[80.35318,7.25051],[80.35305,7.25059],[80.3528,7.2506],[80.35256,7.25049],[80.35218,7.24987],[80.35193,7.24972],[80.3518,7.24977],[80.35178,7.24984],[80.35185,7.25005],[80.35182,7.25018],[80.35173,7.2503],[80.35156,7.25041],[80.3512,7.25045],[80.35058,7.25029],[80.35044,7.25031]]]}},{"type":"Feature","properties":{"c":"park","n":"Kegalle Police Park"},"geometry":{"type":"Polygon","coordinates":[[[80.35355,7.25522],[80.35364,7.25527],[80.35417,7.25526],[80.35417,7.25501],[80.35356,7.25501],[80.35355,7.25522]]]}},{"type":"Feature","properties":{"c":"farmland"},"geometry":{"type":"Polygon","coordinates":[[[80.31557,7.31458],[80.31599,7.31463],[80.31604,7.31468],[80.31642,7.31464],[80.31667,7.31448],[80.31677,7.31447],[80.31679,7.31431],[80.31675,7.31423],[80.31621,7.31424],[80.3161,7.31432],[80.3157,7.31421],[80.31557,7.31458]]]}},{"type":"Feature","properties":{"c":"farmland","n":"Paddy field"},"geometry":{"type":"Polygon","coordinates":[[[80.3139,7.31376],[80.31418,7.31402],[80.31458,7.31411],[80.31482,7.31427],[80.31545,7.31445],[80.31549,7.31441],[80.31549,7.31424],[80.31526,7.31415],[80.31514,7.31405],[80.3151,7.31392],[80.31513,7.31357],[80.31485,7.3135],[80.31452,7.31328],[80.31441,7.31337],[80.31438,7.31349],[80.3139,7.31376]]]}},{"type":"Feature","properties":{"c":"farmland","n":"Paddy field"},"geometry":{"type":"Polygon","coordinates":[[[80.30609,7.29441],[80.30623,7.29459],[80.30691,7.29506],[80.30715,7.29554],[80.30788,7.2955],[80.30781,7.29514],[80.30747,7.295],[80.30729,7.29481],[80.30721,7.29462],[80.30718,7.29444],[80.30744,7.29406],[80.30747,7.29392],[80.30739,7.29385],[80.30747,7.29344],[80.30723,7.29325],[80.30706,7.29279],[80.30698,7.29272],[80.30685,7.29271],[80.30674,7.2926],[80.30674,7.29236],[80.30663,7.29239],[80.30654,7.29266],[80.30646,7.29343],[80.30621,7.29391],[80.30609,7.29441]]]}},{"type":"Feature","properties":{"c":"farmland","n":"Paddy field"},"geometry":{"type":"Polygon","coordinates":[[[80.30654,7.29592],[80.30655,7.29608],[80.30681,7.29625],[80.30697,7.29616],[80.30721,7.29621],[80.30737,7.29613],[80.30746,7.2962],[80.30752,7.29663],[80.30802,7.29636],[80.30799,7.29609],[80.30807,7.2957],[80.308,7.29562],[80.3079,7.29561],[80.3072,7.29563],[80.30661,7.29584],[80.30654,7.29592]]]}},{"type":"Feature","properties":{"c":"farmland","n":"Paddy field"},"geometry":{"type":"Polygon","coordinates":[[[80.30787,7.29778],[80.3083,7.29907],[80.3082,7.29928],[80.30818,7.29947],[80.30845,7.29977],[80.30873,7.29999],[80.30895,7.30056],[80.30893,7.30062],[80.30902,7.30076],[80.30905,7.30102],[80.30912,7.30107],[80.30923,7.30141],[80.30937,7.30156],[80.30941,7.30181],[80.30946,7.30188],[80.30989,7.30192],[80.31002,7.30173],[80.30985,7.30079],[80.30987,7.3005],[80.30983,7.30041],[80.30967,7.3003],[80.30958,7.29995],[80.30946,7.2998],[80.30937,7.29956],[80.30925,7.2995],[80.30915,7.29928],[80.30911,7.29907],[80.30916,7.29887],[80.30912,7.29878],[80.30908,7.29876],[80.309,7.29883],[80.30893,7.29875],[80.30899,7.29864],[80.30884,7.29801],[80.30851,7.29742],[80.30787,7.29778]]]}},{"type":"Feature","properties":{"c":"farmland","n":"Paddy field"},"geometry":{"type":"Polygon","coordinates":[[[80.30753,7.29672],[80.30781,7.2973],[80.30784,7.29775],[80.30846,7.29739],[80.30839,7.29702],[80.30806,7.29642],[80.30753,7.29672]]]}},{"type":"Feature","properties":{"c":"farmland","n":"Paddy field"},"geometry":{"type":"Polygon","coordinates":[[[80.30771,7.30431],[80.30775,7.30441],[80.3081,7.30426],[80.30852,7.30418],[80.30958,7.30441],[80.30995,7.3046],[80.31033,7.30491],[80.31031,7.30478],[80.3106,7.30471],[80.31059,7.30443],[80.31066,7.30433],[80.31071,7.30412],[80.31025,7.30255],[80.31012,7.30237],[80.31013,7.30222],[80.30995,7.30193],[80.30974,7.30197],[80.30951,7.30194],[80.30941,7.30213],[80.30939,7.30254],[80.30948,7.30278],[80.30948,7.30309],[80.30943,7.30321],[80.30933,7.30329],[80.30932,7.30358],[80.30917,7.30361],[80.30913,7.30352],[80.30909,7.30352],[80.30836,7.30411],[80.30805,7.30406],[80.30779,7.3042],[80.30771,7.30431]]]}},{"type":"Feature","properties":{"c":"farmland","n":"Paddy field"},"geometry":{"type":"Polygon","coordinates":[[[80.30782,7.30443],[80.30794,7.30469],[80.30811,7.30481],[80.30853,7.30535],[80.30868,7.30546],[80.30855,7.30569],[80.30856,7.30577],[80.30865,7.30592],[80.30877,7.30597],[80.30895,7.30592],[80.30906,7.30583],[80.30938,7.30582],[80.3101,7.30561],[80.31033,7.30549],[80.31056,7.3051],[80.31056,7.30499],[80.3103,7.30494],[80.30991,7.30462],[80.30953,7.30442],[80.30923,7.30441],[80.30855,7.30422],[80.30836,7.30422],[80.30782,7.30443]]]}},{"type":"Feature","properties":{"c":"farmland","n":"Paddy field"},"geometry":{"type":"Polygon","coordinates":[[[80.30335,7.29644],[80.30336,7.29659],[80.30345,7.29672],[80.30387,7.29684],[80.30402,7.29698],[80.3042,7.29696],[80.30414,7.29676],[80.30401,7.29658],[80.30335,7.29644]]]}},{"type":"Feature","properties":{"c":"farmland","n":"Paddy field"},"geometry":{"type":"Polygon","coordinates":[[[80.3045,7.29637],[80.30464,7.29647],[80.30471,7.2964],[80.30524,7.29631],[80.30538,7.29611],[80.30579,7.29605],[80.3058,7.29593],[80.30533,7.29587],[80.30516,7.29593],[80.30494,7.29583],[80.30464,7.29601],[80.3045,7.29637]]]}},{"type":"Feature","properties":{"c":"farmland","n":"Paddy field"},"geometry":{"type":"Polygon","coordinates":[[[80.30329,7.29566],[80.30338,7.29622],[80.30335,7.29635],[80.30407,7.29647],[80.30457,7.29595],[80.30491,7.2957],[80.30516,7.29515],[80.30517,7.29441],[80.30532,7.29397],[80.30537,7.29342],[80.30516,7.2934],[80.30501,7.29322],[80.30502,7.29305],[80.30473,7.29262],[80.30447,7.2921],[80.30456,7.29143],[80.30435,7.29091],[80.30427,7.29052],[80.30416,7.2904],[80.30421,7.29103],[80.30418,7.29116],[80.30433,7.29143],[80.30436,7.29179],[80.30415,7.29207],[80.30434,7.2923],[80.30435,7.29246],[80.30466,7.29288],[80.30452,7.29319],[80.30459,7.29338],[80.30472,7.29356],[80.3048,7.29382],[80.30473,7.29399],[80.30462,7.29408],[80.30437,7.29406],[80.3042,7.29418],[80.30421,7.29452],[80.30392,7.29475],[80.30367,7.29518],[80.30334,7.29551],[80.30329,7.29566]]]}},{"type":"Feature","properties":{"c":"farmland","n":"Paddy field"},"geometry":{"type":"Polygon","coordinates":[[[80.27342,7.27016],[80.27357,7.27051],[80.2737,7.27053],[80.27395,7.27045],[80.27407,7.27034],[80.27449,7.27028],[80.27486,7.26998],[80.2752,7.26981],[80.27521,7.26963],[80.2751,7.26921],[80.27487,7.269],[80.27473,7.26912],[80.27459,7.26938],[80.27446,7.2694],[80.27427,7.26971],[80.27388,7.26982],[80.27381,7.27012],[80.27358,7.2702],[80.27342,7.27016]]]}},{"type":"Feature","properties":{"c":"farmland","n":"Paddy field"},"geometry":{"type":"Polygon","coordinates":[[[80.27109,7.27011],[80.27128,7.27026],[80.27134,7.27044],[80.27189,7.2711],[80.27199,7.27146],[80.27304,7.2713],[80.27314,7.27096],[80.27337,7.2705],[80.27333,7.2702],[80.27317,7.2699],[80.27293,7.26993],[80.27263,7.27021],[80.27242,7.27022],[80.27223,7.27014],[80.27164,7.27018],[80.27146,7.27009],[80.27115,7.27005],[80.27109,7.27011]]]}},{"type":"Feature","properties":{"c":"farmland","n":"Paddy field"},"geometry":{"type":"Polygon","coordinates":[[[80.27315,7.27117],[80.27362,7.27135],[80.27368,7.2712],[80.27386,7.2712],[80.27394,7.27114],[80.27394,7.2711],[80.2733,7.27079],[80.27315,7.27117]]]}},{"type":"Feature","properties":{"c":"quarry"},"geometry":{"type":"Polygon","coordinates":[[[80.27255,7.08633],[80.27257,7.08657],[80.27267,7.08677],[80.27335,7.08647],[80.27348,7.08637],[80.27355,7.08622],[80.27337,7.08608],[80.27306,7.08606],[80.27276,7.08613],[80.27255,7.08633]]]}},{"type":"Feature","properties":{"c":"farmland","n":"Paddy field"},"geometry":{"type":"Polygon","coordinates":[[[80.31469,7.31328],[80.315,7.31345],[80.31517,7.31346],[80.31526,7.31335],[80.3157,7.3131],[80.31592,7.31279],[80.31596,7.31249],[80.3159,7.31231],[80.31544,7.31243],[80.31533,7.31233],[80.3153,7.31223],[80.31534,7.3121],[80.31523,7.31212],[80.31516,7.31222],[80.31516,7.31234],[80.31531,7.31266],[80.31482,7.31309],[80.31469,7.31328]]]}},{"type":"Feature","properties":{"c":"industrial","n":"dsi company"},"geometry":{"type":"Polygon","coordinates":[[[80.32884,7.05295],[80.32886,7.05342],[80.32917,7.05343],[80.32921,7.05293],[80.32884,7.05295]]]}},{"type":"Feature","properties":{"c":"park"},"geometry":{"type":"Polygon","coordinates":[[[80.44588,7.25254],[80.44593,7.25262],[80.44606,7.25263],[80.44616,7.25257],[80.44616,7.2525],[80.44611,7.2524],[80.44593,7.25242],[80.44588,7.25254]]]}},{"type":"Feature","properties":{"c":"residential"},"geometry":{"type":"Polygon","coordinates":[[[80.43869,7.13407],[80.4391,7.13468],[80.43926,7.13506],[80.43952,7.13534],[80.44014,7.13536],[80.44041,7.13561],[80.44039,7.13589],[80.44032,7.13604],[80.44005,7.13626],[80.43969,7.13605],[80.43922,7.13594],[80.43932,7.13624],[80.43988,7.13644],[80.44003,7.13675],[80.43985,7.13729],[80.44052,7.13778],[80.44074,7.13747],[80.44083,7.13712],[80.44082,7.13688],[80.44117,7.13699],[80.44144,7.13672],[80.44189,7.13644],[80.44194,7.13697],[80.44217,7.13696],[80.44233,7.13671],[80.44223,7.13633],[80.44175,7.13569],[80.44201,7.1355],[80.44247,7.13576],[80.4426,7.13564],[80.44234,7.13539],[80.44191,7.13522],[80.44154,7.13544],[80.44139,7.13548],[80.44121,7.13593],[80.44101,7.13626],[80.44075,7.1364],[80.44055,7.13624],[80.44059,7.13594],[80.44079,7.13557],[80.44086,7.13532],[80.44081,7.13497],[80.44042,7.13491],[80.4397,7.13462],[80.43921,7.1339],[80.43902,7.13382],[80.43869,7.13407]]]}},{"type":"Feature","properties":{"c":"farmland","n":"Paddy fields"},"geometry":{"type":"Polygon","coordinates":[[[80.4334,7.1725],[80.43344,7.17259],[80.4336,7.17254],[80.43371,7.17256],[80.43375,7.17268],[80.43355,7.17287],[80.43359,7.17296],[80.43389,7.17287],[80.43406,7.17291],[80.43414,7.17277],[80.43396,7.17257],[80.43394,7.17241],[80.43397,7.17224],[80.43408,7.17199],[80.43392,7.17187],[80.43372,7.17188],[80.43367,7.17207],[80.43345,7.17218],[80.4334,7.1725]]]}},{"type":"Feature","properties":{"c":"farmland","n":"Paddy fields"},"geometry":{"type":"Polygon","coordinates":[[[80.43063,7.17331],[80.43073,7.17335],[80.43088,7.17349],[80.43085,7.17385],[80.43104,7.17391],[80.43131,7.17393],[80.43136,7.17383],[80.43132,7.17372],[80.43114,7.17357],[80.43135,7.17344],[80.43157,7.17343],[80.43197,7.17365],[80.43219,7.17368],[80.43221,7.17381],[80.4321,7.17399],[80.43212,7.1741],[80.43234,7.17386],[80.43264,7.17333],[80.43295,7.17323],[80.43294,7.17312],[80.43272,7.17295],[80.43254,7.17244],[80.43205,7.17263],[80.43161,7.17296],[80.43134,7.1731],[80.43092,7.17312],[80.4307,7.17306],[80.43063,7.17331]]]}},{"type":"Feature","properties":{"c":"farmland","n":"Paddy fields"},"geometry":{"type":"Polygon","coordinates":[[[80.43418,7.17595],[80.43419,7.17607],[80.43468,7.17628],[80.43477,7.17643],[80.43529,7.17609],[80.43539,7.17608],[80.43603,7.17626],[80.43615,7.17606],[80.43546,7.17567],[80.43489,7.17578],[80.43471,7.1755],[80.43479,7.17502],[80.43496,7.17455],[80.43514,7.17437],[80.43534,7.1743],[80.43571,7.17435],[80.43607,7.1743],[80.43648,7.17434],[80.43707,7.17451],[80.43712,7.17409],[80.43724,7.17403],[80.43736,7.17413],[80.43749,7.17435],[80.43772,7.17437],[80.43812,7.17417],[80.43841,7.17427],[80.43863,7.1745],[80.43909,7.17452],[80.43956,7.17447],[80.43781,7.17247],[80.43697,7.17259],[80.43611,7.17262],[80.43601,7.17292],[80.43575,7.17308],[80.43548,7.17298],[80.43532,7.17299],[80.43494,7.17362],[80.43483,7.17394],[80.43484,7.1742],[80.43464,7.17445],[80.43466,7.17475],[80.43458,7.17483],[80.43461,7.17541],[80.43456,7.1757],[80.43435,7.1759],[80.43418,7.17595]]]}},{"type":"Feature","properties":{"c":"farmland","n":"Paddy fields"},"geometry":{"type":"Polygon","coordinates":[[[80.43899,7.16642],[80.43905,7.16649],[80.43914,7.1665],[80.43958,7.16618],[80.43984,7.16614],[80.43988,7.16604],[80.44001,7.16608],[80.44003,7.166],[80.43956,7.1658],[80.43946,7.16582],[80.43926,7.16614],[80.43904,7.16627],[80.43899,7.16642]]]}},{"type":"Feature","properties":{"c":"farmland"},"geometry":{"type":"Polygon","coordinates":[[[80.22021,7.13872],[80.22028,7.13893],[80.22057,7.13897],[80.22084,7.13859],[80.22084,7.13847],[80.22104,7.13837],[80.22109,7.1373],[80.22099,7.13681],[80.22085,7.13675],[80.22061,7.13705],[80.22056,7.13726],[80.22069,7.13773],[80.22055,7.13799],[80.22032,7.13828],[80.22033,7.13845],[80.22021,7.13872]]]}},{"type":"Feature","properties":{"c":"farmland"},"geometry":{"type":"Polygon","coordinates":[[[80.22177,7.14234],[80.22202,7.14236],[80.22232,7.14247],[80.22251,7.14227],[80.22267,7.14185],[80.22267,7.14158],[80.22242,7.14145],[80.22242,7.14125],[80.22262,7.14096],[80.22213,7.14057],[80.22197,7.14075],[80.2219,7.14103],[80.22213,7.14112],[80.22215,7.14134],[80.22185,7.142],[80.22177,7.14234]]]}},{"type":"Feature","properties":{"c":"farmland"},"geometry":{"type":"Polygon","coordinates":[[[80.21211,7.13542],[80.21223,7.13555],[80.21248,7.13545],[80.21262,7.13529],[80.21314,7.13499],[80.21353,7.13455],[80.21356,7.13424],[80.21372,7.13396],[80.21392,7.13373],[80.21397,7.13346],[80.21386,7.13311],[80.21403,7.13264],[80.21416,7.13249],[80.21431,7.13249],[80.21444,7.1326],[80.21514,7.1335],[80.21528,7.13354],[80.21548,7.13324],[80.21569,7.13333],[80.21587,7.13327],[80.21602,7.1329],[80.21594,7.13277],[80.21577,7.13274],[80.21556,7.13278],[80.21502,7.13226],[80.21484,7.1322],[80.21452,7.13227],[80.21432,7.13219],[80.21425,7.13206],[80.21354,7.13169],[80.21342,7.13207],[80.21348,7.13232],[80.2129,7.13242],[80.21283,7.13258],[80.2129,7.13284],[80.2129,7.13304],[80.21269,7.13339],[80.21239,7.13362],[80.21244,7.13373],[80.21325,7.13383],[80.21294,7.1341],[80.21287,7.13447],[80.21278,7.13458],[80.21274,7.13493],[80.2124,7.13504],[80.21218,7.13521],[80.21211,7.13542]]]}},{"type":"Feature","properties":{"c":"farmland"},"geometry":{"type":"Polygon","coordinates":[[[80.20512,7.14376],[80.20548,7.14395],[80.2057,7.14393],[80.2059,7.14405],[80.20597,7.1442],[80.20621,7.14432],[80.20649,7.14432],[80.20677,7.14415],[80.20687,7.14389],[80.20702,7.14382],[80.20703,7.14366],[80.20711,7.14352],[80.20746,7.1434],[80.20787,7.14291],[80.2081,7.14251],[80.20839,7.14235],[80.20876,7.14195],[80.20862,7.14174],[80.20801,7.14208],[80.20773,7.14206],[80.2075,7.14189],[80.20724,7.14158],[80.20717,7.14136],[80.20733,7.14091],[80.20724,7.14078],[80.20709,7.14085],[80.20692,7.14133],[80.20695,7.14168],[80.20755,7.14209],[80.20756,7.14229],[80.20738,7.14306],[80.20722,7.14327],[80.20685,7.1435],[80.20653,7.14378],[80.20623,7.14392],[80.20596,7.14382],[80.20584,7.1436],[80.2055,7.14323],[80.20538,7.14325],[80.20523,7.14344],[80.20512,7.14376]]]}},{"type":"Feature","properties":{"c":"farmland"},"geometry":{"type":"Polygon","coordinates":[[[80.19272,7.14459],[80.19549,7.14456],[80.19581,7.14443],[80.1957,7.14431],[80.19531,7.14431],[80.19507,7.14423],[80.19487,7.14427],[80.19412,7.14404],[80.19382,7.14406],[80.19339,7.14421],[80.1931,7.14424],[80.19292,7.14435],[80.19272,7.14459]]]}},{"type":"Feature","properties":{"c":"farmland"},"geometry":{"type":"Polygon","coordinates":[[[80.21932,7.12598],[80.21937,7.12613],[80.21974,7.12602],[80.22,7.12541],[80.22037,7.12527],[80.22055,7.12468],[80.22047,7.12438],[80.22049,7.12405],[80.22069,7.12384],[80.221,7.12304],[80.22073,7.12285],[80.22044,7.12292],[80.22028,7.12303],[80.22009,7.12386],[80.2199,7.12424],[80.21973,7.12436],[80.21957,7.12508],[80.21946,7.12523],[80.21932,7.12598]]]}},{"type":"Feature","properties":{"c":"farmland"},"geometry":{"type":"Polygon","coordinates":[[[80.21293,7.12648],[80.213,7.1266],[80.21321,7.12664],[80.21344,7.12677],[80.21385,7.1263],[80.21406,7.12623],[80.21421,7.12627],[80.21513,7.12685],[80.21496,7.12727],[80.21493,7.12759],[80.21518,7.12769],[80.21572,7.12777],[80.21594,7.12768],[80.21606,7.12751],[80.21609,7.12712],[80.21602,7.12682],[80.21606,7.12658],[80.21599,7.12629],[80.21583,7.12619],[80.21556,7.12629],[80.21529,7.1266],[80.21518,7.12663],[80.21411,7.1259],[80.21385,7.12582],[80.2136,7.12611],[80.21356,7.12626],[80.21342,7.12633],[80.21303,7.12639],[80.21293,7.12648]]]}},{"type":"Feature","properties":{"c":"farmland"},"geometry":{"type":"Polygon","coordinates":[[[80.1746,7.14223],[80.17469,7.14232],[80.17478,7.14263],[80.17609,7.14305],[80.17628,7.14324],[80.17698,7.1435],[80.17716,7.14406],[80.17692,7.14452],[80.17825,7.14452],[80.17826,7.14444],[80.17812,7.14434],[80.17785,7.14427],[80.17765,7.14384],[80.17766,7.14346],[80.17752,7.14331],[80.177,7.14327],[80.17672,7.1432],[80.17665,7.1426],[80.1768,7.14177],[80.17695,7.14176],[80.17705,7.14163],[80.17699,7.14145],[80.17688,7.14132],[80.17693,7.14118],[80.17716,7.14123],[80.17721,7.14082],[80.17684,7.14073],[80.17686,7.14096],[80.1767,7.14099],[80.17663,7.14126],[80.17626,7.14201],[80.17634,7.1429],[80.17627,7.14294],[80.17583,7.14254],[80.17473,7.14203],[80.1746,7.14223]]]}},{"type":"Feature","properties":{"c":"farmland"},"geometry":{"type":"Polygon","coordinates":[[[80.15764,7.14176],[80.15865,7.14207],[80.15915,7.14115],[80.15975,7.14143],[80.16,7.14074],[80.16005,7.14044],[80.15958,7.1402],[80.15911,7.14076],[80.15879,7.14037],[80.15874,7.14014],[80.15879,7.13992],[80.15867,7.13982],[80.15855,7.13983],[80.15822,7.1401],[80.15786,7.14111],[80.15766,7.14149],[80.15764,7.14176]]]}},{"type":"Feature","properties":{"c":"farmland"},"geometry":{"type":"Polygon","coordinates":[[[80.16042,7.14414],[80.16055,7.14426],[80.16052,7.14455],[80.16169,7.14455],[80.16166,7.14439],[80.16143,7.1441],[80.16137,7.14377],[80.1615,7.14336],[80.16129,7.14251],[80.16165,7.14177],[80.16192,7.14164],[80.1619,7.14145],[80.16212,7.14083],[80.16205,7.14061],[80.16141,7.14148],[80.16139,7.14176],[80.16126,7.14217],[80.16104,7.14254],[80.16104,7.14303],[80.16071,7.14374],[80.16052,7.14395],[80.16042,7.14414]]]}},{"type":"Feature","properties":{"c":"farmland"},"geometry":{"type":"Polygon","coordinates":[[[80.16555,7.13855],[80.16573,7.13869],[80.16598,7.13901],[80.16618,7.13903],[80.16608,7.13874],[80.16608,7.13848],[80.16624,7.13786],[80.16624,7.13769],[80.16637,7.13754],[80.16655,7.13696],[80.1667,7.13687],[80.1668,7.1365],[80.16679,7.13593],[80.16693,7.13559],[80.16702,7.13445],[80.16716,7.13393],[80.16729,7.13389],[80.1673,7.13356],[80.16693,7.13356],[80.16679,7.13486],[80.16647,7.13549],[80.16653,7.13571],[80.16639,7.13611],[80.16639,7.13675],[80.16625,7.13684],[80.16624,7.13732],[80.16582,7.13826],[80.16558,7.13833],[80.16555,7.13855]]]}},{"type":"Feature","properties":{"c":"farmland"},"geometry":{"type":"Polygon","coordinates":[[[80.16262,7.13854],[80.16267,7.1392],[80.16279,7.13923],[80.16283,7.13909],[80.16296,7.13909],[80.16329,7.1384],[80.16381,7.1382],[80.1638,7.13805],[80.16357,7.13791],[80.16369,7.13738],[80.16341,7.13703],[80.16349,7.13603],[80.1637,7.13563],[80.16355,7.13547],[80.16364,7.13533],[80.1638,7.13523],[80.1638,7.13506],[80.16365,7.13494],[80.16362,7.13462],[80.16374,7.13443],[80.16355,7.13369],[80.16347,7.1339],[80.16341,7.13434],[80.16341,7.13512],[80.16306,7.1362],[80.16287,7.13643],[80.16283,7.13667],[80.16288,7.1369],[80.16299,7.13697],[80.16308,7.13716],[80.1631,7.13733],[80.16288,7.13754],[80.16284,7.13814],[80.16266,7.13838],[80.16262,7.13854]]]}},{"type":"Feature","properties":{"c":"farmland"},"geometry":{"type":"Polygon","coordinates":[[[80.16243,7.12756],[80.16246,7.12772],[80.16256,7.12782],[80.16285,7.12788],[80.16312,7.12761],[80.16354,7.12743],[80.16449,7.12671],[80.16466,7.12644],[80.16489,7.12632],[80.16503,7.12615],[80.16511,7.12566],[80.16492,7.1252],[80.16474,7.12525],[80.16478,7.12548],[80.16462,7.12566],[80.16396,7.12586],[80.16361,7.12609],[80.16318,7.12669],[80.16309,7.12688],[80.16289,7.12699],[80.16248,7.1274],[80.16243,7.12756]]]}},{"type":"Feature","properties":{"c":"farmland"},"geometry":{"type":"Polygon","coordinates":[[[80.20333,7.22156],[80.20343,7.22174],[80.2036,7.22179],[80.20377,7.22195],[80.20376,7.22224],[80.20397,7.22245],[80.20417,7.22225],[80.2043,7.22217],[80.20449,7.2223],[80.20441,7.22244],[80.20452,7.22251],[80.20476,7.22245],[80.20492,7.22232],[80.20506,7.22184],[80.20477,7.22173],[80.20463,7.22143],[80.20448,7.22129],[80.20429,7.22123],[80.20413,7.22142],[80.20386,7.22133],[80.20376,7.22136],[80.20356,7.22153],[80.20333,7.22156]]]}},{"type":"Feature","properties":{"c":"farmland"},"geometry":{"type":"Polygon","coordinates":[[[80.20518,7.22235],[80.20565,7.22208],[80.20587,7.22205],[80.20635,7.22216],[80.2065,7.22212],[80.207,7.22166],[80.20755,7.2217],[80.2071,7.22142],[80.20681,7.221],[80.20673,7.2207],[80.20647,7.22065],[80.20611,7.2211],[80.20587,7.22131],[80.20531,7.22168],[80.20522,7.2219],[80.20518,7.22235]]]}},{"type":"Feature","properties":{"c":"farmland","n":"Paddy field"},"geometry":{"type":"Polygon","coordinates":[[[80.32087,7.29921],[80.32088,7.29959],[80.32141,7.29976],[80.32243,7.29937],[80.32286,7.29899],[80.32323,7.29876],[80.32341,7.29883],[80.3237,7.30045],[80.32429,7.30041],[80.32461,7.30014],[80.32474,7.29955],[80.32458,7.29852],[80.3244,7.29831],[80.324,7.2985],[80.32371,7.29849],[80.32355,7.29809],[80.32326,7.29791],[80.32301,7.29791],[80.32261,7.29875],[80.32247,7.2989],[80.32234,7.29883],[80.32151,7.29884],[80.32087,7.29921]]]}},{"type":"Feature","properties":{"c":"farmland","n":"Paddy field"},"geometry":{"type":"Polygon","coordinates":[[[80.31037,7.30915],[80.31054,7.30959],[80.31069,7.30923],[80.31184,7.30869],[80.31213,7.3079],[80.31234,7.30793],[80.31229,7.30873],[80.31239,7.30918],[80.31377,7.30888],[80.31383,7.30809],[80.31444,7.30842],[80.31454,7.3077],[80.31488,7.30716],[80.31574,7.30679],[80.31677,7.30558],[80.31619,7.30503],[80.3159,7.3052],[80.31531,7.30603],[80.31489,7.30647],[80.31457,7.30632],[80.3143,7.3055],[80.31447,7.30452],[80.31419,7.30431],[80.31441,7.30394],[80.31491,7.30404],[80.31525,7.30392],[80.31513,7.30351],[80.31489,7.30312],[80.31472,7.30311],[80.31466,7.30274],[80.31455,7.30256],[80.31422,7.30251],[80.31425,7.30288],[80.31404,7.30327],[80.31364,7.30344],[80.313,7.30386],[80.31297,7.30433],[80.31279,7.30436],[80.31256,7.30461],[80.31251,7.30516],[80.31218,7.30567],[80.3118,7.30576],[80.31147,7.30678],[80.31101,7.30748],[80.31136,7.30824],[80.31112,7.30858],[80.31037,7.30915]]]}},{"type":"Feature","properties":{"c":"farmland","n":"Paddy field"},"geometry":{"type":"Polygon","coordinates":[[[80.31767,7.30487],[80.31782,7.30519],[80.31794,7.30509],[80.31824,7.30511],[80.31832,7.30492],[80.31857,7.30481],[80.31924,7.30476],[80.31911,7.30445],[80.31897,7.30457],[80.31894,7.30453],[80.31884,7.30435],[80.3188,7.30396],[80.31851,7.30393],[80.3184,7.30396],[80.31832,7.30427],[80.31802,7.30428],[80.31767,7.30487]]]}},{"type":"Feature","properties":{"c":"farmland","n":"Paddy field"},"geometry":{"type":"Polygon","coordinates":[[[80.31655,7.30294],[80.3173,7.30363],[80.31788,7.30381],[80.31829,7.3039],[80.31843,7.30382],[80.31887,7.30385],[80.31908,7.3036],[80.31906,7.30319],[80.31902,7.30307],[80.31875,7.30297],[80.31853,7.3031],[80.31775,7.30313],[80.31758,7.30288],[80.3173,7.30296],[80.31683,7.30268],[80.31655,7.30294]]]}},{"type":"Feature","properties":{"c":"farmland","n":"Paddy field"},"geometry":{"type":"Polygon","coordinates":[[[80.29259,7.31044],[80.29355,7.31073],[80.29431,7.31048],[80.29497,7.31064],[80.29525,7.31077],[80.29616,7.31053],[80.29637,7.3106],[80.2968,7.31066],[80.29799,7.31076],[80.29928,7.31106],[80.30071,7.31221],[80.30057,7.31269],[80.30022,7.31317],[80.29972,7.31335],[80.2997,7.31357],[80.30015,7.31355],[80.30046,7.31332],[80.30145,7.31326],[80.30226,7.31465],[80.30304,7.31537],[80.30307,7.31576],[80.30324,7.31589],[80.30349,7.31585],[80.30361,7.31564],[80.30355,7.31542],[80.30364,7.31503],[80.30353,7.31473],[80.30358,7.31446],[80.30329,7.31391],[80.3024,7.31167],[80.30172,7.31113],[80.30038,7.31054],[80.29979,7.31009],[80.29816,7.3097],[80.2978,7.30987],[80.29769,7.3102],[80.29621,7.31034],[80.29592,7.3102],[80.29498,7.31016],[80.29444,7.31008],[80.29384,7.31009],[80.29341,7.30996],[80.29279,7.30997],[80.2926,7.3102],[80.29259,7.31044]]]}},{"type":"Feature","properties":{"c":"farmland","n":"Paddy field"},"geometry":{"type":"Polygon","coordinates":[[[80.29295,7.31095],[80.2932,7.31143],[80.29303,7.31189],[80.29307,7.312],[80.29343,7.31203],[80.2936,7.31179],[80.29429,7.31199],[80.29469,7.31226],[80.29495,7.31252],[80.29512,7.31243],[80.29512,7.31212],[80.2954,7.3121],[80.29556,7.31192],[80.29547,7.31178],[80.29482,7.31162],[80.29392,7.31152],[80.29348,7.31114],[80.29358,7.31086],[80.2931,7.31066],[80.29295,7.31095]]]}},{"type":"Feature","properties":{"c":"farmland","n":"Paddy field"},"geometry":{"type":"Polygon","coordinates":[[[80.29727,7.30784],[80.29732,7.30795],[80.29811,7.30814],[80.29849,7.30809],[80.2987,7.30785],[80.29943,7.30768],[80.29978,7.30754],[80.3,7.30775],[80.30018,7.30835],[80.30056,7.30819],[80.30085,7.30831],[80.30103,7.30827],[80.3012,7.30847],[80.30105,7.30871],[80.30138,7.30911],[80.30208,7.30896],[80.30249,7.30882],[80.30299,7.30898],[80.30367,7.30939],[80.30461,7.30944],[80.30507,7.31029],[80.30641,7.31024],[80.30657,7.30987],[80.30596,7.30936],[80.30577,7.30868],[80.30548,7.30813],[80.30508,7.30818],[80.3049,7.30807],[80.30543,7.30696],[80.3058,7.30672],[80.30599,7.30624],[80.3058,7.30612],[80.30532,7.30626],[80.30465,7.30714],[80.3046,7.30771],[80.30446,7.30778],[80.30422,7.30676],[80.30438,7.30617],[80.30434,7.30563],[80.30381,7.3053],[80.3033,7.30539],[80.30301,7.30574],[80.30266,7.30589],[80.30237,7.30547],[80.30201,7.30517],[80.30217,7.3049],[80.30219,7.30448],[80.30203,7.30437],[80.30182,7.30388],[80.3017,7.3045],[80.30169,7.30496],[80.30179,7.30521],[80.30161,7.30529],[80.30119,7.30514],[80.30088,7.30521],[80.30071,7.30489],[80.30098,7.30484],[80.30106,7.30457],[80.30083,7.30446],[80.30065,7.30394],[80.30026,7.30342],[80.30004,7.30348],[80.29979,7.30365],[80.2997,7.30352],[80.29975,7.30315],[80.29967,7.30281],[80.29932,7.30282],[80.29911,7.30295],[80.29909,7.30337],[80.29945,7.30414],[80.29977,7.30443],[80.29972,7.30476],[80.29985,7.30501],[80.29975,7.30512],[80.29948,7.30515],[80.29916,7.30489],[80.29893,7.30505],[80.29882,7.30547],[80.29896,7.30564],[80.29937,7.30595],[80.29982,7.30607],[80.30014,7.306],[80.30066,7.30625],[80.30143,7.30636],[80.30166,7.3066],[80.30204,7.30672],[80.30237,7.30712],[80.30236,7.30736],[80.30203,7.30754],[80.3016,7.30768],[80.30096,7.3075],[80.3005,7.30743],[80.30004,7.30714],[80.29975,7.30667],[80.29947,7.30665],[80.29936,7.30691],[80.29902,7.30714],[80.29874,7.3072],[80.29833,7.30721],[80.29727,7.30784]]]}},{"type":"Feature","properties":{"c":"farmland"},"geometry":{"type":"Polygon","coordinates":[[[80.30563,7.3162],[80.30608,7.31633],[80.30655,7.3166],[80.30701,7.31697],[80.30778,7.31702],[80.30824,7.31687],[80.3087,7.31625],[80.3087,7.31539],[80.30857,7.31513],[80.3088,7.31483],[80.30972,7.31464],[80.3095,7.31432],[80.30899,7.31439],[80.30844,7.31403],[80.30805,7.31369],[80.30763,7.31393],[80.30768,7.3143],[80.30743,7.31554],[80.3065,7.316],[80.30581,7.3159],[80.30563,7.3162]]]}},{"type":"Feature","properties":{"c":"farmland","n":"Wagolla Agricultural Farm Land"},"geometry":{"type":"Polygon","coordinates":[[[80.38563,7.29429],[80.3858,7.29494],[80.38602,7.29547],[80.38617,7.29606],[80.38649,7.29608],[80.38667,7.29602],[80.38654,7.29562],[80.38652,7.29448],[80.38629,7.29401],[80.38612,7.29386],[80.38574,7.2941],[80.38563,7.29429]]]}},{"type":"Feature","properties":{"c":"farmland"},"geometry":{"type":"Polygon","coordinates":[[[80.37988,7.30873],[80.38076,7.30877],[80.38266,7.30911],[80.38367,7.309],[80.38488,7.30945],[80.38572,7.30942],[80.38616,7.30884],[80.38789,7.30887],[80.38754,7.3083],[80.38697,7.30809],[80.3868,7.30762],[80.38623,7.30756],[80.38579,7.30723],[80.38588,7.3065],[80.38611,7.30596],[80.38548,7.30577],[80.38487,7.30646],[80.38479,7.30753],[80.38448,7.30778],[80.3838,7.30792],[80.3833,7.3085],[80.38258,7.30867],[80.38152,7.30849],[80.38183,7.30799],[80.38196,7.30724],[80.38234,7.30676],[80.38258,7.306],[80.38241,7.30575],[80.38221,7.30589],[80.38209,7.30651],[80.38174,7.30691],[80.38169,7.30745],[80.3815,7.3081],[80.38104,7.30856],[80.38031,7.30837],[80.37988,7.30873]]]}},{"type":"Feature","properties":{"c":"farmland"},"geometry":{"type":"Polygon","coordinates":[[[80.38786,7.30835],[80.38822,7.30893],[80.38883,7.30936],[80.38907,7.30933],[80.38962,7.30866],[80.38976,7.30833],[80.38957,7.30821],[80.38959,7.30722],[80.38954,7.30643],[80.38904,7.30639],[80.38869,7.30685],[80.38913,7.30747],[80.389,7.30786],[80.38841,7.30825],[80.38786,7.30835]]]}},{"type":"Feature","properties":{"c":"farmland"},"geometry":{"type":"Polygon","coordinates":[[[80.38914,7.30956],[80.3894,7.30963],[80.39007,7.30937],[80.39043,7.30942],[80.39064,7.30998],[80.39065,7.31059],[80.39086,7.31066],[80.39134,7.31029],[80.39191,7.31084],[80.39282,7.31144],[80.39307,7.31187],[80.39387,7.31212],[80.39261,7.31026],[80.39133,7.30928],[80.39122,7.30835],[80.39213,7.30762],[80.39317,7.3082],[80.39372,7.30794],[80.39454,7.30846],[80.39524,7.30842],[80.39532,7.30817],[80.39447,7.30785],[80.3934,7.30733],[80.39295,7.30733],[80.39258,7.3071],[80.39184,7.30705],[80.39126,7.30741],[80.39086,7.30737],[80.39057,7.30675],[80.3906,7.30596],[80.39016,7.30593],[80.39013,7.30609],[80.39018,7.30671],[80.39008,7.30774],[80.38992,7.30859],[80.38955,7.30911],[80.38914,7.30956]]]}},{"type":"Feature","properties":{"c":"farmland","n":"Paddy field"},"geometry":{"type":"Polygon","coordinates":[[[80.32026,7.30698],[80.32026,7.30718],[80.32097,7.30731],[80.32116,7.3072],[80.32164,7.30714],[80.32189,7.30684],[80.32223,7.30672],[80.32292,7.30719],[80.32301,7.3071],[80.32289,7.30678],[80.32296,7.30652],[80.32329,7.30628],[80.32341,7.3061],[80.32328,7.30556],[80.32348,7.30526],[80.32313,7.30539],[80.323,7.30596],[80.32284,7.30627],[80.32256,7.30641],[80.32237,7.30636],[80.32234,7.30611],[80.32211,7.30614],[80.32187,7.30598],[80.32177,7.30622],[80.32135,7.3064],[80.32113,7.30645],[80.32098,7.30631],[80.32044,7.30647],[80.32026,7.30698]]]}},{"type":"Feature","properties":{"c":"farmland","n":"Paddy field"},"geometry":{"type":"Polygon","coordinates":[[[80.31927,7.30931],[80.31944,7.30941],[80.31937,7.30969],[80.32013,7.30991],[80.32065,7.30986],[80.32099,7.31009],[80.32109,7.3105],[80.32151,7.31099],[80.32167,7.31102],[80.32162,7.31035],[80.32192,7.3102],[80.32226,7.31013],[80.3226,7.31048],[80.32263,7.31061],[80.32241,7.31065],[80.32212,7.31081],[80.32174,7.31142],[80.32219,7.31207],[80.32244,7.31228],[80.32258,7.31269],[80.32356,7.31314],[80.32398,7.3131],[80.32403,7.31279],[80.32375,7.3125],[80.32442,7.31167],[80.32507,7.31139],[80.32541,7.31176],[80.32543,7.31224],[80.32529,7.31253],[80.32553,7.31268],[80.32547,7.31306],[80.32569,7.31307],[80.32636,7.31288],[80.32681,7.31267],[80.32842,7.31278],[80.32905,7.31301],[80.32978,7.31318],[80.33002,7.3127],[80.32993,7.3125],[80.32937,7.31258],[80.32901,7.31213],[80.32813,7.31194],[80.32815,7.31227],[80.32733,7.31231],[80.32687,7.31132],[80.32714,7.31048],[80.32744,7.31015],[80.32769,7.30998],[80.32753,7.30966],[80.32722,7.30954],[80.32736,7.30929],[80.32808,7.30919],[80.32821,7.30897],[80.3287,7.30903],[80.32868,7.30867],[80.32894,7.30844],[80.32883,7.30831],[80.32912,7.30819],[80.3299,7.30841],[80.33024,7.30842],[80.33007,7.30794],[80.32967,7.30771],[80.3291,7.30774],[80.32823,7.30788],[80.3274,7.30875],[80.32683,7.30904],[80.32617,7.30927],[80.32609,7.30971],[80.32567,7.3101],[80.32566,7.31039],[80.325,7.31023],[80.32484,7.30992],[80.32445,7.31013],[80.32423,7.31037],[80.32396,7.31037],[80.32354,7.31024],[80.32295,7.30971],[80.32288,7.30946],[80.32303,7.3092],[80.32309,7.30882],[80.32299,7.3085],[80.32269,7.30841],[80.32231,7.30895],[80.32184,7.30877],[80.32135,7.30865],[80.32096,7.30875],[80.32068,7.30909],[80.32032,7.3091],[80.3202,7.30899],[80.31974,7.30919],[80.31927,7.30931]]]}},{"type":"Feature","properties":{"c":"farmland","n":"Paddy field"},"geometry":{"type":"Polygon","coordinates":[[[80.3136,7.31801],[80.31432,7.31835],[80.3147,7.31871],[80.31481,7.31899],[80.3146,7.31943],[80.31477,7.31987],[80.31493,7.32004],[80.31512,7.31968],[80.31544,7.31954],[80.31544,7.31936],[80.31503,7.31922],[80.31491,7.31834],[80.31448,7.31784],[80.31452,7.31741],[80.31436,7.31716],[80.31408,7.31714],[80.31385,7.31736],[80.3136,7.31801]]]}},{"type":"Feature","properties":{"c":"farmland","n":"Paddy field"},"geometry":{"type":"Polygon","coordinates":[[[80.31248,7.31921],[80.31268,7.31994],[80.31293,7.32018],[80.31334,7.32037],[80.31335,7.31949],[80.31319,7.31937],[80.31333,7.31906],[80.31308,7.31895],[80.31266,7.31898],[80.31248,7.31921]]]}},{"type":"Feature","properties":{"c":"farmland","n":"Paddy field"},"geometry":{"type":"Polygon","coordinates":[[[80.31574,7.31941],[80.31609,7.31929],[80.31655,7.31959],[80.31718,7.31927],[80.31772,7.31908],[80.31798,7.31939],[80.31842,7.32049],[80.31886,7.32101],[80.31949,7.32147],[80.32003,7.32131],[80.3212,7.32216],[80.32172,7.32245],[80.32193,7.32231],[80.3223,7.32245],[80.32258,7.32249],[80.32269,7.32239],[80.32186,7.32202],[80.32131,7.3216],[80.32081,7.32112],[80.32126,7.32083],[80.32113,7.3204],[80.32021,7.32029],[80.31964,7.32038],[80.31903,7.32014],[80.31875,7.31963],[80.31838,7.31948],[80.31832,7.31904],[80.31845,7.31849],[80.31898,7.3181],[80.31944,7.31813],[80.32051,7.31775],[80.32099,7.3175],[80.3216,7.31755],[80.3214,7.31661],[80.32148,7.31627],[80.3213,7.31572],[80.32114,7.31493],[80.32088,7.31435],[80.32066,7.3144],[80.32097,7.31577],[80.32088,7.31616],[80.32111,7.31646],[80.3211,7.31676],[80.32077,7.31692],[80.32024,7.31703],[80.3199,7.31697],[80.31933,7.31763],[80.319,7.31772],[80.31837,7.31742],[80.31798,7.3176],[80.31792,7.31729],[80.31761,7.31716],[80.31741,7.31687],[80.31726,7.3171],[80.31728,7.31757],[80.3171,7.31803],[80.31717,7.31839],[80.31692,7.31865],[80.31588,7.31899],[80.31578,7.31912],[80.31574,7.31941]]]}},{"type":"Feature","properties":{"c":"farmland","n":"Paddy field"},"geometry":{"type":"Polygon","coordinates":[[[80.32158,7.31656],[80.32181,7.31767],[80.32194,7.31796],[80.32231,7.31804],[80.32241,7.31749],[80.32296,7.31715],[80.32463,7.3173],[80.32495,7.31697],[80.32473,7.31651],[80.32482,7.31587],[80.32456,7.31517],[80.32428,7.31501],[80.32396,7.3155],[80.32401,7.31584],[80.32338,7.31608],[80.32293,7.31641],[80.32228,7.31676],[80.32184,7.31667],[80.32158,7.31656]]]}},{"type":"Feature","properties":{"c":"farmland","n":"Paddy field"},"geometry":{"type":"Polygon","coordinates":[[[80.32157,7.32049],[80.32164,7.32068],[80.32399,7.32081],[80.32514,7.32051],[80.32544,7.31994],[80.32551,7.31892],[80.32596,7.31816],[80.32672,7.318],[80.32687,7.31755],[80.32708,7.31822],[80.32752,7.31856],[80.32765,7.31913],[80.32805,7.31927],[80.32869,7.31891],[80.32885,7.31839],[80.32869,7.31753],[80.32893,7.3172],[80.32959,7.31725],[80.32946,7.31767],[80.32965,7.31792],[80.33051,7.31768],[80.33046,7.31667],[80.32912,7.31653],[80.32917,7.31608],[80.32882,7.31596],[80.32802,7.31629],[80.3276,7.31603],[80.3274,7.31574],[80.32723,7.31579],[80.32691,7.3167],[80.32657,7.31701],[80.32558,7.3172],[80.32519,7.31799],[80.32455,7.31956],[80.32386,7.32027],[80.32315,7.32035],[80.32289,7.32027],[80.32261,7.32032],[80.32226,7.32021],[80.32188,7.32028],[80.32157,7.32049]]]}},{"type":"Feature","properties":{"c":"farmland","n":"Paddy field"},"geometry":{"type":"Polygon","coordinates":[[[80.33319,7.31638],[80.33384,7.31629],[80.33472,7.31653],[80.33536,7.31642],[80.33567,7.31624],[80.33769,7.31663],[80.33879,7.31731],[80.34004,7.31684],[80.34101,7.31687],[80.34114,7.31668],[80.34016,7.31625],[80.33949,7.31653],[80.33869,7.31645],[80.33761,7.31558],[80.33681,7.31559],[80.33627,7.31538],[80.33567,7.31567],[80.335,7.31582],[80.33443,7.31558],[80.3343,7.31518],[80.3336,7.31576],[80.33319,7.31638]]]}},{"type":"Feature","properties":{"c":"farmland","n":"Paddy field"},"geometry":{"type":"Polygon","coordinates":[[[80.32167,7.32788],[80.3218,7.32793],[80.32311,7.32679],[80.32331,7.32578],[80.32303,7.32545],[80.32267,7.32544],[80.32261,7.32599],[80.3223,7.32649],[80.32225,7.32696],[80.32167,7.32788]]]}},{"type":"Feature","properties":{"c":"farmland","n":"Paddy field"},"geometry":{"type":"Polygon","coordinates":[[[80.32455,7.32417],[80.32487,7.32512],[80.32553,7.32516],[80.32574,7.32566],[80.3264,7.32533],[80.32643,7.3247],[80.32677,7.32416],[80.32686,7.32355],[80.32657,7.32274],[80.32647,7.32357],[80.3262,7.32368],[80.32607,7.32352],[80.32593,7.3236],[80.32598,7.3247],[80.32567,7.32472],[80.32511,7.32448],[80.32462,7.3241],[80.32455,7.32417]]]}},{"type":"Feature","properties":{"c":"forest"},"geometry":{"type":"Polygon","coordinates":[[[80.15244,7.18698],[80.15245,7.18728],[80.15272,7.18739],[80.15355,7.18755],[80.15364,7.18762],[80.15379,7.18764],[80.15413,7.18782],[80.15444,7.18802],[80.15469,7.18803],[80.15579,7.18783],[80.15564,7.18696],[80.15543,7.1863],[80.15583,7.18557],[80.15587,7.18534],[80.15622,7.18506],[80.15621,7.18481],[80.15496,7.18447],[80.15454,7.18441],[80.15437,7.18424],[80.15408,7.18417],[80.15362,7.18415],[80.15286,7.18384],[80.15259,7.18417],[80.15258,7.18448],[80.15265,7.18508],[80.15258,7.18594],[80.15267,7.18628],[80.15267,7.18662],[80.15244,7.18698]]]}},{"type":"Feature","properties":{"c":"farmland"},"geometry":{"type":"Polygon","coordinates":[[[80.1477,7.18779],[80.14775,7.18798],[80.14814,7.18773],[80.1483,7.18752],[80.14848,7.18743],[80.14862,7.18722],[80.1487,7.18704],[80.14866,7.18695],[80.14805,7.18665],[80.14791,7.18687],[80.14798,7.18701],[80.14773,7.18752],[80.1477,7.18779]]]}},{"type":"Feature","properties":{"c":"farmland"},"geometry":{"type":"Polygon","coordinates":[[[80.14909,7.18617],[80.14928,7.18669],[80.14945,7.18686],[80.14976,7.18694],[80.14977,7.18676],[80.14968,7.1862],[80.14972,7.18585],[80.14927,7.18587],[80.14915,7.18609],[80.14918,7.18618],[80.14909,7.18617]]]}},{"type":"Feature","properties":{"c":"farmland"},"geometry":{"type":"Polygon","coordinates":[[[80.14987,7.1868],[80.14988,7.18693],[80.15044,7.18701],[80.15061,7.18696],[80.15081,7.18725],[80.15088,7.1873],[80.15091,7.18726],[80.15098,7.18728],[80.1513,7.18764],[80.15158,7.18737],[80.15141,7.18723],[80.15158,7.18704],[80.15122,7.18685],[80.1512,7.18671],[80.1509,7.1864],[80.15051,7.18665],[80.15037,7.18649],[80.15016,7.18669],[80.15009,7.18685],[80.14997,7.18679],[80.14987,7.1868]]]}},{"type":"Feature","properties":{"c":"forest"},"geometry":{"type":"Polygon","coordinates":[[[80.15383,7.18333],[80.15398,7.18399],[80.15427,7.18404],[80.15452,7.18402],[80.15478,7.18412],[80.15488,7.18429],[80.15622,7.18428],[80.15619,7.18412],[80.15625,7.18384],[80.15625,7.18349],[80.15621,7.18324],[80.15607,7.18333],[80.15553,7.1832],[80.15495,7.18282],[80.15472,7.18262],[80.15396,7.18309],[80.15383,7.18333]]]}},{"type":"Feature","properties":{"c":"orchard"},"geometry":{"type":"Polygon","coordinates":[[[80.15473,7.18219],[80.1549,7.18227],[80.15504,7.18244],[80.15485,7.18251],[80.15482,7.18269],[80.15502,7.1829],[80.15553,7.1832],[80.15607,7.18333],[80.15621,7.18324],[80.15626,7.18266],[80.15607,7.18261],[80.15555,7.18261],[80.15525,7.18254],[80.15524,7.1823],[80.15585,7.18191],[80.15492,7.18198],[80.15477,7.18208],[80.15473,7.18219]]]}},{"type":"Feature","properties":{"c":"forest"},"geometry":{"type":"Polygon","coordinates":[[[80.15363,7.18224],[80.15394,7.18196],[80.15544,7.18164],[80.15583,7.18132],[80.15626,7.18135],[80.15619,7.17939],[80.15624,7.17847],[80.15619,7.17805],[80.15581,7.17807],[80.15555,7.17777],[80.15492,7.17752],[80.15468,7.17766],[80.15497,7.17939],[80.15473,7.17994],[80.15495,7.18037],[80.15454,7.18081],[80.1539,7.18091],[80.15363,7.18224]]]}},{"type":"Feature","properties":{"c":"scrub"},"geometry":{"type":"Polygon","coordinates":[[[80.19105,7.17475],[80.19119,7.1753],[80.19227,7.17626],[80.19265,7.17633],[80.19326,7.17579],[80.19379,7.17499],[80.19423,7.1747],[80.19545,7.17406],[80.19617,7.17406],[80.19685,7.17416],[80.19736,7.17319],[80.19672,7.17274],[80.19584,7.17284],[80.19544,7.17301],[80.1951,7.17309],[80.19439,7.17285],[80.1938,7.17295],[80.19326,7.17335],[80.19264,7.17314],[80.19151,7.17333],[80.1912,7.17383],[80.19105,7.17475]]]}},{"type":"Feature","properties":{"c":"orchard"},"geometry":{"type":"Polygon","coordinates":[[[80.19521,7.17231],[80.19535,7.17267],[80.19584,7.17284],[80.19672,7.17274],[80.19734,7.17235],[80.19767,7.17233],[80.19796,7.17216],[80.19798,7.17166],[80.19773,7.1714],[80.19719,7.17167],[80.19677,7.17169],[80.19649,7.17152],[80.19615,7.17138],[80.19577,7.17113],[80.19565,7.17113],[80.19521,7.17231]]]}},{"type":"Feature","properties":{"c":"farmland"},"geometry":{"type":"Polygon","coordinates":[[[80.19787,7.17339],[80.19813,7.17402],[80.19839,7.17411],[80.19874,7.17379],[80.1992,7.17384],[80.19981,7.17409],[80.20019,7.17495],[80.20017,7.17311],[80.20006,7.17297],[80.19977,7.17278],[80.19958,7.17225],[80.19937,7.17106],[80.19913,7.17025],[80.19911,7.16996],[80.19919,7.16983],[80.19921,7.16963],[80.19893,7.16896],[80.1984,7.16797],[80.19835,7.16765],[80.19828,7.16743],[80.19821,7.16737],[80.19813,7.16739],[80.19807,7.16752],[80.19806,7.16773],[80.19824,7.16838],[80.19851,7.16904],[80.19867,7.16968],[80.19864,7.16986],[80.19854,7.17006],[80.19834,7.17019],[80.19829,7.17035],[80.19866,7.17063],[80.19882,7.17097],[80.199,7.17164],[80.19906,7.17209],[80.199,7.17241],[80.19888,7.17259],[80.19876,7.1726],[80.19872,7.17269],[80.19868,7.17297],[80.19859,7.17305],[80.19818,7.17305],[80.19787,7.17339]]]}},{"type":"Feature","properties":{"c":"orchard"},"geometry":{"type":"Polygon","coordinates":[[[80.16021,7.19065],[80.16047,7.19081],[80.16079,7.19086],[80.16094,7.19071],[80.16123,7.19061],[80.16137,7.19083],[80.16186,7.19087],[80.16219,7.19103],[80.16247,7.19087],[80.16232,7.19047],[80.16182,7.19006],[80.16177,7.18971],[80.16148,7.18967],[80.16119,7.18956],[80.16021,7.19065]]]}},{"type":"Feature","properties":{"c":"orchard"},"geometry":{"type":"Polygon","coordinates":[[[80.16381,7.19413],[80.16413,7.19434],[80.16456,7.19525],[80.16466,7.19521],[80.16478,7.19535],[80.16511,7.19548],[80.16566,7.1956],[80.16618,7.1952],[80.16663,7.19523],[80.16657,7.19497],[80.16646,7.19497],[80.16638,7.19488],[80.16618,7.19485],[80.16663,7.19441],[80.16659,7.19386],[80.16409,7.19387],[80.16381,7.19413]]]}},{"type":"Feature","properties":{"c":"farmland"},"geometry":{"type":"Polygon","coordinates":[[[80.16272,7.19252],[80.16294,7.19274],[80.16307,7.19309],[80.16304,7.19335],[80.16347,7.19407],[80.16405,7.19475],[80.16433,7.19536],[80.16425,7.19561],[80.16406,7.19565],[80.16372,7.19607],[80.16373,7.19639],[80.16385,7.19659],[80.16448,7.19578],[80.16461,7.19544],[80.16444,7.19489],[80.16417,7.19445],[80.16371,7.19404],[80.16337,7.1933],[80.16338,7.19274],[80.1629,7.19239],[80.16272,7.19252]]]}},{"type":"Feature","properties":{"c":"orchard"},"geometry":{"type":"Polygon","coordinates":[[[80.16007,7.19221],[80.16033,7.19282],[80.16067,7.19325],[80.16089,7.19319],[80.16079,7.19259],[80.16055,7.19234],[80.16071,7.19213],[80.16118,7.19214],[80.16101,7.19153],[80.16026,7.19157],[80.16028,7.1918],[80.16007,7.19221]]]}},{"type":"Feature","properties":{"c":"orchard"},"geometry":{"type":"Polygon","coordinates":[[[80.16171,7.19343],[80.16174,7.19371],[80.16193,7.19376],[80.16201,7.19396],[80.16221,7.19407],[80.16249,7.19378],[80.1624,7.19357],[80.16204,7.19361],[80.162,7.19348],[80.16182,7.19332],[80.16171,7.19343]]]}},{"type":"Feature","properties":{"c":"orchard"},"geometry":{"type":"Polygon","coordinates":[[[80.16337,7.1933],[80.16371,7.19404],[80.16381,7.19413],[80.16409,7.19387],[80.16405,7.19359],[80.16387,7.19345],[80.16382,7.19304],[80.16343,7.19315],[80.16337,7.1933]]]}},{"type":"Feature","properties":{"c":"farmland"},"geometry":{"type":"Polygon","coordinates":[[[80.18165,7.18982],[80.18174,7.19036],[80.18188,7.19035],[80.18193,7.19043],[80.18201,7.19042],[80.18206,7.19006],[80.18186,7.1898],[80.18165,7.18982]]]}},{"type":"Feature","properties":{"c":"orchard"},"geometry":{"type":"Polygon","coordinates":[[[80.14617,7.19309],[80.14621,7.19423],[80.14744,7.19402],[80.14775,7.19296],[80.14842,7.19177],[80.14875,7.19109],[80.14909,7.19008],[80.1488,7.18924],[80.1487,7.18839],[80.14793,7.18846],[80.14711,7.18838],[80.14666,7.18907],[80.14657,7.18983],[80.14631,7.19055],[80.14617,7.19309]]]}},{"type":"Feature","properties":{"c":"farmland"},"geometry":{"type":"Polygon","coordinates":[[[80.14537,7.19906],[80.14573,7.199],[80.14631,7.19813],[80.14608,7.19885],[80.14664,7.199],[80.14668,7.1977],[80.14706,7.19662],[80.14794,7.19613],[80.1488,7.19685],[80.14921,7.19672],[80.14885,7.19636],[80.14786,7.19572],[80.14809,7.19468],[80.14818,7.19364],[80.14925,7.19283],[80.1497,7.19372],[80.14985,7.19457],[80.1508,7.19625],[80.15121,7.19613],[80.15013,7.19417],[80.14977,7.19208],[80.14977,7.19157],[80.14957,7.19055],[80.14982,7.18973],[80.15011,7.18808],[80.14977,7.18808],[80.14964,7.18842],[80.14893,7.18938],[80.1491,7.18999],[80.14895,7.19121],[80.14741,7.19408],[80.14773,7.1947],[80.14698,7.19557],[80.14627,7.19608],[80.14614,7.19747],[80.14537,7.19906]]]}},{"type":"Feature","properties":{"c":"farmland"},"geometry":{"type":"Polygon","coordinates":[[[80.16698,7.19051],[80.16709,7.19149],[80.16833,7.19359],[80.1683,7.19447],[80.16904,7.19498],[80.16938,7.19606],[80.16996,7.19708],[80.17041,7.19804],[80.17068,7.19815],[80.17122,7.19777],[80.17075,7.19723],[80.17013,7.19589],[80.17029,7.195],[80.16906,7.19391],[80.16833,7.19293],[80.1684,7.19223],[80.16745,7.19138],[80.1673,7.19031],[80.16698,7.19051]]]}},{"type":"Feature","properties":{"c":"farmland"},"geometry":{"type":"Polygon","coordinates":[[[80.28923,7.0344],[80.28919,7.03462],[80.28971,7.03493],[80.29,7.03519],[80.2901,7.03523],[80.29023,7.03508],[80.29008,7.03486],[80.29011,7.03471],[80.28983,7.03462],[80.2895,7.03435],[80.28934,7.03433],[80.28923,7.0344]]]}},{"type":"Feature","properties":{"c":"farmland"},"geometry":{"type":"Polygon","coordinates":[[[80.29015,7.03538],[80.29022,7.03575],[80.29029,7.03586],[80.29065,7.03592],[80.29089,7.03603],[80.29109,7.03587],[80.29077,7.03571],[80.29036,7.03526],[80.29023,7.03528],[80.29015,7.03538]]]}},{"type":"Feature","properties":{"c":"farmland"},"geometry":{"type":"Polygon","coordinates":[[[80.29095,7.03606],[80.29114,7.0364],[80.29122,7.03673],[80.29118,7.03701],[80.29122,7.03709],[80.29149,7.03721],[80.29164,7.03708],[80.2919,7.03666],[80.29199,7.03646],[80.29199,7.03629],[80.29193,7.03617],[80.29172,7.03609],[80.2913,7.03614],[80.29109,7.03596],[80.29095,7.03606]]]}},{"type":"Feature","properties":{"c":"orchard"},"geometry":{"type":"Polygon","coordinates":[[[80.2859,7.02266],[80.28642,7.0233],[80.2868,7.02357],[80.28696,7.02387],[80.28705,7.02413],[80.28706,7.0244],[80.28712,7.02434],[80.28722,7.02434],[80.28747,7.0247],[80.28772,7.02489],[80.28778,7.02489],[80.28783,7.02479],[80.28782,7.02445],[80.28797,7.02345],[80.28792,7.02329],[80.28769,7.02298],[80.28781,7.02257],[80.28719,7.02229],[80.28697,7.02235],[80.28672,7.02226],[80.28645,7.02229],[80.2863,7.02236],[80.2859,7.02266]]]}},{"type":"Feature","properties":{"c":"farmland"},"geometry":{"type":"Polygon","coordinates":[[[80.28786,7.02297],[80.28808,7.02329],[80.28797,7.02429],[80.288,7.02434],[80.28816,7.02435],[80.28828,7.02423],[80.2885,7.02329],[80.2889,7.02297],[80.28897,7.02268],[80.28884,7.0223],[80.28865,7.02227],[80.28842,7.02239],[80.28788,7.02286],[80.28786,7.02297]]]}},{"type":"Feature","properties":{"c":"farmland"},"geometry":{"type":"Polygon","coordinates":[[[80.29138,7.02399],[80.29189,7.02477],[80.29211,7.02535],[80.29285,7.02578],[80.29294,7.02572],[80.2931,7.02545],[80.293,7.02529],[80.29285,7.02533],[80.29253,7.02533],[80.2924,7.02519],[80.29238,7.0249],[80.29248,7.02454],[80.29283,7.02452],[80.29288,7.0243],[80.29289,7.02406],[80.29275,7.02365],[80.29242,7.02334],[80.29228,7.02331],[80.29195,7.02374],[80.29172,7.02364],[80.29152,7.02362],[80.29143,7.02377],[80.29138,7.02399]]]}},{"type":"Feature","properties":{"c":"farmland"},"geometry":{"type":"Polygon","coordinates":[[[80.30106,7.0356],[80.30112,7.0359],[80.30127,7.03618],[80.30152,7.03623],[80.30164,7.03598],[80.30185,7.03589],[80.30188,7.03578],[80.30187,7.03567],[80.30181,7.03563],[80.30153,7.03562],[80.3013,7.03543],[80.30114,7.03548],[80.30106,7.0356]]]}},{"type":"Feature","properties":{"c":"farmland"},"geometry":{"type":"Polygon","coordinates":[[[80.29903,7.03568],[80.2993,7.03629],[80.29939,7.03664],[80.29936,7.03688],[80.29957,7.03732],[80.29974,7.03816],[80.29984,7.03821],[80.2999,7.0381],[80.29984,7.03762],[80.29987,7.03744],[80.30041,7.03753],[80.30042,7.03723],[80.30065,7.03687],[80.30083,7.03685],[80.30104,7.03711],[80.30122,7.03723],[80.30138,7.03727],[80.30146,7.03724],[80.30146,7.03716],[80.3013,7.03696],[80.30135,7.03686],[80.30149,7.03675],[80.30159,7.03647],[80.30151,7.03639],[80.30126,7.03651],[80.30104,7.03644],[80.30081,7.03621],[80.3004,7.03563],[80.30001,7.03523],[80.29979,7.03485],[80.29973,7.03464],[80.29971,7.03444],[80.3,7.03411],[80.29984,7.03397],[80.29971,7.03395],[80.29958,7.03407],[80.29934,7.03413],[80.29919,7.03451],[80.29924,7.03491],[80.29938,7.03505],[80.29964,7.0352],[80.29965,7.03535],[80.29961,7.03541],[80.29911,7.03558],[80.29903,7.03568]]]}},{"type":"Feature","properties":{"c":"farmland"},"geometry":{"type":"Polygon","coordinates":[[[80.30034,7.03417],[80.30042,7.03424],[80.30054,7.0342],[80.30078,7.03433],[80.30097,7.03434],[80.30107,7.03421],[80.30096,7.03406],[80.30077,7.03394],[80.30044,7.03383],[80.30037,7.03384],[80.30034,7.03417]]]}},{"type":"Feature","properties":{"c":"farmland"},"geometry":{"type":"Polygon","coordinates":[[[80.29434,7.03371],[80.29477,7.0338],[80.295,7.03392],[80.29527,7.03422],[80.29541,7.03424],[80.29575,7.03412],[80.29652,7.03416],[80.29674,7.03422],[80.29688,7.03432],[80.29717,7.03479],[80.29733,7.03487],[80.29742,7.03486],[80.29752,7.03475],[80.29787,7.03465],[80.2979,7.0345],[80.29782,7.03416],[80.2977,7.03401],[80.29753,7.03397],[80.29717,7.03407],[80.29701,7.034],[80.29674,7.03372],[80.29658,7.03368],[80.29626,7.03343],[80.29553,7.03358],[80.29543,7.03367],[80.29496,7.03351],[80.29457,7.03348],[80.2945,7.0335],[80.29434,7.03371]]]}},{"type":"Feature","properties":{"c":"farmland"},"geometry":{"type":"Polygon","coordinates":[[[80.23524,6.97004],[80.23524,6.97012],[80.23532,6.9702],[80.23561,6.97037],[80.23573,6.97034],[80.23573,6.97014],[80.23564,6.96992],[80.23571,6.9698],[80.23564,6.96968],[80.2356,6.96967],[80.23543,6.9699],[80.23524,6.97004]]]}},{"type":"Feature","properties":{"c":"farmland"},"geometry":{"type":"Polygon","coordinates":[[[80.23442,6.96869],[80.23452,6.96892],[80.23462,6.96901],[80.23459,6.96932],[80.23467,6.96948],[80.23478,6.96955],[80.23474,6.96995],[80.23508,6.97004],[80.23546,6.96981],[80.2356,6.96958],[80.23561,6.96946],[80.23542,6.96932],[80.2352,6.96926],[80.23515,6.96929],[80.2351,6.96924],[80.23517,6.96916],[80.23512,6.96903],[80.23531,6.96863],[80.23526,6.96859],[80.23531,6.9685],[80.23529,6.96841],[80.23519,6.96839],[80.23524,6.96823],[80.23515,6.96819],[80.23507,6.96825],[80.23493,6.96827],[80.23477,6.9685],[80.23471,6.96853],[80.23463,6.9685],[80.23455,6.96864],[80.23442,6.96869]]]}},{"type":"Feature","properties":{"c":"farmland"},"geometry":{"type":"Polygon","coordinates":[[[80.23439,6.97115],[80.23447,6.97127],[80.23442,6.97139],[80.23442,6.97155],[80.23449,6.97162],[80.23444,6.97179],[80.23448,6.97186],[80.2346,6.97189],[80.23473,6.97183],[80.23477,6.97169],[80.23487,6.97166],[80.23489,6.97134],[80.23499,6.97108],[80.23499,6.97098],[80.23491,6.97096],[80.23492,6.97091],[80.23497,6.97086],[80.23496,6.97072],[80.23506,6.97069],[80.23507,6.97052],[80.23498,6.97044],[80.23511,6.97021],[80.23504,6.9701],[80.23481,6.97004],[80.23473,6.97007],[80.23462,6.97021],[80.23461,6.97029],[80.23473,6.97041],[80.23465,6.97039],[80.23458,6.97044],[80.2346,6.97066],[80.23444,6.97075],[80.23439,6.97115]]]}},{"type":"Feature","properties":{"c":"farmland"},"geometry":{"type":"Polygon","coordinates":[[[80.23379,6.97341],[80.23371,6.97351],[80.23386,6.97356],[80.23382,6.97364],[80.2339,6.97368],[80.23389,6.97376],[80.2341,6.97392],[80.23412,6.97405],[80.23423,6.97407],[80.23442,6.97403],[80.23471,6.97357],[80.23465,6.97344],[80.23472,6.97314],[80.23458,6.97316],[80.23455,6.97311],[80.23448,6.97315],[80.2344,6.97304],[80.23446,6.9729],[80.23458,6.97289],[80.23463,6.97268],[80.2347,6.97265],[80.23462,6.97257],[80.23455,6.9726],[80.23451,6.9725],[80.23456,6.97234],[80.23448,6.97223],[80.23445,6.97198],[80.23438,6.97194],[80.23442,6.97186],[80.23434,6.97179],[80.23434,6.97162],[80.23426,6.97157],[80.2339,6.97166],[80.23387,6.97172],[80.23414,6.97177],[80.23417,6.97182],[80.2341,6.97191],[80.23413,6.97196],[80.23401,6.972],[80.23407,6.97206],[80.234,6.97209],[80.23398,6.97228],[80.23404,6.97236],[80.23398,6.97246],[80.23406,6.97249],[80.23392,6.97253],[80.23384,6.97271],[80.23395,6.97297],[80.23405,6.97307],[80.2339,6.97312],[80.23374,6.97327],[80.23372,6.97331],[80.23379,6.97341]]]}},{"type":"Feature","properties":{"c":"farmland"},"geometry":{"type":"Polygon","coordinates":[[[80.2338,6.97514],[80.23407,6.97539],[80.23414,6.97535],[80.23412,6.9752],[80.23418,6.97519],[80.23425,6.97545],[80.23434,6.97548],[80.23441,6.97541],[80.23454,6.97507],[80.23446,6.97477],[80.2345,6.97462],[80.23443,6.97459],[80.23447,6.97451],[80.23453,6.9745],[80.23452,6.97436],[80.23442,6.97433],[80.23446,6.97422],[80.23437,6.97415],[80.2342,6.97415],[80.23415,6.97421],[80.23418,6.97458],[80.23407,6.97482],[80.23408,6.97495],[80.23385,6.97506],[80.2338,6.97514]]]}},{"type":"Feature","properties":{"c":"recreation_ground"},"geometry":{"type":"Polygon","coordinates":[[[80.23331,6.97009],[80.23347,6.97029],[80.23372,6.97029],[80.23394,6.97018],[80.23404,6.97003],[80.23402,6.96988],[80.23393,6.9698],[80.23372,6.96983],[80.23344,6.96993],[80.23334,6.97001],[80.23331,6.97009]]]}},{"type":"Feature","properties":{"c":"farmland"},"geometry":{"type":"Polygon","coordinates":[[[80.23518,6.96903],[80.23522,6.96919],[80.23537,6.96925],[80.23547,6.96918],[80.23556,6.9689],[80.23553,6.96879],[80.23544,6.9687],[80.23535,6.96868],[80.23524,6.96882],[80.23518,6.96903]]]}},{"type":"Feature","properties":{"c":"farmland"},"geometry":{"type":"Polygon","coordinates":[[[80.29171,7.02177],[80.29204,7.02241],[80.29202,7.02264],[80.29214,7.02298],[80.2922,7.02298],[80.29237,7.02281],[80.29235,7.02265],[80.29252,7.02247],[80.29226,7.02215],[80.29237,7.02158],[80.29227,7.02113],[80.29223,7.02058],[80.29217,7.02061],[80.29205,7.02083],[80.29193,7.02089],[80.29179,7.0212],[80.29171,7.02177]]]}},{"type":"Feature","properties":{"c":"orchard"},"geometry":{"type":"Polygon","coordinates":[[[80.3184,7.0151],[80.31862,7.01568],[80.31876,7.01577],[80.31908,7.01576],[80.31936,7.01564],[80.31954,7.01523],[80.31989,7.01524],[80.32002,7.0153],[80.32021,7.01527],[80.3203,7.0152],[80.32043,7.01494],[80.32048,7.01429],[80.32039,7.01417],[80.32023,7.01417],[80.32002,7.01424],[80.31989,7.01436],[80.31971,7.01438],[80.31924,7.01415],[80.31911,7.01405],[80.31908,7.01391],[80.31898,7.01384],[80.31881,7.01384],[80.31874,7.01392],[80.31878,7.01442],[80.31872,7.01464],[80.31858,7.01487],[80.31844,7.01496],[80.3184,7.0151]]]}},{"type":"Feature","properties":{"c":"farmland"},"geometry":{"type":"Polygon","coordinates":[[[80.28591,7.03881],[80.28595,7.03924],[80.28624,7.0399],[80.2861,7.04026],[80.28609,7.04043],[80.28617,7.04065],[80.28639,7.04077],[80.28659,7.04079],[80.28681,7.04069],[80.28703,7.04076],[80.28736,7.04072],[80.28741,7.04082],[80.28751,7.04087],[80.28772,7.04076],[80.2881,7.04021],[80.288,7.04011],[80.28786,7.04013],[80.28726,7.04048],[80.28721,7.04042],[80.28717,7.04006],[80.28708,7.04001],[80.28675,7.04011],[80.28664,7.0401],[80.28659,7.04001],[80.28661,7.03871],[80.28651,7.03855],[80.28639,7.03848],[80.28622,7.03848],[80.28596,7.03863],[80.28591,7.03881]]]}},{"type":"Feature","properties":{"c":"farmland"},"geometry":{"type":"Polygon","coordinates":[[[80.29367,7.02273],[80.29373,7.0228],[80.29406,7.0226],[80.29424,7.02269],[80.29441,7.02289],[80.29447,7.0229],[80.29456,7.02277],[80.29456,7.02269],[80.29447,7.02261],[80.29418,7.02248],[80.29394,7.02251],[80.29367,7.02273]]]}},{"type":"Feature","properties":{"c":"farmland"},"geometry":{"type":"Polygon","coordinates":[[[80.31481,7.01688],[80.3149,7.01708],[80.31529,7.0174],[80.31521,7.01807],[80.31504,7.0185],[80.31505,7.01902],[80.3149,7.0194],[80.31487,7.01961],[80.31498,7.0197],[80.31512,7.01964],[80.31521,7.01949],[80.31522,7.01927],[80.31535,7.01899],[80.31568,7.01756],[80.31573,7.01702],[80.31588,7.01654],[80.31591,7.01604],[80.31544,7.01584],[80.31511,7.0156],[80.31502,7.01567],[80.31488,7.01609],[80.31481,7.01688]]]}},{"type":"Feature","properties":{"c":"farmland"},"geometry":{"type":"Polygon","coordinates":[[[80.31554,7.01571],[80.31555,7.0158],[80.31594,7.0159],[80.31603,7.01689],[80.31631,7.0174],[80.31599,7.01822],[80.31639,7.01862],[80.31641,7.01855],[80.31625,7.01824],[80.31634,7.01789],[80.31661,7.01742],[80.31668,7.01716],[80.31702,7.01709],[80.31711,7.017],[80.3173,7.01702],[80.3178,7.0173],[80.31807,7.01738],[80.31825,7.0174],[80.31857,7.01726],[80.31867,7.01729],[80.31873,7.01749],[80.31855,7.01775],[80.31855,7.01782],[80.31865,7.0179],[80.31879,7.01781],[80.31906,7.01746],[80.31931,7.01746],[80.31956,7.01762],[80.3197,7.01782],[80.31977,7.01783],[80.31996,7.01763],[80.31992,7.01749],[80.31935,7.0173],[80.31901,7.01709],[80.31878,7.01703],[80.31819,7.0171],[80.31736,7.01681],[80.317,7.01659],[80.31683,7.01634],[80.31651,7.01617],[80.31621,7.01591],[80.31609,7.01574],[80.3161,7.01555],[80.31638,7.015],[80.31643,7.01483],[80.31639,7.01473],[80.31619,7.01478],[80.31597,7.0151],[80.31579,7.0152],[80.31554,7.01571]]]}},{"type":"Feature","properties":{"c":"farmland"},"geometry":{"type":"Polygon","coordinates":[[[80.31778,7.01353],[80.3178,7.01363],[80.31788,7.01365],[80.31822,7.01356],[80.31856,7.01337],[80.31876,7.01314],[80.31871,7.013],[80.31864,7.01297],[80.31845,7.013],[80.31801,7.01327],[80.31778,7.01353]]]}},{"type":"Feature","properties":{"c":"forest"},"geometry":{"type":"Polygon","coordinates":[[[80.32582,7.01008],[80.32587,7.01031],[80.32611,7.01047],[80.32632,7.01048],[80.32647,7.01058],[80.32662,7.0106],[80.3268,7.01052],[80.32696,7.01028],[80.32713,7.01021],[80.32718,7.01035],[80.32724,7.01126],[80.32731,7.01147],[80.32746,7.01159],[80.3277,7.0116],[80.3279,7.01146],[80.32822,7.01088],[80.32842,7.0108],[80.32854,7.01082],[80.32863,7.01101],[80.32861,7.01128],[80.32852,7.0115],[80.32805,7.01187],[80.32803,7.01215],[80.32828,7.01238],[80.32872,7.01254],[80.32896,7.01268],[80.33004,7.01263],[80.33028,7.01269],[80.33103,7.01342],[80.33141,7.01385],[80.3316,7.01377],[80.33161,7.01337],[80.33138,7.01223],[80.33144,7.01176],[80.3316,7.01147],[80.3316,7.01088],[80.33127,7.01048],[80.3312,7.01026],[80.33153,7.00934],[80.33161,7.00888],[80.33142,7.0085],[80.33125,7.0083],[80.33072,7.00809],[80.33023,7.00775],[80.32977,7.00758],[80.32928,7.00752],[80.3282,7.00668],[80.32795,7.00654],[80.32773,7.00656],[80.32723,7.00695],[80.32719,7.00728],[80.32702,7.00784],[80.32689,7.00809],[80.32663,7.0082],[80.3265,7.00839],[80.3265,7.00861],[80.32598,7.00957],[80.32582,7.01008]]]}},{"type":"Feature","properties":{"c":"farmland"},"geometry":{"type":"Polygon","coordinates":[[[80.32888,7.00587],[80.32898,7.00622],[80.32912,7.00641],[80.32949,7.00647],[80.32962,7.00638],[80.32971,7.00616],[80.32977,7.00577],[80.32974,7.0057],[80.32939,7.00556],[80.32897,7.00561],[80.32892,7.00564],[80.32888,7.00587]]]}},{"type":"Feature","properties":{"c":"farmland"},"geometry":{"type":"Polygon","coordinates":[[[80.32583,7.01086],[80.32589,7.01103],[80.32605,7.01113],[80.32693,7.01147],[80.32713,7.01088],[80.32718,7.01035],[80.32713,7.01021],[80.32696,7.01028],[80.3268,7.01052],[80.32662,7.0106],[80.32647,7.01058],[80.32632,7.01048],[80.32611,7.01047],[80.32601,7.01051],[80.32589,7.01063],[80.32583,7.01086]]]}},{"type":"Feature","properties":{"c":"forest"},"geometry":{"type":"Polygon","coordinates":[[[80.32136,7.00851],[80.32145,7.00888],[80.32159,7.00904],[80.32203,7.00937],[80.32207,7.00974],[80.32221,7.01012],[80.32227,7.01059],[80.32236,7.01082],[80.32254,7.01103],[80.32303,7.01137],[80.32344,7.01148],[80.32373,7.01149],[80.32434,7.01105],[80.3245,7.01076],[80.32448,7.0105],[80.32424,7.00991],[80.32419,7.00959],[80.32435,7.00947],[80.32447,7.00952],[80.32481,7.00982],[80.325,7.00987],[80.32528,7.00982],[80.32554,7.00971],[80.32573,7.0095],[80.32586,7.00918],[80.32602,7.00836],[80.32597,7.00812],[80.32602,7.00771],[80.32614,7.00751],[80.32674,7.00691],[80.32717,7.00512],[80.32716,7.00465],[80.32695,7.00434],[80.32663,7.00432],[80.32628,7.00449],[80.32549,7.00499],[80.32517,7.00531],[80.3249,7.00549],[80.32449,7.00568],[80.32437,7.00567],[80.32428,7.00551],[80.32429,7.00461],[80.32414,7.00433],[80.32397,7.00424],[80.32368,7.00421],[80.3234,7.00429],[80.32322,7.00464],[80.32305,7.00599],[80.32292,7.00625],[80.32277,7.00644],[80.32251,7.00659],[80.32185,7.00669],[80.32163,7.00676],[80.32152,7.00706],[80.32151,7.00733],[80.32172,7.00766],[80.32174,7.00789],[80.32136,7.00851]]]}},{"type":"Feature","properties":{"c":"farmland"},"geometry":{"type":"Polygon","coordinates":[[[80.31931,7.00852],[80.31963,7.00892],[80.31971,7.00889],[80.31978,7.00863],[80.31991,7.0084],[80.32018,7.00863],[80.32025,7.0086],[80.32029,7.00839],[80.32023,7.00798],[80.32014,7.00787],[80.31998,7.00787],[80.31964,7.00796],[80.31955,7.00804],[80.3195,7.00829],[80.31939,7.00833],[80.31931,7.00852]]]}},{"type":"Feature","properties":{"c":"forest"},"geometry":{"type":"Polygon","coordinates":[[[80.32189,7.00165],[80.32199,7.00193],[80.32227,7.00215],[80.32265,7.00228],[80.32309,7.00235],[80.32539,7.00236],[80.32591,7.00273],[80.32633,7.00312],[80.3269,7.00324],[80.32754,7.00302],[80.32833,7.00261],[80.32939,7.00183],[80.32969,7.00108],[80.32916,7.00016],[80.32856,6.99975],[80.32853,6.99932],[80.3286,6.99895],[80.32845,6.99857],[80.328,6.9981],[80.32801,6.99792],[80.32833,6.9973],[80.32838,6.997],[80.32835,6.99644],[80.32844,6.99611],[80.32844,6.9959],[80.32835,6.99573],[80.32823,6.99563],[80.32797,6.99551],[80.32772,6.99549],[80.32699,6.9958],[80.32672,6.99578],[80.32624,6.99538],[80.32575,6.99515],[80.32532,6.99506],[80.32485,6.99509],[80.32441,6.99523],[80.32416,6.9955],[80.32361,6.99702],[80.32313,6.9978],[80.32241,6.99918],[80.32189,7.00165]]]}},{"type":"Feature","properties":{"c":"forest"},"geometry":{"type":"Polygon","coordinates":[[[80.34706,6.99831],[80.34713,6.9985],[80.34748,6.99881],[80.34763,6.999],[80.34777,6.99932],[80.34809,6.99983],[80.34834,7.00003],[80.34855,7.0003],[80.34861,7.00066],[80.34876,7.00102],[80.34893,7.00118],[80.34936,7.00119],[80.34944,7.00126],[80.34958,7.00102],[80.34988,7.00072],[80.34991,7.00018],[80.35034,6.99952],[80.35061,6.99895],[80.35077,6.9984],[80.35105,6.99807],[80.35137,6.99784],[80.35154,6.99781],[80.35217,6.99786],[80.3525,6.9978],[80.35298,6.99756],[80.35282,6.99752],[80.35264,6.9974],[80.35257,6.99722],[80.35263,6.99684],[80.35258,6.99668],[80.35243,6.99654],[80.35125,6.996],[80.35051,6.99582],[80.35017,6.99581],[80.34907,6.99598],[80.3488,6.99598],[80.34814,6.99574],[80.34793,6.99576],[80.34742,6.99618],[80.34724,6.99642],[80.34721,6.99662],[80.34724,6.99722],[80.34706,6.99831]]]}},{"type":"Feature","properties":{"c":"farmland"},"geometry":{"type":"Polygon","coordinates":[[[80.40349,6.98668],[80.40358,6.98686],[80.40375,6.98691],[80.40383,6.98689],[80.40408,6.98662],[80.40408,6.98654],[80.40401,6.98643],[80.40391,6.98637],[80.40375,6.98657],[80.40352,6.9866],[80.40349,6.98668]]]}},{"type":"Feature","properties":{"c":"farmland"},"geometry":{"type":"Polygon","coordinates":[[[80.40264,6.98412],[80.40279,6.98447],[80.40282,6.98546],[80.40287,6.98552],[80.4031,6.98548],[80.40319,6.98544],[80.40325,6.98497],[80.40313,6.98455],[80.4028,6.98408],[80.40269,6.98405],[80.40264,6.98412]]]}},{"type":"Feature","properties":{"c":"farmland"},"geometry":{"type":"Polygon","coordinates":[[[80.41383,6.99501],[80.41387,6.99512],[80.41399,6.99523],[80.41421,6.99529],[80.4144,6.99528],[80.41448,6.99525],[80.41458,6.99485],[80.41485,6.99472],[80.41469,6.99469],[80.4144,6.99475],[80.4139,6.99494],[80.41383,6.99501]]]}},{"type":"Feature","properties":{"c":"farmland"},"geometry":{"type":"Polygon","coordinates":[[[80.41253,6.99558],[80.41289,6.99582],[80.4131,6.99602],[80.41312,6.99619],[80.41303,6.99635],[80.41325,6.99636],[80.41329,6.99605],[80.41336,6.9959],[80.41359,6.99576],[80.41365,6.99559],[80.41357,6.99531],[80.41332,6.99524],[80.41295,6.99529],[80.41276,6.99546],[80.41253,6.99558]]]}},{"type":"Feature","properties":{"c":"farmland"},"geometry":{"type":"Polygon","coordinates":[[[80.40803,6.99621],[80.40806,6.99633],[80.40845,6.99676],[80.40866,6.99653],[80.40882,6.99652],[80.40931,6.99673],[80.40987,6.99675],[80.4101,6.9967],[80.41046,6.99644],[80.41053,6.99607],[80.41061,6.99594],[80.41072,6.99587],[80.41136,6.99581],[80.41146,6.99566],[80.41139,6.99554],[80.41103,6.99542],[80.41039,6.99551],[80.41007,6.99541],[80.40983,6.99523],[80.40963,6.99522],[80.40953,6.99528],[80.40937,6.99563],[80.40923,6.99581],[80.40881,6.99605],[80.40856,6.99611],[80.40833,6.9961],[80.40803,6.99621]]]}},{"type":"Feature","properties":{"c":"farmland"},"geometry":{"type":"Polygon","coordinates":[[[80.4173,6.99799],[80.41736,6.99852],[80.41757,6.99855],[80.41765,6.99877],[80.41777,6.99881],[80.41782,6.99932],[80.41808,7.00012],[80.41817,7.00017],[80.41845,7.00009],[80.41855,7.00017],[80.4186,7.00054],[80.41848,7.00099],[80.41876,7.00089],[80.41894,7.00075],[80.41933,7.00023],[80.41956,7.00005],[80.42008,6.99997],[80.42016,6.99987],[80.42042,6.99936],[80.42043,6.99923],[80.42031,6.99915],[80.41991,6.99909],[80.41982,6.99892],[80.41982,6.99863],[80.41968,6.99838],[80.41972,6.99805],[80.41953,6.99797],[80.41932,6.99805],[80.41905,6.99827],[80.41888,6.99823],[80.41879,6.99808],[80.41877,6.99794],[80.41884,6.9975],[80.41878,6.99726],[80.41861,6.9973],[80.41839,6.99743],[80.418,6.99782],[80.41784,6.99788],[80.41746,6.99773],[80.41735,6.99781],[80.4173,6.99799]]]}},{"type":"Feature","properties":{"c":"farmland"},"geometry":{"type":"Polygon","coordinates":[[[80.41494,6.99465],[80.41502,6.99473],[80.41526,6.99473],[80.41542,6.99451],[80.416,6.99421],[80.41603,6.99402],[80.4159,6.99397],[80.41577,6.99401],[80.41499,6.99455],[80.41494,6.99465]]]}},{"type":"Feature","properties":{"c":"farmland"},"geometry":{"type":"Polygon","coordinates":[[[80.41499,6.99616],[80.41502,6.99665],[80.41523,6.99666],[80.41537,6.99625],[80.41533,6.99615],[80.41499,6.99616]]]}},{"type":"Feature","properties":{"c":"farmland"},"geometry":{"type":"Polygon","coordinates":[[[80.40927,7.0059],[80.40948,7.00599],[80.40942,7.00628],[80.40951,7.00647],[80.40964,7.00643],[80.40972,7.00623],[80.41026,7.00609],[80.41045,7.00601],[80.41051,7.00594],[80.41031,7.00586],[80.41008,7.00569],[80.40997,7.00556],[80.4099,7.00537],[80.40983,7.00537],[80.40968,7.00555],[80.40932,7.00579],[80.40927,7.0059]]]}},{"type":"Feature","properties":{"c":"farmland"},"geometry":{"type":"Polygon","coordinates":[[[80.40837,7.004],[80.40861,7.0041],[80.40883,7.00431],[80.40892,7.00435],[80.40901,7.00432],[80.40911,7.0041],[80.40915,7.00377],[80.40881,7.00359],[80.40865,7.00358],[80.40838,7.00393],[80.40837,7.004]]]}},{"type":"Feature","properties":{"c":"farmland"},"geometry":{"type":"Polygon","coordinates":[[[80.40927,7.00193],[80.40927,7.00244],[80.40937,7.00258],[80.40947,7.00256],[80.40974,7.0023],[80.40994,7.0023],[80.40998,7.00226],[80.40993,7.00189],[80.41019,7.0017],[80.41019,7.00164],[80.40972,7.00166],[80.40937,7.0018],[80.40927,7.00193]]]}},{"type":"Feature","properties":{"c":"orchard"},"geometry":{"type":"Polygon","coordinates":[[[80.40943,6.99888],[80.40953,6.99896],[80.40966,6.9992],[80.41007,6.99962],[80.4105,6.99982],[80.41076,7.00017],[80.41092,7.00029],[80.41072,6.99947],[80.41058,6.99937],[80.41046,6.99936],[80.41007,6.99941],[80.41012,6.99919],[80.41008,6.99902],[80.40998,6.99885],[80.40984,6.99875],[80.40965,6.9987],[80.40952,6.99872],[80.40943,6.99888]]]}},{"type":"Feature","properties":{"c":"farmland"},"geometry":{"type":"Polygon","coordinates":[[[80.41007,6.99941],[80.41046,6.99936],[80.41058,6.99937],[80.41072,6.99947],[80.41092,7.00029],[80.41154,7.00123],[80.41181,7.00198],[80.41195,7.00213],[80.41206,7.00246],[80.41213,7.00311],[80.41224,7.00314],[80.41224,7.00281],[80.41233,7.00267],[80.41256,7.00259],[80.41295,7.00251],[80.41344,7.00253],[80.41353,7.00246],[80.41412,7.00255],[80.41523,7.00253],[80.41527,7.00244],[80.41517,7.00224],[80.41498,7.0022],[80.41463,7.00231],[80.41438,7.00222],[80.41405,7.00229],[80.4139,7.00222],[80.41363,7.00188],[80.4135,7.00183],[80.41309,7.00171],[80.41261,7.00166],[80.41224,7.00125],[80.41212,7.00101],[80.41207,7.0009],[80.41208,7.00057],[80.41194,7.00036],[80.41192,7.00011],[80.41157,6.99994],[80.41136,7.0],[80.41129,6.99995],[80.41126,6.99946],[80.41069,6.99918],[80.41044,6.99913],[80.4102,6.99912],[80.41012,6.99919],[80.41007,6.99941]]]}},{"type":"Feature","properties":{"c":"farmland"},"geometry":{"type":"Polygon","coordinates":[[[80.40955,7.00057],[80.41009,7.00081],[80.41014,7.00078],[80.41015,7.00065],[80.41005,7.00044],[80.41002,7.0002],[80.41006,7.00003],[80.40998,6.99984],[80.40988,6.99987],[80.40955,7.00057]]]}},{"type":"Feature","properties":{"c":"farmland"},"geometry":{"type":"Polygon","coordinates":[[[80.40993,7.00189],[80.41004,7.00254],[80.41,7.00317],[80.41006,7.00332],[80.41021,7.00346],[80.41029,7.00346],[80.41051,7.00312],[80.41058,7.00286],[80.41079,7.00269],[80.41084,7.00243],[80.41091,7.0023],[80.41106,7.00226],[80.41114,7.00203],[80.41096,7.00183],[80.41085,7.00179],[80.41071,7.00182],[80.41056,7.00168],[80.41031,7.00165],[80.4102,7.00178],[80.41008,7.00177],[80.40999,7.00183],[80.40993,7.00189]]]}},{"type":"Feature","properties":{"c":"farmland"},"geometry":{"type":"Polygon","coordinates":[[[80.40597,7.00248],[80.40599,7.00265],[80.40619,7.00279],[80.40645,7.00279],[80.40664,7.0029],[80.40692,7.00297],[80.40758,7.00301],[80.40771,7.00293],[80.40778,7.00264],[80.40789,7.00255],[80.40874,7.00237],[80.40885,7.0022],[80.40891,7.00165],[80.40871,7.00137],[80.40853,7.00128],[80.40837,7.00127],[80.40828,7.00142],[80.40801,7.00163],[80.40786,7.00166],[80.40772,7.00161],[80.40761,7.00134],[80.4077,7.0011],[80.40769,7.00097],[80.40765,7.00093],[80.40757,7.00094],[80.4073,7.00127],[80.40715,7.00131],[80.40664,7.00164],[80.40597,7.00248]]]}},{"type":"Feature","properties":{"c":"farmland"},"geometry":{"type":"Polygon","coordinates":[[[80.40749,6.99809],[80.40773,6.99858],[80.4078,6.999],[80.40788,6.99905],[80.40808,6.99901],[80.40821,6.99891],[80.40826,6.99869],[80.40824,6.99862],[80.40805,6.99851],[80.408,6.99842],[80.408,6.99791],[80.40793,6.99788],[80.4077,6.99797],[80.40753,6.99796],[80.40749,6.99809]]]}},{"type":"Feature","properties":{"c":"forest"},"geometry":{"type":"Polygon","coordinates":[[[80.39743,6.9997],[80.39752,7.0],[80.39814,7.00045],[80.39845,7.00077],[80.39891,7.00143],[80.3988,7.00182],[80.39858,7.00217],[80.39849,7.00253],[80.39862,7.00282],[80.39889,7.00305],[80.39937,7.00316],[80.39995,7.00312],[80.40083,7.00292],[80.40104,7.00265],[80.40108,7.00246],[80.40119,7.00241],[80.40149,7.00245],[80.40173,7.00258],[80.40202,7.00264],[80.40236,7.00257],[80.40269,7.00239],[80.40292,7.00205],[80.40329,7.00179],[80.40366,7.00131],[80.40372,7.00085],[80.40356,7.0006],[80.40333,7.00045],[80.40324,7.0002],[80.40321,6.99974],[80.40293,6.9994],[80.403,6.99925],[80.40342,6.99912],[80.40338,6.999],[80.40262,6.99861],[80.40238,6.99864],[80.40219,6.99856],[80.40194,6.99855],[80.40155,6.99832],[80.40107,6.99828],[80.4008,6.99795],[80.40048,6.99799],[80.39989,6.99817],[80.3995,6.9984],[80.39917,6.99846],[80.39785,6.9989],[80.39757,6.99907],[80.39747,6.99926],[80.39743,6.9997]]]}},{"type":"Feature","properties":{"c":"forest"},"geometry":{"type":"Polygon","coordinates":[[[80.4233,6.99113],[80.42333,6.99125],[80.42345,6.99136],[80.42392,6.99112],[80.4243,6.99101],[80.42448,6.99088],[80.42455,6.99067],[80.42414,6.98957],[80.42401,6.98959],[80.42384,6.9898],[80.42334,6.99006],[80.42337,6.99087],[80.4233,6.99113]]]}},{"type":"Feature","properties":{"c":"farmland"},"geometry":{"type":"Polygon","coordinates":[[[80.42271,6.99006],[80.42269,6.99056],[80.42289,6.99063],[80.42312,6.99084],[80.42312,6.99116],[80.42324,6.99119],[80.4233,6.99113],[80.42337,6.99087],[80.42337,6.99024],[80.42328,6.98973],[80.42333,6.98955],[80.42332,6.98932],[80.42306,6.98925],[80.42299,6.98927],[80.42295,6.98972],[80.42302,6.98993],[80.42298,6.99001],[80.42271,6.99006]]]}},{"type":"Feature","properties":{"c":"forest"},"geometry":{"type":"Polygon","coordinates":[[[80.41909,6.99245],[80.41925,6.99277],[80.41967,6.99276],[80.41979,6.99284],[80.41983,6.99295],[80.41979,6.99368],[80.41986,6.99381],[80.42,6.99377],[80.42088,6.9929],[80.4225,6.99194],[80.42253,6.99183],[80.42262,6.98928],[80.42211,6.9892],[80.42184,6.9892],[80.42164,6.98929],[80.42145,6.98956],[80.42131,6.98995],[80.42079,6.99027],[80.42067,6.99042],[80.42046,6.99091],[80.42038,6.99122],[80.42025,6.99144],[80.41981,6.99159],[80.41968,6.9917],[80.41945,6.99204],[80.41918,6.99223],[80.4191,6.99234],[80.41909,6.99245]]]}},{"type":"Feature","properties":{"c":"farmland"},"geometry":{"type":"Polygon","coordinates":[[[80.42847,6.99087],[80.42875,6.99138],[80.42876,6.9916],[80.42891,6.99162],[80.43004,6.9915],[80.43018,6.9913],[80.43029,6.99088],[80.4302,6.99053],[80.42999,6.99035],[80.42966,6.9898],[80.42952,6.98942],[80.42938,6.98941],[80.42916,6.98958],[80.42887,6.9901],[80.4286,6.99029],[80.42848,6.9905],[80.42847,6.99087]]]}},{"type":"Feature","properties":{"c":"farmland"},"geometry":{"type":"Polygon","coordinates":[[[80.41879,6.99466],[80.41895,6.99485],[80.4191,6.99484],[80.41942,6.99466],[80.41973,6.99459],[80.42018,6.99441],[80.42024,6.99443],[80.42054,6.99413],[80.42153,6.99352],[80.42165,6.99339],[80.42162,6.9933],[80.42143,6.99322],[80.42142,6.99315],[80.42149,6.9931],[80.42193,6.99311],[80.42213,6.99304],[80.42301,6.99254],[80.42371,6.9923],[80.42394,6.99252],[80.42396,6.99262],[80.42407,6.99267],[80.4243,6.9925],[80.42436,6.99235],[80.4243,6.99223],[80.42415,6.99218],[80.42411,6.99206],[80.42415,6.99199],[80.42485,6.9917],[80.42522,6.99163],[80.42562,6.99163],[80.42572,6.9917],[80.42589,6.99204],[80.42604,6.99214],[80.42622,6.99236],[80.42638,6.99212],[80.42645,6.99208],[80.42673,6.99209],[80.42702,6.9919],[80.42723,6.99185],[80.42775,6.99185],[80.42798,6.99168],[80.42865,6.99161],[80.42868,6.99155],[80.42831,6.99102],[80.42813,6.9909],[80.42774,6.99083],[80.42724,6.9908],[80.42637,6.99094],[80.42549,6.99089],[80.42517,6.99093],[80.42462,6.99093],[80.42367,6.99134],[80.4225,6.99194],[80.42088,6.9929],[80.42,6.99377],[80.41885,6.99447],[80.41879,6.99466]]]}},{"type":"Feature","properties":{"c":"forest"},"geometry":{"type":"Polygon","coordinates":[[[80.4142,7.00144],[80.41442,7.00163],[80.41518,7.00176],[80.41548,7.00188],[80.41615,7.00189],[80.41665,7.00182],[80.41685,7.0019],[80.41788,7.00192],[80.41845,7.00186],[80.41922,7.00189],[80.41966,7.00183],[80.42015,7.00144],[80.42056,7.00142],[80.42135,7.0016],[80.42217,7.00134],[80.42302,7.00132],[80.42391,7.00137],[80.4251,7.00125],[80.42574,7.0014],[80.4261,7.00172],[80.42637,7.00237],[80.42664,7.00279],[80.42706,7.00317],[80.42746,7.00341],[80.42818,7.0037],[80.4285,7.00393],[80.42883,7.00397],[80.42922,7.00396],[80.42962,7.00388],[80.42989,7.00372],[80.43012,7.00352],[80.43034,7.00317],[80.43045,7.00279],[80.43062,7.00245],[80.4309,7.00237],[80.4313,7.00237],[80.43203,7.00278],[80.43399,7.00311],[80.43472,7.00341],[80.43515,7.00371],[80.43605,7.00396],[80.43659,7.00398],[80.43727,7.00418],[80.43772,7.00451],[80.43756,7.00533],[80.43703,7.00631],[80.43737,7.00642],[80.43786,7.00634],[80.43822,7.00658],[80.4387,7.00668],[80.4394,7.00656],[80.4403,7.00621],[80.44077,7.00547],[80.44092,7.00503],[80.44066,7.00442],[80.44027,7.00432],[80.4396,7.00443],[80.43921,7.00466],[80.43887,7.00456],[80.43898,7.00378],[80.43891,7.00334],[80.43866,7.003],[80.43815,7.00282],[80.43815,7.00183],[80.43843,7.00179],[80.43954,7.00237],[80.43984,7.00211],[80.43953,7.00114],[80.43959,7.00084],[80.4399,7.00066],[80.44036,7.00076],[80.44075,7.00089],[80.44104,7.00133],[80.44106,7.00169],[80.44139,7.0018],[80.4421,7.00175],[80.44245,7.00129],[80.4425,7.00092],[80.44224,7.00017],[80.44186,6.99969],[80.44117,6.99933],[80.44071,6.99945],[80.43995,6.99973],[80.43938,6.99972],[80.43916,6.99955],[80.439,6.99934],[80.43853,6.99932],[80.43826,6.99947],[80.438,6.9997],[80.43778,6.99975],[80.43753,6.99974],[80.43728,6.99959],[80.4371,6.99932],[80.43684,6.9987],[80.43701,6.99806],[80.43703,6.99778],[80.43685,6.99755],[80.4365,6.99741],[80.43515,6.99729],[80.43354,6.99749],[80.43231,6.99777],[80.43063,6.99904],[80.42961,6.99941],[80.42901,6.99941],[80.42778,6.9992],[80.42684,6.99948],[80.42668,6.9993],[80.42701,6.99895],[80.42737,6.99871],[80.42752,6.99841],[80.42741,6.99825],[80.42814,6.99754],[80.4289,6.99635],[80.42907,6.99583],[80.42917,6.99518],[80.42933,6.99483],[80.42941,6.99449],[80.42939,6.99411],[80.42931,6.9938],[80.42887,6.99371],[80.42873,6.99386],[80.42862,6.99411],[80.42867,6.99466],[80.42795,6.99478],[80.42758,6.99453],[80.42734,6.99384],[80.42671,6.99347],[80.42597,6.99333],[80.42528,6.99331],[80.42391,6.99354],[80.42316,6.99378],[80.42265,6.9941],[80.42226,6.99449],[80.42201,6.99452],[80.42113,6.99431],[80.42053,6.99432],[80.4195,6.99489],[80.4177,6.99569],[80.4169,6.99589],[80.41602,6.99628],[80.41597,6.99639],[80.416,6.99654],[80.41622,6.99687],[80.41616,6.99709],[80.4159,6.99744],[80.41575,6.99774],[80.41573,6.99797],[80.41592,6.9985],[80.41588,6.9987],[80.41572,6.99901],[80.41567,6.9993],[80.41555,6.99964],[80.41521,7.00019],[80.41457,7.00065],[80.41429,7.00101],[80.4142,7.00144]]]}},{"type":"Feature","properties":{"c":"farmland"},"geometry":{"type":"Polygon","coordinates":[[[80.42652,6.98832],[80.42654,6.98837],[80.42688,6.98853],[80.42704,6.98843],[80.42716,6.98852],[80.42724,6.98851],[80.42735,6.98829],[80.42715,6.98793],[80.42685,6.98779],[80.42678,6.9878],[80.42666,6.98796],[80.42652,6.98832]]]}},{"type":"Feature","properties":{"c":"farmland"},"geometry":{"type":"Polygon","coordinates":[[[80.42644,6.98779],[80.42642,6.988],[80.42655,6.98788],[80.42656,6.98774],[80.42644,6.98779]]]}},{"type":"Feature","properties":{"c":"farmland"},"geometry":{"type":"Polygon","coordinates":[[[80.42526,6.98748],[80.42531,6.9877],[80.42542,6.98772],[80.42558,6.98764],[80.42577,6.98764],[80.42589,6.9877],[80.42601,6.98792],[80.42614,6.98791],[80.42626,6.98776],[80.42645,6.98771],[80.4265,6.98736],[80.42644,6.98713],[80.42538,6.98727],[80.42526,6.98748]]]}},{"type":"Feature","properties":{"c":"farmland"},"geometry":{"type":"Polygon","coordinates":[[[80.42459,6.98795],[80.42483,6.988],[80.4249,6.98792],[80.42494,6.98786],[80.42488,6.98766],[80.42491,6.98746],[80.42461,6.9878],[80.42459,6.98795]]]}},{"type":"Feature","properties":{"c":"forest"},"geometry":{"type":"Polygon","coordinates":[[[80.42366,6.98817],[80.42376,6.98831],[80.4242,6.98825],[80.42444,6.98816],[80.42454,6.98804],[80.42461,6.9878],[80.42481,6.98754],[80.42513,6.98724],[80.42526,6.98696],[80.42524,6.98661],[80.42519,6.98645],[80.42506,6.98634],[80.42485,6.9863],[80.42456,6.98633],[80.42431,6.98641],[80.42416,6.98656],[80.42405,6.98672],[80.424,6.98694],[80.42399,6.98739],[80.4237,6.98797],[80.42366,6.98817]]]}},{"type":"Feature","properties":{"c":"forest"},"geometry":{"type":"Polygon","coordinates":[[[80.41939,6.99019],[80.41943,6.99027],[80.41957,6.9903],[80.41993,6.99029],[80.42009,6.99024],[80.42034,6.99032],[80.42044,6.99029],[80.42047,6.99013],[80.42089,6.98985],[80.42094,6.98975],[80.42094,6.98928],[80.42189,6.98892],[80.42206,6.9888],[80.42218,6.98864],[80.42226,6.98819],[80.42244,6.9879],[80.42291,6.98749],[80.42296,6.98737],[80.42277,6.98693],[80.42266,6.98684],[80.42252,6.98689],[80.42242,6.98703],[80.42224,6.98709],[80.42209,6.98702],[80.42202,6.98687],[80.42205,6.98673],[80.42213,6.98666],[80.42215,6.98635],[80.4215,6.98563],[80.42117,6.98556],[80.4204,6.98602],[80.41992,6.98642],[80.41964,6.98712],[80.41976,6.98737],[80.42063,6.98735],[80.42075,6.98748],[80.42045,6.98802],[80.42037,6.98856],[80.42018,6.98897],[80.41993,6.98909],[80.41953,6.98914],[80.41945,6.98928],[80.41939,6.99019]]]}},{"type":"Feature","properties":{"c":"farmland"},"geometry":{"type":"Polygon","coordinates":[[[80.41756,6.99088],[80.41758,6.99096],[80.4178,6.99104],[80.41783,6.99116],[80.41794,6.99129],[80.41808,6.99136],[80.4183,6.99137],[80.4184,6.99133],[80.4184,6.99112],[80.41812,6.99099],[80.41814,6.99081],[80.41796,6.99075],[80.41766,6.99073],[80.41759,6.99075],[80.41756,6.99088]]]}},{"type":"Feature","properties":{"c":"farmland"},"geometry":{"type":"Polygon","coordinates":[[[80.41117,7.00237],[80.41123,7.00253],[80.41149,7.00273],[80.41149,7.00283],[80.41163,7.00283],[80.41165,7.00271],[80.41152,7.00246],[80.41155,7.00234],[80.41167,7.00221],[80.41154,7.00196],[80.41142,7.00196],[80.4112,7.00212],[80.41117,7.00237]]]}},{"type":"Feature","properties":{"c":"farmland"},"geometry":{"type":"Polygon","coordinates":[[[80.41015,7.00137],[80.41042,7.00159],[80.411,7.00167],[80.41104,7.00164],[80.41094,7.00136],[80.41112,7.00127],[80.41112,7.00107],[80.4109,7.00077],[80.41073,7.00091],[80.41052,7.00098],[80.4104,7.00117],[80.41015,7.00137]]]}},{"type":"Feature","properties":{"c":"farmland"},"geometry":{"type":"Polygon","coordinates":[[[80.40987,7.00113],[80.41003,7.00122],[80.4101,7.00122],[80.4104,7.00097],[80.41052,7.00098],[80.41058,7.00094],[80.4106,7.00084],[80.41071,7.00073],[80.41063,7.00054],[80.41035,7.00039],[80.41036,7.0003],[80.41049,7.00028],[80.41038,7.00015],[80.41006,7.00003],[80.41002,7.0002],[80.41005,7.00044],[80.41011,7.00054],[80.41029,7.0006],[80.41031,7.00071],[80.41009,7.00081],[80.40987,7.00113]]]}},{"type":"Feature","properties":{"c":"orchard"},"geometry":{"type":"Polygon","coordinates":[[[80.41035,7.00039],[80.41058,7.00049],[80.41067,7.00059],[80.41071,7.00073],[80.4106,7.00084],[80.41058,7.00094],[80.41073,7.00091],[80.4109,7.00077],[80.41094,7.00069],[80.41092,7.00056],[80.41065,7.00035],[80.41049,7.00028],[80.41036,7.0003],[80.41035,7.00039]]]}},{"type":"Feature","properties":{"c":"orchard"},"geometry":{"type":"Polygon","coordinates":[[[80.40929,7.00085],[80.40943,7.0009],[80.40943,7.00099],[80.40962,7.00102],[80.40973,7.00109],[80.40985,7.00137],[80.40978,7.00158],[80.40982,7.00162],[80.40998,7.00159],[80.41008,7.00143],[80.4104,7.00117],[80.41052,7.00098],[80.4104,7.00097],[80.4101,7.00122],[80.41003,7.00122],[80.40987,7.00113],[80.41006,7.00089],[80.41001,7.00083],[80.40957,7.00063],[80.40937,7.00071],[80.40929,7.00085]]]}},{"type":"Feature","properties":{"c":"orchard"},"geometry":{"type":"Polygon","coordinates":[[[80.41094,7.00136],[80.41104,7.00164],[80.41128,7.00184],[80.41154,7.00185],[80.41155,7.00165],[80.41142,7.0015],[80.41112,7.00127],[80.41094,7.00136]]]}},{"type":"Feature","properties":{"c":"orchard"},"geometry":{"type":"Polygon","coordinates":[[[80.41152,7.00246],[80.41165,7.00271],[80.41174,7.0027],[80.41181,7.00261],[80.41186,7.00245],[80.41175,7.00222],[80.41167,7.00221],[80.41155,7.00234],[80.41152,7.00246]]]}},{"type":"Feature","properties":{"c":"orchard"},"geometry":{"type":"Polygon","coordinates":[[[80.41021,7.00438],[80.41029,7.00447],[80.41065,7.00431],[80.41075,7.00434],[80.41073,7.00487],[80.41107,7.00491],[80.41123,7.00487],[80.41136,7.00469],[80.41143,7.00437],[80.41159,7.00432],[80.41164,7.00423],[80.41162,7.00388],[80.41173,7.00339],[80.41163,7.00325],[80.41163,7.00283],[80.41129,7.00282],[80.4112,7.00274],[80.41117,7.00237],[80.41102,7.00233],[80.41094,7.00236],[80.41079,7.00269],[80.41058,7.00286],[80.41051,7.00312],[80.41083,7.00332],[80.41079,7.00352],[80.41071,7.00366],[80.41044,7.00371],[80.41043,7.00377],[80.4106,7.00401],[80.41057,7.00409],[80.41021,7.00438]]]}},{"type":"Feature","properties":{"c":"orchard"},"geometry":{"type":"Polygon","coordinates":[[[80.40943,7.00354],[80.40992,7.0039],[80.41009,7.00427],[80.41027,7.0042],[80.41028,7.00408],[80.40983,7.00353],[80.40962,7.00345],[80.40943,7.00354]]]}},{"type":"Feature","properties":{"c":"orchard"},"geometry":{"type":"Polygon","coordinates":[[[80.40933,7.00382],[80.40944,7.00396],[80.4096,7.0044],[80.40972,7.00441],[80.40976,7.00416],[80.40986,7.00406],[80.40982,7.00398],[80.40951,7.00389],[80.40938,7.00376],[80.40933,7.00382]]]}},{"type":"Feature","properties":{"c":"orchard"},"geometry":{"type":"Polygon","coordinates":[[[80.4085,7.00353],[80.40865,7.00358],[80.4089,7.00359],[80.40901,7.00341],[80.40902,7.00316],[80.40867,7.00311],[80.40856,7.00303],[80.40857,7.00323],[80.4085,7.00353]]]}},{"type":"Feature","properties":{"c":"orchard"},"geometry":{"type":"Polygon","coordinates":[[[80.40808,7.00304],[80.40813,7.00328],[80.40823,7.00338],[80.40824,7.00349],[80.40833,7.00357],[80.40839,7.00354],[80.40833,7.0034],[80.40838,7.00307],[80.40831,7.00297],[80.4082,7.00295],[80.40808,7.00304]]]}},{"type":"Feature","properties":{"c":"forest"},"geometry":{"type":"Polygon","coordinates":[[[80.41127,6.99866],[80.41214,6.99922],[80.41245,6.99934],[80.4129,6.99981],[80.41323,7.00001],[80.41345,7.00053],[80.41434,7.00067],[80.41471,7.00032],[80.41502,6.99976],[80.41491,6.99916],[80.41464,6.99887],[80.41385,6.99837],[80.41379,6.9981],[80.41355,6.99785],[80.41313,6.99754],[80.41226,6.9976],[80.41198,6.99778],[80.41192,6.99793],[80.41177,6.9981],[80.41131,6.99844],[80.41127,6.99866]]]}},{"type":"Feature","properties":{"c":"farmland"},"geometry":{"type":"Polygon","coordinates":[[[80.41701,6.9852],[80.41705,6.9854],[80.41703,6.98579],[80.41722,6.98591],[80.41785,6.98604],[80.41795,6.9862],[80.41798,6.98648],[80.41794,6.98687],[80.418,6.98704],[80.41849,6.98722],[80.41868,6.98719],[80.41876,6.98705],[80.41878,6.98678],[80.41877,6.98662],[80.41866,6.98645],[80.41864,6.98632],[80.41884,6.98616],[80.4188,6.98558],[80.41847,6.98535],[80.41779,6.98526],[80.41766,6.98498],[80.41749,6.98498],[80.41718,6.98507],[80.41701,6.9852]]]}},{"type":"Feature","properties":{"c":"farmland"},"geometry":{"type":"Polygon","coordinates":[[[80.41711,6.98608],[80.41743,6.98626],[80.41752,6.98692],[80.41758,6.98698],[80.41767,6.98695],[80.41775,6.98684],[80.41776,6.98668],[80.41773,6.98615],[80.41764,6.986],[80.41722,6.98591],[80.41711,6.98608]]]}},{"type":"Feature","properties":{"c":"farmland"},"geometry":{"type":"Polygon","coordinates":[[[80.4174,6.99014],[80.41779,6.99025],[80.41786,6.99033],[80.41781,6.99051],[80.41785,6.99058],[80.41797,6.99062],[80.41823,6.99043],[80.41831,6.99023],[80.41826,6.9901],[80.4181,6.99001],[80.41792,6.98995],[80.4177,6.98995],[80.41747,6.98987],[80.4174,6.99014]]]}},{"type":"Feature","properties":{"c":"farmland"},"geometry":{"type":"Polygon","coordinates":[[[80.41726,6.9896],[80.41739,6.9897],[80.41751,6.98973],[80.41819,6.98975],[80.41839,6.9895],[80.4183,6.98942],[80.41753,6.98951],[80.41726,6.9896]]]}},{"type":"Feature","properties":{"c":"farmland"},"geometry":{"type":"Polygon","coordinates":[[[80.41693,6.98877],[80.41699,6.98886],[80.4173,6.98895],[80.41741,6.98885],[80.41745,6.98872],[80.41718,6.98844],[80.41705,6.9885],[80.41694,6.98863],[80.41693,6.98877]]]}},{"type":"Feature","properties":{"c":"farmland"},"geometry":{"type":"Polygon","coordinates":[[[80.41449,6.99021],[80.41451,6.99029],[80.41502,6.9904],[80.41509,6.99053],[80.41524,6.99064],[80.41549,6.9907],[80.41565,6.99068],[80.41593,6.99047],[80.41594,6.9902],[80.41572,6.98942],[80.41563,6.98866],[80.41558,6.98861],[80.41549,6.98865],[80.41545,6.98881],[80.4155,6.98945],[80.41541,6.98967],[80.41516,6.99003],[80.41505,6.99008],[80.41458,6.99013],[80.41449,6.99021]]]}},{"type":"Feature","properties":{"c":"forest"},"geometry":{"type":"Polygon","coordinates":[[[80.42885,6.99249],[80.42958,6.99246],[80.42977,6.99278],[80.42997,6.99288],[80.43014,6.99326],[80.43027,6.99378],[80.43042,6.99386],[80.43082,6.99377],[80.43144,6.99393],[80.43175,6.99396],[80.43194,6.99389],[80.43214,6.99351],[80.43279,6.99312],[80.4333,6.99323],[80.4336,6.99374],[80.43485,6.99407],[80.4352,6.9941],[80.43553,6.99461],[80.4363,6.99455],[80.43665,6.99429],[80.43762,6.99427],[80.43822,6.99434],[80.43856,6.99445],[80.43898,6.99508],[80.43904,6.99541],[80.43935,6.99582],[80.43949,6.99641],[80.4394,6.99696],[80.43986,6.99733],[80.44088,6.99756],[80.4417,6.99728],[80.44266,6.99678],[80.44344,6.99598],[80.44347,6.99516],[80.44329,6.99443],[80.44285,6.99386],[80.44201,6.9933],[80.44065,6.99177],[80.43907,6.99162],[80.43734,6.99155],[80.43582,6.99169],[80.43304,6.99159],[80.43167,6.99172],[80.4302,6.99168],[80.42887,6.99176],[80.42885,6.99249]]]}},{"type":"Feature","properties":{"c":"forest"},"geometry":{"type":"Polygon","coordinates":[[[80.2885,7.02978],[80.28861,7.02982],[80.2887,7.03017],[80.28867,7.03037],[80.28885,7.03044],[80.28908,7.03047],[80.28912,7.03034],[80.2891,7.03013],[80.28917,7.03],[80.28931,7.02992],[80.28956,7.03007],[80.28964,7.03021],[80.28954,7.03071],[80.28961,7.03085],[80.28982,7.03091],[80.28989,7.03112],[80.2902,7.03125],[80.29035,7.03139],[80.29028,7.03168],[80.29009,7.03169],[80.28992,7.03182],[80.28995,7.03198],[80.29074,7.03228],[80.29085,7.03187],[80.29103,7.03189],[80.29103,7.03223],[80.29226,7.03288],[80.29257,7.03283],[80.29284,7.03257],[80.29302,7.03199],[80.29303,7.03095],[80.29311,7.02995],[80.29265,7.02989],[80.29222,7.02997],[80.29196,7.03029],[80.29126,7.03034],[80.29078,7.03044],[80.29064,7.03054],[80.29025,7.03052],[80.29014,7.03045],[80.28988,7.03016],[80.28958,7.02965],[80.28968,7.02939],[80.28962,7.02919],[80.28944,7.02922],[80.28919,7.02937],[80.28901,7.02966],[80.28889,7.02971],[80.28854,7.02962],[80.2885,7.02978]]]}},{"type":"Feature","properties":{"c":"farmland"},"geometry":{"type":"Polygon","coordinates":[[[80.31222,7.02822],[80.31231,7.0284],[80.31241,7.0284],[80.31251,7.0282],[80.3127,7.02804],[80.31292,7.02794],[80.31302,7.02794],[80.31307,7.02801],[80.31298,7.02856],[80.31289,7.02861],[80.31246,7.02862],[80.31237,7.02875],[80.31237,7.02893],[80.31267,7.02914],[80.31297,7.02919],[80.31333,7.02878],[80.31375,7.0288],[80.31389,7.02874],[80.31399,7.02862],[80.31379,7.02845],[80.3138,7.02821],[80.3137,7.02813],[80.31384,7.0276],[80.31369,7.02713],[80.31374,7.02697],[80.31403,7.02663],[80.31418,7.02614],[80.3142,7.02591],[80.31415,7.02563],[80.31375,7.02549],[80.31375,7.02533],[80.31385,7.02509],[80.3137,7.02434],[80.31362,7.02418],[80.31356,7.02416],[80.31346,7.02415],[80.31334,7.02422],[80.31337,7.02483],[80.31344,7.0252],[80.31342,7.0255],[80.31328,7.02568],[80.31303,7.02578],[80.31287,7.026],[80.31289,7.0263],[80.31311,7.02667],[80.31315,7.02697],[80.31291,7.02749],[80.31284,7.02751],[80.31234,7.02736],[80.31223,7.02751],[80.31229,7.02797],[80.31222,7.02822]]]}},{"type":"Feature","properties":{"c":"orchard"},"geometry":{"type":"Polygon","coordinates":[[[80.30437,7.02215],[80.30447,7.02245],[80.30471,7.02252],[80.30567,7.0225],[80.30609,7.0226],[80.30627,7.02292],[80.30641,7.02344],[80.30644,7.02369],[80.30639,7.02384],[80.3064,7.02429],[80.30684,7.02499],[80.30709,7.02509],[80.30728,7.02505],[80.30748,7.02493],[80.30757,7.02416],[80.30766,7.02391],[80.30809,7.02362],[80.30823,7.02355],[80.30837,7.02366],[80.30852,7.02418],[80.30865,7.02428],[80.309,7.02337],[80.30921,7.02318],[80.30975,7.02334],[80.31001,7.02308],[80.3103,7.02241],[80.31037,7.02206],[80.31032,7.02153],[80.30983,7.02096],[80.30967,7.02069],[80.30943,7.02039],[80.30927,7.0203],[80.30803,7.01999],[80.30717,7.01967],[80.30645,7.01954],[80.30538,7.01955],[80.30529,7.01968],[80.30531,7.02011],[80.30522,7.02037],[80.30496,7.02047],[80.30487,7.02068],[80.30493,7.02098],[80.30476,7.02122],[80.30468,7.0216],[80.30437,7.02215]]]}},{"type":"Feature","properties":{"c":"orchard"},"geometry":{"type":"Polygon","coordinates":[[[80.30277,7.02615],[80.3028,7.02635],[80.30295,7.02659],[80.30325,7.02696],[80.30345,7.02711],[80.30362,7.02768],[80.30378,7.02787],[80.30422,7.028],[80.3045,7.02794],[80.30465,7.02784],[80.30485,7.02757],[80.30494,7.02698],[80.30515,7.02684],[80.30567,7.02703],[80.30609,7.02709],[80.30621,7.0272],[80.30635,7.02754],[80.3065,7.02766],[80.3067,7.02771],[80.30704,7.02768],[80.30727,7.02755],[80.30803,7.02622],[80.30798,7.02569],[80.30768,7.02523],[80.30544,7.02535],[80.30488,7.02519],[80.30472,7.02503],[80.3048,7.02399],[80.30458,7.0238],[80.30438,7.02373],[80.30404,7.02377],[80.30372,7.02372],[80.30342,7.02373],[80.3031,7.0239],[80.30297,7.02421],[80.30292,7.02471],[80.30282,7.02503],[80.30277,7.02615]]]}},{"type":"Feature","properties":{"c":"forest"},"geometry":{"type":"Polygon","coordinates":[[[80.29704,7.02332],[80.29733,7.02337],[80.29813,7.02333],[80.29912,7.02364],[80.29944,7.02452],[80.29921,7.02519],[80.29888,7.02561],[80.29876,7.02609],[80.29887,7.02636],[80.29914,7.0265],[80.29961,7.0266],[80.29986,7.02678],[80.30018,7.02719],[80.30042,7.02742],[80.30065,7.02742],[80.30112,7.02702],[80.30151,7.0273],[80.30181,7.02733],[80.30189,7.02714],[80.3018,7.02685],[80.30193,7.0266],[80.30199,7.02633],[80.30203,7.02514],[80.30146,7.02461],[80.30123,7.02398],[80.30133,7.02371],[80.30149,7.02346],[80.30218,7.0229],[80.30222,7.02212],[80.30213,7.02156],[80.30198,7.02108],[80.30161,7.02066],[80.30129,7.02059],[80.30105,7.02062],[80.30053,7.02037],[80.30038,7.02037],[80.30029,7.02047],[80.30028,7.02057],[80.3002,7.02063],[80.2998,7.02075],[80.299,7.02108],[80.29863,7.02132],[80.29735,7.02251],[80.29705,7.02294],[80.29704,7.02332]]]}},{"type":"Feature","properties":{"c":"orchard"},"geometry":{"type":"Polygon","coordinates":[[[80.29423,7.01835],[80.29448,7.01845],[80.29451,7.01861],[80.29446,7.01886],[80.2948,7.01901],[80.29501,7.01903],[80.29523,7.01861],[80.29522,7.01845],[80.2956,7.01821],[80.29639,7.01712],[80.29678,7.01693],[80.29719,7.01693],[80.29742,7.01687],[80.2981,7.01636],[80.29793,7.01593],[80.298,7.01517],[80.29779,7.01523],[80.29762,7.01522],[80.29751,7.01514],[80.29735,7.01486],[80.29738,7.01466],[80.29751,7.01449],[80.29762,7.01441],[80.29738,7.01393],[80.29719,7.01389],[80.29698,7.01394],[80.29681,7.01414],[80.29676,7.01439],[80.29624,7.01475],[80.29612,7.01502],[80.29615,7.01545],[80.29606,7.01551],[80.29578,7.01606],[80.29479,7.01601],[80.29473,7.01625],[80.29482,7.01647],[80.29516,7.01655],[80.29545,7.01656],[80.29555,7.01674],[80.29461,7.01766],[80.2944,7.01815],[80.29423,7.01817],[80.29423,7.01835]]]}},{"type":"Feature","properties":{"c":"farmland"},"geometry":{"type":"Polygon","coordinates":[[[80.29847,7.01582],[80.29862,7.01592],[80.29885,7.01572],[80.29888,7.01553],[80.29861,7.01554],[80.29854,7.01561],[80.29847,7.01582]]]}},{"type":"Feature","properties":{"c":"orchard"},"geometry":{"type":"Polygon","coordinates":[[[80.2953,7.01196],[80.29535,7.01204],[80.29572,7.0121],[80.29613,7.01226],[80.29634,7.01244],[80.29669,7.01256],[80.2972,7.01291],[80.29762,7.01299],[80.29814,7.01299],[80.29836,7.01263],[80.2984,7.01187],[80.29849,7.01166],[80.29863,7.01159],[80.29869,7.01179],[80.29864,7.01257],[80.29871,7.0128],[80.2986,7.01317],[80.29849,7.01337],[80.29823,7.01358],[80.29818,7.01377],[80.29866,7.01369],[80.29918,7.01343],[80.29963,7.01331],[80.2997,7.01344],[80.29967,7.01357],[80.29956,7.01371],[80.29941,7.01378],[80.29917,7.01372],[80.29896,7.01374],[80.29888,7.0138],[80.29875,7.01414],[80.29856,7.01432],[80.29834,7.01443],[80.29816,7.01442],[80.29803,7.01433],[80.29785,7.01429],[80.29751,7.01449],[80.29738,7.01466],[80.29735,7.01486],[80.29751,7.01514],[80.29762,7.01522],[80.29779,7.01523],[80.29816,7.01512],[80.29846,7.01491],[80.29883,7.01486],[80.29954,7.01451],[80.30009,7.01401],[80.30057,7.0141],[80.30072,7.01409],[80.301,7.01299],[80.30122,7.01262],[80.30122,7.01243],[80.30108,7.0122],[80.30126,7.01165],[80.30121,7.01093],[80.301,7.01061],[80.30107,7.01016],[80.30106,7.00983],[80.30117,7.00962],[80.30137,7.00945],[80.30161,7.00903],[80.30196,7.00909],[80.30234,7.00881],[80.30225,7.00867],[80.30229,7.00837],[80.30246,7.00804],[80.30277,7.00768],[80.30296,7.00715],[80.30322,7.00692],[80.30326,7.00668],[80.30316,7.00642],[80.30312,7.00609],[80.30319,7.00574],[80.30322,7.00486],[80.30305,7.00443],[80.30178,7.0045],[80.30069,7.00389],[80.30067,7.00353],[80.30072,7.00299],[80.30009,7.00239],[80.29948,7.00296],[80.29872,7.00441],[80.298,7.00491],[80.29827,7.00595],[80.29767,7.0071],[80.29811,7.00773],[80.29816,7.00799],[80.29776,7.00799],[80.29742,7.00805],[80.29732,7.00816],[80.29732,7.00834],[80.29747,7.00861],[80.29764,7.00875],[80.2979,7.00911],[80.29797,7.00934],[80.2976,7.00979],[80.29741,7.01021],[80.29735,7.01053],[80.29703,7.01093],[80.29687,7.01106],[80.29664,7.01115],[80.29641,7.01113],[80.29633,7.01121],[80.2963,7.0114],[80.29621,7.01152],[80.29534,7.01179],[80.2953,7.01196]]]}},{"type":"Feature","properties":{"c":"orchard"},"geometry":{"type":"Polygon","coordinates":[[[80.29953,7.01632],[80.29969,7.01675],[80.29986,7.017],[80.30011,7.01709],[80.30027,7.01697],[80.30039,7.0168],[80.30055,7.01625],[80.3008,7.01584],[80.30109,7.01505],[80.30114,7.01465],[80.30086,7.01429],[80.30064,7.0142],[80.30035,7.01416],[80.3003,7.0142],[80.30042,7.01436],[80.30081,7.01456],[80.3009,7.01469],[80.30094,7.01486],[80.30091,7.015],[80.30075,7.01515],[80.30031,7.0152],[80.30022,7.01533],[80.30014,7.0156],[80.29957,7.01613],[80.29953,7.01632]]]}},{"type":"Feature","properties":{"c":"orchard"},"geometry":{"type":"Polygon","coordinates":[[[80.30063,7.01959],[80.30076,7.01999],[80.30092,7.02018],[80.30125,7.02029],[80.3016,7.02024],[80.30162,7.01989],[80.30177,7.01975],[80.30209,7.01996],[80.30234,7.02042],[80.30262,7.02055],[80.30275,7.02045],[80.30292,7.01987],[80.30336,7.01916],[80.30439,7.01914],[80.30485,7.0192],[80.3053,7.01937],[80.30608,7.01934],[80.3067,7.01947],[80.3068,7.01919],[80.30722,7.01853],[80.30851,7.01692],[80.30854,7.01668],[80.30826,7.01607],[80.30833,7.01532],[80.30778,7.01481],[80.30741,7.01459],[80.30724,7.01461],[80.30707,7.01473],[80.30697,7.01488],[80.30669,7.01561],[80.30657,7.01566],[80.30642,7.01561],[80.30624,7.01538],[80.30606,7.01525],[80.30588,7.01525],[80.30579,7.01506],[80.30588,7.01458],[80.30549,7.01443],[80.30517,7.01368],[80.30501,7.01367],[80.30463,7.01402],[80.3044,7.01391],[80.30428,7.01371],[80.30431,7.01318],[80.30418,7.01292],[80.30418,7.01266],[80.30443,7.01237],[80.30439,7.01212],[80.3042,7.01192],[80.30388,7.01173],[80.30377,7.01174],[80.30376,7.0119],[80.30352,7.01197],[80.30317,7.01238],[80.30318,7.01255],[80.30329,7.01268],[80.30339,7.01308],[80.30326,7.01333],[80.30336,7.01399],[80.30334,7.01417],[80.30323,7.01434],[80.30299,7.01454],[80.30277,7.01461],[80.30259,7.0146],[80.30244,7.0145],[80.30226,7.01451],[80.30218,7.01503],[80.30219,7.01577],[80.30225,7.01609],[80.30235,7.01614],[80.30267,7.01617],[80.30257,7.01647],[80.30263,7.01676],[80.30294,7.01673],[80.30359,7.01647],[80.30381,7.01648],[80.30404,7.01677],[80.30384,7.01702],[80.30349,7.01706],[80.30294,7.01706],[80.30256,7.01723],[80.30164,7.0189],[80.30132,7.01894],[80.30126,7.01939],[80.30092,7.01933],[80.30075,7.01942],[80.30063,7.01959]]]}},{"type":"Feature","properties":{"c":"orchard"},"geometry":{"type":"Polygon","coordinates":[[[80.29815,7.0191],[80.2985,7.01919],[80.29864,7.019],[80.29882,7.01885],[80.29925,7.0187],[80.29943,7.01869],[80.29984,7.01841],[80.29999,7.01838],[80.30007,7.01843],[80.30027,7.01831],[80.30045,7.01831],[80.30084,7.01845],[80.301,7.01844],[80.30111,7.01834],[80.30118,7.01768],[80.30118,7.01714],[80.30135,7.01686],[80.30147,7.01656],[80.3019,7.01658],[80.30202,7.01651],[80.30205,7.01632],[80.30197,7.01556],[80.30211,7.01462],[80.30223,7.01434],[80.30238,7.0142],[80.30267,7.01409],[80.30267,7.014],[80.3025,7.01361],[80.30251,7.01303],[80.30262,7.01247],[80.3026,7.01227],[80.30234,7.01198],[80.30166,7.01537],[80.30117,7.01642],[80.30101,7.01699],[80.30071,7.01739],[80.29993,7.01792],[80.29912,7.01826],[80.29851,7.01868],[80.29815,7.0191]]]}},{"type":"Feature","properties":{"c":"farmland"},"geometry":{"type":"Polygon","coordinates":[[[80.30267,7.02073],[80.30295,7.02083],[80.30307,7.02102],[80.30316,7.02108],[80.30329,7.02109],[80.3034,7.02075],[80.30337,7.0204],[80.30322,7.0203],[80.30303,7.02044],[80.30295,7.02061],[80.30283,7.02067],[80.30268,7.02064],[80.30267,7.02073]]]}},{"type":"Feature","properties":{"c":"grass"},"geometry":{"type":"Polygon","coordinates":[[[80.29907,7.0273],[80.29935,7.02748],[80.29939,7.02773],[80.29965,7.02776],[80.29979,7.02742],[80.29981,7.02716],[80.29963,7.02672],[80.29942,7.02664],[80.29925,7.02668],[80.29911,7.02706],[80.29907,7.0273]]]}},{"type":"Feature","properties":{"c":"forest"},"geometry":{"type":"Polygon","coordinates":[[[80.29829,7.02803],[80.29871,7.02855],[80.29883,7.02864],[80.29906,7.02861],[80.29915,7.02831],[80.29926,7.0282],[80.29934,7.02802],[80.29939,7.02773],[80.29935,7.02748],[80.29907,7.0273],[80.29927,7.02653],[80.29887,7.02636],[80.2986,7.0265],[80.29865,7.02668],[80.29868,7.02745],[80.29859,7.02787],[80.29829,7.02803]]]}},{"type":"Feature","properties":{"c":"forest"},"geometry":{"type":"Polygon","coordinates":[[[80.29656,7.02566],[80.29673,7.02592],[80.2967,7.0263],[80.29674,7.02654],[80.29691,7.02641],[80.29775,7.02683],[80.29798,7.02674],[80.29818,7.02628],[80.2984,7.02632],[80.2986,7.0265],[80.29887,7.02636],[80.29876,7.02609],[80.29856,7.02583],[80.29806,7.02554],[80.29792,7.02506],[80.298,7.02486],[80.29798,7.02469],[80.29764,7.02469],[80.29751,7.02464],[80.29744,7.02452],[80.29767,7.02404],[80.29722,7.02402],[80.29672,7.0241],[80.29661,7.02422],[80.2967,7.02469],[80.29659,7.02517],[80.29656,7.02566]]]}},{"type":"Feature","properties":{"c":"orchard"},"geometry":{"type":"Polygon","coordinates":[[[80.28798,7.03638],[80.28793,7.03675],[80.28801,7.03685],[80.28859,7.03687],[80.28886,7.03634],[80.28881,7.03612],[80.28868,7.03599],[80.28854,7.03596],[80.28835,7.03605],[80.28812,7.03621],[80.28798,7.03638]]]}},{"type":"Feature","properties":{"c":"orchard"},"geometry":{"type":"Polygon","coordinates":[[[80.29058,7.03467],[80.29077,7.03498],[80.291,7.03494],[80.2912,7.0352],[80.29124,7.03538],[80.29133,7.03545],[80.29143,7.03547],[80.29173,7.03537],[80.29189,7.03525],[80.29193,7.03504],[80.2919,7.03494],[80.29177,7.03481],[80.29172,7.03458],[80.29149,7.0342],[80.29152,7.03413],[80.2918,7.03398],[80.29186,7.03391],[80.29234,7.03382],[80.29249,7.03367],[80.2926,7.03348],[80.29226,7.03343],[80.2919,7.0331],[80.29157,7.03289],[80.29138,7.03285],[80.29127,7.03296],[80.2911,7.03348],[80.29089,7.03384],[80.29096,7.03404],[80.2909,7.03422],[80.29076,7.03447],[80.29058,7.03467]]]}},{"type":"Feature","properties":{"c":"orchard"},"geometry":{"type":"Polygon","coordinates":[[[80.28977,7.03416],[80.29005,7.03428],[80.29052,7.03462],[80.29065,7.03459],[80.29076,7.03447],[80.29096,7.03404],[80.29089,7.03384],[80.29073,7.03406],[80.29018,7.03409],[80.29001,7.03418],[80.28977,7.03416]]]}},{"type":"Feature","properties":{"c":"orchard"},"geometry":{"type":"Polygon","coordinates":[[[80.29793,7.04021],[80.29796,7.04054],[80.29804,7.04079],[80.29817,7.04095],[80.29856,7.04105],[80.29884,7.0414],[80.29892,7.04142],[80.29904,7.0413],[80.29925,7.04136],[80.2994,7.04118],[80.29946,7.041],[80.29944,7.04083],[80.29926,7.04057],[80.29905,7.04041],[80.29875,7.04038],[80.29863,7.04031],[80.29852,7.04017],[80.29843,7.03985],[80.29835,7.03979],[80.29826,7.03979],[80.29797,7.03999],[80.29793,7.04021]]]}},{"type":"Feature","properties":{"c":"orchard"},"geometry":{"type":"Polygon","coordinates":[[[80.29452,7.03991],[80.29452,7.04029],[80.29475,7.04063],[80.29501,7.04089],[80.29499,7.04106],[80.29489,7.04122],[80.29509,7.04176],[80.29522,7.04192],[80.29551,7.04199],[80.29603,7.04312],[80.29612,7.04317],[80.29628,7.04311],[80.29633,7.04304],[80.29633,7.04285],[80.29624,7.04242],[80.29626,7.042],[80.29621,7.04174],[80.29601,7.04142],[80.29609,7.04124],[80.29613,7.04083],[80.29624,7.04066],[80.29673,7.04058],[80.29692,7.0404],[80.29699,7.0401],[80.29687,7.03929],[80.29648,7.03931],[80.29592,7.03948],[80.29552,7.03949],[80.29488,7.03963],[80.29452,7.03991]]]}},{"type":"Feature","properties":{"c":"orchard"},"geometry":{"type":"Polygon","coordinates":[[[80.28103,7.04919],[80.28117,7.04937],[80.28153,7.04958],[80.28187,7.04966],[80.28208,7.04966],[80.28307,7.05009],[80.28387,7.05033],[80.28454,7.05042],[80.28481,7.05038],[80.28491,7.05015],[80.28494,7.04949],[80.28485,7.0488],[80.28492,7.04816],[80.28501,7.048],[80.28546,7.04776],[80.28534,7.04756],[80.28539,7.04725],[80.2857,7.0466],[80.28578,7.04633],[80.28599,7.04608],[80.28612,7.04601],[80.28625,7.04608],[80.28646,7.04608],[80.28675,7.04588],[80.28681,7.04575],[80.28678,7.04552],[80.28685,7.04528],[80.28723,7.04511],[80.28739,7.04498],[80.28742,7.04482],[80.28699,7.04402],[80.28716,7.04393],[80.28719,7.04377],[80.28699,7.04331],[80.28705,7.04325],[80.28764,7.04326],[80.28789,7.04321],[80.28817,7.04266],[80.28832,7.0425],[80.28833,7.0424],[80.28828,7.04228],[80.28799,7.04218],[80.28762,7.04223],[80.28745,7.04232],[80.28732,7.04233],[80.28717,7.04225],[80.28706,7.04226],[80.28691,7.04239],[80.28656,7.04245],[80.28635,7.0426],[80.28627,7.04257],[80.28615,7.04214],[80.28618,7.04174],[80.28641,7.04125],[80.28644,7.04106],[80.28631,7.04079],[80.28601,7.04062],[80.28565,7.04051],[80.2854,7.04051],[80.28485,7.04059],[80.28454,7.04076],[80.28438,7.04077],[80.28415,7.04097],[80.28403,7.04093],[80.28391,7.04055],[80.28399,7.04007],[80.28392,7.04],[80.28379,7.04009],[80.28378,7.04052],[80.28388,7.041],[80.28411,7.04153],[80.28404,7.0425],[80.28416,7.0431],[80.28429,7.04333],[80.28462,7.0435],[80.28482,7.04356],[80.28502,7.04355],[80.2851,7.04362],[80.28506,7.04401],[80.28486,7.04451],[80.28494,7.04478],[80.28496,7.04505],[80.28486,7.04604],[80.28464,7.04627],[80.28439,7.04629],[80.28391,7.04607],[80.28315,7.04584],[80.28276,7.04584],[80.28255,7.04601],[80.2825,7.04638],[80.28258,7.04666],[80.28241,7.048],[80.2822,7.04833],[80.28165,7.04869],[80.28119,7.04889],[80.28103,7.04919]]]}},{"type":"Feature","properties":{"c":"orchard"},"geometry":{"type":"Polygon","coordinates":[[[80.29601,7.04142],[80.29621,7.04174],[80.29626,7.042],[80.29624,7.04242],[80.29633,7.04285],[80.2966,7.04299],[80.29664,7.04328],[80.29662,7.04368],[80.2967,7.04417],[80.29667,7.04441],[80.29656,7.04468],[80.29638,7.04486],[80.29632,7.04555],[80.29633,7.04615],[80.2964,7.04624],[80.2965,7.04689],[80.29657,7.04704],[80.29709,7.04699],[80.29722,7.04702],[80.29757,7.04696],[80.29861,7.04728],[80.29887,7.04731],[80.29958,7.04728],[80.29966,7.04715],[80.29966,7.04676],[80.2998,7.0465],[80.29997,7.04639],[80.30011,7.04641],[80.30023,7.04636],[80.30021,7.04617],[80.29979,7.04572],[80.29958,7.04519],[80.29962,7.04498],[80.29984,7.04469],[80.2998,7.04388],[80.2997,7.04375],[80.29951,7.0437],[80.29936,7.04372],[80.29917,7.04411],[80.29899,7.04411],[80.29886,7.04395],[80.29878,7.04394],[80.29875,7.04401],[80.29877,7.04422],[80.2987,7.04425],[80.2986,7.04414],[80.2985,7.04392],[80.2984,7.04359],[80.29839,7.0434],[80.29853,7.04333],[80.29894,7.04327],[80.29901,7.04316],[80.29898,7.04305],[80.29876,7.043],[80.29868,7.04292],[80.29862,7.04278],[80.29862,7.04261],[80.29897,7.04234],[80.2989,7.04195],[80.29895,7.04189],[80.2991,7.04184],[80.29924,7.0417],[80.29925,7.04161],[80.29912,7.04144],[80.29903,7.04145],[80.29898,7.04152],[80.29881,7.04151],[80.29849,7.04118],[80.29811,7.04104],[80.29797,7.04085],[80.29783,7.04048],[80.29775,7.04002],[80.29779,7.03976],[80.29766,7.03881],[80.29687,7.03929],[80.29699,7.0401],[80.29692,7.0404],[80.29673,7.04058],[80.29624,7.04066],[80.29613,7.04083],[80.29609,7.04124],[80.29601,7.04142]]]}},{"type":"Feature","properties":{"c":"orchard"},"geometry":{"type":"Polygon","coordinates":[[[80.29035,7.03828],[80.2905,7.03852],[80.29076,7.03863],[80.29101,7.0387],[80.29183,7.03859],[80.29202,7.03863],[80.2924,7.03893],[80.29258,7.03899],[80.2926,7.03912],[80.29249,7.03944],[80.29258,7.03988],[80.29311,7.04036],[80.29342,7.04087],[80.29354,7.04095],[80.29377,7.04097],[80.29418,7.04131],[80.29445,7.04142],[80.29493,7.04137],[80.29489,7.04122],[80.29499,7.04106],[80.29501,7.04089],[80.29475,7.04063],[80.29452,7.04029],[80.29452,7.03991],[80.29488,7.03963],[80.29552,7.03949],[80.29592,7.03948],[80.29648,7.03931],[80.29687,7.03929],[80.29766,7.03881],[80.2973,7.03859],[80.29702,7.03832],[80.2963,7.03814],[80.29565,7.03764],[80.29541,7.03727],[80.29488,7.0369],[80.2944,7.03679],[80.29418,7.03689],[80.29395,7.03713],[80.2937,7.03729],[80.29352,7.03733],[80.29328,7.0372],[80.29293,7.03712],[80.29274,7.03731],[80.29267,7.03751],[80.29246,7.03761],[80.29233,7.03753],[80.29231,7.03739],[80.2922,7.03729],[80.29202,7.0373],[80.2918,7.03738],[80.29168,7.03751],[80.29161,7.03779],[80.29148,7.03782],[80.29135,7.03774],[80.2911,7.03772],[80.29093,7.03796],[80.29063,7.03796],[80.29035,7.03828]]]}},{"type":"Feature","properties":{"c":"orchard"},"geometry":{"type":"Polygon","coordinates":[[[80.29971,7.03444],[80.29979,7.03485],[80.30001,7.03523],[80.3004,7.03563],[80.30081,7.03621],[80.30104,7.03644],[80.30126,7.03651],[80.30151,7.03639],[80.30152,7.03623],[80.30127,7.03618],[80.30112,7.0359],[80.30106,7.0356],[80.30114,7.03548],[80.3013,7.03543],[80.30143,7.03534],[80.30146,7.03523],[80.301,7.03449],[80.30071,7.03435],[80.30037,7.0343],[80.30014,7.03434],[80.29986,7.0343],[80.29971,7.03444]]]}},{"type":"Feature","properties":{"c":"orchard"},"geometry":{"type":"Polygon","coordinates":[[[80.30559,7.04897],[80.3057,7.04911],[80.30571,7.04926],[80.30565,7.0495],[80.30567,7.0498],[80.30573,7.05061],[80.3058,7.05067],[80.30596,7.05067],[80.30661,7.05051],[80.30747,7.05065],[80.30782,7.05086],[80.30801,7.05085],[80.30824,7.05077],[80.3084,7.0503],[80.30841,7.05012],[80.3085,7.05003],[80.30854,7.04991],[80.30856,7.04976],[80.30845,7.04951],[80.30828,7.04926],[80.30778,7.04894],[80.30745,7.04881],[80.30683,7.04878],[80.3068,7.04866],[80.30694,7.04841],[80.3069,7.04828],[80.30677,7.04824],[80.30642,7.04827],[80.30619,7.04839],[80.30612,7.04845],[80.30605,7.0488],[80.30596,7.0489],[80.3058,7.04894],[80.30562,7.04892],[80.30559,7.04897]]]}},{"type":"Feature","properties":{"c":"farmland"},"geometry":{"type":"Polygon","coordinates":[[[80.30126,7.05089],[80.30141,7.05091],[80.30159,7.0506],[80.30164,7.0504],[80.30185,7.05047],[80.30191,7.05044],[80.30201,7.05019],[80.30211,7.05033],[80.30225,7.05018],[80.30225,7.0501],[80.30214,7.04997],[80.30212,7.04977],[80.30201,7.04974],[80.30193,7.04988],[80.30191,7.04978],[80.30197,7.04958],[80.30189,7.04943],[80.30179,7.04937],[80.30175,7.04938],[80.30182,7.04991],[80.30174,7.05004],[80.30166,7.05034],[80.30151,7.05041],[80.30148,7.05056],[80.30126,7.05089]]]}},{"type":"Feature","properties":{"c":"farmland"},"geometry":{"type":"Polygon","coordinates":[[[80.30069,7.05174],[80.30084,7.052],[80.30092,7.05196],[80.301,7.05183],[80.30109,7.05086],[80.30101,7.05027],[80.30093,7.05024],[80.30096,7.05066],[80.30082,7.05101],[80.30085,7.0516],[80.30076,7.05173],[80.30069,7.05174]]]}},{"type":"Feature","properties":{"c":"farmland"},"geometry":{"type":"Polygon","coordinates":[[[80.30026,7.04862],[80.3003,7.04867],[80.30041,7.04866],[80.30055,7.0486],[80.30074,7.04843],[80.30085,7.04844],[80.30094,7.04929],[80.30093,7.05015],[80.30102,7.05016],[80.30121,7.04867],[80.30114,7.04821],[80.30117,7.04764],[80.30108,7.04755],[80.30084,7.04771],[80.30071,7.0479],[80.30054,7.04802],[80.30038,7.04806],[80.3003,7.04825],[80.30026,7.04862]]]}},{"type":"Feature","properties":{"c":"farmland"},"geometry":{"type":"Polygon","coordinates":[[[80.30048,7.04506],[80.3006,7.04558],[80.30083,7.0459],[80.30087,7.04606],[80.30088,7.04642],[80.30081,7.04658],[80.30084,7.04694],[80.30089,7.04704],[80.30114,7.04702],[80.30125,7.04673],[80.30127,7.04626],[80.30113,7.04588],[80.30107,7.04512],[80.30093,7.04484],[80.30092,7.04468],[80.30105,7.04428],[80.30104,7.04412],[80.30089,7.04402],[80.30073,7.04399],[80.30059,7.04408],[80.30048,7.04506]]]}},{"type":"Feature","properties":{"c":"farmland"},"geometry":{"type":"Polygon","coordinates":[[[80.27706,7.03927],[80.2772,7.03928],[80.27734,7.03894],[80.27754,7.03884],[80.27762,7.03851],[80.27778,7.03839],[80.27782,7.03814],[80.278,7.03772],[80.278,7.03744],[80.27795,7.03743],[80.2779,7.0376],[80.27793,7.03765],[80.27785,7.03796],[80.27778,7.03799],[80.27774,7.03796],[80.27761,7.03819],[80.27753,7.03824],[80.27735,7.03816],[80.27723,7.03816],[80.27714,7.03821],[80.27706,7.0388],[80.27706,7.03927]]]}},{"type":"Feature","properties":{"c":"orchard"},"geometry":{"type":"Polygon","coordinates":[[[80.27888,7.04196],[80.27888,7.04233],[80.27894,7.0424],[80.2798,7.04255],[80.28003,7.04162],[80.28049,7.04063],[80.28066,7.04008],[80.28085,7.03979],[80.28104,7.03938],[80.28101,7.03916],[80.2809,7.03907],[80.28071,7.039],[80.28054,7.03901],[80.28029,7.03921],[80.28015,7.03918],[80.2799,7.03902],[80.27981,7.03904],[80.27971,7.03917],[80.27959,7.03938],[80.27959,7.0395],[80.27976,7.03962],[80.27996,7.03968],[80.27996,7.03994],[80.27984,7.04014],[80.27927,7.04076],[80.27906,7.04111],[80.27888,7.04196]]]}},{"type":"Feature","properties":{"c":"orchard"},"geometry":{"type":"Polygon","coordinates":[[[80.29017,7.02534],[80.29019,7.02572],[80.29035,7.02595],[80.29051,7.02599],[80.29078,7.02592],[80.29086,7.02584],[80.29089,7.02571],[80.29091,7.02529],[80.29065,7.02521],[80.29034,7.02521],[80.29017,7.02534]]]}},{"type":"Feature","properties":{"c":"orchard"},"geometry":{"type":"Polygon","coordinates":[[[80.28117,7.01905],[80.28124,7.01919],[80.28151,7.01948],[80.28153,7.0196],[80.28125,7.01983],[80.28122,7.01996],[80.28127,7.02016],[80.28145,7.02025],[80.2817,7.02062],[80.2818,7.02067],[80.28196,7.02084],[80.28191,7.02109],[80.28167,7.02146],[80.28181,7.02155],[80.28194,7.02181],[80.28206,7.0223],[80.28216,7.02239],[80.28256,7.02245],[80.28264,7.02256],[80.28293,7.02347],[80.28307,7.02358],[80.28369,7.02346],[80.28437,7.02342],[80.28458,7.02355],[80.28477,7.02379],[80.28541,7.0247],[80.2858,7.02486],[80.28602,7.02482],[80.28647,7.02457],[80.28694,7.0244],[80.28696,7.02411],[80.28683,7.02378],[80.28646,7.02344],[80.28642,7.02357],[80.28633,7.02358],[80.28586,7.02344],[80.28555,7.02341],[80.28542,7.02345],[80.28519,7.02367],[80.28513,7.02357],[80.28534,7.0227],[80.28534,7.02258],[80.28512,7.02216],[80.28498,7.02206],[80.28489,7.02191],[80.28487,7.02165],[80.28462,7.02112],[80.28434,7.02104],[80.28411,7.02107],[80.28385,7.02117],[80.28364,7.02136],[80.2834,7.02133],[80.28322,7.02128],[80.28297,7.02077],[80.28275,7.02073],[80.28263,7.02082],[80.28237,7.02077],[80.28224,7.02064],[80.282,7.01958],[80.28208,7.01927],[80.28217,7.01912],[80.28218,7.01892],[80.28205,7.01881],[80.28148,7.01865],[80.2812,7.01889],[80.28117,7.01905]]]}},{"type":"Feature","properties":{"c":"orchard"},"geometry":{"type":"Polygon","coordinates":[[[80.28142,7.01662],[80.2818,7.01702],[80.28188,7.01785],[80.2823,7.01824],[80.28274,7.01882],[80.28278,7.01905],[80.28267,7.01925],[80.28247,7.01937],[80.28233,7.01955],[80.2823,7.0199],[80.28241,7.02015],[80.28257,7.0202],[80.28286,7.02008],[80.28292,7.01973],[80.2831,7.01944],[80.28342,7.01933],[80.28372,7.01929],[80.28399,7.01913],[80.28425,7.01931],[80.28458,7.01989],[80.28465,7.02017],[80.28484,7.02035],[80.28492,7.02087],[80.28505,7.0211],[80.28505,7.02117],[80.28488,7.02141],[80.28497,7.02175],[80.28544,7.02257],[80.28552,7.0225],[80.2855,7.02201],[80.28558,7.02183],[80.28568,7.0218],[80.28568,7.02171],[80.28577,7.02164],[80.28585,7.02164],[80.28591,7.02172],[80.28609,7.02165],[80.28613,7.02149],[80.28604,7.02135],[80.28622,7.0211],[80.28636,7.02105],[80.28643,7.02092],[80.28646,7.02069],[80.28637,7.02057],[80.28638,7.02039],[80.28675,7.01993],[80.28685,7.01968],[80.28675,7.01954],[80.28673,7.01931],[80.28699,7.01901],[80.28717,7.0189],[80.2871,7.01865],[80.28702,7.01867],[80.28689,7.01896],[80.28666,7.01904],[80.28647,7.01904],[80.28648,7.0192],[80.28611,7.01957],[80.286,7.0198],[80.28586,7.01991],[80.28543,7.01992],[80.28538,7.01979],[80.28542,7.01963],[80.28566,7.01933],[80.28571,7.01912],[80.28569,7.019],[80.28554,7.01894],[80.28551,7.01871],[80.28574,7.01848],[80.28575,7.01833],[80.28531,7.01829],[80.28512,7.01799],[80.2846,7.01801],[80.28448,7.01794],[80.28448,7.01774],[80.28459,7.01754],[80.28469,7.01701],[80.28461,7.0169],[80.28449,7.01686],[80.2845,7.01675],[80.28486,7.01646],[80.28483,7.01637],[80.28468,7.01631],[80.28417,7.01632],[80.28372,7.01645],[80.28331,7.0165],[80.28289,7.01633],[80.2819,7.01622],[80.28176,7.01614],[80.28154,7.01629],[80.28142,7.01662]]]}},{"type":"Feature","properties":{"c":"orchard"},"geometry":{"type":"Polygon","coordinates":[[[80.28955,7.02782],[80.28957,7.0279],[80.28982,7.028],[80.28963,7.02821],[80.28966,7.02829],[80.28989,7.02841],[80.29027,7.02803],[80.2905,7.02815],[80.29059,7.02808],[80.29059,7.02798],[80.29036,7.02787],[80.29037,7.02771],[80.29023,7.02766],[80.2901,7.02763],[80.28976,7.02769],[80.28955,7.02782]]]}},{"type":"Feature","properties":{"c":"orchard"},"geometry":{"type":"Polygon","coordinates":[[[80.28792,7.02584],[80.28793,7.02596],[80.28806,7.02605],[80.28838,7.02602],[80.28832,7.02576],[80.28817,7.02561],[80.28808,7.02561],[80.28792,7.02584]]]}},{"type":"Feature","properties":{"c":"orchard"},"geometry":{"type":"Polygon","coordinates":[[[80.28871,7.02589],[80.28873,7.02598],[80.28882,7.02606],[80.28928,7.02622],[80.28971,7.02618],[80.2895,7.02593],[80.28904,7.02589],[80.28882,7.0258],[80.28875,7.02581],[80.28871,7.02589]]]}},{"type":"Feature","properties":{"c":"orchard"},"geometry":{"type":"Polygon","coordinates":[[[80.28823,7.02647],[80.2885,7.02669],[80.28904,7.02656],[80.28918,7.02669],[80.28954,7.02678],[80.28964,7.027],[80.28976,7.02689],[80.28981,7.02659],[80.2897,7.02636],[80.28963,7.02632],[80.28926,7.02636],[80.28922,7.02627],[80.28911,7.02624],[80.28897,7.02625],[80.2888,7.02638],[80.28855,7.02609],[80.28844,7.02612],[80.28823,7.02647]]]}},{"type":"Feature","properties":{"c":"orchard"},"geometry":{"type":"Polygon","coordinates":[[[80.28354,7.02708],[80.28366,7.0273],[80.28384,7.02747],[80.28397,7.0275],[80.28438,7.02735],[80.28503,7.02727],[80.28521,7.0273],[80.28531,7.02728],[80.28538,7.02718],[80.28542,7.02676],[80.28538,7.02659],[80.2853,7.02652],[80.28499,7.02653],[80.2845,7.02645],[80.28437,7.02651],[80.28407,7.02676],[80.28367,7.02666],[80.28361,7.02674],[80.28354,7.02708]]]}},{"type":"Feature","properties":{"c":"orchard"},"geometry":{"type":"Polygon","coordinates":[[[80.28487,7.01703],[80.28488,7.01728],[80.28509,7.01744],[80.28531,7.01744],[80.28575,7.01727],[80.28604,7.01727],[80.28613,7.01734],[80.28623,7.01759],[80.28633,7.01722],[80.28659,7.0171],[80.28686,7.01711],[80.28718,7.0172],[80.28732,7.01746],[80.28735,7.0178],[80.28706,7.01817],[80.28709,7.01843],[80.28727,7.01891],[80.28706,7.01912],[80.28705,7.01964],[80.28689,7.02007],[80.28669,7.02043],[80.28649,7.02158],[80.28666,7.02182],[80.28723,7.02186],[80.28756,7.02196],[80.28777,7.02209],[80.28775,7.02232],[80.2878,7.02247],[80.28792,7.02252],[80.28793,7.0227],[80.28796,7.02272],[80.28842,7.02239],[80.28863,7.02219],[80.28883,7.02212],[80.289,7.02251],[80.28912,7.02266],[80.28935,7.02271],[80.28952,7.02269],[80.28956,7.02253],[80.28914,7.02162],[80.28911,7.0214],[80.28932,7.02116],[80.28971,7.02103],[80.28985,7.02119],[80.29007,7.02127],[80.2903,7.0212],[80.29021,7.02143],[80.29028,7.0215],[80.29041,7.02148],[80.29059,7.02158],[80.29063,7.02151],[80.29052,7.02112],[80.29059,7.02042],[80.29051,7.02014],[80.2905,7.01905],[80.29062,7.01874],[80.29108,7.01835],[80.29187,7.0175],[80.29191,7.01719],[80.29186,7.01625],[80.2921,7.01593],[80.29267,7.01562],[80.293,7.01512],[80.29306,7.0147],[80.29287,7.0144],[80.29236,7.01446],[80.29113,7.01467],[80.29085,7.01484],[80.29068,7.0148],[80.29059,7.01483],[80.29054,7.01498],[80.2904,7.01513],[80.2903,7.01511],[80.29005,7.01485],[80.28947,7.01465],[80.28937,7.01452],[80.28917,7.0146],[80.28891,7.0148],[80.28849,7.01457],[80.28848,7.01472],[80.28835,7.01491],[80.28818,7.01507],[80.28775,7.01529],[80.28754,7.01551],[80.28728,7.01592],[80.28716,7.01601],[80.28706,7.01632],[80.28696,7.01644],[80.28677,7.01655],[80.28663,7.0165],[80.28649,7.01635],[80.28636,7.01632],[80.28617,7.01656],[80.2859,7.01654],[80.28547,7.01596],[80.2853,7.016],[80.28517,7.01619],[80.28528,7.01645],[80.28521,7.0166],[80.28487,7.01703]]]}},{"type":"Feature","properties":{"c":"grass"},"geometry":{"type":"Polygon","coordinates":[[[80.28958,7.02965],[80.28976,7.02995],[80.28982,7.02985],[80.28995,7.02978],[80.29015,7.02979],[80.29044,7.02947],[80.29047,7.02937],[80.29033,7.02912],[80.29014,7.02906],[80.28999,7.02888],[80.2897,7.02905],[80.28962,7.02919],[80.28968,7.02939],[80.28958,7.02965]]]}},{"type":"Feature","properties":{"c":"grass"},"geometry":{"type":"Polygon","coordinates":[[[80.2891,7.03013],[80.28916,7.03053],[80.28953,7.03052],[80.28959,7.03046],[80.28964,7.03021],[80.28946,7.02998],[80.28931,7.02992],[80.28917,7.03],[80.2891,7.03013]]]}},{"type":"Feature","properties":{"c":"farmland"},"geometry":{"type":"Polygon","coordinates":[[[80.28413,7.03396],[80.28418,7.03417],[80.28431,7.03429],[80.28441,7.0347],[80.28449,7.03476],[80.28455,7.03452],[80.28462,7.03449],[80.2848,7.03462],[80.28489,7.03493],[80.28482,7.03502],[80.28482,7.03527],[80.28491,7.03532],[80.28499,7.03523],[80.28505,7.03465],[80.28492,7.03433],[80.28471,7.0342],[80.28463,7.03397],[80.28463,7.0336],[80.28475,7.03307],[80.28449,7.03297],[80.28439,7.033],[80.28424,7.03371],[80.28413,7.03396]]]}},{"type":"Feature","properties":{"c":"orchard"},"geometry":{"type":"Polygon","coordinates":[[[80.29132,7.02372],[80.29143,7.02377],[80.29152,7.02362],[80.29172,7.02364],[80.29195,7.02374],[80.29228,7.02331],[80.29242,7.02334],[80.2926,7.02349],[80.29301,7.02332],[80.29316,7.02287],[80.29332,7.02282],[80.29354,7.02291],[80.29369,7.02285],[80.29364,7.02261],[80.29349,7.02246],[80.29341,7.0225],[80.2932,7.02243],[80.29314,7.02245],[80.2931,7.02262],[80.29294,7.02284],[80.29283,7.02318],[80.29273,7.02322],[80.29247,7.02313],[80.2924,7.02306],[80.29231,7.02308],[80.29207,7.02325],[80.29134,7.0236],[80.29132,7.02372]]]}},{"type":"Feature","properties":{"c":"orchard"},"geometry":{"type":"Polygon","coordinates":[[[80.29019,7.02355],[80.29026,7.02359],[80.29025,7.02372],[80.29036,7.02391],[80.29042,7.02419],[80.29062,7.02431],[80.29072,7.02451],[80.29068,7.02475],[80.29074,7.0249],[80.29092,7.02507],[80.29132,7.02527],[80.29132,7.02469],[80.29123,7.02446],[80.29097,7.02399],[80.29068,7.02385],[80.29059,7.02375],[80.29064,7.02361],[80.29081,7.02349],[80.29105,7.02338],[80.29118,7.02339],[80.29125,7.02347],[80.29146,7.02331],[80.29131,7.02316],[80.2912,7.02315],[80.2911,7.02324],[80.29089,7.02318],[80.29076,7.02327],[80.29047,7.02327],[80.2904,7.02331],[80.29035,7.0234],[80.29023,7.02345],[80.29019,7.02355]]]}},{"type":"Feature","properties":{"c":"orchard"},"geometry":{"type":"Polygon","coordinates":[[[80.29073,7.02669],[80.29135,7.02717],[80.29214,7.02737],[80.29225,7.02731],[80.29197,7.02707],[80.29195,7.02692],[80.29186,7.02685],[80.2916,7.02685],[80.2915,7.02669],[80.29153,7.02638],[80.29195,7.02629],[80.29172,7.02594],[80.29136,7.02594],[80.29122,7.02601],[80.29106,7.0262],[80.29091,7.02628],[80.2908,7.02628],[80.29073,7.02644],[80.29073,7.02669]]]}},{"type":"Feature","properties":{"c":"orchard"},"geometry":{"type":"Polygon","coordinates":[[[80.29241,7.02607],[80.29249,7.02638],[80.29265,7.02658],[80.29291,7.0265],[80.29298,7.02655],[80.29298,7.02664],[80.29287,7.02673],[80.29291,7.02684],[80.29309,7.02697],[80.29339,7.02696],[80.29346,7.02692],[80.29349,7.0268],[80.29379,7.02682],[80.2938,7.02674],[80.2937,7.02662],[80.29322,7.0264],[80.29325,7.02625],[80.29344,7.02615],[80.29348,7.02606],[80.2934,7.02581],[80.29325,7.02586],[80.29321,7.02606],[80.29314,7.02614],[80.29299,7.0262],[80.29268,7.02613],[80.29254,7.02592],[80.29245,7.02595],[80.29241,7.02607]]]}},{"type":"Feature","properties":{"c":"orchard"},"geometry":{"type":"Polygon","coordinates":[[[80.29499,7.02174],[80.29533,7.02186],[80.29539,7.0217],[80.29535,7.02164],[80.29513,7.02163],[80.29499,7.02174]]]}},{"type":"Feature","properties":{"c":"orchard"},"geometry":{"type":"Polygon","coordinates":[[[80.29438,7.02162],[80.29439,7.02168],[80.29469,7.02191],[80.29481,7.02191],[80.29487,7.02163],[80.29448,7.02145],[80.29438,7.02162]]]}},{"type":"Feature","properties":{"c":"orchard"},"geometry":{"type":"Polygon","coordinates":[[[80.29429,7.0208],[80.29429,7.02105],[80.29447,7.02127],[80.29458,7.02137],[80.29481,7.02144],[80.29506,7.0214],[80.2953,7.02117],[80.29508,7.02099],[80.29503,7.021],[80.29497,7.02119],[80.29485,7.02121],[80.29455,7.02101],[80.29437,7.0208],[80.29429,7.0208]]]}},{"type":"Feature","properties":{"c":"orchard"},"geometry":{"type":"Polygon","coordinates":[[[80.29551,7.02233],[80.29557,7.02247],[80.29595,7.02265],[80.2961,7.02258],[80.29612,7.02245],[80.29602,7.02226],[80.29556,7.02228],[80.29551,7.02233]]]}},{"type":"Feature","properties":{"c":"orchard"},"geometry":{"type":"Polygon","coordinates":[[[80.2944,7.0223],[80.29473,7.02252],[80.29488,7.02244],[80.29499,7.02245],[80.29508,7.02267],[80.29518,7.02273],[80.29549,7.02218],[80.29546,7.0221],[80.29538,7.02206],[80.29502,7.02209],[80.29476,7.0222],[80.2945,7.02219],[80.2944,7.0223]]]}},{"type":"Feature","properties":{"c":"orchard"},"geometry":{"type":"Polygon","coordinates":[[[80.29436,7.02241],[80.29434,7.02255],[80.29456,7.02269],[80.29452,7.02285],[80.29439,7.02297],[80.29442,7.02301],[80.29467,7.02302],[80.29483,7.02285],[80.29483,7.02271],[80.29453,7.02246],[80.29436,7.02241]]]}},{"type":"Feature","properties":{"c":"orchard"},"geometry":{"type":"Polygon","coordinates":[[[80.29369,7.02285],[80.29371,7.02292],[80.29392,7.02305],[80.29402,7.02279],[80.29421,7.02289],[80.29433,7.02277],[80.29406,7.0226],[80.29369,7.02285]]]}},{"type":"Feature","properties":{"c":"orchard"},"geometry":{"type":"Polygon","coordinates":[[[80.29787,7.01714],[80.29797,7.01723],[80.29836,7.01726],[80.29851,7.01731],[80.29878,7.01752],[80.29903,7.01755],[80.29969,7.01721],[80.29975,7.01698],[80.29935,7.01668],[80.29915,7.01663],[80.29902,7.01698],[80.29895,7.01699],[80.29857,7.01683],[80.29854,7.01674],[80.29837,7.01667],[80.29823,7.01671],[80.29787,7.01714]]]}},{"type":"Feature","properties":{"c":"farmland"},"geometry":{"type":"Polygon","coordinates":[[[80.29637,7.01733],[80.29638,7.01739],[80.29664,7.01762],[80.29712,7.01709],[80.297,7.01699],[80.29685,7.01698],[80.29667,7.01705],[80.29637,7.01733]]]}},{"type":"Feature","properties":{"c":"orchard"},"geometry":{"type":"Polygon","coordinates":[[[80.29403,7.02502],[80.29443,7.02523],[80.29448,7.02531],[80.29459,7.02534],[80.29464,7.02531],[80.29457,7.02506],[80.2944,7.02492],[80.29413,7.02485],[80.29405,7.02492],[80.29403,7.02502]]]}},{"type":"Feature","properties":{"c":"orchard"},"geometry":{"type":"Polygon","coordinates":[[[80.29238,7.0249],[80.2924,7.02519],[80.29253,7.02533],[80.29285,7.02533],[80.293,7.02529],[80.29307,7.02537],[80.2931,7.02545],[80.29289,7.02575],[80.29313,7.02579],[80.29323,7.02575],[80.29361,7.0253],[80.29366,7.02516],[80.29365,7.0249],[80.29379,7.02471],[80.29397,7.02465],[80.29437,7.02473],[80.29445,7.02466],[80.29445,7.02455],[80.29414,7.02408],[80.29407,7.02381],[80.29371,7.02345],[80.29358,7.02295],[80.29344,7.02285],[80.29332,7.02282],[80.29316,7.02287],[80.29301,7.02332],[80.2926,7.02349],[80.29275,7.02365],[80.29282,7.02384],[80.29289,7.02406],[80.29288,7.0243],[80.29283,7.02452],[80.29248,7.02454],[80.29238,7.0249]]]}},{"type":"Feature","properties":{"c":"orchard"},"geometry":{"type":"Polygon","coordinates":[[[80.29031,7.02312],[80.29033,7.0232],[80.29047,7.02327],[80.29076,7.02327],[80.29091,7.02316],[80.29099,7.02291],[80.29098,7.0228],[80.29073,7.02275],[80.29053,7.02279],[80.29031,7.02312]]]}},{"type":"Feature","properties":{"c":"orchard"},"geometry":{"type":"Polygon","coordinates":[[[80.29382,7.01913],[80.2939,7.01948],[80.29408,7.0196],[80.29415,7.01957],[80.2942,7.01947],[80.29412,7.01921],[80.29388,7.01914],[80.29382,7.01913]]]}},{"type":"Feature","properties":{"c":"orchard"},"geometry":{"type":"Polygon","coordinates":[[[80.29654,7.02028],[80.29658,7.02038],[80.29669,7.02041],[80.29684,7.02032],[80.29686,7.02016],[80.29692,7.02015],[80.297,7.02025],[80.29714,7.02022],[80.29743,7.01937],[80.29766,7.01905],[80.29763,7.01898],[80.29722,7.01889],[80.29706,7.01896],[80.29654,7.02028]]]}},{"type":"Feature","properties":{"c":"orchard"},"geometry":{"type":"Polygon","coordinates":[[[80.29699,7.01813],[80.29707,7.01822],[80.29728,7.01831],[80.29767,7.01833],[80.29791,7.0182],[80.29799,7.01809],[80.298,7.01798],[80.29791,7.01783],[80.29768,7.01767],[80.2976,7.01768],[80.29744,7.0178],[80.29719,7.0178],[80.29704,7.01792],[80.29699,7.01813]]]}},{"type":"Feature","properties":{"c":"farmland"},"geometry":{"type":"Polygon","coordinates":[[[80.29408,7.01115],[80.29408,7.01136],[80.29413,7.01142],[80.29431,7.0114],[80.29448,7.01148],[80.29453,7.0116],[80.29481,7.01186],[80.29492,7.0119],[80.29532,7.01189],[80.29534,7.01179],[80.29621,7.01152],[80.2963,7.0114],[80.29632,7.01125],[80.29604,7.01099],[80.29577,7.01087],[80.29541,7.01093],[80.29483,7.01127],[80.29474,7.01127],[80.29452,7.01114],[80.29424,7.01114],[80.29412,7.01109],[80.29408,7.01115]]]}},{"type":"Feature","properties":{"c":"orchard"},"geometry":{"type":"Polygon","coordinates":[[[80.29319,7.01211],[80.29328,7.01228],[80.29362,7.01208],[80.29367,7.01214],[80.29365,7.01229],[80.29356,7.01243],[80.29358,7.01255],[80.29371,7.01266],[80.29371,7.01274],[80.29361,7.01283],[80.29361,7.01291],[80.29365,7.01293],[80.29383,7.01284],[80.29395,7.0127],[80.29415,7.01258],[80.29458,7.01202],[80.29459,7.01192],[80.29394,7.01162],[80.29359,7.01132],[80.29319,7.01211]]]}},{"type":"Feature","properties":{"c":"orchard"},"geometry":{"type":"Polygon","coordinates":[[[80.29049,7.02196],[80.29054,7.02207],[80.29098,7.02242],[80.29116,7.02243],[80.29149,7.02226],[80.29166,7.02204],[80.29166,7.02187],[80.29124,7.02166],[80.29116,7.02156],[80.29118,7.02147],[80.29131,7.02132],[80.29155,7.02125],[80.29171,7.02111],[80.29185,7.02106],[80.29217,7.02061],[80.29234,7.02061],[80.29248,7.0205],[80.2927,7.01972],[80.29261,7.01959],[80.29259,7.01942],[80.29281,7.01894],[80.29281,7.01874],[80.29291,7.01836],[80.29281,7.01828],[80.29284,7.01797],[80.29253,7.01777],[80.29256,7.01765],[80.29275,7.01737],[80.29293,7.01721],[80.29311,7.01715],[80.29317,7.01697],[80.29332,7.01679],[80.29306,7.01664],[80.29187,7.01624],[80.29191,7.01719],[80.29187,7.0175],[80.29165,7.0177],[80.29138,7.01805],[80.29078,7.01861],[80.29079,7.01873],[80.2909,7.0188],[80.29112,7.01882],[80.29171,7.01866],[80.29194,7.01868],[80.29203,7.01884],[80.29171,7.01914],[80.29142,7.01961],[80.29126,7.01957],[80.29107,7.01909],[80.29092,7.01905],[80.29068,7.01912],[80.29052,7.01935],[80.29051,7.02014],[80.29059,7.02042],[80.29052,7.02112],[80.29063,7.02151],[80.29049,7.02196]]]}},{"type":"Feature","properties":{"c":"orchard"},"geometry":{"type":"Polygon","coordinates":[[[80.2889,7.01417],[80.28891,7.01443],[80.28905,7.01455],[80.28917,7.0146],[80.28937,7.01452],[80.28947,7.01465],[80.29005,7.01485],[80.2903,7.01511],[80.2904,7.01513],[80.29054,7.01498],[80.29059,7.01483],[80.29068,7.0148],[80.29085,7.01484],[80.29113,7.01467],[80.29287,7.0144],[80.29306,7.0147],[80.293,7.01512],[80.29291,7.01526],[80.29321,7.01525],[80.29396,7.01503],[80.29417,7.01488],[80.29431,7.01457],[80.29451,7.01389],[80.29447,7.01319],[80.29465,7.01279],[80.29493,7.01237],[80.29486,7.01213],[80.29464,7.01203],[80.29447,7.01214],[80.29407,7.01266],[80.29395,7.0127],[80.29383,7.01284],[80.29361,7.01291],[80.29371,7.01266],[80.29358,7.01255],[80.29356,7.01243],[80.29365,7.01229],[80.29367,7.01214],[80.29362,7.01208],[80.29338,7.01225],[80.29328,7.01228],[80.29323,7.01224],[80.29319,7.01211],[80.29347,7.01157],[80.29303,7.01098],[80.29292,7.01072],[80.29294,7.0104],[80.29276,7.01021],[80.29239,7.01032],[80.29189,7.0107],[80.29197,7.01104],[80.29185,7.01135],[80.29173,7.01145],[80.29122,7.01155],[80.29115,7.01161],[80.2911,7.01265],[80.29103,7.01289],[80.29085,7.01306],[80.29045,7.01287],[80.29018,7.01299],[80.2901,7.01284],[80.29,7.01227],[80.28968,7.01212],[80.28946,7.01214],[80.28937,7.01222],[80.28915,7.01272],[80.28903,7.01348],[80.28901,7.01395],[80.2889,7.01417]]]}},{"type":"Feature","properties":{"c":"orchard"},"geometry":{"type":"Polygon","coordinates":[[[80.28298,7.01182],[80.28277,7.01205],[80.28314,7.01201],[80.28339,7.01211],[80.2835,7.01227],[80.28343,7.01254],[80.28411,7.01318],[80.2841,7.01333],[80.28401,7.01344],[80.28431,7.01364],[80.28467,7.01414],[80.28506,7.01492],[80.28544,7.01498],[80.28555,7.01475],[80.2858,7.01449],[80.28599,7.01409],[80.28606,7.01329],[80.28622,7.01273],[80.28631,7.01259],[80.28663,7.0125],[80.28666,7.01232],[80.28714,7.01194],[80.28699,7.01195],[80.2871,7.01178],[80.28717,7.01176],[80.28721,7.01162],[80.2871,7.01141],[80.2871,7.01093],[80.28689,7.01051],[80.28669,7.01034],[80.2866,7.01014],[80.28663,7.0098],[80.28637,7.0096],[80.28585,7.00939],[80.28535,7.00937],[80.28516,7.00943],[80.28498,7.00939],[80.28472,7.00946],[80.28477,7.0097],[80.28455,7.00975],[80.28392,7.01004],[80.28354,7.01027],[80.28302,7.01074],[80.28295,7.0109],[80.28324,7.01153],[80.28361,7.01163],[80.28369,7.01169],[80.28369,7.0118],[80.28349,7.01185],[80.28298,7.01182]]]}},{"type":"Feature","properties":{"c":"orchard"},"geometry":{"type":"Polygon","coordinates":[[[80.28539,7.01524],[80.28543,7.01546],[80.28541,7.01576],[80.28554,7.01594],[80.28572,7.016],[80.28629,7.01563],[80.28648,7.01564],[80.28657,7.01578],[80.2866,7.01597],[80.28674,7.01609],[80.28693,7.01613],[80.28728,7.01592],[80.28754,7.01551],[80.28775,7.01529],[80.28818,7.01507],[80.28835,7.01491],[80.28848,7.01472],[80.28849,7.01457],[80.28837,7.01437],[80.28841,7.01416],[80.28869,7.01372],[80.28883,7.0136],[80.2889,7.01286],[80.28884,7.01273],[80.28868,7.01263],[80.28843,7.01256],[80.28839,7.01245],[80.28841,7.01227],[80.28834,7.01218],[80.28826,7.0119],[80.28811,7.01181],[80.28714,7.01194],[80.28666,7.01232],[80.28663,7.0125],[80.28631,7.01259],[80.28611,7.01302],[80.28599,7.01409],[80.2858,7.01449],[80.28555,7.01475],[80.28544,7.01498],[80.28539,7.01524]]]}},{"type":"Feature","properties":{"c":"orchard"},"geometry":{"type":"Polygon","coordinates":[[[80.2871,7.01141],[80.28721,7.01162],[80.28743,7.01173],[80.28805,7.01157],[80.28848,7.01183],[80.28879,7.01154],[80.28904,7.01137],[80.28907,7.01127],[80.28868,7.01106],[80.28863,7.01076],[80.28873,7.0104],[80.28857,7.01024],[80.28842,7.01031],[80.28815,7.01033],[80.28774,7.01026],[80.28753,7.0103],[80.28713,7.0106],[80.2871,7.01141]]]}},{"type":"Feature","properties":{"c":"orchard"},"geometry":{"type":"Polygon","coordinates":[[[80.28965,7.01085],[80.28992,7.01145],[80.28991,7.01199],[80.29006,7.01249],[80.2901,7.01284],[80.29018,7.01299],[80.29045,7.01287],[80.29085,7.01306],[80.29103,7.01289],[80.2911,7.01265],[80.29115,7.01161],[80.29122,7.01155],[80.29173,7.01145],[80.29185,7.01135],[80.29197,7.01104],[80.29189,7.0107],[80.29148,7.00991],[80.29144,7.00964],[80.29164,7.00905],[80.29204,7.0084],[80.29204,7.00824],[80.2919,7.00819],[80.2917,7.0083],[80.29146,7.00863],[80.291,7.00865],[80.29093,7.00902],[80.29069,7.00921],[80.29034,7.01004],[80.28965,7.01085]]]}},{"type":"Feature","properties":{"c":"orchard"},"geometry":{"type":"Polygon","coordinates":[[[80.29223,7.02568],[80.29248,7.02585],[80.29268,7.02613],[80.29299,7.0262],[80.29314,7.02614],[80.29321,7.02606],[80.29318,7.02593],[80.29275,7.02582],[80.29245,7.0256],[80.29224,7.02562],[80.29223,7.02568]]]}},{"type":"Feature","properties":{"c":"orchard"},"geometry":{"type":"Polygon","coordinates":[[[80.29322,7.02631],[80.29322,7.0264],[80.29329,7.02646],[80.2937,7.02662],[80.2938,7.02674],[80.29379,7.02682],[80.29349,7.0268],[80.29346,7.02692],[80.29367,7.02723],[80.29396,7.02746],[80.29405,7.02745],[80.29465,7.02626],[80.29456,7.02599],[80.29413,7.02583],[80.29402,7.02551],[80.29363,7.02551],[80.29347,7.02556],[80.29339,7.02569],[80.29348,7.02606],[80.29344,7.02615],[80.29322,7.02631]]]}},{"type":"Feature","properties":{"c":"orchard"},"geometry":{"type":"Polygon","coordinates":[[[80.29153,7.02638],[80.2915,7.02669],[80.2916,7.02685],[80.29186,7.02685],[80.29195,7.02692],[80.29197,7.02707],[80.29245,7.02742],[80.29255,7.02742],[80.29267,7.02725],[80.29276,7.02722],[80.29293,7.02727],[80.29296,7.02734],[80.29336,7.02745],[80.29344,7.02745],[80.2935,7.02735],[80.29329,7.02712],[80.29291,7.02684],[80.29287,7.02673],[80.29298,7.02664],[80.29298,7.02655],[80.29291,7.0265],[80.29265,7.02658],[80.2925,7.02668],[80.2924,7.02668],[80.29225,7.0266],[80.29223,7.02648],[80.29244,7.02645],[80.29249,7.02638],[80.29249,7.0263],[80.29237,7.0262],[80.29213,7.02616],[80.29195,7.02629],[80.29166,7.02632],[80.29153,7.02638]]]}},{"type":"Feature","properties":{"c":"orchard"},"geometry":{"type":"Polygon","coordinates":[[[80.31641,7.01382],[80.31649,7.01394],[80.31671,7.01399],[80.31694,7.01376],[80.31718,7.01366],[80.3172,7.01353],[80.31711,7.01344],[80.31685,7.01335],[80.31661,7.01363],[80.3165,7.01368],[80.31641,7.01382]]]}},{"type":"Feature","properties":{"c":"orchard"},"geometry":{"type":"Polygon","coordinates":[[[80.31319,7.01392],[80.31333,7.01432],[80.31357,7.01452],[80.31423,7.01483],[80.31435,7.01482],[80.31451,7.01463],[80.31504,7.01442],[80.31516,7.01443],[80.31525,7.0145],[80.31528,7.01472],[80.31536,7.01482],[80.31565,7.0147],[80.3159,7.01446],[80.31593,7.01435],[80.31618,7.01419],[80.31619,7.01407],[80.31596,7.01392],[80.31561,7.01391],[80.31542,7.01412],[80.31524,7.01419],[80.3149,7.01398],[80.3146,7.01392],[80.31423,7.01396],[80.31404,7.01406],[80.31367,7.01401],[80.31324,7.01387],[80.31319,7.01392]]]}},{"type":"Feature","properties":{"c":"orchard"},"geometry":{"type":"Polygon","coordinates":[[[80.31107,7.01671],[80.31124,7.01685],[80.31151,7.0168],[80.31165,7.01682],[80.3117,7.01693],[80.3118,7.01694],[80.31197,7.01687],[80.31202,7.01679],[80.31201,7.01669],[80.31191,7.01663],[80.31137,7.01651],[80.31119,7.01654],[80.31107,7.01671]]]}},{"type":"Feature","properties":{"c":"orchard"},"geometry":{"type":"Polygon","coordinates":[[[80.29799,7.03254],[80.298,7.03268],[80.29814,7.033],[80.29846,7.03289],[80.29868,7.03262],[80.29891,7.03251],[80.29892,7.0324],[80.29867,7.03195],[80.29851,7.03198],[80.29821,7.0322],[80.29816,7.03239],[80.29799,7.03254]]]}},{"type":"Feature","properties":{"c":"orchard"},"geometry":{"type":"Polygon","coordinates":[[[80.29374,7.03321],[80.29375,7.0333],[80.29389,7.03342],[80.2939,7.03349],[80.2938,7.03375],[80.29421,7.03375],[80.29434,7.03371],[80.2945,7.0335],[80.29457,7.03348],[80.29496,7.03351],[80.29543,7.03367],[80.29566,7.03344],[80.29566,7.03326],[80.29549,7.03299],[80.2955,7.0328],[80.29558,7.03272],[80.29573,7.03267],[80.29634,7.03272],[80.29655,7.03296],[80.29686,7.03313],[80.29704,7.03315],[80.29723,7.033],[80.29728,7.03281],[80.29709,7.03269],[80.29665,7.03256],[80.29661,7.03242],[80.29664,7.03236],[80.29693,7.0323],[80.29738,7.03235],[80.29755,7.03228],[80.29783,7.032],[80.29777,7.03195],[80.29766,7.0316],[80.29742,7.03127],[80.29723,7.03114],[80.29697,7.03122],[80.29571,7.03183],[80.29463,7.03248],[80.29397,7.0328],[80.29386,7.03289],[80.29374,7.03321]]]}},{"type":"Feature","properties":{"c":"orchard"},"geometry":{"type":"Polygon","coordinates":[[[80.28906,7.03573],[80.2891,7.03592],[80.28923,7.03598],[80.28946,7.03573],[80.28956,7.03574],[80.28964,7.03585],[80.28973,7.03584],[80.28969,7.03565],[80.28989,7.03543],[80.2898,7.03528],[80.28954,7.03523],[80.28932,7.03545],[80.28912,7.03552],[80.28906,7.03573]]]}},{"type":"Feature","properties":{"c":"orchard"},"geometry":{"type":"Polygon","coordinates":[[[80.30388,7.01157],[80.30391,7.01168],[80.30412,7.01182],[80.30435,7.0118],[80.30457,7.01166],[80.30482,7.01159],[80.30502,7.0114],[80.30511,7.01115],[80.30498,7.01108],[80.3045,7.01114],[80.30409,7.01103],[80.30412,7.01128],[80.30407,7.01142],[80.30388,7.01157]]]}},{"type":"Feature","properties":{"c":"orchard"},"geometry":{"type":"Polygon","coordinates":[[[80.31383,7.02321],[80.31391,7.02345],[80.31407,7.02337],[80.31446,7.0233],[80.31463,7.02314],[80.31495,7.02266],[80.3151,7.02255],[80.3152,7.02253],[80.31528,7.02258],[80.31525,7.02285],[80.31527,7.02296],[80.31533,7.02296],[80.31554,7.02284],[80.31568,7.02266],[80.31568,7.02253],[80.31563,7.02241],[80.31542,7.0222],[80.31521,7.02211],[80.31492,7.02215],[80.31437,7.02203],[80.31427,7.02208],[80.31419,7.02224],[80.31383,7.02321]]]}},{"type":"Feature","properties":{"c":"orchard"},"geometry":{"type":"Polygon","coordinates":[[[80.31356,7.02416],[80.31362,7.02418],[80.3137,7.02434],[80.31385,7.02509],[80.31375,7.02533],[80.31375,7.02549],[80.31415,7.02563],[80.31427,7.02667],[80.31477,7.02665],[80.31502,7.02656],[80.31533,7.0258],[80.31569,7.02509],[80.3157,7.02474],[80.31554,7.02439],[80.31534,7.0241],[80.31512,7.02399],[80.31447,7.0238],[80.31454,7.02372],[80.31482,7.02364],[80.31502,7.02346],[80.31513,7.02277],[80.31509,7.02272],[80.31453,7.02337],[80.31405,7.02352],[80.31356,7.02416]]]}},{"type":"Feature","properties":{"c":"orchard"},"geometry":{"type":"Polygon","coordinates":[[[80.27627,7.04418],[80.27634,7.04447],[80.27674,7.04502],[80.27712,7.04503],[80.27739,7.04519],[80.27764,7.04509],[80.27781,7.04487],[80.27795,7.04449],[80.27811,7.04442],[80.27879,7.04464],[80.27894,7.04458],[80.27945,7.04418],[80.28032,7.0446],[80.2805,7.04447],[80.28074,7.0442],[80.28091,7.04391],[80.28148,7.04339],[80.28165,7.04315],[80.28171,7.04294],[80.28153,7.04191],[80.28134,7.04124],[80.28134,7.0409],[80.28122,7.0408],[80.28102,7.04077],[80.2809,7.04064],[80.28088,7.04053],[80.28102,7.03988],[80.28085,7.03979],[80.28066,7.04008],[80.28049,7.04063],[80.28003,7.04162],[80.2798,7.04255],[80.27963,7.04254],[80.27894,7.0424],[80.27888,7.04233],[80.27888,7.04196],[80.27895,7.0415],[80.27906,7.04111],[80.27919,7.04089],[80.27914,7.04074],[80.27885,7.04038],[80.2785,7.04014],[80.27816,7.03944],[80.27788,7.03939],[80.27738,7.03942],[80.27728,7.0396],[80.2772,7.04095],[80.2771,7.04145],[80.27708,7.04186],[80.27716,7.04202],[80.27716,7.04228],[80.27679,7.04294],[80.27676,7.04319],[80.27627,7.04418]]]}},{"type":"Feature","properties":{"c":"orchard"},"geometry":{"type":"Polygon","coordinates":[[[80.27983,7.03621],[80.27982,7.0366],[80.27994,7.03685],[80.28038,7.03712],[80.28049,7.03715],[80.28056,7.0371],[80.28064,7.03628],[80.28061,7.03592],[80.28027,7.03508],[80.28054,7.03443],[80.28071,7.03418],[80.28094,7.03419],[80.28147,7.03464],[80.28169,7.0346],[80.28182,7.03444],[80.28184,7.03373],[80.28172,7.03356],[80.28101,7.03334],[80.2809,7.03323],[80.28054,7.03333],[80.28029,7.03332],[80.28013,7.03349],[80.2801,7.03367],[80.28027,7.03411],[80.28026,7.03432],[80.27992,7.03505],[80.28018,7.03538],[80.28013,7.0356],[80.27983,7.03621]]]}},{"type":"Feature","properties":{"c":"farmland"},"geometry":{"type":"Polygon","coordinates":[[[80.28738,7.0387],[80.28754,7.03876],[80.28774,7.03868],[80.28771,7.03854],[80.28786,7.03844],[80.28785,7.03829],[80.28768,7.03828],[80.2875,7.03845],[80.28738,7.0387]]]}},{"type":"Feature","properties":{"c":"orchard"},"geometry":{"type":"Polygon","coordinates":[[[80.28623,7.03449],[80.28626,7.03471],[80.28641,7.03487],[80.28674,7.03506],[80.28691,7.03528],[80.28746,7.03557],[80.28758,7.03573],[80.28759,7.03587],[80.28764,7.03594],[80.28806,7.0361],[80.28815,7.03594],[80.28798,7.03557],[80.28801,7.03516],[80.28794,7.03506],[80.28749,7.03489],[80.28739,7.03448],[80.2874,7.0342],[80.28729,7.03379],[80.2872,7.03365],[80.28711,7.03331],[80.28696,7.03326],[80.28662,7.0333],[80.28652,7.03347],[80.28658,7.03398],[80.28656,7.03412],[80.28649,7.03421],[80.28629,7.03434],[80.28623,7.03449]]]}},{"type":"Feature","properties":{"c":"orchard"},"geometry":{"type":"Polygon","coordinates":[[[80.28411,7.03149],[80.28432,7.03172],[80.28448,7.03202],[80.28485,7.03211],[80.2849,7.03227],[80.2849,7.03255],[80.28501,7.03272],[80.28519,7.03287],[80.28554,7.03292],[80.28606,7.03277],[80.28623,7.03277],[80.28621,7.03258],[80.28634,7.0323],[80.28629,7.03212],[80.28631,7.03187],[80.28601,7.03157],[80.2854,7.03124],[80.28513,7.03102],[80.28448,7.03029],[80.28431,7.03018],[80.2842,7.0302],[80.28426,7.03108],[80.28425,7.03127],[80.28413,7.03139],[80.28411,7.03149]]]}},{"type":"Feature","properties":{"c":"orchard"},"geometry":{"type":"Polygon","coordinates":[[[80.29242,7.02864],[80.2928,7.02873],[80.29288,7.02878],[80.29299,7.02902],[80.2929,7.02919],[80.29281,7.02925],[80.29273,7.02928],[80.29257,7.02924],[80.29251,7.02942],[80.29261,7.02963],[80.29271,7.02969],[80.29312,7.02968],[80.29317,7.02961],[80.29317,7.02945],[80.29308,7.02936],[80.29312,7.02924],[80.29329,7.02909],[80.29361,7.0282],[80.29346,7.02812],[80.29267,7.02796],[80.29247,7.02822],[80.29242,7.02864]]]}},{"type":"Feature","properties":{"c":"orchard"},"geometry":{"type":"Polygon","coordinates":[[[80.29042,7.02879],[80.29059,7.02906],[80.29066,7.02901],[80.29072,7.02902],[80.2907,7.02923],[80.29077,7.02942],[80.29082,7.02942],[80.29104,7.02896],[80.29081,7.02881],[80.29067,7.02882],[80.29052,7.02873],[80.29042,7.02879]]]}},{"type":"Feature","properties":{"c":"orchard"},"geometry":{"type":"Polygon","coordinates":[[[80.29072,7.02816],[80.29082,7.02836],[80.29082,7.02846],[80.29094,7.02865],[80.29117,7.02852],[80.29132,7.02849],[80.29079,7.02805],[80.29072,7.02816]]]}},{"type":"Feature","properties":{"c":"orchard"},"geometry":{"type":"Polygon","coordinates":[[[80.31559,7.02737],[80.31573,7.02751],[80.31573,7.02761],[80.31592,7.0275],[80.31574,7.02734],[80.31559,7.02737]]]}},{"type":"Feature","properties":{"c":"farmland"},"geometry":{"type":"Polygon","coordinates":[[[80.31513,7.02713],[80.31514,7.02747],[80.31523,7.02755],[80.31549,7.02763],[80.31566,7.0276],[80.31568,7.02745],[80.31559,7.02737],[80.3157,7.02736],[80.3158,7.02728],[80.31602,7.02736],[80.31599,7.02749],[80.31617,7.02757],[80.31631,7.02758],[80.31633,7.02754],[80.31626,7.02739],[80.31607,7.02727],[80.31605,7.02718],[80.31587,7.02715],[80.3157,7.02698],[80.31556,7.0265],[80.3155,7.02645],[80.31545,7.02646],[80.3154,7.02656],[80.31556,7.02686],[80.31558,7.02725],[80.31545,7.02731],[80.3153,7.02725],[80.31522,7.02713],[80.31513,7.02713]]]}},{"type":"Feature","properties":{"c":"orchard"},"geometry":{"type":"Polygon","coordinates":[[[80.31414,7.02812],[80.31414,7.02824],[80.31422,7.02832],[80.31443,7.02835],[80.31471,7.02856],[80.31483,7.02874],[80.31484,7.02915],[80.31496,7.02918],[80.31509,7.02904],[80.31509,7.02873],[80.31538,7.02841],[80.31541,7.02824],[80.31537,7.02816],[80.31529,7.02808],[80.31503,7.028],[80.31471,7.02799],[80.31429,7.02803],[80.31414,7.02812]]]}},{"type":"Feature","properties":{"c":"orchard"},"geometry":{"type":"Polygon","coordinates":[[[80.31461,7.02943],[80.31468,7.02972],[80.31488,7.02984],[80.31547,7.02988],[80.3156,7.02983],[80.31566,7.02975],[80.31569,7.02941],[80.31577,7.02924],[80.31611,7.02917],[80.31623,7.02937],[80.3162,7.0297],[80.31624,7.02977],[80.31638,7.02964],[80.31647,7.02943],[80.31639,7.02887],[80.3163,7.02871],[80.31635,7.02855],[80.31633,7.02851],[80.31607,7.02861],[80.31592,7.0286],[80.31594,7.02842],[80.31602,7.02828],[80.31628,7.0282],[80.31627,7.02803],[80.31618,7.02795],[80.31618,7.02781],[80.31611,7.0278],[80.31599,7.02799],[80.31579,7.0281],[80.31572,7.02808],[80.31565,7.02793],[80.31541,7.02792],[80.31539,7.02807],[80.31546,7.02834],[80.31539,7.0285],[80.31541,7.02897],[80.31526,7.02901],[80.31527,7.02929],[80.31516,7.02938],[80.31501,7.02933],[80.31471,7.02934],[80.31461,7.02943]]]}},{"type":"Feature","properties":{"c":"orchard"},"geometry":{"type":"Polygon","coordinates":[[[80.3132,7.02978],[80.31324,7.0299],[80.31356,7.03021],[80.31354,7.03042],[80.31384,7.03058],[80.31416,7.03054],[80.31438,7.03046],[80.3147,7.03053],[80.31484,7.03051],[80.3149,7.03072],[80.31525,7.03067],[80.31567,7.03043],[80.31572,7.03024],[80.31463,7.0301],[80.3145,7.02999],[80.31461,7.02972],[80.3146,7.0296],[80.31449,7.02941],[80.3144,7.02933],[80.31407,7.02923],[80.3137,7.02925],[80.31336,7.02943],[80.31325,7.02956],[80.3132,7.02978]]]}},{"type":"Feature","properties":{"c":"farmland"},"geometry":{"type":"Polygon","coordinates":[[[80.31206,7.03128],[80.31214,7.03136],[80.31229,7.03138],[80.3123,7.03127],[80.31244,7.03108],[80.3126,7.03068],[80.31266,7.03039],[80.3126,7.03005],[80.31252,7.02997],[80.31249,7.02984],[80.31255,7.02973],[80.31287,7.02951],[80.31292,7.02943],[80.3129,7.02933],[80.31266,7.02922],[80.3125,7.02947],[80.31248,7.02967],[80.31236,7.02987],[80.31219,7.03045],[80.31217,7.03098],[80.31206,7.03128]]]}},{"type":"Feature","properties":{"c":"orchard"},"geometry":{"type":"Polygon","coordinates":[[[80.31414,7.0309],[80.31429,7.03104],[80.31438,7.03104],[80.31477,7.03092],[80.31494,7.0309],[80.31508,7.03095],[80.31514,7.03091],[80.31514,7.03084],[80.31497,7.03079],[80.3149,7.03072],[80.31484,7.03051],[80.3147,7.03053],[80.31466,7.03061],[80.31436,7.03052],[80.3142,7.03071],[80.31414,7.0309]]]}},{"type":"Feature","properties":{"c":"orchard"},"geometry":{"type":"Polygon","coordinates":[[[80.31233,7.03143],[80.31234,7.0315],[80.3125,7.03161],[80.31279,7.03163],[80.31323,7.0318],[80.31347,7.03179],[80.31376,7.03172],[80.31391,7.03162],[80.31398,7.03126],[80.31394,7.03119],[80.31377,7.03117],[80.31361,7.03132],[80.31323,7.03144],[80.31313,7.03142],[80.31304,7.03132],[80.31291,7.0313],[80.31243,7.03135],[80.31233,7.03143]]]}},{"type":"Feature","properties":{"c":"farmland"},"geometry":{"type":"Polygon","coordinates":[[[80.25531,7.23398],[80.25541,7.23417],[80.25597,7.23442],[80.25613,7.23483],[80.25657,7.235],[80.25673,7.23492],[80.2568,7.23481],[80.25697,7.23476],[80.25733,7.23435],[80.25734,7.23421],[80.25727,7.23411],[80.25705,7.23427],[80.25699,7.23424],[80.25697,7.23388],[80.25692,7.23386],[80.25654,7.23386],[80.2565,7.23395],[80.25632,7.23403],[80.25623,7.23398],[80.25623,7.2339],[80.25613,7.23389],[80.25604,7.23397],[80.25586,7.23401],[80.25559,7.23397],[80.25552,7.23386],[80.25533,7.23377],[80.25531,7.23398]]]}},{"type":"Feature","properties":{"c":"industrial","n":"Hayleys. Sunfrost (pvt.) Limited"},"geometry":{"type":"Polygon","coordinates":[[[80.24337,7.28838],[80.24371,7.28854],[80.24424,7.28804],[80.24464,7.2876],[80.24471,7.28705],[80.24572,7.28571],[80.24466,7.28519],[80.24337,7.28838]]]}},{"type":"Feature","properties":{"c":"industrial","n":"Tailor Store International"},"geometry":{"type":"Polygon","coordinates":[[[80.24213,7.29154],[80.24239,7.29175],[80.24284,7.29158],[80.24272,7.29122],[80.24241,7.29089],[80.24213,7.29154]]]}},{"type":"Feature","properties":{"c":"residential"},"geometry":{"type":"Polygon","coordinates":[[[80.33681,6.90576],[80.33763,6.90612],[80.3379,6.90689],[80.338,6.90958],[80.33874,6.90963],[80.34119,6.90804],[80.34098,6.90654],[80.3406,6.90518],[80.34096,6.90464],[80.34108,6.90356],[80.34146,6.90289],[80.34282,6.90345],[80.3433,6.90279],[80.34286,6.90175],[80.34248,6.90183],[80.3425,6.90268],[80.34114,6.90211],[80.34088,6.90072],[80.34028,6.90135],[80.33991,6.90088],[80.33899,6.90071],[80.3389,6.90143],[80.33919,6.90341],[80.34008,6.90303],[80.34042,6.904],[80.3397,6.90535],[80.33958,6.90622],[80.33987,6.90764],[80.33965,6.90781],[80.33958,6.90719],[80.33894,6.90679],[80.33919,6.90501],[80.33958,6.90449],[80.3396,6.90374],[80.33936,6.90373],[80.33764,6.90446],[80.33681,6.90576]]]}},{"type":"Feature","properties":{"c":"residential"},"geometry":{"type":"Polygon","coordinates":[[[80.34492,6.91101],[80.3454,6.91106],[80.34547,6.9101],[80.34519,6.91006],[80.34519,6.90998],[80.34496,6.90995],[80.34492,6.91101]]]}},{"type":"Feature","properties":{"c":"forest"},"geometry":{"type":"Polygon","coordinates":[[[80.46394,7.2186],[80.46396,7.21875],[80.46403,7.2188],[80.4646,7.21885],[80.46495,7.21902],[80.46499,7.21911],[80.46483,7.21934],[80.46481,7.21945],[80.46489,7.21955],[80.46526,7.21972],[80.46597,7.22069],[80.46647,7.22106],[80.46706,7.22134],[80.46719,7.22151],[80.46731,7.22191],[80.46738,7.22202],[80.46762,7.22209],[80.46839,7.22216],[80.46857,7.22225],[80.4686,7.22234],[80.46848,7.22274],[80.46856,7.22282],[80.46875,7.22287],[80.46907,7.22283],[80.46941,7.22267],[80.46996,7.22194],[80.47014,7.22177],[80.47032,7.22176],[80.47062,7.22213],[80.47076,7.22219],[80.47107,7.22203],[80.47142,7.22164],[80.47189,7.22145],[80.47215,7.22127],[80.47225,7.22117],[80.47239,7.22076],[80.47295,7.21999],[80.47305,7.21955],[80.47306,7.21935],[80.47294,7.21926],[80.47258,7.2192],[80.47198,7.21923],[80.4716,7.21901],[80.47119,7.21866],[80.47063,7.21863],[80.4704,7.21858],[80.46977,7.21826],[80.46923,7.2183],[80.468,7.21799],[80.46636,7.21809],[80.46592,7.21801],[80.46518,7.21778],[80.46484,7.21775],[80.46444,7.21792],[80.46425,7.21834],[80.46394,7.2186]],[[80.46543,7.21938],[80.4655,7.21901],[80.46576,7.21878],[80.46818,7.21874],[80.46868,7.21854],[80.46918,7.21847],[80.46956,7.21856],[80.46998,7.2186],[80.47011,7.21866],[80.47034,7.21885],[80.47058,7.21916],[80.47073,7.21927],[80.47104,7.21929],[80.47149,7.21921],[80.47174,7.21929],[80.47196,7.21948],[80.47214,7.21988],[80.47239,7.22018],[80.47242,7.22034],[80.47214,7.22104],[80.47183,7.22141],[80.47167,7.22149],[80.47145,7.22139],[80.47132,7.22118],[80.47134,7.22094],[80.47157,7.22064],[80.4716,7.22051],[80.47136,7.22025],[80.47109,7.2202],[80.47098,7.22021],[80.47076,7.22034],[80.47012,7.22121],[80.4697,7.22156],[80.46927,7.22169],[80.46868,7.22178],[80.46853,7.22178],[80.46817,7.22165],[80.46766,7.22177],[80.46749,7.22169],[80.46743,7.22153],[80.46741,7.22109],[80.46734,7.22097],[80.46636,7.22044],[80.466,7.22008],[80.46567,7.22004],[80.46557,7.21992],[80.46543,7.21938]]]}},{"type":"Feature","properties":{"c":"quarry"},"geometry":{"type":"Polygon","coordinates":[[[80.22687,6.92654],[80.22703,6.92789],[80.22718,6.92818],[80.22736,6.92836],[80.22766,6.92895],[80.22779,6.92907],[80.22856,6.92912],[80.22873,6.92918],[80.22899,6.92936],[80.22927,6.92963],[80.22971,6.92877],[80.22961,6.92821],[80.22912,6.92741],[80.22879,6.92648],[80.22776,6.92582],[80.22752,6.9256],[80.22748,6.92505],[80.22721,6.92521],[80.22701,6.9256],[80.22687,6.92654]]]}},{"type":"Feature","properties":{"c":"farmyard","n":"Paddy field"},"geometry":{"type":"Polygon","coordinates":[[[80.33291,7.27088],[80.33302,7.27116],[80.3333,7.27145],[80.33335,7.27161],[80.33334,7.272],[80.33299,7.27278],[80.33348,7.27311],[80.33339,7.27328],[80.33348,7.27339],[80.33363,7.27334],[80.33378,7.27316],[80.33416,7.27253],[80.33443,7.27182],[80.33445,7.27145],[80.33454,7.27132],[80.3345,7.27115],[80.33482,7.27023],[80.33443,7.27022],[80.33427,7.27073],[80.33408,7.27091],[80.3338,7.27093],[80.33377,7.27082],[80.33381,7.27069],[80.33387,7.27064],[80.33364,7.27028],[80.33318,7.2703],[80.33291,7.27088]]]}},{"type":"Feature","properties":{"c":"farmland"},"geometry":{"type":"Polygon","coordinates":[[[80.37912,7.02859],[80.37912,7.02898],[80.37927,7.02961],[80.37968,7.03006],[80.37991,7.03014],[80.38019,7.03015],[80.38028,7.03034],[80.38009,7.03087],[80.37984,7.03132],[80.37975,7.03163],[80.3798,7.03177],[80.37997,7.03187],[80.3802,7.03187],[80.3804,7.03184],[80.38093,7.03164],[80.3812,7.03164],[80.38145,7.03172],[80.38189,7.03217],[80.38219,7.03265],[80.3822,7.03286],[80.38201,7.0338],[80.38186,7.03411],[80.38134,7.03446],[80.3811,7.03474],[80.38113,7.03502],[80.38133,7.03513],[80.38157,7.03513],[80.38185,7.03506],[80.38221,7.03491],[80.38335,7.0341],[80.38366,7.03406],[80.38388,7.03414],[80.38403,7.03436],[80.38407,7.03503],[80.38414,7.03536],[80.38431,7.0357],[80.38439,7.03598],[80.38424,7.03687],[80.38425,7.03708],[80.38433,7.03736],[80.3845,7.03758],[80.38472,7.03779],[80.38503,7.03797],[80.38531,7.03799],[80.38559,7.03791],[80.38707,7.03739],[80.38767,7.03741],[80.38791,7.03756],[80.3881,7.03784],[80.38822,7.03814],[80.38863,7.03853],[80.38897,7.03877],[80.38919,7.0388],[80.38945,7.03872],[80.38969,7.03849],[80.39025,7.03769],[80.3906,7.03738],[80.39091,7.0372],[80.39178,7.03702],[80.39276,7.03674],[80.39312,7.03658],[80.39366,7.03622],[80.39393,7.03617],[80.39481,7.03648],[80.39541,7.0364],[80.39564,7.03624],[80.39603,7.03573],[80.39629,7.03509],[80.39632,7.03476],[80.39619,7.03445],[80.39596,7.03422],[80.39563,7.03406],[80.39473,7.03406],[80.39401,7.03437],[80.39297,7.03518],[80.39214,7.03551],[80.39176,7.0356],[80.39154,7.03562],[80.39114,7.03557],[80.39081,7.03535],[80.39071,7.035],[80.39072,7.03458],[80.39102,7.03391],[80.3915,7.03313],[80.39164,7.03272],[80.39162,7.03242],[80.39137,7.03211],[80.39105,7.03197],[80.39054,7.03193],[80.38984,7.03197],[80.38921,7.03236],[80.38895,7.03242],[80.38875,7.03236],[80.38857,7.03202],[80.38851,7.03171],[80.38835,7.03146],[80.38818,7.03141],[80.38783,7.0314],[80.38732,7.03174],[80.387,7.03186],[80.38665,7.03184],[80.38624,7.03159],[80.38578,7.03098],[80.38556,7.03094],[80.38536,7.03102],[80.38486,7.03141],[80.38463,7.03143],[80.38424,7.03144],[80.38375,7.0313],[80.38345,7.0311],[80.38337,7.03059],[80.38342,7.03028],[80.38352,7.02998],[80.38368,7.0297],[80.38391,7.02956],[80.38443,7.0295],[80.3848,7.02956],[80.38571,7.02994],[80.38672,7.03026],[80.38694,7.03019],[80.38728,7.02984],[80.38736,7.02857],[80.38749,7.02803],[80.38782,7.02714],[80.3879,7.02673],[80.38791,7.02647],[80.38776,7.02622],[80.38751,7.02617],[80.38726,7.02627],[80.38709,7.02648],[80.38694,7.02687],[80.38686,7.02727],[80.38664,7.02757],[80.3864,7.02769],[80.38501,7.0271],[80.38459,7.02707],[80.38441,7.02714],[80.38388,7.02821],[80.38315,7.03035],[80.38289,7.03088],[80.38275,7.03104],[80.38259,7.03112],[80.38235,7.03116],[80.38186,7.03101],[80.38164,7.03089],[80.38136,7.03061],[80.3809,7.02992],[80.38046,7.02942],[80.38034,7.02913],[80.3804,7.02888],[80.38073,7.02852],[80.38135,7.0283],[80.38164,7.02795],[80.38191,7.02746],[80.3819,7.0272],[80.38178,7.02713],[80.38135,7.02721],[80.38075,7.02756],[80.38047,7.0276],[80.37999,7.02752],[80.37951,7.02793],[80.37925,7.02825],[80.37912,7.02859]]]}},{"type":"Feature","properties":{"c":"farmland"},"geometry":{"type":"Polygon","coordinates":[[[80.45278,7.03866],[80.45291,7.03901],[80.45325,7.03926],[80.45364,7.03927],[80.45399,7.03918],[80.45464,7.03885],[80.45491,7.03883],[80.45572,7.03899],[80.45616,7.03899],[80.45699,7.03888],[80.45729,7.03873],[80.45745,7.03852],[80.45758,7.03817],[80.45764,7.03763],[80.45747,7.03638],[80.45731,7.03567],[80.45697,7.03456],[80.45682,7.03427],[80.45655,7.03413],[80.4564,7.03411],[80.45613,7.03418],[80.45584,7.03434],[80.45558,7.03455],[80.45498,7.03551],[80.45436,7.03668],[80.4541,7.03691],[80.45366,7.03708],[80.45347,7.03725],[80.45313,7.03774],[80.45295,7.03806],[80.45278,7.03866]]]}},{"type":"Feature","properties":{"c":"forest"},"geometry":{"type":"Polygon","coordinates":[[[80.36852,7.04955],[80.36871,7.05089],[80.36892,7.05177],[80.36913,7.05241],[80.36964,7.05358],[80.37003,7.05424],[80.37037,7.05451],[80.37119,7.05493],[80.37167,7.05497],[80.37312,7.05452],[80.37395,7.05415],[80.37426,7.05419],[80.37444,7.0545],[80.37449,7.0549],[80.37465,7.0552],[80.37498,7.05537],[80.37707,7.05541],[80.37747,7.05557],[80.3776,7.0557],[80.37775,7.05614],[80.37785,7.05675],[80.37799,7.05691],[80.37821,7.05696],[80.37856,7.05692],[80.37879,7.05676],[80.37892,7.05642],[80.37896,7.05608],[80.37888,7.05524],[80.379,7.05482],[80.37917,7.05466],[80.37971,7.05457],[80.38009,7.05444],[80.38028,7.05419],[80.38077,7.05416],[80.38101,7.05422],[80.38139,7.05446],[80.38171,7.05457],[80.38198,7.0546],[80.38231,7.05454],[80.38255,7.05429],[80.38266,7.05395],[80.38272,7.05349],[80.38272,7.05295],[80.38262,7.05187],[80.38251,7.04954],[80.38254,7.04804],[80.38266,7.04751],[80.38293,7.04704],[80.38334,7.04665],[80.38383,7.04634],[80.38426,7.04618],[80.38599,7.04581],[80.38648,7.04561],[80.38854,7.04508],[80.39003,7.04493],[80.39079,7.04491],[80.39169,7.04501],[80.39228,7.04495],[80.39282,7.0447],[80.39324,7.04441],[80.39377,7.04381],[80.39405,7.04362],[80.39467,7.04354],[80.39525,7.0439],[80.39537,7.0442],[80.39539,7.04452],[80.39522,7.04499],[80.39502,7.0466],[80.39471,7.04802],[80.39441,7.04874],[80.39419,7.04903],[80.3939,7.04929],[80.39255,7.05006],[80.39228,7.05049],[80.39234,7.05067],[80.39256,7.05085],[80.39352,7.05105],[80.3946,7.05114],[80.39616,7.05113],[80.39666,7.05128],[80.39669,7.05163],[80.39624,7.05233],[80.39607,7.05268],[80.39606,7.0529],[80.39625,7.05307],[80.3966,7.05297],[80.39716,7.05258],[80.39737,7.05258],[80.39754,7.05285],[80.39747,7.05327],[80.39725,7.05362],[80.39695,7.05395],[80.39642,7.05421],[80.39587,7.0543],[80.3957,7.05427],[80.39567,7.05395],[80.39584,7.05363],[80.39584,7.05344],[80.39567,7.05329],[80.39541,7.05328],[80.39498,7.05348],[80.3943,7.0539],[80.3937,7.05448],[80.39299,7.05538],[80.39197,7.05642],[80.39172,7.0566],[80.39128,7.05674],[80.39026,7.05674],[80.38932,7.05665],[80.38745,7.05642],[80.38651,7.05625],[80.38615,7.05611],[80.38576,7.05587],[80.38543,7.05551],[80.38492,7.05509],[80.38455,7.05493],[80.38411,7.05482],[80.3838,7.05497],[80.38354,7.05524],[80.38339,7.05619],[80.38319,7.05647],[80.38263,7.05664],[80.38106,7.05651],[80.38069,7.05656],[80.3803,7.05672],[80.38008,7.0569],[80.37991,7.05717],[80.37983,7.05744],[80.37995,7.05841],[80.38018,7.05909],[80.38042,7.05945],[80.38087,7.0599],[80.38216,7.06065],[80.38267,7.06075],[80.38348,7.06079],[80.38428,7.06058],[80.38525,7.06002],[80.38643,7.0595],[80.38733,7.05927],[80.38843,7.05915],[80.38986,7.05925],[80.39291,7.06004],[80.39344,7.06011],[80.39433,7.06006],[80.39516,7.05983],[80.3958,7.05957],[80.39785,7.05818],[80.39884,7.05738],[80.39959,7.05702],[80.40053,7.05676],[80.40141,7.05675],[80.40191,7.05676],[80.40243,7.05685],[80.40299,7.05704],[80.40352,7.0573],[80.4043,7.05785],[80.40469,7.05824],[80.40503,7.05872],[80.40512,7.05912],[80.40501,7.05952],[80.40486,7.05984],[80.40452,7.06006],[80.40415,7.06025],[80.40356,7.06044],[80.40311,7.06051],[80.40244,7.06072],[80.40193,7.061],[80.40154,7.06134],[80.40129,7.06167],[80.40069,7.06284],[80.39988,7.064],[80.39977,7.06453],[80.39983,7.06518],[80.39992,7.06548],[80.40013,7.06589],[80.40067,7.06648],[80.40164,7.06721],[80.4021,7.06746],[80.40256,7.06755],[80.40295,7.06754],[80.40338,7.06727],[80.40371,7.06665],[80.4039,7.06599],[80.40432,7.06524],[80.40514,7.0643],[80.40756,7.06264],[80.40845,7.06188],[80.4088,7.06145],[80.40904,7.06095],[80.40934,7.06006],[80.40955,7.05911],[80.40963,7.05664],[80.40959,7.05597],[80.40946,7.05543],[80.4092,7.05469],[80.40911,7.05415],[80.40902,7.05248],[80.40872,7.0506],[80.40853,7.04977],[80.40846,7.04928],[80.40836,7.04889],[80.40814,7.04844],[80.40812,7.048],[80.40818,7.04738],[80.4084,7.04687],[80.40866,7.04651],[80.40902,7.04619],[80.40943,7.04606],[80.41042,7.04625],[80.41091,7.04629],[80.41136,7.04614],[80.41179,7.04591],[80.41233,7.04572],[80.41295,7.04559],[80.41391,7.04557],[80.41634,7.04585],[80.41664,7.04566],[80.41679,7.04527],[80.41653,7.04491],[80.4161,7.04459],[80.41589,7.04423],[80.4158,7.04382],[80.41573,7.04279],[80.41579,7.04173],[80.41589,7.04141],[80.41611,7.04108],[80.41647,7.04094],[80.41672,7.04094],[80.41765,7.04109],[80.4189,7.04114],[80.41961,7.04124],[80.42016,7.04136],[80.42054,7.04156],[80.42081,7.04176],[80.42107,7.0421],[80.42127,7.04308],[80.42139,7.0433],[80.42164,7.04357],[80.42195,7.04376],[80.42234,7.04392],[80.42265,7.04403],[80.42316,7.04408],[80.42342,7.04416],[80.42374,7.04435],[80.42399,7.04458],[80.42464,7.0456],[80.42501,7.04602],[80.42579,7.04654],[80.42625,7.04693],[80.42645,7.04716],[80.42669,7.0476],[80.42694,7.04862],[80.42698,7.0502],[80.42711,7.05063],[80.42735,7.05089],[80.42763,7.05112],[80.42837,7.05144],[80.42893,7.0516],[80.4292,7.05173],[80.42946,7.05195],[80.42992,7.05247],[80.43121,7.05326],[80.43147,7.05323],[80.43166,7.05311],[80.43173,7.0526],[80.43192,7.05242],[80.43209,7.05243],[80.43228,7.05261],[80.43229,7.05283],[80.43223,7.05316],[80.43201,7.05377],[80.43195,7.05428],[80.43209,7.05536],[80.4325,7.05678],[80.43271,7.05709],[80.43298,7.05731],[80.43334,7.05743],[80.43355,7.05741],[80.43365,7.05725],[80.43403,7.05582],[80.43417,7.05558],[80.43434,7.05547],[80.43457,7.05546],[80.43477,7.05561],[80.43502,7.0564],[80.43531,7.05694],[80.43555,7.05718],[80.43574,7.05722],[80.43598,7.05719],[80.43625,7.05704],[80.43636,7.05686],[80.43648,7.05633],[80.43666,7.05612],[80.43693,7.05606],[80.43753,7.05602],[80.43784,7.05566],[80.43789,7.05544],[80.43757,7.05515],[80.43739,7.05487],[80.43736,7.05442],[80.43753,7.05398],[80.43775,7.05381],[80.438,7.05388],[80.43824,7.0541],[80.43865,7.05428],[80.43901,7.05426],[80.43932,7.05409],[80.43995,7.05343],[80.44015,7.05304],[80.44038,7.05281],[80.44136,7.0524],[80.44158,7.05219],[80.44176,7.05199],[80.44245,7.05072],[80.4427,7.0505],[80.44302,7.05032],[80.44341,7.0502],[80.44424,7.05005],[80.44517,7.04998],[80.44587,7.04979],[80.44675,7.04922],[80.44741,7.04846],[80.44773,7.04826],[80.44821,7.04829],[80.44884,7.04859],[80.44982,7.04874],[80.45023,7.04873],[80.45063,7.04864],[80.4509,7.04851],[80.45127,7.0482],[80.4515,7.04793],[80.4516,7.04766],[80.45161,7.04725],[80.45155,7.04691],[80.45113,7.04595],[80.45034,7.04469],[80.44976,7.044],[80.44953,7.04391],[80.44854,7.04385],[80.44787,7.04362],[80.44768,7.04343],[80.4476,7.04313],[80.44762,7.04276],[80.44776,7.0423],[80.44798,7.042],[80.44837,7.04172],[80.44873,7.04162],[80.44995,7.04158],[80.45047,7.04161],[80.45189,7.04191],[80.45269,7.04225],[80.45364,7.04294],[80.4544,7.04337],[80.4556,7.04388],[80.45694,7.04427],[80.45771,7.04465],[80.45882,7.04542],[80.4592,7.04555],[80.45948,7.04556],[80.46009,7.0454],[80.4604,7.0451],[80.46099,7.04422],[80.46137,7.04341],[80.46152,7.04275],[80.4616,7.0419],[80.46173,7.04161],[80.46193,7.0414],[80.46213,7.04131],[80.46274,7.04136],[80.46302,7.04149],[80.46327,7.04167],[80.46351,7.04201],[80.46381,7.04257],[80.46404,7.04342],[80.4642,7.04363],[80.46449,7.0437],[80.46479,7.04356],[80.46505,7.04314],[80.46535,7.0428],[80.46593,7.04234],[80.4664,7.04222],[80.46681,7.04233],[80.46684,7.04256],[80.46672,7.04288],[80.46539,7.04388],[80.46494,7.0444],[80.46493,7.04495],[80.46514,7.04522],[80.46623,7.04553],[80.46723,7.04548],[80.46771,7.04531],[80.46809,7.04507],[80.46833,7.04484],[80.46953,7.04323],[80.46996,7.04282],[80.47057,7.04246],[80.47094,7.04236],[80.47125,7.04241],[80.47152,7.04255],[80.47158,7.04277],[80.47152,7.04315],[80.47139,7.04348],[80.47086,7.04448],[80.47045,7.04512],[80.47009,7.04553],[80.46916,7.04609],[80.46883,7.04649],[80.46851,7.04708],[80.46843,7.04755],[80.46848,7.04791],[80.46872,7.04825],[80.46941,7.04881],[80.47025,7.04916],[80.47111,7.04936],[80.47299,7.04949],[80.47362,7.0497],[80.47372,7.04989],[80.47369,7.05012],[80.47359,7.05031],[80.47337,7.05047],[80.47278,7.05071],[80.47249,7.05103],[80.47205,7.05183],[80.47194,7.05225],[80.47191,7.05435],[80.47207,7.055],[80.47233,7.0556],[80.47265,7.056],[80.47294,7.05628],[80.47373,7.05678],[80.47412,7.05678],[80.47445,7.0567],[80.47486,7.05645],[80.47582,7.05574],[80.47607,7.05544],[80.4766,7.0545],[80.47729,7.05352],[80.47793,7.0528],[80.47817,7.05247],[80.47845,7.05202],[80.47862,7.05138],[80.47848,7.0506],[80.47849,7.05023],[80.47863,7.04987],[80.47906,7.04921],[80.47926,7.04909],[80.47997,7.04899],[80.48066,7.04879],[80.4808,7.04865],[80.4809,7.04843],[80.48089,7.04799],[80.48079,7.04778],[80.48031,7.04754],[80.48004,7.04734],[80.47981,7.04705],[80.47948,7.04653],[80.47942,7.04635],[80.47941,7.04597],[80.47946,7.04558],[80.47956,7.0453],[80.47974,7.04497],[80.48,7.04471],[80.48092,7.04442],[80.48177,7.04376],[80.48193,7.04356],[80.48202,7.04325],[80.48197,7.04302],[80.48168,7.04259],[80.48161,7.04238],[80.48152,7.04201],[80.48155,7.0418],[80.48168,7.04164],[80.48181,7.04161],[80.48204,7.0418],[80.48253,7.04236],[80.48268,7.04259],[80.4827,7.04309],[80.48276,7.04328],[80.48286,7.04334],[80.48303,7.04338],[80.48354,7.04337],[80.4837,7.04325],[80.48398,7.04286],[80.48402,7.0427],[80.48398,7.04241],[80.4834,7.04148],[80.48299,7.04101],[80.48213,7.04028],[80.48181,7.03989],[80.48174,7.03973],[80.48175,7.03956],[80.48186,7.03947],[80.48236,7.03945],[80.48284,7.03971],[80.48301,7.03988],[80.48342,7.04071],[80.48371,7.04114],[80.48396,7.04129],[80.48426,7.04124],[80.48434,7.04108],[80.48439,7.0404],[80.48447,7.04028],[80.48504,7.03985],[80.48522,7.03959],[80.48535,7.03923],[80.48555,7.03834],[80.48578,7.03801],[80.48597,7.03785],[80.48624,7.03772],[80.48658,7.03763],[80.48682,7.03763],[80.48742,7.03774],[80.48875,7.03848],[80.48956,7.03886],[80.49086,7.03938],[80.49155,7.03959],[80.49193,7.03964],[80.49243,7.03962],[80.49406,7.0393],[80.49454,7.03928],[80.49489,7.03932],[80.49529,7.0395],[80.49556,7.03975],[80.49609,7.04047],[80.49624,7.04053],[80.49649,7.04052],[80.49673,7.04017],[80.49705,7.03983],[80.49727,7.03968],[80.49844,7.03929],[80.49935,7.03926],[80.50038,7.03913],[80.50208,7.03901],[80.50231,7.03893],[80.50277,7.03856],[80.50303,7.03811],[80.5031,7.03781],[80.50309,7.03757],[80.50294,7.03742],[80.50272,7.03741],[80.50221,7.03761],[80.50149,7.038],[80.50125,7.03808],[80.50099,7.03807],[80.5008,7.03797],[80.50066,7.03786],[80.50054,7.03768],[80.50024,7.03702],[80.50001,7.03605],[80.49994,7.03453],[80.50012,7.03372],[80.50014,7.03343],[80.50003,7.03281],[80.49993,7.03263],[80.49963,7.03247],[80.49908,7.03252],[80.49846,7.03285],[80.49806,7.03329],[80.4979,7.03338],[80.49704,7.03347],[80.49646,7.03362],[80.49619,7.03359],[80.49588,7.03348],[80.4957,7.03331],[80.49559,7.03312],[80.49556,7.03288],[80.49562,7.03268],[80.49647,7.03135],[80.49675,7.03059],[80.49678,7.0303],[80.49672,7.02991],[80.49636,7.0293],[80.49631,7.02897],[80.4965,7.02793],[80.49647,7.02724],[80.49625,7.02688],[80.49572,7.02672],[80.49496,7.02667],[80.49436,7.02691],[80.49393,7.02694],[80.49366,7.02683],[80.49343,7.02665],[80.49326,7.02649],[80.49294,7.02595],[80.49268,7.02524],[80.49253,7.02452],[80.49233,7.02403],[80.492,7.02357],[80.49146,7.02327],[80.49124,7.02309],[80.49112,7.02288],[80.49096,7.0221],[80.49085,7.02181],[80.49069,7.02153],[80.49052,7.02136],[80.49021,7.02124],[80.48964,7.02119],[80.48919,7.02128],[80.48897,7.02138],[80.4876,7.02243],[80.48721,7.02281],[80.48698,7.02315],[80.4869,7.02336],[80.48692,7.02359],[80.48712,7.02398],[80.48719,7.02424],[80.48714,7.02451],[80.48699,7.02477],[80.48667,7.02517],[80.48596,7.02644],[80.48575,7.0267],[80.48549,7.02683],[80.48509,7.0269],[80.48405,7.02691],[80.48362,7.027],[80.48334,7.027],[80.48286,7.02695],[80.48191,7.02652],[80.48173,7.02653],[80.48148,7.02667],[80.4809,7.02723],[80.48053,7.0275],[80.48011,7.02776],[80.47986,7.0278],[80.47966,7.02779],[80.47867,7.02734],[80.47835,7.02727],[80.478,7.02728],[80.47774,7.02738],[80.47765,7.02762],[80.47768,7.02831],[80.47728,7.02969],[80.47728,7.02986],[80.47734,7.03002],[80.47747,7.03012],[80.47764,7.03014],[80.47798,7.03002],[80.47848,7.02994],[80.47925,7.02993],[80.47963,7.02997],[80.47982,7.03011],[80.47996,7.03029],[80.48004,7.0305],[80.47996,7.03097],[80.47981,7.03105],[80.47962,7.03099],[80.47921,7.03068],[80.4786,7.03065],[80.47845,7.03069],[80.47819,7.03109],[80.47781,7.03124],[80.4775,7.03124],[80.47698,7.03109],[80.47673,7.03111],[80.47573,7.03155],[80.47558,7.03155],[80.47512,7.03125],[80.47501,7.03094],[80.47501,7.03061],[80.47518,7.03023],[80.47553,7.02987],[80.47568,7.02964],[80.47568,7.02942],[80.47556,7.02924],[80.47474,7.02911],[80.47367,7.02918],[80.47342,7.0291],[80.4733,7.02898],[80.4733,7.02878],[80.47335,7.02852],[80.47363,7.0281],[80.47428,7.0278],[80.47467,7.02772],[80.47501,7.02772],[80.47565,7.02784],[80.47593,7.02782],[80.47602,7.0277],[80.47604,7.02754],[80.47602,7.02731],[80.47588,7.02706],[80.47525,7.02694],[80.47494,7.02697],[80.47456,7.0268],[80.47439,7.02662],[80.47419,7.02655],[80.47395,7.02667],[80.47279,7.02785],[80.47226,7.02823],[80.47181,7.02828],[80.47146,7.02811],[80.47114,7.02784],[80.47089,7.02743],[80.47085,7.02629],[80.47094,7.02601],[80.47104,7.02586],[80.4713,7.02572],[80.47226,7.02579],[80.47248,7.0257],[80.4729,7.02538],[80.47334,7.02488],[80.47359,7.02474],[80.47382,7.02473],[80.47411,7.02473],[80.4743,7.02481],[80.47437,7.02494],[80.47426,7.02558],[80.47432,7.02579],[80.47454,7.02596],[80.47507,7.02605],[80.47552,7.02607],[80.47581,7.02601],[80.47598,7.02589],[80.47614,7.02554],[80.47614,7.02534],[80.47599,7.02458],[80.47585,7.02434],[80.47528,7.02415],[80.47507,7.02394],[80.47507,7.02366],[80.47523,7.0235],[80.47577,7.02339],[80.47586,7.02323],[80.47573,7.02305],[80.47498,7.02287],[80.47401,7.02251],[80.47354,7.02213],[80.47333,7.02182],[80.4732,7.02092],[80.47306,7.01885],[80.47317,7.01742],[80.47351,7.01483],[80.47351,7.01443],[80.47339,7.01409],[80.47327,7.0139],[80.47301,7.01367],[80.47272,7.01357],[80.47245,7.0136],[80.47207,7.01374],[80.47185,7.01389],[80.47158,7.01392],[80.47136,7.01381],[80.47127,7.01356],[80.47129,7.0132],[80.47155,7.01221],[80.47182,7.01176],[80.47226,7.01159],[80.47232,7.01139],[80.47198,7.01061],[80.47201,7.00883],[80.47189,7.00855],[80.4717,7.00839],[80.47145,7.00838],[80.47049,7.00899],[80.46989,7.00906],[80.4695,7.00891],[80.46934,7.00877],[80.46932,7.00864],[80.46937,7.0084],[80.46969,7.00767],[80.4697,7.00737],[80.46956,7.00701],[80.46942,7.0069],[80.46906,7.00684],[80.46873,7.0067],[80.46848,7.00635],[80.46851,7.00561],[80.46865,7.00463],[80.46854,7.00439],[80.4682,7.00406],[80.46734,7.00364],[80.46705,7.00337],[80.46701,7.00314],[80.46704,7.00267],[80.46717,7.00228],[80.46731,7.00138],[80.46783,7.00063],[80.46801,6.99987],[80.46798,6.9992],[80.46787,6.99896],[80.46758,6.9987],[80.4671,6.9985],[80.46662,6.9984],[80.46637,6.99818],[80.46588,6.99754],[80.46549,6.99723],[80.46513,6.99717],[80.46499,6.99731],[80.46497,6.99778],[80.4652,6.99854],[80.46542,6.99881],[80.46639,6.9994],[80.46661,6.99972],[80.4667,6.99995],[80.46664,7.00066],[80.46647,7.00123],[80.46635,7.00146],[80.46602,7.0016],[80.46572,7.00151],[80.4655,7.00126],[80.46532,7.00084],[80.46491,7.00017],[80.46469,6.9997],[80.46454,6.99904],[80.46425,6.9984],[80.46405,6.99807],[80.46388,6.99784],[80.46371,6.99775],[80.46329,6.99777],[80.46314,6.998],[80.46315,6.99841],[80.46329,6.99913],[80.46342,6.99956],[80.46364,6.99998],[80.46381,7.00018],[80.46401,7.00052],[80.46389,7.00119],[80.46375,7.00143],[80.46361,7.00151],[80.46344,7.00148],[80.46309,7.0013],[80.46286,7.00094],[80.46274,7.00057],[80.46253,6.99937],[80.46239,6.99897],[80.46214,6.99857],[80.46151,6.99795],[80.46128,6.99763],[80.46083,6.99677],[80.46072,6.99639],[80.46056,6.99496],[80.46039,6.99445],[80.46022,6.99411],[80.46004,6.99383],[80.4595,6.99329],[80.45902,6.99291],[80.45858,6.99265],[80.45798,6.99246],[80.4573,6.99243],[80.45705,6.99255],[80.45673,6.99281],[80.45616,6.99347],[80.45596,6.99361],[80.45564,6.9937],[80.45494,6.9936],[80.45461,6.99347],[80.45382,6.99351],[80.45361,6.99366],[80.45347,6.99407],[80.45345,6.99455],[80.4536,6.99521],[80.4535,6.99543],[80.45315,6.9956],[80.45279,6.99567],[80.45262,6.99576],[80.45246,6.99593],[80.4524,6.99614],[80.45247,6.99647],[80.45272,6.99677],[80.4531,6.99696],[80.45339,6.99698],[80.45399,6.99681],[80.4543,6.99659],[80.45519,6.99572],[80.45543,6.99569],[80.45554,6.99587],[80.45543,6.99643],[80.45551,6.99708],[80.45537,6.99732],[80.45479,6.99756],[80.45475,6.99784],[80.45489,6.99801],[80.45561,6.99833],[80.45578,6.9985],[80.45599,6.999],[80.45597,6.99936],[80.45587,6.99953],[80.45572,6.9997],[80.45497,7.00018],[80.45405,7.00142],[80.45381,7.00183],[80.45348,7.0026],[80.45321,7.00301],[80.45303,7.00315],[80.45272,7.00322],[80.45194,7.00315],[80.45169,7.00318],[80.45149,7.00335],[80.45139,7.0036],[80.45136,7.00387],[80.45139,7.0044],[80.45168,7.00485],[80.45195,7.00504],[80.45277,7.00546],[80.45311,7.00569],[80.45328,7.00634],[80.45326,7.00699],[80.4532,7.00731],[80.45307,7.00756],[80.45284,7.00774],[80.45249,7.00784],[80.45207,7.00792],[80.45085,7.00792],[80.45057,7.008],[80.45041,7.00814],[80.45011,7.00859],[80.4498,7.0093],[80.44933,7.00974],[80.44892,7.01021],[80.44888,7.01107],[80.44879,7.01136],[80.44849,7.01164],[80.44791,7.01169],[80.44638,7.01153],[80.44564,7.01156],[80.4453,7.01171],[80.44505,7.0119],[80.44491,7.01215],[80.44492,7.01246],[80.44511,7.01267],[80.44656,7.01262],[80.44737,7.01273],[80.44864,7.01282],[80.44971,7.01297],[80.4509,7.01321],[80.45189,7.01353],[80.45229,7.01381],[80.45239,7.01408],[80.4524,7.01446],[80.45216,7.01513],[80.45196,7.01528],[80.45152,7.01534],[80.45118,7.01525],[80.45082,7.01512],[80.4499,7.01453],[80.4488,7.014],[80.44687,7.01335],[80.44597,7.01317],[80.44571,7.0132],[80.44526,7.01339],[80.44505,7.01354],[80.44475,7.01389],[80.4446,7.01426],[80.44454,7.01467],[80.4446,7.01502],[80.44473,7.01538],[80.44504,7.01562],[80.44538,7.01574],[80.44629,7.01517],[80.44669,7.01511],[80.44699,7.01513],[80.44712,7.01525],[80.44717,7.01551],[80.44709,7.01583],[80.44692,7.01601],[80.44645,7.01619],[80.44594,7.01624],[80.44555,7.01622],[80.44533,7.01631],[80.4452,7.0167],[80.44518,7.01718],[80.44522,7.01769],[80.44554,7.01924],[80.44547,7.01956],[80.44517,7.01966],[80.44487,7.01951],[80.44469,7.01911],[80.44497,7.01835],[80.44493,7.01796],[80.44446,7.01765],[80.44401,7.01754],[80.44368,7.01766],[80.4435,7.01803],[80.44347,7.01835],[80.44354,7.01912],[80.44364,7.0194],[80.4438,7.01964],[80.44404,7.01988],[80.44464,7.02029],[80.44389,7.02048],[80.44302,7.02059],[80.4405,7.02063],[80.43845,7.02021],[80.43757,7.01982],[80.43695,7.01949],[80.43668,7.01952],[80.43653,7.01969],[80.43645,7.02003],[80.43648,7.02022],[80.43658,7.02045],[80.43686,7.02083],[80.43695,7.0211],[80.43692,7.02137],[80.43677,7.02163],[80.43613,7.02237],[80.43593,7.02254],[80.4354,7.02285],[80.43503,7.02294],[80.43453,7.02294],[80.43405,7.02288],[80.43344,7.02267],[80.43288,7.02268],[80.43272,7.02291],[80.43269,7.02312],[80.43272,7.02346],[80.43295,7.02444],[80.43298,7.0249],[80.43296,7.02523],[80.43271,7.02576],[80.43276,7.02601],[80.43295,7.0263],[80.43328,7.02634],[80.43382,7.0262],[80.434,7.02621],[80.43443,7.02644],[80.43472,7.02675],[80.4349,7.02701],[80.43503,7.02731],[80.43552,7.02887],[80.43583,7.02953],[80.43699,7.03137],[80.43703,7.03183],[80.43689,7.03244],[80.43672,7.03276],[80.4363,7.03285],[80.43589,7.03272],[80.43527,7.03179],[80.43504,7.03164],[80.43463,7.03171],[80.43436,7.03186],[80.43408,7.0319],[80.43363,7.03188],[80.43326,7.03178],[80.43301,7.03184],[80.43295,7.03192],[80.43293,7.03219],[80.43294,7.03263],[80.43299,7.0329],[80.43319,7.03317],[80.43364,7.03336],[80.43375,7.03348],[80.43378,7.03357],[80.4337,7.03425],[80.4336,7.03462],[80.43327,7.03526],[80.43213,7.0365],[80.43164,7.03669],[80.43106,7.0366],[80.43059,7.03646],[80.43011,7.03597],[80.42957,7.03524],[80.42927,7.03496],[80.42876,7.03462],[80.42819,7.03398],[80.42776,7.0337],[80.4274,7.03363],[80.42699,7.03373],[80.42682,7.03381],[80.42669,7.03411],[80.42668,7.03445],[80.42675,7.03485],[80.42691,7.03523],[80.4278,7.03672],[80.4279,7.037],[80.42794,7.03725],[80.42787,7.03767],[80.42775,7.03802],[80.42719,7.0387],[80.42678,7.03953],[80.42657,7.03965],[80.42635,7.03955],[80.42617,7.03925],[80.42607,7.03894],[80.42595,7.038],[80.42581,7.0374],[80.42533,7.03585],[80.42517,7.03553],[80.4248,7.0351],[80.42416,7.03469],[80.42382,7.0344],[80.42307,7.03397],[80.42084,7.03378],[80.41943,7.03381],[80.41892,7.03376],[80.41857,7.03352],[80.41814,7.03282],[80.41789,7.03259],[80.4176,7.03248],[80.4172,7.03244],[80.41616,7.03244],[80.41516,7.03252],[80.41476,7.0326],[80.41441,7.03274],[80.41279,7.03371],[80.41239,7.03383],[80.41178,7.03379],[80.41133,7.03367],[80.4109,7.03343],[80.41044,7.03306],[80.4103,7.03277],[80.41029,7.03227],[80.41048,7.03187],[80.4106,7.03145],[80.41066,7.03092],[80.41071,7.02926],[80.41059,7.0288],[80.41037,7.02849],[80.41005,7.02822],[80.40967,7.02813],[80.40919,7.02813],[80.40887,7.02826],[80.40856,7.02857],[80.4083,7.02893],[80.408,7.02949],[80.40784,7.03001],[80.40764,7.03126],[80.40758,7.03239],[80.40691,7.03392],[80.40689,7.0345],[80.40694,7.03494],[80.40722,7.03627],[80.40722,7.03666],[80.40711,7.03692],[80.40691,7.03705],[80.40667,7.03708],[80.40648,7.03703],[80.40631,7.0369],[80.40564,7.03554],[80.40468,7.03474],[80.4038,7.03442],[80.40314,7.03442],[80.40291,7.03449],[80.40264,7.03468],[80.40241,7.03491],[80.4022,7.03525],[80.40193,7.03641],[80.4018,7.03659],[80.40164,7.03669],[80.40133,7.03664],[80.40104,7.03647],[80.40086,7.0363],[80.40059,7.03618],[80.39944,7.03582],[80.39923,7.03567],[80.39906,7.03541],[80.39908,7.03523],[80.39917,7.03483],[80.39934,7.03455],[80.39954,7.03433],[80.39979,7.03418],[80.40023,7.03409],[80.40125,7.03408],[80.40271,7.03374],[80.40524,7.03348],[80.40538,7.0334],[80.40552,7.03315],[80.40546,7.03289],[80.40494,7.03257],[80.40461,7.03212],[80.40469,7.03167],[80.40491,7.03133],[80.40541,7.03112],[80.40568,7.03092],[80.40597,7.03048],[80.40619,7.0299],[80.40622,7.02893],[80.4061,7.02853],[80.40611,7.02798],[80.4063,7.0271],[80.40634,7.02619],[80.4062,7.02565],[80.40573,7.02472],[80.40504,7.02388],[80.4046,7.02297],[80.40438,7.02267],[80.40396,7.02227],[80.40372,7.02182],[80.40362,7.02111],[80.40341,7.02048],[80.40325,7.0203],[80.40284,7.02006],[80.40168,7.01965],[80.40064,7.01942],[80.40044,7.01948],[80.40028,7.01977],[80.40028,7.01994],[80.40038,7.02016],[80.40063,7.02049],[80.4007,7.02088],[80.40038,7.02213],[80.40037,7.02255],[80.4003,7.02278],[80.39998,7.02335],[80.39984,7.02388],[80.39977,7.02467],[80.39966,7.02497],[80.39945,7.02514],[80.39922,7.02524],[80.39896,7.02524],[80.39842,7.02504],[80.39814,7.02468],[80.39768,7.02389],[80.39736,7.0236],[80.39706,7.02339],[80.3955,7.0226],[80.39412,7.02212],[80.39352,7.02177],[80.39274,7.02084],[80.39235,7.02051],[80.3905,7.01957],[80.3887,7.0184],[80.38851,7.01813],[80.38809,7.0173],[80.38793,7.01713],[80.38778,7.01705],[80.38737,7.01701],[80.3871,7.01716],[80.38693,7.0175],[80.38694,7.0179],[80.38706,7.01818],[80.3871,7.01847],[80.38706,7.01894],[80.38691,7.01925],[80.38665,7.0196],[80.38668,7.02029],[80.38687,7.02066],[80.38717,7.02092],[80.38807,7.02126],[80.38837,7.02148],[80.38854,7.02174],[80.38872,7.02244],[80.3887,7.02342],[80.38855,7.02357],[80.38811,7.02376],[80.38703,7.02386],[80.38629,7.02376],[80.38594,7.02354],[80.38578,7.02324],[80.38572,7.02275],[80.38554,7.02211],[80.38521,7.02118],[80.38509,7.021],[80.38492,7.02093],[80.38459,7.02103],[80.38437,7.02148],[80.38414,7.02178],[80.38393,7.02193],[80.38341,7.02197],[80.38297,7.02182],[80.3826,7.02153],[80.38246,7.02111],[80.38255,7.02049],[80.38286,7.01993],[80.38323,7.01942],[80.3849,7.018],[80.38512,7.0177],[80.38526,7.01737],[80.38526,7.01666],[80.38509,7.01593],[80.38477,7.01519],[80.38458,7.01499],[80.38419,7.01478],[80.38359,7.01471],[80.38336,7.0148],[80.38314,7.01499],[80.38297,7.01528],[80.38262,7.0157],[80.38196,7.01617],[80.38132,7.01644],[80.381,7.01667],[80.37968,7.01816],[80.37921,7.01897],[80.37871,7.02024],[80.37837,7.02096],[80.37808,7.02138],[80.37788,7.02154],[80.3776,7.02164],[80.37726,7.02191],[80.37701,7.02222],[80.37571,7.02431],[80.37527,7.02471],[80.3749,7.02514],[80.37424,7.0263],[80.37412,7.02665],[80.37406,7.02752],[80.37356,7.02804],[80.37321,7.02832],[80.3727,7.029],[80.37256,7.02945],[80.37248,7.02994],[80.37249,7.03033],[80.37287,7.03155],[80.37368,7.0334],[80.37398,7.03472],[80.37402,7.03526],[80.37396,7.03583],[80.37373,7.03682],[80.37331,7.03774],[80.37264,7.03843],[80.37171,7.03903],[80.37141,7.03942],[80.3712,7.03995],[80.37114,7.04049],[80.37117,7.04096],[80.37172,7.04293],[80.3717,7.04342],[80.37159,7.04383],[80.37104,7.04504],[80.37079,7.04543],[80.37041,7.04584],[80.3693,7.04668],[80.36898,7.04702],[80.36866,7.04751],[80.36854,7.04825],[80.36852,7.04955]],[[80.37912,7.02859],[80.37925,7.02825],[80.37951,7.02793],[80.37999,7.02752],[80.38047,7.0276],[80.38075,7.02756],[80.38135,7.02721],[80.38178,7.02713],[80.3819,7.0272],[80.38191,7.02746],[80.38164,7.02795],[80.38135,7.0283],[80.38073,7.02852],[80.3804,7.02888],[80.38034,7.02913],[80.38046,7.02942],[80.3809,7.02992],[80.38136,7.03061],[80.38164,7.03089],[80.38186,7.03101],[80.38235,7.03116],[80.38259,7.03112],[80.38275,7.03104],[80.38289,7.03088],[80.38315,7.03035],[80.38388,7.02821],[80.38441,7.02714],[80.38459,7.02707],[80.38501,7.0271],[80.3864,7.02769],[80.38664,7.02757],[80.38686,7.02727],[80.38694,7.02687],[80.38709,7.02648],[80.38726,7.02627],[80.38751,7.02617],[80.38776,7.02622],[80.38791,7.02647],[80.3879,7.02673],[80.38782,7.02714],[80.38749,7.02803],[80.38736,7.02857],[80.38728,7.02984],[80.38694,7.03019],[80.38672,7.03026],[80.38571,7.02994],[80.3848,7.02956],[80.38443,7.0295],[80.38391,7.02956],[80.38368,7.0297],[80.38352,7.02998],[80.38342,7.03028],[80.38337,7.03059],[80.38345,7.0311],[80.38375,7.0313],[80.38424,7.03144],[80.38463,7.03143],[80.38486,7.03141],[80.38536,7.03102],[80.38556,7.03094],[80.38578,7.03098],[80.38624,7.03159],[80.38665,7.03184],[80.387,7.03186],[80.38732,7.03174],[80.38783,7.0314],[80.38818,7.03141],[80.38835,7.03146],[80.38851,7.03171],[80.38857,7.03202],[80.38875,7.03236],[80.38895,7.03242],[80.38921,7.03236],[80.38984,7.03197],[80.39054,7.03193],[80.39105,7.03197],[80.39137,7.03211],[80.39162,7.03242],[80.39164,7.03272],[80.3915,7.03313],[80.39102,7.03391],[80.39072,7.03458],[80.39071,7.035],[80.39081,7.03535],[80.39114,7.03557],[80.39154,7.03562],[80.39176,7.0356],[80.39214,7.03551],[80.39297,7.03518],[80.39401,7.03437],[80.39473,7.03406],[80.39563,7.03406],[80.39596,7.03422],[80.39619,7.03445],[80.39632,7.03476],[80.39629,7.03509],[80.39603,7.03573],[80.39564,7.03624],[80.39541,7.0364],[80.39481,7.03648],[80.39393,7.03617],[80.39366,7.03622],[80.39312,7.03658],[80.39276,7.03674],[80.39178,7.03702],[80.39091,7.0372],[80.3906,7.03738],[80.39025,7.03769],[80.38969,7.03849],[80.38945,7.03872],[80.38919,7.0388],[80.38897,7.03877],[80.38863,7.03853],[80.38822,7.03814],[80.3881,7.03784],[80.38791,7.03756],[80.38767,7.03741],[80.38707,7.03739],[80.38559,7.03791],[80.38531,7.03799],[80.38503,7.03797],[80.38472,7.03779],[80.3845,7.03758],[80.38433,7.03736],[80.38425,7.03708],[80.38424,7.03687],[80.38439,7.03598],[80.38431,7.0357],[80.38414,7.03536],[80.38407,7.03503],[80.38403,7.03436],[80.38388,7.03414],[80.38366,7.03406],[80.38335,7.0341],[80.38221,7.03491],[80.38185,7.03506],[80.38157,7.03513],[80.38133,7.03513],[80.38113,7.03502],[80.3811,7.03474],[80.38134,7.03446],[80.38186,7.03411],[80.38201,7.0338],[80.3822,7.03286],[80.38219,7.03265],[80.38189,7.03217],[80.38145,7.03172],[80.3812,7.03164],[80.38093,7.03164],[80.3804,7.03184],[80.3802,7.03187],[80.37997,7.03187],[80.3798,7.03177],[80.37975,7.03163],[80.37984,7.03132],[80.38009,7.03087],[80.38028,7.03034],[80.38019,7.03015],[80.37991,7.03014],[80.37968,7.03006],[80.37927,7.02961],[80.37912,7.02898],[80.37912,7.02859]],[[80.38873,7.02951],[80.3889,7.02926],[80.38939,7.029],[80.38953,7.02878],[80.38974,7.02817],[80.38974,7.02749],[80.39004,7.02684],[80.39032,7.02651],[80.39065,7.02628],[80.39103,7.02627],[80.39135,7.02652],[80.39161,7.02688],[80.3918,7.02797],[80.39206,7.02868],[80.3921,7.02898],[80.39211,7.02953],[80.39201,7.03003],[80.39146,7.03132],[80.39131,7.03141],[80.39104,7.03145],[80.39072,7.0313],[80.39032,7.03088],[80.38905,7.03041],[80.3889,7.03026],[80.38875,7.02995],[80.38873,7.02951]],[[80.45278,7.03866],[80.45295,7.03806],[80.45313,7.03774],[80.45347,7.03725],[80.45366,7.03708],[80.4541,7.03691],[80.45436,7.03668],[80.45498,7.03551],[80.45558,7.03455],[80.45584,7.03434],[80.45613,7.03418],[80.4564,7.03411],[80.45655,7.03413],[80.45682,7.03427],[80.45697,7.03456],[80.45731,7.03567],[80.45747,7.03638],[80.45764,7.03763],[80.45758,7.03817],[80.45745,7.03852],[80.45729,7.03873],[80.45699,7.03888],[80.45616,7.03899],[80.45572,7.03899],[80.45491,7.03883],[80.45464,7.03885],[80.45399,7.03918],[80.45364,7.03927],[80.45325,7.03926],[80.45291,7.03901],[80.45278,7.03866]]]}},{"type":"Feature","properties":{"c":"forest"},"geometry":{"type":"Polygon","coordinates":[[[80.41117,7.05851],[80.41121,7.05886],[80.41136,7.05905],[80.41169,7.05915],[80.4121,7.05919],[80.41337,7.05911],[80.41361,7.05916],[80.41447,7.05947],[80.41486,7.05941],[80.41531,7.05919],[80.41552,7.059],[80.41589,7.05836],[80.41609,7.05814],[80.41692,7.05648],[80.4177,7.05464],[80.41803,7.05426],[80.41838,7.05412],[80.41878,7.05413],[80.41903,7.0544],[80.41973,7.05558],[80.42011,7.05571],[80.42046,7.05565],[80.42096,7.05527],[80.42111,7.05524],[80.42123,7.0553],[80.42142,7.05558],[80.42169,7.0558],[80.42202,7.05581],[80.42288,7.05556],[80.42319,7.05536],[80.42334,7.0552],[80.42345,7.0548],[80.42348,7.05288],[80.42343,7.05234],[80.42334,7.05198],[80.42299,7.05123],[80.42271,7.05096],[80.42221,7.05074],[80.42181,7.05064],[80.42149,7.05069],[80.4214,7.05098],[80.42136,7.05153],[80.42118,7.05199],[80.42087,7.0525],[80.42057,7.05276],[80.42005,7.05294],[80.41948,7.05299],[80.41875,7.05285],[80.41844,7.05268],[80.41809,7.05236],[80.41785,7.05205],[80.41772,7.05173],[80.41765,7.05114],[80.41757,7.04957],[80.41739,7.04912],[80.41698,7.04883],[80.41672,7.04873],[80.41633,7.04871],[80.41575,7.04893],[80.41498,7.04955],[80.41463,7.0499],[80.41435,7.05045],[80.41394,7.05162],[80.41324,7.05331],[80.41315,7.05393],[80.41314,7.0564],[80.413,7.05684],[80.41276,7.05718],[80.41235,7.05743],[80.41162,7.05773],[80.41129,7.05803],[80.41117,7.05851]]]}},{"type":"Feature","properties":{"c":"residential"},"geometry":{"type":"Polygon","coordinates":[[[80.38728,7.15677],[80.3873,7.15699],[80.38734,7.15704],[80.38778,7.1572],[80.38783,7.15737],[80.38799,7.15747],[80.38832,7.15745],[80.38854,7.15712],[80.38859,7.15695],[80.3882,7.15674],[80.38776,7.15658],[80.38748,7.15656],[80.38728,7.15677]]]}},{"type":"Feature","properties":{"c":"farmland"},"geometry":{"type":"Polygon","coordinates":[[[80.31289,7.29186],[80.31293,7.29197],[80.31311,7.29191],[80.31337,7.29233],[80.31347,7.29243],[80.31361,7.29243],[80.31445,7.29215],[80.31449,7.29208],[80.31441,7.29197],[80.31451,7.29174],[80.31468,7.29165],[80.31489,7.29168],[80.315,7.29165],[80.31517,7.29144],[80.31523,7.29127],[80.31535,7.2912],[80.31553,7.29117],[80.31593,7.29124],[80.31609,7.29104],[80.31619,7.29119],[80.31639,7.2911],[80.31676,7.29118],[80.31717,7.29091],[80.31722,7.29079],[80.31704,7.29042],[80.31681,7.29021],[80.31669,7.28997],[80.3162,7.28985],[80.31601,7.2899],[80.31575,7.28987],[80.31541,7.29],[80.31517,7.29028],[80.31495,7.29032],[80.31484,7.29067],[80.31465,7.29088],[80.31427,7.29109],[80.31382,7.2912],[80.31343,7.2914],[80.31329,7.2915],[80.31325,7.2916],[80.31289,7.29186]]]}},{"type":"Feature","properties":{"c":"farmland"},"geometry":{"type":"Polygon","coordinates":[[[80.31081,7.29225],[80.31097,7.29245],[80.31108,7.29279],[80.3113,7.29281],[80.31154,7.29275],[80.31167,7.2928],[80.31178,7.2929],[80.31195,7.29315],[80.31229,7.29326],[80.31254,7.29343],[80.31262,7.29363],[80.31284,7.29373],[80.31293,7.294],[80.31323,7.29396],[80.31332,7.29401],[80.31339,7.29432],[80.31378,7.2942],[80.31384,7.29411],[80.31384,7.29405],[80.3135,7.29373],[80.31342,7.29355],[80.31318,7.2935],[80.31287,7.29322],[80.31253,7.29317],[80.31242,7.29304],[80.31259,7.29262],[80.31303,7.29249],[80.31344,7.29252],[80.31327,7.29233],[80.31313,7.29204],[80.31305,7.29201],[80.31277,7.29208],[80.31259,7.2922],[80.31239,7.29217],[80.31224,7.29227],[80.31201,7.2923],[80.31184,7.29225],[80.31175,7.29197],[80.31114,7.29199],[80.31097,7.29204],[80.31086,7.29213],[80.31081,7.29225]]]}},{"type":"Feature","properties":{"c":"farmland"},"geometry":{"type":"Polygon","coordinates":[[[80.31342,7.29452],[80.31358,7.29478],[80.31376,7.29481],[80.31384,7.29476],[80.31384,7.29462],[80.31374,7.29454],[80.31375,7.29434],[80.31344,7.29439],[80.31342,7.29452]]]}},{"type":"Feature","properties":{"c":"farmland"},"geometry":{"type":"Polygon","coordinates":[[[80.30127,7.29409],[80.30131,7.29424],[80.30174,7.29426],[80.30195,7.29442],[80.30231,7.29434],[80.30263,7.29433],[80.30284,7.29438],[80.3031,7.29435],[80.30336,7.29437],[80.30358,7.29451],[80.30379,7.29455],[80.30385,7.29446],[80.30383,7.29409],[80.30409,7.29393],[80.3041,7.29388],[80.30394,7.29372],[80.30385,7.29353],[80.30316,7.29317],[80.303,7.29314],[80.3027,7.29329],[80.30255,7.29375],[80.3022,7.2939],[80.30188,7.29386],[80.30181,7.29378],[80.30177,7.29357],[80.30166,7.29337],[80.30152,7.29331],[80.30152,7.2938],[80.30142,7.29399],[80.30127,7.29409]]]}},{"type":"Feature","properties":{"c":"industrial","n":"Dhamro Factory"},"geometry":{"type":"Polygon","coordinates":[[[80.2094,7.01007],[80.20945,7.01095],[80.2096,7.01111],[80.20962,7.01135],[80.20946,7.01154],[80.20948,7.01171],[80.20955,7.01175],[80.21036,7.01167],[80.21044,7.01112],[80.212,7.01079],[80.21262,7.01024],[80.21268,7.01012],[80.21219,7.00888],[80.21228,7.00845],[80.21216,7.00778],[80.21159,7.00761],[80.21025,7.0077],[80.20972,7.00848],[80.2094,7.01007]]]}},{"type":"Feature","properties":{"c":"farmland"},"geometry":{"type":"Polygon","coordinates":[[[80.26593,7.31016],[80.26694,7.3106],[80.26763,7.31043],[80.26831,7.31085],[80.2688,7.31092],[80.26908,7.31107],[80.26953,7.31143],[80.27009,7.3113],[80.27028,7.31087],[80.27041,7.31038],[80.27065,7.3101],[80.2711,7.31011],[80.27149,7.30897],[80.27114,7.309],[80.27099,7.30948],[80.27041,7.30912],[80.27036,7.30843],[80.27087,7.30764],[80.27137,7.30702],[80.27122,7.30607],[80.27156,7.30386],[80.27178,7.30328],[80.27151,7.30243],[80.27179,7.30185],[80.27116,7.30186],[80.27121,7.30243],[80.27102,7.30289],[80.27061,7.30331],[80.27056,7.30388],[80.27081,7.30473],[80.27046,7.30532],[80.27061,7.306],[80.27065,7.30687],[80.27025,7.30753],[80.26873,7.30923],[80.26825,7.30885],[80.26765,7.30938],[80.26722,7.30896],[80.26688,7.30926],[80.26675,7.30962],[80.26608,7.31008],[80.26595,7.31007],[80.26593,7.31016]]]}},{"type":"Feature","properties":{"c":"forest"},"geometry":{"type":"Polygon","coordinates":[[[80.36509,7.36222],[80.36512,7.36292],[80.36524,7.36325],[80.36562,7.36385],[80.3672,7.3649],[80.36788,7.36562],[80.36837,7.36587],[80.36893,7.36594],[80.36924,7.36589],[80.36955,7.36577],[80.36984,7.36557],[80.37005,7.3653],[80.37039,7.3647],[80.37065,7.36448],[80.37098,7.36436],[80.37167,7.36434],[80.37294,7.36482],[80.37329,7.36481],[80.37357,7.36459],[80.37381,7.36359],[80.37397,7.36331],[80.37422,7.36306],[80.37476,7.36265],[80.375,7.36239],[80.37514,7.36207],[80.37516,7.36172],[80.3751,7.36138],[80.37485,7.3608],[80.37484,7.36045],[80.37491,7.3601],[80.37503,7.35977],[80.37538,7.35917],[80.37591,7.35846],[80.3763,7.35785],[80.3766,7.35704],[80.37666,7.35635],[80.37661,7.35601],[80.37642,7.35571],[80.37612,7.35552],[80.37579,7.3554],[80.37545,7.35535],[80.3751,7.35537],[80.37476,7.35547],[80.37445,7.35563],[80.37417,7.35584],[80.37396,7.35613],[80.37347,7.35663],[80.37256,7.3572],[80.37223,7.35734],[80.37071,7.35765],[80.37035,7.35763],[80.37012,7.35739],[80.37008,7.35639],[80.36985,7.35573],[80.36779,7.35184],[80.36749,7.3516],[80.36715,7.35151],[80.36674,7.35151],[80.36614,7.35166],[80.36579,7.35188],[80.36551,7.35222],[80.36524,7.3527],[80.36512,7.35324],[80.36515,7.35368],[80.36539,7.3547],[80.36532,7.35872],[80.36538,7.35906],[80.36567,7.35969],[80.36586,7.35998],[80.36592,7.36032],[80.36583,7.36065],[80.3653,7.36156],[80.36509,7.36222]]]}},{"type":"Feature","properties":{"c":"quarry"},"geometry":{"type":"Polygon","coordinates":[[[80.25836,7.26381],[80.25844,7.26418],[80.2587,7.26452],[80.25872,7.26462],[80.25857,7.26506],[80.25861,7.26518],[80.25872,7.26528],[80.25887,7.26532],[80.25909,7.2653],[80.25944,7.26505],[80.25956,7.26483],[80.25953,7.26451],[80.25943,7.26428],[80.25888,7.26361],[80.25873,7.26356],[80.25847,7.26361],[80.25836,7.26381]]]}},{"type":"Feature","properties":{"c":"industrial","n":"Rambukkana Bus Depot"},"geometry":{"type":"Polygon","coordinates":[[[80.38584,7.32648],[80.386,7.32685],[80.38748,7.32756],[80.38775,7.32714],[80.38768,7.32676],[80.38743,7.32663],[80.38738,7.32634],[80.38616,7.3258],[80.38584,7.32648]]]}},{"type":"Feature","properties":{"c":"farmyard"},"geometry":{"type":"Polygon","coordinates":[[[80.45698,7.17551],[80.45727,7.17563],[80.45746,7.17514],[80.45709,7.17501],[80.45698,7.17551]]]}},{"type":"Feature","properties":{"c":"industrial"},"geometry":{"type":"Polygon","coordinates":[[[80.45909,7.17546],[80.45933,7.17552],[80.45941,7.17539],[80.45913,7.17531],[80.45909,7.17546]]]}},{"type":"Feature","properties":{"c":"forest"},"geometry":{"type":"Polygon","coordinates":[[[80.44121,7.25162],[80.44152,7.25169],[80.44216,7.25167],[80.44254,7.25154],[80.44258,7.2514],[80.44254,7.25135],[80.44235,7.25133],[80.44157,7.25148],[80.44121,7.25162]]]}},{"type":"Feature","properties":{"c":"forest"},"geometry":{"type":"Polygon","coordinates":[[[80.44083,7.25171],[80.44091,7.25184],[80.44133,7.25187],[80.44144,7.25184],[80.44146,7.25178],[80.44143,7.25172],[80.44093,7.25164],[80.44083,7.25171]]]}},{"type":"Feature","properties":{"c":"forest"},"geometry":{"type":"Polygon","coordinates":[[[80.44003,7.25159],[80.44003,7.25178],[80.44009,7.25183],[80.44056,7.25179],[80.44065,7.25165],[80.44059,7.25153],[80.44018,7.25151],[80.44003,7.25159]]]}},{"type":"Feature","properties":{"c":"forest"},"geometry":{"type":"Polygon","coordinates":[[[80.4391,7.2527],[80.43917,7.25288],[80.4393,7.25284],[80.43942,7.25252],[80.43969,7.25225],[80.4397,7.25214],[80.43953,7.25213],[80.43924,7.2524],[80.43912,7.25259],[80.4391,7.2527]]]}},{"type":"Feature","properties":{"c":"forest"},"geometry":{"type":"Polygon","coordinates":[[[80.43882,7.25473],[80.43889,7.25469],[80.43896,7.25402],[80.43918,7.25331],[80.43919,7.25321],[80.43914,7.25314],[80.43905,7.25321],[80.439,7.25332],[80.43883,7.25426],[80.43882,7.25473]]]}},{"type":"Feature","properties":{"c":"farmland"},"geometry":{"type":"Polygon","coordinates":[[[80.41976,7.17134],[80.41991,7.17142],[80.42022,7.17148],[80.42068,7.17152],[80.42084,7.17164],[80.42098,7.17169],[80.42105,7.17181],[80.42107,7.17202],[80.42066,7.17242],[80.42066,7.17267],[80.42084,7.17283],[80.42109,7.17293],[80.42136,7.17301],[80.42176,7.17296],[80.42233,7.17256],[80.42269,7.17253],[80.42305,7.17288],[80.4231,7.17301],[80.42322,7.17306],[80.42341,7.17325],[80.42333,7.17355],[80.42337,7.17366],[80.42359,7.17371],[80.4237,7.17387],[80.42373,7.17412],[80.42377,7.17414],[80.42382,7.17406],[80.42399,7.17417],[80.42425,7.1742],[80.42448,7.17401],[80.42444,7.17381],[80.42458,7.17336],[80.42453,7.17322],[80.42457,7.173],[80.42464,7.17292],[80.4249,7.17301],[80.42495,7.17322],[80.42508,7.17346],[80.42508,7.17371],[80.42525,7.17373],[80.42536,7.17362],[80.42539,7.17348],[80.42557,7.17319],[80.42537,7.17272],[80.42548,7.17258],[80.4255,7.17235],[80.42538,7.17224],[80.42508,7.17213],[80.42475,7.17193],[80.42474,7.17187],[80.42491,7.17196],[80.42498,7.17191],[80.42513,7.17156],[80.42494,7.171],[80.42429,7.17058],[80.42421,7.17051],[80.42422,7.17042],[80.42407,7.17027],[80.42396,7.17026],[80.42391,7.17036],[80.42368,7.17024],[80.42349,7.17],[80.42347,7.16983],[80.42326,7.16971],[80.42285,7.16978],[80.42268,7.1699],[80.42243,7.17037],[80.42244,7.17053],[80.4226,7.17059],[80.42252,7.17074],[80.42225,7.17077],[80.42202,7.17091],[80.42175,7.17098],[80.42153,7.17078],[80.42135,7.17043],[80.42123,7.17049],[80.42098,7.17039],[80.42087,7.17058],[80.42095,7.17075],[80.42086,7.17094],[80.4205,7.17113],[80.4203,7.17118],[80.42013,7.17114],[80.42003,7.17106],[80.41979,7.17121],[80.41976,7.17134]]]}},{"type":"Feature","properties":{"c":"commercial"},"geometry":{"type":"Polygon","coordinates":[[[80.29887,7.23751],[80.29887,7.23759],[80.29896,7.23759],[80.29895,7.2375],[80.29887,7.23751]]]}},{"type":"Feature","properties":{"c":"commercial"},"geometry":{"type":"Polygon","coordinates":[[[80.29878,7.23752],[80.29878,7.23761],[80.29885,7.2376],[80.29884,7.23752],[80.29878,7.23752]]]}},{"type":"Feature","properties":{"c":"commercial"},"geometry":{"type":"Polygon","coordinates":[[[80.29872,7.23755],[80.29872,7.23762],[80.29876,7.23762],[80.29876,7.23755],[80.29872,7.23755]]]}},{"type":"Feature","properties":{"c":"commercial"},"geometry":{"type":"Polygon","coordinates":[[[80.29864,7.23777],[80.29876,7.23777],[80.29876,7.23769],[80.29864,7.23769],[80.29864,7.23777]]]}},{"type":"Feature","properties":{"c":"commercial"},"geometry":{"type":"Polygon","coordinates":[[[80.29866,7.2376],[80.29871,7.2376],[80.29871,7.23754],[80.29866,7.23754],[80.29866,7.2376]]]}},{"type":"Feature","properties":{"c":"commercial"},"geometry":{"type":"Polygon","coordinates":[[[80.29837,7.23752],[80.29837,7.23759],[80.29851,7.23759],[80.29851,7.23752],[80.29837,7.23752]]]}},{"type":"Feature","properties":{"c":"commercial"},"geometry":{"type":"Polygon","coordinates":[[[80.29844,7.23761],[80.29844,7.23768],[80.29852,7.23768],[80.29852,7.23761],[80.29844,7.23761]]]}},{"type":"Feature","properties":{"c":"commercial"},"geometry":{"type":"Polygon","coordinates":[[[80.29844,7.2377],[80.29845,7.23776],[80.29852,7.23775],[80.29852,7.2377],[80.29844,7.2377]]]}},{"type":"Feature","properties":{"c":"commercial"},"geometry":{"type":"Polygon","coordinates":[[[80.29848,7.23805],[80.29853,7.23805],[80.29854,7.23801],[80.29848,7.23801],[80.29848,7.23805]]]}},{"type":"Feature","properties":{"c":"commercial"},"geometry":{"type":"Polygon","coordinates":[[[80.29845,7.23829],[80.29852,7.23829],[80.29853,7.23825],[80.29846,7.23824],[80.29845,7.23829]]]}},{"type":"Feature","properties":{"c":"commercial"},"geometry":{"type":"Polygon","coordinates":[[[80.29862,7.23828],[80.29868,7.23829],[80.29868,7.23822],[80.29863,7.23822],[80.29862,7.23828]]]}},{"type":"Feature","properties":{"c":"commercial"},"geometry":{"type":"Polygon","coordinates":[[[80.29821,7.23768],[80.29834,7.23773],[80.29834,7.23768],[80.2984,7.23768],[80.2984,7.2376],[80.29821,7.23757],[80.29821,7.23768]]]}},{"type":"Feature","properties":{"c":"commercial"},"geometry":{"type":"Polygon","coordinates":[[[80.29737,7.23753],[80.29767,7.23757],[80.29768,7.23749],[80.29738,7.23745],[80.29737,7.23753]]]}},{"type":"Feature","properties":{"c":"commercial"},"geometry":{"type":"Polygon","coordinates":[[[80.29874,7.23729],[80.29871,7.23733],[80.29875,7.23733],[80.29874,7.23729]]]}},{"type":"Feature","properties":{"c":"commercial"},"geometry":{"type":"Polygon","coordinates":[[[80.29859,7.23735],[80.29869,7.23735],[80.29869,7.23726],[80.29859,7.23726],[80.29859,7.23735]]]}},{"type":"Feature","properties":{"c":"farmland","n":"Woodend Estate - Batangala"},"geometry":{"type":"Polygon","coordinates":[[[80.26608,6.9009],[80.26654,6.90124],[80.26672,6.90208],[80.26768,6.90323],[80.26806,6.90378],[80.26801,6.90485],[80.26783,6.90515],[80.26755,6.90533],[80.26732,6.9054],[80.26713,6.90573],[80.26728,6.90639],[80.26719,6.90723],[80.26705,6.90768],[80.26709,6.908],[80.26728,6.90856],[80.26775,6.9089],[80.2689,6.90941],[80.26958,6.90957],[80.27,6.9096],[80.2699,6.90995],[80.26985,6.9105],[80.27003,6.91064],[80.27042,6.91082],[80.27062,6.91081],[80.27102,6.91062],[80.27215,6.91071],[80.27233,6.91065],[80.27251,6.91035],[80.27272,6.91038],[80.27345,6.91073],[80.27369,6.91069],[80.27391,6.91044],[80.274,6.91016],[80.27382,6.90978],[80.27392,6.90962],[80.27409,6.90993],[80.27435,6.91015],[80.27455,6.91011],[80.27502,6.90976],[80.27523,6.90952],[80.27523,6.90899],[80.27465,6.90841],[80.2742,6.90743],[80.27431,6.90673],[80.27476,6.90618],[80.27485,6.90487],[80.27416,6.90378],[80.27385,6.90295],[80.27447,6.90255],[80.27524,6.90246],[80.27525,6.90155],[80.275,6.90062],[80.27485,6.9005],[80.27499,6.90028],[80.27488,6.89956],[80.27506,6.89895],[80.27483,6.89778],[80.2746,6.89733],[80.27437,6.89703],[80.2742,6.89652],[80.27423,6.89613],[80.27407,6.89584],[80.27376,6.89572],[80.27309,6.89574],[80.27274,6.89546],[80.27236,6.89566],[80.27184,6.89618],[80.27124,6.89653],[80.27055,6.89739],[80.26951,6.89791],[80.26796,6.89809],[80.26765,6.89821],[80.26719,6.89811],[80.26691,6.89842],[80.26668,6.89938],[80.26608,6.9009]]]}},{"type":"Feature","properties":{"c":"orchard"},"geometry":{"type":"Polygon","coordinates":[[[80.21816,6.95729],[80.2193,6.95764],[80.21943,6.95722],[80.21829,6.95687],[80.21816,6.95729]]]}},{"type":"Feature","properties":{"c":"residential"},"geometry":{"type":"Polygon","coordinates":[[[80.24365,7.29258],[80.24371,7.29269],[80.2441,7.29249],[80.24404,7.29238],[80.24365,7.29258]]]}},{"type":"Feature","properties":{"c":"farmland"},"geometry":{"type":"Polygon","coordinates":[[[80.26346,7.2103],[80.2635,7.21103],[80.26373,7.21096],[80.26381,7.21103],[80.26404,7.21142],[80.26409,7.21165],[80.26419,7.21169],[80.26427,7.21149],[80.26416,7.21121],[80.26419,7.211],[80.26414,7.2109],[80.26427,7.2107],[80.2643,7.21053],[80.2644,7.21034],[80.26436,7.21021],[80.26365,7.21023],[80.26346,7.2103]]]}},{"type":"Feature","properties":{"c":"forest","n":"Wedikanda Forest Reserve"},"geometry":{"type":"Polygon","coordinates":[[[80.23378,7.28641],[80.23385,7.28646],[80.23403,7.2864],[80.23411,7.28647],[80.23458,7.2863],[80.2348,7.28629],[80.23509,7.28641],[80.23544,7.28621],[80.23561,7.28617],[80.23566,7.28627],[80.23566,7.28664],[80.23559,7.28672],[80.23556,7.28688],[80.23565,7.28712],[80.23556,7.28734],[80.23565,7.28747],[80.2356,7.28763],[80.23545,7.28782],[80.2355,7.28801],[80.23565,7.28806],[80.23585,7.28791],[80.23595,7.28794],[80.2361,7.28791],[80.23625,7.28768],[80.23652,7.28753],[80.23677,7.28725],[80.237,7.28732],[80.23701,7.28751],[80.23707,7.28758],[80.23748,7.28774],[80.23763,7.28789],[80.23827,7.28834],[80.23858,7.28847],[80.23998,7.2841],[80.24028,7.28304],[80.23815,7.27974],[80.2374,7.2798],[80.23485,7.28395],[80.23458,7.28425],[80.23433,7.28471],[80.23416,7.28486],[80.2341,7.28498],[80.23411,7.28525],[80.23394,7.28561],[80.23393,7.28576],[80.23406,7.28593],[80.23379,7.28626],[80.23384,7.28628],[80.23378,7.28641]],[[80.23507,7.28552],[80.23538,7.28532],[80.2355,7.28493],[80.23545,7.28481],[80.23532,7.28471],[80.2354,7.28458],[80.23556,7.28451],[80.23572,7.28465],[80.23575,7.28478],[80.23572,7.28485],[80.23564,7.28488],[80.23558,7.28502],[80.2356,7.28509],[80.23568,7.28515],[80.23558,7.28514],[80.23554,7.2852],[80.23544,7.28545],[80.23548,7.28565],[80.23542,7.2857],[80.2351,7.28566],[80.23507,7.28552]]]}},{"type":"Feature","properties":{"c":"farmland","n":"farming"},"geometry":{"type":"Polygon","coordinates":[[[80.1931,7.22872],[80.19341,7.22855],[80.19316,7.22827],[80.1931,7.22872]]]}},{"type":"Feature","properties":{"c":"farmland"},"geometry":{"type":"Polygon","coordinates":[[[80.20133,7.22663],[80.20184,7.22678],[80.20213,7.22664],[80.20203,7.22595],[80.20183,7.22583],[80.20156,7.22591],[80.2014,7.22618],[80.20133,7.22663]]]}},{"type":"Feature","properties":{"c":"farmland"},"geometry":{"type":"Polygon","coordinates":[[[80.1961,7.2334],[80.19631,7.23376],[80.19648,7.23367],[80.19672,7.23395],[80.19687,7.23399],[80.19709,7.23425],[80.19717,7.23419],[80.19736,7.23434],[80.19749,7.23421],[80.19741,7.23395],[80.19725,7.2338],[80.19716,7.23363],[80.19698,7.23356],[80.19691,7.23325],[80.19668,7.23306],[80.19658,7.23285],[80.19643,7.23289],[80.19619,7.23314],[80.19614,7.23313],[80.1961,7.2334]]]}},{"type":"Feature","properties":{"c":"farmland"},"geometry":{"type":"Polygon","coordinates":[[[80.19385,7.22999],[80.19415,7.23076],[80.19463,7.23143],[80.19463,7.2317],[80.19468,7.23177],[80.19518,7.23127],[80.19511,7.23123],[80.19505,7.23126],[80.19497,7.23118],[80.19494,7.23097],[80.19484,7.23101],[80.19482,7.23094],[80.19494,7.23091],[80.19489,7.23084],[80.19478,7.23087],[80.19478,7.23074],[80.19472,7.23069],[80.19463,7.23075],[80.19459,7.23063],[80.19453,7.23064],[80.19444,7.23055],[80.19439,7.23034],[80.19415,7.23023],[80.19408,7.23025],[80.19402,7.2301],[80.19399,7.23013],[80.19401,7.23001],[80.19385,7.22999]]]}},{"type":"Feature","properties":{"c":"farmland"},"geometry":{"type":"Polygon","coordinates":[[[80.36399,7.16762],[80.36409,7.16764],[80.36407,7.16775],[80.36413,7.16776],[80.36416,7.1676],[80.364,7.16756],[80.36399,7.16762]]]}},{"type":"Feature","properties":{"c":"farmland"},"geometry":{"type":"Polygon","coordinates":[[[80.32764,7.15607],[80.32813,7.15621],[80.32841,7.15522],[80.32791,7.15508],[80.32764,7.15607]]]}},{"type":"Feature","properties":{"c":"farmland"},"geometry":{"type":"Polygon","coordinates":[[[80.34612,7.1647],[80.34645,7.16504],[80.34653,7.16504],[80.34676,7.16485],[80.347,7.16475],[80.34702,7.16464],[80.34694,7.16447],[80.34697,7.16437],[80.34681,7.16413],[80.34661,7.16413],[80.34653,7.16426],[80.34654,7.16445],[80.34647,7.16455],[80.34616,7.16465],[80.34612,7.1647]]]}},{"type":"Feature","properties":{"c":"farmland"},"geometry":{"type":"Polygon","coordinates":[[[80.3685,7.20388],[80.36855,7.20395],[80.36887,7.20412],[80.3691,7.20405],[80.36921,7.20393],[80.3692,7.20366],[80.36938,7.20332],[80.36966,7.20309],[80.36971,7.20299],[80.36954,7.20277],[80.36917,7.20299],[80.36908,7.20287],[80.3685,7.20388]]]}},{"type":"Feature","properties":{"c":"farmland"},"geometry":{"type":"Polygon","coordinates":[[[80.37499,7.18829],[80.37522,7.18893],[80.37548,7.1888],[80.37565,7.18864],[80.37587,7.18871],[80.37582,7.18908],[80.37587,7.18919],[80.37605,7.18885],[80.3762,7.1887],[80.37615,7.18844],[80.37629,7.18788],[80.37666,7.18749],[80.37733,7.18744],[80.37805,7.18727],[80.3783,7.18634],[80.378,7.18622],[80.37815,7.18585],[80.37828,7.18589],[80.37842,7.18532],[80.37862,7.18496],[80.379,7.18492],[80.37886,7.18514],[80.37899,7.18525],[80.3793,7.18539],[80.37946,7.18571],[80.37966,7.18564],[80.37978,7.18545],[80.3799,7.18459],[80.38022,7.18432],[80.38052,7.18416],[80.38078,7.18385],[80.38072,7.18339],[80.38082,7.18283],[80.38115,7.18268],[80.38124,7.18215],[80.3807,7.1822],[80.38055,7.1818],[80.3803,7.18168],[80.3803,7.18127],[80.38023,7.18089],[80.37932,7.18092],[80.37905,7.18104],[80.37915,7.18126],[80.37942,7.18142],[80.37964,7.18147],[80.37954,7.18183],[80.37958,7.18204],[80.37942,7.18226],[80.3792,7.18233],[80.37891,7.18238],[80.3785,7.18224],[80.37837,7.18235],[80.37827,7.18281],[80.37803,7.18309],[80.37791,7.18349],[80.37725,7.18394],[80.37672,7.18451],[80.3764,7.18504],[80.37667,7.18565],[80.37657,7.18611],[80.37557,7.18695],[80.37517,7.1875],[80.37499,7.18829]]]}},{"type":"Feature","properties":{"c":"farmland"},"geometry":{"type":"Polygon","coordinates":[[[80.36571,7.18712],[80.36588,7.18734],[80.36619,7.18762],[80.36688,7.18793],[80.367,7.18886],[80.36745,7.1889],[80.36772,7.18868],[80.36768,7.18849],[80.3673,7.18847],[80.36721,7.1884],[80.36721,7.18823],[80.36744,7.18765],[80.36723,7.18732],[80.3675,7.18715],[80.36764,7.18686],[80.36773,7.18651],[80.36757,7.18648],[80.36753,7.18621],[80.36767,7.1859],[80.36794,7.18563],[80.36802,7.18541],[80.36805,7.18494],[80.36792,7.18485],[80.36746,7.185],[80.36733,7.18483],[80.36685,7.18477],[80.36687,7.18502],[80.36729,7.18549],[80.36753,7.18568],[80.36738,7.18586],[80.36719,7.18622],[80.367,7.18645],[80.36663,7.18653],[80.36632,7.18621],[80.36598,7.18617],[80.36579,7.18633],[80.36571,7.18712]]]}},{"type":"Feature","properties":{"c":"farmland"},"geometry":{"type":"Polygon","coordinates":[[[80.36774,7.18852],[80.36785,7.18868],[80.36799,7.18867],[80.36834,7.18841],[80.36851,7.18819],[80.36846,7.18801],[80.3686,7.18795],[80.36878,7.18773],[80.36897,7.1876],[80.369,7.18733],[80.36913,7.18717],[80.36916,7.18732],[80.36935,7.18736],[80.36967,7.18733],[80.36988,7.18719],[80.37006,7.18682],[80.36993,7.18669],[80.36964,7.18668],[80.36952,7.18662],[80.36961,7.18613],[80.36927,7.18598],[80.36909,7.18608],[80.36898,7.18629],[80.36878,7.18694],[80.36863,7.18726],[80.36774,7.18852]]]}},{"type":"Feature","properties":{"c":"farmland"},"geometry":{"type":"Polygon","coordinates":[[[80.36948,7.18913],[80.36961,7.18917],[80.36967,7.18933],[80.36994,7.18933],[80.37045,7.18885],[80.37072,7.1874],[80.37095,7.18699],[80.37118,7.18671],[80.37107,7.18655],[80.37074,7.18673],[80.37074,7.18691],[80.37046,7.18715],[80.37039,7.18732],[80.37049,7.18751],[80.37042,7.18788],[80.37017,7.1879],[80.36978,7.18807],[80.36965,7.18823],[80.36957,7.18845],[80.36957,7.18881],[80.36948,7.18913]]]}},{"type":"Feature","properties":{"c":"farmland"},"geometry":{"type":"Polygon","coordinates":[[[80.36254,7.19088],[80.36273,7.19096],[80.36282,7.19092],[80.36291,7.19079],[80.36337,7.19044],[80.36342,7.19032],[80.36401,7.18971],[80.36416,7.18964],[80.36429,7.18947],[80.36463,7.18875],[80.36489,7.18845],[80.36474,7.18834],[80.36465,7.18833],[80.36454,7.1884],[80.36417,7.18832],[80.36415,7.1882],[80.36401,7.18808],[80.36396,7.18781],[80.364,7.1875],[80.36407,7.18735],[80.36405,7.18725],[80.36387,7.18705],[80.36385,7.18696],[80.36372,7.187],[80.36362,7.18736],[80.36353,7.18746],[80.36321,7.18741],[80.36308,7.18757],[80.36299,7.18757],[80.36309,7.18738],[80.36307,7.18728],[80.36303,7.18719],[80.36286,7.18723],[80.36283,7.18738],[80.36287,7.18776],[80.36295,7.18785],[80.36333,7.18794],[80.36354,7.18785],[80.36369,7.1881],[80.36375,7.18849],[80.36371,7.18878],[80.36376,7.18923],[80.36374,7.18939],[80.36367,7.18944],[80.36361,7.18963],[80.36326,7.18999],[80.36319,7.19022],[80.36308,7.19023],[80.36297,7.19034],[80.36281,7.19063],[80.36254,7.19088]]]}},{"type":"Feature","properties":{"c":"farmland","n":"Rice"},"geometry":{"type":"Polygon","coordinates":[[[80.23038,7.12326],[80.23055,7.12331],[80.2308,7.12324],[80.23135,7.12355],[80.23153,7.1234],[80.23163,7.12327],[80.23171,7.12304],[80.23228,7.12188],[80.23219,7.12121],[80.23246,7.12087],[80.23276,7.12068],[80.23299,7.12017],[80.23346,7.11997],[80.23359,7.11985],[80.23395,7.11979],[80.23465,7.12016],[80.23466,7.12037],[80.23455,7.12056],[80.23467,7.12072],[80.23448,7.12111],[80.23445,7.12139],[80.23414,7.1222],[80.23376,7.1226],[80.23366,7.12284],[80.23323,7.123],[80.23295,7.12292],[80.23294,7.12312],[80.23288,7.12323],[80.23302,7.12332],[80.23294,7.12342],[80.23297,7.12351],[80.23324,7.12358],[80.23334,7.12371],[80.23339,7.12382],[80.23335,7.12415],[80.23309,7.12446],[80.23306,7.12463],[80.23288,7.12473],[80.23273,7.12495],[80.2326,7.12503],[80.23271,7.12516],[80.23272,7.12571],[80.23292,7.12604],[80.23299,7.12625],[80.23314,7.12643],[80.23316,7.12652],[80.23305,7.12662],[80.23306,7.12676],[80.23316,7.12673],[80.23334,7.12633],[80.23335,7.12583],[80.23309,7.12574],[80.23317,7.12569],[80.23325,7.12548],[80.23342,7.12528],[80.23351,7.12544],[80.23366,7.12556],[80.23371,7.12546],[80.23369,7.12498],[80.23363,7.12484],[80.2338,7.12458],[80.23377,7.12451],[80.23357,7.12439],[80.23351,7.12424],[80.23354,7.12416],[80.23365,7.12401],[80.23375,7.12367],[80.23386,7.12368],[80.2341,7.1239],[80.23412,7.12375],[80.23406,7.12356],[80.23391,7.12354],[80.23404,7.123],[80.23412,7.1228],[80.2343,7.12267],[80.23435,7.12257],[80.23435,7.12231],[80.23447,7.12204],[80.23454,7.12199],[80.23458,7.12188],[80.23474,7.12188],[80.2347,7.12163],[80.23499,7.121],[80.23508,7.12047],[80.23534,7.11981],[80.23441,7.11929],[80.23423,7.11926],[80.23404,7.11933],[80.23381,7.1193],[80.23319,7.11935],[80.23295,7.11933],[80.2325,7.11902],[80.23235,7.11914],[80.23252,7.11925],[80.23255,7.11954],[80.23252,7.1199],[80.23232,7.12011],[80.23219,7.12042],[80.23193,7.12068],[80.23176,7.12069],[80.23156,7.12056],[80.23132,7.1202],[80.2312,7.12011],[80.2305,7.12026],[80.23048,7.12037],[80.23096,7.12069],[80.23099,7.12077],[80.23094,7.12098],[80.23103,7.12108],[80.23154,7.12119],[80.23185,7.12163],[80.23192,7.122],[80.2318,7.12233],[80.23128,7.12283],[80.23109,7.12307],[80.23084,7.12316],[80.23043,7.12303],[80.23038,7.12326]]]}},{"type":"Feature","properties":{"c":"farmland","n":"Rice"},"geometry":{"type":"Polygon","coordinates":[[[80.30002,7.19779],[80.30028,7.1978],[80.30056,7.19795],[80.30045,7.19832],[80.30046,7.19887],[80.30056,7.1995],[80.30086,7.20015],[80.30108,7.20029],[80.30115,7.19968],[80.30135,7.19961],[80.30166,7.19964],[80.30194,7.19984],[80.30233,7.19992],[80.30247,7.19981],[80.30236,7.19927],[80.30238,7.19913],[80.30268,7.19904],[80.30289,7.19904],[80.30295,7.19928],[80.3031,7.19939],[80.30324,7.19926],[80.30328,7.19871],[80.30324,7.19845],[80.30308,7.1981],[80.30286,7.19788],[80.30276,7.1977],[80.30268,7.19657],[80.30249,7.19633],[80.30259,7.19592],[80.30241,7.19551],[80.30206,7.19552],[80.30167,7.19544],[80.30148,7.19517],[80.30129,7.19509],[80.30141,7.19499],[80.3013,7.19455],[80.30102,7.19427],[80.30088,7.194],[80.30074,7.19398],[80.30082,7.1944],[80.30082,7.19477],[80.3007,7.19491],[80.30104,7.1953],[80.30121,7.19565],[80.30129,7.19596],[80.30153,7.19615],[80.30172,7.19641],[80.30173,7.19671],[80.30181,7.19687],[80.30181,7.19728],[80.30112,7.19731],[80.30094,7.19716],[80.30076,7.19714],[80.30051,7.19722],[80.30036,7.1975],[80.3001,7.19755],[80.30002,7.19779]]]}},{"type":"Feature","properties":{"c":"farmland","n":"Rice"},"geometry":{"type":"Polygon","coordinates":[[[80.33154,7.20531],[80.33185,7.2057],[80.33202,7.20554],[80.33222,7.20571],[80.33244,7.20565],[80.33259,7.20551],[80.33298,7.20557],[80.33324,7.20573],[80.3336,7.20575],[80.33362,7.20557],[80.33344,7.20535],[80.33305,7.20507],[80.33303,7.2049],[80.33264,7.20484],[80.33259,7.20475],[80.33267,7.20461],[80.33256,7.2046],[80.33241,7.20471],[80.33232,7.20509],[80.33221,7.20519],[80.3321,7.20525],[80.33197,7.20522],[80.33185,7.20511],[80.33193,7.20493],[80.33192,7.20484],[80.33183,7.20485],[80.33155,7.2052],[80.33154,7.20531]]]}},{"type":"Feature","properties":{"c":"farmland","n":"Rice"},"geometry":{"type":"Polygon","coordinates":[[[80.33908,7.21371],[80.33912,7.21409],[80.3394,7.21429],[80.33949,7.21432],[80.33959,7.21425],[80.33952,7.2145],[80.33961,7.21464],[80.33969,7.21466],[80.33988,7.21431],[80.33992,7.2141],[80.33979,7.21354],[80.33987,7.213],[80.34012,7.21222],[80.33999,7.21192],[80.34028,7.21182],[80.34042,7.21184],[80.34037,7.21152],[80.34056,7.21114],[80.34055,7.21088],[80.34044,7.21061],[80.34044,7.21046],[80.34027,7.21044],[80.34027,7.21013],[80.34041,7.20996],[80.34072,7.20978],[80.34057,7.20963],[80.34045,7.2096],[80.34041,7.20911],[80.34036,7.20895],[80.34029,7.20893],[80.34039,7.20879],[80.34059,7.20867],[80.34072,7.20853],[80.34057,7.20808],[80.34055,7.20786],[80.34067,7.20738],[80.34066,7.20728],[80.34042,7.20724],[80.34034,7.2073],[80.34037,7.2078],[80.34032,7.20827],[80.34021,7.20858],[80.34031,7.20881],[80.3402,7.20893],[80.34021,7.20925],[80.34008,7.20949],[80.3402,7.2109],[80.34015,7.21104],[80.34003,7.21116],[80.33996,7.21139],[80.3398,7.21138],[80.33961,7.21155],[80.33979,7.21183],[80.33995,7.21231],[80.33938,7.21317],[80.33927,7.21323],[80.33912,7.21348],[80.33908,7.21371]]]}},{"type":"Feature","properties":{"c":"farmland","n":"Rice"},"geometry":{"type":"Polygon","coordinates":[[[80.35351,7.22836],[80.35354,7.22868],[80.35409,7.22951],[80.35431,7.22963],[80.35445,7.22951],[80.35454,7.22935],[80.35489,7.22962],[80.3551,7.22991],[80.35527,7.22992],[80.35557,7.22977],[80.35562,7.22995],[80.3557,7.23005],[80.35614,7.2304],[80.35615,7.23052],[80.35602,7.23088],[80.35616,7.23106],[80.35646,7.23124],[80.35686,7.2313],[80.35704,7.23132],[80.35743,7.23119],[80.35751,7.2312],[80.35772,7.23164],[80.35786,7.23177],[80.35792,7.2319],[80.35793,7.232],[80.35777,7.23212],[80.35787,7.23231],[80.35799,7.23239],[80.35817,7.2324],[80.35847,7.23227],[80.35853,7.23214],[80.35843,7.23171],[80.35825,7.23171],[80.35823,7.2314],[80.35819,7.23152],[80.35809,7.23155],[80.35804,7.23148],[80.35811,7.23136],[80.35818,7.23134],[80.35821,7.23112],[80.35847,7.23062],[80.35834,7.23053],[80.35838,7.23034],[80.35824,7.23024],[80.35811,7.23003],[80.35807,7.22968],[80.3583,7.2294],[80.35825,7.22934],[80.3581,7.22924],[80.35777,7.22926],[80.35774,7.22944],[80.3576,7.22942],[80.3575,7.22947],[80.35745,7.22956],[80.35744,7.2298],[80.35783,7.2303],[80.35774,7.23057],[80.35757,7.23074],[80.35707,7.23081],[80.35696,7.23075],[80.35678,7.23082],[80.35665,7.23081],[80.35629,7.23056],[80.35631,7.23034],[80.35626,7.23022],[80.3563,7.23],[80.35613,7.22999],[80.35626,7.22979],[80.35627,7.22965],[80.35618,7.22952],[80.356,7.22942],[80.35597,7.22936],[80.35581,7.22925],[80.35564,7.22924],[80.35549,7.22918],[80.35537,7.22922],[80.35533,7.22935],[80.35517,7.22942],[80.35491,7.22929],[80.35468,7.22908],[80.3547,7.22899],[80.35462,7.2287],[80.35445,7.22858],[80.35416,7.22883],[80.35376,7.22869],[80.35369,7.22852],[80.35371,7.22836],[80.35397,7.22796],[80.35387,7.22761],[80.35364,7.2277],[80.35366,7.22802],[80.35351,7.22836]]]}},{"type":"Feature","properties":{"c":"farmland","n":"Rice"},"geometry":{"type":"Polygon","coordinates":[[[80.35804,7.2326],[80.3583,7.23315],[80.35842,7.23327],[80.35847,7.23341],[80.35865,7.23351],[80.35875,7.23364],[80.35873,7.23384],[80.35912,7.23401],[80.3592,7.23414],[80.35937,7.23425],[80.35948,7.23425],[80.35956,7.2342],[80.35958,7.23415],[80.3594,7.234],[80.35936,7.23389],[80.35954,7.2335],[80.3595,7.23318],[80.35939,7.23306],[80.35905,7.23291],[80.35865,7.23295],[80.35856,7.2329],[80.35854,7.23275],[80.35873,7.23254],[80.35873,7.23248],[80.35855,7.23235],[80.3584,7.23245],[80.35804,7.2326]]]}},{"type":"Feature","properties":{"c":"farmland","n":"Rice"},"geometry":{"type":"Polygon","coordinates":[[[80.37845,7.23847],[80.37955,7.23863],[80.3798,7.23882],[80.38106,7.23906],[80.38131,7.23901],[80.38148,7.23891],[80.38153,7.23882],[80.38148,7.23866],[80.38058,7.2381],[80.38048,7.2379],[80.38047,7.23753],[80.38041,7.23735],[80.38019,7.23729],[80.37979,7.23785],[80.37951,7.23782],[80.37938,7.23789],[80.3792,7.2381],[80.37883,7.23821],[80.37869,7.23814],[80.37848,7.23833],[80.37845,7.23847]]]}},{"type":"Feature","properties":{"c":"farmland"},"geometry":{"type":"Polygon","coordinates":[[[80.4821,7.25116],[80.48221,7.25148],[80.48261,7.25186],[80.48276,7.25233],[80.48308,7.25245],[80.48342,7.25237],[80.48349,7.25256],[80.48384,7.25281],[80.48395,7.253],[80.48392,7.25316],[80.48427,7.25366],[80.48454,7.25439],[80.48504,7.25435],[80.48493,7.2539],[80.48455,7.25343],[80.48448,7.25308],[80.48384,7.25224],[80.48384,7.25199],[80.48347,7.25182],[80.48325,7.25164],[80.48311,7.25126],[80.48291,7.25099],[80.48279,7.2509],[80.48227,7.25073],[80.4821,7.25116]]]}},{"type":"Feature","properties":{"c":"industrial","n":"Factory"},"geometry":{"type":"Polygon","coordinates":[[[80.4628,7.2347],[80.46335,7.23546],[80.46441,7.2347],[80.46386,7.23395],[80.4628,7.2347]]]}},{"type":"Feature","properties":{"c":"industrial","n":"National Water Board - Moronthota Treatment Plant"},"geometry":{"type":"Polygon","coordinates":[[[80.36077,7.17605],[80.36094,7.17607],[80.36111,7.17603],[80.3613,7.17586],[80.36137,7.1757],[80.36135,7.17545],[80.3612,7.17524],[80.36105,7.17516],[80.36077,7.17605]]]}},{"type":"Feature","properties":{"c":"industrial","n":"Noori Tea Factory"},"geometry":{"type":"Polygon","coordinates":[[[80.40793,6.9463],[80.40794,6.94654],[80.40812,6.94654],[80.40812,6.94664],[80.40828,6.94663],[80.40828,6.94653],[80.40843,6.94653],[80.40842,6.94619],[80.40814,6.9462],[80.40814,6.94629],[80.40793,6.9463]]]}},{"type":"Feature","properties":{"c":"farmland"},"geometry":{"type":"Polygon","coordinates":[[[80.37113,7.32729],[80.3713,7.32735],[80.37126,7.32794],[80.37174,7.32799],[80.37192,7.32715],[80.37235,7.3271],[80.37271,7.32693],[80.37298,7.32666],[80.37298,7.32626],[80.37363,7.32575],[80.3743,7.3253],[80.37423,7.325],[80.37383,7.3252],[80.37346,7.32502],[80.37315,7.32425],[80.37275,7.32411],[80.37241,7.3242],[80.3721,7.32462],[80.3714,7.32477],[80.3714,7.32511],[80.37159,7.32516],[80.37181,7.32561],[80.37165,7.32593],[80.37143,7.32604],[80.37113,7.32729]]]}},{"type":"Feature","properties":{"c":"farmland"},"geometry":{"type":"Polygon","coordinates":[[[80.37944,7.32967],[80.37946,7.32987],[80.37959,7.33018],[80.37987,7.33029],[80.38041,7.33061],[80.38083,7.33119],[80.381,7.3312],[80.38108,7.33153],[80.38161,7.33174],[80.38205,7.33163],[80.38263,7.33187],[80.38359,7.33255],[80.38395,7.33254],[80.38404,7.33231],[80.38386,7.3319],[80.38269,7.33102],[80.38264,7.33054],[80.38216,7.33009],[80.38192,7.32995],[80.38153,7.32984],[80.38104,7.32977],[80.38034,7.32914],[80.3802,7.32913],[80.37997,7.32927],[80.37956,7.32934],[80.37944,7.32967]]]}},{"type":"Feature","properties":{"c":"farmland"},"geometry":{"type":"Polygon","coordinates":[[[80.37362,7.33073],[80.37394,7.33138],[80.37456,7.33172],[80.37467,7.33186],[80.37494,7.33256],[80.37502,7.33295],[80.37488,7.33337],[80.37483,7.33373],[80.37488,7.33428],[80.37481,7.3346],[80.37508,7.33552],[80.37515,7.33596],[80.37528,7.33613],[80.37528,7.33651],[80.37551,7.33758],[80.37559,7.33774],[80.3762,7.33837],[80.37667,7.33876],[80.37719,7.33904],[80.37732,7.33923],[80.37748,7.33991],[80.37744,7.34003],[80.37737,7.34007],[80.37724,7.3405],[80.37722,7.34073],[80.37737,7.34095],[80.3777,7.34098],[80.3779,7.34091],[80.37801,7.34058],[80.37803,7.3402],[80.37814,7.33968],[80.378,7.33907],[80.37776,7.3387],[80.3771,7.33837],[80.37697,7.33813],[80.37686,7.33776],[80.37659,7.33743],[80.37622,7.33735],[80.376,7.33708],[80.37618,7.33658],[80.37643,7.33652],[80.37666,7.33672],[80.37704,7.33687],[80.37734,7.3368],[80.37753,7.33655],[80.37754,7.33631],[80.37666,7.33591],[80.37626,7.33552],[80.3761,7.33507],[80.37644,7.33426],[80.37628,7.33373],[80.37628,7.33273],[80.37576,7.33196],[80.37584,7.3317],[80.37559,7.33133],[80.37488,7.33097],[80.37436,7.33054],[80.37378,7.33064],[80.37362,7.33073]]]}},{"type":"Feature","properties":{"c":"farmland"},"geometry":{"type":"Polygon","coordinates":[[[80.36258,7.2006],[80.36289,7.20074],[80.36322,7.20104],[80.36399,7.20147],[80.36488,7.20176],[80.3654,7.20187],[80.36621,7.20186],[80.36652,7.20178],[80.36688,7.20153],[80.36703,7.20109],[80.36702,7.20095],[80.36692,7.2008],[80.36676,7.20073],[80.36666,7.20087],[80.36666,7.20111],[80.3666,7.20127],[80.36636,7.20143],[80.36489,7.20153],[80.36395,7.20132],[80.36374,7.20103],[80.364,7.20075],[80.36433,7.20056],[80.36434,7.20034],[80.36422,7.20031],[80.36354,7.20054],[80.36321,7.20051],[80.36309,7.20038],[80.36324,7.19983],[80.36323,7.19968],[80.36334,7.19951],[80.3637,7.1995],[80.36395,7.19935],[80.36385,7.19889],[80.36379,7.19883],[80.36308,7.19888],[80.36299,7.19925],[80.36272,7.19944],[80.36268,7.19957],[80.36271,7.20022],[80.36258,7.2006]]]}},{"type":"Feature","properties":{"c":"farmland"},"geometry":{"type":"Polygon","coordinates":[[[80.35527,7.26337],[80.35527,7.26343],[80.35537,7.26341],[80.35563,7.26309],[80.35586,7.26291],[80.3562,7.26252],[80.35646,7.26237],[80.35659,7.26237],[80.35671,7.26225],[80.35673,7.26203],[80.35685,7.26189],[80.35667,7.26178],[80.35658,7.26166],[80.35644,7.26173],[80.35635,7.26187],[80.35633,7.26204],[80.35625,7.26219],[80.35598,7.26236],[80.35559,7.26297],[80.35527,7.26337]]]}},{"type":"Feature","properties":{"c":"farmland"},"geometry":{"type":"Polygon","coordinates":[[[80.35656,7.26114],[80.35675,7.26148],[80.35666,7.2616],[80.35675,7.26174],[80.35687,7.26182],[80.35723,7.26158],[80.35735,7.26145],[80.35769,7.26129],[80.35809,7.26122],[80.35832,7.26102],[80.35849,7.26104],[80.35871,7.26096],[80.35897,7.26097],[80.35924,7.26083],[80.35944,7.26088],[80.35948,7.26081],[80.35945,7.26076],[80.35937,7.26073],[80.35943,7.26063],[80.3594,7.26048],[80.3595,7.2603],[80.35982,7.26008],[80.35987,7.25993],[80.35981,7.25973],[80.35975,7.25968],[80.35951,7.25978],[80.35936,7.2596],[80.35927,7.25963],[80.35919,7.25989],[80.35898,7.26017],[80.35832,7.2606],[80.35824,7.2606],[80.35782,7.26097],[80.35756,7.26107],[80.35709,7.26144],[80.35703,7.26139],[80.35705,7.26128],[80.35701,7.26126],[80.35692,7.26136],[80.35688,7.26133],[80.35666,7.26101],[80.35656,7.26114]]]}},{"type":"Feature","properties":{"c":"quarry"},"geometry":{"type":"Polygon","coordinates":[[[80.23302,7.0553],[80.23299,7.05586],[80.23306,7.05596],[80.23354,7.05611],[80.23377,7.05592],[80.23415,7.05597],[80.23428,7.05595],[80.23453,7.05569],[80.23453,7.0556],[80.2345,7.05553],[80.23325,7.05518],[80.23313,7.05519],[80.23302,7.0553]]]}},{"type":"Feature","properties":{"c":"forest","n":"Makandawa Forest Reserve"},"geometry":{"type":"Polygon","coordinates":[[[80.36971,6.9747],[80.37116,6.97936],[80.37295,6.98212],[80.37535,6.98386],[80.37598,6.98471],[80.37609,6.98547],[80.37718,6.98613],[80.37863,6.98556],[80.37947,6.98557],[80.38018,6.98605],[80.38023,6.98645],[80.38006,6.98743],[80.37948,6.98797],[80.37871,6.98941],[80.37884,6.99134],[80.37953,6.99234],[80.38094,6.99173],[80.38192,6.99159],[80.38271,6.99166],[80.38309,6.99208],[80.38351,6.99219],[80.38374,6.99209],[80.38414,6.99166],[80.38499,6.99099],[80.38568,6.99082],[80.38595,6.99092],[80.38599,6.99099],[80.38523,6.99196],[80.38577,6.99232],[80.38606,6.99296],[80.38646,6.99344],[80.38676,6.99393],[80.38712,6.99415],[80.38819,6.9939],[80.38838,6.99312],[80.38854,6.99296],[80.38889,6.99305],[80.38901,6.99321],[80.3893,6.99407],[80.38959,6.99441],[80.38976,6.99494],[80.3899,6.99515],[80.39012,6.99518],[80.39057,6.99534],[80.39071,6.99545],[80.39097,6.99589],[80.39095,6.99644],[80.39106,6.99693],[80.39121,6.99737],[80.39136,6.99757],[80.39158,6.99779],[80.39365,6.99814],[80.39498,6.99765],[80.39562,6.99763],[80.39627,6.99774],[80.39699,6.99797],[80.39746,6.99801],[80.39806,6.99786],[80.39911,6.99744],[80.40027,6.99671],[80.40081,6.99581],[80.40159,6.99543],[80.40247,6.99509],[80.40319,6.99493],[80.40359,6.9949],[80.40428,6.9941],[80.40443,6.99376],[80.40443,6.99334],[80.40417,6.99222],[80.40425,6.99165],[80.40475,6.99121],[80.40535,6.99132],[80.40639,6.99089],[80.40668,6.99048],[80.4071,6.9904],[80.40735,6.99098],[80.40796,6.99106],[80.40867,6.99083],[80.40955,6.99036],[80.40996,6.99063],[80.4106,6.99059],[80.41121,6.99049],[80.41134,6.99016],[80.41139,6.98988],[80.41199,6.98972],[80.41238,6.98993],[80.41276,6.98946],[80.41301,6.98882],[80.41311,6.98872],[80.41345,6.98901],[80.41403,6.98932],[80.41427,6.98916],[80.41434,6.98888],[80.41428,6.98826],[80.41417,6.98785],[80.41412,6.98734],[80.41361,6.9857],[80.41309,6.98481],[80.41224,6.98366],[80.41072,6.98173],[80.41058,6.98009],[80.41111,6.97752],[80.41282,6.97702],[80.41415,6.97775],[80.41516,6.97921],[80.41532,6.98065],[80.416,6.98134],[80.41689,6.98137],[80.41747,6.9811],[80.41792,6.98081],[80.41886,6.9801],[80.41941,6.9803],[80.41998,6.98042],[80.42071,6.98048],[80.42096,6.9802],[80.42102,6.97977],[80.41963,6.97908],[80.41873,6.97873],[80.41856,6.97828],[80.41931,6.97786],[80.42043,6.97834],[80.42121,6.97844],[80.42201,6.97726],[80.42172,6.97601],[80.42173,6.97415],[80.422,6.97385],[80.42273,6.9734],[80.4232,6.97321],[80.42378,6.97312],[80.4248,6.97343],[80.42523,6.97349],[80.42647,6.9735],[80.42678,6.97353],[80.42704,6.97362],[80.42727,6.97379],[80.42766,6.97428],[80.42814,6.97531],[80.42838,6.97609],[80.42794,6.97805],[80.42737,6.97982],[80.42733,6.98005],[80.42746,6.98069],[80.42745,6.9809],[80.42735,6.98104],[80.4272,6.98115],[80.42647,6.98124],[80.42631,6.9813],[80.426,6.98153],[80.42587,6.98168],[80.42573,6.98201],[80.42568,6.98273],[80.4255,6.98322],[80.42537,6.98328],[80.42467,6.98336],[80.42465,6.98346],[80.42496,6.98367],[80.42492,6.98403],[80.42475,6.98439],[80.4248,6.98462],[80.42499,6.98481],[80.42527,6.98483],[80.42543,6.98492],[80.4256,6.98517],[80.42582,6.98533],[80.42597,6.98531],[80.42633,6.98507],[80.42731,6.9848],[80.42796,6.9845],[80.42835,6.98446],[80.42852,6.98454],[80.42881,6.98532],[80.42896,6.98543],[80.42921,6.98551],[80.42998,6.98546],[80.43033,6.98552],[80.43049,6.9857],[80.43069,6.98611],[80.43068,6.98681],[80.43076,6.98715],[80.43096,6.98757],[80.43162,6.98814],[80.43173,6.98829],[80.43196,6.98882],[80.43208,6.98899],[80.43223,6.98911],[80.43242,6.98918],[80.4328,6.98918],[80.43442,6.98868],[80.4358,6.98864],[80.43622,6.98852],[80.43716,6.98796],[80.43842,6.98696],[80.43861,6.98668],[80.43863,6.98655],[80.43858,6.98639],[80.43847,6.98631],[80.43826,6.98627],[80.438,6.98627],[80.43752,6.9864],[80.43714,6.98642],[80.43684,6.9863],[80.43678,6.98619],[80.43678,6.98606],[80.43685,6.98591],[80.43702,6.98573],[80.43752,6.98546],[80.43763,6.98546],[80.43815,6.98566],[80.43861,6.98566],[80.43882,6.98572],[80.43927,6.98614],[80.43966,6.98631],[80.44011,6.98636],[80.44026,6.9863],[80.44041,6.98616],[80.44055,6.98592],[80.44069,6.98563],[80.44068,6.98553],[80.44052,6.9853],[80.44048,6.98494],[80.44035,6.98462],[80.4402,6.98442],[80.4396,6.98395],[80.43953,6.98381],[80.43953,6.98366],[80.43963,6.9835],[80.44068,6.98266],[80.44193,6.9814],[80.44221,6.98119],[80.44272,6.98092],[80.44327,6.98084],[80.44371,6.98094],[80.44415,6.98132],[80.44447,6.98172],[80.44494,6.98247],[80.44507,6.98252],[80.44525,6.98251],[80.44546,6.9824],[80.44559,6.98225],[80.44571,6.98103],[80.44562,6.9808],[80.44543,6.98068],[80.44514,6.98066],[80.44466,6.98084],[80.44446,6.98087],[80.44429,6.98084],[80.44415,6.98074],[80.44411,6.98059],[80.44415,6.98045],[80.4443,6.9803],[80.44457,6.98015],[80.44482,6.98007],[80.44512,6.98005],[80.44538,6.98012],[80.44554,6.98024],[80.44571,6.98066],[80.44583,6.9808],[80.44627,6.98108],[80.44637,6.9812],[80.44664,6.98183],[80.44694,6.98224],[80.44718,6.98231],[80.44737,6.98229],[80.44753,6.98219],[80.44768,6.98204],[80.44784,6.98176],[80.44801,6.98134],[80.44825,6.98009],[80.44833,6.97904],[80.44865,6.97841],[80.44871,6.97821],[80.44864,6.97787],[80.44828,6.97757],[80.44786,6.97733],[80.44776,6.9772],[80.44773,6.97704],[80.44788,6.97654],[80.4478,6.97635],[80.44754,6.97612],[80.44713,6.97597],[80.44696,6.97585],[80.44683,6.97565],[80.44676,6.9754],[80.44668,6.9742],[80.44685,6.97332],[80.4469,6.97263],[80.44687,6.97196],[80.44688,6.97176],[80.44695,6.97161],[80.44726,6.97149],[80.44751,6.97151],[80.44819,6.97167],[80.44848,6.97165],[80.44861,6.97159],[80.44883,6.9714],[80.44899,6.97116],[80.44906,6.97095],[80.44908,6.9705],[80.44917,6.97038],[80.45004,6.97041],[80.45072,6.97029],[80.45132,6.9704],[80.4522,6.97071],[80.45253,6.9706],[80.45264,6.97046],[80.45279,6.97007],[80.4528,6.9699],[80.45271,6.96969],[80.45238,6.96933],[80.45163,6.96889],[80.45155,6.96879],[80.45149,6.96864],[80.45151,6.96831],[80.45159,6.96823],[80.45177,6.9682],[80.452,6.96824],[80.45219,6.96833],[80.45292,6.96888],[80.45327,6.96905],[80.45365,6.96909],[80.45399,6.96893],[80.45414,6.96876],[80.45428,6.96852],[80.45443,6.96802],[80.45433,6.96742],[80.45403,6.9668],[80.4529,6.96564],[80.45261,6.96505],[80.45251,6.96452],[80.45291,6.96361],[80.45281,6.96321],[80.45256,6.96264],[80.45267,6.96236],[80.45336,6.96208],[80.45357,6.96188],[80.45383,6.96184],[80.4545,6.96199],[80.45464,6.96192],[80.45474,6.96179],[80.45474,6.96146],[80.45467,6.96132],[80.45418,6.96075],[80.45408,6.96058],[80.45401,6.9603],[80.45405,6.96015],[80.45414,6.96007],[80.45495,6.95984],[80.45526,6.95964],[80.45528,6.95954],[80.45523,6.95944],[80.45493,6.95926],[80.45481,6.95908],[80.45472,6.95813],[80.45482,6.95767],[80.45497,6.95734],[80.45499,6.95717],[80.45491,6.95658],[80.45496,6.95642],[80.45527,6.95609],[80.45532,6.95594],[80.45526,6.95585],[80.45513,6.95582],[80.45467,6.95597],[80.4544,6.95585],[80.45431,6.95574],[80.45423,6.95543],[80.4543,6.95479],[80.4542,6.95443],[80.45404,6.95429],[80.45316,6.95386],[80.45265,6.95352],[80.45241,6.95327],[80.45227,6.95302],[80.45204,6.95199],[80.45211,6.9514],[80.45235,6.9505],[80.45241,6.95046],[80.45253,6.95047],[80.45263,6.95055],[80.45271,6.95076],[80.45268,6.95142],[80.45271,6.95163],[80.45281,6.95186],[80.45311,6.95217],[80.45356,6.95231],[80.45416,6.95235],[80.45437,6.95233],[80.45496,6.95216],[80.45536,6.95217],[80.45575,6.95237],[80.45617,6.95287],[80.45636,6.95298],[80.45657,6.95296],[80.45701,6.95275],[80.45784,6.95224],[80.4581,6.9518],[80.45838,6.95092],[80.45843,6.95064],[80.45838,6.95041],[80.45826,6.95024],[80.45723,6.94969],[80.45679,6.94968],[80.45665,6.94974],[80.45639,6.95005],[80.45617,6.95014],[80.45608,6.9501],[80.45604,6.95],[80.45598,6.94962],[80.45384,6.94881],[80.45372,6.9489],[80.45322,6.94873],[80.45298,6.94878],[80.45286,6.9489],[80.45277,6.94934],[80.45266,6.94956],[80.45249,6.9497],[80.45234,6.94972],[80.45222,6.94967],[80.45216,6.94952],[80.45212,6.94903],[80.45207,6.94888],[80.45162,6.94827],[80.45162,6.94797],[80.45167,6.94776],[80.45162,6.94745],[80.45151,6.94731],[80.45113,6.94724],[80.45104,6.94714],[80.45098,6.94693],[80.45099,6.94684],[80.45106,6.94676],[80.45159,6.94673],[80.45171,6.94665],[80.45176,6.94656],[80.45175,6.94643],[80.4513,6.9463],[80.45121,6.94614],[80.45121,6.94599],[80.45131,6.94583],[80.4521,6.94558],[80.45228,6.94546],[80.45234,6.94532],[80.45235,6.94514],[80.45215,6.94483],[80.45211,6.94459],[80.45216,6.94407],[80.4521,6.94389],[80.45195,6.94377],[80.45085,6.94347],[80.4504,6.94322],[80.45026,6.94301],[80.44986,6.94105],[80.44987,6.94085],[80.44995,6.94063],[80.45011,6.94055],[80.4503,6.94052],[80.45053,6.94056],[80.45073,6.9407],[80.45119,6.9414],[80.45166,6.94198],[80.4521,6.94213],[80.45238,6.94212],[80.45279,6.94196],[80.45301,6.94159],[80.45311,6.94117],[80.45319,6.94112],[80.4533,6.94113],[80.4538,6.94182],[80.45464,6.9424],[80.45491,6.94263],[80.45513,6.94292],[80.45527,6.94323],[80.45529,6.94343],[80.45521,6.94385],[80.45475,6.94481],[80.45455,6.94553],[80.45358,6.94748],[80.45352,6.94771],[80.45356,6.9481],[80.45388,6.94854],[80.45384,6.94881],[80.45598,6.94962],[80.456,6.94894],[80.45615,6.94787],[80.45635,6.94739],[80.45675,6.94694],[80.457,6.94674],[80.45738,6.94652],[80.45829,6.94643],[80.45855,6.94636],[80.45879,6.94623],[80.45927,6.94574],[80.45958,6.94552],[80.45988,6.94546],[80.46066,6.94544],[80.46113,6.94526],[80.46131,6.94512],[80.46147,6.94496],[80.46159,6.9447],[80.46209,6.9435],[80.46213,6.94329],[80.46215,6.94298],[80.46191,6.94144],[80.46197,6.94111],[80.46287,6.93975],[80.46296,6.93916],[80.46304,6.93896],[80.46327,6.93877],[80.46378,6.93852],[80.4639,6.93836],[80.46394,6.93813],[80.46384,6.93758],[80.46369,6.93723],[80.46349,6.93686],[80.46282,6.93594],[80.46279,6.93571],[80.46286,6.93556],[80.46299,6.93541],[80.46337,6.93529],[80.46433,6.93527],[80.46462,6.93515],[80.46476,6.93502],[80.46476,6.9347],[80.46454,6.93429],[80.46451,6.93364],[80.46466,6.93285],[80.46477,6.93266],[80.46496,6.93256],[80.46605,6.93266],[80.46632,6.93261],[80.46658,6.93241],[80.46669,6.93222],[80.46675,6.93186],[80.46679,6.93088],[80.46688,6.93062],[80.4671,6.93029],[80.46791,6.92935],[80.46853,6.92834],[80.46919,6.92794],[80.46951,6.92739],[80.47018,6.92707],[80.47039,6.9267],[80.4704,6.92648],[80.47033,6.92626],[80.47014,6.92613],[80.46985,6.92607],[80.46931,6.92627],[80.469,6.92627],[80.46875,6.92616],[80.46863,6.92597],[80.46861,6.92571],[80.46867,6.92545],[80.46893,6.92513],[80.46953,6.92488],[80.46977,6.9247],[80.46982,6.92447],[80.46982,6.92397],[80.46991,6.9239],[80.47061,6.92385],[80.47125,6.92368],[80.47136,6.92356],[80.47137,6.92341],[80.4713,6.92332],[80.47116,6.92328],[80.47052,6.92332],[80.46997,6.92326],[80.46978,6.92313],[80.46941,6.92253],[80.46908,6.92222],[80.46904,6.92207],[80.46912,6.92193],[80.46932,6.92185],[80.4707,6.92195],[80.471,6.92187],[80.4712,6.92176],[80.47132,6.92161],[80.47213,6.91997],[80.47246,6.9195],[80.47281,6.91911],[80.4733,6.91867],[80.47373,6.91843],[80.47426,6.9182],[80.47571,6.91797],[80.47594,6.9179],[80.47613,6.91776],[80.47629,6.91755],[80.47637,6.9173],[80.47631,6.91686],[80.47615,6.91649],[80.47613,6.91632],[80.47619,6.91613],[80.47631,6.91598],[80.47656,6.91587],[80.47744,6.91564],[80.47786,6.91547],[80.47819,6.91523],[80.47856,6.9146],[80.47876,6.91362],[80.47881,6.91213],[80.47898,6.91154],[80.47912,6.91131],[80.47933,6.91111],[80.48079,6.91012],[80.48118,6.90963],[80.48184,6.90859],[80.48214,6.90821],[80.4825,6.90785],[80.48355,6.90711],[80.4838,6.90681],[80.48404,6.9064],[80.48423,6.90591],[80.48453,6.90474],[80.48469,6.90436],[80.48494,6.90411],[80.48554,6.90373],[80.48566,6.90351],[80.48569,6.90275],[80.48579,6.90226],[80.48593,6.90183],[80.48616,6.90145],[80.48646,6.90125],[80.48678,6.90116],[80.4875,6.90108],[80.48802,6.90094],[80.48845,6.90076],[80.49084,6.89934],[80.49383,6.89772],[80.49476,6.8968],[80.49539,6.89661],[80.49556,6.89649],[80.49569,6.89631],[80.49572,6.89613],[80.49542,6.89474],[80.4954,6.89436],[80.49551,6.89399],[80.49567,6.89374],[80.49589,6.89354],[80.4963,6.8934],[80.49662,6.89338],[80.49728,6.89352],[80.49762,6.89373],[80.49789,6.89397],[80.49863,6.8948],[80.499,6.89504],[80.49937,6.89519],[80.50111,6.8955],[80.50149,6.89545],[80.5018,6.89535],[80.5022,6.89508],[80.50279,6.89441],[80.50301,6.8943],[80.50374,6.89438],[80.50404,6.89431],[80.50423,6.89418],[80.50434,6.89394],[80.50433,6.8937],[80.50416,6.89341],[80.50387,6.89314],[80.50376,6.89287],[80.50375,6.89257],[80.50391,6.89164],[80.50381,6.89144],[80.50362,6.89132],[80.50309,6.89127],[80.5029,6.89113],[80.50276,6.89092],[80.50275,6.8907],[80.50282,6.89037],[80.50301,6.89002],[80.50325,6.8898],[80.50357,6.88962],[80.50477,6.88916],[80.50682,6.88853],[80.5071,6.88835],[80.50756,6.88783],[80.4967,6.88917],[80.48699,6.8933],[80.48278,6.89683],[80.47918,6.89864],[80.47673,6.89818],[80.47332,6.8981],[80.47015,6.90037],[80.46871,6.90067],[80.46734,6.9017],[80.46426,6.90125],[80.46255,6.89969],[80.45948,6.90031],[80.4577,6.90243],[80.45629,6.90441],[80.45402,6.90632],[80.45215,6.90546],[80.44915,6.90516],[80.44664,6.90655],[80.44672,6.90671],[80.44716,6.90698],[80.44728,6.90713],[80.44728,6.9073],[80.44711,6.90745],[80.44683,6.90753],[80.44675,6.90762],[80.44655,6.90831],[80.44646,6.90848],[80.44615,6.90873],[80.44605,6.90891],[80.44597,6.90955],[80.44591,6.90966],[80.44577,6.90972],[80.44565,6.90971],[80.44524,6.90933],[80.4449,6.90919],[80.44401,6.90917],[80.44278,6.90901],[80.4426,6.90905],[80.44226,6.90934],[80.44216,6.90957],[80.44214,6.90993],[80.44224,6.91049],[80.44221,6.91066],[80.4421,6.91081],[80.44196,6.91088],[80.44177,6.9109],[80.44145,6.91084],[80.44115,6.9107],[80.44046,6.91018],[80.44029,6.91011],[80.44009,6.9101],[80.43992,6.91016],[80.43978,6.91031],[80.43954,6.91083],[80.43943,6.91098],[80.4391,6.91115],[80.43891,6.91114],[80.43876,6.91102],[80.43867,6.91065],[80.43875,6.91047],[80.43913,6.9101],[80.43914,6.90993],[80.43907,6.9098],[80.43893,6.90975],[80.43855,6.90991],[80.43837,6.9099],[80.43809,6.90974],[80.43793,6.90972],[80.43782,6.90977],[80.43774,6.90989],[80.43773,6.91009],[80.4379,6.91044],[80.43791,6.91054],[80.43776,6.91067],[80.43763,6.91067],[80.4375,6.91056],[80.43747,6.91009],[80.43738,6.90996],[80.4373,6.90994],[80.43715,6.91048],[80.43704,6.91057],[80.43689,6.91051],[80.43686,6.91037],[80.43698,6.9099],[80.43709,6.90971],[80.43737,6.90954],[80.43891,6.90909],[80.43917,6.90882],[80.43964,6.908],[80.44013,6.90771],[80.44027,6.90757],[80.44036,6.9074],[80.44039,6.90721],[80.44038,6.90702],[80.44025,6.90666],[80.44017,6.90657],[80.43947,6.90624],[80.43934,6.9061],[80.43936,6.90591],[80.43951,6.90579],[80.44002,6.90553],[80.44021,6.90526],[80.44066,6.9049],[80.44097,6.90442],[80.44143,6.90408],[80.44152,6.90391],[80.44151,6.90372],[80.44135,6.9036],[80.44116,6.90356],[80.44071,6.90375],[80.44045,6.90403],[80.44028,6.90413],[80.4401,6.90419],[80.4399,6.90419],[80.43955,6.904],[80.43941,6.90388],[80.43931,6.90371],[80.4393,6.90352],[80.43937,6.90335],[80.43954,6.90326],[80.43999,6.90325],[80.44019,6.90319],[80.44036,6.90296],[80.44063,6.90234],[80.44072,6.90198],[80.44072,6.90179],[80.4406,6.90122],[80.44041,6.90071],[80.4405,6.9002],[80.44051,6.89957],[80.44046,6.899],[80.44024,6.89779],[80.44013,6.89763],[80.43996,6.89749],[80.4397,6.89741],[80.43931,6.89741],[80.43829,6.89752],[80.43768,6.89747],[80.43746,6.89738],[80.43718,6.89717],[80.43646,6.89644],[80.43618,6.89638],[80.43589,6.89643],[80.43573,6.89658],[80.43558,6.89734],[80.43542,6.89748],[80.43498,6.89761],[80.43465,6.89803],[80.43445,6.89818],[80.4341,6.89828],[80.43379,6.89824],[80.43357,6.89808],[80.43352,6.89782],[80.4336,6.89757],[80.43398,6.89725],[80.43435,6.89706],[80.43459,6.89677],[80.43463,6.89648],[80.43446,6.8958],[80.43445,6.895],[80.4344,6.89473],[80.43422,6.89454],[80.43398,6.89446],[80.43367,6.89446],[80.43337,6.89435],[80.43309,6.89412],[80.43271,6.89401],[80.43236,6.89408],[80.43214,6.89427],[80.4321,6.89447],[80.43218,6.89479],[80.43206,6.89529],[80.43198,6.89669],[80.43185,6.89701],[80.43092,6.89787],[80.43066,6.89827],[80.43052,6.89878],[80.43045,6.89933],[80.43055,6.90002],[80.43073,6.90057],[80.4307,6.90141],[80.43083,6.90156],[80.43157,6.90166],[80.43173,6.90177],[80.43248,6.90315],[80.43246,6.90337],[80.43239,6.90349],[80.43186,6.90379],[80.43142,6.9041],[80.43124,6.90417],[80.43104,6.90416],[80.43068,6.90403],[80.4303,6.90397],[80.42993,6.90408],[80.42979,6.90422],[80.42973,6.90444],[80.42969,6.90536],[80.42956,6.9058],[80.42955,6.90601],[80.42975,6.90681],[80.42972,6.90698],[80.42965,6.9071],[80.42904,6.90752],[80.42855,6.90792],[80.42836,6.90817],[80.42831,6.90831],[80.4283,6.90894],[80.42838,6.90964],[80.4286,6.91073],[80.42854,6.91105],[80.42835,6.91123],[80.42815,6.9113],[80.42766,6.91132],[80.42745,6.91145],[80.42666,6.91251],[80.42633,6.91274],[80.42607,6.91283],[80.42586,6.91285],[80.42569,6.91296],[80.42563,6.91312],[80.42565,6.91328],[80.42575,6.91339],[80.42599,6.91346],[80.42633,6.91347],[80.42646,6.91357],[80.42648,6.9137],[80.42644,6.91385],[80.42635,6.91402],[80.42609,6.91427],[80.42609,6.91447],[80.42615,6.91461],[80.42629,6.91472],[80.42759,6.91472],[80.42804,6.91449],[80.42835,6.91443],[80.4286,6.91444],[80.42874,6.9146],[80.42877,6.9148],[80.42862,6.9153],[80.42861,6.91553],[80.42895,6.91608],[80.429,6.91632],[80.42896,6.91652],[80.42888,6.91667],[80.42869,6.91684],[80.42774,6.91728],[80.42763,6.91741],[80.42761,6.91766],[80.42765,6.91784],[80.42779,6.91796],[80.42817,6.91797],[80.42866,6.91766],[80.42884,6.91763],[80.42956,6.91802],[80.42995,6.9181],[80.431,6.91818],[80.4311,6.91808],[80.43106,6.91785],[80.43008,6.91647],[80.42966,6.91601],[80.42957,6.91583],[80.4296,6.9153],[80.4299,6.91459],[80.42988,6.91447],[80.42942,6.91422],[80.42938,6.91407],[80.42941,6.91392],[80.42948,6.91381],[80.4299,6.9138],[80.43036,6.91362],[80.43047,6.9135],[80.43054,6.91308],[80.43063,6.91294],[80.43094,6.91289],[80.43108,6.91299],[80.43119,6.91318],[80.43131,6.91346],[80.43159,6.91389],[80.43166,6.91416],[80.43164,6.91477],[80.43129,6.91589],[80.43126,6.91612],[80.43131,6.91637],[80.43222,6.91842],[80.43232,6.91859],[80.43249,6.91873],[80.43292,6.9189],[80.43307,6.91902],[80.43316,6.91916],[80.43335,6.9199],[80.43337,6.92017],[80.43331,6.92059],[80.43308,6.92105],[80.43273,6.92129],[80.43169,6.92157],[80.43152,6.92168],[80.43142,6.92187],[80.43142,6.92251],[80.43163,6.92357],[80.43175,6.92383],[80.4319,6.92398],[80.43223,6.92408],[80.43246,6.92406],[80.43283,6.92395],[80.4334,6.92342],[80.43457,6.92313],[80.43564,6.9225],[80.43589,6.9224],[80.43809,6.9218],[80.43854,6.92177],[80.43873,6.92186],[80.43885,6.92185],[80.43906,6.92148],[80.4392,6.92138],[80.44027,6.92099],[80.44063,6.92089],[80.44131,6.92088],[80.44148,6.92097],[80.44168,6.92125],[80.44184,6.9213],[80.44199,6.92124],[80.44246,6.9205],[80.44253,6.92031],[80.44257,6.9201],[80.44251,6.91949],[80.44257,6.91935],[80.44276,6.91922],[80.44304,6.91922],[80.44326,6.91932],[80.44372,6.91981],[80.44376,6.91994],[80.44366,6.92033],[80.44367,6.92049],[80.44382,6.92074],[80.44405,6.92086],[80.44407,6.92099],[80.444,6.92114],[80.44369,6.92126],[80.44359,6.92136],[80.44349,6.92195],[80.44335,6.92219],[80.443,6.92249],[80.44274,6.9226],[80.44255,6.92254],[80.44242,6.92242],[80.44226,6.92202],[80.44217,6.92188],[80.44197,6.92181],[80.44177,6.92182],[80.44156,6.92187],[80.44086,6.92223],[80.44015,6.92227],[80.43963,6.92256],[80.43889,6.92269],[80.43864,6.92284],[80.43854,6.92306],[80.43851,6.92326],[80.43862,6.92344],[80.43932,6.92398],[80.4397,6.92418],[80.44005,6.9243],[80.4406,6.92422],[80.44108,6.924],[80.44122,6.924],[80.4413,6.92409],[80.4412,6.92467],[80.44128,6.92515],[80.44164,6.92588],[80.44178,6.92601],[80.44202,6.92603],[80.44306,6.92547],[80.44326,6.92548],[80.44403,6.92582],[80.44417,6.92596],[80.44423,6.92614],[80.44421,6.92629],[80.44412,6.92641],[80.44385,6.92652],[80.44201,6.92704],[80.44174,6.92724],[80.44155,6.9275],[80.44112,6.92823],[80.44103,6.9285],[80.44128,6.93],[80.44132,6.93076],[80.44129,6.93094],[80.44108,6.93139],[80.44101,6.93165],[80.44111,6.9327],[80.44098,6.93365],[80.44085,6.93411],[80.44087,6.93431],[80.44105,6.93472],[80.44104,6.93494],[80.44095,6.93519],[80.44054,6.93593],[80.44047,6.93636],[80.44055,6.93659],[80.44075,6.93677],[80.44097,6.93689],[80.44107,6.937],[80.44108,6.93712],[80.44039,6.93939],[80.44038,6.94],[80.44046,6.94049],[80.4406,6.94079],[80.44061,6.94111],[80.44023,6.94168],[80.44017,6.94192],[80.44019,6.94255],[80.44045,6.94327],[80.44049,6.94361],[80.44053,6.94565],[80.44066,6.94603],[80.44081,6.94615],[80.44127,6.94624],[80.44139,6.94632],[80.44187,6.94691],[80.44221,6.94722],[80.44291,6.94774],[80.4432,6.94805],[80.44326,6.9484],[80.44294,6.94928],[80.44296,6.94988],[80.44291,6.95004],[80.44283,6.95013],[80.44265,6.95022],[80.44236,6.95025],[80.44232,6.95034],[80.44236,6.95045],[80.44269,6.95079],[80.44279,6.95101],[80.44282,6.95124],[80.4427,6.95184],[80.4427,6.95199],[80.44277,6.95213],[80.44288,6.9522],[80.44363,6.9524],[80.44372,6.9525],[80.4437,6.95275],[80.44348,6.95302],[80.44351,6.95311],[80.44361,6.95317],[80.44379,6.95306],[80.44398,6.95303],[80.4442,6.95307],[80.44431,6.95315],[80.44447,6.9534],[80.44466,6.95346],[80.44502,6.95336],[80.44514,6.95338],[80.44545,6.95375],[80.44557,6.95381],[80.44602,6.9538],[80.44622,6.95369],[80.44639,6.95352],[80.44659,6.95345],[80.44706,6.9535],[80.44734,6.95347],[80.44744,6.95339],[80.44744,6.95323],[80.44735,6.95312],[80.44696,6.95304],[80.44682,6.9529],[80.44687,6.95253],[80.44702,6.95246],[80.44721,6.95243],[80.44735,6.95248],[80.4474,6.95258],[80.44748,6.95299],[80.44758,6.95318],[80.44771,6.95328],[80.44809,6.9532],[80.4487,6.95282],[80.44869,6.95258],[80.44859,6.95245],[80.44842,6.95242],[80.44812,6.95254],[80.44785,6.95254],[80.44776,6.95243],[80.44775,6.95205],[80.44767,6.95195],[80.44737,6.95184],[80.44718,6.95161],[80.44709,6.95117],[80.44713,6.95099],[80.44719,6.95089],[80.44764,6.95077],[80.44777,6.95067],[80.44784,6.95051],[80.44781,6.95018],[80.44795,6.95001],[80.44814,6.95001],[80.44836,6.9501],[80.44855,6.95028],[80.44867,6.95049],[80.44878,6.95074],[80.44871,6.95151],[80.44877,6.95175],[80.44895,6.952],[80.4494,6.95243],[80.44931,6.95319],[80.44936,6.95359],[80.44971,6.95414],[80.44982,6.95459],[80.44995,6.95474],[80.45072,6.95502],[80.4509,6.9552],[80.45099,6.95535],[80.45118,6.95624],[80.45111,6.95668],[80.45085,6.95696],[80.45062,6.95702],[80.45025,6.95698],[80.44973,6.95663],[80.44932,6.95652],[80.44876,6.95628],[80.44852,6.95624],[80.44841,6.9563],[80.44837,6.95646],[80.44844,6.9566],[80.4487,6.95682],[80.44877,6.95699],[80.44871,6.95709],[80.4483,6.95738],[80.44817,6.95762],[80.4481,6.95792],[80.44834,6.95888],[80.44848,6.95902],[80.44867,6.95907],[80.44891,6.95897],[80.44941,6.95857],[80.44986,6.95806],[80.45009,6.95798],[80.4502,6.95802],[80.45025,6.95811],[80.45023,6.95823],[80.44998,6.9584],[80.44991,6.95892],[80.44944,6.9594],[80.44937,6.95955],[80.4495,6.96048],[80.44937,6.96095],[80.44918,6.96116],[80.44873,6.96143],[80.44855,6.96144],[80.4484,6.96133],[80.44827,6.96084],[80.44825,6.96052],[80.44836,6.95969],[80.44831,6.95946],[80.44815,6.95925],[80.44754,6.95904],[80.44729,6.959],[80.4471,6.95904],[80.44694,6.95915],[80.44652,6.95979],[80.44641,6.95982],[80.44623,6.95974],[80.44612,6.95961],[80.44589,6.95911],[80.44573,6.95893],[80.44541,6.95873],[80.44525,6.95857],[80.44521,6.95837],[80.44531,6.95817],[80.44556,6.9579],[80.44558,6.95779],[80.44551,6.95762],[80.44523,6.95726],[80.44517,6.95708],[80.44519,6.95685],[80.44533,6.95653],[80.44532,6.95638],[80.44513,6.95606],[80.44428,6.95537],[80.4442,6.95518],[80.44414,6.95484],[80.44379,6.95423],[80.44367,6.95363],[80.44335,6.95314],[80.44333,6.95297],[80.44356,6.95263],[80.44355,6.95256],[80.44343,6.95249],[80.44289,6.95262],[80.44272,6.95256],[80.44241,6.95226],[80.44228,6.95224],[80.44191,6.95241],[80.44137,6.95249],[80.44116,6.95244],[80.44097,6.95225],[80.44093,6.95189],[80.44108,6.95163],[80.44137,6.95128],[80.4414,6.95117],[80.44104,6.95046],[80.4406,6.95011],[80.44,6.9493],[80.43997,6.94917],[80.44015,6.94853],[80.44016,6.94831],[80.44004,6.94789],[80.44009,6.94745],[80.43993,6.94659],[80.43983,6.94648],[80.43974,6.94647],[80.4396,6.94653],[80.43953,6.94698],[80.43939,6.94706],[80.43911,6.94699],[80.43893,6.94707],[80.43794,6.94799],[80.43783,6.94819],[80.43754,6.9522],[80.43765,6.95259],[80.43806,6.95317],[80.43805,6.95338],[80.43792,6.9535],[80.43772,6.95348],[80.43721,6.95329],[80.43703,6.95328],[80.4369,6.95334],[80.43684,6.95353],[80.43688,6.9537],[80.4371,6.95392],[80.43751,6.9546],[80.43762,6.95469],[80.43792,6.95481],[80.4384,6.95495],[80.4385,6.95504],[80.43853,6.9553],[80.43826,6.95577],[80.43818,6.95615],[80.43808,6.9562],[80.43794,6.9562],[80.43775,6.95606],[80.43721,6.95593],[80.43669,6.95534],[80.43635,6.95512],[80.43621,6.95511],[80.43586,6.95526],[80.43506,6.95515],[80.4349,6.95526],[80.4348,6.95542],[80.43444,6.95659],[80.43421,6.957],[80.43422,6.95718],[80.43431,6.95737],[80.43446,6.95752],[80.43477,6.95767],[80.4353,6.95773],[80.43569,6.95787],[80.43582,6.95803],[80.43588,6.95819],[80.43574,6.95854],[80.43561,6.95857],[80.43502,6.95841],[80.43484,6.95824],[80.43475,6.95784],[80.43464,6.95767],[80.43411,6.95735],[80.43385,6.95723],[80.4334,6.95724],[80.43287,6.95747],[80.43274,6.95764],[80.43265,6.95842],[80.43257,6.95847],[80.43239,6.95837],[80.43219,6.95808],[80.43192,6.95791],[80.43162,6.95781],[80.43105,6.95776],[80.43084,6.95787],[80.43068,6.95851],[80.43057,6.9586],[80.43039,6.95863],[80.43021,6.95857],[80.42983,6.95813],[80.42964,6.95799],[80.42922,6.9579],[80.42829,6.95801],[80.42795,6.95811],[80.42657,6.95877],[80.42594,6.95919],[80.42586,6.95936],[80.42592,6.95975],[80.4265,6.96014],[80.42654,6.96027],[80.42646,6.96051],[80.4258,6.96073],[80.42569,6.96084],[80.42565,6.96095],[80.42567,6.96117],[80.42594,6.96163],[80.42611,6.96179],[80.42703,6.96219],[80.42713,6.96234],[80.42716,6.96249],[80.42713,6.96259],[80.42695,6.96274],[80.42613,6.96265],[80.42598,6.96275],[80.4259,6.96292],[80.42581,6.96371],[80.42538,6.96478],[80.42538,6.96505],[80.42553,6.96561],[80.42584,6.96607],[80.42604,6.96628],[80.4262,6.96631],[80.4264,6.96626],[80.42654,6.96614],[80.42661,6.9659],[80.42658,6.96558],[80.42641,6.96501],[80.4264,6.96467],[80.42643,6.96447],[80.42657,6.96418],[80.42675,6.96405],[80.427,6.96398],[80.42728,6.96398],[80.42752,6.9641],[80.42765,6.96433],[80.42765,6.96458],[80.42743,6.96503],[80.42725,6.96566],[80.42728,6.96673],[80.4272,6.96692],[80.42697,6.96713],[80.42629,6.96747],[80.42619,6.96764],[80.42619,6.9679],[80.42625,6.9681],[80.42643,6.9683],[80.42694,6.96856],[80.42705,6.96868],[80.42708,6.96884],[80.42706,6.9691],[80.4267,6.96969],[80.42646,6.96984],[80.42606,6.96995],[80.42547,6.96994],[80.42513,6.96985],[80.42486,6.96966],[80.42464,6.96933],[80.42432,6.9683],[80.42418,6.9681],[80.42403,6.96799],[80.4238,6.96797],[80.42349,6.96802],[80.42318,6.96814],[80.42294,6.96832],[80.42278,6.96852],[80.42271,6.96869],[80.42268,6.96925],[80.42263,6.96938],[80.42248,6.96955],[80.4223,6.96964],[80.42142,6.96984],[80.42113,6.96997],[80.42025,6.97056],[80.41994,6.97057],[80.41754,6.96992],[80.41622,6.96983],[80.41579,6.9692],[80.41582,6.96776],[80.41502,6.96712],[80.41431,6.96628],[80.41339,6.96563],[80.4124,6.96569],[80.41061,6.9661],[80.40968,6.96566],[80.40906,6.965],[80.40871,6.96518],[80.40807,6.96511],[80.40703,6.96543],[80.40658,6.96621],[80.40471,6.96683],[80.40355,6.96734],[80.40253,6.96791],[80.40102,6.96811],[80.40025,6.96858],[80.39969,6.96933],[80.39928,6.96996],[80.39902,6.97074],[80.39908,6.97166],[80.3988,6.97312],[80.39848,6.97399],[80.39849,6.97524],[80.39881,6.97616],[80.39949,6.97715],[80.40111,6.98006],[80.40136,6.98174],[80.4008,6.98232],[80.39856,6.98363],[80.39779,6.98417],[80.39734,6.98591],[80.39608,6.98619],[80.39543,6.98615],[80.39492,6.98638],[80.39366,6.98667],[80.39314,6.9864],[80.39312,6.98612],[80.39318,6.98575],[80.39341,6.98545],[80.39411,6.98511],[80.39425,6.9849],[80.39416,6.98459],[80.39393,6.98438],[80.39327,6.98425],[80.39276,6.98443],[80.39227,6.98484],[80.39152,6.98582],[80.39127,6.98649],[80.39033,6.98737],[80.39006,6.98719],[80.39021,6.98636],[80.39029,6.98532],[80.39061,6.98436],[80.38992,6.98366],[80.38909,6.98376],[80.38845,6.98345],[80.38782,6.98282],[80.38772,6.9824],[80.38785,6.98203],[80.38833,6.98163],[80.38823,6.98098],[80.38733,6.97977],[80.38645,6.97976],[80.38575,6.98016],[80.38558,6.97992],[80.38569,6.97944],[80.38682,6.97889],[80.38754,6.97832],[80.39073,6.97787],[80.39152,6.97739],[80.39219,6.9772],[80.39265,6.97665],[80.39245,6.97595],[80.39194,6.97555],[80.39069,6.97557],[80.38926,6.97418],[80.38911,6.97195],[80.3897,6.97162],[80.38981,6.97106],[80.38963,6.97036],[80.38847,6.97009],[80.38553,6.96907],[80.38425,6.9693],[80.38327,6.96993],[80.38196,6.97011],[80.38109,6.97008],[80.38114,6.96913],[80.381,6.96657],[80.37894,6.9649],[80.37397,6.96353],[80.37402,6.96765],[80.37092,6.96938],[80.36971,6.9747]],[[80.40264,6.98412],[80.40269,6.98405],[80.4028,6.98408],[80.40313,6.98455],[80.40325,6.98497],[80.40319,6.98544],[80.4031,6.98548],[80.40287,6.98552],[80.40282,6.98546],[80.40279,6.98447],[80.40264,6.98412]],[[80.40349,6.98668],[80.40352,6.9866],[80.40375,6.98657],[80.40391,6.98637],[80.40401,6.98643],[80.40408,6.98654],[80.40408,6.98662],[80.40383,6.98689],[80.40375,6.98691],[80.40358,6.98686],[80.40349,6.98668]],[[80.40521,6.98844],[80.40584,6.98827],[80.406,6.98885],[80.40537,6.98902],[80.40521,6.98844]]]}},{"type":"Feature","properties":{"c":"forest","n":"Peak Wilderness Sanctuary"},"geometry":{"type":"Polygon","coordinates":[[[80.38524,6.82114],[80.38527,6.8218],[80.38543,6.82209],[80.38571,6.82227],[80.38643,6.82256],[80.38917,6.82345],[80.38995,6.82393],[80.39029,6.82438],[80.39066,6.82504],[80.39104,6.82546],[80.39155,6.82574],[80.39275,6.82611],[80.39349,6.82624],[80.39438,6.82622],[80.39482,6.82619],[80.39551,6.82603],[80.39615,6.82583],[80.39652,6.8256],[80.39699,6.82513],[80.39832,6.82355],[80.39899,6.82258],[80.39925,6.82211],[80.3994,6.82164],[80.39936,6.8212],[80.39893,6.8203],[80.39882,6.81969],[80.39904,6.81911],[80.40055,6.81711],[80.40202,6.81575],[80.40604,6.8122],[80.40643,6.81148],[80.40708,6.80934],[80.40738,6.80862],[80.40774,6.80824],[80.40826,6.80803],[80.41094,6.8078],[80.41142,6.80772],[80.41176,6.80748],[80.41236,6.80671],[80.41279,6.80571],[80.41305,6.80478],[80.4131,6.80369],[80.41303,6.80276],[80.41287,6.80217],[80.41247,6.80123],[80.41237,6.80074],[80.41238,6.80022],[80.41249,6.79973],[80.41304,6.79844],[80.4133,6.79811],[80.41353,6.798],[80.41384,6.79798],[80.41417,6.79814],[80.41478,6.79877],[80.41515,6.79885],[80.41545,6.79875],[80.41559,6.79853],[80.41549,6.79766],[80.41554,6.7975],[80.41567,6.79745],[80.4158,6.79752],[80.41592,6.79777],[80.41615,6.79801],[80.41639,6.79816],[80.4167,6.79826],[80.4181,6.79839],[80.41854,6.79853],[80.41916,6.79886],[80.41942,6.79914],[80.4195,6.79932],[80.4198,6.79965],[80.41981,6.79978],[80.41965,6.80027],[80.41964,6.8005],[80.4198,6.80093],[80.41997,6.80111],[80.42034,6.80135],[80.42073,6.80204],[80.42091,6.8022],[80.42148,6.80245],[80.42206,6.80302],[80.42224,6.80314],[80.42251,6.80323],[80.42272,6.80323],[80.42298,6.80318],[80.4234,6.80288],[80.42355,6.80287],[80.42366,6.80294],[80.42369,6.80308],[80.4234,6.80372],[80.42292,6.80427],[80.42206,6.80468],[80.42192,6.8048],[80.4217,6.8051],[80.42143,6.80562],[80.42107,6.8061],[80.42095,6.80647],[80.42102,6.80685],[80.42136,6.80733],[80.42171,6.8075],[80.4219,6.80755],[80.42288,6.80758],[80.42301,6.80762],[80.42316,6.80775],[80.42316,6.80795],[80.42306,6.80811],[80.42291,6.80822],[80.42199,6.80851],[80.42166,6.8087],[80.42154,6.80885],[80.42139,6.80926],[80.42139,6.80967],[80.42143,6.80989],[80.42168,6.81036],[80.42171,6.81053],[80.42163,6.81071],[80.42013,6.81197],[80.41986,6.81224],[80.41973,6.81248],[80.41969,6.81271],[80.41976,6.81292],[80.41988,6.81303],[80.42044,6.81322],[80.42073,6.81343],[80.42096,6.81395],[80.4211,6.81409],[80.42178,6.81443],[80.42185,6.8146],[80.42185,6.81538],[80.42206,6.81571],[80.4224,6.81589],[80.42264,6.81587],[80.42293,6.81572],[80.42361,6.8152],[80.42386,6.8151],[80.42421,6.81502],[80.42477,6.81502],[80.42502,6.81496],[80.4254,6.81477],[80.42624,6.81414],[80.42747,6.81297],[80.42847,6.81232],[80.42855,6.81205],[80.4285,6.81162],[80.42863,6.81129],[80.42878,6.8112],[80.42892,6.81119],[80.42933,6.81128],[80.4295,6.81126],[80.42988,6.81112],[80.43043,6.81101],[80.43079,6.81072],[80.43094,6.81069],[80.4311,6.81077],[80.4312,6.81097],[80.4311,6.81142],[80.43028,6.813],[80.42993,6.81324],[80.42933,6.81337],[80.42921,6.81348],[80.42918,6.81362],[80.42923,6.8138],[80.42939,6.81396],[80.4298,6.81415],[80.43002,6.81418],[80.43062,6.81412],[80.43087,6.81416],[80.43098,6.81423],[80.43102,6.81435],[80.43098,6.81447],[80.43092,6.81454],[80.43073,6.81456],[80.43036,6.81449],[80.42992,6.81466],[80.42977,6.81473],[80.4296,6.81499],[80.42941,6.81505],[80.42912,6.81504],[80.42904,6.8151],[80.42899,6.81533],[80.42903,6.81548],[80.42947,6.81564],[80.4306,6.81569],[80.43078,6.81574],[80.43088,6.81585],[80.43085,6.81618],[80.43066,6.81639],[80.42938,6.81635],[80.42904,6.8164],[80.42889,6.81648],[80.42878,6.81662],[80.42874,6.81678],[80.42879,6.8171],[80.4289,6.81722],[80.42915,6.81735],[80.42953,6.81738],[80.42981,6.81735],[80.43058,6.8171],[80.43077,6.81711],[80.43095,6.81719],[80.43107,6.81755],[80.43104,6.81792],[80.43092,6.81808],[80.43078,6.81815],[80.43062,6.81814],[80.43028,6.81793],[80.43008,6.81788],[80.42969,6.81791],[80.42882,6.81819],[80.42868,6.81828],[80.42863,6.81847],[80.4287,6.81865],[80.42919,6.81888],[80.42934,6.819],[80.42939,6.81919],[80.42934,6.81974],[80.42957,6.8204],[80.42956,6.82059],[80.4295,6.82077],[80.42938,6.82092],[80.42867,6.82124],[80.42834,6.82154],[80.42823,6.82172],[80.42807,6.8223],[80.42774,6.82282],[80.42771,6.82299],[80.42785,6.82372],[80.42781,6.82418],[80.42765,6.82464],[80.42742,6.82492],[80.427,6.82528],[80.42692,6.8254],[80.4269,6.82561],[80.42699,6.82597],[80.42736,6.82656],[80.42739,6.82694],[80.42731,6.82711],[80.42718,6.82725],[80.42635,6.82763],[80.42606,6.82788],[80.42601,6.82802],[80.426,6.82852],[80.42576,6.82937],[80.42577,6.82975],[80.4259,6.83019],[80.42614,6.8304],[80.4266,6.83043],[80.42686,6.83034],[80.42714,6.83017],[80.42759,6.82964],[80.42791,6.82894],[80.42796,6.82861],[80.42784,6.82825],[80.42783,6.82805],[80.42792,6.82795],[80.42813,6.8279],[80.42828,6.82794],[80.42843,6.82806],[80.42859,6.82812],[80.42878,6.82809],[80.42914,6.8279],[80.42941,6.82761],[80.42958,6.82707],[80.42974,6.82699],[80.42989,6.82703],[80.43021,6.82756],[80.43052,6.82789],[80.43058,6.82807],[80.43056,6.82827],[80.43039,6.8286],[80.42982,6.8294],[80.4298,6.82959],[80.42994,6.82998],[80.43009,6.8301],[80.43029,6.83018],[80.43076,6.83016],[80.43092,6.83006],[80.43115,6.82975],[80.43124,6.82937],[80.43135,6.82922],[80.43201,6.82899],[80.43256,6.82866],[80.43278,6.82834],[80.43282,6.82795],[80.43292,6.82773],[80.43303,6.82767],[80.43321,6.82767],[80.43349,6.82778],[80.43358,6.82799],[80.43358,6.82813],[80.43347,6.82827],[80.4332,6.82842],[80.43309,6.82857],[80.43284,6.82908],[80.43257,6.82934],[80.43213,6.82996],[80.43161,6.83015],[80.43145,6.83025],[80.43106,6.83088],[80.43069,6.83136],[80.43035,6.83196],[80.43023,6.83248],[80.43026,6.83265],[80.43033,6.83283],[80.43045,6.83291],[80.43064,6.83296],[80.43094,6.8329],[80.43124,6.83264],[80.43143,6.83261],[80.43164,6.83264],[80.43204,6.83279],[80.43252,6.83326],[80.43273,6.83339],[80.43325,6.83345],[80.43348,6.83343],[80.4337,6.83334],[80.43459,6.8327],[80.43485,6.83261],[80.43531,6.83264],[80.43549,6.83276],[80.43564,6.83298],[80.43585,6.83359],[80.43592,6.834],[80.43589,6.83449],[80.43564,6.83517],[80.43541,6.83544],[80.43517,6.83559],[80.43486,6.83564],[80.4346,6.83556],[80.43443,6.83543],[80.43432,6.83526],[80.4343,6.83504],[80.43438,6.8349],[80.43496,6.83462],[80.43508,6.83446],[80.43508,6.83424],[80.43496,6.83404],[80.43478,6.83388],[80.43421,6.83393],[80.43382,6.83385],[80.4336,6.83388],[80.43311,6.83422],[80.43297,6.83423],[80.4323,6.83403],[80.43186,6.83416],[80.43164,6.8343],[80.43132,6.83463],[80.43116,6.83486],[80.4311,6.83505],[80.43114,6.83532],[80.43125,6.83554],[80.43147,6.8358],[80.43195,6.83618],[80.43242,6.83631],[80.43261,6.8363],[80.43278,6.83621],[80.43312,6.83579],[80.43332,6.8357],[80.43352,6.83572],[80.4339,6.83597],[80.43411,6.8362],[80.43428,6.83654],[80.4343,6.83673],[80.43424,6.83703],[80.43412,6.8371],[80.43393,6.8371],[80.43356,6.83698],[80.43308,6.83664],[80.43285,6.83669],[80.43228,6.83707],[80.4319,6.83712],[80.43153,6.83698],[80.43104,6.83666],[80.43061,6.836],[80.43034,6.83573],[80.43015,6.83568],[80.42975,6.83569],[80.42923,6.83597],[80.42903,6.83601],[80.42883,6.836],[80.42816,6.83582],[80.42801,6.83573],[80.42794,6.8356],[80.4279,6.83475],[80.42783,6.83463],[80.42765,6.83458],[80.42751,6.83465],[80.42742,6.83482],[80.42733,6.8352],[80.42734,6.83541],[80.42751,6.836],[80.42751,6.83617],[80.42745,6.83636],[80.4273,6.83649],[80.42711,6.8365],[80.42679,6.83639],[80.42641,6.83612],[80.42588,6.8354],[80.42535,6.83513],[80.42522,6.83498],[80.42503,6.83444],[80.42493,6.83427],[80.42463,6.83404],[80.42341,6.83355],[80.42322,6.83353],[80.42303,6.83357],[80.42263,6.834],[80.42245,6.83408],[80.4221,6.83393],[80.42189,6.8336],[80.42154,6.8334],[80.42147,6.83327],[80.42149,6.83313],[80.42162,6.83306],[80.42221,6.83302],[80.42283,6.83286],[80.42324,6.83292],[80.42354,6.83316],[80.42371,6.83319],[80.42383,6.83311],[80.42396,6.83296],[80.42398,6.83285],[80.42389,6.83275],[80.42331,6.83242],[80.42283,6.83233],[80.4217,6.83238],[80.42116,6.83226],[80.42091,6.83224],[80.4205,6.83229],[80.42015,6.83224],[80.42001,6.83227],[80.41979,6.83258],[80.41969,6.83264],[80.41955,6.83264],[80.41943,6.83258],[80.4193,6.83237],[80.41918,6.83234],[80.41878,6.83241],[80.41853,6.83252],[80.41843,6.83261],[80.41808,6.83337],[80.41794,6.83358],[80.41758,6.83396],[80.41687,6.83443],[80.41664,6.83474],[80.41664,6.83494],[80.41673,6.83511],[80.41721,6.83539],[80.41733,6.83554],[80.41737,6.83592],[80.41743,6.8361],[80.41769,6.83638],[80.41768,6.83658],[80.41752,6.83667],[80.417,6.83645],[80.41682,6.83649],[80.41644,6.83667],[80.41617,6.83695],[80.41612,6.83715],[80.41617,6.83733],[80.41627,6.83748],[80.41671,6.83783],[80.41677,6.83801],[80.41669,6.83818],[80.41639,6.83841],[80.41638,6.83858],[80.4165,6.8387],[80.41669,6.83873],[80.41686,6.83884],[80.41696,6.839],[80.41698,6.83919],[80.4169,6.8394],[80.41661,6.83967],[80.41653,6.83984],[80.4165,6.84022],[80.41629,6.84053],[80.41628,6.8408],[80.41634,6.8412],[80.41626,6.84134],[80.41587,6.84144],[80.41571,6.84135],[80.41553,6.84104],[80.41539,6.84095],[80.41516,6.84094],[80.41503,6.84099],[80.41478,6.8415],[80.4146,6.84177],[80.41444,6.84189],[80.41431,6.84195],[80.41405,6.84198],[80.41391,6.84191],[80.41378,6.84165],[80.41377,6.84123],[80.41398,6.84091],[80.41388,6.84069],[80.41388,6.84059],[80.41394,6.84053],[80.41406,6.84054],[80.41447,6.84074],[80.415,6.8407],[80.41551,6.84078],[80.41571,6.84075],[80.41603,6.84052],[80.4161,6.8404],[80.41612,6.84021],[80.4159,6.83986],[80.41586,6.83962],[80.41593,6.83957],[80.41644,6.83953],[80.41666,6.83941],[80.41668,6.83923],[80.41661,6.83903],[80.4165,6.83889],[80.41597,6.83871],[80.41572,6.83849],[80.41556,6.83846],[80.41516,6.83854],[80.41498,6.83852],[80.41475,6.83836],[80.41456,6.83809],[80.41437,6.83798],[80.41416,6.83794],[80.4139,6.83798],[80.41318,6.83831],[80.41288,6.83841],[80.41182,6.83818],[80.41163,6.83819],[80.41141,6.83831],[80.4113,6.8386],[80.41137,6.83892],[80.41158,6.83914],[80.41177,6.83924],[80.41246,6.83943],[80.41285,6.83943],[80.41313,6.83935],[80.41323,6.83937],[80.41339,6.83949],[80.41353,6.83972],[80.41362,6.83974],[80.41382,6.83974],[80.41419,6.83962],[80.41439,6.83962],[80.41447,6.83967],[80.41452,6.83976],[80.4145,6.83994],[80.41439,6.84009],[80.4142,6.84011],[80.41377,6.83991],[80.4134,6.83992],[80.41297,6.83973],[80.41268,6.83972],[80.41244,6.83986],[80.41228,6.84007],[80.41214,6.84014],[80.41087,6.84034],[80.41055,6.84054],[80.41032,6.84084],[80.41028,6.84121],[80.41035,6.84139],[80.4105,6.84152],[80.41086,6.84167],[80.41145,6.84164],[80.41162,6.84172],[80.41183,6.84204],[80.41183,6.84256],[80.41161,6.8434],[80.4116,6.8436],[80.41171,6.84415],[80.41162,6.84431],[80.41125,6.8444],[80.41068,6.84443],[80.41051,6.84449],[80.41019,6.84469],[80.41011,6.84486],[80.41015,6.84505],[80.41029,6.84519],[80.41078,6.84549],[80.41117,6.84563],[80.41129,6.84577],[80.4114,6.84614],[80.41139,6.84673],[80.41122,6.84707],[80.41107,6.84719],[80.41089,6.84727],[80.41051,6.84725],[80.41019,6.84706],[80.40982,6.84662],[80.40946,6.8465],[80.40927,6.84655],[80.40913,6.84667],[80.40905,6.84684],[80.40898,6.84702],[80.40897,6.84721],[80.40904,6.84739],[80.40939,6.84791],[80.40939,6.8481],[80.40928,6.84826],[80.40911,6.84834],[80.40892,6.84834],[80.40875,6.84825],[80.40832,6.84788],[80.40814,6.8478],[80.40794,6.84781],[80.40777,6.84788],[80.40765,6.84804],[80.40759,6.84822],[80.40768,6.84855],[80.4082,6.84912],[80.40832,6.84932],[80.40838,6.84956],[80.40834,6.84974],[80.40799,6.85019],[80.40781,6.85094],[80.40771,6.85111],[80.40752,6.85115],[80.40722,6.8512],[80.40647,6.85117],[80.40612,6.8513],[80.40591,6.85162],[80.40592,6.85228],[80.40588,6.85267],[80.40568,6.853],[80.40503,6.85334],[80.40483,6.85378],[80.40486,6.85406],[80.40494,6.85429],[80.4053,6.85469],[80.40555,6.85509],[80.40562,6.85541],[80.40542,6.85623],[80.40543,6.85662],[80.40552,6.857],[80.40588,6.8577],[80.40654,6.85858],[80.40666,6.85895],[80.40664,6.85912],[80.40643,6.85938],[80.4053,6.86016],[80.40482,6.8603],[80.40419,6.86035],[80.40402,6.86046],[80.40382,6.86082],[80.40366,6.86099],[80.40309,6.86118],[80.40301,6.8613],[80.40298,6.86151],[80.40301,6.86169],[80.40313,6.86187],[80.40331,6.86201],[80.40349,6.86208],[80.40426,6.86213],[80.40462,6.86232],[80.40499,6.86263],[80.40529,6.86278],[80.40559,6.86283],[80.40578,6.86275],[80.40591,6.86262],[80.406,6.8624],[80.40605,6.86178],[80.40612,6.8616],[80.40658,6.86113],[80.40686,6.86091],[80.40712,6.86078],[80.40764,6.86072],[80.40785,6.86079],[80.40806,6.86119],[80.40808,6.86142],[80.40795,6.86173],[80.40764,6.8621],[80.40755,6.86232],[80.40751,6.8627],[80.40802,6.86417],[80.40822,6.86435],[80.40838,6.86438],[80.40858,6.86434],[80.40867,6.86426],[80.40874,6.86413],[80.40883,6.86369],[80.40892,6.8635],[80.40917,6.86346],[80.40935,6.8633],[80.40936,6.86314],[80.40891,6.86277],[80.4088,6.8624],[80.40894,6.86192],[80.40908,6.86166],[80.40934,6.86142],[80.41022,6.86119],[80.41039,6.8612],[80.41049,6.86127],[80.41053,6.86147],[80.41054,6.86184],[80.41046,6.86202],[80.40994,6.86257],[80.40973,6.86296],[80.40969,6.86339],[80.40977,6.86422],[80.40997,6.86436],[80.41013,6.86436],[80.41027,6.8643],[80.41042,6.86415],[80.41086,6.86352],[80.41102,6.86338],[80.41107,6.86323],[80.4111,6.86278],[80.41119,6.86265],[80.41131,6.86263],[80.41158,6.86283],[80.41174,6.8629],[80.41191,6.86289],[80.41204,6.86281],[80.41226,6.86229],[80.41257,6.86199],[80.41333,6.86172],[80.41352,6.8617],[80.41367,6.86175],[80.41385,6.86203],[80.41381,6.86248],[80.41368,6.8629],[80.41344,6.8632],[80.41329,6.86322],[80.41295,6.86317],[80.4128,6.86327],[80.41267,6.86349],[80.41264,6.86374],[80.41255,6.86393],[80.41222,6.86434],[80.41214,6.86454],[80.41218,6.86467],[80.41232,6.86474],[80.41254,6.86471],[80.41315,6.86426],[80.41343,6.86414],[80.41403,6.86402],[80.41469,6.86432],[80.41524,6.86424],[80.41537,6.86427],[80.4156,6.86444],[80.41587,6.86449],[80.41615,6.86443],[80.41636,6.86427],[80.41642,6.86401],[80.41613,6.86345],[80.41611,6.86328],[80.41618,6.86305],[80.41649,6.86259],[80.41655,6.86246],[80.41653,6.86235],[80.41644,6.86224],[80.41627,6.86218],[80.41556,6.86214],[80.41545,6.86202],[80.41538,6.86181],[80.41546,6.86164],[80.41559,6.86156],[80.41616,6.86155],[80.41645,6.86132],[80.41654,6.86115],[80.41657,6.86096],[80.41652,6.86061],[80.4166,6.86045],[80.41677,6.86038],[80.41727,6.86038],[80.41748,6.86029],[80.41762,6.86017],[80.41793,6.8597],[80.41796,6.85957],[80.41791,6.85945],[80.41781,6.85932],[80.41753,6.85919],[80.41697,6.85901],[80.41687,6.85885],[80.41689,6.85866],[80.417,6.8585],[80.41762,6.85809],[80.41783,6.85801],[80.41815,6.85801],[80.4183,6.85812],[80.41839,6.85829],[80.4184,6.85848],[80.41825,6.85949],[80.41802,6.86022],[80.41797,6.86053],[80.418,6.86072],[80.41807,6.8609],[80.41818,6.86105],[80.41863,6.8614],[80.41933,6.86253],[80.41965,6.86272],[80.41983,6.86266],[80.41995,6.86251],[80.42001,6.86233],[80.42,6.86195],[80.41989,6.86155],[80.41988,6.86117],[80.42009,6.86044],[80.4201,6.86025],[80.42006,6.86006],[80.41965,6.85914],[80.41963,6.85896],[80.41967,6.85887],[80.4198,6.85884],[80.41992,6.85894],[80.4202,6.85945],[80.42044,6.85974],[80.42069,6.85996],[80.42205,6.86064],[80.42211,6.86082],[80.42198,6.86112],[80.42196,6.86131],[80.422,6.8615],[80.42231,6.8622],[80.42254,6.86362],[80.42277,6.86393],[80.42314,6.86402],[80.42351,6.86388],[80.42362,6.86373],[80.42371,6.86337],[80.42379,6.86197],[80.42375,6.86178],[80.42365,6.86162],[80.42339,6.86134],[80.42337,6.8612],[80.42341,6.86103],[80.42355,6.86089],[80.42364,6.86072],[80.42368,6.86035],[80.42326,6.8594],[80.4233,6.85921],[80.42342,6.85907],[80.42361,6.85903],[80.42395,6.85918],[80.42405,6.85934],[80.42441,6.86053],[80.42465,6.86083],[80.42515,6.86111],[80.42543,6.86136],[80.42562,6.86232],[80.42572,6.8625],[80.42598,6.86278],[80.42606,6.86294],[80.42607,6.86335],[80.42603,6.86353],[80.42566,6.86385],[80.42552,6.8642],[80.42602,6.86571],[80.42619,6.86598],[80.42663,6.86631],[80.42753,6.86669],[80.42797,6.86695],[80.42827,6.8672],[80.42848,6.86753],[80.42863,6.86788],[80.42865,6.86821],[80.42861,6.86873],[80.42853,6.86904],[80.42834,6.86926],[80.4281,6.86942],[80.42669,6.86993],[80.4265,6.8702],[80.42643,6.87048],[80.42633,6.87185],[80.42623,6.87222],[80.42589,6.87312],[80.42519,6.87436],[80.42487,6.8746],[80.42447,6.87477],[80.42358,6.87498],[80.4234,6.87507],[80.4234,6.87524],[80.42354,6.87533],[80.42491,6.87526],[80.42657,6.87531],[80.42679,6.87538],[80.42688,6.87554],[80.42695,6.8759],[80.42704,6.8773],[80.42698,6.87746],[80.42678,6.87755],[80.4266,6.87751],[80.42646,6.87733],[80.42609,6.87582],[80.42591,6.8757],[80.42556,6.87571],[80.42484,6.87622],[80.42447,6.87628],[80.42337,6.87606],[80.42298,6.87605],[80.42259,6.8761],[80.42224,6.87626],[80.42194,6.87649],[80.42175,6.87682],[80.42168,6.8772],[80.42151,6.87754],[80.42118,6.87773],[80.42097,6.87805],[80.42105,6.87842],[80.42132,6.87901],[80.42136,6.8794],[80.42133,6.87979],[80.42117,6.88013],[80.42039,6.88099],[80.42018,6.88139],[80.42001,6.88236],[80.42006,6.88275],[80.42015,6.88312],[80.42034,6.88347],[80.42059,6.88376],[80.4209,6.88399],[80.42125,6.88417],[80.42162,6.88424],[80.42244,6.88428],[80.42278,6.88448],[80.42289,6.88485],[80.42285,6.8851],[80.42265,6.88542],[80.42169,6.88609],[80.42154,6.88644],[80.42147,6.88682],[80.42149,6.8872],[80.42187,6.88785],[80.42217,6.88808],[80.42254,6.88818],[80.42293,6.88817],[80.42328,6.88805],[80.42351,6.88789],[80.42382,6.88754],[80.42416,6.88705],[80.42465,6.886],[80.42493,6.88527],[80.42518,6.88497],[80.42551,6.88477],[80.42589,6.88467],[80.4267,6.88465],[80.42746,6.88481],[80.42782,6.88495],[80.4282,6.88501],[80.42859,6.88496],[80.42894,6.88479],[80.42927,6.88458],[80.43084,6.88219],[80.43109,6.882],[80.43139,6.88193],[80.43178,6.88193],[80.43213,6.88204],[80.43245,6.88224],[80.43273,6.88248],[80.43315,6.88311],[80.43342,6.88338],[80.43378,6.88349],[80.43417,6.8835],[80.43451,6.88332],[80.43472,6.88299],[80.43476,6.88261],[80.43449,6.88189],[80.43409,6.88122],[80.43402,6.88085],[80.43405,6.88047],[80.43427,6.88017],[80.43456,6.87992],[80.43584,6.87911],[80.43701,6.87803],[80.43791,6.87755],[80.43858,6.87712],[80.4388,6.8768],[80.43893,6.87642],[80.43899,6.87581],[80.43908,6.87549],[80.43926,6.87518],[80.43977,6.87467],[80.44015,6.87464],[80.4409,6.87472],[80.44126,6.87462],[80.44141,6.8745],[80.44158,6.8742],[80.44165,6.87344],[80.44158,6.87327],[80.44104,6.87322],[80.44067,6.87312],[80.44055,6.87298],[80.44055,6.87279],[80.44066,6.87263],[80.44095,6.87239],[80.44105,6.87223],[80.44119,6.8721],[80.44157,6.87204],[80.44176,6.87207],[80.44186,6.87223],[80.44233,6.87256],[80.44236,6.87275],[80.44225,6.8729],[80.4419,6.8731],[80.44182,6.87327],[80.4418,6.87366],[80.44189,6.87383],[80.44218,6.87394],[80.4424,6.87395],[80.44266,6.87386],[80.44276,6.8737],[80.44284,6.87353],[80.44282,6.87315],[80.44294,6.87259],[80.44325,6.87212],[80.44356,6.87191],[80.44369,6.87176],[80.44393,6.87115],[80.44412,6.87039],[80.44413,6.8702],[80.44407,6.86984],[80.44397,6.86969],[80.44365,6.86949],[80.44347,6.86917],[80.44335,6.86869],[80.44337,6.86831],[80.44347,6.86817],[80.44398,6.86799],[80.44418,6.86767],[80.44419,6.86748],[80.44389,6.86683],[80.44376,6.86667],[80.44363,6.86663],[80.4435,6.86669],[80.44325,6.86711],[80.44306,6.86716],[80.44282,6.86716],[80.4426,6.86709],[80.44249,6.86699],[80.4425,6.86686],[80.44265,6.86675],[80.44321,6.86669],[80.44335,6.86656],[80.44351,6.86622],[80.44366,6.8661],[80.44383,6.86605],[80.44419,6.86603],[80.44453,6.86587],[80.4451,6.86581],[80.44525,6.86569],[80.44531,6.86512],[80.4454,6.86495],[80.44554,6.86483],[80.44589,6.86466],[80.44596,6.86455],[80.44597,6.86443],[80.4459,6.86429],[80.44561,6.86413],[80.44447,6.86412],[80.44429,6.86405],[80.4441,6.86372],[80.44409,6.86353],[80.44419,6.86336],[80.44452,6.86314],[80.44466,6.86293],[80.44485,6.86237],[80.44506,6.86205],[80.44541,6.86188],[80.44561,6.86186],[80.44599,6.86197],[80.4463,6.86219],[80.44643,6.86233],[80.44675,6.86301],[80.44694,6.86318],[80.44746,6.86346],[80.44757,6.86362],[80.44769,6.86398],[80.44797,6.86443],[80.44802,6.86461],[80.448,6.8648],[80.44781,6.86512],[80.4473,6.86537],[80.44717,6.86551],[80.44708,6.86568],[80.44708,6.86607],[80.44697,6.86625],[80.44669,6.86648],[80.4466,6.86665],[80.44662,6.86684],[80.44676,6.8672],[80.44674,6.86739],[80.44664,6.86756],[80.44648,6.86765],[80.44539,6.86755],[80.4452,6.86758],[80.44505,6.86769],[80.44479,6.86799],[80.44472,6.86815],[80.44473,6.86874],[80.44467,6.86889],[80.44422,6.86919],[80.44408,6.8694],[80.44403,6.8696],[80.44415,6.86978],[80.44427,6.86987],[80.44456,6.86976],[80.4447,6.86976],[80.44486,6.86988],[80.44503,6.87042],[80.44521,6.8705],[80.4454,6.87056],[80.44579,6.87057],[80.44635,6.87039],[80.44654,6.87039],[80.44672,6.87046],[80.44682,6.87062],[80.44684,6.87081],[80.44681,6.87135],[80.44672,6.87152],[80.44657,6.87163],[80.4464,6.87173],[80.4462,6.87175],[80.44603,6.87166],[80.4456,6.87129],[80.44527,6.87113],[80.44452,6.87117],[80.44419,6.87135],[80.44408,6.87151],[80.44403,6.87188],[80.4442,6.87223],[80.44442,6.87253],[80.44445,6.87272],[80.44434,6.87328],[80.44437,6.87367],[80.44442,6.87385],[80.44469,6.87438],[80.44476,6.87456],[80.44476,6.87475],[80.44462,6.87511],[80.44447,6.87523],[80.44429,6.8753],[80.44391,6.87532],[80.44373,6.87527],[80.4436,6.87513],[80.44333,6.87442],[80.44324,6.87425],[80.4431,6.87412],[80.44291,6.87408],[80.44273,6.87414],[80.44262,6.87431],[80.44262,6.87469],[80.44271,6.87504],[80.44265,6.87522],[80.44237,6.87549],[80.4423,6.87567],[80.44231,6.87586],[80.44241,6.87603],[80.44258,6.87613],[80.44263,6.87626],[80.44243,6.87722],[80.44244,6.87742],[80.44252,6.8776],[80.4428,6.87787],[80.44286,6.87801],[80.44281,6.87819],[80.44255,6.87834],[80.44247,6.87847],[80.44237,6.87979],[80.44251,6.88012],[80.44266,6.88023],[80.44285,6.88026],[80.44303,6.88019],[80.44361,6.87966],[80.44378,6.87959],[80.44454,6.87946],[80.44506,6.87967],[80.44524,6.87965],[80.44539,6.87956],[80.44633,6.87858],[80.44651,6.87849],[80.44707,6.8784],[80.44773,6.87821],[80.44809,6.87828],[80.44873,6.8787],[80.44881,6.87888],[80.4488,6.87907],[80.44874,6.87925],[80.44861,6.8794],[80.44812,6.87967],[80.44799,6.87982],[80.44791,6.88],[80.44772,6.88076],[80.4476,6.88091],[80.44725,6.8812],[80.44703,6.88151],[80.4468,6.88204],[80.44667,6.8822],[80.44651,6.88231],[80.44632,6.88235],[80.44547,6.88223],[80.44507,6.88223],[80.44489,6.88228],[80.44429,6.88286],[80.44381,6.8832],[80.44374,6.88338],[80.44381,6.88356],[80.44413,6.88376],[80.44467,6.88431],[80.44506,6.88453],[80.44536,6.8846],[80.44607,6.88455],[80.44669,6.88431],[80.44689,6.88417],[80.44737,6.88358],[80.44756,6.88353],[80.44829,6.88371],[80.44867,6.88373],[80.44892,6.88367],[80.44949,6.88331],[80.44986,6.8832],[80.45153,6.88321],[80.45187,6.88305],[80.45303,6.88236],[80.4533,6.88228],[80.45358,6.88228],[80.45398,6.88249],[80.45435,6.88256],[80.45504,6.88225],[80.45543,6.88225],[80.45569,6.88214],[80.45595,6.88168],[80.45609,6.88155],[80.45639,6.88134],[80.45664,6.88131],[80.45672,6.88152],[80.45665,6.88162],[80.45607,6.88199],[80.45595,6.88211],[80.45598,6.88236],[80.45612,6.88265],[80.45611,6.88276],[80.45602,6.88283],[80.45591,6.88283],[80.45546,6.8825],[80.45528,6.88242],[80.45509,6.88243],[80.45491,6.88251],[80.45471,6.88275],[80.45471,6.8829],[80.45477,6.88302],[80.45544,6.88347],[80.4555,6.8836],[80.45547,6.88371],[80.45536,6.88377],[80.45522,6.88376],[80.45472,6.88349],[80.45448,6.88322],[80.45428,6.88286],[80.45414,6.88278],[80.45398,6.88281],[80.45384,6.88294],[80.45376,6.88306],[80.45372,6.88324],[80.45399,6.88371],[80.4541,6.88378],[80.45439,6.88383],[80.45452,6.88389],[80.45484,6.88424],[80.45501,6.88429],[80.45581,6.88406],[80.45642,6.88412],[80.45658,6.884],[80.45655,6.88387],[80.45585,6.88378],[80.45569,6.88364],[80.45563,6.88341],[80.4558,6.88334],[80.4563,6.88331],[80.45704,6.88309],[80.45723,6.88319],[80.45731,6.88331],[80.45738,6.8837],[80.45752,6.88406],[80.4578,6.88432],[80.45817,6.88444],[80.45837,6.88441],[80.45869,6.88419],[80.45875,6.88404],[80.45882,6.88365],[80.45908,6.88314],[80.45925,6.88303],[80.45963,6.88308],[80.45977,6.88322],[80.45981,6.8834],[80.45969,6.88396],[80.45992,6.88447],[80.45997,6.88523],[80.46006,6.88539],[80.46024,6.88548],[80.46042,6.88543],[80.46053,6.88526],[80.46054,6.88488],[80.46065,6.88452],[80.46081,6.8844],[80.461,6.88434],[80.46197,6.88431],[80.46215,6.88439],[80.46215,6.88458],[80.46203,6.88474],[80.46111,6.885],[80.46103,6.88517],[80.46106,6.88536],[80.46123,6.88546],[80.46173,6.88562],[80.46188,6.88573],[80.46206,6.88608],[80.46225,6.88612],[80.46264,6.88604],[80.46282,6.88613],[80.46289,6.88631],[80.46286,6.88668],[80.46215,6.88712],[80.46181,6.8871],[80.46168,6.88701],[80.46164,6.88687],[80.46167,6.88673],[80.46185,6.88646],[80.46181,6.88627],[80.46171,6.88614],[80.46149,6.88608],[80.46131,6.88609],[80.46122,6.88619],[80.46112,6.88651],[80.46102,6.88667],[80.4609,6.88677],[80.46065,6.88677],[80.46012,6.88659],[80.45993,6.88661],[80.45959,6.88677],[80.45939,6.88677],[80.45922,6.88669],[80.45913,6.88653],[80.45918,6.88635],[80.4594,6.88616],[80.45939,6.88597],[80.45929,6.8858],[80.45892,6.88578],[80.45875,6.88586],[80.4586,6.8861],[80.45828,6.88629],[80.45809,6.8863],[80.45793,6.8862],[80.45796,6.886],[80.45808,6.88586],[80.45857,6.88563],[80.45864,6.88558],[80.45866,6.88546],[80.45837,6.88516],[80.45815,6.88486],[80.45798,6.88477],[80.45706,6.8845],[80.45652,6.88422],[80.45595,6.88414],[80.45542,6.88433],[80.45497,6.88468],[80.45406,6.88493],[80.45392,6.88506],[80.45361,6.88575],[80.45304,6.88618],[80.45233,6.88645],[80.4522,6.88659],[80.45214,6.88677],[80.45214,6.88699],[80.45206,6.88736],[80.45196,6.88752],[80.45164,6.88771],[80.45127,6.88781],[80.45109,6.88777],[80.45095,6.88764],[80.45093,6.88726],[80.4512,6.88674],[80.45133,6.88621],[80.45137,6.88525],[80.45102,6.88491],[80.45069,6.88482],[80.45055,6.88483],[80.45039,6.88514],[80.45025,6.88527],[80.44996,6.88539],[80.44966,6.88561],[80.44953,6.88576],[80.44921,6.88647],[80.44901,6.88676],[80.44824,6.88744],[80.44793,6.88809],[80.44781,6.88824],[80.44764,6.88833],[80.44731,6.88835],[80.44715,6.88825],[80.44682,6.88779],[80.44644,6.88773],[80.44603,6.88812],[80.44585,6.8882],[80.44547,6.88827],[80.44496,6.88849],[80.44459,6.88846],[80.44405,6.88827],[80.44386,6.8883],[80.44353,6.88847],[80.44333,6.88846],[80.44282,6.88821],[80.44263,6.8882],[80.44244,6.88823],[80.44228,6.88832],[80.44196,6.88854],[80.44184,6.88869],[80.44182,6.88888],[80.44193,6.88904],[80.44227,6.88922],[80.44257,6.88949],[80.44265,6.88967],[80.44267,6.88986],[80.44264,6.89005],[80.44255,6.89022],[80.44212,6.89064],[80.44163,6.89094],[80.44156,6.89108],[80.4416,6.89125],[80.44173,6.89133],[80.44189,6.89134],[80.44207,6.89127],[80.44244,6.89102],[80.44274,6.89074],[80.44299,6.89061],[80.4437,6.89051],[80.44497,6.89019],[80.44553,6.89016],[80.44611,6.89025],[80.44642,6.89023],[80.44664,6.89016],[80.44722,6.88984],[80.44737,6.88986],[80.44792,6.89038],[80.44826,6.89056],[80.44845,6.89055],[80.44883,6.89045],[80.44901,6.8905],[80.44922,6.89042],[80.44949,6.88993],[80.44987,6.88987],[80.45004,6.88997],[80.45026,6.89025],[80.45056,6.89095],[80.45061,6.89133],[80.45046,6.89172],[80.45048,6.89191],[80.45072,6.89243],[80.45072,6.89263],[80.45063,6.89299],[80.45045,6.89324],[80.45034,6.89323],[80.44984,6.89278],[80.44942,6.89259],[80.44914,6.89233],[80.4488,6.89216],[80.44856,6.89212],[80.44832,6.89215],[80.44813,6.89219],[80.44761,6.89246],[80.44742,6.8925],[80.44703,6.89245],[80.44685,6.89235],[80.44649,6.89205],[80.44603,6.89156],[80.44587,6.89145],[80.4457,6.89142],[80.4455,6.89143],[80.44534,6.89153],[80.4453,6.89172],[80.44538,6.89228],[80.44536,6.89241],[80.44527,6.89248],[80.44514,6.89249],[80.44452,6.89205],[80.44427,6.89191],[80.44398,6.89184],[80.44378,6.89183],[80.44334,6.89193],[80.44311,6.89194],[80.44285,6.89192],[80.44221,6.89173],[80.44192,6.89174],[80.44162,6.89187],[80.44157,6.89197],[80.4416,6.89209],[80.44195,6.89235],[80.442,6.89247],[80.44201,6.89284],[80.44211,6.89304],[80.4426,6.89358],[80.4427,6.89378],[80.44313,6.89535],[80.44329,6.89565],[80.44346,6.89579],[80.44359,6.89576],[80.44371,6.89562],[80.44372,6.89469],[80.44378,6.89455],[80.44391,6.89451],[80.44407,6.89456],[80.44419,6.89468],[80.44437,6.89507],[80.4445,6.8955],[80.44457,6.89605],[80.44464,6.89788],[80.44487,6.89958],[80.44496,6.90094],[80.44504,6.90141],[80.44519,6.9017],[80.44535,6.90181],[80.44576,6.90181],[80.44758,6.90124],[80.44797,6.90126],[80.44815,6.90133],[80.44855,6.9013],[80.44886,6.90138],[80.44889,6.90153],[80.44878,6.90164],[80.4486,6.90169],[80.44807,6.90172],[80.44789,6.90186],[80.44787,6.90205],[80.44804,6.90215],[80.44843,6.90216],[80.44873,6.90226],[80.44877,6.90238],[80.44873,6.90253],[80.44812,6.90302],[80.44739,6.90339],[80.44713,6.90358],[80.44692,6.90389],[80.44673,6.90434],[80.44637,6.9048],[80.44636,6.90499],[80.44648,6.90536],[80.44649,6.90593],[80.44664,6.90655],[80.44915,6.90516],[80.45215,6.90546],[80.45402,6.90632],[80.45629,6.90441],[80.4577,6.90243],[80.45948,6.90031],[80.46255,6.89969],[80.46426,6.90125],[80.46734,6.9017],[80.46871,6.90067],[80.47015,6.90037],[80.47332,6.8981],[80.47673,6.89818],[80.47918,6.89864],[80.48278,6.89683],[80.48699,6.8933],[80.4967,6.88917],[80.50756,6.88783],[80.50775,6.88773],[80.50831,6.88771],[80.50843,6.88767],[80.50892,6.88706],[80.50905,6.88656],[80.50912,6.88652],[80.50935,6.88663],[80.50948,6.88655],[80.50957,6.88627],[80.5098,6.88598],[80.50981,6.88571],[80.50993,6.88555],[80.50999,6.88523],[80.51006,6.88513],[80.51025,6.88507],[80.51033,6.88498],[80.51044,6.88464],[80.51051,6.88455],[80.51082,6.88442],[80.51054,6.88409],[80.51017,6.88385],[80.51004,6.88371],[80.51003,6.88347],[80.51021,6.88318],[80.51019,6.88296],[80.5101,6.88288],[80.50996,6.88286],[80.50981,6.8829],[80.509,6.88338],[80.50847,6.88355],[80.5082,6.88373],[80.50777,6.88441],[80.50711,6.88474],[80.507,6.88488],[80.50696,6.88504],[80.50696,6.88586],[80.50701,6.88609],[80.50734,6.88665],[80.50736,6.88681],[80.50729,6.88696],[80.50718,6.88706],[80.50693,6.88703],[80.50669,6.88688],[80.50665,6.8867],[80.50681,6.88634],[80.50682,6.88614],[80.50672,6.88597],[80.50657,6.88586],[80.50599,6.88558],[80.50582,6.88539],[80.5055,6.88454],[80.50538,6.88437],[80.50519,6.8842],[80.50463,6.88397],[80.50438,6.88379],[80.50413,6.88344],[80.50381,6.8828],[80.50381,6.88232],[80.50393,6.88198],[80.50411,6.88177],[80.5044,6.88154],[80.50557,6.88078],[80.50721,6.88096],[80.50744,6.88104],[80.50827,6.88157],[80.50863,6.88168],[80.50936,6.88172],[80.50949,6.88178],[80.50962,6.88192],[80.50998,6.88266],[80.51028,6.88298],[80.51032,6.88311],[80.51029,6.88323],[80.51013,6.88346],[80.51011,6.88371],[80.5106,6.88406],[80.51077,6.88428],[80.51092,6.88426],[80.51103,6.884],[80.51105,6.88383],[80.51099,6.88286],[80.51107,6.88278],[80.51138,6.88277],[80.51154,6.88271],[80.51173,6.88232],[80.512,6.88198],[80.51204,6.88183],[80.512,6.88168],[80.51162,6.88111],[80.51141,6.88096],[80.51085,6.88091],[80.51015,6.88125],[80.50996,6.88129],[80.50958,6.88127],[80.5094,6.88117],[80.50924,6.88082],[80.50913,6.87996],[80.50896,6.87968],[80.50845,6.87909],[80.50824,6.87856],[80.50823,6.87836],[80.50853,6.87769],[80.50857,6.87713],[80.50868,6.87685],[80.50912,6.87657],[80.50945,6.87654],[80.51019,6.87675],[80.51059,6.87676],[80.51085,6.87666],[80.51139,6.87593],[80.5117,6.87573],[80.512,6.87576],[80.51238,6.87651],[80.51265,6.87679],[80.51291,6.87678],[80.51314,6.87663],[80.51327,6.87631],[80.51336,6.87541],[80.5135,6.87507],[80.51372,6.87475],[80.51402,6.8745],[80.51437,6.87434],[80.51472,6.87425],[80.51511,6.87424],[80.51547,6.8743],[80.51583,6.87441],[80.51617,6.87458],[80.51681,6.87504],[80.51737,6.87559],[80.51753,6.87584],[80.51769,6.87622],[80.51785,6.87696],[80.51799,6.87733],[80.51837,6.87801],[80.51863,6.87831],[80.51921,6.87885],[80.51938,6.87895],[80.51975,6.87903],[80.52015,6.87903],[80.52033,6.8791],[80.52037,6.87932],[80.52033,6.87951],[80.51975,6.8804],[80.51943,6.88066],[80.51923,6.88064],[80.51912,6.88048],[80.51906,6.8803],[80.51909,6.87972],[80.51901,6.87955],[80.51886,6.8794],[80.51868,6.87932],[80.51827,6.8793],[80.51788,6.87934],[80.51769,6.87943],[80.51741,6.87971],[80.51707,6.88066],[80.51685,6.88101],[80.51582,6.88213],[80.51549,6.88285],[80.51525,6.88314],[80.5145,6.88378],[80.51439,6.88394],[80.51437,6.88413],[80.51452,6.88424],[80.51471,6.88429],[80.51509,6.8843],[80.51548,6.88424],[80.51596,6.88393],[80.51621,6.88361],[80.51627,6.88341],[80.51624,6.88237],[80.51632,6.88219],[80.51644,6.88205],[80.51664,6.882],[80.51704,6.88206],[80.51719,6.88216],[80.51728,6.88232],[80.51729,6.88253],[80.51721,6.88292],[80.51689,6.88343],[80.51685,6.88362],[80.51687,6.88381],[80.51699,6.88396],[80.51736,6.88412],[80.51755,6.88412],[80.51789,6.88394],[80.51819,6.88368],[80.51875,6.88308],[80.51945,6.88275],[80.51977,6.88253],[80.52003,6.88225],[80.52071,6.88051],[80.52127,6.87987],[80.52241,6.879],[80.52326,6.8782],[80.52344,6.87815],[80.52383,6.87815],[80.5242,6.87808],[80.52451,6.87786],[80.52554,6.87652],[80.5256,6.87633],[80.52558,6.87595],[80.52546,6.87553],[80.52516,6.87481],[80.5251,6.87442],[80.52513,6.87423],[80.52536,6.87393],[80.52552,6.87382],[80.5257,6.87353],[80.52582,6.87318],[80.52585,6.87287],[80.52572,6.87213],[80.52553,6.87206],[80.52533,6.87163],[80.52516,6.871],[80.52492,6.87066],[80.5247,6.87013],[80.52451,6.87005],[80.52434,6.87021],[80.52422,6.87023],[80.5242,6.87003],[80.52398,6.86935],[80.52427,6.86861],[80.52475,6.86818],[80.5259,6.86682],[80.52718,6.86557],[80.52725,6.86541],[80.52727,6.86512],[80.52702,6.86329],[80.52711,6.86261],[80.52734,6.86221],[80.52767,6.86191],[80.52855,6.86136],[80.52879,6.86126],[80.52929,6.86115],[80.52952,6.86103],[80.52997,6.86062],[80.53017,6.86058],[80.53036,6.86064],[80.53058,6.86083],[80.53083,6.86091],[80.53117,6.86093],[80.53179,6.86087],[80.53266,6.86071],[80.53327,6.86071],[80.53353,6.8608],[80.53404,6.86112],[80.53475,6.86138],[80.53509,6.86138],[80.53545,6.86132],[80.53568,6.86121],[80.53566,6.86105],[80.53236,6.85666],[80.53208,6.85617],[80.53172,6.85576],[80.53158,6.85519],[80.53136,6.85475],[80.53135,6.85455],[80.53145,6.85437],[80.53276,6.85314],[80.53334,6.85241],[80.53369,6.85187],[80.53414,6.85138],[80.53431,6.85129],[80.53453,6.85127],[80.53476,6.85136],[80.5352,6.85176],[80.53542,6.85187],[80.53569,6.85186],[80.53595,6.85179],[80.53656,6.85141],[80.53717,6.85145],[80.53765,6.85164],[80.53801,6.85156],[80.53811,6.85161],[80.53827,6.85196],[80.53845,6.85208],[80.5386,6.85211],[80.53883,6.85206],[80.53908,6.85193],[80.53917,6.85194],[80.53924,6.85202],[80.53928,6.85227],[80.5392,6.8524],[80.53909,6.85246],[80.53892,6.85246],[80.53863,6.8523],[80.5385,6.85228],[80.53835,6.85233],[80.53825,6.85243],[80.53828,6.85272],[80.539,6.853],[80.5391,6.85309],[80.53916,6.85334],[80.53886,6.85394],[80.53886,6.85406],[80.54073,6.8568],[80.54105,6.85686],[80.54126,6.85683],[80.54171,6.85659],[80.54209,6.85629],[80.54303,6.8554],[80.54345,6.85507],[80.54384,6.85462],[80.54413,6.85407],[80.54452,6.85356],[80.5458,6.8526],[80.54604,6.85203],[80.54654,6.85147],[80.54664,6.85122],[80.5467,6.85075],[80.5469,6.85021],[80.54689,6.84982],[80.54678,6.84959],[80.54633,6.8491],[80.54596,6.8486],[80.54574,6.84839],[80.5454,6.84817],[80.54499,6.84802],[80.54441,6.84787],[80.54427,6.8479],[80.54414,6.84804],[80.54416,6.84813],[80.54494,6.84844],[80.54507,6.84854],[80.54514,6.84867],[80.54511,6.84894],[80.545,6.84904],[80.54489,6.84907],[80.54474,6.84901],[80.54464,6.84891],[80.54447,6.84847],[80.54393,6.84813],[80.54394,6.84795],[80.54424,6.84774],[80.54426,6.84767],[80.54414,6.84748],[80.5438,6.8476],[80.54348,6.84741],[80.54327,6.84755],[80.54319,6.84821],[80.5433,6.8485],[80.54309,6.84856],[80.54293,6.84852],[80.54268,6.84861],[80.54259,6.84881],[80.54272,6.84918],[80.54243,6.84902],[80.54205,6.84921],[80.54201,6.84945],[80.54178,6.84956],[80.5417,6.84965],[80.54169,6.84982],[80.54179,6.84997],[80.54189,6.85002],[80.54203,6.85001],[80.54212,6.84996],[80.54214,6.84986],[80.54212,6.84958],[80.54217,6.84941],[80.54228,6.84931],[80.5424,6.84931],[80.54253,6.8494],[80.54255,6.84952],[80.54232,6.84983],[80.54231,6.85033],[80.54227,6.85042],[80.54216,6.85054],[80.54166,6.85063],[80.54147,6.85077],[80.54128,6.8512],[80.54113,6.85174],[80.54095,6.85202],[80.54066,6.85223],[80.54036,6.85224],[80.54019,6.85215],[80.53977,6.8517],[80.53948,6.85151],[80.53833,6.85133],[80.53828,6.85126],[80.53825,6.85097],[80.53804,6.85041],[80.5381,6.84977],[80.53778,6.84926],[80.53769,6.849],[80.53782,6.84871],[80.53792,6.84862],[80.53884,6.84848],[80.53894,6.84839],[80.539,6.84816],[80.53896,6.84788],[80.53891,6.8478],[80.53881,6.8478],[80.53853,6.84805],[80.53822,6.84804],[80.53804,6.84795],[80.53788,6.8478],[80.53775,6.84747],[80.53784,6.84718],[80.53797,6.84706],[80.53874,6.84679],[80.53895,6.84678],[80.539,6.84686],[80.53903,6.8473],[80.53931,6.84814],[80.53927,6.84846],[80.53912,6.84863],[80.53882,6.84871],[80.53816,6.84877],[80.53802,6.84883],[80.53792,6.84893],[80.53794,6.84918],[80.53824,6.84959],[80.53833,6.84986],[80.53836,6.8503],[80.53856,6.8505],[80.53868,6.85088],[80.53947,6.85122],[80.5404,6.85196],[80.54057,6.85197],[80.54068,6.85193],[80.54077,6.85174],[80.54082,6.85103],[80.54089,6.85063],[80.54109,6.85035],[80.54143,6.85006],[80.54144,6.84981],[80.54155,6.84939],[80.54145,6.84918],[80.54131,6.84916],[80.54116,6.84921],[80.54111,6.84956],[80.54098,6.84962],[80.54079,6.84957],[80.54069,6.84981],[80.54058,6.84986],[80.54051,6.84983],[80.54052,6.84966],[80.54046,6.84981],[80.54028,6.84993],[80.54025,6.85003],[80.54009,6.85002],[80.5398,6.84986],[80.53971,6.84969],[80.53992,6.84955],[80.53999,6.84959],[80.54008,6.84957],[80.54013,6.84948],[80.54011,6.84933],[80.54028,6.84921],[80.54019,6.84904],[80.54008,6.84894],[80.54021,6.84887],[80.54036,6.84906],[80.54046,6.849],[80.54048,6.84875],[80.54055,6.84864],[80.54053,6.84825],[80.54032,6.84807],[80.54019,6.8478],[80.54022,6.84764],[80.54037,6.84761],[80.54047,6.84751],[80.54078,6.84746],[80.5409,6.84703],[80.54079,6.8469],[80.54057,6.84689],[80.54013,6.84701],[80.54003,6.84699],[80.53981,6.84675],[80.53962,6.84673],[80.53951,6.84667],[80.53948,6.84658],[80.53952,6.84641],[80.53982,6.8458],[80.53982,6.84569],[80.53978,6.84564],[80.53965,6.84562],[80.53923,6.84565],[80.5391,6.84561],[80.53897,6.84551],[80.53893,6.84536],[80.53901,6.84504],[80.5396,6.84463],[80.53979,6.84444],[80.54002,6.84404],[80.54018,6.84397],[80.54033,6.84402],[80.54048,6.84423],[80.54055,6.84428],[80.54066,6.84426],[80.54112,6.8437],[80.5412,6.84314],[80.54139,6.843],[80.54208,6.84275],[80.54238,6.84257],[80.54246,6.84245],[80.54259,6.84196],[80.54271,6.84171],[80.54279,6.84166],[80.54323,6.84164],[80.54343,6.84169],[80.54353,6.84176],[80.54358,6.84188],[80.54358,6.84208],[80.54341,6.84247],[80.54349,6.84262],[80.54443,6.84287],[80.54447,6.84257],[80.54433,6.84249],[80.54428,6.84188],[80.54448,6.84177],[80.54483,6.84221],[80.54494,6.84222],[80.54511,6.84205],[80.54534,6.84221],[80.54538,6.84209],[80.54547,6.84201],[80.54563,6.84212],[80.54567,6.84224],[80.546,6.84204],[80.54599,6.84176],[80.54612,6.8417],[80.54614,6.84146],[80.54634,6.8412],[80.54628,6.84111],[80.54573,6.84116],[80.54527,6.84099],[80.54483,6.8403],[80.54431,6.83986],[80.54423,6.83975],[80.54423,6.83954],[80.54433,6.83942],[80.54486,6.8392],[80.54514,6.83895],[80.54539,6.83859],[80.54544,6.83834],[80.54432,6.83624],[80.54417,6.83524],[80.54392,6.83475],[80.54364,6.83463],[80.54341,6.83492],[80.54272,6.83597],[80.54203,6.83802],[80.54057,6.84085],[80.54037,6.84113],[80.53869,6.84279],[80.53848,6.84283],[80.53355,6.8415],[80.53332,6.84147],[80.53269,6.84158],[80.53196,6.84151],[80.5316,6.84143],[80.53017,6.84094],[80.52982,6.84093],[80.52952,6.84102],[80.52935,6.84117],[80.52889,6.84218],[80.52873,6.84239],[80.52832,6.84263],[80.52796,6.84262],[80.52762,6.84251],[80.52732,6.84231],[80.5271,6.84201],[80.52601,6.84155],[80.52556,6.84144],[80.52381,6.84137],[80.52201,6.84112],[80.52157,6.84116],[80.52087,6.84137],[80.51917,6.84144],[80.5189,6.8414],[80.51856,6.84128],[80.51833,6.84108],[80.51775,6.84028],[80.51738,6.83997],[80.51689,6.8394],[80.51685,6.83924],[80.51687,6.83898],[80.51729,6.83688],[80.51759,6.83332],[80.5177,6.83305],[80.51794,6.83283],[80.52043,6.83151],[80.5205,6.83137],[80.5206,6.83001],[80.52072,6.82987],[80.52431,6.82949],[80.52445,6.82927],[80.5246,6.82712],[80.52414,6.82694],[80.52372,6.82669],[80.52312,6.8266],[80.52278,6.82615],[80.52273,6.82617],[80.52266,6.82648],[80.52259,6.82655],[80.52239,6.82646],[80.52249,6.82596],[80.52245,6.82592],[80.52156,6.82592],[80.52064,6.82564],[80.52037,6.82583],[80.51984,6.82585],[80.51927,6.82544],[80.51927,6.82519],[80.51866,6.82589],[80.51857,6.82592],[80.51812,6.82571],[80.5181,6.82563],[80.51852,6.82486],[80.51742,6.82507],[80.51554,6.82576],[80.51537,6.82574],[80.51506,6.8256],[80.5147,6.82536],[80.51451,6.82516],[80.51433,6.82488],[80.51418,6.82479],[80.51394,6.8248],[80.51324,6.82498],[80.51224,6.8254],[80.51186,6.82545],[80.51162,6.82536],[80.51132,6.82473],[80.51096,6.82352],[80.51095,6.82336],[80.51108,6.82318],[80.51185,6.82267],[80.51393,6.82149],[80.51461,6.82089],[80.51506,6.82037],[80.51579,6.81981],[80.51704,6.81935],[80.51719,6.81919],[80.51726,6.81895],[80.51717,6.81604],[80.51722,6.81585],[80.51733,6.81571],[80.51803,6.81549],[80.51825,6.81536],[80.51946,6.81383],[80.52034,6.81291],[80.5209,6.81205],[80.52148,6.81099],[80.52217,6.80989],[80.52259,6.80938],[80.52298,6.80901],[80.52339,6.80871],[80.52388,6.80854],[80.5244,6.80844],[80.52543,6.80833],[80.5283,6.80829],[80.53166,6.80831],[80.53191,6.80823],[80.53245,6.80778],[80.53372,6.80705],[80.53353,6.80642],[80.53352,6.80608],[80.53374,6.80491],[80.53374,6.80408],[80.53397,6.80225],[80.53406,6.80201],[80.53456,6.8015],[80.53481,6.80116],[80.53598,6.79876],[80.53587,6.79859],[80.53558,6.79869],[80.53519,6.79893],[80.53481,6.79901],[80.53467,6.7991],[80.5333,6.80077],[80.53294,6.80096],[80.53269,6.80116],[80.53201,6.80117],[80.53185,6.80126],[80.53147,6.80215],[80.53127,6.80503],[80.53115,6.8052],[80.53052,6.80565],[80.52867,6.80684],[80.5285,6.80681],[80.52826,6.80658],[80.52819,6.80642],[80.52815,6.80437],[80.52809,6.80428],[80.52757,6.80391],[80.52747,6.80349],[80.5274,6.8034],[80.52244,6.80194],[80.52232,6.80179],[80.52244,6.79756],[80.52256,6.7973],[80.52279,6.79701],[80.52296,6.79662],[80.52299,6.7963],[80.52293,6.79599],[80.52251,6.79509],[80.52249,6.79486],[80.52258,6.79468],[80.52272,6.79458],[80.523,6.7945],[80.52334,6.79453],[80.52408,6.79481],[80.52426,6.79503],[80.5243,6.79526],[80.52431,6.79651],[80.52445,6.79662],[80.52495,6.79653],[80.52526,6.79654],[80.52585,6.79677],[80.52605,6.79677],[80.52624,6.79672],[80.52665,6.79637],[80.52687,6.79626],[80.52708,6.79625],[80.52747,6.79636],[80.52815,6.79671],[80.52852,6.79681],[80.52921,6.79687],[80.52983,6.79719],[80.53011,6.79724],[80.53045,6.79721],[80.53186,6.79682],[80.53262,6.79647],[80.53297,6.79624],[80.53344,6.79577],[80.53386,6.79495],[80.53456,6.79413],[80.53518,6.79308],[80.53536,6.79288],[80.53659,6.79188],[80.53688,6.79174],[80.53735,6.79165],[80.53778,6.79178],[80.53806,6.79195],[80.53857,6.79246],[80.53908,6.79263],[80.54009,6.79282],[80.54022,6.79291],[80.54029,6.79303],[80.54049,6.79446],[80.54057,6.79464],[80.54155,6.79556],[80.54186,6.79603],[80.54208,6.79626],[80.5423,6.79636],[80.54257,6.79635],[80.54297,6.79622],[80.54448,6.7955],[80.54537,6.79524],[80.54567,6.79503],[80.5466,6.79278],[80.54674,6.79225],[80.54694,6.79201],[80.5472,6.79181],[80.54731,6.79164],[80.54732,6.79138],[80.54713,6.7911],[80.54611,6.79007],[80.54604,6.78981],[80.54622,6.78884],[80.54619,6.7882],[80.54629,6.78797],[80.54667,6.78762],[80.54698,6.78705],[80.5472,6.78677],[80.54742,6.78661],[80.54771,6.7865],[80.54809,6.78645],[80.54888,6.78656],[80.5491,6.7865],[80.54931,6.78637],[80.55092,6.78479],[80.55108,6.78447],[80.55191,6.7804],[80.55181,6.77993],[80.55183,6.77966],[80.55218,6.77896],[80.55241,6.77886],[80.55401,6.77843],[80.55443,6.77822],[80.55468,6.77802],[80.55498,6.77761],[80.5552,6.77755],[80.55573,6.77761],[80.55756,6.77727],[80.55781,6.77728],[80.55903,6.77814],[80.55916,6.7784],[80.55905,6.77959],[80.55919,6.77977],[80.55941,6.77986],[80.56039,6.77982],[80.56075,6.77994],[80.56113,6.78045],[80.56134,6.78091],[80.5614,6.78126],[80.56123,6.78374],[80.56122,6.78465],[80.5613,6.78516],[80.5616,6.78626],[80.56207,6.78753],[80.56248,6.78885],[80.56287,6.79052],[80.5633,6.79314],[80.56323,6.79493],[80.56297,6.79645],[80.56275,6.79724],[80.56243,6.79748],[80.56218,6.79753],[80.56191,6.79753],[80.5609,6.7973],[80.5604,6.79731],[80.56025,6.79735],[80.55985,6.79766],[80.55977,6.79791],[80.55978,6.79816],[80.5599,6.79844],[80.56008,6.79862],[80.56041,6.7988],[80.5621,6.79926],[80.56362,6.7999],[80.56415,6.80007],[80.56455,6.80012],[80.56501,6.80008],[80.566,6.79984],[80.56652,6.80007],[80.56718,6.79981],[80.56768,6.79955],[80.56799,6.79949],[80.56811,6.79955],[80.5684,6.79989],[80.56857,6.79997],[80.56873,6.79997],[80.5699,6.79976],[80.57012,6.79968],[80.57027,6.79956],[80.57079,6.79882],[80.57096,6.79871],[80.57111,6.79869],[80.57185,6.79899],[80.57211,6.79903],[80.5726,6.79891],[80.57286,6.79876],[80.57434,6.79759],[80.57509,6.79713],[80.57553,6.7969],[80.57629,6.79674],[80.57693,6.79633],[80.57789,6.79595],[80.57872,6.79536],[80.57944,6.79459],[80.57981,6.79443],[80.58133,6.79401],[80.58222,6.79355],[80.58255,6.79322],[80.58319,6.79276],[80.58356,6.79239],[80.58489,6.79025],[80.58555,6.78932],[80.58596,6.78862],[80.58618,6.78816],[80.58697,6.78619],[80.58701,6.78599],[80.58696,6.78571],[80.58684,6.7855],[80.58632,6.78505],[80.58606,6.7849],[80.58522,6.78469],[80.58499,6.78453],[80.58479,6.78431],[80.58455,6.78379],[80.58467,6.78316],[80.5846,6.78301],[80.58418,6.78269],[80.58406,6.78254],[80.584,6.7823],[80.58403,6.78207],[80.58444,6.78085],[80.58457,6.78019],[80.5845,6.77956],[80.5844,6.7792],[80.58423,6.77889],[80.58415,6.77856],[80.5842,6.77829],[80.58476,6.7771],[80.58511,6.77657],[80.58527,6.77648],[80.58548,6.77643],[80.58576,6.7765],[80.5863,6.77675],[80.58661,6.77671],[80.58742,6.7762],[80.58748,6.77606],[80.58743,6.77591],[80.58703,6.77553],[80.58688,6.7753],[80.58664,6.77461],[80.58656,6.77414],[80.58655,6.77294],[80.58626,6.77193],[80.58622,6.7717],[80.58626,6.77151],[80.58636,6.77127],[80.58657,6.77107],[80.58751,6.77071],[80.5877,6.77058],[80.58783,6.77038],[80.58802,6.76985],[80.58813,6.76971],[80.58843,6.76958],[80.58903,6.76951],[80.5892,6.76937],[80.58946,6.76872],[80.58963,6.76847],[80.58983,6.76837],[80.59014,6.7683],[80.59109,6.7684],[80.59245,6.76873],[80.59337,6.76958],[80.59362,6.76993],[80.59406,6.77089],[80.59425,6.77118],[80.5945,6.77146],[80.59473,6.7716],[80.59526,6.77161],[80.5969,6.77111],[80.59875,6.77097],[80.59925,6.77083],[80.59991,6.77053],[80.60033,6.77026],[80.60148,6.76938],[80.60241,6.76903],[80.60329,6.76847],[80.60365,6.76803],[80.60408,6.76739],[80.60441,6.76675],[80.60458,6.76624],[80.60461,6.7659],[80.60459,6.76553],[80.60448,6.76511],[80.6045,6.76481],[80.60466,6.76458],[80.60496,6.76447],[80.60535,6.76443],[80.60575,6.76447],[80.60666,6.76486],[80.60696,6.76495],[80.60737,6.76488],[80.6085,6.76453],[80.60887,6.7645],[80.60932,6.76459],[80.61029,6.76492],[80.61109,6.76486],[80.61145,6.7647],[80.61191,6.76442],[80.61355,6.76315],[80.61804,6.75991],[80.6183,6.75983],[80.61932,6.75977],[80.61974,6.75968],[80.62148,6.75888],[80.62197,6.75869],[80.62269,6.75851],[80.62298,6.75841],[80.62334,6.7582],[80.6237,6.75821],[80.63094,6.76747],[80.63932,6.77765],[80.64058,6.77938],[80.64207,6.78113],[80.64377,6.78322],[80.64451,6.78432],[80.6452,6.78519],[80.64517,6.78541],[80.64267,6.78753],[80.64035,6.78915],[80.64009,6.78928],[80.63958,6.78942],[80.63875,6.78943],[80.63812,6.78929],[80.63754,6.78898],[80.63736,6.78897],[80.63722,6.78902],[80.63532,6.79058],[80.63528,6.79068],[80.6353,6.79082],[80.63598,6.79167],[80.6363,6.79199],[80.63664,6.79228],[80.63751,6.79251],[80.63777,6.7928],[80.63789,6.79344],[80.63785,6.79397],[80.63778,6.7942],[80.63769,6.79436],[80.63753,6.79449],[80.63693,6.79479],[80.6368,6.79495],[80.63679,6.79512],[80.63692,6.79531],[80.63712,6.79543],[80.63735,6.7955],[80.63838,6.79563],[80.6388,6.7959],[80.63937,6.79649],[80.63956,6.79662],[80.63985,6.79673],[80.64017,6.79673],[80.64041,6.79664],[80.64062,6.79644],[80.64072,6.7964],[80.64088,6.79643],[80.64149,6.79707],[80.64195,6.79791],[80.64258,6.79893],[80.64268,6.79903],[80.64282,6.79908],[80.64413,6.79908],[80.64429,6.79903],[80.6444,6.79892],[80.64446,6.79877],[80.64447,6.79859],[80.64435,6.79811],[80.644,6.79745],[80.6438,6.79722],[80.64313,6.79681],[80.64257,6.79612],[80.64241,6.79587],[80.64238,6.79564],[80.64252,6.79553],[80.64318,6.79544],[80.64345,6.79536],[80.64404,6.79505],[80.64455,6.79492],[80.64714,6.79436],[80.65108,6.79337],[80.65129,6.79312],[80.65137,6.79233],[80.65145,6.79212],[80.65156,6.79192],[80.65172,6.79175],[80.65208,6.79152],[80.65315,6.79101],[80.65792,6.78875],[80.65806,6.78849],[80.65801,6.78819],[80.65722,6.78767],[80.65707,6.78744],[80.65709,6.78734],[80.65746,6.78704],[80.65863,6.78654],[80.66173,6.78476],[80.66546,6.78272],[80.66762,6.78148],[80.67077,6.77987],[80.67287,6.77857],[80.67311,6.77848],[80.67346,6.77853],[80.6737,6.77844],[80.67389,6.77814],[80.67395,6.77792],[80.67275,6.77301],[80.6726,6.77213],[80.6724,6.77045],[80.67238,6.77004],[80.67245,6.76975],[80.67243,6.76964],[80.67197,6.76938],[80.67194,6.76926],[80.67207,6.7686],[80.67229,6.76798],[80.67244,6.76775],[80.6727,6.76748],[80.67303,6.76725],[80.67331,6.76713],[80.67729,6.76602],[80.67789,6.76625],[80.67808,6.76625],[80.67848,6.76603],[80.67874,6.766],[80.6797,6.76623],[80.68128,6.76643],[80.68149,6.76639],[80.68206,6.76603],[80.68287,6.7657],[80.68686,6.76456],[80.68711,6.76452],[80.6872,6.76454],[80.68734,6.76501],[80.68743,6.76507],[80.68757,6.76506],[80.68772,6.76494],[80.68782,6.76493],[80.6881,6.76503],[80.68848,6.76502],[80.68866,6.76483],[80.68865,6.7647],[80.68851,6.76442],[80.68854,6.76434],[80.68867,6.76423],[80.68881,6.76421],[80.6898,6.76455],[80.6903,6.7648],[80.69048,6.76537],[80.69058,6.76556],[80.69072,6.76561],[80.6908,6.76555],[80.69086,6.76533],[80.69079,6.76501],[80.69064,6.76486],[80.69063,6.76475],[80.69076,6.76462],[80.69087,6.76465],[80.69094,6.76483],[80.69111,6.76502],[80.69132,6.76516],[80.69143,6.76515],[80.69153,6.76508],[80.69147,6.7646],[80.69175,6.76435],[80.69177,6.76425],[80.69162,6.76392],[80.69162,6.76381],[80.69183,6.76346],[80.69185,6.76334],[80.69167,6.76322],[80.69165,6.76302],[80.69203,6.76273],[80.69212,6.76274],[80.69269,6.76351],[80.69309,6.76378],[80.69322,6.76377],[80.69372,6.76331],[80.69388,6.76326],[80.69413,6.76336],[80.69451,6.76364],[80.69473,6.76373],[80.69486,6.76372],[80.69511,6.76358],[80.69576,6.76299],[80.69632,6.7629],[80.69638,6.76281],[80.69641,6.76235],[80.6965,6.7623],[80.69663,6.76232],[80.69699,6.76257],[80.69734,6.76272],[80.69759,6.76259],[80.69795,6.7621],[80.69817,6.76192],[80.69873,6.76167],[80.69888,6.76108],[80.69896,6.761],[80.69915,6.76093],[80.69929,6.76094],[80.69924,6.76061],[80.69959,6.74766],[80.69901,6.74779],[80.69805,6.74781],[80.69786,6.74785],[80.69765,6.74797],[80.69635,6.74904],[80.69506,6.74962],[80.69476,6.74985],[80.69437,6.75038],[80.69403,6.75058],[80.6939,6.75058],[80.6937,6.75049],[80.69197,6.74926],[80.69136,6.74893],[80.69084,6.7487],[80.69062,6.74865],[80.6901,6.74856],[80.68992,6.74857],[80.6898,6.74861],[80.68944,6.74891],[80.68903,6.74895],[80.68869,6.74906],[80.68835,6.74909],[80.68789,6.74895],[80.68733,6.7489],[80.68686,6.74855],[80.68643,6.74849],[80.68605,6.74819],[80.68593,6.74819],[80.68567,6.74836],[80.6854,6.74843],[80.68484,6.7484],[80.68437,6.74843],[80.68426,6.7484],[80.68422,6.74822],[80.68431,6.74809],[80.68474,6.74781],[80.68581,6.74587],[80.68614,6.74556],[80.68668,6.74536],[80.68684,6.74525],[80.68719,6.7447],[80.68752,6.74443],[80.68753,6.74431],[80.68748,6.74424],[80.68738,6.74423],[80.68674,6.74454],[80.68606,6.7447],[80.68543,6.74473],[80.68436,6.74455],[80.68407,6.74444],[80.68393,6.74431],[80.68392,6.74397],[80.68461,6.74336],[80.68466,6.74324],[80.68462,6.74307],[80.68431,6.74274],[80.68379,6.74161],[80.68328,6.74089],[80.68292,6.74072],[80.68268,6.74027],[80.68263,6.73984],[80.6825,6.73974],[80.68237,6.73978],[80.68219,6.74035],[80.68202,6.74045],[80.68182,6.74046],[80.68154,6.7404],[80.68138,6.7403],[80.68124,6.7401],[80.6812,6.73989],[80.68122,6.73963],[80.68155,6.73894],[80.68161,6.73819],[80.68163,6.73684],[80.6815,6.73639],[80.68135,6.73635],[80.68038,6.73638],[80.68026,6.73642],[80.68003,6.73667],[80.67984,6.7367],[80.67966,6.73661],[80.67943,6.73658],[80.67926,6.73668],[80.67918,6.73681],[80.67921,6.73703],[80.6795,6.73735],[80.67956,6.73751],[80.67958,6.73775],[80.67953,6.73802],[80.67919,6.7385],[80.67897,6.7386],[80.67865,6.73859],[80.67839,6.73851],[80.67802,6.73819],[80.67717,6.73778],[80.6768,6.73741],[80.67657,6.73684],[80.67643,6.73623],[80.67633,6.73602],[80.67603,6.73569],[80.67597,6.73549],[80.6759,6.73489],[80.67523,6.73371],[80.67403,6.73279],[80.67388,6.73272],[80.67337,6.7328],[80.67306,6.73273],[80.67249,6.73223],[80.67215,6.73161],[80.67203,6.73151],[80.6713,6.73115],[80.67106,6.73111],[80.66976,6.7315],[80.66889,6.73144],[80.66837,6.73148],[80.66826,6.73157],[80.66818,6.73173],[80.66814,6.73186],[80.66819,6.73204],[80.66871,6.73314],[80.6691,6.73377],[80.66959,6.73428],[80.66967,6.73458],[80.6695,6.73483],[80.66936,6.7349],[80.66809,6.73517],[80.66797,6.73525],[80.66792,6.73539],[80.66795,6.73555],[80.66828,6.73615],[80.66847,6.73633],[80.66899,6.73654],[80.66999,6.7367],[80.67014,6.73677],[80.67022,6.73691],[80.67023,6.73703],[80.67019,6.73719],[80.67009,6.73733],[80.66938,6.73799],[80.6686,6.73855],[80.66853,6.73867],[80.66854,6.73884],[80.66887,6.73954],[80.66889,6.74],[80.66885,6.74021],[80.66875,6.74035],[80.66857,6.74044],[80.66737,6.74047],[80.66717,6.74055],[80.66709,6.74068],[80.66711,6.74162],[80.66707,6.74196],[80.66696,6.74225],[80.66666,6.7427],[80.66644,6.74287],[80.66601,6.74302],[80.66501,6.74294],[80.66481,6.74297],[80.66471,6.74307],[80.66469,6.7432],[80.66532,6.74457],[80.66537,6.74481],[80.66532,6.74497],[80.6652,6.74506],[80.66505,6.74508],[80.66473,6.745],[80.66444,6.7449],[80.66421,6.74474],[80.66357,6.74409],[80.66326,6.74352],[80.66322,6.74336],[80.66326,6.74305],[80.66379,6.74118],[80.66379,6.74094],[80.66356,6.74046],[80.66313,6.74005],[80.66307,6.73991],[80.66314,6.73928],[80.66308,6.739],[80.66296,6.73888],[80.66278,6.73889],[80.662,6.73915],[80.66184,6.73928],[80.66177,6.73948],[80.66178,6.73969],[80.66185,6.73979],[80.66211,6.73992],[80.66218,6.74002],[80.66216,6.74027],[80.66181,6.74065],[80.66163,6.74108],[80.66142,6.74133],[80.66106,6.74158],[80.66092,6.74159],[80.66073,6.74155],[80.66053,6.7414],[80.66035,6.74113],[80.66005,6.73928],[80.65986,6.73847],[80.65973,6.73831],[80.65951,6.73816],[80.6592,6.73781],[80.65906,6.73772],[80.65808,6.7378],[80.65784,6.73768],[80.65769,6.73751],[80.65747,6.7368],[80.6573,6.73664],[80.65685,6.73671],[80.65635,6.73699],[80.65619,6.73703],[80.65566,6.73702],[80.65546,6.73707],[80.65491,6.73734],[80.65447,6.73739],[80.65408,6.73725],[80.65327,6.73666],[80.65304,6.73665],[80.65294,6.73671],[80.65288,6.73684],[80.65287,6.7371],[80.65302,6.73787],[80.65295,6.73806],[80.65278,6.73816],[80.65251,6.73819],[80.65237,6.73816],[80.65205,6.73795],[80.65187,6.73762],[80.65183,6.73736],[80.65186,6.73618],[80.65174,6.73583],[80.6516,6.73575],[80.65092,6.73558],[80.65073,6.73531],[80.65062,6.73525],[80.65046,6.73523],[80.64973,6.73545],[80.64921,6.73553],[80.64851,6.73538],[80.64844,6.73542],[80.64838,6.73555],[80.64837,6.73586],[80.64832,6.73599],[80.64823,6.7361],[80.64806,6.73618],[80.64603,6.73652],[80.64578,6.73643],[80.64571,6.73623],[80.64582,6.73552],[80.64587,6.73543],[80.64594,6.7354],[80.64654,6.73555],[80.64682,6.7355],[80.64693,6.73543],[80.64724,6.73476],[80.64732,6.73469],[80.64812,6.73475],[80.64828,6.73472],[80.64843,6.73464],[80.64855,6.73442],[80.64867,6.73357],[80.64864,6.73336],[80.64853,6.73313],[80.64818,6.73269],[80.64804,6.73229],[80.64757,6.73167],[80.64735,6.73118],[80.64733,6.73097],[80.64739,6.73074],[80.6479,6.72988],[80.64795,6.72967],[80.6479,6.72946],[80.6478,6.7293],[80.64763,6.72924],[80.64743,6.72928],[80.64709,6.72952],[80.64695,6.72956],[80.64651,6.72943],[80.64636,6.72943],[80.64579,6.7299],[80.6455,6.72982],[80.6453,6.72964],[80.64518,6.72961],[80.64428,6.72984],[80.64407,6.72995],[80.64395,6.73009],[80.6438,6.73051],[80.64379,6.73068],[80.64382,6.73082],[80.64408,6.73121],[80.64414,6.73155],[80.644,6.73266],[80.64418,6.73363],[80.64395,6.73448],[80.64389,6.7352],[80.6438,6.7353],[80.64367,6.73534],[80.64346,6.73532],[80.64305,6.7349],[80.64263,6.73473],[80.64168,6.73472],[80.64052,6.73439],[80.64033,6.73444],[80.64032,6.73477],[80.64125,6.73537],[80.64131,6.73559],[80.64125,6.73574],[80.64111,6.73584],[80.6402,6.73585],[80.64002,6.73593],[80.63992,6.73605],[80.63988,6.73618],[80.63994,6.73711],[80.63979,6.73841],[80.6398,6.73868],[80.63991,6.73918],[80.6399,6.73937],[80.6398,6.73954],[80.63965,6.73966],[80.63946,6.73971],[80.63906,6.73969],[80.63832,6.73945],[80.63825,6.73932],[80.63826,6.73911],[80.63837,6.73878],[80.63832,6.73851],[80.63817,6.73842],[80.63801,6.73848],[80.6378,6.73866],[80.63759,6.73866],[80.63743,6.73859],[80.63729,6.73846],[80.63726,6.73812],[80.63746,6.73756],[80.63745,6.73744],[80.63729,6.73728],[80.63694,6.73718],[80.63682,6.73709],[80.63618,6.73619],[80.63607,6.73586],[80.63609,6.73542],[80.63603,6.73525],[80.63593,6.7351],[80.63544,6.73473],[80.63538,6.73463],[80.63532,6.73412],[80.63521,6.73402],[80.6351,6.73399],[80.63482,6.73409],[80.63432,6.73418],[80.63426,6.73431],[80.63435,6.73471],[80.63435,6.73509],[80.63443,6.7355],[80.63444,6.73583],[80.63434,6.7362],[80.6341,6.73653],[80.63377,6.73664],[80.63342,6.73657],[80.63323,6.73641],[80.63284,6.73581],[80.63269,6.73581],[80.63263,6.73588],[80.63252,6.73651],[80.63232,6.73662],[80.63191,6.7366],[80.63173,6.7364],[80.63179,6.73588],[80.63174,6.73558],[80.63168,6.73545],[80.63155,6.73536],[80.63133,6.73531],[80.63122,6.73533],[80.63107,6.73567],[80.63096,6.73573],[80.63083,6.73573],[80.63071,6.73567],[80.63036,6.73526],[80.62997,6.73505],[80.62976,6.73517],[80.62955,6.73546],[80.62925,6.73549],[80.62916,6.73539],[80.6287,6.73423],[80.62869,6.73385],[80.62881,6.73335],[80.62879,6.733],[80.6286,6.73267],[80.6284,6.73256],[80.62815,6.73261],[80.62766,6.73312],[80.62745,6.73309],[80.62726,6.73285],[80.62715,6.73286],[80.62688,6.73302],[80.6267,6.73302],[80.62644,6.73281],[80.62617,6.73274],[80.62556,6.73301],[80.62533,6.73326],[80.62508,6.73334],[80.62406,6.73326],[80.62387,6.73331],[80.62352,6.73358],[80.62341,6.73358],[80.62331,6.7335],[80.62319,6.73322],[80.62275,6.73294],[80.62256,6.73258],[80.62216,6.73243],[80.62204,6.73176],[80.62159,6.731],[80.62148,6.73073],[80.62123,6.72954],[80.62102,6.72932],[80.62085,6.72931],[80.62003,6.7295],[80.61948,6.72947],[80.61859,6.72977],[80.61709,6.73167],[80.61699,6.7322],[80.61689,6.73236],[80.61606,6.73308],[80.61543,6.73334],[80.61448,6.7333],[80.61429,6.73334],[80.61415,6.73341],[80.61358,6.73417],[80.61326,6.73438],[80.6129,6.73444],[80.61226,6.73432],[80.61198,6.7343],[80.61178,6.73435],[80.61168,6.73443],[80.61125,6.73499],[80.61059,6.73555],[80.60999,6.73661],[80.60963,6.73695],[80.60944,6.73721],[80.60934,6.73728],[80.60904,6.73736],[80.60896,6.73747],[80.60896,6.7376],[80.60932,6.73825],[80.60958,6.73939],[80.6097,6.73963],[80.61024,6.7401],[80.61032,6.74027],[80.61037,6.74059],[80.61032,6.74073],[80.61019,6.74083],[80.61003,6.74085],[80.60988,6.74082],[80.60934,6.74054],[80.60915,6.74056],[80.60884,6.74116],[80.60868,6.74128],[80.60853,6.74135],[80.60816,6.74128],[80.60719,6.74028],[80.60674,6.73973],[80.60664,6.73947],[80.60664,6.73924],[80.60667,6.73897],[80.60683,6.73848],[80.60682,6.73826],[80.60673,6.73802],[80.60623,6.73761],[80.60609,6.73752],[80.60585,6.73749],[80.6057,6.73755],[80.6055,6.73806],[80.60486,6.73884],[80.6048,6.73901],[80.60481,6.73919],[80.60508,6.7397],[80.60507,6.73984],[80.60501,6.73994],[80.60475,6.74002],[80.60413,6.73999],[80.60396,6.74005],[80.60316,6.74057],[80.60306,6.74058],[80.60295,6.74051],[80.60287,6.74037],[80.60285,6.74017],[80.60289,6.74005],[80.60359,6.73941],[80.60377,6.73915],[80.60386,6.73887],[80.60389,6.73816],[80.60412,6.73803],[80.60475,6.73802],[80.60497,6.73791],[80.60501,6.73772],[80.60497,6.73743],[80.60491,6.73725],[80.60476,6.73719],[80.60457,6.73719],[80.60427,6.73742],[80.60384,6.73745],[80.60372,6.73755],[80.60362,6.73787],[80.60342,6.73801],[80.60312,6.73802],[80.60242,6.73791],[80.602,6.73793],[80.6012,6.73816],[80.60092,6.73829],[80.60071,6.73847],[80.6005,6.73875],[80.60027,6.7394],[80.60016,6.73957],[80.59955,6.74],[80.5991,6.74024],[80.59879,6.74035],[80.59777,6.74031],[80.59701,6.74047],[80.59681,6.74043],[80.5966,6.74031],[80.5964,6.74006],[80.59621,6.7397],[80.59593,6.73883],[80.596,6.73848],[80.59613,6.73828],[80.597,6.73737],[80.59703,6.73716],[80.59697,6.73704],[80.59684,6.737],[80.59543,6.73817],[80.59521,6.7384],[80.59498,6.73888],[80.59491,6.73959],[80.59495,6.74025],[80.59492,6.74051],[80.59485,6.74071],[80.59473,6.74084],[80.59438,6.7409],[80.59419,6.74081],[80.59298,6.73962],[80.59292,6.73945],[80.59294,6.73932],[80.59317,6.73894],[80.5932,6.73873],[80.59309,6.73866],[80.59253,6.73874],[80.59238,6.73867],[80.59198,6.73831],[80.5917,6.73823],[80.59139,6.73826],[80.59108,6.73841],[80.59074,6.73881],[80.59075,6.73898],[80.59084,6.73911],[80.59106,6.73914],[80.59144,6.73901],[80.5917,6.73905],[80.59177,6.73917],[80.59179,6.73932],[80.59171,6.73951],[80.59159,6.73962],[80.59116,6.73979],[80.59052,6.73993],[80.58962,6.74024],[80.58882,6.74017],[80.58838,6.74025],[80.58824,6.7402],[80.58815,6.7401],[80.58811,6.73995],[80.58816,6.73978],[80.58825,6.73967],[80.58842,6.73963],[80.58912,6.73964],[80.5893,6.73956],[80.58974,6.73908],[80.59007,6.73901],[80.59015,6.73895],[80.59017,6.73875],[80.58972,6.73838],[80.58965,6.7382],[80.58961,6.7378],[80.5897,6.73761],[80.5898,6.73749],[80.59,6.7374],[80.5907,6.73728],[80.59087,6.73721],[80.59104,6.73712],[80.59113,6.73696],[80.59125,6.73612],[80.59118,6.73602],[80.59102,6.73596],[80.59058,6.73599],[80.59046,6.73594],[80.59037,6.73583],[80.59025,6.73532],[80.58965,6.73512],[80.58927,6.73515],[80.58916,6.73526],[80.58911,6.73544],[80.58912,6.73564],[80.58928,6.73596],[80.58935,6.73647],[80.5893,6.73666],[80.58919,6.73684],[80.58904,6.73694],[80.58886,6.73699],[80.58835,6.7369],[80.5881,6.73678],[80.58776,6.73617],[80.58751,6.73602],[80.58731,6.73596],[80.58692,6.73603],[80.58623,6.73641],[80.58605,6.73645],[80.58591,6.7364],[80.5858,6.73626],[80.58574,6.73608],[80.58578,6.73595],[80.58595,6.7357],[80.58608,6.73561],[80.58665,6.73542],[80.58681,6.73527],[80.58686,6.73513],[80.58679,6.73501],[80.58664,6.73494],[80.58638,6.73499],[80.58618,6.73512],[80.58569,6.73562],[80.58537,6.73579],[80.58477,6.73572],[80.58428,6.73574],[80.58339,6.73559],[80.58321,6.73565],[80.58288,6.73586],[80.5824,6.73598],[80.58139,6.73572],[80.58092,6.73569],[80.58025,6.73573],[80.57958,6.73582],[80.5793,6.73593],[80.57892,6.73626],[80.57864,6.73628],[80.57848,6.73618],[80.5784,6.73601],[80.57822,6.73492],[80.57824,6.73467],[80.57835,6.73445],[80.57862,6.73412],[80.5787,6.73391],[80.57883,6.73309],[80.57889,6.733],[80.57904,6.73292],[80.57991,6.733],[80.58035,6.7329],[80.58061,6.73278],[80.58135,6.73224],[80.58164,6.73214],[80.58291,6.73195],[80.58337,6.73174],[80.5841,6.73123],[80.58504,6.73106],[80.58533,6.73084],[80.5854,6.73056],[80.58535,6.73033],[80.58515,6.73003],[80.5851,6.72967],[80.58532,6.72902],[80.58535,6.72877],[80.58518,6.72865],[80.58429,6.72854],[80.5837,6.72826],[80.58329,6.72798],[80.58301,6.72789],[80.5828,6.72769],[80.58358,6.7274],[80.58419,6.72701],[80.58429,6.72643],[80.58443,6.72594],[80.58444,6.72557],[80.5843,6.72528],[80.58391,6.72527],[80.583,6.7254],[80.58259,6.72533],[80.58244,6.72508],[80.5827,6.72481],[80.58323,6.72448],[80.58365,6.72431],[80.58413,6.72422],[80.58449,6.72428],[80.58478,6.72446],[80.58532,6.72519],[80.58571,6.7253],[80.58677,6.72532],[80.587,6.72556],[80.58696,6.72575],[80.58663,6.7258],[80.58615,6.72565],[80.58606,6.72578],[80.58584,6.7265],[80.58546,6.72663],[80.58518,6.72637],[80.58496,6.72637],[80.5846,6.72656],[80.58448,6.72706],[80.58468,6.72743],[80.58524,6.7278],[80.58563,6.72829],[80.58614,6.7287],[80.58662,6.72861],[80.58728,6.72825],[80.58765,6.72798],[80.58794,6.72758],[80.5881,6.72721],[80.58805,6.72692],[80.58785,6.72649],[80.58791,6.72604],[80.58806,6.7257],[80.58812,6.72519],[80.58828,6.72481],[80.58868,6.72463],[80.58892,6.72477],[80.58922,6.72517],[80.58961,6.72552],[80.59008,6.72574],[80.59057,6.7256],[80.59057,6.72534],[80.59022,6.72442],[80.5902,6.72417],[80.59038,6.72376],[80.59077,6.72341],[80.5911,6.72326],[80.59148,6.72331],[80.59188,6.72354],[80.59233,6.7236],[80.59283,6.72292],[80.59324,6.72257],[80.5936,6.72248],[80.59394,6.72254],[80.59407,6.72286],[80.59394,6.72366],[80.59354,6.7242],[80.59334,6.72458],[80.59336,6.72484],[80.59385,6.72503],[80.59417,6.72506],[80.59467,6.72501],[80.5955,6.72462],[80.5958,6.72441],[80.59605,6.72415],[80.59635,6.72374],[80.59711,6.72234],[80.59738,6.72205],[80.59789,6.72225],[80.59831,6.7223],[80.59862,6.72217],[80.59878,6.72192],[80.59896,6.721],[80.59931,6.72066],[80.60065,6.72034],[80.60083,6.72013],[80.60107,6.71963],[80.60157,6.71955],[80.602,6.71972],[80.60249,6.72009],[80.60301,6.72035],[80.60355,6.72042],[80.60404,6.72056],[80.6043,6.72077],[80.60457,6.72089],[80.60491,6.7209],[80.60517,6.72069],[80.60511,6.72036],[80.60489,6.71994],[80.60467,6.71915],[80.60448,6.71864],[80.60437,6.71807],[80.60462,6.71741],[80.60482,6.7173],[80.60528,6.71742],[80.60542,6.71771],[80.60529,6.71858],[80.60539,6.71915],[80.60601,6.71966],[80.60631,6.71959],[80.60671,6.71939],[80.60712,6.71905],[80.6073,6.71869],[80.6076,6.71776],[80.60792,6.71725],[80.60825,6.71713],[80.6086,6.71728],[80.60855,6.71797],[80.60862,6.71845],[80.60896,6.71882],[80.60936,6.7191],[80.6098,6.71911],[80.61021,6.71885],[80.61031,6.71858],[80.61031,6.71796],[80.6102,6.71723],[80.61042,6.71687],[80.61073,6.71663],[80.6111,6.71645],[80.61156,6.71631],[80.61194,6.7163],[80.61228,6.71632],[80.61358,6.71669],[80.61421,6.7167],[80.61501,6.71625],[80.61572,6.71574],[80.61628,6.71553],[80.61682,6.71509],[80.61706,6.71458],[80.61691,6.71321],[80.61717,6.71302],[80.6174,6.71306],[80.61776,6.71339],[80.61829,6.71373],[80.61894,6.71382],[80.61965,6.71381],[80.62038,6.71362],[80.62081,6.71342],[80.62095,6.71303],[80.62085,6.71283],[80.61889,6.71256],[80.61864,6.7123],[80.6186,6.71197],[80.61868,6.71154],[80.61867,6.71128],[80.61842,6.71082],[80.61794,6.7108],[80.61656,6.71118],[80.61587,6.71124],[80.61544,6.71139],[80.61452,6.71158],[80.61329,6.71155],[80.61291,6.71149],[80.6123,6.71125],[80.61195,6.71102],[80.61155,6.71065],[80.6108,6.70983],[80.60944,6.70887],[80.60909,6.70854],[80.60881,6.70818],[80.60867,6.70786],[80.60847,6.70765],[80.6082,6.70771],[80.60812,6.70803],[80.60798,6.70825],[80.60739,6.70785],[80.60703,6.70783],[80.60696,6.7081],[80.60698,6.7087],[80.60705,6.70907],[80.60703,6.70934],[80.60686,6.7096],[80.60664,6.70958],[80.60622,6.70913],[80.60597,6.70898],[80.60522,6.70877],[80.60484,6.70813],[80.60435,6.70769],[80.60405,6.70765],[80.60381,6.70773],[80.60348,6.70796],[80.60304,6.70803],[80.60267,6.70793],[80.60222,6.70722],[80.6019,6.70695],[80.60146,6.70683],[80.60091,6.70674],[80.60057,6.70656],[80.60008,6.70643],[80.59878,6.7067],[80.59828,6.70672],[80.59758,6.70664],[80.59686,6.7065],[80.59636,6.70631],[80.59586,6.70624],[80.59527,6.70634],[80.59447,6.70656],[80.59377,6.70657],[80.59315,6.70655],[80.59081,6.70623],[80.5904,6.70629],[80.5902,6.70646],[80.58978,6.70711],[80.58951,6.70735],[80.58935,6.70759],[80.5892,6.7082],[80.58901,6.7085],[80.58858,6.709],[80.58854,6.70933],[80.58858,6.70967],[80.58872,6.70997],[80.58951,6.71072],[80.59002,6.71187],[80.59072,6.71264],[80.59158,6.71301],[80.59163,6.71323],[80.59136,6.71377],[80.59139,6.71402],[80.59211,6.71437],[80.59226,6.71465],[80.59231,6.71495],[80.59243,6.71514],[80.59263,6.7152],[80.59302,6.71519],[80.59325,6.71524],[80.59336,6.71551],[80.59329,6.71608],[80.59312,6.71636],[80.59263,6.71669],[80.59141,6.71696],[80.59066,6.71701],[80.58733,6.71699],[80.58689,6.71702],[80.58662,6.71715],[80.5863,6.71759],[80.58622,6.71785],[80.5863,6.71853],[80.58655,6.71956],[80.58648,6.71991],[80.5865,6.72023],[80.58679,6.72053],[80.58694,6.72053],[80.58783,6.72],[80.58834,6.71929],[80.58917,6.71932],[80.58976,6.71963],[80.59002,6.71985],[80.59009,6.71999],[80.59017,6.72034],[80.59015,6.7206],[80.59005,6.72093],[80.58989,6.72123],[80.58929,6.7218],[80.58775,6.72271],[80.58687,6.72306],[80.58648,6.72317],[80.58586,6.72324],[80.58525,6.72319],[80.58492,6.7231],[80.58435,6.72279],[80.58415,6.72257],[80.58365,6.72173],[80.58288,6.7208],[80.58198,6.72007],[80.58149,6.71947],[80.58114,6.7192],[80.57908,6.71813],[80.57804,6.71735],[80.57768,6.71702],[80.57739,6.71659],[80.57707,6.71553],[80.57688,6.71533],[80.57648,6.71513],[80.57596,6.71498],[80.57565,6.715],[80.57535,6.71512],[80.57522,6.71554],[80.57519,6.71582],[80.57494,6.71608],[80.57465,6.71606],[80.57438,6.71576],[80.57422,6.71496],[80.57403,6.71473],[80.57355,6.71466],[80.57331,6.71468],[80.57311,6.71487],[80.57299,6.71506],[80.57303,6.71558],[80.57285,6.71553],[80.57256,6.71523],[80.57226,6.7148],[80.57186,6.71454],[80.57141,6.71443],[80.57083,6.71443],[80.57033,6.71437],[80.56929,6.7141],[80.5689,6.71419],[80.56838,6.71438],[80.56699,6.71457],[80.5658,6.71469],[80.56409,6.71466],[80.56264,6.71515],[80.56213,6.71542],[80.56137,6.71604],[80.56103,6.71613],[80.56021,6.71608],[80.55824,6.7165],[80.55774,6.71657],[80.55724,6.71657],[80.55654,6.71643],[80.55624,6.71646],[80.55597,6.71659],[80.55574,6.71684],[80.55562,6.71711],[80.55499,6.71798],[80.55467,6.71817],[80.55382,6.71807],[80.55339,6.7186],[80.55258,6.71848],[80.55256,6.71869],[80.55267,6.71886],[80.5534,6.71925],[80.55393,6.71937],[80.5543,6.71954],[80.55488,6.72072],[80.55564,6.72149],[80.55577,6.72178],[80.55571,6.72246],[80.55559,6.72295],[80.55555,6.72337],[80.5556,6.72375],[80.55593,6.72412],[80.55597,6.72431],[80.55592,6.72467],[80.55582,6.72477],[80.55548,6.7248],[80.55526,6.72488],[80.55507,6.72504],[80.5549,6.72566],[80.55476,6.72597],[80.55453,6.72616],[80.55396,6.72629],[80.55293,6.7261],[80.55262,6.7261],[80.55227,6.72616],[80.5517,6.72642],[80.55099,6.72698],[80.5507,6.72731],[80.54968,6.72869],[80.54951,6.72878],[80.54933,6.7288],[80.54873,6.72859],[80.54852,6.72861],[80.54778,6.72898],[80.54715,6.72917],[80.54581,6.72908],[80.5456,6.72913],[80.54543,6.72927],[80.54501,6.73042],[80.54486,6.73062],[80.54475,6.73069],[80.54457,6.73072],[80.5441,6.73062],[80.54382,6.73068],[80.54318,6.73097],[80.54306,6.7311],[80.54302,6.73128],[80.54318,6.73271],[80.54339,6.73326],[80.54328,6.73357],[80.54319,6.73365],[80.54302,6.73366],[80.54267,6.73357],[80.5426,6.73361],[80.54245,6.73423],[80.54228,6.73444],[80.54228,6.73458],[80.54247,6.73482],[80.54285,6.73502],[80.54291,6.73517],[80.5431,6.73703],[80.54316,6.73721],[80.54329,6.73745],[80.54365,6.73784],[80.54366,6.738],[80.54356,6.73824],[80.54358,6.7385],[80.54374,6.73881],[80.54412,6.73932],[80.54421,6.73953],[80.54426,6.73975],[80.54425,6.74012],[80.54403,6.74135],[80.5441,6.74235],[80.54406,6.74257],[80.54383,6.74285],[80.54315,6.74304],[80.54277,6.74291],[80.54202,6.74252],[80.54181,6.74252],[80.54163,6.74262],[80.54158,6.74274],[80.54176,6.74303],[80.54177,6.74315],[80.54169,6.74324],[80.5415,6.74331],[80.54049,6.74317],[80.5403,6.74321],[80.54018,6.7433],[80.54014,6.74348],[80.54025,6.74405],[80.54019,6.74424],[80.54004,6.74435],[80.53953,6.74443],[80.53872,6.74435],[80.53836,6.74445],[80.53808,6.7446],[80.5379,6.74481],[80.53783,6.74512],[80.53786,6.74564],[80.53797,6.74616],[80.53795,6.74668],[80.53781,6.74729],[80.53764,6.74776],[80.53705,6.74822],[80.53643,6.74848],[80.53586,6.74849],[80.53536,6.74837],[80.53477,6.74815],[80.53425,6.7477],[80.53371,6.74708],[80.53333,6.74659],[80.53241,6.74518],[80.53159,6.7445],[80.5297,6.74414],[80.52759,6.74269],[80.52711,6.74225],[80.52615,6.74176],[80.52564,6.74172],[80.52559,6.74206],[80.5263,6.74281],[80.52647,6.74315],[80.52651,6.74345],[80.52603,6.74384],[80.52595,6.74456],[80.52558,6.74502],[80.52477,6.74489],[80.52349,6.7442],[80.52029,6.74277],[80.52038,6.74253],[80.52078,6.74222],[80.52073,6.74191],[80.52006,6.74176],[80.51982,6.74131],[80.52021,6.74096],[80.52114,6.7409],[80.52158,6.74076],[80.5218,6.74051],[80.52174,6.74018],[80.52142,6.73993],[80.52075,6.73988],[80.52014,6.74017],[80.51968,6.7402],[80.51937,6.74012],[80.51921,6.73995],[80.51861,6.73954],[80.51817,6.73946],[80.51768,6.73952],[80.51722,6.73928],[80.51713,6.73894],[80.51729,6.73867],[80.51763,6.73828],[80.51777,6.73787],[80.51766,6.73736],[80.51707,6.73646],[80.51675,6.73619],[80.51623,6.73596],[80.51588,6.73604],[80.51551,6.73637],[80.51523,6.73686],[80.51504,6.73705],[80.51481,6.73714],[80.51456,6.73735],[80.51337,6.73725],[80.51284,6.73708],[80.51244,6.73705],[80.51215,6.73718],[80.51223,6.7374],[80.51257,6.73762],[80.51263,6.73785],[80.51237,6.73796],[80.51207,6.73833],[80.51217,6.73855],[80.51248,6.73877],[80.51291,6.73895],[80.51331,6.739],[80.51358,6.73882],[80.51364,6.73845],[80.51381,6.73811],[80.51413,6.73793],[80.51439,6.73785],[80.51468,6.7379],[80.51483,6.7381],[80.51482,6.74013],[80.5152,6.74069],[80.51568,6.74118],[80.51646,6.74154],[80.51794,6.7418],[80.51839,6.74197],[80.5187,6.7422],[80.51905,6.74279],[80.51911,6.74326],[80.51888,6.74356],[80.51855,6.7437],[80.51811,6.74374],[80.51732,6.74351],[80.51673,6.74299],[80.51603,6.74209],[80.51513,6.74144],[80.51472,6.74102],[80.51419,6.74028],[80.51385,6.73994],[80.51314,6.73972],[80.51232,6.73917],[80.5121,6.73912],[80.51177,6.73923],[80.51132,6.73951],[80.51005,6.74058],[80.50921,6.74141],[80.50848,6.74229],[80.50799,6.74257],[80.50761,6.74273],[80.50703,6.74286],[80.50651,6.74283],[80.50577,6.74265],[80.50526,6.74234],[80.50474,6.74216],[80.50317,6.74184],[80.5026,6.74163],[80.50172,6.74114],[80.50121,6.74099],[80.50046,6.74089],[80.49983,6.74104],[80.49933,6.7409],[80.4991,6.74078],[80.4988,6.74073],[80.49853,6.74086],[80.4985,6.74128],[80.49863,6.74174],[80.49903,6.74228],[80.49957,6.74257],[80.49986,6.74299],[80.49977,6.74384],[80.49993,6.74418],[80.5002,6.74444],[80.50119,6.74442],[80.50136,6.74464],[80.50131,6.745],[80.50097,6.74517],[80.49874,6.74576],[80.49826,6.74604],[80.49812,6.74645],[80.49823,6.74663],[80.49852,6.74682],[80.499,6.74682],[80.50012,6.74653],[80.5003,6.74653],[80.50071,6.74664],[80.50107,6.74705],[80.50142,6.7473],[80.5025,6.74776],[80.50322,6.74795],[80.50383,6.74803],[80.50439,6.74796],[80.50497,6.74776],[80.50548,6.74775],[80.50616,6.74763],[80.50675,6.74775],[80.50715,6.74805],[80.50752,6.74809],[80.50816,6.74788],[80.50841,6.7479],[80.50863,6.74811],[80.50858,6.74898],[80.5084,6.74957],[80.50821,6.74987],[80.50759,6.75034],[80.50711,6.75084],[80.50682,6.75139],[80.50671,6.75206],[80.5066,6.75225],[80.50546,6.75293],[80.50512,6.75326],[80.50492,6.75359],[80.50482,6.75394],[80.50495,6.75454],[80.50545,6.7553],[80.50559,6.7556],[80.50561,6.75587],[80.50556,6.75638],[80.50526,6.75694],[80.50508,6.75714],[80.50466,6.75726],[80.50411,6.75725],[80.50361,6.75698],[80.50311,6.75612],[80.5028,6.75589],[80.50237,6.75579],[80.50191,6.75575],[80.50063,6.75603],[80.50022,6.75603],[80.49983,6.75597],[80.49832,6.75542],[80.4981,6.75544],[80.49787,6.75563],[80.49775,6.75589],[80.49769,6.75634],[80.49763,6.75648],[80.49718,6.75686],[80.49701,6.75707],[80.49668,6.75769],[80.4964,6.75789],[80.495,6.75807],[80.49473,6.75799],[80.49435,6.75769],[80.49416,6.75761],[80.49398,6.75759],[80.49355,6.7577],[80.4934,6.75767],[80.49323,6.75757],[80.49288,6.75712],[80.49235,6.75671],[80.49211,6.75662],[80.49185,6.75661],[80.49168,6.75665],[80.49159,6.7568],[80.49154,6.75702],[80.49159,6.75756],[80.49149,6.75789],[80.49071,6.75861],[80.49056,6.75891],[80.49042,6.75935],[80.49028,6.75956],[80.48989,6.75976],[80.48962,6.75977],[80.48914,6.75962],[80.48875,6.75965],[80.48854,6.7598],[80.48841,6.76007],[80.48828,6.76062],[80.48817,6.7607],[80.48803,6.76071],[80.48752,6.76042],[80.48693,6.76044],[80.48679,6.76029],[80.48683,6.76017],[80.4871,6.75991],[80.48713,6.75975],[80.48709,6.75947],[80.48717,6.75932],[80.48733,6.75926],[80.48786,6.75933],[80.48812,6.75917],[80.48819,6.75901],[80.4882,6.75862],[80.4882,6.75786],[80.48816,6.75772],[80.48803,6.75756],[80.4878,6.7574],[80.48763,6.75737],[80.48744,6.75746],[80.48728,6.75764],[80.48695,6.75778],[80.48672,6.75778],[80.48633,6.75764],[80.48607,6.75761],[80.48579,6.75769],[80.48558,6.75791],[80.4855,6.75813],[80.48549,6.75845],[80.48568,6.75908],[80.4861,6.75958],[80.48623,6.76001],[80.48619,6.7603],[80.48574,6.76176],[80.48552,6.76204],[80.48522,6.76225],[80.48456,6.76248],[80.48432,6.76247],[80.48406,6.76239],[80.48317,6.76183],[80.48287,6.7618],[80.48261,6.76193],[80.48247,6.7621],[80.48233,6.76256],[80.48193,6.76299],[80.4816,6.76318],[80.48124,6.76331],[80.48093,6.76334],[80.48069,6.76328],[80.48045,6.76309],[80.48028,6.76283],[80.48004,6.76215],[80.47991,6.76194],[80.47963,6.76176],[80.47941,6.76169],[80.4792,6.76169],[80.47908,6.76185],[80.47906,6.76217],[80.47938,6.76301],[80.47984,6.76345],[80.4799,6.76361],[80.47984,6.76374],[80.4797,6.76383],[80.47953,6.76382],[80.47921,6.76368],[80.47891,6.76362],[80.47862,6.76365],[80.47856,6.76383],[80.47864,6.76407],[80.47889,6.76443],[80.47933,6.76487],[80.47947,6.76509],[80.47954,6.76548],[80.47948,6.7666],[80.47934,6.76689],[80.47917,6.76709],[80.47889,6.76727],[80.47856,6.76741],[80.47801,6.76744],[80.47743,6.7673],[80.47712,6.7673],[80.47687,6.76739],[80.47617,6.76815],[80.47565,6.76827],[80.4755,6.76846],[80.47548,6.76867],[80.47558,6.76901],[80.47551,6.7692],[80.47527,6.76939],[80.47506,6.76948],[80.47482,6.76944],[80.47461,6.76925],[80.47441,6.76889],[80.4742,6.76866],[80.47391,6.76855],[80.47329,6.76861],[80.47289,6.76892],[80.47269,6.76895],[80.47199,6.7687],[80.47165,6.76869],[80.47125,6.76879],[80.47096,6.76894],[80.47085,6.76919],[80.47088,6.76942],[80.47111,6.76998],[80.47126,6.77015],[80.47139,6.77017],[80.47165,6.76994],[80.47185,6.76989],[80.47206,6.76992],[80.47256,6.77009],[80.47308,6.77038],[80.4731,6.7705],[80.47287,6.77089],[80.47275,6.77144],[80.47267,6.77153],[80.47254,6.77153],[80.4722,6.77128],[80.47203,6.77121],[80.47185,6.77128],[80.4718,6.77142],[80.47185,6.77163],[80.47236,6.77231],[80.47245,6.77253],[80.47246,6.77272],[80.47238,6.77289],[80.47216,6.77293],[80.47194,6.77257],[80.47178,6.77252],[80.4716,6.77264],[80.47154,6.77282],[80.47176,6.77347],[80.4717,6.77357],[80.47136,6.7738],[80.47123,6.77382],[80.47108,6.77381],[80.47071,6.77358],[80.47055,6.77355],[80.47045,6.77363],[80.4704,6.77376],[80.47033,6.77449],[80.47025,6.77464],[80.47014,6.77472],[80.4697,6.77483],[80.46956,6.77493],[80.46938,6.77543],[80.46945,6.77558],[80.46956,6.77561],[80.46977,6.77556],[80.46995,6.77545],[80.47017,6.77542],[80.47028,6.77546],[80.47032,6.77554],[80.47022,6.77586],[80.46975,6.77599],[80.46933,6.77661],[80.46905,6.77665],[80.46895,6.77659],[80.46852,6.7761],[80.46804,6.77587],[80.46778,6.77564],[80.46769,6.77546],[80.46764,6.77496],[80.46748,6.77461],[80.46733,6.77451],[80.46709,6.77445],[80.46645,6.77447],[80.46615,6.77456],[80.46577,6.77489],[80.4655,6.77537],[80.46534,6.77551],[80.46466,6.77582],[80.46419,6.77586],[80.46385,6.77599],[80.4637,6.77597],[80.46316,6.77559],[80.46296,6.77556],[80.46285,6.77564],[80.46281,6.77578],[80.46283,6.77594],[80.46301,6.77635],[80.46301,6.77657],[80.46285,6.7768],[80.46231,6.77701],[80.46209,6.77702],[80.46189,6.77697],[80.46168,6.77684],[80.46149,6.77665],[80.46139,6.77644],[80.46146,6.77609],[80.46158,6.77599],[80.46202,6.77586],[80.46211,6.77571],[80.46211,6.77553],[80.46173,6.77461],[80.46153,6.77437],[80.46127,6.77423],[80.46064,6.77416],[80.46031,6.77421],[80.4601,6.77436],[80.45992,6.77458],[80.4598,6.77487],[80.45959,6.77555],[80.45936,6.77604],[80.45919,6.77625],[80.45895,6.77643],[80.45855,6.77665],[80.45825,6.77674],[80.45778,6.7767],[80.45756,6.77658],[80.45725,6.77626],[80.45694,6.77567],[80.45675,6.7754],[80.45659,6.77528],[80.45642,6.77525],[80.45628,6.77531],[80.45616,6.77556],[80.45609,6.77588],[80.45608,6.7766],[80.45623,6.77726],[80.45655,6.77797],[80.45677,6.77806],[80.45698,6.77808],[80.4572,6.77802],[80.4577,6.77768],[80.45795,6.77757],[80.45811,6.77754],[80.4583,6.77758],[80.4586,6.77779],[80.45866,6.77793],[80.45857,6.77838],[80.45869,6.77924],[80.45875,6.77938],[80.45889,6.77951],[80.45945,6.77966],[80.45956,6.77978],[80.45954,6.78017],[80.45943,6.78039],[80.45923,6.78053],[80.45903,6.78056],[80.45875,6.78052],[80.45861,6.78045],[80.45841,6.78014],[80.45812,6.77999],[80.45785,6.77996],[80.45766,6.78007],[80.45747,6.78028],[80.45732,6.78072],[80.45725,6.78158],[80.45709,6.78218],[80.45711,6.78237],[80.45719,6.78257],[80.45741,6.78279],[80.45766,6.78289],[80.45793,6.78293],[80.45813,6.7829],[80.45832,6.78281],[80.45882,6.78239],[80.45909,6.78237],[80.45947,6.78244],[80.45974,6.78262],[80.45978,6.78277],[80.45977,6.78328],[80.45983,6.7834],[80.46003,6.7835],[80.46015,6.78373],[80.46012,6.78389],[80.46,6.78407],[80.45992,6.78415],[80.45975,6.78418],[80.45954,6.78418],[80.45879,6.78401],[80.45804,6.78415],[80.45777,6.78411],[80.45735,6.78387],[80.45721,6.78391],[80.45713,6.78405],[80.45712,6.78422],[80.45726,6.78465],[80.4575,6.78509],[80.45796,6.78565],[80.45825,6.7859],[80.45851,6.78605],[80.45925,6.78633],[80.45966,6.78639],[80.46085,6.78641],[80.46121,6.78655],[80.46154,6.78679],[80.46188,6.78682],[80.4621,6.78677],[80.46344,6.78593],[80.46387,6.78576],[80.46451,6.78561],[80.46476,6.78563],[80.46504,6.78574],[80.4652,6.78588],[80.46518,6.78612],[80.4643,6.78627],[80.46417,6.78633],[80.46416,6.78644],[80.46429,6.78654],[80.46524,6.78678],[80.46558,6.78709],[80.46557,6.7872],[80.46551,6.78725],[80.4648,6.78704],[80.46465,6.78711],[80.46445,6.78731],[80.46423,6.78737],[80.46405,6.78751],[80.46399,6.7877],[80.46399,6.78789],[80.46416,6.78807],[80.46438,6.78817],[80.46467,6.7882],[80.46483,6.78813],[80.46513,6.78776],[80.46528,6.7877],[80.46542,6.78772],[80.46554,6.7879],[80.46555,6.78833],[80.46507,6.78873],[80.46498,6.7889],[80.46495,6.78909],[80.46498,6.78929],[80.46528,6.78975],[80.46527,6.79004],[80.46497,6.79058],[80.46459,6.79076],[80.46448,6.79086],[80.46443,6.79101],[80.46445,6.79123],[80.46457,6.7915],[80.46475,6.79173],[80.46507,6.79194],[80.465,6.79215],[80.4649,6.79224],[80.46446,6.79224],[80.4641,6.7924],[80.4638,6.79243],[80.4633,6.79228],[80.4632,6.79215],[80.4632,6.79196],[80.46328,6.79183],[80.46344,6.79175],[80.46414,6.79159],[80.46424,6.79148],[80.46425,6.79136],[80.46421,6.79129],[80.46378,6.7912],[80.46363,6.79109],[80.46357,6.7909],[80.46358,6.79072],[80.46382,6.79046],[80.46391,6.79032],[80.46391,6.79018],[80.46382,6.79003],[80.46267,6.7897],[80.46198,6.78964],[80.46176,6.78971],[80.46165,6.78996],[80.4615,6.7908],[80.46151,6.791],[80.46167,6.79132],[80.4619,6.79137],[80.46209,6.79129],[80.46226,6.79129],[80.46239,6.79135],[80.46237,6.79143],[80.46184,6.79158],[80.46163,6.79157],[80.46093,6.79123],[80.46083,6.79128],[80.46079,6.79144],[80.46079,6.79158],[80.46118,6.79221],[80.46128,6.79247],[80.46163,6.7938],[80.46181,6.79419],[80.4617,6.79452],[80.4616,6.79463],[80.46141,6.79468],[80.46015,6.79469],[80.45992,6.79483],[80.45978,6.79499],[80.45965,6.79522],[80.4594,6.79591],[80.4593,6.79601],[80.45915,6.79609],[80.45855,6.79612],[80.45849,6.79628],[80.45857,6.79647],[80.45909,6.79703],[80.45938,6.79741],[80.45983,6.79853],[80.45987,6.79882],[80.45984,6.79903],[80.45949,6.7997],[80.45924,6.79974],[80.45909,6.79963],[80.45858,6.79877],[80.45811,6.7984],[80.45786,6.7978],[80.45763,6.79745],[80.45742,6.79726],[80.45659,6.79698],[80.45568,6.79656],[80.45532,6.79646],[80.45491,6.79644],[80.45462,6.79654],[80.45432,6.7968],[80.45325,6.79745],[80.45227,6.79862],[80.45173,6.79906],[80.45129,6.80002],[80.45113,6.80021],[80.45067,6.80044],[80.4495,6.80135],[80.44905,6.80146],[80.44891,6.80155],[80.44856,6.80201],[80.44809,6.80232],[80.44795,6.80268],[80.44795,6.80286],[80.44798,6.80307],[80.44821,6.80338],[80.44822,6.80357],[80.44816,6.80373],[80.44801,6.80384],[80.44783,6.8039],[80.44764,6.80389],[80.44747,6.80381],[80.44716,6.8034],[80.44685,6.8018],[80.44677,6.80166],[80.44663,6.80156],[80.44607,6.8016],[80.44589,6.80151],[80.44556,6.80114],[80.44544,6.8011],[80.44525,6.80112],[80.44506,6.80122],[80.44496,6.80135],[80.44495,6.80152],[80.44537,6.80329],[80.44544,6.80391],[80.44539,6.8041],[80.44527,6.80424],[80.4451,6.8043],[80.44491,6.80424],[80.44409,6.80379],[80.44372,6.80377],[80.44336,6.80388],[80.44273,6.80429],[80.44238,6.80442],[80.44227,6.80478],[80.44239,6.805],[80.4426,6.80516],[80.44267,6.80535],[80.44266,6.80549],[80.44198,6.80628],[80.44178,6.80637],[80.4416,6.8064],[80.44094,6.80641],[80.44018,6.80664],[80.43996,6.80661],[80.43979,6.80649],[80.43965,6.80625],[80.43934,6.80464],[80.43923,6.80428],[80.43882,6.8034],[80.43838,6.80274],[80.43757,6.80191],[80.43712,6.80128],[80.43652,6.79963],[80.43541,6.7978],[80.43525,6.79732],[80.43521,6.79701],[80.43527,6.79607],[80.43522,6.79597],[80.43508,6.79593],[80.43442,6.79601],[80.43424,6.79598],[80.43411,6.79589],[80.43407,6.79578],[80.43411,6.79507],[80.43404,6.79468],[80.43389,6.79456],[80.4337,6.79452],[80.43353,6.7946],[80.43332,6.79493],[80.4332,6.7953],[80.43311,6.79588],[80.43269,6.79679],[80.43261,6.79717],[80.43272,6.79753],[80.43289,6.79764],[80.43326,6.79776],[80.43342,6.79786],[80.43354,6.79802],[80.43372,6.7981],[80.43391,6.79812],[80.43398,6.79821],[80.43396,6.7983],[80.43392,6.79836],[80.43374,6.79845],[80.43355,6.79846],[80.43268,6.79802],[80.43249,6.79802],[80.43197,6.79824],[80.43174,6.79825],[80.43157,6.79818],[80.43143,6.79804],[80.43123,6.79771],[80.43107,6.79762],[80.43088,6.79762],[80.4307,6.7977],[80.43041,6.79795],[80.43031,6.79811],[80.43029,6.79829],[80.43034,6.79846],[80.43048,6.79866],[80.43065,6.79877],[80.43104,6.79883],[80.43146,6.79898],[80.43158,6.79913],[80.4317,6.79969],[80.43187,6.8001],[80.4318,6.80047],[80.43168,6.80061],[80.43135,6.80081],[80.4308,6.80097],[80.43062,6.80109],[80.43059,6.80125],[80.43065,6.80139],[80.43094,6.80154],[80.43111,6.80155],[80.43169,6.80143],[80.4318,6.80152],[80.43182,6.80174],[80.43168,6.80191],[80.43078,6.80233],[80.4302,6.80233],[80.43002,6.8024],[80.42992,6.80265],[80.42999,6.80293],[80.42994,6.80326],[80.42996,6.80345],[80.43003,6.80355],[80.43016,6.80362],[80.43059,6.80359],[80.43114,6.80343],[80.43126,6.80347],[80.43129,6.80365],[80.4312,6.80404],[80.43123,6.80417],[80.43135,6.80425],[80.43155,6.80424],[80.43171,6.80415],[80.4319,6.80392],[80.43222,6.80305],[80.43235,6.80294],[80.4325,6.80291],[80.43259,6.80294],[80.43257,6.80328],[80.43223,6.80399],[80.4322,6.80423],[80.43224,6.80457],[80.43218,6.80467],[80.43209,6.80473],[80.43098,6.80477],[80.43082,6.80486],[80.43074,6.80501],[80.43072,6.80516],[80.43087,6.80545],[80.43121,6.80559],[80.43181,6.80557],[80.43235,6.80536],[80.43275,6.80536],[80.43294,6.80542],[80.43341,6.80577],[80.43361,6.8061],[80.43377,6.80645],[80.43381,6.80683],[80.43362,6.80776],[80.43371,6.80829],[80.43369,6.80848],[80.43343,6.80901],[80.43342,6.8092],[80.43347,6.80938],[80.43358,6.80953],[80.43427,6.80994],[80.43452,6.81067],[80.43467,6.81079],[80.43525,6.81091],[80.43542,6.81099],[80.43568,6.81128],[80.43572,6.81147],[80.43554,6.81216],[80.43557,6.81242],[80.43571,6.81288],[80.43567,6.81309],[80.43556,6.81321],[80.43537,6.8133],[80.43515,6.8133],[80.43415,6.81305],[80.43401,6.81307],[80.43377,6.81346],[80.43358,6.81351],[80.43345,6.81348],[80.43316,6.81321],[80.43303,6.81315],[80.43258,6.81311],[80.43246,6.81305],[80.43241,6.81293],[80.43246,6.81268],[80.43279,6.81243],[80.43287,6.8123],[80.43298,6.81194],[80.4332,6.81072],[80.43327,6.81056],[80.43347,6.81032],[80.4336,6.81],[80.4336,6.80986],[80.43353,6.80971],[80.43342,6.80963],[80.43324,6.80961],[80.43142,6.80989],[80.43107,6.80989],[80.43094,6.80978],[80.43087,6.80962],[80.43087,6.80951],[80.43125,6.80904],[80.43136,6.80884],[80.43155,6.80805],[80.43156,6.80752],[80.43149,6.80737],[80.43134,6.80722],[80.43109,6.80709],[80.4301,6.80681],[80.42991,6.80671],[80.42955,6.80634],[80.42904,6.80595],[80.42889,6.80565],[80.42878,6.80559],[80.42795,6.80559],[80.42755,6.80536],[80.42742,6.80512],[80.42738,6.80488],[80.42741,6.80474],[80.42778,6.80418],[80.42781,6.80381],[80.42766,6.8033],[80.42766,6.8031],[80.42779,6.80258],[80.42804,6.80198],[80.42815,6.80182],[80.42887,6.80128],[80.42908,6.80123],[80.4294,6.80125],[80.42945,6.80119],[80.42943,6.80105],[80.42932,6.80078],[80.42932,6.80068],[80.43022,6.80046],[80.43069,6.80027],[80.43082,6.80016],[80.43089,6.79985],[80.43076,6.79924],[80.43058,6.79889],[80.43044,6.79886],[80.43027,6.79894],[80.43008,6.79909],[80.42986,6.79943],[80.42953,6.79965],[80.42943,6.79965],[80.42934,6.79956],[80.4292,6.79931],[80.42916,6.79912],[80.42921,6.799],[80.42947,6.79873],[80.42947,6.79858],[80.42896,6.79781],[80.42895,6.79721],[80.42889,6.7971],[80.42859,6.79689],[80.42836,6.79652],[80.42804,6.79634],[80.428,6.79626],[80.42803,6.79619],[80.42816,6.79616],[80.42873,6.79615],[80.42913,6.79606],[80.42947,6.79572],[80.42953,6.79534],[80.42953,6.79455],[80.42938,6.79396],[80.4293,6.79385],[80.42908,6.79371],[80.42849,6.79352],[80.42836,6.79341],[80.4283,6.79324],[80.42826,6.79299],[80.42829,6.79271],[80.42848,6.79204],[80.42864,6.79167],[80.42871,6.79134],[80.42862,6.79078],[80.4284,6.79046],[80.4282,6.79043],[80.42796,6.79073],[80.42791,6.79091],[80.4279,6.79152],[80.42786,6.79171],[80.42774,6.79186],[80.42756,6.79194],[80.42717,6.79188],[80.42701,6.79176],[80.42678,6.79145],[80.42641,6.79134],[80.4262,6.79137],[80.42602,6.79143],[80.42504,6.79205],[80.42457,6.7924],[80.42448,6.79253],[80.42451,6.79264],[80.42459,6.79267],[80.42582,6.79255],[80.42669,6.79258],[80.42692,6.79264],[80.42713,6.7929],[80.42715,6.79303],[80.42709,6.79313],[80.42686,6.79341],[80.42662,6.79393],[80.42625,6.79449],[80.42606,6.79465],[80.42587,6.79474],[80.42567,6.79476],[80.42542,6.79469],[80.42527,6.79458],[80.42508,6.79426],[80.42442,6.79247],[80.4243,6.79241],[80.42362,6.79236],[80.42329,6.79246],[80.42297,6.79268],[80.42266,6.79278],[80.42233,6.79268],[80.42211,6.79246],[80.422,6.79174],[80.422,6.79136],[80.42209,6.79107],[80.42253,6.79063],[80.4227,6.7904],[80.42274,6.79017],[80.4226,6.78961],[80.42234,6.78905],[80.42219,6.78894],[80.42199,6.7889],[80.42147,6.78895],[80.42039,6.78885],[80.42025,6.78892],[80.42017,6.78909],[80.42018,6.78947],[80.42027,6.78975],[80.42039,6.78994],[80.42092,6.79031],[80.42106,6.79046],[80.42123,6.79068],[80.42127,6.79083],[80.42124,6.79097],[80.4211,6.79116],[80.4208,6.79143],[80.42067,6.79164],[80.42065,6.79176],[80.42068,6.79189],[80.42082,6.792],[80.42146,6.79211],[80.42158,6.79225],[80.42158,6.79272],[80.42146,6.79296],[80.42115,6.79305],[80.4207,6.79294],[80.42046,6.79298],[80.42003,6.79315],[80.41991,6.79325],[80.41973,6.79362],[80.41976,6.79479],[80.41956,6.79519],[80.41937,6.79537],[80.4192,6.79546],[80.41891,6.79544],[80.4186,6.79519],[80.41754,6.79347],[80.41733,6.79333],[80.41693,6.79332],[80.41666,6.79355],[80.41647,6.79386],[80.41613,6.79449],[80.4159,6.79523],[80.41575,6.79546],[80.41535,6.79569],[80.41473,6.7958],[80.41341,6.79566],[80.413,6.79552],[80.41282,6.7952],[80.41268,6.79474],[80.41285,6.79425],[80.4135,6.79349],[80.41376,6.79281],[80.41367,6.79213],[80.41291,6.79105],[80.41161,6.79016],[80.41016,6.78956],[80.40839,6.78928],[80.40665,6.7892],[80.40541,6.78922],[80.40103,6.78992],[80.4,6.79023],[80.39922,6.7908],[80.39875,6.79138],[80.39841,6.79205],[80.39826,6.79302],[80.3981,6.79366],[80.39795,6.79403],[80.39751,6.79447],[80.39667,6.79476],[80.39488,6.7951],[80.39333,6.79572],[80.39079,6.79772],[80.38991,6.79849],[80.38885,6.79914],[80.38793,6.79981],[80.38755,6.80025],[80.3876,6.80069],[80.38789,6.80107],[80.38865,6.80164],[80.39138,6.80529],[80.39163,6.80572],[80.39178,6.80621],[80.39189,6.80713],[80.3918,6.80762],[80.39157,6.80822],[80.39117,6.80884],[80.39059,6.80938],[80.38993,6.80983],[80.38927,6.81012],[80.3889,6.81039],[80.38894,6.81087],[80.38916,6.81147],[80.3894,6.81291],[80.38945,6.81359],[80.38935,6.8139],[80.38916,6.81419],[80.38867,6.81471],[80.38667,6.81832],[80.38567,6.82024],[80.38532,6.82082],[80.38524,6.82114]]]}},{"type":"Feature","properties":{"c":"industrial"},"geometry":{"type":"Polygon","coordinates":[[[80.215,7.27093],[80.21496,7.27135],[80.21561,7.27225],[80.21616,7.27195],[80.21593,7.27141],[80.21615,7.27108],[80.21626,7.27078],[80.21525,7.27035],[80.215,7.27093]]]}},{"type":"Feature","properties":{"c":"industrial"},"geometry":{"type":"MultiPolygon","coordinates":[[[[80.21474,7.27439],[80.21492,7.27471],[80.21521,7.27483],[80.21578,7.27537],[80.21731,7.27645],[80.21928,7.27735],[80.22083,7.27823],[80.22087,7.27762],[80.22109,7.27762],[80.22181,7.27683],[80.22126,7.27559],[80.22127,7.27531],[80.22147,7.2748],[80.22147,7.27449],[80.22134,7.274],[80.221,7.27406],[80.21936,7.27529],[80.219,7.27541],[80.21873,7.27533],[80.21616,7.27352],[80.21474,7.27439]]],[[[80.2167,7.27371],[80.21874,7.2752],[80.21887,7.27526],[80.21936,7.27506],[80.22108,7.27379],[80.22117,7.27363],[80.22038,7.27209],[80.21864,7.27292],[80.21846,7.27308],[80.21724,7.27372],[80.2167,7.27371]]]]}},{"type":"Feature","properties":{"c":"industrial","n":"Bogala Graphite Mines"},"geometry":{"type":"Polygon","coordinates":[[[80.30922,7.11618],[80.30929,7.11624],[80.3104,7.11646],[80.31047,7.11652],[80.31053,7.11693],[80.31058,7.117],[80.31109,7.11712],[80.31136,7.11744],[80.31144,7.11746],[80.31173,7.1173],[80.31176,7.11724],[80.31097,7.11528],[80.30988,7.11508],[80.30983,7.11511],[80.30979,7.11562],[80.30981,7.11567],[80.31015,7.11573],[80.31019,7.1158],[80.31013,7.11598],[80.30933,7.1159],[80.30928,7.11594],[80.30922,7.11618]]]}},{"type":"Feature","properties":{"c":"industrial"},"geometry":{"type":"Polygon","coordinates":[[[80.27599,7.10588],[80.27676,7.10684],[80.27756,7.10621],[80.27679,7.10525],[80.27599,7.10588]]]}},{"type":"Feature","properties":{"c":"forest","n":"Alagalla Conservation Forest"},"geometry":{"type":"Polygon","coordinates":[[[80.42801,7.32636],[80.42824,7.32687],[80.42985,7.32843],[80.42993,7.32876],[80.42982,7.32916],[80.42842,7.33052],[80.42814,7.33087],[80.4281,7.3312],[80.42829,7.33152],[80.42854,7.33165],[80.42897,7.3317],[80.42924,7.33156],[80.43017,7.33084],[80.43143,7.33033],[80.43222,7.32976],[80.43244,7.32943],[80.43291,7.32823],[80.43316,7.32796],[80.43347,7.32782],[80.43383,7.32788],[80.43508,7.32835],[80.43612,7.32851],[80.43661,7.32843],[80.437,7.32817],[80.43734,7.32733],[80.43764,7.3269],[80.43804,7.32667],[80.43888,7.32646],[80.43923,7.32628],[80.44074,7.32495],[80.44113,7.32476],[80.44156,7.32479],[80.44358,7.32537],[80.44405,7.32535],[80.44449,7.32519],[80.44481,7.32484],[80.44493,7.32438],[80.44487,7.32208],[80.44493,7.32157],[80.44516,7.32116],[80.44547,7.32079],[80.44587,7.32054],[80.45121,7.31807],[80.45441,7.31682],[80.4556,7.31665],[80.45604,7.31682],[80.45652,7.31758],[80.45686,7.3179],[80.45731,7.31804],[80.45877,7.3182],[80.45968,7.3182],[80.46016,7.3181],[80.4603,7.31784],[80.46021,7.31746],[80.46002,7.31717],[80.45989,7.31675],[80.45988,7.31629],[80.46008,7.31582],[80.46051,7.31545],[80.46123,7.31521],[80.46206,7.31524],[80.4639,7.31561],[80.46453,7.31567],[80.465,7.31557],[80.46535,7.31527],[80.46568,7.3148],[80.46619,7.31383],[80.46652,7.31352],[80.46702,7.31348],[80.46795,7.31351],[80.4682,7.31342],[80.46834,7.31326],[80.46854,7.31254],[80.46868,7.31227],[80.46903,7.31219],[80.46966,7.31224],[80.47045,7.31263],[80.4719,7.31358],[80.47244,7.31369],[80.4729,7.31365],[80.47333,7.31345],[80.47371,7.31321],[80.47403,7.31275],[80.47422,7.3123],[80.47422,7.31198],[80.474,7.31175],[80.47362,7.31161],[80.47264,7.31173],[80.47236,7.31167],[80.47208,7.31149],[80.47198,7.31122],[80.47211,7.31077],[80.47284,7.30964],[80.47302,7.30913],[80.47294,7.30864],[80.47259,7.30834],[80.47214,7.30818],[80.47092,7.30811],[80.47044,7.30794],[80.46868,7.30676],[80.46829,7.30657],[80.46802,7.30635],[80.46781,7.30596],[80.46776,7.30555],[80.46782,7.30528],[80.46812,7.30498],[80.46853,7.30472],[80.46958,7.30438],[80.46995,7.30412],[80.47028,7.30363],[80.47041,7.30313],[80.47048,7.30265],[80.47067,7.30222],[80.47098,7.30188],[80.47144,7.30172],[80.47241,7.30183],[80.47292,7.30178],[80.47339,7.30165],[80.47368,7.30134],[80.47385,7.30087],[80.47404,7.29999],[80.47465,7.29871],[80.47525,7.2977],[80.47588,7.29696],[80.47756,7.29546],[80.47824,7.29491],[80.47895,7.29421],[80.4791,7.29384],[80.47909,7.29354],[80.47882,7.29324],[80.47716,7.29171],[80.47643,7.2913],[80.47594,7.29111],[80.47511,7.291],[80.47363,7.29126],[80.47277,7.29163],[80.47073,7.29274],[80.47024,7.2928],[80.46979,7.29266],[80.46945,7.2923],[80.4695,7.29186],[80.46986,7.29156],[80.47117,7.29071],[80.47193,7.29041],[80.47261,7.2902],[80.47333,7.29019],[80.47415,7.29029],[80.47617,7.29068],[80.47705,7.29066],[80.47764,7.29044],[80.47812,7.29016],[80.47868,7.28952],[80.47894,7.2891],[80.47961,7.28763],[80.48089,7.28421],[80.48116,7.28383],[80.48349,7.28231],[80.48372,7.2819],[80.48382,7.28144],[80.48387,7.28098],[80.48386,7.28052],[80.48361,7.2797],[80.48362,7.27923],[80.48375,7.27879],[80.48392,7.27837],[80.48437,7.27754],[80.48495,7.27676],[80.48581,7.27545],[80.48612,7.27508],[80.48648,7.27476],[80.48693,7.27459],[80.48782,7.27473],[80.48824,7.27495],[80.48861,7.2754],[80.48887,7.27589],[80.48909,7.27676],[80.4893,7.277],[80.48959,7.27713],[80.48997,7.27711],[80.49036,7.27678],[80.49121,7.27519],[80.4916,7.27471],[80.49216,7.27416],[80.49343,7.27315],[80.49455,7.27236],[80.49469,7.2722],[80.49477,7.27196],[80.49472,7.2716],[80.49454,7.27133],[80.49417,7.27104],[80.49375,7.27084],[80.49255,7.27076],[80.49199,7.27085],[80.4915,7.27119],[80.49043,7.27234],[80.49002,7.27266],[80.48948,7.27288],[80.48888,7.27296],[80.48655,7.27295],[80.48594,7.27313],[80.48539,7.27346],[80.485,7.27377],[80.48468,7.27412],[80.48418,7.27487],[80.4838,7.27507],[80.48336,7.27516],[80.48287,7.2751],[80.48253,7.27495],[80.48214,7.27466],[80.48177,7.27445],[80.48134,7.27439],[80.48084,7.27453],[80.48049,7.27476],[80.48033,7.27514],[80.48027,7.27552],[80.48027,7.27605],[80.48057,7.27805],[80.4803,7.27934],[80.48018,7.28032],[80.47993,7.28112],[80.47974,7.2815],[80.47947,7.28177],[80.4784,7.28234],[80.47802,7.28279],[80.4777,7.2833],[80.47759,7.28355],[80.47758,7.28383],[80.4777,7.28479],[80.47757,7.28505],[80.47536,7.28642],[80.47501,7.28669],[80.47445,7.2873],[80.47397,7.28802],[80.4737,7.28827],[80.47334,7.28846],[80.47293,7.28856],[80.47137,7.28863],[80.47096,7.28873],[80.46983,7.28933],[80.4681,7.28989],[80.46734,7.29009],[80.46677,7.29016],[80.46625,7.29012],[80.46597,7.28999],[80.46572,7.28966],[80.46566,7.28934],[80.46574,7.28911],[80.46598,7.2889],[80.46723,7.28854],[80.4675,7.28835],[80.46768,7.28811],[80.46767,7.28775],[80.46755,7.28751],[80.46715,7.28721],[80.4666,7.28694],[80.46613,7.28691],[80.46567,7.28703],[80.46422,7.28787],[80.46398,7.28802],[80.46335,7.28891],[80.46316,7.28905],[80.46297,7.28907],[80.46272,7.289],[80.46198,7.2885],[80.46147,7.28827],[80.46077,7.28812],[80.46054,7.28811],[80.46012,7.28831],[80.46001,7.28852],[80.45999,7.28881],[80.46006,7.29019],[80.45975,7.29057],[80.45948,7.29064],[80.45875,7.29064],[80.45793,7.29051],[80.45759,7.29058],[80.45742,7.29076],[80.45717,7.29118],[80.45709,7.29166],[80.45743,7.29285],[80.4575,7.29354],[80.45744,7.29376],[80.45727,7.29392],[80.45709,7.29391],[80.45619,7.29362],[80.456,7.29367],[80.45545,7.29422],[80.45541,7.29458],[80.45548,7.2948],[80.45582,7.29505],[80.45687,7.29532],[80.45783,7.29574],[80.45798,7.29592],[80.45798,7.29615],[80.45787,7.29649],[80.4574,7.29697],[80.45721,7.29728],[80.45699,7.29817],[80.45672,7.29847],[80.45476,7.29956],[80.45444,7.29979],[80.45419,7.30001],[80.45358,7.30103],[80.4534,7.3012],[80.45262,7.30157],[80.45245,7.30175],[80.45215,7.30225],[80.45164,7.30273],[80.45083,7.30337],[80.45035,7.30388],[80.45021,7.30427],[80.45027,7.30517],[80.45024,7.30542],[80.4501,7.30563],[80.4498,7.30582],[80.44741,7.30557],[80.44704,7.30566],[80.44685,7.3058],[80.44674,7.30614],[80.44672,7.3064],[80.4468,7.3067],[80.44823,7.30933],[80.44858,7.30976],[80.44912,7.31025],[80.44918,7.31045],[80.449,7.31084],[80.44862,7.31114],[80.44832,7.31129],[80.44714,7.3116],[80.44685,7.31173],[80.4467,7.31193],[80.44669,7.3122],[80.44699,7.31236],[80.44734,7.31237],[80.4475,7.31234],[80.44794,7.31207],[80.44819,7.31173],[80.44847,7.31155],[80.44881,7.31147],[80.44915,7.31148],[80.44931,7.31154],[80.44957,7.31179],[80.44981,7.31211],[80.4499,7.31233],[80.44981,7.31252],[80.44959,7.31265],[80.44861,7.31291],[80.44736,7.31336],[80.44679,7.31384],[80.44658,7.31394],[80.4461,7.31394],[80.44548,7.314],[80.44514,7.31412],[80.44487,7.31436],[80.44477,7.3146],[80.44482,7.31582],[80.44474,7.31607],[80.4435,7.31745],[80.44331,7.31757],[80.44307,7.31762],[80.44028,7.31709],[80.43981,7.31683],[80.4395,7.31649],[80.4393,7.31637],[80.43753,7.31593],[80.4371,7.31589],[80.43668,7.31591],[80.43621,7.3161],[80.43593,7.31633],[80.43532,7.31705],[80.43495,7.31731],[80.43419,7.31765],[80.43399,7.31778],[80.43384,7.31796],[80.43358,7.31834],[80.43331,7.31908],[80.43297,7.32031],[80.43284,7.3205],[80.43197,7.32071],[80.43179,7.32089],[80.43168,7.32133],[80.43168,7.32175],[80.4315,7.32196],[80.43127,7.32202],[80.43057,7.32202],[80.43034,7.32208],[80.43016,7.32222],[80.43008,7.32245],[80.4301,7.32302],[80.43002,7.32324],[80.42987,7.32343],[80.42944,7.32363],[80.42928,7.32379],[80.4291,7.32477],[80.42899,7.32497],[80.42842,7.32538],[80.4282,7.32567],[80.42801,7.32613],[80.42801,7.32636]],[[80.45811,7.30302],[80.46062,7.29962],[80.46227,7.30011],[80.46349,7.29855],[80.46515,7.29885],[80.46612,7.29806],[80.46696,7.29813],[80.46933,7.29572],[80.46919,7.29498],[80.46972,7.29438],[80.47189,7.29333],[80.47345,7.29266],[80.47474,7.29232],[80.47612,7.29318],[80.47669,7.29434],[80.47665,7.29445],[80.47616,7.29385],[80.47504,7.29314],[80.47501,7.29349],[80.47452,7.294],[80.47303,7.29437],[80.4729,7.2953],[80.47223,7.29581],[80.47062,7.29632],[80.47067,7.29669],[80.46956,7.29796],[80.46972,7.29723],[80.46957,7.29718],[80.46887,7.29789],[80.46864,7.29829],[80.4688,7.29876],[80.46777,7.29988],[80.466,7.30136],[80.46404,7.30154],[80.46342,7.30319],[80.46265,7.30374],[80.46219,7.30568],[80.46171,7.3061],[80.46066,7.30546],[80.46034,7.30496],[80.45919,7.30527],[80.45959,7.3041],[80.45818,7.30409],[80.45811,7.30302]],[[80.46078,7.29384],[80.4616,7.29159],[80.46208,7.29058],[80.46532,7.28917],[80.46548,7.29024],[80.46743,7.29062],[80.46969,7.28992],[80.47184,7.28947],[80.47189,7.2897],[80.46956,7.29047],[80.4673,7.2909],[80.46567,7.29141],[80.46455,7.29241],[80.46318,7.29432],[80.46212,7.29515],[80.46078,7.29384]]]}},{"type":"Feature","properties":{"c":"industrial","n":"Pambagama State"},"geometry":{"type":"Polygon","coordinates":[[[80.30182,6.89132],[80.30229,6.89152],[80.30262,6.89075],[80.30214,6.89055],[80.30182,6.89132]]]}},{"type":"Feature","properties":{"c":"cemetery","n":"Polambegoda Cemetery"},"geometry":{"type":"Polygon","coordinates":[[[80.45845,7.19595],[80.45916,7.19653],[80.45937,7.19626],[80.45945,7.19603],[80.45945,7.19591],[80.45932,7.19567],[80.45891,7.19529],[80.45845,7.19595]]]}},{"type":"Feature","properties":{"c":"orchard"},"geometry":{"type":"Polygon","coordinates":[[[80.22768,6.91129],[80.22786,6.91282],[80.22811,6.91288],[80.22831,6.91326],[80.22871,6.91368],[80.22876,6.91426],[80.22901,6.91454],[80.22904,6.91471],[80.22925,6.91517],[80.22976,6.91513],[80.22976,6.9156],[80.22954,6.91625],[80.22896,6.91587],[80.22865,6.91646],[80.22886,6.91669],[80.22939,6.91667],[80.22935,6.91701],[80.22988,6.91696],[80.23004,6.91714],[80.22991,6.91736],[80.22954,6.91719],[80.22928,6.91747],[80.22926,6.91771],[80.22877,6.91782],[80.22854,6.91823],[80.22818,6.91875],[80.2284,6.91935],[80.2281,6.91952],[80.22836,6.91991],[80.22885,6.92],[80.22908,6.92],[80.22913,6.91972],[80.22931,6.91945],[80.22986,6.91947],[80.22978,6.91973],[80.22962,6.9198],[80.2298,6.92007],[80.2301,6.92029],[80.23032,6.92024],[80.23049,6.92026],[80.23063,6.92082],[80.23036,6.92108],[80.23049,6.92138],[80.23092,6.92133],[80.2308,6.92187],[80.23077,6.92271],[80.23082,6.92352],[80.23071,6.92413],[80.23062,6.92414],[80.23082,6.92513],[80.23047,6.92583],[80.23048,6.9261],[80.23069,6.92618],[80.23117,6.9262],[80.23229,6.9261],[80.23335,6.92554],[80.23359,6.92514],[80.23364,6.9249],[80.23411,6.92482],[80.23434,6.92376],[80.23431,6.92284],[80.23448,6.92237],[80.23439,6.92101],[80.23385,6.92086],[80.23347,6.92133],[80.23309,6.92211],[80.23268,6.92342],[80.23244,6.92385],[80.23223,6.92385],[80.23217,6.92362],[80.2326,6.92319],[80.23265,6.92228],[80.23323,6.92119],[80.23298,6.92093],[80.23309,6.92032],[80.23326,6.91992],[80.23264,6.91974],[80.23286,6.91852],[80.23352,6.91879],[80.23371,6.91831],[80.23362,6.91768],[80.23339,6.91725],[80.2333,6.91677],[80.23358,6.91641],[80.23383,6.91622],[80.23419,6.91631],[80.23431,6.9165],[80.23408,6.91703],[80.23409,6.91732],[80.2342,6.91762],[80.23437,6.91782],[80.23451,6.91786],[80.23464,6.91785],[80.23476,6.91772],[80.23497,6.91651],[80.23505,6.91639],[80.23516,6.91567],[80.23511,6.91524],[80.23486,6.91489],[80.23533,6.91406],[80.23523,6.91338],[80.23548,6.91337],[80.23563,6.91376],[80.23585,6.9139],[80.23632,6.91362],[80.23617,6.91313],[80.23563,6.91256],[80.23546,6.91207],[80.23539,6.91148],[80.23591,6.91121],[80.23704,6.91168],[80.2372,6.91108],[80.23667,6.91076],[80.23665,6.91035],[80.23729,6.91017],[80.23737,6.90991],[80.23713,6.90917],[80.23715,6.90877],[80.23705,6.90826],[80.23689,6.90815],[80.23636,6.90832],[80.23614,6.90736],[80.23575,6.90724],[80.23554,6.90698],[80.23552,6.90624],[80.23543,6.90585],[80.23552,6.90541],[80.23564,6.90516],[80.23533,6.9044],[80.23494,6.90436],[80.23444,6.9034],[80.23373,6.90331],[80.23365,6.90275],[80.23384,6.90236],[80.23309,6.90205],[80.23289,6.90215],[80.23292,6.90285],[80.2325,6.90302],[80.23222,6.90275],[80.23203,6.90274],[80.23169,6.90292],[80.23162,6.9032],[80.23174,6.90343],[80.23115,6.90462],[80.23096,6.90636],[80.2306,6.90757],[80.23057,6.90839],[80.23024,6.90879],[80.22993,6.90948],[80.22978,6.91],[80.23008,6.91017],[80.22976,6.9112],[80.22997,6.91186],[80.22966,6.91272],[80.23016,6.9127],[80.23047,6.91293],[80.2304,6.91321],[80.23002,6.91337],[80.2293,6.91325],[80.2291,6.91289],[80.22885,6.91276],[80.22866,6.91177],[80.22837,6.91161],[80.22804,6.91125],[80.22768,6.91129]]]}},{"type":"Feature","properties":{"c":"forest"},"geometry":{"type":"Polygon","coordinates":[[[80.19471,6.936],[80.1952,6.93707],[80.19621,6.93763],[80.19674,6.93706],[80.19721,6.93737],[80.19746,6.93726],[80.19737,6.93631],[80.19773,6.93585],[80.19887,6.93397],[80.19913,6.93374],[80.1993,6.93422],[80.19891,6.93548],[80.19901,6.93625],[80.19874,6.93698],[80.19867,6.93793],[80.19881,6.9393],[80.19869,6.94095],[80.19933,6.94098],[80.1995,6.94216],[80.1979,6.94298],[80.19801,6.94391],[80.19788,6.94432],[80.19956,6.9438],[80.19977,6.9443],[80.19927,6.9454],[80.19895,6.94555],[80.19898,6.94617],[80.19879,6.94628],[80.1989,6.94677],[80.19948,6.9472],[80.19964,6.94743],[80.20024,6.94752],[80.20064,6.94812],[80.20099,6.94816],[80.20109,6.94837],[80.20132,6.94841],[80.20149,6.94864],[80.20186,6.94832],[80.20243,6.94812],[80.20369,6.94885],[80.20378,6.94916],[80.20447,6.94953],[80.20467,6.9492],[80.20494,6.94913],[80.20523,6.94932],[80.20816,6.94913],[80.20851,6.94919],[80.20901,6.94902],[80.20922,6.9492],[80.20979,6.9494],[80.21061,6.94901],[80.2108,6.94744],[80.21027,6.94754],[80.20948,6.94738],[80.20892,6.94709],[80.20864,6.94647],[80.20864,6.94621],[80.20938,6.94584],[80.2095,6.94529],[80.20863,6.94457],[80.2084,6.94407],[80.20847,6.94363],[80.20899,6.94336],[80.21139,6.94332],[80.21167,6.9443],[80.21295,6.94484],[80.21307,6.94419],[80.21306,6.94306],[80.21219,6.94153],[80.21038,6.94169],[80.20913,6.94191],[80.20785,6.94143],[80.20773,6.94032],[80.20842,6.93849],[80.20964,6.93768],[80.21146,6.93739],[80.21294,6.93691],[80.21285,6.93643],[80.21213,6.93617],[80.21156,6.93626],[80.21137,6.93518],[80.21056,6.93498],[80.21013,6.93446],[80.20884,6.93374],[80.20944,6.93204],[80.21055,6.9282],[80.19677,6.93079],[80.19727,6.93131],[80.19719,6.93296],[80.19697,6.93406],[80.19657,6.9351],[80.19612,6.93574],[80.19471,6.936]],[[80.20036,6.94362],[80.20039,6.94316],[80.20071,6.94302],[80.20099,6.94322],[80.20095,6.94353],[80.20078,6.94369],[80.20036,6.94362]],[[80.20073,6.94238],[80.20167,6.94203],[80.20177,6.94245],[80.20084,6.94273],[80.20073,6.94238]],[[80.20366,6.9316],[80.20366,6.9312],[80.20376,6.93103],[80.20401,6.93087],[80.2042,6.93095],[80.20425,6.93119],[80.20404,6.93168],[80.20378,6.93175],[80.20366,6.9316]],[[80.20371,6.9406],[80.20377,6.93999],[80.20398,6.9398],[80.20432,6.93963],[80.20456,6.93945],[80.20457,6.93926],[80.20531,6.93934],[80.2053,6.93966],[80.20564,6.93967],[80.20569,6.93995],[80.20563,6.94032],[80.20519,6.94108],[80.20498,6.94097],[80.20415,6.94125],[80.20403,6.94151],[80.20388,6.94147],[80.20373,6.9412],[80.20371,6.9406]]]}},{"type":"Feature","properties":{"c":"orchard","n":"Elston Estate Upper Division"},"geometry":{"type":"Polygon","coordinates":[[[80.18479,6.9091],[80.18511,6.90968],[80.18601,6.91067],[80.18598,6.91152],[80.1857,6.91179],[80.18567,6.91233],[80.18571,6.91247],[80.18559,6.91323],[80.18572,6.91348],[80.1861,6.91382],[80.18626,6.91405],[80.18631,6.91423],[80.18689,6.91442],[80.18768,6.91452],[80.18802,6.91463],[80.18801,6.91479],[80.18779,6.91549],[80.18775,6.91583],[80.18759,6.91609],[80.18756,6.91652],[80.18742,6.91695],[80.18737,6.91738],[80.18756,6.91796],[80.18779,6.91807],[80.18813,6.91812],[80.18875,6.91906],[80.18892,6.91966],[80.18885,6.91976],[80.18962,6.92005],[80.18994,6.92061],[80.18997,6.92151],[80.1901,6.92179],[80.1904,6.9218],[80.19065,6.92128],[80.19082,6.92059],[80.19104,6.9205],[80.1915,6.92079],[80.19187,6.92121],[80.19192,6.92153],[80.19191,6.92196],[80.19197,6.92227],[80.19187,6.92257],[80.19205,6.92267],[80.19212,6.92289],[80.19222,6.92294],[80.19231,6.92324],[80.19221,6.92373],[80.19183,6.92438],[80.19231,6.92462],[80.19331,6.92454],[80.19379,6.92415],[80.19535,6.92378],[80.19502,6.92658],[80.19561,6.92738],[80.19572,6.92869],[80.19656,6.92893],[80.19658,6.92907],[80.19625,6.9295],[80.19633,6.92985],[80.19595,6.93015],[80.19585,6.93051],[80.19678,6.93027],[80.19674,6.93065],[80.20117,6.9298],[80.2019,6.92867],[80.20258,6.92844],[80.20578,6.92832],[80.20606,6.92771],[80.20649,6.92772],[80.20628,6.9276],[80.20604,6.92713],[80.20548,6.92672],[80.20549,6.92649],[80.20618,6.92633],[80.20717,6.9258],[80.20778,6.92516],[80.20792,6.92573],[80.20814,6.92554],[80.20836,6.92493],[80.20838,6.92416],[80.20853,6.92407],[80.20836,6.92335],[80.20858,6.923],[80.20869,6.92302],[80.20912,6.92368],[80.20919,6.92395],[80.20941,6.924],[80.2099,6.92359],[80.21065,6.9236],[80.21071,6.92274],[80.21102,6.92212],[80.21104,6.92146],[80.21089,6.92038],[80.21068,6.92002],[80.211,6.91915],[80.21155,6.91825],[80.21204,6.91765],[80.21097,6.91655],[80.21008,6.91513],[80.21017,6.91369],[80.20923,6.91303],[80.20945,6.91234],[80.20896,6.91185],[80.20799,6.91147],[80.20595,6.91226],[80.20484,6.91255],[80.20405,6.91209],[80.2034,6.9108],[80.20045,6.91059],[80.2005,6.90936],[80.2014,6.90942],[80.20137,6.90881],[80.20115,6.90852],[80.20003,6.90895],[80.19962,6.90895],[80.19964,6.90806],[80.198,6.90794],[80.19802,6.90868],[80.19871,6.90868],[80.19874,6.909],[80.19882,6.90919],[80.19873,6.91064],[80.19848,6.91069],[80.19845,6.91137],[80.19861,6.91311],[80.19848,6.91336],[80.1982,6.91322],[80.19818,6.91249],[80.19728,6.91274],[80.19707,6.91232],[80.19728,6.91149],[80.19683,6.91125],[80.19634,6.91136],[80.19486,6.91148],[80.19535,6.91244],[80.19518,6.91523],[80.19362,6.91534],[80.19337,6.91508],[80.19376,6.9141],[80.19383,6.91323],[80.19354,6.9121],[80.19259,6.91201],[80.1924,6.91068],[80.19417,6.91051],[80.19434,6.9087],[80.19358,6.90873],[80.19347,6.9076],[80.19217,6.90849],[80.19216,6.90937],[80.19094,6.90945],[80.19088,6.90848],[80.19129,6.90794],[80.19199,6.90785],[80.19209,6.90694],[80.19126,6.90708],[80.19111,6.90663],[80.18864,6.90659],[80.18777,6.90608],[80.18705,6.90605],[80.1855,6.90644],[80.18571,6.90783],[80.18519,6.9081],[80.18479,6.9091]],[[80.19162,6.91503],[80.19215,6.91451],[80.19282,6.91454],[80.1929,6.91497],[80.19271,6.9154],[80.19234,6.9154],[80.19176,6.91529],[80.19162,6.91503]],[[80.20072,6.92208],[80.20104,6.92161],[80.20109,6.92138],[80.20107,6.92125],[80.2013,6.92126],[80.20152,6.92157],[80.20157,6.92185],[80.20153,6.92205],[80.20112,6.92217],[80.20087,6.92215],[80.20072,6.92208]],[[80.20088,6.92028],[80.2015,6.92006],[80.20171,6.92039],[80.20166,6.92076],[80.20112,6.92085],[80.20088,6.92028]],[[80.20222,6.92505],[80.20249,6.92423],[80.20294,6.92425],[80.20356,6.9245],[80.2037,6.92472],[80.20366,6.92493],[80.20338,6.92529],[80.20265,6.92536],[80.20239,6.92534],[80.20222,6.92505]]]}},{"type":"Feature","properties":{"c":"orchard"},"geometry":{"type":"Polygon","coordinates":[[[80.21249,6.91748],[80.21256,6.91765],[80.21411,6.91739],[80.21518,6.91795],[80.21541,6.91794],[80.21577,6.91818],[80.21598,6.9186],[80.21608,6.91859],[80.21632,6.91724],[80.21615,6.917],[80.21557,6.91684],[80.21535,6.91668],[80.21573,6.91567],[80.2166,6.91574],[80.21678,6.91735],[80.21719,6.91735],[80.21719,6.91924],[80.21714,6.92018],[80.21735,6.92035],[80.21749,6.92006],[80.21767,6.91997],[80.21755,6.91986],[80.21748,6.91967],[80.21747,6.91939],[80.21757,6.9192],[80.21738,6.91883],[80.21737,6.9186],[80.21761,6.91826],[80.21754,6.91795],[80.21759,6.91782],[80.21776,6.91751],[80.218,6.91726],[80.21818,6.9173],[80.21831,6.91743],[80.21864,6.91754],[80.21911,6.91617],[80.21902,6.91593],[80.21906,6.9155],[80.21919,6.91543],[80.21924,6.91518],[80.21954,6.91512],[80.21963,6.91489],[80.21897,6.91482],[80.21842,6.91456],[80.2181,6.91429],[80.21765,6.91337],[80.21764,6.91271],[80.21696,6.91218],[80.21461,6.91176],[80.21423,6.91217],[80.21406,6.91292],[80.21411,6.91338],[80.21371,6.91434],[80.2136,6.91549],[80.21368,6.91593],[80.21361,6.91628],[80.21249,6.91748]],[[80.21673,6.91462],[80.2168,6.91441],[80.2169,6.91432],[80.21721,6.91445],[80.21729,6.91459],[80.21725,6.91495],[80.21709,6.91488],[80.21695,6.91488],[80.21673,6.91462]]]}},{"type":"Feature","properties":{"c":"residential"},"geometry":{"type":"Polygon","coordinates":[[[80.25182,6.96515],[80.25226,6.96623],[80.25267,6.96651],[80.25324,6.96665],[80.25383,6.96772],[80.25439,6.96767],[80.25509,6.96702],[80.25559,6.96706],[80.25639,6.96694],[80.25648,6.96717],[80.25673,6.96723],[80.25665,6.96553],[80.25877,6.96528],[80.25944,6.96545],[80.2598,6.96543],[80.25975,6.9663],[80.2616,6.96639],[80.26162,6.96549],[80.26251,6.96594],[80.26262,6.96637],[80.26305,6.96628],[80.26316,6.96592],[80.26365,6.96594],[80.26355,6.96504],[80.26389,6.96503],[80.2643,6.96521],[80.26449,6.96539],[80.26456,6.96571],[80.26484,6.96592],[80.26494,6.96626],[80.26469,6.96648],[80.2645,6.96696],[80.26461,6.96713],[80.26491,6.96722],[80.26488,6.96768],[80.26434,6.96774],[80.2634,6.96795],[80.26326,6.96776],[80.26293,6.96774],[80.26277,6.96809],[80.26243,6.9683],[80.26224,6.96901],[80.26224,6.96969],[80.26243,6.97007],[80.26272,6.97002],[80.26338,6.96931],[80.26363,6.96932],[80.26408,6.96956],[80.26435,6.97014],[80.26461,6.97008],[80.26488,6.97013],[80.26507,6.97028],[80.26499,6.97075],[80.26474,6.97078],[80.26457,6.97126],[80.26505,6.97155],[80.26561,6.9716],[80.26574,6.9712],[80.2657,6.97097],[80.26562,6.97081],[80.26575,6.97042],[80.26582,6.9699],[80.26575,6.96942],[80.26582,6.96909],[80.26577,6.96879],[80.26596,6.96837],[80.26615,6.9681],[80.26635,6.96759],[80.26651,6.96757],[80.2663,6.96645],[80.26615,6.9662],[80.26587,6.96597],[80.26597,6.96538],[80.26647,6.96534],[80.26698,6.96493],[80.26704,6.96463],[80.26671,6.96429],[80.26625,6.96419],[80.26623,6.96474],[80.26588,6.96474],[80.26573,6.96448],[80.26587,6.96428],[80.26594,6.96397],[80.26586,6.96337],[80.2659,6.96308],[80.26586,6.96296],[80.26664,6.96212],[80.2668,6.96176],[80.26696,6.96024],[80.26597,6.96002],[80.26593,6.9603],[80.26602,6.96042],[80.26604,6.96188],[80.2651,6.96185],[80.26486,6.96172],[80.26469,6.96139],[80.2645,6.96117],[80.26404,6.96152],[80.26378,6.96143],[80.26351,6.9611],[80.26334,6.96119],[80.2633,6.96173],[80.26349,6.96194],[80.26352,6.96229],[80.26331,6.9625],[80.26281,6.96286],[80.26222,6.96307],[80.26174,6.96305],[80.26082,6.9628],[80.26046,6.9628],[80.26026,6.96309],[80.25984,6.96315],[80.25938,6.96303],[80.25897,6.96309],[80.25865,6.96289],[80.25816,6.96202],[80.25771,6.96252],[80.25765,6.96267],[80.25748,6.96272],[80.25726,6.96266],[80.25706,6.96213],[80.25639,6.96236],[80.25582,6.96234],[80.25567,6.96276],[80.2554,6.96282],[80.25541,6.96261],[80.25523,6.96248],[80.25533,6.96203],[80.25523,6.9617],[80.25501,6.96139],[80.25527,6.96112],[80.25509,6.96064],[80.25455,6.9605],[80.25352,6.96063],[80.25263,6.96082],[80.25243,6.96106],[80.25228,6.96193],[80.25265,6.962],[80.25268,6.96243],[80.25308,6.96259],[80.25343,6.96203],[80.25365,6.96183],[80.25424,6.96177],[80.25469,6.96182],[80.25484,6.96197],[80.25477,6.96228],[80.25356,6.96492],[80.25197,6.96499],[80.25182,6.96515]],[[80.25362,6.96533],[80.25405,6.96507],[80.25469,6.96498],[80.25506,6.96514],[80.25531,6.96516],[80.25584,6.96519],[80.25647,6.96512],[80.25651,6.96527],[80.25383,6.9656],[80.25368,6.96555],[80.25362,6.96533]]]}},{"type":"Feature","properties":{"c":"park"},"geometry":{"type":"Polygon","coordinates":[[[80.38642,7.30019],[80.38665,7.30176],[80.38728,7.30261],[80.38749,7.3025],[80.38777,7.30215],[80.38877,7.30182],[80.38914,7.30202],[80.38925,7.30217],[80.38974,7.30182],[80.38993,7.30189],[80.39037,7.30183],[80.39046,7.30174],[80.39068,7.30065],[80.39063,7.30046],[80.39031,7.30036],[80.39001,7.3001],[80.38972,7.30004],[80.38967,7.29996],[80.3892,7.2997],[80.38905,7.29954],[80.3888,7.29938],[80.38806,7.29916],[80.38774,7.29928],[80.38747,7.29955],[80.38735,7.29977],[80.38752,7.30003],[80.38727,7.30025],[80.38762,7.30081],[80.38722,7.30097],[80.38678,7.30048],[80.38676,7.30019],[80.38642,7.30019]]]}},{"type":"Feature","properties":{"c":"forest"},"geometry":{"type":"Polygon","coordinates":[[[80.21896,6.92879],[80.21907,6.92897],[80.2192,6.92897],[80.21976,6.92931],[80.21991,6.92914],[80.22013,6.92931],[80.22025,6.92926],[80.22054,6.92926],[80.22061,6.92942],[80.2205,6.93003],[80.2205,6.93032],[80.22076,6.93025],[80.22119,6.93042],[80.22124,6.93053],[80.22168,6.93075],[80.22186,6.93069],[80.22195,6.93048],[80.222,6.92992],[80.22187,6.93003],[80.2215,6.93021],[80.2211,6.9302],[80.22098,6.93003],[80.22084,6.92928],[80.22058,6.92908],[80.22022,6.92891],[80.22056,6.92891],[80.22067,6.92875],[80.22023,6.92832],[80.21999,6.928],[80.2197,6.92778],[80.21974,6.92759],[80.21986,6.92758],[80.21989,6.92748],[80.21976,6.92738],[80.22005,6.92685],[80.21993,6.92677],[80.21952,6.92678],[80.21945,6.92694],[80.21961,6.9271],[80.21946,6.92762],[80.21927,6.92788],[80.21937,6.92808],[80.21896,6.92879]]]}},{"type":"Feature","properties":{"c":"forest"},"geometry":{"type":"Polygon","coordinates":[[[80.21835,6.92899],[80.21871,6.92907],[80.21883,6.92886],[80.21843,6.92878],[80.21835,6.92899]]]}},{"type":"Feature","properties":{"c":"forest"},"geometry":{"type":"Polygon","coordinates":[[[80.2178,6.92891],[80.21826,6.929],[80.21834,6.92877],[80.21791,6.92871],[80.2178,6.92891]]]}},{"type":"Feature","properties":{"c":"forest"},"geometry":{"type":"Polygon","coordinates":[[[80.21722,6.93005],[80.21751,6.93007],[80.21749,6.93014],[80.21761,6.93014],[80.21764,6.93009],[80.21774,6.93027],[80.21794,6.93025],[80.2177,6.93004],[80.21774,6.92998],[80.21783,6.92998],[80.21799,6.92988],[80.218,6.92984],[80.21778,6.92982],[80.2174,6.92967],[80.21722,6.93005]]]}},{"type":"Feature","properties":{"c":"forest"},"geometry":{"type":"Polygon","coordinates":[[[80.21748,6.9289],[80.2177,6.92897],[80.21784,6.9287],[80.21764,6.92867],[80.21748,6.9289]]]}},{"type":"Feature","properties":{"c":"grass"},"geometry":{"type":"Polygon","coordinates":[[[80.21707,6.92903],[80.21757,6.92923],[80.21768,6.929],[80.21723,6.9288],[80.21707,6.92903]]]}},{"type":"Feature","properties":{"c":"forest"},"geometry":{"type":"Polygon","coordinates":[[[80.47602,7.15557],[80.4761,7.15583],[80.47642,7.15628],[80.47654,7.15638],[80.47663,7.15632],[80.47658,7.15622],[80.47667,7.15619],[80.47688,7.15625],[80.47692,7.15634],[80.47711,7.15627],[80.47719,7.15595],[80.47727,7.15582],[80.47754,7.15592],[80.47768,7.15589],[80.47779,7.15579],[80.47775,7.15498],[80.47765,7.15489],[80.47739,7.1549],[80.4772,7.15505],[80.47634,7.15471],[80.47606,7.1549],[80.47613,7.15511],[80.47605,7.15523],[80.47602,7.15557]]]}},{"type":"Feature","properties":{"c":"forest"},"geometry":{"type":"Polygon","coordinates":[[[80.46997,7.16138],[80.47023,7.16185],[80.47057,7.16227],[80.47087,7.16297],[80.47098,7.16336],[80.4707,7.16461],[80.47101,7.16437],[80.4714,7.1632],[80.47165,7.16263],[80.47204,7.16232],[80.47258,7.16201],[80.47298,7.16188],[80.47307,7.16143],[80.47342,7.16068],[80.47384,7.16068],[80.4738,7.16088],[80.47437,7.16105],[80.47404,7.16139],[80.47519,7.16181],[80.47519,7.16121],[80.47485,7.161],[80.47501,7.16086],[80.47499,7.16056],[80.4748,7.16034],[80.475,7.16024],[80.47545,7.16017],[80.47594,7.16002],[80.47635,7.15957],[80.47667,7.15942],[80.47657,7.15923],[80.47681,7.15915],[80.47708,7.15898],[80.47739,7.1577],[80.47708,7.15677],[80.47596,7.15633],[80.4753,7.15577],[80.47451,7.15564],[80.47432,7.15581],[80.4742,7.15567],[80.47412,7.15526],[80.47364,7.15508],[80.47298,7.15497],[80.47262,7.15523],[80.47224,7.156],[80.47189,7.15608],[80.47187,7.15626],[80.47213,7.15643],[80.47197,7.15652],[80.47189,7.15704],[80.47228,7.15769],[80.47219,7.1579],[80.47227,7.15833],[80.47271,7.15831],[80.47272,7.15842],[80.47198,7.15884],[80.47166,7.15844],[80.47134,7.15881],[80.4714,7.15923],[80.47159,7.15934],[80.47137,7.15998],[80.47026,7.16081],[80.47,7.16088],[80.46997,7.16138]]]}},{"type":"Feature","properties":{"c":"farmland"},"geometry":{"type":"Polygon","coordinates":[[[80.2469,7.19717],[80.24739,7.1977],[80.25024,7.19858],[80.25015,7.19766],[80.24806,7.19631],[80.2469,7.19717]]]}},{"type":"Feature","properties":{"c":"forest"},"geometry":{"type":"Polygon","coordinates":[[[80.23293,7.19732],[80.23654,7.20326],[80.24602,7.20313],[80.24791,7.19023],[80.23463,7.18942],[80.23293,7.19732]]]}},{"type":"Feature","properties":{"c":"forest"},"geometry":{"type":"Polygon","coordinates":[[[80.21093,7.16778],[80.21475,7.18138],[80.22402,7.18213],[80.22692,7.16757],[80.21093,7.16778]]]}},{"type":"Feature","properties":{"c":"farmland"},"geometry":{"type":"Polygon","coordinates":[[[80.2313,6.98324],[80.23139,6.98341],[80.23137,6.98351],[80.23142,6.98365],[80.23176,6.98361],[80.2317,6.98323],[80.2313,6.98324]]]}},{"type":"Feature","properties":{"c":"farmland","n":"paddy"},"geometry":{"type":"Polygon","coordinates":[[[80.30153,7.23631],[80.30161,7.23665],[80.30183,7.23649],[80.30198,7.23655],[80.30198,7.23647],[80.3016,7.2363],[80.30153,7.23631]]]}},{"type":"Feature","properties":{"c":"farmyard","n":"paddy"},"geometry":{"type":"Polygon","coordinates":[[[80.30167,7.2363],[80.30179,7.23636],[80.30187,7.23628],[80.30206,7.2363],[80.30225,7.23623],[80.30223,7.23617],[80.302,7.23611],[80.30186,7.23615],[80.30167,7.2363]]]}},{"type":"Feature","properties":{"c":"farmland","n":"paddy"},"geometry":{"type":"Polygon","coordinates":[[[80.3021,7.23612],[80.30223,7.23617],[80.30225,7.23624],[80.30221,7.23627],[80.30227,7.23632],[80.30224,7.23637],[80.30227,7.23644],[80.30238,7.23647],[80.30253,7.2364],[80.30289,7.23651],[80.30291,7.23682],[80.30304,7.23676],[80.30321,7.23679],[80.30335,7.23664],[80.30367,7.23662],[80.30368,7.23655],[80.30395,7.23629],[80.30413,7.23588],[80.30424,7.23573],[80.30411,7.23566],[80.30378,7.23576],[80.30371,7.2357],[80.30346,7.2357],[80.30343,7.23566],[80.30329,7.23565],[80.3032,7.23556],[80.30308,7.23558],[80.303,7.23552],[80.30301,7.23538],[80.30275,7.23527],[80.30277,7.23512],[80.30265,7.23501],[80.30246,7.23499],[80.30241,7.2349],[80.30221,7.23501],[80.30214,7.23516],[80.30212,7.23572],[80.30216,7.2359],[80.3021,7.23612]]]}},{"type":"Feature","properties":{"c":"farmland","n":"cocunut"},"geometry":{"type":"Polygon","coordinates":[[[80.30013,7.23642],[80.30043,7.23651],[80.30057,7.23646],[80.3005,7.23636],[80.30015,7.23638],[80.30013,7.23642]]]}},{"type":"Feature","properties":{"c":"farmland","n":"paddy"},"geometry":{"type":"Polygon","coordinates":[[[80.30012,7.23549],[80.30031,7.2356],[80.30106,7.235],[80.30117,7.23505],[80.30138,7.23501],[80.30146,7.23486],[80.30142,7.2348],[80.30094,7.23476],[80.30073,7.23477],[80.30066,7.2349],[80.30044,7.23482],[80.30035,7.23491],[80.30037,7.23497],[80.30058,7.23512],[80.3005,7.23517],[80.30036,7.23513],[80.30026,7.23515],[80.30026,7.23519],[80.30042,7.23527],[80.30043,7.23536],[80.30026,7.23538],[80.30013,7.23543],[80.30012,7.23549]]]}},{"type":"Feature","properties":{"c":"farmland","n":"paddy"},"geometry":{"type":"Polygon","coordinates":[[[80.29715,7.23567],[80.29736,7.23607],[80.29753,7.23629],[80.29759,7.23631],[80.29767,7.23622],[80.29776,7.23628],[80.29763,7.23641],[80.29751,7.23643],[80.29739,7.23635],[80.29733,7.23636],[80.2973,7.23628],[80.29724,7.23632],[80.29728,7.23644],[80.2974,7.23654],[80.2974,7.2366],[80.29766,7.23679],[80.29778,7.23678],[80.29793,7.23666],[80.29812,7.23684],[80.29818,7.23677],[80.29829,7.23674],[80.29841,7.23703],[80.29851,7.23712],[80.29865,7.23707],[80.29877,7.23687],[80.29888,7.23682],[80.29885,7.23614],[80.29823,7.23597],[80.29803,7.23578],[80.29763,7.23554],[80.29724,7.23558],[80.29715,7.23567]]]}},{"type":"Feature","properties":{"c":"residential"},"geometry":{"type":"Polygon","coordinates":[[[80.48,7.21223],[80.48072,7.21248],[80.48001,7.21327],[80.4801,7.21366],[80.48042,7.21409],[80.48028,7.21427],[80.48044,7.21455],[80.48101,7.21414],[80.48115,7.21394],[80.48143,7.21389],[80.4828,7.21383],[80.48305,7.21392],[80.48364,7.21401],[80.48373,7.21431],[80.48391,7.21433],[80.48428,7.2146],[80.48479,7.21428],[80.48535,7.21411],[80.48532,7.214],[80.48561,7.2136],[80.4859,7.21298],[80.48585,7.2125],[80.48591,7.21197],[80.48554,7.2119],[80.48544,7.21225],[80.48489,7.21228],[80.48464,7.21186],[80.48394,7.21236],[80.48302,7.21233],[80.48297,7.21182],[80.48207,7.2118],[80.48217,7.21111],[80.48215,7.21086],[80.48258,7.21026],[80.48308,7.20907],[80.48278,7.20897],[80.48243,7.20877],[80.48222,7.20935],[80.48206,7.21018],[80.48188,7.21076],[80.48166,7.21125],[80.48056,7.21101],[80.4802,7.21148],[80.48,7.21223]]]}},{"type":"Feature","properties":{"c":"residential"},"geometry":{"type":"Polygon","coordinates":[[[80.4477,7.26143],[80.44858,7.26193],[80.44908,7.26197],[80.44967,7.26193],[80.44984,7.26204],[80.4506,7.26226],[80.45045,7.26169],[80.45013,7.26151],[80.45134,7.26002],[80.45155,7.26015],[80.4518,7.26019],[80.45192,7.26044],[80.45225,7.26054],[80.45217,7.26091],[80.45232,7.26095],[80.45277,7.2607],[80.45286,7.26036],[80.45314,7.26044],[80.45333,7.2604],[80.45331,7.26053],[80.45308,7.26075],[80.45293,7.26112],[80.45323,7.26123],[80.45296,7.26159],[80.45317,7.26181],[80.45355,7.26146],[80.45381,7.2611],[80.45421,7.26079],[80.45454,7.26042],[80.45457,7.26031],[80.45477,7.26024],[80.45492,7.25988],[80.45455,7.25976],[80.45435,7.25996],[80.45429,7.26039],[80.45409,7.26065],[80.45382,7.26056],[80.45354,7.26038],[80.4534,7.2601],[80.4538,7.25978],[80.45383,7.2595],[80.4546,7.25892],[80.4549,7.25905],[80.455,7.25885],[80.4555,7.25906],[80.45584,7.25871],[80.45614,7.25897],[80.45632,7.25875],[80.45627,7.25858],[80.45642,7.25829],[80.45686,7.25814],[80.45704,7.25779],[80.45711,7.25749],[80.45706,7.25719],[80.45741,7.25726],[80.45774,7.25709],[80.45766,7.25675],[80.4582,7.25676],[80.45827,7.25648],[80.45969,7.25568],[80.45981,7.25531],[80.45956,7.25526],[80.45945,7.25551],[80.45926,7.25558],[80.45888,7.25539],[80.45878,7.2552],[80.4584,7.25526],[80.45828,7.25491],[80.45807,7.25498],[80.45774,7.2552],[80.4575,7.25551],[80.45747,7.25572],[80.45768,7.25586],[80.45768,7.256],[80.45724,7.25603],[80.45695,7.25574],[80.45682,7.25537],[80.45706,7.25511],[80.45713,7.25473],[80.45762,7.25421],[80.45737,7.2539],[80.45714,7.2539],[80.45711,7.25425],[80.45699,7.25461],[80.45673,7.25452],[80.45676,7.25421],[80.45641,7.25413],[80.45588,7.25423],[80.4553,7.25467],[80.45473,7.25494],[80.45384,7.25613],[80.45338,7.25643],[80.45237,7.2574],[80.45205,7.25777],[80.45153,7.25818],[80.45157,7.25827],[80.4514,7.25848],[80.45125,7.25846],[80.45102,7.25869],[80.45123,7.25898],[80.45086,7.2592],[80.45092,7.25932],[80.45089,7.25942],[80.45068,7.25944],[80.45003,7.2597],[80.44975,7.25964],[80.4495,7.25991],[80.44986,7.26009],[80.45011,7.26036],[80.44995,7.26099],[80.44944,7.26121],[80.44915,7.26119],[80.44869,7.26084],[80.4483,7.26095],[80.44804,7.26086],[80.44771,7.26116],[80.4477,7.26143]]]}},{"type":"Feature","properties":{"c":"residential","n":"walawwatta and walawatta 2"},"geometry":{"type":"Polygon","coordinates":[[[80.447,7.25476],[80.44716,7.25519],[80.4473,7.25536],[80.44791,7.25544],[80.44847,7.25543],[80.44861,7.25566],[80.4489,7.25586],[80.44932,7.25556],[80.44955,7.25472],[80.44931,7.25448],[80.44843,7.25412],[80.44814,7.25378],[80.4477,7.25411],[80.44725,7.25419],[80.447,7.25476]]]}},{"type":"Feature","properties":{"c":"residential"},"geometry":{"type":"Polygon","coordinates":[[[80.49484,7.24363],[80.49503,7.24368],[80.49506,7.24387],[80.4952,7.24417],[80.49539,7.24438],[80.49554,7.24425],[80.49531,7.24392],[80.4958,7.24379],[80.49588,7.24398],[80.49633,7.2439],[80.49633,7.24367],[80.49646,7.24377],[80.49657,7.2434],[80.49633,7.24322],[80.49573,7.24304],[80.49504,7.24303],[80.49484,7.24318],[80.49484,7.24363]]]}},{"type":"Feature","properties":{"c":"residential"},"geometry":{"type":"Polygon","coordinates":[[[80.47374,7.21777],[80.47386,7.21814],[80.47406,7.21853],[80.47439,7.2184],[80.47515,7.21873],[80.47538,7.21874],[80.47548,7.2186],[80.47504,7.21826],[80.4752,7.21806],[80.47539,7.21793],[80.47547,7.21768],[80.47565,7.21735],[80.4759,7.21711],[80.47593,7.21693],[80.47545,7.21677],[80.47468,7.21744],[80.47436,7.21745],[80.47411,7.21739],[80.47381,7.21757],[80.47374,7.21777]]]}},{"type":"Feature","properties":{"c":"cemetery"},"geometry":{"type":"Polygon","coordinates":[[[80.45381,7.25395],[80.45402,7.2543],[80.45455,7.2547],[80.45499,7.25443],[80.4551,7.25418],[80.45485,7.25405],[80.45462,7.25376],[80.45437,7.25368],[80.45381,7.25395]]]}},{"type":"Feature","properties":{"c":"farmland"},"geometry":{"type":"Polygon","coordinates":[[[80.46853,7.24332],[80.46859,7.24355],[80.46883,7.24364],[80.46938,7.2435],[80.46938,7.24331],[80.46944,7.24314],[80.46935,7.24298],[80.46911,7.243],[80.46869,7.24308],[80.46853,7.24332]]]}},{"type":"Feature","properties":{"c":"forest"},"geometry":{"type":"Polygon","coordinates":[[[80.17194,7.05583],[80.17411,7.05795],[80.1745,7.06489],[80.18375,7.06832],[80.18477,7.05634],[80.17194,7.05583]]]}},{"type":"Feature","properties":{"c":"forest"},"geometry":{"type":"Polygon","coordinates":[[[80.16891,7.052],[80.16949,7.05535],[80.18286,7.0561],[80.17134,7.04454],[80.16891,7.052]]]}},{"type":"Feature","properties":{"c":"forest"},"geometry":{"type":"Polygon","coordinates":[[[80.17773,7.05052],[80.18207,7.05487],[80.18831,7.05496],[80.18768,7.0477],[80.18401,7.04683],[80.17773,7.05052]]]}},{"type":"Feature","properties":{"c":"forest"},"geometry":{"type":"Polygon","coordinates":[[[80.17154,7.04403],[80.17694,7.04981],[80.18258,7.04534],[80.18271,7.0401],[80.17619,7.03946],[80.17154,7.04403]]]}},{"type":"Feature","properties":{"c":"forest"},"geometry":{"type":"Polygon","coordinates":[[[80.1702,7.0357],[80.17601,7.03723],[80.18107,7.03579],[80.18124,7.03045],[80.175,7.03027],[80.17106,7.02839],[80.1702,7.0357]]]}},{"type":"Feature","properties":{"c":"farmland"},"geometry":{"type":"Polygon","coordinates":[[[80.3391,7.24644],[80.33925,7.2467],[80.33987,7.24648],[80.33978,7.24641],[80.33977,7.24626],[80.33974,7.24627],[80.3398,7.24604],[80.33961,7.24589],[80.33936,7.24612],[80.33937,7.2462],[80.3391,7.24644]]]}},{"type":"Feature","properties":{"c":"farmland","n":"Paddy area"},"geometry":{"type":"Polygon","coordinates":[[[80.43726,7.23164],[80.4374,7.23166],[80.4375,7.23191],[80.43767,7.23193],[80.4379,7.2318],[80.43795,7.23171],[80.43797,7.23152],[80.43789,7.23142],[80.43788,7.2313],[80.43804,7.23103],[80.43794,7.23052],[80.43771,7.23057],[80.43765,7.23051],[80.43745,7.23108],[80.43755,7.23111],[80.43752,7.2312],[80.43745,7.23117],[80.43726,7.23164]]]}},{"type":"Feature","properties":{"c":"farmland","n":"paddy land"},"geometry":{"type":"Polygon","coordinates":[[[80.43752,7.23198],[80.43793,7.2324],[80.43798,7.23233],[80.43809,7.23239],[80.43812,7.23233],[80.43828,7.23235],[80.43841,7.23224],[80.4384,7.23201],[80.4382,7.232],[80.43818,7.23193],[80.43811,7.23195],[80.43813,7.23179],[80.43809,7.23178],[80.43795,7.2318],[80.43779,7.23193],[80.43752,7.23198]]]}},{"type":"Feature","properties":{"c":"farmland","n":"paddy land"},"geometry":{"type":"Polygon","coordinates":[[[80.43597,7.23146],[80.43609,7.23166],[80.43616,7.23194],[80.43622,7.23183],[80.43632,7.23187],[80.43633,7.23173],[80.43638,7.23179],[80.43641,7.23172],[80.4366,7.2316],[80.43674,7.23162],[80.43694,7.23143],[80.43691,7.23136],[80.43678,7.23128],[80.4368,7.23118],[80.43665,7.231],[80.43652,7.23106],[80.43648,7.23116],[80.43619,7.23137],[80.43597,7.23146]]]}},{"type":"Feature","properties":{"c":"farmland","n":"paddy land"},"geometry":{"type":"Polygon","coordinates":[[[80.43403,7.23134],[80.43444,7.23151],[80.43479,7.23156],[80.43499,7.23165],[80.43518,7.23161],[80.43522,7.23134],[80.43533,7.23116],[80.43537,7.23095],[80.43527,7.23078],[80.43449,7.23041],[80.43421,7.2305],[80.43403,7.23113],[80.43403,7.23134]]]}},{"type":"Feature","properties":{"c":"farmland","n":"paddy land"},"geometry":{"type":"Polygon","coordinates":[[[80.43057,7.22985],[80.43076,7.23016],[80.43078,7.23052],[80.43098,7.23069],[80.43156,7.23085],[80.4319,7.23074],[80.43216,7.23071],[80.43247,7.2308],[80.43258,7.23068],[80.43271,7.23067],[80.43324,7.23088],[80.43395,7.23127],[80.43426,7.23022],[80.43399,7.23022],[80.43372,7.23045],[80.43326,7.23052],[80.43268,7.23024],[80.432,7.23023],[80.43202,7.23011],[80.43183,7.22999],[80.43149,7.2301],[80.43115,7.22987],[80.43061,7.22974],[80.43057,7.22985]]]}},{"type":"Feature","properties":{"c":"farmland"},"geometry":{"type":"Polygon","coordinates":[[[80.46213,7.25297],[80.46232,7.25328],[80.46264,7.25332],[80.46297,7.25316],[80.46312,7.25276],[80.4644,7.2512],[80.46422,7.25103],[80.46334,7.25208],[80.4631,7.25219],[80.46268,7.25251],[80.46261,7.25268],[80.46213,7.25297]]]}},{"type":"Feature","properties":{"c":"quarry"},"geometry":{"type":"Polygon","coordinates":[[[80.46865,7.25238],[80.46876,7.25257],[80.4689,7.253],[80.46926,7.25295],[80.46956,7.25279],[80.46966,7.25258],[80.4696,7.25246],[80.46993,7.25243],[80.47015,7.25194],[80.47009,7.25177],[80.47003,7.25164],[80.46974,7.25136],[80.46947,7.25137],[80.46926,7.25109],[80.46912,7.25109],[80.46881,7.25121],[80.46893,7.2514],[80.46908,7.25142],[80.46915,7.25155],[80.46884,7.25202],[80.46868,7.25205],[80.46865,7.25238]]]}},{"type":"Feature","properties":{"c":"farmland"},"geometry":{"type":"Polygon","coordinates":[[[80.4789,7.25275],[80.47936,7.25281],[80.47968,7.25256],[80.48112,7.25262],[80.48006,7.25201],[80.47963,7.2523],[80.47905,7.25247],[80.4789,7.25275]]]}},{"type":"Feature","properties":{"c":"farmland"},"geometry":{"type":"Polygon","coordinates":[[[80.44173,7.22774],[80.4418,7.22797],[80.44204,7.22809],[80.44273,7.22797],[80.44311,7.22804],[80.44341,7.22814],[80.44366,7.2283],[80.4442,7.22826],[80.4452,7.22843],[80.44581,7.22879],[80.4462,7.2288],[80.44666,7.2287],[80.4469,7.22874],[80.44738,7.22862],[80.44741,7.22837],[80.44714,7.22823],[80.44666,7.22832],[80.44654,7.22822],[80.44631,7.22819],[80.44606,7.22808],[80.4458,7.22785],[80.44555,7.22811],[80.44477,7.22776],[80.44432,7.22762],[80.44369,7.22754],[80.44347,7.22762],[80.44229,7.22743],[80.44207,7.22731],[80.44186,7.22746],[80.44173,7.22774]]]}},{"type":"Feature","properties":{"c":"residential"},"geometry":{"type":"Polygon","coordinates":[[[80.22182,6.95977],[80.22194,6.96018],[80.22202,6.96025],[80.22208,6.96024],[80.22239,6.95955],[80.22262,6.9594],[80.22247,6.95914],[80.22236,6.95918],[80.22224,6.9595],[80.22198,6.95979],[80.22182,6.95977]]]}},{"type":"Feature","properties":{"c":"residential"},"geometry":{"type":"Polygon","coordinates":[[[80.21896,6.96507],[80.21913,6.96508],[80.2194,6.96499],[80.21951,6.96484],[80.21948,6.96472],[80.21938,6.96477],[80.21932,6.9647],[80.21915,6.96493],[80.21908,6.96488],[80.21896,6.96507]]]}},{"type":"Feature","properties":{"c":"farmland"},"geometry":{"type":"Polygon","coordinates":[[[80.21605,6.97986],[80.2162,6.98015],[80.21618,6.98035],[80.21624,6.98082],[80.21615,6.98126],[80.21614,6.9816],[80.21654,6.9821],[80.21657,6.98236],[80.21709,6.98279],[80.21722,6.98309],[80.21736,6.98319],[80.21763,6.98319],[80.21783,6.98308],[80.21792,6.98266],[80.21826,6.98248],[80.21812,6.98184],[80.21783,6.98174],[80.21772,6.98165],[80.21762,6.98132],[80.2176,6.98091],[80.21752,6.98056],[80.21707,6.97999],[80.21705,6.97982],[80.21693,6.97972],[80.2167,6.97929],[80.2163,6.97939],[80.21605,6.97986]]]}},{"type":"Feature","properties":{"c":"residential"},"geometry":{"type":"Polygon","coordinates":[[[80.21957,6.9777],[80.21966,6.97776],[80.21998,6.97756],[80.22049,6.97749],[80.22102,6.9779],[80.22111,6.97838],[80.22133,6.97896],[80.2212,6.97945],[80.2214,6.9794],[80.22174,6.97877],[80.22179,6.97858],[80.22233,6.9783],[80.22266,6.9783],[80.22256,6.97807],[80.22198,6.97723],[80.22134,6.97646],[80.22111,6.97598],[80.22112,6.97555],[80.22092,6.97552],[80.22018,6.97576],[80.22014,6.97674],[80.21984,6.97738],[80.21957,6.9777]]]}},{"type":"Feature","properties":{"c":"farmland"},"geometry":{"type":"Polygon","coordinates":[[[80.2124,6.99713],[80.2124,6.99781],[80.21285,6.99792],[80.21292,6.99772],[80.21293,6.9972],[80.21287,6.99697],[80.21261,6.9968],[80.2124,6.99713]]]}},{"type":"Feature","properties":{"c":"farmland"},"geometry":{"type":"Polygon","coordinates":[[[80.45565,7.18503],[80.45582,7.18516],[80.4562,7.18525],[80.45629,7.18512],[80.45577,7.18479],[80.45565,7.18503]]]}},{"type":"Feature","properties":{"c":"residential"},"geometry":{"type":"Polygon","coordinates":[[[80.34349,7.01761],[80.35263,7.02106],[80.35375,7.01813],[80.34461,7.01468],[80.34349,7.01761]]]}},{"type":"Feature","properties":{"c":"farmland"},"geometry":{"type":"Polygon","coordinates":[[[80.44589,7.17512],[80.44593,7.17505],[80.4462,7.17496],[80.44639,7.17498],[80.44652,7.17505],[80.44673,7.17499],[80.44722,7.1747],[80.44736,7.17453],[80.4473,7.17447],[80.4469,7.17432],[80.44653,7.17425],[80.44625,7.1743],[80.44625,7.17448],[80.44615,7.1745],[80.44612,7.17458],[80.44619,7.17467],[80.44605,7.17489],[80.44593,7.17493],[80.44589,7.17512]]]}},{"type":"Feature","properties":{"c":"farmland","n":"paddy field"},"geometry":{"type":"Polygon","coordinates":[[[80.34423,7.24532],[80.34429,7.24541],[80.34444,7.24551],[80.34481,7.24512],[80.34541,7.24508],[80.34549,7.24485],[80.34624,7.2447],[80.34652,7.24455],[80.34659,7.24459],[80.34663,7.24469],[80.34676,7.24465],[80.3468,7.24423],[80.34675,7.24412],[80.34661,7.24415],[80.34644,7.24406],[80.3461,7.2441],[80.3457,7.24394],[80.34555,7.24408],[80.34497,7.24429],[80.34475,7.24444],[80.34466,7.24458],[80.34475,7.24467],[80.34423,7.24532]]]}},{"type":"Feature","properties":{"c":"residential"},"geometry":{"type":"Polygon","coordinates":[[[80.20882,7.10209],[80.20947,7.1025],[80.2098,7.10196],[80.21045,7.10239],[80.21089,7.10236],[80.2109,7.10126],[80.21027,7.10076],[80.20987,7.10108],[80.20949,7.10094],[80.20954,7.10051],[80.20926,7.10045],[80.20908,7.10083],[80.20933,7.1012],[80.20882,7.10209]]]}},{"type":"Feature","properties":{"c":"farmland","n":"Faddy"},"geometry":{"type":"Polygon","coordinates":[[[80.23224,6.96746],[80.23226,6.9677],[80.23239,6.96775],[80.23246,6.9677],[80.23261,6.96779],[80.23264,6.96775],[80.23276,6.96775],[80.23321,6.96786],[80.23335,6.96799],[80.23334,6.96809],[80.2334,6.96817],[80.23352,6.96827],[80.23367,6.96831],[80.23371,6.96819],[80.2338,6.96812],[80.23375,6.96809],[80.2338,6.968],[80.23418,6.96763],[80.2341,6.96703],[80.23413,6.96664],[80.23328,6.96717],[80.23271,6.96662],[80.23248,6.96677],[80.23224,6.96746]]]}},{"type":"Feature","properties":{"c":"farmland","n":"Faddy"},"geometry":{"type":"Polygon","coordinates":[[[80.23224,6.96595],[80.23246,6.96615],[80.2325,6.9662],[80.23244,6.96628],[80.23268,6.9666],[80.23296,6.96683],[80.23313,6.96691],[80.23339,6.96642],[80.23299,6.96625],[80.23272,6.96588],[80.23231,6.9655],[80.23224,6.96595]]]}},{"type":"Feature","properties":{"c":"farmland","n":"Medawela"},"geometry":{"type":"Polygon","coordinates":[[[80.45207,7.2407],[80.45231,7.24178],[80.45341,7.24117],[80.4528,7.24009],[80.45218,7.24043],[80.45207,7.2407]]]}},{"type":"Feature","properties":{"c":"farmyard"},"geometry":{"type":"Polygon","coordinates":[[[80.51556,7.23329],[80.51572,7.23397],[80.51612,7.23401],[80.51625,7.23423],[80.5164,7.23433],[80.51649,7.23428],[80.51667,7.23429],[80.51679,7.23416],[80.51662,7.23382],[80.51654,7.23375],[80.51608,7.23355],[80.51578,7.23335],[80.51556,7.23329]]]}},{"type":"Feature","properties":{"c":"farmyard","n":"bady field"},"geometry":{"type":"Polygon","coordinates":[[[80.51349,7.23321],[80.51353,7.23335],[80.5138,7.23335],[80.5138,7.23346],[80.51395,7.23352],[80.51442,7.23335],[80.5148,7.23359],[80.51501,7.23392],[80.51531,7.234],[80.51572,7.23397],[80.51521,7.23338],[80.51557,7.23334],[80.51545,7.23331],[80.51556,7.23329],[80.51529,7.23317],[80.51508,7.23294],[80.51468,7.23273],[80.51397,7.23263],[80.51365,7.23277],[80.51349,7.23321]]]}},{"type":"Feature","properties":{"c":"farmland"},"geometry":{"type":"Polygon","coordinates":[[[80.46059,7.17334],[80.46122,7.17346],[80.46141,7.1732],[80.46109,7.17303],[80.46077,7.17298],[80.46059,7.17334]]]}},{"type":"Feature","properties":{"c":"farmland"},"geometry":{"type":"Polygon","coordinates":[[[80.44499,7.17409],[80.44516,7.17449],[80.44543,7.17447],[80.44599,7.17428],[80.44589,7.1739],[80.44564,7.17389],[80.44547,7.17401],[80.44544,7.17395],[80.44538,7.17395],[80.4454,7.17402],[80.44531,7.17406],[80.44499,7.17409]]]}},{"type":"Feature","properties":{"c":"farmland"},"geometry":{"type":"Polygon","coordinates":[[[80.44255,7.17386],[80.44292,7.17403],[80.44307,7.17372],[80.44286,7.17353],[80.44265,7.17345],[80.44255,7.17386]]]}},{"type":"Feature","properties":{"c":"farmland"},"geometry":{"type":"Polygon","coordinates":[[[80.44053,7.17474],[80.44062,7.17499],[80.44093,7.17522],[80.44104,7.17536],[80.44144,7.17549],[80.44155,7.17548],[80.44178,7.17517],[80.44198,7.17522],[80.44223,7.17505],[80.4424,7.17483],[80.44239,7.17476],[80.44221,7.17469],[80.44229,7.17459],[80.44228,7.17452],[80.44205,7.1745],[80.44191,7.17454],[80.44172,7.17441],[80.44172,7.17429],[80.44157,7.17416],[80.44155,7.17408],[80.44134,7.17407],[80.44091,7.17418],[80.44073,7.17418],[80.44064,7.17424],[80.44056,7.17441],[80.4406,7.17465],[80.44053,7.17474]]]}},{"type":"Feature","properties":{"c":"farmland"},"geometry":{"type":"Polygon","coordinates":[[[80.26219,7.17148],[80.26257,7.17172],[80.26286,7.17133],[80.26305,7.17128],[80.26364,7.17141],[80.26411,7.17142],[80.26451,7.17152],[80.26425,7.17118],[80.26398,7.17093],[80.26348,7.17102],[80.26333,7.17097],[80.2628,7.17065],[80.26265,7.17066],[80.26245,7.17079],[80.26246,7.17099],[80.26222,7.17135],[80.26219,7.17148]]]}},{"type":"Feature","properties":{"c":"farmyard"},"geometry":{"type":"Polygon","coordinates":[[[80.4885,7.25821],[80.48857,7.25823],[80.48862,7.25809],[80.48855,7.25807],[80.4885,7.25821]]]}},{"type":"Feature","properties":{"c":"farmland"},"geometry":{"type":"Polygon","coordinates":[[[80.48453,7.25471],[80.48463,7.25499],[80.48454,7.25507],[80.48482,7.25517],[80.48496,7.25547],[80.48553,7.25558],[80.48541,7.25534],[80.48549,7.25508],[80.48514,7.25465],[80.48504,7.25435],[80.48454,7.25439],[80.48453,7.25471]]]}},{"type":"Feature","properties":{"c":"farmland"},"geometry":{"type":"Polygon","coordinates":[[[80.48655,7.258],[80.48678,7.25816],[80.48708,7.25774],[80.48676,7.25769],[80.48655,7.258]]]}},{"type":"Feature","properties":{"c":"farmland"},"geometry":{"type":"Polygon","coordinates":[[[80.48591,7.25776],[80.48627,7.25779],[80.48632,7.25774],[80.48632,7.25764],[80.48673,7.25764],[80.48685,7.25757],[80.48646,7.25691],[80.48636,7.25698],[80.48621,7.25686],[80.48608,7.25693],[80.48599,7.25705],[80.48599,7.25722],[80.4861,7.25731],[80.48612,7.25743],[80.48591,7.25776]]]}},{"type":"Feature","properties":{"c":"farmland"},"geometry":{"type":"Polygon","coordinates":[[[80.48519,7.25638],[80.48537,7.25656],[80.48576,7.25672],[80.48581,7.25686],[80.48593,7.25692],[80.4861,7.25661],[80.48605,7.25651],[80.48606,7.25633],[80.48597,7.25624],[80.48527,7.25619],[80.48519,7.25638]]]}},{"type":"Feature","properties":{"c":"farmland"},"geometry":{"type":"Polygon","coordinates":[[[80.48422,7.24846],[80.48456,7.24848],[80.48474,7.24863],[80.48477,7.24873],[80.48489,7.2487],[80.48488,7.24884],[80.48503,7.24895],[80.48556,7.249],[80.48599,7.24853],[80.48598,7.24831],[80.48613,7.24824],[80.48624,7.24826],[80.48647,7.24813],[80.48727,7.24799],[80.4872,7.24759],[80.4871,7.24743],[80.48693,7.24735],[80.48679,7.24752],[80.48663,7.24754],[80.48656,7.24744],[80.4865,7.24709],[80.48628,7.247],[80.486,7.24699],[80.48599,7.24711],[80.48618,7.24729],[80.48594,7.24773],[80.48577,7.24776],[80.48591,7.24803],[80.48584,7.24811],[80.48569,7.24805],[80.4855,7.24805],[80.48532,7.24826],[80.4851,7.24836],[80.48509,7.24825],[80.48519,7.24824],[80.48521,7.24816],[80.48495,7.24817],[80.48471,7.24813],[80.48456,7.24817],[80.48445,7.24831],[80.48432,7.24836],[80.48422,7.24846]]]}},{"type":"Feature","properties":{"c":"farmland"},"geometry":{"type":"Polygon","coordinates":[[[80.48991,7.24794],[80.49006,7.24806],[80.49012,7.24829],[80.49,7.2485],[80.49008,7.24855],[80.49193,7.24858],[80.49241,7.24877],[80.49251,7.24892],[80.49298,7.24873],[80.49294,7.24858],[80.49311,7.24853],[80.49317,7.24876],[80.49336,7.24889],[80.49362,7.24895],[80.49376,7.24883],[80.4938,7.24871],[80.49368,7.24855],[80.49367,7.24829],[80.49354,7.24823],[80.49358,7.24814],[80.49346,7.24793],[80.49327,7.24796],[80.49316,7.24776],[80.49304,7.24775],[80.49308,7.24768],[80.493,7.24763],[80.49287,7.24782],[80.49248,7.24769],[80.49228,7.24789],[80.49216,7.24791],[80.49219,7.24735],[80.49212,7.2473],[80.49196,7.24753],[80.49133,7.24772],[80.49141,7.24798],[80.49109,7.24791],[80.49102,7.24801],[80.4904,7.24801],[80.49034,7.2478],[80.48991,7.24794]]]}},{"type":"Feature","properties":{"c":"farmland"},"geometry":{"type":"Polygon","coordinates":[[[80.49411,7.24918],[80.49417,7.24967],[80.49479,7.24975],[80.49522,7.24975],[80.49555,7.24909],[80.49532,7.2491],[80.49507,7.24918],[80.49475,7.24904],[80.49446,7.24914],[80.49419,7.2491],[80.49411,7.24918]]]}},{"type":"Feature","properties":{"c":"farmland"},"geometry":{"type":"Polygon","coordinates":[[[80.49578,7.24901],[80.49587,7.24928],[80.49686,7.24944],[80.49677,7.24927],[80.4968,7.24904],[80.49632,7.24874],[80.49623,7.24873],[80.49583,7.24885],[80.49578,7.24901]]]}},{"type":"Feature","properties":{"c":"farmland"},"geometry":{"type":"Polygon","coordinates":[[[80.49708,7.24923],[80.49735,7.24968],[80.49757,7.24979],[80.4978,7.24981],[80.498,7.24993],[80.49807,7.24989],[80.49848,7.25008],[80.4988,7.2501],[80.49874,7.25017],[80.49908,7.25019],[80.49904,7.25003],[80.49894,7.24999],[80.49888,7.24975],[80.49874,7.24962],[80.49869,7.24931],[80.49853,7.24937],[80.49801,7.24921],[80.49782,7.24909],[80.49755,7.24907],[80.49732,7.24892],[80.49728,7.24899],[80.49716,7.24893],[80.49709,7.24895],[80.49708,7.24923]]]}},{"type":"Feature","properties":{"c":"farmland"},"geometry":{"type":"Polygon","coordinates":[[[80.49978,7.2503],[80.50019,7.25058],[80.50047,7.25056],[80.50064,7.25045],[80.50088,7.25046],[80.50097,7.25035],[80.50053,7.25008],[80.50052,7.24996],[80.50025,7.24987],[80.50022,7.24996],[80.49983,7.25008],[80.49978,7.2503]]]}},{"type":"Feature","properties":{"c":"residential"},"geometry":{"type":"Polygon","coordinates":[[[80.24239,7.22551],[80.24248,7.22554],[80.24252,7.2254],[80.24242,7.22538],[80.24239,7.22551]]]}},{"type":"Feature","properties":{"c":"farmland"},"geometry":{"type":"Polygon","coordinates":[[[80.27466,7.31229],[80.27533,7.31242],[80.27696,7.31193],[80.27752,7.31133],[80.27767,7.31069],[80.27806,7.31034],[80.27801,7.30952],[80.27753,7.30884],[80.27719,7.30884],[80.27683,7.31001],[80.27651,7.31067],[80.27496,7.31173],[80.27466,7.31229]]]}},{"type":"Feature","properties":{"c":"farmland"},"geometry":{"type":"Polygon","coordinates":[[[80.27526,7.31308],[80.27541,7.31363],[80.27595,7.31376],[80.27629,7.31322],[80.27713,7.31227],[80.27698,7.3121],[80.27653,7.3122],[80.27556,7.31261],[80.27526,7.31308]]]}},{"type":"Feature","properties":{"c":"farmland"},"geometry":{"type":"Polygon","coordinates":[[[80.28037,7.30793],[80.28041,7.30854],[80.28142,7.30835],[80.28237,7.30854],[80.28273,7.3095],[80.28247,7.31039],[80.28288,7.31073],[80.28303,7.31005],[80.28286,7.30914],[80.28357,7.30882],[80.28518,7.3091],[80.28552,7.30886],[80.28458,7.30784],[80.28421,7.30718],[80.28357,7.30656],[80.28312,7.30595],[80.28346,7.30561],[80.28312,7.30523],[80.28292,7.30575],[80.28269,7.30556],[80.2825,7.30618],[80.2829,7.30652],[80.28286,7.3075],[80.28239,7.30756],[80.28196,7.30737],[80.28151,7.30767],[80.28132,7.30741],[80.28095,7.30786],[80.28037,7.30793]]]}},{"type":"Feature","properties":{"c":"farmland"},"geometry":{"type":"Polygon","coordinates":[[[80.27732,7.3059],[80.27834,7.30665],[80.27902,7.3065],[80.2787,7.30701],[80.27872,7.30784],[80.2782,7.30833],[80.27772,7.30894],[80.27801,7.30952],[80.27838,7.30916],[80.27853,7.30937],[80.27988,7.3082],[80.28016,7.30827],[80.28063,7.30767],[80.28063,7.3071],[80.28117,7.30633],[80.28123,7.30573],[80.28104,7.30556],[80.28107,7.30514],[80.2805,7.30497],[80.27986,7.30624],[80.27945,7.30561],[80.27856,7.30587],[80.27797,7.30561],[80.27747,7.30558],[80.27732,7.3059]]]}},{"type":"Feature","properties":{"c":"farmland"},"geometry":{"type":"Polygon","coordinates":[[[80.28549,7.31365],[80.28577,7.31433],[80.28667,7.31425],[80.28697,7.31299],[80.28702,7.31254],[80.28697,7.31218],[80.28652,7.31222],[80.28618,7.31271],[80.28609,7.31303],[80.28614,7.31369],[80.28581,7.3141],[80.28549,7.31365]]]}},{"type":"Feature","properties":{"c":"forest","n":"forest"},"geometry":{"type":"Polygon","coordinates":[[[80.33333,7.24907],[80.33338,7.24958],[80.3338,7.24979],[80.33441,7.24981],[80.3347,7.24964],[80.3345,7.24911],[80.33395,7.24885],[80.33333,7.24907]]]}},{"type":"Feature","properties":{"c":"farmland","n":"paddy field"},"geometry":{"type":"Polygon","coordinates":[[[80.32195,7.24103],[80.32196,7.24107],[80.32227,7.2411],[80.32259,7.24131],[80.32269,7.24121],[80.32273,7.24109],[80.32285,7.24115],[80.323,7.2411],[80.32304,7.24095],[80.32278,7.24057],[80.32258,7.24064],[80.3224,7.24052],[80.32215,7.24093],[80.32195,7.24103]]]}},{"type":"Feature","properties":{"c":"scrub"},"geometry":{"type":"Polygon","coordinates":[[[80.33781,7.25411],[80.33784,7.25416],[80.3382,7.25416],[80.33826,7.25405],[80.3382,7.25399],[80.33822,7.25381],[80.33791,7.25378],[80.33781,7.25411]]]}},{"type":"Feature","properties":{"c":"farmland"},"geometry":{"type":"Polygon","coordinates":[[[80.32488,7.25693],[80.32512,7.25715],[80.32576,7.25749],[80.3262,7.25766],[80.32672,7.25771],[80.32736,7.25752],[80.32752,7.25711],[80.32731,7.25693],[80.32676,7.25679],[80.32668,7.25671],[80.32675,7.25661],[80.32715,7.25646],[80.32714,7.25615],[80.3269,7.25608],[80.32638,7.25614],[80.3257,7.25639],[80.32498,7.25673],[80.32488,7.25693]]]}},{"type":"Feature","properties":{"c":"residential","n":"B1"},"geometry":{"type":"Polygon","coordinates":[[[80.24335,7.23092],[80.2435,7.23105],[80.24357,7.23097],[80.24342,7.23084],[80.24335,7.23092]]]}},{"type":"Feature","properties":{"c":"farmland","n":"Paddy field"},"geometry":{"type":"Polygon","coordinates":[[[80.26501,7.23574],[80.26505,7.236],[80.26534,7.23617],[80.26538,7.23613],[80.26556,7.23619],[80.26526,7.23575],[80.26501,7.23574]]]}},{"type":"Feature","properties":{"c":"park"},"geometry":{"type":"Polygon","coordinates":[[[80.23596,7.23741],[80.23624,7.23763],[80.23639,7.23765],[80.23656,7.23757],[80.23681,7.2368],[80.23668,7.23665],[80.23635,7.23651],[80.23625,7.2366],[80.23596,7.23741]]]}},{"type":"Feature","properties":{"c":"residential","n":"school Area"},"geometry":{"type":"Polygon","coordinates":[[[80.22798,7.24047],[80.24027,7.24397],[80.24305,7.23438],[80.23076,7.23087],[80.22798,7.24047]]]}},{"type":"Feature","properties":{"c":"farmland","n":"Paddy"},"geometry":{"type":"MultiPolygon","coordinates":[[[[80.2953,7.23563],[80.2954,7.23572],[80.29585,7.23578],[80.2959,7.23612],[80.29608,7.23611],[80.29611,7.23601],[80.29619,7.23595],[80.29639,7.2359],[80.29676,7.23569],[80.29711,7.2356],[80.29723,7.23552],[80.29763,7.23554],[80.29803,7.23578],[80.29823,7.23597],[80.29858,7.23608],[80.29885,7.23606],[80.29883,7.23592],[80.29851,7.23541],[80.29853,7.23517],[80.29846,7.23511],[80.29855,7.23498],[80.29847,7.23491],[80.29851,7.23475],[80.29846,7.23474],[80.29842,7.23453],[80.29828,7.23453],[80.29817,7.23459],[80.2982,7.23469],[80.29797,7.23495],[80.29789,7.23495],[80.29762,7.23465],[80.29758,7.23434],[80.29696,7.23386],[80.29686,7.23424],[80.29662,7.2344],[80.29661,7.23448],[80.29649,7.23452],[80.29644,7.23493],[80.29651,7.235],[80.29647,7.23511],[80.29628,7.23509],[80.29608,7.23527],[80.29554,7.23551],[80.29539,7.2355],[80.2953,7.23563]]],[[[80.29894,7.23617],[80.29898,7.23681],[80.29905,7.23694],[80.29946,7.23697],[80.29956,7.23678],[80.30013,7.23668],[80.30017,7.2367],[80.30015,7.23723],[80.30041,7.2372],[80.30044,7.23696],[80.30052,7.23688],[80.30084,7.23703],[80.30111,7.23699],[80.30121,7.23704],[80.30123,7.23712],[80.30146,7.2371],[80.30156,7.23701],[80.30157,7.23685],[80.30144,7.23639],[80.30116,7.23634],[80.30109,7.23623],[80.30103,7.23625],[80.30093,7.23602],[80.30095,7.23591],[80.30067,7.23601],[80.30066,7.23594],[80.30056,7.23587],[80.30027,7.23588],[80.30023,7.23582],[80.30029,7.23579],[80.30025,7.23574],[80.30027,7.23565],[80.30009,7.23553],[80.29992,7.2357],[80.30001,7.23578],[80.29994,7.23581],[80.29999,7.23595],[80.29982,7.23607],[80.29961,7.23593],[80.29921,7.23625],[80.29899,7.23614],[80.29894,7.23617]],[[80.30013,7.23642],[80.30015,7.23638],[80.3005,7.23636],[80.30057,7.23646],[80.30043,7.23651],[80.30013,7.23642]]]]}},{"type":"Feature","properties":{"c":"farmyard","n":"Paddy"},"geometry":{"type":"Polygon","coordinates":[[[80.2953,7.23563],[80.2954,7.23572],[80.29585,7.23578],[80.2959,7.23612],[80.29608,7.23611],[80.29611,7.23601],[80.29619,7.23595],[80.29639,7.2359],[80.29676,7.23569],[80.29711,7.2356],[80.29723,7.23552],[80.29763,7.23554],[80.29803,7.23578],[80.29823,7.23597],[80.29858,7.23608],[80.29885,7.23606],[80.29883,7.23592],[80.29851,7.23541],[80.29853,7.23517],[80.29846,7.23511],[80.29855,7.23498],[80.29847,7.23491],[80.29851,7.23475],[80.29846,7.23474],[80.29842,7.23453],[80.29828,7.23453],[80.29817,7.23459],[80.2982,7.23469],[80.29797,7.23495],[80.29789,7.23495],[80.29762,7.23465],[80.29758,7.23434],[80.29696,7.23386],[80.29686,7.23424],[80.29662,7.2344],[80.29661,7.23448],[80.29649,7.23452],[80.29644,7.23493],[80.29651,7.235],[80.29647,7.23511],[80.29628,7.23509],[80.29608,7.23527],[80.29554,7.23551],[80.29539,7.2355],[80.2953,7.23563]]]}},{"type":"Feature","properties":{"c":"farmland","n":"Paddy"},"geometry":{"type":"Polygon","coordinates":[[[80.29699,7.23383],[80.29746,7.23425],[80.29758,7.23431],[80.29771,7.23395],[80.29793,7.23385],[80.29806,7.23384],[80.2981,7.23388],[80.29823,7.23377],[80.29842,7.23376],[80.29847,7.23366],[80.29848,7.23346],[80.29855,7.23339],[80.29854,7.23325],[80.29838,7.23323],[80.29822,7.23314],[80.29813,7.23319],[80.29809,7.23331],[80.29784,7.23347],[80.29778,7.23347],[80.29765,7.23335],[80.29754,7.23338],[80.29699,7.23383]]]}},{"type":"Feature","properties":{"c":"farmland"},"geometry":{"type":"Polygon","coordinates":[[[80.48019,7.24795],[80.48044,7.24822],[80.48076,7.24822],[80.48093,7.24774],[80.48073,7.24748],[80.48046,7.24739],[80.48029,7.24749],[80.48019,7.24795]]]}},{"type":"Feature","properties":{"c":"cemetery","n":"Kiringadeniya Burial Ground"},"geometry":{"type":"Polygon","coordinates":[[[80.44433,7.24803],[80.44506,7.2481],[80.44519,7.24803],[80.44518,7.24787],[80.44531,7.2472],[80.44481,7.24719],[80.44455,7.2471],[80.44433,7.24803]]]}},{"type":"Feature","properties":{"c":"industrial","n":"Mawanella Bus Depot"},"geometry":{"type":"Polygon","coordinates":[[[80.45078,7.25093],[80.45087,7.2512],[80.45118,7.2512],[80.45122,7.25131],[80.45138,7.25126],[80.45134,7.2511],[80.45182,7.25096],[80.45176,7.25078],[80.45154,7.25064],[80.45078,7.25093]]]}}]}